iter,t,j,argmax_state,max_prob
,0,0,2,0.50933504
,0,1,0,1.0
,0,2,0,1.0
,0,3,0,1.0
,1,0,0,0.8175199
,1,1,2,1.0
,1,2,0,0.75962657
,1,3,0,0.71278393
,2,0,0,0.75836384
,2,1,0,0.7831949
,2,2,0,0.71063906
,2,3,2,1.0
,3,0,0,0.71063346
,3,1,0,0.758226
,3,2,2,1.0
,3,3,0,0.7831926
,4,0,2,1.0
,4,1,0,0.73251677
,4,2,0,0.781337
,4,3,0,0.75768405
,5,0,1,0.8614221
,5,1,3,1.0
,5,2,1,0.57138
,5,3,1,0.51116896
,6,0,0,0.68617773
,6,1,0,0.8526055
,6,2,2,1.0
,6,3,0,0.7521084
,7,0,2,1.0
,7,1,1,0.5570469
,7,2,1,0.855235
,7,3,0,0.5012837
,8,0,0,0.7251498
,8,1,2,1.0
,8,2,0,0.7496771
,8,3,0,0.7522909
,9,0,2,1.0
,9,1,1,0.85611564
,9,2,1,0.5006132
,9,3,1,0.57652396
,10,0,1,0.8841392
,10,1,1,0.51739347
,10,2,1,0.5090938
,10,3,2,1.0
,11,0,2,1.0
,11,1,0,0.75392395
,11,2,0,0.6950321
,11,3,0,0.78218204
,12,0,1,0.745546
,12,1,0,0.5555435
,12,2,2,1.0
,12,3,0,0.5562271
,13,0,2,1.0
,13,1,0,0.75328124
,13,2,0,0.7587675
,13,3,0,0.7544722
,14,0,1,0.86152625
,14,1,1,0.57232773
,14,2,3,1.0
,14,3,1,0.5114874
,15,0,0,0.68619496
,15,1,2,1.0
,15,2,0,0.8533611
,15,3,0,0.7520879
,16,0,2,1.0
,16,1,1,0.8895325
,16,2,0,0.50163335
,16,3,0,0.5005794
,17,0,1,0.85712737
,17,1,2,1.0
,17,2,1,0.5700256
,17,3,1,0.5100754
,18,0,0,0.750544
,18,1,0,0.78197384
,18,2,2,1.0
,18,3,0,0.70643806
,19,0,0,0.7572483
,19,1,0,0.69715613
,19,2,0,0.7823906
,19,3,2,1.0
,20,0,0,0.50168437
,20,1,2,1.0
,20,2,0,0.50307107
,20,3,1,0.8826234
,21,0,0,0.7064331
,21,1,0,0.7818821
,21,2,0,0.7545118
,21,3,2,1.0
,22,0,2,1.0
,22,1,0,0.69978637
,22,2,0,0.75786424
,22,3,0,0.7829047
,23,0,1,0.74555075
,23,1,2,1.0
,23,2,0,0.55571574
,23,3,0,0.5563055
,24,0,2,1.0
,24,1,0,0.725234
,24,2,0,0.7544107
,24,3,0,0.7544174
,25,0,1,0.8894885
,25,1,2,1.0
,25,2,0,0.50077033
,25,3,0,0.5007707
,26,0,2,1.0
,26,1,1,0.9091208
,26,2,1,0.5091238
,26,3,1,0.50911516
,27,0,0,0.7359115
,27,1,3,1.0
,27,2,0,0.75172794
,27,3,0,0.75228095
,28,0,2,1.0
,28,1,0,0.8538959
,28,2,0,0.7091755
,28,3,0,0.756968
,29,0,0,0.6842598
,29,1,0,0.7584962
,29,2,2,1.0
,29,3,0,0.75794846
,30,0,3,1.0
,30,1,0,0.70567095
,30,2,0,0.77893984
,30,3,0,0.75388765
,31,0,0,0.85353076
,31,1,2,1.0
,31,2,0,0.7095146
,31,3,0,0.75695807
,32,0,0,0.71182954
,32,1,0,0.78269583
,32,2,2,1.0
,32,3,0,0.7582137
,33,0,2,1.0
,33,1,0,0.7109424
,33,2,0,0.7831965
,33,3,0,0.7582368
,34,0,0,0.7388378
,34,1,2,1.0
,34,2,0,0.75786024
,34,3,0,0.7582634
,35,0,2,1.0
,35,1,0,0.78239864
,35,2,0,0.6968249
,35,3,0,0.75736004
,36,0,1,0.90783787
,36,1,0,0.5023234
,36,2,2,1.0
,36,3,0,0.5016777
,37,0,3,1.0
,37,1,0,0.7524215
,37,2,0,0.7359394
,37,3,0,0.7524077
,38,0,0,0.8206667
,38,1,0,0.7572499
,38,2,2,1.0
,38,3,0,0.75670856
,39,0,2,1.0
,39,1,0,0.7582601
,39,2,0,0.78323853
,39,3,0,0.7106574
,40,0,0,0.73884773
,40,1,0,0.7577326
,40,2,0,0.75855553
,40,3,2,1.0
,41,0,2,1.0
,41,1,0,0.71064353
,41,2,0,0.758257
,41,3,0,0.7832178
,42,0,0,0.73883116
,42,1,2,1.0
,42,2,0,0.7582767
,42,3,0,0.75855976
,43,0,2,1.0
,43,1,0,0.6842664
,43,2,0,0.75798404
,43,3,0,0.75799507
,44,0,0,0.73452324
,44,1,3,1.0
,44,2,0,0.7532782
,44,3,0,0.7539544
,45,0,2,1.0
,45,1,0,0.8537282
,45,2,0,0.6979557
,45,3,0,0.7566194
,46,0,1,0.79267365
,46,1,0,0.555388
,46,2,2,1.0
,46,3,0,0.5547207
,47,0,3,1.0
,47,1,0,0.6462843
,47,2,0,0.7799391
,47,3,0,0.7520932
,48,0,0,0.8206691
,48,1,3,1.0
,48,2,0,0.7526892
,48,3,0,0.7523619
,49,0,2,1.0
,49,1,0,0.810823
,49,2,0,0.7564629
,49,3,0,0.75642794
,50,0,1,0.90769124
,50,1,2,1.0
,50,2,0,0.5018039
,50,3,0,0.50016326
,51,0,3,1.0
,51,1,0,0.779637
,51,2,0,0.75173455
,51,3,0,0.64602005
,52,0,0,0.85394853
,52,1,0,0.7037471
,52,2,0,0.7512938
,52,3,3,1.0
,53,0,0,0.75808984
,53,1,2,1.0
,53,2,0,0.7091253
,53,3,0,0.8538963
,54,0,0,0.7579607
,54,1,0,0.68425786
,54,2,2,1.0
,54,3,0,0.7584962
,55,0,0,0.7538649
,55,1,3,1.0
,55,2,0,0.77944386
,55,3,0,0.70568985
,56,0,0,0.75493723
,56,1,0,0.8107897
,56,2,0,0.75667644
,56,3,2,1.0
,57,0,1,0.5763186
,57,1,2,1.0
,57,2,1,0.5002671
,57,3,1,0.85606223
,58,0,2,1.0
,58,1,1,0.8841406
,58,2,1,0.5081867
,58,3,1,0.5183398
,59,0,0,0.7802726
,59,1,2,1.0
,59,2,0,0.75340664
,59,3,0,0.6921495
,60,0,1,0.5759113
,60,1,1,0.85658765
,60,2,1,0.5006056
,60,3,2,1.0
,61,0,2,1.0
,61,1,1,0.5517567
,61,2,1,0.5097324
,61,3,1,0.8573293
,62,0,1,0.8875611
,62,1,3,1.0
,62,2,1,0.51818866
,62,3,1,0.5265525
,63,0,2,1.0
,63,1,0,0.85389763
,63,2,0,0.7045613
,63,3,0,0.7527208
,64,0,0,0.7388065
,64,1,0,0.758153
,64,2,2,1.0
,64,3,0,0.7581959
,65,0,2,1.0
,65,1,0,0.6527588
,65,2,0,0.782901
,65,3,0,0.75789046
,66,0,0,0.7346954
,66,1,3,1.0
,66,2,0,0.75386286
,66,3,0,0.7541217
,67,0,2,1.0
,67,1,0,0.8538979
,67,2,0,0.70922065
,67,3,0,0.75698173
,68,0,0,0.7388472
,68,1,0,0.7593401
,68,2,2,1.0
,68,3,0,0.7582281
,69,0,2,1.0
,69,1,0,0.7574239
,69,2,0,0.7593691
,69,3,0,0.7562521
,70,0,1,0.8610727
,70,1,1,0.5121431
,70,2,3,1.0
,70,3,1,0.57223576
,71,0,0,0.74850404
,71,1,0,0.7048356
,71,2,0,0.85390127
,71,3,2,1.0
,72,0,0,0.7104887
,72,1,2,1.0
,72,2,0,0.758769
,72,3,0,0.7831908
,73,0,2,1.0
,73,1,0,0.78319305
,73,2,0,0.71064055
,73,3,0,0.7585085
,74,0,0,0.75923175
,74,1,0,0.7577048
,74,2,2,1.0
,74,3,0,0.7574243
,75,0,3,1.0
,75,1,1,0.510851
,75,2,1,0.8877039
,75,3,1,0.5108584
,76,0,0,0.77843213
,76,1,0,0.75326985
,76,2,2,1.0
,76,3,0,0.75326973
,77,0,3,1.0
,77,1,0,0.7535789
,77,2,0,0.73423606
,77,3,0,0.75357884
,78,0,0,0.8206873
,78,1,0,0.75726074
,78,2,2,1.0
,78,3,0,0.75725204
,79,0,2,1.0
,79,1,0,0.75903374
,79,2,0,0.78392154
,79,3,0,0.75827134
,80,0,2,1.0
,80,1,0,0.68342644
,80,2,0,0.6838338
,80,3,0,0.6283041
,81,0,0,0.75904894
,81,1,0,0.7563718
,81,2,0,0.7563768
,81,3,2,1.0
,82,0,3,1.0
,82,1,1,0.5109235
,82,2,1,0.5109008
,82,3,1,0.8877073
,83,0,0,0.8107991
,83,1,0,0.75089747
,83,2,0,0.75235975
,83,3,2,1.0
,84,0,2,1.0
,84,1,1,0.576442
,84,2,1,0.50043005
,84,3,1,0.85609543
,85,0,1,0.872839
,85,1,2,1.0
,85,2,1,0.5094288
,85,3,1,0.5202253
,86,0,3,1.0
,86,1,1,0.85997385
,86,2,1,0.51594305
,86,3,1,0.5768801
,87,0,0,0.82067466
,87,1,0,0.7494188
,87,2,0,0.7528145
,87,3,2,1.0
,88,0,2,1.0
,88,1,0,0.75815177
,88,2,0,0.7106089
,88,3,0,0.7832272
,89,0,0,0.7593509
,89,1,0,0.75623536
,89,2,2,1.0
,89,3,0,0.7576929
,90,0,3,1.0
,90,1,1,0.5721992
,90,2,1,0.8610652
,90,3,1,0.5113947
,91,0,0,0.82066834
,91,1,2,1.0
,91,2,0,0.74939334
,91,3,0,0.7527052
,92,0,2,1.0
,92,1,0,0.78241104
,92,2,0,0.75729203
,92,3,0,0.6968233
,93,0,1,0.88263243
,93,1,0,0.5021126
,93,2,0,0.50240475
,93,3,2,1.0
,94,0,2,1.0
,94,1,0,0.6925279
,94,2,0,0.7535755
,94,3,0,0.7816686
,95,0,1,0.8826326
,95,1,2,1.0
,95,2,0,0.5015654
,95,3,0,0.5030282
,96,0,2,1.0
,96,1,0,0.78250384
,96,2,0,0.7064218
,96,3,0,0.75451195
,97,0,0,0.6842628
,97,1,0,0.7582427
,97,2,2,1.0
,97,3,0,0.75737005
,98,0,3,1.0
,98,1,0,0.75387526
,98,2,0,0.77944946
,98,3,0,0.7056759
,99,0,0,0.8125403
,99,1,0,0.75554097
,99,2,0,0.75718623
,99,3,2,1.0
,100,0,2,1.0
,100,1,1,0.5272898
,100,2,0,0.54918605
,100,3,1,0.69967717
,101,0,1,0.85755634
,101,1,2,1.0
,101,2,1,0.50893325
,101,3,1,0.5909751
,102,0,1,0.51840717
,102,1,1,0.88987285
,102,2,1,0.5093354
,102,3,2,1.0
,103,0,0,0.5341671
,103,1,2,1.0
,103,2,0,0.53596836
,103,3,1,0.7261981
,104,0,1,0.57618564
,104,1,1,0.8606356
,104,2,1,0.5154295
,104,3,3,1.0
,105,0,2,1.0
,105,1,0,0.7003476
,105,2,0,0.7530103
,105,3,0,0.8534331
,106,0,0,0.7823539
,106,1,2,1.0
,106,2,0,0.7566371
,106,3,0,0.69805694
,107,0,0,0.50142026
,107,1,1,0.85716355
,107,2,1,0.5315732
,107,3,2,1.0
,108,0,1,0.51967263
,108,1,1,0.650323
,108,2,3,1.0
,108,3,1,0.8614204
,109,0,0,0.700437
,109,1,3,1.0
,109,2,0,0.85394263
,109,3,0,0.74515253
,110,0,2,1.0
,110,1,0,0.8540984
,110,2,0,0.7590505
,110,3,0,0.7573805
,111,0,2,1.0
,111,1,0,0.66476196
,111,2,0,0.6631104
,111,3,0,0.6331469
,112,0,1,0.887758
,112,1,1,0.51434296
,112,2,1,0.51343924
,112,3,3,1.0
,113,0,2,1.0
,113,1,0,0.69055164
,113,2,0,0.7519016
,113,3,0,0.85260725
,114,0,1,0.85522604
,114,1,2,1.0
,114,2,0,0.5013196
,114,3,1,0.5570266
,115,0,0,0.7506375
,115,1,0,0.73819274
,115,2,0,0.7547021
,115,3,2,1.0
,116,0,0,0.7573466
,116,1,2,1.0
,116,2,0,0.75794756
,116,3,0,0.68428546
,117,0,0,0.7056759
,117,1,0,0.7794442
,117,2,0,0.7538819
,117,3,3,1.0
,118,0,2,1.0
,118,1,0,0.75670546
,118,2,0,0.7564275
,118,3,0,0.8108247
,119,0,1,0.9077727
,119,1,0,0.5010862
,119,2,0,0.5018283
,119,3,2,1.0
,120,0,3,1.0
,120,1,0,0.70391715
,120,2,0,0.75232226
,120,3,0,0.7800165
,121,0,0,0.8533854
,121,1,2,1.0
,121,2,0,0.7548535
,121,3,0,0.6956406
,122,0,0,0.5039533
,122,1,1,0.85558385
,122,2,1,0.55949277
,122,3,2,1.0
,123,0,0,0.754671
,123,1,0,0.702057
,123,2,2,1.0
,123,3,0,0.7826265
,124,0,0,0.7579651
,124,1,2,1.0
,124,2,0,0.7388508
,124,3,0,0.7585059
,125,0,0,0.7351673
,125,1,0,0.7823466
,125,2,2,1.0
,125,3,0,0.75492185
,126,0,3,1.0
,126,1,1,0.5208506
,126,2,1,0.94520175
,126,3,1,0.6442868
,127,0,0,0.82065445
,127,1,0,0.74905854
,127,2,0,0.744638
,127,3,3,1.0
,128,0,2,1.0
,128,1,0,0.7091772
,128,2,0,0.75620407
,128,3,0,0.85389286
,129,0,0,0.7823628
,129,1,2,1.0
,129,2,0,0.69682026
,129,3,0,0.7584075
,130,0,0,0.50181514
,130,1,1,0.869493
,130,2,2,1.0
,130,3,0,0.5011989
,131,0,1,0.52702415
,131,1,3,1.0
,131,2,1,0.9562313
,131,3,1,0.52701765
,132,0,0,0.7504225
,132,1,0,0.8101604
,132,2,2,1.0
,132,3,0,0.7519127
,133,0,1,0.5939986
,133,1,2,1.0
,133,2,1,0.9438841
,133,3,1,0.51848537
,134,0,2,1.0
,134,1,1,0.89133173
,134,2,1,0.5217113
,134,3,1,0.51068646
,135,0,1,0.9509408
,135,1,2,1.0
,135,2,1,0.52667624
,135,3,1,0.5263846
,136,0,3,1.0
,136,1,1,0.8866127
,136,2,1,0.5153656
,136,3,1,0.51535743
,137,0,0,0.8361337
,137,1,2,1.0
,137,2,0,0.75213486
,137,3,0,0.7521672
,138,0,3,1.0
,138,1,1,0.88789696
,138,2,1,0.5130753
,138,3,1,0.51142895
,139,0,0,0.85393506
,139,1,2,1.0
,139,2,0,0.645891
,139,3,0,0.75233144
,140,0,0,0.75524366
,140,1,0,0.73472553
,140,2,3,1.0
,140,3,0,0.75406307
,141,0,0,0.75640696
,141,1,2,1.0
,141,2,0,0.8108314
,141,3,0,0.75643086
,142,0,1,0.50110763
,142,1,1,0.88947874
,142,2,2,1.0
,142,3,0,0.5008604
,143,0,1,0.586983
,143,1,2,1.0
,143,2,1,0.8589783
,143,3,1,0.51119846
,144,0,2,1.0
,144,1,1,0.8579905
,144,2,1,0.59652424
,144,3,1,0.5114145
,145,0,1,0.95556754
,145,1,1,0.5351969
,145,2,2,1.0
,145,3,1,0.52509594
,146,0,2,1.0
,146,1,0,0.6918989
,146,2,0,0.7805163
,146,3,0,0.7531828
,147,0,1,0.85523194
,147,1,2,1.0
,147,2,1,0.55886644
,147,3,0,0.50133157
,148,0,0,0.75062436
,148,1,0,0.738208
,148,2,2,1.0
,148,3,0,0.7541513
,149,0,0,0.7569679
,149,1,2,1.0
,149,2,0,0.7832137
,149,3,0,0.71055967
,150,0,0,0.6527175
,150,1,0,0.782891
,150,2,0,0.7581563
,150,3,2,1.0
,151,0,3,1.0
,151,1,0,0.754407
,151,2,0,0.7541195
,151,3,0,0.7347144
,152,0,0,0.8108522
,152,1,0,0.7564421
,152,2,0,0.75643885
,152,3,2,1.0
,153,0,2,1.0
,153,1,0,0.5013963
,153,2,0,0.50139624
,153,3,1,0.8711983
,154,0,1,0.8867516
,154,1,1,0.5150067
,154,2,1,0.51500666
,154,3,3,1.0
,155,0,2,1.0
,155,1,0,0.7523639
,155,2,0,0.75237787
,155,3,0,0.81086224
,156,0,1,0.88255394
,156,1,0,0.50173825
,156,2,0,0.50246906
,156,3,2,1.0
,157,0,2,1.0
,157,1,0,0.706442
,157,2,0,0.75396186
,157,3,0,0.78249997
,158,0,0,0.78255445
,158,1,2,1.0
,158,2,0,0.71055704
,158,3,0,0.7584973
,159,0,0,0.6971682
,159,1,0,0.78239334
,159,2,2,1.0
,159,3,0,0.7573552
,160,0,2,1.0
,160,1,0,0.5030746
,160,2,1,0.8826217
,160,3,0,0.502393
,161,0,0,0.7249231
,161,1,0,0.7535931
,161,2,2,1.0
,161,3,0,0.7512008
,162,0,2,1.0
,162,1,1,0.50144744
,162,2,1,0.85617816
,162,3,1,0.6255856
,163,0,0,0.7799111
,163,1,0,0.7028944
,163,2,0,0.7465837
,163,3,3,1.0
,164,0,0,0.756324
,164,1,2,1.0
,164,2,0,0.6952045
,164,3,0,0.85259855
,165,0,0,0.50105375
,165,1,1,0.8552238
,165,2,2,1.0
,165,3,1,0.55700403
,166,0,0,0.7286956
,166,1,0,0.74973327
,166,2,0,0.7807737
,166,3,2,1.0
,167,0,3,1.0
,167,1,1,0.51231354
,167,2,1,0.5713837
,167,3,1,0.86096466
,168,0,0,0.85260546
,168,1,0,0.6907969
,168,2,2,1.0
,168,3,0,0.74808854
,169,0,1,0.55704063
,169,1,2,1.0
,169,2,1,0.8552322
,169,3,0,0.5011909
,170,0,2,1.0
,170,1,0,0.7251919
,170,2,0,0.7497129
,170,3,0,0.7526155
,171,0,1,0.85556847
,171,1,2,1.0
,171,2,0,0.5013129
,171,3,1,0.5595165
,172,0,0,0.7020485
,172,1,0,0.7826194
,172,2,0,0.7546352
,172,3,2,1.0
,173,0,2,1.0
,173,1,0,0.7576516
,173,2,0,0.75727236
,173,3,0,0.725909
,174,0,1,0.8710198
,174,1,0,0.5011577
,174,2,1,0.50207496
,174,3,2,1.0
,175,0,3,1.0
,175,1,1,0.5169087
,175,2,1,0.6398637
,175,3,1,0.86089444
,176,0,0,0.8535744
,176,1,0,0.74915266
,176,2,3,1.0
,176,3,0,0.6958668
,177,0,0,0.710451
,177,1,0,0.7563459
,177,2,0,0.85389435
,177,3,2,1.0
,178,0,2,1.0
,178,1,0,0.7105928
,178,2,0,0.7587729
,178,3,0,0.78318727
,179,0,0,0.78319305
,179,1,2,1.0
,179,2,0,0.71062124
,179,3,0,0.7578218
,180,0,0,0.7576185
,180,1,0,0.78130627
,180,2,2,1.0
,180,3,0,0.69678944
,181,0,0,0.5014723
,181,1,1,0.55883336
,181,2,1,0.85558903
,181,3,2,1.0
,182,0,0,0.7546484
,182,1,2,1.0
,182,2,0,0.7020337
,182,3,0,0.7826235
,183,0,0,0.7579254
,183,1,0,0.6842634
,183,2,2,1.0
,183,3,0,0.75768864
,184,0,0,0.7538873
,184,1,3,1.0
,184,2,0,0.77893984
,184,3,0,0.70566046
,185,0,0,0.75694454
,185,1,0,0.85353065
,185,2,0,0.70951426
,185,3,2,1.0
,186,0,0,0.7570181
,186,1,0,0.71179736
,186,2,2,1.0
,186,3,0,0.7831888
,187,0,0,0.6527443
,187,1,2,1.0
,187,2,0,0.7828896
,187,3,0,0.7576002
,188,0,3,1.0
,188,1,0,0.7790837
,188,2,0,0.7543439
,188,3,0,0.70584536
,189,0,0,0.853889
,189,1,0,0.7095193
,189,2,0,0.75696385
,189,3,2,1.0
,190,0,0,0.75815773
,190,1,2,1.0
,190,2,0,0.7582485
,190,3,0,0.73881084
,191,0,0,0.65278053
,191,1,0,0.7823917
,191,2,0,0.75788915
,191,3,2,1.0
,192,0,3,1.0
,192,1,0,0.7061922
,192,2,0,0.7540575
,192,3,0,0.77959114
,193,0,0,0.778444
,193,1,2,1.0
,193,2,0,0.7572713
,193,3,0,0.757006
,194,0,3,1.0
,194,1,0,0.77850896
,194,2,0,0.7535263
,194,3,0,0.7052715
,195,0,0,0.8533648
,195,1,0,0.69556844
,195,2,0,0.754537
,195,3,2,1.0
,196,0,0,0.5020177
,196,1,2,1.0
,196,2,1,0.57657003
,196,3,1,0.85692257
,197,0,1,0.50896937
,197,1,1,0.8573393
,197,2,2,1.0
,197,3,1,0.57882
,198,0,0,0.7545095
,198,1,0,0.70201194
,198,2,0,0.78211105
,198,3,2,1.0
,199,0,0,0.75818956
,199,1,2,1.0
,199,2,0,0.7109295
,199,3,0,0.78319633
,200,0,0,0.7582491
,200,1,0,0.73885345
,200,2,2,1.0
,200,3,0,0.7582641
,201,0,0,0.7562427
,201,1,2,1.0
,201,2,0,0.7824384
,201,3,0,0.73253626
,202,0,1,0.57206035
,202,1,1,0.8617511
,202,2,1,0.51051116
,202,3,3,1.0
,203,0,2,1.0
,203,1,0,0.6411757
,203,2,0,0.7525246
,203,3,0,0.8539336
,204,0,0,0.7347453
,204,1,3,1.0
,204,2,0,0.7540901
,204,3,0,0.7552687
,205,0,2,1.0
,205,1,0,0.82065296
,205,2,0,0.7572691
,205,3,0,0.7572825
,206,0,0,0.6842915
,206,1,2,1.0
,206,2,0,0.75800574
,206,3,0,0.75800586
,207,0,3,1.0
,207,1,0,0.7345531
,207,2,0,0.7539532
,207,3,0,0.75395334
,208,0,0,0.8108533
,208,1,2,1.0
,208,2,0,0.75645995
,208,3,0,0.7564599
,209,0,2,1.0
,209,1,1,0.8825377
,209,2,0,0.50261956
,209,3,0,0.5026196
,210,0,0,0.73804605
,210,1,2,1.0
,210,2,0,0.75456464
,210,3,0,0.75456464
,211,0,2,1.0
,211,1,0,0.68426114
,211,2,0,0.75794756
,211,3,0,0.75794756
,212,0,0,0.7345571
,212,1,3,1.0
,212,2,0,0.75395507
,212,3,0,0.75396115
,213,0,2,1.0
,213,1,0,0.82066643
,213,2,0,0.7567204
,213,3,0,0.7572541
,214,0,0,0.78322846
,214,1,2,1.0
,214,2,0,0.7106411
,214,3,0,0.757568
,215,0,0,0.75759965
,215,1,0,0.781057
,215,2,2,1.0
,215,3,0,0.696748
,216,0,0,0.5003385
,216,1,1,0.57308346
,216,2,1,0.85576063
,216,3,2,1.0
,217,0,0,0.53932875
,217,1,2,1.0
,217,2,0,0.5307666
,217,3,1,0.7467089
,218,0,0,0.7551246
,218,1,0,0.73820406
,218,2,0,0.75448245
,218,3,2,1.0
,219,0,0,0.75820845
,219,1,2,1.0
,219,2,0,0.71059126
,219,3,0,0.78319687
,220,0,0,0.7573857
,220,1,0,0.72586876
,220,2,2,1.0
,220,3,0,0.75651586
,221,0,0,0.50152147
,221,1,2,1.0
,221,2,1,0.85520726
,221,3,1,0.55940425
,222,0,0,0.75378484
,222,1,0,0.725191
,222,2,0,0.74853265
,222,3,2,1.0
,223,0,0,0.50141776
,223,1,2,1.0
,223,2,1,0.55962
,223,3,1,0.8555686
,224,0,0,0.754637
,224,1,0,0.7826194
,224,2,2,1.0
,224,3,0,0.7020483
,225,0,0,0.75733024
,225,1,0,0.7576488
,225,2,0,0.7258896
,225,3,2,1.0
,226,0,0,0.5008575
,226,1,0,0.5008849
,226,2,2,1.0
,226,3,1,0.8894659
,227,0,1,0.5092196
,227,1,1,0.5084804
,227,2,1,0.8842614
,227,3,2,1.0
,228,0,0,0.70628154
,228,1,0,0.7543485
,228,2,2,1.0
,228,3,0,0.7818465
,229,0,2,1.0
,229,1,0,0.7558083
,229,2,0,0.78234196
,229,3,0,0.6970537
,230,0,1,0.8561439
,230,1,1,0.5765225
,230,2,0,0.5001927
,230,3,2,1.0
,231,0,1,0.51803535
,231,1,2,1.0
,231,2,1,0.5087993
,231,3,1,0.90902054
,232,0,0,0.7521822
,232,1,0,0.73593557
,232,2,0,0.75228876
,232,3,3,1.0
,233,0,0,0.7572498
,233,1,2,1.0
,233,2,0,0.7572511
,233,3,0,0.82066834
,234,0,0,0.7582977
,234,1,0,0.73889226
,234,2,0,0.7583038
,234,3,2,1.0
,235,0,0,0.75775
,235,1,2,1.0
,235,2,0,0.7582899
,235,3,0,0.7388642
,236,0,0,0.71063864
,236,1,0,0.7827158
,236,2,0,0.75825226
,236,3,2,1.0
,237,0,2,1.0
,237,1,0,0.710907
,237,2,0,0.75823456
,237,3,0,0.7820954
,238,0,0,0.7828924
,238,1,2,1.0
,238,2,0,0.757874
,238,3,0,0.6530715
,239,0,0,0.7544141
,239,1,0,0.7347172
,239,2,0,0.75412333
,239,3,3,1.0
,240,0,0,0.7572643
,240,1,2,1.0
,240,2,0,0.7572671
,240,3,0,0.8206682
,241,0,0,0.75776196
,241,1,0,0.7388877
,241,2,0,0.7583018
,241,3,2,1.0
,242,0,0,0.71064395
,242,1,2,1.0
,242,2,0,0.7582543
,242,3,0,0.7832122
,243,0,2,1.0
,243,1,0,0.73884726
,243,2,0,0.75827235
,243,3,0,0.7580156
,244,0,0,0.78211004
,244,1,2,1.0
,244,2,0,0.758251
,244,3,0,0.7106115
,245,0,0,0.6531016
,245,1,0,0.78237665
,245,2,0,0.75785846
,245,3,2,1.0
,246,0,3,1.0
,246,1,0,0.7061225
,246,2,0,0.75282955
,246,3,0,0.77958775
,247,0,0,0.85354894
,247,1,2,1.0
,247,2,0,0.65105814
,247,3,0,0.7567955
,248,0,0,0.7070765
,248,1,0,0.7789344
,248,2,3,1.0
,248,3,0,0.7540283
,249,0,2,1.0
,249,1,0,0.6956817
,249,2,0,0.8533931
,249,3,0,0.7560503
,250,0,1,0.88260967
,250,1,2,1.0
,250,2,0,0.5049301
,250,3,0,0.502423
,251,0,2,1.0
,251,1,0,0.7380668
,251,2,0,0.7545821
,251,3,0,0.75455964
,252,0,0,0.73886234
,252,1,2,1.0
,252,2,0,0.7577058
,252,3,0,0.75824535
,253,0,2,1.0
,253,1,0,0.7832178
,253,2,0,0.7106435
,253,3,0,0.75825346
,254,0,0,0.7388525
,254,1,0,0.7585575
,254,2,2,1.0
,254,3,0,0.7582745
,255,0,2,1.0
,255,1,0,0.7582949
,255,2,0,0.73886913
,255,3,0,0.7582916
,256,0,0,0.73886913
,256,1,0,0.7582919
,256,2,2,1.0
,256,3,0,0.7582919
,257,0,2,1.0
,257,1,0,0.7582857
,257,2,0,0.73886895
,257,3,0,0.7582919
,258,0,0,0.7388643
,258,1,0,0.7577498
,258,2,2,1.0
,258,3,0,0.75828964
,259,0,2,1.0
,259,1,0,0.71064395
,259,2,0,0.7832178
,259,3,0,0.75825393
,260,0,0,0.7388523
,260,1,2,1.0
,260,2,0,0.7585575
,260,3,0,0.75826836
,261,0,2,1.0
,261,1,0,0.7388641
,261,2,0,0.7582926
,261,3,0,0.7577495
,262,0,0,0.78271604
,262,1,2,1.0
,262,2,0,0.7582521
,262,3,0,0.71063906
,263,0,0,0.71093374
,263,1,0,0.7831962
,263,2,0,0.75822896
,263,3,2,1.0
,264,0,2,1.0
,264,1,0,0.75768846
,264,2,0,0.7573906
,264,3,0,0.72592026
,265,0,1,0.8825985
,265,1,0,0.5024985
,265,2,0,0.5017521
,265,3,2,1.0
,266,0,2,1.0
,266,1,0,0.7545042
,266,2,0,0.7064479
,266,3,0,0.7825021
,267,0,0,0.73884404
,267,1,0,0.7576862
,267,2,2,1.0
,267,3,0,0.7585434
,268,0,2,1.0
,268,1,0,0.71064305
,268,2,0,0.7832178
,268,3,0,0.7582568
,269,0,0,0.7388459
,269,1,2,1.0
,269,2,0,0.75855553
,269,3,0,0.75827235
,270,0,2,1.0
,270,1,0,0.72837347
,270,2,0,0.7579721
,270,3,0,0.757956
,271,0,1,0.79283315
,271,1,2,1.0
,271,2,0,0.5550067
,271,3,0,0.55426496
,272,0,3,1.0
,272,1,0,0.780448
,272,2,0,0.7527118
,272,3,0,0.7043586
,273,0,0,0.8312674
,273,1,0,0.7556653
,273,2,0,0.7564863
,273,3,2,1.0
,274,0,3,1.0
,274,1,1,0.54520863
,274,2,0,0.5159536
,274,3,1,0.7013877
,275,0,0,0.820674
,275,1,2,1.0
,275,2,0,0.75324446
,275,3,0,0.7513011
,276,0,2,1.0
,276,1,0,0.78322953
,276,2,0,0.71060294
,276,3,0,0.7581889
,277,0,0,0.7258965
,277,1,0,0.7576555
,277,2,2,1.0
,277,3,0,0.75736976
,278,0,2,1.0
,278,1,0,0.5006243
,278,2,1,0.8898229
,278,3,0,0.5005649
,279,0,1,0.9583686
,279,1,1,0.52615225
,279,2,2,1.0
,279,3,1,0.52811474
,280,0,2,1.0
,280,1,1,0.5122409
,280,2,1,0.8591049
,280,3,1,0.58796364
,281,0,1,0.8578845
,281,1,1,0.5128296
,281,2,1,0.59573
,281,3,2,1.0
,282,0,1,0.5183598
,282,1,1,0.5701563
,282,2,2,1.0
,282,3,1,0.857004
,283,0,0,0.7541111
,283,1,2,1.0
,283,2,0,0.6834675
,283,3,0,0.7502477
,284,0,0,0.7539171
,284,1,0,0.7345576
,284,2,3,1.0
,284,3,0,0.75386596
,285,0,0,0.7572613
,285,1,2,1.0
,285,2,0,0.8206667
,285,3,0,0.7567198
,286,0,0,0.75824225
,286,1,0,0.78322834
,286,2,2,1.0
,286,3,0,0.7106602
,287,0,0,0.75623566
,287,1,0,0.7576786
,287,2,0,0.7593537
,287,3,2,1.0
,288,0,1,0.5722361
,288,1,1,0.51213634
,288,2,3,1.0
,288,3,1,0.8610727
,289,0,2,1.0
,289,1,0,0.70483583
,289,2,0,0.85390556
,289,3,0,0.74850386
,290,0,0,0.7831853
,290,1,2,1.0
,290,2,0,0.759301
,290,3,0,0.7104852
,291,0,0,0.75765777
,291,1,0,0.72589093
,291,2,0,0.7573489
,291,3,2,1.0
,292,0,0,0.50076216
,292,1,2,1.0
,292,2,1,0.5012134
,292,3,1,0.88952667
,293,0,1,0.51114327
,293,1,1,0.8587527
,293,2,1,0.586936
,293,3,2,1.0
,294,0,1,0.50937796
,294,1,1,0.57892853
,294,2,2,1.0
,294,3,1,0.85736775
,295,0,0,0.7542086
,295,1,2,1.0
,295,2,0,0.7826033
,295,3,0,0.702018
,296,0,0,0.7323348
,296,1,0,0.78241336
,296,2,0,0.75768375
,296,3,2,1.0
,297,0,3,1.0
,297,1,1,0.51093644
,297,2,1,0.51063776
,297,3,1,0.887638
,298,0,0,0.8533834
,298,1,0,0.6906195
,298,2,0,0.7519195
,298,3,2,1.0
,299,0,0,0.5032753
,299,1,2,1.0
,299,2,0,0.50066
,299,3,1,0.8894939
,300,0,1,0.50841486
,300,1,1,0.8842592
,300,2,1,0.5084827
,300,3,2,1.0
,301,0,0,0.7535267
,301,1,2,1.0
,301,2,0,0.7535263
,301,3,0,0.72508174
,302,0,0,0.50236046
,302,1,1,0.88260293
,302,2,0,0.5023784
,302,3,2,1.0
,303,0,0,0.75247186
,303,1,2,1.0
,303,2,0,0.7536389
,303,3,0,0.7250368
,304,0,1,0.5595091
,304,1,1,0.8552051
,304,2,0,0.5014206
,304,3,2,1.0
,305,0,2,1.0
,305,1,0,0.7499276
,305,2,0,0.75467515
,305,3,0,0.73819774
,306,0,0,0.78238976
,306,1,0,0.69670427
,306,2,0,0.75615436
,306,3,2,1.0
,307,0,0,0.5021022
,307,1,2,1.0
,307,2,1,0.5594569
,307,3,1,0.8552371
,308,0,0,0.7538387
,308,1,0,0.7587512
,308,2,2,1.0
,308,3,0,0.7485649
,309,0,1,0.51150537
,309,1,3,1.0
,309,2,1,0.86106914
,309,3,1,0.5724056
,310,0,0,0.75233674
,310,1,0,0.8126462
,310,2,0,0.74908257
,310,3,2,1.0
,311,0,0,0.50972193
,311,1,2,1.0
,311,2,0,0.5520843
,311,3,1,0.6986832
,312,0,3,1.0
,312,1,1,0.7014492
,312,2,0,0.51301587
,312,3,1,0.55435854
,313,0,0,0.8532802
,313,1,0,0.7246592
,313,2,0,0.75263697
,313,3,2,1.0
,314,0,1,0.50902855
,314,1,3,1.0
,314,2,1,0.51071835
,314,3,1,0.8876187
,315,0,0,0.6905765
,315,1,0,0.85238886
,315,2,0,0.7518985
,315,3,2,1.0
,316,0,2,1.0
,316,1,1,0.5741892
,316,2,1,0.50067985
,316,3,1,0.8571508
,317,0,1,0.8578459
,317,1,2,1.0
,317,2,1,0.51086694
,317,3,1,0.59553164
,318,0,1,0.5187367
,318,1,1,0.8729399
,318,2,1,0.5097262
,318,3,2,1.0
,319,0,1,0.5165216
,319,1,3,1.0
,319,2,1,0.5153397
,319,3,1,0.8867837
,320,0,0,0.69054157
,320,1,0,0.8533958
,320,2,0,0.751891
,320,3,2,1.0
,321,0,2,1.0
,321,1,0,0.5041391
,321,2,0,0.5015215
,321,3,1,0.9078424
,322,0,0,0.7359323
,322,1,0,0.7524317
,322,2,0,0.75238794
,322,3,3,1.0
,323,0,2,1.0
,323,1,0,0.7562344
,323,2,0,0.75505686
,323,3,0,0.8362082
,324,0,1,0.86125493
,324,1,1,0.5118228
,324,2,1,0.5726167
,324,3,3,1.0
,325,0,0,0.7470321
,325,1,0,0.75249547
,325,2,2,1.0
,325,3,0,0.81079584
,326,0,1,0.5766249
,326,1,1,0.5020256
,326,2,1,0.8560855
,326,3,2,1.0
,327,0,2,1.0
,327,1,1,0.5697893
,327,2,1,0.51825243
,327,3,1,0.8569772
,328,0,0,0.7252027
,328,1,2,1.0
,328,2,0,0.75349844
,328,3,0,0.74966794
,329,0,2,1.0
,329,1,1,0.8895336
,329,2,1,0.50133085
,329,3,0,0.5004972
,330,0,1,0.8579948
,330,1,2,1.0
,330,2,1,0.58695626
,330,3,1,0.5127421
,331,0,1,0.51836723
,331,1,1,0.85700685
,331,2,2,1.0
,331,3,1,0.5701062
,332,0,0,0.7536072
,332,1,0,0.7497439
,332,2,0,0.7586226
,332,3,2,1.0
,333,0,1,0.51097864
,333,1,1,0.5110799
,333,2,3,1.0
,333,3,1,0.8877095
,334,0,0,0.75220877
,334,1,0,0.7522076
,334,2,0,0.83612853
,334,3,2,1.0
,335,0,1,0.5114217
,335,1,1,0.51142204
,335,2,3,1.0
,335,3,1,0.88786066
,336,0,0,0.7522017
,336,1,0,0.7521838
,336,2,0,0.8361315
,336,3,2,1.0
,337,0,1,0.51146865
,337,1,1,0.5123804
,337,2,3,1.0
,337,3,1,0.88788074
,338,0,0,0.7494617
,338,1,0,0.6904411
,338,2,0,0.85337824
,338,3,2,1.0
,339,0,1,0.62569726
,339,1,2,1.0
,339,2,0,0.5018477
,339,3,1,0.85619086
,340,0,3,1.0
,340,1,0,0.7350957
,340,2,0,0.75153416
,340,3,0,0.74738824
,341,0,0,0.82066655
,341,1,2,1.0
,341,2,0,0.75669575
,341,3,0,0.75718987
,342,0,2,1.0
,342,1,0,0.78273684
,342,2,0,0.7106524
,342,3,0,0.7582636
,343,0,0,0.78270185
,343,1,0,0.7109378
,343,2,2,1.0
,343,3,0,0.75822926
,344,0,0,0.7109369
,344,1,2,1.0
,344,2,0,0.78320175
,344,3,0,0.75769466
,345,0,2,1.0
,345,1,0,0.78270143
,345,2,0,0.75851756
,345,3,0,0.7106192
,346,0,0,0.78270155
,346,1,0,0.7109371
,346,2,0,0.7582302
,346,3,2,1.0
,347,0,0,0.7109265
,347,1,2,1.0
,347,2,0,0.75753945
,347,3,0,0.7831935
,348,0,2,1.0
,348,1,0,0.7823428
,348,2,0,0.69683707
,348,3,0,0.7576123
,349,0,1,0.87120825
,349,1,0,0.50022167
,349,2,2,1.0
,349,3,0,0.5011742
,350,0,3,1.0
,350,1,1,0.5763831
,350,2,1,0.8604258
,350,3,1,0.51564854
,351,0,0,0.85260546
,351,1,2,1.0
,351,2,0,0.68619376
,351,3,0,0.7520461
,352,0,1,0.5570528
,352,1,1,0.85523635
,352,2,2,1.0
,352,3,0,0.5005626
,353,0,2,1.0
,353,1,0,0.75059104
,353,2,0,0.7826296
,353,3,0,0.70660514
,354,0,0,0.7388507
,354,1,0,0.75817317
,354,2,0,0.758253
,354,3,2,1.0
,355,0,2,1.0
,355,1,0,0.7574281
,355,2,0,0.73240256
,355,3,0,0.7824493
,356,0,1,0.8876148
,356,1,1,0.5106208
,356,2,3,1.0
,356,3,1,0.509965
,357,0,2,1.0
,357,1,0,0.7532464
,357,2,0,0.8206782
,357,3,0,0.75325406
,358,0,0,0.73886883
,358,1,0,0.75825226
,358,2,2,1.0
,358,3,0,0.75825864
,359,0,2,1.0
,359,1,0,0.75743425
,359,2,0,0.68429226
,359,3,0,0.75798965
,360,0,0,0.7783188
,360,1,0,0.7056149
,360,2,3,1.0
,360,3,0,0.7538774
,361,0,0,0.6514182
,361,1,2,1.0
,361,2,0,0.85392636
,361,3,0,0.7559413
,362,0,3,1.0
,362,1,0,0.77845997
,362,2,0,0.75515896
,362,3,0,0.7057742
,363,0,0,0.85310256
,363,1,0,0.6517
,363,2,0,0.7565229
,363,3,2,1.0
,364,0,0,0.6492084
,364,1,3,1.0
,364,2,0,0.75335777
,364,3,0,0.77900875
,365,0,3,1.0
,365,1,0,0.82067215
,365,2,0,0.75236535
,365,3,0,0.7526665
,366,0,0,0.82065266
,366,1,2,1.0
,366,2,0,0.7572771
,366,3,0,0.7572804
,367,0,2,1.0
,367,1,0,0.6842935
,367,2,0,0.7580059
,367,3,0,0.75799966
,368,0,0,0.7345338
,368,1,3,1.0
,368,2,0,0.7539581
,368,3,0,0.75340796
,369,0,2,1.0
,369,1,0,0.85389304
,369,2,0,0.7569714
,369,3,0,0.70920527
,370,0,0,0.72591203
,370,1,0,0.75848407
,370,2,0,0.7573682
,370,3,2,1.0
,371,0,2,1.0
,371,1,0,0.50251067
,371,2,0,0.50175136
,371,3,1,0.88259864
,372,0,0,0.78249973
,372,1,0,0.75396234
,372,2,0,0.7064422
,372,3,2,1.0
,373,0,0,0.75850767
,373,1,0,0.7105723
,373,2,2,1.0
,373,3,0,0.78319407
,374,0,0,0.758275
,374,1,2,1.0
,374,2,0,0.73884726
,374,3,0,0.7580156
,375,0,0,0.7582517
,375,1,0,0.78271604
,375,2,2,1.0
,375,3,0,0.71064234
,376,0,0,0.75822353
,376,1,0,0.710942
,376,2,0,0.7832036
,376,3,2,1.0
,377,0,0,0.7570773
,377,1,2,1.0
,377,2,0,0.75855386
,377,3,0,0.73881847
,378,0,0,0.6527654
,378,1,0,0.78239185
,378,2,0,0.7578926
,378,3,2,1.0
,379,0,3,1.0
,379,1,0,0.70619285
,379,2,0,0.75404924
,379,3,0,0.77959657
,380,0,0,0.82066107
,380,1,2,1.0
,380,2,0,0.756574
,380,3,0,0.7575193
,381,0,2,1.0
,381,1,0,0.7829037
,381,2,0,0.69931644
,381,3,0,0.75682545
,382,0,1,0.6974677
,382,1,0,0.5527015
,382,2,2,1.0
,382,3,1,0.5089084
,383,0,0,0.7042031
,383,1,0,0.7553462
,383,2,0,0.7822257
,383,3,2,1.0
,384,0,2,1.0
,384,1,0,0.7581985
,384,2,0,0.7109271
,384,3,0,0.7826986
,385,0,0,0.7827019
,385,1,0,0.75823456
,385,2,2,1.0
,385,3,0,0.7109375
,386,0,0,0.7109422
,386,1,0,0.75823075
,386,2,0,0.7832036
,386,3,2,1.0
,387,0,2,1.0
,387,1,0,0.75773233
,387,2,0,0.7585552
,387,3,0,0.7388476
,388,0,0,0.7827159
,388,1,0,0.7106385
,388,2,0,0.758255
,388,3,2,1.0
,389,0,0,0.7109273
,389,1,2,1.0
,389,2,0,0.7582268
,389,3,0,0.78255814
,390,0,2,1.0
,390,1,0,0.7823805
,390,2,0,0.75735307
,390,3,0,0.6971677
,391,0,1,0.88262314
,391,1,0,0.50233203
,391,2,0,0.50242627
,391,3,2,1.0
,392,0,2,1.0
,392,1,0,0.70645535
,392,2,0,0.75450945
,392,3,0,0.7825019
,393,0,0,0.73884887
,393,1,2,1.0
,393,2,0,0.75822824
,393,3,0,0.75854576
,394,0,2,1.0
,394,1,0,0.738869
,394,2,0,0.75829095
,394,3,0,0.7582947
,395,0,0,0.73886913
,395,1,2,1.0
,395,2,0,0.7582919
,395,3,0,0.7582919
,396,0,2,1.0
,396,1,0,0.73886895
,396,2,0,0.7582919
,396,3,0,0.7582857
,397,0,0,0.7388641
,397,1,2,1.0
,397,2,0,0.75828934
,397,3,0,0.7577497
,398,0,2,1.0
,398,1,0,0.78257084
,398,2,0,0.7582163
,398,3,0,0.7106271
,399,0,0,0.782344
,399,1,0,0.69699484
,399,2,0,0.75492275
,399,3,2,1.0
,400,0,0,0.50002426
,400,1,2,1.0
,400,2,1,0.6255488
,400,3,1,0.8561897
,401,0,0,0.7514887
,401,1,0,0.7350593
,401,2,3,1.0
,401,3,0,0.74665076
,402,0,0,0.75462556
,402,1,2,1.0
,402,2,0,0.8532346
,402,3,0,0.6943293
,403,0,1,0.5776387
,403,1,1,0.94356686
,403,2,1,0.5144738
,403,3,2,1.0
,404,0,2,1.0
,404,1,0,0.7486816
,404,2,0,0.7535812
,404,3,0,0.725204
,405,0,1,0.8825966
,405,1,0,0.50226665
,405,2,0,0.502393
,405,3,2,1.0
,406,0,2,1.0
,406,1,0,0.7545367
,406,2,0,0.75455135
,406,3,0,0.73805845
,407,0,0,0.72588396
,407,1,0,0.7562044
,407,2,0,0.75735956
,407,3,2,1.0
,408,0,2,1.0
,408,1,1,0.5594093
,408,2,0,0.50152653
,408,3,1,0.8555608
,409,0,0,0.78262717
,409,1,2,1.0
,409,2,0,0.7546406
,409,3,0,0.7020575
,410,0,0,0.75854385
,410,1,0,0.738843
,410,2,0,0.75768685
,410,3,2,1.0
,411,0,0,0.75825065
,411,1,2,1.0
,411,2,0,0.71064293
,411,3,0,0.78321767
,412,0,0,0.75773245
,412,1,0,0.7388476
,412,2,2,1.0
,412,3,0,0.75855523
,413,0,0,0.71064353
,413,1,2,1.0
,413,2,0,0.7832178
,413,3,0,0.75825673
,414,0,2,1.0
,414,1,0,0.73884386
,414,2,0,0.7585496
,414,3,0,0.7582534
,415,0,0,0.7258864
,415,1,2,1.0
,415,2,0,0.75740707
,415,3,0,0.756249
,416,0,2,1.0
,416,1,1,0.85519606
,416,2,0,0.50153524
,416,3,1,0.5593964
,417,0,0,0.73820835
,417,1,0,0.7500872
,417,2,0,0.7546989
,417,3,2,1.0
,418,0,2,1.0
,418,1,0,0.7105444
,418,2,0,0.7582118
,418,3,0,0.7832041
,419,0,0,0.7388181
,419,1,2,1.0
,419,2,0,0.75827056
,419,3,0,0.75736463
,420,0,2,1.0
,420,1,0,0.78178257
,420,2,0,0.7578921
,420,3,0,0.65304893
,421,0,0,0.778484
,421,1,0,0.64838976
,421,2,0,0.75337553
,421,3,3,1.0
,422,0,0,0.70371413
,422,1,3,1.0
,422,2,0,0.7518505
,422,3,0,0.8535784
,423,0,2,1.0
,423,1,0,0.85342574
,423,2,0,0.7569155
,423,3,0,0.7104464
,424,0,0,0.78130144
,424,1,0,0.69803077
,424,2,0,0.7573139
,424,3,2,1.0
,425,0,1,0.55883145
,425,1,2,1.0
,425,2,0,0.5014663
,425,3,1,0.855588
,426,0,2,1.0
,426,1,0,0.7826217
,426,2,0,0.7546462
,426,3,0,0.7020573
,427,0,0,0.73884284
,427,1,0,0.7580045
,427,2,0,0.75822663
,427,3,2,1.0
,428,0,2,1.0
,428,1,0,0.71064204
,428,2,0,0.75825137
,428,3,0,0.78271604
,429,0,0,0.78270173
,429,1,2,1.0
,429,2,0,0.7582351
,429,3,0,0.7109376
,430,0,0,0.7109423
,430,1,0,0.783198
,430,2,0,0.75823694
,430,3,2,1.0
,431,0,2,1.0
,431,1,0,0.75801575
,431,2,0,0.7582722
,431,3,0,0.7388478
,432,0,0,0.78321767
,432,1,0,0.7106473
,432,2,0,0.75825375
,432,3,2,1.0
,433,0,0,0.75855136
,433,1,2,1.0
,433,2,0,0.7582745
,433,3,0,0.7388523
,434,0,0,0.7577528
,434,1,0,0.7388641
,434,2,0,0.75828934
,434,3,2,1.0
,435,0,0,0.71063894
,435,1,2,1.0
,435,2,0,0.7582521
,435,3,0,0.7827161
,436,0,2,1.0
,436,1,0,0.78270155
,436,2,0,0.7582353
,436,3,0,0.7109372
,437,0,0,0.7820958
,437,1,0,0.71090674
,437,2,0,0.7582344
,437,3,2,1.0
,438,0,0,0.6530955
,438,1,2,1.0
,438,2,0,0.7578722
,438,3,0,0.7823772
,439,0,3,1.0
,439,1,0,0.7795894
,439,2,0,0.75405496
,439,3,0,0.7061908
,440,0,0,0.82066673
,440,1,0,0.7569937
,440,2,0,0.75723714
,440,3,2,1.0
,441,0,2,1.0
,441,1,0,0.71065575
,441,2,0,0.7577237
,441,3,0,0.78323627
,442,0,0,0.7831955
,442,1,2,1.0
,442,2,0,0.71061534
,442,3,0,0.7584987
,443,0,0,0.7576515
,443,1,0,0.7258674
,443,2,2,1.0
,443,3,0,0.75623345
,444,0,0,0.5005653
,444,1,2,1.0
,444,2,1,0.8552183
,444,3,1,0.55944073
,445,0,0,0.69263136
,445,1,0,0.7817844
,445,2,0,0.7484631
,445,3,2,1.0
,446,0,2,1.0
,446,1,0,0.5020706
,446,2,1,0.55967754
,446,3,1,0.8552312
,447,0,0,0.73820794
,447,1,0,0.75415957
,447,2,2,1.0
,447,3,0,0.7506314
,448,0,2,1.0
,448,1,0,0.7105912
,448,2,0,0.78321445
,448,3,0,0.75762343
,449,0,0,0.78255713
,449,1,2,1.0
,449,2,0,0.75849605
,449,3,0,0.7106073
,450,0,0,0.6971115
,450,1,0,0.7823635
,450,2,0,0.7561819
,450,3,2,1.0
,451,0,2,1.0
,451,1,0,0.50136125
,451,2,1,0.5594805
,451,3,1,0.8552286
,452,0,0,0.7821289
,452,1,0,0.7066089
,452,2,2,1.0
,452,3,0,0.750588
,453,0,0,0.7109265
,453,1,2,1.0
,453,2,0,0.78269905
,453,3,0,0.758145
,454,0,2,1.0
,454,1,0,0.78255767
,454,2,0,0.7109265
,454,3,0,0.75821227
,455,0,0,0.7823767
,455,1,0,0.6971125
,455,2,2,1.0
,455,3,0,0.75617903
,456,0,0,0.5021032
,456,1,2,1.0
,456,2,1,0.85523826
,456,3,1,0.55947405
,457,0,0,0.75371635
,457,1,0,0.72514504
,457,2,0,0.74819976
,457,3,2,1.0
,458,0,1,0.50257564
,458,1,2,1.0
,458,2,1,0.57678354
,458,3,1,0.8561991
,459,0,1,0.5867378
,459,1,1,0.85787934
,459,2,2,1.0
,459,3,1,0.5221286
,460,0,2,1.0
,460,1,1,0.5201579
,460,2,1,0.8578543
,460,3,1,0.5871443
,461,0,1,0.88415515
,461,1,1,0.508748
,461,2,1,0.51749307
,461,3,2,1.0
,462,0,2,1.0
,462,1,0,0.7534552
,462,2,0,0.75339335
,462,3,0,0.7250527
,463,0,1,0.88953274
,463,1,1,0.5013545
,463,2,0,0.5006272
,463,3,2,1.0
,464,0,2,1.0
,464,1,1,0.58781976
,464,2,1,0.5114202
,464,3,1,0.85909045
,465,0,1,0.94477737
,465,1,2,1.0
,465,2,1,0.52678394
,465,3,1,0.6108396
,466,0,1,0.5980368
,466,1,1,0.85797447
,466,2,1,0.5118309
,466,3,2,1.0
,467,0,2,1.0
,467,1,1,0.5191071
,467,2,1,0.5101886
,467,3,1,0.8909379
,468,0,1,0.8910916
,468,1,1,0.51070356
,468,2,1,0.5124407
,468,3,2,1.0
,469,0,2,1.0
,469,1,1,0.51155704
,469,2,1,0.58740664
,469,3,1,0.85960644
,470,0,1,0.85819334
,470,1,1,0.5112019
,470,2,2,1.0
,470,3,1,0.64371157
,471,0,0,0.6983559
,471,1,0,0.75134844
,471,2,0,0.7799601
,471,3,3,1.0
,472,0,2,1.0
,472,1,0,0.75651336
,472,2,0,0.7575279
,472,3,0,0.8206604
,473,0,0,0.7824024
,473,1,0,0.6968477
,473,2,0,0.7573574
,473,3,2,1.0
,474,0,0,0.50141597
,474,1,2,1.0
,474,2,0,0.50077045
,474,3,1,0.88950205
,475,0,1,0.51004773
,475,1,1,0.891028
,475,2,1,0.51006347
,475,3,2,1.0
,476,0,1,0.5104376
,476,1,2,1.0
,476,2,1,0.51039714
,476,3,1,0.8910477
,477,0,1,0.5119921
,477,1,1,0.8910675
,477,2,1,0.5104163
,477,3,2,1.0
,478,0,1,0.57043225
,478,1,2,1.0
,478,2,1,0.5096805
,478,3,1,0.8576131
,479,0,2,1.0
,479,1,0,0.78179204
,479,2,0,0.75359666
,479,3,0,0.68800944
,480,0,1,0.85484797
,480,1,0,0.50367093
,480,2,0,0.5029553
,480,3,2,1.0
,481,0,0,0.7074136
,481,1,0,0.75868285
,481,2,0,0.7593356
,481,3,2,1.0
,482,0,2,1.0
,482,1,0,0.69950104
,482,2,0,0.7579293
,482,3,0,0.7829134
,483,0,1,0.7455522
,483,1,2,1.0
,483,2,0,0.5554129
,483,3,0,0.5560015
,484,0,2,1.0
,484,1,0,0.7655401
,484,2,0,0.73674643
,484,3,0,0.73675346
,485,0,0,1.0
,485,1,0,1.0
,485,2,0,1.0
,485,3,2,0.5213337
,486,0,1,0.5133889
,486,1,1,0.5114763
,486,2,2,1.0
,486,3,1,0.89106345
,487,0,1,0.6022554
,487,1,1,0.5301436
,487,2,1,0.94441783
,487,3,2,1.0
,488,0,2,1.0
,488,1,1,0.6359196
,488,2,1,0.5226521
,488,3,1,0.85827374
,489,0,0,0.77993405
,489,1,3,1.0
,489,2,0,0.74996656
,489,3,0,0.69825983
,490,0,0,0.7567972
,490,1,0,0.85354894
,490,2,0,0.65101534
,490,3,2,1.0
,491,0,0,0.75402164
,491,1,0,0.70707643
,491,2,3,1.0
,491,3,0,0.7789344
,492,0,0,0.7554611
,492,1,2,1.0
,492,2,0,0.8533528
,492,3,0,0.6956707
,493,0,1,0.52851456
,493,1,1,0.8555414
,493,2,0,0.501744
,493,3,2,1.0
,494,0,3,1.0
,494,1,1,0.5374396
,494,2,1,0.58831847
,494,3,1,0.94507825
,495,0,0,0.83621764
,495,1,0,0.7520433
,495,2,2,1.0
,495,3,0,0.7461503
,496,0,3,1.0
,496,1,1,0.51192975
,496,2,1,0.86124676
,496,3,1,0.57284695
,497,0,0,0.8206746
,497,1,0,0.75339484
,497,2,0,0.7488463
,497,3,2,1.0
,498,0,2,1.0
,498,1,0,0.75754994
,498,2,0,0.7105408
,498,3,0,0.78323215
,499,0,0,0.7815755
,499,1,0,0.6991652
,499,2,2,1.0
,499,3,0,0.75810444
,500,0,1,0.5270314
,500,1,2,1.0
,500,2,1,0.6980664
,500,3,0,0.5487914
,501,0,2,1.0
,501,1,1,0.89100856
,501,2,1,0.514404
,501,3,1,0.50801396
,502,0,1,0.9555937
,502,1,2,1.0
,502,2,1,0.52526945
,502,3,1,0.5251004
,503,0,2,1.0
,503,1,0,0.7250185
,503,2,0,0.7532707
,503,3,0,0.75327235
,504,0,1,0.8825971
,504,1,2,1.0
,504,2,0,0.5023841
,504,3,0,0.5023758
,505,0,2,1.0
,505,1,0,0.73806196
,505,2,0,0.7545568
,505,3,0,0.75401133
,506,0,0,0.78321034
,506,1,2,1.0
,506,2,0,0.75820965
,506,3,0,0.710594
,507,0,0,0.75801575
,507,1,0,0.73884743
,507,2,0,0.75827163
,507,3,2,1.0
,508,0,0,0.7106423
,508,1,2,1.0
,508,2,0,0.7582519
,508,3,0,0.78271604
,509,0,2,1.0
,509,1,0,0.78270173
,509,2,0,0.7582351
,509,3,0,0.7109376
,510,0,0,0.7832036
,510,1,0,0.7109423
,510,2,0,0.75823075
,510,3,2,1.0
,511,0,0,0.7585552
,511,1,2,1.0
,511,2,0,0.75773215
,511,3,0,0.73884755
,512,0,0,0.75824606
,512,1,0,0.7825716
,512,2,0,0.7106277
,512,3,2,1.0
,513,0,0,0.757295
,513,1,0,0.69707227
,513,2,2,1.0
,513,3,0,0.7809882
,514,0,1,0.5007779
,514,1,2,1.0
,514,2,1,0.8563058
,514,3,1,0.5770187
,515,0,1,0.53157353
,515,1,1,0.98472625
,515,2,1,0.5410317
,515,3,2,1.0
,516,0,1,0.52706903
,516,1,2,1.0
,516,2,1,0.52736115
,516,3,1,0.95838726
,517,0,1,0.50956327
,517,1,1,0.8844112
,517,2,1,0.5111938
,517,3,2,1.0
,518,0,0,0.75335443
,518,1,2,1.0
,518,2,0,0.64786357
,518,3,0,0.7821105
,519,0,0,0.7058073
,519,1,0,0.7796012
,519,2,3,1.0
,519,3,0,0.75380063
,520,0,2,1.0
,520,1,0,0.75670725
,520,2,0,0.8538982
,520,3,0,0.7091895
,521,0,0,0.7825408
,521,1,0,0.7105874
,521,2,0,0.75929993
,521,3,2,1.0
,522,0,0,0.6962338
,522,1,2,1.0
,522,2,0,0.7571113
,522,3,0,0.78215814
,523,0,2,1.0
,523,1,1,0.95810735
,523,2,1,0.51817745
,523,3,1,0.5175162
,524,0,1,0.9585211
,524,1,2,1.0
,524,2,1,0.5269626
,524,3,1,0.5269451
,525,0,2,1.0
,525,1,1,0.95852184
,525,2,1,0.52716464
,525,3,1,0.52716357
,526,0,1,0.9556214
,526,1,2,1.0
,526,2,1,0.5257251
,526,3,1,0.52570355
,527,0,2,1.0
,527,1,0,0.7249181
,527,2,0,0.7517299
,527,3,0,0.7531404
,528,0,1,0.8562872
,528,1,2,1.0
,528,2,1,0.5775824
,528,3,1,0.50411814
,529,0,1,0.5350757
,529,1,1,0.9442421
,529,2,2,1.0
,529,3,1,0.6487344
,530,0,0,0.75113976
,530,1,0,0.7451538
,530,2,0,0.73506826
,530,3,3,1.0
,531,0,0,0.75649416
,531,1,0,0.6509521
,531,2,2,1.0
,531,3,0,0.85392565
,532,0,0,0.75409555
,532,1,3,1.0
,532,2,0,0.73470974
,532,3,0,0.7552283
,533,0,0,0.75644773
,533,1,0,0.8108526
,533,2,2,1.0
,533,3,0,0.7564745
,534,0,0,0.50186175
,534,1,2,1.0
,534,2,1,0.8825468
,534,3,0,0.5025929
,535,0,0,0.7064436
,535,1,0,0.78249264
,535,2,2,1.0
,535,3,0,0.7539634
,536,0,2,1.0
,536,1,0,0.7578108
,536,2,0,0.78318995
,536,3,0,0.71055645
,537,0,0,0.7823759
,537,1,0,0.69684315
,537,2,0,0.7576357
,537,3,2,1.0
,538,0,0,0.50210994
,538,1,2,1.0
,538,2,0,0.50241286
,538,3,1,0.8826329
,539,0,0,0.69242644
,539,1,0,0.7802789
,539,2,0,0.75353545
,539,3,2,1.0
,540,0,2,1.0
,540,1,1,0.5759164
,540,2,1,0.5005976
,540,3,1,0.8561661
,541,0,1,0.8908946
,541,1,2,1.0
,541,2,1,0.5097205
,541,3,1,0.51893306
,542,0,2,1.0
,542,1,1,0.8842654
,542,2,1,0.5088038
,542,3,1,0.5090323
,543,0,0,0.7826956
,543,1,2,1.0
,543,2,0,0.75393635
,543,3,0,0.754595
,544,0,0,0.761706
,544,1,2,1.0
,544,2,0,0.7014886
,544,3,0,0.75999683
,545,0,1,0.50190866
,545,1,1,0.8561504
,545,2,2,1.0
,545,3,1,0.5764181
,546,0,1,0.5697928
,546,1,1,0.5189946
,546,2,1,0.8569783
,546,3,2,1.0
,547,0,2,1.0
,547,1,0,0.70633215
,547,2,0,0.7505499
,547,3,0,0.78260225
,548,0,0,0.7258652
,548,1,2,1.0
,548,2,0,0.7572955
,548,3,0,0.75650597
,549,0,2,1.0
,549,1,1,0.855561
,549,2,0,0.50152475
,549,3,1,0.5594021
,550,0,0,0.7819793
,550,1,0,0.7020407
,550,2,0,0.7546352
,550,3,2,1.0
,551,0,0,0.69705606
,551,1,2,1.0
,551,2,0,0.75724995
,551,3,0,0.7809879
,552,0,2,1.0
,552,1,1,0.8572662
,552,2,1,0.5007439
,552,3,1,0.5768007
,553,0,1,0.94435173
,553,1,1,0.6107053
,553,2,1,0.52645564
,553,3,2,1.0
,554,0,1,0.52159727
,554,1,2,1.0
,554,2,1,0.51072395
,554,3,1,0.8910094
,555,0,1,0.5125247
,555,1,1,0.8914041
,555,2,1,0.5106429
,555,3,2,1.0
,556,0,1,0.5858781
,556,1,2,1.0
,556,2,1,0.52548593
,556,3,1,0.94423074
,557,0,2,1.0
,557,1,0,0.7819393
,557,2,0,0.75427955
,557,3,0,0.7008558
,558,0,0,0.78178585
,558,1,0,0.697132
,558,2,0,0.757242
,558,3,2,1.0
,559,0,1,0.5312981
,559,1,2,1.0
,559,2,1,0.50078166
,559,3,1,0.8555659
,560,0,3,1.0
,560,1,1,0.8609321
,560,2,1,0.5784786
,560,3,1,0.52715623
,561,0,0,0.8206682
,561,1,0,0.7486899
,561,2,2,1.0
,561,3,0,0.7532181
,562,0,2,1.0
,562,1,0,0.69674164
,562,2,0,0.78237325
,562,3,0,0.7573064
,563,0,1,0.8895249
,563,1,2,1.0
,563,2,1,0.5001759
,563,3,0,0.5007441
,564,0,2,1.0
,564,1,1,0.8571306
,564,2,1,0.57005024
,564,3,1,0.50968343
,565,0,0,0.78067374
,565,1,0,0.749635
,565,2,2,1.0
,565,3,0,0.7311348
,566,0,1,0.5811709
,566,1,1,0.5213897
,566,2,1,0.94527835
,566,3,3,1.0
,567,0,2,1.0
,567,1,0,0.75173587
,567,2,0,0.68411607
,567,3,0,0.8522589
,568,0,1,0.9437447
,568,1,1,0.51781607
,568,2,2,1.0
,568,3,1,0.5888036
,569,0,0,0.5280268
,569,1,0,0.53827775
,569,2,1,0.74677813
,569,3,2,1.0
,570,0,0,0.75445026
,570,1,0,0.7551117
,570,2,2,1.0
,570,3,0,0.7382029
,571,0,0,0.71059525
,571,1,0,0.7582144
,571,2,0,0.7827147
,571,3,2,1.0
,572,0,2,1.0
,572,1,0,0.7582365
,572,2,0,0.71094257
,572,3,0,0.7832035
,573,0,0,0.73885256
,573,1,0,0.7582743
,573,2,2,1.0
,573,3,0,0.75855744
,574,0,2,1.0
,574,1,0,0.75828964
,574,2,0,0.73886245
,574,3,0,0.7582928
,575,0,0,0.72837603
,575,1,0,0.7579698
,575,2,2,1.0
,575,3,0,0.75796986
,576,0,2,1.0
,576,1,0,0.5550546
,576,2,1,0.79284793
,576,3,0,0.5550546
,577,0,0,0.73570144
,577,1,0,0.75277936
,577,2,3,1.0
,577,3,0,0.7527792
,578,0,2,1.0
,578,1,0,0.75645065
,578,2,0,0.8108525
,578,3,0,0.7564367
,579,0,1,0.88254666
,579,1,0,0.5025964
,579,2,2,1.0
,579,3,0,0.5018617
,580,0,2,1.0
,580,1,0,0.7542151
,580,2,0,0.78249174
,580,3,0,0.7064507
,581,0,0,0.7813347
,581,1,0,0.7324617
,581,2,0,0.7576727
,581,3,2,1.0
,582,0,1,0.5713295
,582,1,3,1.0
,582,2,1,0.51115364
,582,3,1,0.86096185
,583,0,2,1.0
,583,1,0,0.82067025
,583,2,0,0.7533955
,583,3,0,0.74939996
,584,0,0,0.72590894
,584,1,2,1.0
,584,2,0,0.75621617
,584,3,0,0.7573258
,585,0,2,1.0
,585,1,1,0.8556674
,585,2,1,0.55942726
,585,3,0,0.50151014
,586,0,0,0.78119165
,586,1,0,0.68799263
,586,2,2,1.0
,586,3,0,0.75369847
,587,0,1,0.53131706
,587,1,2,1.0
,587,2,1,0.85635537
,587,3,0,0.5007116
,588,0,3,1.0
,588,1,1,0.86128634
,588,2,1,0.5876211
,588,3,1,0.51782095
,589,0,0,0.853538
,589,1,0,0.7003394
,589,2,2,1.0
,589,3,0,0.75298953
,590,0,0,0.711819
,590,1,2,1.0
,590,2,0,0.7831733
,590,3,0,0.758157
,591,0,2,1.0
,591,1,0,0.7258686
,591,2,0,0.7565157
,591,3,0,0.7573853
,592,0,1,0.8556745
,592,1,2,1.0
,592,2,1,0.5594195
,592,3,0,0.5015077
,593,0,0,0.68706477
,593,1,0,0.7815649
,593,2,2,1.0
,593,3,0,0.75347733
,594,0,2,1.0
,594,1,1,0.5172944
,594,2,1,0.95796967
,594,3,1,0.5180869
,595,0,1,0.891177
,595,1,1,0.5108968
,595,2,2,1.0
,595,3,1,0.5128823
,596,0,2,1.0
,596,1,1,0.5115078
,596,2,1,0.8580159
,596,3,1,0.587246
,597,0,1,0.8909329
,597,1,1,0.5101163
,597,2,1,0.51914483
,597,3,2,1.0
,598,0,2,1.0
,598,1,1,0.5105227
,598,2,1,0.5126721
,598,3,1,0.891092
,599,0,1,0.858066
,599,1,1,0.51353055
,599,2,1,0.58735204
,599,3,2,1.0
,600,0,1,0.5217902
,600,1,1,0.58701533
,600,2,2,1.0
,600,3,1,0.8578792
,601,0,1,0.57035273
,601,1,2,1.0
,601,2,1,0.8573648
,601,3,1,0.5183574
,602,0,2,1.0
,602,1,0,0.7826169
,602,2,0,0.702021
,602,3,0,0.7544082
,603,0,0,0.7388395
,603,1,0,0.75853735
,603,2,2,1.0
,603,3,0,0.75821793
,604,0,2,1.0
,604,1,0,0.75735766
,604,2,0,0.72590846
,604,3,0,0.7573906
,605,0,1,0.88952744
,605,1,1,0.50121444
,605,2,2,1.0
,605,3,0,0.5007131
,606,0,2,1.0
,606,1,1,0.58695376
,606,2,1,0.8579948
,606,3,1,0.512737
,607,0,1,0.85746944
,607,1,2,1.0
,607,2,1,0.51837415
,607,3,1,0.5701386
,608,0,0,0.68794477
,608,1,0,0.7817303
,608,2,0,0.75345945
,608,3,2,1.0
,609,0,2,1.0
,609,1,1,0.50022316
,609,2,0,0.5005996
,609,3,1,0.8895362
,610,0,1,0.85714495
,610,1,1,0.57009435
,610,2,1,0.5102941
,610,3,2,1.0
,611,0,0,0.74842674
,611,1,2,1.0
,611,2,0,0.692473
,611,3,0,0.7817728
,612,0,1,0.5596911
,612,1,1,0.8556003
,612,2,2,1.0
,612,3,0,0.5020623
,613,0,2,1.0
,613,1,0,0.7020508
,613,2,0,0.7826246
,613,3,0,0.75410444
,614,0,0,0.78319335
,614,1,2,1.0
,614,2,0,0.75850797
,614,3,0,0.7105729
,615,0,0,0.7580155
,615,1,0,0.7388474
,615,2,0,0.7582689
,615,3,2,1.0
,616,0,0,0.71064186
,616,1,2,1.0
,616,2,0,0.7577116
,616,3,0,0.78321576
,617,0,2,1.0
,617,1,0,0.78319585
,617,2,0,0.7106155
,617,3,0,0.7585117
,618,0,0,0.72592103
,618,1,0,0.7576885
,618,2,2,1.0
,618,3,0,0.75740796
,619,0,2,1.0
,619,1,0,0.5025165
,619,2,1,0.8825897
,619,3,0,0.5025095
,620,0,0,0.73805845
,620,1,0,0.75453955
,620,2,2,1.0
,620,3,0,0.7545527
,621,0,2,1.0
,621,1,0,0.7562046
,621,2,0,0.72588444
,621,3,0,0.7573597
,622,0,1,0.8551919
,622,1,1,0.55939716
,622,2,2,1.0
,622,3,0,0.501534
,623,0,0,0.7506412
,623,1,2,1.0
,623,2,0,0.7382137
,623,3,0,0.7547015
,624,0,0,0.75820374
,624,1,0,0.7388673
,624,2,2,1.0
,624,3,0,0.7582363
,625,0,0,0.75828725
,625,1,2,1.0
,625,2,0,0.7388351
,625,3,0,0.7570942
,626,0,0,0.7578852
,626,1,0,0.78290695
,626,2,2,1.0
,626,3,0,0.6527441
,627,0,0,0.75357145
,627,1,0,0.7544126
,627,2,0,0.7346954
,627,3,3,1.0
,628,0,0,0.7091936
,628,1,0,0.75698733
,628,2,2,1.0
,628,3,0,0.85390025
,629,0,2,1.0
,629,1,0,0.7579508
,629,2,0,0.6842345
,629,3,0,0.75905174
,630,0,0,0.7345569
,630,1,0,0.7539549
,630,2,3,1.0
,630,3,0,0.7539739
,631,0,2,1.0
,631,1,0,0.7567207
,631,2,0,0.8206667
,631,3,0,0.7572622
,632,0,0,0.78273684
,632,1,0,0.7106527
,632,2,2,1.0
,632,3,0,0.7582644
,633,0,0,0.710938
,633,1,2,1.0
,633,2,0,0.78270185
,633,3,0,0.7582354
,634,0,2,1.0
,634,1,0,0.7832035
,634,2,0,0.7109424
,634,3,0,0.7582368
,635,0,0,0.73884463
,635,1,0,0.75854695
,635,2,2,1.0
,635,3,0,0.7582638
,636,0,2,1.0
,636,1,0,0.7572015
,636,2,0,0.7250637
,636,3,0,0.7571983
,637,0,1,0.955162
,637,1,1,0.51661044
,637,2,2,1.0
,637,3,1,0.5166105
,638,0,2,1.0
,638,1,0,0.75427455
,638,2,0,0.738001
,638,3,0,0.7542744
,639,0,0,0.7388457
,639,1,0,0.7582464
,639,2,2,1.0
,639,3,0,0.7582464
,640,0,2,1.0
,640,1,0,0.75799143
,640,2,0,0.6842635
,640,3,0,0.75799155
,641,0,0,0.73455656
,641,1,0,0.7539622
,641,2,3,1.0
,641,3,0,0.7539622
,642,0,2,1.0
,642,1,0,0.75729275
,642,2,0,0.7784195
,642,3,0,0.75729275
,643,0,0,0.73424
,643,1,0,0.75362986
,643,2,3,1.0
,643,3,0,0.7536266
,644,0,2,1.0
,644,1,0,0.75724834
,644,2,0,0.82067
,644,3,0,0.7569638
,645,0,0,0.78246963
,645,1,0,0.75744134
,645,2,2,1.0
,645,3,0,0.73241216
,646,0,1,0.5099725
,646,1,1,0.5106199
,646,2,1,0.88761526
,646,3,3,1.0
,647,0,0,0.75271374
,647,1,0,0.7532615
,647,2,2,1.0
,647,3,0,0.7784568
,648,0,0,0.7052107
,648,1,0,0.7527911
,648,2,0,0.7791546
,648,3,3,1.0
,649,0,2,1.0
,649,1,0,0.69533414
,649,2,0,0.7563344
,649,3,0,0.8533929
,650,0,1,0.88261586
,650,1,2,1.0
,650,2,0,0.5024165
,650,3,0,0.504916
,651,0,2,1.0
,651,1,0,0.72508866
,651,2,0,0.7536585
,651,3,0,0.7536689
,652,0,1,0.8826146
,652,1,2,1.0
,652,2,0,0.5023541
,652,3,0,0.50140387
,653,0,2,1.0
,653,1,0,0.78035647
,653,2,0,0.7533526
,653,3,0,0.6915615
,654,0,1,0.9437266
,654,1,1,0.576983
,654,2,1,0.5171148
,654,3,2,1.0
,655,0,0,0.700886
,655,1,2,1.0
,655,2,0,0.75439304
,655,3,0,0.7825865
,656,0,2,1.0
,656,1,0,0.7388426
,656,2,0,0.7582232
,656,3,0,0.7580036
,657,0,0,0.78321767
,657,1,2,1.0
,657,2,0,0.7582532
,657,3,0,0.7106471
,658,0,0,0.75855136
,658,1,0,0.7388523
,658,2,0,0.7582745
,658,3,2,1.0
,659,0,0,0.7577528
,659,1,2,1.0
,659,2,0,0.75828934
,659,3,0,0.7388643
,660,0,0,0.71064407
,660,1,0,0.7832179
,660,2,0,0.75825393
,660,3,2,1.0
,661,0,2,1.0
,661,1,0,0.75855744
,661,2,0,0.75826657
,661,3,0,0.7388522
,662,0,0,0.73885435
,662,1,0,0.75828385
,662,2,0,0.757594
,662,3,2,1.0
,663,0,2,1.0
,663,1,0,0.7573603
,663,2,0,0.69682145
,663,3,0,0.7823986
,664,0,1,0.9078368
,664,1,0,0.5016772
,664,2,2,1.0
,664,3,0,0.5023122
,665,0,3,1.0
,665,1,0,0.75238407
,665,2,0,0.7359038
,665,3,0,0.75170517
,666,0,0,0.8533649
,666,1,0,0.7545536
,666,2,2,1.0
,666,3,0,0.6952499
,667,0,0,0.5020553
,667,1,1,0.57649726
,667,2,1,0.8561347
,667,3,2,1.0
,668,0,1,0.50811374
,668,1,2,1.0
,668,2,1,0.51773435
,668,3,1,0.88412327
,669,0,0,0.75347316
,669,1,0,0.78055084
,669,2,0,0.7308846
,669,3,2,1.0
,670,0,1,0.5212835
,670,1,1,0.581174
,670,2,3,1.0
,670,3,1,0.94527507
,671,0,0,0.7519798
,671,1,2,1.0
,671,2,0,0.8534004
,671,3,0,0.6850911
,672,0,0,0.5022829
,672,1,1,0.88262326
,672,2,0,0.50489527
,672,3,2,1.0
,673,0,0,0.7545519
,673,1,2,1.0
,673,2,0,0.7545879
,673,3,0,0.7380668
,674,0,0,0.75770545
,674,1,0,0.73886216
,674,2,0,0.7582456
,674,3,2,1.0
,675,0,0,0.7106383
,675,1,2,1.0
,675,2,0,0.7582456
,675,3,0,0.7827161
,676,0,2,1.0
,676,1,0,0.7831891
,676,2,0,0.7576944
,676,3,0,0.71093655
,677,0,0,0.7832003
,677,1,0,0.7573232
,677,2,0,0.7105872
,677,3,2,1.0
,678,0,0,0.75815433
,678,1,0,0.6527492
,678,2,2,1.0
,678,3,0,0.7823755
,679,0,0,0.75403386
,679,1,3,1.0
,679,2,0,0.7789367
,679,3,0,0.7061542
,680,0,0,0.75487036
,680,1,0,0.85338527
,680,2,0,0.69562334
,680,3,2,1.0
,681,0,1,0.55947447
,681,1,0,0.5039435
,681,2,2,1.0
,681,3,1,0.85524195
,682,0,2,1.0
,682,1,0,0.7537657
,682,2,0,0.76117665
,682,3,0,0.7472156
,683,0,1,0.94522685
,683,1,1,0.52167183
,683,2,3,1.0
,683,3,1,0.64454156
,684,0,0,0.7446373
,684,1,0,0.74961084
,684,2,0,0.82066727
,684,3,3,1.0
,685,0,0,0.75598705
,685,1,0,0.7572408
,685,2,2,1.0
,685,3,0,0.8206481
,686,0,0,0.6527604
,686,1,0,0.7578992
,686,2,0,0.78292936
,686,3,2,1.0
,687,0,3,1.0
,687,1,0,0.753572
,687,2,0,0.75441283
,687,3,0,0.73469555
,688,0,0,0.85353047
,688,1,0,0.709214
,688,2,0,0.75698555
,688,3,2,1.0
,689,0,0,0.7117987
,689,1,2,1.0
,689,2,0,0.75821304
,689,3,0,0.7820894
,690,0,2,1.0
,690,1,0,0.7828926
,690,2,0,0.757874
,690,3,0,0.65307164
,691,0,0,0.734717
,691,1,0,0.754414
,691,2,0,0.754119
,691,3,3,1.0
,692,0,2,1.0
,692,1,0,0.7572496
,692,2,0,0.756889
,692,3,0,0.8206662
,693,0,0,0.7826961
,693,1,0,0.75654644
,693,2,0,0.72512054
,693,3,2,1.0
,694,0,0,0.5183858
,694,1,1,0.5434688
,694,2,3,1.0
,694,3,1,0.7019644
,695,0,0,0.75253147
,695,1,2,1.0
,695,2,0,0.85260504
,695,3,0,0.6883776
,696,0,0,0.50132865
,696,1,1,0.85559475
,696,2,1,0.55703837
,696,3,2,1.0
,697,0,0,0.75464517
,697,1,0,0.70205814
,697,2,2,1.0
,697,3,0,0.78262764
,698,0,0,0.75822085
,698,1,2,1.0
,698,2,0,0.73883915
,698,3,0,0.758525
,699,0,0,0.75740343
,699,1,0,0.7258864
,699,2,2,1.0
,699,3,0,0.7562521
,700,0,0,0.5015351
,700,1,2,1.0
,700,2,1,0.855192
,700,3,1,0.55939597
,701,0,0,0.7546996
,701,1,0,0.7382072
,701,2,0,0.7506392
,701,3,2,1.0
,702,0,0,0.7579369
,702,1,2,1.0
,702,2,0,0.757891
,702,3,0,0.728418
,703,0,0,0.55590594
,703,1,1,0.745521
,703,2,0,0.55591315
,703,3,2,1.0
,704,0,0,0.7547896
,704,1,2,1.0
,704,2,0,0.7553338
,704,3,0,0.7382236
,705,0,0,0.7105995
,705,1,0,0.7827146
,705,2,0,0.75821704
,705,3,2,1.0
,706,0,2,1.0
,706,1,0,0.7109375
,706,2,0,0.75823474
,706,3,0,0.78270173
,707,0,0,0.7827019
,707,1,2,1.0
,707,2,0,0.7582351
,707,3,0,0.71093756
,708,0,0,0.7109423
,708,1,0,0.783198
,708,2,0,0.75823694
,708,3,2,1.0
,709,0,2,1.0
,709,1,0,0.7580159
,709,2,0,0.7582722
,709,3,0,0.73884773
,710,0,0,0.78321767
,710,1,0,0.71064717
,710,2,0,0.7582534
,710,3,2,1.0
,711,0,0,0.7585488
,711,1,2,1.0
,711,2,0,0.75823927
,711,3,0,0.73884296
,712,0,0,0.7573392
,712,1,0,0.72577393
,712,2,0,0.7549978
,712,3,2,1.0
,713,0,1,0.5022472
,713,1,2,1.0
,713,2,1,0.6252195
,713,3,1,0.8561733
,714,0,0,0.64481264
,714,1,0,0.7788244
,714,2,3,1.0
,714,3,0,0.7466149
,715,0,3,1.0
,715,1,0,0.7037631
,715,2,0,0.8539467
,715,3,0,0.75178564
,716,0,0,0.82066697
,716,1,2,1.0
,716,2,0,0.75837
,716,3,0,0.75666326
,717,0,2,1.0
,717,1,0,0.7827367
,717,2,0,0.7582769
,717,3,0,0.71065176
,718,0,0,0.78270173
,718,1,0,0.710938
,718,2,0,0.7582353
,718,3,2,1.0
,719,0,0,0.71093327
,719,1,2,1.0
,719,2,0,0.7582237
,719,3,0,0.7831914
,720,0,2,1.0
,720,1,0,0.7258657
,720,2,0,0.7569236
,720,3,0,0.75720793
,721,0,1,0.86690307
,721,1,2,1.0
,721,2,1,0.5229383
,721,3,1,0.52293086
,722,0,0,1.0
,722,1,0,1.0
,722,2,2,0.5094453
,722,3,0,1.0
,723,0,0,0.76039976
,723,1,0,0.76039964
,723,2,0,0.81718326
,723,3,2,1.0
,724,0,0,0.7622977
,724,1,0,0.7622977
,724,2,0,0.7158975
,724,3,2,1.0
,725,0,0,0.7583271
,725,1,0,0.75832707
,725,2,2,1.0
,725,3,0,0.7388589
,726,0,0,0.7573999
,726,1,0,0.7573999
,726,2,0,0.7259369
,726,3,2,1.0
,727,0,0,0.5012871
,727,1,0,0.5012871
,727,2,2,1.0
,727,3,1,0.87125456
,728,0,1,0.5149979
,728,1,1,0.5149979
,728,2,1,0.8867491
,728,3,3,1.0
,729,0,0,0.7532035
,729,1,0,0.7532035
,729,2,2,1.0
,729,3,0,0.820678
,730,0,0,0.7582477
,730,1,0,0.7582477
,730,2,0,0.7388822
,730,3,2,1.0
,731,0,0,0.7573929
,731,1,0,0.7573937
,731,2,2,1.0
,731,3,0,0.7259118
,732,0,0,0.50081646
,732,1,0,0.5008591
,732,2,1,0.889485
,732,3,2,1.0
,733,0,1,0.51079243
,733,1,1,0.50914925
,733,2,2,1.0
,733,3,1,0.9090343
,734,0,0,0.64565367
,734,1,0,0.7516069
,734,2,0,0.7801552
,734,3,3,1.0
,735,0,3,1.0
,735,1,0,0.7523697
,735,2,0,0.7526985
,735,3,0,0.82067186
,736,0,0,0.82066625
,736,1,0,0.75727224
,736,2,0,0.7567345
,736,3,2,1.0
,737,0,2,1.0
,737,1,0,0.7582687
,737,2,0,0.7106348
,737,3,0,0.7832349
,738,0,0,0.6842671
,738,1,0,0.7579716
,738,2,2,1.0
,738,3,0,0.7577008
,739,0,3,1.0
,739,1,0,0.7538914
,739,2,0,0.77944684
,739,3,0,0.7056843
,740,0,0,0.77844346
,740,1,0,0.7572624
,740,2,0,0.75700355
,740,3,2,1.0
,741,0,3,1.0
,741,1,0,0.7530017
,741,2,0,0.705285
,741,3,0,0.77916145
,742,0,0,0.85389847
,742,1,0,0.70917743
,742,2,2,1.0
,742,3,0,0.7567005
,743,0,0,0.7593131
,743,1,2,1.0
,743,2,0,0.78319615
,743,3,0,0.71060246
,744,0,0,0.7582863
,744,1,0,0.73885214
,744,2,0,0.758551
,744,3,2,1.0
,745,0,0,0.7582834
,745,1,2,1.0
,745,2,0,0.7577528
,745,3,0,0.738864
,746,0,0,0.7577118
,746,1,0,0.78321594
,746,2,0,0.71063834
,746,3,2,1.0
,747,0,0,0.7106195
,747,1,0,0.75851774
,747,2,2,1.0
,747,3,0,0.78270125
,748,0,2,1.0
,748,1,0,0.7582399
,748,2,0,0.7832034
,748,3,0,0.71094215
,749,0,0,0.7388443
,749,1,0,0.7582664
,749,2,0,0.7585496
,749,3,2,1.0
,750,0,2,1.0
,750,1,0,0.7574122
,750,2,0,0.75741535
,750,3,0,0.7259004
,751,0,1,0.9078184
,751,1,0,0.5017416
,751,2,0,0.5017417
,751,3,2,1.0
,752,0,3,1.0
,752,1,0,0.75241494
,752,2,0,0.7524148
,752,3,0,0.73593986
,753,0,0,0.82066834
,753,1,0,0.7572526
,753,2,0,0.7572527
,753,3,2,1.0
,754,0,2,1.0
,754,1,0,0.75830615
,754,2,0,0.75830615
,754,3,0,0.73887116
,755,0,0,0.6842635
,755,1,0,0.75799227
,755,2,0,0.7579924
,755,3,2,1.0
,756,0,3,1.0
,756,1,0,0.7539555
,756,2,0,0.7539617
,756,3,0,0.7345571
,757,0,0,0.82066655
,757,1,0,0.7567204
,757,2,0,0.75726205
,757,3,2,1.0
,758,0,2,1.0
,758,1,0,0.7106348
,758,2,0,0.75826854
,758,3,0,0.78324056
,759,0,0,0.684246
,759,1,2,1.0
,759,2,0,0.75797373
,759,3,0,0.75825113
,760,0,3,1.0
,760,1,0,0.7345337
,760,2,0,0.75395775
,760,3,0,0.7534106
,761,0,0,0.85308796
,761,1,2,1.0
,761,2,0,0.7569756
,761,3,0,0.70918405
,762,0,0,0.6540824
,762,1,0,0.7828853
,762,2,0,0.7572971
,762,3,2,0.9999999
,763,0,3,1.0
,763,1,0,0.7543419
,763,2,0,0.7058603
,763,3,0,0.77958584
,764,0,0,0.82066673
,764,1,0,0.7572464
,764,2,2,1.0
,764,3,0,0.7569935
,765,0,2,1.0
,765,1,0,0.75826424
,765,2,0,0.7827367
,765,3,0,0.7106561
,766,0,0,0.78270185
,766,1,0,0.7582354
,766,2,0,0.710938
,766,3,2,1.0
,767,0,0,0.7109422
,767,1,0,0.75823694
,767,2,2,1.0
,767,3,0,0.7831979
,768,0,2,1.0
,768,1,0,0.7582722
,768,2,0,0.7388476
,768,3,0,0.7580159
,769,0,0,0.7827161
,769,1,0,0.7582519
,769,2,2,1.0
,769,3,0,0.71064234
,770,0,0,0.7109423
,770,1,0,0.758237
,770,2,0,0.7831978
,770,3,2,1.0
,771,0,2,1.0
,771,1,0,0.75827205
,771,2,0,0.7580157
,771,3,0,0.73884755
,772,0,0,0.782572
,772,1,0,0.75824326
,772,2,0,0.71063143
,772,3,2,1.0
,773,0,0,0.69711363
,773,1,0,0.75733536
,773,2,2,1.0
,773,3,0,0.7813069
,774,0,2,1.0
,774,1,0,0.5014592
,774,2,1,0.85523766
,774,3,1,0.558836
,775,0,0,0.7251478
,775,1,0,0.7537488
,775,2,0,0.74820185
,775,3,2,1.0
,776,0,2,1.0
,776,1,1,0.5005226
,776,2,1,0.57669747
,776,3,1,0.8569077
,777,0,1,0.8569913
,777,1,1,0.50904477
,777,2,2,1.0
,777,3,1,0.5788061
,778,0,0,0.74852955
,778,1,0,0.753697
,778,2,0,0.7587375
,778,3,2,1.0
,779,0,1,0.57240087
,779,1,1,0.5114934
,779,2,3,1.0
,779,3,1,0.8610673
,780,0,2,1.0
,780,1,0,0.7534141
,780,2,0,0.82066077
,780,3,0,0.74940157
,781,0,0,0.6843129
,781,1,0,0.75795823
,781,2,2,1.0
,781,3,0,0.7573578
,782,0,3,1.0
,782,1,0,0.7538914
,782,2,0,0.7794528
,782,3,0,0.7056803
,783,0,0,0.7784246
,783,1,0,0.7572715
,783,2,0,0.75754917
,783,3,2,1.0
,784,0,3,1.0
,784,1,0,0.7536198
,784,2,0,0.7524055
,784,3,0,0.73417604
,785,0,0,0.8535489
,785,1,0,0.75651896
,785,2,0,0.6510771
,785,3,2,1.0
,786,0,0,0.7070899
,786,1,0,0.7540347
,786,2,3,1.0
,786,3,0,0.7790817
,787,0,2,1.0
,787,1,0,0.75695014
,787,2,0,0.8537012
,787,3,0,0.709522
,788,0,0,0.78019
,788,1,0,0.7573595
,788,2,0,0.73394084
,788,3,2,1.0
,789,0,1,0.6351415
,789,1,1,0.51225734
,789,2,3,1.0
,789,3,1,0.8614497
,790,0,3,1.0
,790,1,0,0.7497078
,790,2,0,0.8206678
,790,3,0,0.74561876
,791,0,0,0.8206679
,791,1,0,0.7572466
,791,2,2,1.0
,791,3,0,0.7571938
,792,0,2,1.0
,792,1,0,0.7583016
,792,2,0,0.7388878
,792,3,0,0.75776136
,793,0,0,0.7832179
,793,1,0,0.7582542
,793,2,2,1.0
,793,3,0,0.7106441
,794,0,0,0.75855136
,794,1,0,0.75827444
,794,2,0,0.7388522
,794,3,2,1.0
,795,0,0,0.7577528
,795,1,0,0.75828946
,795,2,2,1.0
,795,3,0,0.7388641
,796,0,0,0.71063894
,796,1,0,0.7582522
,796,2,0,0.7827162
,796,3,2,1.0
,797,0,2,1.0
,797,1,0,0.7582352
,797,2,0,0.7109375
,797,3,0,0.78270173
,798,0,0,0.7827019
,798,1,0,0.7582351
,798,2,2,1.0
,798,3,0,0.7109375
,799,0,0,0.7109374
,799,1,0,0.7582351
,799,2,0,0.78270185
,799,3,2,1.0
,800,0,2,1.0
,800,1,0,0.7582351
,800,2,0,0.7109375
,800,3,0,0.7827019
,801,0,0,0.78270173
,801,1,0,0.7582351
,801,2,2,1.0
,801,3,0,0.7109375
,802,0,0,0.71091944
,802,1,0,0.75823927
,802,2,0,0.78320587
,802,3,2,1.0
,803,0,2,1.0
,803,1,0,0.75797856
,803,2,0,0.75825554
,803,3,0,0.6844781
,804,0,0,0.68004054
,804,1,0,0.75337815
,804,2,0,0.7528126
,804,3,3,1.0
,805,0,3,1.0
,805,1,0,0.75163716
,805,2,0,0.7031643
,805,3,0,0.8539431
,806,0,0,0.810853
,806,1,0,0.7563992
,806,2,2,1.0
,806,3,0,0.75755495
,807,0,2,1.0
,807,1,0,0.5025997
,807,2,1,0.8825468
,807,3,0,0.50189054
,808,0,0,0.7819992
,808,1,0,0.7545096
,808,2,2,1.0
,808,3,0,0.70644486
,809,0,0,0.710929
,809,1,0,0.7581908
,809,2,0,0.78319466
,809,3,2,1.0
,810,0,2,1.0
,810,1,0,0.75827163
,810,2,0,0.7580159
,810,3,0,0.7388478
,811,0,0,0.78321767
,811,1,0,0.75825375
,811,2,0,0.71064717
,811,3,2,1.0
,812,0,0,0.7585575
,812,1,0,0.7582745
,812,2,2,1.0
,812,3,0,0.7388525
,813,0,0,0.7582949
,813,1,0,0.7582916
,813,2,0,0.73886895
,813,3,2,1.0
,814,0,0,0.75829196
,814,1,0,0.7582919
,814,2,2,1.0
,814,3,0,0.73886913
,815,0,0,0.75829417
,815,1,0,0.75829417
,815,2,0,0.7388478
,815,3,2,1.0
,816,0,0,0.757992
,816,1,0,0.7579921
,816,2,2,1.0
,816,3,0,0.68426335
,817,0,0,0.7539618
,817,1,0,0.7539618
,817,2,0,0.7345574
,817,3,3,1.0
,818,0,0,0.7572648
,818,1,0,0.7572648
,818,2,2,1.0
,818,3,0,0.8206684
,819,0,0,0.758304
,819,1,0,0.7583039
,819,2,0,0.7388924
,819,3,2,1.0
,820,0,0,0.75829196
,820,1,0,0.758286
,820,2,2,1.0
,820,3,0,0.738869
,821,0,0,0.75827616
,821,1,0,0.7577495
,821,2,0,0.7388638
,821,3,2,1.0
,822,0,0,0.7570565
,822,1,0,0.71060705
,822,2,2,1.0
,822,3,0,0.783215
,823,0,0,0.6527207
,823,1,2,1.0
,823,2,0,0.7828853
,823,3,0,0.7581565
,824,0,3,1.0
,824,1,0,0.7346953
,824,2,0,0.75386244
,824,3,0,0.7541248
,825,0,0,0.8530877
,825,1,2,1.0
,825,2,0,0.7091907
,825,3,0,0.75698453
,826,0,0,0.65405864
,826,1,0,0.78288716
,826,2,2,1.0
,826,3,0,0.7578537
,827,0,3,1.0
,827,1,0,0.75441104
,827,2,0,0.73471344
,827,3,0,0.7541062
,828,0,0,0.82064825
,828,1,0,0.75726557
,828,2,2,1.0
,828,3,0,0.75606567
,829,0,2,1.0
,829,1,0,0.75790393
,829,2,0,0.78241396
,829,3,0,0.6527851
,830,0,0,0.7790846
,830,1,0,0.75405437
,830,2,0,0.70616907
,830,3,3,1.0
,831,0,0,0.7095199
,831,1,0,0.75696063
,831,2,2,1.0
,831,3,0,0.85389394
,832,0,2,1.0
,832,1,0,0.7582437
,832,2,0,0.73883986
,832,3,0,0.75881076
,833,0,0,0.7832158
,833,1,0,0.75771123
,833,2,2,1.0
,833,3,0,0.71065176
,834,0,0,0.7585178
,834,1,0,0.71061933
,834,2,0,0.78270125
,834,3,2,1.0
,835,0,0,0.7582381
,835,1,2,1.0
,835,2,0,0.7109373
,835,3,0,0.78270173
,836,0,0,0.75823694
,836,1,0,0.7831979
,836,2,2,1.0
,836,3,0,0.7109422
,837,0,0,0.7582722
,837,1,0,0.7580159
,837,2,0,0.7388476
,837,3,2,1.0
,838,0,0,0.7582519
,838,1,0,0.71064234
,838,2,2,1.0
,838,3,0,0.78271604
,839,0,0,0.7582368
,839,1,2,1.0
,839,2,0,0.7832034
,839,3,0,0.7109425
,840,0,0,0.7582533
,840,1,0,0.7388439
,840,2,0,0.7585496
,840,3,2,1.0
,841,0,0,0.75624883
,841,1,2,1.0
,841,2,0,0.7574069
,841,3,0,0.72588605
,842,0,1,0.5594087
,842,1,1,0.855561
,842,2,0,0.50151676
,842,3,2,1.0
,843,0,2,1.0
,843,1,0,0.70204073
,843,2,0,0.75393075
,843,3,0,0.7826143
,844,0,0,0.7821807
,844,1,2,1.0
,844,2,0,0.6958615
,844,3,0,0.7574004
,845,0,1,0.5159833
,845,1,1,0.95517063
,845,2,2,1.0
,845,3,1,0.51665545
,846,0,0,0.7533583
,846,1,2,1.0
,846,2,0,0.7249664
,846,3,0,0.7521822
,847,0,0,0.5014119
,847,1,1,0.8552005
,847,2,2,1.0
,847,3,1,0.55955213
,848,0,0,0.7543492
,848,1,0,0.75027466
,848,2,0,0.6834832
,848,3,2,1.0
,849,0,0,0.7539162
,849,1,0,0.75331855
,849,2,3,1.0
,849,3,0,0.7345343
,850,0,0,0.75697905
,850,1,0,0.70921034
,850,2,0,0.85353065
,850,3,2,1.0
,851,0,0,0.7582002
,851,1,2,1.0
,851,2,0,0.71182877
,851,3,0,0.7826955
,852,0,0,0.7570393
,852,1,0,0.7832009
,852,2,2,1.0
,852,3,0,0.7109058
,853,0,0,0.6527207
,853,1,0,0.7581565
,853,2,0,0.7828853
,853,3,2,1.0
,854,0,3,1.0
,854,1,0,0.75412476
,854,2,0,0.7538627
,854,3,0,0.7346954
,855,0,0,0.85353065
,855,1,0,0.7569822
,855,2,0,0.70921797
,855,3,2,1.0
,856,0,0,0.71182925
,856,1,0,0.7582139
,856,2,2,1.0
,856,3,0,0.7826958
,857,0,2,1.0
,857,1,0,0.7582351
,857,2,0,0.782702
,857,3,0,0.7109376
,858,0,0,0.7827017
,858,1,0,0.7582351
,858,2,0,0.71093714
,858,3,2,1.0
,859,0,0,0.71090686
,859,1,0,0.7582344
,859,2,2,1.0
,859,3,0,0.7820955
,860,0,2,1.0
,860,1,0,0.7578741
,860,2,0,0.7828924
,860,3,0,0.6530715
,861,0,0,0.73471713
,861,1,0,0.75412333
,861,2,0,0.7544141
,861,3,3,1.0
,862,0,2,1.0
,862,1,0,0.75725883
,862,2,0,0.7572617
,862,3,0,0.82066256
,863,0,0,0.725936
,863,1,0,0.757401
,863,2,0,0.7573632
,863,3,2,1.0
,864,0,2,1.0
,864,1,0,0.5005597
,864,2,1,0.5014364
,864,3,1,0.8898508
,865,0,1,0.9443877
,865,1,1,0.5265218
,865,2,1,0.60175234
,865,3,2,1.0
,866,0,1,0.521512
,866,1,1,0.5107005
,866,2,2,1.0
,866,3,1,0.89101005
,867,0,1,0.5097637
,867,1,1,0.5102324
,867,2,1,0.90913296
,867,3,2,1.0
,868,0,0,0.7522049
,868,1,0,0.7037776
,868,2,3,1.0
,868,3,0,0.7801579
,869,0,0,0.75694245
,869,1,2,1.0
,869,2,0,0.85353065
,869,3,0,0.70953465
,870,0,0,0.7581906
,870,1,0,0.7831899
,870,2,0,0.7118247
,870,3,2,1.0
,871,0,0,0.75590855
,871,1,0,0.7576354
,871,2,2,1.0
,871,3,0,0.725827
,872,0,1,0.5764497
,872,1,1,0.5004181
,872,2,1,0.8561529
,872,3,2,1.0
,873,0,2,1.0
,873,1,1,0.50998616
,873,2,1,0.5208013
,873,3,1,0.89126426
,874,0,1,0.9440743
,874,1,1,0.5254856
,874,2,1,0.5860855
,874,3,2,1.0
,875,0,0,0.74957705
,875,1,0,0.7531392
,875,2,2,1.0
,875,3,0,0.7381341
,876,0,0,0.75779605
,876,1,0,0.6529259
,876,2,0,0.7829043
,876,3,2,1.0
,877,0,0,0.75355256
,877,1,3,1.0
,877,2,0,0.7532773
,877,3,0,0.6802328
,878,0,0,0.75164783
,878,1,0,0.85394865
,878,2,0,0.7031752
,878,3,3,1.0
,879,0,0,0.75719726
,879,1,0,0.7583701
,879,2,2,1.0
,879,3,0,0.82067794
,880,0,0,0.7579387
,880,1,0,0.7584791
,880,2,0,0.7833971
,880,3,2,1.0
,881,0,0,0.7151329
,881,1,0,0.76227975
,881,2,0,0.76137644
,881,3,2,1.0
,882,0,2,1.0
,882,1,0,0.7579327
,882,2,0,0.6528248
,882,3,0,0.7823896
,883,0,0,0.7790844
,883,1,0,0.75404817
,883,2,3,1.0
,883,3,0,0.7061682
,884,0,0,0.70951384
,884,1,0,0.75641567
,884,2,0,0.8538982
,884,3,2,1.0
,885,0,2,1.0
,885,1,0,0.7105829
,885,2,0,0.75928617
,885,3,0,0.7825499
,886,0,0,0.782344
,886,1,2,1.0
,886,2,0,0.7558668
,886,3,0,0.69706553
,887,0,0,0.5001168
,887,1,1,0.8571468
,887,2,1,0.5766041
,887,3,2,1.0
,888,0,1,0.5108519
,888,1,1,0.5955996
,888,2,2,1.0
,888,3,1,0.858614
,889,0,1,0.5094019
,889,1,2,1.0
,889,2,1,0.8570147
,889,3,1,0.57891977
,890,0,0,0.752507
,890,1,0,0.7587397
,890,2,0,0.7497263
,890,3,2,1.0
,891,0,1,0.57234997
,891,1,3,1.0
,891,2,1,0.5116314
,891,3,1,0.86152714
,892,0,2,1.0
,892,1,0,0.85339266
,892,2,0,0.75092274
,892,3,0,0.6861657
,893,0,1,0.8552352
,893,1,0,0.50392854
,893,2,1,0.5596124
,893,3,2,1.0
,894,0,0,0.74992687
,894,1,0,0.7547034
,894,2,2,1.0
,894,3,0,0.7381974
,895,0,0,0.6967029
,895,1,0,0.75615335
,895,2,0,0.7823899
,895,3,2,1.0
,896,0,2,1.0
,896,1,1,0.55952656
,896,2,0,0.50209725
,896,3,1,0.8560363
,897,0,0,0.7822543
,897,1,2,1.0
,897,2,0,0.75421107
,897,3,0,0.64318573
,898,0,0,0.7544263
,898,1,0,0.73474926
,898,2,0,0.75411415
,898,3,3,1.0
,899,0,0,0.7560694
,899,1,2,1.0
,899,2,0,0.7572624
,899,3,0,0.8206484
,900,0,0,0.6527851
,900,1,0,0.78241396
,900,2,0,0.757904
,900,3,2,1.0
,901,0,3,1.0
,901,1,0,0.70616907
,901,2,0,0.7540544
,901,3,0,0.77908444
,902,0,0,0.8539004
,902,1,2,1.0
,902,2,0,0.7569626
,902,3,0,0.70949686
,903,0,0,0.75905186
,903,1,0,0.6842368
,903,2,0,0.7579443
,903,3,2,1.0
,904,0,0,0.75396395
,904,1,3,1.0
,904,2,0,0.7534072
,904,3,0,0.7345335
,905,0,0,0.7564349
,905,1,0,0.8538982
,905,2,0,0.70920795
,905,3,2,1.0
,906,0,0,0.710599
,906,1,0,0.7593133
,906,2,2,1.0
,906,3,0,0.78319055
,907,0,2,1.0
,907,1,0,0.7582841
,907,2,0,0.73884743
,907,3,0,0.7580155
,908,0,0,0.78321207
,908,1,0,0.75825393
,908,2,2,1.0
,908,3,0,0.710647
,909,0,0,0.75801575
,909,1,0,0.75827205
,909,2,0,0.7388476
,909,3,2,1.0
,910,0,0,0.7106376
,910,1,0,0.7582431
,910,2,2,1.0
,910,3,0,0.7831826
,911,0,2,1.0
,911,1,0,0.75715303
,911,2,0,0.7249819
,911,3,0,0.75503045
,912,0,1,0.94380635
,912,1,1,0.5176435
,912,2,2,1.0
,912,3,1,0.64135945
,913,0,0,0.74581677
,913,1,0,0.75132036
,913,2,0,0.73508173
,913,3,3,1.0
,914,0,0,0.70911777
,914,1,0,0.7569524
,914,2,2,1.0
,914,3,0,0.85353065
,915,0,2,1.0
,915,1,0,0.75821525
,915,2,0,0.7831972
,915,3,0,0.7118342
,916,0,0,0.7388441
,916,1,0,0.7582664
,916,2,0,0.7585365
,916,3,2,1.0
,917,0,2,1.0
,917,1,0,0.7574036
,917,2,0,0.75625205
,917,3,0,0.7258862
,918,0,1,0.85520077
,918,1,0,0.5015175
,918,2,1,0.55940914
,918,3,2,1.0
,919,0,0,0.7494158
,919,1,0,0.75350595
,919,2,2,1.0
,919,3,0,0.7240886
,920,0,1,0.5237745
,920,1,1,0.5229276
,920,2,1,0.9835594
,920,3,2,1.0
,921,0,0,0.7059796
,921,1,0,0.7541226
,921,2,2,1.0
,921,3,0,0.7813104
,922,0,2,1.0
,922,1,0,0.7578227
,922,2,0,0.7828881
,922,3,0,0.65305513
,923,0,0,0.7347131
,923,1,0,0.7541099
,923,2,0,0.7543842
,923,3,3,1.0
,924,0,2,1.0
,924,1,0,0.75612885
,924,2,0,0.7546352
,924,3,0,0.809942
,925,0,1,0.97932726
,925,1,1,0.5245525
,925,2,1,0.6006896
,925,3,2,1.0
,926,0,1,0.576722
,926,1,1,0.53211826
,926,2,2,1.0
,926,3,1,0.9793087
,927,0,3,1.0
,927,1,1,0.5180551
,927,2,1,0.8875697
,927,3,1,0.53051543
,928,0,0,0.8538968
,928,1,0,0.7528099
,928,2,2,1.0
,928,3,0,0.70439404
,929,0,0,0.757831
,929,1,0,0.7572999
,929,2,0,0.72588843
,929,3,2,1.0
,930,0,1,0.53182626
,930,1,0,0.5008964
,930,2,2,1.0
,930,3,1,0.8563127
,931,0,3,1.0
,931,1,1,0.5178237
,931,2,1,0.8611182
,931,3,1,0.58760303
,932,0,0,0.85166043
,932,1,0,0.7521832
,932,2,0,0.7230421
,932,3,2,1.0
,933,0,1,0.63280016
,933,1,1,0.51232433
,933,2,3,1.0
,933,3,1,0.8622134
,934,0,3,1.0
,934,1,0,0.74830675
,934,2,0,0.8535986
,934,3,0,0.63680685
,935,0,0,0.85394335
,935,1,0,0.7511084
,935,2,0,0.7047233
,935,3,3,1.0
,936,0,0,0.7571485
,936,1,0,0.69521135
,936,2,2,1.0
,936,3,0,0.8524171
,937,0,0,0.50034106
,937,1,2,1.0
,937,2,1,0.8557541
,937,3,1,0.57127404
,938,0,0,0.5393355
,938,1,1,0.74670815
,938,2,0,0.5307737
,938,3,2,1.0
,939,0,0,0.7551169
,939,1,2,1.0
,939,2,0,0.7544826
,939,3,0,0.7382039
,940,0,0,0.75751895
,940,1,0,0.7832065
,940,2,0,0.71058464
,940,3,2,1.0
,941,0,0,0.6968408
,941,1,0,0.75763637
,941,2,2,1.0
,941,3,0,0.78239274
,942,0,2,1.0
,942,1,0,0.50243807
,942,2,1,0.88262063
,942,3,0,0.5030757
,943,0,0,0.72509015
,943,1,0,0.75365937
,943,2,2,1.0
,943,3,0,0.7536667
,944,0,2,1.0
,944,1,0,0.50238264
,944,2,1,0.88260233
,944,3,0,0.5023826
,945,0,0,0.72508895
,945,1,0,0.7536585
,945,2,2,1.0
,945,3,0,0.7536404
,946,0,2,1.0
,946,1,0,0.5023579
,946,2,1,0.88261455
,946,3,0,0.5014175
,947,0,0,0.7805789
,947,1,0,0.75357044
,947,2,2,1.0
,947,3,0,0.69246346
,948,0,1,0.5588624
,948,1,0,0.5013521
,948,2,1,0.8552309
,948,3,2,1.0
,949,0,2,1.0
,949,1,0,0.7546889
,949,2,0,0.75061625
,949,3,0,0.7382053
,950,0,0,0.725039
,950,1,0,0.75714546
,950,2,0,0.7559205
,950,3,2,1.0
,951,0,2,1.0
,951,1,1,0.51698554
,951,2,1,0.5775781
,951,3,1,0.94355863
,952,0,0,0.7381753
,952,1,0,0.75445104
,952,2,2,1.0
,952,3,0,0.7495944
,953,0,2,1.0
,953,1,0,0.7582492
,953,2,0,0.73884624
,953,3,0,0.75818783
,954,0,0,0.684287
,954,1,0,0.7579893
,954,2,2,1.0
,954,3,0,0.7574339
,955,0,3,1.0
,955,1,0,0.7538826
,955,2,0,0.7794442
,955,3,0,0.70567715
,956,0,0,0.8108524
,956,1,0,0.7564376
,956,2,0,0.7567118
,956,3,2,1.0
,957,0,2,1.0
,957,1,0,0.502577
,957,2,0,0.5016337
,957,3,1,0.882556
,958,0,0,0.78035647
,958,1,0,0.75335526
,958,2,0,0.69156474
,958,3,2,1.0
,959,0,1,0.5769981
,959,1,1,0.5171268
,959,2,2,1.0
,959,3,1,0.94377214
,960,0,2,1.0
,960,1,0,0.7534193
,960,2,0,0.78036934
,960,3,0,0.6867053
,961,0,1,0.85694146
,961,1,1,0.500604
,961,2,1,0.5759614
,961,3,2,1.0
,962,0,1,0.57883817
,962,1,1,0.5090559
,962,2,2,1.0
,962,3,1,0.8574517
,963,0,2,1.0
,963,1,0,0.7533555
,963,2,0,0.7804707
,963,3,0,0.68700635
,964,0,1,0.9435732
,964,1,1,0.5171321
,964,2,1,0.57696825
,964,3,2,1.0
,965,0,0,0.74860764
,965,1,0,0.75350696
,965,2,2,1.0
,965,3,0,0.76105016
,966,0,1,0.52301514
,966,1,1,0.5212291
,966,2,1,0.9662013
,966,3,3,1.0
,967,0,0,0.6431628
,967,1,0,0.7495699
,967,2,3,1.0
,967,3,0,0.85396194
,968,0,3,1.0
,968,1,0,0.7523369
,968,2,0,0.8206588
,968,3,0,0.7530118
,969,0,0,0.85389763
,969,1,0,0.75699055
,969,2,2,1.0
,969,3,0,0.7092422
,970,0,0,0.75934327
,970,1,0,0.7582522
,970,2,0,0.73884463
,970,3,2,1.0
,971,0,0,0.7576059
,971,1,0,0.7582671
,971,2,2,1.0
,971,3,0,0.7388538
,972,0,0,0.6968056
,972,1,0,0.75619614
,972,2,0,0.7823906
,972,3,2,1.0
,973,0,2,1.0
,973,1,1,0.55949074
,973,2,0,0.502071
,973,3,1,0.85569686
,974,0,0,0.7817451
,974,1,2,1.0
,974,2,0,0.75222164
,974,3,0,0.6879078
,975,0,0,0.50010324
,975,1,1,0.85694134
,975,2,1,0.57666874
,975,3,2,1.0
,976,0,1,0.50998604
,976,1,1,0.578851
,976,2,2,1.0
,976,3,1,0.8569908
,977,0,0,0.69247514
,977,1,2,1.0
,977,2,0,0.7806991
,977,3,0,0.7495927
,978,0,2,1.0
,978,1,1,0.8552444
,978,2,1,0.55888146
,978,3,0,0.50049335
,979,0,0,0.78261775
,979,1,0,0.7498618
,979,2,2,1.0
,979,3,0,0.7065869
,980,0,0,0.7572757
,980,1,0,0.6954016
,980,2,0,0.7806933
,980,3,2,1.0
,981,0,1,0.52614087
,981,1,2,1.0
,981,2,1,0.60075676
,981,3,1,0.9923844
,982,0,1,0.5108938
,982,1,1,0.891116
,982,2,2,1.0
,982,3,1,0.52618486
,983,0,1,0.5122308
,983,1,2,1.0
,983,2,1,0.85795903
,983,3,1,0.63594073
,984,0,0,0.7028254
,984,1,0,0.7799471
,984,2,0,0.74731225
,984,3,3,1.0
,985,0,2,1.0
,985,1,0,0.7575388
,985,2,0,0.7566252
,985,3,0,0.82066673
,986,0,0,0.7827367
,986,1,0,0.75826746
,986,2,0,0.7106516
,986,3,2,1.0
,987,0,0,0.7109426
,987,1,0,0.7582311
,987,2,2,1.0
,987,3,0,0.7832036
,988,0,2,1.0
,988,1,0,0.75773215
,988,2,0,0.7388478
,988,3,0,0.758555
,989,0,0,0.7832099
,989,1,0,0.71063405
,989,2,2,1.0
,989,3,0,0.75823206
,990,0,0,0.7576311
,990,1,2,1.0
,990,2,0,0.72582734
,990,3,0,0.75589144
,991,0,1,0.5006329
,991,1,1,0.8570256
,991,2,2,1.0
,991,3,1,0.5773513
,992,0,1,0.52510566
,992,1,1,0.59462243
,992,2,1,0.94403017
,992,3,2,1.0
,993,0,0,0.75380117
,993,1,2,1.0
,993,2,0,0.74957687
,993,3,0,0.7381614
,994,0,0,0.71059203
,994,1,0,0.7832166
,994,2,0,0.75815356
,994,3,2,1.0
,995,0,2,1.0
,995,1,0,0.75855976
,995,2,0,0.75826186
,995,3,0,0.73883057
,996,0,0,0.6845579
,996,1,0,0.75799465
,996,2,0,0.7567757
,996,3,2,1.0
,997,0,3,1.0
,997,1,0,0.7531948
,997,2,0,0.64780784
,997,3,0,0.7783267
,998,0,0,0.85393935
,998,1,0,0.75183815
,998,2,3,1.0
,998,3,0,0.7037303
,999,0,0,0.7572785
,999,1,0,0.7561102
,999,2,0,0.83785707
,999,3,2,1.0
,1000,0,1,0.5211989
,1000,1,1,0.52122986
,1000,2,3,1.0
,1000,3,1,0.9565112
,1001,0,0,0.7522109
,1001,1,0,0.75221056
,1001,2,0,0.81084436
,1001,3,2,1.0
,1002,0,0,0.5008581
,1002,1,0,0.5008581
,1002,2,2,1.0
,1002,3,1,0.889424
,1003,0,1,0.50847715
,1003,1,1,0.50847715
,1003,2,1,0.8842589
,1003,3,2,1.0
,1004,0,0,0.75349754
,1004,1,0,0.75349754
,1004,2,2,1.0
,1004,3,0,0.72505516
,1005,0,0,0.50076157
,1005,1,0,0.50076157
,1005,2,1,0.88947165
,1005,3,2,1.0
,1006,0,1,0.508468
,1006,1,1,0.508468
,1006,2,2,1.0
,1006,3,1,0.8842536
,1007,0,0,0.7544168
,1007,1,0,0.7544168
,1007,2,0,0.738062
,1007,3,2,1.0
,1008,0,0,0.7573927
,1008,1,0,0.7573927
,1008,2,2,1.0
,1008,3,0,0.7592455
,1009,0,1,0.5108594
,1009,1,1,0.5108593
,1009,2,1,0.8877039
,1009,3,3,1.0
,1010,0,0,0.7532697
,1010,1,0,0.75326973
,1010,2,2,1.0
,1010,3,0,0.7784322
,1011,0,0,0.753573
,1011,1,0,0.75357944
,1011,2,0,0.73423505
,1011,3,3,1.0
,1012,0,0,0.75672776
,1012,1,0,0.7572847
,1012,2,2,1.0
,1012,3,0,0.7784412
,1013,0,0,0.7053069
,1013,1,0,0.7535569
,1013,2,0,0.77915794
,1013,3,3,1.0
,1014,0,2,1.0
,1014,1,0,0.7572336
,1014,2,0,0.75632995
,1014,3,0,0.82064855
,1015,0,0,0.78241384
,1015,1,0,0.7579036
,1015,2,0,0.6527887
,1015,3,2,1.0
,1016,0,0,0.7061691
,1016,1,0,0.75405437
,1016,2,3,1.0
,1016,3,0,0.7790846
,1017,0,2,1.0
,1017,1,0,0.7569545
,1017,2,0,0.8538982
,1017,3,0,0.7095199
,1018,0,0,0.73883986
,1018,1,0,0.75771
,1018,2,0,0.759349
,1018,3,2,1.0
,1019,0,2,1.0
,1019,1,0,0.7106383
,1019,2,0,0.758264
,1019,3,0,0.78271604
,1020,0,0,0.78270155
,1020,1,2,1.0
,1020,2,0,0.7582353
,1020,3,0,0.71093756
,1021,0,0,0.71091926
,1021,1,0,0.78319997
,1021,2,0,0.75823927
,1021,3,2,1.0
,1022,0,2,1.0
,1022,1,0,0.75770026
,1022,2,0,0.7579714
,1022,3,0,0.6842691
,1023,0,0,0.77893984
,1023,1,0,0.7056606
,1023,2,0,0.75388783
,1023,3,3,1.0
,1024,0,0,0.70950454
,1024,1,2,1.0
,1024,2,0,0.7569368
,1024,3,0,0.85342574
,1025,0,2,1.0
,1025,1,0,0.78237087
,1025,2,0,0.75615776
,1025,3,0,0.6980297
,1026,0,1,0.85522604
,1026,1,0,0.50210595
,1026,2,1,0.5594718
,1026,3,2,1.0
,1027,0,0,0.7497323
,1027,1,0,0.7538114
,1027,2,2,1.0
,1027,3,0,0.72524464
,1028,0,0,0.5022951
,1028,1,0,0.5024001
,1028,2,1,0.8825962
,1028,3,2,1.0
,1029,0,0,0.75455016
,1029,1,0,0.75455064
,1029,2,2,1.0
,1029,3,0,0.738059
,1030,0,0,0.75735134
,1030,1,0,0.75728977
,1030,2,0,0.725937
,1030,3,2,1.0
,1031,0,0,0.50113076
,1031,1,1,0.5021237
,1031,2,2,1.0
,1031,3,1,0.8694104
,1032,0,1,0.5276287
,1032,1,1,0.64990276
,1032,2,1,0.94496244
,1032,3,3,1.0
,1033,0,0,0.7495555
,1033,1,3,1.0
,1033,2,0,0.7439525
,1033,3,0,0.8206469
,1034,0,0,0.7560516
,1034,1,0,0.8533926
,1034,2,0,0.69528276
,1034,3,2,1.0
,1035,0,0,0.5024226
,1035,1,0,0.50492966
,1035,2,2,1.0
,1035,3,1,0.8826011
,1036,0,0,0.75475955
,1036,1,0,0.75478816
,1036,2,0,0.78222275
,1036,3,2,1.0
,1037,0,0,0.762228
,1037,1,0,0.7622362
,1037,2,0,0.71546394
,1037,3,2,1.0
,1038,0,0,0.7576264
,1038,1,0,0.7583208
,1038,2,2,1.0
,1038,3,0,0.7388522
,1039,0,0,0.6959116
,1039,1,0,0.7571367
,1039,2,0,0.7810994
,1039,3,2,1.0
,1040,0,2,1.0
,1040,1,1,0.5170204
,1040,2,1,0.5769464
,1040,3,1,0.94357306
,1041,0,0,0.75871694
,1041,1,0,0.75358176
,1041,2,2,1.0
,1041,3,0,0.747513
,1042,0,3,1.0
,1042,1,1,0.5114995
,1042,2,1,0.8614244
,1042,3,1,0.57245946
,1043,0,0,0.8539054
,1043,1,0,0.7530682
,1043,2,0,0.70034724
,1043,3,2,1.0
,1044,0,0,0.7593458
,1044,1,0,0.7582025
,1044,2,2,1.0
,1044,3,0,0.7388395
,1045,0,0,0.75830364
,1045,1,0,0.7582907
,1045,2,0,0.73886895
,1045,3,2,1.0
,1046,0,0,0.75828594
,1046,1,0,0.7582919
,1046,2,2,1.0
,1046,3,0,0.73886895
,1047,0,0,0.75774986
,1047,1,0,0.75828964
,1047,2,0,0.73886436
,1047,3,2,1.0
,1048,0,0,0.7106439
,1048,1,0,0.75825393
,1048,2,2,1.0
,1048,3,0,0.7832176
,1049,0,2,1.0
,1049,1,0,0.75826645
,1049,2,0,0.73884374
,1049,3,0,0.75853646
,1050,0,0,0.72588605
,1050,1,0,0.7574039
,1050,2,2,1.0
,1050,3,0,0.75625205
,1051,0,2,1.0
,1051,1,0,0.5015278
,1051,2,1,0.8555609
,1051,3,1,0.5594083
,1052,0,0,0.7821242
,1052,1,0,0.7546445
,1052,2,0,0.7020521
,1052,3,2,1.0
,1053,0,0,0.7109246
,1053,1,0,0.75818944
,1053,2,2,1.0
,1053,3,0,0.78269774
,1054,0,2,1.0
,1054,1,0,0.7582312
,1054,2,0,0.78270185
,1054,3,0,0.7109374
,1055,0,0,0.7831932
,1055,1,0,0.7579434
,1055,2,0,0.7109434
,1055,3,2,1.0
,1056,0,0,0.75768447
,1056,1,0,0.73251265
,1056,2,2,1.0
,1056,3,0,0.7813374
,1057,0,1,0.5111559
,1057,1,3,1.0
,1057,2,1,0.86131924
,1057,3,1,0.5713619
,1058,0,0,0.7530734
,1058,1,0,0.8539054
,1058,2,0,0.7003501
,1058,3,2,1.0
,1059,0,0,0.75820255
,1059,1,0,0.7593458
,1059,2,2,1.0
,1059,3,0,0.7388396
,1060,0,0,0.7582907
,1060,1,0,0.7583037
,1060,2,0,0.73886895
,1060,3,2,1.0
,1061,0,0,0.7582918
,1061,1,0,0.75829196
,1061,2,2,1.0
,1061,3,0,0.7388692
,1062,0,0,0.7582857
,1062,1,0,0.7582918
,1062,2,0,0.73886895
,1062,3,2,1.0
,1063,0,0,0.7577496
,1063,1,0,0.75828177
,1063,2,2,1.0
,1063,3,0,0.738864
,1064,0,0,0.71062744
,1064,1,0,0.75755596
,1064,2,0,0.78319573
,1064,3,2,1.0
,1065,0,2,1.0
,1065,1,0,0.69678545
,1065,2,0,0.7564636
,1065,3,0,0.78237605
,1066,0,1,0.85522085
,1066,1,2,1.0
,1066,2,1,0.5594525
,1066,3,0,0.50210834
,1067,0,0,0.7506378
,1067,1,0,0.738208
,1067,2,2,1.0
,1067,3,0,0.7541601
,1068,0,0,0.7581554
,1068,1,2,1.0
,1068,2,0,0.7825712
,1068,3,0,0.7105814
,1069,0,0,0.7573515
,1069,1,0,0.7823643
,1069,2,0,0.6971658
,1069,3,2,1.0
,1070,0,0,0.5023877
,1070,1,0,0.5014082
,1070,2,2,1.0
,1070,3,1,0.8826525
,1071,0,0,0.75350136
,1071,1,0,0.64805317
,1071,2,0,0.7821249
,1071,3,2,1.0
,1072,0,0,0.70580935
,1072,1,3,1.0
,1072,2,0,0.7543443
,1072,3,0,0.77909726
,1073,0,2,1.0
,1073,1,0,0.85389835
,1073,2,0,0.756419
,1073,3,0,0.709514
,1074,0,0,0.7831768
,1074,1,0,0.75930536
,1074,2,0,0.71058977
,1074,3,2,1.0
,1075,0,0,0.7565158
,1075,1,0,0.7573983
,1075,2,2,1.0
,1075,3,0,0.72586876
,1076,0,1,0.5593893
,1076,1,0,0.50153494
,1076,2,1,0.855192
,1076,3,2,1.0
,1077,0,2,1.0
,1077,1,0,0.7547017
,1077,2,0,0.75064117
,1077,3,0,0.73821354
,1078,0,0,0.73884624
,1078,1,0,0.7582521
,1078,2,0,0.7581999
,1078,3,2,1.0
,1079,0,2,1.0
,1079,1,0,0.7579893
,1079,2,0,0.7574341
,1079,3,0,0.6842871
,1080,0,0,0.7794151
,1080,1,0,0.7538787
,1080,2,0,0.7056769
,1080,3,3,1.0
,1081,0,0,0.7539971
,1081,1,0,0.7561264
,1081,2,2,1.0
,1081,3,0,0.8099369
,1082,0,1,0.64642584
,1082,1,1,0.52319324
,1082,2,1,0.9792256
,1082,3,2,1.0
,1083,0,3,1.0
,1083,1,0,0.75117207
,1083,2,0,0.6967128
,1083,3,0,0.7794126
,1084,0,0,0.8534188
,1084,1,0,0.75691414
,1084,2,2,1.0
,1084,3,0,0.70950943
,1085,0,0,0.6971599
,1085,1,0,0.7570484
,1085,2,0,0.7821543
,1085,3,2,1.0
,1086,0,2,1.0
,1086,1,1,0.5196417
,1086,2,1,0.51737463
,1086,3,1,0.94971085
,1087,0,1,0.94492716
,1087,1,1,0.588069
,1087,2,1,0.5276229
,1087,3,3,1.0
,1088,0,0,0.6992029
,1088,1,2,1.0
,1088,2,0,0.7516385
,1088,3,0,0.8539084
,1089,0,2,1.0
,1089,1,0,0.7828781
,1089,2,0,0.6526264
,1089,3,0,0.75893885
,1090,0,0,0.7346957
,1090,1,0,0.7544124
,1090,2,3,0.9999988
,1090,3,0,0.7535842
,1091,0,2,1.0
,1091,1,0,0.75698525
,1091,2,0,0.8538978
,1091,3,0,0.709217
,1092,0,0,0.7388447
,1092,1,0,0.75825226
,1092,2,0,0.75935113
,1092,3,2,1.0
,1093,0,2,1.0
,1093,1,0,0.75829357
,1093,2,0,0.75830597
,1093,3,0,0.7388476
,1094,0,0,0.6842656
,1094,1,0,0.7579921
,1094,2,0,0.75798583
,1094,3,2,1.0
,1095,0,3,1.0
,1095,1,0,0.753958
,1095,2,0,0.7534077
,1095,3,0,0.7345338
,1096,0,0,0.8538929
,1096,1,0,0.7569714
,1096,2,0,0.70920527
,1096,3,2,1.0
,1097,0,0,0.7584741
,1097,1,0,0.75737196
,1097,2,2,1.0
,1097,3,0,0.72587484
,1098,0,0,0.5017689
,1098,1,0,0.50173193
,1098,2,1,0.9078177
,1098,3,2,1.0
,1099,0,0,0.75241226
,1099,1,0,0.75185937
,1099,2,3,1.0
,1099,3,0,0.7359172
,1100,0,0,0.7569599
,1100,1,0,0.7091885
,1100,2,0,0.85342586
,1100,3,2,1.0
,1101,0,0,0.75733197
,1101,1,2,1.0
,1101,2,0,0.69808555
,1101,3,0,0.78238785
,1102,0,0,0.5024368
,1102,1,1,0.8826139
,1102,2,2,1.0
,1102,3,0,0.50309056
,1103,0,0,0.75401187
,1103,1,2,1.0
,1103,2,0,0.73806167
,1103,3,0,0.75456464
,1104,0,0,0.71058923
,1104,1,0,0.78271407
,1104,2,2,1.0
,1104,3,0,0.7582078
,1105,0,2,1.0
,1105,1,0,0.7109193
,1105,2,0,0.7832056
,1105,3,0,0.7582325
,1106,0,0,0.68426937
,1106,1,2,1.0
,1106,2,0,0.7582487
,1106,3,0,0.75741625
,1107,0,3,1.0
,1107,1,0,0.7794365
,1107,2,0,0.75333965
,1107,3,0,0.7056552
,1108,0,0,0.8538968
,1108,1,0,0.7560467
,1108,2,0,0.7091498
,1108,3,2,1.0
,1109,0,0,0.7583961
,1109,1,0,0.65271956
,1109,2,2,1.0
,1109,3,0,0.7828817
,1110,0,0,0.70585537
,1110,1,3,1.0
,1110,2,0,0.7790836
,1110,3,0,0.7543375
,1111,0,2,1.0
,1111,1,0,0.85389847
,1111,2,0,0.7095137
,1111,3,0,0.75641894
,1112,0,0,0.78319603
,1112,1,0,0.7593133
,1112,2,2,1.0
,1112,3,0,0.71059906
,1113,0,0,0.75853235
,1113,1,0,0.7582776
,1113,2,0,0.7388434
,1113,3,2,1.0
,1114,0,0,0.75592846
,1114,1,0,0.7573392
,1114,2,2,1.0
,1114,3,0,0.7258422
,1115,0,1,0.57650805
,1115,1,1,0.50200933
,1115,2,1,0.8561355
,1115,3,2,1.0
,1116,0,2,1.0
,1116,1,1,0.5697868
,1116,2,1,0.51824737
,1116,3,1,0.857336
,1117,0,0,0.7826098
,1117,1,2,1.0
,1117,2,0,0.7544015
,1117,3,0,0.70201254
,1118,0,0,0.7576665
,1118,1,0,0.72587705
,1118,2,0,0.7573316
,1118,3,2,1.0
,1119,0,0,0.50173
,1119,1,2,1.0
,1119,2,0,0.5009724
,1119,3,1,0.9078145
,1120,0,0,0.7523398
,1120,1,0,0.7806729
,1120,2,0,0.70395297
,1120,3,3,1.0
,1121,0,0,0.75668555
,1121,1,0,0.75754696
,1121,2,2,1.0
,1121,3,0,0.82066673
,1122,0,0,0.71066207
,1122,1,0,0.7580135
,1122,2,0,0.783226
,1122,3,2,1.0
,1123,0,2,1.0
,1123,1,0,0.7358901
,1123,2,0,0.7575745
,1123,3,0,0.7812175
,1124,0,1,0.979473
,1124,1,3,1.0
,1124,2,1,0.5243899
,1124,3,1,0.5842832
,1125,0,0,0.6987934
,1125,1,0,0.8539015
,1125,2,0,0.752888
,1125,3,2,1.0
,1126,0,2,1.0
,1126,1,0,0.7588048
,1126,2,0,0.7581975
,1126,3,0,0.73883414
,1127,0,0,0.78319556
,1127,1,0,0.7106482
,1127,2,0,0.7582422
,1127,3,2,1.0
,1128,0,0,0.7562762
,1128,1,2,1.0
,1128,2,0,0.75716966
,1128,3,0,0.7250228
,1129,0,1,0.5775809
,1129,1,1,0.94356114
,1129,2,1,0.5169957
,1129,3,2,1.0
,1130,0,2,1.0
,1130,1,0,0.74868196
,1130,2,0,0.7535527
,1130,3,0,0.725204
,1131,0,1,0.8826114
,1131,1,0,0.5022667
,1131,2,0,0.5023922
,1131,3,2,1.0
,1132,0,2,1.0
,1132,1,0,0.7541971
,1132,2,0,0.7541987
,1132,3,0,0.68330705
,1133,0,0,0.7345535
,1133,1,0,0.75390595
,1133,2,0,0.75390613
,1133,3,3,0.9999994
,1134,0,2,1.0
,1134,1,0,0.7562242
,1134,2,0,0.7562385
,1134,3,0,0.8101722
,1135,0,1,0.955151
,1135,1,1,0.5173347
,1135,2,1,0.5165959
,1135,3,2,1.0
,1136,0,2,1.0
,1136,1,0,0.70612687
,1136,2,0,0.7542233
,1136,3,0,0.7824431
,1137,0,0,0.7388513
,1137,1,2,1.0
,1137,2,0,0.7582141
,1137,3,0,0.7585341
,1138,0,2,1.0
,1138,1,0,0.75934225
,1138,2,0,0.75743306
,1138,3,0,0.7574367
,1139,0,1,0.9115877
,1139,1,3,1.0
,1139,2,1,0.5112371
,1139,3,1,0.51123697
,1140,0,3,1.0
,1140,1,0,0.82065815
,1140,2,0,0.75072634
,1140,3,0,0.7507263
,1141,0,0,0.82066804
,1141,1,2,1.0
,1141,2,0,0.757261
,1141,3,0,0.757261
,1142,0,2,1.0
,1142,1,0,0.7388712
,1142,2,0,0.7583063
,1142,3,0,0.7583063
,1143,0,0,0.6842638
,1143,1,2,1.0
,1143,2,0,0.7579922
,1143,3,0,0.7579922
,1144,0,3,1.0
,1144,1,0,0.7345528
,1144,2,0,0.7539527
,1144,3,0,0.7539528
,1145,0,0,0.81083375
,1145,1,2,1.0
,1145,2,0,0.75643057
,1145,3,0,0.75643086
,1146,0,2,1.0
,1146,1,1,0.8894356
,1146,2,0,0.5009478
,1146,3,0,0.50096714
,1147,0,1,0.909116
,1147,1,2,1.0
,1147,2,1,0.50987315
,1147,3,1,0.50912786
,1148,0,3,1.0
,1148,1,0,0.7806557
,1148,2,0,0.70379645
,1148,3,0,0.7519529
,1149,0,0,0.8531591
,1149,1,0,0.75636315
,1149,2,2,1.0
,1149,3,0,0.7345483
,1150,0,1,0.5225085
,1150,1,1,0.5243428
,1150,2,1,0.98751605
,1150,3,3,1.0
,1151,0,0,0.7017089
,1151,1,0,0.7496243
,1151,2,3,1.0
,1151,3,0,0.8539291
,1152,0,2,1.0
,1152,1,0,0.695296
,1152,2,0,0.8533758
,1152,3,0,0.7571597
,1153,0,1,0.868694
,1153,1,2,1.0
,1153,2,0,0.5036659
,1153,3,0,0.50118876
,1154,0,3,1.0
,1154,1,1,0.99402964
,1154,2,1,0.53212565
,1154,3,1,0.53219223
,1155,0,0,0.8108467
,1155,1,2,1.0
,1155,2,0,0.75205094
,1155,3,0,0.7520193
,1156,0,2,1.0
,1156,1,1,0.8899316
,1156,2,0,0.50052243
,1156,3,1,0.5010888
,1157,0,1,0.9923732
,1157,1,2,1.0
,1157,2,1,0.5320114
,1157,3,1,0.5921902
,1158,0,0,0.7226175
,1158,1,0,0.7807218
,1158,2,0,0.7533775
,1158,3,2,1.0
,1159,0,3,1.0
,1159,1,1,0.5712984
,1159,2,1,0.5112184
,1159,3,1,0.86094064
,1160,0,0,0.8206809
,1160,1,2,1.0
,1160,2,0,0.75340337
,1160,3,0,0.7493956
,1161,0,2,1.0
,1161,1,0,0.7624679
,1161,2,0,0.75728804
,1161,3,0,0.7572425
,1162,0,1,0.98381084
,1162,1,3,1.0
,1162,2,1,0.52434367
,1162,3,1,0.5243534
,1163,0,2,1.0
,1163,1,0,0.8206771
,1163,2,0,0.753006
,1163,3,0,0.7524583
,1164,0,0,0.78273475
,1164,1,2,1.0
,1164,2,0,0.75821376
,1164,3,0,0.710596
,1165,0,0,0.7109425
,1165,1,0,0.7831962
,1165,2,0,0.75823617
,1165,3,2,1.0
,1166,0,2,1.0
,1166,1,0,0.75785893
,1166,2,0,0.75823617
,1166,3,0,0.7388365
,1167,0,0,0.78235835
,1167,1,0,0.69669145
,1167,2,0,0.75493985
,1167,3,2,1.0
,1168,0,0,0.50001574
,1168,1,2,1.0
,1168,2,1,0.6255501
,1168,3,1,0.8561845
,1169,0,0,0.7509615
,1169,1,0,0.7350724
,1169,2,3,1.0
,1169,3,0,0.74738425
,1170,0,0,0.709177
,1170,1,2,1.0
,1170,2,0,0.85389274
,1170,3,0,0.75689864
,1171,0,2,1.0
,1171,1,0,0.72588414
,1171,2,0,0.75845516
,1171,3,0,0.7573223
,1172,0,1,0.8895023
,1172,1,2,1.0
,1172,2,0,0.5008453
,1172,3,1,0.5007602
,1173,0,2,1.0
,1173,1,1,0.8579232
,1173,2,1,0.5093505
,1173,3,1,0.5701307
,1174,0,0,0.7822285
,1174,1,0,0.6434494
,1174,2,0,0.75284153
,1174,3,2,1.0
,1175,0,0,0.75244355
,1175,1,3,1.0
,1175,2,0,0.64835
,1175,3,0,0.7790372
,1176,0,0,0.6449301
,1176,1,0,0.8539813
,1176,2,3,1.0
,1176,3,0,0.7513088
,1177,0,3,1.0
,1177,1,0,0.7535477
,1177,2,0,0.82067215
,1177,3,0,0.7523419
,1178,0,0,0.8206615
,1178,1,0,0.75727975
,1178,2,2,1.0
,1178,3,0,0.75723904
,1179,0,2,1.0
,1179,1,0,0.75738144
,1179,2,0,0.725801
,1179,3,0,0.7550105
,1180,0,1,0.8561547
,1180,1,1,0.5005571
,1180,2,2,1.0
,1180,3,1,0.6252595
,1181,0,0,0.746814
,1181,1,0,0.75095826
,1181,2,0,0.68049186
,1181,3,3,1.0
,1182,0,0,0.75154144
,1182,1,0,0.7521368
,1182,2,3,1.0
,1182,3,0,0.8206609
,1183,0,0,0.70921606
,1183,1,0,0.75644267
,1183,2,0,0.85388887
,1183,3,2,1.0
,1184,0,2,1.0
,1184,1,0,0.710562
,1184,2,0,0.75812286
,1184,3,0,0.7831807
,1185,0,0,0.7828909
,1185,1,2,1.0
,1185,2,0,0.6530344
,1185,3,0,0.7569394
,1186,0,0,0.7536593
,1186,1,0,0.779009
,1186,2,3,1.0
,1186,3,0,0.647835
,1187,0,0,0.75181746
,1187,1,0,0.75266755
,1187,2,0,0.82065904
,1187,3,3,1.0
,1188,0,0,0.70922434
,1188,1,0,0.7569942
,1188,2,2,1.0
,1188,3,0,0.85353035
,1189,0,2,1.0
,1189,1,0,0.7581876
,1189,2,0,0.783195
,1189,3,0,0.71182495
,1190,0,0,0.72792614
,1190,1,0,0.75559235
,1190,2,0,0.7581281
,1190,3,2,1.0
,1191,0,2,1.0
,1191,1,1,0.5804372
,1191,2,0,0.5463858
,1191,3,1,0.69754606
,1192,0,0,0.7350544
,1192,1,3,1.0
,1192,2,0,0.752014
,1192,3,0,0.74918455
,1193,0,2,1.0
,1193,1,0,0.82065284
,1193,2,0,0.7572471
,1193,3,0,0.75721496
,1194,0,0,0.68429124
,1194,1,2,1.0
,1194,2,0,0.75800556
,1194,3,0,0.7580051
,1195,0,3,1.0
,1195,1,0,0.7345572
,1195,2,0,0.75396186
,1195,3,0,0.75395566
,1196,0,0,0.82066655
,1196,1,2,1.0
,1196,2,0,0.75726205
,1196,3,0,0.7567206
,1197,0,2,1.0
,1197,1,0,0.7825829
,1197,2,0,0.7582532
,1197,3,0,0.71064174
,1198,0,0,0.77993023
,1198,1,0,0.6961759
,1198,2,0,0.75710374
,1198,3,2,1.0
,1199,0,1,0.6407747
,1199,1,2,1.0
,1199,2,1,0.517663
,1199,3,1,0.94381106
,1200,0,3,1.0
,1200,1,0,0.7350981
,1200,2,0,0.7513122
,1200,3,0,0.7463703
,1201,0,0,0.81085306
,1201,1,2,1.0
,1201,2,0,0.75643235
,1201,3,0,0.75637585
,1202,0,2,1.0
,1202,1,1,0.88254374
,1202,2,0,0.5026058
,1202,3,0,0.50260425
,1203,0,0,0.72509074
,1203,1,2,1.0
,1203,2,0,0.75366175
,1203,3,0,0.75366175
,1204,0,2,1.0
,1204,1,1,0.8825948
,1204,2,0,0.50238055
,1204,3,0,0.5023806
,1205,0,0,0.75849557
,1205,1,2,1.0
,1205,2,0,0.7537054
,1205,3,0,0.75370514
,1206,0,3,1.0
,1206,1,1,0.88770527
,1206,2,1,0.5109611
,1206,3,1,0.51096946
,1207,0,0,0.82067627
,1207,1,2,1.0
,1207,2,0,0.753231
,1207,3,0,0.75269115
,1208,0,2,1.0
,1208,1,0,0.78321743
,1208,2,0,0.7575474
,1208,3,0,0.71058863
,1209,0,0,0.78279895
,1209,1,0,0.75675267
,1209,2,0,0.6991584
,1209,3,2,1.0
,1210,0,0,0.54774487
,1210,1,1,0.5277542
,1210,2,2,1.0
,1210,3,1,0.6980561
,1211,0,1,0.5678917
,1211,1,2,1.0
,1211,2,1,0.85668474
,1211,3,1,0.51350576
,1212,0,2,1.0
,1212,1,0,0.7252078
,1212,2,0,0.74967587
,1212,3,0,0.75359416
,1213,0,1,0.88948953
,1213,1,2,1.0
,1213,2,0,0.50064546
,1213,3,0,0.5007464
,1214,0,2,1.0
,1214,1,1,0.9091216
,1214,2,1,0.50911844
,1214,3,1,0.5091159
,1215,0,0,0.73593414
,1215,1,3,1.0
,1215,2,0,0.7522837
,1215,3,0,0.7522837
,1216,0,2,1.0
,1216,1,0,0.8206705
,1216,2,0,0.7572404
,1216,3,0,0.7572404
,1217,0,0,0.7592693
,1217,1,2,1.0
,1217,2,0,0.7574504
,1217,3,0,0.7574502
,1218,0,3,1.0
,1218,1,1,0.8877036
,1218,2,1,0.51085854
,1218,3,1,0.51086694
,1219,0,0,0.82067645
,1219,1,2,1.0
,1219,2,0,0.75323975
,1219,3,0,0.7526925
,1220,0,2,1.0
,1220,1,0,0.78323644
,1220,2,0,0.7582183
,1220,3,0,0.71060395
,1221,0,0,0.7388444
,1221,1,0,0.7585499
,1221,2,0,0.7582662
,1221,3,2,1.0
,1222,0,2,1.0
,1222,1,0,0.7574257
,1222,2,0,0.75742257
,1222,3,0,0.7259386
,1223,0,1,0.8825896
,1223,1,0,0.50250995
,1223,2,0,0.5025099
,1223,3,2,1.0
,1224,0,2,1.0
,1224,1,0,0.75454855
,1224,2,0,0.75454867
,1224,3,0,0.73807234
,1225,0,0,0.76166457
,1225,1,0,0.7573036
,1225,2,0,0.7573036
,1225,3,2,1.0
,1226,0,3,1.0
,1226,1,1,0.52106535
,1226,2,1,0.52106535
,1226,3,1,0.95647323
,1227,0,0,0.81086344
,1227,1,0,0.7522415
,1227,2,0,0.7522419
,1227,3,2,1.0
,1228,0,2,1.0
,1228,1,0,0.50245476
,1228,2,0,0.5024772
,1228,3,1,0.8825519
,1229,0,0,0.72499335
,1229,1,0,0.7521459
,1229,2,0,0.7536046
,1229,3,2,1.0
,1230,0,2,1.0
,1230,1,1,0.57659924
,1230,2,1,0.5005265
,1230,3,1,0.85690814
,1231,0,1,0.85733986
,1231,1,2,1.0
,1231,2,1,0.50903606
,1231,3,1,0.57882094
,1232,0,0,0.70197964
,1232,1,0,0.7815033
,1232,2,0,0.7545073
,1232,3,2,1.0
,1233,0,2,1.0
,1233,1,0,0.6530806
,1233,2,0,0.75782466
,1233,3,0,0.7823726
,1234,0,0,0.77959526
,1234,1,3,1.0
,1234,2,0,0.7540544
,1234,3,0,0.7061911
,1235,0,0,0.7575369
,1235,1,0,0.82066864
,1235,2,0,0.757246
,1235,3,2,1.0
,1236,0,0,0.7582691
,1236,1,2,1.0
,1236,2,0,0.7582928
,1236,3,0,0.7388942
,1237,0,0,0.75502455
,1237,1,0,0.7596212
,1237,2,0,0.7574062
,1237,3,2,1.0
,1238,0,1,0.6357397
,1238,1,3,1.0
,1238,2,1,0.51246196
,1238,3,1,0.8619045
,1239,0,3,1.0
,1239,1,0,0.8539375
,1239,2,0,0.7491706
,1239,3,0,0.695835
,1240,0,0,0.81083375
,1240,1,0,0.7575389
,1240,2,0,0.7563247
,1240,3,2,1.0
,1241,0,2,1.0
,1241,1,0,0.50095904
,1241,2,0,0.5000802
,1241,3,1,0.8894311
,1242,0,1,0.85826796
,1242,1,1,0.51002926
,1242,2,1,0.54273814
,1242,3,2,1.0
,1243,0,1,0.5875914
,1243,1,1,0.51805204
,1243,2,3,1.0
,1243,3,1,0.86091304
,1244,0,2,1.0
,1244,1,0,0.75331825
,1244,2,0,0.8206682
,1244,3,0,0.7486857
,1245,0,0,0.7823732
,1245,1,0,0.75730765
,1245,2,2,1.0
,1245,3,0,0.6967415
,1246,0,1,0.5001757
,1246,1,0,0.50075346
,1246,2,1,0.88952464
,1246,3,2,1.0
,1247,0,1,0.570053
,1247,1,1,0.5093264
,1247,2,2,1.0
,1247,3,1,0.85712075
,1248,0,2,1.0
,1248,1,0,0.7540172
,1248,2,0,0.73819596
,1248,3,0,0.7505971
,1249,0,0,0.7832089
,1249,1,0,0.71058935
,1249,2,2,1.0
,1249,3,0,0.7576231
,1250,0,0,0.75797766
,1250,1,2,1.0
,1250,2,0,0.783201
,1250,3,0,0.7106177
,1251,0,0,0.710618
,1251,1,0,0.78318006
,1251,2,0,0.75851065
,1251,3,2,1.0
,1252,0,2,1.0
,1252,1,0,0.7561924
,1252,2,0,0.75732434
,1252,3,0,0.72582465
,1253,0,1,0.8561356
,1253,1,1,0.5765015
,1253,2,1,0.50200975
,1253,3,2,1.0
,1254,0,1,0.5182582
,1254,1,2,1.0
,1254,2,1,0.5697873
,1254,3,1,0.85733604
,1255,0,0,0.7537037
,1255,1,0,0.78260654
,1255,2,2,1.0
,1255,3,0,0.7020042
,1256,0,0,0.696729
,1256,1,0,0.75758827
,1256,2,0,0.78130144
,1256,3,2,1.0
,1257,0,2,1.0
,1257,1,0,0.5004884
,1257,2,1,0.55886537
,1257,3,1,0.85523957
,1258,0,0,0.78049076
,1258,1,0,0.6917302
,1258,2,2,1.0
,1258,3,0,0.749409
,1259,0,1,0.576983
,1259,1,2,1.0
,1259,2,1,0.9435727
,1259,3,1,0.5179605
,1260,0,2,1.0
,1260,1,0,0.78259563
,1260,2,0,0.7489874
,1260,3,0,0.7063171
,1261,0,0,0.78320014
,1261,1,0,0.7585091
,1261,2,0,0.7105096
,1261,3,2,1.0
,1262,0,0,0.7585493
,1262,1,0,0.75826937
,1262,2,2,1.0
,1262,3,0,0.7388442
,1263,0,0,0.7574257
,1263,1,0,0.7574225
,1263,2,0,0.7259386
,1263,3,2,1.0
,1264,0,0,0.50250995
,1264,1,0,0.50250554
,1264,2,2,1.0
,1264,3,1,0.8825897
,1265,0,0,0.7545494
,1265,1,0,0.75426275
,1265,2,0,0.7380684
,1265,3,2,1.0
,1266,0,0,0.7573848
,1266,1,0,0.73235613
,1266,2,2,1.0
,1266,3,0,0.782431
,1267,0,1,0.5106368
,1267,1,3,1.0
,1267,2,1,0.8876366
,1267,3,1,0.51089513
,1268,0,0,0.7524894
,1268,1,0,0.85374254
,1268,2,2,1.0
,1268,3,0,0.6932585
,1269,0,0,0.5533654
,1269,1,0,0.55575705
,1269,2,1,0.7579812
,1269,3,2,1.0
,1270,0,1,0.506329
,1270,1,1,0.50626713
,1270,2,2,1.0
,1270,3,1,0.8839599
,1271,0,0,0.7535527
,1271,1,0,0.7535534
,1271,2,0,0.7250836
,1271,3,2,1.0
,1272,0,0,0.50239265
,1272,1,0,0.50239265
,1272,2,2,1.0
,1272,3,1,0.88259643
,1273,0,0,0.75454885
,1273,1,0,0.75454885
,1273,2,0,0.73806995
,1273,3,2,1.0
,1274,0,0,0.75739396
,1274,1,0,0.75739396
,1274,2,2,1.0
,1274,3,0,0.7592458
,1275,0,1,0.5108721
,1275,1,1,0.5108721
,1275,2,1,0.8877062
,1275,3,3,1.0
,1276,0,0,0.752407
,1276,1,0,0.752407
,1276,2,2,1.0
,1276,3,0,0.8108348
,1277,0,0,0.5017251
,1277,1,0,0.5017251
,1277,2,1,0.9077833
,1277,3,2,1.0
,1278,0,0,0.752415
,1278,1,0,0.752415
,1278,2,3,1.0
,1278,3,0,0.7359401
,1279,0,0,0.7572526
,1279,1,0,0.7572526
,1279,2,0,0.8206682
,1279,3,2,1.0
,1280,0,0,0.75830615
,1280,1,0,0.75830615
,1280,2,2,1.0
,1280,3,0,0.73887116
,1281,0,0,0.75799227
,1281,1,0,0.75799227
,1281,2,0,0.6842635
,1281,3,2,1.0
,1282,0,0,0.7539555
,1282,1,0,0.7539617
,1282,2,3,1.0
,1282,3,0,0.7345571
,1283,0,0,0.7567207
,1283,1,0,0.75726205
,1283,2,0,0.8206667
,1283,3,2,1.0
,1284,0,0,0.71065277
,1284,1,0,0.75826424
,1284,2,2,1.0
,1284,3,0,0.78273684
,1285,0,2,1.0
,1285,1,0,0.7582247
,1285,2,0,0.7831797
,1285,3,0,0.71094793
,1286,0,0,0.7616933
,1286,1,0,0.7573085
,1286,2,0,0.75642264
,1286,3,2,1.0
,1287,0,3,1.0
,1287,1,1,0.52199805
,1287,2,1,0.5818623
,1287,3,1,0.94510823
,1288,0,0,0.8539057
,1288,1,0,0.70468247
,1288,2,2,1.0
,1288,3,0,0.7475131
,1289,0,0,0.75929844
,1289,1,2,1.0
,1289,2,0,0.7825471
,1289,3,0,0.710466
,1290,0,0,0.75730115
,1290,1,0,0.782362
,1290,2,0,0.69714
,1290,3,2,1.0
,1291,0,1,0.5010565
,1291,1,0,0.501171
,1291,2,2,1.0
,1291,3,1,0.88986254
,1292,0,1,0.58556825
,1292,1,1,0.5258958
,1292,2,1,0.9440698
,1292,3,2,1.0
,1293,0,2,1.0
,1293,1,0,0.70619136
,1293,2,0,0.74953294
,1293,3,0,0.78259444
,1294,0,0,0.6842398
,1294,1,2,1.0
,1294,2,0,0.7578709
,1294,3,0,0.7582466
,1295,0,3,1.0
,1295,1,0,0.73455775
,1295,2,0,0.75395757
,1295,3,0,0.75396186
,1296,0,0,0.85373336
,1296,1,2,1.0
,1296,2,0,0.75703406
,1296,3,0,0.7570342
,1297,0,0,0.7452371
,1297,1,2,1.0
,1297,2,0,0.7441138
,1297,3,0,0.7441138
,1298,0,2,0.53852564
,1298,1,0,1.0
,1298,2,0,1.0
,1298,3,0,1.0
,1299,0,1,0.80036277
,1299,1,2,1.0
,1299,2,0,0.5082829
,1299,3,0,0.508283
,1300,0,3,1.0
,1300,1,0,0.7354836
,1300,2,0,0.75201726
,1300,3,0,0.75201726
,1301,0,0,0.82066834
,1301,1,2,1.0
,1301,2,0,0.7572462
,1301,3,0,0.75724626
,1302,0,2,1.0
,1302,1,0,0.73889226
,1302,2,0,0.7582977
,1302,3,0,0.7583038
,1303,0,0,0.73886395
,1303,1,2,1.0
,1303,2,0,0.7577497
,1303,3,0,0.75829
,1304,0,2,0.9999994
,1304,1,0,0.78211004
,1304,2,0,0.71060824
,1304,3,0,0.7582515
,1305,0,0,0.7823771
,1305,1,0,0.6530958
,1305,2,2,1.0
,1305,3,0,0.7578723
,1306,0,0,0.70618385
,1306,1,3,1.0
,1306,2,0,0.7795855
,1306,3,0,0.75404465
,1307,0,2,1.0
,1307,1,0,0.83611757
,1307,2,0,0.7565334
,1307,3,0,0.75624114
,1308,0,1,0.88785565
,1308,1,3,1.0
,1308,2,1,0.51129645
,1308,3,1,0.5113042
,1309,0,2,1.0
,1309,1,0,0.8108437
,1309,2,0,0.7523822
,1309,3,0,0.7523821
,1310,0,1,0.8894255
,1310,1,2,1.0
,1310,2,0,0.5008283
,1310,3,0,0.50082904
,1311,0,2,1.0
,1311,1,1,0.87304896
,1311,2,1,0.5097142
,1311,3,1,0.50968903
,1312,0,1,0.8867826
,1312,1,3,1.0
,1312,2,1,0.5163057
,1312,3,1,0.5153429
,1313,0,2,1.0
,1313,1,0,0.85316664
,1313,2,0,0.68920964
,1313,3,0,0.7515729
,1314,0,1,0.9993821
,1314,1,1,0.5233451
,1314,2,2,1.0
,1314,3,1,0.5260564
,1315,0,3,1.0
,1315,1,0,0.75231916
,1315,2,0,0.7361302
,1315,3,0,0.7522879
,1316,0,0,0.81082505
,1316,1,0,0.7564367
,1316,2,2,1.0
,1316,3,0,0.7564366
,1317,0,2,1.0
,1317,1,0,0.5018356
,1317,2,1,0.90777665
,1317,3,0,0.50184655
,1318,0,0,0.7359051
,1318,1,0,0.75170076
,1318,2,3,1.0
,1318,3,0,0.75240374
,1319,0,2,1.0
,1319,1,0,0.6953033
,1319,2,0,0.8525983
,1319,3,0,0.7560434
,1320,0,1,0.85522115
,1320,1,2,1.0
,1320,2,1,0.5569965
,1320,3,0,0.50143826
,1321,0,0,0.74975836
,1321,1,0,0.7586377
,1321,2,2,1.0
,1321,3,0,0.7538455
,1322,0,1,0.5120357
,1322,1,3,1.0
,1322,2,1,0.8877287
,1322,3,1,0.5109814
,1323,0,0,0.69058204
,1323,1,0,0.8526071
,1323,2,2,1.0
,1323,3,0,0.75192976
,1324,0,2,1.0
,1324,1,1,0.5570419
,1324,2,1,0.8552438
,1324,3,0,0.50130653
,1325,0,0,0.72514963
,1325,1,2,1.0
,1325,2,0,0.7482038
,1325,3,0,0.75374824
,1326,0,2,1.0
,1326,1,1,0.8561248
,1326,2,1,0.576626
,1326,3,1,0.5004842
,1327,0,1,0.8841324
,1327,1,1,0.51812345
,1327,2,2,1.0
,1327,3,1,0.50817543
,1328,0,2,1.0
,1328,1,0,0.70617723
,1328,2,0,0.78248817
,1328,3,0,0.7543732
,1329,0,0,0.72591436
,1329,1,2,1.0
,1329,2,0,0.75764513
,1329,3,0,0.75735635
,1330,0,2,1.0
,1330,1,1,0.8826278
,1330,2,0,0.5008352
,1330,3,0,0.5024601
,1331,0,0,0.7816107
,1331,1,2,1.0
,1331,2,0,0.6480436
,1331,3,0,0.7540634
,1332,0,0,0.70619977
,1332,1,0,0.7796049
,1332,2,3,1.0
,1332,3,0,0.75402886
,1333,0,2,1.0
,1333,1,0,0.75700635
,1333,2,0,0.77844304
,1333,3,0,0.7572713
,1334,0,0,0.77865756
,1334,1,0,0.7052862
,1334,2,3,1.0
,1334,3,0,0.75355345
,1335,0,0,0.7095097
,1335,1,2,1.0
,1335,2,0,0.8535308
,1335,3,0,0.75695306
,1336,0,2,1.0
,1336,1,0,0.78269583
,1336,2,0,0.7118294
,1336,3,0,0.7582136
,1337,0,0,0.7827021
,1337,1,0,0.7109378
,1337,2,2,1.0
,1337,3,0,0.7582351
,1338,0,0,0.7109419
,1338,1,2,1.0
,1338,2,0,0.7831911
,1338,3,0,0.758237
,1339,0,2,1.0
,1339,1,0,0.7388183
,1339,2,0,0.75736463
,1339,3,0,0.758271
,1340,0,0,0.7817804
,1340,1,2,1.0
,1340,2,0,0.65304697
,1340,3,0,0.75789195
,1341,0,0,0.6481939
,1341,1,0,0.7790052
,1341,2,3,1.0
,1341,3,0,0.75337654
,1342,0,3,1.0
,1342,1,0,0.75211346
,1342,2,0,0.82065904
,1342,3,0,0.75236464
,1343,0,0,0.85353035
,1343,1,0,0.7092281
,1343,2,2,1.0
,1343,3,0,0.756991
,1344,0,0,0.71182954
,1344,1,2,1.0
,1344,2,0,0.78269583
,1344,3,0,0.7582139
,1345,0,2,1.0
,1345,1,0,0.7831843
,1345,2,0,0.7109334
,1345,3,0,0.7582289
,1346,0,0,0.7258686
,1346,1,0,0.75651586
,1346,2,2,1.0
,1346,3,0,0.7573862
,1347,0,2,1.0
,1347,1,1,0.5594014
,1347,2,1,0.8555609
,1347,3,0,0.5015271
,1348,0,0,0.7826171
,1348,1,2,1.0
,1348,2,0,0.7020608
,1348,3,0,0.75463593
,1349,0,0,0.75767475
,1349,1,0,0.75923157
,1349,2,2,1.0
,1349,3,0,0.7573752
,1350,0,1,0.5118377
,1350,1,3,1.0
,1350,2,1,0.88772655
,1350,3,1,0.5108877
,1351,0,0,0.689683
,1351,1,0,0.8524404
,1351,2,2,1.0
,1351,3,0,0.7517148
,1352,0,2,1.0
,1352,1,1,0.57513106
,1352,2,1,0.9435736
,1352,3,1,0.51716346
,1353,0,0,0.7251514
,1353,1,2,1.0
,1353,2,0,0.7474792
,1353,3,0,0.7535312
,1354,0,2,1.0
,1354,1,1,0.8552064
,1354,2,1,0.55964977
,1354,3,0,0.5014047
,1355,0,0,0.7252445
,1355,1,0,0.7497324
,1355,2,2,1.0
,1355,3,0,0.7538033
,1356,0,2,1.0
,1356,1,0,0.5022816
,1356,2,1,0.88260233
,1356,3,0,0.50238645
,1357,0,0,0.7250637
,1357,1,0,0.753629
,1357,2,2,1.0
,1357,3,0,0.7536302
,1358,0,2,1.0
,1358,1,0,0.5007651
,1358,2,1,0.88947165
,1358,3,0,0.50076526
,1359,0,1,0.8842536
,1359,1,1,0.5084723
,1359,2,2,1.0
,1359,3,1,0.508468
,1360,0,2,1.0
,1360,1,0,0.7541292
,1360,2,0,0.7380603
,1360,3,0,0.754416
,1361,0,0,0.78244764
,1361,1,0,0.73235035
,1361,2,2,1.0
,1361,3,0,0.7573834
,1362,0,1,0.5099648
,1362,1,3,1.0
,1362,2,1,0.8876146
,1362,3,1,0.5106216
,1363,0,0,0.75325406
,1363,1,0,0.8206781
,1363,2,2,1.0
,1363,3,0,0.7532465
,1364,0,0,0.7582585
,1364,1,2,1.0
,1364,2,0,0.73886913
,1364,3,0,0.75825864
,1365,0,0,0.75798064
,1365,1,0,0.68412215
,1365,2,2,1.0
,1365,3,0,0.7579884
,1366,0,0,0.7536044
,1366,1,3,1.0
,1366,2,0,0.77976745
,1366,3,0,0.7542777
,1367,0,0,0.7028588
,1367,1,2,1.0
,1367,2,0,0.7614707
,1367,3,0,0.7626111
,1368,0,2,1.0
,1368,1,1,0.85689795
,1368,2,1,0.5763434
,1368,3,1,0.50027233
,1369,0,1,0.8569821
,1369,1,1,0.5788044
,1369,2,2,1.0
,1369,3,1,0.5090373
,1370,0,0,0.7497261
,1370,1,2,1.0
,1370,2,0,0.7586219
,1370,3,0,0.75371027
,1371,0,1,0.5118191
,1371,1,1,0.8877205
,1371,2,3,1.0
,1371,3,1,0.5109701
,1372,0,0,0.7046311
,1372,1,2,1.0
,1372,2,0,0.8539017
,1372,3,0,0.7528885
,1373,0,2,1.0
,1373,1,0,0.72587025
,1373,2,0,0.75846964
,1373,3,0,0.757321
,1374,0,1,0.9078177
,1374,1,2,1.0
,1374,2,0,0.5017601
,1374,3,0,0.50173914
,1375,0,3,1.0
,1375,1,0,0.7359173
,1375,2,0,0.75185984
,1375,3,0,0.7524119
,1376,0,0,0.8538979
,1376,1,2,1.0
,1376,2,0,0.7092005
,1376,3,0,0.75696135
,1377,0,0,0.7593488
,1377,1,0,0.7388398
,1377,2,2,1.0
,1377,3,0,0.75770986
,1378,0,0,0.75826395
,1378,1,2,1.0
,1378,2,0,0.78271604
,1378,3,0,0.71063846
,1379,0,0,0.75823104
,1379,1,0,0.7832035
,1379,2,0,0.7109422
,1379,3,2,1.0
,1380,0,0,0.75773233
,1380,1,0,0.7585552
,1380,2,2,1.0
,1380,3,0,0.7388478
,1381,0,0,0.7106435
,1381,1,0,0.75825083
,1381,2,0,0.7832176
,1381,3,2,1.0
,1382,0,2,1.0
,1382,1,0,0.7577323
,1382,2,0,0.75854737
,1382,3,0,0.7388474
,1383,0,0,0.7832079
,1383,1,0,0.7106277
,1383,2,0,0.7575595
,1383,3,2,1.0
,1384,0,0,0.7576366
,1384,1,2,1.0
,1384,2,0,0.69684154
,1384,3,0,0.78239304
,1385,0,0,0.502451
,1385,1,1,0.8826146
,1385,2,2,1.0
,1385,3,0,0.50308865
,1386,0,0,0.75455123
,1386,1,2,1.0
,1386,2,0,0.7380587
,1386,3,0,0.754559
,1387,0,0,0.75731045
,1387,1,0,0.72590655
,1387,2,2,1.0
,1387,3,0,0.75734776
,1388,0,1,0.5012159
,1388,1,2,1.0
,1388,2,1,0.88952696
,1388,3,0,0.5007526
,1389,0,1,0.58698887
,1389,1,1,0.8589677
,1389,2,2,1.0
,1389,3,1,0.51119703
,1390,0,2,1.0
,1390,1,1,0.5956618
,1390,2,1,0.8582954
,1390,3,1,0.5112153
,1391,0,1,0.85736275
,1391,1,2,1.0
,1391,2,1,0.55187863
,1391,3,1,0.51006156
,1392,0,1,0.52655214
,1392,1,1,0.88754624
,1392,2,3,1.0
,1392,3,1,0.51744366
,1393,0,0,0.75252616
,1393,1,2,1.0
,1393,2,0,0.7784542
,1393,3,0,0.75319386
,1394,0,0,0.70524275
,1394,1,0,0.7791465
,1394,2,3,1.0
,1394,3,0,0.75349605
,1395,0,2,1.0
,1395,1,0,0.75554943
,1395,2,0,0.81081903
,1395,3,0,0.75641274
,1396,0,1,0.8551484
,1396,1,1,0.55928254
,1396,2,2,1.0
,1396,3,0,0.50162446
,1397,0,0,0.7485656
,1397,1,2,1.0
,1397,2,0,0.7587538
,1397,3,0,0.753834
,1398,0,1,0.5724501
,1398,1,1,0.86152697
,1398,2,3,1.0
,1398,3,1,0.51150537
,1399,0,2,1.0
,1399,1,0,0.68617433
,1399,2,0,0.85260546
,1399,3,0,0.75210357
,1400,0,1,0.85570353
,1400,1,2,1.0
,1400,2,1,0.5570615
,1400,3,0,0.5012969
,1401,0,0,0.6880132
,1401,1,0,0.7817957
,1401,2,2,1.0
,1401,3,0,0.7537092
,1402,0,2,1.0
,1402,1,0,0.50298816
,1402,2,1,0.8826442
,1402,3,0,0.5013427
,1403,0,0,0.7816507
,1403,1,0,0.75240844
,1403,2,2,1.0
,1403,3,0,0.6924604
,1404,0,0,0.50207436
,1404,1,1,0.5596135
,1404,2,1,0.85524094
,1404,3,2,1.0
,1405,0,0,0.75435466
,1405,1,2,1.0
,1405,2,0,0.749037
,1405,3,0,0.6837744
,1406,0,0,0.7531523
,1406,1,0,0.7783268
,1406,2,0,0.647697
,1406,3,3,1.0
,1407,0,0,0.75184387
,1407,1,0,0.70373565
,1407,2,3,1.0
,1407,3,0,0.853947
,1408,0,0,0.7566638
,1408,1,2,1.0
,1408,2,0,0.82066685
,1408,3,0,0.7583697
,1409,0,0,0.71064144
,1409,1,0,0.78258306
,1409,2,2,1.0
,1409,3,0,0.7582657
,1410,0,2,1.0
,1410,1,0,0.6962184
,1410,2,0,0.78108466
,1410,3,0,0.7571195
,1411,0,1,0.9437237
,1411,1,2,1.0
,1411,2,1,0.57695657
,1411,3,1,0.5170076
,1412,0,0,0.700877
,1412,1,0,0.7825781
,1412,2,2,1.0
,1412,3,0,0.75438607
,1413,0,2,1.0
,1413,1,0,0.757026
,1413,2,0,0.7258958
,1413,3,0,0.75732523
,1414,0,1,0.8563127
,1414,1,1,0.5318478
,1414,2,2,1.0
,1414,3,0,0.5008969
,1415,0,1,0.5875917
,1415,1,3,1.0
,1415,2,1,0.86095047
,1415,3,1,0.51782084
,1416,0,2,1.0
,1416,1,0,0.81075084
,1416,2,0,0.74607337
,1416,3,0,0.75244814
,1417,0,1,0.85648453
,1417,1,2,1.0
,1417,2,1,0.62558275
,1417,3,1,0.50059444
,1418,0,0,0.698252
,1418,1,0,0.778788
,1418,2,3,1.0
,1418,3,0,0.751421
,1419,0,2,1.0
,1419,1,0,0.6517024
,1419,2,0,0.85310256
,1419,3,0,0.75647837
,1420,0,0,0.77900875
,1420,1,3,1.0
,1420,2,0,0.64920837
,1420,3,0,0.7533571
,1421,0,0,0.75266623
,1421,1,0,0.8206722
,1421,2,3,1.0
,1421,3,0,0.7523652
,1422,0,0,0.757254
,1422,1,2,1.0
,1422,2,0,0.82067
,1422,3,0,0.75726396
,1423,0,0,0.75626475
,1423,1,0,0.7593907
,1423,2,2,1.0
,1423,3,0,0.7574383
,1424,0,1,0.57224804
,1424,1,3,1.0
,1424,2,1,0.8615246
,1424,3,1,0.51140624
,1425,0,2,1.0
,1425,1,0,0.8533813
,1425,2,0,0.68619704
,1425,3,0,0.7520892
,1426,0,1,0.8895084
,1426,1,0,0.5032178
,1426,2,2,1.0
,1426,3,0,0.5006083
,1427,0,2,1.0
,1427,1,1,0.51028186
,1427,2,1,0.8913689
,1427,3,1,0.5102963
,1428,0,1,0.9585069
,1428,1,1,0.5286999
,1428,2,2,1.0
,1428,3,1,0.52669454
,1429,0,2,1.0
,1429,1,1,0.6034076
,1429,2,1,0.94446915
,1429,3,1,0.52756524
,1430,0,1,0.95558447
,1430,1,2,1.0
,1430,2,1,0.53661495
,1430,3,1,0.52558964
,1431,0,2,1.0
,1431,1,0,0.72414315
,1431,2,0,0.7529146
,1431,3,0,0.75302243
,1432,0,1,0.9551697
,1432,1,2,1.0
,1432,2,1,0.51677084
,1432,3,1,0.5176994
,1433,0,2,1.0
,1433,1,0,0.7813759
,1433,2,0,0.75186896
,1433,3,0,0.6912265
,1434,0,1,0.94357306
,1434,1,1,0.5171172
,1434,2,1,0.5777202
,1434,3,2,1.0
,1435,0,0,0.74898684
,1435,1,0,0.70632726
,1435,2,2,1.0
,1435,3,0,0.7825951
,1436,0,0,0.71049446
,1436,1,2,1.0
,1436,2,0,0.7825449
,1436,3,0,0.75849557
,1437,0,2,1.0
,1437,1,0,0.7821629
,1437,2,0,0.69623244
,1437,3,0,0.7570767
,1438,0,1,0.9579734
,1438,1,1,0.5172577
,1438,2,2,1.0
,1438,3,1,0.51949334
,1439,0,2,1.0
,1439,1,1,0.51012045
,1439,2,1,0.857722
,1439,3,1,0.5708591
,1440,0,0,0.7816746
,1440,1,0,0.75206393
,1440,2,0,0.6878596
,1440,3,2,1.0
,1441,0,1,0.5032223
,1441,1,1,0.5768648
,1441,2,2,1.0
,1441,3,1,0.85622317
,1442,0,1,0.6350408
,1442,1,2,1.0
,1442,2,1,0.8581626
,1442,3,1,0.5201093
,1443,0,3,1.0
,1443,1,0,0.77993214
,1443,2,0,0.69825864
,1443,3,0,0.7499937
,1444,0,0,0.85392046
,1444,1,0,0.7567968
,1444,2,2,1.0
,1444,3,0,0.65098965
,1445,0,0,0.75452596
,1445,1,0,0.75409406
,1445,2,0,0.73467785
,1445,3,3,1.0
,1446,0,0,0.69538444
,1446,1,0,0.7560713
,1446,2,2,1.0
,1446,3,0,0.85339266
,1447,0,2,1.0
,1447,1,0,0.50240964
,1447,2,1,0.8826158
,1447,3,0,0.50491655
,1448,0,0,0.72508866
,1448,1,0,0.75364035
,1448,2,2,1.0
,1448,3,0,0.7536871
,1449,0,2,1.0
,1449,1,0,0.5014035
,1449,2,1,0.8826143
,1449,3,0,0.5023549
,1450,0,0,0.7814476
,1450,1,0,0.6915868
,1450,2,2,1.0
,1450,3,0,0.7533635
,1451,0,1,0.51674366
,1451,1,2,1.0
,1451,2,1,0.95517313
,1451,3,1,0.5167467
,1452,0,0,0.7061252
,1452,1,0,0.78243566
,1452,2,2,1.0
,1452,3,0,0.7542134
,1453,0,2,1.0
,1453,1,0,0.7576759
,1453,2,0,0.725917
,1453,3,0,0.75735515
,1454,0,1,0.8825897
,1454,1,0,0.5025161
,1454,2,2,1.0
,1454,3,0,0.50250804
,1455,0,2,1.0
,1455,1,0,0.754536
,1455,2,0,0.73805815
,1455,3,0,0.7545524
,1456,0,0,0.725842
,1456,1,0,0.7558821
,1456,2,2,1.0
,1456,3,0,0.7573249
,1457,0,2,1.0
,1457,1,1,0.57644486
,1457,2,1,0.85654813
,1457,3,1,0.5004227
,1458,0,1,0.85811794
,1458,1,2,1.0
,1458,2,1,0.55159795
,1458,3,1,0.50973237
,1459,0,1,0.5875479
,1459,1,1,0.86089355
,1459,2,3,1.0
,1459,3,1,0.5180099
,1460,0,2,1.0
,1460,1,0,0.74847394
,1460,2,0,0.8108378
,1460,3,0,0.7524762
,1461,0,1,0.8895283
,1461,1,1,0.5026282
,1461,2,2,1.0
,1461,3,0,0.50070375
,1462,0,2,1.0
,1462,1,1,0.6353056
,1462,2,1,0.858298
,1462,3,1,0.5111144
,1463,0,0,0.778807
,1463,1,3,1.0
,1463,2,0,0.6982585
,1463,3,0,0.75132513
,1464,0,0,0.65139866
,1464,1,0,0.85392046
,1464,2,2,1.0
,1464,3,0,0.75647086
,1465,0,3,1.0
,1465,1,0,0.7545238
,1465,2,0,0.73467594
,1465,3,0,0.75408804
,1466,0,0,0.8533479
,1466,1,0,0.69535255
,1466,2,2,1.0
,1466,3,0,0.7560407
,1467,0,0,0.5012087
,1467,1,2,1.0
,1467,2,1,0.8895457
,1467,3,0,0.50066835
,1468,0,1,0.58692896
,1468,1,1,0.8589688
,1468,2,2,1.0
,1468,3,1,0.5111999
,1469,0,2,1.0
,1469,1,1,0.59575695
,1469,2,1,0.85885626
,1469,3,1,0.5112585
,1470,0,1,0.8578993
,1470,1,2,1.0
,1470,2,1,0.59564865
,1470,3,1,0.5112158
,1471,0,1,0.5203494
,1471,1,1,0.8728689
,1471,2,2,1.0
,1471,3,1,0.5097835
,1472,0,1,0.5769164
,1472,1,3,1.0
,1472,2,1,0.86033386
,1472,3,1,0.5159479
,1473,0,2,1.0
,1473,1,0,0.853903
,1473,2,0,0.7003658
,1473,3,0,0.75302106
,1474,0,0,0.7388406
,1474,1,0,0.7590533
,1474,2,2,1.0
,1474,3,0,0.75819045
,1475,0,2,1.0
,1475,1,0,0.73254627
,1475,2,0,0.78135157
,1475,3,0,0.757399
,1476,0,1,0.8609685
,1476,1,3,1.0
,1476,2,1,0.57138276
,1476,3,1,0.51208854
,1477,0,0,0.7486823
,1477,1,0,0.85376
,1477,2,2,1.0
,1477,3,0,0.6935189
,1478,0,0,0.5554528
,1478,1,0,0.5579284
,1478,2,1,0.7455552
,1478,3,2,1.0
,1479,0,0,0.75497097
,1479,1,0,0.7549995
,1479,2,2,1.0
,1479,3,0,0.72771066
,1480,0,0,0.5538454
,1480,1,0,0.5538654
,1480,2,1,0.7249871
,1480,3,2,1.0
,1481,0,1,0.51504016
,1481,1,1,0.5142954
,1481,2,3,1.0
,1481,3,1,0.88701093
,1482,0,0,0.7046031
,1482,1,0,0.7528648
,1482,2,0,0.8535394
,1482,3,2,1.0
,1483,0,2,1.0
,1483,1,0,0.75816226
,1483,2,0,0.71182454
,1483,3,0,0.78269184
,1484,0,0,0.7831962
,1484,1,0,0.7582011
,1484,2,2,1.0
,1484,3,0,0.7109324
,1485,0,0,0.757634
,1485,1,0,0.7549754
,1485,2,0,0.72575825
,1485,3,2,1.0
,1486,0,1,0.5005638
,1486,1,1,0.62546515
,1486,2,2,1.0
,1486,3,1,0.856532
,1487,0,0,0.7514205
,1487,1,3,1.0
,1487,2,0,0.7787865
,1487,3,0,0.69825053
,1488,0,0,0.756477
,1488,1,0,0.8539295
,1488,2,0,0.65163463
,1488,3,2,1.0
,1489,0,0,0.7535279
,1489,1,0,0.754668
,1489,2,3,1.0
,1489,3,0,0.6800341
,1490,0,0,0.7518762
,1490,1,0,0.75217855
,1490,2,0,0.8206655
,1490,3,3,1.0
,1491,0,0,0.7312037
,1491,1,0,0.75617975
,1491,2,2,1.0
,1491,3,0,0.8524817
,1492,0,3,1.0
,1492,1,1,0.5111721
,1492,2,1,0.86095685
,1492,3,1,0.5694877
,1493,0,0,0.82067466
,1493,1,0,0.7534143
,1493,2,0,0.7488529
,1493,3,2,1.0
,1494,0,2,1.0
,1494,1,0,0.7582126
,1494,2,0,0.7105464
,1494,3,0,0.7832143
,1495,0,0,0.72582513
,1495,1,0,0.7573499
,1495,2,2,1.0
,1495,3,0,0.75619227
,1496,0,2,1.0
,1496,1,1,0.50050193
,1496,2,1,0.8570891
,1496,3,1,0.57653683
,1497,0,1,0.85755706
,1497,1,1,0.5121343
,1497,2,1,0.59321934
,1497,3,2,1.0
,1498,0,0,0.5239926
,1498,1,1,0.5440547
,1498,2,2,1.0
,1498,3,1,0.7006155
,1499,0,1,0.50885767
,1499,1,2,1.0
,1499,2,1,0.8567683
,1499,3,1,0.5743735
,1500,0,0,0.6924918
,1500,1,0,0.781773
,1500,2,0,0.74843097
,1500,3,2,1.0
,1501,0,2,1.0
,1501,1,0,0.5020545
,1501,2,1,0.5597089
,1501,3,1,0.8557069
,1502,0,0,0.7817671
,1502,1,0,0.75366634
,1502,2,2,1.0
,1502,3,0,0.68798065
,1503,0,0,0.5012904
,1503,1,1,0.50140357
,1503,2,1,0.8895611
,1503,3,2,1.0
,1504,0,1,0.51119524
,1504,1,1,0.5870797
,1504,2,2,1.0
,1504,3,1,0.859584
,1505,0,1,0.5111914
,1505,1,2,1.0
,1505,2,1,0.85819286
,1505,3,1,0.6437098
,1506,0,0,0.7513502
,1506,1,0,0.7799543
,1506,2,0,0.6983459
,1506,3,3,1.0
,1507,0,0,0.75650036
,1507,1,0,0.75682735
,1507,2,2,1.0
,1507,3,0,0.8308875
,1508,0,0,0.51805854
,1508,1,0,0.51806676
,1508,2,1,0.7498745
,1508,3,3,1.0
,1509,0,0,0.75286096
,1509,1,0,0.752861
,1509,2,2,1.0
,1509,3,0,0.81084216
,1510,0,0,0.5008344
,1510,1,0,0.5008344
,1510,2,1,0.88943624
,1510,3,2,1.0
,1511,0,1,0.5100163
,1511,1,1,0.5100163
,1511,2,2,1.0
,1511,3,1,0.8910144
,1512,0,1,0.5088002
,1512,1,1,0.5088002
,1512,2,1,0.88427365
,1512,3,2,1.0
,1513,0,0,0.7544111
,1513,1,0,0.75441134
,1513,2,2,1.0
,1513,3,0,0.7380642
,1514,0,0,0.75728655
,1514,1,0,0.75730133
,1514,2,0,0.76168895
,1514,3,2,1.0
,1515,0,1,0.52188474
,1515,1,1,0.52112937
,1515,2,3,1.0
,1515,3,1,0.9662427
,1516,0,0,0.70167696
,1516,1,0,0.75030595
,1516,2,0,0.8539274
,1516,3,3,1.0
,1517,0,2,1.0
,1517,1,0,0.75636023
,1517,2,0,0.75754505
,1517,3,0,0.81083405
,1518,0,1,0.8894305
,1518,1,0,0.50094044
,1518,2,0,0.50097096
,1518,3,2,1.0
,1519,0,2,1.0
,1519,1,1,0.51001364
,1519,2,1,0.51001346
,1519,3,1,0.8910143
,1520,0,1,0.8842801
,1520,1,1,0.50881374
,1520,2,1,0.5088362
,1520,3,2,1.0
,1521,0,2,1.0
,1521,1,0,0.7534664
,1521,2,0,0.7520079
,1521,3,0,0.72498524
,1522,0,1,0.8561369
,1522,1,1,0.50053596
,1522,2,1,0.57656384
,1522,3,2,1.0
,1523,0,1,0.5189674
,1523,1,1,0.5097538
,1523,2,2,1.0
,1523,3,1,0.8908966
,1524,0,1,0.5102556
,1524,1,1,0.5100166
,1524,2,1,0.87307376
,1524,3,2,1.0
,1525,0,1,0.5153471
,1525,1,1,0.51533216
,1525,2,3,1.0
,1525,3,1,0.8867617
,1526,0,0,0.7517794
,1526,1,0,0.7523429
,1526,2,0,0.8108577
,1526,3,2,1.0
,1527,0,1,0.5284194
,1527,1,0,0.50093937
,1527,2,2,1.0
,1527,3,1,0.85624796
,1528,0,3,1.0
,1528,1,1,0.5279636
,1528,2,1,0.9452263
,1528,3,1,0.5975727
,1529,0,0,0.8539006
,1529,1,0,0.75283897
,1529,2,0,0.6992247
,1529,3,2,1.0
,1530,0,0,0.75847846
,1530,1,0,0.75732934
,1530,2,2,1.0
,1530,3,0,0.7259069
,1531,0,0,0.50252
,1531,1,0,0.50249046
,1531,2,1,0.8825956
,1531,3,2,1.0
,1532,0,0,0.75340956
,1532,1,0,0.7534101
,1532,2,2,1.0
,1532,3,0,0.72421247
,1533,0,1,0.5179865
,1533,1,1,0.51794344
,1533,2,1,0.9504698
,1533,3,2,1.0
,1534,0,1,0.5167842
,1534,1,1,0.51513636
,1534,2,3,1.0
,1534,3,1,0.8866466
,1535,0,0,0.6457047
,1535,1,0,0.75229645
,1535,2,0,0.85392755
,1535,3,2,1.0
,1536,0,3,1.0
,1536,1,0,0.7543877
,1536,2,0,0.7549192
,1536,3,0,0.7799347
,1537,0,2,1.0
,1537,1,0,0.7631754
,1537,2,0,0.70553744
,1537,3,0,0.76344365
,1538,0,1,0.74552876
,1538,1,0,0.55599356
,1538,2,2,1.0
,1538,3,0,0.555271
,1539,0,2,1.0
,1539,1,0,0.75526524
,1539,2,0,0.7826365
,1539,3,0,0.70731163
,1540,0,0,0.72501934
,1540,1,0,0.7559543
,1540,2,0,0.75742984
,1540,3,2,1.0
,1541,0,2,1.0
,1541,1,1,0.5775873
,1541,2,1,0.5177211
,1541,3,1,0.9435608
,1542,0,0,0.7820947
,1542,1,2,1.0
,1542,2,0,0.7063206
,1542,3,0,0.7495408
,1543,0,0,0.71093106
,1543,1,0,0.7832008
,1543,2,2,1.0
,1543,3,0,0.75813496
,1544,0,2,1.0
,1544,1,0,0.7585573
,1544,2,0,0.7388522
,1544,3,0,0.7582652
,1545,0,0,0.7388545
,1545,1,0,0.75828093
,1545,2,2,1.0
,1545,3,0,0.7575836
,1546,0,2,1.0
,1546,1,0,0.7571165
,1546,2,0,0.78211385
,1546,3,0,0.69592524
,1547,0,1,0.9581234
,1547,1,1,0.5181847
,1547,2,1,0.5207853
,1547,3,2,1.0
,1548,0,2,1.0
,1548,1,1,0.5263229
,1548,2,1,0.64931405
,1548,3,1,0.94430584
,1549,0,0,0.7351081
,1549,1,0,0.7506926
,1549,2,3,1.0
,1549,3,0,0.7464008
,1550,0,2,1.0
,1550,1,0,0.70915276
,1550,2,0,0.85308796
,1550,3,0,0.7568987
,1551,0,0,0.78237176
,1551,1,2,1.0
,1551,2,0,0.6540846
,1551,3,0,0.75785106
,1552,0,0,0.70616305
,1552,1,0,0.7790804
,1552,2,3,1.0
,1552,3,0,0.75404876
,1553,0,2,1.0
,1553,1,0,0.70951986
,1553,2,0,0.8538982
,1553,3,0,0.7569544
,1554,0,0,0.73884004
,1554,1,2,1.0
,1554,2,0,0.759349
,1554,3,0,0.75771
,1555,0,2,1.0
,1555,1,0,0.7832176
,1555,2,0,0.75826585
,1555,3,0,0.7106432
,1556,0,0,0.7388443
,1556,1,0,0.75854963
,1556,2,0,0.75826675
,1556,3,2,1.0
,1557,0,2,1.0
,1557,1,0,0.75742567
,1557,2,0,0.7574224
,1557,3,0,0.7259385
,1558,0,1,0.88259095
,1558,1,0,0.5025004
,1558,2,0,0.50250036
,1558,3,2,1.0
,1559,0,2,1.0
,1559,1,0,0.75396925
,1559,2,0,0.75396925
,1559,3,0,0.7512649
,1560,0,1,0.7497401
,1560,1,0,0.51916635
,1560,2,0,0.51916635
,1560,3,3,1.0
,1561,0,2,1.0
,1561,1,0,0.7537289
,1561,2,0,0.7537289
,1561,3,0,0.82067674
,1562,0,0,0.7388907
,1562,1,0,0.75826204
,1562,2,0,0.75826204
,1562,3,2,1.0
,1563,0,2,1.0
,1563,1,0,0.7582831
,1563,2,0,0.7582834
,1563,3,0,0.738861
,1564,0,0,0.7259346
,1564,1,0,0.75736845
,1564,2,0,0.75739855
,1564,3,2,1.0
,1565,0,2,1.0
,1565,1,1,0.5003561
,1565,2,0,0.50123304
,1565,3,1,0.8711827
,1566,0,1,0.85997665
,1566,1,1,0.57635355
,1566,2,1,0.51564175
,1566,3,3,1.0
,1567,0,0,0.7473846
,1567,1,2,1.0
,1567,2,0,0.75252336
,1567,3,0,0.8108262
,1568,0,1,0.5595401
,1568,1,1,0.8556155
,1568,2,0,0.50149906
,1568,3,2,1.0
,1569,0,2,1.0
,1569,1,0,0.68801427
,1569,2,0,0.7537293
,1569,3,0,0.78178287
,1570,0,1,0.8826347
,1570,1,2,1.0
,1570,2,0,0.50230306
,1570,3,0,0.5022867
,1571,0,2,1.0
,1571,1,0,0.7824944
,1571,2,0,0.75449973
,1571,3,0,0.70644563
,1572,0,0,0.72589326
,1572,1,0,0.7576609
,1572,2,0,0.7573426
,1572,3,2,1.0
,1573,0,2,1.0
,1573,1,0,0.5015508
,1573,2,0,0.50154257
,1573,3,1,0.88841164
,1574,0,1,0.7592026
,1574,1,0,0.53625727
,1574,2,0,0.53625697
,1574,3,2,1.0
,1575,0,2,1.0
,1575,1,1,0.50812346
,1575,2,1,0.50812346
,1575,3,1,0.8727158
,1576,0,1,0.91084516
,1576,1,1,0.51571953
,1576,2,1,0.5157196
,1576,3,3,1.0
,1577,0,3,1.0
,1577,1,0,0.75068134
,1577,2,0,0.7506814
,1577,3,0,0.82065743
,1578,0,0,0.7786108
,1578,1,0,0.75729233
,1578,2,0,0.7572924
,1578,3,2,1.0
,1579,0,3,1.0
,1579,1,0,0.7530271
,1579,2,0,0.75302714
,1579,3,0,0.6794722
,1580,0,0,0.82067126
,1580,1,0,0.75216186
,1580,2,0,0.75216156
,1580,3,3,1.0
,1581,0,2,1.0
,1581,1,0,0.756443
,1581,2,0,0.7564129
,1581,3,0,0.8108505
,1582,0,1,0.87112653
,1582,1,0,0.5013429
,1582,2,1,0.50024635
,1582,3,2,1.0
,1583,0,3,1.0
,1583,1,1,0.51563835
,1583,2,1,0.57634956
,1583,3,1,0.8599724
,1584,0,0,0.81084865
,1584,1,0,0.7525137
,1584,2,2,1.0
,1584,3,0,0.7479189
,1585,0,2,1.0
,1585,1,0,0.5009147
,1585,2,1,0.85547096
,1585,3,1,0.53212243
,1586,0,1,0.8875948
,1586,1,1,0.517257
,1586,2,1,0.52733916
,1586,3,3,1.0
,1587,0,2,1.0
,1587,1,0,0.7528273
,1587,2,0,0.7044411
,1587,3,0,0.8535394
,1588,0,0,0.78269184
,1588,1,0,0.7581621
,1588,2,2,1.0
,1588,3,0,0.71182424
,1589,0,0,0.7109375
,1589,1,0,0.7582284
,1589,2,0,0.782702
,1589,3,2,1.0
,1590,0,2,1.0
,1590,1,0,0.75769466
,1590,2,0,0.7109368
,1590,3,0,0.78320175
,1591,0,0,0.78270143
,1591,1,0,0.71061915
,1591,2,2,1.0
,1591,3,0,0.75851774
,1592,0,0,0.7109374
,1592,1,2,1.0
,1592,2,0,0.7827017
,1592,3,0,0.758238
,1593,0,2,1.0
,1593,1,0,0.78319377
,1593,2,0,0.7109339
,1593,3,0,0.75822645
,1594,0,0,0.72503644
,1594,1,0,0.7574476
,1594,2,2,1.0
,1594,3,0,0.757178
,1595,0,2,1.0
,1595,1,1,0.5175315
,1595,2,1,0.96535766
,1595,3,1,0.5167908
,1596,0,0,0.7802707
,1596,1,0,0.7038317
,1596,2,3,0.99999857
,1596,3,0,0.75224864
,1597,0,0,0.709522
,1597,1,2,1.0
,1597,2,0,0.85389316
,1597,3,0,0.7562426
,1598,0,2,1.0
,1598,1,0,0.7818449
,1598,2,0,0.75840163
,1598,3,0,0.69680476
,1599,0,1,0.85714895
,1599,1,1,0.5277294
,1599,2,0,0.50086886
,1599,3,2,1.0
,1600,0,1,0.6589301
,1600,1,3,1.0
,1600,2,1,0.52905977
,1600,3,1,0.9451989
,1601,0,3,1.0
,1601,1,0,0.8539373
,1601,2,0,0.70025575
,1601,3,0,0.7434359
,1602,0,0,0.85221624
,1602,1,0,0.75692654
,1602,2,2,1.0
,1602,3,0,0.6942375
,1603,0,1,0.59146243
,1603,1,1,0.5183965
,1603,2,1,0.943901
,1603,3,2,1.0
,1604,0,2,1.0
,1604,1,1,0.5104347
,1604,2,1,0.5214629
,1604,3,1,0.8909969
,1605,0,1,0.909138
,1605,1,1,0.5094654
,1605,2,1,0.50974685
,1605,3,2,1.0
,1606,0,3,1.0
,1606,1,0,0.75197923
,1606,2,0,0.7522652
,1606,3,0,0.7359205
,1607,0,0,0.853273
,1607,1,0,0.7311524
,1607,2,0,0.7561599
,1607,3,2,1.0
,1608,0,1,0.5092372
,1608,1,3,1.0
,1608,2,1,0.5110265
,1608,3,1,0.9114516
,1609,0,0,0.7016492
,1609,1,0,0.853929
,1609,2,0,0.7502515
,1609,3,3,1.0
,1610,0,2,1.0
,1610,1,0,0.75757366
,1610,2,0,0.7563741
,1610,3,0,0.8108529
,1611,0,1,0.88254666
,1611,1,0,0.50263005
,1611,2,0,0.50186014
,1611,3,2,1.0
,1612,0,2,0.99999666
,1612,1,0,0.75451225
,1612,2,0,0.70644975
,1612,3,0,0.7824967
,1613,0,0,0.7388443
,1613,1,0,0.75822616
,1613,2,2,1.0
,1613,3,0,0.758004
,1614,0,2,1.0
,1614,1,0,0.7582531
,1614,2,0,0.7832176
,1614,3,0,0.7106471
,1615,0,0,0.7388575
,1615,1,0,0.75826216
,1615,2,0,0.7585452
,1615,3,2,1.0
,1616,0,2,1.0
,1616,1,0,0.7573478
,1616,2,0,0.7573511
,1616,3,0,0.7616663
,1617,0,1,0.95647216
,1617,1,1,0.521053
,1617,2,1,0.52105296
,1617,3,3,1.0
,1618,0,2,1.0
,1618,1,0,0.75306827
,1618,2,0,0.75306827
,1618,3,0,0.8206787
,1619,0,0,0.73890305
,1619,1,0,0.75825244
,1619,2,0,0.75825244
,1619,3,2,1.0
,1620,0,2,1.0
,1620,1,0,0.7584466
,1620,2,0,0.75844663
,1620,3,0,0.78312516
,1621,0,2,1.0
,1621,1,0,0.76140505
,1621,2,0,0.76140475
,1621,3,0,0.73694074
,1622,0,1,0.8876209
,1622,1,1,0.51053727
,1622,2,1,0.5105552
,1622,3,3,1.0
,1623,0,2,1.0
,1623,1,0,0.7523953
,1623,2,0,0.7512298
,1623,3,0,0.81082815
,1624,0,1,0.855286
,1624,1,0,0.50122297
,1624,2,1,0.55943245
,1624,3,2,1.0
,1625,0,0,0.73181957
,1625,1,0,0.7360793
,1625,2,2,1.0
,1625,3,0,0.7655233
,1626,0,0,1.0
,1626,1,0,1.0
,1626,2,0,1.0
,1626,3,2,0.5154252
,1627,0,0,0.7594483
,1627,1,0,0.75944847
,1627,2,2,1.0
,1627,3,0,0.766699
,1628,0,0,0.50076157
,1628,1,0,0.5007718
,1628,2,1,0.88979423
,1628,3,2,1.0
,1629,0,1,0.5252442
,1629,1,1,0.5248584
,1629,2,2,1.0
,1629,3,1,0.9555871
,1630,0,0,0.72813535
,1630,1,0,0.7532986
,1630,2,0,0.78058463
,1630,3,2,1.0
,1631,0,3,1.0
,1631,1,1,0.51125103
,1631,2,1,0.5713615
,1631,3,1,0.8613103
,1632,0,0,0.85389817
,1632,1,0,0.75306165
,1632,2,2,1.0
,1632,3,0,0.70035344
,1633,0,0,0.7584949
,1633,1,0,0.7573491
,1633,2,0,0.7592199
,1633,3,2,1.0
,1634,0,1,0.5108482
,1634,1,1,0.51087826
,1634,2,3,1.0
,1634,3,1,0.8877058
,1635,0,0,0.75209785
,1635,1,0,0.75209767
,1635,2,0,0.83842474
,1635,3,2,1.0
,1636,0,1,0.52453953
,1636,1,1,0.5245288
,1636,2,3,1.0
,1636,3,1,0.98381835
,1637,0,0,0.752287
,1637,1,0,0.7529914
,1637,2,0,0.82067055
,1637,3,2,1.0
,1638,0,0,0.69585145
,1638,1,0,0.7570655
,1638,2,2,1.0
,1638,3,0,0.78080696
,1639,0,2,1.0
,1639,1,1,0.5186712
,1639,2,1,0.9443845
,1639,3,1,0.5941899
,1640,0,1,0.94443244
,1640,1,1,0.52726585
,1640,2,1,0.61385906
,1640,3,2,1.0
,1641,0,1,0.53808564
,1641,1,1,0.5270544
,1641,2,2,1.0
,1641,3,1,0.95849097
,1642,0,1,0.5261231
,1642,1,1,0.5258313
,1642,2,1,0.9657096
,1642,3,2,1.0
,1643,0,0,0.75221837
,1643,1,0,0.75222176
,1643,2,3,1.0
,1643,3,0,0.7360589
,1644,0,0,0.75727886
,1644,1,0,0.757279
,1644,2,0,0.7784193
,1644,3,2,1.0
,1645,0,0,0.75362986
,1645,1,0,0.75362986
,1645,2,3,1.0
,1645,3,0,0.7342401
,1646,0,0,0.7572599
,1646,1,0,0.7572599
,1646,2,0,0.8206682
,1646,3,2,1.0
,1647,0,0,0.75830615
,1647,1,0,0.75830626
,1647,2,2,1.0
,1647,3,0,0.73887116
,1648,0,0,0.75799227
,1648,1,0,0.75799227
,1648,2,0,0.6842637
,1648,3,2,1.0
,1649,0,0,0.75395924
,1649,1,0,0.75395924
,1649,2,3,1.0
,1649,3,0,0.73455423
,1650,0,0,0.7570088
,1650,1,0,0.7570088
,1650,2,0,0.8127502
,1650,3,2,1.0
,1651,0,0,0.5562115
,1651,1,0,0.5562115
,1651,2,2,1.0
,1651,3,1,0.74549156
,1652,0,0,0.75444674
,1652,1,0,0.75444674
,1652,2,0,0.72526234
,1652,3,2,1.0
,1653,0,0,0.5024195
,1653,1,0,0.5024195
,1653,2,2,1.0
,1653,3,1,0.88259506
,1654,0,0,0.7545598
,1654,1,0,0.7545598
,1654,2,0,0.7380673
,1654,3,2,1.0
,1655,0,0,0.75823694
,1655,1,0,0.75823694
,1655,2,2,1.0
,1655,3,0,0.73887
,1656,0,0,0.7574381
,1656,1,0,0.7574381
,1656,2,0,0.7592474
,1656,3,2,1.0
,1657,0,1,0.5108582
,1657,1,1,0.5108582
,1657,2,3,1.0
,1657,3,1,0.8877039
,1658,0,0,0.7532697
,1658,1,0,0.7532697
,1658,2,0,0.7784325
,1658,3,2,1.0
,1659,0,0,0.7535684
,1659,1,0,0.7535684
,1659,2,3,1.0
,1659,3,0,0.73422915
,1660,0,0,0.75625473
,1660,1,0,0.75625473
,1660,2,0,0.83611715
,1660,3,2,1.0
,1661,0,1,0.51129085
,1661,1,1,0.5112907
,1661,2,3,1.0
,1661,3,1,0.8878533
,1662,0,0,0.75325537
,1662,1,0,0.75326365
,1662,2,0,0.7784349
,1662,3,2,1.0
,1663,0,0,0.7528499
,1663,1,0,0.7535608
,1663,2,3,1.0
,1663,3,0,0.7342002
,1664,0,0,0.6941242
,1664,1,0,0.7557384
,1664,2,0,0.8521486
,1664,3,2,1.0
,1665,0,2,1.0
,1665,1,1,0.524468
,1665,2,1,0.59795
,1665,3,1,0.9793813
,1666,0,1,0.94427246
,1666,1,1,0.5258494
,1666,2,2,1.0
,1666,3,1,0.59789604
,1667,0,0,0.68582183
,1667,1,0,0.75312537
,1667,2,0,0.7804376
,1667,3,2,1.0
,1668,0,2,1.0
,1668,1,1,0.5171391
,1668,2,1,0.5769976
,1668,3,1,0.94377595
,1669,0,0,0.7815226
,1669,1,0,0.7532158
,1669,2,2,1.0
,1669,3,0,0.68586
,1670,0,1,0.5176054
,1670,1,1,0.5183527
,1670,2,1,0.9581684
,1670,3,2,1.0
,1671,0,1,0.53244007
,1671,1,1,0.53246003
,1671,2,2,1.0
,1671,3,1,0.9940076
,1672,0,0,0.75406194
,1672,1,0,0.75406164
,1672,2,0,0.73797035
,1672,3,2,1.0
,1673,0,0,0.7582288
,1673,1,0,0.7582288
,1673,2,2,1.0
,1673,3,0,0.738873
,1674,0,0,0.7573208
,1674,1,0,0.7573208
,1674,2,0,0.76244783
,1674,3,2,1.0
,1675,0,1,0.52435595
,1675,1,1,0.52435595
,1675,2,3,1.0
,1675,3,1,0.9838114
,1676,0,0,0.7519742
,1676,1,0,0.7519742
,1676,2,0,0.8361293
,1676,3,2,1.0
,1677,0,1,0.5114264
,1677,1,1,0.5114264
,1677,2,3,1.0
,1677,3,1,0.88785946
,1678,0,0,0.75238633
,1678,1,0,0.7523867
,1678,2,0,0.81086195
,1678,3,2,1.0
,1679,0,0,0.50125355
,1679,1,0,0.5012731
,1679,2,2,1.0
,1679,3,1,0.8712043
,1680,0,1,0.5157533
,1680,1,1,0.5150087
,1680,2,1,0.88676494
,1680,3,3,1.0
,1681,0,0,0.70458645
,1681,1,0,0.7528475
,1681,2,2,1.0
,1681,3,0,0.85342747
,1682,0,2,1.0
,1682,1,0,0.7570253
,1682,2,0,0.78164595
,1682,3,0,0.6971513
,1683,0,1,0.94376504
,1683,1,1,0.5181712
,1683,2,1,0.5453277
,1683,3,2,1.0
,1684,0,1,0.5441528
,1684,1,1,0.53280085
,1684,2,3,1.0
,1684,3,1,0.99403685
,1685,0,0,0.7519239
,1685,1,0,0.7520545
,1685,2,0,0.81086814
,1685,3,2,1.0
,1686,0,0,0.5012114
,1686,1,0,0.5012148
,1686,2,2,1.0
,1686,3,1,0.869417
,1687,0,1,0.52701837
,1687,1,1,0.52701825
,1687,2,1,0.9562308
,1687,3,3,1.0
,1688,0,0,0.751854
,1688,1,0,0.751854
,1688,2,2,1.0
,1688,3,0,0.8099598
,1689,0,1,0.52447605
,1689,1,1,0.524476
,1689,2,1,0.9846725
,1689,3,2,1.0
,1690,0,1,0.5322985
,1690,1,1,0.5322985
,1690,2,2,1.0
,1690,3,1,0.9847387
,1691,0,1,0.5274706
,1691,1,1,0.5274706
,1691,2,1,0.9585904
,1691,3,2,1.0
,1692,0,1,0.5338097
,1692,1,1,0.5338094
,1692,2,2,1.0
,1692,3,1,0.9943902
,1693,0,1,0.50982237
,1693,1,1,0.5098137
,1693,2,1,0.88443834
,1693,3,2,1.0
,1694,0,0,0.75348586
,1694,1,0,0.7540466
,1694,2,2,1.0
,1694,3,0,0.68331933
,1695,0,0,0.7056264
,1695,1,0,0.75383246
,1695,2,0,0.7794279
,1695,3,3,1.0
,1696,0,2,1.0
,1696,1,0,0.75611496
,1696,2,0,0.7552183
,1696,3,0,0.80987346
,1697,0,1,0.992344
,1697,1,1,0.52501804
,1697,2,1,0.5854051
,1697,3,2,1.0
,1698,0,0,0.7481073
,1698,1,0,0.75344396
,1698,2,2,1.0
,1698,3,0,0.7251874
,1699,0,0,0.5022515
,1699,1,0,0.5023889
,1699,2,1,0.88259685
,1699,3,2,1.0
,1700,0,0,0.75454974
,1700,1,0,0.75455153
,1700,2,2,1.0
,1700,3,0,0.738059
,1701,0,0,0.7573595
,1701,1,0,0.75737756
,1701,2,0,0.72593516
,1701,3,2,1.0
,1702,0,0,0.50150937
,1702,1,0,0.5024649
,1702,2,2,1.0
,1702,3,1,0.8826074
,1703,0,0,0.6911424
,1703,1,0,0.7532333
,1703,2,0,0.7813029
,1703,3,2,1.0
,1704,0,2,1.0
,1704,1,1,0.5271916
,1704,2,1,0.52842706
,1704,3,1,0.99924463
,1705,0,1,0.85834795
,1705,1,1,0.51263744
,1705,2,1,0.5892283
,1705,3,2,1.0
,1706,0,1,0.5430259
,1706,1,1,0.533812
,1706,2,2,1.0
,1706,3,1,0.9944185
,1707,0,1,0.5351444
,1707,1,1,0.53489864
,1707,2,1,0.99910444
,1707,3,2,1.0
,1708,0,1,0.5153063
,1708,1,1,0.51529986
,1708,2,3,1.0
,1708,3,1,0.8865099
,1709,0,0,0.7532017
,1709,1,0,0.7532018
,1709,2,0,0.820678
,1709,3,2,1.0
,1710,0,0,0.7582427
,1710,1,0,0.7582427
,1710,2,2,1.0
,1710,3,0,0.738897
,1711,0,0,0.7573098
,1711,1,0,0.7573098
,1711,2,0,0.76283824
,1711,3,2,1.0
,1712,0,1,0.5259591
,1712,1,1,0.52595884
,1712,2,3,1.0
,1712,3,1,0.99938136
,1713,0,0,0.7507904
,1713,1,0,0.75080776
,1713,2,0,0.82065314
,1713,3,3,1.0
,1714,0,0,0.754628
,1714,1,0,0.75612485
,1714,2,2,1.0
,1714,3,0,0.8099417
,1715,0,1,0.6006879
,1715,1,1,0.52455664
,1715,2,1,0.9792611
,1715,3,2,1.0
,1716,0,2,1.0
,1716,1,1,0.53226423
,1716,2,1,0.5463562
,1716,3,1,0.9847341
,1717,0,1,0.94491273
,1717,1,1,0.527796
,1717,2,1,0.6039225
,1717,3,2,1.0
,1718,0,1,0.61388445
,1718,1,1,0.52751917
,1718,2,2,1.0
,1718,3,1,0.9444455
,1719,0,2,1.0
,1719,1,1,0.52707636
,1719,2,1,0.95849556
,1719,3,1,0.53969324
,1720,0,1,0.9441096
,1720,1,1,0.5260232
,1720,2,2,1.0
,1720,3,1,0.5866695
,1721,0,0,0.74840903
,1721,1,0,0.7531864
,1721,2,0,0.72431433
,1721,3,2,1.0
,1722,0,1,0.51838994
,1722,1,1,0.5182639
,1722,2,2,1.0
,1722,3,1,0.9581021
,1723,0,1,0.5268351
,1723,1,1,0.52683175
,1723,2,1,0.9502217
,1723,3,2,1.0
,1724,0,1,0.5276358
,1724,1,1,0.5276355
,1724,2,3,1.0
,1724,3,1,0.9561948
,1725,0,0,0.7518319
,1725,1,0,0.75184727
,1725,2,0,0.8099598
,1725,3,2,1.0
,1726,0,1,0.5252509
,1726,1,1,0.524478
,1726,2,2,1.0
,1726,3,1,0.9846727
,1727,0,1,0.5613271
,1727,1,1,0.5323266
,1727,2,1,0.97958916
,1727,3,2,1.0
,1728,0,3,1.0
,1728,1,1,0.5291774
,1728,2,1,0.6618959
,1728,3,1,0.9453525
,1729,0,0,0.853935
,1729,1,0,0.7490514
,1729,2,3,1.0
,1729,3,0,0.6948316
,1730,0,0,0.7572766
,1730,1,0,0.75607646
,1730,2,0,0.83785707
,1730,3,2,1.0
,1731,0,1,0.521203
,1731,1,1,0.52123487
,1731,2,3,1.0
,1731,3,1,0.9565112
,1732,0,0,0.7519437
,1732,1,0,0.75194335
,1732,2,0,0.837867
,1732,3,2,1.0
,1733,0,1,0.5213325
,1733,1,1,0.5213325
,1733,2,3,1.0
,1733,3,1,0.9565111
,1734,0,0,0.7530539
,1734,1,0,0.7530537
,1734,2,0,0.8206731
,1734,3,2,1.0
,1735,0,0,0.7571585
,1735,1,0,0.757144
,1735,2,2,1.0
,1735,3,0,0.7250763
,1736,0,1,0.51679116
,1736,1,1,0.5175392
,1736,2,1,0.96535814
,1736,3,2,1.0
,1737,0,0,0.75225896
,1737,1,0,0.70385563
,1737,2,3,1.0
,1737,3,0,0.78078026
,1738,0,0,0.7572311
,1738,1,2,1.0
,1738,2,0,0.82065296
,1738,3,0,0.75755
,1739,0,0,0.75800294
,1739,1,0,0.6843155
,1739,2,2,1.0
,1739,3,0,0.75745183
,1740,0,0,0.7538802
,1740,1,3,1.0
,1740,2,0,0.7791741
,1740,3,0,0.70566726
,1741,0,0,0.7561563
,1741,1,0,0.85328597
,1741,2,0,0.73134965
,1741,3,2,1.0
,1742,0,1,0.5106531
,1742,1,1,0.50810766
,1742,2,3,1.0
,1742,3,1,0.8876111
,1743,0,0,0.7521245
,1743,1,0,0.7521537
,1743,2,0,0.8378664
,1743,3,2,1.0
,1744,0,1,0.52134305
,1744,1,1,0.5213422
,1744,2,3,1.0
,1744,3,1,0.9565121
,1745,0,0,0.75194186
,1745,1,0,0.75194186
,1745,2,0,0.837867
,1745,3,2,1.0
,1746,0,1,0.5213477
,1746,1,1,0.5213477
,1746,2,3,1.0
,1746,3,1,0.956512
,1747,0,0,0.7519867
,1747,1,0,0.7519867
,1747,2,0,0.8101779
,1747,3,2,1.0
,1748,0,1,0.51824695
,1748,1,1,0.5182469
,1748,2,2,1.0
,1748,3,1,0.95809126
,1749,0,1,0.5267137
,1749,1,1,0.5267136
,1749,2,1,0.9583809
,1749,3,2,1.0
,1750,0,1,0.51106715
,1750,1,1,0.5110672
,1750,2,2,1.0
,1750,3,1,0.89114666
,1751,0,1,0.50947475
,1751,1,1,0.50947475
,1751,2,1,0.909064
,1751,3,2,1.0
,1752,0,0,0.75178427
,1752,1,0,0.7517844
,1752,2,3,1.0
,1752,3,0,0.6814876
,1753,0,0,0.75216293
,1753,1,0,0.75216293
,1753,2,0,0.820661
,1753,3,3,1.0
,1754,0,0,0.7573025
,1754,1,0,0.7573025
,1754,2,2,1.0
,1754,3,0,0.8535475
,1755,0,0,0.6602887
,1755,1,0,0.6602887
,1755,2,3,1.0
,1755,3,0,0.60520536
,1756,0,0,0.75586784
,1756,1,0,0.75586784
,1756,2,0,0.82067156
,1756,3,2,1.0
,1757,0,0,0.75828743
,1757,1,0,0.75828743
,1757,2,2,1.0
,1757,3,0,0.7388918
,1758,0,0,0.7582919
,1758,1,0,0.7582919
,1758,2,0,0.73886913
,1758,3,2,1.0
,1759,0,0,0.7582918
,1759,1,0,0.7582918
,1759,2,2,1.0
,1759,3,0,0.73886913
,1760,0,0,0.75828105
,1760,1,0,0.75828105
,1760,2,0,0.7388612
,1760,3,2,1.0
,1761,0,0,0.75717115
,1761,1,0,0.75717115
,1761,2,2,1.0
,1761,3,0,0.7250636
,1762,0,1,0.5179959
,1762,1,1,0.5179959
,1762,2,1,0.94971436
,1762,3,2,1.0
,1763,0,1,0.5273964
,1763,1,1,0.5273964
,1763,2,3,1.0
,1763,3,1,0.9561932
,1764,0,0,0.75184655
,1764,1,0,0.75184655
,1764,2,0,0.80985034
,1764,3,2,1.0
,1765,0,1,0.5260865
,1765,1,1,0.5260865
,1765,2,2,1.0
,1765,3,1,0.99919266
,1766,0,0,0.75315714
,1766,1,0,0.75315714
,1766,2,0,0.76197463
,1766,3,2,1.0
,1767,0,1,0.52596414
,1767,1,1,0.52596414
,1767,2,3,1.0
,1767,3,1,0.997808
,1768,0,0,0.7521174
,1768,1,0,0.7521174
,1768,2,0,0.81084824
,1768,3,2,1.0
,1769,0,0,0.5005163
,1769,1,0,0.5005163
,1769,2,2,1.0
,1769,3,1,0.8899294
,1770,0,1,0.5340599
,1770,1,1,0.5340599
,1770,2,1,0.997504
,1770,3,2,1.0
,1771,0,1,0.5335866
,1771,1,1,0.5335866
,1771,2,3,1.0
,1771,3,1,0.9978063
,1772,0,0,0.75173783
,1772,1,0,0.75173783
,1772,2,0,0.8386795
,1772,3,2,1.0
,1773,0,1,0.5260118
,1773,1,1,0.52601177
,1773,2,3,1.0
,1773,3,1,0.9978082
,1774,0,0,0.75185645
,1774,1,0,0.75185645
,1774,2,0,0.83786744
,1774,3,2,1.0
,1775,0,1,0.521352
,1775,1,1,0.521352
,1775,2,3,1.0
,1775,3,1,0.95651186
,1776,0,0,0.7518866
,1776,1,0,0.7518866
,1776,2,0,0.80985963
,1776,3,2,1.0
,1777,0,1,0.52720004
,1777,1,1,0.52720004
,1777,2,2,1.0
,1777,3,1,0.99794835
,1778,0,1,0.5272559
,1778,1,1,0.5272559
,1778,2,1,0.9585349
,1778,3,2,1.0
,1779,0,1,0.52731436
,1779,1,1,0.52731436
,1779,2,2,1.0
,1779,3,1,0.95858204
,1780,0,1,0.5340918
,1780,1,1,0.5340918
,1780,2,1,0.99324775
,1780,3,2,1.0
,1781,0,1,0.5277478
,1781,1,1,0.5277478
,1781,2,3,1.0
,1781,3,1,0.95617247
,1782,0,0,0.7519495
,1782,1,0,0.7519495
,1782,2,0,0.81018966
,1782,3,2,1.0
,1783,0,1,0.5165838
,1783,1,1,0.5165838
,1783,2,2,1.0
,1783,3,1,0.943506
,1784,0,0,0.7591009
,1784,1,0,0.7591009
,1784,2,2,1.0
,1784,3,0,0.7063212
,1785,0,0,0.75731725
,1785,1,0,0.75731725
,1785,2,0,0.76270694
,1785,3,2,1.0
,1786,0,1,0.5254633
,1786,1,1,0.5254632
,1786,2,3,1.0
,1786,3,1,0.9940377
,1787,0,0,0.7521277
,1787,1,0,0.7521277
,1787,2,0,0.81084615
,1787,3,2,1.0
,1788,0,0,0.5005907
,1788,1,0,0.5005907
,1788,2,2,1.0
,1788,3,1,0.88978046
,1789,0,1,0.5263271
,1789,1,1,0.5263271
,1789,2,1,0.95849234
,1789,3,2,1.0
,1790,0,1,0.52568316
,1790,1,1,0.52568316
,1790,2,2,1.0
,1790,3,1,0.95562094
,1791,0,0,0.7530093
,1791,1,0,0.7530093
,1791,2,0,0.7241349
,1791,3,2,1.0
,1792,0,1,0.51827127
,1792,1,1,0.5182706
,1792,2,2,1.0
,1792,3,1,0.95810187
,1793,0,1,0.5269224
,1793,1,1,0.526897
,1793,2,1,0.949893
,1793,3,2,1.0
,1794,0,1,0.5338853
,1794,1,1,0.53293526
,1794,2,3,1.0
,1794,3,1,0.9940294
,1795,0,0,0.68890417
,1795,1,0,0.75066596
,1795,2,0,0.85313535
,1795,3,2,1.0
,1796,0,2,1.0
,1796,1,1,0.5556956
,1796,2,1,0.5254084
,1796,3,1,0.9923846
,1797,0,1,0.9450775
,1797,1,3,1.0
,1797,2,1,0.5890528
,1797,3,1,0.5418136
,1798,0,0,0.74806935
,1798,1,0,0.8539054
,1798,2,2,1.0
,1798,3,0,0.7044319
,1799,0,0,0.7581367
,1799,1,0,0.75933665
,1799,2,0,0.73884374
,1799,3,2,1.0
,1800,0,0,0.75743675
,1800,1,0,0.7574504
,1800,2,2,1.0
,1800,3,0,0.75924724
,1801,0,1,0.510859
,1801,1,1,0.51085865
,1801,2,1,0.8877035
,1801,3,3,1.0
,1802,0,0,0.7532324
,1802,1,0,0.7532324
,1802,2,2,1.0
,1802,3,0,0.82068026
,1803,0,0,0.75740254
,1803,1,0,0.75740266
,1803,2,0,0.7592677
,1803,3,2,1.0
,1804,0,1,0.5108686
,1804,1,1,0.5108686
,1804,2,3,1.0
,1804,3,1,0.8877092
,1805,0,0,0.75249815
,1805,1,0,0.75249827
,1805,2,0,0.83090127
,1805,3,2,1.0
,1806,0,0,0.51794493
,1806,1,0,0.517945
,1806,2,3,1.0
,1806,3,1,0.749873
,1807,0,0,0.75370866
,1807,1,0,0.7537119
,1807,2,0,0.8206766
,1807,3,2,1.0
,1808,0,0,0.7579669
,1808,1,0,0.7582506
,1808,2,2,1.0
,1808,3,0,0.738892
,1809,0,0,0.7324023
,1809,1,0,0.757429
,1809,2,0,0.78243595
,1809,3,2,1.0
,1810,0,3,1.0
,1810,1,1,0.5106295
,1810,2,1,0.5107187
,1810,3,1,0.88763005
,1811,0,0,0.85390687
,1811,1,0,0.75290126
,1811,2,0,0.70465505
,1811,3,2,1.0
,1812,0,0,0.759349
,1812,1,0,0.75820374
,1812,2,2,1.0
,1812,3,0,0.738819
,1813,0,0,0.75800383
,1813,1,0,0.7579909
,1813,2,0,0.68426317
,1813,3,2,1.0
,1814,0,0,0.753962
,1814,1,0,0.7539618
,1814,2,3,1.0
,1814,3,0,0.7345574
,1815,0,0,0.7572647
,1815,1,0,0.7572647
,1815,2,0,0.8206684
,1815,3,2,1.0
,1816,0,0,0.75829613
,1816,1,0,0.758296
,1816,2,2,1.0
,1816,3,0,0.73888427
,1817,0,0,0.75742304
,1817,1,0,0.75742286
,1817,2,0,0.72593874
,1817,3,2,1.0
,1818,0,0,0.5025097
,1818,1,0,0.50249904
,1818,2,2,1.0
,1818,3,1,0.8825899
,1819,0,0,0.7545489
,1819,1,0,0.75385404
,1819,2,0,0.73805076
,1819,3,2,1.0
,1820,0,0,0.7572732
,1820,1,0,0.69663906
,1820,2,2,1.0
,1820,3,0,0.7801575
,1821,0,1,0.50062853
,1821,1,2,1.0
,1821,2,1,0.8565569
,1821,3,1,0.6249067
,1822,0,0,0.7514242
,1822,1,0,0.77990776
,1822,2,0,0.6983144
,1822,3,3,0.99986994
,1823,0,0,0.7572116
,1823,1,0,0.7569956
,1823,2,2,1.0
,1823,3,0,0.820656
,1824,0,0,0.75826377
,1824,1,0,0.71065617
,1824,2,0,0.7827367
,1824,3,2,1.0
,1825,0,0,0.75823545
,1825,1,2,1.0
,1825,2,0,0.7109376
,1825,3,0,0.78270155
,1826,0,0,0.7582344
,1826,1,0,0.7820955
,1826,2,2,1.0
,1826,3,0,0.71090686
,1827,0,0,0.757874
,1827,1,0,0.65307176
,1827,2,0,0.78289217
,1827,3,2,1.0
,1828,0,0,0.7541118
,1828,1,3,1.0
,1828,2,0,0.75440276
,1828,3,0,0.7347133
,1829,0,0,0.7562271
,1829,1,0,0.8101722
,1829,2,0,0.75624484
,1829,3,2,1.0
,1830,0,1,0.5173346
,1830,1,2,1.0
,1830,2,1,0.5165959
,1830,3,1,0.955151
,1831,0,0,0.7061265
,1831,1,0,0.7824432
,1831,2,0,0.75421715
,1831,3,2,1.0
,1832,0,2,1.0
,1832,1,0,0.7585424
,1832,2,0,0.7576827
,1832,3,0,0.7388437
,1833,0,0,0.78320694
,1833,1,0,0.75824505
,1833,2,0,0.7106348
,1833,3,2,1.0
,1834,0,0,0.7573692
,1834,1,0,0.75708514
,1834,2,2,1.0
,1834,3,0,0.7247624
,1835,0,1,0.52396363
,1835,1,1,0.52397114
,1835,2,1,0.98460186
,1835,3,2,1.0
,1836,0,1,0.5095132
,1836,1,1,0.5095134
,1836,2,2,1.0
,1836,3,1,0.8844067
,1837,0,0,0.7544068
,1837,1,0,0.75440663
,1837,2,0,0.7380503
,1837,3,2,1.0
,1838,0,0,0.7573764
,1838,1,0,0.75736237
,1838,2,2,1.0
,1838,3,0,0.7259356
,1839,0,0,0.50249064
,1839,1,0,0.5017508
,1839,2,1,0.88259894
,1839,3,2,1.0
,1840,0,0,0.75450665
,1840,1,0,0.70641077
,1840,2,2,1.0
,1840,3,0,0.7813908
,1841,0,0,0.75782573
,1841,1,2,1.0
,1841,2,0,0.78237367
,1841,3,0,0.65308034
,1842,0,0,0.7540546
,1842,1,0,0.77959526
,1842,2,0,0.7061911
,1842,3,3,1.0
,1843,0,0,0.7572461
,1843,1,0,0.75753736
,1843,2,2,1.0
,1843,3,0,0.82066864
,1844,0,0,0.7583037
,1844,1,0,0.75830704
,1844,2,0,0.7388924
,1844,3,2,1.0
,1845,0,0,0.7582921
,1845,1,0,0.7582921
,1845,2,2,1.0
,1845,3,0,0.7388692
,1846,0,0,0.7582919
,1846,1,0,0.7582919
,1846,2,0,0.73886913
,1846,3,2,1.0
,1847,0,0,0.7582918
,1847,1,0,0.7582918
,1847,2,2,1.0
,1847,3,0,0.73886913
,1848,0,0,0.75828385
,1848,1,0,0.75828385
,1848,2,0,0.73886085
,1848,3,2,1.0
,1849,0,0,0.7574123
,1849,1,0,0.7574124
,1849,2,2,1.0
,1849,3,0,0.72590053
,1850,0,0,0.5017328
,1850,1,0,0.5017414
,1850,2,1,0.9078177
,1850,3,2,1.0
,1851,0,0,0.7518595
,1851,1,0,0.75241196
,1851,2,3,1.0
,1851,3,0,0.7359173
,1852,0,0,0.7092007
,1852,1,0,0.7569675
,1852,2,0,0.8538978
,1852,3,2,1.0
,1853,0,2,1.0
,1853,1,0,0.7582521
,1853,2,0,0.75935096
,1853,3,0,0.7388448
,1854,0,0,0.73886883
,1854,1,0,0.7582913
,1854,2,0,0.7582977
,1854,3,2,1.0
,1855,0,2,1.0
,1855,1,0,0.7582895
,1855,2,0,0.75774986
,1855,3,0,0.7388643
,1856,0,0,0.7832081
,1856,1,0,0.7582435
,1856,2,0,0.7106355
,1856,3,2,1.0
,1857,0,0,0.75746465
,1857,1,0,0.75718075
,1857,2,2,1.0
,1857,3,0,0.7250462
,1858,0,1,0.51660347
,1858,1,1,0.5166111
,1858,2,1,0.955162
,1858,3,2,1.0
,1859,0,0,0.75427455
,1859,1,0,0.7542682
,1859,2,2,1.0
,1859,3,0,0.73800087
,1860,0,0,0.75824195
,1860,1,0,0.7577018
,1860,2,0,0.7388621
,1860,3,2,1.0
,1861,0,0,0.7582557
,1861,1,0,0.7106202
,1861,2,2,1.0
,1861,3,0,0.78321415
,1862,0,0,0.7579714
,1862,1,2,1.0
,1862,2,0,0.68427235
,1862,3,0,0.7577006
,1863,0,0,0.7538919
,1863,1,0,0.7794474
,1863,2,3,0.999897
,1863,3,0,0.70568615
,1864,0,0,0.75724083
,1864,1,0,0.7569915
,1864,2,0,0.82065827
,1864,3,2,1.0
,1865,0,0,0.7582578
,1865,1,0,0.71065176
,1865,2,2,1.0
,1865,3,0,0.7832189
,1866,0,0,0.7573723
,1866,1,2,1.0
,1866,2,0,0.725868
,1866,3,0,0.75651604
,1867,0,0,0.5007783
,1867,1,1,0.8552001
,1867,2,2,1.0
,1867,3,1,0.5594111
,1868,0,0,0.7066071
,1868,1,0,0.7505908
,1868,2,0,0.78263205
,1868,3,2,1.0
,1869,0,2,1.0
,1869,1,0,0.7581845
,1869,2,0,0.7585477
,1869,3,0,0.73884946
,1870,0,0,0.7388611
,1870,1,0,0.75828004
,1870,2,0,0.7582843
,1870,3,2,1.0
,1871,0,2,1.0
,1871,1,0,0.7571985
,1871,2,0,0.7571985
,1871,3,0,0.7250638
,1872,0,1,0.955162
,1872,1,1,0.5166105
,1872,2,1,0.51661044
,1872,3,2,1.0
,1873,0,2,1.0
,1873,1,0,0.7542744
,1873,2,0,0.75427437
,1873,3,0,0.73800105
,1874,0,0,0.73886645
,1874,1,0,0.75824416
,1874,2,0,0.75823057
,1874,3,2,1.0
,1875,0,2,1.0
,1875,1,0,0.7582878
,1875,2,0,0.7570942
,1875,3,0,0.7388352
,1876,0,0,0.78290117
,1876,1,0,0.7578916
,1876,2,0,0.65274405
,1876,3,2,1.0
,1877,0,0,0.7538629
,1877,1,0,0.7541218
,1877,2,3,1.0
,1877,3,0,0.7346955
,1878,0,0,0.7092176
,1878,1,0,0.75698227
,1878,2,0,0.85353047
,1878,3,2,1.0
,1879,0,2,1.0
,1879,1,0,0.75821316
,1879,2,0,0.7117987
,1879,3,0,0.7820894
,1880,0,0,0.7828926
,1880,1,0,0.7578741
,1880,2,2,1.0
,1880,3,0,0.65307176
,1881,0,0,0.7544141
,1881,1,0,0.75412333
,1881,2,0,0.73471713
,1881,3,3,1.0
,1882,0,0,0.75726223
,1882,1,0,0.7572591
,1882,2,2,1.0
,1882,3,0,0.82066244
,1883,0,0,0.75741076
,1883,1,0,0.75742483
,1883,2,0,0.72592425
,1883,3,2,1.0
,1884,0,0,0.50097495
,1884,1,0,0.5017244
,1884,2,2,1.0
,1884,3,1,0.90781426
,1885,0,0,0.70395297
,1885,1,0,0.75234616
,1885,2,0,0.78066725
,1885,3,3,1.0
,1886,0,2,1.0
,1886,1,0,0.75722677
,1886,2,0,0.75700897
,1886,3,0,0.82066673
,1887,0,0,0.7832384
,1887,1,0,0.75826573
,1887,2,0,0.7106614
,1887,3,2,1.0
,1888,0,0,0.7585577
,1888,1,0,0.7582746
,1888,2,2,1.0
,1888,3,0,0.7388525
,1889,0,0,0.7582886
,1889,1,0,0.7582916
,1889,2,0,0.73886895
,1889,3,2,1.0
,1890,0,0,0.75774986
,1890,1,0,0.75828964
,1890,2,2,1.0
,1890,3,0,0.73886436
,1891,0,0,0.7106437
,1891,1,0,0.758254
,1891,2,0,0.7832122
,1891,3,2,1.0
,1892,0,2,1.0
,1892,1,0,0.7582722
,1892,2,0,0.7580159
,1892,3,0,0.7388476
,1893,0,0,0.7832178
,1893,1,0,0.75825375
,1893,2,0,0.71064717
,1893,3,2,1.0
,1894,0,0,0.75855976
,1894,1,0,0.75827676
,1894,2,2,1.0
,1894,3,0,0.73883104
,1895,0,0,0.757995
,1895,1,0,0.75799185
,1895,2,0,0.68426335
,1895,3,2,1.0
,1896,0,0,0.7539617
,1896,1,0,0.7539618
,1896,2,3,1.0
,1896,3,0,0.7345574
,1897,0,0,0.7572568
,1897,1,0,0.7572646
,1897,2,0,0.8206682
,1897,3,2,1.0
,1898,0,0,0.7576068
,1898,1,0,0.75829315
,1898,2,2,1.0
,1898,3,0,0.73887783
,1899,0,0,0.6968614
,1899,1,0,0.7573706
,1899,2,0,0.7823951
,1899,3,2,1.0
,1900,0,2,1.0
,1900,1,0,0.50242615
,1900,2,0,0.5023318
,1900,3,1,0.8826235
,1901,0,0,0.7819988
,1901,1,0,0.7545072
,1901,2,0,0.7064501
,1901,3,2,1.0
,1902,0,0,0.7109287
,1902,1,0,0.7581908
,1902,2,2,1.0
,1902,3,0,0.7831878
,1903,0,2,1.0
,1903,1,0,0.75827026
,1903,2,0,0.73881876
,1903,3,0,0.757361
,1904,0,0,0.78290683
,1904,1,0,0.75789124
,1904,2,2,1.0
,1904,3,0,0.6527456
,1905,0,0,0.75441337
,1905,1,0,0.7541228
,1905,2,0,0.7347155
,1905,3,3,1.0
,1906,0,0,0.7569919
,1906,1,0,0.7570016
,1906,2,2,1.0
,1906,3,0,0.8127172
,1907,0,0,0.5545751
,1907,1,0,0.55531675
,1907,2,1,0.79279935
,1907,3,2,1.0
,1908,0,0,0.70435053
,1908,1,0,0.75272024
,1908,2,3,1.0
,1908,3,0,0.77995676
,1909,0,2,1.0
,1909,1,0,0.7569373
,1909,2,0,0.8536977
,1909,3,0,0.70953625
,1910,0,0,0.7824285
,1910,1,0,0.75739
,1910,2,0,0.73353463
,1910,3,2,1.0
,1911,0,1,0.5099723
,1911,1,1,0.51062846
,1911,2,3,1.0
,1911,3,1,0.88761723
,1912,0,0,0.7532539
,1912,1,0,0.7532464
,1912,2,0,0.8206782
,1912,3,2,1.0
,1913,0,0,0.75825644
,1913,1,0,0.7582564
,1913,2,2,1.0
,1913,3,0,0.73889035
,1914,0,0,0.7582916
,1914,1,0,0.7582916
,1914,2,0,0.73886913
,1914,3,2,1.0
,1915,0,0,0.75829417
,1915,1,0,0.75829417
,1915,2,2,1.0
,1915,3,0,0.7388478
,1916,0,0,0.757992
,1916,1,0,0.757992
,1916,2,0,0.6842635
,1916,3,2,1.0
,1917,0,0,0.7539555
,1917,1,0,0.7539617
,1917,2,3,1.0
,1917,3,0,0.7345571
,1918,0,0,0.7567207
,1918,1,0,0.757262
,1918,2,0,0.8206667
,1918,3,2,1.0
,1919,0,0,0.7106577
,1919,1,0,0.7582662
,1919,2,2,1.0
,1919,3,0,0.7832384
,1920,0,2,1.0
,1920,1,0,0.7582747
,1920,2,0,0.7388524
,1920,3,0,0.7585517
,1921,0,0,0.7388641
,1921,1,0,0.75828934
,1921,2,2,1.0
,1921,3,0,0.7577528
,1922,0,2,1.0
,1922,1,0,0.7582522
,1922,2,0,0.78271604
,1922,3,0,0.71063906
,1923,0,0,0.7832056
,1923,1,0,0.75823927
,1923,2,0,0.7109195
,1923,3,2,1.0
,1924,0,0,0.7582571
,1924,1,0,0.7579735
,1924,2,2,1.0
,1924,3,0,0.6842437
,1925,0,0,0.75396484
,1925,1,0,0.7539615
,1925,2,0,0.7345574
,1925,3,3,1.0
,1926,0,0,0.7572645
,1926,1,0,0.7572646
,1926,2,2,1.0
,1926,3,0,0.8206684
,1927,0,0,0.75828004
,1927,1,0,0.7582934
,1927,2,0,0.7388841
,1927,3,2,1.0
,1928,0,0,0.7560087
,1928,1,0,0.75718796
,1928,2,2,1.0
,1928,3,0,0.7250402
,1929,0,1,0.57762384
,1929,1,1,0.5169852
,1929,2,1,0.9439066
,1929,3,2,1.0
,1930,0,2,1.0
,1930,1,0,0.75394416
,1930,2,0,0.6419147
,1930,3,0,0.7816982
,1931,0,0,0.7796276
,1931,1,0,0.7540469
,1931,2,3,1.0
,1931,3,0,0.7062242
,1932,0,0,0.75754017
,1932,1,0,0.75724834
,1932,2,0,0.82065314
,1932,3,2,1.0
,1933,0,0,0.75800884
,1933,1,0,0.75800544
,1933,2,2,1.0
,1933,3,0,0.68429106
,1934,0,0,0.75396204
,1934,1,0,0.75396204
,1934,2,0,0.7345574
,1934,3,3,1.0
,1935,0,0,0.75726694
,1935,1,0,0.75726694
,1935,2,2,1.0
,1935,3,0,0.82065296
,1936,0,0,0.75800574
,1936,1,0,0.75800574
,1936,2,0,0.68429106
,1936,3,2,1.0
,1937,0,0,0.7539625
,1937,1,0,0.7539625
,1937,2,3,1.0
,1937,3,0,0.7345567
,1938,0,0,0.75729287
,1938,1,0,0.75729287
,1938,2,0,0.7784193
,1938,3,2,1.0
,1939,0,0,0.75363004
,1939,1,0,0.75363004
,1939,2,3,1.0
,1939,3,0,0.7342401
,1940,0,0,0.7572599
,1940,1,0,0.7572599
,1940,2,0,0.8206684
,1940,3,2,1.0
,1941,0,0,0.7583039
,1941,1,0,0.7583039
,1941,2,2,1.0
,1941,3,0,0.73889244
,1942,0,0,0.7582921
,1942,1,0,0.7582921
,1942,2,0,0.73886913
,1942,3,2,1.0
,1943,0,0,0.7582919
,1943,1,0,0.7582919
,1943,2,2,1.0
,1943,3,0,0.73886913
,1944,0,0,0.7582919
,1944,1,0,0.7582919
,1944,2,0,0.73886913
,1944,3,2,1.0
,1945,0,0,0.7582919
,1945,1,0,0.7582919
,1945,2,2,1.0
,1945,3,0,0.73886913
,1946,0,0,0.7582918
,1946,1,0,0.7582918
,1946,2,0,0.73886913
,1946,3,2,1.0
,1947,0,0,0.75828403
,1947,1,0,0.75828403
,1947,2,2,1.0
,1947,3,0,0.7388609
,1948,0,0,0.75742286
,1948,1,0,0.75742286
,1948,2,0,0.72593874
,1948,3,2,1.0
,1949,0,0,0.50251
,1949,1,0,0.50251
,1949,2,2,1.0
,1949,3,1,0.8825896
,1950,0,0,0.7545529
,1950,1,0,0.7545529
,1950,2,0,0.73805904
,1950,3,2,1.0
,1951,0,0,0.75737834
,1951,1,0,0.75737834
,1951,2,2,1.0
,1951,3,0,0.7259366
,1952,0,0,0.50250864
,1952,1,0,0.5025087
,1952,2,1,0.8825897
,1952,3,2,1.0
,1953,0,0,0.75454855
,1953,1,0,0.75454855
,1953,2,2,1.0
,1953,3,0,0.73807245
,1954,0,0,0.7573036
,1954,1,0,0.7573036
,1954,2,0,0.76166457
,1954,3,2,1.0
,1955,0,1,0.5210658
,1955,1,1,0.5210657
,1955,2,3,1.0
,1955,3,1,0.95647323
,1956,0,0,0.75221217
,1956,1,0,0.75221205
,1956,2,0,0.8108442
,1956,3,2,1.0
,1957,0,0,0.5008238
,1957,1,0,0.5008238
,1957,2,2,1.0
,1957,3,1,0.8894258
,1958,0,1,0.50968826
,1958,1,1,0.50968826
,1958,2,1,0.87305146
,1958,3,2,1.0
,1959,0,1,0.5153251
,1959,1,1,0.5153251
,1959,2,3,1.0
,1959,3,1,0.8867628
,1960,0,0,0.7521666
,1960,1,0,0.7521666
,1960,2,0,0.8361283
,1960,3,2,1.0
,1961,0,1,0.51142585
,1961,1,1,0.5114258
,1961,2,3,1.0
,1961,3,1,0.8878586
,1962,0,0,0.75208277
,1962,1,0,0.75208306
,1962,2,0,0.8386127
,1962,3,2,1.0
,1963,0,1,0.5256394
,1963,1,1,0.52562106
,1963,2,3,1.0
,1963,3,1,0.9940391
,1964,0,0,0.7507442
,1964,1,0,0.7519362
,1964,2,0,0.83622164
,1964,3,2,1.0
,1965,0,1,0.57277966
,1965,1,1,0.5119487
,1965,2,3,1.0
,1965,3,1,0.8617024
,1966,0,2,1.0
,1966,1,0,0.7520643
,1966,2,0,0.8523888
,1966,3,0,0.686127
,1967,0,1,0.85614216
,1967,1,1,0.5005861
,1967,2,1,0.5740656
,1967,3,2,1.0
,1968,0,1,0.51736593
,1968,1,1,0.5081586
,1968,2,2,1.0
,1968,3,1,0.88412315
,1969,0,0,0.75431645
,1969,1,0,0.75442135
,1969,2,0,0.73805237
,1969,3,2,1.0
,1970,0,0,0.7571273
,1970,1,0,0.7571285
,1970,2,2,1.0
,1970,3,0,0.7250594
,1971,0,1,0.51783895
,1971,1,1,0.5178389
,1971,2,1,0.95047003
,1971,3,2,1.0
,1972,0,1,0.5151178
,1972,1,1,0.5151178
,1972,2,3,1.0
,1972,3,1,0.8866059
,1973,0,0,0.7523489
,1973,1,0,0.7523489
,1973,2,0,0.8108436
,1973,3,2,1.0
,1974,0,0,0.500863
,1974,1,0,0.500863
,1974,2,2,1.0
,1974,3,1,0.8894235
,1975,0,1,0.5084638
,1975,1,1,0.5084638
,1975,2,1,0.8842532
,1975,3,2,1.0
,1976,0,0,0.7544275
,1976,1,0,0.7544275
,1976,2,2,1.0
,1976,3,0,0.7380592
,1977,0,0,0.75823545
,1977,1,0,0.75823545
,1977,2,0,0.73885906
,1977,3,2,1.0
,1978,0,0,0.757198
,1978,1,0,0.757198
,1978,2,2,1.0
,1978,3,0,0.7250638
,1979,0,1,0.51661325
,1979,1,1,0.5166133
,1979,2,1,0.9551638
,1979,3,2,1.0
,1980,0,0,0.75392896
,1980,1,0,0.75392896
,1980,2,2,1.0
,1980,3,0,0.72746515
,1981,0,0,0.5549055
,1981,1,0,0.5549055
,1981,2,1,0.79269934
,1981,3,2,1.0
,1982,0,0,0.7522771
,1982,1,0,0.7522771
,1982,2,3,1.0
,1982,3,0,0.68121505
,1983,0,0,0.7521637
,1983,1,0,0.7521637
,1983,2,0,0.8206741
,1983,3,3,1.0
,1984,0,0,0.7572719
,1984,1,0,0.757272
,1984,2,2,1.0
,1984,3,0,0.8206681
,1985,0,0,0.75829804
,1985,1,0,0.7583042
,1985,2,0,0.7388924
,1985,3,2,1.0
,1986,0,0,0.7577498
,1986,1,0,0.7582899
,1986,2,2,1.0
,1986,3,0,0.7388643
,1987,0,0,0.7106208
,1987,1,0,0.7582564
,1987,2,0,0.78321403
,1987,3,2,1.0
,1988,0,2,1.0
,1988,1,0,0.7579714
,1988,2,0,0.75770056
,1988,3,0,0.6842669
,1989,0,0,0.77945244
,1989,1,0,0.75389093
,1989,2,0,0.7056853
,1989,3,3,1.0
,1990,0,0,0.7575348
,1990,1,0,0.7572434
,1990,2,2,1.0
,1990,3,0,0.82066864
,1991,0,0,0.7582965
,1991,1,0,0.75829315
,1991,2,0,0.73888445
,1991,3,2,1.0
,1992,0,0,0.75719637
,1992,1,0,0.75719637
,1992,2,2,1.0
,1992,3,0,0.72505444
,1993,0,1,0.51678485
,1993,1,1,0.51678485
,1993,2,1,0.9653604
,1993,3,2,1.0
,1994,0,0,0.7523181
,1994,1,0,0.7523181
,1994,2,3,1.0
,1994,3,0,0.73605675
,1995,0,0,0.75641245
,1995,1,0,0.7564123
,1995,2,0,0.81083745
,1995,3,2,1.0
,1996,0,0,0.50069356
,1996,1,0,0.50069356
,1996,2,2,1.0
,1996,3,1,0.8899093
,1997,0,1,0.5319567
,1997,1,1,0.5319567
,1997,2,1,0.9940066
,1997,3,2,1.0
,1998,0,0,0.7531284
,1998,1,0,0.7531284
,1998,2,2,1.0
,1998,3,0,0.76083446
,1999,0,1,0.5211665
,1999,1,1,0.5211665
,1999,2,1,0.9564725
,1999,3,3,1.0
,2000,0,0,0.7530691
,2000,1,0,0.7530691
,2000,2,2,1.0
,2000,3,0,0.8206632
,2001,0,0,0.7579556
,2001,1,0,0.7579556
,2001,2,0,0.6842885
,2001,3,2,1.0
,2002,0,0,0.7539618
,2002,1,0,0.75396186
,2002,2,3,1.0
,2002,3,0,0.73455673
,2003,0,0,0.7572864
,2003,1,0,0.75729287
,2003,2,0,0.77842116
,2003,3,2,1.0
,2004,0,0,0.75307536
,2004,1,0,0.75362605
,2004,2,3,1.0
,2004,3,0,0.73421645
,2005,0,0,0.70920855
,2005,1,0,0.7569744
,2005,2,0,0.853896
,2005,3,2,1.0
,2006,0,2,1.0
,2006,1,0,0.75823843
,2006,2,0,0.7591001
,2006,3,0,0.7388502
,2007,0,0,0.782327
,2007,1,0,0.75730115
,2007,2,0,0.73629445
,2007,3,2,1.0
,2008,0,1,0.52518535
,2008,1,1,0.5258532
,2008,2,3,1.0
,2008,3,1,0.99780786
,2009,0,0,0.75193864
,2009,1,0,0.7519309
,2009,2,0,0.81017655
,2009,3,2,1.0
,2010,0,1,0.51688546
,2010,1,1,0.5168857
,2010,2,2,1.0
,2010,3,1,0.96535176
,2011,0,0,0.7523259
,2011,1,0,0.7523259
,2011,2,0,0.7360612
,2011,3,3,1.0
,2012,0,0,0.7572405
,2012,1,0,0.7572405
,2012,2,2,1.0
,2012,3,0,0.8206629
,2013,0,0,0.7571378
,2013,1,0,0.7571378
,2013,2,0,0.7248074
,2013,3,2,1.0
,2014,0,1,0.5228413
,2014,1,1,0.5228413
,2014,2,2,1.0
,2014,3,1,0.9835592
,2015,0,0,0.75304914
,2015,1,0,0.75304914
,2015,2,0,0.72412026
,2015,3,2,1.0
,2016,0,1,0.5167376
,2016,1,1,0.5167375
,2016,2,2,1.0
,2016,3,1,0.95516616
,2017,0,0,0.75337017
,2017,1,0,0.75337017
,2017,2,0,0.7250203
,2017,3,2,1.0
,2018,0,0,0.50238675
,2018,1,0,0.5023868
,2018,2,2,1.0
,2018,3,1,0.8826116
,2019,0,0,0.7541985
,2019,1,0,0.7541985
,2019,2,0,0.68330723
,2019,3,2,1.0
,2020,0,0,0.75390553
,2020,1,0,0.75390553
,2020,2,3,1.0
,2020,3,0,0.7345526
,2021,0,0,0.75616705
,2021,1,0,0.75616705
,2021,2,0,0.83785665
,2021,3,2,1.0
,2022,0,1,0.5212168
,2022,1,1,0.5212168
,2022,2,3,1.0
,2022,3,1,0.95651007
,2023,0,0,0.75306606
,2023,1,0,0.75306606
,2023,2,0,0.8206788
,2023,3,2,1.0
,2024,0,0,0.7582541
,2024,1,0,0.7582541
,2024,2,2,1.0
,2024,3,0,0.7388902
,2025,0,0,0.7582914
,2025,1,0,0.7582914
,2025,2,0,0.73886913
,2025,3,2,1.0
,2026,0,0,0.75828403
,2026,1,0,0.75828403
,2026,2,2,1.0
,2026,3,0,0.7388609
,2027,0,0,0.75742286
,2027,1,0,0.75742286
,2027,2,0,0.72593874
,2027,3,2,1.0
,2028,0,0,0.50251013
,2028,1,0,0.50251013
,2028,2,2,1.0
,2028,3,1,0.8825896
,2029,0,0,0.75456095
,2029,1,0,0.75456095
,2029,2,0,0.7380673
,2029,3,2,1.0
,2030,0,0,0.7582498
,2030,1,0,0.7582498
,2030,2,2,1.0
,2030,3,0,0.7388459
,2031,0,0,0.75799155
,2031,1,0,0.75799155
,2031,2,0,0.68426335
,2031,3,2,1.0
,2032,0,0,0.7539618
,2032,1,0,0.7539618
,2032,2,3,1.0
,2032,3,0,0.7345573
,2033,0,0,0.7572647
,2033,1,0,0.7572648
,2033,2,0,0.8206684
,2033,3,2,1.0
,2034,0,0,0.758304
,2034,1,0,0.758304
,2034,2,2,1.0
,2034,3,0,0.7388924
,2035,0,0,0.75829434
,2035,1,0,0.7582944
,2035,2,0,0.7388478
,2035,3,2,1.0
,2036,0,0,0.757992
,2036,1,0,0.757992
,2036,2,2,1.0
,2036,3,0,0.6842634
,2037,0,0,0.7539618
,2037,1,0,0.7539618
,2037,2,0,0.7345574
,2037,3,3,1.0
,2038,0,0,0.7572648
,2038,1,0,0.7572648
,2038,2,2,1.0
,2038,3,0,0.8206684
,2039,0,0,0.7583039
,2039,1,0,0.7583038
,2039,2,0,0.7388924
,2039,3,2,1.0
,2040,0,0,0.7582802
,2040,1,0,0.7582801
,2040,2,2,1.0
,2040,3,0,0.7388618
,2041,0,0,0.7570929
,2041,1,0,0.7570929
,2041,2,0,0.7246557
,2041,3,2,1.0
,2042,0,1,0.5256583
,2042,1,1,0.5256583
,2042,2,2,1.0
,2042,3,1,0.9978004
,2043,0,0,0.7537668
,2043,1,0,0.75376666
,2043,2,0,0.683187
,2043,3,2,1.0
,2044,0,0,0.7539038
,2044,1,0,0.7539038
,2044,2,3,1.0
,2044,3,0,0.7345528
,2045,0,0,0.75645906
,2045,1,0,0.75645906
,2045,2,0,0.8108533
,2045,3,2,1.0
,2046,0,0,0.5026043
,2046,1,0,0.5026043
,2046,2,2,1.0
,2046,3,1,0.8825362
,2047,0,0,0.7537079
,2047,1,0,0.7537079
,2047,2,0,0.7584962
,2047,3,2,1.0
,2048,0,1,0.51097536
,2048,1,1,0.5109754
,2048,2,3,1.0
,2048,3,1,0.8877092
,2049,0,0,0.7522088
,2049,1,0,0.7522088
,2049,2,0,0.8361283
,2049,3,2,1.0
,2050,0,1,0.51141965
,2050,1,1,0.51141965
,2050,2,3,1.0
,2050,3,1,0.8878593
,2051,0,0,0.7523807
,2051,1,0,0.7523807
,2051,2,0,0.8108438
,2051,3,2,1.0
,2052,0,0,0.5008291
,2052,1,0,0.50082904
,2052,2,2,1.0
,2052,3,1,0.8894254
,2053,0,1,0.5096876
,2053,1,1,0.5096877
,2053,2,1,0.87305164
,2053,3,2,1.0
,2054,0,1,0.51531035
,2054,1,1,0.51531035
,2054,2,3,1.0
,2054,3,1,0.88675857
,2055,0,0,0.7532
,2055,1,0,0.7532
,2055,2,0,0.820678
,2055,3,2,1.0
,2056,0,0,0.7582542
,2056,1,0,0.7582542
,2056,2,2,1.0
,2056,3,0,0.7389029
,2057,0,0,0.7584438
,2057,1,0,0.7584438
,2057,2,0,0.78275186
,2057,3,2,1.0
,2058,0,0,0.761258
,2058,1,0,0.761258
,2058,2,0,0.70101917
,2058,3,2,1.0
,2059,0,1,0.51804364
,2059,1,1,0.51804364
,2059,2,2,1.0
,2059,3,1,0.9581018
,2060,0,1,0.5266607
,2060,1,1,0.5266607
,2060,2,1,0.95096713
,2060,3,2,1.0
,2061,0,1,0.5153497
,2061,1,1,0.5153497
,2061,2,3,1.0
,2061,3,1,0.886609
,2062,0,0,0.7532272
,2062,1,0,0.7532272
,2062,2,0,0.77843213
,2062,3,2,1.0
,2063,0,0,0.75357836
,2063,1,0,0.75357836
,2063,2,3,1.0
,2063,3,0,0.73423606
,2064,0,0,0.75724864
,2064,1,0,0.75724864
,2064,2,0,0.82067055
,2064,3,2,1.0
,2065,0,0,0.75745046
,2065,1,0,0.75745046
,2065,2,2,1.0
,2065,3,0,0.75926924
,2066,0,1,0.51085854
,2066,1,1,0.51085854
,2066,2,1,0.8877035
,2066,3,3,1.0
,2067,0,0,0.75323427
,2067,1,0,0.75323474
,2067,2,2,1.0
,2067,3,0,0.8206722
,2068,0,0,0.75731975
,2068,1,0,0.75735706
,2068,2,0,0.725931
,2068,3,2,1.0
,2069,0,1,0.5012138
,2069,1,0,0.5007548
,2069,2,2,1.0
,2069,3,1,0.88952655
,2070,0,1,0.58693707
,2070,1,1,0.51114357
,2070,2,1,0.85875344
,2070,3,2,1.0
,2071,0,2,1.0
,2071,1,1,0.50938356
,2071,2,1,0.57898027
,2071,3,1,0.85780865
,2072,0,0,0.7822403
,2072,1,0,0.7540634
,2072,2,2,1.0
,2072,3,0,0.64313996
,2073,0,0,0.75444055
,2073,1,0,0.75411314
,2073,2,0,0.7347493
,2073,3,3,1.0
,2074,0,0,0.757299
,2074,1,0,0.7572952
,2074,2,2,1.0
,2074,3,0,0.7784194
,2075,0,0,0.7536301
,2075,1,0,0.75363004
,2075,2,0,0.7342401
,2075,3,3,1.0
,2076,0,0,0.7572597
,2076,1,0,0.7572597
,2076,2,2,1.0
,2076,3,0,0.8206684
,2077,0,0,0.7582932
,2077,1,0,0.7582932
,2077,2,0,0.7388952
,2077,3,2,1.0
,2078,0,0,0.75743866
,2078,1,0,0.75743866
,2078,2,2,1.0
,2078,3,0,0.75924766
,2079,0,1,0.5108709
,2079,1,1,0.5108709
,2079,2,1,0.8877062
,2079,3,3,1.0
,2080,0,0,0.752407
,2080,1,0,0.752407
,2080,2,2,1.0
,2080,3,0,0.8108349
,2081,0,0,0.50172484
,2081,1,0,0.50172484
,2081,2,1,0.90778315
,2081,3,2,1.0
,2082,0,0,0.75240463
,2082,1,0,0.75240463
,2082,2,3,1.0
,2082,3,0,0.73593354
,2083,0,0,0.75624806
,2083,1,0,0.75624806
,2083,2,0,0.8361173
,2083,3,2,1.0
,2084,0,1,0.5112953
,2084,1,1,0.5112954
,2084,2,3,1.0
,2084,3,1,0.88785493
,2085,0,0,0.75293994
,2085,1,0,0.75293994
,2085,2,0,0.8127324
,2085,3,2,1.0
,2086,0,0,0.5541416
,2086,1,0,0.5541416
,2086,2,2,1.0
,2086,3,1,0.7249517
,2087,0,1,0.5142929
,2087,1,1,0.5142929
,2087,2,1,0.8869975
,2087,3,3,1.0
,2088,0,0,0.7520884
,2088,1,0,0.7520884
,2088,2,2,1.0
,2088,3,0,0.8378664
,2089,0,1,0.5213285
,2089,1,1,0.5213285
,2089,2,1,0.9565111
,2089,3,3,1.0
,2090,0,0,0.7530539
,2090,1,0,0.753054
,2090,2,2,1.0
,2090,3,0,0.82068086
,2091,0,0,0.7574003
,2091,1,0,0.7574003
,2091,2,0,0.7592675
,2091,3,2,1.0
,2092,0,1,0.5108755
,2092,1,1,0.5108755
,2092,2,3,1.0
,2092,3,1,0.8877059
,2093,0,0,0.75219584
,2093,1,0,0.7521963
,2093,2,0,0.8101825
,2093,3,2,1.0
,2094,0,1,0.5167373
,2094,1,1,0.5167148
,2094,2,2,1.0
,2094,3,1,0.95515287
,2095,0,0,0.751855
,2095,1,0,0.75331414
,2095,2,0,0.7249237
,2095,3,2,1.0
,2096,0,1,0.5765764
,2096,1,1,0.5005448
,2096,2,2,1.0
,2096,3,1,0.85618055
,2097,0,2,1.0
,2097,1,1,0.5098675
,2097,2,1,0.8909924
,2097,3,1,0.5223083
,2098,0,1,0.85795075
,2098,1,1,0.51143366
,2098,2,2,1.0
,2098,3,1,0.6358596
,2099,0,0,0.74739647
,2099,1,0,0.7514144
,2099,2,0,0.7351229
,2099,3,3,1.0
,2100,0,0,0.757182
,2100,1,0,0.75722784
,2100,2,2,1.0
,2100,3,0,0.8206705
,2101,0,0,0.75744975
,2101,1,0,0.7574502
,2101,2,0,0.7592693
,2101,3,2,1.0
,2102,0,1,0.51085854
,2102,1,1,0.51085854
,2102,2,3,1.0
,2102,3,1,0.8877036
,2103,0,0,0.75323474
,2103,1,0,0.75323474
,2103,2,0,0.82067233
,2103,3,2,1.0
,2104,0,0,0.7573643
,2104,1,0,0.75736415
,2104,2,2,1.0
,2104,3,0,0.7259593
,2105,0,0,0.50128645
,2105,1,0,0.50128645
,2105,2,1,0.87125444
,2105,3,2,1.0
,2106,0,1,0.51499736
,2106,1,1,0.51499724
,2106,2,3,1.0
,2106,3,1,0.8867495
,2107,0,0,0.7532238
,2107,1,0,0.75323015
,2107,2,0,0.778434
,2107,3,2,1.0
,2108,0,0,0.75302374
,2108,1,0,0.7535746
,2108,2,3,1.0
,2108,3,0,0.73421234
,2109,0,0,0.7092051
,2109,1,0,0.75697404
,2109,2,0,0.85353065
,2109,3,2,1.0
,2110,0,2,1.0
,2110,1,0,0.75820255
,2110,2,0,0.7118191
,2110,3,0,0.7825423
,2111,0,0,0.78218585
,2111,1,0,0.75712895
,2111,2,2,1.0
,2111,3,0,0.6962425
,2112,0,1,0.5159826
,2112,1,1,0.5166442
,2112,2,1,0.9551704
,2112,3,2,1.0
,2113,0,0,0.7533787
,2113,1,0,0.75337106
,2113,2,2,1.0
,2113,3,0,0.7250204
,2114,0,0,0.50238705
,2114,1,0,0.5023868
,2114,2,1,0.88259685
,2114,3,2,1.0
,2115,0,0,0.7545466
,2115,1,0,0.7545466
,2115,2,2,1.0
,2115,3,0,0.7380733
,2116,0,0,0.7572774
,2116,1,0,0.7572774
,2116,2,0,0.7624506
,2116,3,2,1.0
,2117,0,1,0.5243399
,2117,1,1,0.52433985
,2117,2,3,1.0
,2117,3,1,0.9875293
,2118,0,0,0.75079465
,2118,1,0,0.75079465
,2118,2,0,0.82065314
,2118,3,3,1.0
,2119,0,0,0.7564581
,2119,1,0,0.7564581
,2119,2,2,1.0
,2119,3,0,0.8108529
,2120,0,0,0.50262
,2120,1,0,0.50262
,2120,2,1,0.8825375
,2120,3,2,1.0
,2121,0,0,0.75456244
,2121,1,0,0.75456244
,2121,2,2,1.0
,2121,3,0,0.7380675
,2122,0,0,0.7582396
,2122,1,0,0.7582396
,2122,2,0,0.7388589
,2122,3,2,1.0
,2123,0,0,0.7574118
,2123,1,0,0.75741196
,2123,2,2,1.0
,2123,3,0,0.72590053
,2124,0,0,0.5017328
,2124,1,0,0.5017414
,2124,2,1,0.9078177
,2124,3,2,1.0
,2125,0,0,0.75185937
,2125,1,0,0.7524119
,2125,2,3,1.0
,2125,3,0,0.7359173
,2126,0,0,0.7091905
,2126,1,0,0.75695926
,2126,2,0,0.85387444
,2126,3,2,1.0
,2127,0,2,1.0
,2127,1,0,0.7573276
,2127,2,0,0.75606185
,2127,3,0,0.7257505
,2128,0,1,0.8561581
,2128,1,1,0.5005656
,2128,2,1,0.62547153
,2128,3,2,1.0
,2129,0,0,0.7473888
,2129,1,0,0.7515127
,2129,2,3,1.0
,2129,3,0,0.73509485
,2130,0,0,0.75722057
,2130,1,0,0.7572675
,2130,2,0,0.7784195
,2130,3,2,1.0
,2131,0,0,0.7536186
,2131,1,0,0.75361913
,2131,2,3,1.0
,2131,3,0,0.73423326
,2132,0,0,0.75625014
,2132,1,0,0.75625014
,2132,2,0,0.8361867
,2132,3,2,1.0
,2133,0,1,0.51165855
,2133,1,1,0.51165855
,2133,2,3,1.0
,2133,3,1,0.911705
,2134,0,0,0.7507204
,2134,1,0,0.7507204
,2134,2,0,0.820658
,2134,3,3,1.0
,2135,0,0,0.75725025
,2135,1,0,0.75725025
,2135,2,2,1.0
,2135,3,0,0.82067025
,2136,0,0,0.7574506
,2136,1,0,0.7574506
,2136,2,0,0.7592695
,2136,3,2,1.0
,2137,0,1,0.5108578
,2137,1,1,0.51085776
,2137,2,3,1.0
,2137,3,1,0.8877039
,2138,0,0,0.7532697
,2138,1,0,0.7532697
,2138,2,0,0.7784462
,2138,3,2,1.0
,2139,0,0,0.7535724
,2139,1,0,0.7535724
,2139,2,3,0.9996529
,2139,3,0,0.7342338
,2140,0,0,0.75645477
,2140,1,0,0.75645477
,2140,2,0,0.8108237
,2140,3,2,1.0
,2141,0,0,0.5026191
,2141,1,0,0.5026191
,2141,2,2,1.0
,2141,3,1,0.8825289
,2142,0,0,0.7547535
,2142,1,0,0.7547535
,2142,2,0,0.78244805
,2142,3,2,1.0
,2143,0,0,0.7613596
,2143,1,0,0.7613596
,2143,2,0,0.73703456
,2143,3,2,1.0
,2144,0,1,0.5109105
,2144,1,1,0.5109105
,2144,2,3,1.0
,2144,3,1,0.9115205
,2145,0,0,0.7507304
,2145,1,0,0.7507304
,2145,2,0,0.82065827
,2145,3,3,1.0
,2146,0,0,0.7572503
,2146,1,0,0.7572503
,2146,2,2,1.0
,2146,3,0,0.8206702
,2147,0,0,0.7574506
,2147,1,0,0.7574506
,2147,2,0,0.7592693
,2147,3,2,1.0
,2148,0,1,0.51085776
,2148,1,1,0.51085776
,2148,2,3,1.0
,2148,3,1,0.8877039
,2149,0,0,0.7532697
,2149,1,0,0.7532697
,2149,2,0,0.7784323
,2149,3,2,1.0
,2150,0,0,0.7535701
,2150,1,0,0.7535701
,2150,2,3,1.0
,2150,3,0,0.7342314
,2151,0,0,0.7564438
,2151,1,0,0.7564438
,2151,2,0,0.81082505
,2151,3,2,1.0
,2152,0,0,0.50184697
,2152,1,0,0.50184697
,2152,2,2,1.0
,2152,3,1,0.9077777
,2153,0,0,0.7524164
,2153,1,0,0.75241643
,2153,2,0,0.7359401
,2153,3,3,1.0
,2154,0,0,0.75725234
,2154,1,0,0.7572525
,2154,2,2,1.0
,2154,3,0,0.82066834
,2155,0,0,0.7582827
,2155,1,0,0.75829583
,2155,2,0,0.73888373
,2155,3,2,1.0
,2156,0,0,0.756249
,2156,1,0,0.75740397
,2156,2,2,1.0
,2156,3,0,0.72588587
,2157,0,1,0.5594271
,2157,1,0,0.50150806
,2157,2,1,0.85567474
,2157,3,2,1.0
,2158,0,2,1.0
,2158,1,0,0.75346
,2158,2,0,0.6870324
,2158,3,0,0.7801723
,2159,0,1,0.9439551
,2159,1,1,0.51872194
,2159,2,2,1.0
,2159,3,1,0.5941775
,2160,0,1,0.5373154
,2160,1,1,0.5253341
,2160,2,1,0.95558107
,2160,3,2,1.0
,2161,0,0,0.7058542
,2161,1,0,0.75410694
,2161,2,2,1.0
,2161,3,0,0.78178126
,2162,0,2,1.0
,2162,1,0,0.7569765
,2162,2,0,0.78208774
,2162,3,0,0.69592744
,2163,0,1,0.9846584
,2163,1,1,0.52427924
,2163,2,1,0.5236116
,2163,3,2,1.0
,2164,0,2,1.0
,2164,1,1,0.5272389
,2164,2,1,0.5272226
,2164,3,1,0.95857453
,2165,0,1,0.98475456
,2165,1,1,0.53243786
,2165,2,1,0.5324902
,2165,3,2,1.0
,2166,0,2,1.0
,2166,1,1,0.53228134
,2166,2,1,0.5342648
,2166,3,1,0.9846899
,2167,0,1,0.8583106
,2167,1,1,0.5126898
,2167,2,1,0.58933645
,2167,3,2,1.0
,2168,0,1,0.5415168
,2168,1,1,0.53230125
,2168,2,2,1.0
,2168,3,1,0.9940061
,2169,0,0,0.75268507
,2169,1,0,0.75283015
,2169,2,0,0.72382945
,2169,3,2,1.0
,2170,0,1,0.5264685
,2170,1,1,0.5244672
,2170,2,2,1.0
,2170,3,1,0.98467624
,2171,0,1,0.6071674
,2171,1,1,0.53219295
,2171,2,1,0.97934186
,2171,3,2,1.0
,2172,0,2,1.0
,2172,1,1,0.5107119
,2172,2,1,0.5255483
,2172,3,1,0.8707192
,2173,0,1,0.97938925
,2173,1,1,0.53139824
,2173,2,1,0.65362376
,2173,3,3,1.0
,2174,0,0,0.7442744
,2174,1,0,0.749519
,2174,2,3,1.0
,2174,3,0,0.8206656
,2175,0,0,0.75605637
,2175,1,0,0.7561163
,2175,2,0,0.8098486
,2175,3,2,1.0
,2176,0,1,0.5256993
,2176,1,1,0.52569777
,2176,2,2,1.0
,2176,3,1,0.9978002
,2177,0,0,0.7531972
,2177,1,0,0.7531972
,2177,2,0,0.7249593
,2177,3,2,1.0
,2178,0,0,0.5005291
,2178,1,0,0.5005291
,2178,2,2,1.0
,2178,3,1,0.88982415
,2179,0,1,0.5248636
,2179,1,1,0.5248636
,2179,2,1,0.9555893
,2179,3,2,1.0
,2180,0,0,0.75301933
,2180,1,0,0.7530198
,2180,2,2,1.0
,2180,3,0,0.72414416
,2181,0,1,0.5182023
,2181,1,1,0.51817673
,2181,2,1,0.9493528
,2181,3,2,1.0
,2182,0,1,0.5341145
,2182,1,1,0.5331599
,2182,2,3,1.0
,2182,3,1,0.9978068
,2183,0,0,0.689288
,2183,1,0,0.75134224
,2183,2,0,0.8532045
,2183,3,2,1.0
,2184,0,2,1.0
,2184,1,1,0.5181298
,2184,2,1,0.5174219
,2184,3,1,0.95798314
,2185,0,1,0.8582347
,2185,1,1,0.51216114
,2185,2,1,0.5884539
,2185,3,2,1.0
,2186,0,1,0.5355265
,2186,1,1,0.5263754
,2186,2,2,1.0
,2186,3,1,0.9583292
,2187,0,1,0.51161814
,2187,1,1,0.5113809
,2187,2,1,0.8916212
,2187,3,2,1.0
,2188,0,1,0.533376
,2188,1,1,0.5333696
,2188,2,2,1.0
,2188,3,1,0.99438936
,2189,0,1,0.5098024
,2189,1,1,0.5098023
,2189,2,1,0.8844238
,2189,3,2,1.0
,2190,0,0,0.7544115
,2190,1,0,0.7544115
,2190,2,2,1.0
,2190,3,0,0.7380583
,2191,0,0,0.75823754
,2191,1,0,0.75823766
,2191,2,0,0.7388589
,2191,3,2,1.0
,2192,0,0,0.75738776
,2192,1,0,0.75738776
,2192,2,2,1.0
,2192,3,0,0.7259168
,2193,0,0,0.50058675
,2193,1,0,0.5005868
,2193,2,1,0.8899576
,2193,3,2,1.0
,2194,0,1,0.53195244
,2194,1,1,0.53195244
,2194,2,2,1.0
,2194,3,1,0.994007
,2195,0,0,0.7531633
,2195,1,0,0.7531633
,2195,2,0,0.7249878
,2195,3,2,1.0
,2196,0,0,0.50238085
,2196,1,0,0.5023809
,2196,2,2,1.0
,2196,3,1,0.88259715
,2197,0,0,0.7545484
,2197,1,0,0.7545484
,2197,2,0,0.73805904
,2197,3,2,1.0
,2198,0,0,0.757122
,2198,1,0,0.757122
,2198,2,2,1.0
,2198,3,0,0.72505504
,2199,0,1,0.5182642
,2199,1,1,0.5182642
,2199,2,1,0.95816517
,2199,3,2,1.0
,2200,0,1,0.53443825
,2200,1,1,0.5344382
,2200,2,2,1.0
,2200,3,1,0.99795073
,2201,0,1,0.526071
,2201,1,1,0.526071
,2201,2,1,0.96571976
,2201,3,2,1.0
,2202,0,0,0.75220793
,2202,1,0,0.75220793
,2202,2,3,1.0
,2202,3,0,0.7360529
,2203,0,0,0.7562461
,2203,1,0,0.7562461
,2203,2,0,0.8361173
,2203,3,2,1.0
,2204,0,1,0.51130724
,2204,1,1,0.51130724
,2204,2,3,1.0
,2204,3,1,0.88785535
,2205,0,0,0.75218797
,2205,1,0,0.75218797
,2205,2,0,0.8101758
,2205,3,2,1.0
,2206,0,1,0.5168785
,2206,1,1,0.5168785
,2206,2,2,1.0
,2206,3,1,0.96535164
,2207,0,0,0.75232613
,2207,1,0,0.75232613
,2207,2,0,0.7360612
,2207,3,3,1.0
,2208,0,0,0.75725186
,2208,1,0,0.75725186
,2208,2,2,1.0
,2208,3,0,0.82066834
,2209,0,0,0.75829214
,2209,1,0,0.7582921
,2209,2,0,0.738885
,2209,3,2,1.0
,2210,0,0,0.7571011
,2210,1,0,0.7571011
,2210,2,2,1.0
,2210,3,0,0.72468877
,2211,0,1,0.524944
,2211,1,1,0.524944
,2211,2,1,0.99399257
,2211,3,2,1.0
,2212,0,0,0.7531768
,2212,1,0,0.7531768
,2212,2,2,1.0
,2212,3,0,0.7618848
,2213,0,1,0.5255628
,2213,1,1,0.52556276
,2213,2,1,0.99403757
,2213,3,3,1.0
,2214,0,0,0.75297534
,2214,1,0,0.75297534
,2214,2,2,1.0
,2214,3,0,0.8206737
,2215,0,0,0.7570355
,2215,1,0,0.7570355
,2215,2,0,0.72470975
,2215,3,2,1.0
,2216,0,1,0.5262962
,2216,1,1,0.5262962
,2216,2,2,1.0
,2216,3,1,0.99439645
,2217,0,1,0.52562684
,2217,1,1,0.52562666
,2217,2,1,0.94403714
,2217,3,2,1.0
,2218,0,0,0.758012
,2218,1,0,0.75801873
,2218,2,0,0.7308374
,2218,3,2,1.0
,2219,0,1,0.5213076
,2219,1,1,0.52095985
,2219,2,3,1.0
,2219,3,1,0.95644855
,2220,0,0,0.7292847
,2220,1,0,0.7518583
,2220,2,0,0.85239774
,2220,3,2,1.0
,2221,0,3,1.0
,2221,1,1,0.5213111
,2221,2,1,0.57927066
,2221,3,1,0.9450742
,2222,0,0,0.82068026
,2222,1,0,0.7532661
,2222,2,2,1.0
,2222,3,0,0.7483954
,2223,0,2,1.0
,2223,1,0,0.7573053
,2223,2,0,0.761728
,2223,3,0,0.75606537
,2224,0,1,0.94510573
,2224,1,1,0.52125496
,2224,2,3,1.0
,2224,3,1,0.581842
,2225,0,0,0.74842
,2225,1,0,0.75327784
,2225,2,0,0.8206766
,2225,3,2,1.0
,2226,0,0,0.7582023
,2226,1,0,0.7582573
,2226,2,2,1.0
,2226,3,0,0.73889107
,2227,0,0,0.7582909
,2227,1,0,0.75829154
,2227,2,0,0.73886913
,2227,3,2,1.0
,2228,0,0,0.7582919
,2228,1,0,0.7582919
,2228,2,2,1.0
,2228,3,0,0.73886913
,2229,0,0,0.7582919
,2229,1,0,0.7582919
,2229,2,0,0.73886913
,2229,3,2,1.0
,2230,0,0,0.7582919
,2230,1,0,0.7582919
,2230,2,2,1.0
,2230,3,0,0.73886913
,2231,0,0,0.75828797
,2231,1,0,0.7582881
,2231,2,0,0.7388818
,2231,3,2,1.0
,2232,0,0,0.75825244
,2232,1,0,0.75825244
,2232,2,2,1.0
,2232,3,0,0.7832015
,2233,0,0,0.7441295
,2233,1,0,0.7441295
,2233,2,2,1.0
,2233,3,0,0.74441934
,2234,0,2,0.51315963
,2234,1,0,1.0
,2234,2,0,1.0
,2234,3,0,1.0
,2235,0,0,0.775051
,2235,1,0,0.7539686
,2235,2,3,1.0
,2235,3,0,0.75395477
,2236,0,2,1.0
,2236,1,0,0.75726646
,2236,2,0,0.82064843
,2236,3,0,0.75606954
,2237,0,0,0.7829292
,2237,1,0,0.7579057
,2237,2,2,1.0
,2237,3,0,0.6527593
,2238,0,0,0.754417
,2238,1,0,0.7541261
,2238,2,0,0.7347183
,2238,3,3,1.0
,2239,0,0,0.7572985
,2239,1,0,0.7572953
,2239,2,2,1.0
,2239,3,0,0.7784193
,2240,0,0,0.7536306
,2240,1,0,0.7536306
,2240,2,0,0.7342394
,2240,3,3,1.0
,2241,0,0,0.75728786
,2241,1,0,0.75728786
,2241,2,2,1.0
,2241,3,0,0.7784193
,2242,0,0,0.7536299
,2242,1,0,0.7536299
,2242,2,0,0.7342401
,2242,3,3,1.0
,2243,0,0,0.7572597
,2243,1,0,0.7572597
,2243,2,2,1.0
,2243,3,0,0.8206684
,2244,0,0,0.7582932
,2244,1,0,0.7582932
,2244,2,0,0.7388952
,2244,3,2,1.0
,2245,0,0,0.75743884
,2245,1,0,0.75743884
,2245,2,2,1.0
,2245,3,0,0.7592475
,2246,0,1,0.51085883
,2246,1,1,0.5108588
,2246,2,1,0.8877035
,2246,3,3,1.0
,2247,0,0,0.7532432
,2247,1,0,0.7532432
,2247,2,2,1.0
,2247,3,0,0.8206781
,2248,0,0,0.7582562
,2248,1,0,0.7582562
,2248,2,0,0.73889023
,2248,3,2,1.0
,2249,0,0,0.75828356
,2249,1,0,0.75828356
,2249,2,2,1.0
,2249,3,0,0.7388609
,2250,0,0,0.75741214
,2250,1,0,0.7574125
,2250,2,0,0.72590035
,2250,3,2,1.0
,2251,0,0,0.50172395
,2251,1,0,0.5017433
,2251,2,2,1.0
,2251,3,1,0.90774155
,2252,0,0,0.75067174
,2252,1,0,0.75191927
,2252,2,0,0.6820141
,2252,3,3,1.0
,2253,0,0,0.64518404
,2253,1,0,0.75077826
,2253,2,3,1.0
,2253,3,0,0.8531574
,2254,0,3,1.0
,2254,1,0,0.75098914
,2254,2,0,0.8531512
,2254,3,0,0.6469405
,2255,0,0,0.8539813
,2255,1,0,0.75097376
,2255,2,0,0.646384
,2255,3,3,1.0
,2256,0,0,0.7535312
,2256,1,0,0.7523217
,2256,2,3,1.0
,2256,3,0,0.8206678
,2257,0,0,0.75628394
,2257,1,0,0.75627005
,2257,2,0,0.83611715
,2257,3,2,1.0
,2258,0,1,0.5113024
,2258,1,1,0.5113028
,2258,2,3,1.0
,2258,3,1,0.8878556
,2259,0,0,0.75240105
,2259,1,0,0.75240105
,2259,2,0,0.8108349
,2259,3,2,1.0
,2260,0,0,0.5017248
,2260,1,0,0.50172484
,2260,2,2,1.0
,2260,3,1,0.9077833
,2261,0,0,0.75240874
,2261,1,0,0.752415
,2261,2,0,0.73593974
,2261,3,3,1.0
,2262,0,0,0.75670856
,2262,1,0,0.7572499
,2262,2,2,1.0
,2262,3,0,0.82066655
,2263,0,0,0.7106574
,2263,1,0,0.7582661
,2263,2,0,0.7832329
,2263,3,2,1.0
,2264,0,2,1.0
,2264,1,0,0.75827247
,2264,2,0,0.7580162
,2264,3,0,0.73884773
,2265,0,0,0.7832175
,2265,1,0,0.75825363
,2265,2,0,0.71064734
,2265,3,2,1.0
,2266,0,0,0.7585335
,2266,1,0,0.75826365
,2266,2,2,1.0
,2266,3,0,0.7388548
,2267,0,0,0.75625646
,2267,1,0,0.7574262
,2267,2,0,0.75936633
,2267,3,2,1.0
,2268,0,1,0.57219815
,2268,1,1,0.51139075
,2268,2,3,1.0
,2268,3,1,0.86106515
,2269,0,2,1.0
,2269,1,0,0.7534131
,2269,2,0,0.82067645
,2269,3,0,0.7494058
,2270,0,0,0.73889345
,2270,1,0,0.75824815
,2270,2,2,1.0
,2270,3,0,0.7581894
,2271,0,2,1.0
,2271,1,0,0.75742584
,2271,2,0,0.7593667
,2271,3,0,0.7562525
,2272,0,1,0.8610719
,2272,1,1,0.5114051
,2272,2,3,1.0
,2272,3,1,0.57220817
,2273,0,0,0.7483581
,2273,1,0,0.7523778
,2273,2,0,0.8361959
,2273,3,2,1.0
,2274,0,1,0.51187485
,2274,1,1,0.5117693
,2274,2,3,1.0
,2274,3,1,0.9117078
,2275,0,0,0.7507185
,2275,1,0,0.7507197
,2275,2,0,0.8206577
,2275,3,3,1.0
,2276,0,0,0.757289
,2276,1,0,0.75728905
,2276,2,2,1.0
,2276,3,0,0.77841896
,2277,0,0,0.75362676
,2277,1,0,0.7536299
,2277,2,0,0.7342401
,2277,3,3,1.0
,2278,0,0,0.7569687
,2278,1,0,0.75724816
,2278,2,2,1.0
,2278,3,0,0.8206695
,2279,0,0,0.7328223
,2279,1,0,0.75741094
,2279,2,0,0.78024167
,2279,3,2,1.0
,2280,0,3,1.0
,2280,1,1,0.5122443
,2280,2,1,0.6345843
,2280,3,1,0.8622403
,2281,0,0,0.8539773
,2281,1,0,0.7483193
,2281,2,3,1.0
,2281,3,0,0.6366062
,2282,0,0,0.75358427
,2282,1,0,0.7523441
,2282,2,0,0.8206719
,2282,3,3,1.0
,2283,0,0,0.7572888
,2283,1,0,0.7572746
,2283,2,2,1.0
,2283,3,0,0.82066804
,2284,0,0,0.7583066
,2284,1,0,0.75830644
,2284,2,0,0.7388712
,2284,3,2,1.0
,2285,0,0,0.7579924
,2285,1,0,0.7579922
,2285,2,2,1.0
,2285,3,0,0.6842635
,2286,0,0,0.7539615
,2286,1,0,0.7539537
,2286,2,0,0.73455703
,2286,3,3,1.0
,2287,0,0,0.7572399
,2287,1,0,0.7565643
,2287,2,2,1.0
,2287,3,0,0.82065994
,2288,0,0,0.75620943
,2288,1,0,0.69682
,2288,2,0,0.7823994
,2288,3,2,1.0
,2289,0,1,0.55948013
,2289,1,2,1.0
,2289,2,0,0.5013619
,2289,3,1,0.8552329
,2290,0,2,1.0
,2290,1,0,0.78262955
,2290,2,0,0.7066083
,2290,3,0,0.7500357
,2291,0,0,0.78320247
,2291,1,0,0.758512
,2291,2,2,1.0
,2291,3,0,0.7105003
,2292,0,0,0.75825673
,2292,1,0,0.7579762
,2292,2,0,0.6842438
,2292,3,2,1.0
,2293,0,0,0.7539543
,2293,1,0,0.753951
,2293,2,3,1.0
,2293,3,0,0.7345505
,2294,0,0,0.75626034
,2294,1,0,0.7562603
,2294,2,0,0.83611715
,2294,3,2,1.0
,2295,0,1,0.51129127
,2295,1,1,0.5112912
,2295,2,3,1.0
,2295,3,1,0.8878529
,2296,0,0,0.75323725
,2296,1,0,0.7532372
,2296,2,0,0.8206782
,2296,3,2,1.0
,2297,0,0,0.75825626
,2297,1,0,0.75825626
,2297,2,2,1.0
,2297,3,0,0.73889035
,2298,0,0,0.75829387
,2298,1,0,0.7582939
,2298,2,0,0.7388478
,2298,3,2,1.0
,2299,0,0,0.75799716
,2299,1,0,0.75799716
,2299,2,2,1.0
,2299,3,0,0.6844956
,2300,0,0,0.7533805
,2300,1,0,0.7533804
,2300,2,0,0.67984873
,2300,3,3,1.0
,2301,0,0,0.7521757
,2301,1,0,0.75217557
,2301,2,3,1.0
,2301,3,0,0.8206741
,2302,0,0,0.75727206
,2302,1,0,0.75727206
,2302,2,0,0.8206682
,2302,3,2,1.0
,2303,0,0,0.7583042
,2303,1,0,0.7583042
,2303,2,2,1.0
,2303,3,0,0.73889244
,2304,0,0,0.75829434
,2304,1,0,0.7582944
,2304,2,0,0.7388478
,2304,3,2,1.0
,2305,0,0,0.757992
,2305,1,0,0.757992
,2305,2,2,1.0
,2305,3,0,0.6842634
,2306,0,0,0.75396186
,2306,1,0,0.75396186
,2306,2,0,0.7345574
,2306,3,3,1.0
,2307,0,0,0.75726694
,2307,1,0,0.75726694
,2307,2,2,1.0
,2307,3,0,0.82065296
,2308,0,0,0.75800574
,2308,1,0,0.75800574
,2308,2,0,0.68429106
,2308,3,2,1.0
,2309,0,0,0.75396186
,2309,1,0,0.753962
,2309,2,3,1.0
,2309,3,0,0.7345574
,2310,0,0,0.7572568
,2310,1,0,0.7572646
,2310,2,0,0.8206682
,2310,3,2,1.0
,2311,0,0,0.75760627
,2311,1,0,0.75829303
,2311,2,2,1.0
,2311,3,0,0.7388774
,2312,0,0,0.6968071
,2312,1,0,0.75735295
,2312,2,0,0.78132176
,2312,3,2,1.0
,2313,0,2,1.0
,2313,1,0,0.50146544
,2313,2,1,0.5588327
,2313,3,1,0.855589
,2314,0,0,0.7826273
,2314,1,0,0.75464606
,2314,2,2,1.0
,2314,3,0,0.7020575
,2315,0,0,0.75853825
,2315,1,0,0.75822103
,2315,2,0,0.7388397
,2315,3,2,1.0
,2316,0,0,0.75742567
,2316,1,0,0.75742185
,2316,2,2,1.0
,2316,3,0,0.7259386
,2317,0,0,0.50251
,2317,1,0,0.5025016
,2317,2,1,0.8825897
,2317,3,2,1.0
,2318,0,0,0.7545581
,2318,1,0,0.7540128
,2318,2,2,1.0
,2318,3,0,0.73806185
,2319,0,0,0.75819814
,2319,1,0,0.71059525
,2319,2,0,0.78294426
,2319,3,2,1.0
,2320,0,0,0.7573818
,2320,1,2,1.0
,2320,2,0,0.7328188
,2320,3,0,0.78133696
,2321,0,1,0.512134
,2321,1,1,0.8609742
,2321,2,3,1.0
,2321,3,1,0.5713895
,2322,0,0,0.69075274
,2322,1,0,0.74802333
,2322,2,0,0.8523877
,2322,3,2,1.0
,2323,0,2,1.0
,2323,1,1,0.5023191
,2323,2,1,0.5741531
,2323,3,1,0.85616726
,2324,0,1,0.8573346
,2324,1,1,0.5697918
,2324,2,2,1.0
,2324,3,1,0.5182452
,2325,0,0,0.7020212
,2325,1,2,1.0
,2325,2,0,0.7826048
,2325,3,0,0.75440997
,2326,0,2,1.0
,2326,1,0,0.738814
,2326,2,0,0.7573496
,2326,3,0,0.7582225
,2327,0,0,0.78290683
,2327,1,2,1.0
,2327,2,0,0.6527487
,2327,3,0,0.75788265
,2328,0,0,0.75440204
,2328,1,0,0.7346825
,2328,2,3,1.0
,2328,3,0,0.7534115
,2329,0,0,0.7560237
,2329,1,2,1.0
,2329,2,0,0.85236967
,2329,3,0,0.695278
,2330,0,1,0.5007055
,2330,1,1,0.8562483
,2330,2,1,0.57493746
,2330,3,2,1.0
,2331,0,1,0.52517277
,2331,1,1,0.5341872
,2331,2,2,1.0
,2331,3,1,0.95555454
,2332,0,0,0.7280091
,2332,1,0,0.75318617
,2332,2,0,0.7816858
,2332,3,2,1.0
,2333,0,3,1.0
,2333,1,1,0.5116818
,2333,2,1,0.5099883
,2333,3,1,0.88763034
,2334,0,0,0.85336256
,2334,1,0,0.6906073
,2334,2,0,0.7519262
,2334,3,2,1.0
,2335,0,0,0.50163823
,2335,1,2,1.0
,2335,2,0,0.5006001
,2335,3,1,0.8895303
,2336,0,1,0.57004
,2336,1,1,0.85712016
,2336,2,1,0.50932133
,2336,3,2,1.0
,2337,0,2,1.0
,2337,1,0,0.7502453
,2337,2,0,0.75421304
,2337,3,0,0.6834664
,2338,0,0,0.73455757
,2338,1,0,0.7538721
,2338,2,0,0.7539103
,2338,3,3,1.0
,2339,0,2,1.0
,2339,1,0,0.75725186
,2339,2,0,0.7565644
,2339,3,0,0.8206603
,2340,0,0,0.7824079
,2340,1,0,0.7573602
,2340,2,0,0.6968751
,2340,3,2,1.0
,2341,0,0,0.5018672
,2341,1,0,0.501222
,2341,2,2,1.0
,2341,3,1,0.8712814
,2342,0,1,0.51498276
,2342,1,1,0.5149996
,2342,2,1,0.8867491
,2342,3,3,1.0
,2343,0,0,0.7532037
,2343,1,0,0.7532036
,2343,2,2,1.0
,2343,3,0,0.8206781
,2344,0,0,0.7582557
,2344,1,0,0.7582557
,2344,2,0,0.73889023
,2344,3,2,1.0
,2345,0,0,0.7582809
,2345,1,0,0.7582809
,2345,2,2,1.0
,2345,3,0,0.73887205
,2346,0,0,0.757438
,2346,1,0,0.75743836
,2346,2,0,0.7592478
,2346,3,2,1.0
,2347,0,1,0.5108892
,2347,1,1,0.5108711
,2347,2,3,1.0
,2347,3,1,0.88770664
,2348,0,0,0.7512252
,2348,1,0,0.752396
,2348,2,0,0.810828
,2348,3,2,1.0
,2349,0,1,0.5594437
,2349,1,0,0.50149125
,2349,2,2,1.0
,2349,3,1,0.8556231
,2350,0,2,1.0
,2350,1,0,0.7534924
,2350,2,0,0.78048414
,2350,3,0,0.68704927
,2351,0,1,0.94357204
,2351,1,1,0.5171226
,2351,2,1,0.5769871
,2351,3,2,1.0
,2352,0,0,0.74865794
,2352,1,0,0.75352776
,2352,2,2,1.0
,2352,3,0,0.7252026
,2353,0,0,0.5010434
,2353,1,0,0.50116885
,2353,2,1,0.87126195
,2353,3,2,1.0
,2354,0,1,0.5150204
,2354,1,1,0.51501715
,2354,2,3,1.0
,2354,3,1,0.8867516
,2355,0,0,0.7521564
,2355,1,0,0.75214875
,2355,2,0,0.8101825
,2355,3,2,1.0
,2356,0,1,0.5167209
,2356,1,1,0.5171093
,2356,2,2,1.0
,2356,3,1,0.9551505
,2357,0,0,0.75340563
,2357,1,0,0.7281058
,2357,2,0,0.78167987
,2357,3,2,1.0
,2358,0,1,0.5107229
,2358,1,3,1.0
,2358,2,1,0.51037365
,2358,3,1,0.8876161
,2359,0,0,0.7521122
,2359,1,0,0.8532946
,2359,2,0,0.7267305
,2359,3,2,1.0
,2360,0,1,0.5107342
,2360,1,1,0.5080825
,2360,2,3,1.0
,2360,3,1,0.88760394
,2361,0,0,0.752207
,2361,1,0,0.75223744
,2361,2,0,0.8361977
,2361,3,2,1.0
,2362,0,1,0.51177424
,2362,1,1,0.5117735
,2362,2,3,1.0
,2362,3,1,0.9117078
,2363,0,0,0.7507085
,2363,1,0,0.7507085
,2363,2,0,0.82065374
,2363,3,3,1.0
,2364,0,0,0.75625676
,2364,1,0,0.75625676
,2364,2,2,1.0
,2364,3,0,0.836117
,2365,0,1,0.51130307
,2365,1,1,0.51130307
,2365,2,1,0.88785547
,2365,3,3,1.0
,2366,0,0,0.7524118
,2366,1,0,0.7524118
,2366,2,2,1.0
,2366,3,0,0.81086284
,2367,0,0,0.5024838
,2367,1,0,0.5024838
,2367,2,1,0.8825508
,2367,3,2,1.0
,2368,0,0,0.7536604
,2368,1,0,0.7536604
,2368,2,2,1.0
,2368,3,0,0.72509056
,2369,0,0,0.50238234
,2369,1,0,0.50238234
,2369,2,1,0.8826025
,2369,3,2,1.0
,2370,0,0,0.7536354
,2370,1,0,0.7536354
,2370,2,2,1.0
,2370,3,0,0.7250885
,2371,0,0,0.5011723
,2371,1,0,0.5011723
,2371,2,1,0.87126154
,2371,3,2,1.0
,2372,0,1,0.5150134
,2372,1,1,0.5150134
,2372,2,3,1.0
,2372,3,1,0.886752
,2373,0,0,0.7523674
,2373,1,0,0.7523674
,2373,2,0,0.8108347
,2373,3,2,1.0
,2374,0,0,0.50172395
,2374,1,0,0.50172395
,2374,2,2,1.0
,2374,3,1,0.9077832
,2375,0,0,0.7524063
,2375,1,0,0.75240624
,2375,2,0,0.73593575
,2375,3,3,1.0
,2376,0,0,0.75643736
,2376,1,0,0.75643736
,2376,2,2,1.0
,2376,3,0,0.81082493
,2377,0,0,0.50184894
,2377,1,0,0.50184894
,2377,2,1,0.9077024
,2377,3,2,1.0
,2378,0,0,0.7519218
,2378,1,0,0.7519218
,2378,2,3,1.0
,2378,3,0,0.68149436
,2379,0,0,0.7521509
,2379,1,0,0.7521509
,2379,2,0,0.82067114
,2379,3,3,1.0
,2380,0,0,0.7564436
,2380,1,0,0.7564436
,2380,2,2,1.0
,2380,3,0,0.8108518
,2381,0,0,0.5013861
,2381,1,0,0.5013861
,2381,2,1,0.87113106
,2381,3,2,1.0
,2382,0,1,0.515449
,2382,1,1,0.515449
,2382,2,3,1.0
,2382,3,1,0.91083866
,2383,0,0,0.7506837
,2383,1,0,0.7506837
,2383,2,0,0.820658
,2383,3,3,1.0
,2384,0,0,0.7572526
,2384,1,0,0.7572526
,2384,2,2,1.0
,2384,3,0,0.8206624
,2385,0,0,0.7574353
,2385,1,0,0.7574353
,2385,2,0,0.72596335
,2385,3,2,1.0
,2386,0,0,0.5024956
,2386,1,0,0.5024956
,2386,2,2,1.0
,2386,3,1,0.882588
,2387,0,0,0.75370663
,2387,1,0,0.75370663
,2387,2,0,0.7584956
,2387,3,2,1.0
,2388,0,1,0.5109602
,2388,1,1,0.51096016
,2388,2,3,1.0
,2388,3,1,0.8877055
,2389,0,0,0.7532685
,2389,1,0,0.7532685
,2389,2,0,0.7784325
,2389,3,2,1.0
,2390,0,0,0.7535683
,2390,1,0,0.7535683
,2390,2,3,1.0
,2390,3,0,0.73422915
,2391,0,0,0.7562496
,2391,1,0,0.7562496
,2391,2,0,0.8361867
,2391,3,2,1.0
,2392,0,1,0.51165766
,2392,1,1,0.5116576
,2392,2,3,1.0
,2392,3,1,0.91170216
,2393,0,0,0.7507447
,2393,1,0,0.7507447
,2393,2,0,0.77899504
,2393,3,3,1.0
,2394,0,0,0.7517401
,2394,1,0,0.7517401
,2394,2,3,1.0
,2394,3,0,0.8206735
,2395,0,0,0.75626177
,2395,1,0,0.7562617
,2395,2,0,0.83611715
,2395,3,2,1.0
,2396,0,1,0.51130545
,2396,1,1,0.51130545
,2396,2,3,1.0
,2396,3,1,0.88785696
,2397,0,0,0.7522042
,2397,1,0,0.7522042
,2397,2,0,0.8361283
,2397,3,2,1.0
,2398,0,1,0.51140755
,2398,1,1,0.51140755
,2398,2,3,1.0
,2398,3,1,0.8878566
,2399,0,0,0.7532275
,2399,1,0,0.7532275
,2399,2,0,0.82067233
,2399,3,2,1.0
,2400,0,0,0.757364
,2400,1,0,0.757364
,2400,2,2,1.0
,2400,3,0,0.7259592
,2401,0,0,0.50127554
,2401,1,0,0.50127554
,2401,2,1,0.87118715
,2401,3,2,1.0
,2402,0,1,0.5154525
,2402,1,1,0.5154525
,2402,2,3,1.0
,2402,3,1,0.91083884
,2403,0,0,0.75068384
,2403,1,0,0.75068384
,2403,2,0,0.820658
,2403,3,3,1.0
,2404,0,0,0.75726044
,2404,1,0,0.75726044
,2404,2,2,1.0
,2404,3,0,0.8206681
,2405,0,0,0.75829333
,2405,1,0,0.75829333
,2405,2,0,0.73889536
,2405,3,2,1.0
,2406,0,0,0.75743884
,2406,1,0,0.75743884
,2406,2,2,1.0
,2406,3,0,0.7592475
,2407,0,1,0.51085895
,2407,1,1,0.51085895
,2407,2,1,0.8877035
,2407,3,3,1.0
,2408,0,0,0.753235
,2408,1,0,0.753235
,2408,2,2,1.0
,2408,3,0,0.82067233
,2409,0,0,0.75738764
,2409,1,0,0.75738764
,2409,2,0,0.7259611
,2409,3,2,1.0
,2410,0,0,0.5025095
,2410,1,0,0.50250953
,2410,2,2,1.0
,2410,3,1,0.88258946
,2411,0,0,0.75456095
,2411,1,0,0.75456107
,2411,2,0,0.7380673
,2411,3,2,1.0
,2412,0,0,0.75824994
,2412,1,0,0.75824994
,2412,2,2,1.0
,2412,3,0,0.73884577
,2413,0,0,0.7579966
,2413,1,0,0.7579966
,2413,2,0,0.68449557
,2413,3,2,1.0
,2414,0,0,0.7533805
,2414,1,0,0.7533805
,2414,2,3,1.0
,2414,3,0,0.6798486
,2415,0,0,0.75217557
,2415,1,0,0.75217557
,2415,2,0,0.8206741
,2415,3,3,1.0
,2416,0,0,0.75727206
,2416,1,0,0.7572722
,2416,2,2,1.0
,2416,3,0,0.82066804
,2417,0,0,0.75830644
,2417,1,0,0.75830644
,2417,2,0,0.7388712
,2417,3,2,1.0
,2418,0,0,0.75799227
,2418,1,0,0.75799227
,2418,2,2,1.0
,2418,3,0,0.6842635
,2419,0,0,0.7539617
,2419,1,0,0.7539617
,2419,2,0,0.7345574
,2419,3,3,1.0
,2420,0,0,0.757254
,2420,1,0,0.757254
,2420,2,2,1.0
,2420,3,0,0.82067055
,2421,0,0,0.7574503
,2421,1,0,0.7574503
,2421,2,0,0.75926965
,2421,3,2,1.0
,2422,0,1,0.5108708
,2422,1,1,0.5108708
,2422,2,3,1.0
,2422,3,1,0.8877062
,2423,0,0,0.75238794
,2423,1,0,0.75238794
,2423,2,0,0.8108436
,2423,3,2,1.0
,2424,0,0,0.50081986
,2424,1,0,0.50081986
,2424,2,2,1.0
,2424,3,1,0.8894372
,2425,0,1,0.5100171
,2425,1,1,0.5100171
,2425,2,1,0.8910145
,2425,3,2,1.0
,2426,0,1,0.50881314
,2426,1,1,0.50881314
,2426,2,2,1.0
,2426,3,1,0.88427955
,2427,0,0,0.75349295
,2427,1,0,0.75349295
,2427,2,0,0.72505486
,2427,3,2,1.0
,2428,0,0,0.50072676
,2428,1,0,0.50072676
,2428,2,2,1.0
,2428,3,1,0.88947356
,2429,0,1,0.5096917
,2429,1,1,0.5096917
,2429,2,1,0.8730523
,2429,3,2,1.0
,2430,0,1,0.5153106
,2430,1,1,0.5153106
,2430,2,3,1.0
,2430,3,1,0.88675857
,2431,0,0,0.75318915
,2431,1,0,0.75318915
,2431,2,0,0.82068014
,2431,3,2,1.0
,2432,0,0,0.7574023
,2432,1,0,0.7574023
,2432,2,2,1.0
,2432,3,0,0.75926733
,2433,0,1,0.51085985
,2433,1,1,0.5108599
,2433,2,1,0.8877035
,2433,3,3,1.0
,2434,0,0,0.7532307
,2434,1,0,0.7532307
,2434,2,2,1.0
,2434,3,0,0.8206819
,2435,0,0,0.7573113
,2435,1,0,0.7573113
,2435,2,0,0.76170963
,2435,3,2,1.0
,2436,0,1,0.52112997
,2436,1,1,0.52112997
,2436,2,3,1.0
,2436,3,1,0.96626735
,2437,0,0,0.75076437
,2437,1,0,0.75076437
,2437,2,0,0.82065415
,2437,3,3,1.0
,2438,0,0,0.75621235
,2438,1,0,0.75621235
,2438,2,2,1.0
,2438,3,0,0.8101662
,2439,0,1,0.5178597
,2439,1,1,0.5178597
,2439,2,1,0.95795
,2439,3,2,1.0
,2440,0,1,0.50989044
,2440,1,1,0.50989044
,2440,2,2,1.0
,2440,3,1,0.9092106
,2441,0,0,0.7522744
,2441,1,0,0.7522744
,2441,2,0,0.7359336
,2441,3,3,1.0
,2442,0,0,0.75725096
,2442,1,0,0.75725096
,2442,2,2,1.0
,2442,3,0,0.82066834
,2443,0,0,0.7583038
,2443,1,0,0.7583038
,2443,2,0,0.73889256
,2443,3,2,1.0
,2444,0,0,0.75829214
,2444,1,0,0.75829214
,2444,2,2,1.0
,2444,3,0,0.73886913
,2445,0,0,0.75829417
,2445,1,0,0.75829417
,2445,2,0,0.7388478
,2445,3,2,1.0
,2446,0,0,0.757992
,2446,1,0,0.757992
,2446,2,2,1.0
,2446,3,0,0.6842634
,2447,0,0,0.7539617
,2447,1,0,0.7539617
,2447,2,0,0.7345574
,2447,3,3,1.0
,2448,0,0,0.75725675
,2448,1,0,0.75725675
,2448,2,2,1.0
,2448,3,0,0.8206626
,2449,0,0,0.7574356
,2449,1,0,0.7574356
,2449,2,0,0.72596335
,2449,3,2,1.0
,2450,0,0,0.50251085
,2450,1,0,0.50251085
,2450,2,2,1.0
,2450,3,1,0.88258946
,2451,0,0,0.75456107
,2451,1,0,0.75456107
,2451,2,0,0.7380673
,2451,3,2,1.0
,2452,0,0,0.7582498
,2452,1,0,0.7582498
,2452,2,2,1.0
,2452,3,0,0.73884577
,2453,0,0,0.75799155
,2453,1,0,0.75799155
,2453,2,0,0.6842635
,2453,3,2,1.0
,2454,0,0,0.7539622
,2454,1,0,0.7539622
,2454,2,3,1.0
,2454,3,0,0.73455656
,2455,0,0,0.75729275
,2455,1,0,0.75729287
,2455,2,0,0.7784193
,2455,3,2,1.0
,2456,0,0,0.75363046
,2456,1,0,0.75363046
,2456,2,3,1.0
,2456,3,0,0.7342394
,2457,0,0,0.75728786
,2457,1,0,0.75728786
,2457,2,0,0.7784193
,2457,3,2,1.0
,2458,0,0,0.75362986
,2458,1,0,0.75362986
,2458,2,3,1.0
,2458,3,0,0.73424
,2459,0,0,0.7572515
,2459,1,0,0.7572515
,2459,2,0,0.82066256
,2459,3,2,1.0
,2460,0,0,0.75740606
,2460,1,0,0.75740606
,2460,2,2,1.0
,2460,3,0,0.7259364
,2461,0,0,0.50082856
,2461,1,0,0.5008286
,2461,2,1,0.889478
,2461,3,2,1.0
,2462,0,1,0.5102853
,2462,1,1,0.5102853
,2462,2,2,1.0
,2462,3,1,0.89136475
,2463,0,1,0.5265366
,2463,1,1,0.5265366
,2463,2,1,0.9501947
,2463,3,2,1.0
,2464,0,1,0.5276109
,2464,1,1,0.52761084
,2464,2,3,1.0
,2464,3,1,0.9561939
,2465,0,0,0.75298846
,2465,1,0,0.75298846
,2465,2,0,0.8206729
,2465,3,2,1.0
,2466,0,0,0.7573613
,2466,1,0,0.7573613
,2466,2,2,1.0
,2466,3,0,0.7259592
,2467,0,0,0.50128603
,2467,1,0,0.501286
,2467,2,1,0.87125427
,2467,3,2,1.0
,2468,0,1,0.51501054
,2468,1,1,0.5150111
,2468,2,3,1.0
,2468,3,1,0.8867519
,2469,0,0,0.7523469
,2469,1,0,0.752309
,2469,2,0,0.81084126
,2469,3,2,1.0
,2470,0,0,0.50073874
,2470,1,1,0.50122976
,2470,2,2,1.0
,2470,3,1,0.889485
,2471,0,1,0.51114315
,2471,1,1,0.5869358
,2471,2,1,0.8587526
,2471,3,2,1.0
,2472,0,1,0.5093887
,2472,1,2,1.0
,2472,2,1,0.57894754
,2472,3,1,0.85747385
,2473,0,0,0.7535328
,2473,1,0,0.7795266
,2473,2,2,1.0
,2473,3,0,0.6877941
,2474,0,1,0.5007519
,2474,1,1,0.624952
,2474,2,1,0.85656935
,2474,3,2,1.0
,2475,0,0,0.7514096
,2475,1,3,1.0
,2475,2,0,0.6982755
,2475,3,0,0.77925473
,2476,0,0,0.75599444
,2476,1,0,0.8533774
,2476,2,2,1.0
,2476,3,0,0.69568133
,2477,0,0,0.50119877
,2477,1,0,0.50370693
,2477,2,1,0.8712761
,2477,3,2,1.0
,2478,0,1,0.51501435
,2478,1,1,0.5149488
,2478,2,3,1.0
,2478,3,1,0.8867531
,2479,0,0,0.75217026
,2479,1,0,0.752171
,2479,2,0,0.83612853
,2479,3,2,1.0
,2480,0,1,0.5114227
,2480,1,1,0.51142263
,2480,2,3,1.0
,2480,3,1,0.88786066
,2481,0,0,0.75220263
,2481,1,0,0.7522026
,2481,2,0,0.8361283
,2481,3,2,1.0
,2482,0,1,0.5114198
,2482,1,1,0.5114198
,2482,2,3,1.0
,2482,3,1,0.8878594
,2483,0,0,0.7523814
,2483,1,0,0.7523814
,2483,2,0,0.8108438
,2483,3,2,1.0
,2484,0,0,0.5008633
,2484,1,0,0.5008633
,2484,2,2,1.0
,2484,3,1,0.8894236
,2485,0,1,0.50847906
,2485,1,1,0.508479
,2485,2,1,0.88425153
,2485,3,2,1.0
,2486,0,0,0.7535728
,2486,1,0,0.7535728
,2486,2,2,1.0
,2486,3,0,0.7584884
,2487,0,1,0.51097894
,2487,1,1,0.51097894
,2487,2,1,0.8877092
,2487,3,3,1.0
,2488,0,0,0.752209
,2488,1,0,0.752209
,2488,2,2,1.0
,2488,3,0,0.83612823
,2489,0,1,0.5114075
,2489,1,1,0.5114075
,2489,2,1,0.88785654
,2489,3,3,1.0
,2490,0,0,0.753225
,2490,1,0,0.753225
,2490,2,2,1.0
,2490,3,0,0.8206804
,2491,0,0,0.75740236
,2491,1,0,0.75740236
,2491,2,0,0.7592677
,2491,3,2,1.0
,2492,0,1,0.5108742
,2492,1,1,0.5108742
,2492,2,3,1.0
,2492,3,1,0.8877076
,2493,0,0,0.75221026
,2493,1,0,0.75221026
,2493,2,0,0.8361281
,2493,3,2,1.0
,2494,0,1,0.5114066
,2494,1,1,0.5114066
,2494,2,3,1.0
,2494,3,1,0.8878571
,2495,0,0,0.75326246
,2495,1,0,0.75326246
,2495,2,0,0.7784323
,2495,3,2,1.0
,2496,0,0,0.7535794
,2496,1,0,0.7535794
,2496,2,3,1.0
,2496,3,0,0.7342353
,2497,0,0,0.7572873
,2497,1,0,0.75728726
,2497,2,0,0.7784195
,2497,3,2,1.0
,2498,0,0,0.7536299
,2498,1,0,0.7536237
,2498,2,3,0.9999945
,2498,3,0,0.73423994
,2499,0,0,0.757257
,2499,1,0,0.7567158
,2499,2,0,0.82066625
,2499,3,2,1.0
,2500,0,0,0.75825787
,2500,1,0,0.71064746
,2500,2,2,1.0
,2500,3,0,0.78320587
,2501,0,0,0.75735044
,2501,1,2,1.0
,2501,2,0,0.7257586
,2501,3,0,0.75526094
,2502,0,1,0.5005654
,2502,1,1,0.85615826
,2502,2,2,1.0
,2502,3,1,0.62549084
,2503,0,0,0.75150317
,2503,1,0,0.7473792
,2503,2,0,0.7350912
,2503,3,3,1.0
,2504,0,0,0.7564111
,2504,1,0,0.7563635
,2504,2,2,1.0
,2504,3,0,0.8108522
,2505,0,0,0.5013945
,2505,1,0,0.5013685
,2505,2,1,0.8711957
,2505,3,2,1.0
,2506,0,1,0.5150216
,2506,1,1,0.5159682
,2506,2,3,1.0
,2506,3,1,0.88677335
,2507,0,0,0.7518721
,2507,1,0,0.6905642
,2507,2,0,0.85338026
,2507,3,2,1.0
,2508,0,0,0.5004353
,2508,1,2,1.0
,2508,2,0,0.5030521
,2508,3,1,0.88984567
,2509,0,1,0.52488905
,2509,1,1,0.95558953
,2509,2,1,0.5247969
,2509,3,2,1.0
,2510,0,0,0.7515047
,2510,1,2,1.0
,2510,2,0,0.7530044
,2510,3,0,0.7241031
,2511,0,1,0.5948839
,2511,1,1,0.9439469
,2511,2,1,0.5187119
,2511,3,2,1.0
,2512,0,2,1.0
,2512,1,1,0.5373161
,2512,2,1,0.5253528
,2512,3,1,0.9555813
,2513,0,0,0.7824376
,2513,1,0,0.70583063
,2513,2,0,0.7529094
,2513,3,2,1.0
,2514,0,0,0.7581411
,2514,1,2,1.0
,2514,2,0,0.65267885
,2514,3,0,0.7823719
,2515,0,0,0.7540508
,2515,1,0,0.7795886
,2515,2,3,1.0
,2515,3,0,0.7061884
,2516,0,0,0.7563766
,2516,1,0,0.7566991
,2516,2,0,0.81083435
,2516,3,2,1.0
,2517,0,1,0.50088567
,2517,1,0,0.5007237
,2517,2,2,1.0
,2517,3,1,0.8897913
,2518,0,1,0.5855606
,2518,1,1,0.525167
,2518,2,1,0.9442242
,2518,3,2,1.0
,2519,0,2,1.0
,2519,1,0,0.7542837
,2519,2,0,0.7008562
,2519,3,0,0.7819396
,2520,0,0,0.7823674
,2520,1,0,0.7572796
,2520,2,2,1.0
,2520,3,0,0.69715244
,2521,0,0,0.5018659
,2521,1,0,0.50121975
,2521,2,1,0.871281
,2521,3,2,1.0
,2522,0,1,0.5149954
,2522,1,1,0.51501226
,2522,2,3,1.0
,2522,3,1,0.8867519
,2523,0,0,0.7523485
,2523,1,0,0.7523483
,2523,2,0,0.8108434
,2523,3,2,1.0
,2524,0,0,0.5008189
,2524,1,0,0.50081885
,2524,2,2,1.0
,2524,3,1,0.8894371
,2525,0,1,0.51001704
,2525,1,1,0.51001704
,2525,2,1,0.8910145
,2525,3,2,1.0
,2526,0,1,0.50881267
,2526,1,1,0.50881267
,2526,2,2,1.0
,2526,3,1,0.8842794
,2527,0,0,0.7535227
,2527,1,0,0.7535227
,2527,2,0,0.72508186
,2527,3,2,1.0
,2528,0,0,0.50239205
,2528,1,0,0.50239205
,2528,2,2,1.0
,2528,3,1,0.88259643
,2529,0,0,0.7545607
,2529,1,0,0.7545607
,2529,2,0,0.7380969
,2529,3,2,1.0
,2530,0,0,0.75901604
,2530,1,0,0.7590159
,2530,2,2,1.0
,2530,3,0,0.7829866
,2531,0,0,0.66591495
,2531,1,0,0.66591495
,2531,2,2,1.0
,2531,3,0,0.5952269
,2532,0,1,0.50278324
,2532,1,1,0.50278324
,2532,2,1,0.88994193
,2532,3,2,1.0
,2533,0,1,0.50858605
,2533,1,1,0.508586
,2533,2,2,1.0
,2533,3,1,0.8842646
,2534,0,0,0.75352526
,2534,1,0,0.75352526
,2534,2,0,0.7250817
,2534,3,2,1.0
,2535,0,0,0.50239176
,2535,1,0,0.5023918
,2535,2,2,1.0
,2535,3,1,0.8826113
,2536,0,0,0.7541987
,2536,1,0,0.7541987
,2536,2,0,0.6833069
,2536,3,2,1.0
,2537,0,0,0.7539176
,2537,1,0,0.75391763
,2537,2,3,1.0
,2537,3,0,0.7345573
,2538,0,0,0.75726426
,2538,1,0,0.75726426
,2538,2,0,0.8206684
,2538,3,2,1.0
,2539,0,0,0.758304
,2539,1,0,0.758304
,2539,2,2,1.0
,2539,3,0,0.7388924
,2540,0,0,0.75829434
,2540,1,0,0.75829434
,2540,2,0,0.7388478
,2540,3,2,1.0
,2541,0,0,0.757992
,2541,1,0,0.7579921
,2541,2,2,1.0
,2541,3,0,0.68426335
,2542,0,0,0.7539617
,2542,1,0,0.7539618
,2542,2,0,0.7345574
,2542,3,3,1.0
,2543,0,0,0.75725853
,2543,1,0,0.7572647
,2543,2,2,1.0
,2543,3,0,0.82066834
,2544,0,0,0.75776196
,2544,1,0,0.7583016
,2544,2,0,0.7388876
,2544,3,2,1.0
,2545,0,0,0.71064395
,2545,1,0,0.75824815
,2545,2,2,1.0
,2545,3,0,0.7832179
,2546,0,2,1.0
,2546,1,0,0.75773245
,2546,2,0,0.7388476
,2546,3,0,0.7585552
,2547,0,0,0.7832178
,2547,1,0,0.71064335
,2547,2,2,1.0
,2547,3,0,0.75825083
,2548,0,0,0.75855535
,2548,1,2,1.0
,2548,2,0,0.7388476
,2548,3,0,0.75773215
,2549,0,0,0.7582592
,2549,1,0,0.78321993
,2549,2,2,1.0
,2549,3,0,0.71062076
,2550,0,0,0.75797355
,2550,1,0,0.75825715
,2550,2,0,0.6842436
,2550,3,2,1.0
,2551,0,0,0.75396204
,2551,1,0,0.7539654
,2551,2,3,1.0
,2551,3,0,0.73455644
,2552,0,0,0.75729644
,2552,1,0,0.75729644
,2552,2,0,0.77861124
,2552,3,2,1.0
,2553,0,0,0.7530271
,2553,1,0,0.7530271
,2553,2,3,1.0
,2553,3,0,0.67947173
,2554,0,0,0.7521708
,2554,1,0,0.7521708
,2554,2,0,0.8206741
,2554,3,3,1.0
,2555,0,0,0.7572641
,2555,1,0,0.7572641
,2555,2,2,1.0
,2555,3,0,0.8206624
,2556,0,0,0.7574355
,2556,1,0,0.7574355
,2556,2,0,0.72596335
,2556,3,2,1.0
,2557,0,0,0.50249755
,2557,1,0,0.50249755
,2557,2,2,1.0
,2557,3,1,0.8825956
,2558,0,0,0.7536498
,2558,1,0,0.7536498
,2558,2,0,0.72505194
,2558,3,2,1.0
,2559,0,0,0.50162756
,2559,1,0,0.5016276
,2559,2,2,1.0
,2559,3,1,0.9078237
,2560,0,0,0.7524141
,2560,1,0,0.7524141
,2560,2,0,0.73593926
,2560,3,3,1.0
,2561,0,0,0.7572806
,2561,1,0,0.7572806
,2561,2,2,1.0
,2561,3,0,0.7784195
,2562,0,0,0.75362104
,2562,1,0,0.75362104
,2562,2,0,0.7342355
,2562,3,3,1.0
,2563,0,0,0.75644445
,2563,1,0,0.75644445
,2563,2,2,1.0
,2563,3,0,0.81082517
,2564,0,0,0.501847
,2564,1,0,0.501847
,2564,2,1,0.9077777
,2564,3,2,1.0
,2565,0,0,0.7524164
,2565,1,0,0.7524164
,2565,2,3,1.0
,2565,3,0,0.7359401
,2566,0,0,0.7572505
,2566,1,0,0.7572505
,2566,2,0,0.82066375
,2566,3,2,1.0
,2567,0,0,0.7579823
,2567,1,0,0.75798213
,2567,2,2,1.0
,2567,3,0,0.72840047
,2568,0,0,0.5550555
,2568,1,0,0.5550471
,2568,2,1,0.7928466
,2568,3,2,1.0
,2569,0,0,0.752785
,2569,1,0,0.75223297
,2569,2,3,1.0
,2569,3,0,0.735683
,2570,0,0,0.75697106
,2570,1,0,0.70920146
,2570,2,0,0.85353047
,2570,3,2,1.0
,2571,0,0,0.758213
,2571,1,2,1.0
,2571,2,0,0.7117987
,2571,3,0,0.7820894
,2572,0,0,0.7578741
,2572,1,0,0.7828926
,2572,2,2,1.0
,2572,3,0,0.65307176
,2573,0,0,0.75412333
,2573,1,0,0.7544141
,2573,2,0,0.73471713
,2573,3,3,1.0
,2574,0,0,0.75725657
,2574,1,0,0.7572598
,2574,2,2,1.0
,2574,3,0,0.82066274
,2575,0,0,0.75721127
,2575,1,0,0.7572113
,2575,2,0,0.7250884
,2575,3,2,1.0
,2576,0,1,0.51661
,2576,1,1,0.51661
,2576,2,2,1.0
,2576,3,1,0.95516187
,2577,0,0,0.7542744
,2577,1,0,0.75427437
,2577,2,0,0.73800117
,2577,3,2,1.0
,2578,0,0,0.75824404
,2578,1,0,0.7582363
,2578,2,2,1.0
,2578,3,0,0.73886675
,2579,0,0,0.7582804
,2579,1,0,0.75759405
,2579,2,0,0.7388545
,2579,3,2,1.0
,2580,0,0,0.75737065
,2580,1,0,0.6968619
,2580,2,2,1.0
,2580,3,0,0.78240824
,2581,0,0,0.50244415
,2581,1,2,1.0
,2581,2,1,0.8826293
,2581,3,0,0.5030889
,2582,0,0,0.754199
,2582,1,0,0.6833099
,2582,2,2,1.0
,2582,3,0,0.7541983
,2583,0,0,0.7539039
,2583,1,3,1.0
,2583,2,0,0.7345211
,2583,3,0,0.7532043
,2584,0,0,0.75606877
,2584,1,0,0.8533929
,2584,2,2,1.0
,2584,3,0,0.6953666
,2585,0,0,0.5024228
,2585,1,0,0.5049295
,2585,2,1,0.8826099
,2585,3,2,1.0
,2586,0,0,0.7545516
,2586,1,0,0.7545802
,2586,2,2,1.0
,2586,3,0,0.7380588
,2587,0,0,0.7573781
,2587,1,0,0.75737834
,2587,2,0,0.72593653
,2587,3,2,1.0
,2588,0,0,0.5024936
,2588,1,0,0.5024937
,2588,2,2,1.0
,2588,3,1,0.8825881
,2589,0,0,0.7537064
,2589,1,0,0.7537064
,2589,2,0,0.75849605
,2589,3,2,1.0
,2590,0,1,0.5109754
,2590,1,1,0.51097536
,2590,2,3,1.0
,2590,3,1,0.8877092
,2591,0,0,0.752209
,2591,1,0,0.7522091
,2591,2,0,0.8361281
,2591,3,2,1.0
,2592,0,1,0.5114075
,2592,1,1,0.5114075
,2592,2,3,1.0
,2592,3,1,0.8878566
,2593,0,0,0.75322515
,2593,1,0,0.75322515
,2593,2,0,0.82068014
,2593,3,2,1.0
,2594,0,0,0.75740117
,2594,1,0,0.75740117
,2594,2,2,1.0
,2594,3,0,0.75860834
,2595,0,1,0.5107088
,2595,1,1,0.51070905
,2595,2,1,0.8876449
,2595,3,3,0.98166263
,2596,0,0,0.7524388
,2596,1,0,0.7524208
,2596,2,2,1.0
,2596,3,0,0.8092695
,2597,0,0,0.5024572
,2597,1,0,0.5015177
,2597,2,1,0.8825638
,2597,3,2,1.0
,2598,0,0,0.75356585
,2598,1,0,0.6925173
,2598,2,2,1.0
,2598,3,0,0.78161865
,2599,0,0,0.5010207
,2599,1,2,1.0
,2599,2,1,0.8712171
,2599,3,0,0.5001786
,2600,0,1,0.5166068
,2600,1,1,0.8599744
,2600,2,3,1.0
,2600,3,1,0.5763924
,2601,0,0,0.69076735
,2601,1,0,0.7480829
,2601,2,0,0.85336703
,2601,3,2,1.0
,2602,0,2,1.0
,2602,1,0,0.500288
,2602,2,0,0.50213385
,2602,3,1,0.8898547
,2603,0,1,0.94426495
,2603,1,1,0.52623016
,2603,2,1,0.55889547
,2603,3,2,1.0
,2604,0,1,0.52891314
,2604,1,1,0.51795894
,2604,2,3,1.0
,2604,3,1,0.8875781
,2605,0,0,0.7520055
,2605,1,0,0.7521315
,2605,2,0,0.83612853
,2605,3,2,1.0
,2606,0,1,0.5114271
,2606,1,1,0.51142377
,2606,2,3,1.0
,2606,3,1,0.88786066
,2607,0,0,0.7522026
,2607,1,0,0.7522026
,2607,2,0,0.8361283
,2607,3,2,1.0
,2608,0,1,0.5114194
,2608,1,1,0.5114195
,2608,2,3,1.0
,2608,3,1,0.8878593
,2609,0,0,0.7524105
,2609,1,0,0.7524105
,2609,2,0,0.81086296
,2609,3,2,1.0
,2610,0,0,0.5024838
,2610,1,0,0.5024838
,2610,2,2,1.0
,2610,3,1,0.8825509
,2611,0,0,0.7536603
,2611,1,0,0.7536603
,2611,2,0,0.7250907
,2611,3,2,1.0
,2612,0,0,0.50238055
,2612,1,0,0.50238055
,2612,2,2,1.0
,2612,3,1,0.8825948
,2613,0,0,0.753705
,2613,1,0,0.75370514
,2613,2,0,0.7584958
,2613,3,2,1.0
,2614,0,1,0.51097333
,2614,1,1,0.51097333
,2614,2,3,1.0
,2614,3,1,0.8877078
,2615,0,0,0.7523876
,2615,1,0,0.7523876
,2615,2,0,0.8108438
,2615,3,2,1.0
,2616,0,0,0.5008639
,2616,1,0,0.50086397
,2616,2,2,1.0
,2616,3,1,0.8894236
,2617,0,1,0.5084638
,2617,1,1,0.5084638
,2617,2,1,0.88425297
,2617,3,2,1.0
,2618,0,0,0.7544277
,2618,1,0,0.7544277
,2618,2,2,1.0
,2618,3,0,0.7380592
,2619,0,0,0.7582484
,2619,1,0,0.7582484
,2619,2,0,0.7388459
,2619,3,2,1.0
,2620,0,0,0.7579966
,2620,1,0,0.7579966
,2620,2,2,1.0
,2620,3,0,0.68449557
,2621,0,0,0.75338113
,2621,1,0,0.75338113
,2621,2,0,0.6798578
,2621,3,3,1.0
,2622,0,0,0.7521941
,2622,1,0,0.7521941
,2622,2,3,1.0
,2622,3,0,0.7790187
,2623,0,0,0.75154036
,2623,1,0,0.7515405
,2623,2,0,0.82066685
,2623,3,3,1.0
,2624,0,0,0.73862463
,2624,1,0,0.73862463
,2624,2,2,1.0
,2624,3,0,0.8412981
,2625,0,0,1.0
,2625,1,0,1.0
,2625,2,0,1.0
,2625,3,2,0.5092018
,2626,0,1,0.51175547
,2626,1,1,0.5881309
,2626,2,2,1.0
,2626,3,1,0.8573898
,2627,0,1,0.5263549
,2627,1,2,1.0
,2627,2,1,0.9583354
,2627,3,1,0.5354948
,2628,0,1,0.5095098
,2628,1,1,0.88438284
,2628,2,2,1.0
,2628,3,1,0.5097474
,2629,0,0,0.75347877
,2629,1,2,1.0
,2629,2,0,0.72505367
,2629,3,0,0.75343776
,2630,0,0,0.5004409
,2630,1,1,0.88985723
,2630,2,2,1.0
,2630,3,1,0.5015552
,2631,0,1,0.5265253
,2631,1,2,1.0
,2631,2,1,0.94439644
,2631,3,1,0.6017575
,2632,0,1,0.5107182
,2632,1,1,0.89102584
,2632,2,1,0.52312297
,2632,3,2,1.0
,2633,0,1,0.50967544
,2633,1,2,1.0
,2633,2,1,0.5707018
,2633,3,1,0.85714793
,2634,0,0,0.75419664
,2634,1,0,0.72766227
,2634,2,2,1.0
,2634,3,0,0.7502358
,2635,0,0,0.55354273
,2635,1,2,1.0
,2635,2,1,0.75798225
,2635,3,0,0.55344915
,2636,0,1,0.50789374
,2636,1,1,0.8907529
,2636,2,2,1.0
,2636,3,1,0.5078961
,2637,0,1,0.50938404
,2637,1,2,1.0
,2637,2,1,0.90918064
,2637,3,1,0.5093841
,2638,0,0,0.75255847
,2638,1,0,0.78095263
,2638,2,3,1.0
,2638,3,0,0.75255847
,2639,0,0,0.7633315
,2639,1,0,0.7631242
,2639,2,2,1.0
,2639,3,0,0.7633315
,2640,0,0,0.7623268
,2640,1,0,0.7152228
,2640,2,2,1.0
,2640,3,0,0.7623268
,2641,0,0,0.75743794
,2641,1,2,1.0
,2641,2,0,0.7259099
,2641,3,0,0.75743794
,2642,0,0,0.5008805
,2642,1,1,0.8894653
,2642,2,2,1.0
,2642,3,0,0.5008805
,2643,0,1,0.5084646
,2643,1,2,1.0
,2643,2,1,0.88425344
,2643,3,1,0.5084646
,2644,0,0,0.7544192
,2644,1,0,0.7380509
,2644,2,2,1.0
,2644,3,0,0.7544192
,2645,0,0,0.7573476
,2645,1,2,1.0
,2645,2,0,0.7259097
,2645,3,0,0.7573476
,2646,0,0,0.500834
,2646,1,1,0.88947886
,2646,2,2,1.0
,2646,3,0,0.500834
,2647,0,1,0.51001734
,2647,1,2,1.0
,2647,2,1,0.8910147
,2647,3,1,0.51001734
,2648,0,1,0.5088
,2648,1,1,0.88427365
,2648,2,2,1.0
,2648,3,1,0.5088
,2649,0,0,0.75442374
,2649,1,2,1.0
,2649,2,0,0.7380592
,2649,3,0,0.7544236
,2650,0,0,0.75824606
,2650,1,0,0.7388669
,2650,2,2,1.0
,2650,3,0,0.7582399
,2651,0,0,0.758289
,2651,1,2,1.0
,2651,2,0,0.73886436
,2651,3,0,0.7577493
,2652,0,0,0.7582417
,2652,1,0,0.783194
,2652,2,2,1.0
,2652,3,0,0.7106491
,2653,0,0,0.7573231
,2653,1,0,0.7564233
,2653,2,0,0.7616924
,2653,3,2,1.0
,2654,0,1,0.5212538
,2654,1,1,0.5818337
,2654,2,3,1.0
,2654,3,1,0.9451056
,2655,0,0,0.7533046
,2655,1,2,1.0
,2655,2,0,0.7784302
,2655,3,0,0.7484468
,2656,0,0,0.7535716
,2656,1,0,0.7342321
,2656,2,3,1.0
,2656,3,0,0.75350165
,2657,0,0,0.7564342
,2657,1,2,1.0
,2657,2,0,0.81081825
,2657,3,0,0.7552756
,2658,0,0,0.50161296
,2658,1,1,0.85561466
,2658,2,2,1.0
,2658,3,1,0.5593229
,2659,0,0,0.7534756
,2659,1,0,0.68706685
,2659,2,0,0.7815608
,2659,3,2,1.0
,2660,0,1,0.5182435
,2660,1,2,1.0
,2660,2,1,0.51752716
,2660,3,1,0.9581087
,2661,0,1,0.5254682
,2661,1,1,0.9556217
,2661,2,1,0.52639675
,2661,3,2,1.0
,2662,0,0,0.75294596
,2662,1,2,1.0
,2662,2,0,0.6911276
,2662,3,0,0.78137493
,2663,0,1,0.5180459
,2663,1,1,0.9579686
,2663,2,2,1.0
,2663,3,1,0.51729536
,2664,0,1,0.5108028
,2664,1,2,1.0
,2664,2,1,0.8911209
,2664,3,1,0.51078326
,2665,0,1,0.50883645
,2665,1,1,0.88428074
,2665,2,2,1.0
,2665,3,1,0.508836
,2666,0,0,0.7535224
,2666,1,2,1.0
,2666,2,0,0.72508186
,2666,3,0,0.7535224
,2667,0,0,0.5023918
,2667,1,1,0.88259643
,2667,2,2,1.0
,2667,3,0,0.502392
,2668,0,0,0.75454855
,2668,1,2,1.0
,2668,2,0,0.7380986
,2668,3,0,0.75456053
,2669,0,0,0.75799453
,2669,1,0,0.7839489
,2669,2,2,1.0
,2669,3,0,0.75903666
,2670,0,0,0.5876754
,2670,1,0,0.65981895
,2670,2,2,1.0
,2670,3,0,0.6593745
,2671,0,2,1.0
,2671,1,1,0.5014251
,2671,2,1,0.8831334
,2671,3,1,0.5014282
,2672,0,0,0.7380592
,2672,1,0,0.7539652
,2672,2,2,1.0
,2672,3,0,0.7545105
,2673,0,2,1.0
,2673,1,0,0.7105932
,2673,2,0,0.78320867
,2673,3,0,0.758209
,2674,0,0,0.73883796
,2674,1,2,1.0
,2674,2,0,0.75785
,2674,3,0,0.7582604
,2675,0,2,1.0
,2675,1,0,0.7821978
,2675,2,0,0.6959287
,2675,3,0,0.75714374
,2676,0,1,0.9653648
,2676,1,1,0.5161562
,2676,2,2,1.0
,2676,3,1,0.51680684
,2677,0,3,1.0
,2677,1,0,0.75160813
,2677,2,0,0.73602647
,2677,3,0,0.7523114
,2678,0,0,0.85323626
,2678,1,0,0.6944154
,2678,2,2,1.0
,2678,3,0,0.75583136
,2679,0,1,0.51427525
,2679,1,2,1.0
,2679,2,1,0.9653636
,2679,3,1,0.5168367
,2680,0,0,0.75164074
,2680,1,0,0.7360261
,2680,2,3,1.0
,2680,3,0,0.75231373
,2681,0,0,0.69535303
,2681,1,2,1.0
,2681,2,0,0.8533923
,2681,3,0,0.75605655
,2682,0,2,1.0
,2682,1,1,0.8826164
,2682,2,0,0.50488865
,2682,3,0,0.50240463
,2683,0,0,0.7241747
,2683,1,2,1.0
,2683,2,0,0.7519186
,2683,3,0,0.75338715
,2684,0,2,1.0
,2684,1,1,0.9443745
,2684,2,1,0.59491074
,2684,3,1,0.51874673
,2685,0,1,0.94437516
,2685,1,1,0.6129699
,2685,2,2,1.0
,2685,3,1,0.5269715
,2686,0,1,0.52070385
,2686,1,2,1.0
,2686,2,1,0.8842425
,2686,3,1,0.50915235
,2687,0,0,0.7061528
,2687,1,0,0.7824954
,2687,2,2,1.0
,2687,3,0,0.7543697
,2688,0,2,1.0
,2688,1,0,0.75854546
,2688,2,0,0.7388487
,2688,3,0,0.75822663
,2689,0,0,0.73886895
,2689,1,0,0.7582885
,2689,2,2,1.0
,2689,3,0,0.75829107
,2690,0,2,1.0
,2690,1,0,0.7577498
,2690,2,0,0.7388642
,2690,3,0,0.75828964
,2691,0,0,0.7827161
,2691,1,0,0.71063906
,2691,2,2,1.0
,2691,3,0,0.7582522
,2692,0,0,0.7109424
,2692,1,2,1.0
,2692,2,0,0.7832036
,2692,3,0,0.7582371
,2693,0,2,1.0
,2693,1,0,0.7388312
,2693,2,0,0.7585597
,2693,3,0,0.7582767
,2694,0,0,0.6842666
,2694,1,2,1.0
,2694,2,0,0.75798696
,2694,3,0,0.75799185
,2695,0,3,1.0
,2695,1,0,0.7345212
,2695,2,0,0.7532484
,2695,3,0,0.75394803
,2696,0,0,0.85339266
,2696,1,2,1.0
,2696,2,0,0.6953671
,2696,3,0,0.7560686
,2697,0,0,0.5049119
,2697,1,1,0.8826073
,2697,2,2,1.0
,2697,3,0,0.5023868
,2698,0,0,0.75363934
,2698,1,2,1.0
,2698,2,0,0.7609647
,2698,3,0,0.7524139
,2699,0,1,0.5213664
,2699,1,1,0.9451899
,2699,2,3,1.0
,2699,3,1,0.58195513
,2700,0,0,0.7521384
,2700,1,0,0.72169936
,2700,2,0,0.85248935
,2700,3,2,1.0
,2701,0,1,0.5112352
,2701,1,3,1.0
,2701,2,1,0.5694747
,2701,3,1,0.8612897
,2702,0,0,0.75306535
,2702,1,0,0.85390526
,2702,2,2,1.0
,2702,3,0,0.7003512
,2703,0,0,0.7574943
,2703,1,0,0.75933224
,2703,2,0,0.7388247
,2703,3,2,1.0
,2704,0,0,0.69590956
,2704,1,0,0.75714827
,2704,2,2,1.0
,2704,3,0,0.7810991
,2705,0,2,1.0
,2705,1,1,0.517007
,2705,2,1,0.94372386
,2705,3,1,0.5769564
,2706,0,0,0.7825822
,2706,1,0,0.7543837
,2706,2,0,0.7008774
,2706,3,2,1.0
,2707,0,0,0.7574334
,2707,1,0,0.75713074
,2707,2,2,1.0
,2707,3,0,0.72504026
,2708,0,1,0.51757663
,2708,1,1,0.5166532
,2708,2,1,0.9551679
,2708,3,2,1.0
,2709,0,0,0.69122845
,2709,1,0,0.7518702
,2709,2,2,1.0
,2709,3,0,0.7813891
,2710,0,2,1.0
,2710,1,1,0.57772255
,2710,2,1,0.9435763
,2710,3,1,0.5163883
,2711,0,0,0.72430414
,2711,1,2,1.0
,2711,2,0,0.7472335
,2711,3,0,0.7533211
,2712,0,2,1.0
,2712,1,1,0.94356316
,2712,2,1,0.577808
,2712,3,1,0.5170927
,2713,0,0,0.7381594
,2713,1,0,0.7488789
,2713,2,2,1.0
,2713,3,0,0.75443786
,2714,0,2,1.0
,2714,1,0,0.69669163
,2714,2,0,0.78132045
,2714,3,0,0.75730723
,2715,0,1,0.85523766
,2715,1,2,1.0
,2715,2,1,0.55881417
,2715,3,0,0.50145453
,2716,0,0,0.74847144
,2716,1,0,0.7611004
,2716,2,2,1.0
,2716,3,0,0.75375015
,2717,0,1,0.5820397
,2717,1,3,1.0
,2717,2,1,0.94510823
,2717,3,1,0.521351
,2718,0,2,1.0
,2718,1,0,0.82067496
,2718,2,0,0.7478619
,2718,3,0,0.75327337
,2719,0,0,0.78323704
,2719,1,2,1.0
,2719,2,0,0.7105435
,2719,3,0,0.75821936
,2720,0,0,0.7585516
,2720,1,0,0.7388522
,2720,2,2,1.0
,2720,3,0,0.75827414
,2721,0,0,0.7577526
,2721,1,2,1.0
,2721,2,0,0.738864
,2721,3,0,0.7582893
,2722,0,0,0.7106283
,2722,1,0,0.78257203
,2722,2,2,1.0
,2722,3,0,0.7582435
,2723,0,2,1.0
,2723,1,0,0.6971139
,2723,2,0,0.7813072
,2723,3,0,0.75733566
,2724,0,1,0.85522205
,2724,1,2,1.0
,2724,2,1,0.5588207
,2724,3,0,0.5014728
,2725,0,0,0.7503446
,2725,1,0,0.73821425
,2725,2,2,1.0
,2725,3,0,0.75468946
,2726,0,0,0.7327138
,2726,1,2,1.0
,2726,2,0,0.7802136
,2726,3,0,0.7573567
,2727,0,3,1.0
,2727,1,1,0.86180955
,2727,2,1,0.6349315
,2727,3,1,0.5122498
,2728,0,0,0.8539431
,2728,1,0,0.69583696
,2728,2,3,1.0
,2728,3,0,0.7491787
,2729,0,0,0.7583623
,2729,1,2,1.0
,2729,2,0,0.82066274
,2729,3,0,0.75716764
,2730,0,0,0.75738865
,2730,1,0,0.7259343
,2730,2,2,1.0
,2730,3,0,0.75740486
,2731,0,1,0.50075656
,2731,1,2,1.0
,2731,2,1,0.8895015
,2731,3,0,0.50081897
,2732,0,1,0.57006645
,2732,1,1,0.857318
,2732,2,2,1.0
,2732,3,1,0.50933254
,2733,0,2,1.0
,2733,1,0,0.72428966
,2733,2,0,0.7818433
,2733,3,0,0.7536906
,2734,0,1,0.9114451
,2734,1,3,1.0
,2734,2,1,0.51108915
,2734,3,1,0.5110701
,2735,0,3,1.0
,2735,1,0,0.85356593
,2735,2,0,0.7016094
,2735,3,0,0.75026065
,2736,0,0,0.853891
,2736,1,0,0.71046656
,2736,2,2,1.0
,2736,3,0,0.75689846
,2737,0,0,0.7585007
,2737,1,2,1.0
,2737,2,0,0.75922495
,2737,3,0,0.75739855
,2738,0,1,0.5108346
,2738,1,1,0.8877055
,2738,2,3,1.0
,2738,3,1,0.51086354
,2739,0,0,0.75294304
,2739,1,2,1.0
,2739,2,0,0.81271845
,2739,3,0,0.7529427
,2740,0,0,0.553834
,2740,1,1,0.7579425
,2740,2,2,1.0
,2740,3,0,0.553834
,2741,0,1,0.5081952
,2741,1,2,1.0
,2741,2,1,0.8911925
,2741,3,1,0.5081952
,2742,0,1,0.5318992
,2742,1,1,0.98474973
,2742,2,2,1.0
,2742,3,1,0.5318979
,2743,0,1,0.5322864
,2743,1,2,1.0
,2743,2,1,0.98468566
,2743,3,1,0.5322369
,2744,0,1,0.5132931
,2744,1,1,0.89121526
,2744,2,2,1.0
,2744,3,1,0.5113778
,2745,0,1,0.5845695
,2745,1,2,1.0
,2745,2,1,0.857659
,2745,3,1,0.51078457
,2746,0,2,1.0
,2746,1,1,0.75980264
,2746,2,0,0.52830297
,2746,3,0,0.536655
,2747,0,1,0.9555224
,2747,1,2,1.0
,2747,2,1,0.5239018
,2747,3,1,0.5236702
,2748,0,2,1.0
,2748,1,0,0.7379842
,2748,2,0,0.7534729
,2748,3,0,0.7541775
,2749,0,0,0.7821707
,2749,1,2,1.0
,2749,2,0,0.6958708
,2749,3,0,0.75706774
,2750,0,1,0.5175133
,2750,1,1,0.9581061
,2750,2,2,1.0
,2750,3,1,0.51817596
,2751,0,1,0.5268117
,2751,1,2,1.0
,2751,2,1,0.9502217
,2751,3,1,0.5268292
,2752,0,1,0.5276299
,2752,1,1,0.95619506
,2752,2,3,1.0
,2752,3,1,0.5276303
,2753,0,0,0.7521411
,2753,1,2,1.0
,2753,2,0,0.81084436
,2753,3,0,0.7521411
,2754,0,0,0.5008563
,2754,1,1,0.889424
,2754,2,2,1.0
,2754,3,0,0.5008558
,2755,0,1,0.5084773
,2755,1,2,1.0
,2755,2,1,0.88425934
,2755,3,1,0.5084952
,2756,0,0,0.7535061
,2756,1,0,0.7250279
,2756,2,2,1.0
,2756,3,0,0.7523387
,2757,0,0,0.50141
,2757,1,2,1.0
,2757,2,1,0.8555689
,2757,3,1,0.5595245
,2758,0,0,0.7546431
,2758,1,0,0.7821242
,2758,2,0,0.7020521
,2758,3,2,1.0
,2759,0,0,0.75819135
,2759,1,0,0.7109296
,2759,2,2,1.0
,2759,3,0,0.7831995
,2760,0,0,0.75827616
,2760,1,2,1.0
,2760,2,0,0.7388312
,2760,3,0,0.7585597
,2761,0,0,0.75799185
,2761,1,0,0.68426335
,2761,2,2,1.0
,2761,3,0,0.757995
,2762,0,0,0.7539618
,2762,1,3,1.0
,2762,2,0,0.7345574
,2762,3,0,0.7539618
,2763,0,0,0.7572647
,2763,1,0,0.8206684
,2763,2,2,1.0
,2763,3,0,0.7572647
,2764,0,0,0.758304
,2764,1,2,1.0
,2764,2,0,0.73889256
,2764,3,0,0.758304
,2765,0,0,0.75829196
,2765,1,0,0.7388692
,2765,2,2,1.0
,2765,3,0,0.7582921
,2766,0,0,0.75828403
,2766,1,2,1.0
,2766,2,0,0.73886895
,2766,3,0,0.7582918
,2767,0,0,0.7575946
,2767,1,0,0.7388545
,2767,2,2,1.0
,2767,3,0,0.75828093
,2768,0,0,0.69686216
,2768,1,2,1.0
,2768,2,0,0.7824082
,2768,3,0,0.75737065
,2769,0,2,1.0
,2769,1,1,0.88261455
,2769,2,0,0.50308925
,2769,3,0,0.50244445
,2770,0,0,0.73806703
,2770,1,2,1.0
,2770,2,0,0.7545674
,2770,3,0,0.75456005
,2771,0,2,1.0
,2771,1,0,0.7388669
,2771,2,0,0.7582414
,2771,3,0,0.75824755
,2772,0,0,0.7388642
,2772,1,2,1.0
,2772,2,0,0.7577493
,2772,3,0,0.75828916
,2773,0,2,1.0
,2773,1,0,0.7827161
,2773,2,0,0.71063906
,2773,3,0,0.7582522
,2774,0,0,0.7832035
,2774,1,0,0.71094257
,2774,2,2,1.0
,2774,3,0,0.758237
,2775,0,0,0.75855726
,2775,1,2,1.0
,2775,2,0,0.73885256
,2775,3,0,0.7582743
,2776,0,0,0.7582736
,2776,1,0,0.7388604
,2776,2,2,1.0
,2776,3,0,0.75828356
,2777,0,0,0.75624907
,2777,1,2,1.0
,2777,2,0,0.72588617
,2777,3,0,0.7574041
,2778,0,1,0.5594084
,2778,1,1,0.8555609
,2778,2,2,1.0
,2778,3,0,0.5015277
,2779,0,2,1.0
,2779,1,0,0.7020437
,2779,2,0,0.78200775
,2779,3,0,0.75464183
,2780,0,0,0.78290385
,2780,1,2,1.0
,2780,2,0,0.6997868
,2780,3,0,0.7578647
,2781,0,0,0.55630606
,2781,1,1,0.7455507
,2781,2,2,1.0
,2781,3,0,0.5557162
,2782,0,0,0.7544466
,2782,1,2,1.0
,2782,2,0,0.72526115
,2782,3,0,0.7544399
,2783,0,0,0.5024194
,2783,1,1,0.88259506
,2783,2,2,1.0
,2783,3,0,0.5024193
,2784,0,0,0.7545599
,2784,1,2,1.0
,2784,2,0,0.7380673
,2784,3,0,0.7545599
,2785,0,0,0.75824755
,2785,1,0,0.73886716
,2785,2,2,1.0
,2785,3,0,0.75824755
,2786,0,0,0.7582913
,2786,1,2,1.0
,2786,2,0,0.73886913
,2786,3,0,0.7582913
,2787,0,0,0.7582918
,2787,1,0,0.73886913
,2787,2,2,1.0
,2787,3,0,0.7582918
,2788,0,0,0.75828403
,2788,1,2,1.0
,2788,2,0,0.738861
,2788,3,0,0.75828403
,2789,0,0,0.75742286
,2789,1,0,0.7259387
,2789,2,2,1.0
,2789,3,0,0.75742286
,2790,0,0,0.50250995
,2790,1,2,1.0
,2790,2,1,0.8825897
,2790,3,0,0.50250995
,2791,0,0,0.75455016
,2791,1,0,0.73807013
,2791,2,2,1.0
,2791,3,0,0.75455016
,2792,0,0,0.75739413
,2792,1,2,1.0
,2792,2,0,0.75924563
,2792,3,0,0.75739413
,2793,0,1,0.51085997
,2793,1,1,0.8877035
,2793,2,3,1.0
,2793,3,1,0.5108601
,2794,0,0,0.7532432
,2794,1,2,1.0
,2794,2,0,0.8206782
,2794,3,0,0.7532432
,2795,0,0,0.7582562
,2795,1,0,0.73889035
,2795,2,2,1.0
,2795,3,0,0.7582562
,2796,0,0,0.7582797
,2796,1,2,1.0
,2796,2,0,0.73886174
,2796,3,0,0.75827956
,2797,0,0,0.75709325
,2797,1,0,0.7246557
,2797,2,2,1.0
,2797,3,0,0.75709325
,2798,0,1,0.5256442
,2798,1,2,1.0
,2798,2,1,0.9983156
,2798,3,1,0.5256442
,2799,0,0,0.7522904
,2799,1,0,0.73612815
,2799,2,3,1.0
,2799,3,0,0.7522902
,2800,0,0,0.75644636
,2800,1,2,1.0
,2800,2,0,0.81085134
,2800,3,0,0.7564154
,2801,0,0,0.50257117
,2801,1,1,0.8825757
,2801,2,2,1.0
,2801,3,0,0.50094116
,2802,0,0,0.7540724
,2802,1,2,1.0
,2802,2,0,0.7821325
,2802,3,0,0.6482624
,2803,0,0,0.7535275
,2803,1,0,0.6800618
,2803,2,0,0.75384825
,2803,3,3,1.0
,2804,0,0,0.7521727
,2804,1,3,1.0
,2804,2,0,0.75162363
,2804,3,0,0.820661
,2805,0,0,0.7569882
,2805,1,0,0.85353035
,2805,2,0,0.7092212
,2805,3,2,1.0
,2806,0,0,0.75821584
,2806,1,0,0.7118344
,2806,2,2,1.0
,2806,3,0,0.78319764
,2807,0,0,0.75827426
,2807,1,2,1.0
,2807,2,0,0.73885274
,2807,3,0,0.7585575
,2808,0,0,0.7582811
,2808,1,0,0.7388611
,2808,2,2,1.0
,2808,3,0,0.7582843
,2809,0,0,0.75719863
,2809,1,2,1.0
,2809,2,0,0.72506386
,2809,3,0,0.75719863
,2810,0,1,0.51661056
,2810,1,1,0.955162
,2810,2,2,1.0
,2810,3,1,0.51661056
,2811,0,0,0.7542664
,2811,1,2,1.0
,2811,2,0,0.7379927
,2811,3,0,0.7542664
,2812,0,0,0.75737464
,2812,1,0,0.72593623
,2812,2,2,1.0
,2812,3,0,0.75737464
,2813,0,0,0.50249565
,2813,1,2,1.0
,2813,2,1,0.8825956
,2813,3,0,0.5024957
,2814,0,0,0.7536602
,2814,1,0,0.7250903
,2814,2,2,1.0
,2814,3,0,0.7536602
,2815,0,0,0.50238234
,2815,1,2,1.0
,2815,2,1,0.88260233
,2815,3,0,0.5023823
,2816,0,0,0.7536337
,2816,1,0,0.72509575
,2816,2,2,1.0
,2816,3,0,0.7536337
,2817,0,0,0.501123
,2817,1,2,1.0
,2817,2,1,0.869473
,2817,3,0,0.501123
,2818,0,1,0.52701956
,2818,1,1,0.95623106
,2818,2,3,1.0
,2818,3,1,0.52701956
,2819,0,0,0.7519301
,2819,1,2,1.0
,2819,2,0,0.8101773
,2819,3,0,0.7519301
,2820,0,1,0.5180051
,2820,1,1,0.9579499
,2820,2,2,1.0
,2820,3,1,0.5180051
,2821,0,1,0.51080155
,2821,1,2,1.0
,2821,2,1,0.8911209
,2821,3,1,0.51080155
,2822,0,1,0.5088371
,2822,1,1,0.8842808
,2822,2,2,1.0
,2822,3,1,0.5088367
,2823,0,0,0.75347936
,2823,1,2,1.0
,2823,2,0,0.72504056
,2823,3,0,0.75351083
,2824,0,1,0.5000605
,2824,1,1,0.90773743
,2824,2,2,1.0
,2824,3,0,0.50158024
,2825,0,0,0.6460142
,2825,1,3,1.0
,2825,2,0,0.7796368
,2825,3,0,0.75173813
,2826,0,3,1.0
,2826,1,0,0.85357827
,2826,2,0,0.70375365
,2826,3,0,0.7518529
,2827,0,0,0.8538933
,2827,1,0,0.7104498
,2827,2,2,1.0
,2827,3,0,0.75690204
,2828,0,0,0.7584662
,2828,1,2,1.0
,2828,2,0,0.7258607
,2828,3,0,0.7562083
,2829,0,0,0.50155526
,2829,1,1,0.8555608
,2829,2,2,1.0
,2829,3,1,0.55940926
,2830,0,0,0.7546448
,2830,1,0,0.7020523
,2830,2,0,0.7821243
,2830,3,2,1.0
,2831,0,0,0.75819147
,2831,1,2,1.0
,2831,2,0,0.7109297
,2831,3,0,0.7831995
,2832,0,0,0.75827616
,2832,1,0,0.7388312
,2832,2,2,1.0
,2832,3,0,0.7585597
,2833,0,0,0.7579917
,2833,1,2,1.0
,2833,2,0,0.6842637
,2833,3,0,0.7579949
,2834,0,0,0.7539512
,2834,1,0,0.73455054
,2834,2,3,1.0
,2834,3,0,0.7539512
,2835,0,0,0.75625503
,2835,1,2,1.0
,2835,2,0,0.8361867
,2835,3,0,0.75625473
,2836,0,1,0.51165843
,2836,1,1,0.91170293
,2836,2,3,1.0
,2836,3,1,0.51167756
,2837,0,0,0.750711
,2837,1,3,1.0
,2837,2,0,0.8206226
,2837,3,0,0.74948406
,2838,0,0,0.7565239
,2838,1,0,0.85354865
,2838,2,2,1.0
,2838,3,0,0.6510819
,2839,0,0,0.75402534
,2839,1,0,0.7071033
,2839,2,0,0.7793437
,2839,3,3,1.0
,2840,0,0,0.75607735
,2840,1,2,1.0
,2840,2,0,0.73401713
,2840,3,0,0.8531977
,2841,0,1,0.5210779
,2841,1,1,0.96624833
,2841,2,3,0.99951303
,2841,3,1,0.51850015
,2842,0,0,0.7507692
,2842,1,3,1.0
,2842,2,0,0.8206119
,2842,3,0,0.7507992
,2843,0,0,0.7564576
,2843,1,0,0.8108529
,2843,2,2,1.0
,2843,3,0,0.75645787
,2844,0,0,0.5026198
,2844,1,2,1.0
,2844,2,1,0.8825375
,2844,3,0,0.50261986
,2845,0,0,0.75455415
,2845,1,0,0.73805916
,2845,2,2,1.0
,2845,3,0,0.75455415
,2846,0,0,0.75734866
,2846,1,2,1.0
,2846,2,0,0.7259099
,2846,3,0,0.7573494
,2847,0,0,0.50080955
,2847,1,1,0.88947386
,2847,2,2,1.0
,2847,3,0,0.5008491
,2848,0,1,0.510974
,2848,1,2,1.0
,2848,2,1,0.8776899
,2848,3,1,0.5094465
,2849,0,1,0.5438091
,2849,1,1,0.7009985
,2849,2,3,1.0
,2849,3,0,0.5174066
,2850,0,2,1.0
,2850,1,0,0.7025073
,2850,2,0,0.85388803
,2850,3,0,0.7534875
,2851,0,0,0.72581244
,2851,1,2,1.0
,2851,2,0,0.7569868
,2851,3,0,0.757284
,2852,0,2,1.0
,2852,1,1,0.8571335
,2852,2,1,0.5765133
,2852,3,1,0.50047797
,2853,0,1,0.8579839
,2853,1,1,0.5966908
,2853,2,2,1.0
,2853,3,1,0.51114106
,2854,0,1,0.5396768
,2854,1,2,1.0
,2854,2,1,0.98743016
,2854,3,1,0.5304475
,2855,0,0,0.75211364
,2855,1,0,0.73610955
,2855,2,3,1.0
,2855,3,0,0.75222
,2856,0,0,0.7572498
,2856,1,2,1.0
,2856,2,0,0.8206684
,2856,3,0,0.75725096
,2857,0,0,0.7583038
,2857,1,0,0.73889244
,2857,2,2,1.0
,2857,3,0,0.7583038
,2858,0,0,0.7582921
,2858,1,2,1.0
,2858,2,0,0.7388693
,2858,3,0,0.7582921
,2859,0,0,0.7582919
,2859,1,0,0.73886913
,2859,2,2,1.0
,2859,3,0,0.7582919
,2860,0,0,0.7582899
,2860,1,2,1.0
,2860,2,0,0.73886275
,2860,3,0,0.75829
,2861,0,0,0.75797844
,2861,1,0,0.72841907
,2861,2,2,1.0
,2861,3,0,0.7579789
,2862,0,0,0.555869
,2862,1,2,1.0
,2862,2,1,0.74553084
,2862,3,0,0.5558917
,2863,0,0,0.75267744
,2863,1,0,0.72434664
,2863,2,2,1.0
,2863,3,0,0.7541718
,2864,0,1,0.59487516
,2864,1,2,1.0
,2864,2,1,0.9442832
,2864,3,1,0.5186898
,2865,0,2,1.0
,2865,1,1,0.94421554
,2865,2,1,0.59695375
,2865,3,1,0.5256648
,2866,0,0,0.78258103
,2866,1,0,0.700862
,2866,2,2,1.0
,2866,3,0,0.7537367
,2867,0,0,0.75849646
,2867,1,2,1.0
,2867,2,0,0.78316325
,2867,3,0,0.7105582
,2868,0,0,0.7571557
,2868,1,0,0.72498184
,2868,2,0,0.75503004
,2868,3,2,1.0
,2869,0,1,0.5176435
,2869,1,2,1.0
,2869,2,1,0.6413619
,2869,3,1,0.94380456
,2870,0,0,0.75132394
,2870,1,0,0.73510486
,2870,2,3,1.0
,2870,3,0,0.7463757
,2871,0,0,0.7572348
,2871,1,2,1.0
,2871,2,0,0.82066643
,2871,3,0,0.75663704
,2872,0,0,0.7582641
,2872,1,0,0.78273684
,2872,2,2,1.0
,2872,3,0,0.71065176
,2873,0,0,0.7582372
,2873,1,0,0.7109426
,2873,2,0,0.783198
,2873,3,2,1.0
,2874,0,0,0.7582722
,2874,1,2,1.0
,2874,2,0,0.7580159
,2874,3,0,0.7388476
,2875,0,0,0.75825185
,2875,1,0,0.78271604
,2875,2,0,0.71064246
,2875,3,2,1.0
,2876,0,0,0.758237
,2876,1,0,0.7109425
,2876,2,2,1.0
,2876,3,0,0.7832035
,2877,0,0,0.75827444
,2877,1,2,1.0
,2877,2,0,0.73885256
,2877,3,0,0.75855744
,2878,0,0,0.7582916
,2878,1,0,0.738869
,2878,2,2,1.0
,2878,3,0,0.75829476
,2879,0,0,0.7582918
,2879,1,2,1.0
,2879,2,0,0.73886913
,2879,3,0,0.7582918
,2880,0,0,0.75828403
,2880,1,0,0.7388609
,2880,2,2,1.0
,2880,3,0,0.75828403
,2881,0,0,0.75742286
,2881,1,2,1.0
,2881,2,0,0.72593874
,2881,3,0,0.75742286
,2882,0,0,0.5025102
,2882,1,1,0.8825897
,2882,2,2,1.0
,2882,3,0,0.5025102
,2883,0,0,0.75456315
,2883,1,2,1.0
,2883,2,0,0.7380457
,2883,3,0,0.75456315
,2884,0,0,0.75794756
,2884,1,0,0.6842611
,2884,2,2,1.0
,2884,3,0,0.75794756
,2885,0,0,0.75396127
,2885,1,3,1.0
,2885,2,0,0.7345574
,2885,3,0,0.7539613
,2886,0,0,0.7572648
,2886,1,0,0.8206684
,2886,2,2,1.0
,2886,3,0,0.7572648
,2887,0,0,0.758304
,2887,1,2,1.0
,2887,2,0,0.7388924
,2887,3,0,0.758304
,2888,0,0,0.75829196
,2888,1,0,0.7388692
,2888,2,2,1.0
,2888,3,0,0.75829196
,2889,0,0,0.75828403
,2889,1,2,1.0
,2889,2,0,0.738861
,2889,3,0,0.75828403
,2890,0,0,0.75742286
,2890,1,0,0.7259387
,2890,2,2,1.0
,2890,3,0,0.75742286
,2891,0,0,0.50251
,2891,1,2,1.0
,2891,2,1,0.8825897
,2891,3,0,0.50250995
,2892,0,0,0.7545529
,2892,1,0,0.73805904
,2892,2,2,1.0
,2892,3,0,0.7545529
,2893,0,0,0.75737816
,2893,1,2,1.0
,2893,2,0,0.72593635
,2893,3,0,0.75737816
,2894,0,0,0.50249577
,2894,1,1,0.8825957
,2894,2,2,1.0
,2894,3,0,0.50249577
,2895,0,0,0.7536603
,2895,1,2,1.0
,2895,2,0,0.7250903
,2895,3,0,0.7536602
,2896,0,0,0.5023827
,2896,1,1,0.88260245
,2896,2,2,1.0
,2896,3,0,0.5023827
,2897,0,0,0.7536592
,2897,1,2,1.0
,2897,2,0,0.7250905
,2897,3,0,0.753659
,2898,0,0,0.5023956
,2898,1,1,0.88259655
,2898,2,2,1.0
,2898,3,0,0.5023871
,2899,0,0,0.75455683
,2899,1,2,1.0
,2899,2,0,0.73806167
,2899,3,0,0.75401133
,2900,0,0,0.75819653
,2900,1,0,0.78256065
,2900,2,2,1.0
,2900,3,0,0.7105787
,2901,0,0,0.75711846
,2901,1,0,0.6962181
,2901,2,0,0.7810845
,2901,3,2,1.0
,2902,0,1,0.517017
,2902,1,2,1.0
,2902,2,1,0.5769629
,2902,3,1,0.9435722
,2903,0,0,0.753532
,2903,1,0,0.7251502
,2903,2,2,1.0
,2903,3,0,0.74747825
,2904,0,0,0.50139046
,2904,1,2,1.0
,2904,2,1,0.8556829
,2904,3,1,0.55966693
,2905,0,0,0.75346255
,2905,1,0,0.7801855
,2905,2,0,0.6870306
,2905,3,2,1.0
,2906,0,1,0.5185259
,2906,1,1,0.5934473
,2906,2,2,1.0
,2906,3,1,0.94459414
,2907,0,1,0.51154345
,2907,1,2,1.0
,2907,2,1,0.8582657
,2907,3,1,0.6459087
,2908,0,0,0.7513459
,2908,1,0,0.7793065
,2908,2,0,0.6983234
,2908,3,3,1.0
,2909,0,0,0.75600654
,2909,1,0,0.69564295
,2909,2,2,1.0
,2909,3,0,0.8533872
,2910,0,0,0.5016552
,2910,1,2,1.0
,2910,2,1,0.907834
,2910,3,0,0.5041661
,2911,0,0,0.7524137
,2911,1,0,0.73593956
,2911,2,3,1.0
,2911,3,0,0.75244266
,2912,0,0,0.7572525
,2912,1,2,1.0
,2912,2,0,0.8206684
,2912,3,0,0.7572529
,2913,0,0,0.7583038
,2913,1,0,0.73889244
,2913,2,2,1.0
,2913,3,0,0.7583039
,2914,0,0,0.7582921
,2914,1,2,1.0
,2914,2,0,0.7388693
,2914,3,0,0.7582921
,2915,0,0,0.7582919
,2915,1,0,0.73886913
,2915,2,2,1.0
,2915,3,0,0.7582919
,2916,0,0,0.7582919
,2916,1,2,1.0
,2916,2,0,0.73886913
,2916,3,0,0.7582919
,2917,0,0,0.7582919
,2917,1,0,0.73886913
,2917,2,2,1.0
,2917,3,0,0.7582919
,2918,0,0,0.7582919
,2918,1,2,1.0
,2918,2,0,0.73886913
,2918,3,0,0.7582919
,2919,0,0,0.7582919
,2919,1,0,0.73886913
,2919,2,2,1.0
,2919,3,0,0.7582919
,2920,0,0,0.7582919
,2920,1,2,1.0
,2920,2,0,0.73886913
,2920,3,0,0.7582919
,2921,0,0,0.7582919
,2921,1,0,0.73886913
,2921,2,2,1.0
,2921,3,0,0.7582918
,2922,0,0,0.7582917
,2922,1,2,1.0
,2922,2,0,0.73886895
,2922,3,0,0.75828385
,2923,0,0,0.7582783
,2923,1,0,0.73885465
,2923,2,2,1.0
,2923,3,0,0.757584
,2924,0,0,0.75714624
,2924,1,2,1.0
,2924,2,0,0.7821998
,2924,3,0,0.69593525
,2925,0,1,0.5166441
,2925,1,1,0.95517063
,2925,2,1,0.5160006
,2925,3,2,1.0
,2926,0,0,0.75335073
,2926,1,2,1.0
,2926,2,0,0.7521905
,2926,3,0,0.72496665
,2927,0,0,0.50141215
,2927,1,1,0.8552058
,2927,2,1,0.55951744
,2927,3,2,1.0
,2928,0,0,0.7546884
,2928,1,0,0.7499277
,2928,2,2,1.0
,2928,3,0,0.7381978
,2929,0,0,0.7573104
,2929,1,0,0.696705
,2929,2,0,0.7813203
,2929,3,2,1.0
,2930,0,0,0.5014642
,2930,1,2,1.0
,2930,2,1,0.55883336
,2930,3,1,0.85558903
,2931,0,0,0.7546439
,2931,1,0,0.7821244
,2931,2,2,1.0
,2931,3,0,0.70205206
,2932,0,0,0.75818956
,2932,1,0,0.71092486
,2932,2,0,0.78269774
,2932,3,2,1.0
,2933,0,0,0.75823617
,2933,1,2,1.0
,2933,2,0,0.7109424
,2933,3,0,0.7832035
,2934,0,0,0.7582533
,2934,1,0,0.73884386
,2934,2,2,1.0
,2934,3,0,0.75854945
,2935,0,0,0.75624883
,2935,1,2,1.0
,2935,2,0,0.72588634
,2935,3,0,0.75740695
,2936,0,1,0.559411
,2936,1,1,0.85520726
,2936,2,2,1.0
,2936,3,0,0.5015216
,2937,0,2,1.0
,2937,1,0,0.74853116
,2937,2,0,0.7251885
,2937,3,0,0.7537528
,2938,0,1,0.85522115
,2938,1,1,0.55970013
,2938,2,2,1.0
,2938,3,1,0.50025356
,2939,0,0,0.75014496
,2939,1,2,1.0
,2939,2,0,0.78175086
,2939,3,0,0.648233
,2940,0,0,0.7539804
,2940,1,0,0.7790987
,2940,2,0,0.70617867
,2940,3,3,1.0
,2941,0,0,0.7569516
,2941,1,0,0.7095114
,2941,2,2,1.0
,2941,3,0,0.8538929
,2942,0,0,0.7573539
,2942,1,2,1.0
,2942,2,0,0.72588664
,2942,3,0,0.7584559
,2943,0,0,0.50087756
,2943,1,1,0.8894658
,2943,2,2,1.0
,2943,3,0,0.5008868
,2944,0,1,0.5084803
,2944,1,2,1.0
,2944,2,1,0.8842614
,2944,3,1,0.50921863
,2945,0,0,0.7543743
,2945,1,0,0.78199154
,2945,2,2,1.0
,2945,3,0,0.70629287
,2946,0,0,0.7581758
,2946,1,0,0.7109133
,2946,2,0,0.78254473
,2946,3,2,1.0
,2947,0,0,0.7570857
,2947,1,2,1.0
,2947,2,0,0.69620234
,2947,3,0,0.78077316
,2948,0,1,0.51866424
,2948,1,1,0.94437987
,2948,2,2,1.0
,2948,3,1,0.5941916
,2949,0,1,0.5270323
,2949,1,1,0.61306494
,2949,2,1,0.944798
,2949,3,2,1.0
,2950,0,1,0.51183087
,2950,1,2,1.0
,2950,2,1,0.59807616
,2950,3,1,0.8587376
,2951,0,1,0.50940037
,2951,1,1,0.85701543
,2951,2,2,1.0
,2951,3,1,0.5789326
,2952,0,0,0.7545499
,2952,1,0,0.7498913
,2952,2,0,0.7381833
,2952,3,2,1.0
,2953,0,0,0.75731593
,2953,1,0,0.6967182
,2953,2,2,1.0
,2953,3,0,0.7823839
,2954,0,0,0.5016586
,2954,1,2,1.0
,2954,2,1,0.90783376
,2954,3,0,0.501556
,2955,0,0,0.752336
,2955,1,0,0.78063923
,2955,2,3,1.0
,2955,3,0,0.7039541
,2956,0,0,0.75636685
,2956,1,0,0.7543114
,2956,2,0,0.8107433
,2956,3,2,1.0
,2957,0,1,0.50047094
,2957,1,1,0.62539816
,2957,2,2,1.0
,2957,3,1,0.8561085
,2958,0,0,0.7514998
,2958,1,3,1.0
,2958,2,0,0.7350598
,2958,3,0,0.7466633
,2959,0,0,0.75604373
,2959,1,0,0.8533831
,2959,2,2,1.0
,2959,3,0,0.6952828
,2960,0,0,0.502404
,2960,1,0,0.5041717
,2960,2,1,0.8826187
,2960,3,2,1.0
,2961,0,0,0.75451124
,2961,1,0,0.7064554
,2961,2,2,1.0
,2961,3,0,0.78250396
,2962,0,0,0.7579271
,2962,1,2,1.0
,2962,2,0,0.6842394
,2962,3,0,0.758245
,2963,0,0,0.75396097
,2963,1,0,0.7345571
,2963,2,3,1.0
,2963,3,0,0.75395834
,2964,0,0,0.75726205
,2964,1,2,1.0
,2964,2,0,0.8206667
,2964,3,0,0.7567207
,2965,0,0,0.75826585
,2965,1,0,0.783231
,2965,2,2,1.0
,2965,3,0,0.7106574
,2966,0,0,0.75823367
,2966,1,0,0.7578498
,2966,2,0,0.7388369
,2966,3,2,1.0
,2967,0,0,0.7547096
,2967,1,0,0.6958692
,2967,2,2,1.0
,2967,3,0,0.78217536
,2968,0,1,0.64138436
,2968,1,2,1.0
,2968,2,1,0.9438132
,2968,3,1,0.51700073
,2969,0,3,1.0
,2969,1,0,0.73508173
,2969,2,0,0.7458166
,2969,3,0,0.7513277
,2970,0,0,0.8535305
,2970,1,2,1.0
,2970,2,0,0.70911753
,2970,3,0,0.7569525
,2971,0,0,0.7118182
,2971,1,0,0.7825512
,2971,2,2,1.0
,2971,3,0,0.7582044
,2972,0,2,1.0
,2972,1,0,0.6970689
,2972,2,0,0.7810091
,2972,3,0,0.7572864
,2973,0,1,0.8561592
,2973,1,2,1.0
,2973,2,1,0.5758617
,2973,3,1,0.50124454
,2974,0,1,0.5189165
,2974,1,1,0.8581201
,2974,2,2,1.0
,2974,3,1,0.53901976
,2975,0,1,0.52847356
,2975,1,1,0.5976552
,2975,2,1,0.94540775
,2975,3,3,1.0
,2976,0,0,0.75227976
,2976,1,2,1.0
,2976,2,0,0.63994306
,2976,3,0,0.8539339
,2977,0,0,0.75409085
,2977,1,0,0.734749
,2977,2,3,1.0
,2977,3,0,0.7552722
,2978,0,0,0.75726676
,2978,1,2,1.0
,2978,2,0,0.8206684
,2978,3,0,0.7572803
,2979,0,0,0.758304
,2979,1,0,0.73889244
,2979,2,2,1.0
,2979,3,0,0.7583042
,2980,0,0,0.7582921
,2980,1,2,1.0
,2980,2,0,0.73886913
,2980,3,0,0.7582921
,2981,0,0,0.7582919
,2981,1,0,0.73886913
,2981,2,2,1.0
,2981,3,0,0.7582919
,2982,0,0,0.7582919
,2982,1,2,1.0
,2982,2,0,0.73886913
,2982,3,0,0.7582919
,2983,0,0,0.7582918
,2983,1,0,0.73886913
,2983,2,2,1.0
,2983,3,0,0.7582919
,2984,0,0,0.7582858
,2984,1,2,1.0
,2984,2,0,0.73886895
,2984,3,0,0.7582919
,2985,0,0,0.7577498
,2985,1,0,0.7388643
,2985,2,2,1.0
,2985,3,0,0.75828964
,2986,0,0,0.7106437
,2986,1,2,1.0
,2986,2,0,0.7832122
,2986,3,0,0.758254
,2987,0,2,1.0
,2987,1,0,0.7388476
,2987,2,0,0.7580159
,2987,3,0,0.75827223
,2988,0,0,0.78321767
,2988,1,2,1.0
,2988,2,0,0.71064734
,2988,3,0,0.75825375
,2989,0,0,0.75855744
,2989,1,0,0.7388525
,2989,2,2,1.0
,2989,3,0,0.7582743
,2990,0,0,0.7582843
,2990,1,2,1.0
,2990,2,0,0.738861
,2990,3,0,0.75828105
,2991,0,0,0.75719863
,2991,1,0,0.7250637
,2991,2,2,1.0
,2991,3,0,0.75719863
,2992,0,1,0.51660717
,2992,1,2,1.0
,2992,2,1,0.95516765
,2992,3,1,0.51660717
,2993,0,0,0.7539082
,2993,1,0,0.68322825
,2993,2,2,1.0
,2993,3,0,0.7539084
,2994,0,0,0.7538851
,2994,1,3,1.0
,2994,2,0,0.73455244
,2994,3,0,0.7539022
,2995,0,0,0.7547075
,2995,1,0,0.8101498
,2995,2,2,1.0
,2995,3,0,0.756193
,2996,0,1,0.5947931
,2996,1,2,1.0
,2996,2,1,0.944362
,2996,3,1,0.51863253
,2997,0,2,1.0
,2997,1,1,0.94444144
,2997,2,1,0.61385953
,2997,3,1,0.52726537
,2998,0,1,0.95849544
,2998,1,1,0.5396929
,2998,2,2,1.0
,2998,3,1,0.5270692
,2999,0,2,1.0
,2999,1,1,0.58666396
,2999,2,1,0.9442627
,2999,3,1,0.52600944
,3000,0,0,0.7825738
,3000,1,2,1.0
,3000,2,0,0.70087075
,3000,3,0,0.75428486
,3001,0,0,0.75735223
,3001,1,0,0.7388131
,3001,2,2,1.0
,3001,3,0,0.7582209
,3002,0,0,0.65304863
,3002,1,2,1.0
,3002,2,0,0.78178257
,3002,3,0,0.75789154
,3003,0,3,1.0
,3003,1,0,0.77848417
,3003,2,0,0.64838946
,3003,3,0,0.75337553
,3004,0,0,0.8537669
,3004,1,0,0.7037247
,3004,2,3,1.0
,3004,3,0,0.7518382
,3005,0,0,0.7349507
,3005,1,2,1.0
,3005,2,0,0.8523884
,3005,3,0,0.75603735
,3006,0,3,1.0
,3006,1,1,0.9452758
,3006,2,1,0.5793229
,3006,3,1,0.5212178
,3007,0,0,0.8533784
,3007,1,0,0.68506485
,3007,2,2,1.0
,3007,3,0,0.75194687
,3008,0,0,0.50300175
,3008,1,2,1.0
,3008,2,1,0.8898528
,3008,3,0,0.50038606
,3009,0,1,0.5262978
,3009,1,1,0.9584944
,3009,2,2,1.0
,3009,3,1,0.52641886
,3010,0,1,0.5269694
,3010,1,2,1.0
,3010,2,1,0.9583975
,3010,3,1,0.52893305
,3011,0,1,0.5121792
,3011,1,1,0.8581545
,3011,2,2,1.0
,3011,3,1,0.5878986
,3012,0,1,0.5102031
,3012,1,1,0.52113277
,3012,2,1,0.89097583
,3012,3,2,1.0
,3013,0,1,0.51144415
,3013,1,1,0.5874187
,3013,2,2,1.0
,3013,3,1,0.85799325
,3014,0,1,0.50850856
,3014,1,2,1.0
,3014,2,1,0.88414925
,3014,3,1,0.51748365
,3015,0,0,0.7544282
,3015,1,0,0.7380602
,3015,2,2,1.0
,3015,3,0,0.75431985
,3016,0,0,0.75824386
,3016,1,2,1.0
,3016,2,0,0.7388623
,3016,3,0,0.7577027
,3017,0,0,0.75825167
,3017,1,0,0.7827161
,3017,2,2,1.0
,3017,3,0,0.7106385
,3018,0,0,0.758237
,3018,1,0,0.7109423
,3018,2,0,0.7831978
,3018,3,2,1.0
,3019,0,0,0.7582722
,3019,1,2,1.0
,3019,2,0,0.7580159
,3019,3,0,0.7388476
,3020,0,0,0.75825185
,3020,1,0,0.78271604
,3020,2,0,0.71064246
,3020,3,2,1.0
,3021,0,0,0.75823087
,3021,1,0,0.7109423
,3021,2,2,1.0
,3021,3,0,0.7832035
,3022,0,0,0.7577323
,3022,1,2,1.0
,3022,2,0,0.7388478
,3022,3,0,0.7585552
,3023,0,0,0.7106435
,3023,1,0,0.78321207
,3023,2,2,1.0
,3023,3,0,0.7582569
,3024,0,2,1.0
,3024,1,0,0.7580159
,3024,2,0,0.7388476
,3024,3,0,0.75827223
,3025,0,0,0.7832053
,3025,1,0,0.7106467
,3025,2,2,1.0
,3025,3,0,0.7582538
,3026,0,0,0.75736463
,3026,1,2,1.0
,3026,2,0,0.7388182
,3026,3,0,0.758271
,3027,0,0,0.6530469
,3027,1,0,0.7817804
,3027,2,2,1.0
,3027,3,0,0.75789195
,3028,0,3,1.0
,3028,1,0,0.6481941
,3028,2,0,0.7790052
,3028,3,0,0.75337636
,3029,0,0,0.82065874
,3029,1,3,1.0
,3029,2,0,0.752113
,3029,3,0,0.7523507
,3030,0,2,1.0
,3030,1,0,0.8539007
,3030,2,0,0.70919174
,3030,3,0,0.7557872
,3031,0,0,0.7828836
,3031,1,0,0.7589515
,3031,2,2,1.0
,3031,3,0,0.65269035
,3032,0,0,0.75440204
,3032,1,0,0.7541374
,3032,2,0,0.73471797
,3032,3,3,1.0
,3033,0,0,0.7560721
,3033,1,0,0.7572487
,3033,2,2,1.0
,3033,3,0,0.8206481
,3034,0,0,0.65306246
,3034,1,0,0.7566904
,3034,2,0,0.78292316
,3034,3,2,1.0
,3035,0,3,1.0
,3035,1,0,0.6480269
,3035,2,0,0.75309664
,3035,3,0,0.7790079
,3036,0,0,0.85357845
,3036,1,3,1.0
,3036,2,0,0.7033814
,3036,3,0,0.7521534
,3037,0,0,0.71045583
,3037,1,0,0.85353076
,3037,2,2,1.0
,3037,3,0,0.7569267
,3038,0,2,1.0
,3038,1,0,0.71179914
,3038,2,0,0.78208977
,3038,3,0,0.7582128
,3039,0,0,0.78289264
,3039,1,2,1.0
,3039,2,0,0.6530741
,3039,3,0,0.7578679
,3040,0,0,0.75441056
,3040,1,0,0.7346937
,3040,2,3,1.0
,3040,3,0,0.75356984
,3041,0,0,0.7569854
,3041,1,2,1.0
,3041,2,0,0.85353065
,3041,3,0,0.70921415
,3042,0,0,0.75820774
,3042,1,0,0.7826958
,3042,2,0,0.7118291
,3042,3,2,1.0
,3043,0,0,0.7576948
,3043,1,0,0.71093714
,3043,2,2,1.0
,3043,3,0,0.78320193
,3044,0,0,0.7106192
,3044,1,2,1.0
,3044,2,0,0.78270143
,3044,3,0,0.7585176
,3045,0,2,1.0
,3045,1,0,0.78270173
,3045,2,0,0.7109373
,3045,3,0,0.7582382
,3046,0,0,0.7827019
,3046,1,0,0.71093756
,3046,2,2,1.0
,3046,3,0,0.7582351
,3047,0,0,0.7109422
,3047,1,2,1.0
,3047,2,0,0.783198
,3047,3,0,0.75823694
,3048,0,2,1.0
,3048,1,0,0.7388478
,3048,2,0,0.7580159
,3048,3,0,0.7582722
,3049,0,0,0.78321767
,3049,1,2,1.0
,3049,2,0,0.71064734
,3049,3,0,0.75825375
,3050,0,0,0.7585575
,3050,1,0,0.7388525
,3050,2,2,1.0
,3050,3,0,0.75827444
,3051,0,0,0.7582945
,3051,1,2,1.0
,3051,2,0,0.73886895
,3051,3,0,0.7582914
,3052,0,0,0.75826794
,3052,1,0,0.7388607
,3052,2,2,1.0
,3052,3,0,0.7582813
,3053,0,0,0.7560093
,3053,1,2,1.0
,3053,2,0,0.7250404
,3053,3,0,0.75718766
,3054,0,1,0.5775824
,3054,1,1,0.94371647
,3054,2,2,1.0
,3054,3,1,0.5169859
,3055,0,2,1.0
,3055,1,0,0.7008806
,3055,2,0,0.7820889
,3055,3,0,0.7543921
,3056,0,0,0.783199
,3056,1,2,1.0
,3056,2,0,0.7109287
,3056,3,0,0.758188
,3057,0,0,0.75855744
,3057,1,0,0.73885256
,3057,2,2,1.0
,3057,3,0,0.7582738
,3058,0,0,0.75829476
,3058,1,2,1.0
,3058,2,0,0.73886913
,3058,3,0,0.7582916
,3059,0,0,0.7582919
,3059,1,0,0.73886913
,3059,2,2,1.0
,3059,3,0,0.7582919
,3060,0,0,0.7582919
,3060,1,2,1.0
,3060,2,0,0.73886913
,3060,3,0,0.7582919
,3061,0,0,0.7582919
,3061,1,0,0.73886913
,3061,2,2,1.0
,3061,3,0,0.7582919
,3062,0,0,0.7582919
,3062,1,2,1.0
,3062,2,0,0.73886913
,3062,3,0,0.7582919
,3063,0,0,0.7582918
,3063,1,0,0.73886913
,3063,2,2,1.0
,3063,3,0,0.7582919
,3064,0,0,0.7582839
,3064,1,2,1.0
,3064,2,0,0.73886895
,3064,3,0,0.7582918
,3065,0,0,0.7575929
,3065,1,0,0.73885334
,3065,2,2,1.0
,3065,3,0,0.7582807
,3066,0,0,0.69669026
,3066,1,2,1.0
,3066,2,0,0.7801593
,3066,3,0,0.75731784
,3067,0,2,1.0
,3067,1,1,0.85655713
,3067,2,1,0.624913
,3067,3,1,0.50062746
,3068,0,0,0.7794017
,3068,1,0,0.6982892
,3068,2,3,1.0
,3068,3,0,0.75142086
,3069,0,0,0.7095219
,3069,1,2,1.0
,3069,2,0,0.8538982
,3069,3,0,0.75692856
,3070,0,2,1.0
,3070,1,0,0.7388448
,3070,2,0,0.75935113
,3070,3,0,0.75825167
,3071,0,0,0.7388688
,3071,1,2,1.0
,3071,2,0,0.7582977
,3071,3,0,0.7582913
,3072,0,2,1.0
,3072,1,0,0.73886436
,3072,2,0,0.75775003
,3072,3,0,0.75828964
,3073,0,0,0.7832122
,3073,1,2,1.0
,3073,2,0,0.71064377
,3073,3,0,0.758254
,3074,0,0,0.7580159
,3074,1,0,0.73884743
,3074,2,2,1.0
,3074,3,0,0.75827223
,3075,0,0,0.71064216
,3075,1,2,1.0
,3075,2,0,0.78271604
,3075,3,0,0.7582517
,3076,0,2,1.0
,3076,1,0,0.7825837
,3076,2,0,0.7109283
,3076,3,0,0.7582201
,3077,0,0,0.7828679
,3077,1,0,0.6996068
,3077,2,2,1.0
,3077,3,0,0.7567919
,3078,0,0,0.5526811
,3078,1,2,1.0
,3078,2,1,0.69764644
,3078,3,1,0.50893146
,3079,0,0,0.7544268
,3079,1,0,0.78189135
,3079,2,0,0.6901869
,3079,3,2,1.0
,3080,0,0,0.50157934
,3080,1,0,0.50227666
,3080,2,2,1.0
,3080,3,1,0.90784395
,3081,0,0,0.7524002
,3081,1,0,0.7517059
,3081,2,0,0.7359049
,3081,3,3,1.0
,3082,0,0,0.7560571
,3082,1,0,0.69535345
,3082,2,2,1.0
,3082,3,0,0.85339266
,3083,0,0,0.50240934
,3083,1,2,1.0
,3083,2,1,0.8826158
,3083,3,0,0.5049165
,3084,0,0,0.75364476
,3084,1,0,0.7250892
,3084,2,2,1.0
,3084,3,0,0.7536875
,3085,0,0,0.50163823
,3085,1,2,1.0
,3085,2,1,0.88260525
,3085,3,0,0.5023782
,3086,0,0,0.70644647
,3086,1,0,0.7824964
,3086,2,2,1.0
,3086,3,0,0.754509
,3087,0,2,1.0
,3087,1,0,0.758004
,3087,2,0,0.7388439
,3087,3,0,0.7582261
,3088,0,0,0.78271604
,3088,1,0,0.71064204
,3088,2,2,1.0
,3088,3,0,0.75825137
,3089,0,0,0.7109375
,3089,1,2,1.0
,3089,2,0,0.7827017
,3089,3,0,0.7582352
,3090,0,2,1.0
,3090,1,0,0.7827019
,3090,2,0,0.7109375
,3090,3,0,0.75823504
,3091,0,0,0.78270185
,3091,1,0,0.7109374
,3091,2,2,1.0
,3091,3,0,0.75822896
,3092,0,0,0.7109368
,3092,1,2,1.0
,3092,2,0,0.783196
,3092,3,0,0.75769466
,3093,0,2,1.0
,3093,1,0,0.78319556
,3093,2,0,0.7579777
,3093,3,0,0.7106186
,3094,0,0,0.7832011
,3094,1,0,0.75797755
,3094,2,0,0.71062225
,3094,3,2,1.0
,3095,0,0,0.75851935
,3095,1,0,0.7106277
,3095,2,2,1.0
,3095,3,0,0.78320295
,3096,0,0,0.7582774
,3096,1,2,1.0
,3096,2,0,0.7388524
,3096,3,0,0.75855726
,3097,0,0,0.7582916
,3097,1,0,0.738869
,3097,2,2,1.0
,3097,3,0,0.7582949
,3098,0,0,0.7582858
,3098,1,2,1.0
,3098,2,0,0.73886895
,3098,3,0,0.75829196
,3099,0,0,0.7577497
,3099,1,0,0.73886436
,3099,2,2,1.0
,3099,3,0,0.7582895
,3100,0,0,0.71063465
,3100,1,2,1.0
,3100,2,0,0.78319836
,3100,3,0,0.75824594
,3101,0,2,1.0
,3101,1,0,0.72586876
,3101,2,0,0.75651586
,3101,3,0,0.75738627
,3102,0,1,0.85519403
,3102,1,2,1.0
,3102,2,1,0.55940044
,3102,3,0,0.50153035
,3103,0,0,0.7502951
,3103,1,0,0.72768825
,3103,2,2,1.0
,3103,3,0,0.754361
,3104,0,0,0.554825
,3104,1,2,1.0
,3104,2,1,0.79285055
,3104,3,0,0.5549294
,3105,0,0,0.75223035
,3105,1,0,0.7356829
,3105,2,3,1.0
,3105,3,0,0.7527835
,3106,0,0,0.7092017
,3106,1,2,1.0
,3106,2,0,0.85353065
,3106,3,0,0.756971
,3107,0,2,1.0
,3107,1,0,0.7826958
,3107,2,0,0.7118294
,3107,3,0,0.7582137
,3108,0,0,0.7832038
,3108,1,0,0.7109426
,3108,2,2,1.0
,3108,3,0,0.758237
,3109,0,0,0.7585575
,3109,1,2,1.0
,3109,2,0,0.73885256
,3109,3,0,0.75827444
,3110,0,0,0.75829476
,3110,1,0,0.738869
,3110,2,2,1.0
,3110,3,0,0.7582916
,3111,0,0,0.7582919
,3111,1,2,1.0
,3111,2,0,0.73886913
,3111,3,0,0.7582919
,3112,0,0,0.75829196
,3112,1,0,0.73886913
,3112,2,2,1.0
,3112,3,0,0.75829196
,3113,0,0,0.7582942
,3113,1,2,1.0
,3113,2,0,0.7388478
,3113,3,0,0.7582942
,3114,0,0,0.75799704
,3114,1,0,0.6844956
,3114,2,2,1.0
,3114,3,0,0.75799716
,3115,0,0,0.75337404
,3115,1,3,1.0
,3115,2,0,0.6798511
,3115,3,0,0.7533805
,3116,0,0,0.75161815
,3116,1,0,0.820661
,3116,2,3,1.0
,3116,3,0,0.752171
,3117,0,0,0.7092235
,3117,1,2,1.0
,3117,2,0,0.8538936
,3117,3,0,0.75698805
,3118,0,2,1.0
,3118,1,0,0.73883986
,3118,2,0,0.75881076
,3118,3,0,0.7582501
,3119,0,0,0.78271604
,3119,1,2,1.0
,3119,2,0,0.7106524
,3119,3,0,0.75825155
,3120,0,0,0.7109423
,3120,1,0,0.7831978
,3120,2,2,1.0
,3120,3,0,0.758237
,3121,0,2,1.0
,3121,1,0,0.7580159
,3121,2,0,0.7388476
,3121,3,0,0.7582722
,3122,0,0,0.78271604
,3122,1,0,0.71064234
,3122,2,2,1.0
,3122,3,0,0.75825185
,3123,0,0,0.7109424
,3123,1,2,1.0
,3123,2,0,0.7832036
,3123,3,0,0.75823694
,3124,0,2,1.0
,3124,1,0,0.73883075
,3124,2,0,0.7585597
,3124,3,0,0.75826293
,3125,0,0,0.684558
,3125,1,2,1.0
,3125,2,0,0.75799435
,3125,3,0,0.75677574
,3126,0,3,1.0
,3126,1,0,0.77832615
,3126,2,0,0.7531807
,3126,3,0,0.64781517
,3127,0,0,0.8539518
,3127,1,0,0.7036622
,3127,2,0,0.7506132
,3127,3,3,1.0
,3128,0,0,0.75763243
,3128,1,2,1.0
,3128,2,0,0.65097964
,3128,3,0,0.85392594
,3129,0,0,0.7541172
,3129,1,0,0.7347136
,3129,2,3,1.0
,3129,3,0,0.7552303
,3130,0,0,0.7572643
,3130,1,2,1.0
,3130,2,0,0.8206667
,3130,3,0,0.7567358
,3131,0,0,0.75826627
,3131,1,0,0.78323275
,3131,2,2,1.0
,3131,3,0,0.7106577
,3132,0,0,0.75827247
,3132,1,0,0.7580162
,3132,2,0,0.7388476
,3132,3,2,1.0
,3133,0,0,0.75825375
,3133,1,0,0.7106473
,3133,2,2,1.0
,3133,3,0,0.78321767
,3134,0,0,0.7582745
,3134,1,2,1.0
,3134,2,0,0.73885256
,3134,3,0,0.7585575
,3135,0,0,0.7582916
,3135,1,0,0.738869
,3135,2,2,1.0
,3135,3,0,0.75829476
,3136,0,0,0.7582919
,3136,1,2,1.0
,3136,2,0,0.73886913
,3136,3,0,0.7582919
,3137,0,0,0.7582919
,3137,1,0,0.73886913
,3137,2,2,1.0
,3137,3,0,0.7582919
,3138,0,0,0.7582919
,3138,1,2,1.0
,3138,2,0,0.73886913
,3138,3,0,0.7582919
,3139,0,0,0.7582857
,3139,1,0,0.73886895
,3139,2,2,1.0
,3139,3,0,0.7582919
,3140,0,0,0.7577498
,3140,1,2,1.0
,3140,2,0,0.73886436
,3140,3,0,0.75828964
,3141,0,0,0.7106437
,3141,1,0,0.7832122
,3141,2,2,1.0
,3141,3,0,0.758254
,3142,0,2,1.0
,3142,1,0,0.7580159
,3142,2,0,0.7388476
,3142,3,0,0.75827223
,3143,0,0,0.78321767
,3143,1,0,0.71064717
,3143,2,2,1.0
,3143,3,0,0.75825363
,3144,0,0,0.75854963
,3144,1,2,1.0
,3144,2,0,0.7388443
,3144,3,0,0.75826657
,3145,0,0,0.75742584
,3145,1,0,0.7259383
,3145,2,2,1.0
,3145,3,0,0.75742257
,3146,0,0,0.5025099
,3146,1,2,1.0
,3146,2,1,0.8826044
,3146,3,0,0.50250983
,3147,0,0,0.7542001
,3147,1,0,0.6833068
,3147,2,2,1.0
,3147,3,0,0.7542
,3148,0,0,0.75391763
,3148,1,3,1.0
,3148,2,0,0.7345574
,3148,3,0,0.7539176
,3149,0,0,0.75726426
,3149,1,0,0.82066834
,3149,2,2,1.0
,3149,3,0,0.7572581
,3150,0,0,0.7583016
,3150,1,2,1.0
,3150,2,0,0.7388876
,3150,3,0,0.75776196
,3151,0,0,0.7582463
,3151,1,0,0.78321767
,3151,2,2,1.0
,3151,3,0,0.7106439
,3152,0,0,0.75757664
,3152,1,0,0.75853336
,3152,2,0,0.73883724
,3152,3,2,1.0
,3153,0,0,0.6968054
,3153,1,0,0.7561996
,3153,2,2,1.0
,3153,3,0,0.78239125
,3154,0,2,1.0
,3154,1,1,0.55947083
,3154,2,1,0.8555897
,3154,3,0,0.50211006
,3155,0,0,0.7826291
,3155,1,2,1.0
,3155,2,0,0.7020336
,3155,3,0,0.75465524
,3156,0,0,0.7582454
,3156,1,0,0.68423826
,3156,2,2,1.0
,3156,3,0,0.7579276
,3157,0,0,0.7539622
,3157,1,3,1.0
,3157,2,0,0.73455405
,3157,3,0,0.7539585
,3158,0,0,0.7570088
,3158,1,0,0.81275034
,3158,2,2,1.0
,3158,3,0,0.7570088
,3159,0,0,0.55621105
,3159,1,2,1.0
,3159,2,1,0.74549156
,3159,3,0,0.556211
,3160,0,0,0.7544231
,3160,1,0,0.7252604
,3160,2,2,1.0
,3160,3,0,0.7544231
,3161,0,0,0.50119627
,3161,1,2,1.0
,3161,2,1,0.8712603
,3161,3,0,0.50119627
,3162,0,1,0.51500434
,3162,1,1,0.8867512
,3162,2,3,1.0
,3162,3,1,0.51500434
,3163,0,0,0.75290626
,3163,1,2,1.0
,3163,2,0,0.8127322
,3163,3,0,0.75290626
,3164,0,0,0.5541415
,3164,1,1,0.7249521
,3164,2,2,1.0
,3164,3,0,0.55414146
,3165,0,1,0.51427627
,3165,1,3,1.0
,3165,2,1,0.88699436
,3165,3,1,0.51427627
,3166,0,0,0.7532014
,3166,1,0,0.8206722
,3166,2,2,1.0
,3166,3,0,0.75320107
,3167,0,0,0.75735784
,3167,1,2,1.0
,3167,2,0,0.72593236
,3167,3,0,0.757328
,3168,0,0,0.5008179
,3168,1,1,0.88950175
,3168,2,2,1.0
,3168,3,1,0.5007585
,3169,0,1,0.50932235
,3169,1,2,1.0
,3169,2,1,0.85748476
,3169,3,1,0.5700783
,3170,0,0,0.75449646
,3170,1,0,0.7819593
,3170,2,0,0.7020023
,3170,3,2,1.0
,3171,0,0,0.7570816
,3171,1,0,0.6962289
,3171,2,2,1.0
,3171,3,0,0.78218144
,3172,0,1,0.51663464
,3172,1,2,1.0
,3172,2,1,0.9551681
,3172,3,1,0.51597196
,3173,0,0,0.7542631
,3173,1,0,0.7379929
,3173,2,2,1.0
,3173,3,0,0.75427085
,3174,0,0,0.7571334
,3174,1,2,1.0
,3174,2,0,0.72505176
,3174,3,0,0.7571481
,3175,0,1,0.5175396
,3175,1,1,0.965358
,3175,2,2,1.0
,3175,3,1,0.5167915
,3176,0,0,0.7038556
,3176,1,3,1.0
,3176,2,0,0.7807745
,3176,3,0,0.7522589
,3177,0,2,1.0
,3177,1,0,0.82066685
,3177,2,0,0.75701064
,3177,3,0,0.75722617
,3178,0,0,0.78323835
,3178,1,2,1.0
,3178,2,0,0.71066123
,3178,3,0,0.75826573
,3179,0,0,0.7585499
,3179,1,0,0.7388522
,3179,2,2,1.0
,3179,3,0,0.7582746
,3180,0,0,0.7575972
,3180,1,2,1.0
,3180,2,0,0.73885435
,3180,3,0,0.7582804
,3181,0,0,0.69683146
,3181,1,0,0.7823534
,3181,2,2,1.0
,3181,3,0,0.75734127
,3182,0,2,1.0
,3182,1,1,0.50017667
,3182,2,1,0.8895249
,3182,3,0,0.5007543
,3183,0,1,0.857485
,3183,1,1,0.5700635
,3183,2,2,1.0
,3183,3,1,0.5093242
,3184,0,0,0.70200837
,3184,1,2,1.0
,3184,2,0,0.78259325
,3184,3,0,0.7545016
,3185,0,2,1.0
,3185,1,0,0.72582203
,3185,2,0,0.7561826
,3185,3,0,0.75730497
,3186,0,1,0.85610765
,3186,1,2,1.0
,3186,2,1,0.5764087
,3186,3,1,0.500376
,3187,0,1,0.51736814
,3187,1,1,0.8841244
,3187,2,2,1.0
,3187,3,1,0.50816447
,3188,0,0,0.7543167
,3188,1,2,1.0
,3188,2,0,0.7380548
,3188,3,0,0.75388384
,3189,0,0,0.75750846
,3189,1,0,0.78320587
,3189,2,2,1.0
,3189,3,0,0.71057576
,3190,0,0,0.69674146
,3190,1,0,0.75758505
,3190,2,0,0.7810085
,3190,3,2,1.0
,3191,0,2,1.0
,3191,1,1,0.50042814
,3191,2,1,0.57584274
,3191,3,1,0.8561349
,3192,0,1,0.8841302
,3192,1,1,0.5081878
,3192,2,2,1.0
,3192,3,1,0.5173811
,3193,0,2,1.0
,3193,1,0,0.75234306
,3193,2,0,0.72502947
,3193,3,0,0.7534059
,3194,0,1,0.8552044
,3194,1,1,0.5595474
,3194,2,2,1.0
,3194,3,0,0.50141394
,3195,0,0,0.7497113
,3195,1,2,1.0
,3195,2,0,0.6835068
,3195,3,0,0.7543464
,3196,0,0,0.7055435
,3196,1,0,0.7787925
,3196,2,3,1.0
,3196,3,0,0.75383633
,3197,0,2,1.0
,3197,1,0,0.6956283
,3197,2,0,0.85259855
,3197,3,0,0.7560331
,3198,0,1,0.8552135
,3198,1,2,1.0
,3198,2,1,0.557
,3198,3,0,0.50145316
,3199,0,0,0.7506419
,3199,1,0,0.73821455
,3199,2,2,1.0
,3199,3,0,0.75470155
,3200,0,0,0.75820386
,3200,1,2,1.0
,3200,2,0,0.7388679
,3200,3,0,0.7582498
,3201,0,0,0.7582909
,3201,1,0,0.73886913
,3201,2,2,1.0
,3201,3,0,0.75829124
,3202,0,0,0.7582919
,3202,1,2,1.0
,3202,2,0,0.7388686
,3202,3,0,0.7582783
,3203,0,0,0.75828826
,3203,1,0,0.7388352
,3203,2,2,1.0
,3203,3,0,0.7570946
,3204,0,0,0.7578914
,3204,1,2,1.0
,3204,2,0,0.7829068
,3204,3,0,0.652742
,3205,0,0,0.754114
,3205,1,0,0.734715
,3205,2,0,0.75440437
,3205,3,3,1.0
,3206,0,0,0.7562413
,3206,1,2,1.0
,3206,2,0,0.75621295
,3206,3,0,0.8101718
,3207,0,1,0.5166018
,3207,1,1,0.95516104
,3207,2,1,0.51823366
,3207,3,2,1.0
,3208,0,0,0.7537701
,3208,1,2,1.0
,3208,2,0,0.6476824
,3208,3,0,0.78154653
,3209,0,0,0.75402576
,3209,1,0,0.7796112
,3209,2,3,1.0
,3209,3,0,0.706201
,3210,0,0,0.7572457
,3210,1,0,0.75753725
,3210,2,0,0.82066864
,3210,3,2,1.0
,3211,0,0,0.7582927
,3211,1,0,0.7582792
,3211,2,2,1.0
,3211,3,0,0.73888385
,3212,0,0,0.75715566
,3212,1,0,0.75567377
,3212,2,0,0.72502583
,3212,3,2,1.0
,3213,0,1,0.51859564
,3213,1,1,0.59477174
,3213,2,2,1.0
,3213,3,1,0.94394046
,3214,0,1,0.52532613
,3214,1,2,1.0
,3214,2,1,0.9555788
,3214,3,1,0.5365748
,3215,0,0,0.7541738
,3215,1,0,0.7379999
,3215,2,2,1.0
,3215,3,0,0.75404567
,3216,0,0,0.7582352
,3216,1,2,1.0
,3216,2,0,0.7388589
,3216,3,0,0.7582337
,3217,0,0,0.7574223
,3217,1,0,0.7259387
,3217,2,2,1.0
,3217,3,0,0.7574223
,3218,0,0,0.5025101
,3218,1,2,1.0
,3218,2,1,0.8825897
,3218,3,0,0.50251
,3219,0,0,0.75456095
,3219,1,0,0.73806703
,3219,2,2,1.0
,3219,3,0,0.75455475
,3220,0,0,0.75824535
,3220,1,2,1.0
,3220,2,0,0.7388621
,3220,3,0,0.75770545
,3221,0,0,0.75825167
,3221,1,0,0.7827161
,3221,2,2,1.0
,3221,3,0,0.7106385
,3222,0,0,0.758237
,3222,1,0,0.7109423
,3222,2,0,0.7831978
,3222,3,2,1.0
,3223,0,0,0.75827205
,3223,1,2,1.0
,3223,2,0,0.7580159
,3223,3,0,0.7388478
,3224,0,0,0.75825226
,3224,1,0,0.7832162
,3224,2,0,0.71066093
,3224,3,2,1.0
,3225,0,0,0.75844455
,3225,1,0,0.75871813
,3225,2,2,1.0
,3225,3,0,0.7833808
,3226,0,0,0.7625863
,3226,1,0,0.7617711
,3226,2,2,1.0
,3226,3,0,0.7628619
,3227,0,0,0.66059935
,3227,1,0,0.6037006
,3227,2,3,1.0
,3227,3,0,0.66060424
,3228,0,0,0.75505954
,3228,1,2,1.0
,3228,2,0,0.81085634
,3228,3,0,0.75505966
,3229,0,0,0.5025644
,3229,1,1,0.882546
,3229,2,2,1.0
,3229,3,0,0.50256443
,3230,0,0,0.75366163
,3230,1,2,1.0
,3230,2,0,0.7250905
,3230,3,0,0.75366163
,3231,0,0,0.5023955
,3231,1,1,0.88261104
,3231,2,2,1.0
,3231,3,0,0.5023956
,3232,0,0,0.75419873
,3232,1,2,1.0
,3232,2,0,0.6833069
,3232,3,0,0.75419873
,3233,0,0,0.7539181
,3233,1,0,0.73455656
,3233,2,3,1.0
,3233,3,0,0.7539181
,3234,0,0,0.75729233
,3234,1,2,1.0
,3234,2,0,0.7784193
,3234,3,0,0.7572924
,3235,0,0,0.75363004
,3235,1,0,0.7342401
,3235,2,3,1.0
,3235,3,0,0.75363004
,3236,0,0,0.7572598
,3236,1,2,1.0
,3236,2,0,0.8206684
,3236,3,0,0.7572598
,3237,0,0,0.7583038
,3237,1,0,0.7388924
,3237,2,2,1.0
,3237,3,0,0.75830364
,3238,0,0,0.7582837
,3238,1,2,1.0
,3238,2,0,0.73886013
,3238,3,0,0.7582673
,3239,0,0,0.7573696
,3239,1,0,0.7258434
,3239,2,2,1.0
,3239,3,0,0.75592583
,3240,0,1,0.50041306
,3240,1,2,1.0
,3240,2,1,0.8569007
,3240,3,1,0.57648844
,3241,0,1,0.50904745
,3241,1,1,0.8574445
,3241,2,1,0.57883704
,3241,3,2,1.0
,3242,0,0,0.753593
,3242,1,0,0.6879724
,3242,2,2,1.0
,3242,3,0,0.7817824
,3243,0,0,0.5023175
,3243,1,2,1.0
,3243,2,1,0.8826259
,3243,3,0,0.50304365
,3244,0,0,0.75455856
,3244,1,0,0.73806703
,3244,2,2,1.0
,3244,3,0,0.7545667
,3245,0,0,0.7582475
,3245,1,2,1.0
,3245,2,0,0.73886716
,3245,3,0,0.7582474
,3246,0,0,0.7582834
,3246,1,0,0.7388604
,3246,2,2,1.0
,3246,3,0,0.7582702
,3247,0,0,0.75740415
,3247,1,2,1.0
,3247,2,0,0.7258865
,3247,3,0,0.75624937
,3248,0,0,0.50153494
,3248,1,1,0.8551973
,3248,2,2,1.0
,3248,3,1,0.5593965
,3249,0,0,0.7546899
,3249,1,0,0.7499284
,3249,2,0,0.73819846
,3249,3,2,1.0
,3250,0,0,0.7573282
,3250,1,0,0.6967603
,3250,2,2,1.0
,3250,3,0,0.78240687
,3251,0,0,0.5024432
,3251,1,2,1.0
,3251,2,1,0.88261455
,3251,3,0,0.503089
,3252,0,0,0.75456
,3252,1,0,0.73806703
,3252,2,2,1.0
,3252,3,0,0.7545674
,3253,0,0,0.75824755
,3253,1,2,1.0
,3253,2,0,0.738867
,3253,3,0,0.75824153
,3254,0,0,0.75828916
,3254,1,0,0.7388643
,3254,2,2,1.0
,3254,3,0,0.7577493
,3255,0,0,0.758254
,3255,1,2,1.0
,3255,2,0,0.7832053
,3255,3,0,0.71064335
,3256,0,0,0.7582709
,3256,1,0,0.7388186
,3256,2,0,0.7573612
,3256,3,2,1.0
,3257,0,0,0.75789124
,3257,1,2,1.0
,3257,2,0,0.6527455
,3257,3,0,0.78290683
,3258,0,0,0.7541252
,3258,1,0,0.7347186
,3258,2,3,1.0
,3258,3,0,0.7544098
,3259,0,0,0.75726426
,3259,1,2,1.0
,3259,2,0,0.8206667
,3259,3,0,0.7567264
,3260,0,0,0.75824517
,3260,1,0,0.783231
,3260,2,2,1.0
,3260,3,0,0.71064854
,3261,0,0,0.7562316
,3261,1,0,0.7576704
,3261,2,0,0.725869
,3261,3,2,1.0
,3262,0,1,0.559397
,3262,1,0,0.50153345
,3262,2,2,1.0
,3262,3,1,0.855192
,3263,0,2,1.0
,3263,1,0,0.7541538
,3263,2,0,0.7382085
,3263,3,0,0.7506385
,3264,0,0,0.7832166
,3264,1,0,0.7105967
,3264,2,2,1.0
,3264,3,0,0.7581658
,3265,0,0,0.75855553
,3265,1,2,1.0
,3265,2,0,0.73884606
,3265,3,0,0.75827134
,3266,0,0,0.75798136
,3266,1,0,0.728416
,3266,2,2,1.0
,3266,3,0,0.75796247
,3267,0,0,0.55584496
,3267,1,2,1.0
,3267,2,1,0.74553925
,3267,3,0,0.55494905
,3268,0,0,0.75490385
,3268,1,0,0.78227
,3268,2,2,1.0
,3268,3,0,0.69601476
,3269,0,0,0.553106
,3269,1,0,0.55177957
,3269,2,1,0.7587145
,3269,3,2,1.0
,3270,0,1,0.524845
,3270,1,1,0.6001321
,3270,2,2,1.0
,3270,3,1,0.94429016
,3271,0,1,0.50906
,3271,1,2,1.0
,3271,2,1,0.8842266
,3271,3,1,0.51992583
,3272,0,0,0.75441086
,3272,1,0,0.738052
,3272,2,2,1.0
,3272,3,0,0.75428724
,3273,0,0,0.75713795
,3273,1,2,1.0
,3273,2,0,0.7250613
,3273,3,0,0.7571509
,3274,0,1,0.5173562
,3274,1,1,0.9551645
,3274,2,2,1.0
,3274,3,1,0.5166176
,3275,0,0,0.7061264
,3275,1,2,1.0
,3275,2,0,0.7824432
,3275,3,0,0.7542229
,3276,0,2,1.0
,3276,1,0,0.738827
,3276,2,0,0.758547
,3276,3,0,0.75822073
,3277,0,0,0.68429005
,3277,1,2,1.0
,3277,2,0,0.7579844
,3277,3,0,0.7574339
,3278,0,3,1.0
,3278,1,0,0.77943766
,3278,2,0,0.7531665
,3278,3,0,0.70564276
,3279,0,0,0.8524318
,3279,1,0,0.75611097
,3279,2,0,0.6943943
,3279,3,2,1.0
,3280,0,1,0.5751098
,3280,1,1,0.5170277
,3280,2,2,1.0
,3280,3,1,0.94356406
,3281,0,2,1.0
,3281,1,0,0.7544453
,3281,2,0,0.7381761
,3281,3,0,0.7495953
,3282,0,0,0.73886275
,3282,1,0,0.7577048
,3282,2,2,1.0
,3282,3,0,0.7581896
,3283,0,2,1.0
,3283,1,0,0.7106385
,3283,2,0,0.7827162
,3283,3,0,0.758251
,3284,0,0,0.7832035
,3284,1,2,1.0
,3284,2,0,0.7109424
,3284,3,0,0.75823087
,3285,0,0,0.7585552
,3285,1,0,0.7388478
,3285,2,2,1.0
,3285,3,0,0.75773233
,3286,0,0,0.758257
,3286,1,2,1.0
,3286,2,0,0.7832178
,3286,3,0,0.71064365
,3287,0,0,0.7582745
,3287,1,0,0.7388523
,3287,2,0,0.75855136
,3287,3,2,1.0
,3288,0,0,0.7582893
,3288,1,2,1.0
,3288,2,0,0.7577526
,3288,3,0,0.738864
,3289,0,0,0.7582401
,3289,1,0,0.78255934
,3289,2,0,0.71062887
,3289,3,2,1.0
,3290,0,0,0.75704944
,3290,1,0,0.69593227
,3290,2,2,1.0
,3290,3,0,0.7810133
,3291,0,1,0.52299005
,3291,1,2,1.0
,3291,2,1,0.9791231
,3291,3,1,0.5827866
,3292,0,0,0.75437057
,3292,1,0,0.7381636
,3292,2,0,0.74917704
,3292,3,2,1.0
,3293,0,0,0.7582483
,3293,1,2,1.0
,3293,2,0,0.7581894
,3293,3,0,0.7388464
,3294,0,0,0.75799155
,3294,1,0,0.6842634
,3294,2,0,0.7579909
,3294,3,2,1.0
,3295,0,0,0.7539616
,3295,1,3,1.0
,3295,2,0,0.75395864
,3295,3,0,0.7345573
,3296,0,0,0.7572517
,3296,1,0,0.82067174
,3296,2,0,0.75699836
,3296,3,2,1.0
,3297,0,0,0.75735116
,3297,1,2,1.0
,3297,2,0,0.7350514
,3297,3,0,0.7823838
,3298,0,1,0.5209749
,3298,1,1,0.95644975
,3298,2,3,1.0
,3298,3,1,0.5203106
,3299,0,0,0.75305843
,3299,1,2,1.0
,3299,2,0,0.8206809
,3299,3,0,0.7530659
,3300,0,0,0.7574001
,3300,1,0,0.7592714
,3300,2,2,1.0
,3300,3,0,0.7573816
,3301,0,1,0.51088876
,3301,1,3,1.0
,3301,2,1,0.88772637
,3301,3,1,0.5118515
,3302,0,0,0.7516262
,3302,1,0,0.8531623
,3302,2,2,1.0
,3302,3,0,0.6893061
,3303,0,1,0.5250899
,3303,1,1,0.52333564
,3303,2,1,0.9939935
,3303,3,2,1.0
,3304,0,0,0.7528709
,3304,1,0,0.69084185
,3304,2,2,1.0
,3304,3,0,0.7813039
,3305,0,1,0.5229468
,3305,1,2,1.0
,3305,2,1,0.98356223
,3305,3,1,0.52219063
,3306,0,0,0.7538101
,3306,1,0,0.6832001
,3306,2,2,1.0
,3306,3,0,0.7538188
,3307,0,0,0.753913
,3307,1,3,1.0
,3307,2,0,0.7345572
,3307,3,0,0.75391304
,3308,0,0,0.7572641
,3308,1,0,0.8206684
,3308,2,2,1.0
,3308,3,0,0.75726414
,3309,0,0,0.758296
,3309,1,2,1.0
,3309,2,0,0.73888427
,3309,3,0,0.758296
,3310,0,0,0.75742275
,3310,1,0,0.7259386
,3310,2,2,1.0
,3310,3,0,0.75742275
,3311,0,0,0.5024964
,3311,1,2,1.0
,3311,2,1,0.8825958
,3311,3,0,0.5024958
,3312,0,0,0.7536244
,3312,1,0,0.72506267
,3312,2,2,1.0
,3312,3,0,0.7535869
,3313,0,0,0.5004027
,3313,1,2,1.0
,3313,2,1,0.8898577
,3313,3,1,0.5015529
,3314,0,1,0.52808535
,3314,1,1,0.94439214
,3314,2,2,1.0
,3314,3,1,0.6017882
,3315,0,1,0.5707418
,3315,1,1,0.5217719
,3315,2,1,0.85711664
,3315,3,2,1.0
,3316,0,2,1.0
,3316,1,0,0.69232357
,3316,2,0,0.74842775
,3316,3,0,0.7817733
,3317,0,1,0.85523146
,3317,1,2,1.0
,3317,2,1,0.55967873
,3317,3,0,0.5020781
,3318,0,0,0.75064045
,3318,1,0,0.7382134
,3318,2,2,1.0
,3318,3,0,0.75470734
,3319,0,0,0.75820374
,3319,1,2,1.0
,3319,2,0,0.73886734
,3319,3,0,0.75823635
,3320,0,0,0.7582874
,3320,1,0,0.73883486
,3320,2,2,1.0
,3320,3,0,0.7570977
,3321,0,0,0.75788575
,3321,1,2,1.0
,3321,2,0,0.78178257
,3321,3,0,0.6530455
,3322,0,0,0.75280654
,3322,1,0,0.77901
,3322,2,0,0.6483883
,3322,3,3,1.0
,3323,0,0,0.7033956
,3323,1,0,0.7521444
,3323,2,3,1.0
,3323,3,0,0.853947
,3324,0,2,1.0
,3324,1,0,0.75666714
,3324,2,0,0.82066685
,3324,3,0,0.7583695
,3325,0,0,0.78323835
,3325,1,0,0.71065664
,3325,2,2,1.0
,3325,3,0,0.7582725
,3326,0,0,0.7585556
,3326,1,2,1.0
,3326,2,0,0.7388478
,3326,3,0,0.7577327
,3327,0,0,0.758257
,3327,1,0,0.7832178
,3327,2,2,1.0
,3327,3,0,0.7106437
,3328,0,0,0.7582745
,3328,1,0,0.75855744
,3328,2,0,0.73885256
,3328,3,2,1.0
,3329,0,0,0.75829154
,3329,1,0,0.7582869
,3329,2,2,1.0
,3329,3,0,0.7388688
,3330,0,0,0.7582806
,3330,1,0,0.75759363
,3330,2,0,0.7388538
,3330,3,2,1.0
,3331,0,0,0.7573184
,3331,1,0,0.6967624
,3331,2,2,1.0
,3331,3,0,0.7810231
,3332,0,1,0.50048107
,3332,1,2,1.0
,3332,2,1,0.8561827
,3332,3,1,0.5758805
,3333,0,1,0.5098315
,3333,1,1,0.89095116
,3333,2,1,0.5210123
,3333,3,2,1.0
,3334,0,1,0.5114348
,3334,1,2,1.0
,3334,2,1,0.5874167
,3334,3,1,0.8580052
,3335,0,1,0.5085426
,3335,1,1,0.8841657
,3335,2,2,1.0
,3335,3,1,0.51845664
,3336,0,0,0.7534567
,3336,1,2,1.0
,3336,2,0,0.78164893
,3336,3,0,0.6922494
,3337,0,0,0.5023008
,3337,1,1,0.88263285
,3337,2,0,0.5022881
,3337,3,2,1.0
,3338,0,0,0.7544999
,3338,1,2,1.0
,3338,2,0,0.7064457
,3338,3,0,0.78249454
,3339,0,0,0.7573587
,3339,1,0,0.7259173
,3339,2,2,1.0
,3339,3,0,0.7576769
,3340,0,0,0.5025083
,3340,1,2,1.0
,3340,2,1,0.8825897
,3340,3,0,0.5025165
,3341,0,0,0.75456095
,3341,1,0,0.7380673
,3341,2,2,1.0
,3341,3,0,0.75456107
,3342,0,0,0.7582475
,3342,1,2,1.0
,3342,2,0,0.73886716
,3342,3,0,0.7582475
,3343,0,0,0.7582832
,3343,1,0,0.7388609
,3343,2,2,1.0
,3343,3,0,0.7582832
,3344,0,0,0.75738865
,3344,1,2,1.0
,3344,2,0,0.7259159
,3344,3,0,0.75738865
,3345,0,0,0.5006014
,3345,1,1,0.88992345
,3345,2,2,1.0
,3345,3,0,0.5006014
,3346,0,1,0.5301528
,3346,1,2,1.0
,3346,2,1,0.9836391
,3346,3,1,0.53015274
,3347,0,0,0.7540897
,3347,1,0,0.73797756
,3347,2,2,1.0
,3347,3,0,0.7540959
,3348,0,0,0.75769985
,3348,1,2,1.0
,3348,2,0,0.7388621
,3348,3,0,0.75823975
,3349,0,0,0.7106341
,3349,1,0,0.7831924
,3349,2,2,1.0
,3349,3,0,0.75824255
,3350,0,2,1.0
,3350,1,0,0.7559574
,3350,2,0,0.72500753
,3350,3,0,0.75714236
,3351,0,1,0.9442258
,3351,1,1,0.5939215
,3351,2,2,1.0
,3351,3,1,0.5183592
,3352,0,1,0.5812648
,3352,1,2,1.0
,3352,2,1,0.8570866
,3352,3,1,0.5097294
,3353,0,2,1.0
,3353,1,0,0.73819244
,3353,2,0,0.75004864
,3353,3,0,0.75455415
,3354,0,0,0.7832165
,3354,1,2,1.0
,3354,2,0,0.7105445
,3354,3,0,0.7582102
,3355,0,0,0.7585575
,3355,1,0,0.7388525
,3355,2,2,1.0
,3355,3,0,0.75827396
,3356,0,0,0.7582949
,3356,1,2,1.0
,3356,2,0,0.73886913
,3356,3,0,0.75829154
,3357,0,0,0.75829196
,3357,1,0,0.73886895
,3357,2,2,1.0
,3357,3,0,0.7582858
,3358,0,0,0.75828964
,3358,1,2,1.0
,3358,2,0,0.7388642
,3358,3,0,0.7577498
,3359,0,0,0.75825226
,3359,1,0,0.7827158
,3359,2,2,1.0
,3359,3,0,0.71063864
,3360,0,0,0.7582345
,3360,1,0,0.710907
,3360,2,0,0.7820954
,3360,3,2,1.0
,3361,0,0,0.7578741
,3361,1,2,1.0
,3361,2,0,0.6530714
,3361,3,0,0.7828924
,3362,0,0,0.7541234
,3362,1,0,0.73471713
,3362,2,3,1.0
,3362,3,0,0.7544142
,3363,0,0,0.7572669
,3363,1,2,1.0
,3363,2,0,0.8206684
,3363,3,0,0.7572704
,3364,0,0,0.7582793
,3364,1,0,0.7388835
,3364,2,2,1.0
,3364,3,0,0.75829566
,3365,0,0,0.7559275
,3365,1,2,1.0
,3365,2,0,0.7258446
,3365,3,0,0.7573705
,3366,0,1,0.57641685
,3366,1,1,0.8561202
,3366,2,2,1.0
,3366,3,1,0.50037503
,3367,0,2,1.0
,3367,1,1,0.5183411
,3367,2,1,0.8841406
,3367,3,1,0.50819016
,3368,0,0,0.7816623
,3368,1,0,0.6922521
,3368,2,2,1.0
,3368,3,0,0.75346124
,3369,0,0,0.5030371
,3369,1,2,1.0
,3369,2,1,0.8826242
,3369,3,0,0.5023191
,3370,0,0,0.75401866
,3370,1,0,0.7380618
,3370,2,2,1.0
,3370,3,0,0.7545558
,3371,0,0,0.71059424
,3371,1,2,1.0
,3371,2,0,0.78321594
,3371,3,0,0.7582095
,3372,0,2,1.0
,3372,1,0,0.7388443
,3372,2,0,0.7585494
,3372,3,0,0.75826603
,3373,0,0,0.72593766
,3373,1,2,1.0
,3373,2,0,0.7574116
,3373,3,0,0.7574222
,3374,0,2,1.0
,3374,1,1,0.8825985
,3374,2,0,0.50175244
,3374,3,0,0.5024917
,3375,0,0,0.7824825
,3375,1,2,1.0
,3375,2,0,0.70643866
,3375,3,0,0.7545022
,3376,0,0,0.756504
,3376,1,0,0.7258647
,3376,2,2,1.0
,3376,3,0,0.7573399
,3377,0,1,0.55940205
,3377,1,2,1.0
,3377,2,1,0.8555609
,3377,3,0,0.5015259
,3378,0,2,1.0
,3378,1,0,0.7821242
,3378,2,0,0.7020521
,3378,3,0,0.75463825
,3379,0,0,0.7831975
,3379,1,0,0.71092415
,3379,2,2,1.0
,3379,3,0,0.75764906
,3380,0,0,0.75851756
,3380,1,2,1.0
,3380,2,0,0.78270143
,3380,3,0,0.71061856
,3381,0,0,0.75823206
,3381,1,0,0.7827017
,3381,2,0,0.7109373
,3381,3,2,1.0
,3382,0,0,0.7576948
,3382,1,0,0.7109369
,3382,2,2,1.0
,3382,3,0,0.78320175
,3383,0,0,0.71061915
,3383,1,2,1.0
,3383,2,0,0.78270143
,3383,3,0,0.75851774
,3384,0,2,1.0
,3384,1,0,0.78270173
,3384,2,0,0.7109373
,3384,3,0,0.7582381
,3385,0,0,0.78270185
,3385,1,0,0.7109373
,3385,2,2,1.0
,3385,3,0,0.75823504
,3386,0,0,0.7109271
,3386,1,2,1.0
,3386,2,0,0.7825583
,3386,3,0,0.75822663
,3387,0,2,1.0
,3387,1,0,0.7823938
,3387,2,0,0.6971686
,3387,3,0,0.75735337
,3388,0,1,0.8826143
,3388,1,0,0.5030895
,3388,2,2,1.0
,3388,3,0,0.50244457
,3389,0,2,1.0
,3389,1,0,0.7545674
,3389,2,0,0.73806715
,3389,3,0,0.75456
,3390,0,0,0.7388669
,3390,1,0,0.75824755
,3390,2,2,1.0
,3390,3,0,0.7582414
,3391,0,2,1.0
,3391,1,0,0.758283
,3391,2,0,0.738864
,3391,3,0,0.7577493
,3392,0,0,0.78320855
,3392,1,0,0.75771165
,3392,2,2,1.0
,3392,3,0,0.7106383
,3393,0,0,0.7578224
,3393,1,0,0.71060824
,3393,2,0,0.78319293
,3393,3,2,1.0
,3394,0,0,0.69681853
,3394,1,2,1.0
,3394,2,0,0.7576019
,3394,3,0,0.782362
,3395,0,2,1.0
,3395,1,1,0.88984567
,3395,2,0,0.5005198
,3395,3,0,0.5011996
,3396,0,1,0.9583601
,3396,1,2,1.0
,3396,2,1,0.5276775
,3396,3,1,0.5260888
,3397,0,2,1.0
,3397,1,1,0.85746026
,3397,2,1,0.57105833
,3397,3,1,0.5103437
,3398,0,0,0.78184694
,3398,1,0,0.7241811
,3398,2,2,1.0
,3398,3,0,0.75368273
,3399,0,1,0.5106924
,3399,1,3,1.0
,3399,2,1,0.88761437
,3399,3,1,0.5106858
,3400,0,0,0.70464677
,3400,1,0,0.8538999
,3400,2,2,1.0
,3400,3,0,0.7528898
,3401,0,2,1.0
,3401,1,0,0.75823754
,3401,2,0,0.7250329
,3401,3,0,0.7571067
,3402,0,1,0.95516753
,3402,1,1,0.5175596
,3402,2,2,1.0
,3402,3,1,0.5166365
,3403,0,2,1.0
,3403,1,0,0.69095725
,3403,2,0,0.7813329
,3403,3,0,0.75300187
,3404,0,1,0.9835601
,3404,1,2,1.0
,3404,2,1,0.5221942
,3404,3,1,0.5229476
,3405,0,2,1.0
,3405,1,0,0.7379561
,3405,2,0,0.7541886
,3405,3,0,0.75418
,3406,0,0,0.6842609
,3406,1,2,1.0
,3406,2,0,0.75794286
,3406,3,0,0.75794303
,3407,0,3,1.0
,3407,1,0,0.7345558
,3407,2,0,0.7539477
,3407,3,0,0.7539616
,3408,0,0,0.77866954
,3408,1,2,1.0
,3408,2,0,0.75606924
,3408,3,0,0.7572831
,3409,0,3,1.0
,3409,1,0,0.7785488
,3409,2,0,0.6473655
,3409,3,0,0.752265
,3410,0,0,0.8539468
,3410,1,0,0.7521391
,3410,2,3,1.0
,3410,3,0,0.70339054
,3411,0,0,0.75834745
,3411,1,0,0.75651056
,3411,2,0,0.8206602
,3411,3,2,1.0
,3412,0,0,0.7562223
,3412,1,0,0.69682014
,3412,2,2,1.0
,3412,3,0,0.7824125
,3413,0,1,0.5594581
,3413,1,2,1.0
,3413,2,1,0.8552246
,3413,3,0,0.50211823
,3414,0,2,1.0
,3414,1,0,0.7382082
,3414,2,0,0.75008655
,3414,3,0,0.75470525
,3415,0,0,0.78321666
,3415,1,2,1.0
,3415,2,0,0.7105418
,3415,3,0,0.758212
,3416,0,0,0.7584979
,3416,1,0,0.78318346
,3416,2,2,1.0
,3416,3,0,0.7582143
,3417,0,0,0.63645643
,3417,1,0,0.63691145
,3417,2,3,1.0
,3417,3,0,0.63645124
,3418,0,0,1.0
,3418,1,2,0.525171
,3418,2,0,1.0
,3418,3,0,1.0
,3419,0,0,0.55498517
,3419,1,1,0.5801632
,3419,2,2,1.0
,3419,3,0,0.55498517
,3420,0,0,0.5162076
,3420,1,3,1.0
,3420,2,1,0.7495158
,3420,3,0,0.51620764
,3421,0,0,0.75284487
,3421,1,0,0.8108439
,3421,2,2,1.0
,3421,3,0,0.75284487
,3422,0,0,0.50065523
,3422,1,2,1.0
,3422,2,1,0.88977474
,3422,3,0,0.5006548
,3423,0,1,0.52485996
,3423,1,1,0.95558643
,3423,2,2,1.0
,3423,3,1,0.5248782
,3424,0,0,0.7533105
,3424,1,2,1.0
,3424,2,0,0.7585501
,3424,3,0,0.7521242
,3425,0,1,0.5115026
,3425,1,1,0.861071
,3425,2,3,1.0
,3425,3,1,0.5723098
,3426,0,0,0.7534354
,3426,1,0,0.7488606
,3426,2,0,0.7784518
,3426,3,2,1.0
,3427,0,0,0.75349987
,3427,1,0,0.70519674
,3427,2,3,1.0
,3427,3,0,0.77915967
,3428,0,0,0.75640327
,3428,1,2,1.0
,3428,2,0,0.81083393
,3428,3,0,0.7566967
,3429,0,0,0.50093997
,3429,1,1,0.8894307
,3429,2,2,1.0
,3429,3,0,0.50094754
,3430,0,1,0.51006305
,3430,1,2,1.0
,3430,2,1,0.8910262
,3430,3,1,0.5100622
,3431,0,1,0.51060635
,3431,1,1,0.89138305
,3431,2,2,1.0
,3431,3,1,0.51058143
,3432,0,1,0.5261183
,3432,1,2,1.0
,3432,2,1,0.95559794
,3432,3,1,0.5251786
,3433,0,0,0.6918974
,3433,1,0,0.77935225
,3433,2,2,1.0
,3433,3,0,0.753144
,3434,0,2,1.0
,3434,1,1,0.62474376
,3434,2,1,0.8561951
,3434,3,1,0.50074553
,3435,0,0,0.6806779
,3435,1,3,1.0
,3435,2,0,0.7462363
,3435,3,0,0.75095135
,3436,0,3,1.0
,3436,1,0,0.8539473
,3436,2,0,0.70307946
,3436,3,0,0.75161517
,3437,0,0,0.81275064
,3437,1,0,0.758116
,3437,2,2,1.0
,3437,3,0,0.7569482
,3438,0,2,1.0
,3438,1,0,0.55621284
,3438,2,1,0.74549264
,3438,3,0,0.5562075
,3439,0,0,0.72516316
,3439,1,0,0.7529334
,3439,2,2,1.0
,3439,3,0,0.7543902
,3440,0,2,1.0
,3440,1,1,0.5767216
,3440,2,1,0.85775
,3440,3,1,0.5005744
,3441,0,1,0.8578032
,3441,1,2,1.0
,3441,2,1,0.64363664
,3441,3,1,0.510853
,3442,0,0,0.74668586
,3442,1,0,0.7351102
,3442,2,3,1.0
,3442,3,0,0.75142866
,3443,0,0,0.69435704
,3443,1,2,1.0
,3443,2,0,0.85323745
,3443,3,0,0.7558201
,3444,0,2,1.0
,3444,1,1,0.9551655
,3444,2,1,0.5141083
,3444,3,1,0.51668024
,3445,0,0,0.76086026
,3445,1,2,1.0
,3445,2,0,0.75336385
,3445,3,0,0.7533344
,3446,0,3,0.9999343
,3446,1,1,0.9564725
,3446,2,1,0.52116007
,3446,3,1,0.5211608
,3447,0,0,0.8206732
,3447,1,2,1.0
,3447,2,0,0.75306684
,3447,3,0,0.753067
,3448,0,2,1.0
,3448,1,0,0.7388926
,3448,2,0,0.75823003
,3448,3,0,0.75824344
,3449,0,0,0.759368
,3449,1,2,1.0
,3449,2,0,0.7562524
,3449,3,0,0.757426
,3450,0,3,1.0
,3450,1,1,0.8614221
,3450,2,1,0.57223046
,3450,3,1,0.51139337
,3451,0,0,0.853538
,3451,1,0,0.7003448
,3451,2,2,1.0
,3451,3,0,0.7530697
,3452,0,0,0.71182835
,3452,1,2,1.0
,3452,2,0,0.78319275
,3452,3,0,0.75816596
,3453,0,2,1.0
,3453,1,0,0.7388312
,3453,2,0,0.7585535
,3453,3,0,0.75827616
,3454,0,0,0.6842871
,3454,1,2,1.0
,3454,2,0,0.75743794
,3454,3,0,0.7579896
,3455,0,3,1.0
,3455,1,0,0.77944654
,3455,2,0,0.7056717
,3455,3,0,0.75388473
,3456,0,0,0.8308868
,3456,1,0,0.7568228
,3456,2,2,1.0
,3456,3,0,0.7565306
,3457,0,3,1.0
,3457,1,0,0.51808184
,3457,2,1,0.74987054
,3457,3,0,0.51807445
,3458,0,0,0.7784305
,3458,1,0,0.7537404
,3458,2,2,1.0
,3458,3,0,0.75374025
,3459,0,3,1.0
,3459,1,0,0.7535763
,3459,2,0,0.73423225
,3459,3,0,0.7535763
,3460,0,0,0.8108533
,3460,1,0,0.75645417
,3460,2,2,1.0
,3460,3,0,0.75645417
,3461,0,2,1.0
,3461,1,0,0.5026041
,3461,2,1,0.88253605
,3461,3,0,0.5026041
,3462,0,0,0.7584962
,3462,1,0,0.75370765
,3462,2,2,1.0
,3462,3,0,0.753708
,3463,0,3,1.0
,3463,1,1,0.5109913
,3463,2,1,0.8877081
,3463,3,1,0.5109734
,3464,0,0,0.81082785
,3464,1,0,0.751224
,3464,2,2,1.0
,3464,3,0,0.7523807
,3465,0,2,1.0
,3465,1,1,0.5594352
,3465,2,1,0.8551526
,3465,3,0,0.50076145
,3466,0,0,0.7826298
,3466,1,2,1.0
,3466,2,0,0.7500372
,3466,3,0,0.70660114
,3467,0,0,0.75850976
,3467,1,0,0.78320026
,3467,2,0,0.7105232
,3467,3,2,1.0
,3468,0,0,0.75827724
,3468,1,0,0.75855106
,3468,2,2,1.0
,3468,3,0,0.73885214
,3469,0,0,0.75828934
,3469,1,0,0.7577528
,3469,2,0,0.7388642
,3469,3,2,1.0
,3470,0,0,0.758254
,3470,1,0,0.71064377
,3470,2,2,1.0
,3470,3,0,0.7832122
,3471,0,0,0.7582722
,3471,1,2,1.0
,3471,2,0,0.7388476
,3471,3,0,0.7580159
,3472,0,0,0.75825375
,3472,1,0,0.78321207
,3472,2,2,1.0
,3472,3,0,0.710647
,3473,0,0,0.75827223
,3473,1,0,0.7580159
,3473,2,0,0.7388476
,3473,3,2,1.0
,3474,0,0,0.75825346
,3474,1,0,0.71064717
,3474,2,2,1.0
,3474,3,0,0.78321767
,3475,0,0,0.7582496
,3475,1,2,1.0
,3475,2,0,0.7388434
,3475,3,0,0.7585491
,3476,0,0,0.75590867
,3476,1,0,0.72584444
,3476,2,2,1.0
,3476,3,0,0.75736725
,3477,0,1,0.5773729
,3477,1,2,1.0
,3477,2,1,0.85723907
,3477,3,1,0.50068134
,3478,0,2,1.0
,3478,1,1,0.9443432
,3478,2,1,0.61067724
,3478,3,1,0.5264155
,3479,0,1,0.88423896
,3479,1,1,0.5199579
,3479,2,2,1.0
,3479,3,1,0.5091311
,3480,0,2,1.0
,3480,1,0,0.7533618
,3480,2,0,0.725058
,3480,3,0,0.75348556
,3481,0,1,0.8898281
,3481,1,0,0.50049263
,3481,2,2,1.0
,3481,3,0,0.5004958
,3482,0,2,1.0
,3482,1,1,0.5263297
,3482,2,1,0.9584926
,3482,3,1,0.52632964
,3483,0,1,0.9556188
,3483,1,1,0.5256686
,3483,2,2,1.0
,3483,3,1,0.52566856
,3484,0,2,1.0
,3484,1,0,0.7541584
,3484,2,0,0.73799115
,3484,3,0,0.75415826
,3485,0,0,0.72506154
,3485,1,0,0.75714916
,3485,2,2,1.0
,3485,3,0,0.75714916
,3486,0,2,1.0
,3486,1,1,0.5166269
,3486,2,1,0.9551613
,3486,3,1,0.51662666
,3487,0,0,0.7584363
,3487,1,0,0.7534054
,3487,2,2,1.0
,3487,3,0,0.75341994
,3488,0,3,1.0
,3488,1,1,0.51172227
,3488,2,1,0.8877204
,3488,3,1,0.51097727
,3489,0,0,0.8535394
,3489,1,0,0.7046388
,3489,2,2,1.0
,3489,3,0,0.7528967
,3490,0,0,0.7118134
,3490,1,2,1.0
,3490,2,0,0.78254735
,3490,3,0,0.75815403
,3491,0,2,1.0
,3491,1,0,0.78100896
,3491,2,0,0.69706905
,3491,3,0,0.75730044
,3492,0,1,0.8565751
,3492,1,1,0.57586974
,3492,2,2,1.0
,3492,3,1,0.5004811
,3493,0,1,0.5516232
,3493,1,2,1.0
,3493,2,1,0.8573419
,3493,3,1,0.50971574
,3494,0,3,1.0
,3494,1,1,0.9114038
,3494,2,1,0.5277069
,3494,3,1,0.5178381
,3495,0,0,0.8534532
,3495,1,3,1.0
,3495,2,0,0.7013833
,3495,3,0,0.7501728
,3496,0,0,0.6957258
,3496,1,0,0.8532282
,3496,2,2,1.0
,3496,3,0,0.7557747
,3497,0,2,1.0
,3497,1,1,0.5148351
,3497,2,1,0.955169
,3497,3,1,0.5166694
,3498,0,0,0.7824429
,3498,1,0,0.70615834
,3498,2,2,1.0
,3498,3,0,0.7542221
,3499,0,0,0.7585365
,3499,1,2,1.0
,3499,2,0,0.7388404
,3499,3,0,0.7582162
,3500,0,0,0.75739187
,3500,1,0,0.7259121
,3500,2,2,1.0
,3500,3,0,0.75735784
,3501,0,0,0.5006097
,3501,1,2,1.0
,3501,2,1,0.88983965
,3501,3,1,0.5009932
,3502,0,1,0.5251775
,3502,1,1,0.94441265
,3502,2,2,1.0
,3502,3,1,0.5856043
,3503,0,0,0.75328296
,3503,1,0,0.641899
,3503,2,0,0.78220654
,3503,3,2,1.0
,3504,0,0,0.70585334
,3504,1,3,1.0
,3504,2,0,0.75436646
,3504,3,0,0.77962655
,3505,0,2,1.0
,3505,1,0,0.82065964
,3505,2,0,0.756548
,3505,3,0,0.7575257
,3506,0,0,0.78018075
,3506,1,2,1.0
,3506,2,0,0.696705
,3506,3,0,0.7573338
,3507,0,1,0.6249121
,3507,1,1,0.8565569
,3507,2,2,1.0
,3507,3,1,0.5006267
,3508,0,3,1.0
,3508,1,0,0.69828916
,3508,2,0,0.7794015
,3508,3,0,0.751421
,3509,0,0,0.8539004
,3509,1,2,1.0
,3509,2,0,0.7094985
,3509,3,0,0.7569306
,3510,0,0,0.7590438
,3510,1,0,0.68423784
,3510,2,2,1.0
,3510,3,0,0.75795025
,3511,0,0,0.75326014
,3511,1,3,1.0
,3511,2,0,0.7345208
,3511,3,0,0.7539473
,3512,0,0,0.69531703
,3512,1,0,0.8525983
,3512,2,2,1.0
,3512,3,0,0.75605553
,3513,0,2,1.0
,3513,1,1,0.55700094
,3513,2,1,0.8552179
,3513,3,0,0.50145316
,3514,0,0,0.73820925
,3514,1,2,1.0
,3514,2,0,0.7500878
,3514,3,0,0.7546989
,3515,0,2,1.0
,3515,1,0,0.7832166
,3515,2,0,0.710545
,3515,3,0,0.7582118
,3516,0,0,0.7388525
,3516,1,0,0.75855744
,3516,2,2,1.0
,3516,3,0,0.7582739
,3517,0,2,1.0
,3517,1,0,0.7582867
,3517,2,0,0.73886085
,3517,3,0,0.75828373
,3518,0,0,0.7259372
,3518,1,0,0.75740445
,3518,2,2,1.0
,3518,3,0,0.7574222
,3519,0,2,1.0
,3519,1,0,0.5015326
,3519,2,1,0.8826076
,3519,3,0,0.5024721
,3520,0,0,0.78164726
,3520,1,0,0.6925195
,3520,2,2,1.0
,3520,3,0,0.75356716
,3521,0,0,0.50182354
,3521,1,2,1.0
,3521,2,1,0.87129146
,3521,3,0,0.50110024
,3522,0,1,0.5149833
,3522,1,1,0.88674957
,3522,2,3,1.0
,3522,3,1,0.5150022
,3523,0,0,0.75323033
,3523,1,2,1.0
,3523,2,0,0.77843195
,3523,3,0,0.7532301
,3524,0,0,0.75357854
,3524,1,0,0.73423606
,3524,2,3,1.0
,3524,3,0,0.75357854
,3525,0,0,0.75725716
,3525,1,2,1.0
,3525,2,0,0.82066375
,3525,3,0,0.75725716
,3526,0,0,0.7579823
,3526,1,0,0.72840047
,3526,2,2,1.0
,3526,3,0,0.7579823
,3527,0,0,0.55505604
,3527,1,2,1.0
,3527,2,1,0.7928481
,3527,3,0,0.55505604
,3528,0,0,0.75278795
,3528,1,0,0.73570573
,3528,2,3,1.0
,3528,3,0,0.75278795
,3529,0,0,0.7572477
,3529,1,2,1.0
,3529,2,0,0.82066256
,3529,3,0,0.7572479
,3530,0,0,0.7574178
,3530,1,0,0.72596204
,3530,2,2,1.0
,3530,3,0,0.757435
,3531,0,0,0.5015753
,3531,1,2,1.0
,3531,2,1,0.8826057
,3531,3,0,0.50248283
,3532,0,0,0.6951762
,3532,1,0,0.7821727
,3532,2,2,1.0
,3532,3,0,0.7541579
,3533,0,2,1.0
,3533,1,0,0.5552364
,3533,2,1,0.7455691
,3533,3,0,0.55550325
,3534,0,0,0.78181744
,3534,1,0,0.69342554
,3534,2,2,1.0
,3534,3,0,0.7543713
,3535,0,0,0.5030413
,3535,1,2,1.0
,3535,2,1,0.88262796
,3535,3,0,0.50233436
,3536,0,0,0.753637
,3536,1,0,0.725063
,3536,2,2,1.0
,3536,3,0,0.75362897
,3537,0,0,0.5007408
,3537,1,2,1.0
,3537,2,1,0.8894833
,3537,3,0,0.50074065
,3538,0,1,0.50931114
,3538,1,1,0.8899512
,3538,2,2,1.0
,3538,3,1,0.5093112
,3539,0,0,0.5379487
,3539,1,2,1.0
,3539,2,1,0.74684525
,3539,3,0,0.53794867
,3540,0,0,0.7542137
,3540,1,0,0.7252377
,3540,2,2,1.0
,3540,3,0,0.7542137
,3541,0,0,0.50240815
,3541,1,2,1.0
,3541,2,1,0.8826
,3541,3,0,0.50240856
,3542,0,0,0.75419587
,3542,1,0,0.727572
,3542,2,2,1.0
,3542,3,0,0.75422436
,3543,0,0,0.55403674
,3543,1,2,1.0
,3543,2,1,0.7455719
,3543,3,0,0.55564904
,3544,0,0,0.6489967
,3544,1,0,0.78228134
,3544,2,2,1.0
,3544,3,0,0.7548578
,3545,0,3,1.0
,3545,1,0,0.7541214
,3545,2,0,0.7347175
,3545,3,0,0.7540915
,3546,0,0,0.8532762
,3546,1,0,0.73106927
,3546,2,2,1.0
,3546,3,0,0.7561806
,3547,0,1,0.50884277
,3547,1,3,1.0
,3547,2,1,0.88762265
,3547,3,1,0.51064205
,3548,0,0,0.70465523
,3548,1,0,0.8539048
,3548,2,2,1.0
,3548,3,0,0.75290287
,3549,0,2,1.0
,3549,1,0,0.75849175
,3549,2,0,0.68425256
,3549,3,0,0.7578975
,3550,0,0,0.7794528
,3550,1,0,0.70569485
,3550,2,3,1.0
,3550,3,0,0.7538906
,3551,0,0,0.757563
,3551,1,2,1.0
,3551,2,0,0.7784197
,3551,3,0,0.75727147
,3552,0,0,0.75363296
,3552,1,0,0.73423994
,3552,2,3,1.0
,3552,3,0,0.7536297
,3553,0,0,0.7572599
,3553,1,2,1.0
,3553,2,0,0.8206684
,3553,3,0,0.7572599
,3554,0,0,0.7583039
,3554,1,0,0.73889244
,3554,2,2,1.0
,3554,3,0,0.7583039
,3555,0,0,0.75829196
,3555,1,2,1.0
,3555,2,0,0.73886913
,3555,3,0,0.7582921
,3556,0,0,0.75828403
,3556,1,0,0.73886883
,3556,2,2,1.0
,3556,3,0,0.7582918
,3557,0,0,0.7575946
,3557,1,2,1.0
,3557,2,0,0.7388545
,3557,3,0,0.75828093
,3558,0,0,0.6968618
,3558,1,0,0.7824011
,3558,2,2,1.0
,3558,3,0,0.75737023
,3559,0,2,1.0
,3559,1,0,0.50267977
,3559,2,1,0.8826158
,3559,3,0,0.5024236
,3560,0,0,0.7817449
,3560,1,0,0.7284184
,3560,2,2,1.0
,3560,3,0,0.75369257
,3561,0,1,0.5099764
,3561,1,3,1.0
,3561,2,1,0.8876104
,3561,3,1,0.51071155
,3562,0,0,0.752418
,3562,1,0,0.8108348
,3562,2,2,1.0
,3562,3,0,0.7524096
,3563,0,0,0.5017253
,3563,1,2,1.0
,3563,2,1,0.9077833
,3563,3,0,0.5017251
,3564,0,0,0.7524155
,3564,1,0,0.73593926
,3564,2,3,1.0
,3564,3,0,0.75241566
,3565,0,0,0.7572699
,3565,1,2,1.0
,3565,2,0,0.77861565
,3565,3,0,0.75728434
,3566,0,0,0.7517755
,3566,1,0,0.6799911
,3566,2,3,1.0
,3566,3,0,0.7530234
,3567,0,0,0.6448516
,3567,1,3,1.0
,3567,2,0,0.8536043
,3567,3,0,0.75078183
,3568,0,3,1.0
,3568,1,0,0.85357845
,3568,2,0,0.70470196
,3568,3,0,0.75182
,3569,0,0,0.85389835
,3569,1,0,0.7104595
,3569,2,2,1.0
,3569,3,0,0.75692326
,3570,0,0,0.7593536
,3570,1,2,1.0
,3570,2,0,0.73882383
,3570,3,0,0.7582542
,3571,0,0,0.7579977
,3571,1,0,0.6842655
,3571,2,2,1.0
,3571,3,0,0.75799155
,3572,0,0,0.7534079
,3572,1,3,1.0
,3572,2,0,0.7345339
,3572,3,0,0.753958
,3573,0,0,0.7092114
,3573,1,0,0.85353065
,3573,2,2,1.0
,3573,3,0,0.75697964
,3574,0,2,1.0
,3574,1,0,0.71182895
,3574,2,0,0.7826955
,3574,3,0,0.7582139
,3575,0,0,0.782096
,3575,1,2,1.0
,3575,2,0,0.710907
,3575,3,0,0.7582344
,3576,0,0,0.6530954
,3576,1,0,0.7823772
,3576,2,2,1.0
,3576,3,0,0.7578723
,3577,0,3,1.0
,3577,1,0,0.7061908
,3577,2,0,0.7795894
,3577,3,0,0.7540549
,3578,0,0,0.82066643
,3578,1,2,1.0
,3578,2,0,0.7569935
,3578,3,0,0.75722986
,3579,0,2,1.0
,3579,1,0,0.7832357
,3579,2,0,0.7106238
,3579,3,0,0.757072
,3580,0,0,0.7817645
,3580,1,0,0.7581575
,3580,2,2,1.0
,3580,3,0,0.65302026
,3581,0,0,0.64819103
,3581,1,0,0.7533795
,3581,2,0,0.7790112
,3581,3,3,1.0
,3582,0,3,1.0
,3582,1,0,0.75236255
,3582,2,0,0.75266963
,3582,3,0,0.8206725
,3583,0,0,0.8538622
,3583,1,0,0.7567181
,3583,2,0,0.7572505
,3583,3,2,1.0
,3584,0,0,0.76215696
,3584,1,0,0.71511596
,3584,2,0,0.7622583
,3584,3,2,1.0
,3585,0,0,0.65283656
,3585,1,2,1.0
,3585,2,0,0.75737745
,3585,3,0,0.78290296
,3586,0,3,1.0
,3586,1,0,0.77893466
,3586,2,0,0.705828
,3586,3,0,0.7543337
,3587,0,0,0.85175025
,3587,1,0,0.69551975
,3587,2,2,1.0
,3587,3,0,0.75600946
,3588,0,1,0.6231722
,3588,1,2,1.0
,3588,2,1,0.8565504
,3588,3,1,0.5006465
,3589,0,3,1.0
,3589,1,0,0.77924025
,3589,2,0,0.69827014
,3589,3,0,0.7514032
,3590,0,0,0.85243154
,3590,1,0,0.6947369
,3590,2,2,1.0
,3590,3,0,0.75578856
,3591,0,1,0.5751307
,3591,1,2,1.0
,3591,2,1,0.94377023
,3591,3,1,0.51707083
,3592,0,2,1.0
,3592,1,0,0.7815414
,3592,2,0,0.6858408
,3592,3,0,0.7520447
,3593,0,1,0.943918
,3593,1,1,0.5163728
,3593,2,2,1.0
,3593,3,1,0.57775563
,3594,0,0,0.64189416
,3594,1,0,0.753945
,3594,2,0,0.78221434
,3594,3,2,1.0
,3595,0,3,1.0
,3595,1,0,0.7534016
,3595,2,0,0.75442976
,3595,3,0,0.7347175
,3596,0,0,0.8525986
,3596,1,0,0.69531995
,3596,2,0,0.7560617
,3596,3,2,1.0
,3597,0,1,0.5569796
,3597,1,2,1.0
,3597,2,0,0.50145346
,3597,3,1,0.8552138
,3598,0,2,1.0
,3598,1,0,0.782841
,3598,2,0,0.7549008
,3598,3,0,0.75084627
,3599,0,2,1.0
,3599,1,0,0.7629716
,3599,2,0,0.7626804
,3599,3,0,0.7626356
,3600,0,2,1.0
,3600,1,0,0.6773232
,3600,2,0,0.67857116
,3600,3,0,0.6785704
,3601,0,2,1.0
,3601,1,0,0.5830707
,3601,2,0,0.65510184
,3601,3,0,0.6551018
,3602,0,1,0.8831465
,3602,1,2,1.0
,3602,2,1,0.501573
,3602,3,1,0.501573
,3603,0,2,1.0
,3603,1,0,0.7380645
,3603,2,0,0.7545116
,3603,3,0,0.7545115
,3604,0,0,0.7388671
,3604,1,2,1.0
,3604,2,0,0.758247
,3604,3,0,0.758247
,3605,0,2,1.0
,3605,1,0,0.7388478
,3605,2,0,0.7582937
,3605,3,0,0.75829357
,3606,0,0,0.68426377
,3606,1,2,1.0
,3606,2,0,0.75799185
,3606,3,0,0.7579919
,3607,0,3,1.0
,3607,1,0,0.734552
,3607,2,0,0.75393635
,3607,3,0,0.7539526
,3608,0,0,0.8107913
,3608,1,2,1.0
,3608,2,0,0.75500697
,3608,3,0,0.7564186
,3609,0,2,1.0
,3609,1,1,0.85645175
,3609,2,1,0.5737981
,3609,3,0,0.5003985
,3610,0,1,0.6981305
,3610,1,1,0.5337567
,3610,2,2,1.0
,3610,3,0,0.53595835
,3611,0,0,0.75044924
,3611,1,2,1.0
,3611,2,0,0.75882864
,3611,3,0,0.7543098
,3612,0,1,0.5723606
,3612,1,1,0.8610737
,3612,2,3,1.0
,3612,3,1,0.51149076
,3613,0,2,1.0
,3613,1,0,0.7483631
,3613,2,0,0.8361267
,3613,3,0,0.75238186
,3614,0,1,0.88785887
,3614,1,1,0.5115239
,3614,2,3,1.0
,3614,3,1,0.5114185
,3615,0,2,1.0
,3615,1,0,0.75216335
,3615,2,0,0.8101812
,3615,3,0,0.75216466
,3616,0,1,0.95045733
,3616,1,1,0.5179304
,3616,2,2,1.0
,3616,3,1,0.5179303
,3617,0,3,1.0
,3617,1,1,0.5151076
,3617,2,1,0.8866032
,3617,3,1,0.5151076
,3618,0,0,0.8206722
,3618,1,0,0.753195
,3618,2,2,1.0
,3618,3,0,0.753195
,3619,0,2,1.0
,3619,1,0,0.7573638
,3619,2,0,0.7259592
,3619,3,0,0.7573638
,3620,0,1,0.87125415
,3620,1,0,0.50128603
,3620,2,2,1.0
,3620,3,0,0.50128603
,3621,0,3,1.0
,3621,1,1,0.5150127
,3621,2,1,0.88675326
,3621,3,1,0.5150127
,3622,0,0,0.8361281
,3622,1,0,0.75217056
,3622,2,2,1.0
,3622,3,0,0.7521706
,3623,0,3,1.0
,3623,1,1,0.5114084
,3623,2,1,0.88785654
,3623,3,1,0.5114084
,3624,0,0,0.82067233
,3624,1,0,0.7532275
,3624,2,2,1.0
,3624,3,0,0.7532275
,3625,0,2,1.0
,3625,1,0,0.75736415
,3625,2,0,0.7259592
,3625,3,0,0.75736415
,3626,0,1,0.87125427
,3626,1,0,0.5012861
,3626,2,2,1.0
,3626,3,0,0.5012861
,3627,0,3,1.0
,3627,1,1,0.5150101
,3627,2,1,0.88675183
,3627,3,1,0.5150101
,3628,0,0,0.81086284
,3628,1,0,0.75237817
,3628,2,2,1.0
,3628,3,0,0.75237817
,3629,0,2,1.0
,3629,1,0,0.5024828
,3629,2,1,0.8825508
,3629,3,0,0.50248295
,3630,0,0,0.7250897
,3630,1,0,0.7536462
,3630,2,2,1.0
,3630,3,0,0.7536603
,3631,0,2,1.0
,3631,1,0,0.5016382
,3631,2,1,0.88260525
,3631,3,0,0.5023775
,3632,0,0,0.7825003
,3632,1,0,0.7064397
,3632,2,2,1.0
,3632,3,0,0.754507
,3633,0,0,0.75823295
,3633,1,2,1.0
,3633,2,0,0.7283982
,3633,3,0,0.7579152
,3634,0,0,0.5559213
,3634,1,1,0.74552083
,3634,2,2,1.0
,3634,3,0,0.55591387
,3635,0,0,0.75533646
,3635,1,2,1.0
,3635,2,0,0.73822904
,3635,3,0,0.75533646
,3636,0,0,0.75825065
,3636,1,0,0.73886734
,3636,2,2,1.0
,3636,3,0,0.7582568
,3637,0,0,0.75774944
,3637,1,2,1.0
,3637,2,0,0.73886436
,3637,3,0,0.7582893
,3638,0,0,0.7106437
,3638,1,0,0.7832122
,3638,2,2,1.0
,3638,3,0,0.758254
,3639,0,2,1.0
,3639,1,0,0.75801575
,3639,2,0,0.73884743
,3639,3,0,0.7582722
,3640,0,0,0.782572
,3640,1,0,0.7106315
,3640,2,2,1.0
,3640,3,0,0.7582433
,3641,0,0,0.6971139
,3641,1,2,1.0
,3641,2,0,0.7813072
,3641,3,0,0.75733566
,3642,0,2,1.0
,3642,1,1,0.8552199
,3642,2,1,0.5588204
,3642,3,0,0.50147295
,3643,0,0,0.73821384
,3643,1,0,0.75064105
,3643,2,2,1.0
,3643,3,0,0.754701
,3644,0,2,1.0
,3644,1,0,0.7581974
,3644,2,0,0.7388663
,3644,3,0,0.75824344
,3645,0,0,0.75204134
,3645,1,0,0.75770897
,3645,2,2,1.0
,3645,3,0,0.7577095
,3646,0,3,1.0
,3646,1,0,0.51925373
,3646,2,1,0.74974275
,3646,3,0,0.5192538
,3647,0,0,0.8101812
,3647,1,0,0.7526855
,3647,2,2,1.0
,3647,3,0,0.75268596
,3648,0,2,1.0
,3648,1,1,0.5167235
,3648,2,1,0.95515263
,3648,3,1,0.5167011
,3649,0,0,0.7249238
,3649,1,0,0.7518551
,3649,2,2,1.0
,3649,3,0,0.75331485
,3650,0,2,1.0
,3650,1,1,0.57658213
,3650,2,1,0.8561345
,3650,3,1,0.5005155
,3651,0,1,0.90901566
,3651,1,2,1.0
,3651,2,1,0.5187995
,3651,3,1,0.50883347
,3652,0,3,1.0
,3652,1,0,0.78066295
,3652,2,0,0.7036822
,3652,3,0,0.7522129
,3653,0,0,0.8308875
,3653,1,0,0.75684005
,3653,2,2,1.0
,3653,3,0,0.7565148
,3654,0,3,1.0
,3654,1,0,0.51806456
,3654,2,1,0.7498768
,3654,3,0,0.51805645
,3655,0,0,0.83612704
,3655,1,0,0.75268364
,3655,2,2,1.0
,3655,3,0,0.7526839
,3656,0,3,1.0
,3656,1,1,0.5114266
,3656,2,1,0.88786054
,3656,3,1,0.5114082
,3657,0,0,0.836219
,3657,1,0,0.7509971
,3657,2,2,1.0
,3657,3,0,0.7521876
,3658,0,3,1.0
,3658,1,1,0.57272226
,3658,2,1,0.86124265
,3658,3,1,0.51192576
,3659,0,0,0.8206786
,3659,1,2,1.0
,3659,2,0,0.74939173
,3659,3,0,0.75339514
,3660,0,2,1.0
,3660,1,0,0.75927204
,3660,2,0,0.75734097
,3660,3,0,0.7574048
,3661,0,1,0.88772696
,3661,1,3,1.0
,3661,2,1,0.5118329
,3661,3,1,0.51088375
,3662,0,2,1.0
,3662,1,0,0.85238945
,3662,2,0,0.6905395
,3662,3,0,0.75189704
,3663,0,1,0.8569329
,3663,1,1,0.57413393
,3663,2,2,1.0
,3663,3,1,0.50062454
,3664,0,1,0.5788215
,3664,1,2,1.0
,3664,2,1,0.856991
,3664,3,1,0.50904244
,3665,0,2,1.0
,3665,1,0,0.7251332
,3665,2,0,0.74816674
,3665,3,0,0.75361323
,3666,0,1,0.85611564
,3666,1,2,1.0
,3666,2,1,0.5766274
,3666,3,1,0.50050735
,3667,0,1,0.517385
,3667,1,1,0.8841324
,3667,2,2,1.0
,3667,3,1,0.5089146
,3668,0,0,0.75426555
,3668,1,2,1.0
,3668,2,0,0.7824736
,3668,3,0,0.70629466
,3669,0,0,0.75710624
,3669,1,0,0.72501856
,3669,2,0,0.75626415
,3669,3,2,1.0
,3670,0,1,0.51772964
,3670,1,2,1.0
,3670,2,1,0.5775792
,3670,3,1,0.9435608
,3671,0,0,0.7063206
,3671,1,0,0.7820947
,3671,2,2,1.0
,3671,3,0,0.7495408
,3672,0,2,1.0
,3672,1,0,0.7109309
,3672,2,0,0.783195
,3672,3,0,0.7581351
,3673,0,0,0.73884755
,3673,1,2,1.0
,3673,2,0,0.7580159
,3673,3,0,0.758271
,3674,0,2,1.0
,3674,1,0,0.78271604
,3674,2,0,0.7106421
,3674,3,0,0.7582517
,3675,0,0,0.78254807
,3675,1,0,0.7109269
,3675,2,2,1.0
,3675,3,0,0.75822365
,3676,0,0,0.6962029
,3676,1,2,1.0
,3676,2,0,0.78076833
,3676,3,0,0.75708455
,3677,0,2,1.0
,3677,1,1,0.9444016
,3677,2,1,0.59445536
,3677,3,1,0.51874816
,3678,0,1,0.97951573
,3678,1,1,0.61895883
,3678,2,2,1.0
,3678,3,1,0.5323858
,3679,0,1,0.6195912
,3679,1,2,1.0
,3679,2,1,0.9793482
,3679,3,1,0.5341943
,3680,0,2,1.0
,3680,1,1,0.94407576
,3680,2,1,0.5386188
,3680,3,1,0.5864331
,3681,0,0,0.78259015
,3681,1,0,0.7489751
,3681,2,0,0.70604664
,3681,3,2,1.0
,3682,0,0,0.75850296
,3682,1,0,0.71050936
,3682,2,2,1.0
,3682,3,0,0.7832
,3683,0,0,0.75773513
,3683,1,2,1.0
,3683,2,0,0.73884743
,3683,3,0,0.758555
,3684,0,0,0.71063864
,3684,1,0,0.78271604
,3684,2,2,1.0
,3684,3,0,0.75825506
,3685,0,2,1.0
,3685,1,0,0.7109374
,3685,2,0,0.7827017
,3685,3,0,0.7582351
,3686,0,0,0.7825578
,3686,1,2,1.0
,3686,2,0,0.7109268
,3686,3,0,0.7582265
,3687,0,0,0.6971138
,3687,1,0,0.78130734
,3687,2,2,1.0
,3687,3,0,0.7573355
,3688,0,2,1.0
,3688,1,1,0.55882084
,3688,2,1,0.85522157
,3688,3,0,0.5014696
,3689,0,0,0.7382061
,3689,1,2,1.0
,3689,2,0,0.75042677
,3689,3,0,0.7544892
,3690,0,2,1.0
,3690,1,0,0.7661471
,3690,2,0,0.73977584
,3690,3,0,0.73982406
,0,0,2,0.50933504
,0,1,0,1.0
,0,2,0,1.0
,0,3,0,1.0
,1,0,0,0.8175199
,1,1,2,1.0
,1,2,0,0.75962657
,1,3,0,0.71278393
,2,0,0,0.75836384
,2,1,0,0.7831949
,2,2,0,0.71063906
,2,3,2,1.0
,3,0,0,0.71063346
,3,1,0,0.758226
,3,2,2,1.0
,3,3,0,0.7831926
,4,0,2,1.0
,4,1,0,0.73251677
,4,2,0,0.781337
,4,3,0,0.75768405
,5,0,1,0.8614221
,5,1,3,1.0
,5,2,1,0.57138
,5,3,1,0.51116896
,6,0,0,0.68617773
,6,1,0,0.8526055
,6,2,2,1.0
,6,3,0,0.7521084
,7,0,2,1.0
,7,1,1,0.5570469
,7,2,1,0.855235
,7,3,0,0.5012837
,8,0,0,0.7251498
,8,1,2,1.0
,8,2,0,0.7496771
,8,3,0,0.7522909
,9,0,2,1.0
,9,1,1,0.85611564
,9,2,1,0.5006132
,9,3,1,0.57652396
,10,0,1,0.8841392
,10,1,1,0.51739347
,10,2,1,0.5090938
,10,3,2,1.0
,11,0,2,1.0
,11,1,0,0.75392395
,11,2,0,0.6950321
,11,3,0,0.78218204
,12,0,1,0.745546
,12,1,0,0.5555435
,12,2,2,1.0
,12,3,0,0.5562271
,13,0,2,1.0
,13,1,0,0.75328124
,13,2,0,0.7587675
,13,3,0,0.7544722
,14,0,1,0.86152625
,14,1,1,0.57232773
,14,2,3,1.0
,14,3,1,0.5114874
,15,0,0,0.68619496
,15,1,2,1.0
,15,2,0,0.8533611
,15,3,0,0.7520879
,16,0,2,1.0
,16,1,1,0.8895325
,16,2,0,0.50163335
,16,3,0,0.5005794
,17,0,1,0.85712737
,17,1,2,1.0
,17,2,1,0.5700256
,17,3,1,0.5100754
,18,0,0,0.750544
,18,1,0,0.78197384
,18,2,2,1.0
,18,3,0,0.70643806
,19,0,0,0.7572483
,19,1,0,0.69715613
,19,2,0,0.7823906
,19,3,2,1.0
,20,0,0,0.50168437
,20,1,2,1.0
,20,2,0,0.50307107
,20,3,1,0.8826234
,21,0,0,0.7064331
,21,1,0,0.7818821
,21,2,0,0.7545118
,21,3,2,1.0
,22,0,2,1.0
,22,1,0,0.69978637
,22,2,0,0.75786424
,22,3,0,0.7829047
,23,0,1,0.74555075
,23,1,2,1.0
,23,2,0,0.55571574
,23,3,0,0.5563055
,24,0,2,1.0
,24,1,0,0.725234
,24,2,0,0.7544107
,24,3,0,0.7544174
,25,0,1,0.8894885
,25,1,2,1.0
,25,2,0,0.50077033
,25,3,0,0.5007707
,26,0,2,1.0
,26,1,1,0.9091208
,26,2,1,0.5091238
,26,3,1,0.50911516
,27,0,0,0.7359115
,27,1,3,1.0
,27,2,0,0.75172794
,27,3,0,0.75228095
,28,0,2,1.0
,28,1,0,0.8538959
,28,2,0,0.7091755
,28,3,0,0.756968
,29,0,0,0.6842598
,29,1,0,0.7584962
,29,2,2,1.0
,29,3,0,0.75794846
,30,0,3,1.0
,30,1,0,0.70567095
,30,2,0,0.77893984
,30,3,0,0.75388765
,31,0,0,0.85353076
,31,1,2,1.0
,31,2,0,0.7095146
,31,3,0,0.75695807
,32,0,0,0.71182954
,32,1,0,0.78269583
,32,2,2,1.0
,32,3,0,0.7582137
,33,0,2,1.0
,33,1,0,0.7109424
,33,2,0,0.7831965
,33,3,0,0.7582368
,34,0,0,0.7388378
,34,1,2,1.0
,34,2,0,0.75786024
,34,3,0,0.7582634
,35,0,2,1.0
,35,1,0,0.78239864
,35,2,0,0.6968249
,35,3,0,0.75736004
,36,0,1,0.90783787
,36,1,0,0.5023234
,36,2,2,1.0
,36,3,0,0.5016777
,37,0,3,1.0
,37,1,0,0.7524215
,37,2,0,0.7359394
,37,3,0,0.7524077
,38,0,0,0.8206667
,38,1,0,0.7572499
,38,2,2,1.0
,38,3,0,0.75670856
,39,0,2,1.0
,39,1,0,0.7582601
,39,2,0,0.78323853
,39,3,0,0.7106574
,40,0,0,0.73884773
,40,1,0,0.7577326
,40,2,0,0.75855553
,40,3,2,1.0
,41,0,2,1.0
,41,1,0,0.71064353
,41,2,0,0.758257
,41,3,0,0.7832178
,42,0,0,0.73883116
,42,1,2,1.0
,42,2,0,0.7582767
,42,3,0,0.75855976
,43,0,2,1.0
,43,1,0,0.6842664
,43,2,0,0.75798404
,43,3,0,0.75799507
,44,0,0,0.73452324
,44,1,3,1.0
,44,2,0,0.7532782
,44,3,0,0.7539544
,45,0,2,1.0
,45,1,0,0.8537282
,45,2,0,0.6979557
,45,3,0,0.7566194
,46,0,1,0.79267365
,46,1,0,0.555388
,46,2,2,1.0
,46,3,0,0.5547207
,47,0,3,1.0
,47,1,0,0.6462843
,47,2,0,0.7799391
,47,3,0,0.7520932
,48,0,0,0.8206691
,48,1,3,1.0
,48,2,0,0.7526892
,48,3,0,0.7523619
,49,0,2,1.0
,49,1,0,0.810823
,49,2,0,0.7564629
,49,3,0,0.75642794
,50,0,1,0.90769124
,50,1,2,1.0
,50,2,0,0.5018039
,50,3,0,0.50016326
,51,0,3,1.0
,51,1,0,0.779637
,51,2,0,0.75173455
,51,3,0,0.64602005
,52,0,0,0.85394853
,52,1,0,0.7037471
,52,2,0,0.7512938
,52,3,3,1.0
,53,0,0,0.75808984
,53,1,2,1.0
,53,2,0,0.7091253
,53,3,0,0.8538963
,54,0,0,0.7579607
,54,1,0,0.68425786
,54,2,2,1.0
,54,3,0,0.7584962
,55,0,0,0.7538649
,55,1,3,1.0
,55,2,0,0.77944386
,55,3,0,0.70568985
,56,0,0,0.75493723
,56,1,0,0.8107897
,56,2,0,0.75667644
,56,3,2,1.0
,57,0,1,0.5763186
,57,1,2,1.0
,57,2,1,0.5002671
,57,3,1,0.85606223
,58,0,2,1.0
,58,1,1,0.8841406
,58,2,1,0.5081867
,58,3,1,0.5183398
,59,0,0,0.7802726
,59,1,2,1.0
,59,2,0,0.75340664
,59,3,0,0.6921495
,60,0,1,0.5759113
,60,1,1,0.85658765
,60,2,1,0.5006056
,60,3,2,1.0
,61,0,2,1.0
,61,1,1,0.5517567
,61,2,1,0.5097324
,61,3,1,0.8573293
,62,0,1,0.8875611
,62,1,3,1.0
,62,2,1,0.51818866
,62,3,1,0.5265525
,63,0,2,1.0
,63,1,0,0.85389763
,63,2,0,0.7045613
,63,3,0,0.7527208
,64,0,0,0.7388065
,64,1,0,0.758153
,64,2,2,1.0
,64,3,0,0.7581959
,65,0,2,1.0
,65,1,0,0.6527588
,65,2,0,0.782901
,65,3,0,0.75789046
,66,0,0,0.7346954
,66,1,3,1.0
,66,2,0,0.75386286
,66,3,0,0.7541217
,67,0,2,1.0
,67,1,0,0.8538979
,67,2,0,0.70922065
,67,3,0,0.75698173
,68,0,0,0.7388472
,68,1,0,0.7593401
,68,2,2,1.0
,68,3,0,0.7582281
,69,0,2,1.0
,69,1,0,0.7574239
,69,2,0,0.7593691
,69,3,0,0.7562521
,70,0,1,0.8610727
,70,1,1,0.5121431
,70,2,3,1.0
,70,3,1,0.57223576
,71,0,0,0.74850404
,71,1,0,0.7048356
,71,2,0,0.85390127
,71,3,2,1.0
,72,0,0,0.7104887
,72,1,2,1.0
,72,2,0,0.758769
,72,3,0,0.7831908
,73,0,2,1.0
,73,1,0,0.78319305
,73,2,0,0.71064055
,73,3,0,0.7585085
,74,0,0,0.75923175
,74,1,0,0.7577048
,74,2,2,1.0
,74,3,0,0.7574243
,75,0,3,1.0
,75,1,1,0.510851
,75,2,1,0.8877039
,75,3,1,0.5108584
,76,0,0,0.77843213
,76,1,0,0.75326985
,76,2,2,1.0
,76,3,0,0.75326973
,77,0,3,1.0
,77,1,0,0.7535789
,77,2,0,0.73423606
,77,3,0,0.75357884
,78,0,0,0.8206873
,78,1,0,0.75726074
,78,2,2,1.0
,78,3,0,0.75725204
,79,0,2,1.0
,79,1,0,0.75903374
,79,2,0,0.78392154
,79,3,0,0.75827134
,80,0,2,1.0
,80,1,0,0.68342644
,80,2,0,0.6838338
,80,3,0,0.6283041
,81,0,0,0.75904894
,81,1,0,0.7563718
,81,2,0,0.7563768
,81,3,2,1.0
,82,0,3,1.0
,82,1,1,0.5109235
,82,2,1,0.5109008
,82,3,1,0.8877073
,83,0,0,0.8107991
,83,1,0,0.75089747
,83,2,0,0.75235975
,83,3,2,1.0
,84,0,2,1.0
,84,1,1,0.576442
,84,2,1,0.50043005
,84,3,1,0.85609543
,85,0,1,0.872839
,85,1,2,1.0
,85,2,1,0.5094288
,85,3,1,0.5202253
,86,0,3,1.0
,86,1,1,0.85997385
,86,2,1,0.51594305
,86,3,1,0.5768801
,87,0,0,0.82067466
,87,1,0,0.7494188
,87,2,0,0.7528145
,87,3,2,1.0
,88,0,2,1.0
,88,1,0,0.75815177
,88,2,0,0.7106089
,88,3,0,0.7832272
,89,0,0,0.7593509
,89,1,0,0.75623536
,89,2,2,1.0
,89,3,0,0.7576929
,90,0,3,1.0
,90,1,1,0.5721992
,90,2,1,0.8610652
,90,3,1,0.5113947
,91,0,0,0.82066834
,91,1,2,1.0
,91,2,0,0.74939334
,91,3,0,0.7527052
,92,0,2,1.0
,92,1,0,0.78241104
,92,2,0,0.75729203
,92,3,0,0.6968233
,93,0,1,0.88263243
,93,1,0,0.5021126
,93,2,0,0.50240475
,93,3,2,1.0
,94,0,2,1.0
,94,1,0,0.6925279
,94,2,0,0.7535755
,94,3,0,0.7816686
,95,0,1,0.8826326
,95,1,2,1.0
,95,2,0,0.5015654
,95,3,0,0.5030282
,96,0,2,1.0
,96,1,0,0.78250384
,96,2,0,0.7064218
,96,3,0,0.75451195
,97,0,0,0.6842628
,97,1,0,0.7582427
,97,2,2,1.0
,97,3,0,0.75737005
,98,0,3,1.0
,98,1,0,0.75387526
,98,2,0,0.77944946
,98,3,0,0.7056759
,99,0,0,0.8125403
,99,1,0,0.75554097
,99,2,0,0.75718623
,99,3,2,1.0
,100,0,2,1.0
,100,1,1,0.5272898
,100,2,0,0.54918605
,100,3,1,0.69967717
,101,0,1,0.85755634
,101,1,2,1.0
,101,2,1,0.50893325
,101,3,1,0.5909751
,102,0,1,0.51840717
,102,1,1,0.88987285
,102,2,1,0.5093354
,102,3,2,1.0
,103,0,0,0.5341671
,103,1,2,1.0
,103,2,0,0.53596836
,103,3,1,0.7261981
,104,0,1,0.57618564
,104,1,1,0.8606356
,104,2,1,0.5154295
,104,3,3,1.0
,105,0,2,1.0
,105,1,0,0.7003476
,105,2,0,0.7530103
,105,3,0,0.8534331
,106,0,0,0.7823539
,106,1,2,1.0
,106,2,0,0.7566371
,106,3,0,0.69805694
,107,0,0,0.50142026
,107,1,1,0.85716355
,107,2,1,0.5315732
,107,3,2,1.0
,108,0,1,0.51967263
,108,1,1,0.650323
,108,2,3,1.0
,108,3,1,0.8614204
,109,0,0,0.700437
,109,1,3,1.0
,109,2,0,0.85394263
,109,3,0,0.74515253
,110,0,2,1.0
,110,1,0,0.8540984
,110,2,0,0.7590505
,110,3,0,0.7573805
,111,0,2,1.0
,111,1,0,0.66476196
,111,2,0,0.6631104
,111,3,0,0.6331469
,112,0,1,0.887758
,112,1,1,0.51434296
,112,2,1,0.51343924
,112,3,3,1.0
,113,0,2,1.0
,113,1,0,0.69055164
,113,2,0,0.7519016
,113,3,0,0.85260725
,114,0,1,0.85522604
,114,1,2,1.0
,114,2,0,0.5013196
,114,3,1,0.5570266
,115,0,0,0.7506375
,115,1,0,0.73819274
,115,2,0,0.7547021
,115,3,2,1.0
,116,0,0,0.7573466
,116,1,2,1.0
,116,2,0,0.75794756
,116,3,0,0.68428546
,117,0,0,0.7056759
,117,1,0,0.7794442
,117,2,0,0.7538819
,117,3,3,1.0
,118,0,2,1.0
,118,1,0,0.75670546
,118,2,0,0.7564275
,118,3,0,0.8108247
,119,0,1,0.9077727
,119,1,0,0.5010862
,119,2,0,0.5018283
,119,3,2,1.0
,120,0,3,1.0
,120,1,0,0.70391715
,120,2,0,0.75232226
,120,3,0,0.7800165
,121,0,0,0.8533854
,121,1,2,1.0
,121,2,0,0.7548535
,121,3,0,0.6956406
,122,0,0,0.5039533
,122,1,1,0.85558385
,122,2,1,0.55949277
,122,3,2,1.0
,123,0,0,0.754671
,123,1,0,0.702057
,123,2,2,1.0
,123,3,0,0.7826265
,124,0,0,0.7579651
,124,1,2,1.0
,124,2,0,0.7388508
,124,3,0,0.7585059
,125,0,0,0.7351673
,125,1,0,0.7823466
,125,2,2,1.0
,125,3,0,0.75492185
,126,0,3,1.0
,126,1,1,0.5208506
,126,2,1,0.94520175
,126,3,1,0.6442868
,127,0,0,0.82065445
,127,1,0,0.74905854
,127,2,0,0.744638
,127,3,3,1.0
,128,0,2,1.0
,128,1,0,0.7091772
,128,2,0,0.75620407
,128,3,0,0.85389286
,129,0,0,0.7823628
,129,1,2,1.0
,129,2,0,0.69682026
,129,3,0,0.7584075
,130,0,0,0.50181514
,130,1,1,0.869493
,130,2,2,1.0
,130,3,0,0.5011989
,131,0,1,0.52702415
,131,1,3,1.0
,131,2,1,0.9562313
,131,3,1,0.52701765
,132,0,0,0.7504225
,132,1,0,0.8101604
,132,2,2,1.0
,132,3,0,0.7519127
,133,0,1,0.5939986
,133,1,2,1.0
,133,2,1,0.9438841
,133,3,1,0.51848537
,134,0,2,1.0
,134,1,1,0.89133173
,134,2,1,0.5217113
,134,3,1,0.51068646
,135,0,1,0.9509408
,135,1,2,1.0
,135,2,1,0.52667624
,135,3,1,0.5263846
,136,0,3,1.0
,136,1,1,0.8866127
,136,2,1,0.5153656
,136,3,1,0.51535743
,137,0,0,0.8361337
,137,1,2,1.0
,137,2,0,0.75213486
,137,3,0,0.7521672
,138,0,3,1.0
,138,1,1,0.88789696
,138,2,1,0.5130753
,138,3,1,0.51142895
,139,0,0,0.85393506
,139,1,2,1.0
,139,2,0,0.645891
,139,3,0,0.75233144
,140,0,0,0.75524366
,140,1,0,0.73472553
,140,2,3,1.0
,140,3,0,0.75406307
,141,0,0,0.75640696
,141,1,2,1.0
,141,2,0,0.8108314
,141,3,0,0.75643086
,142,0,1,0.50110763
,142,1,1,0.88947874
,142,2,2,1.0
,142,3,0,0.5008604
,143,0,1,0.586983
,143,1,2,1.0
,143,2,1,0.8589783
,143,3,1,0.51119846
,144,0,2,1.0
,144,1,1,0.8579905
,144,2,1,0.59652424
,144,3,1,0.5114145
,145,0,1,0.95556754
,145,1,1,0.5351969
,145,2,2,1.0
,145,3,1,0.52509594
,146,0,2,1.0
,146,1,0,0.6918989
,146,2,0,0.7805163
,146,3,0,0.7531828
,147,0,1,0.85523194
,147,1,2,1.0
,147,2,1,0.55886644
,147,3,0,0.50133157
,148,0,0,0.75062436
,148,1,0,0.738208
,148,2,2,1.0
,148,3,0,0.7541513
,149,0,0,0.7569679
,149,1,2,1.0
,149,2,0,0.7832137
,149,3,0,0.71055967
,150,0,0,0.6527175
,150,1,0,0.782891
,150,2,0,0.7581563
,150,3,2,1.0
,151,0,3,1.0
,151,1,0,0.754407
,151,2,0,0.7541195
,151,3,0,0.7347144
,152,0,0,0.8108522
,152,1,0,0.7564421
,152,2,0,0.75643885
,152,3,2,1.0
,153,0,2,1.0
,153,1,0,0.5013963
,153,2,0,0.50139624
,153,3,1,0.8711983
,154,0,1,0.8867516
,154,1,1,0.5150067
,154,2,1,0.51500666
,154,3,3,1.0
,155,0,2,1.0
,155,1,0,0.7523639
,155,2,0,0.75237787
,155,3,0,0.81086224
,156,0,1,0.88255394
,156,1,0,0.50173825
,156,2,0,0.50246906
,156,3,2,1.0
,157,0,2,1.0
,157,1,0,0.706442
,157,2,0,0.75396186
,157,3,0,0.78249997
,158,0,0,0.78255445
,158,1,2,1.0
,158,2,0,0.71055704
,158,3,0,0.7584973
,159,0,0,0.6971682
,159,1,0,0.78239334
,159,2,2,1.0
,159,3,0,0.7573552
,160,0,2,1.0
,160,1,0,0.5030746
,160,2,1,0.8826217
,160,3,0,0.502393
,161,0,0,0.7249231
,161,1,0,0.7535931
,161,2,2,1.0
,161,3,0,0.7512008
,162,0,2,1.0
,162,1,1,0.50144744
,162,2,1,0.85617816
,162,3,1,0.6255856
,163,0,0,0.7799111
,163,1,0,0.7028944
,163,2,0,0.7465837
,163,3,3,1.0
,164,0,0,0.756324
,164,1,2,1.0
,164,2,0,0.6952045
,164,3,0,0.85259855
,165,0,0,0.50105375
,165,1,1,0.8552238
,165,2,2,1.0
,165,3,1,0.55700403
,166,0,0,0.7286956
,166,1,0,0.74973327
,166,2,0,0.7807737
,166,3,2,1.0
,167,0,3,1.0
,167,1,1,0.51231354
,167,2,1,0.5713837
,167,3,1,0.86096466
,168,0,0,0.85260546
,168,1,0,0.6907969
,168,2,2,1.0
,168,3,0,0.74808854
,169,0,1,0.55704063
,169,1,2,1.0
,169,2,1,0.8552322
,169,3,0,0.5011909
,170,0,2,1.0
,170,1,0,0.7251919
,170,2,0,0.7497129
,170,3,0,0.7526155
,171,0,1,0.85556847
,171,1,2,1.0
,171,2,0,0.5013129
,171,3,1,0.5595165
,172,0,0,0.7020485
,172,1,0,0.7826194
,172,2,0,0.7546352
,172,3,2,1.0
,173,0,2,1.0
,173,1,0,0.7576516
,173,2,0,0.75727236
,173,3,0,0.725909
,174,0,1,0.8710198
,174,1,0,0.5011577
,174,2,1,0.50207496
,174,3,2,1.0
,175,0,3,1.0
,175,1,1,0.5169087
,175,2,1,0.6398637
,175,3,1,0.86089444
,176,0,0,0.8535744
,176,1,0,0.74915266
,176,2,3,1.0
,176,3,0,0.6958668
,177,0,0,0.710451
,177,1,0,0.7563459
,177,2,0,0.85389435
,177,3,2,1.0
,178,0,2,1.0
,178,1,0,0.7105928
,178,2,0,0.7587729
,178,3,0,0.78318727
,179,0,0,0.78319305
,179,1,2,1.0
,179,2,0,0.71062124
,179,3,0,0.7578218
,180,0,0,0.7576185
,180,1,0,0.78130627
,180,2,2,1.0
,180,3,0,0.69678944
,181,0,0,0.5014723
,181,1,1,0.55883336
,181,2,1,0.85558903
,181,3,2,1.0
,182,0,0,0.7546484
,182,1,2,1.0
,182,2,0,0.7020337
,182,3,0,0.7826235
,183,0,0,0.7579254
,183,1,0,0.6842634
,183,2,2,1.0
,183,3,0,0.75768864
,184,0,0,0.7538873
,184,1,3,1.0
,184,2,0,0.77893984
,184,3,0,0.70566046
,185,0,0,0.75694454
,185,1,0,0.85353065
,185,2,0,0.70951426
,185,3,2,1.0
,186,0,0,0.7570181
,186,1,0,0.71179736
,186,2,2,1.0
,186,3,0,0.7831888
,187,0,0,0.6527443
,187,1,2,1.0
,187,2,0,0.7828896
,187,3,0,0.7576002
,188,0,3,1.0
,188,1,0,0.7790837
,188,2,0,0.7543439
,188,3,0,0.70584536
,189,0,0,0.853889
,189,1,0,0.7095193
,189,2,0,0.75696385
,189,3,2,1.0
,190,0,0,0.75815773
,190,1,2,1.0
,190,2,0,0.7582485
,190,3,0,0.73881084
,191,0,0,0.65278053
,191,1,0,0.7823917
,191,2,0,0.75788915
,191,3,2,1.0
,192,0,3,1.0
,192,1,0,0.7061922
,192,2,0,0.7540575
,192,3,0,0.77959114
,193,0,0,0.778444
,193,1,2,1.0
,193,2,0,0.7572713
,193,3,0,0.757006
,194,0,3,1.0
,194,1,0,0.77850896
,194,2,0,0.7535263
,194,3,0,0.7052715
,195,0,0,0.8533648
,195,1,0,0.69556844
,195,2,0,0.754537
,195,3,2,1.0
,196,0,0,0.5020177
,196,1,2,1.0
,196,2,1,0.57657003
,196,3,1,0.85692257
,197,0,1,0.50896937
,197,1,1,0.8573393
,197,2,2,1.0
,197,3,1,0.57882
,198,0,0,0.7545095
,198,1,0,0.70201194
,198,2,0,0.78211105
,198,3,2,1.0
,199,0,0,0.75818956
,199,1,2,1.0
,199,2,0,0.7109295
,199,3,0,0.78319633
,200,0,0,0.7582491
,200,1,0,0.73885345
,200,2,2,1.0
,200,3,0,0.7582641
,201,0,0,0.7562427
,201,1,2,1.0
,201,2,0,0.7824384
,201,3,0,0.73253626
,202,0,1,0.57206035
,202,1,1,0.8617511
,202,2,1,0.51051116
,202,3,3,1.0
,203,0,2,1.0
,203,1,0,0.6411757
,203,2,0,0.7525246
,203,3,0,0.8539336
,204,0,0,0.7347453
,204,1,3,1.0
,204,2,0,0.7540901
,204,3,0,0.7552687
,205,0,2,1.0
,205,1,0,0.82065296
,205,2,0,0.7572691
,205,3,0,0.7572825
,206,0,0,0.6842915
,206,1,2,1.0
,206,2,0,0.75800574
,206,3,0,0.75800586
,207,0,3,1.0
,207,1,0,0.7345531
,207,2,0,0.7539532
,207,3,0,0.75395334
,208,0,0,0.8108533
,208,1,2,1.0
,208,2,0,0.75645995
,208,3,0,0.7564599
,209,0,2,1.0
,209,1,1,0.8825377
,209,2,0,0.50261956
,209,3,0,0.5026196
,210,0,0,0.73804605
,210,1,2,1.0
,210,2,0,0.75456464
,210,3,0,0.75456464
,211,0,2,1.0
,211,1,0,0.68426114
,211,2,0,0.75794756
,211,3,0,0.75794756
,212,0,0,0.7345571
,212,1,3,1.0
,212,2,0,0.75395507
,212,3,0,0.75396115
,213,0,2,1.0
,213,1,0,0.82066643
,213,2,0,0.7567204
,213,3,0,0.7572541
,214,0,0,0.78322846
,214,1,2,1.0
,214,2,0,0.7106411
,214,3,0,0.757568
,215,0,0,0.75759965
,215,1,0,0.781057
,215,2,2,1.0
,215,3,0,0.696748
,216,0,0,0.5003385
,216,1,1,0.57308346
,216,2,1,0.85576063
,216,3,2,1.0
,217,0,0,0.53932875
,217,1,2,1.0
,217,2,0,0.5307666
,217,3,1,0.7467089
,218,0,0,0.7551246
,218,1,0,0.73820406
,218,2,0,0.75448245
,218,3,2,1.0
,219,0,0,0.75820845
,219,1,2,1.0
,219,2,0,0.71059126
,219,3,0,0.78319687
,220,0,0,0.7573857
,220,1,0,0.72586876
,220,2,2,1.0
,220,3,0,0.75651586
,221,0,0,0.50152147
,221,1,2,1.0
,221,2,1,0.85520726
,221,3,1,0.55940425
,222,0,0,0.75378484
,222,1,0,0.725191
,222,2,0,0.74853265
,222,3,2,1.0
,223,0,0,0.50141776
,223,1,2,1.0
,223,2,1,0.55962
,223,3,1,0.8555686
,224,0,0,0.754637
,224,1,0,0.7826194
,224,2,2,1.0
,224,3,0,0.7020483
,225,0,0,0.75733024
,225,1,0,0.7576488
,225,2,0,0.7258896
,225,3,2,1.0
,226,0,0,0.5008575
,226,1,0,0.5008849
,226,2,2,1.0
,226,3,1,0.8894659
,227,0,1,0.5092196
,227,1,1,0.5084804
,227,2,1,0.8842614
,227,3,2,1.0
,228,0,0,0.70628154
,228,1,0,0.7543485
,228,2,2,1.0
,228,3,0,0.7818465
,229,0,2,1.0
,229,1,0,0.7558083
,229,2,0,0.78234196
,229,3,0,0.6970537
,230,0,1,0.8561439
,230,1,1,0.5765225
,230,2,0,0.5001927
,230,3,2,1.0
,231,0,1,0.51803535
,231,1,2,1.0
,231,2,1,0.5087993
,231,3,1,0.90902054
,232,0,0,0.7521822
,232,1,0,0.73593557
,232,2,0,0.75228876
,232,3,3,1.0
,233,0,0,0.7572498
,233,1,2,1.0
,233,2,0,0.7572511
,233,3,0,0.82066834
,234,0,0,0.7582977
,234,1,0,0.73889226
,234,2,0,0.7583038
,234,3,2,1.0
,235,0,0,0.75775
,235,1,2,1.0
,235,2,0,0.7582899
,235,3,0,0.7388642
,236,0,0,0.71063864
,236,1,0,0.7827158
,236,2,0,0.75825226
,236,3,2,1.0
,237,0,2,1.0
,237,1,0,0.710907
,237,2,0,0.75823456
,237,3,0,0.7820954
,238,0,0,0.7828924
,238,1,2,1.0
,238,2,0,0.757874
,238,3,0,0.6530715
,239,0,0,0.7544141
,239,1,0,0.7347172
,239,2,0,0.75412333
,239,3,3,1.0
,240,0,0,0.7572643
,240,1,2,1.0
,240,2,0,0.7572671
,240,3,0,0.8206682
,241,0,0,0.75776196
,241,1,0,0.7388877
,241,2,0,0.7583018
,241,3,2,1.0
,242,0,0,0.71064395
,242,1,2,1.0
,242,2,0,0.7582543
,242,3,0,0.7832122
,243,0,2,1.0
,243,1,0,0.73884726
,243,2,0,0.75827235
,243,3,0,0.7580156
,244,0,0,0.78211004
,244,1,2,1.0
,244,2,0,0.758251
,244,3,0,0.7106115
,245,0,0,0.6531016
,245,1,0,0.78237665
,245,2,0,0.75785846
,245,3,2,1.0
,246,0,3,1.0
,246,1,0,0.7061225
,246,2,0,0.75282955
,246,3,0,0.77958775
,247,0,0,0.85354894
,247,1,2,1.0
,247,2,0,0.65105814
,247,3,0,0.7567955
,248,0,0,0.7070765
,248,1,0,0.7789344
,248,2,3,1.0
,248,3,0,0.7540283
,249,0,2,1.0
,249,1,0,0.6956817
,249,2,0,0.8533931
,249,3,0,0.7560503
,250,0,1,0.88260967
,250,1,2,1.0
,250,2,0,0.5049301
,250,3,0,0.502423
,251,0,2,1.0
,251,1,0,0.7380668
,251,2,0,0.7545821
,251,3,0,0.75455964
,252,0,0,0.73886234
,252,1,2,1.0
,252,2,0,0.7577058
,252,3,0,0.75824535
,253,0,2,1.0
,253,1,0,0.7832178
,253,2,0,0.7106435
,253,3,0,0.75825346
,254,0,0,0.7388525
,254,1,0,0.7585575
,254,2,2,1.0
,254,3,0,0.7582745
,255,0,2,1.0
,255,1,0,0.7582949
,255,2,0,0.73886913
,255,3,0,0.7582916
,256,0,0,0.73886913
,256,1,0,0.7582919
,256,2,2,1.0
,256,3,0,0.7582919
,257,0,2,1.0
,257,1,0,0.7582857
,257,2,0,0.73886895
,257,3,0,0.7582919
,258,0,0,0.7388643
,258,1,0,0.7577498
,258,2,2,1.0
,258,3,0,0.75828964
,259,0,2,1.0
,259,1,0,0.71064395
,259,2,0,0.7832178
,259,3,0,0.75825393
,260,0,0,0.7388523
,260,1,2,1.0
,260,2,0,0.7585575
,260,3,0,0.75826836
,261,0,2,1.0
,261,1,0,0.7388641
,261,2,0,0.7582926
,261,3,0,0.7577495
,262,0,0,0.78271604
,262,1,2,1.0
,262,2,0,0.7582521
,262,3,0,0.71063906
,263,0,0,0.71093374
,263,1,0,0.7831962
,263,2,0,0.75822896
,263,3,2,1.0
,264,0,2,1.0
,264,1,0,0.75768846
,264,2,0,0.7573906
,264,3,0,0.72592026
,265,0,1,0.8825985
,265,1,0,0.5024985
,265,2,0,0.5017521
,265,3,2,1.0
,266,0,2,1.0
,266,1,0,0.7545042
,266,2,0,0.7064479
,266,3,0,0.7825021
,267,0,0,0.73884404
,267,1,0,0.7576862
,267,2,2,1.0
,267,3,0,0.7585434
,268,0,2,1.0
,268,1,0,0.71064305
,268,2,0,0.7832178
,268,3,0,0.7582568
,269,0,0,0.7388459
,269,1,2,1.0
,269,2,0,0.75855553
,269,3,0,0.75827235
,270,0,2,1.0
,270,1,0,0.72837347
,270,2,0,0.7579721
,270,3,0,0.757956
,271,0,1,0.79283315
,271,1,2,1.0
,271,2,0,0.5550067
,271,3,0,0.55426496
,272,0,3,1.0
,272,1,0,0.780448
,272,2,0,0.7527118
,272,3,0,0.7043586
,273,0,0,0.8312674
,273,1,0,0.7556653
,273,2,0,0.7564863
,273,3,2,1.0
,274,0,3,1.0
,274,1,1,0.54520863
,274,2,0,0.5159536
,274,3,1,0.7013877
,275,0,0,0.820674
,275,1,2,1.0
,275,2,0,0.75324446
,275,3,0,0.7513011
,276,0,2,1.0
,276,1,0,0.78322953
,276,2,0,0.71060294
,276,3,0,0.7581889
,277,0,0,0.7258965
,277,1,0,0.7576555
,277,2,2,1.0
,277,3,0,0.75736976
,278,0,2,1.0
,278,1,0,0.5006243
,278,2,1,0.8898229
,278,3,0,0.5005649
,279,0,1,0.9583686
,279,1,1,0.52615225
,279,2,2,1.0
,279,3,1,0.52811474
,280,0,2,1.0
,280,1,1,0.5122409
,280,2,1,0.8591049
,280,3,1,0.58796364
,281,0,1,0.8578845
,281,1,1,0.5128296
,281,2,1,0.59573
,281,3,2,1.0
,282,0,1,0.5183598
,282,1,1,0.5701563
,282,2,2,1.0
,282,3,1,0.857004
,283,0,0,0.7541111
,283,1,2,1.0
,283,2,0,0.6834675
,283,3,0,0.7502477
,284,0,0,0.7539171
,284,1,0,0.7345576
,284,2,3,1.0
,284,3,0,0.75386596
,285,0,0,0.7572613
,285,1,2,1.0
,285,2,0,0.8206667
,285,3,0,0.7567198
,286,0,0,0.75824225
,286,1,0,0.78322834
,286,2,2,1.0
,286,3,0,0.7106602
,287,0,0,0.75623566
,287,1,0,0.7576786
,287,2,0,0.7593537
,287,3,2,1.0
,288,0,1,0.5722361
,288,1,1,0.51213634
,288,2,3,1.0
,288,3,1,0.8610727
,289,0,2,1.0
,289,1,0,0.70483583
,289,2,0,0.85390556
,289,3,0,0.74850386
,290,0,0,0.7831853
,290,1,2,1.0
,290,2,0,0.759301
,290,3,0,0.7104852
,291,0,0,0.75765777
,291,1,0,0.72589093
,291,2,0,0.7573489
,291,3,2,1.0
,292,0,0,0.50076216
,292,1,2,1.0
,292,2,1,0.5012134
,292,3,1,0.88952667
,293,0,1,0.51114327
,293,1,1,0.8587527
,293,2,1,0.586936
,293,3,2,1.0
,294,0,1,0.50937796
,294,1,1,0.57892853
,294,2,2,1.0
,294,3,1,0.85736775
,295,0,0,0.7542086
,295,1,2,1.0
,295,2,0,0.7826033
,295,3,0,0.702018
,296,0,0,0.7323348
,296,1,0,0.78241336
,296,2,0,0.75768375
,296,3,2,1.0
,297,0,3,1.0
,297,1,1,0.51093644
,297,2,1,0.51063776
,297,3,1,0.887638
,298,0,0,0.8533834
,298,1,0,0.6906195
,298,2,0,0.7519195
,298,3,2,1.0
,299,0,0,0.5032753
,299,1,2,1.0
,299,2,0,0.50066
,299,3,1,0.8894939
,300,0,1,0.50841486
,300,1,1,0.8842592
,300,2,1,0.5084827
,300,3,2,1.0
,301,0,0,0.7535267
,301,1,2,1.0
,301,2,0,0.7535263
,301,3,0,0.72508174
,302,0,0,0.50236046
,302,1,1,0.88260293
,302,2,0,0.5023784
,302,3,2,1.0
,303,0,0,0.75247186
,303,1,2,1.0
,303,2,0,0.7536389
,303,3,0,0.7250368
,304,0,1,0.5595091
,304,1,1,0.8552051
,304,2,0,0.5014206
,304,3,2,1.0
,305,0,2,1.0
,305,1,0,0.7499276
,305,2,0,0.75467515
,305,3,0,0.73819774
,306,0,0,0.78238976
,306,1,0,0.69670427
,306,2,0,0.75615436
,306,3,2,1.0
,307,0,0,0.5021022
,307,1,2,1.0
,307,2,1,0.5594569
,307,3,1,0.8552371
,308,0,0,0.7538387
,308,1,0,0.7587512
,308,2,2,1.0
,308,3,0,0.7485649
,309,0,1,0.51150537
,309,1,3,1.0
,309,2,1,0.86106914
,309,3,1,0.5724056
,310,0,0,0.75233674
,310,1,0,0.8126462
,310,2,0,0.74908257
,310,3,2,1.0
,311,0,0,0.50972193
,311,1,2,1.0
,311,2,0,0.5520843
,311,3,1,0.6986832
,312,0,3,1.0
,312,1,1,0.7014492
,312,2,0,0.51301587
,312,3,1,0.55435854
,313,0,0,0.8532802
,313,1,0,0.7246592
,313,2,0,0.75263697
,313,3,2,1.0
,314,0,1,0.50902855
,314,1,3,1.0
,314,2,1,0.51071835
,314,3,1,0.8876187
,315,0,0,0.6905765
,315,1,0,0.85238886
,315,2,0,0.7518985
,315,3,2,1.0
,316,0,2,1.0
,316,1,1,0.5741892
,316,2,1,0.50067985
,316,3,1,0.8571508
,317,0,1,0.8578459
,317,1,2,1.0
,317,2,1,0.51086694
,317,3,1,0.59553164
,318,0,1,0.5187367
,318,1,1,0.8729399
,318,2,1,0.5097262
,318,3,2,1.0
,319,0,1,0.5165216
,319,1,3,1.0
,319,2,1,0.5153397
,319,3,1,0.8867837
,320,0,0,0.69054157
,320,1,0,0.8533958
,320,2,0,0.751891
,320,3,2,1.0
,321,0,2,1.0
,321,1,0,0.5041391
,321,2,0,0.5015215
,321,3,1,0.9078424
,322,0,0,0.7359323
,322,1,0,0.7524317
,322,2,0,0.75238794
,322,3,3,1.0
,323,0,2,1.0
,323,1,0,0.7562344
,323,2,0,0.75505686
,323,3,0,0.8362082
,324,0,1,0.86125493
,324,1,1,0.5118228
,324,2,1,0.5726167
,324,3,3,1.0
,325,0,0,0.7470321
,325,1,0,0.75249547
,325,2,2,1.0
,325,3,0,0.81079584
,326,0,1,0.5766249
,326,1,1,0.5020256
,326,2,1,0.8560855
,326,3,2,1.0
,327,0,2,1.0
,327,1,1,0.5697893
,327,2,1,0.51825243
,327,3,1,0.8569772
,328,0,0,0.7252027
,328,1,2,1.0
,328,2,0,0.75349844
,328,3,0,0.74966794
,329,0,2,1.0
,329,1,1,0.8895336
,329,2,1,0.50133085
,329,3,0,0.5004972
,330,0,1,0.8579948
,330,1,2,1.0
,330,2,1,0.58695626
,330,3,1,0.5127421
,331,0,1,0.51836723
,331,1,1,0.85700685
,331,2,2,1.0
,331,3,1,0.5701062
,332,0,0,0.7536072
,332,1,0,0.7497439
,332,2,0,0.7586226
,332,3,2,1.0
,333,0,1,0.51097864
,333,1,1,0.5110799
,333,2,3,1.0
,333,3,1,0.8877095
,334,0,0,0.75220877
,334,1,0,0.7522076
,334,2,0,0.83612853
,334,3,2,1.0
,335,0,1,0.5114217
,335,1,1,0.51142204
,335,2,3,1.0
,335,3,1,0.88786066
,336,0,0,0.7522017
,336,1,0,0.7521838
,336,2,0,0.8361315
,336,3,2,1.0
,337,0,1,0.51146865
,337,1,1,0.5123804
,337,2,3,1.0
,337,3,1,0.88788074
,338,0,0,0.7494617
,338,1,0,0.6904411
,338,2,0,0.85337824
,338,3,2,1.0
,339,0,1,0.62569726
,339,1,2,1.0
,339,2,0,0.5018477
,339,3,1,0.85619086
,340,0,3,1.0
,340,1,0,0.7350957
,340,2,0,0.75153416
,340,3,0,0.74738824
,341,0,0,0.82066655
,341,1,2,1.0
,341,2,0,0.75669575
,341,3,0,0.75718987
,342,0,2,1.0
,342,1,0,0.78273684
,342,2,0,0.7106524
,342,3,0,0.7582636
,343,0,0,0.78270185
,343,1,0,0.7109378
,343,2,2,1.0
,343,3,0,0.75822926
,344,0,0,0.7109369
,344,1,2,1.0
,344,2,0,0.78320175
,344,3,0,0.75769466
,345,0,2,1.0
,345,1,0,0.78270143
,345,2,0,0.75851756
,345,3,0,0.7106192
,346,0,0,0.78270155
,346,1,0,0.7109371
,346,2,0,0.7582302
,346,3,2,1.0
,347,0,0,0.7109265
,347,1,2,1.0
,347,2,0,0.75753945
,347,3,0,0.7831935
,348,0,2,1.0
,348,1,0,0.7823428
,348,2,0,0.69683707
,348,3,0,0.7576123
,349,0,1,0.87120825
,349,1,0,0.50022167
,349,2,2,1.0
,349,3,0,0.5011742
,350,0,3,1.0
,350,1,1,0.5763831
,350,2,1,0.8604258
,350,3,1,0.51564854
,351,0,0,0.85260546
,351,1,2,1.0
,351,2,0,0.68619376
,351,3,0,0.7520461
,352,0,1,0.5570528
,352,1,1,0.85523635
,352,2,2,1.0
,352,3,0,0.5005626
,353,0,2,1.0
,353,1,0,0.75059104
,353,2,0,0.7826296
,353,3,0,0.70660514
,354,0,0,0.7388507
,354,1,0,0.75817317
,354,2,0,0.758253
,354,3,2,1.0
,355,0,2,1.0
,355,1,0,0.7574281
,355,2,0,0.73240256
,355,3,0,0.7824493
,356,0,1,0.8876148
,356,1,1,0.5106208
,356,2,3,1.0
,356,3,1,0.509965
,357,0,2,1.0
,357,1,0,0.7532464
,357,2,0,0.8206782
,357,3,0,0.75325406
,358,0,0,0.73886883
,358,1,0,0.75825226
,358,2,2,1.0
,358,3,0,0.75825864
,359,0,2,1.0
,359,1,0,0.75743425
,359,2,0,0.68429226
,359,3,0,0.75798965
,360,0,0,0.7783188
,360,1,0,0.7056149
,360,2,3,1.0
,360,3,0,0.7538774
,361,0,0,0.6514182
,361,1,2,1.0
,361,2,0,0.85392636
,361,3,0,0.7559413
,362,0,3,1.0
,362,1,0,0.77845997
,362,2,0,0.75515896
,362,3,0,0.7057742
,363,0,0,0.85310256
,363,1,0,0.6517
,363,2,0,0.7565229
,363,3,2,1.0
,364,0,0,0.6492084
,364,1,3,1.0
,364,2,0,0.75335777
,364,3,0,0.77900875
,365,0,3,1.0
,365,1,0,0.82067215
,365,2,0,0.75236535
,365,3,0,0.7526665
,366,0,0,0.82065266
,366,1,2,1.0
,366,2,0,0.7572771
,366,3,0,0.7572804
,367,0,2,1.0
,367,1,0,0.6842935
,367,2,0,0.7580059
,367,3,0,0.75799966
,368,0,0,0.7345338
,368,1,3,1.0
,368,2,0,0.7539581
,368,3,0,0.75340796
,369,0,2,1.0
,369,1,0,0.85389304
,369,2,0,0.7569714
,369,3,0,0.70920527
,370,0,0,0.72591203
,370,1,0,0.75848407
,370,2,0,0.7573682
,370,3,2,1.0
,371,0,2,1.0
,371,1,0,0.50251067
,371,2,0,0.50175136
,371,3,1,0.88259864
,372,0,0,0.78249973
,372,1,0,0.75396234
,372,2,0,0.7064422
,372,3,2,1.0
,373,0,0,0.75850767
,373,1,0,0.7105723
,373,2,2,1.0
,373,3,0,0.78319407
,374,0,0,0.758275
,374,1,2,1.0
,374,2,0,0.73884726
,374,3,0,0.7580156
,375,0,0,0.7582517
,375,1,0,0.78271604
,375,2,2,1.0
,375,3,0,0.71064234
,376,0,0,0.75822353
,376,1,0,0.710942
,376,2,0,0.7832036
,376,3,2,1.0
,377,0,0,0.7570773
,377,1,2,1.0
,377,2,0,0.75855386
,377,3,0,0.73881847
,378,0,0,0.6527654
,378,1,0,0.78239185
,378,2,0,0.7578926
,378,3,2,1.0
,379,0,3,1.0
,379,1,0,0.70619285
,379,2,0,0.75404924
,379,3,0,0.77959657
,380,0,0,0.82066107
,380,1,2,1.0
,380,2,0,0.756574
,380,3,0,0.7575193
,381,0,2,1.0
,381,1,0,0.7829037
,381,2,0,0.69931644
,381,3,0,0.75682545
,382,0,1,0.6974677
,382,1,0,0.5527015
,382,2,2,1.0
,382,3,1,0.5089084
,383,0,0,0.7042031
,383,1,0,0.7553462
,383,2,0,0.7822257
,383,3,2,1.0
,384,0,2,1.0
,384,1,0,0.7581985
,384,2,0,0.7109271
,384,3,0,0.7826986
,385,0,0,0.7827019
,385,1,0,0.75823456
,385,2,2,1.0
,385,3,0,0.7109375
,386,0,0,0.7109422
,386,1,0,0.75823075
,386,2,0,0.7832036
,386,3,2,1.0
,387,0,2,1.0
,387,1,0,0.75773233
,387,2,0,0.7585552
,387,3,0,0.7388476
,388,0,0,0.7827159
,388,1,0,0.7106385
,388,2,0,0.758255
,388,3,2,1.0
,389,0,0,0.7109273
,389,1,2,1.0
,389,2,0,0.7582268
,389,3,0,0.78255814
,390,0,2,1.0
,390,1,0,0.7823805
,390,2,0,0.75735307
,390,3,0,0.6971677
,391,0,1,0.88262314
,391,1,0,0.50233203
,391,2,0,0.50242627
,391,3,2,1.0
,392,0,2,1.0
,392,1,0,0.70645535
,392,2,0,0.75450945
,392,3,0,0.7825019
,393,0,0,0.73884887
,393,1,2,1.0
,393,2,0,0.75822824
,393,3,0,0.75854576
,394,0,2,1.0
,394,1,0,0.738869
,394,2,0,0.75829095
,394,3,0,0.7582947
,395,0,0,0.73886913
,395,1,2,1.0
,395,2,0,0.7582919
,395,3,0,0.7582919
,396,0,2,1.0
,396,1,0,0.73886895
,396,2,0,0.7582919
,396,3,0,0.7582857
,397,0,0,0.7388641
,397,1,2,1.0
,397,2,0,0.75828934
,397,3,0,0.7577497
,398,0,2,1.0
,398,1,0,0.78257084
,398,2,0,0.7582163
,398,3,0,0.7106271
,399,0,0,0.782344
,399,1,0,0.69699484
,399,2,0,0.75492275
,399,3,2,1.0
,400,0,0,0.50002426
,400,1,2,1.0
,400,2,1,0.6255488
,400,3,1,0.8561897
,401,0,0,0.7514887
,401,1,0,0.7350593
,401,2,3,1.0
,401,3,0,0.74665076
,402,0,0,0.75462556
,402,1,2,1.0
,402,2,0,0.8532346
,402,3,0,0.6943293
,403,0,1,0.5776387
,403,1,1,0.94356686
,403,2,1,0.5144738
,403,3,2,1.0
,404,0,2,1.0
,404,1,0,0.7486816
,404,2,0,0.7535812
,404,3,0,0.725204
,405,0,1,0.8825966
,405,1,0,0.50226665
,405,2,0,0.502393
,405,3,2,1.0
,406,0,2,1.0
,406,1,0,0.7545367
,406,2,0,0.75455135
,406,3,0,0.73805845
,407,0,0,0.72588396
,407,1,0,0.7562044
,407,2,0,0.75735956
,407,3,2,1.0
,408,0,2,1.0
,408,1,1,0.5594093
,408,2,0,0.50152653
,408,3,1,0.8555608
,409,0,0,0.78262717
,409,1,2,1.0
,409,2,0,0.7546406
,409,3,0,0.7020575
,410,0,0,0.75854385
,410,1,0,0.738843
,410,2,0,0.75768685
,410,3,2,1.0
,411,0,0,0.75825065
,411,1,2,1.0
,411,2,0,0.71064293
,411,3,0,0.78321767
,412,0,0,0.75773245
,412,1,0,0.7388476
,412,2,2,1.0
,412,3,0,0.75855523
,413,0,0,0.71064353
,413,1,2,1.0
,413,2,0,0.7832178
,413,3,0,0.75825673
,414,0,2,1.0
,414,1,0,0.73884386
,414,2,0,0.7585496
,414,3,0,0.7582534
,415,0,0,0.7258864
,415,1,2,1.0
,415,2,0,0.75740707
,415,3,0,0.756249
,416,0,2,1.0
,416,1,1,0.85519606
,416,2,0,0.50153524
,416,3,1,0.5593964
,417,0,0,0.73820835
,417,1,0,0.7500872
,417,2,0,0.7546989
,417,3,2,1.0
,418,0,2,1.0
,418,1,0,0.7105444
,418,2,0,0.7582118
,418,3,0,0.7832041
,419,0,0,0.7388181
,419,1,2,1.0
,419,2,0,0.75827056
,419,3,0,0.75736463
,420,0,2,1.0
,420,1,0,0.78178257
,420,2,0,0.7578921
,420,3,0,0.65304893
,421,0,0,0.778484
,421,1,0,0.64838976
,421,2,0,0.75337553
,421,3,3,1.0
,422,0,0,0.70371413
,422,1,3,1.0
,422,2,0,0.7518505
,422,3,0,0.8535784
,423,0,2,1.0
,423,1,0,0.85342574
,423,2,0,0.7569155
,423,3,0,0.7104464
,424,0,0,0.78130144
,424,1,0,0.69803077
,424,2,0,0.7573139
,424,3,2,1.0
,425,0,1,0.55883145
,425,1,2,1.0
,425,2,0,0.5014663
,425,3,1,0.855588
,426,0,2,1.0
,426,1,0,0.7826217
,426,2,0,0.7546462
,426,3,0,0.7020573
,427,0,0,0.73884284
,427,1,0,0.7580045
,427,2,0,0.75822663
,427,3,2,1.0
,428,0,2,1.0
,428,1,0,0.71064204
,428,2,0,0.75825137
,428,3,0,0.78271604
,429,0,0,0.78270173
,429,1,2,1.0
,429,2,0,0.7582351
,429,3,0,0.7109376
,430,0,0,0.7109423
,430,1,0,0.783198
,430,2,0,0.75823694
,430,3,2,1.0
,431,0,2,1.0
,431,1,0,0.75801575
,431,2,0,0.7582722
,431,3,0,0.7388478
,432,0,0,0.78321767
,432,1,0,0.7106473
,432,2,0,0.75825375
,432,3,2,1.0
,433,0,0,0.75855136
,433,1,2,1.0
,433,2,0,0.7582745
,433,3,0,0.7388523
,434,0,0,0.7577528
,434,1,0,0.7388641
,434,2,0,0.75828934
,434,3,2,1.0
,435,0,0,0.71063894
,435,1,2,1.0
,435,2,0,0.7582521
,435,3,0,0.7827161
,436,0,2,1.0
,436,1,0,0.78270155
,436,2,0,0.7582353
,436,3,0,0.7109372
,437,0,0,0.7820958
,437,1,0,0.71090674
,437,2,0,0.7582344
,437,3,2,1.0
,438,0,0,0.6530955
,438,1,2,1.0
,438,2,0,0.7578722
,438,3,0,0.7823772
,439,0,3,1.0
,439,1,0,0.7795894
,439,2,0,0.75405496
,439,3,0,0.7061908
,440,0,0,0.82066673
,440,1,0,0.7569937
,440,2,0,0.75723714
,440,3,2,1.0
,441,0,2,1.0
,441,1,0,0.71065575
,441,2,0,0.7577237
,441,3,0,0.78323627
,442,0,0,0.7831955
,442,1,2,1.0
,442,2,0,0.71061534
,442,3,0,0.7584987
,443,0,0,0.7576515
,443,1,0,0.7258674
,443,2,2,1.0
,443,3,0,0.75623345
,444,0,0,0.5005653
,444,1,2,1.0
,444,2,1,0.8552183
,444,3,1,0.55944073
,445,0,0,0.69263136
,445,1,0,0.7817844
,445,2,0,0.7484631
,445,3,2,1.0
,446,0,2,1.0
,446,1,0,0.5020706
,446,2,1,0.55967754
,446,3,1,0.8552312
,447,0,0,0.73820794
,447,1,0,0.75415957
,447,2,2,1.0
,447,3,0,0.7506314
,448,0,2,1.0
,448,1,0,0.7105912
,448,2,0,0.78321445
,448,3,0,0.75762343
,449,0,0,0.78255713
,449,1,2,1.0
,449,2,0,0.75849605
,449,3,0,0.7106073
,450,0,0,0.6971115
,450,1,0,0.7823635
,450,2,0,0.7561819
,450,3,2,1.0
,451,0,2,1.0
,451,1,0,0.50136125
,451,2,1,0.5594805
,451,3,1,0.8552286
,452,0,0,0.7821289
,452,1,0,0.7066089
,452,2,2,1.0
,452,3,0,0.750588
,453,0,0,0.7109265
,453,1,2,1.0
,453,2,0,0.78269905
,453,3,0,0.758145
,454,0,2,1.0
,454,1,0,0.78255767
,454,2,0,0.7109265
,454,3,0,0.75821227
,455,0,0,0.7823767
,455,1,0,0.6971125
,455,2,2,1.0
,455,3,0,0.75617903
,456,0,0,0.5021032
,456,1,2,1.0
,456,2,1,0.85523826
,456,3,1,0.55947405
,457,0,0,0.75371635
,457,1,0,0.72514504
,457,2,0,0.74819976
,457,3,2,1.0
,458,0,1,0.50257564
,458,1,2,1.0
,458,2,1,0.57678354
,458,3,1,0.8561991
,459,0,1,0.5867378
,459,1,1,0.85787934
,459,2,2,1.0
,459,3,1,0.5221286
,460,0,2,1.0
,460,1,1,0.5201579
,460,2,1,0.8578543
,460,3,1,0.5871443
,461,0,1,0.88415515
,461,1,1,0.508748
,461,2,1,0.51749307
,461,3,2,1.0
,462,0,2,1.0
,462,1,0,0.7534552
,462,2,0,0.75339335
,462,3,0,0.7250527
,463,0,1,0.88953274
,463,1,1,0.5013545
,463,2,0,0.5006272
,463,3,2,1.0
,464,0,2,1.0
,464,1,1,0.58781976
,464,2,1,0.5114202
,464,3,1,0.85909045
,465,0,1,0.94477737
,465,1,2,1.0
,465,2,1,0.52678394
,465,3,1,0.6108396
,466,0,1,0.5980368
,466,1,1,0.85797447
,466,2,1,0.5118309
,466,3,2,1.0
,467,0,2,1.0
,467,1,1,0.5191071
,467,2,1,0.5101886
,467,3,1,0.8909379
,468,0,1,0.8910916
,468,1,1,0.51070356
,468,2,1,0.5124407
,468,3,2,1.0
,469,0,2,1.0
,469,1,1,0.51155704
,469,2,1,0.58740664
,469,3,1,0.85960644
,470,0,1,0.85819334
,470,1,1,0.5112019
,470,2,2,1.0
,470,3,1,0.64371157
,471,0,0,0.6983559
,471,1,0,0.75134844
,471,2,0,0.7799601
,471,3,3,1.0
,472,0,2,1.0
,472,1,0,0.75651336
,472,2,0,0.7575279
,472,3,0,0.8206604
,473,0,0,0.7824024
,473,1,0,0.6968477
,473,2,0,0.7573574
,473,3,2,1.0
,474,0,0,0.50141597
,474,1,2,1.0
,474,2,0,0.50077045
,474,3,1,0.88950205
,475,0,1,0.51004773
,475,1,1,0.891028
,475,2,1,0.51006347
,475,3,2,1.0
,476,0,1,0.5104376
,476,1,2,1.0
,476,2,1,0.51039714
,476,3,1,0.8910477
,477,0,1,0.5119921
,477,1,1,0.8910675
,477,2,1,0.5104163
,477,3,2,1.0
,478,0,1,0.57043225
,478,1,2,1.0
,478,2,1,0.5096805
,478,3,1,0.8576131
,479,0,2,1.0
,479,1,0,0.78179204
,479,2,0,0.75359666
,479,3,0,0.68800944
,480,0,1,0.85484797
,480,1,0,0.50367093
,480,2,0,0.5029553
,480,3,2,1.0
,481,0,0,0.7074136
,481,1,0,0.75868285
,481,2,0,0.7593356
,481,3,2,1.0
,482,0,2,1.0
,482,1,0,0.69950104
,482,2,0,0.7579293
,482,3,0,0.7829134
,483,0,1,0.7455522
,483,1,2,1.0
,483,2,0,0.5554129
,483,3,0,0.5560015
,484,0,2,1.0
,484,1,0,0.7655401
,484,2,0,0.73674643
,484,3,0,0.73675346
,485,0,0,1.0
,485,1,0,1.0
,485,2,0,1.0
,485,3,2,0.5213337
,486,0,1,0.5133889
,486,1,1,0.5114763
,486,2,2,1.0
,486,3,1,0.89106345
,487,0,1,0.6022554
,487,1,1,0.5301436
,487,2,1,0.94441783
,487,3,2,1.0
,488,0,2,1.0
,488,1,1,0.6359196
,488,2,1,0.5226521
,488,3,1,0.85827374
,489,0,0,0.77993405
,489,1,3,1.0
,489,2,0,0.74996656
,489,3,0,0.69825983
,490,0,0,0.7567972
,490,1,0,0.85354894
,490,2,0,0.65101534
,490,3,2,1.0
,491,0,0,0.75402164
,491,1,0,0.70707643
,491,2,3,1.0
,491,3,0,0.7789344
,492,0,0,0.7554611
,492,1,2,1.0
,492,2,0,0.8533528
,492,3,0,0.6956707
,493,0,1,0.52851456
,493,1,1,0.8555414
,493,2,0,0.501744
,493,3,2,1.0
,494,0,3,1.0
,494,1,1,0.5374396
,494,2,1,0.58831847
,494,3,1,0.94507825
,495,0,0,0.83621764
,495,1,0,0.7520433
,495,2,2,1.0
,495,3,0,0.7461503
,496,0,3,1.0
,496,1,1,0.51192975
,496,2,1,0.86124676
,496,3,1,0.57284695
,497,0,0,0.8206746
,497,1,0,0.75339484
,497,2,0,0.7488463
,497,3,2,1.0
,498,0,2,1.0
,498,1,0,0.75754994
,498,2,0,0.7105408
,498,3,0,0.78323215
,499,0,0,0.7815755
,499,1,0,0.6991652
,499,2,2,1.0
,499,3,0,0.75810444
,500,0,1,0.5270314
,500,1,2,1.0
,500,2,1,0.6980664
,500,3,0,0.5487914
,501,0,2,1.0
,501,1,1,0.89100856
,501,2,1,0.514404
,501,3,1,0.50801396
,502,0,1,0.9555937
,502,1,2,1.0
,502,2,1,0.52526945
,502,3,1,0.5251004
,503,0,2,1.0
,503,1,0,0.7250185
,503,2,0,0.7532707
,503,3,0,0.75327235
,504,0,1,0.8825971
,504,1,2,1.0
,504,2,0,0.5023841
,504,3,0,0.5023758
,505,0,2,1.0
,505,1,0,0.73806196
,505,2,0,0.7545568
,505,3,0,0.75401133
,506,0,0,0.78321034
,506,1,2,1.0
,506,2,0,0.75820965
,506,3,0,0.710594
,507,0,0,0.75801575
,507,1,0,0.73884743
,507,2,0,0.75827163
,507,3,2,1.0
,508,0,0,0.7106423
,508,1,2,1.0
,508,2,0,0.7582519
,508,3,0,0.78271604
,509,0,2,1.0
,509,1,0,0.78270173
,509,2,0,0.7582351
,509,3,0,0.7109376
,510,0,0,0.7832036
,510,1,0,0.7109423
,510,2,0,0.75823075
,510,3,2,1.0
,511,0,0,0.7585552
,511,1,2,1.0
,511,2,0,0.75773215
,511,3,0,0.73884755
,512,0,0,0.75824606
,512,1,0,0.7825716
,512,2,0,0.7106277
,512,3,2,1.0
,513,0,0,0.757295
,513,1,0,0.69707227
,513,2,2,1.0
,513,3,0,0.7809882
,514,0,1,0.5007779
,514,1,2,1.0
,514,2,1,0.8563058
,514,3,1,0.5770187
,515,0,1,0.53157353
,515,1,1,0.98472625
,515,2,1,0.5410317
,515,3,2,1.0
,516,0,1,0.52706903
,516,1,2,1.0
,516,2,1,0.52736115
,516,3,1,0.95838726
,517,0,1,0.50956327
,517,1,1,0.8844112
,517,2,1,0.5111938
,517,3,2,1.0
,518,0,0,0.75335443
,518,1,2,1.0
,518,2,0,0.64786357
,518,3,0,0.7821105
,519,0,0,0.7058073
,519,1,0,0.7796012
,519,2,3,1.0
,519,3,0,0.75380063
,520,0,2,1.0
,520,1,0,0.75670725
,520,2,0,0.8538982
,520,3,0,0.7091895
,521,0,0,0.7825408
,521,1,0,0.7105874
,521,2,0,0.75929993
,521,3,2,1.0
,522,0,0,0.6962338
,522,1,2,1.0
,522,2,0,0.7571113
,522,3,0,0.78215814
,523,0,2,1.0
,523,1,1,0.95810735
,523,2,1,0.51817745
,523,3,1,0.5175162
,524,0,1,0.9585211
,524,1,2,1.0
,524,2,1,0.5269626
,524,3,1,0.5269451
,525,0,2,1.0
,525,1,1,0.95852184
,525,2,1,0.52716464
,525,3,1,0.52716357
,526,0,1,0.9556214
,526,1,2,1.0
,526,2,1,0.5257251
,526,3,1,0.52570355
,527,0,2,1.0
,527,1,0,0.7249181
,527,2,0,0.7517299
,527,3,0,0.7531404
,528,0,1,0.8562872
,528,1,2,1.0
,528,2,1,0.5775824
,528,3,1,0.50411814
,529,0,1,0.5350757
,529,1,1,0.9442421
,529,2,2,1.0
,529,3,1,0.6487344
,530,0,0,0.75113976
,530,1,0,0.7451538
,530,2,0,0.73506826
,530,3,3,1.0
,531,0,0,0.75649416
,531,1,0,0.6509521
,531,2,2,1.0
,531,3,0,0.85392565
,532,0,0,0.75409555
,532,1,3,1.0
,532,2,0,0.73470974
,532,3,0,0.7552283
,533,0,0,0.75644773
,533,1,0,0.8108526
,533,2,2,1.0
,533,3,0,0.7564745
,534,0,0,0.50186175
,534,1,2,1.0
,534,2,1,0.8825468
,534,3,0,0.5025929
,535,0,0,0.7064436
,535,1,0,0.78249264
,535,2,2,1.0
,535,3,0,0.7539634
,536,0,2,1.0
,536,1,0,0.7578108
,536,2,0,0.78318995
,536,3,0,0.71055645
,537,0,0,0.7823759
,537,1,0,0.69684315
,537,2,0,0.7576357
,537,3,2,1.0
,538,0,0,0.50210994
,538,1,2,1.0
,538,2,0,0.50241286
,538,3,1,0.8826329
,539,0,0,0.69242644
,539,1,0,0.7802789
,539,2,0,0.75353545
,539,3,2,1.0
,540,0,2,1.0
,540,1,1,0.5759164
,540,2,1,0.5005976
,540,3,1,0.8561661
,541,0,1,0.8908946
,541,1,2,1.0
,541,2,1,0.5097205
,541,3,1,0.51893306
,542,0,2,1.0
,542,1,1,0.8842654
,542,2,1,0.5088038
,542,3,1,0.5090323
,543,0,0,0.7826956
,543,1,2,1.0
,543,2,0,0.75393635
,543,3,0,0.754595
,544,0,0,0.761706
,544,1,2,1.0
,544,2,0,0.7014886
,544,3,0,0.75999683
,545,0,1,0.50190866
,545,1,1,0.8561504
,545,2,2,1.0
,545,3,1,0.5764181
,546,0,1,0.5697928
,546,1,1,0.5189946
,546,2,1,0.8569783
,546,3,2,1.0
,547,0,2,1.0
,547,1,0,0.70633215
,547,2,0,0.7505499
,547,3,0,0.78260225
,548,0,0,0.7258652
,548,1,2,1.0
,548,2,0,0.7572955
,548,3,0,0.75650597
,549,0,2,1.0
,549,1,1,0.855561
,549,2,0,0.50152475
,549,3,1,0.5594021
,550,0,0,0.7819793
,550,1,0,0.7020407
,550,2,0,0.7546352
,550,3,2,1.0
,551,0,0,0.69705606
,551,1,2,1.0
,551,2,0,0.75724995
,551,3,0,0.7809879
,552,0,2,1.0
,552,1,1,0.8572662
,552,2,1,0.5007439
,552,3,1,0.5768007
,553,0,1,0.94435173
,553,1,1,0.6107053
,553,2,1,0.52645564
,553,3,2,1.0
,554,0,1,0.52159727
,554,1,2,1.0
,554,2,1,0.51072395
,554,3,1,0.8910094
,555,0,1,0.5125247
,555,1,1,0.8914041
,555,2,1,0.5106429
,555,3,2,1.0
,556,0,1,0.5858781
,556,1,2,1.0
,556,2,1,0.52548593
,556,3,1,0.94423074
,557,0,2,1.0
,557,1,0,0.7819393
,557,2,0,0.75427955
,557,3,0,0.7008558
,558,0,0,0.78178585
,558,1,0,0.697132
,558,2,0,0.757242
,558,3,2,1.0
,559,0,1,0.5312981
,559,1,2,1.0
,559,2,1,0.50078166
,559,3,1,0.8555659
,560,0,3,1.0
,560,1,1,0.8609321
,560,2,1,0.5784786
,560,3,1,0.52715623
,561,0,0,0.8206682
,561,1,0,0.7486899
,561,2,2,1.0
,561,3,0,0.7532181
,562,0,2,1.0
,562,1,0,0.69674164
,562,2,0,0.78237325
,562,3,0,0.7573064
,563,0,1,0.8895249
,563,1,2,1.0
,563,2,1,0.5001759
,563,3,0,0.5007441
,564,0,2,1.0
,564,1,1,0.8571306
,564,2,1,0.57005024
,564,3,1,0.50968343
,565,0,0,0.78067374
,565,1,0,0.749635
,565,2,2,1.0
,565,3,0,0.7311348
,566,0,1,0.5811709
,566,1,1,0.5213897
,566,2,1,0.94527835
,566,3,3,1.0
,567,0,2,1.0
,567,1,0,0.75173587
,567,2,0,0.68411607
,567,3,0,0.8522589
,568,0,1,0.9437447
,568,1,1,0.51781607
,568,2,2,1.0
,568,3,1,0.5888036
,569,0,0,0.5280268
,569,1,0,0.53827775
,569,2,1,0.74677813
,569,3,2,1.0
,570,0,0,0.75445026
,570,1,0,0.7551117
,570,2,2,1.0
,570,3,0,0.7382029
,571,0,0,0.71059525
,571,1,0,0.7582144
,571,2,0,0.7827147
,571,3,2,1.0
,572,0,2,1.0
,572,1,0,0.7582365
,572,2,0,0.71094257
,572,3,0,0.7832035
,573,0,0,0.73885256
,573,1,0,0.7582743
,573,2,2,1.0
,573,3,0,0.75855744
,574,0,2,1.0
,574,1,0,0.75828964
,574,2,0,0.73886245
,574,3,0,0.7582928
,575,0,0,0.72837603
,575,1,0,0.7579698
,575,2,2,1.0
,575,3,0,0.75796986
,576,0,2,1.0
,576,1,0,0.5550546
,576,2,1,0.79284793
,576,3,0,0.5550546
,577,0,0,0.73570144
,577,1,0,0.75277936
,577,2,3,1.0
,577,3,0,0.7527792
,578,0,2,1.0
,578,1,0,0.75645065
,578,2,0,0.8108525
,578,3,0,0.7564367
,579,0,1,0.88254666
,579,1,0,0.5025964
,579,2,2,1.0
,579,3,0,0.5018617
,580,0,2,1.0
,580,1,0,0.7542151
,580,2,0,0.78249174
,580,3,0,0.7064507
,581,0,0,0.7813347
,581,1,0,0.7324617
,581,2,0,0.7576727
,581,3,2,1.0
,582,0,1,0.5713295
,582,1,3,1.0
,582,2,1,0.51115364
,582,3,1,0.86096185
,583,0,2,1.0
,583,1,0,0.82067025
,583,2,0,0.7533955
,583,3,0,0.74939996
,584,0,0,0.72590894
,584,1,2,1.0
,584,2,0,0.75621617
,584,3,0,0.7573258
,585,0,2,1.0
,585,1,1,0.8556674
,585,2,1,0.55942726
,585,3,0,0.50151014
,586,0,0,0.78119165
,586,1,0,0.68799263
,586,2,2,1.0
,586,3,0,0.75369847
,587,0,1,0.53131706
,587,1,2,1.0
,587,2,1,0.85635537
,587,3,0,0.5007116
,588,0,3,1.0
,588,1,1,0.86128634
,588,2,1,0.5876211
,588,3,1,0.51782095
,589,0,0,0.853538
,589,1,0,0.7003394
,589,2,2,1.0
,589,3,0,0.75298953
,590,0,0,0.711819
,590,1,2,1.0
,590,2,0,0.7831733
,590,3,0,0.758157
,591,0,2,1.0
,591,1,0,0.7258686
,591,2,0,0.7565157
,591,3,0,0.7573853
,592,0,1,0.8556745
,592,1,2,1.0
,592,2,1,0.5594195
,592,3,0,0.5015077
,593,0,0,0.68706477
,593,1,0,0.7815649
,593,2,2,1.0
,593,3,0,0.75347733
,594,0,2,1.0
,594,1,1,0.5172944
,594,2,1,0.95796967
,594,3,1,0.5180869
,595,0,1,0.891177
,595,1,1,0.5108968
,595,2,2,1.0
,595,3,1,0.5128823
,596,0,2,1.0
,596,1,1,0.5115078
,596,2,1,0.8580159
,596,3,1,0.587246
,597,0,1,0.8909329
,597,1,1,0.5101163
,597,2,1,0.51914483
,597,3,2,1.0
,598,0,2,1.0
,598,1,1,0.5105227
,598,2,1,0.5126721
,598,3,1,0.891092
,599,0,1,0.858066
,599,1,1,0.51353055
,599,2,1,0.58735204
,599,3,2,1.0
,600,0,1,0.5217902
,600,1,1,0.58701533
,600,2,2,1.0
,600,3,1,0.8578792
,601,0,1,0.57035273
,601,1,2,1.0
,601,2,1,0.8573648
,601,3,1,0.5183574
,602,0,2,1.0
,602,1,0,0.7826169
,602,2,0,0.702021
,602,3,0,0.7544082
,603,0,0,0.7388395
,603,1,0,0.75853735
,603,2,2,1.0
,603,3,0,0.75821793
,604,0,2,1.0
,604,1,0,0.75735766
,604,2,0,0.72590846
,604,3,0,0.7573906
,605,0,1,0.88952744
,605,1,1,0.50121444
,605,2,2,1.0
,605,3,0,0.5007131
,606,0,2,1.0
,606,1,1,0.58695376
,606,2,1,0.8579948
,606,3,1,0.512737
,607,0,1,0.85746944
,607,1,2,1.0
,607,2,1,0.51837415
,607,3,1,0.5701386
,608,0,0,0.68794477
,608,1,0,0.7817303
,608,2,0,0.75345945
,608,3,2,1.0
,609,0,2,1.0
,609,1,1,0.50022316
,609,2,0,0.5005996
,609,3,1,0.8895362
,610,0,1,0.85714495
,610,1,1,0.57009435
,610,2,1,0.5102941
,610,3,2,1.0
,611,0,0,0.74842674
,611,1,2,1.0
,611,2,0,0.692473
,611,3,0,0.7817728
,612,0,1,0.5596911
,612,1,1,0.8556003
,612,2,2,1.0
,612,3,0,0.5020623
,613,0,2,1.0
,613,1,0,0.7020508
,613,2,0,0.7826246
,613,3,0,0.75410444
,614,0,0,0.78319335
,614,1,2,1.0
,614,2,0,0.75850797
,614,3,0,0.7105729
,615,0,0,0.7580155
,615,1,0,0.7388474
,615,2,0,0.7582689
,615,3,2,1.0
,616,0,0,0.71064186
,616,1,2,1.0
,616,2,0,0.7577116
,616,3,0,0.78321576
,617,0,2,1.0
,617,1,0,0.78319585
,617,2,0,0.7106155
,617,3,0,0.7585117
,618,0,0,0.72592103
,618,1,0,0.7576885
,618,2,2,1.0
,618,3,0,0.75740796
,619,0,2,1.0
,619,1,0,0.5025165
,619,2,1,0.8825897
,619,3,0,0.5025095
,620,0,0,0.73805845
,620,1,0,0.75453955
,620,2,2,1.0
,620,3,0,0.7545527
,621,0,2,1.0
,621,1,0,0.7562046
,621,2,0,0.72588444
,621,3,0,0.7573597
,622,0,1,0.8551919
,622,1,1,0.55939716
,622,2,2,1.0
,622,3,0,0.501534
,623,0,0,0.7506412
,623,1,2,1.0
,623,2,0,0.7382137
,623,3,0,0.7547015
,624,0,0,0.75820374
,624,1,0,0.7388673
,624,2,2,1.0
,624,3,0,0.7582363
,625,0,0,0.75828725
,625,1,2,1.0
,625,2,0,0.7388351
,625,3,0,0.7570942
,626,0,0,0.7578852
,626,1,0,0.78290695
,626,2,2,1.0
,626,3,0,0.6527441
,627,0,0,0.75357145
,627,1,0,0.7544126
,627,2,0,0.7346954
,627,3,3,1.0
,628,0,0,0.7091936
,628,1,0,0.75698733
,628,2,2,1.0
,628,3,0,0.85390025
,629,0,2,1.0
,629,1,0,0.7579508
,629,2,0,0.6842345
,629,3,0,0.75905174
,630,0,0,0.7345569
,630,1,0,0.7539549
,630,2,3,1.0
,630,3,0,0.7539739
,631,0,2,1.0
,631,1,0,0.7567207
,631,2,0,0.8206667
,631,3,0,0.7572622
,632,0,0,0.78273684
,632,1,0,0.7106527
,632,2,2,1.0
,632,3,0,0.7582644
,633,0,0,0.710938
,633,1,2,1.0
,633,2,0,0.78270185
,633,3,0,0.7582354
,634,0,2,1.0
,634,1,0,0.7832035
,634,2,0,0.7109424
,634,3,0,0.7582368
,635,0,0,0.73884463
,635,1,0,0.75854695
,635,2,2,1.0
,635,3,0,0.7582638
,636,0,2,1.0
,636,1,0,0.7572015
,636,2,0,0.7250637
,636,3,0,0.7571983
,637,0,1,0.955162
,637,1,1,0.51661044
,637,2,2,1.0
,637,3,1,0.5166105
,638,0,2,1.0
,638,1,0,0.75427455
,638,2,0,0.738001
,638,3,0,0.7542744
,639,0,0,0.7388457
,639,1,0,0.7582464
,639,2,2,1.0
,639,3,0,0.7582464
,640,0,2,1.0
,640,1,0,0.75799143
,640,2,0,0.6842635
,640,3,0,0.75799155
,641,0,0,0.73455656
,641,1,0,0.7539622
,641,2,3,1.0
,641,3,0,0.7539622
,642,0,2,1.0
,642,1,0,0.75729275
,642,2,0,0.7784195
,642,3,0,0.75729275
,643,0,0,0.73424
,643,1,0,0.75362986
,643,2,3,1.0
,643,3,0,0.7536266
,644,0,2,1.0
,644,1,0,0.75724834
,644,2,0,0.82067
,644,3,0,0.7569638
,645,0,0,0.78246963
,645,1,0,0.75744134
,645,2,2,1.0
,645,3,0,0.73241216
,646,0,1,0.5099725
,646,1,1,0.5106199
,646,2,1,0.88761526
,646,3,3,1.0
,647,0,0,0.75271374
,647,1,0,0.7532615
,647,2,2,1.0
,647,3,0,0.7784568
,648,0,0,0.7052107
,648,1,0,0.7527911
,648,2,0,0.7791546
,648,3,3,1.0
,649,0,2,1.0
,649,1,0,0.69533414
,649,2,0,0.7563344
,649,3,0,0.8533929
,650,0,1,0.88261586
,650,1,2,1.0
,650,2,0,0.5024165
,650,3,0,0.504916
,651,0,2,1.0
,651,1,0,0.72508866
,651,2,0,0.7536585
,651,3,0,0.7536689
,652,0,1,0.8826146
,652,1,2,1.0
,652,2,0,0.5023541
,652,3,0,0.50140387
,653,0,2,1.0
,653,1,0,0.78035647
,653,2,0,0.7533526
,653,3,0,0.6915615
,654,0,1,0.9437266
,654,1,1,0.576983
,654,2,1,0.5171148
,654,3,2,1.0
,655,0,0,0.700886
,655,1,2,1.0
,655,2,0,0.75439304
,655,3,0,0.7825865
,656,0,2,1.0
,656,1,0,0.7388426
,656,2,0,0.7582232
,656,3,0,0.7580036
,657,0,0,0.78321767
,657,1,2,1.0
,657,2,0,0.7582532
,657,3,0,0.7106471
,658,0,0,0.75855136
,658,1,0,0.7388523
,658,2,0,0.7582745
,658,3,2,1.0
,659,0,0,0.7577528
,659,1,2,1.0
,659,2,0,0.75828934
,659,3,0,0.7388643
,660,0,0,0.71064407
,660,1,0,0.7832179
,660,2,0,0.75825393
,660,3,2,1.0
,661,0,2,1.0
,661,1,0,0.75855744
,661,2,0,0.75826657
,661,3,0,0.7388522
,662,0,0,0.73885435
,662,1,0,0.75828385
,662,2,0,0.757594
,662,3,2,1.0
,663,0,2,1.0
,663,1,0,0.7573603
,663,2,0,0.69682145
,663,3,0,0.7823986
,664,0,1,0.9078368
,664,1,0,0.5016772
,664,2,2,1.0
,664,3,0,0.5023122
,665,0,3,1.0
,665,1,0,0.75238407
,665,2,0,0.7359038
,665,3,0,0.75170517
,666,0,0,0.8533649
,666,1,0,0.7545536
,666,2,2,1.0
,666,3,0,0.6952499
,667,0,0,0.5020553
,667,1,1,0.57649726
,667,2,1,0.8561347
,667,3,2,1.0
,668,0,1,0.50811374
,668,1,2,1.0
,668,2,1,0.51773435
,668,3,1,0.88412327
,669,0,0,0.75347316
,669,1,0,0.78055084
,669,2,0,0.7308846
,669,3,2,1.0
,670,0,1,0.5212835
,670,1,1,0.581174
,670,2,3,1.0
,670,3,1,0.94527507
,671,0,0,0.7519798
,671,1,2,1.0
,671,2,0,0.8534004
,671,3,0,0.6850911
,672,0,0,0.5022829
,672,1,1,0.88262326
,672,2,0,0.50489527
,672,3,2,1.0
,673,0,0,0.7545519
,673,1,2,1.0
,673,2,0,0.7545879
,673,3,0,0.7380668
,674,0,0,0.75770545
,674,1,0,0.73886216
,674,2,0,0.7582456
,674,3,2,1.0
,675,0,0,0.7106383
,675,1,2,1.0
,675,2,0,0.7582456
,675,3,0,0.7827161
,676,0,2,1.0
,676,1,0,0.7831891
,676,2,0,0.7576944
,676,3,0,0.71093655
,677,0,0,0.7832003
,677,1,0,0.7573232
,677,2,0,0.7105872
,677,3,2,1.0
,678,0,0,0.75815433
,678,1,0,0.6527492
,678,2,2,1.0
,678,3,0,0.7823755
,679,0,0,0.75403386
,679,1,3,1.0
,679,2,0,0.7789367
,679,3,0,0.7061542
,680,0,0,0.75487036
,680,1,0,0.85338527
,680,2,0,0.69562334
,680,3,2,1.0
,681,0,1,0.55947447
,681,1,0,0.5039435
,681,2,2,1.0
,681,3,1,0.85524195
,682,0,2,1.0
,682,1,0,0.7537657
,682,2,0,0.76117665
,682,3,0,0.7472156
,683,0,1,0.94522685
,683,1,1,0.52167183
,683,2,3,1.0
,683,3,1,0.64454156
,684,0,0,0.7446373
,684,1,0,0.74961084
,684,2,0,0.82066727
,684,3,3,1.0
,685,0,0,0.75598705
,685,1,0,0.7572408
,685,2,2,1.0
,685,3,0,0.8206481
,686,0,0,0.6527604
,686,1,0,0.7578992
,686,2,0,0.78292936
,686,3,2,1.0
,687,0,3,1.0
,687,1,0,0.753572
,687,2,0,0.75441283
,687,3,0,0.73469555
,688,0,0,0.85353047
,688,1,0,0.709214
,688,2,0,0.75698555
,688,3,2,1.0
,689,0,0,0.7117987
,689,1,2,1.0
,689,2,0,0.75821304
,689,3,0,0.7820894
,690,0,2,1.0
,690,1,0,0.7828926
,690,2,0,0.757874
,690,3,0,0.65307164
,691,0,0,0.734717
,691,1,0,0.754414
,691,2,0,0.754119
,691,3,3,1.0
,692,0,2,1.0
,692,1,0,0.7572496
,692,2,0,0.756889
,692,3,0,0.8206662
,693,0,0,0.7826961
,693,1,0,0.75654644
,693,2,0,0.72512054
,693,3,2,1.0
,694,0,0,0.5183858
,694,1,1,0.5434688
,694,2,3,1.0
,694,3,1,0.7019644
,695,0,0,0.75253147
,695,1,2,1.0
,695,2,0,0.85260504
,695,3,0,0.6883776
,696,0,0,0.50132865
,696,1,1,0.85559475
,696,2,1,0.55703837
,696,3,2,1.0
,697,0,0,0.75464517
,697,1,0,0.70205814
,697,2,2,1.0
,697,3,0,0.78262764
,698,0,0,0.75822085
,698,1,2,1.0
,698,2,0,0.73883915
,698,3,0,0.758525
,699,0,0,0.75740343
,699,1,0,0.7258864
,699,2,2,1.0
,699,3,0,0.7562521
,700,0,0,0.5015351
,700,1,2,1.0
,700,2,1,0.855192
,700,3,1,0.55939597
,701,0,0,0.7546996
,701,1,0,0.7382072
,701,2,0,0.7506392
,701,3,2,1.0
,702,0,0,0.7579369
,702,1,2,1.0
,702,2,0,0.757891
,702,3,0,0.728418
,703,0,0,0.55590594
,703,1,1,0.745521
,703,2,0,0.55591315
,703,3,2,1.0
,704,0,0,0.7547896
,704,1,2,1.0
,704,2,0,0.7553338
,704,3,0,0.7382236
,705,0,0,0.7105995
,705,1,0,0.7827146
,705,2,0,0.75821704
,705,3,2,1.0
,706,0,2,1.0
,706,1,0,0.7109375
,706,2,0,0.75823474
,706,3,0,0.78270173
,707,0,0,0.7827019
,707,1,2,1.0
,707,2,0,0.7582351
,707,3,0,0.71093756
,708,0,0,0.7109423
,708,1,0,0.783198
,708,2,0,0.75823694
,708,3,2,1.0
,709,0,2,1.0
,709,1,0,0.7580159
,709,2,0,0.7582722
,709,3,0,0.73884773
,710,0,0,0.78321767
,710,1,0,0.71064717
,710,2,0,0.7582534
,710,3,2,1.0
,711,0,0,0.7585488
,711,1,2,1.0
,711,2,0,0.75823927
,711,3,0,0.73884296
,712,0,0,0.7573392
,712,1,0,0.72577393
,712,2,0,0.7549978
,712,3,2,1.0
,713,0,1,0.5022472
,713,1,2,1.0
,713,2,1,0.6252195
,713,3,1,0.8561733
,714,0,0,0.64481264
,714,1,0,0.7788244
,714,2,3,1.0
,714,3,0,0.7466149
,715,0,3,1.0
,715,1,0,0.7037631
,715,2,0,0.8539467
,715,3,0,0.75178564
,716,0,0,0.82066697
,716,1,2,1.0
,716,2,0,0.75837
,716,3,0,0.75666326
,717,0,2,1.0
,717,1,0,0.7827367
,717,2,0,0.7582769
,717,3,0,0.71065176
,718,0,0,0.78270173
,718,1,0,0.710938
,718,2,0,0.7582353
,718,3,2,1.0
,719,0,0,0.71093327
,719,1,2,1.0
,719,2,0,0.7582237
,719,3,0,0.7831914
,720,0,2,1.0
,720,1,0,0.7258657
,720,2,0,0.7569236
,720,3,0,0.75720793
,721,0,1,0.86690307
,721,1,2,1.0
,721,2,1,0.5229383
,721,3,1,0.52293086
,722,0,0,1.0
,722,1,0,1.0
,722,2,2,0.5094453
,722,3,0,1.0
,723,0,0,0.76039976
,723,1,0,0.76039964
,723,2,0,0.81718326
,723,3,2,1.0
,724,0,0,0.7622977
,724,1,0,0.7622977
,724,2,0,0.7158975
,724,3,2,1.0
,725,0,0,0.7583271
,725,1,0,0.75832707
,725,2,2,1.0
,725,3,0,0.7388589
,726,0,0,0.7573999
,726,1,0,0.7573999
,726,2,0,0.7259369
,726,3,2,1.0
,727,0,0,0.5012871
,727,1,0,0.5012871
,727,2,2,1.0
,727,3,1,0.87125456
,728,0,1,0.5149979
,728,1,1,0.5149979
,728,2,1,0.8867491
,728,3,3,1.0
,729,0,0,0.7532035
,729,1,0,0.7532035
,729,2,2,1.0
,729,3,0,0.820678
,730,0,0,0.7582477
,730,1,0,0.7582477
,730,2,0,0.7388822
,730,3,2,1.0
,731,0,0,0.7573929
,731,1,0,0.7573937
,731,2,2,1.0
,731,3,0,0.7259118
,732,0,0,0.50081646
,732,1,0,0.5008591
,732,2,1,0.889485
,732,3,2,1.0
,733,0,1,0.51079243
,733,1,1,0.50914925
,733,2,2,1.0
,733,3,1,0.9090343
,734,0,0,0.64565367
,734,1,0,0.7516069
,734,2,0,0.7801552
,734,3,3,1.0
,735,0,3,1.0
,735,1,0,0.7523697
,735,2,0,0.7526985
,735,3,0,0.82067186
,736,0,0,0.82066625
,736,1,0,0.75727224
,736,2,0,0.7567345
,736,3,2,1.0
,737,0,2,1.0
,737,1,0,0.7582687
,737,2,0,0.7106348
,737,3,0,0.7832349
,738,0,0,0.6842671
,738,1,0,0.7579716
,738,2,2,1.0
,738,3,0,0.7577008
,739,0,3,1.0
,739,1,0,0.7538914
,739,2,0,0.77944684
,739,3,0,0.7056843
,740,0,0,0.77844346
,740,1,0,0.7572624
,740,2,0,0.75700355
,740,3,2,1.0
,741,0,3,1.0
,741,1,0,0.7530017
,741,2,0,0.705285
,741,3,0,0.77916145
,742,0,0,0.85389847
,742,1,0,0.70917743
,742,2,2,1.0
,742,3,0,0.7567005
,743,0,0,0.7593131
,743,1,2,1.0
,743,2,0,0.78319615
,743,3,0,0.71060246
,744,0,0,0.7582863
,744,1,0,0.73885214
,744,2,0,0.758551
,744,3,2,1.0
,745,0,0,0.7582834
,745,1,2,1.0
,745,2,0,0.7577528
,745,3,0,0.738864
,746,0,0,0.7577118
,746,1,0,0.78321594
,746,2,0,0.71063834
,746,3,2,1.0
,747,0,0,0.7106195
,747,1,0,0.75851774
,747,2,2,1.0
,747,3,0,0.78270125
,748,0,2,1.0
,748,1,0,0.7582399
,748,2,0,0.7832034
,748,3,0,0.71094215
,749,0,0,0.7388443
,749,1,0,0.7582664
,749,2,0,0.7585496
,749,3,2,1.0
,750,0,2,1.0
,750,1,0,0.7574122
,750,2,0,0.75741535
,750,3,0,0.7259004
,751,0,1,0.9078184
,751,1,0,0.5017416
,751,2,0,0.5017417
,751,3,2,1.0
,752,0,3,1.0
,752,1,0,0.75241494
,752,2,0,0.7524148
,752,3,0,0.73593986
,753,0,0,0.82066834
,753,1,0,0.7572526
,753,2,0,0.7572527
,753,3,2,1.0
,754,0,2,1.0
,754,1,0,0.75830615
,754,2,0,0.75830615
,754,3,0,0.73887116
,755,0,0,0.6842635
,755,1,0,0.75799227
,755,2,0,0.7579924
,755,3,2,1.0
,756,0,3,1.0
,756,1,0,0.7539555
,756,2,0,0.7539617
,756,3,0,0.7345571
,757,0,0,0.82066655
,757,1,0,0.7567204
,757,2,0,0.75726205
,757,3,2,1.0
,758,0,2,1.0
,758,1,0,0.7106348
,758,2,0,0.75826854
,758,3,0,0.78324056
,759,0,0,0.684246
,759,1,2,1.0
,759,2,0,0.75797373
,759,3,0,0.75825113
,760,0,3,1.0
,760,1,0,0.7345337
,760,2,0,0.75395775
,760,3,0,0.7534106
,761,0,0,0.85308796
,761,1,2,1.0
,761,2,0,0.7569756
,761,3,0,0.70918405
,762,0,0,0.6540824
,762,1,0,0.7828853
,762,2,0,0.7572971
,762,3,2,0.9999999
,763,0,3,1.0
,763,1,0,0.7543419
,763,2,0,0.7058603
,763,3,0,0.77958584
,764,0,0,0.82066673
,764,1,0,0.7572464
,764,2,2,1.0
,764,3,0,0.7569935
,765,0,2,1.0
,765,1,0,0.75826424
,765,2,0,0.7827367
,765,3,0,0.7106561
,766,0,0,0.78270185
,766,1,0,0.7582354
,766,2,0,0.710938
,766,3,2,1.0
,767,0,0,0.7109422
,767,1,0,0.75823694
,767,2,2,1.0
,767,3,0,0.7831979
,768,0,2,1.0
,768,1,0,0.7582722
,768,2,0,0.7388476
,768,3,0,0.7580159
,769,0,0,0.7827161
,769,1,0,0.7582519
,769,2,2,1.0
,769,3,0,0.71064234
,770,0,0,0.7109423
,770,1,0,0.758237
,770,2,0,0.7831978
,770,3,2,1.0
,771,0,2,1.0
,771,1,0,0.75827205
,771,2,0,0.7580157
,771,3,0,0.73884755
,772,0,0,0.782572
,772,1,0,0.75824326
,772,2,0,0.71063143
,772,3,2,1.0
,773,0,0,0.69711363
,773,1,0,0.75733536
,773,2,2,1.0
,773,3,0,0.7813069
,774,0,2,1.0
,774,1,0,0.5014592
,774,2,1,0.85523766
,774,3,1,0.558836
,775,0,0,0.7251478
,775,1,0,0.7537488
,775,2,0,0.74820185
,775,3,2,1.0
,776,0,2,1.0
,776,1,1,0.5005226
,776,2,1,0.57669747
,776,3,1,0.8569077
,777,0,1,0.8569913
,777,1,1,0.50904477
,777,2,2,1.0
,777,3,1,0.5788061
,778,0,0,0.74852955
,778,1,0,0.753697
,778,2,0,0.7587375
,778,3,2,1.0
,779,0,1,0.57240087
,779,1,1,0.5114934
,779,2,3,1.0
,779,3,1,0.8610673
,780,0,2,1.0
,780,1,0,0.7534141
,780,2,0,0.82066077
,780,3,0,0.74940157
,781,0,0,0.6843129
,781,1,0,0.75795823
,781,2,2,1.0
,781,3,0,0.7573578
,782,0,3,1.0
,782,1,0,0.7538914
,782,2,0,0.7794528
,782,3,0,0.7056803
,783,0,0,0.7784246
,783,1,0,0.7572715
,783,2,0,0.75754917
,783,3,2,1.0
,784,0,3,1.0
,784,1,0,0.7536198
,784,2,0,0.7524055
,784,3,0,0.73417604
,785,0,0,0.8535489
,785,1,0,0.75651896
,785,2,0,0.6510771
,785,3,2,1.0
,786,0,0,0.7070899
,786,1,0,0.7540347
,786,2,3,1.0
,786,3,0,0.7790817
,787,0,2,1.0
,787,1,0,0.75695014
,787,2,0,0.8537012
,787,3,0,0.709522
,788,0,0,0.78019
,788,1,0,0.7573595
,788,2,0,0.73394084
,788,3,2,1.0
,789,0,1,0.6351415
,789,1,1,0.51225734
,789,2,3,1.0
,789,3,1,0.8614497
,790,0,3,1.0
,790,1,0,0.7497078
,790,2,0,0.8206678
,790,3,0,0.74561876
,791,0,0,0.8206679
,791,1,0,0.7572466
,791,2,2,1.0
,791,3,0,0.7571938
,792,0,2,1.0
,792,1,0,0.7583016
,792,2,0,0.7388878
,792,3,0,0.75776136
,793,0,0,0.7832179
,793,1,0,0.7582542
,793,2,2,1.0
,793,3,0,0.7106441
,794,0,0,0.75855136
,794,1,0,0.75827444
,794,2,0,0.7388522
,794,3,2,1.0
,795,0,0,0.7577528
,795,1,0,0.75828946
,795,2,2,1.0
,795,3,0,0.7388641
,796,0,0,0.71063894
,796,1,0,0.7582522
,796,2,0,0.7827162
,796,3,2,1.0
,797,0,2,1.0
,797,1,0,0.7582352
,797,2,0,0.7109375
,797,3,0,0.78270173
,798,0,0,0.7827019
,798,1,0,0.7582351
,798,2,2,1.0
,798,3,0,0.7109375
,799,0,0,0.7109374
,799,1,0,0.7582351
,799,2,0,0.78270185
,799,3,2,1.0
,800,0,2,1.0
,800,1,0,0.7582351
,800,2,0,0.7109375
,800,3,0,0.7827019
,801,0,0,0.78270173
,801,1,0,0.7582351
,801,2,2,1.0
,801,3,0,0.7109375
,802,0,0,0.71091944
,802,1,0,0.75823927
,802,2,0,0.78320587
,802,3,2,1.0
,803,0,2,1.0
,803,1,0,0.75797856
,803,2,0,0.75825554
,803,3,0,0.6844781
,804,0,0,0.68004054
,804,1,0,0.75337815
,804,2,0,0.7528126
,804,3,3,1.0
,805,0,3,1.0
,805,1,0,0.75163716
,805,2,0,0.7031643
,805,3,0,0.8539431
,806,0,0,0.810853
,806,1,0,0.7563992
,806,2,2,1.0
,806,3,0,0.75755495
,807,0,2,1.0
,807,1,0,0.5025997
,807,2,1,0.8825468
,807,3,0,0.50189054
,808,0,0,0.7819992
,808,1,0,0.7545096
,808,2,2,1.0
,808,3,0,0.70644486
,809,0,0,0.710929
,809,1,0,0.7581908
,809,2,0,0.78319466
,809,3,2,1.0
,810,0,2,1.0
,810,1,0,0.75827163
,810,2,0,0.7580159
,810,3,0,0.7388478
,811,0,0,0.78321767
,811,1,0,0.75825375
,811,2,0,0.71064717
,811,3,2,1.0
,812,0,0,0.7585575
,812,1,0,0.7582745
,812,2,2,1.0
,812,3,0,0.7388525
,813,0,0,0.7582949
,813,1,0,0.7582916
,813,2,0,0.73886895
,813,3,2,1.0
,814,0,0,0.75829196
,814,1,0,0.7582919
,814,2,2,1.0
,814,3,0,0.73886913
,815,0,0,0.75829417
,815,1,0,0.75829417
,815,2,0,0.7388478
,815,3,2,1.0
,816,0,0,0.757992
,816,1,0,0.7579921
,816,2,2,1.0
,816,3,0,0.68426335
,817,0,0,0.7539618
,817,1,0,0.7539618
,817,2,0,0.7345574
,817,3,3,1.0
,818,0,0,0.7572648
,818,1,0,0.7572648
,818,2,2,1.0
,818,3,0,0.8206684
,819,0,0,0.758304
,819,1,0,0.7583039
,819,2,0,0.7388924
,819,3,2,1.0
,820,0,0,0.75829196
,820,1,0,0.758286
,820,2,2,1.0
,820,3,0,0.738869
,821,0,0,0.75827616
,821,1,0,0.7577495
,821,2,0,0.7388638
,821,3,2,1.0
,822,0,0,0.7570565
,822,1,0,0.71060705
,822,2,2,1.0
,822,3,0,0.783215
,823,0,0,0.6527207
,823,1,2,1.0
,823,2,0,0.7828853
,823,3,0,0.7581565
,824,0,3,1.0
,824,1,0,0.7346953
,824,2,0,0.75386244
,824,3,0,0.7541248
,825,0,0,0.8530877
,825,1,2,1.0
,825,2,0,0.7091907
,825,3,0,0.75698453
,826,0,0,0.65405864
,826,1,0,0.78288716
,826,2,2,1.0
,826,3,0,0.7578537
,827,0,3,1.0
,827,1,0,0.75441104
,827,2,0,0.73471344
,827,3,0,0.7541062
,828,0,0,0.82064825
,828,1,0,0.75726557
,828,2,2,1.0
,828,3,0,0.75606567
,829,0,2,1.0
,829,1,0,0.75790393
,829,2,0,0.78241396
,829,3,0,0.6527851
,830,0,0,0.7790846
,830,1,0,0.75405437
,830,2,0,0.70616907
,830,3,3,1.0
,831,0,0,0.7095199
,831,1,0,0.75696063
,831,2,2,1.0
,831,3,0,0.85389394
,832,0,2,1.0
,832,1,0,0.7582437
,832,2,0,0.73883986
,832,3,0,0.75881076
,833,0,0,0.7832158
,833,1,0,0.75771123
,833,2,2,1.0
,833,3,0,0.71065176
,834,0,0,0.7585178
,834,1,0,0.71061933
,834,2,0,0.78270125
,834,3,2,1.0
,835,0,0,0.7582381
,835,1,2,1.0
,835,2,0,0.7109373
,835,3,0,0.78270173
,836,0,0,0.75823694
,836,1,0,0.7831979
,836,2,2,1.0
,836,3,0,0.7109422
,837,0,0,0.7582722
,837,1,0,0.7580159
,837,2,0,0.7388476
,837,3,2,1.0
,838,0,0,0.7582519
,838,1,0,0.71064234
,838,2,2,1.0
,838,3,0,0.78271604
,839,0,0,0.7582368
,839,1,2,1.0
,839,2,0,0.7832034
,839,3,0,0.7109425
,840,0,0,0.7582533
,840,1,0,0.7388439
,840,2,0,0.7585496
,840,3,2,1.0
,841,0,0,0.75624883
,841,1,2,1.0
,841,2,0,0.7574069
,841,3,0,0.72588605
,842,0,1,0.5594087
,842,1,1,0.855561
,842,2,0,0.50151676
,842,3,2,1.0
,843,0,2,1.0
,843,1,0,0.70204073
,843,2,0,0.75393075
,843,3,0,0.7826143
,844,0,0,0.7821807
,844,1,2,1.0
,844,2,0,0.6958615
,844,3,0,0.7574004
,845,0,1,0.5159833
,845,1,1,0.95517063
,845,2,2,1.0
,845,3,1,0.51665545
,846,0,0,0.7533583
,846,1,2,1.0
,846,2,0,0.7249664
,846,3,0,0.7521822
,847,0,0,0.5014119
,847,1,1,0.8552005
,847,2,2,1.0
,847,3,1,0.55955213
,848,0,0,0.7543492
,848,1,0,0.75027466
,848,2,0,0.6834832
,848,3,2,1.0
,849,0,0,0.7539162
,849,1,0,0.75331855
,849,2,3,1.0
,849,3,0,0.7345343
,850,0,0,0.75697905
,850,1,0,0.70921034
,850,2,0,0.85353065
,850,3,2,1.0
,851,0,0,0.7582002
,851,1,2,1.0
,851,2,0,0.71182877
,851,3,0,0.7826955
,852,0,0,0.7570393
,852,1,0,0.7832009
,852,2,2,1.0
,852,3,0,0.7109058
,853,0,0,0.6527207
,853,1,0,0.7581565
,853,2,0,0.7828853
,853,3,2,1.0
,854,0,3,1.0
,854,1,0,0.75412476
,854,2,0,0.7538627
,854,3,0,0.7346954
,855,0,0,0.85353065
,855,1,0,0.7569822
,855,2,0,0.70921797
,855,3,2,1.0
,856,0,0,0.71182925
,856,1,0,0.7582139
,856,2,2,1.0
,856,3,0,0.7826958
,857,0,2,1.0
,857,1,0,0.7582351
,857,2,0,0.782702
,857,3,0,0.7109376
,858,0,0,0.7827017
,858,1,0,0.7582351
,858,2,0,0.71093714
,858,3,2,1.0
,859,0,0,0.71090686
,859,1,0,0.7582344
,859,2,2,1.0
,859,3,0,0.7820955
,860,0,2,1.0
,860,1,0,0.7578741
,860,2,0,0.7828924
,860,3,0,0.6530715
,861,0,0,0.73471713
,861,1,0,0.75412333
,861,2,0,0.7544141
,861,3,3,1.0
,862,0,2,1.0
,862,1,0,0.75725883
,862,2,0,0.7572617
,862,3,0,0.82066256
,863,0,0,0.725936
,863,1,0,0.757401
,863,2,0,0.7573632
,863,3,2,1.0
,864,0,2,1.0
,864,1,0,0.5005597
,864,2,1,0.5014364
,864,3,1,0.8898508
,865,0,1,0.9443877
,865,1,1,0.5265218
,865,2,1,0.60175234
,865,3,2,1.0
,866,0,1,0.521512
,866,1,1,0.5107005
,866,2,2,1.0
,866,3,1,0.89101005
,867,0,1,0.5097637
,867,1,1,0.5102324
,867,2,1,0.90913296
,867,3,2,1.0
,868,0,0,0.7522049
,868,1,0,0.7037776
,868,2,3,1.0
,868,3,0,0.7801579
,869,0,0,0.75694245
,869,1,2,1.0
,869,2,0,0.85353065
,869,3,0,0.70953465
,870,0,0,0.7581906
,870,1,0,0.7831899
,870,2,0,0.7118247
,870,3,2,1.0
,871,0,0,0.75590855
,871,1,0,0.7576354
,871,2,2,1.0
,871,3,0,0.725827
,872,0,1,0.5764497
,872,1,1,0.5004181
,872,2,1,0.8561529
,872,3,2,1.0
,873,0,2,1.0
,873,1,1,0.50998616
,873,2,1,0.5208013
,873,3,1,0.89126426
,874,0,1,0.9440743
,874,1,1,0.5254856
,874,2,1,0.5860855
,874,3,2,1.0
,875,0,0,0.74957705
,875,1,0,0.7531392
,875,2,2,1.0
,875,3,0,0.7381341
,876,0,0,0.75779605
,876,1,0,0.6529259
,876,2,0,0.7829043
,876,3,2,1.0
,877,0,0,0.75355256
,877,1,3,1.0
,877,2,0,0.7532773
,877,3,0,0.6802328
,878,0,0,0.75164783
,878,1,0,0.85394865
,878,2,0,0.7031752
,878,3,3,1.0
,879,0,0,0.75719726
,879,1,0,0.7583701
,879,2,2,1.0
,879,3,0,0.82067794
,880,0,0,0.7579387
,880,1,0,0.7584791
,880,2,0,0.7833971
,880,3,2,1.0
,881,0,0,0.7151329
,881,1,0,0.76227975
,881,2,0,0.76137644
,881,3,2,1.0
,882,0,2,1.0
,882,1,0,0.7579327
,882,2,0,0.6528248
,882,3,0,0.7823896
,883,0,0,0.7790844
,883,1,0,0.75404817
,883,2,3,1.0
,883,3,0,0.7061682
,884,0,0,0.70951384
,884,1,0,0.75641567
,884,2,0,0.8538982
,884,3,2,1.0
,885,0,2,1.0
,885,1,0,0.7105829
,885,2,0,0.75928617
,885,3,0,0.7825499
,886,0,0,0.782344
,886,1,2,1.0
,886,2,0,0.7558668
,886,3,0,0.69706553
,887,0,0,0.5001168
,887,1,1,0.8571468
,887,2,1,0.5766041
,887,3,2,1.0
,888,0,1,0.5108519
,888,1,1,0.5955996
,888,2,2,1.0
,888,3,1,0.858614
,889,0,1,0.5094019
,889,1,2,1.0
,889,2,1,0.8570147
,889,3,1,0.57891977
,890,0,0,0.752507
,890,1,0,0.7587397
,890,2,0,0.7497263
,890,3,2,1.0
,891,0,1,0.57234997
,891,1,3,1.0
,891,2,1,0.5116314
,891,3,1,0.86152714
,892,0,2,1.0
,892,1,0,0.85339266
,892,2,0,0.75092274
,892,3,0,0.6861657
,893,0,1,0.8552352
,893,1,0,0.50392854
,893,2,1,0.5596124
,893,3,2,1.0
,894,0,0,0.74992687
,894,1,0,0.7547034
,894,2,2,1.0
,894,3,0,0.7381974
,895,0,0,0.6967029
,895,1,0,0.75615335
,895,2,0,0.7823899
,895,3,2,1.0
,896,0,2,1.0
,896,1,1,0.55952656
,896,2,0,0.50209725
,896,3,1,0.8560363
,897,0,0,0.7822543
,897,1,2,1.0
,897,2,0,0.75421107
,897,3,0,0.64318573
,898,0,0,0.7544263
,898,1,0,0.73474926
,898,2,0,0.75411415
,898,3,3,1.0
,899,0,0,0.7560694
,899,1,2,1.0
,899,2,0,0.7572624
,899,3,0,0.8206484
,900,0,0,0.6527851
,900,1,0,0.78241396
,900,2,0,0.757904
,900,3,2,1.0
,901,0,3,1.0
,901,1,0,0.70616907
,901,2,0,0.7540544
,901,3,0,0.77908444
,902,0,0,0.8539004
,902,1,2,1.0
,902,2,0,0.7569626
,902,3,0,0.70949686
,903,0,0,0.75905186
,903,1,0,0.6842368
,903,2,0,0.7579443
,903,3,2,1.0
,904,0,0,0.75396395
,904,1,3,1.0
,904,2,0,0.7534072
,904,3,0,0.7345335
,905,0,0,0.7564349
,905,1,0,0.8538982
,905,2,0,0.70920795
,905,3,2,1.0
,906,0,0,0.710599
,906,1,0,0.7593133
,906,2,2,1.0
,906,3,0,0.78319055
,907,0,2,1.0
,907,1,0,0.7582841
,907,2,0,0.73884743
,907,3,0,0.7580155
,908,0,0,0.78321207
,908,1,0,0.75825393
,908,2,2,1.0
,908,3,0,0.710647
,909,0,0,0.75801575
,909,1,0,0.75827205
,909,2,0,0.7388476
,909,3,2,1.0
,910,0,0,0.7106376
,910,1,0,0.7582431
,910,2,2,1.0
,910,3,0,0.7831826
,911,0,2,1.0
,911,1,0,0.75715303
,911,2,0,0.7249819
,911,3,0,0.75503045
,912,0,1,0.94380635
,912,1,1,0.5176435
,912,2,2,1.0
,912,3,1,0.64135945
,913,0,0,0.74581677
,913,1,0,0.75132036
,913,2,0,0.73508173
,913,3,3,1.0
,914,0,0,0.70911777
,914,1,0,0.7569524
,914,2,2,1.0
,914,3,0,0.85353065
,915,0,2,1.0
,915,1,0,0.75821525
,915,2,0,0.7831972
,915,3,0,0.7118342
,916,0,0,0.7388441
,916,1,0,0.7582664
,916,2,0,0.7585365
,916,3,2,1.0
,917,0,2,1.0
,917,1,0,0.7574036
,917,2,0,0.75625205
,917,3,0,0.7258862
,918,0,1,0.85520077
,918,1,0,0.5015175
,918,2,1,0.55940914
,918,3,2,1.0
,919,0,0,0.7494158
,919,1,0,0.75350595
,919,2,2,1.0
,919,3,0,0.7240886
,920,0,1,0.5237745
,920,1,1,0.5229276
,920,2,1,0.9835594
,920,3,2,1.0
,921,0,0,0.7059796
,921,1,0,0.7541226
,921,2,2,1.0
,921,3,0,0.7813104
,922,0,2,1.0
,922,1,0,0.7578227
,922,2,0,0.7828881
,922,3,0,0.65305513
,923,0,0,0.7347131
,923,1,0,0.7541099
,923,2,0,0.7543842
,923,3,3,1.0
,924,0,2,1.0
,924,1,0,0.75612885
,924,2,0,0.7546352
,924,3,0,0.809942
,925,0,1,0.97932726
,925,1,1,0.5245525
,925,2,1,0.6006896
,925,3,2,1.0
,926,0,1,0.576722
,926,1,1,0.53211826
,926,2,2,1.0
,926,3,1,0.9793087
,927,0,3,1.0
,927,1,1,0.5180551
,927,2,1,0.8875697
,927,3,1,0.53051543
,928,0,0,0.8538968
,928,1,0,0.7528099
,928,2,2,1.0
,928,3,0,0.70439404
,929,0,0,0.757831
,929,1,0,0.7572999
,929,2,0,0.72588843
,929,3,2,1.0
,930,0,1,0.53182626
,930,1,0,0.5008964
,930,2,2,1.0
,930,3,1,0.8563127
,931,0,3,1.0
,931,1,1,0.5178237
,931,2,1,0.8611182
,931,3,1,0.58760303
,932,0,0,0.85166043
,932,1,0,0.7521832
,932,2,0,0.7230421
,932,3,2,1.0
,933,0,1,0.63280016
,933,1,1,0.51232433
,933,2,3,1.0
,933,3,1,0.8622134
,934,0,3,1.0
,934,1,0,0.74830675
,934,2,0,0.8535986
,934,3,0,0.63680685
,935,0,0,0.85394335
,935,1,0,0.7511084
,935,2,0,0.7047233
,935,3,3,1.0
,936,0,0,0.7571485
,936,1,0,0.69521135
,936,2,2,1.0
,936,3,0,0.8524171
,937,0,0,0.50034106
,937,1,2,1.0
,937,2,1,0.8557541
,937,3,1,0.57127404
,938,0,0,0.5393355
,938,1,1,0.74670815
,938,2,0,0.5307737
,938,3,2,1.0
,939,0,0,0.7551169
,939,1,2,1.0
,939,2,0,0.7544826
,939,3,0,0.7382039
,940,0,0,0.75751895
,940,1,0,0.7832065
,940,2,0,0.71058464
,940,3,2,1.0
,941,0,0,0.6968408
,941,1,0,0.75763637
,941,2,2,1.0
,941,3,0,0.78239274
,942,0,2,1.0
,942,1,0,0.50243807
,942,2,1,0.88262063
,942,3,0,0.5030757
,943,0,0,0.72509015
,943,1,0,0.75365937
,943,2,2,1.0
,943,3,0,0.7536667
,944,0,2,1.0
,944,1,0,0.50238264
,944,2,1,0.88260233
,944,3,0,0.5023826
,945,0,0,0.72508895
,945,1,0,0.7536585
,945,2,2,1.0
,945,3,0,0.7536404
,946,0,2,1.0
,946,1,0,0.5023579
,946,2,1,0.88261455
,946,3,0,0.5014175
,947,0,0,0.7805789
,947,1,0,0.75357044
,947,2,2,1.0
,947,3,0,0.69246346
,948,0,1,0.5588624
,948,1,0,0.5013521
,948,2,1,0.8552309
,948,3,2,1.0
,949,0,2,1.0
,949,1,0,0.7546889
,949,2,0,0.75061625
,949,3,0,0.7382053
,950,0,0,0.725039
,950,1,0,0.75714546
,950,2,0,0.7559205
,950,3,2,1.0
,951,0,2,1.0
,951,1,1,0.51698554
,951,2,1,0.5775781
,951,3,1,0.94355863
,952,0,0,0.7381753
,952,1,0,0.75445104
,952,2,2,1.0
,952,3,0,0.7495944
,953,0,2,1.0
,953,1,0,0.7582492
,953,2,0,0.73884624
,953,3,0,0.75818783
,954,0,0,0.684287
,954,1,0,0.7579893
,954,2,2,1.0
,954,3,0,0.7574339
,955,0,3,1.0
,955,1,0,0.7538826
,955,2,0,0.7794442
,955,3,0,0.70567715
,956,0,0,0.8108524
,956,1,0,0.7564376
,956,2,0,0.7567118
,956,3,2,1.0
,957,0,2,1.0
,957,1,0,0.502577
,957,2,0,0.5016337
,957,3,1,0.882556
,958,0,0,0.78035647
,958,1,0,0.75335526
,958,2,0,0.69156474
,958,3,2,1.0
,959,0,1,0.5769981
,959,1,1,0.5171268
,959,2,2,1.0
,959,3,1,0.94377214
,960,0,2,1.0
,960,1,0,0.7534193
,960,2,0,0.78036934
,960,3,0,0.6867053
,961,0,1,0.85694146
,961,1,1,0.500604
,961,2,1,0.5759614
,961,3,2,1.0
,962,0,1,0.57883817
,962,1,1,0.5090559
,962,2,2,1.0
,962,3,1,0.8574517
,963,0,2,1.0
,963,1,0,0.7533555
,963,2,0,0.7804707
,963,3,0,0.68700635
,964,0,1,0.9435732
,964,1,1,0.5171321
,964,2,1,0.57696825
,964,3,2,1.0
,965,0,0,0.74860764
,965,1,0,0.75350696
,965,2,2,1.0
,965,3,0,0.76105016
,966,0,1,0.52301514
,966,1,1,0.5212291
,966,2,1,0.9662013
,966,3,3,1.0
,967,0,0,0.6431628
,967,1,0,0.7495699
,967,2,3,1.0
,967,3,0,0.85396194
,968,0,3,1.0
,968,1,0,0.7523369
,968,2,0,0.8206588
,968,3,0,0.7530118
,969,0,0,0.85389763
,969,1,0,0.75699055
,969,2,2,1.0
,969,3,0,0.7092422
,970,0,0,0.75934327
,970,1,0,0.7582522
,970,2,0,0.73884463
,970,3,2,1.0
,971,0,0,0.7576059
,971,1,0,0.7582671
,971,2,2,1.0
,971,3,0,0.7388538
,972,0,0,0.6968056
,972,1,0,0.75619614
,972,2,0,0.7823906
,972,3,2,1.0
,973,0,2,1.0
,973,1,1,0.55949074
,973,2,0,0.502071
,973,3,1,0.85569686
,974,0,0,0.7817451
,974,1,2,1.0
,974,2,0,0.75222164
,974,3,0,0.6879078
,975,0,0,0.50010324
,975,1,1,0.85694134
,975,2,1,0.57666874
,975,3,2,1.0
,976,0,1,0.50998604
,976,1,1,0.578851
,976,2,2,1.0
,976,3,1,0.8569908
,977,0,0,0.69247514
,977,1,2,1.0
,977,2,0,0.7806991
,977,3,0,0.7495927
,978,0,2,1.0
,978,1,1,0.8552444
,978,2,1,0.55888146
,978,3,0,0.50049335
,979,0,0,0.78261775
,979,1,0,0.7498618
,979,2,2,1.0
,979,3,0,0.7065869
,980,0,0,0.7572757
,980,1,0,0.6954016
,980,2,0,0.7806933
,980,3,2,1.0
,981,0,1,0.52614087
,981,1,2,1.0
,981,2,1,0.60075676
,981,3,1,0.9923844
,982,0,1,0.5108938
,982,1,1,0.891116
,982,2,2,1.0
,982,3,1,0.52618486
,983,0,1,0.5122308
,983,1,2,1.0
,983,2,1,0.85795903
,983,3,1,0.63594073
,984,0,0,0.7028254
,984,1,0,0.7799471
,984,2,0,0.74731225
,984,3,3,1.0
,985,0,2,1.0
,985,1,0,0.7575388
,985,2,0,0.7566252
,985,3,0,0.82066673
,986,0,0,0.7827367
,986,1,0,0.75826746
,986,2,0,0.7106516
,986,3,2,1.0
,987,0,0,0.7109426
,987,1,0,0.7582311
,987,2,2,1.0
,987,3,0,0.7832036
,988,0,2,1.0
,988,1,0,0.75773215
,988,2,0,0.7388478
,988,3,0,0.758555
,989,0,0,0.7832099
,989,1,0,0.71063405
,989,2,2,1.0
,989,3,0,0.75823206
,990,0,0,0.7576311
,990,1,2,1.0
,990,2,0,0.72582734
,990,3,0,0.75589144
,991,0,1,0.5006329
,991,1,1,0.8570256
,991,2,2,1.0
,991,3,1,0.5773513
,992,0,1,0.52510566
,992,1,1,0.59462243
,992,2,1,0.94403017
,992,3,2,1.0
,993,0,0,0.75380117
,993,1,2,1.0
,993,2,0,0.74957687
,993,3,0,0.7381614
,994,0,0,0.71059203
,994,1,0,0.7832166
,994,2,0,0.75815356
,994,3,2,1.0
,995,0,2,1.0
,995,1,0,0.75855976
,995,2,0,0.75826186
,995,3,0,0.73883057
,996,0,0,0.6845579
,996,1,0,0.75799465
,996,2,0,0.7567757
,996,3,2,1.0
,997,0,3,1.0
,997,1,0,0.7531948
,997,2,0,0.64780784
,997,3,0,0.7783267
,998,0,0,0.85393935
,998,1,0,0.75183815
,998,2,3,1.0
,998,3,0,0.7037303
,999,0,0,0.7572785
,999,1,0,0.7561102
,999,2,0,0.83785707
,999,3,2,1.0
,1000,0,1,0.5211989
,1000,1,1,0.52122986
,1000,2,3,1.0
,1000,3,1,0.9565112
,1001,0,0,0.7522109
,1001,1,0,0.75221056
,1001,2,0,0.81084436
,1001,3,2,1.0
,1002,0,0,0.5008581
,1002,1,0,0.5008581
,1002,2,2,1.0
,1002,3,1,0.889424
,1003,0,1,0.50847715
,1003,1,1,0.50847715
,1003,2,1,0.8842589
,1003,3,2,1.0
,1004,0,0,0.75349754
,1004,1,0,0.75349754
,1004,2,2,1.0
,1004,3,0,0.72505516
,1005,0,0,0.50076157
,1005,1,0,0.50076157
,1005,2,1,0.88947165
,1005,3,2,1.0
,1006,0,1,0.508468
,1006,1,1,0.508468
,1006,2,2,1.0
,1006,3,1,0.8842536
,1007,0,0,0.7544168
,1007,1,0,0.7544168
,1007,2,0,0.738062
,1007,3,2,1.0
,1008,0,0,0.7573927
,1008,1,0,0.7573927
,1008,2,2,1.0
,1008,3,0,0.7592455
,1009,0,1,0.5108594
,1009,1,1,0.5108593
,1009,2,1,0.8877039
,1009,3,3,1.0
,1010,0,0,0.7532697
,1010,1,0,0.75326973
,1010,2,2,1.0
,1010,3,0,0.7784322
,1011,0,0,0.753573
,1011,1,0,0.75357944
,1011,2,0,0.73423505
,1011,3,3,1.0
,1012,0,0,0.75672776
,1012,1,0,0.7572847
,1012,2,2,1.0
,1012,3,0,0.7784412
,1013,0,0,0.7053069
,1013,1,0,0.7535569
,1013,2,0,0.77915794
,1013,3,3,1.0
,1014,0,2,1.0
,1014,1,0,0.7572336
,1014,2,0,0.75632995
,1014,3,0,0.82064855
,1015,0,0,0.78241384
,1015,1,0,0.7579036
,1015,2,0,0.6527887
,1015,3,2,1.0
,1016,0,0,0.7061691
,1016,1,0,0.75405437
,1016,2,3,1.0
,1016,3,0,0.7790846
,1017,0,2,1.0
,1017,1,0,0.7569545
,1017,2,0,0.8538982
,1017,3,0,0.7095199
,1018,0,0,0.73883986
,1018,1,0,0.75771
,1018,2,0,0.759349
,1018,3,2,1.0
,1019,0,2,1.0
,1019,1,0,0.7106383
,1019,2,0,0.758264
,1019,3,0,0.78271604
,1020,0,0,0.78270155
,1020,1,2,1.0
,1020,2,0,0.7582353
,1020,3,0,0.71093756
,1021,0,0,0.71091926
,1021,1,0,0.78319997
,1021,2,0,0.75823927
,1021,3,2,1.0
,1022,0,2,1.0
,1022,1,0,0.75770026
,1022,2,0,0.7579714
,1022,3,0,0.6842691
,1023,0,0,0.77893984
,1023,1,0,0.7056606
,1023,2,0,0.75388783
,1023,3,3,1.0
,1024,0,0,0.70950454
,1024,1,2,1.0
,1024,2,0,0.7569368
,1024,3,0,0.85342574
,1025,0,2,1.0
,1025,1,0,0.78237087
,1025,2,0,0.75615776
,1025,3,0,0.6980297
,1026,0,1,0.85522604
,1026,1,0,0.50210595
,1026,2,1,0.5594718
,1026,3,2,1.0
,1027,0,0,0.7497323
,1027,1,0,0.7538114
,1027,2,2,1.0
,1027,3,0,0.72524464
,1028,0,0,0.5022951
,1028,1,0,0.5024001
,1028,2,1,0.8825962
,1028,3,2,1.0
,1029,0,0,0.75455016
,1029,1,0,0.75455064
,1029,2,2,1.0
,1029,3,0,0.738059
,1030,0,0,0.75735134
,1030,1,0,0.75728977
,1030,2,0,0.725937
,1030,3,2,1.0
,1031,0,0,0.50113076
,1031,1,1,0.5021237
,1031,2,2,1.0
,1031,3,1,0.8694104
,1032,0,1,0.5276287
,1032,1,1,0.64990276
,1032,2,1,0.94496244
,1032,3,3,1.0
,1033,0,0,0.7495555
,1033,1,3,1.0
,1033,2,0,0.7439525
,1033,3,0,0.8206469
,1034,0,0,0.7560516
,1034,1,0,0.8533926
,1034,2,0,0.69528276
,1034,3,2,1.0
,1035,0,0,0.5024226
,1035,1,0,0.50492966
,1035,2,2,1.0
,1035,3,1,0.8826011
,1036,0,0,0.75475955
,1036,1,0,0.75478816
,1036,2,0,0.78222275
,1036,3,2,1.0
,1037,0,0,0.762228
,1037,1,0,0.7622362
,1037,2,0,0.71546394
,1037,3,2,1.0
,1038,0,0,0.7576264
,1038,1,0,0.7583208
,1038,2,2,1.0
,1038,3,0,0.7388522
,1039,0,0,0.6959116
,1039,1,0,0.7571367
,1039,2,0,0.7810994
,1039,3,2,1.0
,1040,0,2,1.0
,1040,1,1,0.5170204
,1040,2,1,0.5769464
,1040,3,1,0.94357306
,1041,0,0,0.75871694
,1041,1,0,0.75358176
,1041,2,2,1.0
,1041,3,0,0.747513
,1042,0,3,1.0
,1042,1,1,0.5114995
,1042,2,1,0.8614244
,1042,3,1,0.57245946
,1043,0,0,0.8539054
,1043,1,0,0.7530682
,1043,2,0,0.70034724
,1043,3,2,1.0
,1044,0,0,0.7593458
,1044,1,0,0.7582025
,1044,2,2,1.0
,1044,3,0,0.7388395
,1045,0,0,0.75830364
,1045,1,0,0.7582907
,1045,2,0,0.73886895
,1045,3,2,1.0
,1046,0,0,0.75828594
,1046,1,0,0.7582919
,1046,2,2,1.0
,1046,3,0,0.73886895
,1047,0,0,0.75774986
,1047,1,0,0.75828964
,1047,2,0,0.73886436
,1047,3,2,1.0
,1048,0,0,0.7106439
,1048,1,0,0.75825393
,1048,2,2,1.0
,1048,3,0,0.7832176
,1049,0,2,1.0
,1049,1,0,0.75826645
,1049,2,0,0.73884374
,1049,3,0,0.75853646
,1050,0,0,0.72588605
,1050,1,0,0.7574039
,1050,2,2,1.0
,1050,3,0,0.75625205
,1051,0,2,1.0
,1051,1,0,0.5015278
,1051,2,1,0.8555609
,1051,3,1,0.5594083
,1052,0,0,0.7821242
,1052,1,0,0.7546445
,1052,2,0,0.7020521
,1052,3,2,1.0
,1053,0,0,0.7109246
,1053,1,0,0.75818944
,1053,2,2,1.0
,1053,3,0,0.78269774
,1054,0,2,1.0
,1054,1,0,0.7582312
,1054,2,0,0.78270185
,1054,3,0,0.7109374
,1055,0,0,0.7831932
,1055,1,0,0.7579434
,1055,2,0,0.7109434
,1055,3,2,1.0
,1056,0,0,0.75768447
,1056,1,0,0.73251265
,1056,2,2,1.0
,1056,3,0,0.7813374
,1057,0,1,0.5111559
,1057,1,3,1.0
,1057,2,1,0.86131924
,1057,3,1,0.5713619
,1058,0,0,0.7530734
,1058,1,0,0.8539054
,1058,2,0,0.7003501
,1058,3,2,1.0
,1059,0,0,0.75820255
,1059,1,0,0.7593458
,1059,2,2,1.0
,1059,3,0,0.7388396
,1060,0,0,0.7582907
,1060,1,0,0.7583037
,1060,2,0,0.73886895
,1060,3,2,1.0
,1061,0,0,0.7582918
,1061,1,0,0.75829196
,1061,2,2,1.0
,1061,3,0,0.7388692
,1062,0,0,0.7582857
,1062,1,0,0.7582918
,1062,2,0,0.73886895
,1062,3,2,1.0
,1063,0,0,0.7577496
,1063,1,0,0.75828177
,1063,2,2,1.0
,1063,3,0,0.738864
,1064,0,0,0.71062744
,1064,1,0,0.75755596
,1064,2,0,0.78319573
,1064,3,2,1.0
,1065,0,2,1.0
,1065,1,0,0.69678545
,1065,2,0,0.7564636
,1065,3,0,0.78237605
,1066,0,1,0.85522085
,1066,1,2,1.0
,1066,2,1,0.5594525
,1066,3,0,0.50210834
,1067,0,0,0.7506378
,1067,1,0,0.738208
,1067,2,2,1.0
,1067,3,0,0.7541601
,1068,0,0,0.7581554
,1068,1,2,1.0
,1068,2,0,0.7825712
,1068,3,0,0.7105814
,1069,0,0,0.7573515
,1069,1,0,0.7823643
,1069,2,0,0.6971658
,1069,3,2,1.0
,1070,0,0,0.5023877
,1070,1,0,0.5014082
,1070,2,2,1.0
,1070,3,1,0.8826525
,1071,0,0,0.75350136
,1071,1,0,0.64805317
,1071,2,0,0.7821249
,1071,3,2,1.0
,1072,0,0,0.70580935
,1072,1,3,1.0
,1072,2,0,0.7543443
,1072,3,0,0.77909726
,1073,0,2,1.0
,1073,1,0,0.85389835
,1073,2,0,0.756419
,1073,3,0,0.709514
,1074,0,0,0.7831768
,1074,1,0,0.75930536
,1074,2,0,0.71058977
,1074,3,2,1.0
,1075,0,0,0.7565158
,1075,1,0,0.7573983
,1075,2,2,1.0
,1075,3,0,0.72586876
,1076,0,1,0.5593893
,1076,1,0,0.50153494
,1076,2,1,0.855192
,1076,3,2,1.0
,1077,0,2,1.0
,1077,1,0,0.7547017
,1077,2,0,0.75064117
,1077,3,0,0.73821354
,1078,0,0,0.73884624
,1078,1,0,0.7582521
,1078,2,0,0.7581999
,1078,3,2,1.0
,1079,0,2,1.0
,1079,1,0,0.7579893
,1079,2,0,0.7574341
,1079,3,0,0.6842871
,1080,0,0,0.7794151
,1080,1,0,0.7538787
,1080,2,0,0.7056769
,1080,3,3,1.0
,1081,0,0,0.7539971
,1081,1,0,0.7561264
,1081,2,2,1.0
,1081,3,0,0.8099369
,1082,0,1,0.64642584
,1082,1,1,0.52319324
,1082,2,1,0.9792256
,1082,3,2,1.0
,1083,0,3,1.0
,1083,1,0,0.75117207
,1083,2,0,0.6967128
,1083,3,0,0.7794126
,1084,0,0,0.8534188
,1084,1,0,0.75691414
,1084,2,2,1.0
,1084,3,0,0.70950943
,1085,0,0,0.6971599
,1085,1,0,0.7570484
,1085,2,0,0.7821543
,1085,3,2,1.0
,1086,0,2,1.0
,1086,1,1,0.5196417
,1086,2,1,0.51737463
,1086,3,1,0.94971085
,1087,0,1,0.94492716
,1087,1,1,0.588069
,1087,2,1,0.5276229
,1087,3,3,1.0
,1088,0,0,0.6992029
,1088,1,2,1.0
,1088,2,0,0.7516385
,1088,3,0,0.8539084
,1089,0,2,1.0
,1089,1,0,0.7828781
,1089,2,0,0.6526264
,1089,3,0,0.75893885
,1090,0,0,0.7346957
,1090,1,0,0.7544124
,1090,2,3,0.9999988
,1090,3,0,0.7535842
,1091,0,2,1.0
,1091,1,0,0.75698525
,1091,2,0,0.8538978
,1091,3,0,0.709217
,1092,0,0,0.7388447
,1092,1,0,0.75825226
,1092,2,0,0.75935113
,1092,3,2,1.0
,1093,0,2,1.0
,1093,1,0,0.75829357
,1093,2,0,0.75830597
,1093,3,0,0.7388476
,1094,0,0,0.6842656
,1094,1,0,0.7579921
,1094,2,0,0.75798583
,1094,3,2,1.0
,1095,0,3,1.0
,1095,1,0,0.753958
,1095,2,0,0.7534077
,1095,3,0,0.7345338
,1096,0,0,0.8538929
,1096,1,0,0.7569714
,1096,2,0,0.70920527
,1096,3,2,1.0
,1097,0,0,0.7584741
,1097,1,0,0.75737196
,1097,2,2,1.0
,1097,3,0,0.72587484
,1098,0,0,0.5017689
,1098,1,0,0.50173193
,1098,2,1,0.9078177
,1098,3,2,1.0
,1099,0,0,0.75241226
,1099,1,0,0.75185937
,1099,2,3,1.0
,1099,3,0,0.7359172
,1100,0,0,0.7569599
,1100,1,0,0.7091885
,1100,2,0,0.85342586
,1100,3,2,1.0
,1101,0,0,0.75733197
,1101,1,2,1.0
,1101,2,0,0.69808555
,1101,3,0,0.78238785
,1102,0,0,0.5024368
,1102,1,1,0.8826139
,1102,2,2,1.0
,1102,3,0,0.50309056
,1103,0,0,0.75401187
,1103,1,2,1.0
,1103,2,0,0.73806167
,1103,3,0,0.75456464
,1104,0,0,0.71058923
,1104,1,0,0.78271407
,1104,2,2,1.0
,1104,3,0,0.7582078
,1105,0,2,1.0
,1105,1,0,0.7109193
,1105,2,0,0.7832056
,1105,3,0,0.7582325
,1106,0,0,0.68426937
,1106,1,2,1.0
,1106,2,0,0.7582487
,1106,3,0,0.75741625
,1107,0,3,1.0
,1107,1,0,0.7794365
,1107,2,0,0.75333965
,1107,3,0,0.7056552
,1108,0,0,0.8538968
,1108,1,0,0.7560467
,1108,2,0,0.7091498
,1108,3,2,1.0
,1109,0,0,0.7583961
,1109,1,0,0.65271956
,1109,2,2,1.0
,1109,3,0,0.7828817
,1110,0,0,0.70585537
,1110,1,3,1.0
,1110,2,0,0.7790836
,1110,3,0,0.7543375
,1111,0,2,1.0
,1111,1,0,0.85389847
,1111,2,0,0.7095137
,1111,3,0,0.75641894
,1112,0,0,0.78319603
,1112,1,0,0.7593133
,1112,2,2,1.0
,1112,3,0,0.71059906
,1113,0,0,0.75853235
,1113,1,0,0.7582776
,1113,2,0,0.7388434
,1113,3,2,1.0
,1114,0,0,0.75592846
,1114,1,0,0.7573392
,1114,2,2,1.0
,1114,3,0,0.7258422
,1115,0,1,0.57650805
,1115,1,1,0.50200933
,1115,2,1,0.8561355
,1115,3,2,1.0
,1116,0,2,1.0
,1116,1,1,0.5697868
,1116,2,1,0.51824737
,1116,3,1,0.857336
,1117,0,0,0.7826098
,1117,1,2,1.0
,1117,2,0,0.7544015
,1117,3,0,0.70201254
,1118,0,0,0.7576665
,1118,1,0,0.72587705
,1118,2,0,0.7573316
,1118,3,2,1.0
,1119,0,0,0.50173
,1119,1,2,1.0
,1119,2,0,0.5009724
,1119,3,1,0.9078145
,1120,0,0,0.7523398
,1120,1,0,0.7806729
,1120,2,0,0.70395297
,1120,3,3,1.0
,1121,0,0,0.75668555
,1121,1,0,0.75754696
,1121,2,2,1.0
,1121,3,0,0.82066673
,1122,0,0,0.71066207
,1122,1,0,0.7580135
,1122,2,0,0.783226
,1122,3,2,1.0
,1123,0,2,1.0
,1123,1,0,0.7358901
,1123,2,0,0.7575745
,1123,3,0,0.7812175
,1124,0,1,0.979473
,1124,1,3,1.0
,1124,2,1,0.5243899
,1124,3,1,0.5842832
,1125,0,0,0.6987934
,1125,1,0,0.8539015
,1125,2,0,0.752888
,1125,3,2,1.0
,1126,0,2,1.0
,1126,1,0,0.7588048
,1126,2,0,0.7581975
,1126,3,0,0.73883414
,1127,0,0,0.78319556
,1127,1,0,0.7106482
,1127,2,0,0.7582422
,1127,3,2,1.0
,1128,0,0,0.7562762
,1128,1,2,1.0
,1128,2,0,0.75716966
,1128,3,0,0.7250228
,1129,0,1,0.5775809
,1129,1,1,0.94356114
,1129,2,1,0.5169957
,1129,3,2,1.0
,1130,0,2,1.0
,1130,1,0,0.74868196
,1130,2,0,0.7535527
,1130,3,0,0.725204
,1131,0,1,0.8826114
,1131,1,0,0.5022667
,1131,2,0,0.5023922
,1131,3,2,1.0
,1132,0,2,1.0
,1132,1,0,0.7541971
,1132,2,0,0.7541987
,1132,3,0,0.68330705
,1133,0,0,0.7345535
,1133,1,0,0.75390595
,1133,2,0,0.75390613
,1133,3,3,0.9999994
,1134,0,2,1.0
,1134,1,0,0.7562242
,1134,2,0,0.7562385
,1134,3,0,0.8101722
,1135,0,1,0.955151
,1135,1,1,0.5173347
,1135,2,1,0.5165959
,1135,3,2,1.0
,1136,0,2,1.0
,1136,1,0,0.70612687
,1136,2,0,0.7542233
,1136,3,0,0.7824431
,1137,0,0,0.7388513
,1137,1,2,1.0
,1137,2,0,0.7582141
,1137,3,0,0.7585341
,1138,0,2,1.0
,1138,1,0,0.75934225
,1138,2,0,0.75743306
,1138,3,0,0.7574367
,1139,0,1,0.9115877
,1139,1,3,1.0
,1139,2,1,0.5112371
,1139,3,1,0.51123697
,1140,0,3,1.0
,1140,1,0,0.82065815
,1140,2,0,0.75072634
,1140,3,0,0.7507263
,1141,0,0,0.82066804
,1141,1,2,1.0
,1141,2,0,0.757261
,1141,3,0,0.757261
,1142,0,2,1.0
,1142,1,0,0.7388712
,1142,2,0,0.7583063
,1142,3,0,0.7583063
,1143,0,0,0.6842638
,1143,1,2,1.0
,1143,2,0,0.7579922
,1143,3,0,0.7579922
,1144,0,3,1.0
,1144,1,0,0.7345528
,1144,2,0,0.7539527
,1144,3,0,0.7539528
,1145,0,0,0.81083375
,1145,1,2,1.0
,1145,2,0,0.75643057
,1145,3,0,0.75643086
,1146,0,2,1.0
,1146,1,1,0.8894356
,1146,2,0,0.5009478
,1146,3,0,0.50096714
,1147,0,1,0.909116
,1147,1,2,1.0
,1147,2,1,0.50987315
,1147,3,1,0.50912786
,1148,0,3,1.0
,1148,1,0,0.7806557
,1148,2,0,0.70379645
,1148,3,0,0.7519529
,1149,0,0,0.8531591
,1149,1,0,0.75636315
,1149,2,2,1.0
,1149,3,0,0.7345483
,1150,0,1,0.5225085
,1150,1,1,0.5243428
,1150,2,1,0.98751605
,1150,3,3,1.0
,1151,0,0,0.7017089
,1151,1,0,0.7496243
,1151,2,3,1.0
,1151,3,0,0.8539291
,1152,0,2,1.0
,1152,1,0,0.695296
,1152,2,0,0.8533758
,1152,3,0,0.7571597
,1153,0,1,0.868694
,1153,1,2,1.0
,1153,2,0,0.5036659
,1153,3,0,0.50118876
,1154,0,3,1.0
,1154,1,1,0.99402964
,1154,2,1,0.53212565
,1154,3,1,0.53219223
,1155,0,0,0.8108467
,1155,1,2,1.0
,1155,2,0,0.75205094
,1155,3,0,0.7520193
,1156,0,2,1.0
,1156,1,1,0.8899316
,1156,2,0,0.50052243
,1156,3,1,0.5010888
,1157,0,1,0.9923732
,1157,1,2,1.0
,1157,2,1,0.5320114
,1157,3,1,0.5921902
,1158,0,0,0.7226175
,1158,1,0,0.7807218
,1158,2,0,0.7533775
,1158,3,2,1.0
,1159,0,3,1.0
,1159,1,1,0.5712984
,1159,2,1,0.5112184
,1159,3,1,0.86094064
,1160,0,0,0.8206809
,1160,1,2,1.0
,1160,2,0,0.75340337
,1160,3,0,0.7493956
,1161,0,2,1.0
,1161,1,0,0.7624679
,1161,2,0,0.75728804
,1161,3,0,0.7572425
,1162,0,1,0.98381084
,1162,1,3,1.0
,1162,2,1,0.52434367
,1162,3,1,0.5243534
,1163,0,2,1.0
,1163,1,0,0.8206771
,1163,2,0,0.753006
,1163,3,0,0.7524583
,1164,0,0,0.78273475
,1164,1,2,1.0
,1164,2,0,0.75821376
,1164,3,0,0.710596
,1165,0,0,0.7109425
,1165,1,0,0.7831962
,1165,2,0,0.75823617
,1165,3,2,1.0
,1166,0,2,1.0
,1166,1,0,0.75785893
,1166,2,0,0.75823617
,1166,3,0,0.7388365
,1167,0,0,0.78235835
,1167,1,0,0.69669145
,1167,2,0,0.75493985
,1167,3,2,1.0
,1168,0,0,0.50001574
,1168,1,2,1.0
,1168,2,1,0.6255501
,1168,3,1,0.8561845
,1169,0,0,0.7509615
,1169,1,0,0.7350724
,1169,2,3,1.0
,1169,3,0,0.74738425
,1170,0,0,0.709177
,1170,1,2,1.0
,1170,2,0,0.85389274
,1170,3,0,0.75689864
,1171,0,2,1.0
,1171,1,0,0.72588414
,1171,2,0,0.75845516
,1171,3,0,0.7573223
,1172,0,1,0.8895023
,1172,1,2,1.0
,1172,2,0,0.5008453
,1172,3,1,0.5007602
,1173,0,2,1.0
,1173,1,1,0.8579232
,1173,2,1,0.5093505
,1173,3,1,0.5701307
,1174,0,0,0.7822285
,1174,1,0,0.6434494
,1174,2,0,0.75284153
,1174,3,2,1.0
,1175,0,0,0.75244355
,1175,1,3,1.0
,1175,2,0,0.64835
,1175,3,0,0.7790372
,1176,0,0,0.6449301
,1176,1,0,0.8539813
,1176,2,3,1.0
,1176,3,0,0.7513088
,1177,0,3,1.0
,1177,1,0,0.7535477
,1177,2,0,0.82067215
,1177,3,0,0.7523419
,1178,0,0,0.8206615
,1178,1,0,0.75727975
,1178,2,2,1.0
,1178,3,0,0.75723904
,1179,0,2,1.0
,1179,1,0,0.75738144
,1179,2,0,0.725801
,1179,3,0,0.7550105
,1180,0,1,0.8561547
,1180,1,1,0.5005571
,1180,2,2,1.0
,1180,3,1,0.6252595
,1181,0,0,0.746814
,1181,1,0,0.75095826
,1181,2,0,0.68049186
,1181,3,3,1.0
,1182,0,0,0.75154144
,1182,1,0,0.7521368
,1182,2,3,1.0
,1182,3,0,0.8206609
,1183,0,0,0.70921606
,1183,1,0,0.75644267
,1183,2,0,0.85388887
,1183,3,2,1.0
,1184,0,2,1.0
,1184,1,0,0.710562
,1184,2,0,0.75812286
,1184,3,0,0.7831807
,1185,0,0,0.7828909
,1185,1,2,1.0
,1185,2,0,0.6530344
,1185,3,0,0.7569394
,1186,0,0,0.7536593
,1186,1,0,0.779009
,1186,2,3,1.0
,1186,3,0,0.647835
,1187,0,0,0.75181746
,1187,1,0,0.75266755
,1187,2,0,0.82065904
,1187,3,3,1.0
,1188,0,0,0.70922434
,1188,1,0,0.7569942
,1188,2,2,1.0
,1188,3,0,0.85353035
,1189,0,2,1.0
,1189,1,0,0.7581876
,1189,2,0,0.783195
,1189,3,0,0.71182495
,1190,0,0,0.72792614
,1190,1,0,0.75559235
,1190,2,0,0.7581281
,1190,3,2,1.0
,1191,0,2,1.0
,1191,1,1,0.5804372
,1191,2,0,0.5463858
,1191,3,1,0.69754606
,1192,0,0,0.7350544
,1192,1,3,1.0
,1192,2,0,0.752014
,1192,3,0,0.74918455
,1193,0,2,1.0
,1193,1,0,0.82065284
,1193,2,0,0.7572471
,1193,3,0,0.75721496
,1194,0,0,0.68429124
,1194,1,2,1.0
,1194,2,0,0.75800556
,1194,3,0,0.7580051
,1195,0,3,1.0
,1195,1,0,0.7345572
,1195,2,0,0.75396186
,1195,3,0,0.75395566
,1196,0,0,0.82066655
,1196,1,2,1.0
,1196,2,0,0.75726205
,1196,3,0,0.7567206
,1197,0,2,1.0
,1197,1,0,0.7825829
,1197,2,0,0.7582532
,1197,3,0,0.71064174
,1198,0,0,0.77993023
,1198,1,0,0.6961759
,1198,2,0,0.75710374
,1198,3,2,1.0
,1199,0,1,0.6407747
,1199,1,2,1.0
,1199,2,1,0.517663
,1199,3,1,0.94381106
,1200,0,3,1.0
,1200,1,0,0.7350981
,1200,2,0,0.7513122
,1200,3,0,0.7463703
,1201,0,0,0.81085306
,1201,1,2,1.0
,1201,2,0,0.75643235
,1201,3,0,0.75637585
,1202,0,2,1.0
,1202,1,1,0.88254374
,1202,2,0,0.5026058
,1202,3,0,0.50260425
,1203,0,0,0.72509074
,1203,1,2,1.0
,1203,2,0,0.75366175
,1203,3,0,0.75366175
,1204,0,2,1.0
,1204,1,1,0.8825948
,1204,2,0,0.50238055
,1204,3,0,0.5023806
,1205,0,0,0.75849557
,1205,1,2,1.0
,1205,2,0,0.7537054
,1205,3,0,0.75370514
,1206,0,3,1.0
,1206,1,1,0.88770527
,1206,2,1,0.5109611
,1206,3,1,0.51096946
,1207,0,0,0.82067627
,1207,1,2,1.0
,1207,2,0,0.753231
,1207,3,0,0.75269115
,1208,0,2,1.0
,1208,1,0,0.78321743
,1208,2,0,0.7575474
,1208,3,0,0.71058863
,1209,0,0,0.78279895
,1209,1,0,0.75675267
,1209,2,0,0.6991584
,1209,3,2,1.0
,1210,0,0,0.54774487
,1210,1,1,0.5277542
,1210,2,2,1.0
,1210,3,1,0.6980561
,1211,0,1,0.5678917
,1211,1,2,1.0
,1211,2,1,0.85668474
,1211,3,1,0.51350576
,1212,0,2,1.0
,1212,1,0,0.7252078
,1212,2,0,0.74967587
,1212,3,0,0.75359416
,1213,0,1,0.88948953
,1213,1,2,1.0
,1213,2,0,0.50064546
,1213,3,0,0.5007464
,1214,0,2,1.0
,1214,1,1,0.9091216
,1214,2,1,0.50911844
,1214,3,1,0.5091159
,1215,0,0,0.73593414
,1215,1,3,1.0
,1215,2,0,0.7522837
,1215,3,0,0.7522837
,1216,0,2,1.0
,1216,1,0,0.8206705
,1216,2,0,0.7572404
,1216,3,0,0.7572404
,1217,0,0,0.7592693
,1217,1,2,1.0
,1217,2,0,0.7574504
,1217,3,0,0.7574502
,1218,0,3,1.0
,1218,1,1,0.8877036
,1218,2,1,0.51085854
,1218,3,1,0.51086694
,1219,0,0,0.82067645
,1219,1,2,1.0
,1219,2,0,0.75323975
,1219,3,0,0.7526925
,1220,0,2,1.0
,1220,1,0,0.78323644
,1220,2,0,0.7582183
,1220,3,0,0.71060395
,1221,0,0,0.7388444
,1221,1,0,0.7585499
,1221,2,0,0.7582662
,1221,3,2,1.0
,1222,0,2,1.0
,1222,1,0,0.7574257
,1222,2,0,0.75742257
,1222,3,0,0.7259386
,1223,0,1,0.8825896
,1223,1,0,0.50250995
,1223,2,0,0.5025099
,1223,3,2,1.0
,1224,0,2,1.0
,1224,1,0,0.75454855
,1224,2,0,0.75454867
,1224,3,0,0.73807234
,1225,0,0,0.76166457
,1225,1,0,0.7573036
,1225,2,0,0.7573036
,1225,3,2,1.0
,1226,0,3,1.0
,1226,1,1,0.52106535
,1226,2,1,0.52106535
,1226,3,1,0.95647323
,1227,0,0,0.81086344
,1227,1,0,0.7522415
,1227,2,0,0.7522419
,1227,3,2,1.0
,1228,0,2,1.0
,1228,1,0,0.50245476
,1228,2,0,0.5024772
,1228,3,1,0.8825519
,1229,0,0,0.72499335
,1229,1,0,0.7521459
,1229,2,0,0.7536046
,1229,3,2,1.0
,1230,0,2,1.0
,1230,1,1,0.57659924
,1230,2,1,0.5005265
,1230,3,1,0.85690814
,1231,0,1,0.85733986
,1231,1,2,1.0
,1231,2,1,0.50903606
,1231,3,1,0.57882094
,1232,0,0,0.70197964
,1232,1,0,0.7815033
,1232,2,0,0.7545073
,1232,3,2,1.0
,1233,0,2,1.0
,1233,1,0,0.6530806
,1233,2,0,0.75782466
,1233,3,0,0.7823726
,1234,0,0,0.77959526
,1234,1,3,1.0
,1234,2,0,0.7540544
,1234,3,0,0.7061911
,1235,0,0,0.7575369
,1235,1,0,0.82066864
,1235,2,0,0.757246
,1235,3,2,1.0
,1236,0,0,0.7582691
,1236,1,2,1.0
,1236,2,0,0.7582928
,1236,3,0,0.7388942
,1237,0,0,0.75502455
,1237,1,0,0.7596212
,1237,2,0,0.7574062
,1237,3,2,1.0
,1238,0,1,0.6357397
,1238,1,3,1.0
,1238,2,1,0.51246196
,1238,3,1,0.8619045
,1239,0,3,1.0
,1239,1,0,0.8539375
,1239,2,0,0.7491706
,1239,3,0,0.695835
,1240,0,0,0.81083375
,1240,1,0,0.7575389
,1240,2,0,0.7563247
,1240,3,2,1.0
,1241,0,2,1.0
,1241,1,0,0.50095904
,1241,2,0,0.5000802
,1241,3,1,0.8894311
,1242,0,1,0.85826796
,1242,1,1,0.51002926
,1242,2,1,0.54273814
,1242,3,2,1.0
,1243,0,1,0.5875914
,1243,1,1,0.51805204
,1243,2,3,1.0
,1243,3,1,0.86091304
,1244,0,2,1.0
,1244,1,0,0.75331825
,1244,2,0,0.8206682
,1244,3,0,0.7486857
,1245,0,0,0.7823732
,1245,1,0,0.75730765
,1245,2,2,1.0
,1245,3,0,0.6967415
,1246,0,1,0.5001757
,1246,1,0,0.50075346
,1246,2,1,0.88952464
,1246,3,2,1.0
,1247,0,1,0.570053
,1247,1,1,0.5093264
,1247,2,2,1.0
,1247,3,1,0.85712075
,1248,0,2,1.0
,1248,1,0,0.7540172
,1248,2,0,0.73819596
,1248,3,0,0.7505971
,1249,0,0,0.7832089
,1249,1,0,0.71058935
,1249,2,2,1.0
,1249,3,0,0.7576231
,1250,0,0,0.75797766
,1250,1,2,1.0
,1250,2,0,0.783201
,1250,3,0,0.7106177
,1251,0,0,0.710618
,1251,1,0,0.78318006
,1251,2,0,0.75851065
,1251,3,2,1.0
,1252,0,2,1.0
,1252,1,0,0.7561924
,1252,2,0,0.75732434
,1252,3,0,0.72582465
,1253,0,1,0.8561356
,1253,1,1,0.5765015
,1253,2,1,0.50200975
,1253,3,2,1.0
,1254,0,1,0.5182582
,1254,1,2,1.0
,1254,2,1,0.5697873
,1254,3,1,0.85733604
,1255,0,0,0.7537037
,1255,1,0,0.78260654
,1255,2,2,1.0
,1255,3,0,0.7020042
,1256,0,0,0.696729
,1256,1,0,0.75758827
,1256,2,0,0.78130144
,1256,3,2,1.0
,1257,0,2,1.0
,1257,1,0,0.5004884
,1257,2,1,0.55886537
,1257,3,1,0.85523957
,1258,0,0,0.78049076
,1258,1,0,0.6917302
,1258,2,2,1.0
,1258,3,0,0.749409
,1259,0,1,0.576983
,1259,1,2,1.0
,1259,2,1,0.9435727
,1259,3,1,0.5179605
,1260,0,2,1.0
,1260,1,0,0.78259563
,1260,2,0,0.7489874
,1260,3,0,0.7063171
,1261,0,0,0.78320014
,1261,1,0,0.7585091
,1261,2,0,0.7105096
,1261,3,2,1.0
,1262,0,0,0.7585493
,1262,1,0,0.75826937
,1262,2,2,1.0
,1262,3,0,0.7388442
,1263,0,0,0.7574257
,1263,1,0,0.7574225
,1263,2,0,0.7259386
,1263,3,2,1.0
,1264,0,0,0.50250995
,1264,1,0,0.50250554
,1264,2,2,1.0
,1264,3,1,0.8825897
,1265,0,0,0.7545494
,1265,1,0,0.75426275
,1265,2,0,0.7380684
,1265,3,2,1.0
,1266,0,0,0.7573848
,1266,1,0,0.73235613
,1266,2,2,1.0
,1266,3,0,0.782431
,1267,0,1,0.5106368
,1267,1,3,1.0
,1267,2,1,0.8876366
,1267,3,1,0.51089513
,1268,0,0,0.7524894
,1268,1,0,0.85374254
,1268,2,2,1.0
,1268,3,0,0.6932585
,1269,0,0,0.5533654
,1269,1,0,0.55575705
,1269,2,1,0.7579812
,1269,3,2,1.0
,1270,0,1,0.506329
,1270,1,1,0.50626713
,1270,2,2,1.0
,1270,3,1,0.8839599
,1271,0,0,0.7535527
,1271,1,0,0.7535534
,1271,2,0,0.7250836
,1271,3,2,1.0
,1272,0,0,0.50239265
,1272,1,0,0.50239265
,1272,2,2,1.0
,1272,3,1,0.88259643
,1273,0,0,0.75454885
,1273,1,0,0.75454885
,1273,2,0,0.73806995
,1273,3,2,1.0
,1274,0,0,0.75739396
,1274,1,0,0.75739396
,1274,2,2,1.0
,1274,3,0,0.7592458
,1275,0,1,0.5108721
,1275,1,1,0.5108721
,1275,2,1,0.8877062
,1275,3,3,1.0
,1276,0,0,0.752407
,1276,1,0,0.752407
,1276,2,2,1.0
,1276,3,0,0.8108348
,1277,0,0,0.5017251
,1277,1,0,0.5017251
,1277,2,1,0.9077833
,1277,3,2,1.0
,1278,0,0,0.752415
,1278,1,0,0.752415
,1278,2,3,1.0
,1278,3,0,0.7359401
,1279,0,0,0.7572526
,1279,1,0,0.7572526
,1279,2,0,0.8206682
,1279,3,2,1.0
,1280,0,0,0.75830615
,1280,1,0,0.75830615
,1280,2,2,1.0
,1280,3,0,0.73887116
,1281,0,0,0.75799227
,1281,1,0,0.75799227
,1281,2,0,0.6842635
,1281,3,2,1.0
,1282,0,0,0.7539555
,1282,1,0,0.7539617
,1282,2,3,1.0
,1282,3,0,0.7345571
,1283,0,0,0.7567207
,1283,1,0,0.75726205
,1283,2,0,0.8206667
,1283,3,2,1.0
,1284,0,0,0.71065277
,1284,1,0,0.75826424
,1284,2,2,1.0
,1284,3,0,0.78273684
,1285,0,2,1.0
,1285,1,0,0.7582247
,1285,2,0,0.7831797
,1285,3,0,0.71094793
,1286,0,0,0.7616933
,1286,1,0,0.7573085
,1286,2,0,0.75642264
,1286,3,2,1.0
,1287,0,3,1.0
,1287,1,1,0.52199805
,1287,2,1,0.5818623
,1287,3,1,0.94510823
,1288,0,0,0.8539057
,1288,1,0,0.70468247
,1288,2,2,1.0
,1288,3,0,0.7475131
,1289,0,0,0.75929844
,1289,1,2,1.0
,1289,2,0,0.7825471
,1289,3,0,0.710466
,1290,0,0,0.75730115
,1290,1,0,0.782362
,1290,2,0,0.69714
,1290,3,2,1.0
,1291,0,1,0.5010565
,1291,1,0,0.501171
,1291,2,2,1.0
,1291,3,1,0.88986254
,1292,0,1,0.58556825
,1292,1,1,0.5258958
,1292,2,1,0.9440698
,1292,3,2,1.0
,1293,0,2,1.0
,1293,1,0,0.70619136
,1293,2,0,0.74953294
,1293,3,0,0.78259444
,1294,0,0,0.6842398
,1294,1,2,1.0
,1294,2,0,0.7578709
,1294,3,0,0.7582466
,1295,0,3,1.0
,1295,1,0,0.73455775
,1295,2,0,0.75395757
,1295,3,0,0.75396186
,1296,0,0,0.85373336
,1296,1,2,1.0
,1296,2,0,0.75703406
,1296,3,0,0.7570342
,1297,0,0,0.7452371
,1297,1,2,1.0
,1297,2,0,0.7441138
,1297,3,0,0.7441138
,1298,0,2,0.53852564
,1298,1,0,1.0
,1298,2,0,1.0
,1298,3,0,1.0
,1299,0,1,0.80036277
,1299,1,2,1.0
,1299,2,0,0.5082829
,1299,3,0,0.508283
,1300,0,3,1.0
,1300,1,0,0.7354836
,1300,2,0,0.75201726
,1300,3,0,0.75201726
,1301,0,0,0.82066834
,1301,1,2,1.0
,1301,2,0,0.7572462
,1301,3,0,0.75724626
,1302,0,2,1.0
,1302,1,0,0.73889226
,1302,2,0,0.7582977
,1302,3,0,0.7583038
,1303,0,0,0.73886395
,1303,1,2,1.0
,1303,2,0,0.7577497
,1303,3,0,0.75829
,1304,0,2,0.9999994
,1304,1,0,0.78211004
,1304,2,0,0.71060824
,1304,3,0,0.7582515
,1305,0,0,0.7823771
,1305,1,0,0.6530958
,1305,2,2,1.0
,1305,3,0,0.7578723
,1306,0,0,0.70618385
,1306,1,3,1.0
,1306,2,0,0.7795855
,1306,3,0,0.75404465
,1307,0,2,1.0
,1307,1,0,0.83611757
,1307,2,0,0.7565334
,1307,3,0,0.75624114
,1308,0,1,0.88785565
,1308,1,3,1.0
,1308,2,1,0.51129645
,1308,3,1,0.5113042
,1309,0,2,1.0
,1309,1,0,0.8108437
,1309,2,0,0.7523822
,1309,3,0,0.7523821
,1310,0,1,0.8894255
,1310,1,2,1.0
,1310,2,0,0.5008283
,1310,3,0,0.50082904
,1311,0,2,1.0
,1311,1,1,0.87304896
,1311,2,1,0.5097142
,1311,3,1,0.50968903
,1312,0,1,0.8867826
,1312,1,3,1.0
,1312,2,1,0.5163057
,1312,3,1,0.5153429
,1313,0,2,1.0
,1313,1,0,0.85316664
,1313,2,0,0.68920964
,1313,3,0,0.7515729
,1314,0,1,0.9993821
,1314,1,1,0.5233451
,1314,2,2,1.0
,1314,3,1,0.5260564
,1315,0,3,1.0
,1315,1,0,0.75231916
,1315,2,0,0.7361302
,1315,3,0,0.7522879
,1316,0,0,0.81082505
,1316,1,0,0.7564367
,1316,2,2,1.0
,1316,3,0,0.7564366
,1317,0,2,1.0
,1317,1,0,0.5018356
,1317,2,1,0.90777665
,1317,3,0,0.50184655
,1318,0,0,0.7359051
,1318,1,0,0.75170076
,1318,2,3,1.0
,1318,3,0,0.75240374
,1319,0,2,1.0
,1319,1,0,0.6953033
,1319,2,0,0.8525983
,1319,3,0,0.7560434
,1320,0,1,0.85522115
,1320,1,2,1.0
,1320,2,1,0.5569965
,1320,3,0,0.50143826
,1321,0,0,0.74975836
,1321,1,0,0.7586377
,1321,2,2,1.0
,1321,3,0,0.7538455
,1322,0,1,0.5120357
,1322,1,3,1.0
,1322,2,1,0.8877287
,1322,3,1,0.5109814
,1323,0,0,0.69058204
,1323,1,0,0.8526071
,1323,2,2,1.0
,1323,3,0,0.75192976
,1324,0,2,1.0
,1324,1,1,0.5570419
,1324,2,1,0.8552438
,1324,3,0,0.50130653
,1325,0,0,0.72514963
,1325,1,2,1.0
,1325,2,0,0.7482038
,1325,3,0,0.75374824
,1326,0,2,1.0
,1326,1,1,0.8561248
,1326,2,1,0.576626
,1326,3,1,0.5004842
,1327,0,1,0.8841324
,1327,1,1,0.51812345
,1327,2,2,1.0
,1327,3,1,0.50817543
,1328,0,2,1.0
,1328,1,0,0.70617723
,1328,2,0,0.78248817
,1328,3,0,0.7543732
,1329,0,0,0.72591436
,1329,1,2,1.0
,1329,2,0,0.75764513
,1329,3,0,0.75735635
,1330,0,2,1.0
,1330,1,1,0.8826278
,1330,2,0,0.5008352
,1330,3,0,0.5024601
,1331,0,0,0.7816107
,1331,1,2,1.0
,1331,2,0,0.6480436
,1331,3,0,0.7540634
,1332,0,0,0.70619977
,1332,1,0,0.7796049
,1332,2,3,1.0
,1332,3,0,0.75402886
,1333,0,2,1.0
,1333,1,0,0.75700635
,1333,2,0,0.77844304
,1333,3,0,0.7572713
,1334,0,0,0.77865756
,1334,1,0,0.7052862
,1334,2,3,1.0
,1334,3,0,0.75355345
,1335,0,0,0.7095097
,1335,1,2,1.0
,1335,2,0,0.8535308
,1335,3,0,0.75695306
,1336,0,2,1.0
,1336,1,0,0.78269583
,1336,2,0,0.7118294
,1336,3,0,0.7582136
,1337,0,0,0.7827021
,1337,1,0,0.7109378
,1337,2,2,1.0
,1337,3,0,0.7582351
,1338,0,0,0.7109419
,1338,1,2,1.0
,1338,2,0,0.7831911
,1338,3,0,0.758237
,1339,0,2,1.0
,1339,1,0,0.7388183
,1339,2,0,0.75736463
,1339,3,0,0.758271
,1340,0,0,0.7817804
,1340,1,2,1.0
,1340,2,0,0.65304697
,1340,3,0,0.75789195
,1341,0,0,0.6481939
,1341,1,0,0.7790052
,1341,2,3,1.0
,1341,3,0,0.75337654
,1342,0,3,1.0
,1342,1,0,0.75211346
,1342,2,0,0.82065904
,1342,3,0,0.75236464
,1343,0,0,0.85353035
,1343,1,0,0.7092281
,1343,2,2,1.0
,1343,3,0,0.756991
,1344,0,0,0.71182954
,1344,1,2,1.0
,1344,2,0,0.78269583
,1344,3,0,0.7582139
,1345,0,2,1.0
,1345,1,0,0.7831843
,1345,2,0,0.7109334
,1345,3,0,0.7582289
,1346,0,0,0.7258686
,1346,1,0,0.75651586
,1346,2,2,1.0
,1346,3,0,0.7573862
,1347,0,2,1.0
,1347,1,1,0.5594014
,1347,2,1,0.8555609
,1347,3,0,0.5015271
,1348,0,0,0.7826171
,1348,1,2,1.0
,1348,2,0,0.7020608
,1348,3,0,0.75463593
,1349,0,0,0.75767475
,1349,1,0,0.75923157
,1349,2,2,1.0
,1349,3,0,0.7573752
,1350,0,1,0.5118377
,1350,1,3,1.0
,1350,2,1,0.88772655
,1350,3,1,0.5108877
,1351,0,0,0.689683
,1351,1,0,0.8524404
,1351,2,2,1.0
,1351,3,0,0.7517148
,1352,0,2,1.0
,1352,1,1,0.57513106
,1352,2,1,0.9435736
,1352,3,1,0.51716346
,1353,0,0,0.7251514
,1353,1,2,1.0
,1353,2,0,0.7474792
,1353,3,0,0.7535312
,1354,0,2,1.0
,1354,1,1,0.8552064
,1354,2,1,0.55964977
,1354,3,0,0.5014047
,1355,0,0,0.7252445
,1355,1,0,0.7497324
,1355,2,2,1.0
,1355,3,0,0.7538033
,1356,0,2,1.0
,1356,1,0,0.5022816
,1356,2,1,0.88260233
,1356,3,0,0.50238645
,1357,0,0,0.7250637
,1357,1,0,0.753629
,1357,2,2,1.0
,1357,3,0,0.7536302
,1358,0,2,1.0
,1358,1,0,0.5007651
,1358,2,1,0.88947165
,1358,3,0,0.50076526
,1359,0,1,0.8842536
,1359,1,1,0.5084723
,1359,2,2,1.0
,1359,3,1,0.508468
,1360,0,2,1.0
,1360,1,0,0.7541292
,1360,2,0,0.7380603
,1360,3,0,0.754416
,1361,0,0,0.78244764
,1361,1,0,0.73235035
,1361,2,2,1.0
,1361,3,0,0.7573834
,1362,0,1,0.5099648
,1362,1,3,1.0
,1362,2,1,0.8876146
,1362,3,1,0.5106216
,1363,0,0,0.75325406
,1363,1,0,0.8206781
,1363,2,2,1.0
,1363,3,0,0.7532465
,1364,0,0,0.7582585
,1364,1,2,1.0
,1364,2,0,0.73886913
,1364,3,0,0.75825864
,1365,0,0,0.75798064
,1365,1,0,0.68412215
,1365,2,2,1.0
,1365,3,0,0.7579884
,1366,0,0,0.7536044
,1366,1,3,1.0
,1366,2,0,0.77976745
,1366,3,0,0.7542777
,1367,0,0,0.7028588
,1367,1,2,1.0
,1367,2,0,0.7614707
,1367,3,0,0.7626111
,1368,0,2,1.0
,1368,1,1,0.85689795
,1368,2,1,0.5763434
,1368,3,1,0.50027233
,1369,0,1,0.8569821
,1369,1,1,0.5788044
,1369,2,2,1.0
,1369,3,1,0.5090373
,1370,0,0,0.7497261
,1370,1,2,1.0
,1370,2,0,0.7586219
,1370,3,0,0.75371027
,1371,0,1,0.5118191
,1371,1,1,0.8877205
,1371,2,3,1.0
,1371,3,1,0.5109701
,1372,0,0,0.7046311
,1372,1,2,1.0
,1372,2,0,0.8539017
,1372,3,0,0.7528885
,1373,0,2,1.0
,1373,1,0,0.72587025
,1373,2,0,0.75846964
,1373,3,0,0.757321
,1374,0,1,0.9078177
,1374,1,2,1.0
,1374,2,0,0.5017601
,1374,3,0,0.50173914
,1375,0,3,1.0
,1375,1,0,0.7359173
,1375,2,0,0.75185984
,1375,3,0,0.7524119
,1376,0,0,0.8538979
,1376,1,2,1.0
,1376,2,0,0.7092005
,1376,3,0,0.75696135
,1377,0,0,0.7593488
,1377,1,0,0.7388398
,1377,2,2,1.0
,1377,3,0,0.75770986
,1378,0,0,0.75826395
,1378,1,2,1.0
,1378,2,0,0.78271604
,1378,3,0,0.71063846
,1379,0,0,0.75823104
,1379,1,0,0.7832035
,1379,2,0,0.7109422
,1379,3,2,1.0
,1380,0,0,0.75773233
,1380,1,0,0.7585552
,1380,2,2,1.0
,1380,3,0,0.7388478
,1381,0,0,0.7106435
,1381,1,0,0.75825083
,1381,2,0,0.7832176
,1381,3,2,1.0
,1382,0,2,1.0
,1382,1,0,0.7577323
,1382,2,0,0.75854737
,1382,3,0,0.7388474
,1383,0,0,0.7832079
,1383,1,0,0.7106277
,1383,2,0,0.7575595
,1383,3,2,1.0
,1384,0,0,0.7576366
,1384,1,2,1.0
,1384,2,0,0.69684154
,1384,3,0,0.78239304
,1385,0,0,0.502451
,1385,1,1,0.8826146
,1385,2,2,1.0
,1385,3,0,0.50308865
,1386,0,0,0.75455123
,1386,1,2,1.0
,1386,2,0,0.7380587
,1386,3,0,0.754559
,1387,0,0,0.75731045
,1387,1,0,0.72590655
,1387,2,2,1.0
,1387,3,0,0.75734776
,1388,0,1,0.5012159
,1388,1,2,1.0
,1388,2,1,0.88952696
,1388,3,0,0.5007526
,1389,0,1,0.58698887
,1389,1,1,0.8589677
,1389,2,2,1.0
,1389,3,1,0.51119703
,1390,0,2,1.0
,1390,1,1,0.5956618
,1390,2,1,0.8582954
,1390,3,1,0.5112153
,1391,0,1,0.85736275
,1391,1,2,1.0
,1391,2,1,0.55187863
,1391,3,1,0.51006156
,1392,0,1,0.52655214
,1392,1,1,0.88754624
,1392,2,3,1.0
,1392,3,1,0.51744366
,1393,0,0,0.75252616
,1393,1,2,1.0
,1393,2,0,0.7784542
,1393,3,0,0.75319386
,1394,0,0,0.70524275
,1394,1,0,0.7791465
,1394,2,3,1.0
,1394,3,0,0.75349605
,1395,0,2,1.0
,1395,1,0,0.75554943
,1395,2,0,0.81081903
,1395,3,0,0.75641274
,1396,0,1,0.8551484
,1396,1,1,0.55928254
,1396,2,2,1.0
,1396,3,0,0.50162446
,1397,0,0,0.7485656
,1397,1,2,1.0
,1397,2,0,0.7587538
,1397,3,0,0.753834
,1398,0,1,0.5724501
,1398,1,1,0.86152697
,1398,2,3,1.0
,1398,3,1,0.51150537
,1399,0,2,1.0
,1399,1,0,0.68617433
,1399,2,0,0.85260546
,1399,3,0,0.75210357
,1400,0,1,0.85570353
,1400,1,2,1.0
,1400,2,1,0.5570615
,1400,3,0,0.5012969
,1401,0,0,0.6880132
,1401,1,0,0.7817957
,1401,2,2,1.0
,1401,3,0,0.7537092
,1402,0,2,1.0
,1402,1,0,0.50298816
,1402,2,1,0.8826442
,1402,3,0,0.5013427
,1403,0,0,0.7816507
,1403,1,0,0.75240844
,1403,2,2,1.0
,1403,3,0,0.6924604
,1404,0,0,0.50207436
,1404,1,1,0.5596135
,1404,2,1,0.85524094
,1404,3,2,1.0
,1405,0,0,0.75435466
,1405,1,2,1.0
,1405,2,0,0.749037
,1405,3,0,0.6837744
,1406,0,0,0.7531523
,1406,1,0,0.7783268
,1406,2,0,0.647697
,1406,3,3,1.0
,1407,0,0,0.75184387
,1407,1,0,0.70373565
,1407,2,3,1.0
,1407,3,0,0.853947
,1408,0,0,0.7566638
,1408,1,2,1.0
,1408,2,0,0.82066685
,1408,3,0,0.7583697
,1409,0,0,0.71064144
,1409,1,0,0.78258306
,1409,2,2,1.0
,1409,3,0,0.7582657
,1410,0,2,1.0
,1410,1,0,0.6962184
,1410,2,0,0.78108466
,1410,3,0,0.7571195
,1411,0,1,0.9437237
,1411,1,2,1.0
,1411,2,1,0.57695657
,1411,3,1,0.5170076
,1412,0,0,0.700877
,1412,1,0,0.7825781
,1412,2,2,1.0
,1412,3,0,0.75438607
,1413,0,2,1.0
,1413,1,0,0.757026
,1413,2,0,0.7258958
,1413,3,0,0.75732523
,1414,0,1,0.8563127
,1414,1,1,0.5318478
,1414,2,2,1.0
,1414,3,0,0.5008969
,1415,0,1,0.5875917
,1415,1,3,1.0
,1415,2,1,0.86095047
,1415,3,1,0.51782084
,1416,0,2,1.0
,1416,1,0,0.81075084
,1416,2,0,0.74607337
,1416,3,0,0.75244814
,1417,0,1,0.85648453
,1417,1,2,1.0
,1417,2,1,0.62558275
,1417,3,1,0.50059444
,1418,0,0,0.698252
,1418,1,0,0.778788
,1418,2,3,1.0
,1418,3,0,0.751421
,1419,0,2,1.0
,1419,1,0,0.6517024
,1419,2,0,0.85310256
,1419,3,0,0.75647837
,1420,0,0,0.77900875
,1420,1,3,1.0
,1420,2,0,0.64920837
,1420,3,0,0.7533571
,1421,0,0,0.75266623
,1421,1,0,0.8206722
,1421,2,3,1.0
,1421,3,0,0.7523652
,1422,0,0,0.757254
,1422,1,2,1.0
,1422,2,0,0.82067
,1422,3,0,0.75726396
,1423,0,0,0.75626475
,1423,1,0,0.7593907
,1423,2,2,1.0
,1423,3,0,0.7574383
,1424,0,1,0.57224804
,1424,1,3,1.0
,1424,2,1,0.8615246
,1424,3,1,0.51140624
,1425,0,2,1.0
,1425,1,0,0.8533813
,1425,2,0,0.68619704
,1425,3,0,0.7520892
,1426,0,1,0.8895084
,1426,1,0,0.5032178
,1426,2,2,1.0
,1426,3,0,0.5006083
,1427,0,2,1.0
,1427,1,1,0.51028186
,1427,2,1,0.8913689
,1427,3,1,0.5102963
,1428,0,1,0.9585069
,1428,1,1,0.5286999
,1428,2,2,1.0
,1428,3,1,0.52669454
,1429,0,2,1.0
,1429,1,1,0.6034076
,1429,2,1,0.94446915
,1429,3,1,0.52756524
,1430,0,1,0.95558447
,1430,1,2,1.0
,1430,2,1,0.53661495
,1430,3,1,0.52558964
,1431,0,2,1.0
,1431,1,0,0.72414315
,1431,2,0,0.7529146
,1431,3,0,0.75302243
,1432,0,1,0.9551697
,1432,1,2,1.0
,1432,2,1,0.51677084
,1432,3,1,0.5176994
,1433,0,2,1.0
,1433,1,0,0.7813759
,1433,2,0,0.75186896
,1433,3,0,0.6912265
,1434,0,1,0.94357306
,1434,1,1,0.5171172
,1434,2,1,0.5777202
,1434,3,2,1.0
,1435,0,0,0.74898684
,1435,1,0,0.70632726
,1435,2,2,1.0
,1435,3,0,0.7825951
,1436,0,0,0.71049446
,1436,1,2,1.0
,1436,2,0,0.7825449
,1436,3,0,0.75849557
,1437,0,2,1.0
,1437,1,0,0.7821629
,1437,2,0,0.69623244
,1437,3,0,0.7570767
,1438,0,1,0.9579734
,1438,1,1,0.5172577
,1438,2,2,1.0
,1438,3,1,0.51949334
,1439,0,2,1.0
,1439,1,1,0.51012045
,1439,2,1,0.857722
,1439,3,1,0.5708591
,1440,0,0,0.7816746
,1440,1,0,0.75206393
,1440,2,0,0.6878596
,1440,3,2,1.0
,1441,0,1,0.5032223
,1441,1,1,0.5768648
,1441,2,2,1.0
,1441,3,1,0.85622317
,1442,0,1,0.6350408
,1442,1,2,1.0
,1442,2,1,0.8581626
,1442,3,1,0.5201093
,1443,0,3,1.0
,1443,1,0,0.77993214
,1443,2,0,0.69825864
,1443,3,0,0.7499937
,1444,0,0,0.85392046
,1444,1,0,0.7567968
,1444,2,2,1.0
,1444,3,0,0.65098965
,1445,0,0,0.75452596
,1445,1,0,0.75409406
,1445,2,0,0.73467785
,1445,3,3,1.0
,1446,0,0,0.69538444
,1446,1,0,0.7560713
,1446,2,2,1.0
,1446,3,0,0.85339266
,1447,0,2,1.0
,1447,1,0,0.50240964
,1447,2,1,0.8826158
,1447,3,0,0.50491655
,1448,0,0,0.72508866
,1448,1,0,0.75364035
,1448,2,2,1.0
,1448,3,0,0.7536871
,1449,0,2,1.0
,1449,1,0,0.5014035
,1449,2,1,0.8826143
,1449,3,0,0.5023549
,1450,0,0,0.7814476
,1450,1,0,0.6915868
,1450,2,2,1.0
,1450,3,0,0.7533635
,1451,0,1,0.51674366
,1451,1,2,1.0
,1451,2,1,0.95517313
,1451,3,1,0.5167467
,1452,0,0,0.7061252
,1452,1,0,0.78243566
,1452,2,2,1.0
,1452,3,0,0.7542134
,1453,0,2,1.0
,1453,1,0,0.7576759
,1453,2,0,0.725917
,1453,3,0,0.75735515
,1454,0,1,0.8825897
,1454,1,0,0.5025161
,1454,2,2,1.0
,1454,3,0,0.50250804
,1455,0,2,1.0
,1455,1,0,0.754536
,1455,2,0,0.73805815
,1455,3,0,0.7545524
,1456,0,0,0.725842
,1456,1,0,0.7558821
,1456,2,2,1.0
,1456,3,0,0.7573249
,1457,0,2,1.0
,1457,1,1,0.57644486
,1457,2,1,0.85654813
,1457,3,1,0.5004227
,1458,0,1,0.85811794
,1458,1,2,1.0
,1458,2,1,0.55159795
,1458,3,1,0.50973237
,1459,0,1,0.5875479
,1459,1,1,0.86089355
,1459,2,3,1.0
,1459,3,1,0.5180099
,1460,0,2,1.0
,1460,1,0,0.74847394
,1460,2,0,0.8108378
,1460,3,0,0.7524762
,1461,0,1,0.8895283
,1461,1,1,0.5026282
,1461,2,2,1.0
,1461,3,0,0.50070375
,1462,0,2,1.0
,1462,1,1,0.6353056
,1462,2,1,0.858298
,1462,3,1,0.5111144
,1463,0,0,0.778807
,1463,1,3,1.0
,1463,2,0,0.6982585
,1463,3,0,0.75132513
,1464,0,0,0.65139866
,1464,1,0,0.85392046
,1464,2,2,1.0
,1464,3,0,0.75647086
,1465,0,3,1.0
,1465,1,0,0.7545238
,1465,2,0,0.73467594
,1465,3,0,0.75408804
,1466,0,0,0.8533479
,1466,1,0,0.69535255
,1466,2,2,1.0
,1466,3,0,0.7560407
,1467,0,0,0.5012087
,1467,1,2,1.0
,1467,2,1,0.8895457
,1467,3,0,0.50066835
,1468,0,1,0.58692896
,1468,1,1,0.8589688
,1468,2,2,1.0
,1468,3,1,0.5111999
,1469,0,2,1.0
,1469,1,1,0.59575695
,1469,2,1,0.85885626
,1469,3,1,0.5112585
,1470,0,1,0.8578993
,1470,1,2,1.0
,1470,2,1,0.59564865
,1470,3,1,0.5112158
,1471,0,1,0.5203494
,1471,1,1,0.8728689
,1471,2,2,1.0
,1471,3,1,0.5097835
,1472,0,1,0.5769164
,1472,1,3,1.0
,1472,2,1,0.86033386
,1472,3,1,0.5159479
,1473,0,2,1.0
,1473,1,0,0.853903
,1473,2,0,0.7003658
,1473,3,0,0.75302106
,1474,0,0,0.7388406
,1474,1,0,0.7590533
,1474,2,2,1.0
,1474,3,0,0.75819045
,1475,0,2,1.0
,1475,1,0,0.73254627
,1475,2,0,0.78135157
,1475,3,0,0.757399
,1476,0,1,0.8609685
,1476,1,3,1.0
,1476,2,1,0.57138276
,1476,3,1,0.51208854
,1477,0,0,0.7486823
,1477,1,0,0.85376
,1477,2,2,1.0
,1477,3,0,0.6935189
,1478,0,0,0.5554528
,1478,1,0,0.5579284
,1478,2,1,0.7455552
,1478,3,2,1.0
,1479,0,0,0.75497097
,1479,1,0,0.7549995
,1479,2,2,1.0
,1479,3,0,0.72771066
,1480,0,0,0.5538454
,1480,1,0,0.5538654
,1480,2,1,0.7249871
,1480,3,2,1.0
,1481,0,1,0.51504016
,1481,1,1,0.5142954
,1481,2,3,1.0
,1481,3,1,0.88701093
,1482,0,0,0.7046031
,1482,1,0,0.7528648
,1482,2,0,0.8535394
,1482,3,2,1.0
,1483,0,2,1.0
,1483,1,0,0.75816226
,1483,2,0,0.71182454
,1483,3,0,0.78269184
,1484,0,0,0.7831962
,1484,1,0,0.7582011
,1484,2,2,1.0
,1484,3,0,0.7109324
,1485,0,0,0.757634
,1485,1,0,0.7549754
,1485,2,0,0.72575825
,1485,3,2,1.0
,1486,0,1,0.5005638
,1486,1,1,0.62546515
,1486,2,2,1.0
,1486,3,1,0.856532
,1487,0,0,0.7514205
,1487,1,3,1.0
,1487,2,0,0.7787865
,1487,3,0,0.69825053
,1488,0,0,0.756477
,1488,1,0,0.8539295
,1488,2,0,0.65163463
,1488,3,2,1.0
,1489,0,0,0.7535279
,1489,1,0,0.754668
,1489,2,3,1.0
,1489,3,0,0.6800341
,1490,0,0,0.7518762
,1490,1,0,0.75217855
,1490,2,0,0.8206655
,1490,3,3,1.0
,1491,0,0,0.7312037
,1491,1,0,0.75617975
,1491,2,2,1.0
,1491,3,0,0.8524817
,1492,0,3,1.0
,1492,1,1,0.5111721
,1492,2,1,0.86095685
,1492,3,1,0.5694877
,1493,0,0,0.82067466
,1493,1,0,0.7534143
,1493,2,0,0.7488529
,1493,3,2,1.0
,1494,0,2,1.0
,1494,1,0,0.7582126
,1494,2,0,0.7105464
,1494,3,0,0.7832143
,1495,0,0,0.72582513
,1495,1,0,0.7573499
,1495,2,2,1.0
,1495,3,0,0.75619227
,1496,0,2,1.0
,1496,1,1,0.50050193
,1496,2,1,0.8570891
,1496,3,1,0.57653683
,1497,0,1,0.85755706
,1497,1,1,0.5121343
,1497,2,1,0.59321934
,1497,3,2,1.0
,1498,0,0,0.5239926
,1498,1,1,0.5440547
,1498,2,2,1.0
,1498,3,1,0.7006155
,1499,0,1,0.50885767
,1499,1,2,1.0
,1499,2,1,0.8567683
,1499,3,1,0.5743735
,1500,0,0,0.6924918
,1500,1,0,0.781773
,1500,2,0,0.74843097
,1500,3,2,1.0
,1501,0,2,1.0
,1501,1,0,0.5020545
,1501,2,1,0.5597089
,1501,3,1,0.8557069
,1502,0,0,0.7817671
,1502,1,0,0.75366634
,1502,2,2,1.0
,1502,3,0,0.68798065
,1503,0,0,0.5012904
,1503,1,1,0.50140357
,1503,2,1,0.8895611
,1503,3,2,1.0
,1504,0,1,0.51119524
,1504,1,1,0.5870797
,1504,2,2,1.0
,1504,3,1,0.859584
,1505,0,1,0.5111914
,1505,1,2,1.0
,1505,2,1,0.85819286
,1505,3,1,0.6437098
,1506,0,0,0.7513502
,1506,1,0,0.7799543
,1506,2,0,0.6983459
,1506,3,3,1.0
,1507,0,0,0.75650036
,1507,1,0,0.75682735
,1507,2,2,1.0
,1507,3,0,0.8308875
,1508,0,0,0.51805854
,1508,1,0,0.51806676
,1508,2,1,0.7498745
,1508,3,3,1.0
,1509,0,0,0.75286096
,1509,1,0,0.752861
,1509,2,2,1.0
,1509,3,0,0.81084216
,1510,0,0,0.5008344
,1510,1,0,0.5008344
,1510,2,1,0.88943624
,1510,3,2,1.0
,1511,0,1,0.5100163
,1511,1,1,0.5100163
,1511,2,2,1.0
,1511,3,1,0.8910144
,1512,0,1,0.5088002
,1512,1,1,0.5088002
,1512,2,1,0.88427365
,1512,3,2,1.0
,1513,0,0,0.7544111
,1513,1,0,0.75441134
,1513,2,2,1.0
,1513,3,0,0.7380642
,1514,0,0,0.75728655
,1514,1,0,0.75730133
,1514,2,0,0.76168895
,1514,3,2,1.0
,1515,0,1,0.52188474
,1515,1,1,0.52112937
,1515,2,3,1.0
,1515,3,1,0.9662427
,1516,0,0,0.70167696
,1516,1,0,0.75030595
,1516,2,0,0.8539274
,1516,3,3,1.0
,1517,0,2,1.0
,1517,1,0,0.75636023
,1517,2,0,0.75754505
,1517,3,0,0.81083405
,1518,0,1,0.8894305
,1518,1,0,0.50094044
,1518,2,0,0.50097096
,1518,3,2,1.0
,1519,0,2,1.0
,1519,1,1,0.51001364
,1519,2,1,0.51001346
,1519,3,1,0.8910143
,1520,0,1,0.8842801
,1520,1,1,0.50881374
,1520,2,1,0.5088362
,1520,3,2,1.0
,1521,0,2,1.0
,1521,1,0,0.7534664
,1521,2,0,0.7520079
,1521,3,0,0.72498524
,1522,0,1,0.8561369
,1522,1,1,0.50053596
,1522,2,1,0.57656384
,1522,3,2,1.0
,1523,0,1,0.5189674
,1523,1,1,0.5097538
,1523,2,2,1.0
,1523,3,1,0.8908966
,1524,0,1,0.5102556
,1524,1,1,0.5100166
,1524,2,1,0.87307376
,1524,3,2,1.0
,1525,0,1,0.5153471
,1525,1,1,0.51533216
,1525,2,3,1.0
,1525,3,1,0.8867617
,1526,0,0,0.7517794
,1526,1,0,0.7523429
,1526,2,0,0.8108577
,1526,3,2,1.0
,1527,0,1,0.5284194
,1527,1,0,0.50093937
,1527,2,2,1.0
,1527,3,1,0.85624796
,1528,0,3,1.0
,1528,1,1,0.5279636
,1528,2,1,0.9452263
,1528,3,1,0.5975727
,1529,0,0,0.8539006
,1529,1,0,0.75283897
,1529,2,0,0.6992247
,1529,3,2,1.0
,1530,0,0,0.75847846
,1530,1,0,0.75732934
,1530,2,2,1.0
,1530,3,0,0.7259069
,1531,0,0,0.50252
,1531,1,0,0.50249046
,1531,2,1,0.8825956
,1531,3,2,1.0
,1532,0,0,0.75340956
,1532,1,0,0.7534101
,1532,2,2,1.0
,1532,3,0,0.72421247
,1533,0,1,0.5179865
,1533,1,1,0.51794344
,1533,2,1,0.9504698
,1533,3,2,1.0
,1534,0,1,0.5167842
,1534,1,1,0.51513636
,1534,2,3,1.0
,1534,3,1,0.8866466
,1535,0,0,0.6457047
,1535,1,0,0.75229645
,1535,2,0,0.85392755
,1535,3,2,1.0
,1536,0,3,1.0
,1536,1,0,0.7543877
,1536,2,0,0.7549192
,1536,3,0,0.7799347
,1537,0,2,1.0
,1537,1,0,0.7631754
,1537,2,0,0.70553744
,1537,3,0,0.76344365
,1538,0,1,0.74552876
,1538,1,0,0.55599356
,1538,2,2,1.0
,1538,3,0,0.555271
,1539,0,2,1.0
,1539,1,0,0.75526524
,1539,2,0,0.7826365
,1539,3,0,0.70731163
,1540,0,0,0.72501934
,1540,1,0,0.7559543
,1540,2,0,0.75742984
,1540,3,2,1.0
,1541,0,2,1.0
,1541,1,1,0.5775873
,1541,2,1,0.5177211
,1541,3,1,0.9435608
,1542,0,0,0.7820947
,1542,1,2,1.0
,1542,2,0,0.7063206
,1542,3,0,0.7495408
,1543,0,0,0.71093106
,1543,1,0,0.7832008
,1543,2,2,1.0
,1543,3,0,0.75813496
,1544,0,2,1.0
,1544,1,0,0.7585573
,1544,2,0,0.7388522
,1544,3,0,0.7582652
,1545,0,0,0.7388545
,1545,1,0,0.75828093
,1545,2,2,1.0
,1545,3,0,0.7575836
,1546,0,2,1.0
,1546,1,0,0.7571165
,1546,2,0,0.78211385
,1546,3,0,0.69592524
,1547,0,1,0.9581234
,1547,1,1,0.5181847
,1547,2,1,0.5207853
,1547,3,2,1.0
,1548,0,2,1.0
,1548,1,1,0.5263229
,1548,2,1,0.64931405
,1548,3,1,0.94430584
,1549,0,0,0.7351081
,1549,1,0,0.7506926
,1549,2,3,1.0
,1549,3,0,0.7464008
,1550,0,2,1.0
,1550,1,0,0.70915276
,1550,2,0,0.85308796
,1550,3,0,0.7568987
,1551,0,0,0.78237176
,1551,1,2,1.0
,1551,2,0,0.6540846
,1551,3,0,0.75785106
,1552,0,0,0.70616305
,1552,1,0,0.7790804
,1552,2,3,1.0
,1552,3,0,0.75404876
,1553,0,2,1.0
,1553,1,0,0.70951986
,1553,2,0,0.8538982
,1553,3,0,0.7569544
,1554,0,0,0.73884004
,1554,1,2,1.0
,1554,2,0,0.759349
,1554,3,0,0.75771
,1555,0,2,1.0
,1555,1,0,0.7832176
,1555,2,0,0.75826585
,1555,3,0,0.7106432
,1556,0,0,0.7388443
,1556,1,0,0.75854963
,1556,2,0,0.75826675
,1556,3,2,1.0
,1557,0,2,1.0
,1557,1,0,0.75742567
,1557,2,0,0.7574224
,1557,3,0,0.7259385
,1558,0,1,0.88259095
,1558,1,0,0.5025004
,1558,2,0,0.50250036
,1558,3,2,1.0
,1559,0,2,1.0
,1559,1,0,0.75396925
,1559,2,0,0.75396925
,1559,3,0,0.7512649
,1560,0,1,0.7497401
,1560,1,0,0.51916635
,1560,2,0,0.51916635
,1560,3,3,1.0
,1561,0,2,1.0
,1561,1,0,0.7537289
,1561,2,0,0.7537289
,1561,3,0,0.82067674
,1562,0,0,0.7388907
,1562,1,0,0.75826204
,1562,2,0,0.75826204
,1562,3,2,1.0
,1563,0,2,1.0
,1563,1,0,0.7582831
,1563,2,0,0.7582834
,1563,3,0,0.738861
,1564,0,0,0.7259346
,1564,1,0,0.75736845
,1564,2,0,0.75739855
,1564,3,2,1.0
,1565,0,2,1.0
,1565,1,1,0.5003561
,1565,2,0,0.50123304
,1565,3,1,0.8711827
,1566,0,1,0.85997665
,1566,1,1,0.57635355
,1566,2,1,0.51564175
,1566,3,3,1.0
,1567,0,0,0.7473846
,1567,1,2,1.0
,1567,2,0,0.75252336
,1567,3,0,0.8108262
,1568,0,1,0.5595401
,1568,1,1,0.8556155
,1568,2,0,0.50149906
,1568,3,2,1.0
,1569,0,2,1.0
,1569,1,0,0.68801427
,1569,2,0,0.7537293
,1569,3,0,0.78178287
,1570,0,1,0.8826347
,1570,1,2,1.0
,1570,2,0,0.50230306
,1570,3,0,0.5022867
,1571,0,2,1.0
,1571,1,0,0.7824944
,1571,2,0,0.75449973
,1571,3,0,0.70644563
,1572,0,0,0.72589326
,1572,1,0,0.7576609
,1572,2,0,0.7573426
,1572,3,2,1.0
,1573,0,2,1.0
,1573,1,0,0.5015508
,1573,2,0,0.50154257
,1573,3,1,0.88841164
,1574,0,1,0.7592026
,1574,1,0,0.53625727
,1574,2,0,0.53625697
,1574,3,2,1.0
,1575,0,2,1.0
,1575,1,1,0.50812346
,1575,2,1,0.50812346
,1575,3,1,0.8727158
,1576,0,1,0.91084516
,1576,1,1,0.51571953
,1576,2,1,0.5157196
,1576,3,3,1.0
,1577,0,3,1.0
,1577,1,0,0.75068134
,1577,2,0,0.7506814
,1577,3,0,0.82065743
,1578,0,0,0.7786108
,1578,1,0,0.75729233
,1578,2,0,0.7572924
,1578,3,2,1.0
,1579,0,3,1.0
,1579,1,0,0.7530271
,1579,2,0,0.75302714
,1579,3,0,0.6794722
,1580,0,0,0.82067126
,1580,1,0,0.75216186
,1580,2,0,0.75216156
,1580,3,3,1.0
,1581,0,2,1.0
,1581,1,0,0.756443
,1581,2,0,0.7564129
,1581,3,0,0.8108505
,1582,0,1,0.87112653
,1582,1,0,0.5013429
,1582,2,1,0.50024635
,1582,3,2,1.0
,1583,0,3,1.0
,1583,1,1,0.51563835
,1583,2,1,0.57634956
,1583,3,1,0.8599724
,1584,0,0,0.81084865
,1584,1,0,0.7525137
,1584,2,2,1.0
,1584,3,0,0.7479189
,1585,0,2,1.0
,1585,1,0,0.5009147
,1585,2,1,0.85547096
,1585,3,1,0.53212243
,1586,0,1,0.8875948
,1586,1,1,0.517257
,1586,2,1,0.52733916
,1586,3,3,1.0
,1587,0,2,1.0
,1587,1,0,0.7528273
,1587,2,0,0.7044411
,1587,3,0,0.8535394
,1588,0,0,0.78269184
,1588,1,0,0.7581621
,1588,2,2,1.0
,1588,3,0,0.71182424
,1589,0,0,0.7109375
,1589,1,0,0.7582284
,1589,2,0,0.782702
,1589,3,2,1.0
,1590,0,2,1.0
,1590,1,0,0.75769466
,1590,2,0,0.7109368
,1590,3,0,0.78320175
,1591,0,0,0.78270143
,1591,1,0,0.71061915
,1591,2,2,1.0
,1591,3,0,0.75851774
,1592,0,0,0.7109374
,1592,1,2,1.0
,1592,2,0,0.7827017
,1592,3,0,0.758238
,1593,0,2,1.0
,1593,1,0,0.78319377
,1593,2,0,0.7109339
,1593,3,0,0.75822645
,1594,0,0,0.72503644
,1594,1,0,0.7574476
,1594,2,2,1.0
,1594,3,0,0.757178
,1595,0,2,1.0
,1595,1,1,0.5175315
,1595,2,1,0.96535766
,1595,3,1,0.5167908
,1596,0,0,0.7802707
,1596,1,0,0.7038317
,1596,2,3,0.99999857
,1596,3,0,0.75224864
,1597,0,0,0.709522
,1597,1,2,1.0
,1597,2,0,0.85389316
,1597,3,0,0.7562426
,1598,0,2,1.0
,1598,1,0,0.7818449
,1598,2,0,0.75840163
,1598,3,0,0.69680476
,1599,0,1,0.85714895
,1599,1,1,0.5277294
,1599,2,0,0.50086886
,1599,3,2,1.0
,1600,0,1,0.6589301
,1600,1,3,1.0
,1600,2,1,0.52905977
,1600,3,1,0.9451989
,1601,0,3,1.0
,1601,1,0,0.8539373
,1601,2,0,0.70025575
,1601,3,0,0.7434359
,1602,0,0,0.85221624
,1602,1,0,0.75692654
,1602,2,2,1.0
,1602,3,0,0.6942375
,1603,0,1,0.59146243
,1603,1,1,0.5183965
,1603,2,1,0.943901
,1603,3,2,1.0
,1604,0,2,1.0
,1604,1,1,0.5104347
,1604,2,1,0.5214629
,1604,3,1,0.8909969
,1605,0,1,0.909138
,1605,1,1,0.5094654
,1605,2,1,0.50974685
,1605,3,2,1.0
,1606,0,3,1.0
,1606,1,0,0.75197923
,1606,2,0,0.7522652
,1606,3,0,0.7359205
,1607,0,0,0.853273
,1607,1,0,0.7311524
,1607,2,0,0.7561599
,1607,3,2,1.0
,1608,0,1,0.5092372
,1608,1,3,1.0
,1608,2,1,0.5110265
,1608,3,1,0.9114516
,1609,0,0,0.7016492
,1609,1,0,0.853929
,1609,2,0,0.7502515
,1609,3,3,1.0
,1610,0,2,1.0
,1610,1,0,0.75757366
,1610,2,0,0.7563741
,1610,3,0,0.8108529
,1611,0,1,0.88254666
,1611,1,0,0.50263005
,1611,2,0,0.50186014
,1611,3,2,1.0
,1612,0,2,0.99999666
,1612,1,0,0.75451225
,1612,2,0,0.70644975
,1612,3,0,0.7824967
,1613,0,0,0.7388443
,1613,1,0,0.75822616
,1613,2,2,1.0
,1613,3,0,0.758004
,1614,0,2,1.0
,1614,1,0,0.7582531
,1614,2,0,0.7832176
,1614,3,0,0.7106471
,1615,0,0,0.7388575
,1615,1,0,0.75826216
,1615,2,0,0.7585452
,1615,3,2,1.0
,1616,0,2,1.0
,1616,1,0,0.7573478
,1616,2,0,0.7573511
,1616,3,0,0.7616663
,1617,0,1,0.95647216
,1617,1,1,0.521053
,1617,2,1,0.52105296
,1617,3,3,1.0
,1618,0,2,1.0
,1618,1,0,0.75306827
,1618,2,0,0.75306827
,1618,3,0,0.8206787
,1619,0,0,0.73890305
,1619,1,0,0.75825244
,1619,2,0,0.75825244
,1619,3,2,1.0
,1620,0,2,1.0
,1620,1,0,0.7584466
,1620,2,0,0.75844663
,1620,3,0,0.78312516
,1621,0,2,1.0
,1621,1,0,0.76140505
,1621,2,0,0.76140475
,1621,3,0,0.73694074
,1622,0,1,0.8876209
,1622,1,1,0.51053727
,1622,2,1,0.5105552
,1622,3,3,1.0
,1623,0,2,1.0
,1623,1,0,0.7523953
,1623,2,0,0.7512298
,1623,3,0,0.81082815
,1624,0,1,0.855286
,1624,1,0,0.50122297
,1624,2,1,0.55943245
,1624,3,2,1.0
,1625,0,0,0.73181957
,1625,1,0,0.7360793
,1625,2,2,1.0
,1625,3,0,0.7655233
,1626,0,0,1.0
,1626,1,0,1.0
,1626,2,0,1.0
,1626,3,2,0.5154252
,1627,0,0,0.7594483
,1627,1,0,0.75944847
,1627,2,2,1.0
,1627,3,0,0.766699
,1628,0,0,0.50076157
,1628,1,0,0.5007718
,1628,2,1,0.88979423
,1628,3,2,1.0
,1629,0,1,0.5252442
,1629,1,1,0.5248584
,1629,2,2,1.0
,1629,3,1,0.9555871
,1630,0,0,0.72813535
,1630,1,0,0.7532986
,1630,2,0,0.78058463
,1630,3,2,1.0
,1631,0,3,1.0
,1631,1,1,0.51125103
,1631,2,1,0.5713615
,1631,3,1,0.8613103
,1632,0,0,0.85389817
,1632,1,0,0.75306165
,1632,2,2,1.0
,1632,3,0,0.70035344
,1633,0,0,0.7584949
,1633,1,0,0.7573491
,1633,2,0,0.7592199
,1633,3,2,1.0
,1634,0,1,0.5108482
,1634,1,1,0.51087826
,1634,2,3,1.0
,1634,3,1,0.8877058
,1635,0,0,0.75209785
,1635,1,0,0.75209767
,1635,2,0,0.83842474
,1635,3,2,1.0
,1636,0,1,0.52453953
,1636,1,1,0.5245288
,1636,2,3,1.0
,1636,3,1,0.98381835
,1637,0,0,0.752287
,1637,1,0,0.7529914
,1637,2,0,0.82067055
,1637,3,2,1.0
,1638,0,0,0.69585145
,1638,1,0,0.7570655
,1638,2,2,1.0
,1638,3,0,0.78080696
,1639,0,2,1.0
,1639,1,1,0.5186712
,1639,2,1,0.9443845
,1639,3,1,0.5941899
,1640,0,1,0.94443244
,1640,1,1,0.52726585
,1640,2,1,0.61385906
,1640,3,2,1.0
,1641,0,1,0.53808564
,1641,1,1,0.5270544
,1641,2,2,1.0
,1641,3,1,0.95849097
,1642,0,1,0.5261231
,1642,1,1,0.5258313
,1642,2,1,0.9657096
,1642,3,2,1.0
,1643,0,0,0.75221837
,1643,1,0,0.75222176
,1643,2,3,1.0
,1643,3,0,0.7360589
,1644,0,0,0.75727886
,1644,1,0,0.757279
,1644,2,0,0.7784193
,1644,3,2,1.0
,1645,0,0,0.75362986
,1645,1,0,0.75362986
,1645,2,3,1.0
,1645,3,0,0.7342401
,1646,0,0,0.7572599
,1646,1,0,0.7572599
,1646,2,0,0.8206682
,1646,3,2,1.0
,1647,0,0,0.75830615
,1647,1,0,0.75830626
,1647,2,2,1.0
,1647,3,0,0.73887116
,1648,0,0,0.75799227
,1648,1,0,0.75799227
,1648,2,0,0.6842637
,1648,3,2,1.0
,1649,0,0,0.75395924
,1649,1,0,0.75395924
,1649,2,3,1.0
,1649,3,0,0.73455423
,1650,0,0,0.7570088
,1650,1,0,0.7570088
,1650,2,0,0.8127502
,1650,3,2,1.0
,1651,0,0,0.5562115
,1651,1,0,0.5562115
,1651,2,2,1.0
,1651,3,1,0.74549156
,1652,0,0,0.75444674
,1652,1,0,0.75444674
,1652,2,0,0.72526234
,1652,3,2,1.0
,1653,0,0,0.5024195
,1653,1,0,0.5024195
,1653,2,2,1.0
,1653,3,1,0.88259506
,1654,0,0,0.7545598
,1654,1,0,0.7545598
,1654,2,0,0.7380673
,1654,3,2,1.0
,1655,0,0,0.75823694
,1655,1,0,0.75823694
,1655,2,2,1.0
,1655,3,0,0.73887
,1656,0,0,0.7574381
,1656,1,0,0.7574381
,1656,2,0,0.7592474
,1656,3,2,1.0
,1657,0,1,0.5108582
,1657,1,1,0.5108582
,1657,2,3,1.0
,1657,3,1,0.8877039
,1658,0,0,0.7532697
,1658,1,0,0.7532697
,1658,2,0,0.7784325
,1658,3,2,1.0
,1659,0,0,0.7535684
,1659,1,0,0.7535684
,1659,2,3,1.0
,1659,3,0,0.73422915
,1660,0,0,0.75625473
,1660,1,0,0.75625473
,1660,2,0,0.83611715
,1660,3,2,1.0
,1661,0,1,0.51129085
,1661,1,1,0.5112907
,1661,2,3,1.0
,1661,3,1,0.8878533
,1662,0,0,0.75325537
,1662,1,0,0.75326365
,1662,2,0,0.7784349
,1662,3,2,1.0
,1663,0,0,0.7528499
,1663,1,0,0.7535608
,1663,2,3,1.0
,1663,3,0,0.7342002
,1664,0,0,0.6941242
,1664,1,0,0.7557384
,1664,2,0,0.8521486
,1664,3,2,1.0
,1665,0,2,1.0
,1665,1,1,0.524468
,1665,2,1,0.59795
,1665,3,1,0.9793813
,1666,0,1,0.94427246
,1666,1,1,0.5258494
,1666,2,2,1.0
,1666,3,1,0.59789604
,1667,0,0,0.68582183
,1667,1,0,0.75312537
,1667,2,0,0.7804376
,1667,3,2,1.0
,1668,0,2,1.0
,1668,1,1,0.5171391
,1668,2,1,0.5769976
,1668,3,1,0.94377595
,1669,0,0,0.7815226
,1669,1,0,0.7532158
,1669,2,2,1.0
,1669,3,0,0.68586
,1670,0,1,0.5176054
,1670,1,1,0.5183527
,1670,2,1,0.9581684
,1670,3,2,1.0
,1671,0,1,0.53244007
,1671,1,1,0.53246003
,1671,2,2,1.0
,1671,3,1,0.9940076
,1672,0,0,0.75406194
,1672,1,0,0.75406164
,1672,2,0,0.73797035
,1672,3,2,1.0
,1673,0,0,0.7582288
,1673,1,0,0.7582288
,1673,2,2,1.0
,1673,3,0,0.738873
,1674,0,0,0.7573208
,1674,1,0,0.7573208
,1674,2,0,0.76244783
,1674,3,2,1.0
,1675,0,1,0.52435595
,1675,1,1,0.52435595
,1675,2,3,1.0
,1675,3,1,0.9838114
,1676,0,0,0.7519742
,1676,1,0,0.7519742
,1676,2,0,0.8361293
,1676,3,2,1.0
,1677,0,1,0.5114264
,1677,1,1,0.5114264
,1677,2,3,1.0
,1677,3,1,0.88785946
,1678,0,0,0.75238633
,1678,1,0,0.7523867
,1678,2,0,0.81086195
,1678,3,2,1.0
,1679,0,0,0.50125355
,1679,1,0,0.5012731
,1679,2,2,1.0
,1679,3,1,0.8712043
,1680,0,1,0.5157533
,1680,1,1,0.5150087
,1680,2,1,0.88676494
,1680,3,3,1.0
,1681,0,0,0.70458645
,1681,1,0,0.7528475
,1681,2,2,1.0
,1681,3,0,0.85342747
,1682,0,2,1.0
,1682,1,0,0.7570253
,1682,2,0,0.78164595
,1682,3,0,0.6971513
,1683,0,1,0.94376504
,1683,1,1,0.5181712
,1683,2,1,0.5453277
,1683,3,2,1.0
,1684,0,1,0.5441528
,1684,1,1,0.53280085
,1684,2,3,1.0
,1684,3,1,0.99403685
,1685,0,0,0.7519239
,1685,1,0,0.7520545
,1685,2,0,0.81086814
,1685,3,2,1.0
,1686,0,0,0.5012114
,1686,1,0,0.5012148
,1686,2,2,1.0
,1686,3,1,0.869417
,1687,0,1,0.52701837
,1687,1,1,0.52701825
,1687,2,1,0.9562308
,1687,3,3,1.0
,1688,0,0,0.751854
,1688,1,0,0.751854
,1688,2,2,1.0
,1688,3,0,0.8099598
,1689,0,1,0.52447605
,1689,1,1,0.524476
,1689,2,1,0.9846725
,1689,3,2,1.0
,1690,0,1,0.5322985
,1690,1,1,0.5322985
,1690,2,2,1.0
,1690,3,1,0.9847387
,1691,0,1,0.5274706
,1691,1,1,0.5274706
,1691,2,1,0.9585904
,1691,3,2,1.0
,1692,0,1,0.5338097
,1692,1,1,0.5338094
,1692,2,2,1.0
,1692,3,1,0.9943902
,1693,0,1,0.50982237
,1693,1,1,0.5098137
,1693,2,1,0.88443834
,1693,3,2,1.0
,1694,0,0,0.75348586
,1694,1,0,0.7540466
,1694,2,2,1.0
,1694,3,0,0.68331933
,1695,0,0,0.7056264
,1695,1,0,0.75383246
,1695,2,0,0.7794279
,1695,3,3,1.0
,1696,0,2,1.0
,1696,1,0,0.75611496
,1696,2,0,0.7552183
,1696,3,0,0.80987346
,1697,0,1,0.992344
,1697,1,1,0.52501804
,1697,2,1,0.5854051
,1697,3,2,1.0
,1698,0,0,0.7481073
,1698,1,0,0.75344396
,1698,2,2,1.0
,1698,3,0,0.7251874
,1699,0,0,0.5022515
,1699,1,0,0.5023889
,1699,2,1,0.88259685
,1699,3,2,1.0
,1700,0,0,0.75454974
,1700,1,0,0.75455153
,1700,2,2,1.0
,1700,3,0,0.738059
,1701,0,0,0.7573595
,1701,1,0,0.75737756
,1701,2,0,0.72593516
,1701,3,2,1.0
,1702,0,0,0.50150937
,1702,1,0,0.5024649
,1702,2,2,1.0
,1702,3,1,0.8826074
,1703,0,0,0.6911424
,1703,1,0,0.7532333
,1703,2,0,0.7813029
,1703,3,2,1.0
,1704,0,2,1.0
,1704,1,1,0.5271916
,1704,2,1,0.52842706
,1704,3,1,0.99924463
,1705,0,1,0.85834795
,1705,1,1,0.51263744
,1705,2,1,0.5892283
,1705,3,2,1.0
,1706,0,1,0.5430259
,1706,1,1,0.533812
,1706,2,2,1.0
,1706,3,1,0.9944185
,1707,0,1,0.5351444
,1707,1,1,0.53489864
,1707,2,1,0.99910444
,1707,3,2,1.0
,1708,0,1,0.5153063
,1708,1,1,0.51529986
,1708,2,3,1.0
,1708,3,1,0.8865099
,1709,0,0,0.7532017
,1709,1,0,0.7532018
,1709,2,0,0.820678
,1709,3,2,1.0
,1710,0,0,0.7582427
,1710,1,0,0.7582427
,1710,2,2,1.0
,1710,3,0,0.738897
,1711,0,0,0.7573098
,1711,1,0,0.7573098
,1711,2,0,0.76283824
,1711,3,2,1.0
,1712,0,1,0.5259591
,1712,1,1,0.52595884
,1712,2,3,1.0
,1712,3,1,0.99938136
,1713,0,0,0.7507904
,1713,1,0,0.75080776
,1713,2,0,0.82065314
,1713,3,3,1.0
,1714,0,0,0.754628
,1714,1,0,0.75612485
,1714,2,2,1.0
,1714,3,0,0.8099417
,1715,0,1,0.6006879
,1715,1,1,0.52455664
,1715,2,1,0.9792611
,1715,3,2,1.0
,1716,0,2,1.0
,1716,1,1,0.53226423
,1716,2,1,0.5463562
,1716,3,1,0.9847341
,1717,0,1,0.94491273
,1717,1,1,0.527796
,1717,2,1,0.6039225
,1717,3,2,1.0
,1718,0,1,0.61388445
,1718,1,1,0.52751917
,1718,2,2,1.0
,1718,3,1,0.9444455
,1719,0,2,1.0
,1719,1,1,0.52707636
,1719,2,1,0.95849556
,1719,3,1,0.53969324
,1720,0,1,0.9441096
,1720,1,1,0.5260232
,1720,2,2,1.0
,1720,3,1,0.5866695
,1721,0,0,0.74840903
,1721,1,0,0.7531864
,1721,2,0,0.72431433
,1721,3,2,1.0
,1722,0,1,0.51838994
,1722,1,1,0.5182639
,1722,2,2,1.0
,1722,3,1,0.9581021
,1723,0,1,0.5268351
,1723,1,1,0.52683175
,1723,2,1,0.9502217
,1723,3,2,1.0
,1724,0,1,0.5276358
,1724,1,1,0.5276355
,1724,2,3,1.0
,1724,3,1,0.9561948
,1725,0,0,0.7518319
,1725,1,0,0.75184727
,1725,2,0,0.8099598
,1725,3,2,1.0
,1726,0,1,0.5252509
,1726,1,1,0.524478
,1726,2,2,1.0
,1726,3,1,0.9846727
,1727,0,1,0.5613271
,1727,1,1,0.5323266
,1727,2,1,0.97958916
,1727,3,2,1.0
,1728,0,3,1.0
,1728,1,1,0.5291774
,1728,2,1,0.6618959
,1728,3,1,0.9453525
,1729,0,0,0.853935
,1729,1,0,0.7490514
,1729,2,3,1.0
,1729,3,0,0.6948316
,1730,0,0,0.7572766
,1730,1,0,0.75607646
,1730,2,0,0.83785707
,1730,3,2,1.0
,1731,0,1,0.521203
,1731,1,1,0.52123487
,1731,2,3,1.0
,1731,3,1,0.9565112
,1732,0,0,0.7519437
,1732,1,0,0.75194335
,1732,2,0,0.837867
,1732,3,2,1.0
,1733,0,1,0.5213325
,1733,1,1,0.5213325
,1733,2,3,1.0
,1733,3,1,0.9565111
,1734,0,0,0.7530539
,1734,1,0,0.7530537
,1734,2,0,0.8206731
,1734,3,2,1.0
,1735,0,0,0.7571585
,1735,1,0,0.757144
,1735,2,2,1.0
,1735,3,0,0.7250763
,1736,0,1,0.51679116
,1736,1,1,0.5175392
,1736,2,1,0.96535814
,1736,3,2,1.0
,1737,0,0,0.75225896
,1737,1,0,0.70385563
,1737,2,3,1.0
,1737,3,0,0.78078026
,1738,0,0,0.7572311
,1738,1,2,1.0
,1738,2,0,0.82065296
,1738,3,0,0.75755
,1739,0,0,0.75800294
,1739,1,0,0.6843155
,1739,2,2,1.0
,1739,3,0,0.75745183
,1740,0,0,0.7538802
,1740,1,3,1.0
,1740,2,0,0.7791741
,1740,3,0,0.70566726
,1741,0,0,0.7561563
,1741,1,0,0.85328597
,1741,2,0,0.73134965
,1741,3,2,1.0
,1742,0,1,0.5106531
,1742,1,1,0.50810766
,1742,2,3,1.0
,1742,3,1,0.8876111
,1743,0,0,0.7521245
,1743,1,0,0.7521537
,1743,2,0,0.8378664
,1743,3,2,1.0
,1744,0,1,0.52134305
,1744,1,1,0.5213422
,1744,2,3,1.0
,1744,3,1,0.9565121
,1745,0,0,0.75194186
,1745,1,0,0.75194186
,1745,2,0,0.837867
,1745,3,2,1.0
,1746,0,1,0.5213477
,1746,1,1,0.5213477
,1746,2,3,1.0
,1746,3,1,0.956512
,1747,0,0,0.7519867
,1747,1,0,0.7519867
,1747,2,0,0.8101779
,1747,3,2,1.0
,1748,0,1,0.51824695
,1748,1,1,0.5182469
,1748,2,2,1.0
,1748,3,1,0.95809126
,1749,0,1,0.5267137
,1749,1,1,0.5267136
,1749,2,1,0.9583809
,1749,3,2,1.0
,1750,0,1,0.51106715
,1750,1,1,0.5110672
,1750,2,2,1.0
,1750,3,1,0.89114666
,1751,0,1,0.50947475
,1751,1,1,0.50947475
,1751,2,1,0.909064
,1751,3,2,1.0
,1752,0,0,0.75178427
,1752,1,0,0.7517844
,1752,2,3,1.0
,1752,3,0,0.6814876
,1753,0,0,0.75216293
,1753,1,0,0.75216293
,1753,2,0,0.820661
,1753,3,3,1.0
,1754,0,0,0.7573025
,1754,1,0,0.7573025
,1754,2,2,1.0
,1754,3,0,0.8535475
,1755,0,0,0.6602887
,1755,1,0,0.6602887
,1755,2,3,1.0
,1755,3,0,0.60520536
,1756,0,0,0.75586784
,1756,1,0,0.75586784
,1756,2,0,0.82067156
,1756,3,2,1.0
,1757,0,0,0.75828743
,1757,1,0,0.75828743
,1757,2,2,1.0
,1757,3,0,0.7388918
,1758,0,0,0.7582919
,1758,1,0,0.7582919
,1758,2,0,0.73886913
,1758,3,2,1.0
,1759,0,0,0.7582918
,1759,1,0,0.7582918
,1759,2,2,1.0
,1759,3,0,0.73886913
,1760,0,0,0.75828105
,1760,1,0,0.75828105
,1760,2,0,0.7388612
,1760,3,2,1.0
,1761,0,0,0.75717115
,1761,1,0,0.75717115
,1761,2,2,1.0
,1761,3,0,0.7250636
,1762,0,1,0.5179959
,1762,1,1,0.5179959
,1762,2,1,0.94971436
,1762,3,2,1.0
,1763,0,1,0.5273964
,1763,1,1,0.5273964
,1763,2,3,1.0
,1763,3,1,0.9561932
,1764,0,0,0.75184655
,1764,1,0,0.75184655
,1764,2,0,0.80985034
,1764,3,2,1.0
,1765,0,1,0.5260865
,1765,1,1,0.5260865
,1765,2,2,1.0
,1765,3,1,0.99919266
,1766,0,0,0.75315714
,1766,1,0,0.75315714
,1766,2,0,0.76197463
,1766,3,2,1.0
,1767,0,1,0.52596414
,1767,1,1,0.52596414
,1767,2,3,1.0
,1767,3,1,0.997808
,1768,0,0,0.7521174
,1768,1,0,0.7521174
,1768,2,0,0.81084824
,1768,3,2,1.0
,1769,0,0,0.5005163
,1769,1,0,0.5005163
,1769,2,2,1.0
,1769,3,1,0.8899294
,1770,0,1,0.5340599
,1770,1,1,0.5340599
,1770,2,1,0.997504
,1770,3,2,1.0
,1771,0,1,0.5335866
,1771,1,1,0.5335866
,1771,2,3,1.0
,1771,3,1,0.9978063
,1772,0,0,0.75173783
,1772,1,0,0.75173783
,1772,2,0,0.8386795
,1772,3,2,1.0
,1773,0,1,0.5260118
,1773,1,1,0.52601177
,1773,2,3,1.0
,1773,3,1,0.9978082
,1774,0,0,0.75185645
,1774,1,0,0.75185645
,1774,2,0,0.83786744
,1774,3,2,1.0
,1775,0,1,0.521352
,1775,1,1,0.521352
,1775,2,3,1.0
,1775,3,1,0.95651186
,1776,0,0,0.7518866
,1776,1,0,0.7518866
,1776,2,0,0.80985963
,1776,3,2,1.0
,1777,0,1,0.52720004
,1777,1,1,0.52720004
,1777,2,2,1.0
,1777,3,1,0.99794835
,1778,0,1,0.5272559
,1778,1,1,0.5272559
,1778,2,1,0.9585349
,1778,3,2,1.0
,1779,0,1,0.52731436
,1779,1,1,0.52731436
,1779,2,2,1.0
,1779,3,1,0.95858204
,1780,0,1,0.5340918
,1780,1,1,0.5340918
,1780,2,1,0.99324775
,1780,3,2,1.0
,1781,0,1,0.5277478
,1781,1,1,0.5277478
,1781,2,3,1.0
,1781,3,1,0.95617247
,1782,0,0,0.7519495
,1782,1,0,0.7519495
,1782,2,0,0.81018966
,1782,3,2,1.0
,1783,0,1,0.5165838
,1783,1,1,0.5165838
,1783,2,2,1.0
,1783,3,1,0.943506
,1784,0,0,0.7591009
,1784,1,0,0.7591009
,1784,2,2,1.0
,1784,3,0,0.7063212
,1785,0,0,0.75731725
,1785,1,0,0.75731725
,1785,2,0,0.76270694
,1785,3,2,1.0
,1786,0,1,0.5254633
,1786,1,1,0.5254632
,1786,2,3,1.0
,1786,3,1,0.9940377
,1787,0,0,0.7521277
,1787,1,0,0.7521277
,1787,2,0,0.81084615
,1787,3,2,1.0
,1788,0,0,0.5005907
,1788,1,0,0.5005907
,1788,2,2,1.0
,1788,3,1,0.88978046
,1789,0,1,0.5263271
,1789,1,1,0.5263271
,1789,2,1,0.95849234
,1789,3,2,1.0
,1790,0,1,0.52568316
,1790,1,1,0.52568316
,1790,2,2,1.0
,1790,3,1,0.95562094
,1791,0,0,0.7530093
,1791,1,0,0.7530093
,1791,2,0,0.7241349
,1791,3,2,1.0
,1792,0,1,0.51827127
,1792,1,1,0.5182706
,1792,2,2,1.0
,1792,3,1,0.95810187
,1793,0,1,0.5269224
,1793,1,1,0.526897
,1793,2,1,0.949893
,1793,3,2,1.0
,1794,0,1,0.5338853
,1794,1,1,0.53293526
,1794,2,3,1.0
,1794,3,1,0.9940294
,1795,0,0,0.68890417
,1795,1,0,0.75066596
,1795,2,0,0.85313535
,1795,3,2,1.0
,1796,0,2,1.0
,1796,1,1,0.5556956
,1796,2,1,0.5254084
,1796,3,1,0.9923846
,1797,0,1,0.9450775
,1797,1,3,1.0
,1797,2,1,0.5890528
,1797,3,1,0.5418136
,1798,0,0,0.74806935
,1798,1,0,0.8539054
,1798,2,2,1.0
,1798,3,0,0.7044319
,1799,0,0,0.7581367
,1799,1,0,0.75933665
,1799,2,0,0.73884374
,1799,3,2,1.0
,1800,0,0,0.75743675
,1800,1,0,0.7574504
,1800,2,2,1.0
,1800,3,0,0.75924724
,1801,0,1,0.510859
,1801,1,1,0.51085865
,1801,2,1,0.8877035
,1801,3,3,1.0
,1802,0,0,0.7532324
,1802,1,0,0.7532324
,1802,2,2,1.0
,1802,3,0,0.82068026
,1803,0,0,0.75740254
,1803,1,0,0.75740266
,1803,2,0,0.7592677
,1803,3,2,1.0
,1804,0,1,0.5108686
,1804,1,1,0.5108686
,1804,2,3,1.0
,1804,3,1,0.8877092
,1805,0,0,0.75249815
,1805,1,0,0.75249827
,1805,2,0,0.83090127
,1805,3,2,1.0
,1806,0,0,0.51794493
,1806,1,0,0.517945
,1806,2,3,1.0
,1806,3,1,0.749873
,1807,0,0,0.75370866
,1807,1,0,0.7537119
,1807,2,0,0.8206766
,1807,3,2,1.0
,1808,0,0,0.7579669
,1808,1,0,0.7582506
,1808,2,2,1.0
,1808,3,0,0.738892
,1809,0,0,0.7324023
,1809,1,0,0.757429
,1809,2,0,0.78243595
,1809,3,2,1.0
,1810,0,3,1.0
,1810,1,1,0.5106295
,1810,2,1,0.5107187
,1810,3,1,0.88763005
,1811,0,0,0.85390687
,1811,1,0,0.75290126
,1811,2,0,0.70465505
,1811,3,2,1.0
,1812,0,0,0.759349
,1812,1,0,0.75820374
,1812,2,2,1.0
,1812,3,0,0.738819
,1813,0,0,0.75800383
,1813,1,0,0.7579909
,1813,2,0,0.68426317
,1813,3,2,1.0
,1814,0,0,0.753962
,1814,1,0,0.7539618
,1814,2,3,1.0
,1814,3,0,0.7345574
,1815,0,0,0.7572647
,1815,1,0,0.7572647
,1815,2,0,0.8206684
,1815,3,2,1.0
,1816,0,0,0.75829613
,1816,1,0,0.758296
,1816,2,2,1.0
,1816,3,0,0.73888427
,1817,0,0,0.75742304
,1817,1,0,0.75742286
,1817,2,0,0.72593874
,1817,3,2,1.0
,1818,0,0,0.5025097
,1818,1,0,0.50249904
,1818,2,2,1.0
,1818,3,1,0.8825899
,1819,0,0,0.7545489
,1819,1,0,0.75385404
,1819,2,0,0.73805076
,1819,3,2,1.0
,1820,0,0,0.7572732
,1820,1,0,0.69663906
,1820,2,2,1.0
,1820,3,0,0.7801575
,1821,0,1,0.50062853
,1821,1,2,1.0
,1821,2,1,0.8565569
,1821,3,1,0.6249067
,1822,0,0,0.7514242
,1822,1,0,0.77990776
,1822,2,0,0.6983144
,1822,3,3,0.99986994
,1823,0,0,0.7572116
,1823,1,0,0.7569956
,1823,2,2,1.0
,1823,3,0,0.820656
,1824,0,0,0.75826377
,1824,1,0,0.71065617
,1824,2,0,0.7827367
,1824,3,2,1.0
,1825,0,0,0.75823545
,1825,1,2,1.0
,1825,2,0,0.7109376
,1825,3,0,0.78270155
,1826,0,0,0.7582344
,1826,1,0,0.7820955
,1826,2,2,1.0
,1826,3,0,0.71090686
,1827,0,0,0.757874
,1827,1,0,0.65307176
,1827,2,0,0.78289217
,1827,3,2,1.0
,1828,0,0,0.7541118
,1828,1,3,1.0
,1828,2,0,0.75440276
,1828,3,0,0.7347133
,1829,0,0,0.7562271
,1829,1,0,0.8101722
,1829,2,0,0.75624484
,1829,3,2,1.0
,1830,0,1,0.5173346
,1830,1,2,1.0
,1830,2,1,0.5165959
,1830,3,1,0.955151
,1831,0,0,0.7061265
,1831,1,0,0.7824432
,1831,2,0,0.75421715
,1831,3,2,1.0
,1832,0,2,1.0
,1832,1,0,0.7585424
,1832,2,0,0.7576827
,1832,3,0,0.7388437
,1833,0,0,0.78320694
,1833,1,0,0.75824505
,1833,2,0,0.7106348
,1833,3,2,1.0
,1834,0,0,0.7573692
,1834,1,0,0.75708514
,1834,2,2,1.0
,1834,3,0,0.7247624
,1835,0,1,0.52396363
,1835,1,1,0.52397114
,1835,2,1,0.98460186
,1835,3,2,1.0
,1836,0,1,0.5095132
,1836,1,1,0.5095134
,1836,2,2,1.0
,1836,3,1,0.8844067
,1837,0,0,0.7544068
,1837,1,0,0.75440663
,1837,2,0,0.7380503
,1837,3,2,1.0
,1838,0,0,0.7573764
,1838,1,0,0.75736237
,1838,2,2,1.0
,1838,3,0,0.7259356
,1839,0,0,0.50249064
,1839,1,0,0.5017508
,1839,2,1,0.88259894
,1839,3,2,1.0
,1840,0,0,0.75450665
,1840,1,0,0.70641077
,1840,2,2,1.0
,1840,3,0,0.7813908
,1841,0,0,0.75782573
,1841,1,2,1.0
,1841,2,0,0.78237367
,1841,3,0,0.65308034
,1842,0,0,0.7540546
,1842,1,0,0.77959526
,1842,2,0,0.7061911
,1842,3,3,1.0
,1843,0,0,0.7572461
,1843,1,0,0.75753736
,1843,2,2,1.0
,1843,3,0,0.82066864
,1844,0,0,0.7583037
,1844,1,0,0.75830704
,1844,2,0,0.7388924
,1844,3,2,1.0
,1845,0,0,0.7582921
,1845,1,0,0.7582921
,1845,2,2,1.0
,1845,3,0,0.7388692
,1846,0,0,0.7582919
,1846,1,0,0.7582919
,1846,2,0,0.73886913
,1846,3,2,1.0
,1847,0,0,0.7582918
,1847,1,0,0.7582918
,1847,2,2,1.0
,1847,3,0,0.73886913
,1848,0,0,0.75828385
,1848,1,0,0.75828385
,1848,2,0,0.73886085
,1848,3,2,1.0
,1849,0,0,0.7574123
,1849,1,0,0.7574124
,1849,2,2,1.0
,1849,3,0,0.72590053
,1850,0,0,0.5017328
,1850,1,0,0.5017414
,1850,2,1,0.9078177
,1850,3,2,1.0
,1851,0,0,0.7518595
,1851,1,0,0.75241196
,1851,2,3,1.0
,1851,3,0,0.7359173
,1852,0,0,0.7092007
,1852,1,0,0.7569675
,1852,2,0,0.8538978
,1852,3,2,1.0
,1853,0,2,1.0
,1853,1,0,0.7582521
,1853,2,0,0.75935096
,1853,3,0,0.7388448
,1854,0,0,0.73886883
,1854,1,0,0.7582913
,1854,2,0,0.7582977
,1854,3,2,1.0
,1855,0,2,1.0
,1855,1,0,0.7582895
,1855,2,0,0.75774986
,1855,3,0,0.7388643
,1856,0,0,0.7832081
,1856,1,0,0.7582435
,1856,2,0,0.7106355
,1856,3,2,1.0
,1857,0,0,0.75746465
,1857,1,0,0.75718075
,1857,2,2,1.0
,1857,3,0,0.7250462
,1858,0,1,0.51660347
,1858,1,1,0.5166111
,1858,2,1,0.955162
,1858,3,2,1.0
,1859,0,0,0.75427455
,1859,1,0,0.7542682
,1859,2,2,1.0
,1859,3,0,0.73800087
,1860,0,0,0.75824195
,1860,1,0,0.7577018
,1860,2,0,0.7388621
,1860,3,2,1.0
,1861,0,0,0.7582557
,1861,1,0,0.7106202
,1861,2,2,1.0
,1861,3,0,0.78321415
,1862,0,0,0.7579714
,1862,1,2,1.0
,1862,2,0,0.68427235
,1862,3,0,0.7577006
,1863,0,0,0.7538919
,1863,1,0,0.7794474
,1863,2,3,0.999897
,1863,3,0,0.70568615
,1864,0,0,0.75724083
,1864,1,0,0.7569915
,1864,2,0,0.82065827
,1864,3,2,1.0
,1865,0,0,0.7582578
,1865,1,0,0.71065176
,1865,2,2,1.0
,1865,3,0,0.7832189
,1866,0,0,0.7573723
,1866,1,2,1.0
,1866,2,0,0.725868
,1866,3,0,0.75651604
,1867,0,0,0.5007783
,1867,1,1,0.8552001
,1867,2,2,1.0
,1867,3,1,0.5594111
,1868,0,0,0.7066071
,1868,1,0,0.7505908
,1868,2,0,0.78263205
,1868,3,2,1.0
,1869,0,2,1.0
,1869,1,0,0.7581845
,1869,2,0,0.7585477
,1869,3,0,0.73884946
,1870,0,0,0.7388611
,1870,1,0,0.75828004
,1870,2,0,0.7582843
,1870,3,2,1.0
,1871,0,2,1.0
,1871,1,0,0.7571985
,1871,2,0,0.7571985
,1871,3,0,0.7250638
,1872,0,1,0.955162
,1872,1,1,0.5166105
,1872,2,1,0.51661044
,1872,3,2,1.0
,1873,0,2,1.0
,1873,1,0,0.7542744
,1873,2,0,0.75427437
,1873,3,0,0.73800105
,1874,0,0,0.73886645
,1874,1,0,0.75824416
,1874,2,0,0.75823057
,1874,3,2,1.0
,1875,0,2,1.0
,1875,1,0,0.7582878
,1875,2,0,0.7570942
,1875,3,0,0.7388352
,1876,0,0,0.78290117
,1876,1,0,0.7578916
,1876,2,0,0.65274405
,1876,3,2,1.0
,1877,0,0,0.7538629
,1877,1,0,0.7541218
,1877,2,3,1.0
,1877,3,0,0.7346955
,1878,0,0,0.7092176
,1878,1,0,0.75698227
,1878,2,0,0.85353047
,1878,3,2,1.0
,1879,0,2,1.0
,1879,1,0,0.75821316
,1879,2,0,0.7117987
,1879,3,0,0.7820894
,1880,0,0,0.7828926
,1880,1,0,0.7578741
,1880,2,2,1.0
,1880,3,0,0.65307176
,1881,0,0,0.7544141
,1881,1,0,0.75412333
,1881,2,0,0.73471713
,1881,3,3,1.0
,1882,0,0,0.75726223
,1882,1,0,0.7572591
,1882,2,2,1.0
,1882,3,0,0.82066244
,1883,0,0,0.75741076
,1883,1,0,0.75742483
,1883,2,0,0.72592425
,1883,3,2,1.0
,1884,0,0,0.50097495
,1884,1,0,0.5017244
,1884,2,2,1.0
,1884,3,1,0.90781426
,1885,0,0,0.70395297
,1885,1,0,0.75234616
,1885,2,0,0.78066725
,1885,3,3,1.0
,1886,0,2,1.0
,1886,1,0,0.75722677
,1886,2,0,0.75700897
,1886,3,0,0.82066673
,1887,0,0,0.7832384
,1887,1,0,0.75826573
,1887,2,0,0.7106614
,1887,3,2,1.0
,1888,0,0,0.7585577
,1888,1,0,0.7582746
,1888,2,2,1.0
,1888,3,0,0.7388525
,1889,0,0,0.7582886
,1889,1,0,0.7582916
,1889,2,0,0.73886895
,1889,3,2,1.0
,1890,0,0,0.75774986
,1890,1,0,0.75828964
,1890,2,2,1.0
,1890,3,0,0.73886436
,1891,0,0,0.7106437
,1891,1,0,0.758254
,1891,2,0,0.7832122
,1891,3,2,1.0
,1892,0,2,1.0
,1892,1,0,0.7582722
,1892,2,0,0.7580159
,1892,3,0,0.7388476
,1893,0,0,0.7832178
,1893,1,0,0.75825375
,1893,2,0,0.71064717
,1893,3,2,1.0
,1894,0,0,0.75855976
,1894,1,0,0.75827676
,1894,2,2,1.0
,1894,3,0,0.73883104
,1895,0,0,0.757995
,1895,1,0,0.75799185
,1895,2,0,0.68426335
,1895,3,2,1.0
,1896,0,0,0.7539617
,1896,1,0,0.7539618
,1896,2,3,1.0
,1896,3,0,0.7345574
,1897,0,0,0.7572568
,1897,1,0,0.7572646
,1897,2,0,0.8206682
,1897,3,2,1.0
,1898,0,0,0.7576068
,1898,1,0,0.75829315
,1898,2,2,1.0
,1898,3,0,0.73887783
,1899,0,0,0.6968614
,1899,1,0,0.7573706
,1899,2,0,0.7823951
,1899,3,2,1.0
,1900,0,2,1.0
,1900,1,0,0.50242615
,1900,2,0,0.5023318
,1900,3,1,0.8826235
,1901,0,0,0.7819988
,1901,1,0,0.7545072
,1901,2,0,0.7064501
,1901,3,2,1.0
,1902,0,0,0.7109287
,1902,1,0,0.7581908
,1902,2,2,1.0
,1902,3,0,0.7831878
,1903,0,2,1.0
,1903,1,0,0.75827026
,1903,2,0,0.73881876
,1903,3,0,0.757361
,1904,0,0,0.78290683
,1904,1,0,0.75789124
,1904,2,2,1.0
,1904,3,0,0.6527456
,1905,0,0,0.75441337
,1905,1,0,0.7541228
,1905,2,0,0.7347155
,1905,3,3,1.0
,1906,0,0,0.7569919
,1906,1,0,0.7570016
,1906,2,2,1.0
,1906,3,0,0.8127172
,1907,0,0,0.5545751
,1907,1,0,0.55531675
,1907,2,1,0.79279935
,1907,3,2,1.0
,1908,0,0,0.70435053
,1908,1,0,0.75272024
,1908,2,3,1.0
,1908,3,0,0.77995676
,1909,0,2,1.0
,1909,1,0,0.7569373
,1909,2,0,0.8536977
,1909,3,0,0.70953625
,1910,0,0,0.7824285
,1910,1,0,0.75739
,1910,2,0,0.73353463
,1910,3,2,1.0
,1911,0,1,0.5099723
,1911,1,1,0.51062846
,1911,2,3,1.0
,1911,3,1,0.88761723
,1912,0,0,0.7532539
,1912,1,0,0.7532464
,1912,2,0,0.8206782
,1912,3,2,1.0
,1913,0,0,0.75825644
,1913,1,0,0.7582564
,1913,2,2,1.0
,1913,3,0,0.73889035
,1914,0,0,0.7582916
,1914,1,0,0.7582916
,1914,2,0,0.73886913
,1914,3,2,1.0
,1915,0,0,0.75829417
,1915,1,0,0.75829417
,1915,2,2,1.0
,1915,3,0,0.7388478
,1916,0,0,0.757992
,1916,1,0,0.757992
,1916,2,0,0.6842635
,1916,3,2,1.0
,1917,0,0,0.7539555
,1917,1,0,0.7539617
,1917,2,3,1.0
,1917,3,0,0.7345571
,1918,0,0,0.7567207
,1918,1,0,0.757262
,1918,2,0,0.8206667
,1918,3,2,1.0
,1919,0,0,0.7106577
,1919,1,0,0.7582662
,1919,2,2,1.0
,1919,3,0,0.7832384
,1920,0,2,1.0
,1920,1,0,0.7582747
,1920,2,0,0.7388524
,1920,3,0,0.7585517
,1921,0,0,0.7388641
,1921,1,0,0.75828934
,1921,2,2,1.0
,1921,3,0,0.7577528
,1922,0,2,1.0
,1922,1,0,0.7582522
,1922,2,0,0.78271604
,1922,3,0,0.71063906
,1923,0,0,0.7832056
,1923,1,0,0.75823927
,1923,2,0,0.7109195
,1923,3,2,1.0
,1924,0,0,0.7582571
,1924,1,0,0.7579735
,1924,2,2,1.0
,1924,3,0,0.6842437
,1925,0,0,0.75396484
,1925,1,0,0.7539615
,1925,2,0,0.7345574
,1925,3,3,1.0
,1926,0,0,0.7572645
,1926,1,0,0.7572646
,1926,2,2,1.0
,1926,3,0,0.8206684
,1927,0,0,0.75828004
,1927,1,0,0.7582934
,1927,2,0,0.7388841
,1927,3,2,1.0
,1928,0,0,0.7560087
,1928,1,0,0.75718796
,1928,2,2,1.0
,1928,3,0,0.7250402
,1929,0,1,0.57762384
,1929,1,1,0.5169852
,1929,2,1,0.9439066
,1929,3,2,1.0
,1930,0,2,1.0
,1930,1,0,0.75394416
,1930,2,0,0.6419147
,1930,3,0,0.7816982
,1931,0,0,0.7796276
,1931,1,0,0.7540469
,1931,2,3,1.0
,1931,3,0,0.7062242
,1932,0,0,0.75754017
,1932,1,0,0.75724834
,1932,2,0,0.82065314
,1932,3,2,1.0
,1933,0,0,0.75800884
,1933,1,0,0.75800544
,1933,2,2,1.0
,1933,3,0,0.68429106
,1934,0,0,0.75396204
,1934,1,0,0.75396204
,1934,2,0,0.7345574
,1934,3,3,1.0
,1935,0,0,0.75726694
,1935,1,0,0.75726694
,1935,2,2,1.0
,1935,3,0,0.82065296
,1936,0,0,0.75800574
,1936,1,0,0.75800574
,1936,2,0,0.68429106
,1936,3,2,1.0
,1937,0,0,0.7539625
,1937,1,0,0.7539625
,1937,2,3,1.0
,1937,3,0,0.7345567
,1938,0,0,0.75729287
,1938,1,0,0.75729287
,1938,2,0,0.7784193
,1938,3,2,1.0
,1939,0,0,0.75363004
,1939,1,0,0.75363004
,1939,2,3,1.0
,1939,3,0,0.7342401
,1940,0,0,0.7572599
,1940,1,0,0.7572599
,1940,2,0,0.8206684
,1940,3,2,1.0
,1941,0,0,0.7583039
,1941,1,0,0.7583039
,1941,2,2,1.0
,1941,3,0,0.73889244
,1942,0,0,0.7582921
,1942,1,0,0.7582921
,1942,2,0,0.73886913
,1942,3,2,1.0
,1943,0,0,0.7582919
,1943,1,0,0.7582919
,1943,2,2,1.0
,1943,3,0,0.73886913
,1944,0,0,0.7582919
,1944,1,0,0.7582919
,1944,2,0,0.73886913
,1944,3,2,1.0
,1945,0,0,0.7582919
,1945,1,0,0.7582919
,1945,2,2,1.0
,1945,3,0,0.73886913
,1946,0,0,0.7582918
,1946,1,0,0.7582918
,1946,2,0,0.73886913
,1946,3,2,1.0
,1947,0,0,0.75828403
,1947,1,0,0.75828403
,1947,2,2,1.0
,1947,3,0,0.7388609
,1948,0,0,0.75742286
,1948,1,0,0.75742286
,1948,2,0,0.72593874
,1948,3,2,1.0
,1949,0,0,0.50251
,1949,1,0,0.50251
,1949,2,2,1.0
,1949,3,1,0.8825896
,1950,0,0,0.7545529
,1950,1,0,0.7545529
,1950,2,0,0.73805904
,1950,3,2,1.0
,1951,0,0,0.75737834
,1951,1,0,0.75737834
,1951,2,2,1.0
,1951,3,0,0.7259366
,1952,0,0,0.50250864
,1952,1,0,0.5025087
,1952,2,1,0.8825897
,1952,3,2,1.0
,1953,0,0,0.75454855
,1953,1,0,0.75454855
,1953,2,2,1.0
,1953,3,0,0.73807245
,1954,0,0,0.7573036
,1954,1,0,0.7573036
,1954,2,0,0.76166457
,1954,3,2,1.0
,1955,0,1,0.5210658
,1955,1,1,0.5210657
,1955,2,3,1.0
,1955,3,1,0.95647323
,1956,0,0,0.75221217
,1956,1,0,0.75221205
,1956,2,0,0.8108442
,1956,3,2,1.0
,1957,0,0,0.5008238
,1957,1,0,0.5008238
,1957,2,2,1.0
,1957,3,1,0.8894258
,1958,0,1,0.50968826
,1958,1,1,0.50968826
,1958,2,1,0.87305146
,1958,3,2,1.0
,1959,0,1,0.5153251
,1959,1,1,0.5153251
,1959,2,3,1.0
,1959,3,1,0.8867628
,1960,0,0,0.7521666
,1960,1,0,0.7521666
,1960,2,0,0.8361283
,1960,3,2,1.0
,1961,0,1,0.51142585
,1961,1,1,0.5114258
,1961,2,3,1.0
,1961,3,1,0.8878586
,1962,0,0,0.75208277
,1962,1,0,0.75208306
,1962,2,0,0.8386127
,1962,3,2,1.0
,1963,0,1,0.5256394
,1963,1,1,0.52562106
,1963,2,3,1.0
,1963,3,1,0.9940391
,1964,0,0,0.7507442
,1964,1,0,0.7519362
,1964,2,0,0.83622164
,1964,3,2,1.0
,1965,0,1,0.57277966
,1965,1,1,0.5119487
,1965,2,3,1.0
,1965,3,1,0.8617024
,1966,0,2,1.0
,1966,1,0,0.7520643
,1966,2,0,0.8523888
,1966,3,0,0.686127
,1967,0,1,0.85614216
,1967,1,1,0.5005861
,1967,2,1,0.5740656
,1967,3,2,1.0
,1968,0,1,0.51736593
,1968,1,1,0.5081586
,1968,2,2,1.0
,1968,3,1,0.88412315
,1969,0,0,0.75431645
,1969,1,0,0.75442135
,1969,2,0,0.73805237
,1969,3,2,1.0
,1970,0,0,0.7571273
,1970,1,0,0.7571285
,1970,2,2,1.0
,1970,3,0,0.7250594
,1971,0,1,0.51783895
,1971,1,1,0.5178389
,1971,2,1,0.95047003
,1971,3,2,1.0
,1972,0,1,0.5151178
,1972,1,1,0.5151178
,1972,2,3,1.0
,1972,3,1,0.8866059
,1973,0,0,0.7523489
,1973,1,0,0.7523489
,1973,2,0,0.8108436
,1973,3,2,1.0
,1974,0,0,0.500863
,1974,1,0,0.500863
,1974,2,2,1.0
,1974,3,1,0.8894235
,1975,0,1,0.5084638
,1975,1,1,0.5084638
,1975,2,1,0.8842532
,1975,3,2,1.0
,1976,0,0,0.7544275
,1976,1,0,0.7544275
,1976,2,2,1.0
,1976,3,0,0.7380592
,1977,0,0,0.75823545
,1977,1,0,0.75823545
,1977,2,0,0.73885906
,1977,3,2,1.0
,1978,0,0,0.757198
,1978,1,0,0.757198
,1978,2,2,1.0
,1978,3,0,0.7250638
,1979,0,1,0.51661325
,1979,1,1,0.5166133
,1979,2,1,0.9551638
,1979,3,2,1.0
,1980,0,0,0.75392896
,1980,1,0,0.75392896
,1980,2,2,1.0
,1980,3,0,0.72746515
,1981,0,0,0.5549055
,1981,1,0,0.5549055
,1981,2,1,0.79269934
,1981,3,2,1.0
,1982,0,0,0.7522771
,1982,1,0,0.7522771
,1982,2,3,1.0
,1982,3,0,0.68121505
,1983,0,0,0.7521637
,1983,1,0,0.7521637
,1983,2,0,0.8206741
,1983,3,3,1.0
,1984,0,0,0.7572719
,1984,1,0,0.757272
,1984,2,2,1.0
,1984,3,0,0.8206681
,1985,0,0,0.75829804
,1985,1,0,0.7583042
,1985,2,0,0.7388924
,1985,3,2,1.0
,1986,0,0,0.7577498
,1986,1,0,0.7582899
,1986,2,2,1.0
,1986,3,0,0.7388643
,1987,0,0,0.7106208
,1987,1,0,0.7582564
,1987,2,0,0.78321403
,1987,3,2,1.0
,1988,0,2,1.0
,1988,1,0,0.7579714
,1988,2,0,0.75770056
,1988,3,0,0.6842669
,1989,0,0,0.77945244
,1989,1,0,0.75389093
,1989,2,0,0.7056853
,1989,3,3,1.0
,1990,0,0,0.7575348
,1990,1,0,0.7572434
,1990,2,2,1.0
,1990,3,0,0.82066864
,1991,0,0,0.7582965
,1991,1,0,0.75829315
,1991,2,0,0.73888445
,1991,3,2,1.0
,1992,0,0,0.75719637
,1992,1,0,0.75719637
,1992,2,2,1.0
,1992,3,0,0.72505444
,1993,0,1,0.51678485
,1993,1,1,0.51678485
,1993,2,1,0.9653604
,1993,3,2,1.0
,1994,0,0,0.7523181
,1994,1,0,0.7523181
,1994,2,3,1.0
,1994,3,0,0.73605675
,1995,0,0,0.75641245
,1995,1,0,0.7564123
,1995,2,0,0.81083745
,1995,3,2,1.0
,1996,0,0,0.50069356
,1996,1,0,0.50069356
,1996,2,2,1.0
,1996,3,1,0.8899093
,1997,0,1,0.5319567
,1997,1,1,0.5319567
,1997,2,1,0.9940066
,1997,3,2,1.0
,1998,0,0,0.7531284
,1998,1,0,0.7531284
,1998,2,2,1.0
,1998,3,0,0.76083446
,1999,0,1,0.5211665
,1999,1,1,0.5211665
,1999,2,1,0.9564725
,1999,3,3,1.0
,2000,0,0,0.7530691
,2000,1,0,0.7530691
,2000,2,2,1.0
,2000,3,0,0.8206632
,2001,0,0,0.7579556
,2001,1,0,0.7579556
,2001,2,0,0.6842885
,2001,3,2,1.0
,2002,0,0,0.7539618
,2002,1,0,0.75396186
,2002,2,3,1.0
,2002,3,0,0.73455673
,2003,0,0,0.7572864
,2003,1,0,0.75729287
,2003,2,0,0.77842116
,2003,3,2,1.0
,2004,0,0,0.75307536
,2004,1,0,0.75362605
,2004,2,3,1.0
,2004,3,0,0.73421645
,2005,0,0,0.70920855
,2005,1,0,0.7569744
,2005,2,0,0.853896
,2005,3,2,1.0
,2006,0,2,1.0
,2006,1,0,0.75823843
,2006,2,0,0.7591001
,2006,3,0,0.7388502
,2007,0,0,0.782327
,2007,1,0,0.75730115
,2007,2,0,0.73629445
,2007,3,2,1.0
,2008,0,1,0.52518535
,2008,1,1,0.5258532
,2008,2,3,1.0
,2008,3,1,0.99780786
,2009,0,0,0.75193864
,2009,1,0,0.7519309
,2009,2,0,0.81017655
,2009,3,2,1.0
,2010,0,1,0.51688546
,2010,1,1,0.5168857
,2010,2,2,1.0
,2010,3,1,0.96535176
,2011,0,0,0.7523259
,2011,1,0,0.7523259
,2011,2,0,0.7360612
,2011,3,3,1.0
,2012,0,0,0.7572405
,2012,1,0,0.7572405
,2012,2,2,1.0
,2012,3,0,0.8206629
,2013,0,0,0.7571378
,2013,1,0,0.7571378
,2013,2,0,0.7248074
,2013,3,2,1.0
,2014,0,1,0.5228413
,2014,1,1,0.5228413
,2014,2,2,1.0
,2014,3,1,0.9835592
,2015,0,0,0.75304914
,2015,1,0,0.75304914
,2015,2,0,0.72412026
,2015,3,2,1.0
,2016,0,1,0.5167376
,2016,1,1,0.5167375
,2016,2,2,1.0
,2016,3,1,0.95516616
,2017,0,0,0.75337017
,2017,1,0,0.75337017
,2017,2,0,0.7250203
,2017,3,2,1.0
,2018,0,0,0.50238675
,2018,1,0,0.5023868
,2018,2,2,1.0
,2018,3,1,0.8826116
,2019,0,0,0.7541985
,2019,1,0,0.7541985
,2019,2,0,0.68330723
,2019,3,2,1.0
,2020,0,0,0.75390553
,2020,1,0,0.75390553
,2020,2,3,1.0
,2020,3,0,0.7345526
,2021,0,0,0.75616705
,2021,1,0,0.75616705
,2021,2,0,0.83785665
,2021,3,2,1.0
,2022,0,1,0.5212168
,2022,1,1,0.5212168
,2022,2,3,1.0
,2022,3,1,0.95651007
,2023,0,0,0.75306606
,2023,1,0,0.75306606
,2023,2,0,0.8206788
,2023,3,2,1.0
,2024,0,0,0.7582541
,2024,1,0,0.7582541
,2024,2,2,1.0
,2024,3,0,0.7388902
,2025,0,0,0.7582914
,2025,1,0,0.7582914
,2025,2,0,0.73886913
,2025,3,2,1.0
,2026,0,0,0.75828403
,2026,1,0,0.75828403
,2026,2,2,1.0
,2026,3,0,0.7388609
,2027,0,0,0.75742286
,2027,1,0,0.75742286
,2027,2,0,0.72593874
,2027,3,2,1.0
,2028,0,0,0.50251013
,2028,1,0,0.50251013
,2028,2,2,1.0
,2028,3,1,0.8825896
,2029,0,0,0.75456095
,2029,1,0,0.75456095
,2029,2,0,0.7380673
,2029,3,2,1.0
,2030,0,0,0.7582498
,2030,1,0,0.7582498
,2030,2,2,1.0
,2030,3,0,0.7388459
,2031,0,0,0.75799155
,2031,1,0,0.75799155
,2031,2,0,0.68426335
,2031,3,2,1.0
,2032,0,0,0.7539618
,2032,1,0,0.7539618
,2032,2,3,1.0
,2032,3,0,0.7345573
,2033,0,0,0.7572647
,2033,1,0,0.7572648
,2033,2,0,0.8206684
,2033,3,2,1.0
,2034,0,0,0.758304
,2034,1,0,0.758304
,2034,2,2,1.0
,2034,3,0,0.7388924
,2035,0,0,0.75829434
,2035,1,0,0.7582944
,2035,2,0,0.7388478
,2035,3,2,1.0
,2036,0,0,0.757992
,2036,1,0,0.757992
,2036,2,2,1.0
,2036,3,0,0.6842634
,2037,0,0,0.7539618
,2037,1,0,0.7539618
,2037,2,0,0.7345574
,2037,3,3,1.0
,2038,0,0,0.7572648
,2038,1,0,0.7572648
,2038,2,2,1.0
,2038,3,0,0.8206684
,2039,0,0,0.7583039
,2039,1,0,0.7583038
,2039,2,0,0.7388924
,2039,3,2,1.0
,2040,0,0,0.7582802
,2040,1,0,0.7582801
,2040,2,2,1.0
,2040,3,0,0.7388618
,2041,0,0,0.7570929
,2041,1,0,0.7570929
,2041,2,0,0.7246557
,2041,3,2,1.0
,2042,0,1,0.5256583
,2042,1,1,0.5256583
,2042,2,2,1.0
,2042,3,1,0.9978004
,2043,0,0,0.7537668
,2043,1,0,0.75376666
,2043,2,0,0.683187
,2043,3,2,1.0
,2044,0,0,0.7539038
,2044,1,0,0.7539038
,2044,2,3,1.0
,2044,3,0,0.7345528
,2045,0,0,0.75645906
,2045,1,0,0.75645906
,2045,2,0,0.8108533
,2045,3,2,1.0
,2046,0,0,0.5026043
,2046,1,0,0.5026043
,2046,2,2,1.0
,2046,3,1,0.8825362
,2047,0,0,0.7537079
,2047,1,0,0.7537079
,2047,2,0,0.7584962
,2047,3,2,1.0
,2048,0,1,0.51097536
,2048,1,1,0.5109754
,2048,2,3,1.0
,2048,3,1,0.8877092
,2049,0,0,0.7522088
,2049,1,0,0.7522088
,2049,2,0,0.8361283
,2049,3,2,1.0
,2050,0,1,0.51141965
,2050,1,1,0.51141965
,2050,2,3,1.0
,2050,3,1,0.8878593
,2051,0,0,0.7523807
,2051,1,0,0.7523807
,2051,2,0,0.8108438
,2051,3,2,1.0
,2052,0,0,0.5008291
,2052,1,0,0.50082904
,2052,2,2,1.0
,2052,3,1,0.8894254
,2053,0,1,0.5096876
,2053,1,1,0.5096877
,2053,2,1,0.87305164
,2053,3,2,1.0
,2054,0,1,0.51531035
,2054,1,1,0.51531035
,2054,2,3,1.0
,2054,3,1,0.88675857
,2055,0,0,0.7532
,2055,1,0,0.7532
,2055,2,0,0.820678
,2055,3,2,1.0
,2056,0,0,0.7582542
,2056,1,0,0.7582542
,2056,2,2,1.0
,2056,3,0,0.7389029
,2057,0,0,0.7584438
,2057,1,0,0.7584438
,2057,2,0,0.78275186
,2057,3,2,1.0
,2058,0,0,0.761258
,2058,1,0,0.761258
,2058,2,0,0.70101917
,2058,3,2,1.0
,2059,0,1,0.51804364
,2059,1,1,0.51804364
,2059,2,2,1.0
,2059,3,1,0.9581018
,2060,0,1,0.5266607
,2060,1,1,0.5266607
,2060,2,1,0.95096713
,2060,3,2,1.0
,2061,0,1,0.5153497
,2061,1,1,0.5153497
,2061,2,3,1.0
,2061,3,1,0.886609
,2062,0,0,0.7532272
,2062,1,0,0.7532272
,2062,2,0,0.77843213
,2062,3,2,1.0
,2063,0,0,0.75357836
,2063,1,0,0.75357836
,2063,2,3,1.0
,2063,3,0,0.73423606
,2064,0,0,0.75724864
,2064,1,0,0.75724864
,2064,2,0,0.82067055
,2064,3,2,1.0
,2065,0,0,0.75745046
,2065,1,0,0.75745046
,2065,2,2,1.0
,2065,3,0,0.75926924
,2066,0,1,0.51085854
,2066,1,1,0.51085854
,2066,2,1,0.8877035
,2066,3,3,1.0
,2067,0,0,0.75323427
,2067,1,0,0.75323474
,2067,2,2,1.0
,2067,3,0,0.8206722
,2068,0,0,0.75731975
,2068,1,0,0.75735706
,2068,2,0,0.725931
,2068,3,2,1.0
,2069,0,1,0.5012138
,2069,1,0,0.5007548
,2069,2,2,1.0
,2069,3,1,0.88952655
,2070,0,1,0.58693707
,2070,1,1,0.51114357
,2070,2,1,0.85875344
,2070,3,2,1.0
,2071,0,2,1.0
,2071,1,1,0.50938356
,2071,2,1,0.57898027
,2071,3,1,0.85780865
,2072,0,0,0.7822403
,2072,1,0,0.7540634
,2072,2,2,1.0
,2072,3,0,0.64313996
,2073,0,0,0.75444055
,2073,1,0,0.75411314
,2073,2,0,0.7347493
,2073,3,3,1.0
,2074,0,0,0.757299
,2074,1,0,0.7572952
,2074,2,2,1.0
,2074,3,0,0.7784194
,2075,0,0,0.7536301
,2075,1,0,0.75363004
,2075,2,0,0.7342401
,2075,3,3,1.0
,2076,0,0,0.7572597
,2076,1,0,0.7572597
,2076,2,2,1.0
,2076,3,0,0.8206684
,2077,0,0,0.7582932
,2077,1,0,0.7582932
,2077,2,0,0.7388952
,2077,3,2,1.0
,2078,0,0,0.75743866
,2078,1,0,0.75743866
,2078,2,2,1.0
,2078,3,0,0.75924766
,2079,0,1,0.5108709
,2079,1,1,0.5108709
,2079,2,1,0.8877062
,2079,3,3,1.0
,2080,0,0,0.752407
,2080,1,0,0.752407
,2080,2,2,1.0
,2080,3,0,0.8108349
,2081,0,0,0.50172484
,2081,1,0,0.50172484
,2081,2,1,0.90778315
,2081,3,2,1.0
,2082,0,0,0.75240463
,2082,1,0,0.75240463
,2082,2,3,1.0
,2082,3,0,0.73593354
,2083,0,0,0.75624806
,2083,1,0,0.75624806
,2083,2,0,0.8361173
,2083,3,2,1.0
,2084,0,1,0.5112953
,2084,1,1,0.5112954
,2084,2,3,1.0
,2084,3,1,0.88785493
,2085,0,0,0.75293994
,2085,1,0,0.75293994
,2085,2,0,0.8127324
,2085,3,2,1.0
,2086,0,0,0.5541416
,2086,1,0,0.5541416
,2086,2,2,1.0
,2086,3,1,0.7249517
,2087,0,1,0.5142929
,2087,1,1,0.5142929
,2087,2,1,0.8869975
,2087,3,3,1.0
,2088,0,0,0.7520884
,2088,1,0,0.7520884
,2088,2,2,1.0
,2088,3,0,0.8378664
,2089,0,1,0.5213285
,2089,1,1,0.5213285
,2089,2,1,0.9565111
,2089,3,3,1.0
,2090,0,0,0.7530539
,2090,1,0,0.753054
,2090,2,2,1.0
,2090,3,0,0.82068086
,2091,0,0,0.7574003
,2091,1,0,0.7574003
,2091,2,0,0.7592675
,2091,3,2,1.0
,2092,0,1,0.5108755
,2092,1,1,0.5108755
,2092,2,3,1.0
,2092,3,1,0.8877059
,2093,0,0,0.75219584
,2093,1,0,0.7521963
,2093,2,0,0.8101825
,2093,3,2,1.0
,2094,0,1,0.5167373
,2094,1,1,0.5167148
,2094,2,2,1.0
,2094,3,1,0.95515287
,2095,0,0,0.751855
,2095,1,0,0.75331414
,2095,2,0,0.7249237
,2095,3,2,1.0
,2096,0,1,0.5765764
,2096,1,1,0.5005448
,2096,2,2,1.0
,2096,3,1,0.85618055
,2097,0,2,1.0
,2097,1,1,0.5098675
,2097,2,1,0.8909924
,2097,3,1,0.5223083
,2098,0,1,0.85795075
,2098,1,1,0.51143366
,2098,2,2,1.0
,2098,3,1,0.6358596
,2099,0,0,0.74739647
,2099,1,0,0.7514144
,2099,2,0,0.7351229
,2099,3,3,1.0
,2100,0,0,0.757182
,2100,1,0,0.75722784
,2100,2,2,1.0
,2100,3,0,0.8206705
,2101,0,0,0.75744975
,2101,1,0,0.7574502
,2101,2,0,0.7592693
,2101,3,2,1.0
,2102,0,1,0.51085854
,2102,1,1,0.51085854
,2102,2,3,1.0
,2102,3,1,0.8877036
,2103,0,0,0.75323474
,2103,1,0,0.75323474
,2103,2,0,0.82067233
,2103,3,2,1.0
,2104,0,0,0.7573643
,2104,1,0,0.75736415
,2104,2,2,1.0
,2104,3,0,0.7259593
,2105,0,0,0.50128645
,2105,1,0,0.50128645
,2105,2,1,0.87125444
,2105,3,2,1.0
,2106,0,1,0.51499736
,2106,1,1,0.51499724
,2106,2,3,1.0
,2106,3,1,0.8867495
,2107,0,0,0.7532238
,2107,1,0,0.75323015
,2107,2,0,0.778434
,2107,3,2,1.0
,2108,0,0,0.75302374
,2108,1,0,0.7535746
,2108,2,3,1.0
,2108,3,0,0.73421234
,2109,0,0,0.7092051
,2109,1,0,0.75697404
,2109,2,0,0.85353065
,2109,3,2,1.0
,2110,0,2,1.0
,2110,1,0,0.75820255
,2110,2,0,0.7118191
,2110,3,0,0.7825423
,2111,0,0,0.78218585
,2111,1,0,0.75712895
,2111,2,2,1.0
,2111,3,0,0.6962425
,2112,0,1,0.5159826
,2112,1,1,0.5166442
,2112,2,1,0.9551704
,2112,3,2,1.0
,2113,0,0,0.7533787
,2113,1,0,0.75337106
,2113,2,2,1.0
,2113,3,0,0.7250204
,2114,0,0,0.50238705
,2114,1,0,0.5023868
,2114,2,1,0.88259685
,2114,3,2,1.0
,2115,0,0,0.7545466
,2115,1,0,0.7545466
,2115,2,2,1.0
,2115,3,0,0.7380733
,2116,0,0,0.7572774
,2116,1,0,0.7572774
,2116,2,0,0.7624506
,2116,3,2,1.0
,2117,0,1,0.5243399
,2117,1,1,0.52433985
,2117,2,3,1.0
,2117,3,1,0.9875293
,2118,0,0,0.75079465
,2118,1,0,0.75079465
,2118,2,0,0.82065314
,2118,3,3,1.0
,2119,0,0,0.7564581
,2119,1,0,0.7564581
,2119,2,2,1.0
,2119,3,0,0.8108529
,2120,0,0,0.50262
,2120,1,0,0.50262
,2120,2,1,0.8825375
,2120,3,2,1.0
,2121,0,0,0.75456244
,2121,1,0,0.75456244
,2121,2,2,1.0
,2121,3,0,0.7380675
,2122,0,0,0.7582396
,2122,1,0,0.7582396
,2122,2,0,0.7388589
,2122,3,2,1.0
,2123,0,0,0.7574118
,2123,1,0,0.75741196
,2123,2,2,1.0
,2123,3,0,0.72590053
,2124,0,0,0.5017328
,2124,1,0,0.5017414
,2124,2,1,0.9078177
,2124,3,2,1.0
,2125,0,0,0.75185937
,2125,1,0,0.7524119
,2125,2,3,1.0
,2125,3,0,0.7359173
,2126,0,0,0.7091905
,2126,1,0,0.75695926
,2126,2,0,0.85387444
,2126,3,2,1.0
,2127,0,2,1.0
,2127,1,0,0.7573276
,2127,2,0,0.75606185
,2127,3,0,0.7257505
,2128,0,1,0.8561581
,2128,1,1,0.5005656
,2128,2,1,0.62547153
,2128,3,2,1.0
,2129,0,0,0.7473888
,2129,1,0,0.7515127
,2129,2,3,1.0
,2129,3,0,0.73509485
,2130,0,0,0.75722057
,2130,1,0,0.7572675
,2130,2,0,0.7784195
,2130,3,2,1.0
,2131,0,0,0.7536186
,2131,1,0,0.75361913
,2131,2,3,1.0
,2131,3,0,0.73423326
,2132,0,0,0.75625014
,2132,1,0,0.75625014
,2132,2,0,0.8361867
,2132,3,2,1.0
,2133,0,1,0.51165855
,2133,1,1,0.51165855
,2133,2,3,1.0
,2133,3,1,0.911705
,2134,0,0,0.7507204
,2134,1,0,0.7507204
,2134,2,0,0.820658
,2134,3,3,1.0
,2135,0,0,0.75725025
,2135,1,0,0.75725025
,2135,2,2,1.0
,2135,3,0,0.82067025
,2136,0,0,0.7574506
,2136,1,0,0.7574506
,2136,2,0,0.7592695
,2136,3,2,1.0
,2137,0,1,0.5108578
,2137,1,1,0.51085776
,2137,2,3,1.0
,2137,3,1,0.8877039
,2138,0,0,0.7532697
,2138,1,0,0.7532697
,2138,2,0,0.7784462
,2138,3,2,1.0
,2139,0,0,0.7535724
,2139,1,0,0.7535724
,2139,2,3,0.9996529
,2139,3,0,0.7342338
,2140,0,0,0.75645477
,2140,1,0,0.75645477
,2140,2,0,0.8108237
,2140,3,2,1.0
,2141,0,0,0.5026191
,2141,1,0,0.5026191
,2141,2,2,1.0
,2141,3,1,0.8825289
,2142,0,0,0.7547535
,2142,1,0,0.7547535
,2142,2,0,0.78244805
,2142,3,2,1.0
,2143,0,0,0.7613596
,2143,1,0,0.7613596
,2143,2,0,0.73703456
,2143,3,2,1.0
,2144,0,1,0.5109105
,2144,1,1,0.5109105
,2144,2,3,1.0
,2144,3,1,0.9115205
,2145,0,0,0.7507304
,2145,1,0,0.7507304
,2145,2,0,0.82065827
,2145,3,3,1.0
,2146,0,0,0.7572503
,2146,1,0,0.7572503
,2146,2,2,1.0
,2146,3,0,0.8206702
,2147,0,0,0.7574506
,2147,1,0,0.7574506
,2147,2,0,0.7592693
,2147,3,2,1.0
,2148,0,1,0.51085776
,2148,1,1,0.51085776
,2148,2,3,1.0
,2148,3,1,0.8877039
,2149,0,0,0.7532697
,2149,1,0,0.7532697
,2149,2,0,0.7784323
,2149,3,2,1.0
,2150,0,0,0.7535701
,2150,1,0,0.7535701
,2150,2,3,1.0
,2150,3,0,0.7342314
,2151,0,0,0.7564438
,2151,1,0,0.7564438
,2151,2,0,0.81082505
,2151,3,2,1.0
,2152,0,0,0.50184697
,2152,1,0,0.50184697
,2152,2,2,1.0
,2152,3,1,0.9077777
,2153,0,0,0.7524164
,2153,1,0,0.75241643
,2153,2,0,0.7359401
,2153,3,3,1.0
,2154,0,0,0.75725234
,2154,1,0,0.7572525
,2154,2,2,1.0
,2154,3,0,0.82066834
,2155,0,0,0.7582827
,2155,1,0,0.75829583
,2155,2,0,0.73888373
,2155,3,2,1.0
,2156,0,0,0.756249
,2156,1,0,0.75740397
,2156,2,2,1.0
,2156,3,0,0.72588587
,2157,0,1,0.5594271
,2157,1,0,0.50150806
,2157,2,1,0.85567474
,2157,3,2,1.0
,2158,0,2,1.0
,2158,1,0,0.75346
,2158,2,0,0.6870324
,2158,3,0,0.7801723
,2159,0,1,0.9439551
,2159,1,1,0.51872194
,2159,2,2,1.0
,2159,3,1,0.5941775
,2160,0,1,0.5373154
,2160,1,1,0.5253341
,2160,2,1,0.95558107
,2160,3,2,1.0
,2161,0,0,0.7058542
,2161,1,0,0.75410694
,2161,2,2,1.0
,2161,3,0,0.78178126
,2162,0,2,1.0
,2162,1,0,0.7569765
,2162,2,0,0.78208774
,2162,3,0,0.69592744
,2163,0,1,0.9846584
,2163,1,1,0.52427924
,2163,2,1,0.5236116
,2163,3,2,1.0
,2164,0,2,1.0
,2164,1,1,0.5272389
,2164,2,1,0.5272226
,2164,3,1,0.95857453
,2165,0,1,0.98475456
,2165,1,1,0.53243786
,2165,2,1,0.5324902
,2165,3,2,1.0
,2166,0,2,1.0
,2166,1,1,0.53228134
,2166,2,1,0.5342648
,2166,3,1,0.9846899
,2167,0,1,0.8583106
,2167,1,1,0.5126898
,2167,2,1,0.58933645
,2167,3,2,1.0
,2168,0,1,0.5415168
,2168,1,1,0.53230125
,2168,2,2,1.0
,2168,3,1,0.9940061
,2169,0,0,0.75268507
,2169,1,0,0.75283015
,2169,2,0,0.72382945
,2169,3,2,1.0
,2170,0,1,0.5264685
,2170,1,1,0.5244672
,2170,2,2,1.0
,2170,3,1,0.98467624
,2171,0,1,0.6071674
,2171,1,1,0.53219295
,2171,2,1,0.97934186
,2171,3,2,1.0
,2172,0,2,1.0
,2172,1,1,0.5107119
,2172,2,1,0.5255483
,2172,3,1,0.8707192
,2173,0,1,0.97938925
,2173,1,1,0.53139824
,2173,2,1,0.65362376
,2173,3,3,1.0
,2174,0,0,0.7442744
,2174,1,0,0.749519
,2174,2,3,1.0
,2174,3,0,0.8206656
,2175,0,0,0.75605637
,2175,1,0,0.7561163
,2175,2,0,0.8098486
,2175,3,2,1.0
,2176,0,1,0.5256993
,2176,1,1,0.52569777
,2176,2,2,1.0
,2176,3,1,0.9978002
,2177,0,0,0.7531972
,2177,1,0,0.7531972
,2177,2,0,0.7249593
,2177,3,2,1.0
,2178,0,0,0.5005291
,2178,1,0,0.5005291
,2178,2,2,1.0
,2178,3,1,0.88982415
,2179,0,1,0.5248636
,2179,1,1,0.5248636
,2179,2,1,0.9555893
,2179,3,2,1.0
,2180,0,0,0.75301933
,2180,1,0,0.7530198
,2180,2,2,1.0
,2180,3,0,0.72414416
,2181,0,1,0.5182023
,2181,1,1,0.51817673
,2181,2,1,0.9493528
,2181,3,2,1.0
,2182,0,1,0.5341145
,2182,1,1,0.5331599
,2182,2,3,1.0
,2182,3,1,0.9978068
,2183,0,0,0.689288
,2183,1,0,0.75134224
,2183,2,0,0.8532045
,2183,3,2,1.0
,2184,0,2,1.0
,2184,1,1,0.5181298
,2184,2,1,0.5174219
,2184,3,1,0.95798314
,2185,0,1,0.8582347
,2185,1,1,0.51216114
,2185,2,1,0.5884539
,2185,3,2,1.0
,2186,0,1,0.5355265
,2186,1,1,0.5263754
,2186,2,2,1.0
,2186,3,1,0.9583292
,2187,0,1,0.51161814
,2187,1,1,0.5113809
,2187,2,1,0.8916212
,2187,3,2,1.0
,2188,0,1,0.533376
,2188,1,1,0.5333696
,2188,2,2,1.0
,2188,3,1,0.99438936
,2189,0,1,0.5098024
,2189,1,1,0.5098023
,2189,2,1,0.8844238
,2189,3,2,1.0
,2190,0,0,0.7544115
,2190,1,0,0.7544115
,2190,2,2,1.0
,2190,3,0,0.7380583
,2191,0,0,0.75823754
,2191,1,0,0.75823766
,2191,2,0,0.7388589
,2191,3,2,1.0
,2192,0,0,0.75738776
,2192,1,0,0.75738776
,2192,2,2,1.0
,2192,3,0,0.7259168
,2193,0,0,0.50058675
,2193,1,0,0.5005868
,2193,2,1,0.8899576
,2193,3,2,1.0
,2194,0,1,0.53195244
,2194,1,1,0.53195244
,2194,2,2,1.0
,2194,3,1,0.994007
,2195,0,0,0.7531633
,2195,1,0,0.7531633
,2195,2,0,0.7249878
,2195,3,2,1.0
,2196,0,0,0.50238085
,2196,1,0,0.5023809
,2196,2,2,1.0
,2196,3,1,0.88259715
,2197,0,0,0.7545484
,2197,1,0,0.7545484
,2197,2,0,0.73805904
,2197,3,2,1.0
,2198,0,0,0.757122
,2198,1,0,0.757122
,2198,2,2,1.0
,2198,3,0,0.72505504
,2199,0,1,0.5182642
,2199,1,1,0.5182642
,2199,2,1,0.95816517
,2199,3,2,1.0
,2200,0,1,0.53443825
,2200,1,1,0.5344382
,2200,2,2,1.0
,2200,3,1,0.99795073
,2201,0,1,0.526071
,2201,1,1,0.526071
,2201,2,1,0.96571976
,2201,3,2,1.0
,2202,0,0,0.75220793
,2202,1,0,0.75220793
,2202,2,3,1.0
,2202,3,0,0.7360529
,2203,0,0,0.7562461
,2203,1,0,0.7562461
,2203,2,0,0.8361173
,2203,3,2,1.0
,2204,0,1,0.51130724
,2204,1,1,0.51130724
,2204,2,3,1.0
,2204,3,1,0.88785535
,2205,0,0,0.75218797
,2205,1,0,0.75218797
,2205,2,0,0.8101758
,2205,3,2,1.0
,2206,0,1,0.5168785
,2206,1,1,0.5168785
,2206,2,2,1.0
,2206,3,1,0.96535164
,2207,0,0,0.75232613
,2207,1,0,0.75232613
,2207,2,0,0.7360612
,2207,3,3,1.0
,2208,0,0,0.75725186
,2208,1,0,0.75725186
,2208,2,2,1.0
,2208,3,0,0.82066834
,2209,0,0,0.75829214
,2209,1,0,0.7582921
,2209,2,0,0.738885
,2209,3,2,1.0
,2210,0,0,0.7571011
,2210,1,0,0.7571011
,2210,2,2,1.0
,2210,3,0,0.72468877
,2211,0,1,0.524944
,2211,1,1,0.524944
,2211,2,1,0.99399257
,2211,3,2,1.0
,2212,0,0,0.7531768
,2212,1,0,0.7531768
,2212,2,2,1.0
,2212,3,0,0.7618848
,2213,0,1,0.5255628
,2213,1,1,0.52556276
,2213,2,1,0.99403757
,2213,3,3,1.0
,2214,0,0,0.75297534
,2214,1,0,0.75297534
,2214,2,2,1.0
,2214,3,0,0.8206737
,2215,0,0,0.7570355
,2215,1,0,0.7570355
,2215,2,0,0.72470975
,2215,3,2,1.0
,2216,0,1,0.5262962
,2216,1,1,0.5262962
,2216,2,2,1.0
,2216,3,1,0.99439645
,2217,0,1,0.52562684
,2217,1,1,0.52562666
,2217,2,1,0.94403714
,2217,3,2,1.0
,2218,0,0,0.758012
,2218,1,0,0.75801873
,2218,2,0,0.7308374
,2218,3,2,1.0
,2219,0,1,0.5213076
,2219,1,1,0.52095985
,2219,2,3,1.0
,2219,3,1,0.95644855
,2220,0,0,0.7292847
,2220,1,0,0.7518583
,2220,2,0,0.85239774
,2220,3,2,1.0
,2221,0,3,1.0
,2221,1,1,0.5213111
,2221,2,1,0.57927066
,2221,3,1,0.9450742
,2222,0,0,0.82068026
,2222,1,0,0.7532661
,2222,2,2,1.0
,2222,3,0,0.7483954
,2223,0,2,1.0
,2223,1,0,0.7573053
,2223,2,0,0.761728
,2223,3,0,0.75606537
,2224,0,1,0.94510573
,2224,1,1,0.52125496
,2224,2,3,1.0
,2224,3,1,0.581842
,2225,0,0,0.74842
,2225,1,0,0.75327784
,2225,2,0,0.8206766
,2225,3,2,1.0
,2226,0,0,0.7582023
,2226,1,0,0.7582573
,2226,2,2,1.0
,2226,3,0,0.73889107
,2227,0,0,0.7582909
,2227,1,0,0.75829154
,2227,2,0,0.73886913
,2227,3,2,1.0
,2228,0,0,0.7582919
,2228,1,0,0.7582919
,2228,2,2,1.0
,2228,3,0,0.73886913
,2229,0,0,0.7582919
,2229,1,0,0.7582919
,2229,2,0,0.73886913
,2229,3,2,1.0
,2230,0,0,0.7582919
,2230,1,0,0.7582919
,2230,2,2,1.0
,2230,3,0,0.73886913
,2231,0,0,0.75828797
,2231,1,0,0.7582881
,2231,2,0,0.7388818
,2231,3,2,1.0
,2232,0,0,0.75825244
,2232,1,0,0.75825244
,2232,2,2,1.0
,2232,3,0,0.7832015
,2233,0,0,0.7441295
,2233,1,0,0.7441295
,2233,2,2,1.0
,2233,3,0,0.74441934
,2234,0,2,0.51315963
,2234,1,0,1.0
,2234,2,0,1.0
,2234,3,0,1.0
,2235,0,0,0.775051
,2235,1,0,0.7539686
,2235,2,3,1.0
,2235,3,0,0.75395477
,2236,0,2,1.0
,2236,1,0,0.75726646
,2236,2,0,0.82064843
,2236,3,0,0.75606954
,2237,0,0,0.7829292
,2237,1,0,0.7579057
,2237,2,2,1.0
,2237,3,0,0.6527593
,2238,0,0,0.754417
,2238,1,0,0.7541261
,2238,2,0,0.7347183
,2238,3,3,1.0
,2239,0,0,0.7572985
,2239,1,0,0.7572953
,2239,2,2,1.0
,2239,3,0,0.7784193
,2240,0,0,0.7536306
,2240,1,0,0.7536306
,2240,2,0,0.7342394
,2240,3,3,1.0
,2241,0,0,0.75728786
,2241,1,0,0.75728786
,2241,2,2,1.0
,2241,3,0,0.7784193
,2242,0,0,0.7536299
,2242,1,0,0.7536299
,2242,2,0,0.7342401
,2242,3,3,1.0
,2243,0,0,0.7572597
,2243,1,0,0.7572597
,2243,2,2,1.0
,2243,3,0,0.8206684
,2244,0,0,0.7582932
,2244,1,0,0.7582932
,2244,2,0,0.7388952
,2244,3,2,1.0
,2245,0,0,0.75743884
,2245,1,0,0.75743884
,2245,2,2,1.0
,2245,3,0,0.7592475
,2246,0,1,0.51085883
,2246,1,1,0.5108588
,2246,2,1,0.8877035
,2246,3,3,1.0
,2247,0,0,0.7532432
,2247,1,0,0.7532432
,2247,2,2,1.0
,2247,3,0,0.8206781
,2248,0,0,0.7582562
,2248,1,0,0.7582562
,2248,2,0,0.73889023
,2248,3,2,1.0
,2249,0,0,0.75828356
,2249,1,0,0.75828356
,2249,2,2,1.0
,2249,3,0,0.7388609
,2250,0,0,0.75741214
,2250,1,0,0.7574125
,2250,2,0,0.72590035
,2250,3,2,1.0
,2251,0,0,0.50172395
,2251,1,0,0.5017433
,2251,2,2,1.0
,2251,3,1,0.90774155
,2252,0,0,0.75067174
,2252,1,0,0.75191927
,2252,2,0,0.6820141
,2252,3,3,1.0
,2253,0,0,0.64518404
,2253,1,0,0.75077826
,2253,2,3,1.0
,2253,3,0,0.8531574
,2254,0,3,1.0
,2254,1,0,0.75098914
,2254,2,0,0.8531512
,2254,3,0,0.6469405
,2255,0,0,0.8539813
,2255,1,0,0.75097376
,2255,2,0,0.646384
,2255,3,3,1.0
,2256,0,0,0.7535312
,2256,1,0,0.7523217
,2256,2,3,1.0
,2256,3,0,0.8206678
,2257,0,0,0.75628394
,2257,1,0,0.75627005
,2257,2,0,0.83611715
,2257,3,2,1.0
,2258,0,1,0.5113024
,2258,1,1,0.5113028
,2258,2,3,1.0
,2258,3,1,0.8878556
,2259,0,0,0.75240105
,2259,1,0,0.75240105
,2259,2,0,0.8108349
,2259,3,2,1.0
,2260,0,0,0.5017248
,2260,1,0,0.50172484
,2260,2,2,1.0
,2260,3,1,0.9077833
,2261,0,0,0.75240874
,2261,1,0,0.752415
,2261,2,0,0.73593974
,2261,3,3,1.0
,2262,0,0,0.75670856
,2262,1,0,0.7572499
,2262,2,2,1.0
,2262,3,0,0.82066655
,2263,0,0,0.7106574
,2263,1,0,0.7582661
,2263,2,0,0.7832329
,2263,3,2,1.0
,2264,0,2,1.0
,2264,1,0,0.75827247
,2264,2,0,0.7580162
,2264,3,0,0.73884773
,2265,0,0,0.7832175
,2265,1,0,0.75825363
,2265,2,0,0.71064734
,2265,3,2,1.0
,2266,0,0,0.7585335
,2266,1,0,0.75826365
,2266,2,2,1.0
,2266,3,0,0.7388548
,2267,0,0,0.75625646
,2267,1,0,0.7574262
,2267,2,0,0.75936633
,2267,3,2,1.0
,2268,0,1,0.57219815
,2268,1,1,0.51139075
,2268,2,3,1.0
,2268,3,1,0.86106515
,2269,0,2,1.0
,2269,1,0,0.7534131
,2269,2,0,0.82067645
,2269,3,0,0.7494058
,2270,0,0,0.73889345
,2270,1,0,0.75824815
,2270,2,2,1.0
,2270,3,0,0.7581894
,2271,0,2,1.0
,2271,1,0,0.75742584
,2271,2,0,0.7593667
,2271,3,0,0.7562525
,2272,0,1,0.8610719
,2272,1,1,0.5114051
,2272,2,3,1.0
,2272,3,1,0.57220817
,2273,0,0,0.7483581
,2273,1,0,0.7523778
,2273,2,0,0.8361959
,2273,3,2,1.0
,2274,0,1,0.51187485
,2274,1,1,0.5117693
,2274,2,3,1.0
,2274,3,1,0.9117078
,2275,0,0,0.7507185
,2275,1,0,0.7507197
,2275,2,0,0.8206577
,2275,3,3,1.0
,2276,0,0,0.757289
,2276,1,0,0.75728905
,2276,2,2,1.0
,2276,3,0,0.77841896
,2277,0,0,0.75362676
,2277,1,0,0.7536299
,2277,2,0,0.7342401
,2277,3,3,1.0
,2278,0,0,0.7569687
,2278,1,0,0.75724816
,2278,2,2,1.0
,2278,3,0,0.8206695
,2279,0,0,0.7328223
,2279,1,0,0.75741094
,2279,2,0,0.78024167
,2279,3,2,1.0
,2280,0,3,1.0
,2280,1,1,0.5122443
,2280,2,1,0.6345843
,2280,3,1,0.8622403
,2281,0,0,0.8539773
,2281,1,0,0.7483193
,2281,2,3,1.0
,2281,3,0,0.6366062
,2282,0,0,0.75358427
,2282,1,0,0.7523441
,2282,2,0,0.8206719
,2282,3,3,1.0
,2283,0,0,0.7572888
,2283,1,0,0.7572746
,2283,2,2,1.0
,2283,3,0,0.82066804
,2284,0,0,0.7583066
,2284,1,0,0.75830644
,2284,2,0,0.7388712
,2284,3,2,1.0
,2285,0,0,0.7579924
,2285,1,0,0.7579922
,2285,2,2,1.0
,2285,3,0,0.6842635
,2286,0,0,0.7539615
,2286,1,0,0.7539537
,2286,2,0,0.73455703
,2286,3,3,1.0
,2287,0,0,0.7572399
,2287,1,0,0.7565643
,2287,2,2,1.0
,2287,3,0,0.82065994
,2288,0,0,0.75620943
,2288,1,0,0.69682
,2288,2,0,0.7823994
,2288,3,2,1.0
,2289,0,1,0.55948013
,2289,1,2,1.0
,2289,2,0,0.5013619
,2289,3,1,0.8552329
,2290,0,2,1.0
,2290,1,0,0.78262955
,2290,2,0,0.7066083
,2290,3,0,0.7500357
,2291,0,0,0.78320247
,2291,1,0,0.758512
,2291,2,2,1.0
,2291,3,0,0.7105003
,2292,0,0,0.75825673
,2292,1,0,0.7579762
,2292,2,0,0.6842438
,2292,3,2,1.0
,2293,0,0,0.7539543
,2293,1,0,0.753951
,2293,2,3,1.0
,2293,3,0,0.7345505
,2294,0,0,0.75626034
,2294,1,0,0.7562603
,2294,2,0,0.83611715
,2294,3,2,1.0
,2295,0,1,0.51129127
,2295,1,1,0.5112912
,2295,2,3,1.0
,2295,3,1,0.8878529
,2296,0,0,0.75323725
,2296,1,0,0.7532372
,2296,2,0,0.8206782
,2296,3,2,1.0
,2297,0,0,0.75825626
,2297,1,0,0.75825626
,2297,2,2,1.0
,2297,3,0,0.73889035
,2298,0,0,0.75829387
,2298,1,0,0.7582939
,2298,2,0,0.7388478
,2298,3,2,1.0
,2299,0,0,0.75799716
,2299,1,0,0.75799716
,2299,2,2,1.0
,2299,3,0,0.6844956
,2300,0,0,0.7533805
,2300,1,0,0.7533804
,2300,2,0,0.67984873
,2300,3,3,1.0
,2301,0,0,0.7521757
,2301,1,0,0.75217557
,2301,2,3,1.0
,2301,3,0,0.8206741
,2302,0,0,0.75727206
,2302,1,0,0.75727206
,2302,2,0,0.8206682
,2302,3,2,1.0
,2303,0,0,0.7583042
,2303,1,0,0.7583042
,2303,2,2,1.0
,2303,3,0,0.73889244
,2304,0,0,0.75829434
,2304,1,0,0.7582944
,2304,2,0,0.7388478
,2304,3,2,1.0
,2305,0,0,0.757992
,2305,1,0,0.757992
,2305,2,2,1.0
,2305,3,0,0.6842634
,2306,0,0,0.75396186
,2306,1,0,0.75396186
,2306,2,0,0.7345574
,2306,3,3,1.0
,2307,0,0,0.75726694
,2307,1,0,0.75726694
,2307,2,2,1.0
,2307,3,0,0.82065296
,2308,0,0,0.75800574
,2308,1,0,0.75800574
,2308,2,0,0.68429106
,2308,3,2,1.0
,2309,0,0,0.75396186
,2309,1,0,0.753962
,2309,2,3,1.0
,2309,3,0,0.7345574
,2310,0,0,0.7572568
,2310,1,0,0.7572646
,2310,2,0,0.8206682
,2310,3,2,1.0
,2311,0,0,0.75760627
,2311,1,0,0.75829303
,2311,2,2,1.0
,2311,3,0,0.7388774
,2312,0,0,0.6968071
,2312,1,0,0.75735295
,2312,2,0,0.78132176
,2312,3,2,1.0
,2313,0,2,1.0
,2313,1,0,0.50146544
,2313,2,1,0.5588327
,2313,3,1,0.855589
,2314,0,0,0.7826273
,2314,1,0,0.75464606
,2314,2,2,1.0
,2314,3,0,0.7020575
,2315,0,0,0.75853825
,2315,1,0,0.75822103
,2315,2,0,0.7388397
,2315,3,2,1.0
,2316,0,0,0.75742567
,2316,1,0,0.75742185
,2316,2,2,1.0
,2316,3,0,0.7259386
,2317,0,0,0.50251
,2317,1,0,0.5025016
,2317,2,1,0.8825897
,2317,3,2,1.0
,2318,0,0,0.7545581
,2318,1,0,0.7540128
,2318,2,2,1.0
,2318,3,0,0.73806185
,2319,0,0,0.75819814
,2319,1,0,0.71059525
,2319,2,0,0.78294426
,2319,3,2,1.0
,2320,0,0,0.7573818
,2320,1,2,1.0
,2320,2,0,0.7328188
,2320,3,0,0.78133696
,2321,0,1,0.512134
,2321,1,1,0.8609742
,2321,2,3,1.0
,2321,3,1,0.5713895
,2322,0,0,0.69075274
,2322,1,0,0.74802333
,2322,2,0,0.8523877
,2322,3,2,1.0
,2323,0,2,1.0
,2323,1,1,0.5023191
,2323,2,1,0.5741531
,2323,3,1,0.85616726
,2324,0,1,0.8573346
,2324,1,1,0.5697918
,2324,2,2,1.0
,2324,3,1,0.5182452
,2325,0,0,0.7020212
,2325,1,2,1.0
,2325,2,0,0.7826048
,2325,3,0,0.75440997
,2326,0,2,1.0
,2326,1,0,0.738814
,2326,2,0,0.7573496
,2326,3,0,0.7582225
,2327,0,0,0.78290683
,2327,1,2,1.0
,2327,2,0,0.6527487
,2327,3,0,0.75788265
,2328,0,0,0.75440204
,2328,1,0,0.7346825
,2328,2,3,1.0
,2328,3,0,0.7534115
,2329,0,0,0.7560237
,2329,1,2,1.0
,2329,2,0,0.85236967
,2329,3,0,0.695278
,2330,0,1,0.5007055
,2330,1,1,0.8562483
,2330,2,1,0.57493746
,2330,3,2,1.0
,2331,0,1,0.52517277
,2331,1,1,0.5341872
,2331,2,2,1.0
,2331,3,1,0.95555454
,2332,0,0,0.7280091
,2332,1,0,0.75318617
,2332,2,0,0.7816858
,2332,3,2,1.0
,2333,0,3,1.0
,2333,1,1,0.5116818
,2333,2,1,0.5099883
,2333,3,1,0.88763034
,2334,0,0,0.85336256
,2334,1,0,0.6906073
,2334,2,0,0.7519262
,2334,3,2,1.0
,2335,0,0,0.50163823
,2335,1,2,1.0
,2335,2,0,0.5006001
,2335,3,1,0.8895303
,2336,0,1,0.57004
,2336,1,1,0.85712016
,2336,2,1,0.50932133
,2336,3,2,1.0
,2337,0,2,1.0
,2337,1,0,0.7502453
,2337,2,0,0.75421304
,2337,3,0,0.6834664
,2338,0,0,0.73455757
,2338,1,0,0.7538721
,2338,2,0,0.7539103
,2338,3,3,1.0
,2339,0,2,1.0
,2339,1,0,0.75725186
,2339,2,0,0.7565644
,2339,3,0,0.8206603
,2340,0,0,0.7824079
,2340,1,0,0.7573602
,2340,2,0,0.6968751
,2340,3,2,1.0
,2341,0,0,0.5018672
,2341,1,0,0.501222
,2341,2,2,1.0
,2341,3,1,0.8712814
,2342,0,1,0.51498276
,2342,1,1,0.5149996
,2342,2,1,0.8867491
,2342,3,3,1.0
,2343,0,0,0.7532037
,2343,1,0,0.7532036
,2343,2,2,1.0
,2343,3,0,0.8206781
,2344,0,0,0.7582557
,2344,1,0,0.7582557
,2344,2,0,0.73889023
,2344,3,2,1.0
,2345,0,0,0.7582809
,2345,1,0,0.7582809
,2345,2,2,1.0
,2345,3,0,0.73887205
,2346,0,0,0.757438
,2346,1,0,0.75743836
,2346,2,0,0.7592478
,2346,3,2,1.0
,2347,0,1,0.5108892
,2347,1,1,0.5108711
,2347,2,3,1.0
,2347,3,1,0.88770664
,2348,0,0,0.7512252
,2348,1,0,0.752396
,2348,2,0,0.810828
,2348,3,2,1.0
,2349,0,1,0.5594437
,2349,1,0,0.50149125
,2349,2,2,1.0
,2349,3,1,0.8556231
,2350,0,2,1.0
,2350,1,0,0.7534924
,2350,2,0,0.78048414
,2350,3,0,0.68704927
,2351,0,1,0.94357204
,2351,1,1,0.5171226
,2351,2,1,0.5769871
,2351,3,2,1.0
,2352,0,0,0.74865794
,2352,1,0,0.75352776
,2352,2,2,1.0
,2352,3,0,0.7252026
,2353,0,0,0.5010434
,2353,1,0,0.50116885
,2353,2,1,0.87126195
,2353,3,2,1.0
,2354,0,1,0.5150204
,2354,1,1,0.51501715
,2354,2,3,1.0
,2354,3,1,0.8867516
,2355,0,0,0.7521564
,2355,1,0,0.75214875
,2355,2,0,0.8101825
,2355,3,2,1.0
,2356,0,1,0.5167209
,2356,1,1,0.5171093
,2356,2,2,1.0
,2356,3,1,0.9551505
,2357,0,0,0.75340563
,2357,1,0,0.7281058
,2357,2,0,0.78167987
,2357,3,2,1.0
,2358,0,1,0.5107229
,2358,1,3,1.0
,2358,2,1,0.51037365
,2358,3,1,0.8876161
,2359,0,0,0.7521122
,2359,1,0,0.8532946
,2359,2,0,0.7267305
,2359,3,2,1.0
,2360,0,1,0.5107342
,2360,1,1,0.5080825
,2360,2,3,1.0
,2360,3,1,0.88760394
,2361,0,0,0.752207
,2361,1,0,0.75223744
,2361,2,0,0.8361977
,2361,3,2,1.0
,2362,0,1,0.51177424
,2362,1,1,0.5117735
,2362,2,3,1.0
,2362,3,1,0.9117078
,2363,0,0,0.7507085
,2363,1,0,0.7507085
,2363,2,0,0.82065374
,2363,3,3,1.0
,2364,0,0,0.75625676
,2364,1,0,0.75625676
,2364,2,2,1.0
,2364,3,0,0.836117
,2365,0,1,0.51130307
,2365,1,1,0.51130307
,2365,2,1,0.88785547
,2365,3,3,1.0
,2366,0,0,0.7524118
,2366,1,0,0.7524118
,2366,2,2,1.0
,2366,3,0,0.81086284
,2367,0,0,0.5024838
,2367,1,0,0.5024838
,2367,2,1,0.8825508
,2367,3,2,1.0
,2368,0,0,0.7536604
,2368,1,0,0.7536604
,2368,2,2,1.0
,2368,3,0,0.72509056
,2369,0,0,0.50238234
,2369,1,0,0.50238234
,2369,2,1,0.8826025
,2369,3,2,1.0
,2370,0,0,0.7536354
,2370,1,0,0.7536354
,2370,2,2,1.0
,2370,3,0,0.7250885
,2371,0,0,0.5011723
,2371,1,0,0.5011723
,2371,2,1,0.87126154
,2371,3,2,1.0
,2372,0,1,0.5150134
,2372,1,1,0.5150134
,2372,2,3,1.0
,2372,3,1,0.886752
,2373,0,0,0.7523674
,2373,1,0,0.7523674
,2373,2,0,0.8108347
,2373,3,2,1.0
,2374,0,0,0.50172395
,2374,1,0,0.50172395
,2374,2,2,1.0
,2374,3,1,0.9077832
,2375,0,0,0.7524063
,2375,1,0,0.75240624
,2375,2,0,0.73593575
,2375,3,3,1.0
,2376,0,0,0.75643736
,2376,1,0,0.75643736
,2376,2,2,1.0
,2376,3,0,0.81082493
,2377,0,0,0.50184894
,2377,1,0,0.50184894
,2377,2,1,0.9077024
,2377,3,2,1.0
,2378,0,0,0.7519218
,2378,1,0,0.7519218
,2378,2,3,1.0
,2378,3,0,0.68149436
,2379,0,0,0.7521509
,2379,1,0,0.7521509
,2379,2,0,0.82067114
,2379,3,3,1.0
,2380,0,0,0.7564436
,2380,1,0,0.7564436
,2380,2,2,1.0
,2380,3,0,0.8108518
,2381,0,0,0.5013861
,2381,1,0,0.5013861
,2381,2,1,0.87113106
,2381,3,2,1.0
,2382,0,1,0.515449
,2382,1,1,0.515449
,2382,2,3,1.0
,2382,3,1,0.91083866
,2383,0,0,0.7506837
,2383,1,0,0.7506837
,2383,2,0,0.820658
,2383,3,3,1.0
,2384,0,0,0.7572526
,2384,1,0,0.7572526
,2384,2,2,1.0
,2384,3,0,0.8206624
,2385,0,0,0.7574353
,2385,1,0,0.7574353
,2385,2,0,0.72596335
,2385,3,2,1.0
,2386,0,0,0.5024956
,2386,1,0,0.5024956
,2386,2,2,1.0
,2386,3,1,0.882588
,2387,0,0,0.75370663
,2387,1,0,0.75370663
,2387,2,0,0.7584956
,2387,3,2,1.0
,2388,0,1,0.5109602
,2388,1,1,0.51096016
,2388,2,3,1.0
,2388,3,1,0.8877055
,2389,0,0,0.7532685
,2389,1,0,0.7532685
,2389,2,0,0.7784325
,2389,3,2,1.0
,2390,0,0,0.7535683
,2390,1,0,0.7535683
,2390,2,3,1.0
,2390,3,0,0.73422915
,2391,0,0,0.7562496
,2391,1,0,0.7562496
,2391,2,0,0.8361867
,2391,3,2,1.0
,2392,0,1,0.51165766
,2392,1,1,0.5116576
,2392,2,3,1.0
,2392,3,1,0.91170216
,2393,0,0,0.7507447
,2393,1,0,0.7507447
,2393,2,0,0.77899504
,2393,3,3,1.0
,2394,0,0,0.7517401
,2394,1,0,0.7517401
,2394,2,3,1.0
,2394,3,0,0.8206735
,2395,0,0,0.75626177
,2395,1,0,0.7562617
,2395,2,0,0.83611715
,2395,3,2,1.0
,2396,0,1,0.51130545
,2396,1,1,0.51130545
,2396,2,3,1.0
,2396,3,1,0.88785696
,2397,0,0,0.7522042
,2397,1,0,0.7522042
,2397,2,0,0.8361283
,2397,3,2,1.0
,2398,0,1,0.51140755
,2398,1,1,0.51140755
,2398,2,3,1.0
,2398,3,1,0.8878566
,2399,0,0,0.7532275
,2399,1,0,0.7532275
,2399,2,0,0.82067233
,2399,3,2,1.0
,2400,0,0,0.757364
,2400,1,0,0.757364
,2400,2,2,1.0
,2400,3,0,0.7259592
,2401,0,0,0.50127554
,2401,1,0,0.50127554
,2401,2,1,0.87118715
,2401,3,2,1.0
,2402,0,1,0.5154525
,2402,1,1,0.5154525
,2402,2,3,1.0
,2402,3,1,0.91083884
,2403,0,0,0.75068384
,2403,1,0,0.75068384
,2403,2,0,0.820658
,2403,3,3,1.0
,2404,0,0,0.75726044
,2404,1,0,0.75726044
,2404,2,2,1.0
,2404,3,0,0.8206681
,2405,0,0,0.75829333
,2405,1,0,0.75829333
,2405,2,0,0.73889536
,2405,3,2,1.0
,2406,0,0,0.75743884
,2406,1,0,0.75743884
,2406,2,2,1.0
,2406,3,0,0.7592475
,2407,0,1,0.51085895
,2407,1,1,0.51085895
,2407,2,1,0.8877035
,2407,3,3,1.0
,2408,0,0,0.753235
,2408,1,0,0.753235
,2408,2,2,1.0
,2408,3,0,0.82067233
,2409,0,0,0.75738764
,2409,1,0,0.75738764
,2409,2,0,0.7259611
,2409,3,2,1.0
,2410,0,0,0.5025095
,2410,1,0,0.50250953
,2410,2,2,1.0
,2410,3,1,0.88258946
,2411,0,0,0.75456095
,2411,1,0,0.75456107
,2411,2,0,0.7380673
,2411,3,2,1.0
,2412,0,0,0.75824994
,2412,1,0,0.75824994
,2412,2,2,1.0
,2412,3,0,0.73884577
,2413,0,0,0.7579966
,2413,1,0,0.7579966
,2413,2,0,0.68449557
,2413,3,2,1.0
,2414,0,0,0.7533805
,2414,1,0,0.7533805
,2414,2,3,1.0
,2414,3,0,0.6798486
,2415,0,0,0.75217557
,2415,1,0,0.75217557
,2415,2,0,0.8206741
,2415,3,3,1.0
,2416,0,0,0.75727206
,2416,1,0,0.7572722
,2416,2,2,1.0
,2416,3,0,0.82066804
,2417,0,0,0.75830644
,2417,1,0,0.75830644
,2417,2,0,0.7388712
,2417,3,2,1.0
,2418,0,0,0.75799227
,2418,1,0,0.75799227
,2418,2,2,1.0
,2418,3,0,0.6842635
,2419,0,0,0.7539617
,2419,1,0,0.7539617
,2419,2,0,0.7345574
,2419,3,3,1.0
,2420,0,0,0.757254
,2420,1,0,0.757254
,2420,2,2,1.0
,2420,3,0,0.82067055
,2421,0,0,0.7574503
,2421,1,0,0.7574503
,2421,2,0,0.75926965
,2421,3,2,1.0
,2422,0,1,0.5108708
,2422,1,1,0.5108708
,2422,2,3,1.0
,2422,3,1,0.8877062
,2423,0,0,0.75238794
,2423,1,0,0.75238794
,2423,2,0,0.8108436
,2423,3,2,1.0
,2424,0,0,0.50081986
,2424,1,0,0.50081986
,2424,2,2,1.0
,2424,3,1,0.8894372
,2425,0,1,0.5100171
,2425,1,1,0.5100171
,2425,2,1,0.8910145
,2425,3,2,1.0
,2426,0,1,0.50881314
,2426,1,1,0.50881314
,2426,2,2,1.0
,2426,3,1,0.88427955
,2427,0,0,0.75349295
,2427,1,0,0.75349295
,2427,2,0,0.72505486
,2427,3,2,1.0
,2428,0,0,0.50072676
,2428,1,0,0.50072676
,2428,2,2,1.0
,2428,3,1,0.88947356
,2429,0,1,0.5096917
,2429,1,1,0.5096917
,2429,2,1,0.8730523
,2429,3,2,1.0
,2430,0,1,0.5153106
,2430,1,1,0.5153106
,2430,2,3,1.0
,2430,3,1,0.88675857
,2431,0,0,0.75318915
,2431,1,0,0.75318915
,2431,2,0,0.82068014
,2431,3,2,1.0
,2432,0,0,0.7574023
,2432,1,0,0.7574023
,2432,2,2,1.0
,2432,3,0,0.75926733
,2433,0,1,0.51085985
,2433,1,1,0.5108599
,2433,2,1,0.8877035
,2433,3,3,1.0
,2434,0,0,0.7532307
,2434,1,0,0.7532307
,2434,2,2,1.0
,2434,3,0,0.8206819
,2435,0,0,0.7573113
,2435,1,0,0.7573113
,2435,2,0,0.76170963
,2435,3,2,1.0
,2436,0,1,0.52112997
,2436,1,1,0.52112997
,2436,2,3,1.0
,2436,3,1,0.96626735
,2437,0,0,0.75076437
,2437,1,0,0.75076437
,2437,2,0,0.82065415
,2437,3,3,1.0
,2438,0,0,0.75621235
,2438,1,0,0.75621235
,2438,2,2,1.0
,2438,3,0,0.8101662
,2439,0,1,0.5178597
,2439,1,1,0.5178597
,2439,2,1,0.95795
,2439,3,2,1.0
,2440,0,1,0.50989044
,2440,1,1,0.50989044
,2440,2,2,1.0
,2440,3,1,0.9092106
,2441,0,0,0.7522744
,2441,1,0,0.7522744
,2441,2,0,0.7359336
,2441,3,3,1.0
,2442,0,0,0.75725096
,2442,1,0,0.75725096
,2442,2,2,1.0
,2442,3,0,0.82066834
,2443,0,0,0.7583038
,2443,1,0,0.7583038
,2443,2,0,0.73889256
,2443,3,2,1.0
,2444,0,0,0.75829214
,2444,1,0,0.75829214
,2444,2,2,1.0
,2444,3,0,0.73886913
,2445,0,0,0.75829417
,2445,1,0,0.75829417
,2445,2,0,0.7388478
,2445,3,2,1.0
,2446,0,0,0.757992
,2446,1,0,0.757992
,2446,2,2,1.0
,2446,3,0,0.6842634
,2447,0,0,0.7539617
,2447,1,0,0.7539617
,2447,2,0,0.7345574
,2447,3,3,1.0
,2448,0,0,0.75725675
,2448,1,0,0.75725675
,2448,2,2,1.0
,2448,3,0,0.8206626
,2449,0,0,0.7574356
,2449,1,0,0.7574356
,2449,2,0,0.72596335
,2449,3,2,1.0
,2450,0,0,0.50251085
,2450,1,0,0.50251085
,2450,2,2,1.0
,2450,3,1,0.88258946
,2451,0,0,0.75456107
,2451,1,0,0.75456107
,2451,2,0,0.7380673
,2451,3,2,1.0
,2452,0,0,0.7582498
,2452,1,0,0.7582498
,2452,2,2,1.0
,2452,3,0,0.73884577
,2453,0,0,0.75799155
,2453,1,0,0.75799155
,2453,2,0,0.6842635
,2453,3,2,1.0
,2454,0,0,0.7539622
,2454,1,0,0.7539622
,2454,2,3,1.0
,2454,3,0,0.73455656
,2455,0,0,0.75729275
,2455,1,0,0.75729287
,2455,2,0,0.7784193
,2455,3,2,1.0
,2456,0,0,0.75363046
,2456,1,0,0.75363046
,2456,2,3,1.0
,2456,3,0,0.7342394
,2457,0,0,0.75728786
,2457,1,0,0.75728786
,2457,2,0,0.7784193
,2457,3,2,1.0
,2458,0,0,0.75362986
,2458,1,0,0.75362986
,2458,2,3,1.0
,2458,3,0,0.73424
,2459,0,0,0.7572515
,2459,1,0,0.7572515
,2459,2,0,0.82066256
,2459,3,2,1.0
,2460,0,0,0.75740606
,2460,1,0,0.75740606
,2460,2,2,1.0
,2460,3,0,0.7259364
,2461,0,0,0.50082856
,2461,1,0,0.5008286
,2461,2,1,0.889478
,2461,3,2,1.0
,2462,0,1,0.5102853
,2462,1,1,0.5102853
,2462,2,2,1.0
,2462,3,1,0.89136475
,2463,0,1,0.5265366
,2463,1,1,0.5265366
,2463,2,1,0.9501947
,2463,3,2,1.0
,2464,0,1,0.5276109
,2464,1,1,0.52761084
,2464,2,3,1.0
,2464,3,1,0.9561939
,2465,0,0,0.75298846
,2465,1,0,0.75298846
,2465,2,0,0.8206729
,2465,3,2,1.0
,2466,0,0,0.7573613
,2466,1,0,0.7573613
,2466,2,2,1.0
,2466,3,0,0.7259592
,2467,0,0,0.50128603
,2467,1,0,0.501286
,2467,2,1,0.87125427
,2467,3,2,1.0
,2468,0,1,0.51501054
,2468,1,1,0.5150111
,2468,2,3,1.0
,2468,3,1,0.8867519
,2469,0,0,0.7523469
,2469,1,0,0.752309
,2469,2,0,0.81084126
,2469,3,2,1.0
,2470,0,0,0.50073874
,2470,1,1,0.50122976
,2470,2,2,1.0
,2470,3,1,0.889485
,2471,0,1,0.51114315
,2471,1,1,0.5869358
,2471,2,1,0.8587526
,2471,3,2,1.0
,2472,0,1,0.5093887
,2472,1,2,1.0
,2472,2,1,0.57894754
,2472,3,1,0.85747385
,2473,0,0,0.7535328
,2473,1,0,0.7795266
,2473,2,2,1.0
,2473,3,0,0.6877941
,2474,0,1,0.5007519
,2474,1,1,0.624952
,2474,2,1,0.85656935
,2474,3,2,1.0
,2475,0,0,0.7514096
,2475,1,3,1.0
,2475,2,0,0.6982755
,2475,3,0,0.77925473
,2476,0,0,0.75599444
,2476,1,0,0.8533774
,2476,2,2,1.0
,2476,3,0,0.69568133
,2477,0,0,0.50119877
,2477,1,0,0.50370693
,2477,2,1,0.8712761
,2477,3,2,1.0
,2478,0,1,0.51501435
,2478,1,1,0.5149488
,2478,2,3,1.0
,2478,3,1,0.8867531
,2479,0,0,0.75217026
,2479,1,0,0.752171
,2479,2,0,0.83612853
,2479,3,2,1.0
,2480,0,1,0.5114227
,2480,1,1,0.51142263
,2480,2,3,1.0
,2480,3,1,0.88786066
,2481,0,0,0.75220263
,2481,1,0,0.7522026
,2481,2,0,0.8361283
,2481,3,2,1.0
,2482,0,1,0.5114198
,2482,1,1,0.5114198
,2482,2,3,1.0
,2482,3,1,0.8878594
,2483,0,0,0.7523814
,2483,1,0,0.7523814
,2483,2,0,0.8108438
,2483,3,2,1.0
,2484,0,0,0.5008633
,2484,1,0,0.5008633
,2484,2,2,1.0
,2484,3,1,0.8894236
,2485,0,1,0.50847906
,2485,1,1,0.508479
,2485,2,1,0.88425153
,2485,3,2,1.0
,2486,0,0,0.7535728
,2486,1,0,0.7535728
,2486,2,2,1.0
,2486,3,0,0.7584884
,2487,0,1,0.51097894
,2487,1,1,0.51097894
,2487,2,1,0.8877092
,2487,3,3,1.0
,2488,0,0,0.752209
,2488,1,0,0.752209
,2488,2,2,1.0
,2488,3,0,0.83612823
,2489,0,1,0.5114075
,2489,1,1,0.5114075
,2489,2,1,0.88785654
,2489,3,3,1.0
,2490,0,0,0.753225
,2490,1,0,0.753225
,2490,2,2,1.0
,2490,3,0,0.8206804
,2491,0,0,0.75740236
,2491,1,0,0.75740236
,2491,2,0,0.7592677
,2491,3,2,1.0
,2492,0,1,0.5108742
,2492,1,1,0.5108742
,2492,2,3,1.0
,2492,3,1,0.8877076
,2493,0,0,0.75221026
,2493,1,0,0.75221026
,2493,2,0,0.8361281
,2493,3,2,1.0
,2494,0,1,0.5114066
,2494,1,1,0.5114066
,2494,2,3,1.0
,2494,3,1,0.8878571
,2495,0,0,0.75326246
,2495,1,0,0.75326246
,2495,2,0,0.7784323
,2495,3,2,1.0
,2496,0,0,0.7535794
,2496,1,0,0.7535794
,2496,2,3,1.0
,2496,3,0,0.7342353
,2497,0,0,0.7572873
,2497,1,0,0.75728726
,2497,2,0,0.7784195
,2497,3,2,1.0
,2498,0,0,0.7536299
,2498,1,0,0.7536237
,2498,2,3,0.9999945
,2498,3,0,0.73423994
,2499,0,0,0.757257
,2499,1,0,0.7567158
,2499,2,0,0.82066625
,2499,3,2,1.0
,2500,0,0,0.75825787
,2500,1,0,0.71064746
,2500,2,2,1.0
,2500,3,0,0.78320587
,2501,0,0,0.75735044
,2501,1,2,1.0
,2501,2,0,0.7257586
,2501,3,0,0.75526094
,2502,0,1,0.5005654
,2502,1,1,0.85615826
,2502,2,2,1.0
,2502,3,1,0.62549084
,2503,0,0,0.75150317
,2503,1,0,0.7473792
,2503,2,0,0.7350912
,2503,3,3,1.0
,2504,0,0,0.7564111
,2504,1,0,0.7563635
,2504,2,2,1.0
,2504,3,0,0.8108522
,2505,0,0,0.5013945
,2505,1,0,0.5013685
,2505,2,1,0.8711957
,2505,3,2,1.0
,2506,0,1,0.5150216
,2506,1,1,0.5159682
,2506,2,3,1.0
,2506,3,1,0.88677335
,2507,0,0,0.7518721
,2507,1,0,0.6905642
,2507,2,0,0.85338026
,2507,3,2,1.0
,2508,0,0,0.5004353
,2508,1,2,1.0
,2508,2,0,0.5030521
,2508,3,1,0.88984567
,2509,0,1,0.52488905
,2509,1,1,0.95558953
,2509,2,1,0.5247969
,2509,3,2,1.0
,2510,0,0,0.7515047
,2510,1,2,1.0
,2510,2,0,0.7530044
,2510,3,0,0.7241031
,2511,0,1,0.5948839
,2511,1,1,0.9439469
,2511,2,1,0.5187119
,2511,3,2,1.0
,2512,0,2,1.0
,2512,1,1,0.5373161
,2512,2,1,0.5253528
,2512,3,1,0.9555813
,2513,0,0,0.7824376
,2513,1,0,0.70583063
,2513,2,0,0.7529094
,2513,3,2,1.0
,2514,0,0,0.7581411
,2514,1,2,1.0
,2514,2,0,0.65267885
,2514,3,0,0.7823719
,2515,0,0,0.7540508
,2515,1,0,0.7795886
,2515,2,3,1.0
,2515,3,0,0.7061884
,2516,0,0,0.7563766
,2516,1,0,0.7566991
,2516,2,0,0.81083435
,2516,3,2,1.0
,2517,0,1,0.50088567
,2517,1,0,0.5007237
,2517,2,2,1.0
,2517,3,1,0.8897913
,2518,0,1,0.5855606
,2518,1,1,0.525167
,2518,2,1,0.9442242
,2518,3,2,1.0
,2519,0,2,1.0
,2519,1,0,0.7542837
,2519,2,0,0.7008562
,2519,3,0,0.7819396
,2520,0,0,0.7823674
,2520,1,0,0.7572796
,2520,2,2,1.0
,2520,3,0,0.69715244
,2521,0,0,0.5018659
,2521,1,0,0.50121975
,2521,2,1,0.871281
,2521,3,2,1.0
,2522,0,1,0.5149954
,2522,1,1,0.51501226
,2522,2,3,1.0
,2522,3,1,0.8867519
,2523,0,0,0.7523485
,2523,1,0,0.7523483
,2523,2,0,0.8108434
,2523,3,2,1.0
,2524,0,0,0.5008189
,2524,1,0,0.50081885
,2524,2,2,1.0
,2524,3,1,0.8894371
,2525,0,1,0.51001704
,2525,1,1,0.51001704
,2525,2,1,0.8910145
,2525,3,2,1.0
,2526,0,1,0.50881267
,2526,1,1,0.50881267
,2526,2,2,1.0
,2526,3,1,0.8842794
,2527,0,0,0.7535227
,2527,1,0,0.7535227
,2527,2,0,0.72508186
,2527,3,2,1.0
,2528,0,0,0.50239205
,2528,1,0,0.50239205
,2528,2,2,1.0
,2528,3,1,0.88259643
,2529,0,0,0.7545607
,2529,1,0,0.7545607
,2529,2,0,0.7380969
,2529,3,2,1.0
,2530,0,0,0.75901604
,2530,1,0,0.7590159
,2530,2,2,1.0
,2530,3,0,0.7829866
,2531,0,0,0.66591495
,2531,1,0,0.66591495
,2531,2,2,1.0
,2531,3,0,0.5952269
,2532,0,1,0.50278324
,2532,1,1,0.50278324
,2532,2,1,0.88994193
,2532,3,2,1.0
,2533,0,1,0.50858605
,2533,1,1,0.508586
,2533,2,2,1.0
,2533,3,1,0.8842646
,2534,0,0,0.75352526
,2534,1,0,0.75352526
,2534,2,0,0.7250817
,2534,3,2,1.0
,2535,0,0,0.50239176
,2535,1,0,0.5023918
,2535,2,2,1.0
,2535,3,1,0.8826113
,2536,0,0,0.7541987
,2536,1,0,0.7541987
,2536,2,0,0.6833069
,2536,3,2,1.0
,2537,0,0,0.7539176
,2537,1,0,0.75391763
,2537,2,3,1.0
,2537,3,0,0.7345573
,2538,0,0,0.75726426
,2538,1,0,0.75726426
,2538,2,0,0.8206684
,2538,3,2,1.0
,2539,0,0,0.758304
,2539,1,0,0.758304
,2539,2,2,1.0
,2539,3,0,0.7388924
,2540,0,0,0.75829434
,2540,1,0,0.75829434
,2540,2,0,0.7388478
,2540,3,2,1.0
,2541,0,0,0.757992
,2541,1,0,0.7579921
,2541,2,2,1.0
,2541,3,0,0.68426335
,2542,0,0,0.7539617
,2542,1,0,0.7539618
,2542,2,0,0.7345574
,2542,3,3,1.0
,2543,0,0,0.75725853
,2543,1,0,0.7572647
,2543,2,2,1.0
,2543,3,0,0.82066834
,2544,0,0,0.75776196
,2544,1,0,0.7583016
,2544,2,0,0.7388876
,2544,3,2,1.0
,2545,0,0,0.71064395
,2545,1,0,0.75824815
,2545,2,2,1.0
,2545,3,0,0.7832179
,2546,0,2,1.0
,2546,1,0,0.75773245
,2546,2,0,0.7388476
,2546,3,0,0.7585552
,2547,0,0,0.7832178
,2547,1,0,0.71064335
,2547,2,2,1.0
,2547,3,0,0.75825083
,2548,0,0,0.75855535
,2548,1,2,1.0
,2548,2,0,0.7388476
,2548,3,0,0.75773215
,2549,0,0,0.7582592
,2549,1,0,0.78321993
,2549,2,2,1.0
,2549,3,0,0.71062076
,2550,0,0,0.75797355
,2550,1,0,0.75825715
,2550,2,0,0.6842436
,2550,3,2,1.0
,2551,0,0,0.75396204
,2551,1,0,0.7539654
,2551,2,3,1.0
,2551,3,0,0.73455644
,2552,0,0,0.75729644
,2552,1,0,0.75729644
,2552,2,0,0.77861124
,2552,3,2,1.0
,2553,0,0,0.7530271
,2553,1,0,0.7530271
,2553,2,3,1.0
,2553,3,0,0.67947173
,2554,0,0,0.7521708
,2554,1,0,0.7521708
,2554,2,0,0.8206741
,2554,3,3,1.0
,2555,0,0,0.7572641
,2555,1,0,0.7572641
,2555,2,2,1.0
,2555,3,0,0.8206624
,2556,0,0,0.7574355
,2556,1,0,0.7574355
,2556,2,0,0.72596335
,2556,3,2,1.0
,2557,0,0,0.50249755
,2557,1,0,0.50249755
,2557,2,2,1.0
,2557,3,1,0.8825956
,2558,0,0,0.7536498
,2558,1,0,0.7536498
,2558,2,0,0.72505194
,2558,3,2,1.0
,2559,0,0,0.50162756
,2559,1,0,0.5016276
,2559,2,2,1.0
,2559,3,1,0.9078237
,2560,0,0,0.7524141
,2560,1,0,0.7524141
,2560,2,0,0.73593926
,2560,3,3,1.0
,2561,0,0,0.7572806
,2561,1,0,0.7572806
,2561,2,2,1.0
,2561,3,0,0.7784195
,2562,0,0,0.75362104
,2562,1,0,0.75362104
,2562,2,0,0.7342355
,2562,3,3,1.0
,2563,0,0,0.75644445
,2563,1,0,0.75644445
,2563,2,2,1.0
,2563,3,0,0.81082517
,2564,0,0,0.501847
,2564,1,0,0.501847
,2564,2,1,0.9077777
,2564,3,2,1.0
,2565,0,0,0.7524164
,2565,1,0,0.7524164
,2565,2,3,1.0
,2565,3,0,0.7359401
,2566,0,0,0.7572505
,2566,1,0,0.7572505
,2566,2,0,0.82066375
,2566,3,2,1.0
,2567,0,0,0.7579823
,2567,1,0,0.75798213
,2567,2,2,1.0
,2567,3,0,0.72840047
,2568,0,0,0.5550555
,2568,1,0,0.5550471
,2568,2,1,0.7928466
,2568,3,2,1.0
,2569,0,0,0.752785
,2569,1,0,0.75223297
,2569,2,3,1.0
,2569,3,0,0.735683
,2570,0,0,0.75697106
,2570,1,0,0.70920146
,2570,2,0,0.85353047
,2570,3,2,1.0
,2571,0,0,0.758213
,2571,1,2,1.0
,2571,2,0,0.7117987
,2571,3,0,0.7820894
,2572,0,0,0.7578741
,2572,1,0,0.7828926
,2572,2,2,1.0
,2572,3,0,0.65307176
,2573,0,0,0.75412333
,2573,1,0,0.7544141
,2573,2,0,0.73471713
,2573,3,3,1.0
,2574,0,0,0.75725657
,2574,1,0,0.7572598
,2574,2,2,1.0
,2574,3,0,0.82066274
,2575,0,0,0.75721127
,2575,1,0,0.7572113
,2575,2,0,0.7250884
,2575,3,2,1.0
,2576,0,1,0.51661
,2576,1,1,0.51661
,2576,2,2,1.0
,2576,3,1,0.95516187
,2577,0,0,0.7542744
,2577,1,0,0.75427437
,2577,2,0,0.73800117
,2577,3,2,1.0
,2578,0,0,0.75824404
,2578,1,0,0.7582363
,2578,2,2,1.0
,2578,3,0,0.73886675
,2579,0,0,0.7582804
,2579,1,0,0.75759405
,2579,2,0,0.7388545
,2579,3,2,1.0
,2580,0,0,0.75737065
,2580,1,0,0.6968619
,2580,2,2,1.0
,2580,3,0,0.78240824
,2581,0,0,0.50244415
,2581,1,2,1.0
,2581,2,1,0.8826293
,2581,3,0,0.5030889
,2582,0,0,0.754199
,2582,1,0,0.6833099
,2582,2,2,1.0
,2582,3,0,0.7541983
,2583,0,0,0.7539039
,2583,1,3,1.0
,2583,2,0,0.7345211
,2583,3,0,0.7532043
,2584,0,0,0.75606877
,2584,1,0,0.8533929
,2584,2,2,1.0
,2584,3,0,0.6953666
,2585,0,0,0.5024228
,2585,1,0,0.5049295
,2585,2,1,0.8826099
,2585,3,2,1.0
,2586,0,0,0.7545516
,2586,1,0,0.7545802
,2586,2,2,1.0
,2586,3,0,0.7380588
,2587,0,0,0.7573781
,2587,1,0,0.75737834
,2587,2,0,0.72593653
,2587,3,2,1.0
,2588,0,0,0.5024936
,2588,1,0,0.5024937
,2588,2,2,1.0
,2588,3,1,0.8825881
,2589,0,0,0.7537064
,2589,1,0,0.7537064
,2589,2,0,0.75849605
,2589,3,2,1.0
,2590,0,1,0.5109754
,2590,1,1,0.51097536
,2590,2,3,1.0
,2590,3,1,0.8877092
,2591,0,0,0.752209
,2591,1,0,0.7522091
,2591,2,0,0.8361281
,2591,3,2,1.0
,2592,0,1,0.5114075
,2592,1,1,0.5114075
,2592,2,3,1.0
,2592,3,1,0.8878566
,2593,0,0,0.75322515
,2593,1,0,0.75322515
,2593,2,0,0.82068014
,2593,3,2,1.0
,2594,0,0,0.75740117
,2594,1,0,0.75740117
,2594,2,2,1.0
,2594,3,0,0.75860834
,2595,0,1,0.5107088
,2595,1,1,0.51070905
,2595,2,1,0.8876449
,2595,3,3,0.98166263
,2596,0,0,0.7524388
,2596,1,0,0.7524208
,2596,2,2,1.0
,2596,3,0,0.8092695
,2597,0,0,0.5024572
,2597,1,0,0.5015177
,2597,2,1,0.8825638
,2597,3,2,1.0
,2598,0,0,0.75356585
,2598,1,0,0.6925173
,2598,2,2,1.0
,2598,3,0,0.78161865
,2599,0,0,0.5010207
,2599,1,2,1.0
,2599,2,1,0.8712171
,2599,3,0,0.5001786
,2600,0,1,0.5166068
,2600,1,1,0.8599744
,2600,2,3,1.0
,2600,3,1,0.5763924
,2601,0,0,0.69076735
,2601,1,0,0.7480829
,2601,2,0,0.85336703
,2601,3,2,1.0
,2602,0,2,1.0
,2602,1,0,0.500288
,2602,2,0,0.50213385
,2602,3,1,0.8898547
,2603,0,1,0.94426495
,2603,1,1,0.52623016
,2603,2,1,0.55889547
,2603,3,2,1.0
,2604,0,1,0.52891314
,2604,1,1,0.51795894
,2604,2,3,1.0
,2604,3,1,0.8875781
,2605,0,0,0.7520055
,2605,1,0,0.7521315
,2605,2,0,0.83612853
,2605,3,2,1.0
,2606,0,1,0.5114271
,2606,1,1,0.51142377
,2606,2,3,1.0
,2606,3,1,0.88786066
,2607,0,0,0.7522026
,2607,1,0,0.7522026
,2607,2,0,0.8361283
,2607,3,2,1.0
,2608,0,1,0.5114194
,2608,1,1,0.5114195
,2608,2,3,1.0
,2608,3,1,0.8878593
,2609,0,0,0.7524105
,2609,1,0,0.7524105
,2609,2,0,0.81086296
,2609,3,2,1.0
,2610,0,0,0.5024838
,2610,1,0,0.5024838
,2610,2,2,1.0
,2610,3,1,0.8825509
,2611,0,0,0.7536603
,2611,1,0,0.7536603
,2611,2,0,0.7250907
,2611,3,2,1.0
,2612,0,0,0.50238055
,2612,1,0,0.50238055
,2612,2,2,1.0
,2612,3,1,0.8825948
,2613,0,0,0.753705
,2613,1,0,0.75370514
,2613,2,0,0.7584958
,2613,3,2,1.0
,2614,0,1,0.51097333
,2614,1,1,0.51097333
,2614,2,3,1.0
,2614,3,1,0.8877078
,2615,0,0,0.7523876
,2615,1,0,0.7523876
,2615,2,0,0.8108438
,2615,3,2,1.0
,2616,0,0,0.5008639
,2616,1,0,0.50086397
,2616,2,2,1.0
,2616,3,1,0.8894236
,2617,0,1,0.5084638
,2617,1,1,0.5084638
,2617,2,1,0.88425297
,2617,3,2,1.0
,2618,0,0,0.7544277
,2618,1,0,0.7544277
,2618,2,2,1.0
,2618,3,0,0.7380592
,2619,0,0,0.7582484
,2619,1,0,0.7582484
,2619,2,0,0.7388459
,2619,3,2,1.0
,2620,0,0,0.7579966
,2620,1,0,0.7579966
,2620,2,2,1.0
,2620,3,0,0.68449557
,2621,0,0,0.75338113
,2621,1,0,0.75338113
,2621,2,0,0.6798578
,2621,3,3,1.0
,2622,0,0,0.7521941
,2622,1,0,0.7521941
,2622,2,3,1.0
,2622,3,0,0.7790187
,2623,0,0,0.75154036
,2623,1,0,0.7515405
,2623,2,0,0.82066685
,2623,3,3,1.0
,2624,0,0,0.73862463
,2624,1,0,0.73862463
,2624,2,2,1.0
,2624,3,0,0.8412981
,2625,0,0,1.0
,2625,1,0,1.0
,2625,2,0,1.0
,2625,3,2,0.5092018
,2626,0,1,0.51175547
,2626,1,1,0.5881309
,2626,2,2,1.0
,2626,3,1,0.8573898
,2627,0,1,0.5263549
,2627,1,2,1.0
,2627,2,1,0.9583354
,2627,3,1,0.5354948
,2628,0,1,0.5095098
,2628,1,1,0.88438284
,2628,2,2,1.0
,2628,3,1,0.5097474
,2629,0,0,0.75347877
,2629,1,2,1.0
,2629,2,0,0.72505367
,2629,3,0,0.75343776
,2630,0,0,0.5004409
,2630,1,1,0.88985723
,2630,2,2,1.0
,2630,3,1,0.5015552
,2631,0,1,0.5265253
,2631,1,2,1.0
,2631,2,1,0.94439644
,2631,3,1,0.6017575
,2632,0,1,0.5107182
,2632,1,1,0.89102584
,2632,2,1,0.52312297
,2632,3,2,1.0
,2633,0,1,0.50967544
,2633,1,2,1.0
,2633,2,1,0.5707018
,2633,3,1,0.85714793
,2634,0,0,0.75419664
,2634,1,0,0.72766227
,2634,2,2,1.0
,2634,3,0,0.7502358
,2635,0,0,0.55354273
,2635,1,2,1.0
,2635,2,1,0.75798225
,2635,3,0,0.55344915
,2636,0,1,0.50789374
,2636,1,1,0.8907529
,2636,2,2,1.0
,2636,3,1,0.5078961
,2637,0,1,0.50938404
,2637,1,2,1.0
,2637,2,1,0.90918064
,2637,3,1,0.5093841
,2638,0,0,0.75255847
,2638,1,0,0.78095263
,2638,2,3,1.0
,2638,3,0,0.75255847
,2639,0,0,0.7633315
,2639,1,0,0.7631242
,2639,2,2,1.0
,2639,3,0,0.7633315
,2640,0,0,0.7623268
,2640,1,0,0.7152228
,2640,2,2,1.0
,2640,3,0,0.7623268
,2641,0,0,0.75743794
,2641,1,2,1.0
,2641,2,0,0.7259099
,2641,3,0,0.75743794
,2642,0,0,0.5008805
,2642,1,1,0.8894653
,2642,2,2,1.0
,2642,3,0,0.5008805
,2643,0,1,0.5084646
,2643,1,2,1.0
,2643,2,1,0.88425344
,2643,3,1,0.5084646
,2644,0,0,0.7544192
,2644,1,0,0.7380509
,2644,2,2,1.0
,2644,3,0,0.7544192
,2645,0,0,0.7573476
,2645,1,2,1.0
,2645,2,0,0.7259097
,2645,3,0,0.7573476
,2646,0,0,0.500834
,2646,1,1,0.88947886
,2646,2,2,1.0
,2646,3,0,0.500834
,2647,0,1,0.51001734
,2647,1,2,1.0
,2647,2,1,0.8910147
,2647,3,1,0.51001734
,2648,0,1,0.5088
,2648,1,1,0.88427365
,2648,2,2,1.0
,2648,3,1,0.5088
,2649,0,0,0.75442374
,2649,1,2,1.0
,2649,2,0,0.7380592
,2649,3,0,0.7544236
,2650,0,0,0.75824606
,2650,1,0,0.7388669
,2650,2,2,1.0
,2650,3,0,0.7582399
,2651,0,0,0.758289
,2651,1,2,1.0
,2651,2,0,0.73886436
,2651,3,0,0.7577493
,2652,0,0,0.7582417
,2652,1,0,0.783194
,2652,2,2,1.0
,2652,3,0,0.7106491
,2653,0,0,0.7573231
,2653,1,0,0.7564233
,2653,2,0,0.7616924
,2653,3,2,1.0
,2654,0,1,0.5212538
,2654,1,1,0.5818337
,2654,2,3,1.0
,2654,3,1,0.9451056
,2655,0,0,0.7533046
,2655,1,2,1.0
,2655,2,0,0.7784302
,2655,3,0,0.7484468
,2656,0,0,0.7535716
,2656,1,0,0.7342321
,2656,2,3,1.0
,2656,3,0,0.75350165
,2657,0,0,0.7564342
,2657,1,2,1.0
,2657,2,0,0.81081825
,2657,3,0,0.7552756
,2658,0,0,0.50161296
,2658,1,1,0.85561466
,2658,2,2,1.0
,2658,3,1,0.5593229
,2659,0,0,0.7534756
,2659,1,0,0.68706685
,2659,2,0,0.7815608
,2659,3,2,1.0
,2660,0,1,0.5182435
,2660,1,2,1.0
,2660,2,1,0.51752716
,2660,3,1,0.9581087
,2661,0,1,0.5254682
,2661,1,1,0.9556217
,2661,2,1,0.52639675
,2661,3,2,1.0
,2662,0,0,0.75294596
,2662,1,2,1.0
,2662,2,0,0.6911276
,2662,3,0,0.78137493
,2663,0,1,0.5180459
,2663,1,1,0.9579686
,2663,2,2,1.0
,2663,3,1,0.51729536
,2664,0,1,0.5108028
,2664,1,2,1.0
,2664,2,1,0.8911209
,2664,3,1,0.51078326
,2665,0,1,0.50883645
,2665,1,1,0.88428074
,2665,2,2,1.0
,2665,3,1,0.508836
,2666,0,0,0.7535224
,2666,1,2,1.0
,2666,2,0,0.72508186
,2666,3,0,0.7535224
,2667,0,0,0.5023918
,2667,1,1,0.88259643
,2667,2,2,1.0
,2667,3,0,0.502392
,2668,0,0,0.75454855
,2668,1,2,1.0
,2668,2,0,0.7380986
,2668,3,0,0.75456053
,2669,0,0,0.75799453
,2669,1,0,0.7839489
,2669,2,2,1.0
,2669,3,0,0.75903666
,2670,0,0,0.5876754
,2670,1,0,0.65981895
,2670,2,2,1.0
,2670,3,0,0.6593745
,2671,0,2,1.0
,2671,1,1,0.5014251
,2671,2,1,0.8831334
,2671,3,1,0.5014282
,2672,0,0,0.7380592
,2672,1,0,0.7539652
,2672,2,2,1.0
,2672,3,0,0.7545105
,2673,0,2,1.0
,2673,1,0,0.7105932
,2673,2,0,0.78320867
,2673,3,0,0.758209
,2674,0,0,0.73883796
,2674,1,2,1.0
,2674,2,0,0.75785
,2674,3,0,0.7582604
,2675,0,2,1.0
,2675,1,0,0.7821978
,2675,2,0,0.6959287
,2675,3,0,0.75714374
,2676,0,1,0.9653648
,2676,1,1,0.5161562
,2676,2,2,1.0
,2676,3,1,0.51680684
,2677,0,3,1.0
,2677,1,0,0.75160813
,2677,2,0,0.73602647
,2677,3,0,0.7523114
,2678,0,0,0.85323626
,2678,1,0,0.6944154
,2678,2,2,1.0
,2678,3,0,0.75583136
,2679,0,1,0.51427525
,2679,1,2,1.0
,2679,2,1,0.9653636
,2679,3,1,0.5168367
,2680,0,0,0.75164074
,2680,1,0,0.7360261
,2680,2,3,1.0
,2680,3,0,0.75231373
,2681,0,0,0.69535303
,2681,1,2,1.0
,2681,2,0,0.8533923
,2681,3,0,0.75605655
,2682,0,2,1.0
,2682,1,1,0.8826164
,2682,2,0,0.50488865
,2682,3,0,0.50240463
,2683,0,0,0.7241747
,2683,1,2,1.0
,2683,2,0,0.7519186
,2683,3,0,0.75338715
,2684,0,2,1.0
,2684,1,1,0.9443745
,2684,2,1,0.59491074
,2684,3,1,0.51874673
,2685,0,1,0.94437516
,2685,1,1,0.6129699
,2685,2,2,1.0
,2685,3,1,0.5269715
,2686,0,1,0.52070385
,2686,1,2,1.0
,2686,2,1,0.8842425
,2686,3,1,0.50915235
,2687,0,0,0.7061528
,2687,1,0,0.7824954
,2687,2,2,1.0
,2687,3,0,0.7543697
,2688,0,2,1.0
,2688,1,0,0.75854546
,2688,2,0,0.7388487
,2688,3,0,0.75822663
,2689,0,0,0.73886895
,2689,1,0,0.7582885
,2689,2,2,1.0
,2689,3,0,0.75829107
,2690,0,2,1.0
,2690,1,0,0.7577498
,2690,2,0,0.7388642
,2690,3,0,0.75828964
,2691,0,0,0.7827161
,2691,1,0,0.71063906
,2691,2,2,1.0
,2691,3,0,0.7582522
,2692,0,0,0.7109424
,2692,1,2,1.0
,2692,2,0,0.7832036
,2692,3,0,0.7582371
,2693,0,2,1.0
,2693,1,0,0.7388312
,2693,2,0,0.7585597
,2693,3,0,0.7582767
,2694,0,0,0.6842666
,2694,1,2,1.0
,2694,2,0,0.75798696
,2694,3,0,0.75799185
,2695,0,3,1.0
,2695,1,0,0.7345212
,2695,2,0,0.7532484
,2695,3,0,0.75394803
,2696,0,0,0.85339266
,2696,1,2,1.0
,2696,2,0,0.6953671
,2696,3,0,0.7560686
,2697,0,0,0.5049119
,2697,1,1,0.8826073
,2697,2,2,1.0
,2697,3,0,0.5023868
,2698,0,0,0.75363934
,2698,1,2,1.0
,2698,2,0,0.7609647
,2698,3,0,0.7524139
,2699,0,1,0.5213664
,2699,1,1,0.9451899
,2699,2,3,1.0
,2699,3,1,0.58195513
,2700,0,0,0.7521384
,2700,1,0,0.72169936
,2700,2,0,0.85248935
,2700,3,2,1.0
,2701,0,1,0.5112352
,2701,1,3,1.0
,2701,2,1,0.5694747
,2701,3,1,0.8612897
,2702,0,0,0.75306535
,2702,1,0,0.85390526
,2702,2,2,1.0
,2702,3,0,0.7003512
,2703,0,0,0.7574943
,2703,1,0,0.75933224
,2703,2,0,0.7388247
,2703,3,2,1.0
,2704,0,0,0.69590956
,2704,1,0,0.75714827
,2704,2,2,1.0
,2704,3,0,0.7810991
,2705,0,2,1.0
,2705,1,1,0.517007
,2705,2,1,0.94372386
,2705,3,1,0.5769564
,2706,0,0,0.7825822
,2706,1,0,0.7543837
,2706,2,0,0.7008774
,2706,3,2,1.0
,2707,0,0,0.7574334
,2707,1,0,0.75713074
,2707,2,2,1.0
,2707,3,0,0.72504026
,2708,0,1,0.51757663
,2708,1,1,0.5166532
,2708,2,1,0.9551679
,2708,3,2,1.0
,2709,0,0,0.69122845
,2709,1,0,0.7518702
,2709,2,2,1.0
,2709,3,0,0.7813891
,2710,0,2,1.0
,2710,1,1,0.57772255
,2710,2,1,0.9435763
,2710,3,1,0.5163883
,2711,0,0,0.72430414
,2711,1,2,1.0
,2711,2,0,0.7472335
,2711,3,0,0.7533211
,2712,0,2,1.0
,2712,1,1,0.94356316
,2712,2,1,0.577808
,2712,3,1,0.5170927
,2713,0,0,0.7381594
,2713,1,0,0.7488789
,2713,2,2,1.0
,2713,3,0,0.75443786
,2714,0,2,1.0
,2714,1,0,0.69669163
,2714,2,0,0.78132045
,2714,3,0,0.75730723
,2715,0,1,0.85523766
,2715,1,2,1.0
,2715,2,1,0.55881417
,2715,3,0,0.50145453
,2716,0,0,0.74847144
,2716,1,0,0.7611004
,2716,2,2,1.0
,2716,3,0,0.75375015
,2717,0,1,0.5820397
,2717,1,3,1.0
,2717,2,1,0.94510823
,2717,3,1,0.521351
,2718,0,2,1.0
,2718,1,0,0.82067496
,2718,2,0,0.7478619
,2718,3,0,0.75327337
,2719,0,0,0.78323704
,2719,1,2,1.0
,2719,2,0,0.7105435
,2719,3,0,0.75821936
,2720,0,0,0.7585516
,2720,1,0,0.7388522
,2720,2,2,1.0
,2720,3,0,0.75827414
,2721,0,0,0.7577526
,2721,1,2,1.0
,2721,2,0,0.738864
,2721,3,0,0.7582893
,2722,0,0,0.7106283
,2722,1,0,0.78257203
,2722,2,2,1.0
,2722,3,0,0.7582435
,2723,0,2,1.0
,2723,1,0,0.6971139
,2723,2,0,0.7813072
,2723,3,0,0.75733566
,2724,0,1,0.85522205
,2724,1,2,1.0
,2724,2,1,0.5588207
,2724,3,0,0.5014728
,2725,0,0,0.7503446
,2725,1,0,0.73821425
,2725,2,2,1.0
,2725,3,0,0.75468946
,2726,0,0,0.7327138
,2726,1,2,1.0
,2726,2,0,0.7802136
,2726,3,0,0.7573567
,2727,0,3,1.0
,2727,1,1,0.86180955
,2727,2,1,0.6349315
,2727,3,1,0.5122498
,2728,0,0,0.8539431
,2728,1,0,0.69583696
,2728,2,3,1.0
,2728,3,0,0.7491787
,2729,0,0,0.7583623
,2729,1,2,1.0
,2729,2,0,0.82066274
,2729,3,0,0.75716764
,2730,0,0,0.75738865
,2730,1,0,0.7259343
,2730,2,2,1.0
,2730,3,0,0.75740486
,2731,0,1,0.50075656
,2731,1,2,1.0
,2731,2,1,0.8895015
,2731,3,0,0.50081897
,2732,0,1,0.57006645
,2732,1,1,0.857318
,2732,2,2,1.0
,2732,3,1,0.50933254
,2733,0,2,1.0
,2733,1,0,0.72428966
,2733,2,0,0.7818433
,2733,3,0,0.7536906
,2734,0,1,0.9114451
,2734,1,3,1.0
,2734,2,1,0.51108915
,2734,3,1,0.5110701
,2735,0,3,1.0
,2735,1,0,0.85356593
,2735,2,0,0.7016094
,2735,3,0,0.75026065
,2736,0,0,0.853891
,2736,1,0,0.71046656
,2736,2,2,1.0
,2736,3,0,0.75689846
,2737,0,0,0.7585007
,2737,1,2,1.0
,2737,2,0,0.75922495
,2737,3,0,0.75739855
,2738,0,1,0.5108346
,2738,1,1,0.8877055
,2738,2,3,1.0
,2738,3,1,0.51086354
,2739,0,0,0.75294304
,2739,1,2,1.0
,2739,2,0,0.81271845
,2739,3,0,0.7529427
,2740,0,0,0.553834
,2740,1,1,0.7579425
,2740,2,2,1.0
,2740,3,0,0.553834
,2741,0,1,0.5081952
,2741,1,2,1.0
,2741,2,1,0.8911925
,2741,3,1,0.5081952
,2742,0,1,0.5318992
,2742,1,1,0.98474973
,2742,2,2,1.0
,2742,3,1,0.5318979
,2743,0,1,0.5322864
,2743,1,2,1.0
,2743,2,1,0.98468566
,2743,3,1,0.5322369
,2744,0,1,0.5132931
,2744,1,1,0.89121526
,2744,2,2,1.0
,2744,3,1,0.5113778
,2745,0,1,0.5845695
,2745,1,2,1.0
,2745,2,1,0.857659
,2745,3,1,0.51078457
,2746,0,2,1.0
,2746,1,1,0.75980264
,2746,2,0,0.52830297
,2746,3,0,0.536655
,2747,0,1,0.9555224
,2747,1,2,1.0
,2747,2,1,0.5239018
,2747,3,1,0.5236702
,2748,0,2,1.0
,2748,1,0,0.7379842
,2748,2,0,0.7534729
,2748,3,0,0.7541775
,2749,0,0,0.7821707
,2749,1,2,1.0
,2749,2,0,0.6958708
,2749,3,0,0.75706774
,2750,0,1,0.5175133
,2750,1,1,0.9581061
,2750,2,2,1.0
,2750,3,1,0.51817596
,2751,0,1,0.5268117
,2751,1,2,1.0
,2751,2,1,0.9502217
,2751,3,1,0.5268292
,2752,0,1,0.5276299
,2752,1,1,0.95619506
,2752,2,3,1.0
,2752,3,1,0.5276303
,2753,0,0,0.7521411
,2753,1,2,1.0
,2753,2,0,0.81084436
,2753,3,0,0.7521411
,2754,0,0,0.5008563
,2754,1,1,0.889424
,2754,2,2,1.0
,2754,3,0,0.5008558
,2755,0,1,0.5084773
,2755,1,2,1.0
,2755,2,1,0.88425934
,2755,3,1,0.5084952
,2756,0,0,0.7535061
,2756,1,0,0.7250279
,2756,2,2,1.0
,2756,3,0,0.7523387
,2757,0,0,0.50141
,2757,1,2,1.0
,2757,2,1,0.8555689
,2757,3,1,0.5595245
,2758,0,0,0.7546431
,2758,1,0,0.7821242
,2758,2,0,0.7020521
,2758,3,2,1.0
,2759,0,0,0.75819135
,2759,1,0,0.7109296
,2759,2,2,1.0
,2759,3,0,0.7831995
,2760,0,0,0.75827616
,2760,1,2,1.0
,2760,2,0,0.7388312
,2760,3,0,0.7585597
,2761,0,0,0.75799185
,2761,1,0,0.68426335
,2761,2,2,1.0
,2761,3,0,0.757995
,2762,0,0,0.7539618
,2762,1,3,1.0
,2762,2,0,0.7345574
,2762,3,0,0.7539618
,2763,0,0,0.7572647
,2763,1,0,0.8206684
,2763,2,2,1.0
,2763,3,0,0.7572647
,2764,0,0,0.758304
,2764,1,2,1.0
,2764,2,0,0.73889256
,2764,3,0,0.758304
,2765,0,0,0.75829196
,2765,1,0,0.7388692
,2765,2,2,1.0
,2765,3,0,0.7582921
,2766,0,0,0.75828403
,2766,1,2,1.0
,2766,2,0,0.73886895
,2766,3,0,0.7582918
,2767,0,0,0.7575946
,2767,1,0,0.7388545
,2767,2,2,1.0
,2767,3,0,0.75828093
,2768,0,0,0.69686216
,2768,1,2,1.0
,2768,2,0,0.7824082
,2768,3,0,0.75737065
,2769,0,2,1.0
,2769,1,1,0.88261455
,2769,2,0,0.50308925
,2769,3,0,0.50244445
,2770,0,0,0.73806703
,2770,1,2,1.0
,2770,2,0,0.7545674
,2770,3,0,0.75456005
,2771,0,2,1.0
,2771,1,0,0.7388669
,2771,2,0,0.7582414
,2771,3,0,0.75824755
,2772,0,0,0.7388642
,2772,1,2,1.0
,2772,2,0,0.7577493
,2772,3,0,0.75828916
,2773,0,2,1.0
,2773,1,0,0.7827161
,2773,2,0,0.71063906
,2773,3,0,0.7582522
,2774,0,0,0.7832035
,2774,1,0,0.71094257
,2774,2,2,1.0
,2774,3,0,0.758237
,2775,0,0,0.75855726
,2775,1,2,1.0
,2775,2,0,0.73885256
,2775,3,0,0.7582743
,2776,0,0,0.7582736
,2776,1,0,0.7388604
,2776,2,2,1.0
,2776,3,0,0.75828356
,2777,0,0,0.75624907
,2777,1,2,1.0
,2777,2,0,0.72588617
,2777,3,0,0.7574041
,2778,0,1,0.5594084
,2778,1,1,0.8555609
,2778,2,2,1.0
,2778,3,0,0.5015277
,2779,0,2,1.0
,2779,1,0,0.7020437
,2779,2,0,0.78200775
,2779,3,0,0.75464183
,2780,0,0,0.78290385
,2780,1,2,1.0
,2780,2,0,0.6997868
,2780,3,0,0.7578647
,2781,0,0,0.55630606
,2781,1,1,0.7455507
,2781,2,2,1.0
,2781,3,0,0.5557162
,2782,0,0,0.7544466
,2782,1,2,1.0
,2782,2,0,0.72526115
,2782,3,0,0.7544399
,2783,0,0,0.5024194
,2783,1,1,0.88259506
,2783,2,2,1.0
,2783,3,0,0.5024193
,2784,0,0,0.7545599
,2784,1,2,1.0
,2784,2,0,0.7380673
,2784,3,0,0.7545599
,2785,0,0,0.75824755
,2785,1,0,0.73886716
,2785,2,2,1.0
,2785,3,0,0.75824755
,2786,0,0,0.7582913
,2786,1,2,1.0
,2786,2,0,0.73886913
,2786,3,0,0.7582913
,2787,0,0,0.7582918
,2787,1,0,0.73886913
,2787,2,2,1.0
,2787,3,0,0.7582918
,2788,0,0,0.75828403
,2788,1,2,1.0
,2788,2,0,0.738861
,2788,3,0,0.75828403
,2789,0,0,0.75742286
,2789,1,0,0.7259387
,2789,2,2,1.0
,2789,3,0,0.75742286
,2790,0,0,0.50250995
,2790,1,2,1.0
,2790,2,1,0.8825897
,2790,3,0,0.50250995
,2791,0,0,0.75455016
,2791,1,0,0.73807013
,2791,2,2,1.0
,2791,3,0,0.75455016
,2792,0,0,0.75739413
,2792,1,2,1.0
,2792,2,0,0.75924563
,2792,3,0,0.75739413
,2793,0,1,0.51085997
,2793,1,1,0.8877035
,2793,2,3,1.0
,2793,3,1,0.5108601
,2794,0,0,0.7532432
,2794,1,2,1.0
,2794,2,0,0.8206782
,2794,3,0,0.7532432
,2795,0,0,0.7582562
,2795,1,0,0.73889035
,2795,2,2,1.0
,2795,3,0,0.7582562
,2796,0,0,0.7582797
,2796,1,2,1.0
,2796,2,0,0.73886174
,2796,3,0,0.75827956
,2797,0,0,0.75709325
,2797,1,0,0.7246557
,2797,2,2,1.0
,2797,3,0,0.75709325
,2798,0,1,0.5256442
,2798,1,2,1.0
,2798,2,1,0.9983156
,2798,3,1,0.5256442
,2799,0,0,0.7522904
,2799,1,0,0.73612815
,2799,2,3,1.0
,2799,3,0,0.7522902
,2800,0,0,0.75644636
,2800,1,2,1.0
,2800,2,0,0.81085134
,2800,3,0,0.7564154
,2801,0,0,0.50257117
,2801,1,1,0.8825757
,2801,2,2,1.0
,2801,3,0,0.50094116
,2802,0,0,0.7540724
,2802,1,2,1.0
,2802,2,0,0.7821325
,2802,3,0,0.6482624
,2803,0,0,0.7535275
,2803,1,0,0.6800618
,2803,2,0,0.75384825
,2803,3,3,1.0
,2804,0,0,0.7521727
,2804,1,3,1.0
,2804,2,0,0.75162363
,2804,3,0,0.820661
,2805,0,0,0.7569882
,2805,1,0,0.85353035
,2805,2,0,0.7092212
,2805,3,2,1.0
,2806,0,0,0.75821584
,2806,1,0,0.7118344
,2806,2,2,1.0
,2806,3,0,0.78319764
,2807,0,0,0.75827426
,2807,1,2,1.0
,2807,2,0,0.73885274
,2807,3,0,0.7585575
,2808,0,0,0.7582811
,2808,1,0,0.7388611
,2808,2,2,1.0
,2808,3,0,0.7582843
,2809,0,0,0.75719863
,2809,1,2,1.0
,2809,2,0,0.72506386
,2809,3,0,0.75719863
,2810,0,1,0.51661056
,2810,1,1,0.955162
,2810,2,2,1.0
,2810,3,1,0.51661056
,2811,0,0,0.7542664
,2811,1,2,1.0
,2811,2,0,0.7379927
,2811,3,0,0.7542664
,2812,0,0,0.75737464
,2812,1,0,0.72593623
,2812,2,2,1.0
,2812,3,0,0.75737464
,2813,0,0,0.50249565
,2813,1,2,1.0
,2813,2,1,0.8825956
,2813,3,0,0.5024957
,2814,0,0,0.7536602
,2814,1,0,0.7250903
,2814,2,2,1.0
,2814,3,0,0.7536602
,2815,0,0,0.50238234
,2815,1,2,1.0
,2815,2,1,0.88260233
,2815,3,0,0.5023823
,2816,0,0,0.7536337
,2816,1,0,0.72509575
,2816,2,2,1.0
,2816,3,0,0.7536337
,2817,0,0,0.501123
,2817,1,2,1.0
,2817,2,1,0.869473
,2817,3,0,0.501123
,2818,0,1,0.52701956
,2818,1,1,0.95623106
,2818,2,3,1.0
,2818,3,1,0.52701956
,2819,0,0,0.7519301
,2819,1,2,1.0
,2819,2,0,0.8101773
,2819,3,0,0.7519301
,2820,0,1,0.5180051
,2820,1,1,0.9579499
,2820,2,2,1.0
,2820,3,1,0.5180051
,2821,0,1,0.51080155
,2821,1,2,1.0
,2821,2,1,0.8911209
,2821,3,1,0.51080155
,2822,0,1,0.5088371
,2822,1,1,0.8842808
,2822,2,2,1.0
,2822,3,1,0.5088367
,2823,0,0,0.75347936
,2823,1,2,1.0
,2823,2,0,0.72504056
,2823,3,0,0.75351083
,2824,0,1,0.5000605
,2824,1,1,0.90773743
,2824,2,2,1.0
,2824,3,0,0.50158024
,2825,0,0,0.6460142
,2825,1,3,1.0
,2825,2,0,0.7796368
,2825,3,0,0.75173813
,2826,0,3,1.0
,2826,1,0,0.85357827
,2826,2,0,0.70375365
,2826,3,0,0.7518529
,2827,0,0,0.8538933
,2827,1,0,0.7104498
,2827,2,2,1.0
,2827,3,0,0.75690204
,2828,0,0,0.7584662
,2828,1,2,1.0
,2828,2,0,0.7258607
,2828,3,0,0.7562083
,2829,0,0,0.50155526
,2829,1,1,0.8555608
,2829,2,2,1.0
,2829,3,1,0.55940926
,2830,0,0,0.7546448
,2830,1,0,0.7020523
,2830,2,0,0.7821243
,2830,3,2,1.0
,2831,0,0,0.75819147
,2831,1,2,1.0
,2831,2,0,0.7109297
,2831,3,0,0.7831995
,2832,0,0,0.75827616
,2832,1,0,0.7388312
,2832,2,2,1.0
,2832,3,0,0.7585597
,2833,0,0,0.7579917
,2833,1,2,1.0
,2833,2,0,0.6842637
,2833,3,0,0.7579949
,2834,0,0,0.7539512
,2834,1,0,0.73455054
,2834,2,3,1.0
,2834,3,0,0.7539512
,2835,0,0,0.75625503
,2835,1,2,1.0
,2835,2,0,0.8361867
,2835,3,0,0.75625473
,2836,0,1,0.51165843
,2836,1,1,0.91170293
,2836,2,3,1.0
,2836,3,1,0.51167756
,2837,0,0,0.750711
,2837,1,3,1.0
,2837,2,0,0.8206226
,2837,3,0,0.74948406
,2838,0,0,0.7565239
,2838,1,0,0.85354865
,2838,2,2,1.0
,2838,3,0,0.6510819
,2839,0,0,0.75402534
,2839,1,0,0.7071033
,2839,2,0,0.7793437
,2839,3,3,1.0
,2840,0,0,0.75607735
,2840,1,2,1.0
,2840,2,0,0.73401713
,2840,3,0,0.8531977
,2841,0,1,0.5210779
,2841,1,1,0.96624833
,2841,2,3,0.99951303
,2841,3,1,0.51850015
,2842,0,0,0.7507692
,2842,1,3,1.0
,2842,2,0,0.8206119
,2842,3,0,0.7507992
,2843,0,0,0.7564576
,2843,1,0,0.8108529
,2843,2,2,1.0
,2843,3,0,0.75645787
,2844,0,0,0.5026198
,2844,1,2,1.0
,2844,2,1,0.8825375
,2844,3,0,0.50261986
,2845,0,0,0.75455415
,2845,1,0,0.73805916
,2845,2,2,1.0
,2845,3,0,0.75455415
,2846,0,0,0.75734866
,2846,1,2,1.0
,2846,2,0,0.7259099
,2846,3,0,0.7573494
,2847,0,0,0.50080955
,2847,1,1,0.88947386
,2847,2,2,1.0
,2847,3,0,0.5008491
,2848,0,1,0.510974
,2848,1,2,1.0
,2848,2,1,0.8776899
,2848,3,1,0.5094465
,2849,0,1,0.5438091
,2849,1,1,0.7009985
,2849,2,3,1.0
,2849,3,0,0.5174066
,2850,0,2,1.0
,2850,1,0,0.7025073
,2850,2,0,0.85388803
,2850,3,0,0.7534875
,2851,0,0,0.72581244
,2851,1,2,1.0
,2851,2,0,0.7569868
,2851,3,0,0.757284
,2852,0,2,1.0
,2852,1,1,0.8571335
,2852,2,1,0.5765133
,2852,3,1,0.50047797
,2853,0,1,0.8579839
,2853,1,1,0.5966908
,2853,2,2,1.0
,2853,3,1,0.51114106
,2854,0,1,0.5396768
,2854,1,2,1.0
,2854,2,1,0.98743016
,2854,3,1,0.5304475
,2855,0,0,0.75211364
,2855,1,0,0.73610955
,2855,2,3,1.0
,2855,3,0,0.75222
,2856,0,0,0.7572498
,2856,1,2,1.0
,2856,2,0,0.8206684
,2856,3,0,0.75725096
,2857,0,0,0.7583038
,2857,1,0,0.73889244
,2857,2,2,1.0
,2857,3,0,0.7583038
,2858,0,0,0.7582921
,2858,1,2,1.0
,2858,2,0,0.7388693
,2858,3,0,0.7582921
,2859,0,0,0.7582919
,2859,1,0,0.73886913
,2859,2,2,1.0
,2859,3,0,0.7582919
,2860,0,0,0.7582899
,2860,1,2,1.0
,2860,2,0,0.73886275
,2860,3,0,0.75829
,2861,0,0,0.75797844
,2861,1,0,0.72841907
,2861,2,2,1.0
,2861,3,0,0.7579789
,2862,0,0,0.555869
,2862,1,2,1.0
,2862,2,1,0.74553084
,2862,3,0,0.5558917
,2863,0,0,0.75267744
,2863,1,0,0.72434664
,2863,2,2,1.0
,2863,3,0,0.7541718
,2864,0,1,0.59487516
,2864,1,2,1.0
,2864,2,1,0.9442832
,2864,3,1,0.5186898
,2865,0,2,1.0
,2865,1,1,0.94421554
,2865,2,1,0.59695375
,2865,3,1,0.5256648
,2866,0,0,0.78258103
,2866,1,0,0.700862
,2866,2,2,1.0
,2866,3,0,0.7537367
,2867,0,0,0.75849646
,2867,1,2,1.0
,2867,2,0,0.78316325
,2867,3,0,0.7105582
,2868,0,0,0.7571557
,2868,1,0,0.72498184
,2868,2,0,0.75503004
,2868,3,2,1.0
,2869,0,1,0.5176435
,2869,1,2,1.0
,2869,2,1,0.6413619
,2869,3,1,0.94380456
,2870,0,0,0.75132394
,2870,1,0,0.73510486
,2870,2,3,1.0
,2870,3,0,0.7463757
,2871,0,0,0.7572348
,2871,1,2,1.0
,2871,2,0,0.82066643
,2871,3,0,0.75663704
,2872,0,0,0.7582641
,2872,1,0,0.78273684
,2872,2,2,1.0
,2872,3,0,0.71065176
,2873,0,0,0.7582372
,2873,1,0,0.7109426
,2873,2,0,0.783198
,2873,3,2,1.0
,2874,0,0,0.7582722
,2874,1,2,1.0
,2874,2,0,0.7580159
,2874,3,0,0.7388476
,2875,0,0,0.75825185
,2875,1,0,0.78271604
,2875,2,0,0.71064246
,2875,3,2,1.0
,2876,0,0,0.758237
,2876,1,0,0.7109425
,2876,2,2,1.0
,2876,3,0,0.7832035
,2877,0,0,0.75827444
,2877,1,2,1.0
,2877,2,0,0.73885256
,2877,3,0,0.75855744
,2878,0,0,0.7582916
,2878,1,0,0.738869
,2878,2,2,1.0
,2878,3,0,0.75829476
,2879,0,0,0.7582918
,2879,1,2,1.0
,2879,2,0,0.73886913
,2879,3,0,0.7582918
,2880,0,0,0.75828403
,2880,1,0,0.7388609
,2880,2,2,1.0
,2880,3,0,0.75828403
,2881,0,0,0.75742286
,2881,1,2,1.0
,2881,2,0,0.72593874
,2881,3,0,0.75742286
,2882,0,0,0.5025102
,2882,1,1,0.8825897
,2882,2,2,1.0
,2882,3,0,0.5025102
,2883,0,0,0.75456315
,2883,1,2,1.0
,2883,2,0,0.7380457
,2883,3,0,0.75456315
,2884,0,0,0.75794756
,2884,1,0,0.6842611
,2884,2,2,1.0
,2884,3,0,0.75794756
,2885,0,0,0.75396127
,2885,1,3,1.0
,2885,2,0,0.7345574
,2885,3,0,0.7539613
,2886,0,0,0.7572648
,2886,1,0,0.8206684
,2886,2,2,1.0
,2886,3,0,0.7572648
,2887,0,0,0.758304
,2887,1,2,1.0
,2887,2,0,0.7388924
,2887,3,0,0.758304
,2888,0,0,0.75829196
,2888,1,0,0.7388692
,2888,2,2,1.0
,2888,3,0,0.75829196
,2889,0,0,0.75828403
,2889,1,2,1.0
,2889,2,0,0.738861
,2889,3,0,0.75828403
,2890,0,0,0.75742286
,2890,1,0,0.7259387
,2890,2,2,1.0
,2890,3,0,0.75742286
,2891,0,0,0.50251
,2891,1,2,1.0
,2891,2,1,0.8825897
,2891,3,0,0.50250995
,2892,0,0,0.7545529
,2892,1,0,0.73805904
,2892,2,2,1.0
,2892,3,0,0.7545529
,2893,0,0,0.75737816
,2893,1,2,1.0
,2893,2,0,0.72593635
,2893,3,0,0.75737816
,2894,0,0,0.50249577
,2894,1,1,0.8825957
,2894,2,2,1.0
,2894,3,0,0.50249577
,2895,0,0,0.7536603
,2895,1,2,1.0
,2895,2,0,0.7250903
,2895,3,0,0.7536602
,2896,0,0,0.5023827
,2896,1,1,0.88260245
,2896,2,2,1.0
,2896,3,0,0.5023827
,2897,0,0,0.7536592
,2897,1,2,1.0
,2897,2,0,0.7250905
,2897,3,0,0.753659
,2898,0,0,0.5023956
,2898,1,1,0.88259655
,2898,2,2,1.0
,2898,3,0,0.5023871
,2899,0,0,0.75455683
,2899,1,2,1.0
,2899,2,0,0.73806167
,2899,3,0,0.75401133
,2900,0,0,0.75819653
,2900,1,0,0.78256065
,2900,2,2,1.0
,2900,3,0,0.7105787
,2901,0,0,0.75711846
,2901,1,0,0.6962181
,2901,2,0,0.7810845
,2901,3,2,1.0
,2902,0,1,0.517017
,2902,1,2,1.0
,2902,2,1,0.5769629
,2902,3,1,0.9435722
,2903,0,0,0.753532
,2903,1,0,0.7251502
,2903,2,2,1.0
,2903,3,0,0.74747825
,2904,0,0,0.50139046
,2904,1,2,1.0
,2904,2,1,0.8556829
,2904,3,1,0.55966693
,2905,0,0,0.75346255
,2905,1,0,0.7801855
,2905,2,0,0.6870306
,2905,3,2,1.0
,2906,0,1,0.5185259
,2906,1,1,0.5934473
,2906,2,2,1.0
,2906,3,1,0.94459414
,2907,0,1,0.51154345
,2907,1,2,1.0
,2907,2,1,0.8582657
,2907,3,1,0.6459087
,2908,0,0,0.7513459
,2908,1,0,0.7793065
,2908,2,0,0.6983234
,2908,3,3,1.0
,2909,0,0,0.75600654
,2909,1,0,0.69564295
,2909,2,2,1.0
,2909,3,0,0.8533872
,2910,0,0,0.5016552
,2910,1,2,1.0
,2910,2,1,0.907834
,2910,3,0,0.5041661
,2911,0,0,0.7524137
,2911,1,0,0.73593956
,2911,2,3,1.0
,2911,3,0,0.75244266
,2912,0,0,0.7572525
,2912,1,2,1.0
,2912,2,0,0.8206684
,2912,3,0,0.7572529
,2913,0,0,0.7583038
,2913,1,0,0.73889244
,2913,2,2,1.0
,2913,3,0,0.7583039
,2914,0,0,0.7582921
,2914,1,2,1.0
,2914,2,0,0.7388693
,2914,3,0,0.7582921
,2915,0,0,0.7582919
,2915,1,0,0.73886913
,2915,2,2,1.0
,2915,3,0,0.7582919
,2916,0,0,0.7582919
,2916,1,2,1.0
,2916,2,0,0.73886913
,2916,3,0,0.7582919
,2917,0,0,0.7582919
,2917,1,0,0.73886913
,2917,2,2,1.0
,2917,3,0,0.7582919
,2918,0,0,0.7582919
,2918,1,2,1.0
,2918,2,0,0.73886913
,2918,3,0,0.7582919
,2919,0,0,0.7582919
,2919,1,0,0.73886913
,2919,2,2,1.0
,2919,3,0,0.7582919
,2920,0,0,0.7582919
,2920,1,2,1.0
,2920,2,0,0.73886913
,2920,3,0,0.7582919
,2921,0,0,0.7582919
,2921,1,0,0.73886913
,2921,2,2,1.0
,2921,3,0,0.7582918
,2922,0,0,0.7582917
,2922,1,2,1.0
,2922,2,0,0.73886895
,2922,3,0,0.75828385
,2923,0,0,0.7582783
,2923,1,0,0.73885465
,2923,2,2,1.0
,2923,3,0,0.757584
,2924,0,0,0.75714624
,2924,1,2,1.0
,2924,2,0,0.7821998
,2924,3,0,0.69593525
,2925,0,1,0.5166441
,2925,1,1,0.95517063
,2925,2,1,0.5160006
,2925,3,2,1.0
,2926,0,0,0.75335073
,2926,1,2,1.0
,2926,2,0,0.7521905
,2926,3,0,0.72496665
,2927,0,0,0.50141215
,2927,1,1,0.8552058
,2927,2,1,0.55951744
,2927,3,2,1.0
,2928,0,0,0.7546884
,2928,1,0,0.7499277
,2928,2,2,1.0
,2928,3,0,0.7381978
,2929,0,0,0.7573104
,2929,1,0,0.696705
,2929,2,0,0.7813203
,2929,3,2,1.0
,2930,0,0,0.5014642
,2930,1,2,1.0
,2930,2,1,0.55883336
,2930,3,1,0.85558903
,2931,0,0,0.7546439
,2931,1,0,0.7821244
,2931,2,2,1.0
,2931,3,0,0.70205206
,2932,0,0,0.75818956
,2932,1,0,0.71092486
,2932,2,0,0.78269774
,2932,3,2,1.0
,2933,0,0,0.75823617
,2933,1,2,1.0
,2933,2,0,0.7109424
,2933,3,0,0.7832035
,2934,0,0,0.7582533
,2934,1,0,0.73884386
,2934,2,2,1.0
,2934,3,0,0.75854945
,2935,0,0,0.75624883
,2935,1,2,1.0
,2935,2,0,0.72588634
,2935,3,0,0.75740695
,2936,0,1,0.559411
,2936,1,1,0.85520726
,2936,2,2,1.0
,2936,3,0,0.5015216
,2937,0,2,1.0
,2937,1,0,0.74853116
,2937,2,0,0.7251885
,2937,3,0,0.7537528
,2938,0,1,0.85522115
,2938,1,1,0.55970013
,2938,2,2,1.0
,2938,3,1,0.50025356
,2939,0,0,0.75014496
,2939,1,2,1.0
,2939,2,0,0.78175086
,2939,3,0,0.648233
,2940,0,0,0.7539804
,2940,1,0,0.7790987
,2940,2,0,0.70617867
,2940,3,3,1.0
,2941,0,0,0.7569516
,2941,1,0,0.7095114
,2941,2,2,1.0
,2941,3,0,0.8538929
,2942,0,0,0.7573539
,2942,1,2,1.0
,2942,2,0,0.72588664
,2942,3,0,0.7584559
,2943,0,0,0.50087756
,2943,1,1,0.8894658
,2943,2,2,1.0
,2943,3,0,0.5008868
,2944,0,1,0.5084803
,2944,1,2,1.0
,2944,2,1,0.8842614
,2944,3,1,0.50921863
,2945,0,0,0.7543743
,2945,1,0,0.78199154
,2945,2,2,1.0
,2945,3,0,0.70629287
,2946,0,0,0.7581758
,2946,1,0,0.7109133
,2946,2,0,0.78254473
,2946,3,2,1.0
,2947,0,0,0.7570857
,2947,1,2,1.0
,2947,2,0,0.69620234
,2947,3,0,0.78077316
,2948,0,1,0.51866424
,2948,1,1,0.94437987
,2948,2,2,1.0
,2948,3,1,0.5941916
,2949,0,1,0.5270323
,2949,1,1,0.61306494
,2949,2,1,0.944798
,2949,3,2,1.0
,2950,0,1,0.51183087
,2950,1,2,1.0
,2950,2,1,0.59807616
,2950,3,1,0.8587376
,2951,0,1,0.50940037
,2951,1,1,0.85701543
,2951,2,2,1.0
,2951,3,1,0.5789326
,2952,0,0,0.7545499
,2952,1,0,0.7498913
,2952,2,0,0.7381833
,2952,3,2,1.0
,2953,0,0,0.75731593
,2953,1,0,0.6967182
,2953,2,2,1.0
,2953,3,0,0.7823839
,2954,0,0,0.5016586
,2954,1,2,1.0
,2954,2,1,0.90783376
,2954,3,0,0.501556
,2955,0,0,0.752336
,2955,1,0,0.78063923
,2955,2,3,1.0
,2955,3,0,0.7039541
,2956,0,0,0.75636685
,2956,1,0,0.7543114
,2956,2,0,0.8107433
,2956,3,2,1.0
,2957,0,1,0.50047094
,2957,1,1,0.62539816
,2957,2,2,1.0
,2957,3,1,0.8561085
,2958,0,0,0.7514998
,2958,1,3,1.0
,2958,2,0,0.7350598
,2958,3,0,0.7466633
,2959,0,0,0.75604373
,2959,1,0,0.8533831
,2959,2,2,1.0
,2959,3,0,0.6952828
,2960,0,0,0.502404
,2960,1,0,0.5041717
,2960,2,1,0.8826187
,2960,3,2,1.0
,2961,0,0,0.75451124
,2961,1,0,0.7064554
,2961,2,2,1.0
,2961,3,0,0.78250396
,2962,0,0,0.7579271
,2962,1,2,1.0
,2962,2,0,0.6842394
,2962,3,0,0.758245
,2963,0,0,0.75396097
,2963,1,0,0.7345571
,2963,2,3,1.0
,2963,3,0,0.75395834
,2964,0,0,0.75726205
,2964,1,2,1.0
,2964,2,0,0.8206667
,2964,3,0,0.7567207
,2965,0,0,0.75826585
,2965,1,0,0.783231
,2965,2,2,1.0
,2965,3,0,0.7106574
,2966,0,0,0.75823367
,2966,1,0,0.7578498
,2966,2,0,0.7388369
,2966,3,2,1.0
,2967,0,0,0.7547096
,2967,1,0,0.6958692
,2967,2,2,1.0
,2967,3,0,0.78217536
,2968,0,1,0.64138436
,2968,1,2,1.0
,2968,2,1,0.9438132
,2968,3,1,0.51700073
,2969,0,3,1.0
,2969,1,0,0.73508173
,2969,2,0,0.7458166
,2969,3,0,0.7513277
,2970,0,0,0.8535305
,2970,1,2,1.0
,2970,2,0,0.70911753
,2970,3,0,0.7569525
,2971,0,0,0.7118182
,2971,1,0,0.7825512
,2971,2,2,1.0
,2971,3,0,0.7582044
,2972,0,2,1.0
,2972,1,0,0.6970689
,2972,2,0,0.7810091
,2972,3,0,0.7572864
,2973,0,1,0.8561592
,2973,1,2,1.0
,2973,2,1,0.5758617
,2973,3,1,0.50124454
,2974,0,1,0.5189165
,2974,1,1,0.8581201
,2974,2,2,1.0
,2974,3,1,0.53901976
,2975,0,1,0.52847356
,2975,1,1,0.5976552
,2975,2,1,0.94540775
,2975,3,3,1.0
,2976,0,0,0.75227976
,2976,1,2,1.0
,2976,2,0,0.63994306
,2976,3,0,0.8539339
,2977,0,0,0.75409085
,2977,1,0,0.734749
,2977,2,3,1.0
,2977,3,0,0.7552722
,2978,0,0,0.75726676
,2978,1,2,1.0
,2978,2,0,0.8206684
,2978,3,0,0.7572803
,2979,0,0,0.758304
,2979,1,0,0.73889244
,2979,2,2,1.0
,2979,3,0,0.7583042
,2980,0,0,0.7582921
,2980,1,2,1.0
,2980,2,0,0.73886913
,2980,3,0,0.7582921
,2981,0,0,0.7582919
,2981,1,0,0.73886913
,2981,2,2,1.0
,2981,3,0,0.7582919
,2982,0,0,0.7582919
,2982,1,2,1.0
,2982,2,0,0.73886913
,2982,3,0,0.7582919
,2983,0,0,0.7582918
,2983,1,0,0.73886913
,2983,2,2,1.0
,2983,3,0,0.7582919
,2984,0,0,0.7582858
,2984,1,2,1.0
,2984,2,0,0.73886895
,2984,3,0,0.7582919
,2985,0,0,0.7577498
,2985,1,0,0.7388643
,2985,2,2,1.0
,2985,3,0,0.75828964
,2986,0,0,0.7106437
,2986,1,2,1.0
,2986,2,0,0.7832122
,2986,3,0,0.758254
,2987,0,2,1.0
,2987,1,0,0.7388476
,2987,2,0,0.7580159
,2987,3,0,0.75827223
,2988,0,0,0.78321767
,2988,1,2,1.0
,2988,2,0,0.71064734
,2988,3,0,0.75825375
,2989,0,0,0.75855744
,2989,1,0,0.7388525
,2989,2,2,1.0
,2989,3,0,0.7582743
,2990,0,0,0.7582843
,2990,1,2,1.0
,2990,2,0,0.738861
,2990,3,0,0.75828105
,2991,0,0,0.75719863
,2991,1,0,0.7250637
,2991,2,2,1.0
,2991,3,0,0.75719863
,2992,0,1,0.51660717
,2992,1,2,1.0
,2992,2,1,0.95516765
,2992,3,1,0.51660717
,2993,0,0,0.7539082
,2993,1,0,0.68322825
,2993,2,2,1.0
,2993,3,0,0.7539084
,2994,0,0,0.7538851
,2994,1,3,1.0
,2994,2,0,0.73455244
,2994,3,0,0.7539022
,2995,0,0,0.7547075
,2995,1,0,0.8101498
,2995,2,2,1.0
,2995,3,0,0.756193
,2996,0,1,0.5947931
,2996,1,2,1.0
,2996,2,1,0.944362
,2996,3,1,0.51863253
,2997,0,2,1.0
,2997,1,1,0.94444144
,2997,2,1,0.61385953
,2997,3,1,0.52726537
,2998,0,1,0.95849544
,2998,1,1,0.5396929
,2998,2,2,1.0
,2998,3,1,0.5270692
,2999,0,2,1.0
,2999,1,1,0.58666396
,2999,2,1,0.9442627
,2999,3,1,0.52600944
,3000,0,0,0.7825738
,3000,1,2,1.0
,3000,2,0,0.70087075
,3000,3,0,0.75428486
,3001,0,0,0.75735223
,3001,1,0,0.7388131
,3001,2,2,1.0
,3001,3,0,0.7582209
,3002,0,0,0.65304863
,3002,1,2,1.0
,3002,2,0,0.78178257
,3002,3,0,0.75789154
,3003,0,3,1.0
,3003,1,0,0.77848417
,3003,2,0,0.64838946
,3003,3,0,0.75337553
,3004,0,0,0.8537669
,3004,1,0,0.7037247
,3004,2,3,1.0
,3004,3,0,0.7518382
,3005,0,0,0.7349507
,3005,1,2,1.0
,3005,2,0,0.8523884
,3005,3,0,0.75603735
,3006,0,3,1.0
,3006,1,1,0.9452758
,3006,2,1,0.5793229
,3006,3,1,0.5212178
,3007,0,0,0.8533784
,3007,1,0,0.68506485
,3007,2,2,1.0
,3007,3,0,0.75194687
,3008,0,0,0.50300175
,3008,1,2,1.0
,3008,2,1,0.8898528
,3008,3,0,0.50038606
,3009,0,1,0.5262978
,3009,1,1,0.9584944
,3009,2,2,1.0
,3009,3,1,0.52641886
,3010,0,1,0.5269694
,3010,1,2,1.0
,3010,2,1,0.9583975
,3010,3,1,0.52893305
,3011,0,1,0.5121792
,3011,1,1,0.8581545
,3011,2,2,1.0
,3011,3,1,0.5878986
,3012,0,1,0.5102031
,3012,1,1,0.52113277
,3012,2,1,0.89097583
,3012,3,2,1.0
,3013,0,1,0.51144415
,3013,1,1,0.5874187
,3013,2,2,1.0
,3013,3,1,0.85799325
,3014,0,1,0.50850856
,3014,1,2,1.0
,3014,2,1,0.88414925
,3014,3,1,0.51748365
,3015,0,0,0.7544282
,3015,1,0,0.7380602
,3015,2,2,1.0
,3015,3,0,0.75431985
,3016,0,0,0.75824386
,3016,1,2,1.0
,3016,2,0,0.7388623
,3016,3,0,0.7577027
,3017,0,0,0.75825167
,3017,1,0,0.7827161
,3017,2,2,1.0
,3017,3,0,0.7106385
,3018,0,0,0.758237
,3018,1,0,0.7109423
,3018,2,0,0.7831978
,3018,3,2,1.0
,3019,0,0,0.7582722
,3019,1,2,1.0
,3019,2,0,0.7580159
,3019,3,0,0.7388476
,3020,0,0,0.75825185
,3020,1,0,0.78271604
,3020,2,0,0.71064246
,3020,3,2,1.0
,3021,0,0,0.75823087
,3021,1,0,0.7109423
,3021,2,2,1.0
,3021,3,0,0.7832035
,3022,0,0,0.7577323
,3022,1,2,1.0
,3022,2,0,0.7388478
,3022,3,0,0.7585552
,3023,0,0,0.7106435
,3023,1,0,0.78321207
,3023,2,2,1.0
,3023,3,0,0.7582569
,3024,0,2,1.0
,3024,1,0,0.7580159
,3024,2,0,0.7388476
,3024,3,0,0.75827223
,3025,0,0,0.7832053
,3025,1,0,0.7106467
,3025,2,2,1.0
,3025,3,0,0.7582538
,3026,0,0,0.75736463
,3026,1,2,1.0
,3026,2,0,0.7388182
,3026,3,0,0.758271
,3027,0,0,0.6530469
,3027,1,0,0.7817804
,3027,2,2,1.0
,3027,3,0,0.75789195
,3028,0,3,1.0
,3028,1,0,0.6481941
,3028,2,0,0.7790052
,3028,3,0,0.75337636
,3029,0,0,0.82065874
,3029,1,3,1.0
,3029,2,0,0.752113
,3029,3,0,0.7523507
,3030,0,2,1.0
,3030,1,0,0.8539007
,3030,2,0,0.70919174
,3030,3,0,0.7557872
,3031,0,0,0.7828836
,3031,1,0,0.7589515
,3031,2,2,1.0
,3031,3,0,0.65269035
,3032,0,0,0.75440204
,3032,1,0,0.7541374
,3032,2,0,0.73471797
,3032,3,3,1.0
,3033,0,0,0.7560721
,3033,1,0,0.7572487
,3033,2,2,1.0
,3033,3,0,0.8206481
,3034,0,0,0.65306246
,3034,1,0,0.7566904
,3034,2,0,0.78292316
,3034,3,2,1.0
,3035,0,3,1.0
,3035,1,0,0.6480269
,3035,2,0,0.75309664
,3035,3,0,0.7790079
,3036,0,0,0.85357845
,3036,1,3,1.0
,3036,2,0,0.7033814
,3036,3,0,0.7521534
,3037,0,0,0.71045583
,3037,1,0,0.85353076
,3037,2,2,1.0
,3037,3,0,0.7569267
,3038,0,2,1.0
,3038,1,0,0.71179914
,3038,2,0,0.78208977
,3038,3,0,0.7582128
,3039,0,0,0.78289264
,3039,1,2,1.0
,3039,2,0,0.6530741
,3039,3,0,0.7578679
,3040,0,0,0.75441056
,3040,1,0,0.7346937
,3040,2,3,1.0
,3040,3,0,0.75356984
,3041,0,0,0.7569854
,3041,1,2,1.0
,3041,2,0,0.85353065
,3041,3,0,0.70921415
,3042,0,0,0.75820774
,3042,1,0,0.7826958
,3042,2,0,0.7118291
,3042,3,2,1.0
,3043,0,0,0.7576948
,3043,1,0,0.71093714
,3043,2,2,1.0
,3043,3,0,0.78320193
,3044,0,0,0.7106192
,3044,1,2,1.0
,3044,2,0,0.78270143
,3044,3,0,0.7585176
,3045,0,2,1.0
,3045,1,0,0.78270173
,3045,2,0,0.7109373
,3045,3,0,0.7582382
,3046,0,0,0.7827019
,3046,1,0,0.71093756
,3046,2,2,1.0
,3046,3,0,0.7582351
,3047,0,0,0.7109422
,3047,1,2,1.0
,3047,2,0,0.783198
,3047,3,0,0.75823694
,3048,0,2,1.0
,3048,1,0,0.7388478
,3048,2,0,0.7580159
,3048,3,0,0.7582722
,3049,0,0,0.78321767
,3049,1,2,1.0
,3049,2,0,0.71064734
,3049,3,0,0.75825375
,3050,0,0,0.7585575
,3050,1,0,0.7388525
,3050,2,2,1.0
,3050,3,0,0.75827444
,3051,0,0,0.7582945
,3051,1,2,1.0
,3051,2,0,0.73886895
,3051,3,0,0.7582914
,3052,0,0,0.75826794
,3052,1,0,0.7388607
,3052,2,2,1.0
,3052,3,0,0.7582813
,3053,0,0,0.7560093
,3053,1,2,1.0
,3053,2,0,0.7250404
,3053,3,0,0.75718766
,3054,0,1,0.5775824
,3054,1,1,0.94371647
,3054,2,2,1.0
,3054,3,1,0.5169859
,3055,0,2,1.0
,3055,1,0,0.7008806
,3055,2,0,0.7820889
,3055,3,0,0.7543921
,3056,0,0,0.783199
,3056,1,2,1.0
,3056,2,0,0.7109287
,3056,3,0,0.758188
,3057,0,0,0.75855744
,3057,1,0,0.73885256
,3057,2,2,1.0
,3057,3,0,0.7582738
,3058,0,0,0.75829476
,3058,1,2,1.0
,3058,2,0,0.73886913
,3058,3,0,0.7582916
,3059,0,0,0.7582919
,3059,1,0,0.73886913
,3059,2,2,1.0
,3059,3,0,0.7582919
,3060,0,0,0.7582919
,3060,1,2,1.0
,3060,2,0,0.73886913
,3060,3,0,0.7582919
,3061,0,0,0.7582919
,3061,1,0,0.73886913
,3061,2,2,1.0
,3061,3,0,0.7582919
,3062,0,0,0.7582919
,3062,1,2,1.0
,3062,2,0,0.73886913
,3062,3,0,0.7582919
,3063,0,0,0.7582918
,3063,1,0,0.73886913
,3063,2,2,1.0
,3063,3,0,0.7582919
,3064,0,0,0.7582839
,3064,1,2,1.0
,3064,2,0,0.73886895
,3064,3,0,0.7582918
,3065,0,0,0.7575929
,3065,1,0,0.73885334
,3065,2,2,1.0
,3065,3,0,0.7582807
,3066,0,0,0.69669026
,3066,1,2,1.0
,3066,2,0,0.7801593
,3066,3,0,0.75731784
,3067,0,2,1.0
,3067,1,1,0.85655713
,3067,2,1,0.624913
,3067,3,1,0.50062746
,3068,0,0,0.7794017
,3068,1,0,0.6982892
,3068,2,3,1.0
,3068,3,0,0.75142086
,3069,0,0,0.7095219
,3069,1,2,1.0
,3069,2,0,0.8538982
,3069,3,0,0.75692856
,3070,0,2,1.0
,3070,1,0,0.7388448
,3070,2,0,0.75935113
,3070,3,0,0.75825167
,3071,0,0,0.7388688
,3071,1,2,1.0
,3071,2,0,0.7582977
,3071,3,0,0.7582913
,3072,0,2,1.0
,3072,1,0,0.73886436
,3072,2,0,0.75775003
,3072,3,0,0.75828964
,3073,0,0,0.7832122
,3073,1,2,1.0
,3073,2,0,0.71064377
,3073,3,0,0.758254
,3074,0,0,0.7580159
,3074,1,0,0.73884743
,3074,2,2,1.0
,3074,3,0,0.75827223
,3075,0,0,0.71064216
,3075,1,2,1.0
,3075,2,0,0.78271604
,3075,3,0,0.7582517
,3076,0,2,1.0
,3076,1,0,0.7825837
,3076,2,0,0.7109283
,3076,3,0,0.7582201
,3077,0,0,0.7828679
,3077,1,0,0.6996068
,3077,2,2,1.0
,3077,3,0,0.7567919
,3078,0,0,0.5526811
,3078,1,2,1.0
,3078,2,1,0.69764644
,3078,3,1,0.50893146
,3079,0,0,0.7544268
,3079,1,0,0.78189135
,3079,2,0,0.6901869
,3079,3,2,1.0
,3080,0,0,0.50157934
,3080,1,0,0.50227666
,3080,2,2,1.0
,3080,3,1,0.90784395
,3081,0,0,0.7524002
,3081,1,0,0.7517059
,3081,2,0,0.7359049
,3081,3,3,1.0
,3082,0,0,0.7560571
,3082,1,0,0.69535345
,3082,2,2,1.0
,3082,3,0,0.85339266
,3083,0,0,0.50240934
,3083,1,2,1.0
,3083,2,1,0.8826158
,3083,3,0,0.5049165
,3084,0,0,0.75364476
,3084,1,0,0.7250892
,3084,2,2,1.0
,3084,3,0,0.7536875
,3085,0,0,0.50163823
,3085,1,2,1.0
,3085,2,1,0.88260525
,3085,3,0,0.5023782
,3086,0,0,0.70644647
,3086,1,0,0.7824964
,3086,2,2,1.0
,3086,3,0,0.754509
,3087,0,2,1.0
,3087,1,0,0.758004
,3087,2,0,0.7388439
,3087,3,0,0.7582261
,3088,0,0,0.78271604
,3088,1,0,0.71064204
,3088,2,2,1.0
,3088,3,0,0.75825137
,3089,0,0,0.7109375
,3089,1,2,1.0
,3089,2,0,0.7827017
,3089,3,0,0.7582352
,3090,0,2,1.0
,3090,1,0,0.7827019
,3090,2,0,0.7109375
,3090,3,0,0.75823504
,3091,0,0,0.78270185
,3091,1,0,0.7109374
,3091,2,2,1.0
,3091,3,0,0.75822896
,3092,0,0,0.7109368
,3092,1,2,1.0
,3092,2,0,0.783196
,3092,3,0,0.75769466
,3093,0,2,1.0
,3093,1,0,0.78319556
,3093,2,0,0.7579777
,3093,3,0,0.7106186
,3094,0,0,0.7832011
,3094,1,0,0.75797755
,3094,2,0,0.71062225
,3094,3,2,1.0
,3095,0,0,0.75851935
,3095,1,0,0.7106277
,3095,2,2,1.0
,3095,3,0,0.78320295
,3096,0,0,0.7582774
,3096,1,2,1.0
,3096,2,0,0.7388524
,3096,3,0,0.75855726
,3097,0,0,0.7582916
,3097,1,0,0.738869
,3097,2,2,1.0
,3097,3,0,0.7582949
,3098,0,0,0.7582858
,3098,1,2,1.0
,3098,2,0,0.73886895
,3098,3,0,0.75829196
,3099,0,0,0.7577497
,3099,1,0,0.73886436
,3099,2,2,1.0
,3099,3,0,0.7582895
,3100,0,0,0.71063465
,3100,1,2,1.0
,3100,2,0,0.78319836
,3100,3,0,0.75824594
,3101,0,2,1.0
,3101,1,0,0.72586876
,3101,2,0,0.75651586
,3101,3,0,0.75738627
,3102,0,1,0.85519403
,3102,1,2,1.0
,3102,2,1,0.55940044
,3102,3,0,0.50153035
,3103,0,0,0.7502951
,3103,1,0,0.72768825
,3103,2,2,1.0
,3103,3,0,0.754361
,3104,0,0,0.554825
,3104,1,2,1.0
,3104,2,1,0.79285055
,3104,3,0,0.5549294
,3105,0,0,0.75223035
,3105,1,0,0.7356829
,3105,2,3,1.0
,3105,3,0,0.7527835
,3106,0,0,0.7092017
,3106,1,2,1.0
,3106,2,0,0.85353065
,3106,3,0,0.756971
,3107,0,2,1.0
,3107,1,0,0.7826958
,3107,2,0,0.7118294
,3107,3,0,0.7582137
,3108,0,0,0.7832038
,3108,1,0,0.7109426
,3108,2,2,1.0
,3108,3,0,0.758237
,3109,0,0,0.7585575
,3109,1,2,1.0
,3109,2,0,0.73885256
,3109,3,0,0.75827444
,3110,0,0,0.75829476
,3110,1,0,0.738869
,3110,2,2,1.0
,3110,3,0,0.7582916
,3111,0,0,0.7582919
,3111,1,2,1.0
,3111,2,0,0.73886913
,3111,3,0,0.7582919
,3112,0,0,0.75829196
,3112,1,0,0.73886913
,3112,2,2,1.0
,3112,3,0,0.75829196
,3113,0,0,0.7582942
,3113,1,2,1.0
,3113,2,0,0.7388478
,3113,3,0,0.7582942
,3114,0,0,0.75799704
,3114,1,0,0.6844956
,3114,2,2,1.0
,3114,3,0,0.75799716
,3115,0,0,0.75337404
,3115,1,3,1.0
,3115,2,0,0.6798511
,3115,3,0,0.7533805
,3116,0,0,0.75161815
,3116,1,0,0.820661
,3116,2,3,1.0
,3116,3,0,0.752171
,3117,0,0,0.7092235
,3117,1,2,1.0
,3117,2,0,0.8538936
,3117,3,0,0.75698805
,3118,0,2,1.0
,3118,1,0,0.73883986
,3118,2,0,0.75881076
,3118,3,0,0.7582501
,3119,0,0,0.78271604
,3119,1,2,1.0
,3119,2,0,0.7106524
,3119,3,0,0.75825155
,3120,0,0,0.7109423
,3120,1,0,0.7831978
,3120,2,2,1.0
,3120,3,0,0.758237
,3121,0,2,1.0
,3121,1,0,0.7580159
,3121,2,0,0.7388476
,3121,3,0,0.7582722
,3122,0,0,0.78271604
,3122,1,0,0.71064234
,3122,2,2,1.0
,3122,3,0,0.75825185
,3123,0,0,0.7109424
,3123,1,2,1.0
,3123,2,0,0.7832036
,3123,3,0,0.75823694
,3124,0,2,1.0
,3124,1,0,0.73883075
,3124,2,0,0.7585597
,3124,3,0,0.75826293
,3125,0,0,0.684558
,3125,1,2,1.0
,3125,2,0,0.75799435
,3125,3,0,0.75677574
,3126,0,3,1.0
,3126,1,0,0.77832615
,3126,2,0,0.7531807
,3126,3,0,0.64781517
,3127,0,0,0.8539518
,3127,1,0,0.7036622
,3127,2,0,0.7506132
,3127,3,3,1.0
,3128,0,0,0.75763243
,3128,1,2,1.0
,3128,2,0,0.65097964
,3128,3,0,0.85392594
,3129,0,0,0.7541172
,3129,1,0,0.7347136
,3129,2,3,1.0
,3129,3,0,0.7552303
,3130,0,0,0.7572643
,3130,1,2,1.0
,3130,2,0,0.8206667
,3130,3,0,0.7567358
,3131,0,0,0.75826627
,3131,1,0,0.78323275
,3131,2,2,1.0
,3131,3,0,0.7106577
,3132,0,0,0.75827247
,3132,1,0,0.7580162
,3132,2,0,0.7388476
,3132,3,2,1.0
,3133,0,0,0.75825375
,3133,1,0,0.7106473
,3133,2,2,1.0
,3133,3,0,0.78321767
,3134,0,0,0.7582745
,3134,1,2,1.0
,3134,2,0,0.73885256
,3134,3,0,0.7585575
,3135,0,0,0.7582916
,3135,1,0,0.738869
,3135,2,2,1.0
,3135,3,0,0.75829476
,3136,0,0,0.7582919
,3136,1,2,1.0
,3136,2,0,0.73886913
,3136,3,0,0.7582919
,3137,0,0,0.7582919
,3137,1,0,0.73886913
,3137,2,2,1.0
,3137,3,0,0.7582919
,3138,0,0,0.7582919
,3138,1,2,1.0
,3138,2,0,0.73886913
,3138,3,0,0.7582919
,3139,0,0,0.7582857
,3139,1,0,0.73886895
,3139,2,2,1.0
,3139,3,0,0.7582919
,3140,0,0,0.7577498
,3140,1,2,1.0
,3140,2,0,0.73886436
,3140,3,0,0.75828964
,3141,0,0,0.7106437
,3141,1,0,0.7832122
,3141,2,2,1.0
,3141,3,0,0.758254
,3142,0,2,1.0
,3142,1,0,0.7580159
,3142,2,0,0.7388476
,3142,3,0,0.75827223
,3143,0,0,0.78321767
,3143,1,0,0.71064717
,3143,2,2,1.0
,3143,3,0,0.75825363
,3144,0,0,0.75854963
,3144,1,2,1.0
,3144,2,0,0.7388443
,3144,3,0,0.75826657
,3145,0,0,0.75742584
,3145,1,0,0.7259383
,3145,2,2,1.0
,3145,3,0,0.75742257
,3146,0,0,0.5025099
,3146,1,2,1.0
,3146,2,1,0.8826044
,3146,3,0,0.50250983
,3147,0,0,0.7542001
,3147,1,0,0.6833068
,3147,2,2,1.0
,3147,3,0,0.7542
,3148,0,0,0.75391763
,3148,1,3,1.0
,3148,2,0,0.7345574
,3148,3,0,0.7539176
,3149,0,0,0.75726426
,3149,1,0,0.82066834
,3149,2,2,1.0
,3149,3,0,0.7572581
,3150,0,0,0.7583016
,3150,1,2,1.0
,3150,2,0,0.7388876
,3150,3,0,0.75776196
,3151,0,0,0.7582463
,3151,1,0,0.78321767
,3151,2,2,1.0
,3151,3,0,0.7106439
,3152,0,0,0.75757664
,3152,1,0,0.75853336
,3152,2,0,0.73883724
,3152,3,2,1.0
,3153,0,0,0.6968054
,3153,1,0,0.7561996
,3153,2,2,1.0
,3153,3,0,0.78239125
,3154,0,2,1.0
,3154,1,1,0.55947083
,3154,2,1,0.8555897
,3154,3,0,0.50211006
,3155,0,0,0.7826291
,3155,1,2,1.0
,3155,2,0,0.7020336
,3155,3,0,0.75465524
,3156,0,0,0.7582454
,3156,1,0,0.68423826
,3156,2,2,1.0
,3156,3,0,0.7579276
,3157,0,0,0.7539622
,3157,1,3,1.0
,3157,2,0,0.73455405
,3157,3,0,0.7539585
,3158,0,0,0.7570088
,3158,1,0,0.81275034
,3158,2,2,1.0
,3158,3,0,0.7570088
,3159,0,0,0.55621105
,3159,1,2,1.0
,3159,2,1,0.74549156
,3159,3,0,0.556211
,3160,0,0,0.7544231
,3160,1,0,0.7252604
,3160,2,2,1.0
,3160,3,0,0.7544231
,3161,0,0,0.50119627
,3161,1,2,1.0
,3161,2,1,0.8712603
,3161,3,0,0.50119627
,3162,0,1,0.51500434
,3162,1,1,0.8867512
,3162,2,3,1.0
,3162,3,1,0.51500434
,3163,0,0,0.75290626
,3163,1,2,1.0
,3163,2,0,0.8127322
,3163,3,0,0.75290626
,3164,0,0,0.5541415
,3164,1,1,0.7249521
,3164,2,2,1.0
,3164,3,0,0.55414146
,3165,0,1,0.51427627
,3165,1,3,1.0
,3165,2,1,0.88699436
,3165,3,1,0.51427627
,3166,0,0,0.7532014
,3166,1,0,0.8206722
,3166,2,2,1.0
,3166,3,0,0.75320107
,3167,0,0,0.75735784
,3167,1,2,1.0
,3167,2,0,0.72593236
,3167,3,0,0.757328
,3168,0,0,0.5008179
,3168,1,1,0.88950175
,3168,2,2,1.0
,3168,3,1,0.5007585
,3169,0,1,0.50932235
,3169,1,2,1.0
,3169,2,1,0.85748476
,3169,3,1,0.5700783
,3170,0,0,0.75449646
,3170,1,0,0.7819593
,3170,2,0,0.7020023
,3170,3,2,1.0
,3171,0,0,0.7570816
,3171,1,0,0.6962289
,3171,2,2,1.0
,3171,3,0,0.78218144
,3172,0,1,0.51663464
,3172,1,2,1.0
,3172,2,1,0.9551681
,3172,3,1,0.51597196
,3173,0,0,0.7542631
,3173,1,0,0.7379929
,3173,2,2,1.0
,3173,3,0,0.75427085
,3174,0,0,0.7571334
,3174,1,2,1.0
,3174,2,0,0.72505176
,3174,3,0,0.7571481
,3175,0,1,0.5175396
,3175,1,1,0.965358
,3175,2,2,1.0
,3175,3,1,0.5167915
,3176,0,0,0.7038556
,3176,1,3,1.0
,3176,2,0,0.7807745
,3176,3,0,0.7522589
,3177,0,2,1.0
,3177,1,0,0.82066685
,3177,2,0,0.75701064
,3177,3,0,0.75722617
,3178,0,0,0.78323835
,3178,1,2,1.0
,3178,2,0,0.71066123
,3178,3,0,0.75826573
,3179,0,0,0.7585499
,3179,1,0,0.7388522
,3179,2,2,1.0
,3179,3,0,0.7582746
,3180,0,0,0.7575972
,3180,1,2,1.0
,3180,2,0,0.73885435
,3180,3,0,0.7582804
,3181,0,0,0.69683146
,3181,1,0,0.7823534
,3181,2,2,1.0
,3181,3,0,0.75734127
,3182,0,2,1.0
,3182,1,1,0.50017667
,3182,2,1,0.8895249
,3182,3,0,0.5007543
,3183,0,1,0.857485
,3183,1,1,0.5700635
,3183,2,2,1.0
,3183,3,1,0.5093242
,3184,0,0,0.70200837
,3184,1,2,1.0
,3184,2,0,0.78259325
,3184,3,0,0.7545016
,3185,0,2,1.0
,3185,1,0,0.72582203
,3185,2,0,0.7561826
,3185,3,0,0.75730497
,3186,0,1,0.85610765
,3186,1,2,1.0
,3186,2,1,0.5764087
,3186,3,1,0.500376
,3187,0,1,0.51736814
,3187,1,1,0.8841244
,3187,2,2,1.0
,3187,3,1,0.50816447
,3188,0,0,0.7543167
,3188,1,2,1.0
,3188,2,0,0.7380548
,3188,3,0,0.75388384
,3189,0,0,0.75750846
,3189,1,0,0.78320587
,3189,2,2,1.0
,3189,3,0,0.71057576
,3190,0,0,0.69674146
,3190,1,0,0.75758505
,3190,2,0,0.7810085
,3190,3,2,1.0
,3191,0,2,1.0
,3191,1,1,0.50042814
,3191,2,1,0.57584274
,3191,3,1,0.8561349
,3192,0,1,0.8841302
,3192,1,1,0.5081878
,3192,2,2,1.0
,3192,3,1,0.5173811
,3193,0,2,1.0
,3193,1,0,0.75234306
,3193,2,0,0.72502947
,3193,3,0,0.7534059
,3194,0,1,0.8552044
,3194,1,1,0.5595474
,3194,2,2,1.0
,3194,3,0,0.50141394
,3195,0,0,0.7497113
,3195,1,2,1.0
,3195,2,0,0.6835068
,3195,3,0,0.7543464
,3196,0,0,0.7055435
,3196,1,0,0.7787925
,3196,2,3,1.0
,3196,3,0,0.75383633
,3197,0,2,1.0
,3197,1,0,0.6956283
,3197,2,0,0.85259855
,3197,3,0,0.7560331
,3198,0,1,0.8552135
,3198,1,2,1.0
,3198,2,1,0.557
,3198,3,0,0.50145316
,3199,0,0,0.7506419
,3199,1,0,0.73821455
,3199,2,2,1.0
,3199,3,0,0.75470155
,3200,0,0,0.75820386
,3200,1,2,1.0
,3200,2,0,0.7388679
,3200,3,0,0.7582498
,3201,0,0,0.7582909
,3201,1,0,0.73886913
,3201,2,2,1.0
,3201,3,0,0.75829124
,3202,0,0,0.7582919
,3202,1,2,1.0
,3202,2,0,0.7388686
,3202,3,0,0.7582783
,3203,0,0,0.75828826
,3203,1,0,0.7388352
,3203,2,2,1.0
,3203,3,0,0.7570946
,3204,0,0,0.7578914
,3204,1,2,1.0
,3204,2,0,0.7829068
,3204,3,0,0.652742
,3205,0,0,0.754114
,3205,1,0,0.734715
,3205,2,0,0.75440437
,3205,3,3,1.0
,3206,0,0,0.7562413
,3206,1,2,1.0
,3206,2,0,0.75621295
,3206,3,0,0.8101718
,3207,0,1,0.5166018
,3207,1,1,0.95516104
,3207,2,1,0.51823366
,3207,3,2,1.0
,3208,0,0,0.7537701
,3208,1,2,1.0
,3208,2,0,0.6476824
,3208,3,0,0.78154653
,3209,0,0,0.75402576
,3209,1,0,0.7796112
,3209,2,3,1.0
,3209,3,0,0.706201
,3210,0,0,0.7572457
,3210,1,0,0.75753725
,3210,2,0,0.82066864
,3210,3,2,1.0
,3211,0,0,0.7582927
,3211,1,0,0.7582792
,3211,2,2,1.0
,3211,3,0,0.73888385
,3212,0,0,0.75715566
,3212,1,0,0.75567377
,3212,2,0,0.72502583
,3212,3,2,1.0
,3213,0,1,0.51859564
,3213,1,1,0.59477174
,3213,2,2,1.0
,3213,3,1,0.94394046
,3214,0,1,0.52532613
,3214,1,2,1.0
,3214,2,1,0.9555788
,3214,3,1,0.5365748
,3215,0,0,0.7541738
,3215,1,0,0.7379999
,3215,2,2,1.0
,3215,3,0,0.75404567
,3216,0,0,0.7582352
,3216,1,2,1.0
,3216,2,0,0.7388589
,3216,3,0,0.7582337
,3217,0,0,0.7574223
,3217,1,0,0.7259387
,3217,2,2,1.0
,3217,3,0,0.7574223
,3218,0,0,0.5025101
,3218,1,2,1.0
,3218,2,1,0.8825897
,3218,3,0,0.50251
,3219,0,0,0.75456095
,3219,1,0,0.73806703
,3219,2,2,1.0
,3219,3,0,0.75455475
,3220,0,0,0.75824535
,3220,1,2,1.0
,3220,2,0,0.7388621
,3220,3,0,0.75770545
,3221,0,0,0.75825167
,3221,1,0,0.7827161
,3221,2,2,1.0
,3221,3,0,0.7106385
,3222,0,0,0.758237
,3222,1,0,0.7109423
,3222,2,0,0.7831978
,3222,3,2,1.0
,3223,0,0,0.75827205
,3223,1,2,1.0
,3223,2,0,0.7580159
,3223,3,0,0.7388478
,3224,0,0,0.75825226
,3224,1,0,0.7832162
,3224,2,0,0.71066093
,3224,3,2,1.0
,3225,0,0,0.75844455
,3225,1,0,0.75871813
,3225,2,2,1.0
,3225,3,0,0.7833808
,3226,0,0,0.7625863
,3226,1,0,0.7617711
,3226,2,2,1.0
,3226,3,0,0.7628619
,3227,0,0,0.66059935
,3227,1,0,0.6037006
,3227,2,3,1.0
,3227,3,0,0.66060424
,3228,0,0,0.75505954
,3228,1,2,1.0
,3228,2,0,0.81085634
,3228,3,0,0.75505966
,3229,0,0,0.5025644
,3229,1,1,0.882546
,3229,2,2,1.0
,3229,3,0,0.50256443
,3230,0,0,0.75366163
,3230,1,2,1.0
,3230,2,0,0.7250905
,3230,3,0,0.75366163
,3231,0,0,0.5023955
,3231,1,1,0.88261104
,3231,2,2,1.0
,3231,3,0,0.5023956
,3232,0,0,0.75419873
,3232,1,2,1.0
,3232,2,0,0.6833069
,3232,3,0,0.75419873
,3233,0,0,0.7539181
,3233,1,0,0.73455656
,3233,2,3,1.0
,3233,3,0,0.7539181
,3234,0,0,0.75729233
,3234,1,2,1.0
,3234,2,0,0.7784193
,3234,3,0,0.7572924
,3235,0,0,0.75363004
,3235,1,0,0.7342401
,3235,2,3,1.0
,3235,3,0,0.75363004
,3236,0,0,0.7572598
,3236,1,2,1.0
,3236,2,0,0.8206684
,3236,3,0,0.7572598
,3237,0,0,0.7583038
,3237,1,0,0.7388924
,3237,2,2,1.0
,3237,3,0,0.75830364
,3238,0,0,0.7582837
,3238,1,2,1.0
,3238,2,0,0.73886013
,3238,3,0,0.7582673
,3239,0,0,0.7573696
,3239,1,0,0.7258434
,3239,2,2,1.0
,3239,3,0,0.75592583
,3240,0,1,0.50041306
,3240,1,2,1.0
,3240,2,1,0.8569007
,3240,3,1,0.57648844
,3241,0,1,0.50904745
,3241,1,1,0.8574445
,3241,2,1,0.57883704
,3241,3,2,1.0
,3242,0,0,0.753593
,3242,1,0,0.6879724
,3242,2,2,1.0
,3242,3,0,0.7817824
,3243,0,0,0.5023175
,3243,1,2,1.0
,3243,2,1,0.8826259
,3243,3,0,0.50304365
,3244,0,0,0.75455856
,3244,1,0,0.73806703
,3244,2,2,1.0
,3244,3,0,0.7545667
,3245,0,0,0.7582475
,3245,1,2,1.0
,3245,2,0,0.73886716
,3245,3,0,0.7582474
,3246,0,0,0.7582834
,3246,1,0,0.7388604
,3246,2,2,1.0
,3246,3,0,0.7582702
,3247,0,0,0.75740415
,3247,1,2,1.0
,3247,2,0,0.7258865
,3247,3,0,0.75624937
,3248,0,0,0.50153494
,3248,1,1,0.8551973
,3248,2,2,1.0
,3248,3,1,0.5593965
,3249,0,0,0.7546899
,3249,1,0,0.7499284
,3249,2,0,0.73819846
,3249,3,2,1.0
,3250,0,0,0.7573282
,3250,1,0,0.6967603
,3250,2,2,1.0
,3250,3,0,0.78240687
,3251,0,0,0.5024432
,3251,1,2,1.0
,3251,2,1,0.88261455
,3251,3,0,0.503089
,3252,0,0,0.75456
,3252,1,0,0.73806703
,3252,2,2,1.0
,3252,3,0,0.7545674
,3253,0,0,0.75824755
,3253,1,2,1.0
,3253,2,0,0.738867
,3253,3,0,0.75824153
,3254,0,0,0.75828916
,3254,1,0,0.7388643
,3254,2,2,1.0
,3254,3,0,0.7577493
,3255,0,0,0.758254
,3255,1,2,1.0
,3255,2,0,0.7832053
,3255,3,0,0.71064335
,3256,0,0,0.7582709
,3256,1,0,0.7388186
,3256,2,0,0.7573612
,3256,3,2,1.0
,3257,0,0,0.75789124
,3257,1,2,1.0
,3257,2,0,0.6527455
,3257,3,0,0.78290683
,3258,0,0,0.7541252
,3258,1,0,0.7347186
,3258,2,3,1.0
,3258,3,0,0.7544098
,3259,0,0,0.75726426
,3259,1,2,1.0
,3259,2,0,0.8206667
,3259,3,0,0.7567264
,3260,0,0,0.75824517
,3260,1,0,0.783231
,3260,2,2,1.0
,3260,3,0,0.71064854
,3261,0,0,0.7562316
,3261,1,0,0.7576704
,3261,2,0,0.725869
,3261,3,2,1.0
,3262,0,1,0.559397
,3262,1,0,0.50153345
,3262,2,2,1.0
,3262,3,1,0.855192
,3263,0,2,1.0
,3263,1,0,0.7541538
,3263,2,0,0.7382085
,3263,3,0,0.7506385
,3264,0,0,0.7832166
,3264,1,0,0.7105967
,3264,2,2,1.0
,3264,3,0,0.7581658
,3265,0,0,0.75855553
,3265,1,2,1.0
,3265,2,0,0.73884606
,3265,3,0,0.75827134
,3266,0,0,0.75798136
,3266,1,0,0.728416
,3266,2,2,1.0
,3266,3,0,0.75796247
,3267,0,0,0.55584496
,3267,1,2,1.0
,3267,2,1,0.74553925
,3267,3,0,0.55494905
,3268,0,0,0.75490385
,3268,1,0,0.78227
,3268,2,2,1.0
,3268,3,0,0.69601476
,3269,0,0,0.553106
,3269,1,0,0.55177957
,3269,2,1,0.7587145
,3269,3,2,1.0
,3270,0,1,0.524845
,3270,1,1,0.6001321
,3270,2,2,1.0
,3270,3,1,0.94429016
,3271,0,1,0.50906
,3271,1,2,1.0
,3271,2,1,0.8842266
,3271,3,1,0.51992583
,3272,0,0,0.75441086
,3272,1,0,0.738052
,3272,2,2,1.0
,3272,3,0,0.75428724
,3273,0,0,0.75713795
,3273,1,2,1.0
,3273,2,0,0.7250613
,3273,3,0,0.7571509
,3274,0,1,0.5173562
,3274,1,1,0.9551645
,3274,2,2,1.0
,3274,3,1,0.5166176
,3275,0,0,0.7061264
,3275,1,2,1.0
,3275,2,0,0.7824432
,3275,3,0,0.7542229
,3276,0,2,1.0
,3276,1,0,0.738827
,3276,2,0,0.758547
,3276,3,0,0.75822073
,3277,0,0,0.68429005
,3277,1,2,1.0
,3277,2,0,0.7579844
,3277,3,0,0.7574339
,3278,0,3,1.0
,3278,1,0,0.77943766
,3278,2,0,0.7531665
,3278,3,0,0.70564276
,3279,0,0,0.8524318
,3279,1,0,0.75611097
,3279,2,0,0.6943943
,3279,3,2,1.0
,3280,0,1,0.5751098
,3280,1,1,0.5170277
,3280,2,2,1.0
,3280,3,1,0.94356406
,3281,0,2,1.0
,3281,1,0,0.7544453
,3281,2,0,0.7381761
,3281,3,0,0.7495953
,3282,0,0,0.73886275
,3282,1,0,0.7577048
,3282,2,2,1.0
,3282,3,0,0.7581896
,3283,0,2,1.0
,3283,1,0,0.7106385
,3283,2,0,0.7827162
,3283,3,0,0.758251
,3284,0,0,0.7832035
,3284,1,2,1.0
,3284,2,0,0.7109424
,3284,3,0,0.75823087
,3285,0,0,0.7585552
,3285,1,0,0.7388478
,3285,2,2,1.0
,3285,3,0,0.75773233
,3286,0,0,0.758257
,3286,1,2,1.0
,3286,2,0,0.7832178
,3286,3,0,0.71064365
,3287,0,0,0.7582745
,3287,1,0,0.7388523
,3287,2,0,0.75855136
,3287,3,2,1.0
,3288,0,0,0.7582893
,3288,1,2,1.0
,3288,2,0,0.7577526
,3288,3,0,0.738864
,3289,0,0,0.7582401
,3289,1,0,0.78255934
,3289,2,0,0.71062887
,3289,3,2,1.0
,3290,0,0,0.75704944
,3290,1,0,0.69593227
,3290,2,2,1.0
,3290,3,0,0.7810133
,3291,0,1,0.52299005
,3291,1,2,1.0
,3291,2,1,0.9791231
,3291,3,1,0.5827866
,3292,0,0,0.75437057
,3292,1,0,0.7381636
,3292,2,0,0.74917704
,3292,3,2,1.0
,3293,0,0,0.7582483
,3293,1,2,1.0
,3293,2,0,0.7581894
,3293,3,0,0.7388464
,3294,0,0,0.75799155
,3294,1,0,0.6842634
,3294,2,0,0.7579909
,3294,3,2,1.0
,3295,0,0,0.7539616
,3295,1,3,1.0
,3295,2,0,0.75395864
,3295,3,0,0.7345573
,3296,0,0,0.7572517
,3296,1,0,0.82067174
,3296,2,0,0.75699836
,3296,3,2,1.0
,3297,0,0,0.75735116
,3297,1,2,1.0
,3297,2,0,0.7350514
,3297,3,0,0.7823838
,3298,0,1,0.5209749
,3298,1,1,0.95644975
,3298,2,3,1.0
,3298,3,1,0.5203106
,3299,0,0,0.75305843
,3299,1,2,1.0
,3299,2,0,0.8206809
,3299,3,0,0.7530659
,3300,0,0,0.7574001
,3300,1,0,0.7592714
,3300,2,2,1.0
,3300,3,0,0.7573816
,3301,0,1,0.51088876
,3301,1,3,1.0
,3301,2,1,0.88772637
,3301,3,1,0.5118515
,3302,0,0,0.7516262
,3302,1,0,0.8531623
,3302,2,2,1.0
,3302,3,0,0.6893061
,3303,0,1,0.5250899
,3303,1,1,0.52333564
,3303,2,1,0.9939935
,3303,3,2,1.0
,3304,0,0,0.7528709
,3304,1,0,0.69084185
,3304,2,2,1.0
,3304,3,0,0.7813039
,3305,0,1,0.5229468
,3305,1,2,1.0
,3305,2,1,0.98356223
,3305,3,1,0.52219063
,3306,0,0,0.7538101
,3306,1,0,0.6832001
,3306,2,2,1.0
,3306,3,0,0.7538188
,3307,0,0,0.753913
,3307,1,3,1.0
,3307,2,0,0.7345572
,3307,3,0,0.75391304
,3308,0,0,0.7572641
,3308,1,0,0.8206684
,3308,2,2,1.0
,3308,3,0,0.75726414
,3309,0,0,0.758296
,3309,1,2,1.0
,3309,2,0,0.73888427
,3309,3,0,0.758296
,3310,0,0,0.75742275
,3310,1,0,0.7259386
,3310,2,2,1.0
,3310,3,0,0.75742275
,3311,0,0,0.5024964
,3311,1,2,1.0
,3311,2,1,0.8825958
,3311,3,0,0.5024958
,3312,0,0,0.7536244
,3312,1,0,0.72506267
,3312,2,2,1.0
,3312,3,0,0.7535869
,3313,0,0,0.5004027
,3313,1,2,1.0
,3313,2,1,0.8898577
,3313,3,1,0.5015529
,3314,0,1,0.52808535
,3314,1,1,0.94439214
,3314,2,2,1.0
,3314,3,1,0.6017882
,3315,0,1,0.5707418
,3315,1,1,0.5217719
,3315,2,1,0.85711664
,3315,3,2,1.0
,3316,0,2,1.0
,3316,1,0,0.69232357
,3316,2,0,0.74842775
,3316,3,0,0.7817733
,3317,0,1,0.85523146
,3317,1,2,1.0
,3317,2,1,0.55967873
,3317,3,0,0.5020781
,3318,0,0,0.75064045
,3318,1,0,0.7382134
,3318,2,2,1.0
,3318,3,0,0.75470734
,3319,0,0,0.75820374
,3319,1,2,1.0
,3319,2,0,0.73886734
,3319,3,0,0.75823635
,3320,0,0,0.7582874
,3320,1,0,0.73883486
,3320,2,2,1.0
,3320,3,0,0.7570977
,3321,0,0,0.75788575
,3321,1,2,1.0
,3321,2,0,0.78178257
,3321,3,0,0.6530455
,3322,0,0,0.75280654
,3322,1,0,0.77901
,3322,2,0,0.6483883
,3322,3,3,1.0
,3323,0,0,0.7033956
,3323,1,0,0.7521444
,3323,2,3,1.0
,3323,3,0,0.853947
,3324,0,2,1.0
,3324,1,0,0.75666714
,3324,2,0,0.82066685
,3324,3,0,0.7583695
,3325,0,0,0.78323835
,3325,1,0,0.71065664
,3325,2,2,1.0
,3325,3,0,0.7582725
,3326,0,0,0.7585556
,3326,1,2,1.0
,3326,2,0,0.7388478
,3326,3,0,0.7577327
,3327,0,0,0.758257
,3327,1,0,0.7832178
,3327,2,2,1.0
,3327,3,0,0.7106437
,3328,0,0,0.7582745
,3328,1,0,0.75855744
,3328,2,0,0.73885256
,3328,3,2,1.0
,3329,0,0,0.75829154
,3329,1,0,0.7582869
,3329,2,2,1.0
,3329,3,0,0.7388688
,3330,0,0,0.7582806
,3330,1,0,0.75759363
,3330,2,0,0.7388538
,3330,3,2,1.0
,3331,0,0,0.7573184
,3331,1,0,0.6967624
,3331,2,2,1.0
,3331,3,0,0.7810231
,3332,0,1,0.50048107
,3332,1,2,1.0
,3332,2,1,0.8561827
,3332,3,1,0.5758805
,3333,0,1,0.5098315
,3333,1,1,0.89095116
,3333,2,1,0.5210123
,3333,3,2,1.0
,3334,0,1,0.5114348
,3334,1,2,1.0
,3334,2,1,0.5874167
,3334,3,1,0.8580052
,3335,0,1,0.5085426
,3335,1,1,0.8841657
,3335,2,2,1.0
,3335,3,1,0.51845664
,3336,0,0,0.7534567
,3336,1,2,1.0
,3336,2,0,0.78164893
,3336,3,0,0.6922494
,3337,0,0,0.5023008
,3337,1,1,0.88263285
,3337,2,0,0.5022881
,3337,3,2,1.0
,3338,0,0,0.7544999
,3338,1,2,1.0
,3338,2,0,0.7064457
,3338,3,0,0.78249454
,3339,0,0,0.7573587
,3339,1,0,0.7259173
,3339,2,2,1.0
,3339,3,0,0.7576769
,3340,0,0,0.5025083
,3340,1,2,1.0
,3340,2,1,0.8825897
,3340,3,0,0.5025165
,3341,0,0,0.75456095
,3341,1,0,0.7380673
,3341,2,2,1.0
,3341,3,0,0.75456107
,3342,0,0,0.7582475
,3342,1,2,1.0
,3342,2,0,0.73886716
,3342,3,0,0.7582475
,3343,0,0,0.7582832
,3343,1,0,0.7388609
,3343,2,2,1.0
,3343,3,0,0.7582832
,3344,0,0,0.75738865
,3344,1,2,1.0
,3344,2,0,0.7259159
,3344,3,0,0.75738865
,3345,0,0,0.5006014
,3345,1,1,0.88992345
,3345,2,2,1.0
,3345,3,0,0.5006014
,3346,0,1,0.5301528
,3346,1,2,1.0
,3346,2,1,0.9836391
,3346,3,1,0.53015274
,3347,0,0,0.7540897
,3347,1,0,0.73797756
,3347,2,2,1.0
,3347,3,0,0.7540959
,3348,0,0,0.75769985
,3348,1,2,1.0
,3348,2,0,0.7388621
,3348,3,0,0.75823975
,3349,0,0,0.7106341
,3349,1,0,0.7831924
,3349,2,2,1.0
,3349,3,0,0.75824255
,3350,0,2,1.0
,3350,1,0,0.7559574
,3350,2,0,0.72500753
,3350,3,0,0.75714236
,3351,0,1,0.9442258
,3351,1,1,0.5939215
,3351,2,2,1.0
,3351,3,1,0.5183592
,3352,0,1,0.5812648
,3352,1,2,1.0
,3352,2,1,0.8570866
,3352,3,1,0.5097294
,3353,0,2,1.0
,3353,1,0,0.73819244
,3353,2,0,0.75004864
,3353,3,0,0.75455415
,3354,0,0,0.7832165
,3354,1,2,1.0
,3354,2,0,0.7105445
,3354,3,0,0.7582102
,3355,0,0,0.7585575
,3355,1,0,0.7388525
,3355,2,2,1.0
,3355,3,0,0.75827396
,3356,0,0,0.7582949
,3356,1,2,1.0
,3356,2,0,0.73886913
,3356,3,0,0.75829154
,3357,0,0,0.75829196
,3357,1,0,0.73886895
,3357,2,2,1.0
,3357,3,0,0.7582858
,3358,0,0,0.75828964
,3358,1,2,1.0
,3358,2,0,0.7388642
,3358,3,0,0.7577498
,3359,0,0,0.75825226
,3359,1,0,0.7827158
,3359,2,2,1.0
,3359,3,0,0.71063864
,3360,0,0,0.7582345
,3360,1,0,0.710907
,3360,2,0,0.7820954
,3360,3,2,1.0
,3361,0,0,0.7578741
,3361,1,2,1.0
,3361,2,0,0.6530714
,3361,3,0,0.7828924
,3362,0,0,0.7541234
,3362,1,0,0.73471713
,3362,2,3,1.0
,3362,3,0,0.7544142
,3363,0,0,0.7572669
,3363,1,2,1.0
,3363,2,0,0.8206684
,3363,3,0,0.7572704
,3364,0,0,0.7582793
,3364,1,0,0.7388835
,3364,2,2,1.0
,3364,3,0,0.75829566
,3365,0,0,0.7559275
,3365,1,2,1.0
,3365,2,0,0.7258446
,3365,3,0,0.7573705
,3366,0,1,0.57641685
,3366,1,1,0.8561202
,3366,2,2,1.0
,3366,3,1,0.50037503
,3367,0,2,1.0
,3367,1,1,0.5183411
,3367,2,1,0.8841406
,3367,3,1,0.50819016
,3368,0,0,0.7816623
,3368,1,0,0.6922521
,3368,2,2,1.0
,3368,3,0,0.75346124
,3369,0,0,0.5030371
,3369,1,2,1.0
,3369,2,1,0.8826242
,3369,3,0,0.5023191
,3370,0,0,0.75401866
,3370,1,0,0.7380618
,3370,2,2,1.0
,3370,3,0,0.7545558
,3371,0,0,0.71059424
,3371,1,2,1.0
,3371,2,0,0.78321594
,3371,3,0,0.7582095
,3372,0,2,1.0
,3372,1,0,0.7388443
,3372,2,0,0.7585494
,3372,3,0,0.75826603
,3373,0,0,0.72593766
,3373,1,2,1.0
,3373,2,0,0.7574116
,3373,3,0,0.7574222
,3374,0,2,1.0
,3374,1,1,0.8825985
,3374,2,0,0.50175244
,3374,3,0,0.5024917
,3375,0,0,0.7824825
,3375,1,2,1.0
,3375,2,0,0.70643866
,3375,3,0,0.7545022
,3376,0,0,0.756504
,3376,1,0,0.7258647
,3376,2,2,1.0
,3376,3,0,0.7573399
,3377,0,1,0.55940205
,3377,1,2,1.0
,3377,2,1,0.8555609
,3377,3,0,0.5015259
,3378,0,2,1.0
,3378,1,0,0.7821242
,3378,2,0,0.7020521
,3378,3,0,0.75463825
,3379,0,0,0.7831975
,3379,1,0,0.71092415
,3379,2,2,1.0
,3379,3,0,0.75764906
,3380,0,0,0.75851756
,3380,1,2,1.0
,3380,2,0,0.78270143
,3380,3,0,0.71061856
,3381,0,0,0.75823206
,3381,1,0,0.7827017
,3381,2,0,0.7109373
,3381,3,2,1.0
,3382,0,0,0.7576948
,3382,1,0,0.7109369
,3382,2,2,1.0
,3382,3,0,0.78320175
,3383,0,0,0.71061915
,3383,1,2,1.0
,3383,2,0,0.78270143
,3383,3,0,0.75851774
,3384,0,2,1.0
,3384,1,0,0.78270173
,3384,2,0,0.7109373
,3384,3,0,0.7582381
,3385,0,0,0.78270185
,3385,1,0,0.7109373
,3385,2,2,1.0
,3385,3,0,0.75823504
,3386,0,0,0.7109271
,3386,1,2,1.0
,3386,2,0,0.7825583
,3386,3,0,0.75822663
,3387,0,2,1.0
,3387,1,0,0.7823938
,3387,2,0,0.6971686
,3387,3,0,0.75735337
,3388,0,1,0.8826143
,3388,1,0,0.5030895
,3388,2,2,1.0
,3388,3,0,0.50244457
,3389,0,2,1.0
,3389,1,0,0.7545674
,3389,2,0,0.73806715
,3389,3,0,0.75456
,3390,0,0,0.7388669
,3390,1,0,0.75824755
,3390,2,2,1.0
,3390,3,0,0.7582414
,3391,0,2,1.0
,3391,1,0,0.758283
,3391,2,0,0.738864
,3391,3,0,0.7577493
,3392,0,0,0.78320855
,3392,1,0,0.75771165
,3392,2,2,1.0
,3392,3,0,0.7106383
,3393,0,0,0.7578224
,3393,1,0,0.71060824
,3393,2,0,0.78319293
,3393,3,2,1.0
,3394,0,0,0.69681853
,3394,1,2,1.0
,3394,2,0,0.7576019
,3394,3,0,0.782362
,3395,0,2,1.0
,3395,1,1,0.88984567
,3395,2,0,0.5005198
,3395,3,0,0.5011996
,3396,0,1,0.9583601
,3396,1,2,1.0
,3396,2,1,0.5276775
,3396,3,1,0.5260888
,3397,0,2,1.0
,3397,1,1,0.85746026
,3397,2,1,0.57105833
,3397,3,1,0.5103437
,3398,0,0,0.78184694
,3398,1,0,0.7241811
,3398,2,2,1.0
,3398,3,0,0.75368273
,3399,0,1,0.5106924
,3399,1,3,1.0
,3399,2,1,0.88761437
,3399,3,1,0.5106858
,3400,0,0,0.70464677
,3400,1,0,0.8538999
,3400,2,2,1.0
,3400,3,0,0.7528898
,3401,0,2,1.0
,3401,1,0,0.75823754
,3401,2,0,0.7250329
,3401,3,0,0.7571067
,3402,0,1,0.95516753
,3402,1,1,0.5175596
,3402,2,2,1.0
,3402,3,1,0.5166365
,3403,0,2,1.0
,3403,1,0,0.69095725
,3403,2,0,0.7813329
,3403,3,0,0.75300187
,3404,0,1,0.9835601
,3404,1,2,1.0
,3404,2,1,0.5221942
,3404,3,1,0.5229476
,3405,0,2,1.0
,3405,1,0,0.7379561
,3405,2,0,0.7541886
,3405,3,0,0.75418
,3406,0,0,0.6842609
,3406,1,2,1.0
,3406,2,0,0.75794286
,3406,3,0,0.75794303
,3407,0,3,1.0
,3407,1,0,0.7345558
,3407,2,0,0.7539477
,3407,3,0,0.7539616
,3408,0,0,0.77866954
,3408,1,2,1.0
,3408,2,0,0.75606924
,3408,3,0,0.7572831
,3409,0,3,1.0
,3409,1,0,0.7785488
,3409,2,0,0.6473655
,3409,3,0,0.752265
,3410,0,0,0.8539468
,3410,1,0,0.7521391
,3410,2,3,1.0
,3410,3,0,0.70339054
,3411,0,0,0.75834745
,3411,1,0,0.75651056
,3411,2,0,0.8206602
,3411,3,2,1.0
,3412,0,0,0.7562223
,3412,1,0,0.69682014
,3412,2,2,1.0
,3412,3,0,0.7824125
,3413,0,1,0.5594581
,3413,1,2,1.0
,3413,2,1,0.8552246
,3413,3,0,0.50211823
,3414,0,2,1.0
,3414,1,0,0.7382082
,3414,2,0,0.75008655
,3414,3,0,0.75470525
,3415,0,0,0.78321666
,3415,1,2,1.0
,3415,2,0,0.7105418
,3415,3,0,0.758212
,3416,0,0,0.7584979
,3416,1,0,0.78318346
,3416,2,2,1.0
,3416,3,0,0.7582143
,3417,0,0,0.63645643
,3417,1,0,0.63691145
,3417,2,3,1.0
,3417,3,0,0.63645124
,3418,0,0,1.0
,3418,1,2,0.525171
,3418,2,0,1.0
,3418,3,0,1.0
,3419,0,0,0.55498517
,3419,1,1,0.5801632
,3419,2,2,1.0
,3419,3,0,0.55498517
,3420,0,0,0.5162076
,3420,1,3,1.0
,3420,2,1,0.7495158
,3420,3,0,0.51620764
,3421,0,0,0.75284487
,3421,1,0,0.8108439
,3421,2,2,1.0
,3421,3,0,0.75284487
,3422,0,0,0.50065523
,3422,1,2,1.0
,3422,2,1,0.88977474
,3422,3,0,0.5006548
,3423,0,1,0.52485996
,3423,1,1,0.95558643
,3423,2,2,1.0
,3423,3,1,0.5248782
,3424,0,0,0.7533105
,3424,1,2,1.0
,3424,2,0,0.7585501
,3424,3,0,0.7521242
,3425,0,1,0.5115026
,3425,1,1,0.861071
,3425,2,3,1.0
,3425,3,1,0.5723098
,3426,0,0,0.7534354
,3426,1,0,0.7488606
,3426,2,0,0.7784518
,3426,3,2,1.0
,3427,0,0,0.75349987
,3427,1,0,0.70519674
,3427,2,3,1.0
,3427,3,0,0.77915967
,3428,0,0,0.75640327
,3428,1,2,1.0
,3428,2,0,0.81083393
,3428,3,0,0.7566967
,3429,0,0,0.50093997
,3429,1,1,0.8894307
,3429,2,2,1.0
,3429,3,0,0.50094754
,3430,0,1,0.51006305
,3430,1,2,1.0
,3430,2,1,0.8910262
,3430,3,1,0.5100622
,3431,0,1,0.51060635
,3431,1,1,0.89138305
,3431,2,2,1.0
,3431,3,1,0.51058143
,3432,0,1,0.5261183
,3432,1,2,1.0
,3432,2,1,0.95559794
,3432,3,1,0.5251786
,3433,0,0,0.6918974
,3433,1,0,0.77935225
,3433,2,2,1.0
,3433,3,0,0.753144
,3434,0,2,1.0
,3434,1,1,0.62474376
,3434,2,1,0.8561951
,3434,3,1,0.50074553
,3435,0,0,0.6806779
,3435,1,3,1.0
,3435,2,0,0.7462363
,3435,3,0,0.75095135
,3436,0,3,1.0
,3436,1,0,0.8539473
,3436,2,0,0.70307946
,3436,3,0,0.75161517
,3437,0,0,0.81275064
,3437,1,0,0.758116
,3437,2,2,1.0
,3437,3,0,0.7569482
,3438,0,2,1.0
,3438,1,0,0.55621284
,3438,2,1,0.74549264
,3438,3,0,0.5562075
,3439,0,0,0.72516316
,3439,1,0,0.7529334
,3439,2,2,1.0
,3439,3,0,0.7543902
,3440,0,2,1.0
,3440,1,1,0.5767216
,3440,2,1,0.85775
,3440,3,1,0.5005744
,3441,0,1,0.8578032
,3441,1,2,1.0
,3441,2,1,0.64363664
,3441,3,1,0.510853
,3442,0,0,0.74668586
,3442,1,0,0.7351102
,3442,2,3,1.0
,3442,3,0,0.75142866
,3443,0,0,0.69435704
,3443,1,2,1.0
,3443,2,0,0.85323745
,3443,3,0,0.7558201
,3444,0,2,1.0
,3444,1,1,0.9551655
,3444,2,1,0.5141083
,3444,3,1,0.51668024
,3445,0,0,0.76086026
,3445,1,2,1.0
,3445,2,0,0.75336385
,3445,3,0,0.7533344
,3446,0,3,0.9999343
,3446,1,1,0.9564725
,3446,2,1,0.52116007
,3446,3,1,0.5211608
,3447,0,0,0.8206732
,3447,1,2,1.0
,3447,2,0,0.75306684
,3447,3,0,0.753067
,3448,0,2,1.0
,3448,1,0,0.7388926
,3448,2,0,0.75823003
,3448,3,0,0.75824344
,3449,0,0,0.759368
,3449,1,2,1.0
,3449,2,0,0.7562524
,3449,3,0,0.757426
,3450,0,3,1.0
,3450,1,1,0.8614221
,3450,2,1,0.57223046
,3450,3,1,0.51139337
,3451,0,0,0.853538
,3451,1,0,0.7003448
,3451,2,2,1.0
,3451,3,0,0.7530697
,3452,0,0,0.71182835
,3452,1,2,1.0
,3452,2,0,0.78319275
,3452,3,0,0.75816596
,3453,0,2,1.0
,3453,1,0,0.7388312
,3453,2,0,0.7585535
,3453,3,0,0.75827616
,3454,0,0,0.6842871
,3454,1,2,1.0
,3454,2,0,0.75743794
,3454,3,0,0.7579896
,3455,0,3,1.0
,3455,1,0,0.77944654
,3455,2,0,0.7056717
,3455,3,0,0.75388473
,3456,0,0,0.8308868
,3456,1,0,0.7568228
,3456,2,2,1.0
,3456,3,0,0.7565306
,3457,0,3,1.0
,3457,1,0,0.51808184
,3457,2,1,0.74987054
,3457,3,0,0.51807445
,3458,0,0,0.7784305
,3458,1,0,0.7537404
,3458,2,2,1.0
,3458,3,0,0.75374025
,3459,0,3,1.0
,3459,1,0,0.7535763
,3459,2,0,0.73423225
,3459,3,0,0.7535763
,3460,0,0,0.8108533
,3460,1,0,0.75645417
,3460,2,2,1.0
,3460,3,0,0.75645417
,3461,0,2,1.0
,3461,1,0,0.5026041
,3461,2,1,0.88253605
,3461,3,0,0.5026041
,3462,0,0,0.7584962
,3462,1,0,0.75370765
,3462,2,2,1.0
,3462,3,0,0.753708
,3463,0,3,1.0
,3463,1,1,0.5109913
,3463,2,1,0.8877081
,3463,3,1,0.5109734
,3464,0,0,0.81082785
,3464,1,0,0.751224
,3464,2,2,1.0
,3464,3,0,0.7523807
,3465,0,2,1.0
,3465,1,1,0.5594352
,3465,2,1,0.8551526
,3465,3,0,0.50076145
,3466,0,0,0.7826298
,3466,1,2,1.0
,3466,2,0,0.7500372
,3466,3,0,0.70660114
,3467,0,0,0.75850976
,3467,1,0,0.78320026
,3467,2,0,0.7105232
,3467,3,2,1.0
,3468,0,0,0.75827724
,3468,1,0,0.75855106
,3468,2,2,1.0
,3468,3,0,0.73885214
,3469,0,0,0.75828934
,3469,1,0,0.7577528
,3469,2,0,0.7388642
,3469,3,2,1.0
,3470,0,0,0.758254
,3470,1,0,0.71064377
,3470,2,2,1.0
,3470,3,0,0.7832122
,3471,0,0,0.7582722
,3471,1,2,1.0
,3471,2,0,0.7388476
,3471,3,0,0.7580159
,3472,0,0,0.75825375
,3472,1,0,0.78321207
,3472,2,2,1.0
,3472,3,0,0.710647
,3473,0,0,0.75827223
,3473,1,0,0.7580159
,3473,2,0,0.7388476
,3473,3,2,1.0
,3474,0,0,0.75825346
,3474,1,0,0.71064717
,3474,2,2,1.0
,3474,3,0,0.78321767
,3475,0,0,0.7582496
,3475,1,2,1.0
,3475,2,0,0.7388434
,3475,3,0,0.7585491
,3476,0,0,0.75590867
,3476,1,0,0.72584444
,3476,2,2,1.0
,3476,3,0,0.75736725
,3477,0,1,0.5773729
,3477,1,2,1.0
,3477,2,1,0.85723907
,3477,3,1,0.50068134
,3478,0,2,1.0
,3478,1,1,0.9443432
,3478,2,1,0.61067724
,3478,3,1,0.5264155
,3479,0,1,0.88423896
,3479,1,1,0.5199579
,3479,2,2,1.0
,3479,3,1,0.5091311
,3480,0,2,1.0
,3480,1,0,0.7533618
,3480,2,0,0.725058
,3480,3,0,0.75348556
,3481,0,1,0.8898281
,3481,1,0,0.50049263
,3481,2,2,1.0
,3481,3,0,0.5004958
,3482,0,2,1.0
,3482,1,1,0.5263297
,3482,2,1,0.9584926
,3482,3,1,0.52632964
,3483,0,1,0.9556188
,3483,1,1,0.5256686
,3483,2,2,1.0
,3483,3,1,0.52566856
,3484,0,2,1.0
,3484,1,0,0.7541584
,3484,2,0,0.73799115
,3484,3,0,0.75415826
,3485,0,0,0.72506154
,3485,1,0,0.75714916
,3485,2,2,1.0
,3485,3,0,0.75714916
,3486,0,2,1.0
,3486,1,1,0.5166269
,3486,2,1,0.9551613
,3486,3,1,0.51662666
,3487,0,0,0.7584363
,3487,1,0,0.7534054
,3487,2,2,1.0
,3487,3,0,0.75341994
,3488,0,3,1.0
,3488,1,1,0.51172227
,3488,2,1,0.8877204
,3488,3,1,0.51097727
,3489,0,0,0.8535394
,3489,1,0,0.7046388
,3489,2,2,1.0
,3489,3,0,0.7528967
,3490,0,0,0.7118134
,3490,1,2,1.0
,3490,2,0,0.78254735
,3490,3,0,0.75815403
,3491,0,2,1.0
,3491,1,0,0.78100896
,3491,2,0,0.69706905
,3491,3,0,0.75730044
,3492,0,1,0.8565751
,3492,1,1,0.57586974
,3492,2,2,1.0
,3492,3,1,0.5004811
,3493,0,1,0.5516232
,3493,1,2,1.0
,3493,2,1,0.8573419
,3493,3,1,0.50971574
,3494,0,3,1.0
,3494,1,1,0.9114038
,3494,2,1,0.5277069
,3494,3,1,0.5178381
,3495,0,0,0.8534532
,3495,1,3,1.0
,3495,2,0,0.7013833
,3495,3,0,0.7501728
,3496,0,0,0.6957258
,3496,1,0,0.8532282
,3496,2,2,1.0
,3496,3,0,0.7557747
,3497,0,2,1.0
,3497,1,1,0.5148351
,3497,2,1,0.955169
,3497,3,1,0.5166694
,3498,0,0,0.7824429
,3498,1,0,0.70615834
,3498,2,2,1.0
,3498,3,0,0.7542221
,3499,0,0,0.7585365
,3499,1,2,1.0
,3499,2,0,0.7388404
,3499,3,0,0.7582162
,3500,0,0,0.75739187
,3500,1,0,0.7259121
,3500,2,2,1.0
,3500,3,0,0.75735784
,3501,0,0,0.5006097
,3501,1,2,1.0
,3501,2,1,0.88983965
,3501,3,1,0.5009932
,3502,0,1,0.5251775
,3502,1,1,0.94441265
,3502,2,2,1.0
,3502,3,1,0.5856043
,3503,0,0,0.75328296
,3503,1,0,0.641899
,3503,2,0,0.78220654
,3503,3,2,1.0
,3504,0,0,0.70585334
,3504,1,3,1.0
,3504,2,0,0.75436646
,3504,3,0,0.77962655
,3505,0,2,1.0
,3505,1,0,0.82065964
,3505,2,0,0.756548
,3505,3,0,0.7575257
,3506,0,0,0.78018075
,3506,1,2,1.0
,3506,2,0,0.696705
,3506,3,0,0.7573338
,3507,0,1,0.6249121
,3507,1,1,0.8565569
,3507,2,2,1.0
,3507,3,1,0.5006267
,3508,0,3,1.0
,3508,1,0,0.69828916
,3508,2,0,0.7794015
,3508,3,0,0.751421
,3509,0,0,0.8539004
,3509,1,2,1.0
,3509,2,0,0.7094985
,3509,3,0,0.7569306
,3510,0,0,0.7590438
,3510,1,0,0.68423784
,3510,2,2,1.0
,3510,3,0,0.75795025
,3511,0,0,0.75326014
,3511,1,3,1.0
,3511,2,0,0.7345208
,3511,3,0,0.7539473
,3512,0,0,0.69531703
,3512,1,0,0.8525983
,3512,2,2,1.0
,3512,3,0,0.75605553
,3513,0,2,1.0
,3513,1,1,0.55700094
,3513,2,1,0.8552179
,3513,3,0,0.50145316
,3514,0,0,0.73820925
,3514,1,2,1.0
,3514,2,0,0.7500878
,3514,3,0,0.7546989
,3515,0,2,1.0
,3515,1,0,0.7832166
,3515,2,0,0.710545
,3515,3,0,0.7582118
,3516,0,0,0.7388525
,3516,1,0,0.75855744
,3516,2,2,1.0
,3516,3,0,0.7582739
,3517,0,2,1.0
,3517,1,0,0.7582867
,3517,2,0,0.73886085
,3517,3,0,0.75828373
,3518,0,0,0.7259372
,3518,1,0,0.75740445
,3518,2,2,1.0
,3518,3,0,0.7574222
,3519,0,2,1.0
,3519,1,0,0.5015326
,3519,2,1,0.8826076
,3519,3,0,0.5024721
,3520,0,0,0.78164726
,3520,1,0,0.6925195
,3520,2,2,1.0
,3520,3,0,0.75356716
,3521,0,0,0.50182354
,3521,1,2,1.0
,3521,2,1,0.87129146
,3521,3,0,0.50110024
,3522,0,1,0.5149833
,3522,1,1,0.88674957
,3522,2,3,1.0
,3522,3,1,0.5150022
,3523,0,0,0.75323033
,3523,1,2,1.0
,3523,2,0,0.77843195
,3523,3,0,0.7532301
,3524,0,0,0.75357854
,3524,1,0,0.73423606
,3524,2,3,1.0
,3524,3,0,0.75357854
,3525,0,0,0.75725716
,3525,1,2,1.0
,3525,2,0,0.82066375
,3525,3,0,0.75725716
,3526,0,0,0.7579823
,3526,1,0,0.72840047
,3526,2,2,1.0
,3526,3,0,0.7579823
,3527,0,0,0.55505604
,3527,1,2,1.0
,3527,2,1,0.7928481
,3527,3,0,0.55505604
,3528,0,0,0.75278795
,3528,1,0,0.73570573
,3528,2,3,1.0
,3528,3,0,0.75278795
,3529,0,0,0.7572477
,3529,1,2,1.0
,3529,2,0,0.82066256
,3529,3,0,0.7572479
,3530,0,0,0.7574178
,3530,1,0,0.72596204
,3530,2,2,1.0
,3530,3,0,0.757435
,3531,0,0,0.5015753
,3531,1,2,1.0
,3531,2,1,0.8826057
,3531,3,0,0.50248283
,3532,0,0,0.6951762
,3532,1,0,0.7821727
,3532,2,2,1.0
,3532,3,0,0.7541579
,3533,0,2,1.0
,3533,1,0,0.5552364
,3533,2,1,0.7455691
,3533,3,0,0.55550325
,3534,0,0,0.78181744
,3534,1,0,0.69342554
,3534,2,2,1.0
,3534,3,0,0.7543713
,3535,0,0,0.5030413
,3535,1,2,1.0
,3535,2,1,0.88262796
,3535,3,0,0.50233436
,3536,0,0,0.753637
,3536,1,0,0.725063
,3536,2,2,1.0
,3536,3,0,0.75362897
,3537,0,0,0.5007408
,3537,1,2,1.0
,3537,2,1,0.8894833
,3537,3,0,0.50074065
,3538,0,1,0.50931114
,3538,1,1,0.8899512
,3538,2,2,1.0
,3538,3,1,0.5093112
,3539,0,0,0.5379487
,3539,1,2,1.0
,3539,2,1,0.74684525
,3539,3,0,0.53794867
,3540,0,0,0.7542137
,3540,1,0,0.7252377
,3540,2,2,1.0
,3540,3,0,0.7542137
,3541,0,0,0.50240815
,3541,1,2,1.0
,3541,2,1,0.8826
,3541,3,0,0.50240856
,3542,0,0,0.75419587
,3542,1,0,0.727572
,3542,2,2,1.0
,3542,3,0,0.75422436
,3543,0,0,0.55403674
,3543,1,2,1.0
,3543,2,1,0.7455719
,3543,3,0,0.55564904
,3544,0,0,0.6489967
,3544,1,0,0.78228134
,3544,2,2,1.0
,3544,3,0,0.7548578
,3545,0,3,1.0
,3545,1,0,0.7541214
,3545,2,0,0.7347175
,3545,3,0,0.7540915
,3546,0,0,0.8532762
,3546,1,0,0.73106927
,3546,2,2,1.0
,3546,3,0,0.7561806
,3547,0,1,0.50884277
,3547,1,3,1.0
,3547,2,1,0.88762265
,3547,3,1,0.51064205
,3548,0,0,0.70465523
,3548,1,0,0.8539048
,3548,2,2,1.0
,3548,3,0,0.75290287
,3549,0,2,1.0
,3549,1,0,0.75849175
,3549,2,0,0.68425256
,3549,3,0,0.7578975
,3550,0,0,0.7794528
,3550,1,0,0.70569485
,3550,2,3,1.0
,3550,3,0,0.7538906
,3551,0,0,0.757563
,3551,1,2,1.0
,3551,2,0,0.7784197
,3551,3,0,0.75727147
,3552,0,0,0.75363296
,3552,1,0,0.73423994
,3552,2,3,1.0
,3552,3,0,0.7536297
,3553,0,0,0.7572599
,3553,1,2,1.0
,3553,2,0,0.8206684
,3553,3,0,0.7572599
,3554,0,0,0.7583039
,3554,1,0,0.73889244
,3554,2,2,1.0
,3554,3,0,0.7583039
,3555,0,0,0.75829196
,3555,1,2,1.0
,3555,2,0,0.73886913
,3555,3,0,0.7582921
,3556,0,0,0.75828403
,3556,1,0,0.73886883
,3556,2,2,1.0
,3556,3,0,0.7582918
,3557,0,0,0.7575946
,3557,1,2,1.0
,3557,2,0,0.7388545
,3557,3,0,0.75828093
,3558,0,0,0.6968618
,3558,1,0,0.7824011
,3558,2,2,1.0
,3558,3,0,0.75737023
,3559,0,2,1.0
,3559,1,0,0.50267977
,3559,2,1,0.8826158
,3559,3,0,0.5024236
,3560,0,0,0.7817449
,3560,1,0,0.7284184
,3560,2,2,1.0
,3560,3,0,0.75369257
,3561,0,1,0.5099764
,3561,1,3,1.0
,3561,2,1,0.8876104
,3561,3,1,0.51071155
,3562,0,0,0.752418
,3562,1,0,0.8108348
,3562,2,2,1.0
,3562,3,0,0.7524096
,3563,0,0,0.5017253
,3563,1,2,1.0
,3563,2,1,0.9077833
,3563,3,0,0.5017251
,3564,0,0,0.7524155
,3564,1,0,0.73593926
,3564,2,3,1.0
,3564,3,0,0.75241566
,3565,0,0,0.7572699
,3565,1,2,1.0
,3565,2,0,0.77861565
,3565,3,0,0.75728434
,3566,0,0,0.7517755
,3566,1,0,0.6799911
,3566,2,3,1.0
,3566,3,0,0.7530234
,3567,0,0,0.6448516
,3567,1,3,1.0
,3567,2,0,0.8536043
,3567,3,0,0.75078183
,3568,0,3,1.0
,3568,1,0,0.85357845
,3568,2,0,0.70470196
,3568,3,0,0.75182
,3569,0,0,0.85389835
,3569,1,0,0.7104595
,3569,2,2,1.0
,3569,3,0,0.75692326
,3570,0,0,0.7593536
,3570,1,2,1.0
,3570,2,0,0.73882383
,3570,3,0,0.7582542
,3571,0,0,0.7579977
,3571,1,0,0.6842655
,3571,2,2,1.0
,3571,3,0,0.75799155
,3572,0,0,0.7534079
,3572,1,3,1.0
,3572,2,0,0.7345339
,3572,3,0,0.753958
,3573,0,0,0.7092114
,3573,1,0,0.85353065
,3573,2,2,1.0
,3573,3,0,0.75697964
,3574,0,2,1.0
,3574,1,0,0.71182895
,3574,2,0,0.7826955
,3574,3,0,0.7582139
,3575,0,0,0.782096
,3575,1,2,1.0
,3575,2,0,0.710907
,3575,3,0,0.7582344
,3576,0,0,0.6530954
,3576,1,0,0.7823772
,3576,2,2,1.0
,3576,3,0,0.7578723
,3577,0,3,1.0
,3577,1,0,0.7061908
,3577,2,0,0.7795894
,3577,3,0,0.7540549
,3578,0,0,0.82066643
,3578,1,2,1.0
,3578,2,0,0.7569935
,3578,3,0,0.75722986
,3579,0,2,1.0
,3579,1,0,0.7832357
,3579,2,0,0.7106238
,3579,3,0,0.757072
,3580,0,0,0.7817645
,3580,1,0,0.7581575
,3580,2,2,1.0
,3580,3,0,0.65302026
,3581,0,0,0.64819103
,3581,1,0,0.7533795
,3581,2,0,0.7790112
,3581,3,3,1.0
,3582,0,3,1.0
,3582,1,0,0.75236255
,3582,2,0,0.75266963
,3582,3,0,0.8206725
,3583,0,0,0.8538622
,3583,1,0,0.7567181
,3583,2,0,0.7572505
,3583,3,2,1.0
,3584,0,0,0.76215696
,3584,1,0,0.71511596
,3584,2,0,0.7622583
,3584,3,2,1.0
,3585,0,0,0.65283656
,3585,1,2,1.0
,3585,2,0,0.75737745
,3585,3,0,0.78290296
,3586,0,3,1.0
,3586,1,0,0.77893466
,3586,2,0,0.705828
,3586,3,0,0.7543337
,3587,0,0,0.85175025
,3587,1,0,0.69551975
,3587,2,2,1.0
,3587,3,0,0.75600946
,3588,0,1,0.6231722
,3588,1,2,1.0
,3588,2,1,0.8565504
,3588,3,1,0.5006465
,3589,0,3,1.0
,3589,1,0,0.77924025
,3589,2,0,0.69827014
,3589,3,0,0.7514032
,3590,0,0,0.85243154
,3590,1,0,0.6947369
,3590,2,2,1.0
,3590,3,0,0.75578856
,3591,0,1,0.5751307
,3591,1,2,1.0
,3591,2,1,0.94377023
,3591,3,1,0.51707083
,3592,0,2,1.0
,3592,1,0,0.7815414
,3592,2,0,0.6858408
,3592,3,0,0.7520447
,3593,0,1,0.943918
,3593,1,1,0.5163728
,3593,2,2,1.0
,3593,3,1,0.57775563
,3594,0,0,0.64189416
,3594,1,0,0.753945
,3594,2,0,0.78221434
,3594,3,2,1.0
,3595,0,3,1.0
,3595,1,0,0.7534016
,3595,2,0,0.75442976
,3595,3,0,0.7347175
,3596,0,0,0.8525986
,3596,1,0,0.69531995
,3596,2,0,0.7560617
,3596,3,2,1.0
,3597,0,1,0.5569796
,3597,1,2,1.0
,3597,2,0,0.50145346
,3597,3,1,0.8552138
,3598,0,2,1.0
,3598,1,0,0.782841
,3598,2,0,0.7549008
,3598,3,0,0.75084627
,3599,0,2,1.0
,3599,1,0,0.7629716
,3599,2,0,0.7626804
,3599,3,0,0.7626356
,3600,0,2,1.0
,3600,1,0,0.6773232
,3600,2,0,0.67857116
,3600,3,0,0.6785704
,3601,0,2,1.0
,3601,1,0,0.5830707
,3601,2,0,0.65510184
,3601,3,0,0.6551018
,3602,0,1,0.8831465
,3602,1,2,1.0
,3602,2,1,0.501573
,3602,3,1,0.501573
,3603,0,2,1.0
,3603,1,0,0.7380645
,3603,2,0,0.7545116
,3603,3,0,0.7545115
,3604,0,0,0.7388671
,3604,1,2,1.0
,3604,2,0,0.758247
,3604,3,0,0.758247
,3605,0,2,1.0
,3605,1,0,0.7388478
,3605,2,0,0.7582937
,3605,3,0,0.75829357
,3606,0,0,0.68426377
,3606,1,2,1.0
,3606,2,0,0.75799185
,3606,3,0,0.7579919
,3607,0,3,1.0
,3607,1,0,0.734552
,3607,2,0,0.75393635
,3607,3,0,0.7539526
,3608,0,0,0.8107913
,3608,1,2,1.0
,3608,2,0,0.75500697
,3608,3,0,0.7564186
,3609,0,2,1.0
,3609,1,1,0.85645175
,3609,2,1,0.5737981
,3609,3,0,0.5003985
,3610,0,1,0.6981305
,3610,1,1,0.5337567
,3610,2,2,1.0
,3610,3,0,0.53595835
,3611,0,0,0.75044924
,3611,1,2,1.0
,3611,2,0,0.75882864
,3611,3,0,0.7543098
,3612,0,1,0.5723606
,3612,1,1,0.8610737
,3612,2,3,1.0
,3612,3,1,0.51149076
,3613,0,2,1.0
,3613,1,0,0.7483631
,3613,2,0,0.8361267
,3613,3,0,0.75238186
,3614,0,1,0.88785887
,3614,1,1,0.5115239
,3614,2,3,1.0
,3614,3,1,0.5114185
,3615,0,2,1.0
,3615,1,0,0.75216335
,3615,2,0,0.8101812
,3615,3,0,0.75216466
,3616,0,1,0.95045733
,3616,1,1,0.5179304
,3616,2,2,1.0
,3616,3,1,0.5179303
,3617,0,3,1.0
,3617,1,1,0.5151076
,3617,2,1,0.8866032
,3617,3,1,0.5151076
,3618,0,0,0.8206722
,3618,1,0,0.753195
,3618,2,2,1.0
,3618,3,0,0.753195
,3619,0,2,1.0
,3619,1,0,0.7573638
,3619,2,0,0.7259592
,3619,3,0,0.7573638
,3620,0,1,0.87125415
,3620,1,0,0.50128603
,3620,2,2,1.0
,3620,3,0,0.50128603
,3621,0,3,1.0
,3621,1,1,0.5150127
,3621,2,1,0.88675326
,3621,3,1,0.5150127
,3622,0,0,0.8361281
,3622,1,0,0.75217056
,3622,2,2,1.0
,3622,3,0,0.7521706
,3623,0,3,1.0
,3623,1,1,0.5114084
,3623,2,1,0.88785654
,3623,3,1,0.5114084
,3624,0,0,0.82067233
,3624,1,0,0.7532275
,3624,2,2,1.0
,3624,3,0,0.7532275
,3625,0,2,1.0
,3625,1,0,0.75736415
,3625,2,0,0.7259592
,3625,3,0,0.75736415
,3626,0,1,0.87125427
,3626,1,0,0.5012861
,3626,2,2,1.0
,3626,3,0,0.5012861
,3627,0,3,1.0
,3627,1,1,0.5150101
,3627,2,1,0.88675183
,3627,3,1,0.5150101
,3628,0,0,0.81086284
,3628,1,0,0.75237817
,3628,2,2,1.0
,3628,3,0,0.75237817
,3629,0,2,1.0
,3629,1,0,0.5024828
,3629,2,1,0.8825508
,3629,3,0,0.50248295
,3630,0,0,0.7250897
,3630,1,0,0.7536462
,3630,2,2,1.0
,3630,3,0,0.7536603
,3631,0,2,1.0
,3631,1,0,0.5016382
,3631,2,1,0.88260525
,3631,3,0,0.5023775
,3632,0,0,0.7825003
,3632,1,0,0.7064397
,3632,2,2,1.0
,3632,3,0,0.754507
,3633,0,0,0.75823295
,3633,1,2,1.0
,3633,2,0,0.7283982
,3633,3,0,0.7579152
,3634,0,0,0.5559213
,3634,1,1,0.74552083
,3634,2,2,1.0
,3634,3,0,0.55591387
,3635,0,0,0.75533646
,3635,1,2,1.0
,3635,2,0,0.73822904
,3635,3,0,0.75533646
,3636,0,0,0.75825065
,3636,1,0,0.73886734
,3636,2,2,1.0
,3636,3,0,0.7582568
,3637,0,0,0.75774944
,3637,1,2,1.0
,3637,2,0,0.73886436
,3637,3,0,0.7582893
,3638,0,0,0.7106437
,3638,1,0,0.7832122
,3638,2,2,1.0
,3638,3,0,0.758254
,3639,0,2,1.0
,3639,1,0,0.75801575
,3639,2,0,0.73884743
,3639,3,0,0.7582722
,3640,0,0,0.782572
,3640,1,0,0.7106315
,3640,2,2,1.0
,3640,3,0,0.7582433
,3641,0,0,0.6971139
,3641,1,2,1.0
,3641,2,0,0.7813072
,3641,3,0,0.75733566
,3642,0,2,1.0
,3642,1,1,0.8552199
,3642,2,1,0.5588204
,3642,3,0,0.50147295
,3643,0,0,0.73821384
,3643,1,0,0.75064105
,3643,2,2,1.0
,3643,3,0,0.754701
,3644,0,2,1.0
,3644,1,0,0.7581974
,3644,2,0,0.7388663
,3644,3,0,0.75824344
,3645,0,0,0.75204134
,3645,1,0,0.75770897
,3645,2,2,1.0
,3645,3,0,0.7577095
,3646,0,3,1.0
,3646,1,0,0.51925373
,3646,2,1,0.74974275
,3646,3,0,0.5192538
,3647,0,0,0.8101812
,3647,1,0,0.7526855
,3647,2,2,1.0
,3647,3,0,0.75268596
,3648,0,2,1.0
,3648,1,1,0.5167235
,3648,2,1,0.95515263
,3648,3,1,0.5167011
,3649,0,0,0.7249238
,3649,1,0,0.7518551
,3649,2,2,1.0
,3649,3,0,0.75331485
,3650,0,2,1.0
,3650,1,1,0.57658213
,3650,2,1,0.8561345
,3650,3,1,0.5005155
,3651,0,1,0.90901566
,3651,1,2,1.0
,3651,2,1,0.5187995
,3651,3,1,0.50883347
,3652,0,3,1.0
,3652,1,0,0.78066295
,3652,2,0,0.7036822
,3652,3,0,0.7522129
,3653,0,0,0.8308875
,3653,1,0,0.75684005
,3653,2,2,1.0
,3653,3,0,0.7565148
,3654,0,3,1.0
,3654,1,0,0.51806456
,3654,2,1,0.7498768
,3654,3,0,0.51805645
,3655,0,0,0.83612704
,3655,1,0,0.75268364
,3655,2,2,1.0
,3655,3,0,0.7526839
,3656,0,3,1.0
,3656,1,1,0.5114266
,3656,2,1,0.88786054
,3656,3,1,0.5114082
,3657,0,0,0.836219
,3657,1,0,0.7509971
,3657,2,2,1.0
,3657,3,0,0.7521876
,3658,0,3,1.0
,3658,1,1,0.57272226
,3658,2,1,0.86124265
,3658,3,1,0.51192576
,3659,0,0,0.8206786
,3659,1,2,1.0
,3659,2,0,0.74939173
,3659,3,0,0.75339514
,3660,0,2,1.0
,3660,1,0,0.75927204
,3660,2,0,0.75734097
,3660,3,0,0.7574048
,3661,0,1,0.88772696
,3661,1,3,1.0
,3661,2,1,0.5118329
,3661,3,1,0.51088375
,3662,0,2,1.0
,3662,1,0,0.85238945
,3662,2,0,0.6905395
,3662,3,0,0.75189704
,3663,0,1,0.8569329
,3663,1,1,0.57413393
,3663,2,2,1.0
,3663,3,1,0.50062454
,3664,0,1,0.5788215
,3664,1,2,1.0
,3664,2,1,0.856991
,3664,3,1,0.50904244
,3665,0,2,1.0
,3665,1,0,0.7251332
,3665,2,0,0.74816674
,3665,3,0,0.75361323
,3666,0,1,0.85611564
,3666,1,2,1.0
,3666,2,1,0.5766274
,3666,3,1,0.50050735
,3667,0,1,0.517385
,3667,1,1,0.8841324
,3667,2,2,1.0
,3667,3,1,0.5089146
,3668,0,0,0.75426555
,3668,1,2,1.0
,3668,2,0,0.7824736
,3668,3,0,0.70629466
,3669,0,0,0.75710624
,3669,1,0,0.72501856
,3669,2,0,0.75626415
,3669,3,2,1.0
,3670,0,1,0.51772964
,3670,1,2,1.0
,3670,2,1,0.5775792
,3670,3,1,0.9435608
,3671,0,0,0.7063206
,3671,1,0,0.7820947
,3671,2,2,1.0
,3671,3,0,0.7495408
,3672,0,2,1.0
,3672,1,0,0.7109309
,3672,2,0,0.783195
,3672,3,0,0.7581351
,3673,0,0,0.73884755
,3673,1,2,1.0
,3673,2,0,0.7580159
,3673,3,0,0.758271
,3674,0,2,1.0
,3674,1,0,0.78271604
,3674,2,0,0.7106421
,3674,3,0,0.7582517
,3675,0,0,0.78254807
,3675,1,0,0.7109269
,3675,2,2,1.0
,3675,3,0,0.75822365
,3676,0,0,0.6962029
,3676,1,2,1.0
,3676,2,0,0.78076833
,3676,3,0,0.75708455
,3677,0,2,1.0
,3677,1,1,0.9444016
,3677,2,1,0.59445536
,3677,3,1,0.51874816
,3678,0,1,0.97951573
,3678,1,1,0.61895883
,3678,2,2,1.0
,3678,3,1,0.5323858
,3679,0,1,0.6195912
,3679,1,2,1.0
,3679,2,1,0.9793482
,3679,3,1,0.5341943
,3680,0,2,1.0
,3680,1,1,0.94407576
,3680,2,1,0.5386188
,3680,3,1,0.5864331
,3681,0,0,0.78259015
,3681,1,0,0.7489751
,3681,2,0,0.70604664
,3681,3,2,1.0
,3682,0,0,0.75850296
,3682,1,0,0.71050936
,3682,2,2,1.0
,3682,3,0,0.7832
,3683,0,0,0.75773513
,3683,1,2,1.0
,3683,2,0,0.73884743
,3683,3,0,0.758555
,3684,0,0,0.71063864
,3684,1,0,0.78271604
,3684,2,2,1.0
,3684,3,0,0.75825506
,3685,0,2,1.0
,3685,1,0,0.7109374
,3685,2,0,0.7827017
,3685,3,0,0.7582351
,3686,0,0,0.7825578
,3686,1,2,1.0
,3686,2,0,0.7109268
,3686,3,0,0.7582265
,3687,0,0,0.6971138
,3687,1,0,0.78130734
,3687,2,2,1.0
,3687,3,0,0.7573355
,3688,0,2,1.0
,3688,1,1,0.55882084
,3688,2,1,0.85522157
,3688,3,0,0.5014696
,3689,0,0,0.7382061
,3689,1,2,1.0
,3689,2,0,0.75042677
,3689,3,0,0.7544892
,3690,0,2,1.0
,3690,1,0,0.7661471
,3690,2,0,0.73977584
,3690,3,0,0.73982406
,0,0,2,0.50933504
,0,1,0,1.0
,0,2,0,1.0
,0,3,0,1.0
,1,0,0,0.8175199
,1,1,2,1.0
,1,2,0,0.75962657
,1,3,0,0.71278393
,2,0,0,0.75836384
,2,1,0,0.7831949
,2,2,0,0.71063906
,2,3,2,1.0
,3,0,0,0.71063346
,3,1,0,0.758226
,3,2,2,1.0
,3,3,0,0.7831926
,4,0,2,1.0
,4,1,0,0.73251677
,4,2,0,0.781337
,4,3,0,0.75768405
,5,0,1,0.8614221
,5,1,3,1.0
,5,2,1,0.57138
,5,3,1,0.51116896
,6,0,0,0.68617773
,6,1,0,0.8526055
,6,2,2,1.0
,6,3,0,0.7521084
,7,0,2,1.0
,7,1,1,0.5570469
,7,2,1,0.855235
,7,3,0,0.5012837
,8,0,0,0.7251498
,8,1,2,1.0
,8,2,0,0.7496771
,8,3,0,0.7522909
,9,0,2,1.0
,9,1,1,0.85611564
,9,2,1,0.5006132
,9,3,1,0.57652396
,10,0,1,0.8841392
,10,1,1,0.51739347
,10,2,1,0.5090938
,10,3,2,1.0
,11,0,2,1.0
,11,1,0,0.75392395
,11,2,0,0.6950321
,11,3,0,0.78218204
,12,0,1,0.745546
,12,1,0,0.5555435
,12,2,2,1.0
,12,3,0,0.5562271
,13,0,2,1.0
,13,1,0,0.75328124
,13,2,0,0.7587675
,13,3,0,0.7544722
,14,0,1,0.86152625
,14,1,1,0.57232773
,14,2,3,1.0
,14,3,1,0.5114874
,15,0,0,0.68619496
,15,1,2,1.0
,15,2,0,0.8533611
,15,3,0,0.7520879
,16,0,2,1.0
,16,1,1,0.8895325
,16,2,0,0.50163335
,16,3,0,0.5005794
,17,0,1,0.85712737
,17,1,2,1.0
,17,2,1,0.5700256
,17,3,1,0.5100754
,18,0,0,0.750544
,18,1,0,0.78197384
,18,2,2,1.0
,18,3,0,0.70643806
,19,0,0,0.7572483
,19,1,0,0.69715613
,19,2,0,0.7823906
,19,3,2,1.0
,20,0,0,0.50168437
,20,1,2,1.0
,20,2,0,0.50307107
,20,3,1,0.8826234
,21,0,0,0.7064331
,21,1,0,0.7818821
,21,2,0,0.7545118
,21,3,2,1.0
,22,0,2,1.0
,22,1,0,0.69978637
,22,2,0,0.75786424
,22,3,0,0.7829047
,23,0,1,0.74555075
,23,1,2,1.0
,23,2,0,0.55571574
,23,3,0,0.5563055
,24,0,2,1.0
,24,1,0,0.725234
,24,2,0,0.7544107
,24,3,0,0.7544174
,25,0,1,0.8894885
,25,1,2,1.0
,25,2,0,0.50077033
,25,3,0,0.5007707
,26,0,2,1.0
,26,1,1,0.9091208
,26,2,1,0.5091238
,26,3,1,0.50911516
,27,0,0,0.7359115
,27,1,3,1.0
,27,2,0,0.75172794
,27,3,0,0.75228095
,28,0,2,1.0
,28,1,0,0.8538959
,28,2,0,0.7091755
,28,3,0,0.756968
,29,0,0,0.6842598
,29,1,0,0.7584962
,29,2,2,1.0
,29,3,0,0.75794846
,30,0,3,1.0
,30,1,0,0.70567095
,30,2,0,0.77893984
,30,3,0,0.75388765
,31,0,0,0.85353076
,31,1,2,1.0
,31,2,0,0.7095146
,31,3,0,0.75695807
,32,0,0,0.71182954
,32,1,0,0.78269583
,32,2,2,1.0
,32,3,0,0.7582137
,33,0,2,1.0
,33,1,0,0.7109424
,33,2,0,0.7831965
,33,3,0,0.7582368
,34,0,0,0.7388378
,34,1,2,1.0
,34,2,0,0.75786024
,34,3,0,0.7582634
,35,0,2,1.0
,35,1,0,0.78239864
,35,2,0,0.6968249
,35,3,0,0.75736004
,36,0,1,0.90783787
,36,1,0,0.5023234
,36,2,2,1.0
,36,3,0,0.5016777
,37,0,3,1.0
,37,1,0,0.7524215
,37,2,0,0.7359394
,37,3,0,0.7524077
,38,0,0,0.8206667
,38,1,0,0.7572499
,38,2,2,1.0
,38,3,0,0.75670856
,39,0,2,1.0
,39,1,0,0.7582601
,39,2,0,0.78323853
,39,3,0,0.7106574
,40,0,0,0.73884773
,40,1,0,0.7577326
,40,2,0,0.75855553
,40,3,2,1.0
,41,0,2,1.0
,41,1,0,0.71064353
,41,2,0,0.758257
,41,3,0,0.7832178
,42,0,0,0.73883116
,42,1,2,1.0
,42,2,0,0.7582767
,42,3,0,0.75855976
,43,0,2,1.0
,43,1,0,0.6842664
,43,2,0,0.75798404
,43,3,0,0.75799507
,44,0,0,0.73452324
,44,1,3,1.0
,44,2,0,0.7532782
,44,3,0,0.7539544
,45,0,2,1.0
,45,1,0,0.8537282
,45,2,0,0.6979557
,45,3,0,0.7566194
,46,0,1,0.79267365
,46,1,0,0.555388
,46,2,2,1.0
,46,3,0,0.5547207
,47,0,3,1.0
,47,1,0,0.6462843
,47,2,0,0.7799391
,47,3,0,0.7520932
,48,0,0,0.8206691
,48,1,3,1.0
,48,2,0,0.7526892
,48,3,0,0.7523619
,49,0,2,1.0
,49,1,0,0.810823
,49,2,0,0.7564629
,49,3,0,0.75642794
,50,0,1,0.90769124
,50,1,2,1.0
,50,2,0,0.5018039
,50,3,0,0.50016326
,51,0,3,1.0
,51,1,0,0.779637
,51,2,0,0.75173455
,51,3,0,0.64602005
,52,0,0,0.85394853
,52,1,0,0.7037471
,52,2,0,0.7512938
,52,3,3,1.0
,53,0,0,0.75808984
,53,1,2,1.0
,53,2,0,0.7091253
,53,3,0,0.8538963
,54,0,0,0.7579607
,54,1,0,0.68425786
,54,2,2,1.0
,54,3,0,0.7584962
,55,0,0,0.7538649
,55,1,3,1.0
,55,2,0,0.77944386
,55,3,0,0.70568985
,56,0,0,0.75493723
,56,1,0,0.8107897
,56,2,0,0.75667644
,56,3,2,1.0
,57,0,1,0.5763186
,57,1,2,1.0
,57,2,1,0.5002671
,57,3,1,0.85606223
,58,0,2,1.0
,58,1,1,0.8841406
,58,2,1,0.5081867
,58,3,1,0.5183398
,59,0,0,0.7802726
,59,1,2,1.0
,59,2,0,0.75340664
,59,3,0,0.6921495
,60,0,1,0.5759113
,60,1,1,0.85658765
,60,2,1,0.5006056
,60,3,2,1.0
,61,0,2,1.0
,61,1,1,0.5517567
,61,2,1,0.5097324
,61,3,1,0.8573293
,62,0,1,0.8875611
,62,1,3,1.0
,62,2,1,0.51818866
,62,3,1,0.5265525
,63,0,2,1.0
,63,1,0,0.85389763
,63,2,0,0.7045613
,63,3,0,0.7527208
,64,0,0,0.7388065
,64,1,0,0.758153
,64,2,2,1.0
,64,3,0,0.7581959
,65,0,2,1.0
,65,1,0,0.6527588
,65,2,0,0.782901
,65,3,0,0.75789046
,66,0,0,0.7346954
,66,1,3,1.0
,66,2,0,0.75386286
,66,3,0,0.7541217
,67,0,2,1.0
,67,1,0,0.8538979
,67,2,0,0.70922065
,67,3,0,0.75698173
,68,0,0,0.7388472
,68,1,0,0.7593401
,68,2,2,1.0
,68,3,0,0.7582281
,69,0,2,1.0
,69,1,0,0.7574239
,69,2,0,0.7593691
,69,3,0,0.7562521
,70,0,1,0.8610727
,70,1,1,0.5121431
,70,2,3,1.0
,70,3,1,0.57223576
,71,0,0,0.74850404
,71,1,0,0.7048356
,71,2,0,0.85390127
,71,3,2,1.0
,72,0,0,0.7104887
,72,1,2,1.0
,72,2,0,0.758769
,72,3,0,0.7831908
,73,0,2,1.0
,73,1,0,0.78319305
,73,2,0,0.71064055
,73,3,0,0.7585085
,74,0,0,0.75923175
,74,1,0,0.7577048
,74,2,2,1.0
,74,3,0,0.7574243
,75,0,3,1.0
,75,1,1,0.510851
,75,2,1,0.8877039
,75,3,1,0.5108584
,76,0,0,0.77843213
,76,1,0,0.75326985
,76,2,2,1.0
,76,3,0,0.75326973
,77,0,3,1.0
,77,1,0,0.7535789
,77,2,0,0.73423606
,77,3,0,0.75357884
,78,0,0,0.8206873
,78,1,0,0.75726074
,78,2,2,1.0
,78,3,0,0.75725204
,79,0,2,1.0
,79,1,0,0.75903374
,79,2,0,0.78392154
,79,3,0,0.75827134
,80,0,2,1.0
,80,1,0,0.68342644
,80,2,0,0.6838338
,80,3,0,0.6283041
,81,0,0,0.75904894
,81,1,0,0.7563718
,81,2,0,0.7563768
,81,3,2,1.0
,82,0,3,1.0
,82,1,1,0.5109235
,82,2,1,0.5109008
,82,3,1,0.8877073
,83,0,0,0.8107991
,83,1,0,0.75089747
,83,2,0,0.75235975
,83,3,2,1.0
,84,0,2,1.0
,84,1,1,0.576442
,84,2,1,0.50043005
,84,3,1,0.85609543
,85,0,1,0.872839
,85,1,2,1.0
,85,2,1,0.5094288
,85,3,1,0.5202253
,86,0,3,1.0
,86,1,1,0.85997385
,86,2,1,0.51594305
,86,3,1,0.5768801
,87,0,0,0.82067466
,87,1,0,0.7494188
,87,2,0,0.7528145
,87,3,2,1.0
,88,0,2,1.0
,88,1,0,0.75815177
,88,2,0,0.7106089
,88,3,0,0.7832272
,89,0,0,0.7593509
,89,1,0,0.75623536
,89,2,2,1.0
,89,3,0,0.7576929
,90,0,3,1.0
,90,1,1,0.5721992
,90,2,1,0.8610652
,90,3,1,0.5113947
,91,0,0,0.82066834
,91,1,2,1.0
,91,2,0,0.74939334
,91,3,0,0.7527052
,92,0,2,1.0
,92,1,0,0.78241104
,92,2,0,0.75729203
,92,3,0,0.6968233
,93,0,1,0.88263243
,93,1,0,0.5021126
,93,2,0,0.50240475
,93,3,2,1.0
,94,0,2,1.0
,94,1,0,0.6925279
,94,2,0,0.7535755
,94,3,0,0.7816686
,95,0,1,0.8826326
,95,1,2,1.0
,95,2,0,0.5015654
,95,3,0,0.5030282
,96,0,2,1.0
,96,1,0,0.78250384
,96,2,0,0.7064218
,96,3,0,0.75451195
,97,0,0,0.6842628
,97,1,0,0.7582427
,97,2,2,1.0
,97,3,0,0.75737005
,98,0,3,1.0
,98,1,0,0.75387526
,98,2,0,0.77944946
,98,3,0,0.7056759
,99,0,0,0.8125403
,99,1,0,0.75554097
,99,2,0,0.75718623
,99,3,2,1.0
,100,0,2,1.0
,100,1,1,0.5272898
,100,2,0,0.54918605
,100,3,1,0.69967717
,101,0,1,0.85755634
,101,1,2,1.0
,101,2,1,0.50893325
,101,3,1,0.5909751
,102,0,1,0.51840717
,102,1,1,0.88987285
,102,2,1,0.5093354
,102,3,2,1.0
,103,0,0,0.5341671
,103,1,2,1.0
,103,2,0,0.53596836
,103,3,1,0.7261981
,104,0,1,0.57618564
,104,1,1,0.8606356
,104,2,1,0.5154295
,104,3,3,1.0
,105,0,2,1.0
,105,1,0,0.7003476
,105,2,0,0.7530103
,105,3,0,0.8534331
,106,0,0,0.7823539
,106,1,2,1.0
,106,2,0,0.7566371
,106,3,0,0.69805694
,107,0,0,0.50142026
,107,1,1,0.85716355
,107,2,1,0.5315732
,107,3,2,1.0
,108,0,1,0.51967263
,108,1,1,0.650323
,108,2,3,1.0
,108,3,1,0.8614204
,109,0,0,0.700437
,109,1,3,1.0
,109,2,0,0.85394263
,109,3,0,0.74515253
,110,0,2,1.0
,110,1,0,0.8540984
,110,2,0,0.7590505
,110,3,0,0.7573805
,111,0,2,1.0
,111,1,0,0.66476196
,111,2,0,0.6631104
,111,3,0,0.6331469
,112,0,1,0.887758
,112,1,1,0.51434296
,112,2,1,0.51343924
,112,3,3,1.0
,113,0,2,1.0
,113,1,0,0.69055164
,113,2,0,0.7519016
,113,3,0,0.85260725
,114,0,1,0.85522604
,114,1,2,1.0
,114,2,0,0.5013196
,114,3,1,0.5570266
,115,0,0,0.7506375
,115,1,0,0.73819274
,115,2,0,0.7547021
,115,3,2,1.0
,116,0,0,0.7573466
,116,1,2,1.0
,116,2,0,0.75794756
,116,3,0,0.68428546
,117,0,0,0.7056759
,117,1,0,0.7794442
,117,2,0,0.7538819
,117,3,3,1.0
,118,0,2,1.0
,118,1,0,0.75670546
,118,2,0,0.7564275
,118,3,0,0.8108247
,119,0,1,0.9077727
,119,1,0,0.5010862
,119,2,0,0.5018283
,119,3,2,1.0
,120,0,3,1.0
,120,1,0,0.70391715
,120,2,0,0.75232226
,120,3,0,0.7800165
,121,0,0,0.8533854
,121,1,2,1.0
,121,2,0,0.7548535
,121,3,0,0.6956406
,122,0,0,0.5039533
,122,1,1,0.85558385
,122,2,1,0.55949277
,122,3,2,1.0
,123,0,0,0.754671
,123,1,0,0.702057
,123,2,2,1.0
,123,3,0,0.7826265
,124,0,0,0.7579651
,124,1,2,1.0
,124,2,0,0.7388508
,124,3,0,0.7585059
,125,0,0,0.7351673
,125,1,0,0.7823466
,125,2,2,1.0
,125,3,0,0.75492185
,126,0,3,1.0
,126,1,1,0.5208506
,126,2,1,0.94520175
,126,3,1,0.6442868
,127,0,0,0.82065445
,127,1,0,0.74905854
,127,2,0,0.744638
,127,3,3,1.0
,128,0,2,1.0
,128,1,0,0.7091772
,128,2,0,0.75620407
,128,3,0,0.85389286
,129,0,0,0.7823628
,129,1,2,1.0
,129,2,0,0.69682026
,129,3,0,0.7584075
,130,0,0,0.50181514
,130,1,1,0.869493
,130,2,2,1.0
,130,3,0,0.5011989
,131,0,1,0.52702415
,131,1,3,1.0
,131,2,1,0.9562313
,131,3,1,0.52701765
,132,0,0,0.7504225
,132,1,0,0.8101604
,132,2,2,1.0
,132,3,0,0.7519127
,133,0,1,0.5939986
,133,1,2,1.0
,133,2,1,0.9438841
,133,3,1,0.51848537
,134,0,2,1.0
,134,1,1,0.89133173
,134,2,1,0.5217113
,134,3,1,0.51068646
,135,0,1,0.9509408
,135,1,2,1.0
,135,2,1,0.52667624
,135,3,1,0.5263846
,136,0,3,1.0
,136,1,1,0.8866127
,136,2,1,0.5153656
,136,3,1,0.51535743
,137,0,0,0.8361337
,137,1,2,1.0
,137,2,0,0.75213486
,137,3,0,0.7521672
,138,0,3,1.0
,138,1,1,0.88789696
,138,2,1,0.5130753
,138,3,1,0.51142895
,139,0,0,0.85393506
,139,1,2,1.0
,139,2,0,0.645891
,139,3,0,0.75233144
,140,0,0,0.75524366
,140,1,0,0.73472553
,140,2,3,1.0
,140,3,0,0.75406307
,141,0,0,0.75640696
,141,1,2,1.0
,141,2,0,0.8108314
,141,3,0,0.75643086
,142,0,1,0.50110763
,142,1,1,0.88947874
,142,2,2,1.0
,142,3,0,0.5008604
,143,0,1,0.586983
,143,1,2,1.0
,143,2,1,0.8589783
,143,3,1,0.51119846
,144,0,2,1.0
,144,1,1,0.8579905
,144,2,1,0.59652424
,144,3,1,0.5114145
,145,0,1,0.95556754
,145,1,1,0.5351969
,145,2,2,1.0
,145,3,1,0.52509594
,146,0,2,1.0
,146,1,0,0.6918989
,146,2,0,0.7805163
,146,3,0,0.7531828
,147,0,1,0.85523194
,147,1,2,1.0
,147,2,1,0.55886644
,147,3,0,0.50133157
,148,0,0,0.75062436
,148,1,0,0.738208
,148,2,2,1.0
,148,3,0,0.7541513
,149,0,0,0.7569679
,149,1,2,1.0
,149,2,0,0.7832137
,149,3,0,0.71055967
,150,0,0,0.6527175
,150,1,0,0.782891
,150,2,0,0.7581563
,150,3,2,1.0
,151,0,3,1.0
,151,1,0,0.754407
,151,2,0,0.7541195
,151,3,0,0.7347144
,152,0,0,0.8108522
,152,1,0,0.7564421
,152,2,0,0.75643885
,152,3,2,1.0
,153,0,2,1.0
,153,1,0,0.5013963
,153,2,0,0.50139624
,153,3,1,0.8711983
,154,0,1,0.8867516
,154,1,1,0.5150067
,154,2,1,0.51500666
,154,3,3,1.0
,155,0,2,1.0
,155,1,0,0.7523639
,155,2,0,0.75237787
,155,3,0,0.81086224
,156,0,1,0.88255394
,156,1,0,0.50173825
,156,2,0,0.50246906
,156,3,2,1.0
,157,0,2,1.0
,157,1,0,0.706442
,157,2,0,0.75396186
,157,3,0,0.78249997
,158,0,0,0.78255445
,158,1,2,1.0
,158,2,0,0.71055704
,158,3,0,0.7584973
,159,0,0,0.6971682
,159,1,0,0.78239334
,159,2,2,1.0
,159,3,0,0.7573552
,160,0,2,1.0
,160,1,0,0.5030746
,160,2,1,0.8826217
,160,3,0,0.502393
,161,0,0,0.7249231
,161,1,0,0.7535931
,161,2,2,1.0
,161,3,0,0.7512008
,162,0,2,1.0
,162,1,1,0.50144744
,162,2,1,0.85617816
,162,3,1,0.6255856
,163,0,0,0.7799111
,163,1,0,0.7028944
,163,2,0,0.7465837
,163,3,3,1.0
,164,0,0,0.756324
,164,1,2,1.0
,164,2,0,0.6952045
,164,3,0,0.85259855
,165,0,0,0.50105375
,165,1,1,0.8552238
,165,2,2,1.0
,165,3,1,0.55700403
,166,0,0,0.7286956
,166,1,0,0.74973327
,166,2,0,0.7807737
,166,3,2,1.0
,167,0,3,1.0
,167,1,1,0.51231354
,167,2,1,0.5713837
,167,3,1,0.86096466
,168,0,0,0.85260546
,168,1,0,0.6907969
,168,2,2,1.0
,168,3,0,0.74808854
,169,0,1,0.55704063
,169,1,2,1.0
,169,2,1,0.8552322
,169,3,0,0.5011909
,170,0,2,1.0
,170,1,0,0.7251919
,170,2,0,0.7497129
,170,3,0,0.7526155
,171,0,1,0.85556847
,171,1,2,1.0
,171,2,0,0.5013129
,171,3,1,0.5595165
,172,0,0,0.7020485
,172,1,0,0.7826194
,172,2,0,0.7546352
,172,3,2,1.0
,173,0,2,1.0
,173,1,0,0.7576516
,173,2,0,0.75727236
,173,3,0,0.725909
,174,0,1,0.8710198
,174,1,0,0.5011577
,174,2,1,0.50207496
,174,3,2,1.0
,175,0,3,1.0
,175,1,1,0.5169087
,175,2,1,0.6398637
,175,3,1,0.86089444
,176,0,0,0.8535744
,176,1,0,0.74915266
,176,2,3,1.0
,176,3,0,0.6958668
,177,0,0,0.710451
,177,1,0,0.7563459
,177,2,0,0.85389435
,177,3,2,1.0
,178,0,2,1.0
,178,1,0,0.7105928
,178,2,0,0.7587729
,178,3,0,0.78318727
,179,0,0,0.78319305
,179,1,2,1.0
,179,2,0,0.71062124
,179,3,0,0.7578218
,180,0,0,0.7576185
,180,1,0,0.78130627
,180,2,2,1.0
,180,3,0,0.69678944
,181,0,0,0.5014723
,181,1,1,0.55883336
,181,2,1,0.85558903
,181,3,2,1.0
,182,0,0,0.7546484
,182,1,2,1.0
,182,2,0,0.7020337
,182,3,0,0.7826235
,183,0,0,0.7579254
,183,1,0,0.6842634
,183,2,2,1.0
,183,3,0,0.75768864
,184,0,0,0.7538873
,184,1,3,1.0
,184,2,0,0.77893984
,184,3,0,0.70566046
,185,0,0,0.75694454
,185,1,0,0.85353065
,185,2,0,0.70951426
,185,3,2,1.0
,186,0,0,0.7570181
,186,1,0,0.71179736
,186,2,2,1.0
,186,3,0,0.7831888
,187,0,0,0.6527443
,187,1,2,1.0
,187,2,0,0.7828896
,187,3,0,0.7576002
,188,0,3,1.0
,188,1,0,0.7790837
,188,2,0,0.7543439
,188,3,0,0.70584536
,189,0,0,0.853889
,189,1,0,0.7095193
,189,2,0,0.75696385
,189,3,2,1.0
,190,0,0,0.75815773
,190,1,2,1.0
,190,2,0,0.7582485
,190,3,0,0.73881084
,191,0,0,0.65278053
,191,1,0,0.7823917
,191,2,0,0.75788915
,191,3,2,1.0
,192,0,3,1.0
,192,1,0,0.7061922
,192,2,0,0.7540575
,192,3,0,0.77959114
,193,0,0,0.778444
,193,1,2,1.0
,193,2,0,0.7572713
,193,3,0,0.757006
,194,0,3,1.0
,194,1,0,0.77850896
,194,2,0,0.7535263
,194,3,0,0.7052715
,195,0,0,0.8533648
,195,1,0,0.69556844
,195,2,0,0.754537
,195,3,2,1.0
,196,0,0,0.5020177
,196,1,2,1.0
,196,2,1,0.57657003
,196,3,1,0.85692257
,197,0,1,0.50896937
,197,1,1,0.8573393
,197,2,2,1.0
,197,3,1,0.57882
,198,0,0,0.7545095
,198,1,0,0.70201194
,198,2,0,0.78211105
,198,3,2,1.0
,199,0,0,0.75818956
,199,1,2,1.0
,199,2,0,0.7109295
,199,3,0,0.78319633
,200,0,0,0.7582491
,200,1,0,0.73885345
,200,2,2,1.0
,200,3,0,0.7582641
,201,0,0,0.7562427
,201,1,2,1.0
,201,2,0,0.7824384
,201,3,0,0.73253626
,202,0,1,0.57206035
,202,1,1,0.8617511
,202,2,1,0.51051116
,202,3,3,1.0
,203,0,2,1.0
,203,1,0,0.6411757
,203,2,0,0.7525246
,203,3,0,0.8539336
,204,0,0,0.7347453
,204,1,3,1.0
,204,2,0,0.7540901
,204,3,0,0.7552687
,205,0,2,1.0
,205,1,0,0.82065296
,205,2,0,0.7572691
,205,3,0,0.7572825
,206,0,0,0.6842915
,206,1,2,1.0
,206,2,0,0.75800574
,206,3,0,0.75800586
,207,0,3,1.0
,207,1,0,0.7345531
,207,2,0,0.7539532
,207,3,0,0.75395334
,208,0,0,0.8108533
,208,1,2,1.0
,208,2,0,0.75645995
,208,3,0,0.7564599
,209,0,2,1.0
,209,1,1,0.8825377
,209,2,0,0.50261956
,209,3,0,0.5026196
,210,0,0,0.73804605
,210,1,2,1.0
,210,2,0,0.75456464
,210,3,0,0.75456464
,211,0,2,1.0
,211,1,0,0.68426114
,211,2,0,0.75794756
,211,3,0,0.75794756
,212,0,0,0.7345571
,212,1,3,1.0
,212,2,0,0.75395507
,212,3,0,0.75396115
,213,0,2,1.0
,213,1,0,0.82066643
,213,2,0,0.7567204
,213,3,0,0.7572541
,214,0,0,0.78322846
,214,1,2,1.0
,214,2,0,0.7106411
,214,3,0,0.757568
,215,0,0,0.75759965
,215,1,0,0.781057
,215,2,2,1.0
,215,3,0,0.696748
,216,0,0,0.5003385
,216,1,1,0.57308346
,216,2,1,0.85576063
,216,3,2,1.0
,217,0,0,0.53932875
,217,1,2,1.0
,217,2,0,0.5307666
,217,3,1,0.7467089
,218,0,0,0.7551246
,218,1,0,0.73820406
,218,2,0,0.75448245
,218,3,2,1.0
,219,0,0,0.75820845
,219,1,2,1.0
,219,2,0,0.71059126
,219,3,0,0.78319687
,220,0,0,0.7573857
,220,1,0,0.72586876
,220,2,2,1.0
,220,3,0,0.75651586
,221,0,0,0.50152147
,221,1,2,1.0
,221,2,1,0.85520726
,221,3,1,0.55940425
,222,0,0,0.75378484
,222,1,0,0.725191
,222,2,0,0.74853265
,222,3,2,1.0
,223,0,0,0.50141776
,223,1,2,1.0
,223,2,1,0.55962
,223,3,1,0.8555686
,224,0,0,0.754637
,224,1,0,0.7826194
,224,2,2,1.0
,224,3,0,0.7020483
,225,0,0,0.75733024
,225,1,0,0.7576488
,225,2,0,0.7258896
,225,3,2,1.0
,226,0,0,0.5008575
,226,1,0,0.5008849
,226,2,2,1.0
,226,3,1,0.8894659
,227,0,1,0.5092196
,227,1,1,0.5084804
,227,2,1,0.8842614
,227,3,2,1.0
,228,0,0,0.70628154
,228,1,0,0.7543485
,228,2,2,1.0
,228,3,0,0.7818465
,229,0,2,1.0
,229,1,0,0.7558083
,229,2,0,0.78234196
,229,3,0,0.6970537
,230,0,1,0.8561439
,230,1,1,0.5765225
,230,2,0,0.5001927
,230,3,2,1.0
,231,0,1,0.51803535
,231,1,2,1.0
,231,2,1,0.5087993
,231,3,1,0.90902054
,232,0,0,0.7521822
,232,1,0,0.73593557
,232,2,0,0.75228876
,232,3,3,1.0
,233,0,0,0.7572498
,233,1,2,1.0
,233,2,0,0.7572511
,233,3,0,0.82066834
,234,0,0,0.7582977
,234,1,0,0.73889226
,234,2,0,0.7583038
,234,3,2,1.0
,235,0,0,0.75775
,235,1,2,1.0
,235,2,0,0.7582899
,235,3,0,0.7388642
,236,0,0,0.71063864
,236,1,0,0.7827158
,236,2,0,0.75825226
,236,3,2,1.0
,237,0,2,1.0
,237,1,0,0.710907
,237,2,0,0.75823456
,237,3,0,0.7820954
,238,0,0,0.7828924
,238,1,2,1.0
,238,2,0,0.757874
,238,3,0,0.6530715
,239,0,0,0.7544141
,239,1,0,0.7347172
,239,2,0,0.75412333
,239,3,3,1.0
,240,0,0,0.7572643
,240,1,2,1.0
,240,2,0,0.7572671
,240,3,0,0.8206682
,241,0,0,0.75776196
,241,1,0,0.7388877
,241,2,0,0.7583018
,241,3,2,1.0
,242,0,0,0.71064395
,242,1,2,1.0
,242,2,0,0.7582543
,242,3,0,0.7832122
,243,0,2,1.0
,243,1,0,0.73884726
,243,2,0,0.75827235
,243,3,0,0.7580156
,244,0,0,0.78211004
,244,1,2,1.0
,244,2,0,0.758251
,244,3,0,0.7106115
,245,0,0,0.6531016
,245,1,0,0.78237665
,245,2,0,0.75785846
,245,3,2,1.0
,246,0,3,1.0
,246,1,0,0.7061225
,246,2,0,0.75282955
,246,3,0,0.77958775
,247,0,0,0.85354894
,247,1,2,1.0
,247,2,0,0.65105814
,247,3,0,0.7567955
,248,0,0,0.7070765
,248,1,0,0.7789344
,248,2,3,1.0
,248,3,0,0.7540283
,249,0,2,1.0
,249,1,0,0.6956817
,249,2,0,0.8533931
,249,3,0,0.7560503
,250,0,1,0.88260967
,250,1,2,1.0
,250,2,0,0.5049301
,250,3,0,0.502423
,251,0,2,1.0
,251,1,0,0.7380668
,251,2,0,0.7545821
,251,3,0,0.75455964
,252,0,0,0.73886234
,252,1,2,1.0
,252,2,0,0.7577058
,252,3,0,0.75824535
,253,0,2,1.0
,253,1,0,0.7832178
,253,2,0,0.7106435
,253,3,0,0.75825346
,254,0,0,0.7388525
,254,1,0,0.7585575
,254,2,2,1.0
,254,3,0,0.7582745
,255,0,2,1.0
,255,1,0,0.7582949
,255,2,0,0.73886913
,255,3,0,0.7582916
,256,0,0,0.73886913
,256,1,0,0.7582919
,256,2,2,1.0
,256,3,0,0.7582919
,257,0,2,1.0
,257,1,0,0.7582857
,257,2,0,0.73886895
,257,3,0,0.7582919
,258,0,0,0.7388643
,258,1,0,0.7577498
,258,2,2,1.0
,258,3,0,0.75828964
,259,0,2,1.0
,259,1,0,0.71064395
,259,2,0,0.7832178
,259,3,0,0.75825393
,260,0,0,0.7388523
,260,1,2,1.0
,260,2,0,0.7585575
,260,3,0,0.75826836
,261,0,2,1.0
,261,1,0,0.7388641
,261,2,0,0.7582926
,261,3,0,0.7577495
,262,0,0,0.78271604
,262,1,2,1.0
,262,2,0,0.7582521
,262,3,0,0.71063906
,263,0,0,0.71093374
,263,1,0,0.7831962
,263,2,0,0.75822896
,263,3,2,1.0
,264,0,2,1.0
,264,1,0,0.75768846
,264,2,0,0.7573906
,264,3,0,0.72592026
,265,0,1,0.8825985
,265,1,0,0.5024985
,265,2,0,0.5017521
,265,3,2,1.0
,266,0,2,1.0
,266,1,0,0.7545042
,266,2,0,0.7064479
,266,3,0,0.7825021
,267,0,0,0.73884404
,267,1,0,0.7576862
,267,2,2,1.0
,267,3,0,0.7585434
,268,0,2,1.0
,268,1,0,0.71064305
,268,2,0,0.7832178
,268,3,0,0.7582568
,269,0,0,0.7388459
,269,1,2,1.0
,269,2,0,0.75855553
,269,3,0,0.75827235
,270,0,2,1.0
,270,1,0,0.72837347
,270,2,0,0.7579721
,270,3,0,0.757956
,271,0,1,0.79283315
,271,1,2,1.0
,271,2,0,0.5550067
,271,3,0,0.55426496
,272,0,3,1.0
,272,1,0,0.780448
,272,2,0,0.7527118
,272,3,0,0.7043586
,273,0,0,0.8312674
,273,1,0,0.7556653
,273,2,0,0.7564863
,273,3,2,1.0
,274,0,3,1.0
,274,1,1,0.54520863
,274,2,0,0.5159536
,274,3,1,0.7013877
,275,0,0,0.820674
,275,1,2,1.0
,275,2,0,0.75324446
,275,3,0,0.7513011
,276,0,2,1.0
,276,1,0,0.78322953
,276,2,0,0.71060294
,276,3,0,0.7581889
,277,0,0,0.7258965
,277,1,0,0.7576555
,277,2,2,1.0
,277,3,0,0.75736976
,278,0,2,1.0
,278,1,0,0.5006243
,278,2,1,0.8898229
,278,3,0,0.5005649
,279,0,1,0.9583686
,279,1,1,0.52615225
,279,2,2,1.0
,279,3,1,0.52811474
,280,0,2,1.0
,280,1,1,0.5122409
,280,2,1,0.8591049
,280,3,1,0.58796364
,281,0,1,0.8578845
,281,1,1,0.5128296
,281,2,1,0.59573
,281,3,2,1.0
,282,0,1,0.5183598
,282,1,1,0.5701563
,282,2,2,1.0
,282,3,1,0.857004
,283,0,0,0.7541111
,283,1,2,1.0
,283,2,0,0.6834675
,283,3,0,0.7502477
,284,0,0,0.7539171
,284,1,0,0.7345576
,284,2,3,1.0
,284,3,0,0.75386596
,285,0,0,0.7572613
,285,1,2,1.0
,285,2,0,0.8206667
,285,3,0,0.7567198
,286,0,0,0.75824225
,286,1,0,0.78322834
,286,2,2,1.0
,286,3,0,0.7106602
,287,0,0,0.75623566
,287,1,0,0.7576786
,287,2,0,0.7593537
,287,3,2,1.0
,288,0,1,0.5722361
,288,1,1,0.51213634
,288,2,3,1.0
,288,3,1,0.8610727
,289,0,2,1.0
,289,1,0,0.70483583
,289,2,0,0.85390556
,289,3,0,0.74850386
,290,0,0,0.7831853
,290,1,2,1.0
,290,2,0,0.759301
,290,3,0,0.7104852
,291,0,0,0.75765777
,291,1,0,0.72589093
,291,2,0,0.7573489
,291,3,2,1.0
,292,0,0,0.50076216
,292,1,2,1.0
,292,2,1,0.5012134
,292,3,1,0.88952667
,293,0,1,0.51114327
,293,1,1,0.8587527
,293,2,1,0.586936
,293,3,2,1.0
,294,0,1,0.50937796
,294,1,1,0.57892853
,294,2,2,1.0
,294,3,1,0.85736775
,295,0,0,0.7542086
,295,1,2,1.0
,295,2,0,0.7826033
,295,3,0,0.702018
,296,0,0,0.7323348
,296,1,0,0.78241336
,296,2,0,0.75768375
,296,3,2,1.0
,297,0,3,1.0
,297,1,1,0.51093644
,297,2,1,0.51063776
,297,3,1,0.887638
,298,0,0,0.8533834
,298,1,0,0.6906195
,298,2,0,0.7519195
,298,3,2,1.0
,299,0,0,0.5032753
,299,1,2,1.0
,299,2,0,0.50066
,299,3,1,0.8894939
,300,0,1,0.50841486
,300,1,1,0.8842592
,300,2,1,0.5084827
,300,3,2,1.0
,301,0,0,0.7535267
,301,1,2,1.0
,301,2,0,0.7535263
,301,3,0,0.72508174
,302,0,0,0.50236046
,302,1,1,0.88260293
,302,2,0,0.5023784
,302,3,2,1.0
,303,0,0,0.75247186
,303,1,2,1.0
,303,2,0,0.7536389
,303,3,0,0.7250368
,304,0,1,0.5595091
,304,1,1,0.8552051
,304,2,0,0.5014206
,304,3,2,1.0
,305,0,2,1.0
,305,1,0,0.7499276
,305,2,0,0.75467515
,305,3,0,0.73819774
,306,0,0,0.78238976
,306,1,0,0.69670427
,306,2,0,0.75615436
,306,3,2,1.0
,307,0,0,0.5021022
,307,1,2,1.0
,307,2,1,0.5594569
,307,3,1,0.8552371
,308,0,0,0.7538387
,308,1,0,0.7587512
,308,2,2,1.0
,308,3,0,0.7485649
,309,0,1,0.51150537
,309,1,3,1.0
,309,2,1,0.86106914
,309,3,1,0.5724056
,310,0,0,0.75233674
,310,1,0,0.8126462
,310,2,0,0.74908257
,310,3,2,1.0
,311,0,0,0.50972193
,311,1,2,1.0
,311,2,0,0.5520843
,311,3,1,0.6986832
,312,0,3,1.0
,312,1,1,0.7014492
,312,2,0,0.51301587
,312,3,1,0.55435854
,313,0,0,0.8532802
,313,1,0,0.7246592
,313,2,0,0.75263697
,313,3,2,1.0
,314,0,1,0.50902855
,314,1,3,1.0
,314,2,1,0.51071835
,314,3,1,0.8876187
,315,0,0,0.6905765
,315,1,0,0.85238886
,315,2,0,0.7518985
,315,3,2,1.0
,316,0,2,1.0
,316,1,1,0.5741892
,316,2,1,0.50067985
,316,3,1,0.8571508
,317,0,1,0.8578459
,317,1,2,1.0
,317,2,1,0.51086694
,317,3,1,0.59553164
,318,0,1,0.5187367
,318,1,1,0.8729399
,318,2,1,0.5097262
,318,3,2,1.0
,319,0,1,0.5165216
,319,1,3,1.0
,319,2,1,0.5153397
,319,3,1,0.8867837
,320,0,0,0.69054157
,320,1,0,0.8533958
,320,2,0,0.751891
,320,3,2,1.0
,321,0,2,1.0
,321,1,0,0.5041391
,321,2,0,0.5015215
,321,3,1,0.9078424
,322,0,0,0.7359323
,322,1,0,0.7524317
,322,2,0,0.75238794
,322,3,3,1.0
,323,0,2,1.0
,323,1,0,0.7562344
,323,2,0,0.75505686
,323,3,0,0.8362082
,324,0,1,0.86125493
,324,1,1,0.5118228
,324,2,1,0.5726167
,324,3,3,1.0
,325,0,0,0.7470321
,325,1,0,0.75249547
,325,2,2,1.0
,325,3,0,0.81079584
,326,0,1,0.5766249
,326,1,1,0.5020256
,326,2,1,0.8560855
,326,3,2,1.0
,327,0,2,1.0
,327,1,1,0.5697893
,327,2,1,0.51825243
,327,3,1,0.8569772
,328,0,0,0.7252027
,328,1,2,1.0
,328,2,0,0.75349844
,328,3,0,0.74966794
,329,0,2,1.0
,329,1,1,0.8895336
,329,2,1,0.50133085
,329,3,0,0.5004972
,330,0,1,0.8579948
,330,1,2,1.0
,330,2,1,0.58695626
,330,3,1,0.5127421
,331,0,1,0.51836723
,331,1,1,0.85700685
,331,2,2,1.0
,331,3,1,0.5701062
,332,0,0,0.7536072
,332,1,0,0.7497439
,332,2,0,0.7586226
,332,3,2,1.0
,333,0,1,0.51097864
,333,1,1,0.5110799
,333,2,3,1.0
,333,3,1,0.8877095
,334,0,0,0.75220877
,334,1,0,0.7522076
,334,2,0,0.83612853
,334,3,2,1.0
,335,0,1,0.5114217
,335,1,1,0.51142204
,335,2,3,1.0
,335,3,1,0.88786066
,336,0,0,0.7522017
,336,1,0,0.7521838
,336,2,0,0.8361315
,336,3,2,1.0
,337,0,1,0.51146865
,337,1,1,0.5123804
,337,2,3,1.0
,337,3,1,0.88788074
,338,0,0,0.7494617
,338,1,0,0.6904411
,338,2,0,0.85337824
,338,3,2,1.0
,339,0,1,0.62569726
,339,1,2,1.0
,339,2,0,0.5018477
,339,3,1,0.85619086
,340,0,3,1.0
,340,1,0,0.7350957
,340,2,0,0.75153416
,340,3,0,0.74738824
,341,0,0,0.82066655
,341,1,2,1.0
,341,2,0,0.75669575
,341,3,0,0.75718987
,342,0,2,1.0
,342,1,0,0.78273684
,342,2,0,0.7106524
,342,3,0,0.7582636
,343,0,0,0.78270185
,343,1,0,0.7109378
,343,2,2,1.0
,343,3,0,0.75822926
,344,0,0,0.7109369
,344,1,2,1.0
,344,2,0,0.78320175
,344,3,0,0.75769466
,345,0,2,1.0
,345,1,0,0.78270143
,345,2,0,0.75851756
,345,3,0,0.7106192
,346,0,0,0.78270155
,346,1,0,0.7109371
,346,2,0,0.7582302
,346,3,2,1.0
,347,0,0,0.7109265
,347,1,2,1.0
,347,2,0,0.75753945
,347,3,0,0.7831935
,348,0,2,1.0
,348,1,0,0.7823428
,348,2,0,0.69683707
,348,3,0,0.7576123
,349,0,1,0.87120825
,349,1,0,0.50022167
,349,2,2,1.0
,349,3,0,0.5011742
,350,0,3,1.0
,350,1,1,0.5763831
,350,2,1,0.8604258
,350,3,1,0.51564854
,351,0,0,0.85260546
,351,1,2,1.0
,351,2,0,0.68619376
,351,3,0,0.7520461
,352,0,1,0.5570528
,352,1,1,0.85523635
,352,2,2,1.0
,352,3,0,0.5005626
,353,0,2,1.0
,353,1,0,0.75059104
,353,2,0,0.7826296
,353,3,0,0.70660514
,354,0,0,0.7388507
,354,1,0,0.75817317
,354,2,0,0.758253
,354,3,2,1.0
,355,0,2,1.0
,355,1,0,0.7574281
,355,2,0,0.73240256
,355,3,0,0.7824493
,356,0,1,0.8876148
,356,1,1,0.5106208
,356,2,3,1.0
,356,3,1,0.509965
,357,0,2,1.0
,357,1,0,0.7532464
,357,2,0,0.8206782
,357,3,0,0.75325406
,358,0,0,0.73886883
,358,1,0,0.75825226
,358,2,2,1.0
,358,3,0,0.75825864
,359,0,2,1.0
,359,1,0,0.75743425
,359,2,0,0.68429226
,359,3,0,0.75798965
,360,0,0,0.7783188
,360,1,0,0.7056149
,360,2,3,1.0
,360,3,0,0.7538774
,361,0,0,0.6514182
,361,1,2,1.0
,361,2,0,0.85392636
,361,3,0,0.7559413
,362,0,3,1.0
,362,1,0,0.77845997
,362,2,0,0.75515896
,362,3,0,0.7057742
,363,0,0,0.85310256
,363,1,0,0.6517
,363,2,0,0.7565229
,363,3,2,1.0
,364,0,0,0.6492084
,364,1,3,1.0
,364,2,0,0.75335777
,364,3,0,0.77900875
,365,0,3,1.0
,365,1,0,0.82067215
,365,2,0,0.75236535
,365,3,0,0.7526665
,366,0,0,0.82065266
,366,1,2,1.0
,366,2,0,0.7572771
,366,3,0,0.7572804
,367,0,2,1.0
,367,1,0,0.6842935
,367,2,0,0.7580059
,367,3,0,0.75799966
,368,0,0,0.7345338
,368,1,3,1.0
,368,2,0,0.7539581
,368,3,0,0.75340796
,369,0,2,1.0
,369,1,0,0.85389304
,369,2,0,0.7569714
,369,3,0,0.70920527
,370,0,0,0.72591203
,370,1,0,0.75848407
,370,2,0,0.7573682
,370,3,2,1.0
,371,0,2,1.0
,371,1,0,0.50251067
,371,2,0,0.50175136
,371,3,1,0.88259864
,372,0,0,0.78249973
,372,1,0,0.75396234
,372,2,0,0.7064422
,372,3,2,1.0
,373,0,0,0.75850767
,373,1,0,0.7105723
,373,2,2,1.0
,373,3,0,0.78319407
,374,0,0,0.758275
,374,1,2,1.0
,374,2,0,0.73884726
,374,3,0,0.7580156
,375,0,0,0.7582517
,375,1,0,0.78271604
,375,2,2,1.0
,375,3,0,0.71064234
,376,0,0,0.75822353
,376,1,0,0.710942
,376,2,0,0.7832036
,376,3,2,1.0
,377,0,0,0.7570773
,377,1,2,1.0
,377,2,0,0.75855386
,377,3,0,0.73881847
,378,0,0,0.6527654
,378,1,0,0.78239185
,378,2,0,0.7578926
,378,3,2,1.0
,379,0,3,1.0
,379,1,0,0.70619285
,379,2,0,0.75404924
,379,3,0,0.77959657
,380,0,0,0.82066107
,380,1,2,1.0
,380,2,0,0.756574
,380,3,0,0.7575193
,381,0,2,1.0
,381,1,0,0.7829037
,381,2,0,0.69931644
,381,3,0,0.75682545
,382,0,1,0.6974677
,382,1,0,0.5527015
,382,2,2,1.0
,382,3,1,0.5089084
,383,0,0,0.7042031
,383,1,0,0.7553462
,383,2,0,0.7822257
,383,3,2,1.0
,384,0,2,1.0
,384,1,0,0.7581985
,384,2,0,0.7109271
,384,3,0,0.7826986
,385,0,0,0.7827019
,385,1,0,0.75823456
,385,2,2,1.0
,385,3,0,0.7109375
,386,0,0,0.7109422
,386,1,0,0.75823075
,386,2,0,0.7832036
,386,3,2,1.0
,387,0,2,1.0
,387,1,0,0.75773233
,387,2,0,0.7585552
,387,3,0,0.7388476
,388,0,0,0.7827159
,388,1,0,0.7106385
,388,2,0,0.758255
,388,3,2,1.0
,389,0,0,0.7109273
,389,1,2,1.0
,389,2,0,0.7582268
,389,3,0,0.78255814
,390,0,2,1.0
,390,1,0,0.7823805
,390,2,0,0.75735307
,390,3,0,0.6971677
,391,0,1,0.88262314
,391,1,0,0.50233203
,391,2,0,0.50242627
,391,3,2,1.0
,392,0,2,1.0
,392,1,0,0.70645535
,392,2,0,0.75450945
,392,3,0,0.7825019
,393,0,0,0.73884887
,393,1,2,1.0
,393,2,0,0.75822824
,393,3,0,0.75854576
,394,0,2,1.0
,394,1,0,0.738869
,394,2,0,0.75829095
,394,3,0,0.7582947
,395,0,0,0.73886913
,395,1,2,1.0
,395,2,0,0.7582919
,395,3,0,0.7582919
,396,0,2,1.0
,396,1,0,0.73886895
,396,2,0,0.7582919
,396,3,0,0.7582857
,397,0,0,0.7388641
,397,1,2,1.0
,397,2,0,0.75828934
,397,3,0,0.7577497
,398,0,2,1.0
,398,1,0,0.78257084
,398,2,0,0.7582163
,398,3,0,0.7106271
,399,0,0,0.782344
,399,1,0,0.69699484
,399,2,0,0.75492275
,399,3,2,1.0
,400,0,0,0.50002426
,400,1,2,1.0
,400,2,1,0.6255488
,400,3,1,0.8561897
,401,0,0,0.7514887
,401,1,0,0.7350593
,401,2,3,1.0
,401,3,0,0.74665076
,402,0,0,0.75462556
,402,1,2,1.0
,402,2,0,0.8532346
,402,3,0,0.6943293
,403,0,1,0.5776387
,403,1,1,0.94356686
,403,2,1,0.5144738
,403,3,2,1.0
,404,0,2,1.0
,404,1,0,0.7486816
,404,2,0,0.7535812
,404,3,0,0.725204
,405,0,1,0.8825966
,405,1,0,0.50226665
,405,2,0,0.502393
,405,3,2,1.0
,406,0,2,1.0
,406,1,0,0.7545367
,406,2,0,0.75455135
,406,3,0,0.73805845
,407,0,0,0.72588396
,407,1,0,0.7562044
,407,2,0,0.75735956
,407,3,2,1.0
,408,0,2,1.0
,408,1,1,0.5594093
,408,2,0,0.50152653
,408,3,1,0.8555608
,409,0,0,0.78262717
,409,1,2,1.0
,409,2,0,0.7546406
,409,3,0,0.7020575
,410,0,0,0.75854385
,410,1,0,0.738843
,410,2,0,0.75768685
,410,3,2,1.0
,411,0,0,0.75825065
,411,1,2,1.0
,411,2,0,0.71064293
,411,3,0,0.78321767
,412,0,0,0.75773245
,412,1,0,0.7388476
,412,2,2,1.0
,412,3,0,0.75855523
,413,0,0,0.71064353
,413,1,2,1.0
,413,2,0,0.7832178
,413,3,0,0.75825673
,414,0,2,1.0
,414,1,0,0.73884386
,414,2,0,0.7585496
,414,3,0,0.7582534
,415,0,0,0.7258864
,415,1,2,1.0
,415,2,0,0.75740707
,415,3,0,0.756249
,416,0,2,1.0
,416,1,1,0.85519606
,416,2,0,0.50153524
,416,3,1,0.5593964
,417,0,0,0.73820835
,417,1,0,0.7500872
,417,2,0,0.7546989
,417,3,2,1.0
,418,0,2,1.0
,418,1,0,0.7105444
,418,2,0,0.7582118
,418,3,0,0.7832041
,419,0,0,0.7388181
,419,1,2,1.0
,419,2,0,0.75827056
,419,3,0,0.75736463
,420,0,2,1.0
,420,1,0,0.78178257
,420,2,0,0.7578921
,420,3,0,0.65304893
,421,0,0,0.778484
,421,1,0,0.64838976
,421,2,0,0.75337553
,421,3,3,1.0
,422,0,0,0.70371413
,422,1,3,1.0
,422,2,0,0.7518505
,422,3,0,0.8535784
,423,0,2,1.0
,423,1,0,0.85342574
,423,2,0,0.7569155
,423,3,0,0.7104464
,424,0,0,0.78130144
,424,1,0,0.69803077
,424,2,0,0.7573139
,424,3,2,1.0
,425,0,1,0.55883145
,425,1,2,1.0
,425,2,0,0.5014663
,425,3,1,0.855588
,426,0,2,1.0
,426,1,0,0.7826217
,426,2,0,0.7546462
,426,3,0,0.7020573
,427,0,0,0.73884284
,427,1,0,0.7580045
,427,2,0,0.75822663
,427,3,2,1.0
,428,0,2,1.0
,428,1,0,0.71064204
,428,2,0,0.75825137
,428,3,0,0.78271604
,429,0,0,0.78270173
,429,1,2,1.0
,429,2,0,0.7582351
,429,3,0,0.7109376
,430,0,0,0.7109423
,430,1,0,0.783198
,430,2,0,0.75823694
,430,3,2,1.0
,431,0,2,1.0
,431,1,0,0.75801575
,431,2,0,0.7582722
,431,3,0,0.7388478
,432,0,0,0.78321767
,432,1,0,0.7106473
,432,2,0,0.75825375
,432,3,2,1.0
,433,0,0,0.75855136
,433,1,2,1.0
,433,2,0,0.7582745
,433,3,0,0.7388523
,434,0,0,0.7577528
,434,1,0,0.7388641
,434,2,0,0.75828934
,434,3,2,1.0
,435,0,0,0.71063894
,435,1,2,1.0
,435,2,0,0.7582521
,435,3,0,0.7827161
,436,0,2,1.0
,436,1,0,0.78270155
,436,2,0,0.7582353
,436,3,0,0.7109372
,437,0,0,0.7820958
,437,1,0,0.71090674
,437,2,0,0.7582344
,437,3,2,1.0
,438,0,0,0.6530955
,438,1,2,1.0
,438,2,0,0.7578722
,438,3,0,0.7823772
,439,0,3,1.0
,439,1,0,0.7795894
,439,2,0,0.75405496
,439,3,0,0.7061908
,440,0,0,0.82066673
,440,1,0,0.7569937
,440,2,0,0.75723714
,440,3,2,1.0
,441,0,2,1.0
,441,1,0,0.71065575
,441,2,0,0.7577237
,441,3,0,0.78323627
,442,0,0,0.7831955
,442,1,2,1.0
,442,2,0,0.71061534
,442,3,0,0.7584987
,443,0,0,0.7576515
,443,1,0,0.7258674
,443,2,2,1.0
,443,3,0,0.75623345
,444,0,0,0.5005653
,444,1,2,1.0
,444,2,1,0.8552183
,444,3,1,0.55944073
,445,0,0,0.69263136
,445,1,0,0.7817844
,445,2,0,0.7484631
,445,3,2,1.0
,446,0,2,1.0
,446,1,0,0.5020706
,446,2,1,0.55967754
,446,3,1,0.8552312
,447,0,0,0.73820794
,447,1,0,0.75415957
,447,2,2,1.0
,447,3,0,0.7506314
,448,0,2,1.0
,448,1,0,0.7105912
,448,2,0,0.78321445
,448,3,0,0.75762343
,449,0,0,0.78255713
,449,1,2,1.0
,449,2,0,0.75849605
,449,3,0,0.7106073
,450,0,0,0.6971115
,450,1,0,0.7823635
,450,2,0,0.7561819
,450,3,2,1.0
,451,0,2,1.0
,451,1,0,0.50136125
,451,2,1,0.5594805
,451,3,1,0.8552286
,452,0,0,0.7821289
,452,1,0,0.7066089
,452,2,2,1.0
,452,3,0,0.750588
,453,0,0,0.7109265
,453,1,2,1.0
,453,2,0,0.78269905
,453,3,0,0.758145
,454,0,2,1.0
,454,1,0,0.78255767
,454,2,0,0.7109265
,454,3,0,0.75821227
,455,0,0,0.7823767
,455,1,0,0.6971125
,455,2,2,1.0
,455,3,0,0.75617903
,456,0,0,0.5021032
,456,1,2,1.0
,456,2,1,0.85523826
,456,3,1,0.55947405
,457,0,0,0.75371635
,457,1,0,0.72514504
,457,2,0,0.74819976
,457,3,2,1.0
,458,0,1,0.50257564
,458,1,2,1.0
,458,2,1,0.57678354
,458,3,1,0.8561991
,459,0,1,0.5867378
,459,1,1,0.85787934
,459,2,2,1.0
,459,3,1,0.5221286
,460,0,2,1.0
,460,1,1,0.5201579
,460,2,1,0.8578543
,460,3,1,0.5871443
,461,0,1,0.88415515
,461,1,1,0.508748
,461,2,1,0.51749307
,461,3,2,1.0
,462,0,2,1.0
,462,1,0,0.7534552
,462,2,0,0.75339335
,462,3,0,0.7250527
,463,0,1,0.88953274
,463,1,1,0.5013545
,463,2,0,0.5006272
,463,3,2,1.0
,464,0,2,1.0
,464,1,1,0.58781976
,464,2,1,0.5114202
,464,3,1,0.85909045
,465,0,1,0.94477737
,465,1,2,1.0
,465,2,1,0.52678394
,465,3,1,0.6108396
,466,0,1,0.5980368
,466,1,1,0.85797447
,466,2,1,0.5118309
,466,3,2,1.0
,467,0,2,1.0
,467,1,1,0.5191071
,467,2,1,0.5101886
,467,3,1,0.8909379
,468,0,1,0.8910916
,468,1,1,0.51070356
,468,2,1,0.5124407
,468,3,2,1.0
,469,0,2,1.0
,469,1,1,0.51155704
,469,2,1,0.58740664
,469,3,1,0.85960644
,470,0,1,0.85819334
,470,1,1,0.5112019
,470,2,2,1.0
,470,3,1,0.64371157
,471,0,0,0.6983559
,471,1,0,0.75134844
,471,2,0,0.7799601
,471,3,3,1.0
,472,0,2,1.0
,472,1,0,0.75651336
,472,2,0,0.7575279
,472,3,0,0.8206604
,473,0,0,0.7824024
,473,1,0,0.6968477
,473,2,0,0.7573574
,473,3,2,1.0
,474,0,0,0.50141597
,474,1,2,1.0
,474,2,0,0.50077045
,474,3,1,0.88950205
,475,0,1,0.51004773
,475,1,1,0.891028
,475,2,1,0.51006347
,475,3,2,1.0
,476,0,1,0.5104376
,476,1,2,1.0
,476,2,1,0.51039714
,476,3,1,0.8910477
,477,0,1,0.5119921
,477,1,1,0.8910675
,477,2,1,0.5104163
,477,3,2,1.0
,478,0,1,0.57043225
,478,1,2,1.0
,478,2,1,0.5096805
,478,3,1,0.8576131
,479,0,2,1.0
,479,1,0,0.78179204
,479,2,0,0.75359666
,479,3,0,0.68800944
,480,0,1,0.85484797
,480,1,0,0.50367093
,480,2,0,0.5029553
,480,3,2,1.0
,481,0,0,0.7074136
,481,1,0,0.75868285
,481,2,0,0.7593356
,481,3,2,1.0
,482,0,2,1.0
,482,1,0,0.69950104
,482,2,0,0.7579293
,482,3,0,0.7829134
,483,0,1,0.7455522
,483,1,2,1.0
,483,2,0,0.5554129
,483,3,0,0.5560015
,484,0,2,1.0
,484,1,0,0.7655401
,484,2,0,0.73674643
,484,3,0,0.73675346
,485,0,0,1.0
,485,1,0,1.0
,485,2,0,1.0
,485,3,2,0.5213337
,486,0,1,0.5133889
,486,1,1,0.5114763
,486,2,2,1.0
,486,3,1,0.89106345
,487,0,1,0.6022554
,487,1,1,0.5301436
,487,2,1,0.94441783
,487,3,2,1.0
,488,0,2,1.0
,488,1,1,0.6359196
,488,2,1,0.5226521
,488,3,1,0.85827374
,489,0,0,0.77993405
,489,1,3,1.0
,489,2,0,0.74996656
,489,3,0,0.69825983
,490,0,0,0.7567972
,490,1,0,0.85354894
,490,2,0,0.65101534
,490,3,2,1.0
,491,0,0,0.75402164
,491,1,0,0.70707643
,491,2,3,1.0
,491,3,0,0.7789344
,492,0,0,0.7554611
,492,1,2,1.0
,492,2,0,0.8533528
,492,3,0,0.6956707
,493,0,1,0.52851456
,493,1,1,0.8555414
,493,2,0,0.501744
,493,3,2,1.0
,494,0,3,1.0
,494,1,1,0.5374396
,494,2,1,0.58831847
,494,3,1,0.94507825
,495,0,0,0.83621764
,495,1,0,0.7520433
,495,2,2,1.0
,495,3,0,0.7461503
,496,0,3,1.0
,496,1,1,0.51192975
,496,2,1,0.86124676
,496,3,1,0.57284695
,497,0,0,0.8206746
,497,1,0,0.75339484
,497,2,0,0.7488463
,497,3,2,1.0
,498,0,2,1.0
,498,1,0,0.75754994
,498,2,0,0.7105408
,498,3,0,0.78323215
,499,0,0,0.7815755
,499,1,0,0.6991652
,499,2,2,1.0
,499,3,0,0.75810444
,500,0,1,0.5270314
,500,1,2,1.0
,500,2,1,0.6980664
,500,3,0,0.5487914
,501,0,2,1.0
,501,1,1,0.89100856
,501,2,1,0.514404
,501,3,1,0.50801396
,502,0,1,0.9555937
,502,1,2,1.0
,502,2,1,0.52526945
,502,3,1,0.5251004
,503,0,2,1.0
,503,1,0,0.7250185
,503,2,0,0.7532707
,503,3,0,0.75327235
,504,0,1,0.8825971
,504,1,2,1.0
,504,2,0,0.5023841
,504,3,0,0.5023758
,505,0,2,1.0
,505,1,0,0.73806196
,505,2,0,0.7545568
,505,3,0,0.75401133
,506,0,0,0.78321034
,506,1,2,1.0
,506,2,0,0.75820965
,506,3,0,0.710594
,507,0,0,0.75801575
,507,1,0,0.73884743
,507,2,0,0.75827163
,507,3,2,1.0
,508,0,0,0.7106423
,508,1,2,1.0
,508,2,0,0.7582519
,508,3,0,0.78271604
,509,0,2,1.0
,509,1,0,0.78270173
,509,2,0,0.7582351
,509,3,0,0.7109376
,510,0,0,0.7832036
,510,1,0,0.7109423
,510,2,0,0.75823075
,510,3,2,1.0
,511,0,0,0.7585552
,511,1,2,1.0
,511,2,0,0.75773215
,511,3,0,0.73884755
,512,0,0,0.75824606
,512,1,0,0.7825716
,512,2,0,0.7106277
,512,3,2,1.0
,513,0,0,0.757295
,513,1,0,0.69707227
,513,2,2,1.0
,513,3,0,0.7809882
,514,0,1,0.5007779
,514,1,2,1.0
,514,2,1,0.8563058
,514,3,1,0.5770187
,515,0,1,0.53157353
,515,1,1,0.98472625
,515,2,1,0.5410317
,515,3,2,1.0
,516,0,1,0.52706903
,516,1,2,1.0
,516,2,1,0.52736115
,516,3,1,0.95838726
,517,0,1,0.50956327
,517,1,1,0.8844112
,517,2,1,0.5111938
,517,3,2,1.0
,518,0,0,0.75335443
,518,1,2,1.0
,518,2,0,0.64786357
,518,3,0,0.7821105
,519,0,0,0.7058073
,519,1,0,0.7796012
,519,2,3,1.0
,519,3,0,0.75380063
,520,0,2,1.0
,520,1,0,0.75670725
,520,2,0,0.8538982
,520,3,0,0.7091895
,521,0,0,0.7825408
,521,1,0,0.7105874
,521,2,0,0.75929993
,521,3,2,1.0
,522,0,0,0.6962338
,522,1,2,1.0
,522,2,0,0.7571113
,522,3,0,0.78215814
,523,0,2,1.0
,523,1,1,0.95810735
,523,2,1,0.51817745
,523,3,1,0.5175162
,524,0,1,0.9585211
,524,1,2,1.0
,524,2,1,0.5269626
,524,3,1,0.5269451
,525,0,2,1.0
,525,1,1,0.95852184
,525,2,1,0.52716464
,525,3,1,0.52716357
,526,0,1,0.9556214
,526,1,2,1.0
,526,2,1,0.5257251
,526,3,1,0.52570355
,527,0,2,1.0
,527,1,0,0.7249181
,527,2,0,0.7517299
,527,3,0,0.7531404
,528,0,1,0.8562872
,528,1,2,1.0
,528,2,1,0.5775824
,528,3,1,0.50411814
,529,0,1,0.5350757
,529,1,1,0.9442421
,529,2,2,1.0
,529,3,1,0.6487344
,530,0,0,0.75113976
,530,1,0,0.7451538
,530,2,0,0.73506826
,530,3,3,1.0
,531,0,0,0.75649416
,531,1,0,0.6509521
,531,2,2,1.0
,531,3,0,0.85392565
,532,0,0,0.75409555
,532,1,3,1.0
,532,2,0,0.73470974
,532,3,0,0.7552283
,533,0,0,0.75644773
,533,1,0,0.8108526
,533,2,2,1.0
,533,3,0,0.7564745
,534,0,0,0.50186175
,534,1,2,1.0
,534,2,1,0.8825468
,534,3,0,0.5025929
,535,0,0,0.7064436
,535,1,0,0.78249264
,535,2,2,1.0
,535,3,0,0.7539634
,536,0,2,1.0
,536,1,0,0.7578108
,536,2,0,0.78318995
,536,3,0,0.71055645
,537,0,0,0.7823759
,537,1,0,0.69684315
,537,2,0,0.7576357
,537,3,2,1.0
,538,0,0,0.50210994
,538,1,2,1.0
,538,2,0,0.50241286
,538,3,1,0.8826329
,539,0,0,0.69242644
,539,1,0,0.7802789
,539,2,0,0.75353545
,539,3,2,1.0
,540,0,2,1.0
,540,1,1,0.5759164
,540,2,1,0.5005976
,540,3,1,0.8561661
,541,0,1,0.8908946
,541,1,2,1.0
,541,2,1,0.5097205
,541,3,1,0.51893306
,542,0,2,1.0
,542,1,1,0.8842654
,542,2,1,0.5088038
,542,3,1,0.5090323
,543,0,0,0.7826956
,543,1,2,1.0
,543,2,0,0.75393635
,543,3,0,0.754595
,544,0,0,0.761706
,544,1,2,1.0
,544,2,0,0.7014886
,544,3,0,0.75999683
,545,0,1,0.50190866
,545,1,1,0.8561504
,545,2,2,1.0
,545,3,1,0.5764181
,546,0,1,0.5697928
,546,1,1,0.5189946
,546,2,1,0.8569783
,546,3,2,1.0
,547,0,2,1.0
,547,1,0,0.70633215
,547,2,0,0.7505499
,547,3,0,0.78260225
,548,0,0,0.7258652
,548,1,2,1.0
,548,2,0,0.7572955
,548,3,0,0.75650597
,549,0,2,1.0
,549,1,1,0.855561
,549,2,0,0.50152475
,549,3,1,0.5594021
,550,0,0,0.7819793
,550,1,0,0.7020407
,550,2,0,0.7546352
,550,3,2,1.0
,551,0,0,0.69705606
,551,1,2,1.0
,551,2,0,0.75724995
,551,3,0,0.7809879
,552,0,2,1.0
,552,1,1,0.8572662
,552,2,1,0.5007439
,552,3,1,0.5768007
,553,0,1,0.94435173
,553,1,1,0.6107053
,553,2,1,0.52645564
,553,3,2,1.0
,554,0,1,0.52159727
,554,1,2,1.0
,554,2,1,0.51072395
,554,3,1,0.8910094
,555,0,1,0.5125247
,555,1,1,0.8914041
,555,2,1,0.5106429
,555,3,2,1.0
,556,0,1,0.5858781
,556,1,2,1.0
,556,2,1,0.52548593
,556,3,1,0.94423074
,557,0,2,1.0
,557,1,0,0.7819393
,557,2,0,0.75427955
,557,3,0,0.7008558
,558,0,0,0.78178585
,558,1,0,0.697132
,558,2,0,0.757242
,558,3,2,1.0
,559,0,1,0.5312981
,559,1,2,1.0
,559,2,1,0.50078166
,559,3,1,0.8555659
,560,0,3,1.0
,560,1,1,0.8609321
,560,2,1,0.5784786
,560,3,1,0.52715623
,561,0,0,0.8206682
,561,1,0,0.7486899
,561,2,2,1.0
,561,3,0,0.7532181
,562,0,2,1.0
,562,1,0,0.69674164
,562,2,0,0.78237325
,562,3,0,0.7573064
,563,0,1,0.8895249
,563,1,2,1.0
,563,2,1,0.5001759
,563,3,0,0.5007441
,564,0,2,1.0
,564,1,1,0.8571306
,564,2,1,0.57005024
,564,3,1,0.50968343
,565,0,0,0.78067374
,565,1,0,0.749635
,565,2,2,1.0
,565,3,0,0.7311348
,566,0,1,0.5811709
,566,1,1,0.5213897
,566,2,1,0.94527835
,566,3,3,1.0
,567,0,2,1.0
,567,1,0,0.75173587
,567,2,0,0.68411607
,567,3,0,0.8522589
,568,0,1,0.9437447
,568,1,1,0.51781607
,568,2,2,1.0
,568,3,1,0.5888036
,569,0,0,0.5280268
,569,1,0,0.53827775
,569,2,1,0.74677813
,569,3,2,1.0
,570,0,0,0.75445026
,570,1,0,0.7551117
,570,2,2,1.0
,570,3,0,0.7382029
,571,0,0,0.71059525
,571,1,0,0.7582144
,571,2,0,0.7827147
,571,3,2,1.0
,572,0,2,1.0
,572,1,0,0.7582365
,572,2,0,0.71094257
,572,3,0,0.7832035
,573,0,0,0.73885256
,573,1,0,0.7582743
,573,2,2,1.0
,573,3,0,0.75855744
,574,0,2,1.0
,574,1,0,0.75828964
,574,2,0,0.73886245
,574,3,0,0.7582928
,575,0,0,0.72837603
,575,1,0,0.7579698
,575,2,2,1.0
,575,3,0,0.75796986
,576,0,2,1.0
,576,1,0,0.5550546
,576,2,1,0.79284793
,576,3,0,0.5550546
,577,0,0,0.73570144
,577,1,0,0.75277936
,577,2,3,1.0
,577,3,0,0.7527792
,578,0,2,1.0
,578,1,0,0.75645065
,578,2,0,0.8108525
,578,3,0,0.7564367
,579,0,1,0.88254666
,579,1,0,0.5025964
,579,2,2,1.0
,579,3,0,0.5018617
,580,0,2,1.0
,580,1,0,0.7542151
,580,2,0,0.78249174
,580,3,0,0.7064507
,581,0,0,0.7813347
,581,1,0,0.7324617
,581,2,0,0.7576727
,581,3,2,1.0
,582,0,1,0.5713295
,582,1,3,1.0
,582,2,1,0.51115364
,582,3,1,0.86096185
,583,0,2,1.0
,583,1,0,0.82067025
,583,2,0,0.7533955
,583,3,0,0.74939996
,584,0,0,0.72590894
,584,1,2,1.0
,584,2,0,0.75621617
,584,3,0,0.7573258
,585,0,2,1.0
,585,1,1,0.8556674
,585,2,1,0.55942726
,585,3,0,0.50151014
,586,0,0,0.78119165
,586,1,0,0.68799263
,586,2,2,1.0
,586,3,0,0.75369847
,587,0,1,0.53131706
,587,1,2,1.0
,587,2,1,0.85635537
,587,3,0,0.5007116
,588,0,3,1.0
,588,1,1,0.86128634
,588,2,1,0.5876211
,588,3,1,0.51782095
,589,0,0,0.853538
,589,1,0,0.7003394
,589,2,2,1.0
,589,3,0,0.75298953
,590,0,0,0.711819
,590,1,2,1.0
,590,2,0,0.7831733
,590,3,0,0.758157
,591,0,2,1.0
,591,1,0,0.7258686
,591,2,0,0.7565157
,591,3,0,0.7573853
,592,0,1,0.8556745
,592,1,2,1.0
,592,2,1,0.5594195
,592,3,0,0.5015077
,593,0,0,0.68706477
,593,1,0,0.7815649
,593,2,2,1.0
,593,3,0,0.75347733
,594,0,2,1.0
,594,1,1,0.5172944
,594,2,1,0.95796967
,594,3,1,0.5180869
,595,0,1,0.891177
,595,1,1,0.5108968
,595,2,2,1.0
,595,3,1,0.5128823
,596,0,2,1.0
,596,1,1,0.5115078
,596,2,1,0.8580159
,596,3,1,0.587246
,597,0,1,0.8909329
,597,1,1,0.5101163
,597,2,1,0.51914483
,597,3,2,1.0
,598,0,2,1.0
,598,1,1,0.5105227
,598,2,1,0.5126721
,598,3,1,0.891092
,599,0,1,0.858066
,599,1,1,0.51353055
,599,2,1,0.58735204
,599,3,2,1.0
,600,0,1,0.5217902
,600,1,1,0.58701533
,600,2,2,1.0
,600,3,1,0.8578792
,601,0,1,0.57035273
,601,1,2,1.0
,601,2,1,0.8573648
,601,3,1,0.5183574
,602,0,2,1.0
,602,1,0,0.7826169
,602,2,0,0.702021
,602,3,0,0.7544082
,603,0,0,0.7388395
,603,1,0,0.75853735
,603,2,2,1.0
,603,3,0,0.75821793
,604,0,2,1.0
,604,1,0,0.75735766
,604,2,0,0.72590846
,604,3,0,0.7573906
,605,0,1,0.88952744
,605,1,1,0.50121444
,605,2,2,1.0
,605,3,0,0.5007131
,606,0,2,1.0
,606,1,1,0.58695376
,606,2,1,0.8579948
,606,3,1,0.512737
,607,0,1,0.85746944
,607,1,2,1.0
,607,2,1,0.51837415
,607,3,1,0.5701386
,608,0,0,0.68794477
,608,1,0,0.7817303
,608,2,0,0.75345945
,608,3,2,1.0
,609,0,2,1.0
,609,1,1,0.50022316
,609,2,0,0.5005996
,609,3,1,0.8895362
,610,0,1,0.85714495
,610,1,1,0.57009435
,610,2,1,0.5102941
,610,3,2,1.0
,611,0,0,0.74842674
,611,1,2,1.0
,611,2,0,0.692473
,611,3,0,0.7817728
,612,0,1,0.5596911
,612,1,1,0.8556003
,612,2,2,1.0
,612,3,0,0.5020623
,613,0,2,1.0
,613,1,0,0.7020508
,613,2,0,0.7826246
,613,3,0,0.75410444
,614,0,0,0.78319335
,614,1,2,1.0
,614,2,0,0.75850797
,614,3,0,0.7105729
,615,0,0,0.7580155
,615,1,0,0.7388474
,615,2,0,0.7582689
,615,3,2,1.0
,616,0,0,0.71064186
,616,1,2,1.0
,616,2,0,0.7577116
,616,3,0,0.78321576
,617,0,2,1.0
,617,1,0,0.78319585
,617,2,0,0.7106155
,617,3,0,0.7585117
,618,0,0,0.72592103
,618,1,0,0.7576885
,618,2,2,1.0
,618,3,0,0.75740796
,619,0,2,1.0
,619,1,0,0.5025165
,619,2,1,0.8825897
,619,3,0,0.5025095
,620,0,0,0.73805845
,620,1,0,0.75453955
,620,2,2,1.0
,620,3,0,0.7545527
,621,0,2,1.0
,621,1,0,0.7562046
,621,2,0,0.72588444
,621,3,0,0.7573597
,622,0,1,0.8551919
,622,1,1,0.55939716
,622,2,2,1.0
,622,3,0,0.501534
,623,0,0,0.7506412
,623,1,2,1.0
,623,2,0,0.7382137
,623,3,0,0.7547015
,624,0,0,0.75820374
,624,1,0,0.7388673
,624,2,2,1.0
,624,3,0,0.7582363
,625,0,0,0.75828725
,625,1,2,1.0
,625,2,0,0.7388351
,625,3,0,0.7570942
,626,0,0,0.7578852
,626,1,0,0.78290695
,626,2,2,1.0
,626,3,0,0.6527441
,627,0,0,0.75357145
,627,1,0,0.7544126
,627,2,0,0.7346954
,627,3,3,1.0
,628,0,0,0.7091936
,628,1,0,0.75698733
,628,2,2,1.0
,628,3,0,0.85390025
,629,0,2,1.0
,629,1,0,0.7579508
,629,2,0,0.6842345
,629,3,0,0.75905174
,630,0,0,0.7345569
,630,1,0,0.7539549
,630,2,3,1.0
,630,3,0,0.7539739
,631,0,2,1.0
,631,1,0,0.7567207
,631,2,0,0.8206667
,631,3,0,0.7572622
,632,0,0,0.78273684
,632,1,0,0.7106527
,632,2,2,1.0
,632,3,0,0.7582644
,633,0,0,0.710938
,633,1,2,1.0
,633,2,0,0.78270185
,633,3,0,0.7582354
,634,0,2,1.0
,634,1,0,0.7832035
,634,2,0,0.7109424
,634,3,0,0.7582368
,635,0,0,0.73884463
,635,1,0,0.75854695
,635,2,2,1.0
,635,3,0,0.7582638
,636,0,2,1.0
,636,1,0,0.7572015
,636,2,0,0.7250637
,636,3,0,0.7571983
,637,0,1,0.955162
,637,1,1,0.51661044
,637,2,2,1.0
,637,3,1,0.5166105
,638,0,2,1.0
,638,1,0,0.75427455
,638,2,0,0.738001
,638,3,0,0.7542744
,639,0,0,0.7388457
,639,1,0,0.7582464
,639,2,2,1.0
,639,3,0,0.7582464
,640,0,2,1.0
,640,1,0,0.75799143
,640,2,0,0.6842635
,640,3,0,0.75799155
,641,0,0,0.73455656
,641,1,0,0.7539622
,641,2,3,1.0
,641,3,0,0.7539622
,642,0,2,1.0
,642,1,0,0.75729275
,642,2,0,0.7784195
,642,3,0,0.75729275
,643,0,0,0.73424
,643,1,0,0.75362986
,643,2,3,1.0
,643,3,0,0.7536266
,644,0,2,1.0
,644,1,0,0.75724834
,644,2,0,0.82067
,644,3,0,0.7569638
,645,0,0,0.78246963
,645,1,0,0.75744134
,645,2,2,1.0
,645,3,0,0.73241216
,646,0,1,0.5099725
,646,1,1,0.5106199
,646,2,1,0.88761526
,646,3,3,1.0
,647,0,0,0.75271374
,647,1,0,0.7532615
,647,2,2,1.0
,647,3,0,0.7784568
,648,0,0,0.7052107
,648,1,0,0.7527911
,648,2,0,0.7791546
,648,3,3,1.0
,649,0,2,1.0
,649,1,0,0.69533414
,649,2,0,0.7563344
,649,3,0,0.8533929
,650,0,1,0.88261586
,650,1,2,1.0
,650,2,0,0.5024165
,650,3,0,0.504916
,651,0,2,1.0
,651,1,0,0.72508866
,651,2,0,0.7536585
,651,3,0,0.7536689
,652,0,1,0.8826146
,652,1,2,1.0
,652,2,0,0.5023541
,652,3,0,0.50140387
,653,0,2,1.0
,653,1,0,0.78035647
,653,2,0,0.7533526
,653,3,0,0.6915615
,654,0,1,0.9437266
,654,1,1,0.576983
,654,2,1,0.5171148
,654,3,2,1.0
,655,0,0,0.700886
,655,1,2,1.0
,655,2,0,0.75439304
,655,3,0,0.7825865
,656,0,2,1.0
,656,1,0,0.7388426
,656,2,0,0.7582232
,656,3,0,0.7580036
,657,0,0,0.78321767
,657,1,2,1.0
,657,2,0,0.7582532
,657,3,0,0.7106471
,658,0,0,0.75855136
,658,1,0,0.7388523
,658,2,0,0.7582745
,658,3,2,1.0
,659,0,0,0.7577528
,659,1,2,1.0
,659,2,0,0.75828934
,659,3,0,0.7388643
,660,0,0,0.71064407
,660,1,0,0.7832179
,660,2,0,0.75825393
,660,3,2,1.0
,661,0,2,1.0
,661,1,0,0.75855744
,661,2,0,0.75826657
,661,3,0,0.7388522
,662,0,0,0.73885435
,662,1,0,0.75828385
,662,2,0,0.757594
,662,3,2,1.0
,663,0,2,1.0
,663,1,0,0.7573603
,663,2,0,0.69682145
,663,3,0,0.7823986
,664,0,1,0.9078368
,664,1,0,0.5016772
,664,2,2,1.0
,664,3,0,0.5023122
,665,0,3,1.0
,665,1,0,0.75238407
,665,2,0,0.7359038
,665,3,0,0.75170517
,666,0,0,0.8533649
,666,1,0,0.7545536
,666,2,2,1.0
,666,3,0,0.6952499
,667,0,0,0.5020553
,667,1,1,0.57649726
,667,2,1,0.8561347
,667,3,2,1.0
,668,0,1,0.50811374
,668,1,2,1.0
,668,2,1,0.51773435
,668,3,1,0.88412327
,669,0,0,0.75347316
,669,1,0,0.78055084
,669,2,0,0.7308846
,669,3,2,1.0
,670,0,1,0.5212835
,670,1,1,0.581174
,670,2,3,1.0
,670,3,1,0.94527507
,671,0,0,0.7519798
,671,1,2,1.0
,671,2,0,0.8534004
,671,3,0,0.6850911
,672,0,0,0.5022829
,672,1,1,0.88262326
,672,2,0,0.50489527
,672,3,2,1.0
,673,0,0,0.7545519
,673,1,2,1.0
,673,2,0,0.7545879
,673,3,0,0.7380668
,674,0,0,0.75770545
,674,1,0,0.73886216
,674,2,0,0.7582456
,674,3,2,1.0
,675,0,0,0.7106383
,675,1,2,1.0
,675,2,0,0.7582456
,675,3,0,0.7827161
,676,0,2,1.0
,676,1,0,0.7831891
,676,2,0,0.7576944
,676,3,0,0.71093655
,677,0,0,0.7832003
,677,1,0,0.7573232
,677,2,0,0.7105872
,677,3,2,1.0
,678,0,0,0.75815433
,678,1,0,0.6527492
,678,2,2,1.0
,678,3,0,0.7823755
,679,0,0,0.75403386
,679,1,3,1.0
,679,2,0,0.7789367
,679,3,0,0.7061542
,680,0,0,0.75487036
,680,1,0,0.85338527
,680,2,0,0.69562334
,680,3,2,1.0
,681,0,1,0.55947447
,681,1,0,0.5039435
,681,2,2,1.0
,681,3,1,0.85524195
,682,0,2,1.0
,682,1,0,0.7537657
,682,2,0,0.76117665
,682,3,0,0.7472156
,683,0,1,0.94522685
,683,1,1,0.52167183
,683,2,3,1.0
,683,3,1,0.64454156
,684,0,0,0.7446373
,684,1,0,0.74961084
,684,2,0,0.82066727
,684,3,3,1.0
,685,0,0,0.75598705
,685,1,0,0.7572408
,685,2,2,1.0
,685,3,0,0.8206481
,686,0,0,0.6527604
,686,1,0,0.7578992
,686,2,0,0.78292936
,686,3,2,1.0
,687,0,3,1.0
,687,1,0,0.753572
,687,2,0,0.75441283
,687,3,0,0.73469555
,688,0,0,0.85353047
,688,1,0,0.709214
,688,2,0,0.75698555
,688,3,2,1.0
,689,0,0,0.7117987
,689,1,2,1.0
,689,2,0,0.75821304
,689,3,0,0.7820894
,690,0,2,1.0
,690,1,0,0.7828926
,690,2,0,0.757874
,690,3,0,0.65307164
,691,0,0,0.734717
,691,1,0,0.754414
,691,2,0,0.754119
,691,3,3,1.0
,692,0,2,1.0
,692,1,0,0.7572496
,692,2,0,0.756889
,692,3,0,0.8206662
,693,0,0,0.7826961
,693,1,0,0.75654644
,693,2,0,0.72512054
,693,3,2,1.0
,694,0,0,0.5183858
,694,1,1,0.5434688
,694,2,3,1.0
,694,3,1,0.7019644
,695,0,0,0.75253147
,695,1,2,1.0
,695,2,0,0.85260504
,695,3,0,0.6883776
,696,0,0,0.50132865
,696,1,1,0.85559475
,696,2,1,0.55703837
,696,3,2,1.0
,697,0,0,0.75464517
,697,1,0,0.70205814
,697,2,2,1.0
,697,3,0,0.78262764
,698,0,0,0.75822085
,698,1,2,1.0
,698,2,0,0.73883915
,698,3,0,0.758525
,699,0,0,0.75740343
,699,1,0,0.7258864
,699,2,2,1.0
,699,3,0,0.7562521
,700,0,0,0.5015351
,700,1,2,1.0
,700,2,1,0.855192
,700,3,1,0.55939597
,701,0,0,0.7546996
,701,1,0,0.7382072
,701,2,0,0.7506392
,701,3,2,1.0
,702,0,0,0.7579369
,702,1,2,1.0
,702,2,0,0.757891
,702,3,0,0.728418
,703,0,0,0.55590594
,703,1,1,0.745521
,703,2,0,0.55591315
,703,3,2,1.0
,704,0,0,0.7547896
,704,1,2,1.0
,704,2,0,0.7553338
,704,3,0,0.7382236
,705,0,0,0.7105995
,705,1,0,0.7827146
,705,2,0,0.75821704
,705,3,2,1.0
,706,0,2,1.0
,706,1,0,0.7109375
,706,2,0,0.75823474
,706,3,0,0.78270173
,707,0,0,0.7827019
,707,1,2,1.0
,707,2,0,0.7582351
,707,3,0,0.71093756
,708,0,0,0.7109423
,708,1,0,0.783198
,708,2,0,0.75823694
,708,3,2,1.0
,709,0,2,1.0
,709,1,0,0.7580159
,709,2,0,0.7582722
,709,3,0,0.73884773
,710,0,0,0.78321767
,710,1,0,0.71064717
,710,2,0,0.7582534
,710,3,2,1.0
,711,0,0,0.7585488
,711,1,2,1.0
,711,2,0,0.75823927
,711,3,0,0.73884296
,712,0,0,0.7573392
,712,1,0,0.72577393
,712,2,0,0.7549978
,712,3,2,1.0
,713,0,1,0.5022472
,713,1,2,1.0
,713,2,1,0.6252195
,713,3,1,0.8561733
,714,0,0,0.64481264
,714,1,0,0.7788244
,714,2,3,1.0
,714,3,0,0.7466149
,715,0,3,1.0
,715,1,0,0.7037631
,715,2,0,0.8539467
,715,3,0,0.75178564
,716,0,0,0.82066697
,716,1,2,1.0
,716,2,0,0.75837
,716,3,0,0.75666326
,717,0,2,1.0
,717,1,0,0.7827367
,717,2,0,0.7582769
,717,3,0,0.71065176
,718,0,0,0.78270173
,718,1,0,0.710938
,718,2,0,0.7582353
,718,3,2,1.0
,719,0,0,0.71093327
,719,1,2,1.0
,719,2,0,0.7582237
,719,3,0,0.7831914
,720,0,2,1.0
,720,1,0,0.7258657
,720,2,0,0.7569236
,720,3,0,0.75720793
,721,0,1,0.86690307
,721,1,2,1.0
,721,2,1,0.5229383
,721,3,1,0.52293086
,722,0,0,1.0
,722,1,0,1.0
,722,2,2,0.5094453
,722,3,0,1.0
,723,0,0,0.76039976
,723,1,0,0.76039964
,723,2,0,0.81718326
,723,3,2,1.0
,724,0,0,0.7622977
,724,1,0,0.7622977
,724,2,0,0.7158975
,724,3,2,1.0
,725,0,0,0.7583271
,725,1,0,0.75832707
,725,2,2,1.0
,725,3,0,0.7388589
,726,0,0,0.7573999
,726,1,0,0.7573999
,726,2,0,0.7259369
,726,3,2,1.0
,727,0,0,0.5012871
,727,1,0,0.5012871
,727,2,2,1.0
,727,3,1,0.87125456
,728,0,1,0.5149979
,728,1,1,0.5149979
,728,2,1,0.8867491
,728,3,3,1.0
,729,0,0,0.7532035
,729,1,0,0.7532035
,729,2,2,1.0
,729,3,0,0.820678
,730,0,0,0.7582477
,730,1,0,0.7582477
,730,2,0,0.7388822
,730,3,2,1.0
,731,0,0,0.7573929
,731,1,0,0.7573937
,731,2,2,1.0
,731,3,0,0.7259118
,732,0,0,0.50081646
,732,1,0,0.5008591
,732,2,1,0.889485
,732,3,2,1.0
,733,0,1,0.51079243
,733,1,1,0.50914925
,733,2,2,1.0
,733,3,1,0.9090343
,734,0,0,0.64565367
,734,1,0,0.7516069
,734,2,0,0.7801552
,734,3,3,1.0
,735,0,3,1.0
,735,1,0,0.7523697
,735,2,0,0.7526985
,735,3,0,0.82067186
,736,0,0,0.82066625
,736,1,0,0.75727224
,736,2,0,0.7567345
,736,3,2,1.0
,737,0,2,1.0
,737,1,0,0.7582687
,737,2,0,0.7106348
,737,3,0,0.7832349
,738,0,0,0.6842671
,738,1,0,0.7579716
,738,2,2,1.0
,738,3,0,0.7577008
,739,0,3,1.0
,739,1,0,0.7538914
,739,2,0,0.77944684
,739,3,0,0.7056843
,740,0,0,0.77844346
,740,1,0,0.7572624
,740,2,0,0.75700355
,740,3,2,1.0
,741,0,3,1.0
,741,1,0,0.7530017
,741,2,0,0.705285
,741,3,0,0.77916145
,742,0,0,0.85389847
,742,1,0,0.70917743
,742,2,2,1.0
,742,3,0,0.7567005
,743,0,0,0.7593131
,743,1,2,1.0
,743,2,0,0.78319615
,743,3,0,0.71060246
,744,0,0,0.7582863
,744,1,0,0.73885214
,744,2,0,0.758551
,744,3,2,1.0
,745,0,0,0.7582834
,745,1,2,1.0
,745,2,0,0.7577528
,745,3,0,0.738864
,746,0,0,0.7577118
,746,1,0,0.78321594
,746,2,0,0.71063834
,746,3,2,1.0
,747,0,0,0.7106195
,747,1,0,0.75851774
,747,2,2,1.0
,747,3,0,0.78270125
,748,0,2,1.0
,748,1,0,0.7582399
,748,2,0,0.7832034
,748,3,0,0.71094215
,749,0,0,0.7388443
,749,1,0,0.7582664
,749,2,0,0.7585496
,749,3,2,1.0
,750,0,2,1.0
,750,1,0,0.7574122
,750,2,0,0.75741535
,750,3,0,0.7259004
,751,0,1,0.9078184
,751,1,0,0.5017416
,751,2,0,0.5017417
,751,3,2,1.0
,752,0,3,1.0
,752,1,0,0.75241494
,752,2,0,0.7524148
,752,3,0,0.73593986
,753,0,0,0.82066834
,753,1,0,0.7572526
,753,2,0,0.7572527
,753,3,2,1.0
,754,0,2,1.0
,754,1,0,0.75830615
,754,2,0,0.75830615
,754,3,0,0.73887116
,755,0,0,0.6842635
,755,1,0,0.75799227
,755,2,0,0.7579924
,755,3,2,1.0
,756,0,3,1.0
,756,1,0,0.7539555
,756,2,0,0.7539617
,756,3,0,0.7345571
,757,0,0,0.82066655
,757,1,0,0.7567204
,757,2,0,0.75726205
,757,3,2,1.0
,758,0,2,1.0
,758,1,0,0.7106348
,758,2,0,0.75826854
,758,3,0,0.78324056
,759,0,0,0.684246
,759,1,2,1.0
,759,2,0,0.75797373
,759,3,0,0.75825113
,760,0,3,1.0
,760,1,0,0.7345337
,760,2,0,0.75395775
,760,3,0,0.7534106
,761,0,0,0.85308796
,761,1,2,1.0
,761,2,0,0.7569756
,761,3,0,0.70918405
,762,0,0,0.6540824
,762,1,0,0.7828853
,762,2,0,0.7572971
,762,3,2,0.9999999
,763,0,3,1.0
,763,1,0,0.7543419
,763,2,0,0.7058603
,763,3,0,0.77958584
,764,0,0,0.82066673
,764,1,0,0.7572464
,764,2,2,1.0
,764,3,0,0.7569935
,765,0,2,1.0
,765,1,0,0.75826424
,765,2,0,0.7827367
,765,3,0,0.7106561
,766,0,0,0.78270185
,766,1,0,0.7582354
,766,2,0,0.710938
,766,3,2,1.0
,767,0,0,0.7109422
,767,1,0,0.75823694
,767,2,2,1.0
,767,3,0,0.7831979
,768,0,2,1.0
,768,1,0,0.7582722
,768,2,0,0.7388476
,768,3,0,0.7580159
,769,0,0,0.7827161
,769,1,0,0.7582519
,769,2,2,1.0
,769,3,0,0.71064234
,770,0,0,0.7109423
,770,1,0,0.758237
,770,2,0,0.7831978
,770,3,2,1.0
,771,0,2,1.0
,771,1,0,0.75827205
,771,2,0,0.7580157
,771,3,0,0.73884755
,772,0,0,0.782572
,772,1,0,0.75824326
,772,2,0,0.71063143
,772,3,2,1.0
,773,0,0,0.69711363
,773,1,0,0.75733536
,773,2,2,1.0
,773,3,0,0.7813069
,774,0,2,1.0
,774,1,0,0.5014592
,774,2,1,0.85523766
,774,3,1,0.558836
,775,0,0,0.7251478
,775,1,0,0.7537488
,775,2,0,0.74820185
,775,3,2,1.0
,776,0,2,1.0
,776,1,1,0.5005226
,776,2,1,0.57669747
,776,3,1,0.8569077
,777,0,1,0.8569913
,777,1,1,0.50904477
,777,2,2,1.0
,777,3,1,0.5788061
,778,0,0,0.74852955
,778,1,0,0.753697
,778,2,0,0.7587375
,778,3,2,1.0
,779,0,1,0.57240087
,779,1,1,0.5114934
,779,2,3,1.0
,779,3,1,0.8610673
,780,0,2,1.0
,780,1,0,0.7534141
,780,2,0,0.82066077
,780,3,0,0.74940157
,781,0,0,0.6843129
,781,1,0,0.75795823
,781,2,2,1.0
,781,3,0,0.7573578
,782,0,3,1.0
,782,1,0,0.7538914
,782,2,0,0.7794528
,782,3,0,0.7056803
,783,0,0,0.7784246
,783,1,0,0.7572715
,783,2,0,0.75754917
,783,3,2,1.0
,784,0,3,1.0
,784,1,0,0.7536198
,784,2,0,0.7524055
,784,3,0,0.73417604
,785,0,0,0.8535489
,785,1,0,0.75651896
,785,2,0,0.6510771
,785,3,2,1.0
,786,0,0,0.7070899
,786,1,0,0.7540347
,786,2,3,1.0
,786,3,0,0.7790817
,787,0,2,1.0
,787,1,0,0.75695014
,787,2,0,0.8537012
,787,3,0,0.709522
,788,0,0,0.78019
,788,1,0,0.7573595
,788,2,0,0.73394084
,788,3,2,1.0
,789,0,1,0.6351415
,789,1,1,0.51225734
,789,2,3,1.0
,789,3,1,0.8614497
,790,0,3,1.0
,790,1,0,0.7497078
,790,2,0,0.8206678
,790,3,0,0.74561876
,791,0,0,0.8206679
,791,1,0,0.7572466
,791,2,2,1.0
,791,3,0,0.7571938
,792,0,2,1.0
,792,1,0,0.7583016
,792,2,0,0.7388878
,792,3,0,0.75776136
,793,0,0,0.7832179
,793,1,0,0.7582542
,793,2,2,1.0
,793,3,0,0.7106441
,794,0,0,0.75855136
,794,1,0,0.75827444
,794,2,0,0.7388522
,794,3,2,1.0
,795,0,0,0.7577528
,795,1,0,0.75828946
,795,2,2,1.0
,795,3,0,0.7388641
,796,0,0,0.71063894
,796,1,0,0.7582522
,796,2,0,0.7827162
,796,3,2,1.0
,797,0,2,1.0
,797,1,0,0.7582352
,797,2,0,0.7109375
,797,3,0,0.78270173
,798,0,0,0.7827019
,798,1,0,0.7582351
,798,2,2,1.0
,798,3,0,0.7109375
,799,0,0,0.7109374
,799,1,0,0.7582351
,799,2,0,0.78270185
,799,3,2,1.0
,800,0,2,1.0
,800,1,0,0.7582351
,800,2,0,0.7109375
,800,3,0,0.7827019
,801,0,0,0.78270173
,801,1,0,0.7582351
,801,2,2,1.0
,801,3,0,0.7109375
,802,0,0,0.71091944
,802,1,0,0.75823927
,802,2,0,0.78320587
,802,3,2,1.0
,803,0,2,1.0
,803,1,0,0.75797856
,803,2,0,0.75825554
,803,3,0,0.6844781
,804,0,0,0.68004054
,804,1,0,0.75337815
,804,2,0,0.7528126
,804,3,3,1.0
,805,0,3,1.0
,805,1,0,0.75163716
,805,2,0,0.7031643
,805,3,0,0.8539431
,806,0,0,0.810853
,806,1,0,0.7563992
,806,2,2,1.0
,806,3,0,0.75755495
,807,0,2,1.0
,807,1,0,0.5025997
,807,2,1,0.8825468
,807,3,0,0.50189054
,808,0,0,0.7819992
,808,1,0,0.7545096
,808,2,2,1.0
,808,3,0,0.70644486
,809,0,0,0.710929
,809,1,0,0.7581908
,809,2,0,0.78319466
,809,3,2,1.0
,810,0,2,1.0
,810,1,0,0.75827163
,810,2,0,0.7580159
,810,3,0,0.7388478
,811,0,0,0.78321767
,811,1,0,0.75825375
,811,2,0,0.71064717
,811,3,2,1.0
,812,0,0,0.7585575
,812,1,0,0.7582745
,812,2,2,1.0
,812,3,0,0.7388525
,813,0,0,0.7582949
,813,1,0,0.7582916
,813,2,0,0.73886895
,813,3,2,1.0
,814,0,0,0.75829196
,814,1,0,0.7582919
,814,2,2,1.0
,814,3,0,0.73886913
,815,0,0,0.75829417
,815,1,0,0.75829417
,815,2,0,0.7388478
,815,3,2,1.0
,816,0,0,0.757992
,816,1,0,0.7579921
,816,2,2,1.0
,816,3,0,0.68426335
,817,0,0,0.7539618
,817,1,0,0.7539618
,817,2,0,0.7345574
,817,3,3,1.0
,818,0,0,0.7572648
,818,1,0,0.7572648
,818,2,2,1.0
,818,3,0,0.8206684
,819,0,0,0.758304
,819,1,0,0.7583039
,819,2,0,0.7388924
,819,3,2,1.0
,820,0,0,0.75829196
,820,1,0,0.758286
,820,2,2,1.0
,820,3,0,0.738869
,821,0,0,0.75827616
,821,1,0,0.7577495
,821,2,0,0.7388638
,821,3,2,1.0
,822,0,0,0.7570565
,822,1,0,0.71060705
,822,2,2,1.0
,822,3,0,0.783215
,823,0,0,0.6527207
,823,1,2,1.0
,823,2,0,0.7828853
,823,3,0,0.7581565
,824,0,3,1.0
,824,1,0,0.7346953
,824,2,0,0.75386244
,824,3,0,0.7541248
,825,0,0,0.8530877
,825,1,2,1.0
,825,2,0,0.7091907
,825,3,0,0.75698453
,826,0,0,0.65405864
,826,1,0,0.78288716
,826,2,2,1.0
,826,3,0,0.7578537
,827,0,3,1.0
,827,1,0,0.75441104
,827,2,0,0.73471344
,827,3,0,0.7541062
,828,0,0,0.82064825
,828,1,0,0.75726557
,828,2,2,1.0
,828,3,0,0.75606567
,829,0,2,1.0
,829,1,0,0.75790393
,829,2,0,0.78241396
,829,3,0,0.6527851
,830,0,0,0.7790846
,830,1,0,0.75405437
,830,2,0,0.70616907
,830,3,3,1.0
,831,0,0,0.7095199
,831,1,0,0.75696063
,831,2,2,1.0
,831,3,0,0.85389394
,832,0,2,1.0
,832,1,0,0.7582437
,832,2,0,0.73883986
,832,3,0,0.75881076
,833,0,0,0.7832158
,833,1,0,0.75771123
,833,2,2,1.0
,833,3,0,0.71065176
,834,0,0,0.7585178
,834,1,0,0.71061933
,834,2,0,0.78270125
,834,3,2,1.0
,835,0,0,0.7582381
,835,1,2,1.0
,835,2,0,0.7109373
,835,3,0,0.78270173
,836,0,0,0.75823694
,836,1,0,0.7831979
,836,2,2,1.0
,836,3,0,0.7109422
,837,0,0,0.7582722
,837,1,0,0.7580159
,837,2,0,0.7388476
,837,3,2,1.0
,838,0,0,0.7582519
,838,1,0,0.71064234
,838,2,2,1.0
,838,3,0,0.78271604
,839,0,0,0.7582368
,839,1,2,1.0
,839,2,0,0.7832034
,839,3,0,0.7109425
,840,0,0,0.7582533
,840,1,0,0.7388439
,840,2,0,0.7585496
,840,3,2,1.0
,841,0,0,0.75624883
,841,1,2,1.0
,841,2,0,0.7574069
,841,3,0,0.72588605
,842,0,1,0.5594087
,842,1,1,0.855561
,842,2,0,0.50151676
,842,3,2,1.0
,843,0,2,1.0
,843,1,0,0.70204073
,843,2,0,0.75393075
,843,3,0,0.7826143
,844,0,0,0.7821807
,844,1,2,1.0
,844,2,0,0.6958615
,844,3,0,0.7574004
,845,0,1,0.5159833
,845,1,1,0.95517063
,845,2,2,1.0
,845,3,1,0.51665545
,846,0,0,0.7533583
,846,1,2,1.0
,846,2,0,0.7249664
,846,3,0,0.7521822
,847,0,0,0.5014119
,847,1,1,0.8552005
,847,2,2,1.0
,847,3,1,0.55955213
,848,0,0,0.7543492
,848,1,0,0.75027466
,848,2,0,0.6834832
,848,3,2,1.0
,849,0,0,0.7539162
,849,1,0,0.75331855
,849,2,3,1.0
,849,3,0,0.7345343
,850,0,0,0.75697905
,850,1,0,0.70921034
,850,2,0,0.85353065
,850,3,2,1.0
,851,0,0,0.7582002
,851,1,2,1.0
,851,2,0,0.71182877
,851,3,0,0.7826955
,852,0,0,0.7570393
,852,1,0,0.7832009
,852,2,2,1.0
,852,3,0,0.7109058
,853,0,0,0.6527207
,853,1,0,0.7581565
,853,2,0,0.7828853
,853,3,2,1.0
,854,0,3,1.0
,854,1,0,0.75412476
,854,2,0,0.7538627
,854,3,0,0.7346954
,855,0,0,0.85353065
,855,1,0,0.7569822
,855,2,0,0.70921797
,855,3,2,1.0
,856,0,0,0.71182925
,856,1,0,0.7582139
,856,2,2,1.0
,856,3,0,0.7826958
,857,0,2,1.0
,857,1,0,0.7582351
,857,2,0,0.782702
,857,3,0,0.7109376
,858,0,0,0.7827017
,858,1,0,0.7582351
,858,2,0,0.71093714
,858,3,2,1.0
,859,0,0,0.71090686
,859,1,0,0.7582344
,859,2,2,1.0
,859,3,0,0.7820955
,860,0,2,1.0
,860,1,0,0.7578741
,860,2,0,0.7828924
,860,3,0,0.6530715
,861,0,0,0.73471713
,861,1,0,0.75412333
,861,2,0,0.7544141
,861,3,3,1.0
,862,0,2,1.0
,862,1,0,0.75725883
,862,2,0,0.7572617
,862,3,0,0.82066256
,863,0,0,0.725936
,863,1,0,0.757401
,863,2,0,0.7573632
,863,3,2,1.0
,864,0,2,1.0
,864,1,0,0.5005597
,864,2,1,0.5014364
,864,3,1,0.8898508
,865,0,1,0.9443877
,865,1,1,0.5265218
,865,2,1,0.60175234
,865,3,2,1.0
,866,0,1,0.521512
,866,1,1,0.5107005
,866,2,2,1.0
,866,3,1,0.89101005
,867,0,1,0.5097637
,867,1,1,0.5102324
,867,2,1,0.90913296
,867,3,2,1.0
,868,0,0,0.7522049
,868,1,0,0.7037776
,868,2,3,1.0
,868,3,0,0.7801579
,869,0,0,0.75694245
,869,1,2,1.0
,869,2,0,0.85353065
,869,3,0,0.70953465
,870,0,0,0.7581906
,870,1,0,0.7831899
,870,2,0,0.7118247
,870,3,2,1.0
,871,0,0,0.75590855
,871,1,0,0.7576354
,871,2,2,1.0
,871,3,0,0.725827
,872,0,1,0.5764497
,872,1,1,0.5004181
,872,2,1,0.8561529
,872,3,2,1.0
,873,0,2,1.0
,873,1,1,0.50998616
,873,2,1,0.5208013
,873,3,1,0.89126426
,874,0,1,0.9440743
,874,1,1,0.5254856
,874,2,1,0.5860855
,874,3,2,1.0
,875,0,0,0.74957705
,875,1,0,0.7531392
,875,2,2,1.0
,875,3,0,0.7381341
,876,0,0,0.75779605
,876,1,0,0.6529259
,876,2,0,0.7829043
,876,3,2,1.0
,877,0,0,0.75355256
,877,1,3,1.0
,877,2,0,0.7532773
,877,3,0,0.6802328
,878,0,0,0.75164783
,878,1,0,0.85394865
,878,2,0,0.7031752
,878,3,3,1.0
,879,0,0,0.75719726
,879,1,0,0.7583701
,879,2,2,1.0
,879,3,0,0.82067794
,880,0,0,0.7579387
,880,1,0,0.7584791
,880,2,0,0.7833971
,880,3,2,1.0
,881,0,0,0.7151329
,881,1,0,0.76227975
,881,2,0,0.76137644
,881,3,2,1.0
,882,0,2,1.0
,882,1,0,0.7579327
,882,2,0,0.6528248
,882,3,0,0.7823896
,883,0,0,0.7790844
,883,1,0,0.75404817
,883,2,3,1.0
,883,3,0,0.7061682
,884,0,0,0.70951384
,884,1,0,0.75641567
,884,2,0,0.8538982
,884,3,2,1.0
,885,0,2,1.0
,885,1,0,0.7105829
,885,2,0,0.75928617
,885,3,0,0.7825499
,886,0,0,0.782344
,886,1,2,1.0
,886,2,0,0.7558668
,886,3,0,0.69706553
,887,0,0,0.5001168
,887,1,1,0.8571468
,887,2,1,0.5766041
,887,3,2,1.0
,888,0,1,0.5108519
,888,1,1,0.5955996
,888,2,2,1.0
,888,3,1,0.858614
,889,0,1,0.5094019
,889,1,2,1.0
,889,2,1,0.8570147
,889,3,1,0.57891977
,890,0,0,0.752507
,890,1,0,0.7587397
,890,2,0,0.7497263
,890,3,2,1.0
,891,0,1,0.57234997
,891,1,3,1.0
,891,2,1,0.5116314
,891,3,1,0.86152714
,892,0,2,1.0
,892,1,0,0.85339266
,892,2,0,0.75092274
,892,3,0,0.6861657
,893,0,1,0.8552352
,893,1,0,0.50392854
,893,2,1,0.5596124
,893,3,2,1.0
,894,0,0,0.74992687
,894,1,0,0.7547034
,894,2,2,1.0
,894,3,0,0.7381974
,895,0,0,0.6967029
,895,1,0,0.75615335
,895,2,0,0.7823899
,895,3,2,1.0
,896,0,2,1.0
,896,1,1,0.55952656
,896,2,0,0.50209725
,896,3,1,0.8560363
,897,0,0,0.7822543
,897,1,2,1.0
,897,2,0,0.75421107
,897,3,0,0.64318573
,898,0,0,0.7544263
,898,1,0,0.73474926
,898,2,0,0.75411415
,898,3,3,1.0
,899,0,0,0.7560694
,899,1,2,1.0
,899,2,0,0.7572624
,899,3,0,0.8206484
,900,0,0,0.6527851
,900,1,0,0.78241396
,900,2,0,0.757904
,900,3,2,1.0
,901,0,3,1.0
,901,1,0,0.70616907
,901,2,0,0.7540544
,901,3,0,0.77908444
,902,0,0,0.8539004
,902,1,2,1.0
,902,2,0,0.7569626
,902,3,0,0.70949686
,903,0,0,0.75905186
,903,1,0,0.6842368
,903,2,0,0.7579443
,903,3,2,1.0
,904,0,0,0.75396395
,904,1,3,1.0
,904,2,0,0.7534072
,904,3,0,0.7345335
,905,0,0,0.7564349
,905,1,0,0.8538982
,905,2,0,0.70920795
,905,3,2,1.0
,906,0,0,0.710599
,906,1,0,0.7593133
,906,2,2,1.0
,906,3,0,0.78319055
,907,0,2,1.0
,907,1,0,0.7582841
,907,2,0,0.73884743
,907,3,0,0.7580155
,908,0,0,0.78321207
,908,1,0,0.75825393
,908,2,2,1.0
,908,3,0,0.710647
,909,0,0,0.75801575
,909,1,0,0.75827205
,909,2,0,0.7388476
,909,3,2,1.0
,910,0,0,0.7106376
,910,1,0,0.7582431
,910,2,2,1.0
,910,3,0,0.7831826
,911,0,2,1.0
,911,1,0,0.75715303
,911,2,0,0.7249819
,911,3,0,0.75503045
,912,0,1,0.94380635
,912,1,1,0.5176435
,912,2,2,1.0
,912,3,1,0.64135945
,913,0,0,0.74581677
,913,1,0,0.75132036
,913,2,0,0.73508173
,913,3,3,1.0
,914,0,0,0.70911777
,914,1,0,0.7569524
,914,2,2,1.0
,914,3,0,0.85353065
,915,0,2,1.0
,915,1,0,0.75821525
,915,2,0,0.7831972
,915,3,0,0.7118342
,916,0,0,0.7388441
,916,1,0,0.7582664
,916,2,0,0.7585365
,916,3,2,1.0
,917,0,2,1.0
,917,1,0,0.7574036
,917,2,0,0.75625205
,917,3,0,0.7258862
,918,0,1,0.85520077
,918,1,0,0.5015175
,918,2,1,0.55940914
,918,3,2,1.0
,919,0,0,0.7494158
,919,1,0,0.75350595
,919,2,2,1.0
,919,3,0,0.7240886
,920,0,1,0.5237745
,920,1,1,0.5229276
,920,2,1,0.9835594
,920,3,2,1.0
,921,0,0,0.7059796
,921,1,0,0.7541226
,921,2,2,1.0
,921,3,0,0.7813104
,922,0,2,1.0
,922,1,0,0.7578227
,922,2,0,0.7828881
,922,3,0,0.65305513
,923,0,0,0.7347131
,923,1,0,0.7541099
,923,2,0,0.7543842
,923,3,3,1.0
,924,0,2,1.0
,924,1,0,0.75612885
,924,2,0,0.7546352
,924,3,0,0.809942
,925,0,1,0.97932726
,925,1,1,0.5245525
,925,2,1,0.6006896
,925,3,2,1.0
,926,0,1,0.576722
,926,1,1,0.53211826
,926,2,2,1.0
,926,3,1,0.9793087
,927,0,3,1.0
,927,1,1,0.5180551
,927,2,1,0.8875697
,927,3,1,0.53051543
,928,0,0,0.8538968
,928,1,0,0.7528099
,928,2,2,1.0
,928,3,0,0.70439404
,929,0,0,0.757831
,929,1,0,0.7572999
,929,2,0,0.72588843
,929,3,2,1.0
,930,0,1,0.53182626
,930,1,0,0.5008964
,930,2,2,1.0
,930,3,1,0.8563127
,931,0,3,1.0
,931,1,1,0.5178237
,931,2,1,0.8611182
,931,3,1,0.58760303
,932,0,0,0.85166043
,932,1,0,0.7521832
,932,2,0,0.7230421
,932,3,2,1.0
,933,0,1,0.63280016
,933,1,1,0.51232433
,933,2,3,1.0
,933,3,1,0.8622134
,934,0,3,1.0
,934,1,0,0.74830675
,934,2,0,0.8535986
,934,3,0,0.63680685
,935,0,0,0.85394335
,935,1,0,0.7511084
,935,2,0,0.7047233
,935,3,3,1.0
,936,0,0,0.7571485
,936,1,0,0.69521135
,936,2,2,1.0
,936,3,0,0.8524171
,937,0,0,0.50034106
,937,1,2,1.0
,937,2,1,0.8557541
,937,3,1,0.57127404
,938,0,0,0.5393355
,938,1,1,0.74670815
,938,2,0,0.5307737
,938,3,2,1.0
,939,0,0,0.7551169
,939,1,2,1.0
,939,2,0,0.7544826
,939,3,0,0.7382039
,940,0,0,0.75751895
,940,1,0,0.7832065
,940,2,0,0.71058464
,940,3,2,1.0
,941,0,0,0.6968408
,941,1,0,0.75763637
,941,2,2,1.0
,941,3,0,0.78239274
,942,0,2,1.0
,942,1,0,0.50243807
,942,2,1,0.88262063
,942,3,0,0.5030757
,943,0,0,0.72509015
,943,1,0,0.75365937
,943,2,2,1.0
,943,3,0,0.7536667
,944,0,2,1.0
,944,1,0,0.50238264
,944,2,1,0.88260233
,944,3,0,0.5023826
,945,0,0,0.72508895
,945,1,0,0.7536585
,945,2,2,1.0
,945,3,0,0.7536404
,946,0,2,1.0
,946,1,0,0.5023579
,946,2,1,0.88261455
,946,3,0,0.5014175
,947,0,0,0.7805789
,947,1,0,0.75357044
,947,2,2,1.0
,947,3,0,0.69246346
,948,0,1,0.5588624
,948,1,0,0.5013521
,948,2,1,0.8552309
,948,3,2,1.0
,949,0,2,1.0
,949,1,0,0.7546889
,949,2,0,0.75061625
,949,3,0,0.7382053
,950,0,0,0.725039
,950,1,0,0.75714546
,950,2,0,0.7559205
,950,3,2,1.0
,951,0,2,1.0
,951,1,1,0.51698554
,951,2,1,0.5775781
,951,3,1,0.94355863
,952,0,0,0.7381753
,952,1,0,0.75445104
,952,2,2,1.0
,952,3,0,0.7495944
,953,0,2,1.0
,953,1,0,0.7582492
,953,2,0,0.73884624
,953,3,0,0.75818783
,954,0,0,0.684287
,954,1,0,0.7579893
,954,2,2,1.0
,954,3,0,0.7574339
,955,0,3,1.0
,955,1,0,0.7538826
,955,2,0,0.7794442
,955,3,0,0.70567715
,956,0,0,0.8108524
,956,1,0,0.7564376
,956,2,0,0.7567118
,956,3,2,1.0
,957,0,2,1.0
,957,1,0,0.502577
,957,2,0,0.5016337
,957,3,1,0.882556
,958,0,0,0.78035647
,958,1,0,0.75335526
,958,2,0,0.69156474
,958,3,2,1.0
,959,0,1,0.5769981
,959,1,1,0.5171268
,959,2,2,1.0
,959,3,1,0.94377214
,960,0,2,1.0
,960,1,0,0.7534193
,960,2,0,0.78036934
,960,3,0,0.6867053
,961,0,1,0.85694146
,961,1,1,0.500604
,961,2,1,0.5759614
,961,3,2,1.0
,962,0,1,0.57883817
,962,1,1,0.5090559
,962,2,2,1.0
,962,3,1,0.8574517
,963,0,2,1.0
,963,1,0,0.7533555
,963,2,0,0.7804707
,963,3,0,0.68700635
,964,0,1,0.9435732
,964,1,1,0.5171321
,964,2,1,0.57696825
,964,3,2,1.0
,965,0,0,0.74860764
,965,1,0,0.75350696
,965,2,2,1.0
,965,3,0,0.76105016
,966,0,1,0.52301514
,966,1,1,0.5212291
,966,2,1,0.9662013
,966,3,3,1.0
,967,0,0,0.6431628
,967,1,0,0.7495699
,967,2,3,1.0
,967,3,0,0.85396194
,968,0,3,1.0
,968,1,0,0.7523369
,968,2,0,0.8206588
,968,3,0,0.7530118
,969,0,0,0.85389763
,969,1,0,0.75699055
,969,2,2,1.0
,969,3,0,0.7092422
,970,0,0,0.75934327
,970,1,0,0.7582522
,970,2,0,0.73884463
,970,3,2,1.0
,971,0,0,0.7576059
,971,1,0,0.7582671
,971,2,2,1.0
,971,3,0,0.7388538
,972,0,0,0.6968056
,972,1,0,0.75619614
,972,2,0,0.7823906
,972,3,2,1.0
,973,0,2,1.0
,973,1,1,0.55949074
,973,2,0,0.502071
,973,3,1,0.85569686
,974,0,0,0.7817451
,974,1,2,1.0
,974,2,0,0.75222164
,974,3,0,0.6879078
,975,0,0,0.50010324
,975,1,1,0.85694134
,975,2,1,0.57666874
,975,3,2,1.0
,976,0,1,0.50998604
,976,1,1,0.578851
,976,2,2,1.0
,976,3,1,0.8569908
,977,0,0,0.69247514
,977,1,2,1.0
,977,2,0,0.7806991
,977,3,0,0.7495927
,978,0,2,1.0
,978,1,1,0.8552444
,978,2,1,0.55888146
,978,3,0,0.50049335
,979,0,0,0.78261775
,979,1,0,0.7498618
,979,2,2,1.0
,979,3,0,0.7065869
,980,0,0,0.7572757
,980,1,0,0.6954016
,980,2,0,0.7806933
,980,3,2,1.0
,981,0,1,0.52614087
,981,1,2,1.0
,981,2,1,0.60075676
,981,3,1,0.9923844
,982,0,1,0.5108938
,982,1,1,0.891116
,982,2,2,1.0
,982,3,1,0.52618486
,983,0,1,0.5122308
,983,1,2,1.0
,983,2,1,0.85795903
,983,3,1,0.63594073
,984,0,0,0.7028254
,984,1,0,0.7799471
,984,2,0,0.74731225
,984,3,3,1.0
,985,0,2,1.0
,985,1,0,0.7575388
,985,2,0,0.7566252
,985,3,0,0.82066673
,986,0,0,0.7827367
,986,1,0,0.75826746
,986,2,0,0.7106516
,986,3,2,1.0
,987,0,0,0.7109426
,987,1,0,0.7582311
,987,2,2,1.0
,987,3,0,0.7832036
,988,0,2,1.0
,988,1,0,0.75773215
,988,2,0,0.7388478
,988,3,0,0.758555
,989,0,0,0.7832099
,989,1,0,0.71063405
,989,2,2,1.0
,989,3,0,0.75823206
,990,0,0,0.7576311
,990,1,2,1.0
,990,2,0,0.72582734
,990,3,0,0.75589144
,991,0,1,0.5006329
,991,1,1,0.8570256
,991,2,2,1.0
,991,3,1,0.5773513
,992,0,1,0.52510566
,992,1,1,0.59462243
,992,2,1,0.94403017
,992,3,2,1.0
,993,0,0,0.75380117
,993,1,2,1.0
,993,2,0,0.74957687
,993,3,0,0.7381614
,994,0,0,0.71059203
,994,1,0,0.7832166
,994,2,0,0.75815356
,994,3,2,1.0
,995,0,2,1.0
,995,1,0,0.75855976
,995,2,0,0.75826186
,995,3,0,0.73883057
,996,0,0,0.6845579
,996,1,0,0.75799465
,996,2,0,0.7567757
,996,3,2,1.0
,997,0,3,1.0
,997,1,0,0.7531948
,997,2,0,0.64780784
,997,3,0,0.7783267
,998,0,0,0.85393935
,998,1,0,0.75183815
,998,2,3,1.0
,998,3,0,0.7037303
,999,0,0,0.7572785
,999,1,0,0.7561102
,999,2,0,0.83785707
,999,3,2,1.0
,1000,0,1,0.5211989
,1000,1,1,0.52122986
,1000,2,3,1.0
,1000,3,1,0.9565112
,1001,0,0,0.7522109
,1001,1,0,0.75221056
,1001,2,0,0.81084436
,1001,3,2,1.0
,1002,0,0,0.5008581
,1002,1,0,0.5008581
,1002,2,2,1.0
,1002,3,1,0.889424
,1003,0,1,0.50847715
,1003,1,1,0.50847715
,1003,2,1,0.8842589
,1003,3,2,1.0
,1004,0,0,0.75349754
,1004,1,0,0.75349754
,1004,2,2,1.0
,1004,3,0,0.72505516
,1005,0,0,0.50076157
,1005,1,0,0.50076157
,1005,2,1,0.88947165
,1005,3,2,1.0
,1006,0,1,0.508468
,1006,1,1,0.508468
,1006,2,2,1.0
,1006,3,1,0.8842536
,1007,0,0,0.7544168
,1007,1,0,0.7544168
,1007,2,0,0.738062
,1007,3,2,1.0
,1008,0,0,0.7573927
,1008,1,0,0.7573927
,1008,2,2,1.0
,1008,3,0,0.7592455
,1009,0,1,0.5108594
,1009,1,1,0.5108593
,1009,2,1,0.8877039
,1009,3,3,1.0
,1010,0,0,0.7532697
,1010,1,0,0.75326973
,1010,2,2,1.0
,1010,3,0,0.7784322
,1011,0,0,0.753573
,1011,1,0,0.75357944
,1011,2,0,0.73423505
,1011,3,3,1.0
,1012,0,0,0.75672776
,1012,1,0,0.7572847
,1012,2,2,1.0
,1012,3,0,0.7784412
,1013,0,0,0.7053069
,1013,1,0,0.7535569
,1013,2,0,0.77915794
,1013,3,3,1.0
,1014,0,2,1.0
,1014,1,0,0.7572336
,1014,2,0,0.75632995
,1014,3,0,0.82064855
,1015,0,0,0.78241384
,1015,1,0,0.7579036
,1015,2,0,0.6527887
,1015,3,2,1.0
,1016,0,0,0.7061691
,1016,1,0,0.75405437
,1016,2,3,1.0
,1016,3,0,0.7790846
,1017,0,2,1.0
,1017,1,0,0.7569545
,1017,2,0,0.8538982
,1017,3,0,0.7095199
,1018,0,0,0.73883986
,1018,1,0,0.75771
,1018,2,0,0.759349
,1018,3,2,1.0
,1019,0,2,1.0
,1019,1,0,0.7106383
,1019,2,0,0.758264
,1019,3,0,0.78271604
,1020,0,0,0.78270155
,1020,1,2,1.0
,1020,2,0,0.7582353
,1020,3,0,0.71093756
,1021,0,0,0.71091926
,1021,1,0,0.78319997
,1021,2,0,0.75823927
,1021,3,2,1.0
,1022,0,2,1.0
,1022,1,0,0.75770026
,1022,2,0,0.7579714
,1022,3,0,0.6842691
,1023,0,0,0.77893984
,1023,1,0,0.7056606
,1023,2,0,0.75388783
,1023,3,3,1.0
,1024,0,0,0.70950454
,1024,1,2,1.0
,1024,2,0,0.7569368
,1024,3,0,0.85342574
,1025,0,2,1.0
,1025,1,0,0.78237087
,1025,2,0,0.75615776
,1025,3,0,0.6980297
,1026,0,1,0.85522604
,1026,1,0,0.50210595
,1026,2,1,0.5594718
,1026,3,2,1.0
,1027,0,0,0.7497323
,1027,1,0,0.7538114
,1027,2,2,1.0
,1027,3,0,0.72524464
,1028,0,0,0.5022951
,1028,1,0,0.5024001
,1028,2,1,0.8825962
,1028,3,2,1.0
,1029,0,0,0.75455016
,1029,1,0,0.75455064
,1029,2,2,1.0
,1029,3,0,0.738059
,1030,0,0,0.75735134
,1030,1,0,0.75728977
,1030,2,0,0.725937
,1030,3,2,1.0
,1031,0,0,0.50113076
,1031,1,1,0.5021237
,1031,2,2,1.0
,1031,3,1,0.8694104
,1032,0,1,0.5276287
,1032,1,1,0.64990276
,1032,2,1,0.94496244
,1032,3,3,1.0
,1033,0,0,0.7495555
,1033,1,3,1.0
,1033,2,0,0.7439525
,1033,3,0,0.8206469
,1034,0,0,0.7560516
,1034,1,0,0.8533926
,1034,2,0,0.69528276
,1034,3,2,1.0
,1035,0,0,0.5024226
,1035,1,0,0.50492966
,1035,2,2,1.0
,1035,3,1,0.8826011
,1036,0,0,0.75475955
,1036,1,0,0.75478816
,1036,2,0,0.78222275
,1036,3,2,1.0
,1037,0,0,0.762228
,1037,1,0,0.7622362
,1037,2,0,0.71546394
,1037,3,2,1.0
,1038,0,0,0.7576264
,1038,1,0,0.7583208
,1038,2,2,1.0
,1038,3,0,0.7388522
,1039,0,0,0.6959116
,1039,1,0,0.7571367
,1039,2,0,0.7810994
,1039,3,2,1.0
,1040,0,2,1.0
,1040,1,1,0.5170204
,1040,2,1,0.5769464
,1040,3,1,0.94357306
,1041,0,0,0.75871694
,1041,1,0,0.75358176
,1041,2,2,1.0
,1041,3,0,0.747513
,1042,0,3,1.0
,1042,1,1,0.5114995
,1042,2,1,0.8614244
,1042,3,1,0.57245946
,1043,0,0,0.8539054
,1043,1,0,0.7530682
,1043,2,0,0.70034724
,1043,3,2,1.0
,1044,0,0,0.7593458
,1044,1,0,0.7582025
,1044,2,2,1.0
,1044,3,0,0.7388395
,1045,0,0,0.75830364
,1045,1,0,0.7582907
,1045,2,0,0.73886895
,1045,3,2,1.0
,1046,0,0,0.75828594
,1046,1,0,0.7582919
,1046,2,2,1.0
,1046,3,0,0.73886895
,1047,0,0,0.75774986
,1047,1,0,0.75828964
,1047,2,0,0.73886436
,1047,3,2,1.0
,1048,0,0,0.7106439
,1048,1,0,0.75825393
,1048,2,2,1.0
,1048,3,0,0.7832176
,1049,0,2,1.0
,1049,1,0,0.75826645
,1049,2,0,0.73884374
,1049,3,0,0.75853646
,1050,0,0,0.72588605
,1050,1,0,0.7574039
,1050,2,2,1.0
,1050,3,0,0.75625205
,1051,0,2,1.0
,1051,1,0,0.5015278
,1051,2,1,0.8555609
,1051,3,1,0.5594083
,1052,0,0,0.7821242
,1052,1,0,0.7546445
,1052,2,0,0.7020521
,1052,3,2,1.0
,1053,0,0,0.7109246
,1053,1,0,0.75818944
,1053,2,2,1.0
,1053,3,0,0.78269774
,1054,0,2,1.0
,1054,1,0,0.7582312
,1054,2,0,0.78270185
,1054,3,0,0.7109374
,1055,0,0,0.7831932
,1055,1,0,0.7579434
,1055,2,0,0.7109434
,1055,3,2,1.0
,1056,0,0,0.75768447
,1056,1,0,0.73251265
,1056,2,2,1.0
,1056,3,0,0.7813374
,1057,0,1,0.5111559
,1057,1,3,1.0
,1057,2,1,0.86131924
,1057,3,1,0.5713619
,1058,0,0,0.7530734
,1058,1,0,0.8539054
,1058,2,0,0.7003501
,1058,3,2,1.0
,1059,0,0,0.75820255
,1059,1,0,0.7593458
,1059,2,2,1.0
,1059,3,0,0.7388396
,1060,0,0,0.7582907
,1060,1,0,0.7583037
,1060,2,0,0.73886895
,1060,3,2,1.0
,1061,0,0,0.7582918
,1061,1,0,0.75829196
,1061,2,2,1.0
,1061,3,0,0.7388692
,1062,0,0,0.7582857
,1062,1,0,0.7582918
,1062,2,0,0.73886895
,1062,3,2,1.0
,1063,0,0,0.7577496
,1063,1,0,0.75828177
,1063,2,2,1.0
,1063,3,0,0.738864
,1064,0,0,0.71062744
,1064,1,0,0.75755596
,1064,2,0,0.78319573
,1064,3,2,1.0
,1065,0,2,1.0
,1065,1,0,0.69678545
,1065,2,0,0.7564636
,1065,3,0,0.78237605
,1066,0,1,0.85522085
,1066,1,2,1.0
,1066,2,1,0.5594525
,1066,3,0,0.50210834
,1067,0,0,0.7506378
,1067,1,0,0.738208
,1067,2,2,1.0
,1067,3,0,0.7541601
,1068,0,0,0.7581554
,1068,1,2,1.0
,1068,2,0,0.7825712
,1068,3,0,0.7105814
,1069,0,0,0.7573515
,1069,1,0,0.7823643
,1069,2,0,0.6971658
,1069,3,2,1.0
,1070,0,0,0.5023877
,1070,1,0,0.5014082
,1070,2,2,1.0
,1070,3,1,0.8826525
,1071,0,0,0.75350136
,1071,1,0,0.64805317
,1071,2,0,0.7821249
,1071,3,2,1.0
,1072,0,0,0.70580935
,1072,1,3,1.0
,1072,2,0,0.7543443
,1072,3,0,0.77909726
,1073,0,2,1.0
,1073,1,0,0.85389835
,1073,2,0,0.756419
,1073,3,0,0.709514
,1074,0,0,0.7831768
,1074,1,0,0.75930536
,1074,2,0,0.71058977
,1074,3,2,1.0
,1075,0,0,0.7565158
,1075,1,0,0.7573983
,1075,2,2,1.0
,1075,3,0,0.72586876
,1076,0,1,0.5593893
,1076,1,0,0.50153494
,1076,2,1,0.855192
,1076,3,2,1.0
,1077,0,2,1.0
,1077,1,0,0.7547017
,1077,2,0,0.75064117
,1077,3,0,0.73821354
,1078,0,0,0.73884624
,1078,1,0,0.7582521
,1078,2,0,0.7581999
,1078,3,2,1.0
,1079,0,2,1.0
,1079,1,0,0.7579893
,1079,2,0,0.7574341
,1079,3,0,0.6842871
,1080,0,0,0.7794151
,1080,1,0,0.7538787
,1080,2,0,0.7056769
,1080,3,3,1.0
,1081,0,0,0.7539971
,1081,1,0,0.7561264
,1081,2,2,1.0
,1081,3,0,0.8099369
,1082,0,1,0.64642584
,1082,1,1,0.52319324
,1082,2,1,0.9792256
,1082,3,2,1.0
,1083,0,3,1.0
,1083,1,0,0.75117207
,1083,2,0,0.6967128
,1083,3,0,0.7794126
,1084,0,0,0.8534188
,1084,1,0,0.75691414
,1084,2,2,1.0
,1084,3,0,0.70950943
,1085,0,0,0.6971599
,1085,1,0,0.7570484
,1085,2,0,0.7821543
,1085,3,2,1.0
,1086,0,2,1.0
,1086,1,1,0.5196417
,1086,2,1,0.51737463
,1086,3,1,0.94971085
,1087,0,1,0.94492716
,1087,1,1,0.588069
,1087,2,1,0.5276229
,1087,3,3,1.0
,1088,0,0,0.6992029
,1088,1,2,1.0
,1088,2,0,0.7516385
,1088,3,0,0.8539084
,1089,0,2,1.0
,1089,1,0,0.7828781
,1089,2,0,0.6526264
,1089,3,0,0.75893885
,1090,0,0,0.7346957
,1090,1,0,0.7544124
,1090,2,3,0.9999988
,1090,3,0,0.7535842
,1091,0,2,1.0
,1091,1,0,0.75698525
,1091,2,0,0.8538978
,1091,3,0,0.709217
,1092,0,0,0.7388447
,1092,1,0,0.75825226
,1092,2,0,0.75935113
,1092,3,2,1.0
,1093,0,2,1.0
,1093,1,0,0.75829357
,1093,2,0,0.75830597
,1093,3,0,0.7388476
,1094,0,0,0.6842656
,1094,1,0,0.7579921
,1094,2,0,0.75798583
,1094,3,2,1.0
,1095,0,3,1.0
,1095,1,0,0.753958
,1095,2,0,0.7534077
,1095,3,0,0.7345338
,1096,0,0,0.8538929
,1096,1,0,0.7569714
,1096,2,0,0.70920527
,1096,3,2,1.0
,1097,0,0,0.7584741
,1097,1,0,0.75737196
,1097,2,2,1.0
,1097,3,0,0.72587484
,1098,0,0,0.5017689
,1098,1,0,0.50173193
,1098,2,1,0.9078177
,1098,3,2,1.0
,1099,0,0,0.75241226
,1099,1,0,0.75185937
,1099,2,3,1.0
,1099,3,0,0.7359172
,1100,0,0,0.7569599
,1100,1,0,0.7091885
,1100,2,0,0.85342586
,1100,3,2,1.0
,1101,0,0,0.75733197
,1101,1,2,1.0
,1101,2,0,0.69808555
,1101,3,0,0.78238785
,1102,0,0,0.5024368
,1102,1,1,0.8826139
,1102,2,2,1.0
,1102,3,0,0.50309056
,1103,0,0,0.75401187
,1103,1,2,1.0
,1103,2,0,0.73806167
,1103,3,0,0.75456464
,1104,0,0,0.71058923
,1104,1,0,0.78271407
,1104,2,2,1.0
,1104,3,0,0.7582078
,1105,0,2,1.0
,1105,1,0,0.7109193
,1105,2,0,0.7832056
,1105,3,0,0.7582325
,1106,0,0,0.68426937
,1106,1,2,1.0
,1106,2,0,0.7582487
,1106,3,0,0.75741625
,1107,0,3,1.0
,1107,1,0,0.7794365
,1107,2,0,0.75333965
,1107,3,0,0.7056552
,1108,0,0,0.8538968
,1108,1,0,0.7560467
,1108,2,0,0.7091498
,1108,3,2,1.0
,1109,0,0,0.7583961
,1109,1,0,0.65271956
,1109,2,2,1.0
,1109,3,0,0.7828817
,1110,0,0,0.70585537
,1110,1,3,1.0
,1110,2,0,0.7790836
,1110,3,0,0.7543375
,1111,0,2,1.0
,1111,1,0,0.85389847
,1111,2,0,0.7095137
,1111,3,0,0.75641894
,1112,0,0,0.78319603
,1112,1,0,0.7593133
,1112,2,2,1.0
,1112,3,0,0.71059906
,1113,0,0,0.75853235
,1113,1,0,0.7582776
,1113,2,0,0.7388434
,1113,3,2,1.0
,1114,0,0,0.75592846
,1114,1,0,0.7573392
,1114,2,2,1.0
,1114,3,0,0.7258422
,1115,0,1,0.57650805
,1115,1,1,0.50200933
,1115,2,1,0.8561355
,1115,3,2,1.0
,1116,0,2,1.0
,1116,1,1,0.5697868
,1116,2,1,0.51824737
,1116,3,1,0.857336
,1117,0,0,0.7826098
,1117,1,2,1.0
,1117,2,0,0.7544015
,1117,3,0,0.70201254
,1118,0,0,0.7576665
,1118,1,0,0.72587705
,1118,2,0,0.7573316
,1118,3,2,1.0
,1119,0,0,0.50173
,1119,1,2,1.0
,1119,2,0,0.5009724
,1119,3,1,0.9078145
,1120,0,0,0.7523398
,1120,1,0,0.7806729
,1120,2,0,0.70395297
,1120,3,3,1.0
,1121,0,0,0.75668555
,1121,1,0,0.75754696
,1121,2,2,1.0
,1121,3,0,0.82066673
,1122,0,0,0.71066207
,1122,1,0,0.7580135
,1122,2,0,0.783226
,1122,3,2,1.0
,1123,0,2,1.0
,1123,1,0,0.7358901
,1123,2,0,0.7575745
,1123,3,0,0.7812175
,1124,0,1,0.979473
,1124,1,3,1.0
,1124,2,1,0.5243899
,1124,3,1,0.5842832
,1125,0,0,0.6987934
,1125,1,0,0.8539015
,1125,2,0,0.752888
,1125,3,2,1.0
,1126,0,2,1.0
,1126,1,0,0.7588048
,1126,2,0,0.7581975
,1126,3,0,0.73883414
,1127,0,0,0.78319556
,1127,1,0,0.7106482
,1127,2,0,0.7582422
,1127,3,2,1.0
,1128,0,0,0.7562762
,1128,1,2,1.0
,1128,2,0,0.75716966
,1128,3,0,0.7250228
,1129,0,1,0.5775809
,1129,1,1,0.94356114
,1129,2,1,0.5169957
,1129,3,2,1.0
,1130,0,2,1.0
,1130,1,0,0.74868196
,1130,2,0,0.7535527
,1130,3,0,0.725204
,1131,0,1,0.8826114
,1131,1,0,0.5022667
,1131,2,0,0.5023922
,1131,3,2,1.0
,1132,0,2,1.0
,1132,1,0,0.7541971
,1132,2,0,0.7541987
,1132,3,0,0.68330705
,1133,0,0,0.7345535
,1133,1,0,0.75390595
,1133,2,0,0.75390613
,1133,3,3,0.9999994
,1134,0,2,1.0
,1134,1,0,0.7562242
,1134,2,0,0.7562385
,1134,3,0,0.8101722
,1135,0,1,0.955151
,1135,1,1,0.5173347
,1135,2,1,0.5165959
,1135,3,2,1.0
,1136,0,2,1.0
,1136,1,0,0.70612687
,1136,2,0,0.7542233
,1136,3,0,0.7824431
,1137,0,0,0.7388513
,1137,1,2,1.0
,1137,2,0,0.7582141
,1137,3,0,0.7585341
,1138,0,2,1.0
,1138,1,0,0.75934225
,1138,2,0,0.75743306
,1138,3,0,0.7574367
,1139,0,1,0.9115877
,1139,1,3,1.0
,1139,2,1,0.5112371
,1139,3,1,0.51123697
,1140,0,3,1.0
,1140,1,0,0.82065815
,1140,2,0,0.75072634
,1140,3,0,0.7507263
,1141,0,0,0.82066804
,1141,1,2,1.0
,1141,2,0,0.757261
,1141,3,0,0.757261
,1142,0,2,1.0
,1142,1,0,0.7388712
,1142,2,0,0.7583063
,1142,3,0,0.7583063
,1143,0,0,0.6842638
,1143,1,2,1.0
,1143,2,0,0.7579922
,1143,3,0,0.7579922
,1144,0,3,1.0
,1144,1,0,0.7345528
,1144,2,0,0.7539527
,1144,3,0,0.7539528
,1145,0,0,0.81083375
,1145,1,2,1.0
,1145,2,0,0.75643057
,1145,3,0,0.75643086
,1146,0,2,1.0
,1146,1,1,0.8894356
,1146,2,0,0.5009478
,1146,3,0,0.50096714
,1147,0,1,0.909116
,1147,1,2,1.0
,1147,2,1,0.50987315
,1147,3,1,0.50912786
,1148,0,3,1.0
,1148,1,0,0.7806557
,1148,2,0,0.70379645
,1148,3,0,0.7519529
,1149,0,0,0.8531591
,1149,1,0,0.75636315
,1149,2,2,1.0
,1149,3,0,0.7345483
,1150,0,1,0.5225085
,1150,1,1,0.5243428
,1150,2,1,0.98751605
,1150,3,3,1.0
,1151,0,0,0.7017089
,1151,1,0,0.7496243
,1151,2,3,1.0
,1151,3,0,0.8539291
,1152,0,2,1.0
,1152,1,0,0.695296
,1152,2,0,0.8533758
,1152,3,0,0.7571597
,1153,0,1,0.868694
,1153,1,2,1.0
,1153,2,0,0.5036659
,1153,3,0,0.50118876
,1154,0,3,1.0
,1154,1,1,0.99402964
,1154,2,1,0.53212565
,1154,3,1,0.53219223
,1155,0,0,0.8108467
,1155,1,2,1.0
,1155,2,0,0.75205094
,1155,3,0,0.7520193
,1156,0,2,1.0
,1156,1,1,0.8899316
,1156,2,0,0.50052243
,1156,3,1,0.5010888
,1157,0,1,0.9923732
,1157,1,2,1.0
,1157,2,1,0.5320114
,1157,3,1,0.5921902
,1158,0,0,0.7226175
,1158,1,0,0.7807218
,1158,2,0,0.7533775
,1158,3,2,1.0
,1159,0,3,1.0
,1159,1,1,0.5712984
,1159,2,1,0.5112184
,1159,3,1,0.86094064
,1160,0,0,0.8206809
,1160,1,2,1.0
,1160,2,0,0.75340337
,1160,3,0,0.7493956
,1161,0,2,1.0
,1161,1,0,0.7624679
,1161,2,0,0.75728804
,1161,3,0,0.7572425
,1162,0,1,0.98381084
,1162,1,3,1.0
,1162,2,1,0.52434367
,1162,3,1,0.5243534
,1163,0,2,1.0
,1163,1,0,0.8206771
,1163,2,0,0.753006
,1163,3,0,0.7524583
,1164,0,0,0.78273475
,1164,1,2,1.0
,1164,2,0,0.75821376
,1164,3,0,0.710596
,1165,0,0,0.7109425
,1165,1,0,0.7831962
,1165,2,0,0.75823617
,1165,3,2,1.0
,1166,0,2,1.0
,1166,1,0,0.75785893
,1166,2,0,0.75823617
,1166,3,0,0.7388365
,1167,0,0,0.78235835
,1167,1,0,0.69669145
,1167,2,0,0.75493985
,1167,3,2,1.0
,1168,0,0,0.50001574
,1168,1,2,1.0
,1168,2,1,0.6255501
,1168,3,1,0.8561845
,1169,0,0,0.7509615
,1169,1,0,0.7350724
,1169,2,3,1.0
,1169,3,0,0.74738425
,1170,0,0,0.709177
,1170,1,2,1.0
,1170,2,0,0.85389274
,1170,3,0,0.75689864
,1171,0,2,1.0
,1171,1,0,0.72588414
,1171,2,0,0.75845516
,1171,3,0,0.7573223
,1172,0,1,0.8895023
,1172,1,2,1.0
,1172,2,0,0.5008453
,1172,3,1,0.5007602
,1173,0,2,1.0
,1173,1,1,0.8579232
,1173,2,1,0.5093505
,1173,3,1,0.5701307
,1174,0,0,0.7822285
,1174,1,0,0.6434494
,1174,2,0,0.75284153
,1174,3,2,1.0
,1175,0,0,0.75244355
,1175,1,3,1.0
,1175,2,0,0.64835
,1175,3,0,0.7790372
,1176,0,0,0.6449301
,1176,1,0,0.8539813
,1176,2,3,1.0
,1176,3,0,0.7513088
,1177,0,3,1.0
,1177,1,0,0.7535477
,1177,2,0,0.82067215
,1177,3,0,0.7523419
,1178,0,0,0.8206615
,1178,1,0,0.75727975
,1178,2,2,1.0
,1178,3,0,0.75723904
,1179,0,2,1.0
,1179,1,0,0.75738144
,1179,2,0,0.725801
,1179,3,0,0.7550105
,1180,0,1,0.8561547
,1180,1,1,0.5005571
,1180,2,2,1.0
,1180,3,1,0.6252595
,1181,0,0,0.746814
,1181,1,0,0.75095826
,1181,2,0,0.68049186
,1181,3,3,1.0
,1182,0,0,0.75154144
,1182,1,0,0.7521368
,1182,2,3,1.0
,1182,3,0,0.8206609
,1183,0,0,0.70921606
,1183,1,0,0.75644267
,1183,2,0,0.85388887
,1183,3,2,1.0
,1184,0,2,1.0
,1184,1,0,0.710562
,1184,2,0,0.75812286
,1184,3,0,0.7831807
,1185,0,0,0.7828909
,1185,1,2,1.0
,1185,2,0,0.6530344
,1185,3,0,0.7569394
,1186,0,0,0.7536593
,1186,1,0,0.779009
,1186,2,3,1.0
,1186,3,0,0.647835
,1187,0,0,0.75181746
,1187,1,0,0.75266755
,1187,2,0,0.82065904
,1187,3,3,1.0
,1188,0,0,0.70922434
,1188,1,0,0.7569942
,1188,2,2,1.0
,1188,3,0,0.85353035
,1189,0,2,1.0
,1189,1,0,0.7581876
,1189,2,0,0.783195
,1189,3,0,0.71182495
,1190,0,0,0.72792614
,1190,1,0,0.75559235
,1190,2,0,0.7581281
,1190,3,2,1.0
,1191,0,2,1.0
,1191,1,1,0.5804372
,1191,2,0,0.5463858
,1191,3,1,0.69754606
,1192,0,0,0.7350544
,1192,1,3,1.0
,1192,2,0,0.752014
,1192,3,0,0.74918455
,1193,0,2,1.0
,1193,1,0,0.82065284
,1193,2,0,0.7572471
,1193,3,0,0.75721496
,1194,0,0,0.68429124
,1194,1,2,1.0
,1194,2,0,0.75800556
,1194,3,0,0.7580051
,1195,0,3,1.0
,1195,1,0,0.7345572
,1195,2,0,0.75396186
,1195,3,0,0.75395566
,1196,0,0,0.82066655
,1196,1,2,1.0
,1196,2,0,0.75726205
,1196,3,0,0.7567206
,1197,0,2,1.0
,1197,1,0,0.7825829
,1197,2,0,0.7582532
,1197,3,0,0.71064174
,1198,0,0,0.77993023
,1198,1,0,0.6961759
,1198,2,0,0.75710374
,1198,3,2,1.0
,1199,0,1,0.6407747
,1199,1,2,1.0
,1199,2,1,0.517663
,1199,3,1,0.94381106
,1200,0,3,1.0
,1200,1,0,0.7350981
,1200,2,0,0.7513122
,1200,3,0,0.7463703
,1201,0,0,0.81085306
,1201,1,2,1.0
,1201,2,0,0.75643235
,1201,3,0,0.75637585
,1202,0,2,1.0
,1202,1,1,0.88254374
,1202,2,0,0.5026058
,1202,3,0,0.50260425
,1203,0,0,0.72509074
,1203,1,2,1.0
,1203,2,0,0.75366175
,1203,3,0,0.75366175
,1204,0,2,1.0
,1204,1,1,0.8825948
,1204,2,0,0.50238055
,1204,3,0,0.5023806
,1205,0,0,0.75849557
,1205,1,2,1.0
,1205,2,0,0.7537054
,1205,3,0,0.75370514
,1206,0,3,1.0
,1206,1,1,0.88770527
,1206,2,1,0.5109611
,1206,3,1,0.51096946
,1207,0,0,0.82067627
,1207,1,2,1.0
,1207,2,0,0.753231
,1207,3,0,0.75269115
,1208,0,2,1.0
,1208,1,0,0.78321743
,1208,2,0,0.7575474
,1208,3,0,0.71058863
,1209,0,0,0.78279895
,1209,1,0,0.75675267
,1209,2,0,0.6991584
,1209,3,2,1.0
,1210,0,0,0.54774487
,1210,1,1,0.5277542
,1210,2,2,1.0
,1210,3,1,0.6980561
,1211,0,1,0.5678917
,1211,1,2,1.0
,1211,2,1,0.85668474
,1211,3,1,0.51350576
,1212,0,2,1.0
,1212,1,0,0.7252078
,1212,2,0,0.74967587
,1212,3,0,0.75359416
,1213,0,1,0.88948953
,1213,1,2,1.0
,1213,2,0,0.50064546
,1213,3,0,0.5007464
,1214,0,2,1.0
,1214,1,1,0.9091216
,1214,2,1,0.50911844
,1214,3,1,0.5091159
,1215,0,0,0.73593414
,1215,1,3,1.0
,1215,2,0,0.7522837
,1215,3,0,0.7522837
,1216,0,2,1.0
,1216,1,0,0.8206705
,1216,2,0,0.7572404
,1216,3,0,0.7572404
,1217,0,0,0.7592693
,1217,1,2,1.0
,1217,2,0,0.7574504
,1217,3,0,0.7574502
,1218,0,3,1.0
,1218,1,1,0.8877036
,1218,2,1,0.51085854
,1218,3,1,0.51086694
,1219,0,0,0.82067645
,1219,1,2,1.0
,1219,2,0,0.75323975
,1219,3,0,0.7526925
,1220,0,2,1.0
,1220,1,0,0.78323644
,1220,2,0,0.7582183
,1220,3,0,0.71060395
,1221,0,0,0.7388444
,1221,1,0,0.7585499
,1221,2,0,0.7582662
,1221,3,2,1.0
,1222,0,2,1.0
,1222,1,0,0.7574257
,1222,2,0,0.75742257
,1222,3,0,0.7259386
,1223,0,1,0.8825896
,1223,1,0,0.50250995
,1223,2,0,0.5025099
,1223,3,2,1.0
,1224,0,2,1.0
,1224,1,0,0.75454855
,1224,2,0,0.75454867
,1224,3,0,0.73807234
,1225,0,0,0.76166457
,1225,1,0,0.7573036
,1225,2,0,0.7573036
,1225,3,2,1.0
,1226,0,3,1.0
,1226,1,1,0.52106535
,1226,2,1,0.52106535
,1226,3,1,0.95647323
,1227,0,0,0.81086344
,1227,1,0,0.7522415
,1227,2,0,0.7522419
,1227,3,2,1.0
,1228,0,2,1.0
,1228,1,0,0.50245476
,1228,2,0,0.5024772
,1228,3,1,0.8825519
,1229,0,0,0.72499335
,1229,1,0,0.7521459
,1229,2,0,0.7536046
,1229,3,2,1.0
,1230,0,2,1.0
,1230,1,1,0.57659924
,1230,2,1,0.5005265
,1230,3,1,0.85690814
,1231,0,1,0.85733986
,1231,1,2,1.0
,1231,2,1,0.50903606
,1231,3,1,0.57882094
,1232,0,0,0.70197964
,1232,1,0,0.7815033
,1232,2,0,0.7545073
,1232,3,2,1.0
,1233,0,2,1.0
,1233,1,0,0.6530806
,1233,2,0,0.75782466
,1233,3,0,0.7823726
,1234,0,0,0.77959526
,1234,1,3,1.0
,1234,2,0,0.7540544
,1234,3,0,0.7061911
,1235,0,0,0.7575369
,1235,1,0,0.82066864
,1235,2,0,0.757246
,1235,3,2,1.0
,1236,0,0,0.7582691
,1236,1,2,1.0
,1236,2,0,0.7582928
,1236,3,0,0.7388942
,1237,0,0,0.75502455
,1237,1,0,0.7596212
,1237,2,0,0.7574062
,1237,3,2,1.0
,1238,0,1,0.6357397
,1238,1,3,1.0
,1238,2,1,0.51246196
,1238,3,1,0.8619045
,1239,0,3,1.0
,1239,1,0,0.8539375
,1239,2,0,0.7491706
,1239,3,0,0.695835
,1240,0,0,0.81083375
,1240,1,0,0.7575389
,1240,2,0,0.7563247
,1240,3,2,1.0
,1241,0,2,1.0
,1241,1,0,0.50095904
,1241,2,0,0.5000802
,1241,3,1,0.8894311
,1242,0,1,0.85826796
,1242,1,1,0.51002926
,1242,2,1,0.54273814
,1242,3,2,1.0
,1243,0,1,0.5875914
,1243,1,1,0.51805204
,1243,2,3,1.0
,1243,3,1,0.86091304
,1244,0,2,1.0
,1244,1,0,0.75331825
,1244,2,0,0.8206682
,1244,3,0,0.7486857
,1245,0,0,0.7823732
,1245,1,0,0.75730765
,1245,2,2,1.0
,1245,3,0,0.6967415
,1246,0,1,0.5001757
,1246,1,0,0.50075346
,1246,2,1,0.88952464
,1246,3,2,1.0
,1247,0,1,0.570053
,1247,1,1,0.5093264
,1247,2,2,1.0
,1247,3,1,0.85712075
,1248,0,2,1.0
,1248,1,0,0.7540172
,1248,2,0,0.73819596
,1248,3,0,0.7505971
,1249,0,0,0.7832089
,1249,1,0,0.71058935
,1249,2,2,1.0
,1249,3,0,0.7576231
,1250,0,0,0.75797766
,1250,1,2,1.0
,1250,2,0,0.783201
,1250,3,0,0.7106177
,1251,0,0,0.710618
,1251,1,0,0.78318006
,1251,2,0,0.75851065
,1251,3,2,1.0
,1252,0,2,1.0
,1252,1,0,0.7561924
,1252,2,0,0.75732434
,1252,3,0,0.72582465
,1253,0,1,0.8561356
,1253,1,1,0.5765015
,1253,2,1,0.50200975
,1253,3,2,1.0
,1254,0,1,0.5182582
,1254,1,2,1.0
,1254,2,1,0.5697873
,1254,3,1,0.85733604
,1255,0,0,0.7537037
,1255,1,0,0.78260654
,1255,2,2,1.0
,1255,3,0,0.7020042
,1256,0,0,0.696729
,1256,1,0,0.75758827
,1256,2,0,0.78130144
,1256,3,2,1.0
,1257,0,2,1.0
,1257,1,0,0.5004884
,1257,2,1,0.55886537
,1257,3,1,0.85523957
,1258,0,0,0.78049076
,1258,1,0,0.6917302
,1258,2,2,1.0
,1258,3,0,0.749409
,1259,0,1,0.576983
,1259,1,2,1.0
,1259,2,1,0.9435727
,1259,3,1,0.5179605
,1260,0,2,1.0
,1260,1,0,0.78259563
,1260,2,0,0.7489874
,1260,3,0,0.7063171
,1261,0,0,0.78320014
,1261,1,0,0.7585091
,1261,2,0,0.7105096
,1261,3,2,1.0
,1262,0,0,0.7585493
,1262,1,0,0.75826937
,1262,2,2,1.0
,1262,3,0,0.7388442
,1263,0,0,0.7574257
,1263,1,0,0.7574225
,1263,2,0,0.7259386
,1263,3,2,1.0
,1264,0,0,0.50250995
,1264,1,0,0.50250554
,1264,2,2,1.0
,1264,3,1,0.8825897
,1265,0,0,0.7545494
,1265,1,0,0.75426275
,1265,2,0,0.7380684
,1265,3,2,1.0
,1266,0,0,0.7573848
,1266,1,0,0.73235613
,1266,2,2,1.0
,1266,3,0,0.782431
,1267,0,1,0.5106368
,1267,1,3,1.0
,1267,2,1,0.8876366
,1267,3,1,0.51089513
,1268,0,0,0.7524894
,1268,1,0,0.85374254
,1268,2,2,1.0
,1268,3,0,0.6932585
,1269,0,0,0.5533654
,1269,1,0,0.55575705
,1269,2,1,0.7579812
,1269,3,2,1.0
,1270,0,1,0.506329
,1270,1,1,0.50626713
,1270,2,2,1.0
,1270,3,1,0.8839599
,1271,0,0,0.7535527
,1271,1,0,0.7535534
,1271,2,0,0.7250836
,1271,3,2,1.0
,1272,0,0,0.50239265
,1272,1,0,0.50239265
,1272,2,2,1.0
,1272,3,1,0.88259643
,1273,0,0,0.75454885
,1273,1,0,0.75454885
,1273,2,0,0.73806995
,1273,3,2,1.0
,1274,0,0,0.75739396
,1274,1,0,0.75739396
,1274,2,2,1.0
,1274,3,0,0.7592458
,1275,0,1,0.5108721
,1275,1,1,0.5108721
,1275,2,1,0.8877062
,1275,3,3,1.0
,1276,0,0,0.752407
,1276,1,0,0.752407
,1276,2,2,1.0
,1276,3,0,0.8108348
,1277,0,0,0.5017251
,1277,1,0,0.5017251
,1277,2,1,0.9077833
,1277,3,2,1.0
,1278,0,0,0.752415
,1278,1,0,0.752415
,1278,2,3,1.0
,1278,3,0,0.7359401
,1279,0,0,0.7572526
,1279,1,0,0.7572526
,1279,2,0,0.8206682
,1279,3,2,1.0
,1280,0,0,0.75830615
,1280,1,0,0.75830615
,1280,2,2,1.0
,1280,3,0,0.73887116
,1281,0,0,0.75799227
,1281,1,0,0.75799227
,1281,2,0,0.6842635
,1281,3,2,1.0
,1282,0,0,0.7539555
,1282,1,0,0.7539617
,1282,2,3,1.0
,1282,3,0,0.7345571
,1283,0,0,0.7567207
,1283,1,0,0.75726205
,1283,2,0,0.8206667
,1283,3,2,1.0
,1284,0,0,0.71065277
,1284,1,0,0.75826424
,1284,2,2,1.0
,1284,3,0,0.78273684
,1285,0,2,1.0
,1285,1,0,0.7582247
,1285,2,0,0.7831797
,1285,3,0,0.71094793
,1286,0,0,0.7616933
,1286,1,0,0.7573085
,1286,2,0,0.75642264
,1286,3,2,1.0
,1287,0,3,1.0
,1287,1,1,0.52199805
,1287,2,1,0.5818623
,1287,3,1,0.94510823
,1288,0,0,0.8539057
,1288,1,0,0.70468247
,1288,2,2,1.0
,1288,3,0,0.7475131
,1289,0,0,0.75929844
,1289,1,2,1.0
,1289,2,0,0.7825471
,1289,3,0,0.710466
,1290,0,0,0.75730115
,1290,1,0,0.782362
,1290,2,0,0.69714
,1290,3,2,1.0
,1291,0,1,0.5010565
,1291,1,0,0.501171
,1291,2,2,1.0
,1291,3,1,0.88986254
,1292,0,1,0.58556825
,1292,1,1,0.5258958
,1292,2,1,0.9440698
,1292,3,2,1.0
,1293,0,2,1.0
,1293,1,0,0.70619136
,1293,2,0,0.74953294
,1293,3,0,0.78259444
,1294,0,0,0.6842398
,1294,1,2,1.0
,1294,2,0,0.7578709
,1294,3,0,0.7582466
,1295,0,3,1.0
,1295,1,0,0.73455775
,1295,2,0,0.75395757
,1295,3,0,0.75396186
,1296,0,0,0.85373336
,1296,1,2,1.0
,1296,2,0,0.75703406
,1296,3,0,0.7570342
,1297,0,0,0.7452371
,1297,1,2,1.0
,1297,2,0,0.7441138
,1297,3,0,0.7441138
,1298,0,2,0.53852564
,1298,1,0,1.0
,1298,2,0,1.0
,1298,3,0,1.0
,1299,0,1,0.80036277
,1299,1,2,1.0
,1299,2,0,0.5082829
,1299,3,0,0.508283
,1300,0,3,1.0
,1300,1,0,0.7354836
,1300,2,0,0.75201726
,1300,3,0,0.75201726
,1301,0,0,0.82066834
,1301,1,2,1.0
,1301,2,0,0.7572462
,1301,3,0,0.75724626
,1302,0,2,1.0
,1302,1,0,0.73889226
,1302,2,0,0.7582977
,1302,3,0,0.7583038
,1303,0,0,0.73886395
,1303,1,2,1.0
,1303,2,0,0.7577497
,1303,3,0,0.75829
,1304,0,2,0.9999994
,1304,1,0,0.78211004
,1304,2,0,0.71060824
,1304,3,0,0.7582515
,1305,0,0,0.7823771
,1305,1,0,0.6530958
,1305,2,2,1.0
,1305,3,0,0.7578723
,1306,0,0,0.70618385
,1306,1,3,1.0
,1306,2,0,0.7795855
,1306,3,0,0.75404465
,1307,0,2,1.0
,1307,1,0,0.83611757
,1307,2,0,0.7565334
,1307,3,0,0.75624114
,1308,0,1,0.88785565
,1308,1,3,1.0
,1308,2,1,0.51129645
,1308,3,1,0.5113042
,1309,0,2,1.0
,1309,1,0,0.8108437
,1309,2,0,0.7523822
,1309,3,0,0.7523821
,1310,0,1,0.8894255
,1310,1,2,1.0
,1310,2,0,0.5008283
,1310,3,0,0.50082904
,1311,0,2,1.0
,1311,1,1,0.87304896
,1311,2,1,0.5097142
,1311,3,1,0.50968903
,1312,0,1,0.8867826
,1312,1,3,1.0
,1312,2,1,0.5163057
,1312,3,1,0.5153429
,1313,0,2,1.0
,1313,1,0,0.85316664
,1313,2,0,0.68920964
,1313,3,0,0.7515729
,1314,0,1,0.9993821
,1314,1,1,0.5233451
,1314,2,2,1.0
,1314,3,1,0.5260564
,1315,0,3,1.0
,1315,1,0,0.75231916
,1315,2,0,0.7361302
,1315,3,0,0.7522879
,1316,0,0,0.81082505
,1316,1,0,0.7564367
,1316,2,2,1.0
,1316,3,0,0.7564366
,1317,0,2,1.0
,1317,1,0,0.5018356
,1317,2,1,0.90777665
,1317,3,0,0.50184655
,1318,0,0,0.7359051
,1318,1,0,0.75170076
,1318,2,3,1.0
,1318,3,0,0.75240374
,1319,0,2,1.0
,1319,1,0,0.6953033
,1319,2,0,0.8525983
,1319,3,0,0.7560434
,1320,0,1,0.85522115
,1320,1,2,1.0
,1320,2,1,0.5569965
,1320,3,0,0.50143826
,1321,0,0,0.74975836
,1321,1,0,0.7586377
,1321,2,2,1.0
,1321,3,0,0.7538455
,1322,0,1,0.5120357
,1322,1,3,1.0
,1322,2,1,0.8877287
,1322,3,1,0.5109814
,1323,0,0,0.69058204
,1323,1,0,0.8526071
,1323,2,2,1.0
,1323,3,0,0.75192976
,1324,0,2,1.0
,1324,1,1,0.5570419
,1324,2,1,0.8552438
,1324,3,0,0.50130653
,1325,0,0,0.72514963
,1325,1,2,1.0
,1325,2,0,0.7482038
,1325,3,0,0.75374824
,1326,0,2,1.0
,1326,1,1,0.8561248
,1326,2,1,0.576626
,1326,3,1,0.5004842
,1327,0,1,0.8841324
,1327,1,1,0.51812345
,1327,2,2,1.0
,1327,3,1,0.50817543
,1328,0,2,1.0
,1328,1,0,0.70617723
,1328,2,0,0.78248817
,1328,3,0,0.7543732
,1329,0,0,0.72591436
,1329,1,2,1.0
,1329,2,0,0.75764513
,1329,3,0,0.75735635
,1330,0,2,1.0
,1330,1,1,0.8826278
,1330,2,0,0.5008352
,1330,3,0,0.5024601
,1331,0,0,0.7816107
,1331,1,2,1.0
,1331,2,0,0.6480436
,1331,3,0,0.7540634
,1332,0,0,0.70619977
,1332,1,0,0.7796049
,1332,2,3,1.0
,1332,3,0,0.75402886
,1333,0,2,1.0
,1333,1,0,0.75700635
,1333,2,0,0.77844304
,1333,3,0,0.7572713
,1334,0,0,0.77865756
,1334,1,0,0.7052862
,1334,2,3,1.0
,1334,3,0,0.75355345
,1335,0,0,0.7095097
,1335,1,2,1.0
,1335,2,0,0.8535308
,1335,3,0,0.75695306
,1336,0,2,1.0
,1336,1,0,0.78269583
,1336,2,0,0.7118294
,1336,3,0,0.7582136
,1337,0,0,0.7827021
,1337,1,0,0.7109378
,1337,2,2,1.0
,1337,3,0,0.7582351
,1338,0,0,0.7109419
,1338,1,2,1.0
,1338,2,0,0.7831911
,1338,3,0,0.758237
,1339,0,2,1.0
,1339,1,0,0.7388183
,1339,2,0,0.75736463
,1339,3,0,0.758271
,1340,0,0,0.7817804
,1340,1,2,1.0
,1340,2,0,0.65304697
,1340,3,0,0.75789195
,1341,0,0,0.6481939
,1341,1,0,0.7790052
,1341,2,3,1.0
,1341,3,0,0.75337654
,1342,0,3,1.0
,1342,1,0,0.75211346
,1342,2,0,0.82065904
,1342,3,0,0.75236464
,1343,0,0,0.85353035
,1343,1,0,0.7092281
,1343,2,2,1.0
,1343,3,0,0.756991
,1344,0,0,0.71182954
,1344,1,2,1.0
,1344,2,0,0.78269583
,1344,3,0,0.7582139
,1345,0,2,1.0
,1345,1,0,0.7831843
,1345,2,0,0.7109334
,1345,3,0,0.7582289
,1346,0,0,0.7258686
,1346,1,0,0.75651586
,1346,2,2,1.0
,1346,3,0,0.7573862
,1347,0,2,1.0
,1347,1,1,0.5594014
,1347,2,1,0.8555609
,1347,3,0,0.5015271
,1348,0,0,0.7826171
,1348,1,2,1.0
,1348,2,0,0.7020608
,1348,3,0,0.75463593
,1349,0,0,0.75767475
,1349,1,0,0.75923157
,1349,2,2,1.0
,1349,3,0,0.7573752
,1350,0,1,0.5118377
,1350,1,3,1.0
,1350,2,1,0.88772655
,1350,3,1,0.5108877
,1351,0,0,0.689683
,1351,1,0,0.8524404
,1351,2,2,1.0
,1351,3,0,0.7517148
,1352,0,2,1.0
,1352,1,1,0.57513106
,1352,2,1,0.9435736
,1352,3,1,0.51716346
,1353,0,0,0.7251514
,1353,1,2,1.0
,1353,2,0,0.7474792
,1353,3,0,0.7535312
,1354,0,2,1.0
,1354,1,1,0.8552064
,1354,2,1,0.55964977
,1354,3,0,0.5014047
,1355,0,0,0.7252445
,1355,1,0,0.7497324
,1355,2,2,1.0
,1355,3,0,0.7538033
,1356,0,2,1.0
,1356,1,0,0.5022816
,1356,2,1,0.88260233
,1356,3,0,0.50238645
,1357,0,0,0.7250637
,1357,1,0,0.753629
,1357,2,2,1.0
,1357,3,0,0.7536302
,1358,0,2,1.0
,1358,1,0,0.5007651
,1358,2,1,0.88947165
,1358,3,0,0.50076526
,1359,0,1,0.8842536
,1359,1,1,0.5084723
,1359,2,2,1.0
,1359,3,1,0.508468
,1360,0,2,1.0
,1360,1,0,0.7541292
,1360,2,0,0.7380603
,1360,3,0,0.754416
,1361,0,0,0.78244764
,1361,1,0,0.73235035
,1361,2,2,1.0
,1361,3,0,0.7573834
,1362,0,1,0.5099648
,1362,1,3,1.0
,1362,2,1,0.8876146
,1362,3,1,0.5106216
,1363,0,0,0.75325406
,1363,1,0,0.8206781
,1363,2,2,1.0
,1363,3,0,0.7532465
,1364,0,0,0.7582585
,1364,1,2,1.0
,1364,2,0,0.73886913
,1364,3,0,0.75825864
,1365,0,0,0.75798064
,1365,1,0,0.68412215
,1365,2,2,1.0
,1365,3,0,0.7579884
,1366,0,0,0.7536044
,1366,1,3,1.0
,1366,2,0,0.77976745
,1366,3,0,0.7542777
,1367,0,0,0.7028588
,1367,1,2,1.0
,1367,2,0,0.7614707
,1367,3,0,0.7626111
,1368,0,2,1.0
,1368,1,1,0.85689795
,1368,2,1,0.5763434
,1368,3,1,0.50027233
,1369,0,1,0.8569821
,1369,1,1,0.5788044
,1369,2,2,1.0
,1369,3,1,0.5090373
,1370,0,0,0.7497261
,1370,1,2,1.0
,1370,2,0,0.7586219
,1370,3,0,0.75371027
,1371,0,1,0.5118191
,1371,1,1,0.8877205
,1371,2,3,1.0
,1371,3,1,0.5109701
,1372,0,0,0.7046311
,1372,1,2,1.0
,1372,2,0,0.8539017
,1372,3,0,0.7528885
,1373,0,2,1.0
,1373,1,0,0.72587025
,1373,2,0,0.75846964
,1373,3,0,0.757321
,1374,0,1,0.9078177
,1374,1,2,1.0
,1374,2,0,0.5017601
,1374,3,0,0.50173914
,1375,0,3,1.0
,1375,1,0,0.7359173
,1375,2,0,0.75185984
,1375,3,0,0.7524119
,1376,0,0,0.8538979
,1376,1,2,1.0
,1376,2,0,0.7092005
,1376,3,0,0.75696135
,1377,0,0,0.7593488
,1377,1,0,0.7388398
,1377,2,2,1.0
,1377,3,0,0.75770986
,1378,0,0,0.75826395
,1378,1,2,1.0
,1378,2,0,0.78271604
,1378,3,0,0.71063846
,1379,0,0,0.75823104
,1379,1,0,0.7832035
,1379,2,0,0.7109422
,1379,3,2,1.0
,1380,0,0,0.75773233
,1380,1,0,0.7585552
,1380,2,2,1.0
,1380,3,0,0.7388478
,1381,0,0,0.7106435
,1381,1,0,0.75825083
,1381,2,0,0.7832176
,1381,3,2,1.0
,1382,0,2,1.0
,1382,1,0,0.7577323
,1382,2,0,0.75854737
,1382,3,0,0.7388474
,1383,0,0,0.7832079
,1383,1,0,0.7106277
,1383,2,0,0.7575595
,1383,3,2,1.0
,1384,0,0,0.7576366
,1384,1,2,1.0
,1384,2,0,0.69684154
,1384,3,0,0.78239304
,1385,0,0,0.502451
,1385,1,1,0.8826146
,1385,2,2,1.0
,1385,3,0,0.50308865
,1386,0,0,0.75455123
,1386,1,2,1.0
,1386,2,0,0.7380587
,1386,3,0,0.754559
,1387,0,0,0.75731045
,1387,1,0,0.72590655
,1387,2,2,1.0
,1387,3,0,0.75734776
,1388,0,1,0.5012159
,1388,1,2,1.0
,1388,2,1,0.88952696
,1388,3,0,0.5007526
,1389,0,1,0.58698887
,1389,1,1,0.8589677
,1389,2,2,1.0
,1389,3,1,0.51119703
,1390,0,2,1.0
,1390,1,1,0.5956618
,1390,2,1,0.8582954
,1390,3,1,0.5112153
,1391,0,1,0.85736275
,1391,1,2,1.0
,1391,2,1,0.55187863
,1391,3,1,0.51006156
,1392,0,1,0.52655214
,1392,1,1,0.88754624
,1392,2,3,1.0
,1392,3,1,0.51744366
,1393,0,0,0.75252616
,1393,1,2,1.0
,1393,2,0,0.7784542
,1393,3,0,0.75319386
,1394,0,0,0.70524275
,1394,1,0,0.7791465
,1394,2,3,1.0
,1394,3,0,0.75349605
,1395,0,2,1.0
,1395,1,0,0.75554943
,1395,2,0,0.81081903
,1395,3,0,0.75641274
,1396,0,1,0.8551484
,1396,1,1,0.55928254
,1396,2,2,1.0
,1396,3,0,0.50162446
,1397,0,0,0.7485656
,1397,1,2,1.0
,1397,2,0,0.7587538
,1397,3,0,0.753834
,1398,0,1,0.5724501
,1398,1,1,0.86152697
,1398,2,3,1.0
,1398,3,1,0.51150537
,1399,0,2,1.0
,1399,1,0,0.68617433
,1399,2,0,0.85260546
,1399,3,0,0.75210357
,1400,0,1,0.85570353
,1400,1,2,1.0
,1400,2,1,0.5570615
,1400,3,0,0.5012969
,1401,0,0,0.6880132
,1401,1,0,0.7817957
,1401,2,2,1.0
,1401,3,0,0.7537092
,1402,0,2,1.0
,1402,1,0,0.50298816
,1402,2,1,0.8826442
,1402,3,0,0.5013427
,1403,0,0,0.7816507
,1403,1,0,0.75240844
,1403,2,2,1.0
,1403,3,0,0.6924604
,1404,0,0,0.50207436
,1404,1,1,0.5596135
,1404,2,1,0.85524094
,1404,3,2,1.0
,1405,0,0,0.75435466
,1405,1,2,1.0
,1405,2,0,0.749037
,1405,3,0,0.6837744
,1406,0,0,0.7531523
,1406,1,0,0.7783268
,1406,2,0,0.647697
,1406,3,3,1.0
,1407,0,0,0.75184387
,1407,1,0,0.70373565
,1407,2,3,1.0
,1407,3,0,0.853947
,1408,0,0,0.7566638
,1408,1,2,1.0
,1408,2,0,0.82066685
,1408,3,0,0.7583697
,1409,0,0,0.71064144
,1409,1,0,0.78258306
,1409,2,2,1.0
,1409,3,0,0.7582657
,1410,0,2,1.0
,1410,1,0,0.6962184
,1410,2,0,0.78108466
,1410,3,0,0.7571195
,1411,0,1,0.9437237
,1411,1,2,1.0
,1411,2,1,0.57695657
,1411,3,1,0.5170076
,1412,0,0,0.700877
,1412,1,0,0.7825781
,1412,2,2,1.0
,1412,3,0,0.75438607
,1413,0,2,1.0
,1413,1,0,0.757026
,1413,2,0,0.7258958
,1413,3,0,0.75732523
,1414,0,1,0.8563127
,1414,1,1,0.5318478
,1414,2,2,1.0
,1414,3,0,0.5008969
,1415,0,1,0.5875917
,1415,1,3,1.0
,1415,2,1,0.86095047
,1415,3,1,0.51782084
,1416,0,2,1.0
,1416,1,0,0.81075084
,1416,2,0,0.74607337
,1416,3,0,0.75244814
,1417,0,1,0.85648453
,1417,1,2,1.0
,1417,2,1,0.62558275
,1417,3,1,0.50059444
,1418,0,0,0.698252
,1418,1,0,0.778788
,1418,2,3,1.0
,1418,3,0,0.751421
,1419,0,2,1.0
,1419,1,0,0.6517024
,1419,2,0,0.85310256
,1419,3,0,0.75647837
,1420,0,0,0.77900875
,1420,1,3,1.0
,1420,2,0,0.64920837
,1420,3,0,0.7533571
,1421,0,0,0.75266623
,1421,1,0,0.8206722
,1421,2,3,1.0
,1421,3,0,0.7523652
,1422,0,0,0.757254
,1422,1,2,1.0
,1422,2,0,0.82067
,1422,3,0,0.75726396
,1423,0,0,0.75626475
,1423,1,0,0.7593907
,1423,2,2,1.0
,1423,3,0,0.7574383
,1424,0,1,0.57224804
,1424,1,3,1.0
,1424,2,1,0.8615246
,1424,3,1,0.51140624
,1425,0,2,1.0
,1425,1,0,0.8533813
,1425,2,0,0.68619704
,1425,3,0,0.7520892
,1426,0,1,0.8895084
,1426,1,0,0.5032178
,1426,2,2,1.0
,1426,3,0,0.5006083
,1427,0,2,1.0
,1427,1,1,0.51028186
,1427,2,1,0.8913689
,1427,3,1,0.5102963
,1428,0,1,0.9585069
,1428,1,1,0.5286999
,1428,2,2,1.0
,1428,3,1,0.52669454
,1429,0,2,1.0
,1429,1,1,0.6034076
,1429,2,1,0.94446915
,1429,3,1,0.52756524
,1430,0,1,0.95558447
,1430,1,2,1.0
,1430,2,1,0.53661495
,1430,3,1,0.52558964
,1431,0,2,1.0
,1431,1,0,0.72414315
,1431,2,0,0.7529146
,1431,3,0,0.75302243
,1432,0,1,0.9551697
,1432,1,2,1.0
,1432,2,1,0.51677084
,1432,3,1,0.5176994
,1433,0,2,1.0
,1433,1,0,0.7813759
,1433,2,0,0.75186896
,1433,3,0,0.6912265
,1434,0,1,0.94357306
,1434,1,1,0.5171172
,1434,2,1,0.5777202
,1434,3,2,1.0
,1435,0,0,0.74898684
,1435,1,0,0.70632726
,1435,2,2,1.0
,1435,3,0,0.7825951
,1436,0,0,0.71049446
,1436,1,2,1.0
,1436,2,0,0.7825449
,1436,3,0,0.75849557
,1437,0,2,1.0
,1437,1,0,0.7821629
,1437,2,0,0.69623244
,1437,3,0,0.7570767
,1438,0,1,0.9579734
,1438,1,1,0.5172577
,1438,2,2,1.0
,1438,3,1,0.51949334
,1439,0,2,1.0
,1439,1,1,0.51012045
,1439,2,1,0.857722
,1439,3,1,0.5708591
,1440,0,0,0.7816746
,1440,1,0,0.75206393
,1440,2,0,0.6878596
,1440,3,2,1.0
,1441,0,1,0.5032223
,1441,1,1,0.5768648
,1441,2,2,1.0
,1441,3,1,0.85622317
,1442,0,1,0.6350408
,1442,1,2,1.0
,1442,2,1,0.8581626
,1442,3,1,0.5201093
,1443,0,3,1.0
,1443,1,0,0.77993214
,1443,2,0,0.69825864
,1443,3,0,0.7499937
,1444,0,0,0.85392046
,1444,1,0,0.7567968
,1444,2,2,1.0
,1444,3,0,0.65098965
,1445,0,0,0.75452596
,1445,1,0,0.75409406
,1445,2,0,0.73467785
,1445,3,3,1.0
,1446,0,0,0.69538444
,1446,1,0,0.7560713
,1446,2,2,1.0
,1446,3,0,0.85339266
,1447,0,2,1.0
,1447,1,0,0.50240964
,1447,2,1,0.8826158
,1447,3,0,0.50491655
,1448,0,0,0.72508866
,1448,1,0,0.75364035
,1448,2,2,1.0
,1448,3,0,0.7536871
,1449,0,2,1.0
,1449,1,0,0.5014035
,1449,2,1,0.8826143
,1449,3,0,0.5023549
,1450,0,0,0.7814476
,1450,1,0,0.6915868
,1450,2,2,1.0
,1450,3,0,0.7533635
,1451,0,1,0.51674366
,1451,1,2,1.0
,1451,2,1,0.95517313
,1451,3,1,0.5167467
,1452,0,0,0.7061252
,1452,1,0,0.78243566
,1452,2,2,1.0
,1452,3,0,0.7542134
,1453,0,2,1.0
,1453,1,0,0.7576759
,1453,2,0,0.725917
,1453,3,0,0.75735515
,1454,0,1,0.8825897
,1454,1,0,0.5025161
,1454,2,2,1.0
,1454,3,0,0.50250804
,1455,0,2,1.0
,1455,1,0,0.754536
,1455,2,0,0.73805815
,1455,3,0,0.7545524
,1456,0,0,0.725842
,1456,1,0,0.7558821
,1456,2,2,1.0
,1456,3,0,0.7573249
,1457,0,2,1.0
,1457,1,1,0.57644486
,1457,2,1,0.85654813
,1457,3,1,0.5004227
,1458,0,1,0.85811794
,1458,1,2,1.0
,1458,2,1,0.55159795
,1458,3,1,0.50973237
,1459,0,1,0.5875479
,1459,1,1,0.86089355
,1459,2,3,1.0
,1459,3,1,0.5180099
,1460,0,2,1.0
,1460,1,0,0.74847394
,1460,2,0,0.8108378
,1460,3,0,0.7524762
,1461,0,1,0.8895283
,1461,1,1,0.5026282
,1461,2,2,1.0
,1461,3,0,0.50070375
,1462,0,2,1.0
,1462,1,1,0.6353056
,1462,2,1,0.858298
,1462,3,1,0.5111144
,1463,0,0,0.778807
,1463,1,3,1.0
,1463,2,0,0.6982585
,1463,3,0,0.75132513
,1464,0,0,0.65139866
,1464,1,0,0.85392046
,1464,2,2,1.0
,1464,3,0,0.75647086
,1465,0,3,1.0
,1465,1,0,0.7545238
,1465,2,0,0.73467594
,1465,3,0,0.75408804
,1466,0,0,0.8533479
,1466,1,0,0.69535255
,1466,2,2,1.0
,1466,3,0,0.7560407
,1467,0,0,0.5012087
,1467,1,2,1.0
,1467,2,1,0.8895457
,1467,3,0,0.50066835
,1468,0,1,0.58692896
,1468,1,1,0.8589688
,1468,2,2,1.0
,1468,3,1,0.5111999
,1469,0,2,1.0
,1469,1,1,0.59575695
,1469,2,1,0.85885626
,1469,3,1,0.5112585
,1470,0,1,0.8578993
,1470,1,2,1.0
,1470,2,1,0.59564865
,1470,3,1,0.5112158
,1471,0,1,0.5203494
,1471,1,1,0.8728689
,1471,2,2,1.0
,1471,3,1,0.5097835
,1472,0,1,0.5769164
,1472,1,3,1.0
,1472,2,1,0.86033386
,1472,3,1,0.5159479
,1473,0,2,1.0
,1473,1,0,0.853903
,1473,2,0,0.7003658
,1473,3,0,0.75302106
,1474,0,0,0.7388406
,1474,1,0,0.7590533
,1474,2,2,1.0
,1474,3,0,0.75819045
,1475,0,2,1.0
,1475,1,0,0.73254627
,1475,2,0,0.78135157
,1475,3,0,0.757399
,1476,0,1,0.8609685
,1476,1,3,1.0
,1476,2,1,0.57138276
,1476,3,1,0.51208854
,1477,0,0,0.7486823
,1477,1,0,0.85376
,1477,2,2,1.0
,1477,3,0,0.6935189
,1478,0,0,0.5554528
,1478,1,0,0.5579284
,1478,2,1,0.7455552
,1478,3,2,1.0
,1479,0,0,0.75497097
,1479,1,0,0.7549995
,1479,2,2,1.0
,1479,3,0,0.72771066
,1480,0,0,0.5538454
,1480,1,0,0.5538654
,1480,2,1,0.7249871
,1480,3,2,1.0
,1481,0,1,0.51504016
,1481,1,1,0.5142954
,1481,2,3,1.0
,1481,3,1,0.88701093
,1482,0,0,0.7046031
,1482,1,0,0.7528648
,1482,2,0,0.8535394
,1482,3,2,1.0
,1483,0,2,1.0
,1483,1,0,0.75816226
,1483,2,0,0.71182454
,1483,3,0,0.78269184
,1484,0,0,0.7831962
,1484,1,0,0.7582011
,1484,2,2,1.0
,1484,3,0,0.7109324
,1485,0,0,0.757634
,1485,1,0,0.7549754
,1485,2,0,0.72575825
,1485,3,2,1.0
,1486,0,1,0.5005638
,1486,1,1,0.62546515
,1486,2,2,1.0
,1486,3,1,0.856532
,1487,0,0,0.7514205
,1487,1,3,1.0
,1487,2,0,0.7787865
,1487,3,0,0.69825053
,1488,0,0,0.756477
,1488,1,0,0.8539295
,1488,2,0,0.65163463
,1488,3,2,1.0
,1489,0,0,0.7535279
,1489,1,0,0.754668
,1489,2,3,1.0
,1489,3,0,0.6800341
,1490,0,0,0.7518762
,1490,1,0,0.75217855
,1490,2,0,0.8206655
,1490,3,3,1.0
,1491,0,0,0.7312037
,1491,1,0,0.75617975
,1491,2,2,1.0
,1491,3,0,0.8524817
,1492,0,3,1.0
,1492,1,1,0.5111721
,1492,2,1,0.86095685
,1492,3,1,0.5694877
,1493,0,0,0.82067466
,1493,1,0,0.7534143
,1493,2,0,0.7488529
,1493,3,2,1.0
,1494,0,2,1.0
,1494,1,0,0.7582126
,1494,2,0,0.7105464
,1494,3,0,0.7832143
,1495,0,0,0.72582513
,1495,1,0,0.7573499
,1495,2,2,1.0
,1495,3,0,0.75619227
,1496,0,2,1.0
,1496,1,1,0.50050193
,1496,2,1,0.8570891
,1496,3,1,0.57653683
,1497,0,1,0.85755706
,1497,1,1,0.5121343
,1497,2,1,0.59321934
,1497,3,2,1.0
,1498,0,0,0.5239926
,1498,1,1,0.5440547
,1498,2,2,1.0
,1498,3,1,0.7006155
,1499,0,1,0.50885767
,1499,1,2,1.0
,1499,2,1,0.8567683
,1499,3,1,0.5743735
,1500,0,0,0.6924918
,1500,1,0,0.781773
,1500,2,0,0.74843097
,1500,3,2,1.0
,1501,0,2,1.0
,1501,1,0,0.5020545
,1501,2,1,0.5597089
,1501,3,1,0.8557069
,1502,0,0,0.7817671
,1502,1,0,0.75366634
,1502,2,2,1.0
,1502,3,0,0.68798065
,1503,0,0,0.5012904
,1503,1,1,0.50140357
,1503,2,1,0.8895611
,1503,3,2,1.0
,1504,0,1,0.51119524
,1504,1,1,0.5870797
,1504,2,2,1.0
,1504,3,1,0.859584
,1505,0,1,0.5111914
,1505,1,2,1.0
,1505,2,1,0.85819286
,1505,3,1,0.6437098
,1506,0,0,0.7513502
,1506,1,0,0.7799543
,1506,2,0,0.6983459
,1506,3,3,1.0
,1507,0,0,0.75650036
,1507,1,0,0.75682735
,1507,2,2,1.0
,1507,3,0,0.8308875
,1508,0,0,0.51805854
,1508,1,0,0.51806676
,1508,2,1,0.7498745
,1508,3,3,1.0
,1509,0,0,0.75286096
,1509,1,0,0.752861
,1509,2,2,1.0
,1509,3,0,0.81084216
,1510,0,0,0.5008344
,1510,1,0,0.5008344
,1510,2,1,0.88943624
,1510,3,2,1.0
,1511,0,1,0.5100163
,1511,1,1,0.5100163
,1511,2,2,1.0
,1511,3,1,0.8910144
,1512,0,1,0.5088002
,1512,1,1,0.5088002
,1512,2,1,0.88427365
,1512,3,2,1.0
,1513,0,0,0.7544111
,1513,1,0,0.75441134
,1513,2,2,1.0
,1513,3,0,0.7380642
,1514,0,0,0.75728655
,1514,1,0,0.75730133
,1514,2,0,0.76168895
,1514,3,2,1.0
,1515,0,1,0.52188474
,1515,1,1,0.52112937
,1515,2,3,1.0
,1515,3,1,0.9662427
,1516,0,0,0.70167696
,1516,1,0,0.75030595
,1516,2,0,0.8539274
,1516,3,3,1.0
,1517,0,2,1.0
,1517,1,0,0.75636023
,1517,2,0,0.75754505
,1517,3,0,0.81083405
,1518,0,1,0.8894305
,1518,1,0,0.50094044
,1518,2,0,0.50097096
,1518,3,2,1.0
,1519,0,2,1.0
,1519,1,1,0.51001364
,1519,2,1,0.51001346
,1519,3,1,0.8910143
,1520,0,1,0.8842801
,1520,1,1,0.50881374
,1520,2,1,0.5088362
,1520,3,2,1.0
,1521,0,2,1.0
,1521,1,0,0.7534664
,1521,2,0,0.7520079
,1521,3,0,0.72498524
,1522,0,1,0.8561369
,1522,1,1,0.50053596
,1522,2,1,0.57656384
,1522,3,2,1.0
,1523,0,1,0.5189674
,1523,1,1,0.5097538
,1523,2,2,1.0
,1523,3,1,0.8908966
,1524,0,1,0.5102556
,1524,1,1,0.5100166
,1524,2,1,0.87307376
,1524,3,2,1.0
,1525,0,1,0.5153471
,1525,1,1,0.51533216
,1525,2,3,1.0
,1525,3,1,0.8867617
,1526,0,0,0.7517794
,1526,1,0,0.7523429
,1526,2,0,0.8108577
,1526,3,2,1.0
,1527,0,1,0.5284194
,1527,1,0,0.50093937
,1527,2,2,1.0
,1527,3,1,0.85624796
,1528,0,3,1.0
,1528,1,1,0.5279636
,1528,2,1,0.9452263
,1528,3,1,0.5975727
,1529,0,0,0.8539006
,1529,1,0,0.75283897
,1529,2,0,0.6992247
,1529,3,2,1.0
,1530,0,0,0.75847846
,1530,1,0,0.75732934
,1530,2,2,1.0
,1530,3,0,0.7259069
,1531,0,0,0.50252
,1531,1,0,0.50249046
,1531,2,1,0.8825956
,1531,3,2,1.0
,1532,0,0,0.75340956
,1532,1,0,0.7534101
,1532,2,2,1.0
,1532,3,0,0.72421247
,1533,0,1,0.5179865
,1533,1,1,0.51794344
,1533,2,1,0.9504698
,1533,3,2,1.0
,1534,0,1,0.5167842
,1534,1,1,0.51513636
,1534,2,3,1.0
,1534,3,1,0.8866466
,1535,0,0,0.6457047
,1535,1,0,0.75229645
,1535,2,0,0.85392755
,1535,3,2,1.0
,1536,0,3,1.0
,1536,1,0,0.7543877
,1536,2,0,0.7549192
,1536,3,0,0.7799347
,1537,0,2,1.0
,1537,1,0,0.7631754
,1537,2,0,0.70553744
,1537,3,0,0.76344365
,1538,0,1,0.74552876
,1538,1,0,0.55599356
,1538,2,2,1.0
,1538,3,0,0.555271
,1539,0,2,1.0
,1539,1,0,0.75526524
,1539,2,0,0.7826365
,1539,3,0,0.70731163
,1540,0,0,0.72501934
,1540,1,0,0.7559543
,1540,2,0,0.75742984
,1540,3,2,1.0
,1541,0,2,1.0
,1541,1,1,0.5775873
,1541,2,1,0.5177211
,1541,3,1,0.9435608
,1542,0,0,0.7820947
,1542,1,2,1.0
,1542,2,0,0.7063206
,1542,3,0,0.7495408
,1543,0,0,0.71093106
,1543,1,0,0.7832008
,1543,2,2,1.0
,1543,3,0,0.75813496
,1544,0,2,1.0
,1544,1,0,0.7585573
,1544,2,0,0.7388522
,1544,3,0,0.7582652
,1545,0,0,0.7388545
,1545,1,0,0.75828093
,1545,2,2,1.0
,1545,3,0,0.7575836
,1546,0,2,1.0
,1546,1,0,0.7571165
,1546,2,0,0.78211385
,1546,3,0,0.69592524
,1547,0,1,0.9581234
,1547,1,1,0.5181847
,1547,2,1,0.5207853
,1547,3,2,1.0
,1548,0,2,1.0
,1548,1,1,0.5263229
,1548,2,1,0.64931405
,1548,3,1,0.94430584
,1549,0,0,0.7351081
,1549,1,0,0.7506926
,1549,2,3,1.0
,1549,3,0,0.7464008
,1550,0,2,1.0
,1550,1,0,0.70915276
,1550,2,0,0.85308796
,1550,3,0,0.7568987
,1551,0,0,0.78237176
,1551,1,2,1.0
,1551,2,0,0.6540846
,1551,3,0,0.75785106
,1552,0,0,0.70616305
,1552,1,0,0.7790804
,1552,2,3,1.0
,1552,3,0,0.75404876
,1553,0,2,1.0
,1553,1,0,0.70951986
,1553,2,0,0.8538982
,1553,3,0,0.7569544
,1554,0,0,0.73884004
,1554,1,2,1.0
,1554,2,0,0.759349
,1554,3,0,0.75771
,1555,0,2,1.0
,1555,1,0,0.7832176
,1555,2,0,0.75826585
,1555,3,0,0.7106432
,1556,0,0,0.7388443
,1556,1,0,0.75854963
,1556,2,0,0.75826675
,1556,3,2,1.0
,1557,0,2,1.0
,1557,1,0,0.75742567
,1557,2,0,0.7574224
,1557,3,0,0.7259385
,1558,0,1,0.88259095
,1558,1,0,0.5025004
,1558,2,0,0.50250036
,1558,3,2,1.0
,1559,0,2,1.0
,1559,1,0,0.75396925
,1559,2,0,0.75396925
,1559,3,0,0.7512649
,1560,0,1,0.7497401
,1560,1,0,0.51916635
,1560,2,0,0.51916635
,1560,3,3,1.0
,1561,0,2,1.0
,1561,1,0,0.7537289
,1561,2,0,0.7537289
,1561,3,0,0.82067674
,1562,0,0,0.7388907
,1562,1,0,0.75826204
,1562,2,0,0.75826204
,1562,3,2,1.0
,1563,0,2,1.0
,1563,1,0,0.7582831
,1563,2,0,0.7582834
,1563,3,0,0.738861
,1564,0,0,0.7259346
,1564,1,0,0.75736845
,1564,2,0,0.75739855
,1564,3,2,1.0
,1565,0,2,1.0
,1565,1,1,0.5003561
,1565,2,0,0.50123304
,1565,3,1,0.8711827
,1566,0,1,0.85997665
,1566,1,1,0.57635355
,1566,2,1,0.51564175
,1566,3,3,1.0
,1567,0,0,0.7473846
,1567,1,2,1.0
,1567,2,0,0.75252336
,1567,3,0,0.8108262
,1568,0,1,0.5595401
,1568,1,1,0.8556155
,1568,2,0,0.50149906
,1568,3,2,1.0
,1569,0,2,1.0
,1569,1,0,0.68801427
,1569,2,0,0.7537293
,1569,3,0,0.78178287
,1570,0,1,0.8826347
,1570,1,2,1.0
,1570,2,0,0.50230306
,1570,3,0,0.5022867
,1571,0,2,1.0
,1571,1,0,0.7824944
,1571,2,0,0.75449973
,1571,3,0,0.70644563
,1572,0,0,0.72589326
,1572,1,0,0.7576609
,1572,2,0,0.7573426
,1572,3,2,1.0
,1573,0,2,1.0
,1573,1,0,0.5015508
,1573,2,0,0.50154257
,1573,3,1,0.88841164
,1574,0,1,0.7592026
,1574,1,0,0.53625727
,1574,2,0,0.53625697
,1574,3,2,1.0
,1575,0,2,1.0
,1575,1,1,0.50812346
,1575,2,1,0.50812346
,1575,3,1,0.8727158
,1576,0,1,0.91084516
,1576,1,1,0.51571953
,1576,2,1,0.5157196
,1576,3,3,1.0
,1577,0,3,1.0
,1577,1,0,0.75068134
,1577,2,0,0.7506814
,1577,3,0,0.82065743
,1578,0,0,0.7786108
,1578,1,0,0.75729233
,1578,2,0,0.7572924
,1578,3,2,1.0
,1579,0,3,1.0
,1579,1,0,0.7530271
,1579,2,0,0.75302714
,1579,3,0,0.6794722
,1580,0,0,0.82067126
,1580,1,0,0.75216186
,1580,2,0,0.75216156
,1580,3,3,1.0
,1581,0,2,1.0
,1581,1,0,0.756443
,1581,2,0,0.7564129
,1581,3,0,0.8108505
,1582,0,1,0.87112653
,1582,1,0,0.5013429
,1582,2,1,0.50024635
,1582,3,2,1.0
,1583,0,3,1.0
,1583,1,1,0.51563835
,1583,2,1,0.57634956
,1583,3,1,0.8599724
,1584,0,0,0.81084865
,1584,1,0,0.7525137
,1584,2,2,1.0
,1584,3,0,0.7479189
,1585,0,2,1.0
,1585,1,0,0.5009147
,1585,2,1,0.85547096
,1585,3,1,0.53212243
,1586,0,1,0.8875948
,1586,1,1,0.517257
,1586,2,1,0.52733916
,1586,3,3,1.0
,1587,0,2,1.0
,1587,1,0,0.7528273
,1587,2,0,0.7044411
,1587,3,0,0.8535394
,1588,0,0,0.78269184
,1588,1,0,0.7581621
,1588,2,2,1.0
,1588,3,0,0.71182424
,1589,0,0,0.7109375
,1589,1,0,0.7582284
,1589,2,0,0.782702
,1589,3,2,1.0
,1590,0,2,1.0
,1590,1,0,0.75769466
,1590,2,0,0.7109368
,1590,3,0,0.78320175
,1591,0,0,0.78270143
,1591,1,0,0.71061915
,1591,2,2,1.0
,1591,3,0,0.75851774
,1592,0,0,0.7109374
,1592,1,2,1.0
,1592,2,0,0.7827017
,1592,3,0,0.758238
,1593,0,2,1.0
,1593,1,0,0.78319377
,1593,2,0,0.7109339
,1593,3,0,0.75822645
,1594,0,0,0.72503644
,1594,1,0,0.7574476
,1594,2,2,1.0
,1594,3,0,0.757178
,1595,0,2,1.0
,1595,1,1,0.5175315
,1595,2,1,0.96535766
,1595,3,1,0.5167908
,1596,0,0,0.7802707
,1596,1,0,0.7038317
,1596,2,3,0.99999857
,1596,3,0,0.75224864
,1597,0,0,0.709522
,1597,1,2,1.0
,1597,2,0,0.85389316
,1597,3,0,0.7562426
,1598,0,2,1.0
,1598,1,0,0.7818449
,1598,2,0,0.75840163
,1598,3,0,0.69680476
,1599,0,1,0.85714895
,1599,1,1,0.5277294
,1599,2,0,0.50086886
,1599,3,2,1.0
,1600,0,1,0.6589301
,1600,1,3,1.0
,1600,2,1,0.52905977
,1600,3,1,0.9451989
,1601,0,3,1.0
,1601,1,0,0.8539373
,1601,2,0,0.70025575
,1601,3,0,0.7434359
,1602,0,0,0.85221624
,1602,1,0,0.75692654
,1602,2,2,1.0
,1602,3,0,0.6942375
,1603,0,1,0.59146243
,1603,1,1,0.5183965
,1603,2,1,0.943901
,1603,3,2,1.0
,1604,0,2,1.0
,1604,1,1,0.5104347
,1604,2,1,0.5214629
,1604,3,1,0.8909969
,1605,0,1,0.909138
,1605,1,1,0.5094654
,1605,2,1,0.50974685
,1605,3,2,1.0
,1606,0,3,1.0
,1606,1,0,0.75197923
,1606,2,0,0.7522652
,1606,3,0,0.7359205
,1607,0,0,0.853273
,1607,1,0,0.7311524
,1607,2,0,0.7561599
,1607,3,2,1.0
,1608,0,1,0.5092372
,1608,1,3,1.0
,1608,2,1,0.5110265
,1608,3,1,0.9114516
,1609,0,0,0.7016492
,1609,1,0,0.853929
,1609,2,0,0.7502515
,1609,3,3,1.0
,1610,0,2,1.0
,1610,1,0,0.75757366
,1610,2,0,0.7563741
,1610,3,0,0.8108529
,1611,0,1,0.88254666
,1611,1,0,0.50263005
,1611,2,0,0.50186014
,1611,3,2,1.0
,1612,0,2,0.99999666
,1612,1,0,0.75451225
,1612,2,0,0.70644975
,1612,3,0,0.7824967
,1613,0,0,0.7388443
,1613,1,0,0.75822616
,1613,2,2,1.0
,1613,3,0,0.758004
,1614,0,2,1.0
,1614,1,0,0.7582531
,1614,2,0,0.7832176
,1614,3,0,0.7106471
,1615,0,0,0.7388575
,1615,1,0,0.75826216
,1615,2,0,0.7585452
,1615,3,2,1.0
,1616,0,2,1.0
,1616,1,0,0.7573478
,1616,2,0,0.7573511
,1616,3,0,0.7616663
,1617,0,1,0.95647216
,1617,1,1,0.521053
,1617,2,1,0.52105296
,1617,3,3,1.0
,1618,0,2,1.0
,1618,1,0,0.75306827
,1618,2,0,0.75306827
,1618,3,0,0.8206787
,1619,0,0,0.73890305
,1619,1,0,0.75825244
,1619,2,0,0.75825244
,1619,3,2,1.0
,1620,0,2,1.0
,1620,1,0,0.7584466
,1620,2,0,0.75844663
,1620,3,0,0.78312516
,1621,0,2,1.0
,1621,1,0,0.76140505
,1621,2,0,0.76140475
,1621,3,0,0.73694074
,1622,0,1,0.8876209
,1622,1,1,0.51053727
,1622,2,1,0.5105552
,1622,3,3,1.0
,1623,0,2,1.0
,1623,1,0,0.7523953
,1623,2,0,0.7512298
,1623,3,0,0.81082815
,1624,0,1,0.855286
,1624,1,0,0.50122297
,1624,2,1,0.55943245
,1624,3,2,1.0
,1625,0,0,0.73181957
,1625,1,0,0.7360793
,1625,2,2,1.0
,1625,3,0,0.7655233
,1626,0,0,1.0
,1626,1,0,1.0
,1626,2,0,1.0
,1626,3,2,0.5154252
,1627,0,0,0.7594483
,1627,1,0,0.75944847
,1627,2,2,1.0
,1627,3,0,0.766699
,1628,0,0,0.50076157
,1628,1,0,0.5007718
,1628,2,1,0.88979423
,1628,3,2,1.0
,1629,0,1,0.5252442
,1629,1,1,0.5248584
,1629,2,2,1.0
,1629,3,1,0.9555871
,1630,0,0,0.72813535
,1630,1,0,0.7532986
,1630,2,0,0.78058463
,1630,3,2,1.0
,1631,0,3,1.0
,1631,1,1,0.51125103
,1631,2,1,0.5713615
,1631,3,1,0.8613103
,1632,0,0,0.85389817
,1632,1,0,0.75306165
,1632,2,2,1.0
,1632,3,0,0.70035344
,1633,0,0,0.7584949
,1633,1,0,0.7573491
,1633,2,0,0.7592199
,1633,3,2,1.0
,1634,0,1,0.5108482
,1634,1,1,0.51087826
,1634,2,3,1.0
,1634,3,1,0.8877058
,1635,0,0,0.75209785
,1635,1,0,0.75209767
,1635,2,0,0.83842474
,1635,3,2,1.0
,1636,0,1,0.52453953
,1636,1,1,0.5245288
,1636,2,3,1.0
,1636,3,1,0.98381835
,1637,0,0,0.752287
,1637,1,0,0.7529914
,1637,2,0,0.82067055
,1637,3,2,1.0
,1638,0,0,0.69585145
,1638,1,0,0.7570655
,1638,2,2,1.0
,1638,3,0,0.78080696
,1639,0,2,1.0
,1639,1,1,0.5186712
,1639,2,1,0.9443845
,1639,3,1,0.5941899
,1640,0,1,0.94443244
,1640,1,1,0.52726585
,1640,2,1,0.61385906
,1640,3,2,1.0
,1641,0,1,0.53808564
,1641,1,1,0.5270544
,1641,2,2,1.0
,1641,3,1,0.95849097
,1642,0,1,0.5261231
,1642,1,1,0.5258313
,1642,2,1,0.9657096
,1642,3,2,1.0
,1643,0,0,0.75221837
,1643,1,0,0.75222176
,1643,2,3,1.0
,1643,3,0,0.7360589
,1644,0,0,0.75727886
,1644,1,0,0.757279
,1644,2,0,0.7784193
,1644,3,2,1.0
,1645,0,0,0.75362986
,1645,1,0,0.75362986
,1645,2,3,1.0
,1645,3,0,0.7342401
,1646,0,0,0.7572599
,1646,1,0,0.7572599
,1646,2,0,0.8206682
,1646,3,2,1.0
,1647,0,0,0.75830615
,1647,1,0,0.75830626
,1647,2,2,1.0
,1647,3,0,0.73887116
,1648,0,0,0.75799227
,1648,1,0,0.75799227
,1648,2,0,0.6842637
,1648,3,2,1.0
,1649,0,0,0.75395924
,1649,1,0,0.75395924
,1649,2,3,1.0
,1649,3,0,0.73455423
,1650,0,0,0.7570088
,1650,1,0,0.7570088
,1650,2,0,0.8127502
,1650,3,2,1.0
,1651,0,0,0.5562115
,1651,1,0,0.5562115
,1651,2,2,1.0
,1651,3,1,0.74549156
,1652,0,0,0.75444674
,1652,1,0,0.75444674
,1652,2,0,0.72526234
,1652,3,2,1.0
,1653,0,0,0.5024195
,1653,1,0,0.5024195
,1653,2,2,1.0
,1653,3,1,0.88259506
,1654,0,0,0.7545598
,1654,1,0,0.7545598
,1654,2,0,0.7380673
,1654,3,2,1.0
,1655,0,0,0.75823694
,1655,1,0,0.75823694
,1655,2,2,1.0
,1655,3,0,0.73887
,1656,0,0,0.7574381
,1656,1,0,0.7574381
,1656,2,0,0.7592474
,1656,3,2,1.0
,1657,0,1,0.5108582
,1657,1,1,0.5108582
,1657,2,3,1.0
,1657,3,1,0.8877039
,1658,0,0,0.7532697
,1658,1,0,0.7532697
,1658,2,0,0.7784325
,1658,3,2,1.0
,1659,0,0,0.7535684
,1659,1,0,0.7535684
,1659,2,3,1.0
,1659,3,0,0.73422915
,1660,0,0,0.75625473
,1660,1,0,0.75625473
,1660,2,0,0.83611715
,1660,3,2,1.0
,1661,0,1,0.51129085
,1661,1,1,0.5112907
,1661,2,3,1.0
,1661,3,1,0.8878533
,1662,0,0,0.75325537
,1662,1,0,0.75326365
,1662,2,0,0.7784349
,1662,3,2,1.0
,1663,0,0,0.7528499
,1663,1,0,0.7535608
,1663,2,3,1.0
,1663,3,0,0.7342002
,1664,0,0,0.6941242
,1664,1,0,0.7557384
,1664,2,0,0.8521486
,1664,3,2,1.0
,1665,0,2,1.0
,1665,1,1,0.524468
,1665,2,1,0.59795
,1665,3,1,0.9793813
,1666,0,1,0.94427246
,1666,1,1,0.5258494
,1666,2,2,1.0
,1666,3,1,0.59789604
,1667,0,0,0.68582183
,1667,1,0,0.75312537
,1667,2,0,0.7804376
,1667,3,2,1.0
,1668,0,2,1.0
,1668,1,1,0.5171391
,1668,2,1,0.5769976
,1668,3,1,0.94377595
,1669,0,0,0.7815226
,1669,1,0,0.7532158
,1669,2,2,1.0
,1669,3,0,0.68586
,1670,0,1,0.5176054
,1670,1,1,0.5183527
,1670,2,1,0.9581684
,1670,3,2,1.0
,1671,0,1,0.53244007
,1671,1,1,0.53246003
,1671,2,2,1.0
,1671,3,1,0.9940076
,1672,0,0,0.75406194
,1672,1,0,0.75406164
,1672,2,0,0.73797035
,1672,3,2,1.0
,1673,0,0,0.7582288
,1673,1,0,0.7582288
,1673,2,2,1.0
,1673,3,0,0.738873
,1674,0,0,0.7573208
,1674,1,0,0.7573208
,1674,2,0,0.76244783
,1674,3,2,1.0
,1675,0,1,0.52435595
,1675,1,1,0.52435595
,1675,2,3,1.0
,1675,3,1,0.9838114
,1676,0,0,0.7519742
,1676,1,0,0.7519742
,1676,2,0,0.8361293
,1676,3,2,1.0
,1677,0,1,0.5114264
,1677,1,1,0.5114264
,1677,2,3,1.0
,1677,3,1,0.88785946
,1678,0,0,0.75238633
,1678,1,0,0.7523867
,1678,2,0,0.81086195
,1678,3,2,1.0
,1679,0,0,0.50125355
,1679,1,0,0.5012731
,1679,2,2,1.0
,1679,3,1,0.8712043
,1680,0,1,0.5157533
,1680,1,1,0.5150087
,1680,2,1,0.88676494
,1680,3,3,1.0
,1681,0,0,0.70458645
,1681,1,0,0.7528475
,1681,2,2,1.0
,1681,3,0,0.85342747
,1682,0,2,1.0
,1682,1,0,0.7570253
,1682,2,0,0.78164595
,1682,3,0,0.6971513
,1683,0,1,0.94376504
,1683,1,1,0.5181712
,1683,2,1,0.5453277
,1683,3,2,1.0
,1684,0,1,0.5441528
,1684,1,1,0.53280085
,1684,2,3,1.0
,1684,3,1,0.99403685
,1685,0,0,0.7519239
,1685,1,0,0.7520545
,1685,2,0,0.81086814
,1685,3,2,1.0
,1686,0,0,0.5012114
,1686,1,0,0.5012148
,1686,2,2,1.0
,1686,3,1,0.869417
,1687,0,1,0.52701837
,1687,1,1,0.52701825
,1687,2,1,0.9562308
,1687,3,3,1.0
,1688,0,0,0.751854
,1688,1,0,0.751854
,1688,2,2,1.0
,1688,3,0,0.8099598
,1689,0,1,0.52447605
,1689,1,1,0.524476
,1689,2,1,0.9846725
,1689,3,2,1.0
,1690,0,1,0.5322985
,1690,1,1,0.5322985
,1690,2,2,1.0
,1690,3,1,0.9847387
,1691,0,1,0.5274706
,1691,1,1,0.5274706
,1691,2,1,0.9585904
,1691,3,2,1.0
,1692,0,1,0.5338097
,1692,1,1,0.5338094
,1692,2,2,1.0
,1692,3,1,0.9943902
,1693,0,1,0.50982237
,1693,1,1,0.5098137
,1693,2,1,0.88443834
,1693,3,2,1.0
,1694,0,0,0.75348586
,1694,1,0,0.7540466
,1694,2,2,1.0
,1694,3,0,0.68331933
,1695,0,0,0.7056264
,1695,1,0,0.75383246
,1695,2,0,0.7794279
,1695,3,3,1.0
,1696,0,2,1.0
,1696,1,0,0.75611496
,1696,2,0,0.7552183
,1696,3,0,0.80987346
,1697,0,1,0.992344
,1697,1,1,0.52501804
,1697,2,1,0.5854051
,1697,3,2,1.0
,1698,0,0,0.7481073
,1698,1,0,0.75344396
,1698,2,2,1.0
,1698,3,0,0.7251874
,1699,0,0,0.5022515
,1699,1,0,0.5023889
,1699,2,1,0.88259685
,1699,3,2,1.0
,1700,0,0,0.75454974
,1700,1,0,0.75455153
,1700,2,2,1.0
,1700,3,0,0.738059
,1701,0,0,0.7573595
,1701,1,0,0.75737756
,1701,2,0,0.72593516
,1701,3,2,1.0
,1702,0,0,0.50150937
,1702,1,0,0.5024649
,1702,2,2,1.0
,1702,3,1,0.8826074
,1703,0,0,0.6911424
,1703,1,0,0.7532333
,1703,2,0,0.7813029
,1703,3,2,1.0
,1704,0,2,1.0
,1704,1,1,0.5271916
,1704,2,1,0.52842706
,1704,3,1,0.99924463
,1705,0,1,0.85834795
,1705,1,1,0.51263744
,1705,2,1,0.5892283
,1705,3,2,1.0
,1706,0,1,0.5430259
,1706,1,1,0.533812
,1706,2,2,1.0
,1706,3,1,0.9944185
,1707,0,1,0.5351444
,1707,1,1,0.53489864
,1707,2,1,0.99910444
,1707,3,2,1.0
,1708,0,1,0.5153063
,1708,1,1,0.51529986
,1708,2,3,1.0
,1708,3,1,0.8865099
,1709,0,0,0.7532017
,1709,1,0,0.7532018
,1709,2,0,0.820678
,1709,3,2,1.0
,1710,0,0,0.7582427
,1710,1,0,0.7582427
,1710,2,2,1.0
,1710,3,0,0.738897
,1711,0,0,0.7573098
,1711,1,0,0.7573098
,1711,2,0,0.76283824
,1711,3,2,1.0
,1712,0,1,0.5259591
,1712,1,1,0.52595884
,1712,2,3,1.0
,1712,3,1,0.99938136
,1713,0,0,0.7507904
,1713,1,0,0.75080776
,1713,2,0,0.82065314
,1713,3,3,1.0
,1714,0,0,0.754628
,1714,1,0,0.75612485
,1714,2,2,1.0
,1714,3,0,0.8099417
,1715,0,1,0.6006879
,1715,1,1,0.52455664
,1715,2,1,0.9792611
,1715,3,2,1.0
,1716,0,2,1.0
,1716,1,1,0.53226423
,1716,2,1,0.5463562
,1716,3,1,0.9847341
,1717,0,1,0.94491273
,1717,1,1,0.527796
,1717,2,1,0.6039225
,1717,3,2,1.0
,1718,0,1,0.61388445
,1718,1,1,0.52751917
,1718,2,2,1.0
,1718,3,1,0.9444455
,1719,0,2,1.0
,1719,1,1,0.52707636
,1719,2,1,0.95849556
,1719,3,1,0.53969324
,1720,0,1,0.9441096
,1720,1,1,0.5260232
,1720,2,2,1.0
,1720,3,1,0.5866695
,1721,0,0,0.74840903
,1721,1,0,0.7531864
,1721,2,0,0.72431433
,1721,3,2,1.0
,1722,0,1,0.51838994
,1722,1,1,0.5182639
,1722,2,2,1.0
,1722,3,1,0.9581021
,1723,0,1,0.5268351
,1723,1,1,0.52683175
,1723,2,1,0.9502217
,1723,3,2,1.0
,1724,0,1,0.5276358
,1724,1,1,0.5276355
,1724,2,3,1.0
,1724,3,1,0.9561948
,1725,0,0,0.7518319
,1725,1,0,0.75184727
,1725,2,0,0.8099598
,1725,3,2,1.0
,1726,0,1,0.5252509
,1726,1,1,0.524478
,1726,2,2,1.0
,1726,3,1,0.9846727
,1727,0,1,0.5613271
,1727,1,1,0.5323266
,1727,2,1,0.97958916
,1727,3,2,1.0
,1728,0,3,1.0
,1728,1,1,0.5291774
,1728,2,1,0.6618959
,1728,3,1,0.9453525
,1729,0,0,0.853935
,1729,1,0,0.7490514
,1729,2,3,1.0
,1729,3,0,0.6948316
,1730,0,0,0.7572766
,1730,1,0,0.75607646
,1730,2,0,0.83785707
,1730,3,2,1.0
,1731,0,1,0.521203
,1731,1,1,0.52123487
,1731,2,3,1.0
,1731,3,1,0.9565112
,1732,0,0,0.7519437
,1732,1,0,0.75194335
,1732,2,0,0.837867
,1732,3,2,1.0
,1733,0,1,0.5213325
,1733,1,1,0.5213325
,1733,2,3,1.0
,1733,3,1,0.9565111
,1734,0,0,0.7530539
,1734,1,0,0.7530537
,1734,2,0,0.8206731
,1734,3,2,1.0
,1735,0,0,0.7571585
,1735,1,0,0.757144
,1735,2,2,1.0
,1735,3,0,0.7250763
,1736,0,1,0.51679116
,1736,1,1,0.5175392
,1736,2,1,0.96535814
,1736,3,2,1.0
,1737,0,0,0.75225896
,1737,1,0,0.70385563
,1737,2,3,1.0
,1737,3,0,0.78078026
,1738,0,0,0.7572311
,1738,1,2,1.0
,1738,2,0,0.82065296
,1738,3,0,0.75755
,1739,0,0,0.75800294
,1739,1,0,0.6843155
,1739,2,2,1.0
,1739,3,0,0.75745183
,1740,0,0,0.7538802
,1740,1,3,1.0
,1740,2,0,0.7791741
,1740,3,0,0.70566726
,1741,0,0,0.7561563
,1741,1,0,0.85328597
,1741,2,0,0.73134965
,1741,3,2,1.0
,1742,0,1,0.5106531
,1742,1,1,0.50810766
,1742,2,3,1.0
,1742,3,1,0.8876111
,1743,0,0,0.7521245
,1743,1,0,0.7521537
,1743,2,0,0.8378664
,1743,3,2,1.0
,1744,0,1,0.52134305
,1744,1,1,0.5213422
,1744,2,3,1.0
,1744,3,1,0.9565121
,1745,0,0,0.75194186
,1745,1,0,0.75194186
,1745,2,0,0.837867
,1745,3,2,1.0
,1746,0,1,0.5213477
,1746,1,1,0.5213477
,1746,2,3,1.0
,1746,3,1,0.956512
,1747,0,0,0.7519867
,1747,1,0,0.7519867
,1747,2,0,0.8101779
,1747,3,2,1.0
,1748,0,1,0.51824695
,1748,1,1,0.5182469
,1748,2,2,1.0
,1748,3,1,0.95809126
,1749,0,1,0.5267137
,1749,1,1,0.5267136
,1749,2,1,0.9583809
,1749,3,2,1.0
,1750,0,1,0.51106715
,1750,1,1,0.5110672
,1750,2,2,1.0
,1750,3,1,0.89114666
,1751,0,1,0.50947475
,1751,1,1,0.50947475
,1751,2,1,0.909064
,1751,3,2,1.0
,1752,0,0,0.75178427
,1752,1,0,0.7517844
,1752,2,3,1.0
,1752,3,0,0.6814876
,1753,0,0,0.75216293
,1753,1,0,0.75216293
,1753,2,0,0.820661
,1753,3,3,1.0
,1754,0,0,0.7573025
,1754,1,0,0.7573025
,1754,2,2,1.0
,1754,3,0,0.8535475
,1755,0,0,0.6602887
,1755,1,0,0.6602887
,1755,2,3,1.0
,1755,3,0,0.60520536
,1756,0,0,0.75586784
,1756,1,0,0.75586784
,1756,2,0,0.82067156
,1756,3,2,1.0
,1757,0,0,0.75828743
,1757,1,0,0.75828743
,1757,2,2,1.0
,1757,3,0,0.7388918
,1758,0,0,0.7582919
,1758,1,0,0.7582919
,1758,2,0,0.73886913
,1758,3,2,1.0
,1759,0,0,0.7582918
,1759,1,0,0.7582918
,1759,2,2,1.0
,1759,3,0,0.73886913
,1760,0,0,0.75828105
,1760,1,0,0.75828105
,1760,2,0,0.7388612
,1760,3,2,1.0
,1761,0,0,0.75717115
,1761,1,0,0.75717115
,1761,2,2,1.0
,1761,3,0,0.7250636
,1762,0,1,0.5179959
,1762,1,1,0.5179959
,1762,2,1,0.94971436
,1762,3,2,1.0
,1763,0,1,0.5273964
,1763,1,1,0.5273964
,1763,2,3,1.0
,1763,3,1,0.9561932
,1764,0,0,0.75184655
,1764,1,0,0.75184655
,1764,2,0,0.80985034
,1764,3,2,1.0
,1765,0,1,0.5260865
,1765,1,1,0.5260865
,1765,2,2,1.0
,1765,3,1,0.99919266
,1766,0,0,0.75315714
,1766,1,0,0.75315714
,1766,2,0,0.76197463
,1766,3,2,1.0
,1767,0,1,0.52596414
,1767,1,1,0.52596414
,1767,2,3,1.0
,1767,3,1,0.997808
,1768,0,0,0.7521174
,1768,1,0,0.7521174
,1768,2,0,0.81084824
,1768,3,2,1.0
,1769,0,0,0.5005163
,1769,1,0,0.5005163
,1769,2,2,1.0
,1769,3,1,0.8899294
,1770,0,1,0.5340599
,1770,1,1,0.5340599
,1770,2,1,0.997504
,1770,3,2,1.0
,1771,0,1,0.5335866
,1771,1,1,0.5335866
,1771,2,3,1.0
,1771,3,1,0.9978063
,1772,0,0,0.75173783
,1772,1,0,0.75173783
,1772,2,0,0.8386795
,1772,3,2,1.0
,1773,0,1,0.5260118
,1773,1,1,0.52601177
,1773,2,3,1.0
,1773,3,1,0.9978082
,1774,0,0,0.75185645
,1774,1,0,0.75185645
,1774,2,0,0.83786744
,1774,3,2,1.0
,1775,0,1,0.521352
,1775,1,1,0.521352
,1775,2,3,1.0
,1775,3,1,0.95651186
,1776,0,0,0.7518866
,1776,1,0,0.7518866
,1776,2,0,0.80985963
,1776,3,2,1.0
,1777,0,1,0.52720004
,1777,1,1,0.52720004
,1777,2,2,1.0
,1777,3,1,0.99794835
,1778,0,1,0.5272559
,1778,1,1,0.5272559
,1778,2,1,0.9585349
,1778,3,2,1.0
,1779,0,1,0.52731436
,1779,1,1,0.52731436
,1779,2,2,1.0
,1779,3,1,0.95858204
,1780,0,1,0.5340918
,1780,1,1,0.5340918
,1780,2,1,0.99324775
,1780,3,2,1.0
,1781,0,1,0.5277478
,1781,1,1,0.5277478
,1781,2,3,1.0
,1781,3,1,0.95617247
,1782,0,0,0.7519495
,1782,1,0,0.7519495
,1782,2,0,0.81018966
,1782,3,2,1.0
,1783,0,1,0.5165838
,1783,1,1,0.5165838
,1783,2,2,1.0
,1783,3,1,0.943506
,1784,0,0,0.7591009
,1784,1,0,0.7591009
,1784,2,2,1.0
,1784,3,0,0.7063212
,1785,0,0,0.75731725
,1785,1,0,0.75731725
,1785,2,0,0.76270694
,1785,3,2,1.0
,1786,0,1,0.5254633
,1786,1,1,0.5254632
,1786,2,3,1.0
,1786,3,1,0.9940377
,1787,0,0,0.7521277
,1787,1,0,0.7521277
,1787,2,0,0.81084615
,1787,3,2,1.0
,1788,0,0,0.5005907
,1788,1,0,0.5005907
,1788,2,2,1.0
,1788,3,1,0.88978046
,1789,0,1,0.5263271
,1789,1,1,0.5263271
,1789,2,1,0.95849234
,1789,3,2,1.0
,1790,0,1,0.52568316
,1790,1,1,0.52568316
,1790,2,2,1.0
,1790,3,1,0.95562094
,1791,0,0,0.7530093
,1791,1,0,0.7530093
,1791,2,0,0.7241349
,1791,3,2,1.0
,1792,0,1,0.51827127
,1792,1,1,0.5182706
,1792,2,2,1.0
,1792,3,1,0.95810187
,1793,0,1,0.5269224
,1793,1,1,0.526897
,1793,2,1,0.949893
,1793,3,2,1.0
,1794,0,1,0.5338853
,1794,1,1,0.53293526
,1794,2,3,1.0
,1794,3,1,0.9940294
,1795,0,0,0.68890417
,1795,1,0,0.75066596
,1795,2,0,0.85313535
,1795,3,2,1.0
,1796,0,2,1.0
,1796,1,1,0.5556956
,1796,2,1,0.5254084
,1796,3,1,0.9923846
,1797,0,1,0.9450775
,1797,1,3,1.0
,1797,2,1,0.5890528
,1797,3,1,0.5418136
,1798,0,0,0.74806935
,1798,1,0,0.8539054
,1798,2,2,1.0
,1798,3,0,0.7044319
,1799,0,0,0.7581367
,1799,1,0,0.75933665
,1799,2,0,0.73884374
,1799,3,2,1.0
,1800,0,0,0.75743675
,1800,1,0,0.7574504
,1800,2,2,1.0
,1800,3,0,0.75924724
,1801,0,1,0.510859
,1801,1,1,0.51085865
,1801,2,1,0.8877035
,1801,3,3,1.0
,1802,0,0,0.7532324
,1802,1,0,0.7532324
,1802,2,2,1.0
,1802,3,0,0.82068026
,1803,0,0,0.75740254
,1803,1,0,0.75740266
,1803,2,0,0.7592677
,1803,3,2,1.0
,1804,0,1,0.5108686
,1804,1,1,0.5108686
,1804,2,3,1.0
,1804,3,1,0.8877092
,1805,0,0,0.75249815
,1805,1,0,0.75249827
,1805,2,0,0.83090127
,1805,3,2,1.0
,1806,0,0,0.51794493
,1806,1,0,0.517945
,1806,2,3,1.0
,1806,3,1,0.749873
,1807,0,0,0.75370866
,1807,1,0,0.7537119
,1807,2,0,0.8206766
,1807,3,2,1.0
,1808,0,0,0.7579669
,1808,1,0,0.7582506
,1808,2,2,1.0
,1808,3,0,0.738892
,1809,0,0,0.7324023
,1809,1,0,0.757429
,1809,2,0,0.78243595
,1809,3,2,1.0
,1810,0,3,1.0
,1810,1,1,0.5106295
,1810,2,1,0.5107187
,1810,3,1,0.88763005
,1811,0,0,0.85390687
,1811,1,0,0.75290126
,1811,2,0,0.70465505
,1811,3,2,1.0
,1812,0,0,0.759349
,1812,1,0,0.75820374
,1812,2,2,1.0
,1812,3,0,0.738819
,1813,0,0,0.75800383
,1813,1,0,0.7579909
,1813,2,0,0.68426317
,1813,3,2,1.0
,1814,0,0,0.753962
,1814,1,0,0.7539618
,1814,2,3,1.0
,1814,3,0,0.7345574
,1815,0,0,0.7572647
,1815,1,0,0.7572647
,1815,2,0,0.8206684
,1815,3,2,1.0
,1816,0,0,0.75829613
,1816,1,0,0.758296
,1816,2,2,1.0
,1816,3,0,0.73888427
,1817,0,0,0.75742304
,1817,1,0,0.75742286
,1817,2,0,0.72593874
,1817,3,2,1.0
,1818,0,0,0.5025097
,1818,1,0,0.50249904
,1818,2,2,1.0
,1818,3,1,0.8825899
,1819,0,0,0.7545489
,1819,1,0,0.75385404
,1819,2,0,0.73805076
,1819,3,2,1.0
,1820,0,0,0.7572732
,1820,1,0,0.69663906
,1820,2,2,1.0
,1820,3,0,0.7801575
,1821,0,1,0.50062853
,1821,1,2,1.0
,1821,2,1,0.8565569
,1821,3,1,0.6249067
,1822,0,0,0.7514242
,1822,1,0,0.77990776
,1822,2,0,0.6983144
,1822,3,3,0.99986994
,1823,0,0,0.7572116
,1823,1,0,0.7569956
,1823,2,2,1.0
,1823,3,0,0.820656
,1824,0,0,0.75826377
,1824,1,0,0.71065617
,1824,2,0,0.7827367
,1824,3,2,1.0
,1825,0,0,0.75823545
,1825,1,2,1.0
,1825,2,0,0.7109376
,1825,3,0,0.78270155
,1826,0,0,0.7582344
,1826,1,0,0.7820955
,1826,2,2,1.0
,1826,3,0,0.71090686
,1827,0,0,0.757874
,1827,1,0,0.65307176
,1827,2,0,0.78289217
,1827,3,2,1.0
,1828,0,0,0.7541118
,1828,1,3,1.0
,1828,2,0,0.75440276
,1828,3,0,0.7347133
,1829,0,0,0.7562271
,1829,1,0,0.8101722
,1829,2,0,0.75624484
,1829,3,2,1.0
,1830,0,1,0.5173346
,1830,1,2,1.0
,1830,2,1,0.5165959
,1830,3,1,0.955151
,1831,0,0,0.7061265
,1831,1,0,0.7824432
,1831,2,0,0.75421715
,1831,3,2,1.0
,1832,0,2,1.0
,1832,1,0,0.7585424
,1832,2,0,0.7576827
,1832,3,0,0.7388437
,1833,0,0,0.78320694
,1833,1,0,0.75824505
,1833,2,0,0.7106348
,1833,3,2,1.0
,1834,0,0,0.7573692
,1834,1,0,0.75708514
,1834,2,2,1.0
,1834,3,0,0.7247624
,1835,0,1,0.52396363
,1835,1,1,0.52397114
,1835,2,1,0.98460186
,1835,3,2,1.0
,1836,0,1,0.5095132
,1836,1,1,0.5095134
,1836,2,2,1.0
,1836,3,1,0.8844067
,1837,0,0,0.7544068
,1837,1,0,0.75440663
,1837,2,0,0.7380503
,1837,3,2,1.0
,1838,0,0,0.7573764
,1838,1,0,0.75736237
,1838,2,2,1.0
,1838,3,0,0.7259356
,1839,0,0,0.50249064
,1839,1,0,0.5017508
,1839,2,1,0.88259894
,1839,3,2,1.0
,1840,0,0,0.75450665
,1840,1,0,0.70641077
,1840,2,2,1.0
,1840,3,0,0.7813908
,1841,0,0,0.75782573
,1841,1,2,1.0
,1841,2,0,0.78237367
,1841,3,0,0.65308034
,1842,0,0,0.7540546
,1842,1,0,0.77959526
,1842,2,0,0.7061911
,1842,3,3,1.0
,1843,0,0,0.7572461
,1843,1,0,0.75753736
,1843,2,2,1.0
,1843,3,0,0.82066864
,1844,0,0,0.7583037
,1844,1,0,0.75830704
,1844,2,0,0.7388924
,1844,3,2,1.0
,1845,0,0,0.7582921
,1845,1,0,0.7582921
,1845,2,2,1.0
,1845,3,0,0.7388692
,1846,0,0,0.7582919
,1846,1,0,0.7582919
,1846,2,0,0.73886913
,1846,3,2,1.0
,1847,0,0,0.7582918
,1847,1,0,0.7582918
,1847,2,2,1.0
,1847,3,0,0.73886913
,1848,0,0,0.75828385
,1848,1,0,0.75828385
,1848,2,0,0.73886085
,1848,3,2,1.0
,1849,0,0,0.7574123
,1849,1,0,0.7574124
,1849,2,2,1.0
,1849,3,0,0.72590053
,1850,0,0,0.5017328
,1850,1,0,0.5017414
,1850,2,1,0.9078177
,1850,3,2,1.0
,1851,0,0,0.7518595
,1851,1,0,0.75241196
,1851,2,3,1.0
,1851,3,0,0.7359173
,1852,0,0,0.7092007
,1852,1,0,0.7569675
,1852,2,0,0.8538978
,1852,3,2,1.0
,1853,0,2,1.0
,1853,1,0,0.7582521
,1853,2,0,0.75935096
,1853,3,0,0.7388448
,1854,0,0,0.73886883
,1854,1,0,0.7582913
,1854,2,0,0.7582977
,1854,3,2,1.0
,1855,0,2,1.0
,1855,1,0,0.7582895
,1855,2,0,0.75774986
,1855,3,0,0.7388643
,1856,0,0,0.7832081
,1856,1,0,0.7582435
,1856,2,0,0.7106355
,1856,3,2,1.0
,1857,0,0,0.75746465
,1857,1,0,0.75718075
,1857,2,2,1.0
,1857,3,0,0.7250462
,1858,0,1,0.51660347
,1858,1,1,0.5166111
,1858,2,1,0.955162
,1858,3,2,1.0
,1859,0,0,0.75427455
,1859,1,0,0.7542682
,1859,2,2,1.0
,1859,3,0,0.73800087
,1860,0,0,0.75824195
,1860,1,0,0.7577018
,1860,2,0,0.7388621
,1860,3,2,1.0
,1861,0,0,0.7582557
,1861,1,0,0.7106202
,1861,2,2,1.0
,1861,3,0,0.78321415
,1862,0,0,0.7579714
,1862,1,2,1.0
,1862,2,0,0.68427235
,1862,3,0,0.7577006
,1863,0,0,0.7538919
,1863,1,0,0.7794474
,1863,2,3,0.999897
,1863,3,0,0.70568615
,1864,0,0,0.75724083
,1864,1,0,0.7569915
,1864,2,0,0.82065827
,1864,3,2,1.0
,1865,0,0,0.7582578
,1865,1,0,0.71065176
,1865,2,2,1.0
,1865,3,0,0.7832189
,1866,0,0,0.7573723
,1866,1,2,1.0
,1866,2,0,0.725868
,1866,3,0,0.75651604
,1867,0,0,0.5007783
,1867,1,1,0.8552001
,1867,2,2,1.0
,1867,3,1,0.5594111
,1868,0,0,0.7066071
,1868,1,0,0.7505908
,1868,2,0,0.78263205
,1868,3,2,1.0
,1869,0,2,1.0
,1869,1,0,0.7581845
,1869,2,0,0.7585477
,1869,3,0,0.73884946
,1870,0,0,0.7388611
,1870,1,0,0.75828004
,1870,2,0,0.7582843
,1870,3,2,1.0
,1871,0,2,1.0
,1871,1,0,0.7571985
,1871,2,0,0.7571985
,1871,3,0,0.7250638
,1872,0,1,0.955162
,1872,1,1,0.5166105
,1872,2,1,0.51661044
,1872,3,2,1.0
,1873,0,2,1.0
,1873,1,0,0.7542744
,1873,2,0,0.75427437
,1873,3,0,0.73800105
,1874,0,0,0.73886645
,1874,1,0,0.75824416
,1874,2,0,0.75823057
,1874,3,2,1.0
,1875,0,2,1.0
,1875,1,0,0.7582878
,1875,2,0,0.7570942
,1875,3,0,0.7388352
,1876,0,0,0.78290117
,1876,1,0,0.7578916
,1876,2,0,0.65274405
,1876,3,2,1.0
,1877,0,0,0.7538629
,1877,1,0,0.7541218
,1877,2,3,1.0
,1877,3,0,0.7346955
,1878,0,0,0.7092176
,1878,1,0,0.75698227
,1878,2,0,0.85353047
,1878,3,2,1.0
,1879,0,2,1.0
,1879,1,0,0.75821316
,1879,2,0,0.7117987
,1879,3,0,0.7820894
,1880,0,0,0.7828926
,1880,1,0,0.7578741
,1880,2,2,1.0
,1880,3,0,0.65307176
,1881,0,0,0.7544141
,1881,1,0,0.75412333
,1881,2,0,0.73471713
,1881,3,3,1.0
,1882,0,0,0.75726223
,1882,1,0,0.7572591
,1882,2,2,1.0
,1882,3,0,0.82066244
,1883,0,0,0.75741076
,1883,1,0,0.75742483
,1883,2,0,0.72592425
,1883,3,2,1.0
,1884,0,0,0.50097495
,1884,1,0,0.5017244
,1884,2,2,1.0
,1884,3,1,0.90781426
,1885,0,0,0.70395297
,1885,1,0,0.75234616
,1885,2,0,0.78066725
,1885,3,3,1.0
,1886,0,2,1.0
,1886,1,0,0.75722677
,1886,2,0,0.75700897
,1886,3,0,0.82066673
,1887,0,0,0.7832384
,1887,1,0,0.75826573
,1887,2,0,0.7106614
,1887,3,2,1.0
,1888,0,0,0.7585577
,1888,1,0,0.7582746
,1888,2,2,1.0
,1888,3,0,0.7388525
,1889,0,0,0.7582886
,1889,1,0,0.7582916
,1889,2,0,0.73886895
,1889,3,2,1.0
,1890,0,0,0.75774986
,1890,1,0,0.75828964
,1890,2,2,1.0
,1890,3,0,0.73886436
,1891,0,0,0.7106437
,1891,1,0,0.758254
,1891,2,0,0.7832122
,1891,3,2,1.0
,1892,0,2,1.0
,1892,1,0,0.7582722
,1892,2,0,0.7580159
,1892,3,0,0.7388476
,1893,0,0,0.7832178
,1893,1,0,0.75825375
,1893,2,0,0.71064717
,1893,3,2,1.0
,1894,0,0,0.75855976
,1894,1,0,0.75827676
,1894,2,2,1.0
,1894,3,0,0.73883104
,1895,0,0,0.757995
,1895,1,0,0.75799185
,1895,2,0,0.68426335
,1895,3,2,1.0
,1896,0,0,0.7539617
,1896,1,0,0.7539618
,1896,2,3,1.0
,1896,3,0,0.7345574
,1897,0,0,0.7572568
,1897,1,0,0.7572646
,1897,2,0,0.8206682
,1897,3,2,1.0
,1898,0,0,0.7576068
,1898,1,0,0.75829315
,1898,2,2,1.0
,1898,3,0,0.73887783
,1899,0,0,0.6968614
,1899,1,0,0.7573706
,1899,2,0,0.7823951
,1899,3,2,1.0
,1900,0,2,1.0
,1900,1,0,0.50242615
,1900,2,0,0.5023318
,1900,3,1,0.8826235
,1901,0,0,0.7819988
,1901,1,0,0.7545072
,1901,2,0,0.7064501
,1901,3,2,1.0
,1902,0,0,0.7109287
,1902,1,0,0.7581908
,1902,2,2,1.0
,1902,3,0,0.7831878
,1903,0,2,1.0
,1903,1,0,0.75827026
,1903,2,0,0.73881876
,1903,3,0,0.757361
,1904,0,0,0.78290683
,1904,1,0,0.75789124
,1904,2,2,1.0
,1904,3,0,0.6527456
,1905,0,0,0.75441337
,1905,1,0,0.7541228
,1905,2,0,0.7347155
,1905,3,3,1.0
,1906,0,0,0.7569919
,1906,1,0,0.7570016
,1906,2,2,1.0
,1906,3,0,0.8127172
,1907,0,0,0.5545751
,1907,1,0,0.55531675
,1907,2,1,0.79279935
,1907,3,2,1.0
,1908,0,0,0.70435053
,1908,1,0,0.75272024
,1908,2,3,1.0
,1908,3,0,0.77995676
,1909,0,2,1.0
,1909,1,0,0.7569373
,1909,2,0,0.8536977
,1909,3,0,0.70953625
,1910,0,0,0.7824285
,1910,1,0,0.75739
,1910,2,0,0.73353463
,1910,3,2,1.0
,1911,0,1,0.5099723
,1911,1,1,0.51062846
,1911,2,3,1.0
,1911,3,1,0.88761723
,1912,0,0,0.7532539
,1912,1,0,0.7532464
,1912,2,0,0.8206782
,1912,3,2,1.0
,1913,0,0,0.75825644
,1913,1,0,0.7582564
,1913,2,2,1.0
,1913,3,0,0.73889035
,1914,0,0,0.7582916
,1914,1,0,0.7582916
,1914,2,0,0.73886913
,1914,3,2,1.0
,1915,0,0,0.75829417
,1915,1,0,0.75829417
,1915,2,2,1.0
,1915,3,0,0.7388478
,1916,0,0,0.757992
,1916,1,0,0.757992
,1916,2,0,0.6842635
,1916,3,2,1.0
,1917,0,0,0.7539555
,1917,1,0,0.7539617
,1917,2,3,1.0
,1917,3,0,0.7345571
,1918,0,0,0.7567207
,1918,1,0,0.757262
,1918,2,0,0.8206667
,1918,3,2,1.0
,1919,0,0,0.7106577
,1919,1,0,0.7582662
,1919,2,2,1.0
,1919,3,0,0.7832384
,1920,0,2,1.0
,1920,1,0,0.7582747
,1920,2,0,0.7388524
,1920,3,0,0.7585517
,1921,0,0,0.7388641
,1921,1,0,0.75828934
,1921,2,2,1.0
,1921,3,0,0.7577528
,1922,0,2,1.0
,1922,1,0,0.7582522
,1922,2,0,0.78271604
,1922,3,0,0.71063906
,1923,0,0,0.7832056
,1923,1,0,0.75823927
,1923,2,0,0.7109195
,1923,3,2,1.0
,1924,0,0,0.7582571
,1924,1,0,0.7579735
,1924,2,2,1.0
,1924,3,0,0.6842437
,1925,0,0,0.75396484
,1925,1,0,0.7539615
,1925,2,0,0.7345574
,1925,3,3,1.0
,1926,0,0,0.7572645
,1926,1,0,0.7572646
,1926,2,2,1.0
,1926,3,0,0.8206684
,1927,0,0,0.75828004
,1927,1,0,0.7582934
,1927,2,0,0.7388841
,1927,3,2,1.0
,1928,0,0,0.7560087
,1928,1,0,0.75718796
,1928,2,2,1.0
,1928,3,0,0.7250402
,1929,0,1,0.57762384
,1929,1,1,0.5169852
,1929,2,1,0.9439066
,1929,3,2,1.0
,1930,0,2,1.0
,1930,1,0,0.75394416
,1930,2,0,0.6419147
,1930,3,0,0.7816982
,1931,0,0,0.7796276
,1931,1,0,0.7540469
,1931,2,3,1.0
,1931,3,0,0.7062242
,1932,0,0,0.75754017
,1932,1,0,0.75724834
,1932,2,0,0.82065314
,1932,3,2,1.0
,1933,0,0,0.75800884
,1933,1,0,0.75800544
,1933,2,2,1.0
,1933,3,0,0.68429106
,1934,0,0,0.75396204
,1934,1,0,0.75396204
,1934,2,0,0.7345574
,1934,3,3,1.0
,1935,0,0,0.75726694
,1935,1,0,0.75726694
,1935,2,2,1.0
,1935,3,0,0.82065296
,1936,0,0,0.75800574
,1936,1,0,0.75800574
,1936,2,0,0.68429106
,1936,3,2,1.0
,1937,0,0,0.7539625
,1937,1,0,0.7539625
,1937,2,3,1.0
,1937,3,0,0.7345567
,1938,0,0,0.75729287
,1938,1,0,0.75729287
,1938,2,0,0.7784193
,1938,3,2,1.0
,1939,0,0,0.75363004
,1939,1,0,0.75363004
,1939,2,3,1.0
,1939,3,0,0.7342401
,1940,0,0,0.7572599
,1940,1,0,0.7572599
,1940,2,0,0.8206684
,1940,3,2,1.0
,1941,0,0,0.7583039
,1941,1,0,0.7583039
,1941,2,2,1.0
,1941,3,0,0.73889244
,1942,0,0,0.7582921
,1942,1,0,0.7582921
,1942,2,0,0.73886913
,1942,3,2,1.0
,1943,0,0,0.7582919
,1943,1,0,0.7582919
,1943,2,2,1.0
,1943,3,0,0.73886913
,1944,0,0,0.7582919
,1944,1,0,0.7582919
,1944,2,0,0.73886913
,1944,3,2,1.0
,1945,0,0,0.7582919
,1945,1,0,0.7582919
,1945,2,2,1.0
,1945,3,0,0.73886913
,1946,0,0,0.7582918
,1946,1,0,0.7582918
,1946,2,0,0.73886913
,1946,3,2,1.0
,1947,0,0,0.75828403
,1947,1,0,0.75828403
,1947,2,2,1.0
,1947,3,0,0.7388609
,1948,0,0,0.75742286
,1948,1,0,0.75742286
,1948,2,0,0.72593874
,1948,3,2,1.0
,1949,0,0,0.50251
,1949,1,0,0.50251
,1949,2,2,1.0
,1949,3,1,0.8825896
,1950,0,0,0.7545529
,1950,1,0,0.7545529
,1950,2,0,0.73805904
,1950,3,2,1.0
,1951,0,0,0.75737834
,1951,1,0,0.75737834
,1951,2,2,1.0
,1951,3,0,0.7259366
,1952,0,0,0.50250864
,1952,1,0,0.5025087
,1952,2,1,0.8825897
,1952,3,2,1.0
,1953,0,0,0.75454855
,1953,1,0,0.75454855
,1953,2,2,1.0
,1953,3,0,0.73807245
,1954,0,0,0.7573036
,1954,1,0,0.7573036
,1954,2,0,0.76166457
,1954,3,2,1.0
,1955,0,1,0.5210658
,1955,1,1,0.5210657
,1955,2,3,1.0
,1955,3,1,0.95647323
,1956,0,0,0.75221217
,1956,1,0,0.75221205
,1956,2,0,0.8108442
,1956,3,2,1.0
,1957,0,0,0.5008238
,1957,1,0,0.5008238
,1957,2,2,1.0
,1957,3,1,0.8894258
,1958,0,1,0.50968826
,1958,1,1,0.50968826
,1958,2,1,0.87305146
,1958,3,2,1.0
,1959,0,1,0.5153251
,1959,1,1,0.5153251
,1959,2,3,1.0
,1959,3,1,0.8867628
,1960,0,0,0.7521666
,1960,1,0,0.7521666
,1960,2,0,0.8361283
,1960,3,2,1.0
,1961,0,1,0.51142585
,1961,1,1,0.5114258
,1961,2,3,1.0
,1961,3,1,0.8878586
,1962,0,0,0.75208277
,1962,1,0,0.75208306
,1962,2,0,0.8386127
,1962,3,2,1.0
,1963,0,1,0.5256394
,1963,1,1,0.52562106
,1963,2,3,1.0
,1963,3,1,0.9940391
,1964,0,0,0.7507442
,1964,1,0,0.7519362
,1964,2,0,0.83622164
,1964,3,2,1.0
,1965,0,1,0.57277966
,1965,1,1,0.5119487
,1965,2,3,1.0
,1965,3,1,0.8617024
,1966,0,2,1.0
,1966,1,0,0.7520643
,1966,2,0,0.8523888
,1966,3,0,0.686127
,1967,0,1,0.85614216
,1967,1,1,0.5005861
,1967,2,1,0.5740656
,1967,3,2,1.0
,1968,0,1,0.51736593
,1968,1,1,0.5081586
,1968,2,2,1.0
,1968,3,1,0.88412315
,1969,0,0,0.75431645
,1969,1,0,0.75442135
,1969,2,0,0.73805237
,1969,3,2,1.0
,1970,0,0,0.7571273
,1970,1,0,0.7571285
,1970,2,2,1.0
,1970,3,0,0.7250594
,1971,0,1,0.51783895
,1971,1,1,0.5178389
,1971,2,1,0.95047003
,1971,3,2,1.0
,1972,0,1,0.5151178
,1972,1,1,0.5151178
,1972,2,3,1.0
,1972,3,1,0.8866059
,1973,0,0,0.7523489
,1973,1,0,0.7523489
,1973,2,0,0.8108436
,1973,3,2,1.0
,1974,0,0,0.500863
,1974,1,0,0.500863
,1974,2,2,1.0
,1974,3,1,0.8894235
,1975,0,1,0.5084638
,1975,1,1,0.5084638
,1975,2,1,0.8842532
,1975,3,2,1.0
,1976,0,0,0.7544275
,1976,1,0,0.7544275
,1976,2,2,1.0
,1976,3,0,0.7380592
,1977,0,0,0.75823545
,1977,1,0,0.75823545
,1977,2,0,0.73885906
,1977,3,2,1.0
,1978,0,0,0.757198
,1978,1,0,0.757198
,1978,2,2,1.0
,1978,3,0,0.7250638
,1979,0,1,0.51661325
,1979,1,1,0.5166133
,1979,2,1,0.9551638
,1979,3,2,1.0
,1980,0,0,0.75392896
,1980,1,0,0.75392896
,1980,2,2,1.0
,1980,3,0,0.72746515
,1981,0,0,0.5549055
,1981,1,0,0.5549055
,1981,2,1,0.79269934
,1981,3,2,1.0
,1982,0,0,0.7522771
,1982,1,0,0.7522771
,1982,2,3,1.0
,1982,3,0,0.68121505
,1983,0,0,0.7521637
,1983,1,0,0.7521637
,1983,2,0,0.8206741
,1983,3,3,1.0
,1984,0,0,0.7572719
,1984,1,0,0.757272
,1984,2,2,1.0
,1984,3,0,0.8206681
,1985,0,0,0.75829804
,1985,1,0,0.7583042
,1985,2,0,0.7388924
,1985,3,2,1.0
,1986,0,0,0.7577498
,1986,1,0,0.7582899
,1986,2,2,1.0
,1986,3,0,0.7388643
,1987,0,0,0.7106208
,1987,1,0,0.7582564
,1987,2,0,0.78321403
,1987,3,2,1.0
,1988,0,2,1.0
,1988,1,0,0.7579714
,1988,2,0,0.75770056
,1988,3,0,0.6842669
,1989,0,0,0.77945244
,1989,1,0,0.75389093
,1989,2,0,0.7056853
,1989,3,3,1.0
,1990,0,0,0.7575348
,1990,1,0,0.7572434
,1990,2,2,1.0
,1990,3,0,0.82066864
,1991,0,0,0.7582965
,1991,1,0,0.75829315
,1991,2,0,0.73888445
,1991,3,2,1.0
,1992,0,0,0.75719637
,1992,1,0,0.75719637
,1992,2,2,1.0
,1992,3,0,0.72505444
,1993,0,1,0.51678485
,1993,1,1,0.51678485
,1993,2,1,0.9653604
,1993,3,2,1.0
,1994,0,0,0.7523181
,1994,1,0,0.7523181
,1994,2,3,1.0
,1994,3,0,0.73605675
,1995,0,0,0.75641245
,1995,1,0,0.7564123
,1995,2,0,0.81083745
,1995,3,2,1.0
,1996,0,0,0.50069356
,1996,1,0,0.50069356
,1996,2,2,1.0
,1996,3,1,0.8899093
,1997,0,1,0.5319567
,1997,1,1,0.5319567
,1997,2,1,0.9940066
,1997,3,2,1.0
,1998,0,0,0.7531284
,1998,1,0,0.7531284
,1998,2,2,1.0
,1998,3,0,0.76083446
,1999,0,1,0.5211665
,1999,1,1,0.5211665
,1999,2,1,0.9564725
,1999,3,3,1.0
,2000,0,0,0.7530691
,2000,1,0,0.7530691
,2000,2,2,1.0
,2000,3,0,0.8206632
,2001,0,0,0.7579556
,2001,1,0,0.7579556
,2001,2,0,0.6842885
,2001,3,2,1.0
,2002,0,0,0.7539618
,2002,1,0,0.75396186
,2002,2,3,1.0
,2002,3,0,0.73455673
,2003,0,0,0.7572864
,2003,1,0,0.75729287
,2003,2,0,0.77842116
,2003,3,2,1.0
,2004,0,0,0.75307536
,2004,1,0,0.75362605
,2004,2,3,1.0
,2004,3,0,0.73421645
,2005,0,0,0.70920855
,2005,1,0,0.7569744
,2005,2,0,0.853896
,2005,3,2,1.0
,2006,0,2,1.0
,2006,1,0,0.75823843
,2006,2,0,0.7591001
,2006,3,0,0.7388502
,2007,0,0,0.782327
,2007,1,0,0.75730115
,2007,2,0,0.73629445
,2007,3,2,1.0
,2008,0,1,0.52518535
,2008,1,1,0.5258532
,2008,2,3,1.0
,2008,3,1,0.99780786
,2009,0,0,0.75193864
,2009,1,0,0.7519309
,2009,2,0,0.81017655
,2009,3,2,1.0
,2010,0,1,0.51688546
,2010,1,1,0.5168857
,2010,2,2,1.0
,2010,3,1,0.96535176
,2011,0,0,0.7523259
,2011,1,0,0.7523259
,2011,2,0,0.7360612
,2011,3,3,1.0
,2012,0,0,0.7572405
,2012,1,0,0.7572405
,2012,2,2,1.0
,2012,3,0,0.8206629
,2013,0,0,0.7571378
,2013,1,0,0.7571378
,2013,2,0,0.7248074
,2013,3,2,1.0
,2014,0,1,0.5228413
,2014,1,1,0.5228413
,2014,2,2,1.0
,2014,3,1,0.9835592
,2015,0,0,0.75304914
,2015,1,0,0.75304914
,2015,2,0,0.72412026
,2015,3,2,1.0
,2016,0,1,0.5167376
,2016,1,1,0.5167375
,2016,2,2,1.0
,2016,3,1,0.95516616
,2017,0,0,0.75337017
,2017,1,0,0.75337017
,2017,2,0,0.7250203
,2017,3,2,1.0
,2018,0,0,0.50238675
,2018,1,0,0.5023868
,2018,2,2,1.0
,2018,3,1,0.8826116
,2019,0,0,0.7541985
,2019,1,0,0.7541985
,2019,2,0,0.68330723
,2019,3,2,1.0
,2020,0,0,0.75390553
,2020,1,0,0.75390553
,2020,2,3,1.0
,2020,3,0,0.7345526
,2021,0,0,0.75616705
,2021,1,0,0.75616705
,2021,2,0,0.83785665
,2021,3,2,1.0
,2022,0,1,0.5212168
,2022,1,1,0.5212168
,2022,2,3,1.0
,2022,3,1,0.95651007
,2023,0,0,0.75306606
,2023,1,0,0.75306606
,2023,2,0,0.8206788
,2023,3,2,1.0
,2024,0,0,0.7582541
,2024,1,0,0.7582541
,2024,2,2,1.0
,2024,3,0,0.7388902
,2025,0,0,0.7582914
,2025,1,0,0.7582914
,2025,2,0,0.73886913
,2025,3,2,1.0
,2026,0,0,0.75828403
,2026,1,0,0.75828403
,2026,2,2,1.0
,2026,3,0,0.7388609
,2027,0,0,0.75742286
,2027,1,0,0.75742286
,2027,2,0,0.72593874
,2027,3,2,1.0
,2028,0,0,0.50251013
,2028,1,0,0.50251013
,2028,2,2,1.0
,2028,3,1,0.8825896
,2029,0,0,0.75456095
,2029,1,0,0.75456095
,2029,2,0,0.7380673
,2029,3,2,1.0
,2030,0,0,0.7582498
,2030,1,0,0.7582498
,2030,2,2,1.0
,2030,3,0,0.7388459
,2031,0,0,0.75799155
,2031,1,0,0.75799155
,2031,2,0,0.68426335
,2031,3,2,1.0
,2032,0,0,0.7539618
,2032,1,0,0.7539618
,2032,2,3,1.0
,2032,3,0,0.7345573
,2033,0,0,0.7572647
,2033,1,0,0.7572648
,2033,2,0,0.8206684
,2033,3,2,1.0
,2034,0,0,0.758304
,2034,1,0,0.758304
,2034,2,2,1.0
,2034,3,0,0.7388924
,2035,0,0,0.75829434
,2035,1,0,0.7582944
,2035,2,0,0.7388478
,2035,3,2,1.0
,2036,0,0,0.757992
,2036,1,0,0.757992
,2036,2,2,1.0
,2036,3,0,0.6842634
,2037,0,0,0.7539618
,2037,1,0,0.7539618
,2037,2,0,0.7345574
,2037,3,3,1.0
,2038,0,0,0.7572648
,2038,1,0,0.7572648
,2038,2,2,1.0
,2038,3,0,0.8206684
,2039,0,0,0.7583039
,2039,1,0,0.7583038
,2039,2,0,0.7388924
,2039,3,2,1.0
,2040,0,0,0.7582802
,2040,1,0,0.7582801
,2040,2,2,1.0
,2040,3,0,0.7388618
,2041,0,0,0.7570929
,2041,1,0,0.7570929
,2041,2,0,0.7246557
,2041,3,2,1.0
,2042,0,1,0.5256583
,2042,1,1,0.5256583
,2042,2,2,1.0
,2042,3,1,0.9978004
,2043,0,0,0.7537668
,2043,1,0,0.75376666
,2043,2,0,0.683187
,2043,3,2,1.0
,2044,0,0,0.7539038
,2044,1,0,0.7539038
,2044,2,3,1.0
,2044,3,0,0.7345528
,2045,0,0,0.75645906
,2045,1,0,0.75645906
,2045,2,0,0.8108533
,2045,3,2,1.0
,2046,0,0,0.5026043
,2046,1,0,0.5026043
,2046,2,2,1.0
,2046,3,1,0.8825362
,2047,0,0,0.7537079
,2047,1,0,0.7537079
,2047,2,0,0.7584962
,2047,3,2,1.0
,2048,0,1,0.51097536
,2048,1,1,0.5109754
,2048,2,3,1.0
,2048,3,1,0.8877092
,2049,0,0,0.7522088
,2049,1,0,0.7522088
,2049,2,0,0.8361283
,2049,3,2,1.0
,2050,0,1,0.51141965
,2050,1,1,0.51141965
,2050,2,3,1.0
,2050,3,1,0.8878593
,2051,0,0,0.7523807
,2051,1,0,0.7523807
,2051,2,0,0.8108438
,2051,3,2,1.0
,2052,0,0,0.5008291
,2052,1,0,0.50082904
,2052,2,2,1.0
,2052,3,1,0.8894254
,2053,0,1,0.5096876
,2053,1,1,0.5096877
,2053,2,1,0.87305164
,2053,3,2,1.0
,2054,0,1,0.51531035
,2054,1,1,0.51531035
,2054,2,3,1.0
,2054,3,1,0.88675857
,2055,0,0,0.7532
,2055,1,0,0.7532
,2055,2,0,0.820678
,2055,3,2,1.0
,2056,0,0,0.7582542
,2056,1,0,0.7582542
,2056,2,2,1.0
,2056,3,0,0.7389029
,2057,0,0,0.7584438
,2057,1,0,0.7584438
,2057,2,0,0.78275186
,2057,3,2,1.0
,2058,0,0,0.761258
,2058,1,0,0.761258
,2058,2,0,0.70101917
,2058,3,2,1.0
,2059,0,1,0.51804364
,2059,1,1,0.51804364
,2059,2,2,1.0
,2059,3,1,0.9581018
,2060,0,1,0.5266607
,2060,1,1,0.5266607
,2060,2,1,0.95096713
,2060,3,2,1.0
,2061,0,1,0.5153497
,2061,1,1,0.5153497
,2061,2,3,1.0
,2061,3,1,0.886609
,2062,0,0,0.7532272
,2062,1,0,0.7532272
,2062,2,0,0.77843213
,2062,3,2,1.0
,2063,0,0,0.75357836
,2063,1,0,0.75357836
,2063,2,3,1.0
,2063,3,0,0.73423606
,2064,0,0,0.75724864
,2064,1,0,0.75724864
,2064,2,0,0.82067055
,2064,3,2,1.0
,2065,0,0,0.75745046
,2065,1,0,0.75745046
,2065,2,2,1.0
,2065,3,0,0.75926924
,2066,0,1,0.51085854
,2066,1,1,0.51085854
,2066,2,1,0.8877035
,2066,3,3,1.0
,2067,0,0,0.75323427
,2067,1,0,0.75323474
,2067,2,2,1.0
,2067,3,0,0.8206722
,2068,0,0,0.75731975
,2068,1,0,0.75735706
,2068,2,0,0.725931
,2068,3,2,1.0
,2069,0,1,0.5012138
,2069,1,0,0.5007548
,2069,2,2,1.0
,2069,3,1,0.88952655
,2070,0,1,0.58693707
,2070,1,1,0.51114357
,2070,2,1,0.85875344
,2070,3,2,1.0
,2071,0,2,1.0
,2071,1,1,0.50938356
,2071,2,1,0.57898027
,2071,3,1,0.85780865
,2072,0,0,0.7822403
,2072,1,0,0.7540634
,2072,2,2,1.0
,2072,3,0,0.64313996
,2073,0,0,0.75444055
,2073,1,0,0.75411314
,2073,2,0,0.7347493
,2073,3,3,1.0
,2074,0,0,0.757299
,2074,1,0,0.7572952
,2074,2,2,1.0
,2074,3,0,0.7784194
,2075,0,0,0.7536301
,2075,1,0,0.75363004
,2075,2,0,0.7342401
,2075,3,3,1.0
,2076,0,0,0.7572597
,2076,1,0,0.7572597
,2076,2,2,1.0
,2076,3,0,0.8206684
,2077,0,0,0.7582932
,2077,1,0,0.7582932
,2077,2,0,0.7388952
,2077,3,2,1.0
,2078,0,0,0.75743866
,2078,1,0,0.75743866
,2078,2,2,1.0
,2078,3,0,0.75924766
,2079,0,1,0.5108709
,2079,1,1,0.5108709
,2079,2,1,0.8877062
,2079,3,3,1.0
,2080,0,0,0.752407
,2080,1,0,0.752407
,2080,2,2,1.0
,2080,3,0,0.8108349
,2081,0,0,0.50172484
,2081,1,0,0.50172484
,2081,2,1,0.90778315
,2081,3,2,1.0
,2082,0,0,0.75240463
,2082,1,0,0.75240463
,2082,2,3,1.0
,2082,3,0,0.73593354
,2083,0,0,0.75624806
,2083,1,0,0.75624806
,2083,2,0,0.8361173
,2083,3,2,1.0
,2084,0,1,0.5112953
,2084,1,1,0.5112954
,2084,2,3,1.0
,2084,3,1,0.88785493
,2085,0,0,0.75293994
,2085,1,0,0.75293994
,2085,2,0,0.8127324
,2085,3,2,1.0
,2086,0,0,0.5541416
,2086,1,0,0.5541416
,2086,2,2,1.0
,2086,3,1,0.7249517
,2087,0,1,0.5142929
,2087,1,1,0.5142929
,2087,2,1,0.8869975
,2087,3,3,1.0
,2088,0,0,0.7520884
,2088,1,0,0.7520884
,2088,2,2,1.0
,2088,3,0,0.8378664
,2089,0,1,0.5213285
,2089,1,1,0.5213285
,2089,2,1,0.9565111
,2089,3,3,1.0
,2090,0,0,0.7530539
,2090,1,0,0.753054
,2090,2,2,1.0
,2090,3,0,0.82068086
,2091,0,0,0.7574003
,2091,1,0,0.7574003
,2091,2,0,0.7592675
,2091,3,2,1.0
,2092,0,1,0.5108755
,2092,1,1,0.5108755
,2092,2,3,1.0
,2092,3,1,0.8877059
,2093,0,0,0.75219584
,2093,1,0,0.7521963
,2093,2,0,0.8101825
,2093,3,2,1.0
,2094,0,1,0.5167373
,2094,1,1,0.5167148
,2094,2,2,1.0
,2094,3,1,0.95515287
,2095,0,0,0.751855
,2095,1,0,0.75331414
,2095,2,0,0.7249237
,2095,3,2,1.0
,2096,0,1,0.5765764
,2096,1,1,0.5005448
,2096,2,2,1.0
,2096,3,1,0.85618055
,2097,0,2,1.0
,2097,1,1,0.5098675
,2097,2,1,0.8909924
,2097,3,1,0.5223083
,2098,0,1,0.85795075
,2098,1,1,0.51143366
,2098,2,2,1.0
,2098,3,1,0.6358596
,2099,0,0,0.74739647
,2099,1,0,0.7514144
,2099,2,0,0.7351229
,2099,3,3,1.0
,2100,0,0,0.757182
,2100,1,0,0.75722784
,2100,2,2,1.0
,2100,3,0,0.8206705
,2101,0,0,0.75744975
,2101,1,0,0.7574502
,2101,2,0,0.7592693
,2101,3,2,1.0
,2102,0,1,0.51085854
,2102,1,1,0.51085854
,2102,2,3,1.0
,2102,3,1,0.8877036
,2103,0,0,0.75323474
,2103,1,0,0.75323474
,2103,2,0,0.82067233
,2103,3,2,1.0
,2104,0,0,0.7573643
,2104,1,0,0.75736415
,2104,2,2,1.0
,2104,3,0,0.7259593
,2105,0,0,0.50128645
,2105,1,0,0.50128645
,2105,2,1,0.87125444
,2105,3,2,1.0
,2106,0,1,0.51499736
,2106,1,1,0.51499724
,2106,2,3,1.0
,2106,3,1,0.8867495
,2107,0,0,0.7532238
,2107,1,0,0.75323015
,2107,2,0,0.778434
,2107,3,2,1.0
,2108,0,0,0.75302374
,2108,1,0,0.7535746
,2108,2,3,1.0
,2108,3,0,0.73421234
,2109,0,0,0.7092051
,2109,1,0,0.75697404
,2109,2,0,0.85353065
,2109,3,2,1.0
,2110,0,2,1.0
,2110,1,0,0.75820255
,2110,2,0,0.7118191
,2110,3,0,0.7825423
,2111,0,0,0.78218585
,2111,1,0,0.75712895
,2111,2,2,1.0
,2111,3,0,0.6962425
,2112,0,1,0.5159826
,2112,1,1,0.5166442
,2112,2,1,0.9551704
,2112,3,2,1.0
,2113,0,0,0.7533787
,2113,1,0,0.75337106
,2113,2,2,1.0
,2113,3,0,0.7250204
,2114,0,0,0.50238705
,2114,1,0,0.5023868
,2114,2,1,0.88259685
,2114,3,2,1.0
,2115,0,0,0.7545466
,2115,1,0,0.7545466
,2115,2,2,1.0
,2115,3,0,0.7380733
,2116,0,0,0.7572774
,2116,1,0,0.7572774
,2116,2,0,0.7624506
,2116,3,2,1.0
,2117,0,1,0.5243399
,2117,1,1,0.52433985
,2117,2,3,1.0
,2117,3,1,0.9875293
,2118,0,0,0.75079465
,2118,1,0,0.75079465
,2118,2,0,0.82065314
,2118,3,3,1.0
,2119,0,0,0.7564581
,2119,1,0,0.7564581
,2119,2,2,1.0
,2119,3,0,0.8108529
,2120,0,0,0.50262
,2120,1,0,0.50262
,2120,2,1,0.8825375
,2120,3,2,1.0
,2121,0,0,0.75456244
,2121,1,0,0.75456244
,2121,2,2,1.0
,2121,3,0,0.7380675
,2122,0,0,0.7582396
,2122,1,0,0.7582396
,2122,2,0,0.7388589
,2122,3,2,1.0
,2123,0,0,0.7574118
,2123,1,0,0.75741196
,2123,2,2,1.0
,2123,3,0,0.72590053
,2124,0,0,0.5017328
,2124,1,0,0.5017414
,2124,2,1,0.9078177
,2124,3,2,1.0
,2125,0,0,0.75185937
,2125,1,0,0.7524119
,2125,2,3,1.0
,2125,3,0,0.7359173
,2126,0,0,0.7091905
,2126,1,0,0.75695926
,2126,2,0,0.85387444
,2126,3,2,1.0
,2127,0,2,1.0
,2127,1,0,0.7573276
,2127,2,0,0.75606185
,2127,3,0,0.7257505
,2128,0,1,0.8561581
,2128,1,1,0.5005656
,2128,2,1,0.62547153
,2128,3,2,1.0
,2129,0,0,0.7473888
,2129,1,0,0.7515127
,2129,2,3,1.0
,2129,3,0,0.73509485
,2130,0,0,0.75722057
,2130,1,0,0.7572675
,2130,2,0,0.7784195
,2130,3,2,1.0
,2131,0,0,0.7536186
,2131,1,0,0.75361913
,2131,2,3,1.0
,2131,3,0,0.73423326
,2132,0,0,0.75625014
,2132,1,0,0.75625014
,2132,2,0,0.8361867
,2132,3,2,1.0
,2133,0,1,0.51165855
,2133,1,1,0.51165855
,2133,2,3,1.0
,2133,3,1,0.911705
,2134,0,0,0.7507204
,2134,1,0,0.7507204
,2134,2,0,0.820658
,2134,3,3,1.0
,2135,0,0,0.75725025
,2135,1,0,0.75725025
,2135,2,2,1.0
,2135,3,0,0.82067025
,2136,0,0,0.7574506
,2136,1,0,0.7574506
,2136,2,0,0.7592695
,2136,3,2,1.0
,2137,0,1,0.5108578
,2137,1,1,0.51085776
,2137,2,3,1.0
,2137,3,1,0.8877039
,2138,0,0,0.7532697
,2138,1,0,0.7532697
,2138,2,0,0.7784462
,2138,3,2,1.0
,2139,0,0,0.7535724
,2139,1,0,0.7535724
,2139,2,3,0.9996529
,2139,3,0,0.7342338
,2140,0,0,0.75645477
,2140,1,0,0.75645477
,2140,2,0,0.8108237
,2140,3,2,1.0
,2141,0,0,0.5026191
,2141,1,0,0.5026191
,2141,2,2,1.0
,2141,3,1,0.8825289
,2142,0,0,0.7547535
,2142,1,0,0.7547535
,2142,2,0,0.78244805
,2142,3,2,1.0
,2143,0,0,0.7613596
,2143,1,0,0.7613596
,2143,2,0,0.73703456
,2143,3,2,1.0
,2144,0,1,0.5109105
,2144,1,1,0.5109105
,2144,2,3,1.0
,2144,3,1,0.9115205
,2145,0,0,0.7507304
,2145,1,0,0.7507304
,2145,2,0,0.82065827
,2145,3,3,1.0
,2146,0,0,0.7572503
,2146,1,0,0.7572503
,2146,2,2,1.0
,2146,3,0,0.8206702
,2147,0,0,0.7574506
,2147,1,0,0.7574506
,2147,2,0,0.7592693
,2147,3,2,1.0
,2148,0,1,0.51085776
,2148,1,1,0.51085776
,2148,2,3,1.0
,2148,3,1,0.8877039
,2149,0,0,0.7532697
,2149,1,0,0.7532697
,2149,2,0,0.7784323
,2149,3,2,1.0
,2150,0,0,0.7535701
,2150,1,0,0.7535701
,2150,2,3,1.0
,2150,3,0,0.7342314
,2151,0,0,0.7564438
,2151,1,0,0.7564438
,2151,2,0,0.81082505
,2151,3,2,1.0
,2152,0,0,0.50184697
,2152,1,0,0.50184697
,2152,2,2,1.0
,2152,3,1,0.9077777
,2153,0,0,0.7524164
,2153,1,0,0.75241643
,2153,2,0,0.7359401
,2153,3,3,1.0
,2154,0,0,0.75725234
,2154,1,0,0.7572525
,2154,2,2,1.0
,2154,3,0,0.82066834
,2155,0,0,0.7582827
,2155,1,0,0.75829583
,2155,2,0,0.73888373
,2155,3,2,1.0
,2156,0,0,0.756249
,2156,1,0,0.75740397
,2156,2,2,1.0
,2156,3,0,0.72588587
,2157,0,1,0.5594271
,2157,1,0,0.50150806
,2157,2,1,0.85567474
,2157,3,2,1.0
,2158,0,2,1.0
,2158,1,0,0.75346
,2158,2,0,0.6870324
,2158,3,0,0.7801723
,2159,0,1,0.9439551
,2159,1,1,0.51872194
,2159,2,2,1.0
,2159,3,1,0.5941775
,2160,0,1,0.5373154
,2160,1,1,0.5253341
,2160,2,1,0.95558107
,2160,3,2,1.0
,2161,0,0,0.7058542
,2161,1,0,0.75410694
,2161,2,2,1.0
,2161,3,0,0.78178126
,2162,0,2,1.0
,2162,1,0,0.7569765
,2162,2,0,0.78208774
,2162,3,0,0.69592744
,2163,0,1,0.9846584
,2163,1,1,0.52427924
,2163,2,1,0.5236116
,2163,3,2,1.0
,2164,0,2,1.0
,2164,1,1,0.5272389
,2164,2,1,0.5272226
,2164,3,1,0.95857453
,2165,0,1,0.98475456
,2165,1,1,0.53243786
,2165,2,1,0.5324902
,2165,3,2,1.0
,2166,0,2,1.0
,2166,1,1,0.53228134
,2166,2,1,0.5342648
,2166,3,1,0.9846899
,2167,0,1,0.8583106
,2167,1,1,0.5126898
,2167,2,1,0.58933645
,2167,3,2,1.0
,2168,0,1,0.5415168
,2168,1,1,0.53230125
,2168,2,2,1.0
,2168,3,1,0.9940061
,2169,0,0,0.75268507
,2169,1,0,0.75283015
,2169,2,0,0.72382945
,2169,3,2,1.0
,2170,0,1,0.5264685
,2170,1,1,0.5244672
,2170,2,2,1.0
,2170,3,1,0.98467624
,2171,0,1,0.6071674
,2171,1,1,0.53219295
,2171,2,1,0.97934186
,2171,3,2,1.0
,2172,0,2,1.0
,2172,1,1,0.5107119
,2172,2,1,0.5255483
,2172,3,1,0.8707192
,2173,0,1,0.97938925
,2173,1,1,0.53139824
,2173,2,1,0.65362376
,2173,3,3,1.0
,2174,0,0,0.7442744
,2174,1,0,0.749519
,2174,2,3,1.0
,2174,3,0,0.8206656
,2175,0,0,0.75605637
,2175,1,0,0.7561163
,2175,2,0,0.8098486
,2175,3,2,1.0
,2176,0,1,0.5256993
,2176,1,1,0.52569777
,2176,2,2,1.0
,2176,3,1,0.9978002
,2177,0,0,0.7531972
,2177,1,0,0.7531972
,2177,2,0,0.7249593
,2177,3,2,1.0
,2178,0,0,0.5005291
,2178,1,0,0.5005291
,2178,2,2,1.0
,2178,3,1,0.88982415
,2179,0,1,0.5248636
,2179,1,1,0.5248636
,2179,2,1,0.9555893
,2179,3,2,1.0
,2180,0,0,0.75301933
,2180,1,0,0.7530198
,2180,2,2,1.0
,2180,3,0,0.72414416
,2181,0,1,0.5182023
,2181,1,1,0.51817673
,2181,2,1,0.9493528
,2181,3,2,1.0
,2182,0,1,0.5341145
,2182,1,1,0.5331599
,2182,2,3,1.0
,2182,3,1,0.9978068
,2183,0,0,0.689288
,2183,1,0,0.75134224
,2183,2,0,0.8532045
,2183,3,2,1.0
,2184,0,2,1.0
,2184,1,1,0.5181298
,2184,2,1,0.5174219
,2184,3,1,0.95798314
,2185,0,1,0.8582347
,2185,1,1,0.51216114
,2185,2,1,0.5884539
,2185,3,2,1.0
,2186,0,1,0.5355265
,2186,1,1,0.5263754
,2186,2,2,1.0
,2186,3,1,0.9583292
,2187,0,1,0.51161814
,2187,1,1,0.5113809
,2187,2,1,0.8916212
,2187,3,2,1.0
,2188,0,1,0.533376
,2188,1,1,0.5333696
,2188,2,2,1.0
,2188,3,1,0.99438936
,2189,0,1,0.5098024
,2189,1,1,0.5098023
,2189,2,1,0.8844238
,2189,3,2,1.0
,2190,0,0,0.7544115
,2190,1,0,0.7544115
,2190,2,2,1.0
,2190,3,0,0.7380583
,2191,0,0,0.75823754
,2191,1,0,0.75823766
,2191,2,0,0.7388589
,2191,3,2,1.0
,2192,0,0,0.75738776
,2192,1,0,0.75738776
,2192,2,2,1.0
,2192,3,0,0.7259168
,2193,0,0,0.50058675
,2193,1,0,0.5005868
,2193,2,1,0.8899576
,2193,3,2,1.0
,2194,0,1,0.53195244
,2194,1,1,0.53195244
,2194,2,2,1.0
,2194,3,1,0.994007
,2195,0,0,0.7531633
,2195,1,0,0.7531633
,2195,2,0,0.7249878
,2195,3,2,1.0
,2196,0,0,0.50238085
,2196,1,0,0.5023809
,2196,2,2,1.0
,2196,3,1,0.88259715
,2197,0,0,0.7545484
,2197,1,0,0.7545484
,2197,2,0,0.73805904
,2197,3,2,1.0
,2198,0,0,0.757122
,2198,1,0,0.757122
,2198,2,2,1.0
,2198,3,0,0.72505504
,2199,0,1,0.5182642
,2199,1,1,0.5182642
,2199,2,1,0.95816517
,2199,3,2,1.0
,2200,0,1,0.53443825
,2200,1,1,0.5344382
,2200,2,2,1.0
,2200,3,1,0.99795073
,2201,0,1,0.526071
,2201,1,1,0.526071
,2201,2,1,0.96571976
,2201,3,2,1.0
,2202,0,0,0.75220793
,2202,1,0,0.75220793
,2202,2,3,1.0
,2202,3,0,0.7360529
,2203,0,0,0.7562461
,2203,1,0,0.7562461
,2203,2,0,0.8361173
,2203,3,2,1.0
,2204,0,1,0.51130724
,2204,1,1,0.51130724
,2204,2,3,1.0
,2204,3,1,0.88785535
,2205,0,0,0.75218797
,2205,1,0,0.75218797
,2205,2,0,0.8101758
,2205,3,2,1.0
,2206,0,1,0.5168785
,2206,1,1,0.5168785
,2206,2,2,1.0
,2206,3,1,0.96535164
,2207,0,0,0.75232613
,2207,1,0,0.75232613
,2207,2,0,0.7360612
,2207,3,3,1.0
,2208,0,0,0.75725186
,2208,1,0,0.75725186
,2208,2,2,1.0
,2208,3,0,0.82066834
,2209,0,0,0.75829214
,2209,1,0,0.7582921
,2209,2,0,0.738885
,2209,3,2,1.0
,2210,0,0,0.7571011
,2210,1,0,0.7571011
,2210,2,2,1.0
,2210,3,0,0.72468877
,2211,0,1,0.524944
,2211,1,1,0.524944
,2211,2,1,0.99399257
,2211,3,2,1.0
,2212,0,0,0.7531768
,2212,1,0,0.7531768
,2212,2,2,1.0
,2212,3,0,0.7618848
,2213,0,1,0.5255628
,2213,1,1,0.52556276
,2213,2,1,0.99403757
,2213,3,3,1.0
,2214,0,0,0.75297534
,2214,1,0,0.75297534
,2214,2,2,1.0
,2214,3,0,0.8206737
,2215,0,0,0.7570355
,2215,1,0,0.7570355
,2215,2,0,0.72470975
,2215,3,2,1.0
,2216,0,1,0.5262962
,2216,1,1,0.5262962
,2216,2,2,1.0
,2216,3,1,0.99439645
,2217,0,1,0.52562684
,2217,1,1,0.52562666
,2217,2,1,0.94403714
,2217,3,2,1.0
,2218,0,0,0.758012
,2218,1,0,0.75801873
,2218,2,0,0.7308374
,2218,3,2,1.0
,2219,0,1,0.5213076
,2219,1,1,0.52095985
,2219,2,3,1.0
,2219,3,1,0.95644855
,2220,0,0,0.7292847
,2220,1,0,0.7518583
,2220,2,0,0.85239774
,2220,3,2,1.0
,2221,0,3,1.0
,2221,1,1,0.5213111
,2221,2,1,0.57927066
,2221,3,1,0.9450742
,2222,0,0,0.82068026
,2222,1,0,0.7532661
,2222,2,2,1.0
,2222,3,0,0.7483954
,2223,0,2,1.0
,2223,1,0,0.7573053
,2223,2,0,0.761728
,2223,3,0,0.75606537
,2224,0,1,0.94510573
,2224,1,1,0.52125496
,2224,2,3,1.0
,2224,3,1,0.581842
,2225,0,0,0.74842
,2225,1,0,0.75327784
,2225,2,0,0.8206766
,2225,3,2,1.0
,2226,0,0,0.7582023
,2226,1,0,0.7582573
,2226,2,2,1.0
,2226,3,0,0.73889107
,2227,0,0,0.7582909
,2227,1,0,0.75829154
,2227,2,0,0.73886913
,2227,3,2,1.0
,2228,0,0,0.7582919
,2228,1,0,0.7582919
,2228,2,2,1.0
,2228,3,0,0.73886913
,2229,0,0,0.7582919
,2229,1,0,0.7582919
,2229,2,0,0.73886913
,2229,3,2,1.0
,2230,0,0,0.7582919
,2230,1,0,0.7582919
,2230,2,2,1.0
,2230,3,0,0.73886913
,2231,0,0,0.75828797
,2231,1,0,0.7582881
,2231,2,0,0.7388818
,2231,3,2,1.0
,2232,0,0,0.75825244
,2232,1,0,0.75825244
,2232,2,2,1.0
,2232,3,0,0.7832015
,2233,0,0,0.7441295
,2233,1,0,0.7441295
,2233,2,2,1.0
,2233,3,0,0.74441934
,2234,0,2,0.51315963
,2234,1,0,1.0
,2234,2,0,1.0
,2234,3,0,1.0
,2235,0,0,0.775051
,2235,1,0,0.7539686
,2235,2,3,1.0
,2235,3,0,0.75395477
,2236,0,2,1.0
,2236,1,0,0.75726646
,2236,2,0,0.82064843
,2236,3,0,0.75606954
,2237,0,0,0.7829292
,2237,1,0,0.7579057
,2237,2,2,1.0
,2237,3,0,0.6527593
,2238,0,0,0.754417
,2238,1,0,0.7541261
,2238,2,0,0.7347183
,2238,3,3,1.0
,2239,0,0,0.7572985
,2239,1,0,0.7572953
,2239,2,2,1.0
,2239,3,0,0.7784193
,2240,0,0,0.7536306
,2240,1,0,0.7536306
,2240,2,0,0.7342394
,2240,3,3,1.0
,2241,0,0,0.75728786
,2241,1,0,0.75728786
,2241,2,2,1.0
,2241,3,0,0.7784193
,2242,0,0,0.7536299
,2242,1,0,0.7536299
,2242,2,0,0.7342401
,2242,3,3,1.0
,2243,0,0,0.7572597
,2243,1,0,0.7572597
,2243,2,2,1.0
,2243,3,0,0.8206684
,2244,0,0,0.7582932
,2244,1,0,0.7582932
,2244,2,0,0.7388952
,2244,3,2,1.0
,2245,0,0,0.75743884
,2245,1,0,0.75743884
,2245,2,2,1.0
,2245,3,0,0.7592475
,2246,0,1,0.51085883
,2246,1,1,0.5108588
,2246,2,1,0.8877035
,2246,3,3,1.0
,2247,0,0,0.7532432
,2247,1,0,0.7532432
,2247,2,2,1.0
,2247,3,0,0.8206781
,2248,0,0,0.7582562
,2248,1,0,0.7582562
,2248,2,0,0.73889023
,2248,3,2,1.0
,2249,0,0,0.75828356
,2249,1,0,0.75828356
,2249,2,2,1.0
,2249,3,0,0.7388609
,2250,0,0,0.75741214
,2250,1,0,0.7574125
,2250,2,0,0.72590035
,2250,3,2,1.0
,2251,0,0,0.50172395
,2251,1,0,0.5017433
,2251,2,2,1.0
,2251,3,1,0.90774155
,2252,0,0,0.75067174
,2252,1,0,0.75191927
,2252,2,0,0.6820141
,2252,3,3,1.0
,2253,0,0,0.64518404
,2253,1,0,0.75077826
,2253,2,3,1.0
,2253,3,0,0.8531574
,2254,0,3,1.0
,2254,1,0,0.75098914
,2254,2,0,0.8531512
,2254,3,0,0.6469405
,2255,0,0,0.8539813
,2255,1,0,0.75097376
,2255,2,0,0.646384
,2255,3,3,1.0
,2256,0,0,0.7535312
,2256,1,0,0.7523217
,2256,2,3,1.0
,2256,3,0,0.8206678
,2257,0,0,0.75628394
,2257,1,0,0.75627005
,2257,2,0,0.83611715
,2257,3,2,1.0
,2258,0,1,0.5113024
,2258,1,1,0.5113028
,2258,2,3,1.0
,2258,3,1,0.8878556
,2259,0,0,0.75240105
,2259,1,0,0.75240105
,2259,2,0,0.8108349
,2259,3,2,1.0
,2260,0,0,0.5017248
,2260,1,0,0.50172484
,2260,2,2,1.0
,2260,3,1,0.9077833
,2261,0,0,0.75240874
,2261,1,0,0.752415
,2261,2,0,0.73593974
,2261,3,3,1.0
,2262,0,0,0.75670856
,2262,1,0,0.7572499
,2262,2,2,1.0
,2262,3,0,0.82066655
,2263,0,0,0.7106574
,2263,1,0,0.7582661
,2263,2,0,0.7832329
,2263,3,2,1.0
,2264,0,2,1.0
,2264,1,0,0.75827247
,2264,2,0,0.7580162
,2264,3,0,0.73884773
,2265,0,0,0.7832175
,2265,1,0,0.75825363
,2265,2,0,0.71064734
,2265,3,2,1.0
,2266,0,0,0.7585335
,2266,1,0,0.75826365
,2266,2,2,1.0
,2266,3,0,0.7388548
,2267,0,0,0.75625646
,2267,1,0,0.7574262
,2267,2,0,0.75936633
,2267,3,2,1.0
,2268,0,1,0.57219815
,2268,1,1,0.51139075
,2268,2,3,1.0
,2268,3,1,0.86106515
,2269,0,2,1.0
,2269,1,0,0.7534131
,2269,2,0,0.82067645
,2269,3,0,0.7494058
,2270,0,0,0.73889345
,2270,1,0,0.75824815
,2270,2,2,1.0
,2270,3,0,0.7581894
,2271,0,2,1.0
,2271,1,0,0.75742584
,2271,2,0,0.7593667
,2271,3,0,0.7562525
,2272,0,1,0.8610719
,2272,1,1,0.5114051
,2272,2,3,1.0
,2272,3,1,0.57220817
,2273,0,0,0.7483581
,2273,1,0,0.7523778
,2273,2,0,0.8361959
,2273,3,2,1.0
,2274,0,1,0.51187485
,2274,1,1,0.5117693
,2274,2,3,1.0
,2274,3,1,0.9117078
,2275,0,0,0.7507185
,2275,1,0,0.7507197
,2275,2,0,0.8206577
,2275,3,3,1.0
,2276,0,0,0.757289
,2276,1,0,0.75728905
,2276,2,2,1.0
,2276,3,0,0.77841896
,2277,0,0,0.75362676
,2277,1,0,0.7536299
,2277,2,0,0.7342401
,2277,3,3,1.0
,2278,0,0,0.7569687
,2278,1,0,0.75724816
,2278,2,2,1.0
,2278,3,0,0.8206695
,2279,0,0,0.7328223
,2279,1,0,0.75741094
,2279,2,0,0.78024167
,2279,3,2,1.0
,2280,0,3,1.0
,2280,1,1,0.5122443
,2280,2,1,0.6345843
,2280,3,1,0.8622403
,2281,0,0,0.8539773
,2281,1,0,0.7483193
,2281,2,3,1.0
,2281,3,0,0.6366062
,2282,0,0,0.75358427
,2282,1,0,0.7523441
,2282,2,0,0.8206719
,2282,3,3,1.0
,2283,0,0,0.7572888
,2283,1,0,0.7572746
,2283,2,2,1.0
,2283,3,0,0.82066804
,2284,0,0,0.7583066
,2284,1,0,0.75830644
,2284,2,0,0.7388712
,2284,3,2,1.0
,2285,0,0,0.7579924
,2285,1,0,0.7579922
,2285,2,2,1.0
,2285,3,0,0.6842635
,2286,0,0,0.7539615
,2286,1,0,0.7539537
,2286,2,0,0.73455703
,2286,3,3,1.0
,2287,0,0,0.7572399
,2287,1,0,0.7565643
,2287,2,2,1.0
,2287,3,0,0.82065994
,2288,0,0,0.75620943
,2288,1,0,0.69682
,2288,2,0,0.7823994
,2288,3,2,1.0
,2289,0,1,0.55948013
,2289,1,2,1.0
,2289,2,0,0.5013619
,2289,3,1,0.8552329
,2290,0,2,1.0
,2290,1,0,0.78262955
,2290,2,0,0.7066083
,2290,3,0,0.7500357
,2291,0,0,0.78320247
,2291,1,0,0.758512
,2291,2,2,1.0
,2291,3,0,0.7105003
,2292,0,0,0.75825673
,2292,1,0,0.7579762
,2292,2,0,0.6842438
,2292,3,2,1.0
,2293,0,0,0.7539543
,2293,1,0,0.753951
,2293,2,3,1.0
,2293,3,0,0.7345505
,2294,0,0,0.75626034
,2294,1,0,0.7562603
,2294,2,0,0.83611715
,2294,3,2,1.0
,2295,0,1,0.51129127
,2295,1,1,0.5112912
,2295,2,3,1.0
,2295,3,1,0.8878529
,2296,0,0,0.75323725
,2296,1,0,0.7532372
,2296,2,0,0.8206782
,2296,3,2,1.0
,2297,0,0,0.75825626
,2297,1,0,0.75825626
,2297,2,2,1.0
,2297,3,0,0.73889035
,2298,0,0,0.75829387
,2298,1,0,0.7582939
,2298,2,0,0.7388478
,2298,3,2,1.0
,2299,0,0,0.75799716
,2299,1,0,0.75799716
,2299,2,2,1.0
,2299,3,0,0.6844956
,2300,0,0,0.7533805
,2300,1,0,0.7533804
,2300,2,0,0.67984873
,2300,3,3,1.0
,2301,0,0,0.7521757
,2301,1,0,0.75217557
,2301,2,3,1.0
,2301,3,0,0.8206741
,2302,0,0,0.75727206
,2302,1,0,0.75727206
,2302,2,0,0.8206682
,2302,3,2,1.0
,2303,0,0,0.7583042
,2303,1,0,0.7583042
,2303,2,2,1.0
,2303,3,0,0.73889244
,2304,0,0,0.75829434
,2304,1,0,0.7582944
,2304,2,0,0.7388478
,2304,3,2,1.0
,2305,0,0,0.757992
,2305,1,0,0.757992
,2305,2,2,1.0
,2305,3,0,0.6842634
,2306,0,0,0.75396186
,2306,1,0,0.75396186
,2306,2,0,0.7345574
,2306,3,3,1.0
,2307,0,0,0.75726694
,2307,1,0,0.75726694
,2307,2,2,1.0
,2307,3,0,0.82065296
,2308,0,0,0.75800574
,2308,1,0,0.75800574
,2308,2,0,0.68429106
,2308,3,2,1.0
,2309,0,0,0.75396186
,2309,1,0,0.753962
,2309,2,3,1.0
,2309,3,0,0.7345574
,2310,0,0,0.7572568
,2310,1,0,0.7572646
,2310,2,0,0.8206682
,2310,3,2,1.0
,2311,0,0,0.75760627
,2311,1,0,0.75829303
,2311,2,2,1.0
,2311,3,0,0.7388774
,2312,0,0,0.6968071
,2312,1,0,0.75735295
,2312,2,0,0.78132176
,2312,3,2,1.0
,2313,0,2,1.0
,2313,1,0,0.50146544
,2313,2,1,0.5588327
,2313,3,1,0.855589
,2314,0,0,0.7826273
,2314,1,0,0.75464606
,2314,2,2,1.0
,2314,3,0,0.7020575
,2315,0,0,0.75853825
,2315,1,0,0.75822103
,2315,2,0,0.7388397
,2315,3,2,1.0
,2316,0,0,0.75742567
,2316,1,0,0.75742185
,2316,2,2,1.0
,2316,3,0,0.7259386
,2317,0,0,0.50251
,2317,1,0,0.5025016
,2317,2,1,0.8825897
,2317,3,2,1.0
,2318,0,0,0.7545581
,2318,1,0,0.7540128
,2318,2,2,1.0
,2318,3,0,0.73806185
,2319,0,0,0.75819814
,2319,1,0,0.71059525
,2319,2,0,0.78294426
,2319,3,2,1.0
,2320,0,0,0.7573818
,2320,1,2,1.0
,2320,2,0,0.7328188
,2320,3,0,0.78133696
,2321,0,1,0.512134
,2321,1,1,0.8609742
,2321,2,3,1.0
,2321,3,1,0.5713895
,2322,0,0,0.69075274
,2322,1,0,0.74802333
,2322,2,0,0.8523877
,2322,3,2,1.0
,2323,0,2,1.0
,2323,1,1,0.5023191
,2323,2,1,0.5741531
,2323,3,1,0.85616726
,2324,0,1,0.8573346
,2324,1,1,0.5697918
,2324,2,2,1.0
,2324,3,1,0.5182452
,2325,0,0,0.7020212
,2325,1,2,1.0
,2325,2,0,0.7826048
,2325,3,0,0.75440997
,2326,0,2,1.0
,2326,1,0,0.738814
,2326,2,0,0.7573496
,2326,3,0,0.7582225
,2327,0,0,0.78290683
,2327,1,2,1.0
,2327,2,0,0.6527487
,2327,3,0,0.75788265
,2328,0,0,0.75440204
,2328,1,0,0.7346825
,2328,2,3,1.0
,2328,3,0,0.7534115
,2329,0,0,0.7560237
,2329,1,2,1.0
,2329,2,0,0.85236967
,2329,3,0,0.695278
,2330,0,1,0.5007055
,2330,1,1,0.8562483
,2330,2,1,0.57493746
,2330,3,2,1.0
,2331,0,1,0.52517277
,2331,1,1,0.5341872
,2331,2,2,1.0
,2331,3,1,0.95555454
,2332,0,0,0.7280091
,2332,1,0,0.75318617
,2332,2,0,0.7816858
,2332,3,2,1.0
,2333,0,3,1.0
,2333,1,1,0.5116818
,2333,2,1,0.5099883
,2333,3,1,0.88763034
,2334,0,0,0.85336256
,2334,1,0,0.6906073
,2334,2,0,0.7519262
,2334,3,2,1.0
,2335,0,0,0.50163823
,2335,1,2,1.0
,2335,2,0,0.5006001
,2335,3,1,0.8895303
,2336,0,1,0.57004
,2336,1,1,0.85712016
,2336,2,1,0.50932133
,2336,3,2,1.0
,2337,0,2,1.0
,2337,1,0,0.7502453
,2337,2,0,0.75421304
,2337,3,0,0.6834664
,2338,0,0,0.73455757
,2338,1,0,0.7538721
,2338,2,0,0.7539103
,2338,3,3,1.0
,2339,0,2,1.0
,2339,1,0,0.75725186
,2339,2,0,0.7565644
,2339,3,0,0.8206603
,2340,0,0,0.7824079
,2340,1,0,0.7573602
,2340,2,0,0.6968751
,2340,3,2,1.0
,2341,0,0,0.5018672
,2341,1,0,0.501222
,2341,2,2,1.0
,2341,3,1,0.8712814
,2342,0,1,0.51498276
,2342,1,1,0.5149996
,2342,2,1,0.8867491
,2342,3,3,1.0
,2343,0,0,0.7532037
,2343,1,0,0.7532036
,2343,2,2,1.0
,2343,3,0,0.8206781
,2344,0,0,0.7582557
,2344,1,0,0.7582557
,2344,2,0,0.73889023
,2344,3,2,1.0
,2345,0,0,0.7582809
,2345,1,0,0.7582809
,2345,2,2,1.0
,2345,3,0,0.73887205
,2346,0,0,0.757438
,2346,1,0,0.75743836
,2346,2,0,0.7592478
,2346,3,2,1.0
,2347,0,1,0.5108892
,2347,1,1,0.5108711
,2347,2,3,1.0
,2347,3,1,0.88770664
,2348,0,0,0.7512252
,2348,1,0,0.752396
,2348,2,0,0.810828
,2348,3,2,1.0
,2349,0,1,0.5594437
,2349,1,0,0.50149125
,2349,2,2,1.0
,2349,3,1,0.8556231
,2350,0,2,1.0
,2350,1,0,0.7534924
,2350,2,0,0.78048414
,2350,3,0,0.68704927
,2351,0,1,0.94357204
,2351,1,1,0.5171226
,2351,2,1,0.5769871
,2351,3,2,1.0
,2352,0,0,0.74865794
,2352,1,0,0.75352776
,2352,2,2,1.0
,2352,3,0,0.7252026
,2353,0,0,0.5010434
,2353,1,0,0.50116885
,2353,2,1,0.87126195
,2353,3,2,1.0
,2354,0,1,0.5150204
,2354,1,1,0.51501715
,2354,2,3,1.0
,2354,3,1,0.8867516
,2355,0,0,0.7521564
,2355,1,0,0.75214875
,2355,2,0,0.8101825
,2355,3,2,1.0
,2356,0,1,0.5167209
,2356,1,1,0.5171093
,2356,2,2,1.0
,2356,3,1,0.9551505
,2357,0,0,0.75340563
,2357,1,0,0.7281058
,2357,2,0,0.78167987
,2357,3,2,1.0
,2358,0,1,0.5107229
,2358,1,3,1.0
,2358,2,1,0.51037365
,2358,3,1,0.8876161
,2359,0,0,0.7521122
,2359,1,0,0.8532946
,2359,2,0,0.7267305
,2359,3,2,1.0
,2360,0,1,0.5107342
,2360,1,1,0.5080825
,2360,2,3,1.0
,2360,3,1,0.88760394
,2361,0,0,0.752207
,2361,1,0,0.75223744
,2361,2,0,0.8361977
,2361,3,2,1.0
,2362,0,1,0.51177424
,2362,1,1,0.5117735
,2362,2,3,1.0
,2362,3,1,0.9117078
,2363,0,0,0.7507085
,2363,1,0,0.7507085
,2363,2,0,0.82065374
,2363,3,3,1.0
,2364,0,0,0.75625676
,2364,1,0,0.75625676
,2364,2,2,1.0
,2364,3,0,0.836117
,2365,0,1,0.51130307
,2365,1,1,0.51130307
,2365,2,1,0.88785547
,2365,3,3,1.0
,2366,0,0,0.7524118
,2366,1,0,0.7524118
,2366,2,2,1.0
,2366,3,0,0.81086284
,2367,0,0,0.5024838
,2367,1,0,0.5024838
,2367,2,1,0.8825508
,2367,3,2,1.0
,2368,0,0,0.7536604
,2368,1,0,0.7536604
,2368,2,2,1.0
,2368,3,0,0.72509056
,2369,0,0,0.50238234
,2369,1,0,0.50238234
,2369,2,1,0.8826025
,2369,3,2,1.0
,2370,0,0,0.7536354
,2370,1,0,0.7536354
,2370,2,2,1.0
,2370,3,0,0.7250885
,2371,0,0,0.5011723
,2371,1,0,0.5011723
,2371,2,1,0.87126154
,2371,3,2,1.0
,2372,0,1,0.5150134
,2372,1,1,0.5150134
,2372,2,3,1.0
,2372,3,1,0.886752
,2373,0,0,0.7523674
,2373,1,0,0.7523674
,2373,2,0,0.8108347
,2373,3,2,1.0
,2374,0,0,0.50172395
,2374,1,0,0.50172395
,2374,2,2,1.0
,2374,3,1,0.9077832
,2375,0,0,0.7524063
,2375,1,0,0.75240624
,2375,2,0,0.73593575
,2375,3,3,1.0
,2376,0,0,0.75643736
,2376,1,0,0.75643736
,2376,2,2,1.0
,2376,3,0,0.81082493
,2377,0,0,0.50184894
,2377,1,0,0.50184894
,2377,2,1,0.9077024
,2377,3,2,1.0
,2378,0,0,0.7519218
,2378,1,0,0.7519218
,2378,2,3,1.0
,2378,3,0,0.68149436
,2379,0,0,0.7521509
,2379,1,0,0.7521509
,2379,2,0,0.82067114
,2379,3,3,1.0
,2380,0,0,0.7564436
,2380,1,0,0.7564436
,2380,2,2,1.0
,2380,3,0,0.8108518
,2381,0,0,0.5013861
,2381,1,0,0.5013861
,2381,2,1,0.87113106
,2381,3,2,1.0
,2382,0,1,0.515449
,2382,1,1,0.515449
,2382,2,3,1.0
,2382,3,1,0.91083866
,2383,0,0,0.7506837
,2383,1,0,0.7506837
,2383,2,0,0.820658
,2383,3,3,1.0
,2384,0,0,0.7572526
,2384,1,0,0.7572526
,2384,2,2,1.0
,2384,3,0,0.8206624
,2385,0,0,0.7574353
,2385,1,0,0.7574353
,2385,2,0,0.72596335
,2385,3,2,1.0
,2386,0,0,0.5024956
,2386,1,0,0.5024956
,2386,2,2,1.0
,2386,3,1,0.882588
,2387,0,0,0.75370663
,2387,1,0,0.75370663
,2387,2,0,0.7584956
,2387,3,2,1.0
,2388,0,1,0.5109602
,2388,1,1,0.51096016
,2388,2,3,1.0
,2388,3,1,0.8877055
,2389,0,0,0.7532685
,2389,1,0,0.7532685
,2389,2,0,0.7784325
,2389,3,2,1.0
,2390,0,0,0.7535683
,2390,1,0,0.7535683
,2390,2,3,1.0
,2390,3,0,0.73422915
,2391,0,0,0.7562496
,2391,1,0,0.7562496
,2391,2,0,0.8361867
,2391,3,2,1.0
,2392,0,1,0.51165766
,2392,1,1,0.5116576
,2392,2,3,1.0
,2392,3,1,0.91170216
,2393,0,0,0.7507447
,2393,1,0,0.7507447
,2393,2,0,0.77899504
,2393,3,3,1.0
,2394,0,0,0.7517401
,2394,1,0,0.7517401
,2394,2,3,1.0
,2394,3,0,0.8206735
,2395,0,0,0.75626177
,2395,1,0,0.7562617
,2395,2,0,0.83611715
,2395,3,2,1.0
,2396,0,1,0.51130545
,2396,1,1,0.51130545
,2396,2,3,1.0
,2396,3,1,0.88785696
,2397,0,0,0.7522042
,2397,1,0,0.7522042
,2397,2,0,0.8361283
,2397,3,2,1.0
,2398,0,1,0.51140755
,2398,1,1,0.51140755
,2398,2,3,1.0
,2398,3,1,0.8878566
,2399,0,0,0.7532275
,2399,1,0,0.7532275
,2399,2,0,0.82067233
,2399,3,2,1.0
,2400,0,0,0.757364
,2400,1,0,0.757364
,2400,2,2,1.0
,2400,3,0,0.7259592
,2401,0,0,0.50127554
,2401,1,0,0.50127554
,2401,2,1,0.87118715
,2401,3,2,1.0
,2402,0,1,0.5154525
,2402,1,1,0.5154525
,2402,2,3,1.0
,2402,3,1,0.91083884
,2403,0,0,0.75068384
,2403,1,0,0.75068384
,2403,2,0,0.820658
,2403,3,3,1.0
,2404,0,0,0.75726044
,2404,1,0,0.75726044
,2404,2,2,1.0
,2404,3,0,0.8206681
,2405,0,0,0.75829333
,2405,1,0,0.75829333
,2405,2,0,0.73889536
,2405,3,2,1.0
,2406,0,0,0.75743884
,2406,1,0,0.75743884
,2406,2,2,1.0
,2406,3,0,0.7592475
,2407,0,1,0.51085895
,2407,1,1,0.51085895
,2407,2,1,0.8877035
,2407,3,3,1.0
,2408,0,0,0.753235
,2408,1,0,0.753235
,2408,2,2,1.0
,2408,3,0,0.82067233
,2409,0,0,0.75738764
,2409,1,0,0.75738764
,2409,2,0,0.7259611
,2409,3,2,1.0
,2410,0,0,0.5025095
,2410,1,0,0.50250953
,2410,2,2,1.0
,2410,3,1,0.88258946
,2411,0,0,0.75456095
,2411,1,0,0.75456107
,2411,2,0,0.7380673
,2411,3,2,1.0
,2412,0,0,0.75824994
,2412,1,0,0.75824994
,2412,2,2,1.0
,2412,3,0,0.73884577
,2413,0,0,0.7579966
,2413,1,0,0.7579966
,2413,2,0,0.68449557
,2413,3,2,1.0
,2414,0,0,0.7533805
,2414,1,0,0.7533805
,2414,2,3,1.0
,2414,3,0,0.6798486
,2415,0,0,0.75217557
,2415,1,0,0.75217557
,2415,2,0,0.8206741
,2415,3,3,1.0
,2416,0,0,0.75727206
,2416,1,0,0.7572722
,2416,2,2,1.0
,2416,3,0,0.82066804
,2417,0,0,0.75830644
,2417,1,0,0.75830644
,2417,2,0,0.7388712
,2417,3,2,1.0
,2418,0,0,0.75799227
,2418,1,0,0.75799227
,2418,2,2,1.0
,2418,3,0,0.6842635
,2419,0,0,0.7539617
,2419,1,0,0.7539617
,2419,2,0,0.7345574
,2419,3,3,1.0
,2420,0,0,0.757254
,2420,1,0,0.757254
,2420,2,2,1.0
,2420,3,0,0.82067055
,2421,0,0,0.7574503
,2421,1,0,0.7574503
,2421,2,0,0.75926965
,2421,3,2,1.0
,2422,0,1,0.5108708
,2422,1,1,0.5108708
,2422,2,3,1.0
,2422,3,1,0.8877062
,2423,0,0,0.75238794
,2423,1,0,0.75238794
,2423,2,0,0.8108436
,2423,3,2,1.0
,2424,0,0,0.50081986
,2424,1,0,0.50081986
,2424,2,2,1.0
,2424,3,1,0.8894372
,2425,0,1,0.5100171
,2425,1,1,0.5100171
,2425,2,1,0.8910145
,2425,3,2,1.0
,2426,0,1,0.50881314
,2426,1,1,0.50881314
,2426,2,2,1.0
,2426,3,1,0.88427955
,2427,0,0,0.75349295
,2427,1,0,0.75349295
,2427,2,0,0.72505486
,2427,3,2,1.0
,2428,0,0,0.50072676
,2428,1,0,0.50072676
,2428,2,2,1.0
,2428,3,1,0.88947356
,2429,0,1,0.5096917
,2429,1,1,0.5096917
,2429,2,1,0.8730523
,2429,3,2,1.0
,2430,0,1,0.5153106
,2430,1,1,0.5153106
,2430,2,3,1.0
,2430,3,1,0.88675857
,2431,0,0,0.75318915
,2431,1,0,0.75318915
,2431,2,0,0.82068014
,2431,3,2,1.0
,2432,0,0,0.7574023
,2432,1,0,0.7574023
,2432,2,2,1.0
,2432,3,0,0.75926733
,2433,0,1,0.51085985
,2433,1,1,0.5108599
,2433,2,1,0.8877035
,2433,3,3,1.0
,2434,0,0,0.7532307
,2434,1,0,0.7532307
,2434,2,2,1.0
,2434,3,0,0.8206819
,2435,0,0,0.7573113
,2435,1,0,0.7573113
,2435,2,0,0.76170963
,2435,3,2,1.0
,2436,0,1,0.52112997
,2436,1,1,0.52112997
,2436,2,3,1.0
,2436,3,1,0.96626735
,2437,0,0,0.75076437
,2437,1,0,0.75076437
,2437,2,0,0.82065415
,2437,3,3,1.0
,2438,0,0,0.75621235
,2438,1,0,0.75621235
,2438,2,2,1.0
,2438,3,0,0.8101662
,2439,0,1,0.5178597
,2439,1,1,0.5178597
,2439,2,1,0.95795
,2439,3,2,1.0
,2440,0,1,0.50989044
,2440,1,1,0.50989044
,2440,2,2,1.0
,2440,3,1,0.9092106
,2441,0,0,0.7522744
,2441,1,0,0.7522744
,2441,2,0,0.7359336
,2441,3,3,1.0
,2442,0,0,0.75725096
,2442,1,0,0.75725096
,2442,2,2,1.0
,2442,3,0,0.82066834
,2443,0,0,0.7583038
,2443,1,0,0.7583038
,2443,2,0,0.73889256
,2443,3,2,1.0
,2444,0,0,0.75829214
,2444,1,0,0.75829214
,2444,2,2,1.0
,2444,3,0,0.73886913
,2445,0,0,0.75829417
,2445,1,0,0.75829417
,2445,2,0,0.7388478
,2445,3,2,1.0
,2446,0,0,0.757992
,2446,1,0,0.757992
,2446,2,2,1.0
,2446,3,0,0.6842634
,2447,0,0,0.7539617
,2447,1,0,0.7539617
,2447,2,0,0.7345574
,2447,3,3,1.0
,2448,0,0,0.75725675
,2448,1,0,0.75725675
,2448,2,2,1.0
,2448,3,0,0.8206626
,2449,0,0,0.7574356
,2449,1,0,0.7574356
,2449,2,0,0.72596335
,2449,3,2,1.0
,2450,0,0,0.50251085
,2450,1,0,0.50251085
,2450,2,2,1.0
,2450,3,1,0.88258946
,2451,0,0,0.75456107
,2451,1,0,0.75456107
,2451,2,0,0.7380673
,2451,3,2,1.0
,2452,0,0,0.7582498
,2452,1,0,0.7582498
,2452,2,2,1.0
,2452,3,0,0.73884577
,2453,0,0,0.75799155
,2453,1,0,0.75799155
,2453,2,0,0.6842635
,2453,3,2,1.0
,2454,0,0,0.7539622
,2454,1,0,0.7539622
,2454,2,3,1.0
,2454,3,0,0.73455656
,2455,0,0,0.75729275
,2455,1,0,0.75729287
,2455,2,0,0.7784193
,2455,3,2,1.0
,2456,0,0,0.75363046
,2456,1,0,0.75363046
,2456,2,3,1.0
,2456,3,0,0.7342394
,2457,0,0,0.75728786
,2457,1,0,0.75728786
,2457,2,0,0.7784193
,2457,3,2,1.0
,2458,0,0,0.75362986
,2458,1,0,0.75362986
,2458,2,3,1.0
,2458,3,0,0.73424
,2459,0,0,0.7572515
,2459,1,0,0.7572515
,2459,2,0,0.82066256
,2459,3,2,1.0
,2460,0,0,0.75740606
,2460,1,0,0.75740606
,2460,2,2,1.0
,2460,3,0,0.7259364
,2461,0,0,0.50082856
,2461,1,0,0.5008286
,2461,2,1,0.889478
,2461,3,2,1.0
,2462,0,1,0.5102853
,2462,1,1,0.5102853
,2462,2,2,1.0
,2462,3,1,0.89136475
,2463,0,1,0.5265366
,2463,1,1,0.5265366
,2463,2,1,0.9501947
,2463,3,2,1.0
,2464,0,1,0.5276109
,2464,1,1,0.52761084
,2464,2,3,1.0
,2464,3,1,0.9561939
,2465,0,0,0.75298846
,2465,1,0,0.75298846
,2465,2,0,0.8206729
,2465,3,2,1.0
,2466,0,0,0.7573613
,2466,1,0,0.7573613
,2466,2,2,1.0
,2466,3,0,0.7259592
,2467,0,0,0.50128603
,2467,1,0,0.501286
,2467,2,1,0.87125427
,2467,3,2,1.0
,2468,0,1,0.51501054
,2468,1,1,0.5150111
,2468,2,3,1.0
,2468,3,1,0.8867519
,2469,0,0,0.7523469
,2469,1,0,0.752309
,2469,2,0,0.81084126
,2469,3,2,1.0
,2470,0,0,0.50073874
,2470,1,1,0.50122976
,2470,2,2,1.0
,2470,3,1,0.889485
,2471,0,1,0.51114315
,2471,1,1,0.5869358
,2471,2,1,0.8587526
,2471,3,2,1.0
,2472,0,1,0.5093887
,2472,1,2,1.0
,2472,2,1,0.57894754
,2472,3,1,0.85747385
,2473,0,0,0.7535328
,2473,1,0,0.7795266
,2473,2,2,1.0
,2473,3,0,0.6877941
,2474,0,1,0.5007519
,2474,1,1,0.624952
,2474,2,1,0.85656935
,2474,3,2,1.0
,2475,0,0,0.7514096
,2475,1,3,1.0
,2475,2,0,0.6982755
,2475,3,0,0.77925473
,2476,0,0,0.75599444
,2476,1,0,0.8533774
,2476,2,2,1.0
,2476,3,0,0.69568133
,2477,0,0,0.50119877
,2477,1,0,0.50370693
,2477,2,1,0.8712761
,2477,3,2,1.0
,2478,0,1,0.51501435
,2478,1,1,0.5149488
,2478,2,3,1.0
,2478,3,1,0.8867531
,2479,0,0,0.75217026
,2479,1,0,0.752171
,2479,2,0,0.83612853
,2479,3,2,1.0
,2480,0,1,0.5114227
,2480,1,1,0.51142263
,2480,2,3,1.0
,2480,3,1,0.88786066
,2481,0,0,0.75220263
,2481,1,0,0.7522026
,2481,2,0,0.8361283
,2481,3,2,1.0
,2482,0,1,0.5114198
,2482,1,1,0.5114198
,2482,2,3,1.0
,2482,3,1,0.8878594
,2483,0,0,0.7523814
,2483,1,0,0.7523814
,2483,2,0,0.8108438
,2483,3,2,1.0
,2484,0,0,0.5008633
,2484,1,0,0.5008633
,2484,2,2,1.0
,2484,3,1,0.8894236
,2485,0,1,0.50847906
,2485,1,1,0.508479
,2485,2,1,0.88425153
,2485,3,2,1.0
,2486,0,0,0.7535728
,2486,1,0,0.7535728
,2486,2,2,1.0
,2486,3,0,0.7584884
,2487,0,1,0.51097894
,2487,1,1,0.51097894
,2487,2,1,0.8877092
,2487,3,3,1.0
,2488,0,0,0.752209
,2488,1,0,0.752209
,2488,2,2,1.0
,2488,3,0,0.83612823
,2489,0,1,0.5114075
,2489,1,1,0.5114075
,2489,2,1,0.88785654
,2489,3,3,1.0
,2490,0,0,0.753225
,2490,1,0,0.753225
,2490,2,2,1.0
,2490,3,0,0.8206804
,2491,0,0,0.75740236
,2491,1,0,0.75740236
,2491,2,0,0.7592677
,2491,3,2,1.0
,2492,0,1,0.5108742
,2492,1,1,0.5108742
,2492,2,3,1.0
,2492,3,1,0.8877076
,2493,0,0,0.75221026
,2493,1,0,0.75221026
,2493,2,0,0.8361281
,2493,3,2,1.0
,2494,0,1,0.5114066
,2494,1,1,0.5114066
,2494,2,3,1.0
,2494,3,1,0.8878571
,2495,0,0,0.75326246
,2495,1,0,0.75326246
,2495,2,0,0.7784323
,2495,3,2,1.0
,2496,0,0,0.7535794
,2496,1,0,0.7535794
,2496,2,3,1.0
,2496,3,0,0.7342353
,2497,0,0,0.7572873
,2497,1,0,0.75728726
,2497,2,0,0.7784195
,2497,3,2,1.0
,2498,0,0,0.7536299
,2498,1,0,0.7536237
,2498,2,3,0.9999945
,2498,3,0,0.73423994
,2499,0,0,0.757257
,2499,1,0,0.7567158
,2499,2,0,0.82066625
,2499,3,2,1.0
,2500,0,0,0.75825787
,2500,1,0,0.71064746
,2500,2,2,1.0
,2500,3,0,0.78320587
,2501,0,0,0.75735044
,2501,1,2,1.0
,2501,2,0,0.7257586
,2501,3,0,0.75526094
,2502,0,1,0.5005654
,2502,1,1,0.85615826
,2502,2,2,1.0
,2502,3,1,0.62549084
,2503,0,0,0.75150317
,2503,1,0,0.7473792
,2503,2,0,0.7350912
,2503,3,3,1.0
,2504,0,0,0.7564111
,2504,1,0,0.7563635
,2504,2,2,1.0
,2504,3,0,0.8108522
,2505,0,0,0.5013945
,2505,1,0,0.5013685
,2505,2,1,0.8711957
,2505,3,2,1.0
,2506,0,1,0.5150216
,2506,1,1,0.5159682
,2506,2,3,1.0
,2506,3,1,0.88677335
,2507,0,0,0.7518721
,2507,1,0,0.6905642
,2507,2,0,0.85338026
,2507,3,2,1.0
,2508,0,0,0.5004353
,2508,1,2,1.0
,2508,2,0,0.5030521
,2508,3,1,0.88984567
,2509,0,1,0.52488905
,2509,1,1,0.95558953
,2509,2,1,0.5247969
,2509,3,2,1.0
,2510,0,0,0.7515047
,2510,1,2,1.0
,2510,2,0,0.7530044
,2510,3,0,0.7241031
,2511,0,1,0.5948839
,2511,1,1,0.9439469
,2511,2,1,0.5187119
,2511,3,2,1.0
,2512,0,2,1.0
,2512,1,1,0.5373161
,2512,2,1,0.5253528
,2512,3,1,0.9555813
,2513,0,0,0.7824376
,2513,1,0,0.70583063
,2513,2,0,0.7529094
,2513,3,2,1.0
,2514,0,0,0.7581411
,2514,1,2,1.0
,2514,2,0,0.65267885
,2514,3,0,0.7823719
,2515,0,0,0.7540508
,2515,1,0,0.7795886
,2515,2,3,1.0
,2515,3,0,0.7061884
,2516,0,0,0.7563766
,2516,1,0,0.7566991
,2516,2,0,0.81083435
,2516,3,2,1.0
,2517,0,1,0.50088567
,2517,1,0,0.5007237
,2517,2,2,1.0
,2517,3,1,0.8897913
,2518,0,1,0.5855606
,2518,1,1,0.525167
,2518,2,1,0.9442242
,2518,3,2,1.0
,2519,0,2,1.0
,2519,1,0,0.7542837
,2519,2,0,0.7008562
,2519,3,0,0.7819396
,2520,0,0,0.7823674
,2520,1,0,0.7572796
,2520,2,2,1.0
,2520,3,0,0.69715244
,2521,0,0,0.5018659
,2521,1,0,0.50121975
,2521,2,1,0.871281
,2521,3,2,1.0
,2522,0,1,0.5149954
,2522,1,1,0.51501226
,2522,2,3,1.0
,2522,3,1,0.8867519
,2523,0,0,0.7523485
,2523,1,0,0.7523483
,2523,2,0,0.8108434
,2523,3,2,1.0
,2524,0,0,0.5008189
,2524,1,0,0.50081885
,2524,2,2,1.0
,2524,3,1,0.8894371
,2525,0,1,0.51001704
,2525,1,1,0.51001704
,2525,2,1,0.8910145
,2525,3,2,1.0
,2526,0,1,0.50881267
,2526,1,1,0.50881267
,2526,2,2,1.0
,2526,3,1,0.8842794
,2527,0,0,0.7535227
,2527,1,0,0.7535227
,2527,2,0,0.72508186
,2527,3,2,1.0
,2528,0,0,0.50239205
,2528,1,0,0.50239205
,2528,2,2,1.0
,2528,3,1,0.88259643
,2529,0,0,0.7545607
,2529,1,0,0.7545607
,2529,2,0,0.7380969
,2529,3,2,1.0
,2530,0,0,0.75901604
,2530,1,0,0.7590159
,2530,2,2,1.0
,2530,3,0,0.7829866
,2531,0,0,0.66591495
,2531,1,0,0.66591495
,2531,2,2,1.0
,2531,3,0,0.5952269
,2532,0,1,0.50278324
,2532,1,1,0.50278324
,2532,2,1,0.88994193
,2532,3,2,1.0
,2533,0,1,0.50858605
,2533,1,1,0.508586
,2533,2,2,1.0
,2533,3,1,0.8842646
,2534,0,0,0.75352526
,2534,1,0,0.75352526
,2534,2,0,0.7250817
,2534,3,2,1.0
,2535,0,0,0.50239176
,2535,1,0,0.5023918
,2535,2,2,1.0
,2535,3,1,0.8826113
,2536,0,0,0.7541987
,2536,1,0,0.7541987
,2536,2,0,0.6833069
,2536,3,2,1.0
,2537,0,0,0.7539176
,2537,1,0,0.75391763
,2537,2,3,1.0
,2537,3,0,0.7345573
,2538,0,0,0.75726426
,2538,1,0,0.75726426
,2538,2,0,0.8206684
,2538,3,2,1.0
,2539,0,0,0.758304
,2539,1,0,0.758304
,2539,2,2,1.0
,2539,3,0,0.7388924
,2540,0,0,0.75829434
,2540,1,0,0.75829434
,2540,2,0,0.7388478
,2540,3,2,1.0
,2541,0,0,0.757992
,2541,1,0,0.7579921
,2541,2,2,1.0
,2541,3,0,0.68426335
,2542,0,0,0.7539617
,2542,1,0,0.7539618
,2542,2,0,0.7345574
,2542,3,3,1.0
,2543,0,0,0.75725853
,2543,1,0,0.7572647
,2543,2,2,1.0
,2543,3,0,0.82066834
,2544,0,0,0.75776196
,2544,1,0,0.7583016
,2544,2,0,0.7388876
,2544,3,2,1.0
,2545,0,0,0.71064395
,2545,1,0,0.75824815
,2545,2,2,1.0
,2545,3,0,0.7832179
,2546,0,2,1.0
,2546,1,0,0.75773245
,2546,2,0,0.7388476
,2546,3,0,0.7585552
,2547,0,0,0.7832178
,2547,1,0,0.71064335
,2547,2,2,1.0
,2547,3,0,0.75825083
,2548,0,0,0.75855535
,2548,1,2,1.0
,2548,2,0,0.7388476
,2548,3,0,0.75773215
,2549,0,0,0.7582592
,2549,1,0,0.78321993
,2549,2,2,1.0
,2549,3,0,0.71062076
,2550,0,0,0.75797355
,2550,1,0,0.75825715
,2550,2,0,0.6842436
,2550,3,2,1.0
,2551,0,0,0.75396204
,2551,1,0,0.7539654
,2551,2,3,1.0
,2551,3,0,0.73455644
,2552,0,0,0.75729644
,2552,1,0,0.75729644
,2552,2,0,0.77861124
,2552,3,2,1.0
,2553,0,0,0.7530271
,2553,1,0,0.7530271
,2553,2,3,1.0
,2553,3,0,0.67947173
,2554,0,0,0.7521708
,2554,1,0,0.7521708
,2554,2,0,0.8206741
,2554,3,3,1.0
,2555,0,0,0.7572641
,2555,1,0,0.7572641
,2555,2,2,1.0
,2555,3,0,0.8206624
,2556,0,0,0.7574355
,2556,1,0,0.7574355
,2556,2,0,0.72596335
,2556,3,2,1.0
,2557,0,0,0.50249755
,2557,1,0,0.50249755
,2557,2,2,1.0
,2557,3,1,0.8825956
,2558,0,0,0.7536498
,2558,1,0,0.7536498
,2558,2,0,0.72505194
,2558,3,2,1.0
,2559,0,0,0.50162756
,2559,1,0,0.5016276
,2559,2,2,1.0
,2559,3,1,0.9078237
,2560,0,0,0.7524141
,2560,1,0,0.7524141
,2560,2,0,0.73593926
,2560,3,3,1.0
,2561,0,0,0.7572806
,2561,1,0,0.7572806
,2561,2,2,1.0
,2561,3,0,0.7784195
,2562,0,0,0.75362104
,2562,1,0,0.75362104
,2562,2,0,0.7342355
,2562,3,3,1.0
,2563,0,0,0.75644445
,2563,1,0,0.75644445
,2563,2,2,1.0
,2563,3,0,0.81082517
,2564,0,0,0.501847
,2564,1,0,0.501847
,2564,2,1,0.9077777
,2564,3,2,1.0
,2565,0,0,0.7524164
,2565,1,0,0.7524164
,2565,2,3,1.0
,2565,3,0,0.7359401
,2566,0,0,0.7572505
,2566,1,0,0.7572505
,2566,2,0,0.82066375
,2566,3,2,1.0
,2567,0,0,0.7579823
,2567,1,0,0.75798213
,2567,2,2,1.0
,2567,3,0,0.72840047
,2568,0,0,0.5550555
,2568,1,0,0.5550471
,2568,2,1,0.7928466
,2568,3,2,1.0
,2569,0,0,0.752785
,2569,1,0,0.75223297
,2569,2,3,1.0
,2569,3,0,0.735683
,2570,0,0,0.75697106
,2570,1,0,0.70920146
,2570,2,0,0.85353047
,2570,3,2,1.0
,2571,0,0,0.758213
,2571,1,2,1.0
,2571,2,0,0.7117987
,2571,3,0,0.7820894
,2572,0,0,0.7578741
,2572,1,0,0.7828926
,2572,2,2,1.0
,2572,3,0,0.65307176
,2573,0,0,0.75412333
,2573,1,0,0.7544141
,2573,2,0,0.73471713
,2573,3,3,1.0
,2574,0,0,0.75725657
,2574,1,0,0.7572598
,2574,2,2,1.0
,2574,3,0,0.82066274
,2575,0,0,0.75721127
,2575,1,0,0.7572113
,2575,2,0,0.7250884
,2575,3,2,1.0
,2576,0,1,0.51661
,2576,1,1,0.51661
,2576,2,2,1.0
,2576,3,1,0.95516187
,2577,0,0,0.7542744
,2577,1,0,0.75427437
,2577,2,0,0.73800117
,2577,3,2,1.0
,2578,0,0,0.75824404
,2578,1,0,0.7582363
,2578,2,2,1.0
,2578,3,0,0.73886675
,2579,0,0,0.7582804
,2579,1,0,0.75759405
,2579,2,0,0.7388545
,2579,3,2,1.0
,2580,0,0,0.75737065
,2580,1,0,0.6968619
,2580,2,2,1.0
,2580,3,0,0.78240824
,2581,0,0,0.50244415
,2581,1,2,1.0
,2581,2,1,0.8826293
,2581,3,0,0.5030889
,2582,0,0,0.754199
,2582,1,0,0.6833099
,2582,2,2,1.0
,2582,3,0,0.7541983
,2583,0,0,0.7539039
,2583,1,3,1.0
,2583,2,0,0.7345211
,2583,3,0,0.7532043
,2584,0,0,0.75606877
,2584,1,0,0.8533929
,2584,2,2,1.0
,2584,3,0,0.6953666
,2585,0,0,0.5024228
,2585,1,0,0.5049295
,2585,2,1,0.8826099
,2585,3,2,1.0
,2586,0,0,0.7545516
,2586,1,0,0.7545802
,2586,2,2,1.0
,2586,3,0,0.7380588
,2587,0,0,0.7573781
,2587,1,0,0.75737834
,2587,2,0,0.72593653
,2587,3,2,1.0
,2588,0,0,0.5024936
,2588,1,0,0.5024937
,2588,2,2,1.0
,2588,3,1,0.8825881
,2589,0,0,0.7537064
,2589,1,0,0.7537064
,2589,2,0,0.75849605
,2589,3,2,1.0
,2590,0,1,0.5109754
,2590,1,1,0.51097536
,2590,2,3,1.0
,2590,3,1,0.8877092
,2591,0,0,0.752209
,2591,1,0,0.7522091
,2591,2,0,0.8361281
,2591,3,2,1.0
,2592,0,1,0.5114075
,2592,1,1,0.5114075
,2592,2,3,1.0
,2592,3,1,0.8878566
,2593,0,0,0.75322515
,2593,1,0,0.75322515
,2593,2,0,0.82068014
,2593,3,2,1.0
,2594,0,0,0.75740117
,2594,1,0,0.75740117
,2594,2,2,1.0
,2594,3,0,0.75860834
,2595,0,1,0.5107088
,2595,1,1,0.51070905
,2595,2,1,0.8876449
,2595,3,3,0.98166263
,2596,0,0,0.7524388
,2596,1,0,0.7524208
,2596,2,2,1.0
,2596,3,0,0.8092695
,2597,0,0,0.5024572
,2597,1,0,0.5015177
,2597,2,1,0.8825638
,2597,3,2,1.0
,2598,0,0,0.75356585
,2598,1,0,0.6925173
,2598,2,2,1.0
,2598,3,0,0.78161865
,2599,0,0,0.5010207
,2599,1,2,1.0
,2599,2,1,0.8712171
,2599,3,0,0.5001786
,2600,0,1,0.5166068
,2600,1,1,0.8599744
,2600,2,3,1.0
,2600,3,1,0.5763924
,2601,0,0,0.69076735
,2601,1,0,0.7480829
,2601,2,0,0.85336703
,2601,3,2,1.0
,2602,0,2,1.0
,2602,1,0,0.500288
,2602,2,0,0.50213385
,2602,3,1,0.8898547
,2603,0,1,0.94426495
,2603,1,1,0.52623016
,2603,2,1,0.55889547
,2603,3,2,1.0
,2604,0,1,0.52891314
,2604,1,1,0.51795894
,2604,2,3,1.0
,2604,3,1,0.8875781
,2605,0,0,0.7520055
,2605,1,0,0.7521315
,2605,2,0,0.83612853
,2605,3,2,1.0
,2606,0,1,0.5114271
,2606,1,1,0.51142377
,2606,2,3,1.0
,2606,3,1,0.88786066
,2607,0,0,0.7522026
,2607,1,0,0.7522026
,2607,2,0,0.8361283
,2607,3,2,1.0
,2608,0,1,0.5114194
,2608,1,1,0.5114195
,2608,2,3,1.0
,2608,3,1,0.8878593
,2609,0,0,0.7524105
,2609,1,0,0.7524105
,2609,2,0,0.81086296
,2609,3,2,1.0
,2610,0,0,0.5024838
,2610,1,0,0.5024838
,2610,2,2,1.0
,2610,3,1,0.8825509
,2611,0,0,0.7536603
,2611,1,0,0.7536603
,2611,2,0,0.7250907
,2611,3,2,1.0
,2612,0,0,0.50238055
,2612,1,0,0.50238055
,2612,2,2,1.0
,2612,3,1,0.8825948
,2613,0,0,0.753705
,2613,1,0,0.75370514
,2613,2,0,0.7584958
,2613,3,2,1.0
,2614,0,1,0.51097333
,2614,1,1,0.51097333
,2614,2,3,1.0
,2614,3,1,0.8877078
,2615,0,0,0.7523876
,2615,1,0,0.7523876
,2615,2,0,0.8108438
,2615,3,2,1.0
,2616,0,0,0.5008639
,2616,1,0,0.50086397
,2616,2,2,1.0
,2616,3,1,0.8894236
,2617,0,1,0.5084638
,2617,1,1,0.5084638
,2617,2,1,0.88425297
,2617,3,2,1.0
,2618,0,0,0.7544277
,2618,1,0,0.7544277
,2618,2,2,1.0
,2618,3,0,0.7380592
,2619,0,0,0.7582484
,2619,1,0,0.7582484
,2619,2,0,0.7388459
,2619,3,2,1.0
,2620,0,0,0.7579966
,2620,1,0,0.7579966
,2620,2,2,1.0
,2620,3,0,0.68449557
,2621,0,0,0.75338113
,2621,1,0,0.75338113
,2621,2,0,0.6798578
,2621,3,3,1.0
,2622,0,0,0.7521941
,2622,1,0,0.7521941
,2622,2,3,1.0
,2622,3,0,0.7790187
,2623,0,0,0.75154036
,2623,1,0,0.7515405
,2623,2,0,0.82066685
,2623,3,3,1.0
,2624,0,0,0.73862463
,2624,1,0,0.73862463
,2624,2,2,1.0
,2624,3,0,0.8412981
,2625,0,0,1.0
,2625,1,0,1.0
,2625,2,0,1.0
,2625,3,2,0.5092018
,2626,0,1,0.51175547
,2626,1,1,0.5881309
,2626,2,2,1.0
,2626,3,1,0.8573898
,2627,0,1,0.5263549
,2627,1,2,1.0
,2627,2,1,0.9583354
,2627,3,1,0.5354948
,2628,0,1,0.5095098
,2628,1,1,0.88438284
,2628,2,2,1.0
,2628,3,1,0.5097474
,2629,0,0,0.75347877
,2629,1,2,1.0
,2629,2,0,0.72505367
,2629,3,0,0.75343776
,2630,0,0,0.5004409
,2630,1,1,0.88985723
,2630,2,2,1.0
,2630,3,1,0.5015552
,2631,0,1,0.5265253
,2631,1,2,1.0
,2631,2,1,0.94439644
,2631,3,1,0.6017575
,2632,0,1,0.5107182
,2632,1,1,0.89102584
,2632,2,1,0.52312297
,2632,3,2,1.0
,2633,0,1,0.50967544
,2633,1,2,1.0
,2633,2,1,0.5707018
,2633,3,1,0.85714793
,2634,0,0,0.75419664
,2634,1,0,0.72766227
,2634,2,2,1.0
,2634,3,0,0.7502358
,2635,0,0,0.55354273
,2635,1,2,1.0
,2635,2,1,0.75798225
,2635,3,0,0.55344915
,2636,0,1,0.50789374
,2636,1,1,0.8907529
,2636,2,2,1.0
,2636,3,1,0.5078961
,2637,0,1,0.50938404
,2637,1,2,1.0
,2637,2,1,0.90918064
,2637,3,1,0.5093841
,2638,0,0,0.75255847
,2638,1,0,0.78095263
,2638,2,3,1.0
,2638,3,0,0.75255847
,2639,0,0,0.7633315
,2639,1,0,0.7631242
,2639,2,2,1.0
,2639,3,0,0.7633315
,2640,0,0,0.7623268
,2640,1,0,0.7152228
,2640,2,2,1.0
,2640,3,0,0.7623268
,2641,0,0,0.75743794
,2641,1,2,1.0
,2641,2,0,0.7259099
,2641,3,0,0.75743794
,2642,0,0,0.5008805
,2642,1,1,0.8894653
,2642,2,2,1.0
,2642,3,0,0.5008805
,2643,0,1,0.5084646
,2643,1,2,1.0
,2643,2,1,0.88425344
,2643,3,1,0.5084646
,2644,0,0,0.7544192
,2644,1,0,0.7380509
,2644,2,2,1.0
,2644,3,0,0.7544192
,2645,0,0,0.7573476
,2645,1,2,1.0
,2645,2,0,0.7259097
,2645,3,0,0.7573476
,2646,0,0,0.500834
,2646,1,1,0.88947886
,2646,2,2,1.0
,2646,3,0,0.500834
,2647,0,1,0.51001734
,2647,1,2,1.0
,2647,2,1,0.8910147
,2647,3,1,0.51001734
,2648,0,1,0.5088
,2648,1,1,0.88427365
,2648,2,2,1.0
,2648,3,1,0.5088
,2649,0,0,0.75442374
,2649,1,2,1.0
,2649,2,0,0.7380592
,2649,3,0,0.7544236
,2650,0,0,0.75824606
,2650,1,0,0.7388669
,2650,2,2,1.0
,2650,3,0,0.7582399
,2651,0,0,0.758289
,2651,1,2,1.0
,2651,2,0,0.73886436
,2651,3,0,0.7577493
,2652,0,0,0.7582417
,2652,1,0,0.783194
,2652,2,2,1.0
,2652,3,0,0.7106491
,2653,0,0,0.7573231
,2653,1,0,0.7564233
,2653,2,0,0.7616924
,2653,3,2,1.0
,2654,0,1,0.5212538
,2654,1,1,0.5818337
,2654,2,3,1.0
,2654,3,1,0.9451056
,2655,0,0,0.7533046
,2655,1,2,1.0
,2655,2,0,0.7784302
,2655,3,0,0.7484468
,2656,0,0,0.7535716
,2656,1,0,0.7342321
,2656,2,3,1.0
,2656,3,0,0.75350165
,2657,0,0,0.7564342
,2657,1,2,1.0
,2657,2,0,0.81081825
,2657,3,0,0.7552756
,2658,0,0,0.50161296
,2658,1,1,0.85561466
,2658,2,2,1.0
,2658,3,1,0.5593229
,2659,0,0,0.7534756
,2659,1,0,0.68706685
,2659,2,0,0.7815608
,2659,3,2,1.0
,2660,0,1,0.5182435
,2660,1,2,1.0
,2660,2,1,0.51752716
,2660,3,1,0.9581087
,2661,0,1,0.5254682
,2661,1,1,0.9556217
,2661,2,1,0.52639675
,2661,3,2,1.0
,2662,0,0,0.75294596
,2662,1,2,1.0
,2662,2,0,0.6911276
,2662,3,0,0.78137493
,2663,0,1,0.5180459
,2663,1,1,0.9579686
,2663,2,2,1.0
,2663,3,1,0.51729536
,2664,0,1,0.5108028
,2664,1,2,1.0
,2664,2,1,0.8911209
,2664,3,1,0.51078326
,2665,0,1,0.50883645
,2665,1,1,0.88428074
,2665,2,2,1.0
,2665,3,1,0.508836
,2666,0,0,0.7535224
,2666,1,2,1.0
,2666,2,0,0.72508186
,2666,3,0,0.7535224
,2667,0,0,0.5023918
,2667,1,1,0.88259643
,2667,2,2,1.0
,2667,3,0,0.502392
,2668,0,0,0.75454855
,2668,1,2,1.0
,2668,2,0,0.7380986
,2668,3,0,0.75456053
,2669,0,0,0.75799453
,2669,1,0,0.7839489
,2669,2,2,1.0
,2669,3,0,0.75903666
,2670,0,0,0.5876754
,2670,1,0,0.65981895
,2670,2,2,1.0
,2670,3,0,0.6593745
,2671,0,2,1.0
,2671,1,1,0.5014251
,2671,2,1,0.8831334
,2671,3,1,0.5014282
,2672,0,0,0.7380592
,2672,1,0,0.7539652
,2672,2,2,1.0
,2672,3,0,0.7545105
,2673,0,2,1.0
,2673,1,0,0.7105932
,2673,2,0,0.78320867
,2673,3,0,0.758209
,2674,0,0,0.73883796
,2674,1,2,1.0
,2674,2,0,0.75785
,2674,3,0,0.7582604
,2675,0,2,1.0
,2675,1,0,0.7821978
,2675,2,0,0.6959287
,2675,3,0,0.75714374
,2676,0,1,0.9653648
,2676,1,1,0.5161562
,2676,2,2,1.0
,2676,3,1,0.51680684
,2677,0,3,1.0
,2677,1,0,0.75160813
,2677,2,0,0.73602647
,2677,3,0,0.7523114
,2678,0,0,0.85323626
,2678,1,0,0.6944154
,2678,2,2,1.0
,2678,3,0,0.75583136
,2679,0,1,0.51427525
,2679,1,2,1.0
,2679,2,1,0.9653636
,2679,3,1,0.5168367
,2680,0,0,0.75164074
,2680,1,0,0.7360261
,2680,2,3,1.0
,2680,3,0,0.75231373
,2681,0,0,0.69535303
,2681,1,2,1.0
,2681,2,0,0.8533923
,2681,3,0,0.75605655
,2682,0,2,1.0
,2682,1,1,0.8826164
,2682,2,0,0.50488865
,2682,3,0,0.50240463
,2683,0,0,0.7241747
,2683,1,2,1.0
,2683,2,0,0.7519186
,2683,3,0,0.75338715
,2684,0,2,1.0
,2684,1,1,0.9443745
,2684,2,1,0.59491074
,2684,3,1,0.51874673
,2685,0,1,0.94437516
,2685,1,1,0.6129699
,2685,2,2,1.0
,2685,3,1,0.5269715
,2686,0,1,0.52070385
,2686,1,2,1.0
,2686,2,1,0.8842425
,2686,3,1,0.50915235
,2687,0,0,0.7061528
,2687,1,0,0.7824954
,2687,2,2,1.0
,2687,3,0,0.7543697
,2688,0,2,1.0
,2688,1,0,0.75854546
,2688,2,0,0.7388487
,2688,3,0,0.75822663
,2689,0,0,0.73886895
,2689,1,0,0.7582885
,2689,2,2,1.0
,2689,3,0,0.75829107
,2690,0,2,1.0
,2690,1,0,0.7577498
,2690,2,0,0.7388642
,2690,3,0,0.75828964
,2691,0,0,0.7827161
,2691,1,0,0.71063906
,2691,2,2,1.0
,2691,3,0,0.7582522
,2692,0,0,0.7109424
,2692,1,2,1.0
,2692,2,0,0.7832036
,2692,3,0,0.7582371
,2693,0,2,1.0
,2693,1,0,0.7388312
,2693,2,0,0.7585597
,2693,3,0,0.7582767
,2694,0,0,0.6842666
,2694,1,2,1.0
,2694,2,0,0.75798696
,2694,3,0,0.75799185
,2695,0,3,1.0
,2695,1,0,0.7345212
,2695,2,0,0.7532484
,2695,3,0,0.75394803
,2696,0,0,0.85339266
,2696,1,2,1.0
,2696,2,0,0.6953671
,2696,3,0,0.7560686
,2697,0,0,0.5049119
,2697,1,1,0.8826073
,2697,2,2,1.0
,2697,3,0,0.5023868
,2698,0,0,0.75363934
,2698,1,2,1.0
,2698,2,0,0.7609647
,2698,3,0,0.7524139
,2699,0,1,0.5213664
,2699,1,1,0.9451899
,2699,2,3,1.0
,2699,3,1,0.58195513
,2700,0,0,0.7521384
,2700,1,0,0.72169936
,2700,2,0,0.85248935
,2700,3,2,1.0
,2701,0,1,0.5112352
,2701,1,3,1.0
,2701,2,1,0.5694747
,2701,3,1,0.8612897
,2702,0,0,0.75306535
,2702,1,0,0.85390526
,2702,2,2,1.0
,2702,3,0,0.7003512
,2703,0,0,0.7574943
,2703,1,0,0.75933224
,2703,2,0,0.7388247
,2703,3,2,1.0
,2704,0,0,0.69590956
,2704,1,0,0.75714827
,2704,2,2,1.0
,2704,3,0,0.7810991
,2705,0,2,1.0
,2705,1,1,0.517007
,2705,2,1,0.94372386
,2705,3,1,0.5769564
,2706,0,0,0.7825822
,2706,1,0,0.7543837
,2706,2,0,0.7008774
,2706,3,2,1.0
,2707,0,0,0.7574334
,2707,1,0,0.75713074
,2707,2,2,1.0
,2707,3,0,0.72504026
,2708,0,1,0.51757663
,2708,1,1,0.5166532
,2708,2,1,0.9551679
,2708,3,2,1.0
,2709,0,0,0.69122845
,2709,1,0,0.7518702
,2709,2,2,1.0
,2709,3,0,0.7813891
,2710,0,2,1.0
,2710,1,1,0.57772255
,2710,2,1,0.9435763
,2710,3,1,0.5163883
,2711,0,0,0.72430414
,2711,1,2,1.0
,2711,2,0,0.7472335
,2711,3,0,0.7533211
,2712,0,2,1.0
,2712,1,1,0.94356316
,2712,2,1,0.577808
,2712,3,1,0.5170927
,2713,0,0,0.7381594
,2713,1,0,0.7488789
,2713,2,2,1.0
,2713,3,0,0.75443786
,2714,0,2,1.0
,2714,1,0,0.69669163
,2714,2,0,0.78132045
,2714,3,0,0.75730723
,2715,0,1,0.85523766
,2715,1,2,1.0
,2715,2,1,0.55881417
,2715,3,0,0.50145453
,2716,0,0,0.74847144
,2716,1,0,0.7611004
,2716,2,2,1.0
,2716,3,0,0.75375015
,2717,0,1,0.5820397
,2717,1,3,1.0
,2717,2,1,0.94510823
,2717,3,1,0.521351
,2718,0,2,1.0
,2718,1,0,0.82067496
,2718,2,0,0.7478619
,2718,3,0,0.75327337
,2719,0,0,0.78323704
,2719,1,2,1.0
,2719,2,0,0.7105435
,2719,3,0,0.75821936
,2720,0,0,0.7585516
,2720,1,0,0.7388522
,2720,2,2,1.0
,2720,3,0,0.75827414
,2721,0,0,0.7577526
,2721,1,2,1.0
,2721,2,0,0.738864
,2721,3,0,0.7582893
,2722,0,0,0.7106283
,2722,1,0,0.78257203
,2722,2,2,1.0
,2722,3,0,0.7582435
,2723,0,2,1.0
,2723,1,0,0.6971139
,2723,2,0,0.7813072
,2723,3,0,0.75733566
,2724,0,1,0.85522205
,2724,1,2,1.0
,2724,2,1,0.5588207
,2724,3,0,0.5014728
,2725,0,0,0.7503446
,2725,1,0,0.73821425
,2725,2,2,1.0
,2725,3,0,0.75468946
,2726,0,0,0.7327138
,2726,1,2,1.0
,2726,2,0,0.7802136
,2726,3,0,0.7573567
,2727,0,3,1.0
,2727,1,1,0.86180955
,2727,2,1,0.6349315
,2727,3,1,0.5122498
,2728,0,0,0.8539431
,2728,1,0,0.69583696
,2728,2,3,1.0
,2728,3,0,0.7491787
,2729,0,0,0.7583623
,2729,1,2,1.0
,2729,2,0,0.82066274
,2729,3,0,0.75716764
,2730,0,0,0.75738865
,2730,1,0,0.7259343
,2730,2,2,1.0
,2730,3,0,0.75740486
,2731,0,1,0.50075656
,2731,1,2,1.0
,2731,2,1,0.8895015
,2731,3,0,0.50081897
,2732,0,1,0.57006645
,2732,1,1,0.857318
,2732,2,2,1.0
,2732,3,1,0.50933254
,2733,0,2,1.0
,2733,1,0,0.72428966
,2733,2,0,0.7818433
,2733,3,0,0.7536906
,2734,0,1,0.9114451
,2734,1,3,1.0
,2734,2,1,0.51108915
,2734,3,1,0.5110701
,2735,0,3,1.0
,2735,1,0,0.85356593
,2735,2,0,0.7016094
,2735,3,0,0.75026065
,2736,0,0,0.853891
,2736,1,0,0.71046656
,2736,2,2,1.0
,2736,3,0,0.75689846
,2737,0,0,0.7585007
,2737,1,2,1.0
,2737,2,0,0.75922495
,2737,3,0,0.75739855
,2738,0,1,0.5108346
,2738,1,1,0.8877055
,2738,2,3,1.0
,2738,3,1,0.51086354
,2739,0,0,0.75294304
,2739,1,2,1.0
,2739,2,0,0.81271845
,2739,3,0,0.7529427
,2740,0,0,0.553834
,2740,1,1,0.7579425
,2740,2,2,1.0
,2740,3,0,0.553834
,2741,0,1,0.5081952
,2741,1,2,1.0
,2741,2,1,0.8911925
,2741,3,1,0.5081952
,2742,0,1,0.5318992
,2742,1,1,0.98474973
,2742,2,2,1.0
,2742,3,1,0.5318979
,2743,0,1,0.5322864
,2743,1,2,1.0
,2743,2,1,0.98468566
,2743,3,1,0.5322369
,2744,0,1,0.5132931
,2744,1,1,0.89121526
,2744,2,2,1.0
,2744,3,1,0.5113778
,2745,0,1,0.5845695
,2745,1,2,1.0
,2745,2,1,0.857659
,2745,3,1,0.51078457
,2746,0,2,1.0
,2746,1,1,0.75980264
,2746,2,0,0.52830297
,2746,3,0,0.536655
,2747,0,1,0.9555224
,2747,1,2,1.0
,2747,2,1,0.5239018
,2747,3,1,0.5236702
,2748,0,2,1.0
,2748,1,0,0.7379842
,2748,2,0,0.7534729
,2748,3,0,0.7541775
,2749,0,0,0.7821707
,2749,1,2,1.0
,2749,2,0,0.6958708
,2749,3,0,0.75706774
,2750,0,1,0.5175133
,2750,1,1,0.9581061
,2750,2,2,1.0
,2750,3,1,0.51817596
,2751,0,1,0.5268117
,2751,1,2,1.0
,2751,2,1,0.9502217
,2751,3,1,0.5268292
,2752,0,1,0.5276299
,2752,1,1,0.95619506
,2752,2,3,1.0
,2752,3,1,0.5276303
,2753,0,0,0.7521411
,2753,1,2,1.0
,2753,2,0,0.81084436
,2753,3,0,0.7521411
,2754,0,0,0.5008563
,2754,1,1,0.889424
,2754,2,2,1.0
,2754,3,0,0.5008558
,2755,0,1,0.5084773
,2755,1,2,1.0
,2755,2,1,0.88425934
,2755,3,1,0.5084952
,2756,0,0,0.7535061
,2756,1,0,0.7250279
,2756,2,2,1.0
,2756,3,0,0.7523387
,2757,0,0,0.50141
,2757,1,2,1.0
,2757,2,1,0.8555689
,2757,3,1,0.5595245
,2758,0,0,0.7546431
,2758,1,0,0.7821242
,2758,2,0,0.7020521
,2758,3,2,1.0
,2759,0,0,0.75819135
,2759,1,0,0.7109296
,2759,2,2,1.0
,2759,3,0,0.7831995
,2760,0,0,0.75827616
,2760,1,2,1.0
,2760,2,0,0.7388312
,2760,3,0,0.7585597
,2761,0,0,0.75799185
,2761,1,0,0.68426335
,2761,2,2,1.0
,2761,3,0,0.757995
,2762,0,0,0.7539618
,2762,1,3,1.0
,2762,2,0,0.7345574
,2762,3,0,0.7539618
,2763,0,0,0.7572647
,2763,1,0,0.8206684
,2763,2,2,1.0
,2763,3,0,0.7572647
,2764,0,0,0.758304
,2764,1,2,1.0
,2764,2,0,0.73889256
,2764,3,0,0.758304
,2765,0,0,0.75829196
,2765,1,0,0.7388692
,2765,2,2,1.0
,2765,3,0,0.7582921
,2766,0,0,0.75828403
,2766,1,2,1.0
,2766,2,0,0.73886895
,2766,3,0,0.7582918
,2767,0,0,0.7575946
,2767,1,0,0.7388545
,2767,2,2,1.0
,2767,3,0,0.75828093
,2768,0,0,0.69686216
,2768,1,2,1.0
,2768,2,0,0.7824082
,2768,3,0,0.75737065
,2769,0,2,1.0
,2769,1,1,0.88261455
,2769,2,0,0.50308925
,2769,3,0,0.50244445
,2770,0,0,0.73806703
,2770,1,2,1.0
,2770,2,0,0.7545674
,2770,3,0,0.75456005
,2771,0,2,1.0
,2771,1,0,0.7388669
,2771,2,0,0.7582414
,2771,3,0,0.75824755
,2772,0,0,0.7388642
,2772,1,2,1.0
,2772,2,0,0.7577493
,2772,3,0,0.75828916
,2773,0,2,1.0
,2773,1,0,0.7827161
,2773,2,0,0.71063906
,2773,3,0,0.7582522
,2774,0,0,0.7832035
,2774,1,0,0.71094257
,2774,2,2,1.0
,2774,3,0,0.758237
,2775,0,0,0.75855726
,2775,1,2,1.0
,2775,2,0,0.73885256
,2775,3,0,0.7582743
,2776,0,0,0.7582736
,2776,1,0,0.7388604
,2776,2,2,1.0
,2776,3,0,0.75828356
,2777,0,0,0.75624907
,2777,1,2,1.0
,2777,2,0,0.72588617
,2777,3,0,0.7574041
,2778,0,1,0.5594084
,2778,1,1,0.8555609
,2778,2,2,1.0
,2778,3,0,0.5015277
,2779,0,2,1.0
,2779,1,0,0.7020437
,2779,2,0,0.78200775
,2779,3,0,0.75464183
,2780,0,0,0.78290385
,2780,1,2,1.0
,2780,2,0,0.6997868
,2780,3,0,0.7578647
,2781,0,0,0.55630606
,2781,1,1,0.7455507
,2781,2,2,1.0
,2781,3,0,0.5557162
,2782,0,0,0.7544466
,2782,1,2,1.0
,2782,2,0,0.72526115
,2782,3,0,0.7544399
,2783,0,0,0.5024194
,2783,1,1,0.88259506
,2783,2,2,1.0
,2783,3,0,0.5024193
,2784,0,0,0.7545599
,2784,1,2,1.0
,2784,2,0,0.7380673
,2784,3,0,0.7545599
,2785,0,0,0.75824755
,2785,1,0,0.73886716
,2785,2,2,1.0
,2785,3,0,0.75824755
,2786,0,0,0.7582913
,2786,1,2,1.0
,2786,2,0,0.73886913
,2786,3,0,0.7582913
,2787,0,0,0.7582918
,2787,1,0,0.73886913
,2787,2,2,1.0
,2787,3,0,0.7582918
,2788,0,0,0.75828403
,2788,1,2,1.0
,2788,2,0,0.738861
,2788,3,0,0.75828403
,2789,0,0,0.75742286
,2789,1,0,0.7259387
,2789,2,2,1.0
,2789,3,0,0.75742286
,2790,0,0,0.50250995
,2790,1,2,1.0
,2790,2,1,0.8825897
,2790,3,0,0.50250995
,2791,0,0,0.75455016
,2791,1,0,0.73807013
,2791,2,2,1.0
,2791,3,0,0.75455016
,2792,0,0,0.75739413
,2792,1,2,1.0
,2792,2,0,0.75924563
,2792,3,0,0.75739413
,2793,0,1,0.51085997
,2793,1,1,0.8877035
,2793,2,3,1.0
,2793,3,1,0.5108601
,2794,0,0,0.7532432
,2794,1,2,1.0
,2794,2,0,0.8206782
,2794,3,0,0.7532432
,2795,0,0,0.7582562
,2795,1,0,0.73889035
,2795,2,2,1.0
,2795,3,0,0.7582562
,2796,0,0,0.7582797
,2796,1,2,1.0
,2796,2,0,0.73886174
,2796,3,0,0.75827956
,2797,0,0,0.75709325
,2797,1,0,0.7246557
,2797,2,2,1.0
,2797,3,0,0.75709325
,2798,0,1,0.5256442
,2798,1,2,1.0
,2798,2,1,0.9983156
,2798,3,1,0.5256442
,2799,0,0,0.7522904
,2799,1,0,0.73612815
,2799,2,3,1.0
,2799,3,0,0.7522902
,2800,0,0,0.75644636
,2800,1,2,1.0
,2800,2,0,0.81085134
,2800,3,0,0.7564154
,2801,0,0,0.50257117
,2801,1,1,0.8825757
,2801,2,2,1.0
,2801,3,0,0.50094116
,2802,0,0,0.7540724
,2802,1,2,1.0
,2802,2,0,0.7821325
,2802,3,0,0.6482624
,2803,0,0,0.7535275
,2803,1,0,0.6800618
,2803,2,0,0.75384825
,2803,3,3,1.0
,2804,0,0,0.7521727
,2804,1,3,1.0
,2804,2,0,0.75162363
,2804,3,0,0.820661
,2805,0,0,0.7569882
,2805,1,0,0.85353035
,2805,2,0,0.7092212
,2805,3,2,1.0
,2806,0,0,0.75821584
,2806,1,0,0.7118344
,2806,2,2,1.0
,2806,3,0,0.78319764
,2807,0,0,0.75827426
,2807,1,2,1.0
,2807,2,0,0.73885274
,2807,3,0,0.7585575
,2808,0,0,0.7582811
,2808,1,0,0.7388611
,2808,2,2,1.0
,2808,3,0,0.7582843
,2809,0,0,0.75719863
,2809,1,2,1.0
,2809,2,0,0.72506386
,2809,3,0,0.75719863
,2810,0,1,0.51661056
,2810,1,1,0.955162
,2810,2,2,1.0
,2810,3,1,0.51661056
,2811,0,0,0.7542664
,2811,1,2,1.0
,2811,2,0,0.7379927
,2811,3,0,0.7542664
,2812,0,0,0.75737464
,2812,1,0,0.72593623
,2812,2,2,1.0
,2812,3,0,0.75737464
,2813,0,0,0.50249565
,2813,1,2,1.0
,2813,2,1,0.8825956
,2813,3,0,0.5024957
,2814,0,0,0.7536602
,2814,1,0,0.7250903
,2814,2,2,1.0
,2814,3,0,0.7536602
,2815,0,0,0.50238234
,2815,1,2,1.0
,2815,2,1,0.88260233
,2815,3,0,0.5023823
,2816,0,0,0.7536337
,2816,1,0,0.72509575
,2816,2,2,1.0
,2816,3,0,0.7536337
,2817,0,0,0.501123
,2817,1,2,1.0
,2817,2,1,0.869473
,2817,3,0,0.501123
,2818,0,1,0.52701956
,2818,1,1,0.95623106
,2818,2,3,1.0
,2818,3,1,0.52701956
,2819,0,0,0.7519301
,2819,1,2,1.0
,2819,2,0,0.8101773
,2819,3,0,0.7519301
,2820,0,1,0.5180051
,2820,1,1,0.9579499
,2820,2,2,1.0
,2820,3,1,0.5180051
,2821,0,1,0.51080155
,2821,1,2,1.0
,2821,2,1,0.8911209
,2821,3,1,0.51080155
,2822,0,1,0.5088371
,2822,1,1,0.8842808
,2822,2,2,1.0
,2822,3,1,0.5088367
,2823,0,0,0.75347936
,2823,1,2,1.0
,2823,2,0,0.72504056
,2823,3,0,0.75351083
,2824,0,1,0.5000605
,2824,1,1,0.90773743
,2824,2,2,1.0
,2824,3,0,0.50158024
,2825,0,0,0.6460142
,2825,1,3,1.0
,2825,2,0,0.7796368
,2825,3,0,0.75173813
,2826,0,3,1.0
,2826,1,0,0.85357827
,2826,2,0,0.70375365
,2826,3,0,0.7518529
,2827,0,0,0.8538933
,2827,1,0,0.7104498
,2827,2,2,1.0
,2827,3,0,0.75690204
,2828,0,0,0.7584662
,2828,1,2,1.0
,2828,2,0,0.7258607
,2828,3,0,0.7562083
,2829,0,0,0.50155526
,2829,1,1,0.8555608
,2829,2,2,1.0
,2829,3,1,0.55940926
,2830,0,0,0.7546448
,2830,1,0,0.7020523
,2830,2,0,0.7821243
,2830,3,2,1.0
,2831,0,0,0.75819147
,2831,1,2,1.0
,2831,2,0,0.7109297
,2831,3,0,0.7831995
,2832,0,0,0.75827616
,2832,1,0,0.7388312
,2832,2,2,1.0
,2832,3,0,0.7585597
,2833,0,0,0.7579917
,2833,1,2,1.0
,2833,2,0,0.6842637
,2833,3,0,0.7579949
,2834,0,0,0.7539512
,2834,1,0,0.73455054
,2834,2,3,1.0
,2834,3,0,0.7539512
,2835,0,0,0.75625503
,2835,1,2,1.0
,2835,2,0,0.8361867
,2835,3,0,0.75625473
,2836,0,1,0.51165843
,2836,1,1,0.91170293
,2836,2,3,1.0
,2836,3,1,0.51167756
,2837,0,0,0.750711
,2837,1,3,1.0
,2837,2,0,0.8206226
,2837,3,0,0.74948406
,2838,0,0,0.7565239
,2838,1,0,0.85354865
,2838,2,2,1.0
,2838,3,0,0.6510819
,2839,0,0,0.75402534
,2839,1,0,0.7071033
,2839,2,0,0.7793437
,2839,3,3,1.0
,2840,0,0,0.75607735
,2840,1,2,1.0
,2840,2,0,0.73401713
,2840,3,0,0.8531977
,2841,0,1,0.5210779
,2841,1,1,0.96624833
,2841,2,3,0.99951303
,2841,3,1,0.51850015
,2842,0,0,0.7507692
,2842,1,3,1.0
,2842,2,0,0.8206119
,2842,3,0,0.7507992
,2843,0,0,0.7564576
,2843,1,0,0.8108529
,2843,2,2,1.0
,2843,3,0,0.75645787
,2844,0,0,0.5026198
,2844,1,2,1.0
,2844,2,1,0.8825375
,2844,3,0,0.50261986
,2845,0,0,0.75455415
,2845,1,0,0.73805916
,2845,2,2,1.0
,2845,3,0,0.75455415
,2846,0,0,0.75734866
,2846,1,2,1.0
,2846,2,0,0.7259099
,2846,3,0,0.7573494
,2847,0,0,0.50080955
,2847,1,1,0.88947386
,2847,2,2,1.0
,2847,3,0,0.5008491
,2848,0,1,0.510974
,2848,1,2,1.0
,2848,2,1,0.8776899
,2848,3,1,0.5094465
,2849,0,1,0.5438091
,2849,1,1,0.7009985
,2849,2,3,1.0
,2849,3,0,0.5174066
,2850,0,2,1.0
,2850,1,0,0.7025073
,2850,2,0,0.85388803
,2850,3,0,0.7534875
,2851,0,0,0.72581244
,2851,1,2,1.0
,2851,2,0,0.7569868
,2851,3,0,0.757284
,2852,0,2,1.0
,2852,1,1,0.8571335
,2852,2,1,0.5765133
,2852,3,1,0.50047797
,2853,0,1,0.8579839
,2853,1,1,0.5966908
,2853,2,2,1.0
,2853,3,1,0.51114106
,2854,0,1,0.5396768
,2854,1,2,1.0
,2854,2,1,0.98743016
,2854,3,1,0.5304475
,2855,0,0,0.75211364
,2855,1,0,0.73610955
,2855,2,3,1.0
,2855,3,0,0.75222
,2856,0,0,0.7572498
,2856,1,2,1.0
,2856,2,0,0.8206684
,2856,3,0,0.75725096
,2857,0,0,0.7583038
,2857,1,0,0.73889244
,2857,2,2,1.0
,2857,3,0,0.7583038
,2858,0,0,0.7582921
,2858,1,2,1.0
,2858,2,0,0.7388693
,2858,3,0,0.7582921
,2859,0,0,0.7582919
,2859,1,0,0.73886913
,2859,2,2,1.0
,2859,3,0,0.7582919
,2860,0,0,0.7582899
,2860,1,2,1.0
,2860,2,0,0.73886275
,2860,3,0,0.75829
,2861,0,0,0.75797844
,2861,1,0,0.72841907
,2861,2,2,1.0
,2861,3,0,0.7579789
,2862,0,0,0.555869
,2862,1,2,1.0
,2862,2,1,0.74553084
,2862,3,0,0.5558917
,2863,0,0,0.75267744
,2863,1,0,0.72434664
,2863,2,2,1.0
,2863,3,0,0.7541718
,2864,0,1,0.59487516
,2864,1,2,1.0
,2864,2,1,0.9442832
,2864,3,1,0.5186898
,2865,0,2,1.0
,2865,1,1,0.94421554
,2865,2,1,0.59695375
,2865,3,1,0.5256648
,2866,0,0,0.78258103
,2866,1,0,0.700862
,2866,2,2,1.0
,2866,3,0,0.7537367
,2867,0,0,0.75849646
,2867,1,2,1.0
,2867,2,0,0.78316325
,2867,3,0,0.7105582
,2868,0,0,0.7571557
,2868,1,0,0.72498184
,2868,2,0,0.75503004
,2868,3,2,1.0
,2869,0,1,0.5176435
,2869,1,2,1.0
,2869,2,1,0.6413619
,2869,3,1,0.94380456
,2870,0,0,0.75132394
,2870,1,0,0.73510486
,2870,2,3,1.0
,2870,3,0,0.7463757
,2871,0,0,0.7572348
,2871,1,2,1.0
,2871,2,0,0.82066643
,2871,3,0,0.75663704
,2872,0,0,0.7582641
,2872,1,0,0.78273684
,2872,2,2,1.0
,2872,3,0,0.71065176
,2873,0,0,0.7582372
,2873,1,0,0.7109426
,2873,2,0,0.783198
,2873,3,2,1.0
,2874,0,0,0.7582722
,2874,1,2,1.0
,2874,2,0,0.7580159
,2874,3,0,0.7388476
,2875,0,0,0.75825185
,2875,1,0,0.78271604
,2875,2,0,0.71064246
,2875,3,2,1.0
,2876,0,0,0.758237
,2876,1,0,0.7109425
,2876,2,2,1.0
,2876,3,0,0.7832035
,2877,0,0,0.75827444
,2877,1,2,1.0
,2877,2,0,0.73885256
,2877,3,0,0.75855744
,2878,0,0,0.7582916
,2878,1,0,0.738869
,2878,2,2,1.0
,2878,3,0,0.75829476
,2879,0,0,0.7582918
,2879,1,2,1.0
,2879,2,0,0.73886913
,2879,3,0,0.7582918
,2880,0,0,0.75828403
,2880,1,0,0.7388609
,2880,2,2,1.0
,2880,3,0,0.75828403
,2881,0,0,0.75742286
,2881,1,2,1.0
,2881,2,0,0.72593874
,2881,3,0,0.75742286
,2882,0,0,0.5025102
,2882,1,1,0.8825897
,2882,2,2,1.0
,2882,3,0,0.5025102
,2883,0,0,0.75456315
,2883,1,2,1.0
,2883,2,0,0.7380457
,2883,3,0,0.75456315
,2884,0,0,0.75794756
,2884,1,0,0.6842611
,2884,2,2,1.0
,2884,3,0,0.75794756
,2885,0,0,0.75396127
,2885,1,3,1.0
,2885,2,0,0.7345574
,2885,3,0,0.7539613
,2886,0,0,0.7572648
,2886,1,0,0.8206684
,2886,2,2,1.0
,2886,3,0,0.7572648
,2887,0,0,0.758304
,2887,1,2,1.0
,2887,2,0,0.7388924
,2887,3,0,0.758304
,2888,0,0,0.75829196
,2888,1,0,0.7388692
,2888,2,2,1.0
,2888,3,0,0.75829196
,2889,0,0,0.75828403
,2889,1,2,1.0
,2889,2,0,0.738861
,2889,3,0,0.75828403
,2890,0,0,0.75742286
,2890,1,0,0.7259387
,2890,2,2,1.0
,2890,3,0,0.75742286
,2891,0,0,0.50251
,2891,1,2,1.0
,2891,2,1,0.8825897
,2891,3,0,0.50250995
,2892,0,0,0.7545529
,2892,1,0,0.73805904
,2892,2,2,1.0
,2892,3,0,0.7545529
,2893,0,0,0.75737816
,2893,1,2,1.0
,2893,2,0,0.72593635
,2893,3,0,0.75737816
,2894,0,0,0.50249577
,2894,1,1,0.8825957
,2894,2,2,1.0
,2894,3,0,0.50249577
,2895,0,0,0.7536603
,2895,1,2,1.0
,2895,2,0,0.7250903
,2895,3,0,0.7536602
,2896,0,0,0.5023827
,2896,1,1,0.88260245
,2896,2,2,1.0
,2896,3,0,0.5023827
,2897,0,0,0.7536592
,2897,1,2,1.0
,2897,2,0,0.7250905
,2897,3,0,0.753659
,2898,0,0,0.5023956
,2898,1,1,0.88259655
,2898,2,2,1.0
,2898,3,0,0.5023871
,2899,0,0,0.75455683
,2899,1,2,1.0
,2899,2,0,0.73806167
,2899,3,0,0.75401133
,2900,0,0,0.75819653
,2900,1,0,0.78256065
,2900,2,2,1.0
,2900,3,0,0.7105787
,2901,0,0,0.75711846
,2901,1,0,0.6962181
,2901,2,0,0.7810845
,2901,3,2,1.0
,2902,0,1,0.517017
,2902,1,2,1.0
,2902,2,1,0.5769629
,2902,3,1,0.9435722
,2903,0,0,0.753532
,2903,1,0,0.7251502
,2903,2,2,1.0
,2903,3,0,0.74747825
,2904,0,0,0.50139046
,2904,1,2,1.0
,2904,2,1,0.8556829
,2904,3,1,0.55966693
,2905,0,0,0.75346255
,2905,1,0,0.7801855
,2905,2,0,0.6870306
,2905,3,2,1.0
,2906,0,1,0.5185259
,2906,1,1,0.5934473
,2906,2,2,1.0
,2906,3,1,0.94459414
,2907,0,1,0.51154345
,2907,1,2,1.0
,2907,2,1,0.8582657
,2907,3,1,0.6459087
,2908,0,0,0.7513459
,2908,1,0,0.7793065
,2908,2,0,0.6983234
,2908,3,3,1.0
,2909,0,0,0.75600654
,2909,1,0,0.69564295
,2909,2,2,1.0
,2909,3,0,0.8533872
,2910,0,0,0.5016552
,2910,1,2,1.0
,2910,2,1,0.907834
,2910,3,0,0.5041661
,2911,0,0,0.7524137
,2911,1,0,0.73593956
,2911,2,3,1.0
,2911,3,0,0.75244266
,2912,0,0,0.7572525
,2912,1,2,1.0
,2912,2,0,0.8206684
,2912,3,0,0.7572529
,2913,0,0,0.7583038
,2913,1,0,0.73889244
,2913,2,2,1.0
,2913,3,0,0.7583039
,2914,0,0,0.7582921
,2914,1,2,1.0
,2914,2,0,0.7388693
,2914,3,0,0.7582921
,2915,0,0,0.7582919
,2915,1,0,0.73886913
,2915,2,2,1.0
,2915,3,0,0.7582919
,2916,0,0,0.7582919
,2916,1,2,1.0
,2916,2,0,0.73886913
,2916,3,0,0.7582919
,2917,0,0,0.7582919
,2917,1,0,0.73886913
,2917,2,2,1.0
,2917,3,0,0.7582919
,2918,0,0,0.7582919
,2918,1,2,1.0
,2918,2,0,0.73886913
,2918,3,0,0.7582919
,2919,0,0,0.7582919
,2919,1,0,0.73886913
,2919,2,2,1.0
,2919,3,0,0.7582919
,2920,0,0,0.7582919
,2920,1,2,1.0
,2920,2,0,0.73886913
,2920,3,0,0.7582919
,2921,0,0,0.7582919
,2921,1,0,0.73886913
,2921,2,2,1.0
,2921,3,0,0.7582918
,2922,0,0,0.7582917
,2922,1,2,1.0
,2922,2,0,0.73886895
,2922,3,0,0.75828385
,2923,0,0,0.7582783
,2923,1,0,0.73885465
,2923,2,2,1.0
,2923,3,0,0.757584
,2924,0,0,0.75714624
,2924,1,2,1.0
,2924,2,0,0.7821998
,2924,3,0,0.69593525
,2925,0,1,0.5166441
,2925,1,1,0.95517063
,2925,2,1,0.5160006
,2925,3,2,1.0
,2926,0,0,0.75335073
,2926,1,2,1.0
,2926,2,0,0.7521905
,2926,3,0,0.72496665
,2927,0,0,0.50141215
,2927,1,1,0.8552058
,2927,2,1,0.55951744
,2927,3,2,1.0
,2928,0,0,0.7546884
,2928,1,0,0.7499277
,2928,2,2,1.0
,2928,3,0,0.7381978
,2929,0,0,0.7573104
,2929,1,0,0.696705
,2929,2,0,0.7813203
,2929,3,2,1.0
,2930,0,0,0.5014642
,2930,1,2,1.0
,2930,2,1,0.55883336
,2930,3,1,0.85558903
,2931,0,0,0.7546439
,2931,1,0,0.7821244
,2931,2,2,1.0
,2931,3,0,0.70205206
,2932,0,0,0.75818956
,2932,1,0,0.71092486
,2932,2,0,0.78269774
,2932,3,2,1.0
,2933,0,0,0.75823617
,2933,1,2,1.0
,2933,2,0,0.7109424
,2933,3,0,0.7832035
,2934,0,0,0.7582533
,2934,1,0,0.73884386
,2934,2,2,1.0
,2934,3,0,0.75854945
,2935,0,0,0.75624883
,2935,1,2,1.0
,2935,2,0,0.72588634
,2935,3,0,0.75740695
,2936,0,1,0.559411
,2936,1,1,0.85520726
,2936,2,2,1.0
,2936,3,0,0.5015216
,2937,0,2,1.0
,2937,1,0,0.74853116
,2937,2,0,0.7251885
,2937,3,0,0.7537528
,2938,0,1,0.85522115
,2938,1,1,0.55970013
,2938,2,2,1.0
,2938,3,1,0.50025356
,2939,0,0,0.75014496
,2939,1,2,1.0
,2939,2,0,0.78175086
,2939,3,0,0.648233
,2940,0,0,0.7539804
,2940,1,0,0.7790987
,2940,2,0,0.70617867
,2940,3,3,1.0
,2941,0,0,0.7569516
,2941,1,0,0.7095114
,2941,2,2,1.0
,2941,3,0,0.8538929
,2942,0,0,0.7573539
,2942,1,2,1.0
,2942,2,0,0.72588664
,2942,3,0,0.7584559
,2943,0,0,0.50087756
,2943,1,1,0.8894658
,2943,2,2,1.0
,2943,3,0,0.5008868
,2944,0,1,0.5084803
,2944,1,2,1.0
,2944,2,1,0.8842614
,2944,3,1,0.50921863
,2945,0,0,0.7543743
,2945,1,0,0.78199154
,2945,2,2,1.0
,2945,3,0,0.70629287
,2946,0,0,0.7581758
,2946,1,0,0.7109133
,2946,2,0,0.78254473
,2946,3,2,1.0
,2947,0,0,0.7570857
,2947,1,2,1.0
,2947,2,0,0.69620234
,2947,3,0,0.78077316
,2948,0,1,0.51866424
,2948,1,1,0.94437987
,2948,2,2,1.0
,2948,3,1,0.5941916
,2949,0,1,0.5270323
,2949,1,1,0.61306494
,2949,2,1,0.944798
,2949,3,2,1.0
,2950,0,1,0.51183087
,2950,1,2,1.0
,2950,2,1,0.59807616
,2950,3,1,0.8587376
,2951,0,1,0.50940037
,2951,1,1,0.85701543
,2951,2,2,1.0
,2951,3,1,0.5789326
,2952,0,0,0.7545499
,2952,1,0,0.7498913
,2952,2,0,0.7381833
,2952,3,2,1.0
,2953,0,0,0.75731593
,2953,1,0,0.6967182
,2953,2,2,1.0
,2953,3,0,0.7823839
,2954,0,0,0.5016586
,2954,1,2,1.0
,2954,2,1,0.90783376
,2954,3,0,0.501556
,2955,0,0,0.752336
,2955,1,0,0.78063923
,2955,2,3,1.0
,2955,3,0,0.7039541
,2956,0,0,0.75636685
,2956,1,0,0.7543114
,2956,2,0,0.8107433
,2956,3,2,1.0
,2957,0,1,0.50047094
,2957,1,1,0.62539816
,2957,2,2,1.0
,2957,3,1,0.8561085
,2958,0,0,0.7514998
,2958,1,3,1.0
,2958,2,0,0.7350598
,2958,3,0,0.7466633
,2959,0,0,0.75604373
,2959,1,0,0.8533831
,2959,2,2,1.0
,2959,3,0,0.6952828
,2960,0,0,0.502404
,2960,1,0,0.5041717
,2960,2,1,0.8826187
,2960,3,2,1.0
,2961,0,0,0.75451124
,2961,1,0,0.7064554
,2961,2,2,1.0
,2961,3,0,0.78250396
,2962,0,0,0.7579271
,2962,1,2,1.0
,2962,2,0,0.6842394
,2962,3,0,0.758245
,2963,0,0,0.75396097
,2963,1,0,0.7345571
,2963,2,3,1.0
,2963,3,0,0.75395834
,2964,0,0,0.75726205
,2964,1,2,1.0
,2964,2,0,0.8206667
,2964,3,0,0.7567207
,2965,0,0,0.75826585
,2965,1,0,0.783231
,2965,2,2,1.0
,2965,3,0,0.7106574
,2966,0,0,0.75823367
,2966,1,0,0.7578498
,2966,2,0,0.7388369
,2966,3,2,1.0
,2967,0,0,0.7547096
,2967,1,0,0.6958692
,2967,2,2,1.0
,2967,3,0,0.78217536
,2968,0,1,0.64138436
,2968,1,2,1.0
,2968,2,1,0.9438132
,2968,3,1,0.51700073
,2969,0,3,1.0
,2969,1,0,0.73508173
,2969,2,0,0.7458166
,2969,3,0,0.7513277
,2970,0,0,0.8535305
,2970,1,2,1.0
,2970,2,0,0.70911753
,2970,3,0,0.7569525
,2971,0,0,0.7118182
,2971,1,0,0.7825512
,2971,2,2,1.0
,2971,3,0,0.7582044
,2972,0,2,1.0
,2972,1,0,0.6970689
,2972,2,0,0.7810091
,2972,3,0,0.7572864
,2973,0,1,0.8561592
,2973,1,2,1.0
,2973,2,1,0.5758617
,2973,3,1,0.50124454
,2974,0,1,0.5189165
,2974,1,1,0.8581201
,2974,2,2,1.0
,2974,3,1,0.53901976
,2975,0,1,0.52847356
,2975,1,1,0.5976552
,2975,2,1,0.94540775
,2975,3,3,1.0
,2976,0,0,0.75227976
,2976,1,2,1.0
,2976,2,0,0.63994306
,2976,3,0,0.8539339
,2977,0,0,0.75409085
,2977,1,0,0.734749
,2977,2,3,1.0
,2977,3,0,0.7552722
,2978,0,0,0.75726676
,2978,1,2,1.0
,2978,2,0,0.8206684
,2978,3,0,0.7572803
,2979,0,0,0.758304
,2979,1,0,0.73889244
,2979,2,2,1.0
,2979,3,0,0.7583042
,2980,0,0,0.7582921
,2980,1,2,1.0
,2980,2,0,0.73886913
,2980,3,0,0.7582921
,2981,0,0,0.7582919
,2981,1,0,0.73886913
,2981,2,2,1.0
,2981,3,0,0.7582919
,2982,0,0,0.7582919
,2982,1,2,1.0
,2982,2,0,0.73886913
,2982,3,0,0.7582919
,2983,0,0,0.7582918
,2983,1,0,0.73886913
,2983,2,2,1.0
,2983,3,0,0.7582919
,2984,0,0,0.7582858
,2984,1,2,1.0
,2984,2,0,0.73886895
,2984,3,0,0.7582919
,2985,0,0,0.7577498
,2985,1,0,0.7388643
,2985,2,2,1.0
,2985,3,0,0.75828964
,2986,0,0,0.7106437
,2986,1,2,1.0
,2986,2,0,0.7832122
,2986,3,0,0.758254
,2987,0,2,1.0
,2987,1,0,0.7388476
,2987,2,0,0.7580159
,2987,3,0,0.75827223
,2988,0,0,0.78321767
,2988,1,2,1.0
,2988,2,0,0.71064734
,2988,3,0,0.75825375
,2989,0,0,0.75855744
,2989,1,0,0.7388525
,2989,2,2,1.0
,2989,3,0,0.7582743
,2990,0,0,0.7582843
,2990,1,2,1.0
,2990,2,0,0.738861
,2990,3,0,0.75828105
,2991,0,0,0.75719863
,2991,1,0,0.7250637
,2991,2,2,1.0
,2991,3,0,0.75719863
,2992,0,1,0.51660717
,2992,1,2,1.0
,2992,2,1,0.95516765
,2992,3,1,0.51660717
,2993,0,0,0.7539082
,2993,1,0,0.68322825
,2993,2,2,1.0
,2993,3,0,0.7539084
,2994,0,0,0.7538851
,2994,1,3,1.0
,2994,2,0,0.73455244
,2994,3,0,0.7539022
,2995,0,0,0.7547075
,2995,1,0,0.8101498
,2995,2,2,1.0
,2995,3,0,0.756193
,2996,0,1,0.5947931
,2996,1,2,1.0
,2996,2,1,0.944362
,2996,3,1,0.51863253
,2997,0,2,1.0
,2997,1,1,0.94444144
,2997,2,1,0.61385953
,2997,3,1,0.52726537
,2998,0,1,0.95849544
,2998,1,1,0.5396929
,2998,2,2,1.0
,2998,3,1,0.5270692
,2999,0,2,1.0
,2999,1,1,0.58666396
,2999,2,1,0.9442627
,2999,3,1,0.52600944
,3000,0,0,0.7825738
,3000,1,2,1.0
,3000,2,0,0.70087075
,3000,3,0,0.75428486
,3001,0,0,0.75735223
,3001,1,0,0.7388131
,3001,2,2,1.0
,3001,3,0,0.7582209
,3002,0,0,0.65304863
,3002,1,2,1.0
,3002,2,0,0.78178257
,3002,3,0,0.75789154
,3003,0,3,1.0
,3003,1,0,0.77848417
,3003,2,0,0.64838946
,3003,3,0,0.75337553
,3004,0,0,0.8537669
,3004,1,0,0.7037247
,3004,2,3,1.0
,3004,3,0,0.7518382
,3005,0,0,0.7349507
,3005,1,2,1.0
,3005,2,0,0.8523884
,3005,3,0,0.75603735
,3006,0,3,1.0
,3006,1,1,0.9452758
,3006,2,1,0.5793229
,3006,3,1,0.5212178
,3007,0,0,0.8533784
,3007,1,0,0.68506485
,3007,2,2,1.0
,3007,3,0,0.75194687
,3008,0,0,0.50300175
,3008,1,2,1.0
,3008,2,1,0.8898528
,3008,3,0,0.50038606
,3009,0,1,0.5262978
,3009,1,1,0.9584944
,3009,2,2,1.0
,3009,3,1,0.52641886
,3010,0,1,0.5269694
,3010,1,2,1.0
,3010,2,1,0.9583975
,3010,3,1,0.52893305
,3011,0,1,0.5121792
,3011,1,1,0.8581545
,3011,2,2,1.0
,3011,3,1,0.5878986
,3012,0,1,0.5102031
,3012,1,1,0.52113277
,3012,2,1,0.89097583
,3012,3,2,1.0
,3013,0,1,0.51144415
,3013,1,1,0.5874187
,3013,2,2,1.0
,3013,3,1,0.85799325
,3014,0,1,0.50850856
,3014,1,2,1.0
,3014,2,1,0.88414925
,3014,3,1,0.51748365
,3015,0,0,0.7544282
,3015,1,0,0.7380602
,3015,2,2,1.0
,3015,3,0,0.75431985
,3016,0,0,0.75824386
,3016,1,2,1.0
,3016,2,0,0.7388623
,3016,3,0,0.7577027
,3017,0,0,0.75825167
,3017,1,0,0.7827161
,3017,2,2,1.0
,3017,3,0,0.7106385
,3018,0,0,0.758237
,3018,1,0,0.7109423
,3018,2,0,0.7831978
,3018,3,2,1.0
,3019,0,0,0.7582722
,3019,1,2,1.0
,3019,2,0,0.7580159
,3019,3,0,0.7388476
,3020,0,0,0.75825185
,3020,1,0,0.78271604
,3020,2,0,0.71064246
,3020,3,2,1.0
,3021,0,0,0.75823087
,3021,1,0,0.7109423
,3021,2,2,1.0
,3021,3,0,0.7832035
,3022,0,0,0.7577323
,3022,1,2,1.0
,3022,2,0,0.7388478
,3022,3,0,0.7585552
,3023,0,0,0.7106435
,3023,1,0,0.78321207
,3023,2,2,1.0
,3023,3,0,0.7582569
,3024,0,2,1.0
,3024,1,0,0.7580159
,3024,2,0,0.7388476
,3024,3,0,0.75827223
,3025,0,0,0.7832053
,3025,1,0,0.7106467
,3025,2,2,1.0
,3025,3,0,0.7582538
,3026,0,0,0.75736463
,3026,1,2,1.0
,3026,2,0,0.7388182
,3026,3,0,0.758271
,3027,0,0,0.6530469
,3027,1,0,0.7817804
,3027,2,2,1.0
,3027,3,0,0.75789195
,3028,0,3,1.0
,3028,1,0,0.6481941
,3028,2,0,0.7790052
,3028,3,0,0.75337636
,3029,0,0,0.82065874
,3029,1,3,1.0
,3029,2,0,0.752113
,3029,3,0,0.7523507
,3030,0,2,1.0
,3030,1,0,0.8539007
,3030,2,0,0.70919174
,3030,3,0,0.7557872
,3031,0,0,0.7828836
,3031,1,0,0.7589515
,3031,2,2,1.0
,3031,3,0,0.65269035
,3032,0,0,0.75440204
,3032,1,0,0.7541374
,3032,2,0,0.73471797
,3032,3,3,1.0
,3033,0,0,0.7560721
,3033,1,0,0.7572487
,3033,2,2,1.0
,3033,3,0,0.8206481
,3034,0,0,0.65306246
,3034,1,0,0.7566904
,3034,2,0,0.78292316
,3034,3,2,1.0
,3035,0,3,1.0
,3035,1,0,0.6480269
,3035,2,0,0.75309664
,3035,3,0,0.7790079
,3036,0,0,0.85357845
,3036,1,3,1.0
,3036,2,0,0.7033814
,3036,3,0,0.7521534
,3037,0,0,0.71045583
,3037,1,0,0.85353076
,3037,2,2,1.0
,3037,3,0,0.7569267
,3038,0,2,1.0
,3038,1,0,0.71179914
,3038,2,0,0.78208977
,3038,3,0,0.7582128
,3039,0,0,0.78289264
,3039,1,2,1.0
,3039,2,0,0.6530741
,3039,3,0,0.7578679
,3040,0,0,0.75441056
,3040,1,0,0.7346937
,3040,2,3,1.0
,3040,3,0,0.75356984
,3041,0,0,0.7569854
,3041,1,2,1.0
,3041,2,0,0.85353065
,3041,3,0,0.70921415
,3042,0,0,0.75820774
,3042,1,0,0.7826958
,3042,2,0,0.7118291
,3042,3,2,1.0
,3043,0,0,0.7576948
,3043,1,0,0.71093714
,3043,2,2,1.0
,3043,3,0,0.78320193
,3044,0,0,0.7106192
,3044,1,2,1.0
,3044,2,0,0.78270143
,3044,3,0,0.7585176
,3045,0,2,1.0
,3045,1,0,0.78270173
,3045,2,0,0.7109373
,3045,3,0,0.7582382
,3046,0,0,0.7827019
,3046,1,0,0.71093756
,3046,2,2,1.0
,3046,3,0,0.7582351
,3047,0,0,0.7109422
,3047,1,2,1.0
,3047,2,0,0.783198
,3047,3,0,0.75823694
,3048,0,2,1.0
,3048,1,0,0.7388478
,3048,2,0,0.7580159
,3048,3,0,0.7582722
,3049,0,0,0.78321767
,3049,1,2,1.0
,3049,2,0,0.71064734
,3049,3,0,0.75825375
,3050,0,0,0.7585575
,3050,1,0,0.7388525
,3050,2,2,1.0
,3050,3,0,0.75827444
,3051,0,0,0.7582945
,3051,1,2,1.0
,3051,2,0,0.73886895
,3051,3,0,0.7582914
,3052,0,0,0.75826794
,3052,1,0,0.7388607
,3052,2,2,1.0
,3052,3,0,0.7582813
,3053,0,0,0.7560093
,3053,1,2,1.0
,3053,2,0,0.7250404
,3053,3,0,0.75718766
,3054,0,1,0.5775824
,3054,1,1,0.94371647
,3054,2,2,1.0
,3054,3,1,0.5169859
,3055,0,2,1.0
,3055,1,0,0.7008806
,3055,2,0,0.7820889
,3055,3,0,0.7543921
,3056,0,0,0.783199
,3056,1,2,1.0
,3056,2,0,0.7109287
,3056,3,0,0.758188
,3057,0,0,0.75855744
,3057,1,0,0.73885256
,3057,2,2,1.0
,3057,3,0,0.7582738
,3058,0,0,0.75829476
,3058,1,2,1.0
,3058,2,0,0.73886913
,3058,3,0,0.7582916
,3059,0,0,0.7582919
,3059,1,0,0.73886913
,3059,2,2,1.0
,3059,3,0,0.7582919
,3060,0,0,0.7582919
,3060,1,2,1.0
,3060,2,0,0.73886913
,3060,3,0,0.7582919
,3061,0,0,0.7582919
,3061,1,0,0.73886913
,3061,2,2,1.0
,3061,3,0,0.7582919
,3062,0,0,0.7582919
,3062,1,2,1.0
,3062,2,0,0.73886913
,3062,3,0,0.7582919
,3063,0,0,0.7582918
,3063,1,0,0.73886913
,3063,2,2,1.0
,3063,3,0,0.7582919
,3064,0,0,0.7582839
,3064,1,2,1.0
,3064,2,0,0.73886895
,3064,3,0,0.7582918
,3065,0,0,0.7575929
,3065,1,0,0.73885334
,3065,2,2,1.0
,3065,3,0,0.7582807
,3066,0,0,0.69669026
,3066,1,2,1.0
,3066,2,0,0.7801593
,3066,3,0,0.75731784
,3067,0,2,1.0
,3067,1,1,0.85655713
,3067,2,1,0.624913
,3067,3,1,0.50062746
,3068,0,0,0.7794017
,3068,1,0,0.6982892
,3068,2,3,1.0
,3068,3,0,0.75142086
,3069,0,0,0.7095219
,3069,1,2,1.0
,3069,2,0,0.8538982
,3069,3,0,0.75692856
,3070,0,2,1.0
,3070,1,0,0.7388448
,3070,2,0,0.75935113
,3070,3,0,0.75825167
,3071,0,0,0.7388688
,3071,1,2,1.0
,3071,2,0,0.7582977
,3071,3,0,0.7582913
,3072,0,2,1.0
,3072,1,0,0.73886436
,3072,2,0,0.75775003
,3072,3,0,0.75828964
,3073,0,0,0.7832122
,3073,1,2,1.0
,3073,2,0,0.71064377
,3073,3,0,0.758254
,3074,0,0,0.7580159
,3074,1,0,0.73884743
,3074,2,2,1.0
,3074,3,0,0.75827223
,3075,0,0,0.71064216
,3075,1,2,1.0
,3075,2,0,0.78271604
,3075,3,0,0.7582517
,3076,0,2,1.0
,3076,1,0,0.7825837
,3076,2,0,0.7109283
,3076,3,0,0.7582201
,3077,0,0,0.7828679
,3077,1,0,0.6996068
,3077,2,2,1.0
,3077,3,0,0.7567919
,3078,0,0,0.5526811
,3078,1,2,1.0
,3078,2,1,0.69764644
,3078,3,1,0.50893146
,3079,0,0,0.7544268
,3079,1,0,0.78189135
,3079,2,0,0.6901869
,3079,3,2,1.0
,3080,0,0,0.50157934
,3080,1,0,0.50227666
,3080,2,2,1.0
,3080,3,1,0.90784395
,3081,0,0,0.7524002
,3081,1,0,0.7517059
,3081,2,0,0.7359049
,3081,3,3,1.0
,3082,0,0,0.7560571
,3082,1,0,0.69535345
,3082,2,2,1.0
,3082,3,0,0.85339266
,3083,0,0,0.50240934
,3083,1,2,1.0
,3083,2,1,0.8826158
,3083,3,0,0.5049165
,3084,0,0,0.75364476
,3084,1,0,0.7250892
,3084,2,2,1.0
,3084,3,0,0.7536875
,3085,0,0,0.50163823
,3085,1,2,1.0
,3085,2,1,0.88260525
,3085,3,0,0.5023782
,3086,0,0,0.70644647
,3086,1,0,0.7824964
,3086,2,2,1.0
,3086,3,0,0.754509
,3087,0,2,1.0
,3087,1,0,0.758004
,3087,2,0,0.7388439
,3087,3,0,0.7582261
,3088,0,0,0.78271604
,3088,1,0,0.71064204
,3088,2,2,1.0
,3088,3,0,0.75825137
,3089,0,0,0.7109375
,3089,1,2,1.0
,3089,2,0,0.7827017
,3089,3,0,0.7582352
,3090,0,2,1.0
,3090,1,0,0.7827019
,3090,2,0,0.7109375
,3090,3,0,0.75823504
,3091,0,0,0.78270185
,3091,1,0,0.7109374
,3091,2,2,1.0
,3091,3,0,0.75822896
,3092,0,0,0.7109368
,3092,1,2,1.0
,3092,2,0,0.783196
,3092,3,0,0.75769466
,3093,0,2,1.0
,3093,1,0,0.78319556
,3093,2,0,0.7579777
,3093,3,0,0.7106186
,3094,0,0,0.7832011
,3094,1,0,0.75797755
,3094,2,0,0.71062225
,3094,3,2,1.0
,3095,0,0,0.75851935
,3095,1,0,0.7106277
,3095,2,2,1.0
,3095,3,0,0.78320295
,3096,0,0,0.7582774
,3096,1,2,1.0
,3096,2,0,0.7388524
,3096,3,0,0.75855726
,3097,0,0,0.7582916
,3097,1,0,0.738869
,3097,2,2,1.0
,3097,3,0,0.7582949
,3098,0,0,0.7582858
,3098,1,2,1.0
,3098,2,0,0.73886895
,3098,3,0,0.75829196
,3099,0,0,0.7577497
,3099,1,0,0.73886436
,3099,2,2,1.0
,3099,3,0,0.7582895
,3100,0,0,0.71063465
,3100,1,2,1.0
,3100,2,0,0.78319836
,3100,3,0,0.75824594
,3101,0,2,1.0
,3101,1,0,0.72586876
,3101,2,0,0.75651586
,3101,3,0,0.75738627
,3102,0,1,0.85519403
,3102,1,2,1.0
,3102,2,1,0.55940044
,3102,3,0,0.50153035
,3103,0,0,0.7502951
,3103,1,0,0.72768825
,3103,2,2,1.0
,3103,3,0,0.754361
,3104,0,0,0.554825
,3104,1,2,1.0
,3104,2,1,0.79285055
,3104,3,0,0.5549294
,3105,0,0,0.75223035
,3105,1,0,0.7356829
,3105,2,3,1.0
,3105,3,0,0.7527835
,3106,0,0,0.7092017
,3106,1,2,1.0
,3106,2,0,0.85353065
,3106,3,0,0.756971
,3107,0,2,1.0
,3107,1,0,0.7826958
,3107,2,0,0.7118294
,3107,3,0,0.7582137
,3108,0,0,0.7832038
,3108,1,0,0.7109426
,3108,2,2,1.0
,3108,3,0,0.758237
,3109,0,0,0.7585575
,3109,1,2,1.0
,3109,2,0,0.73885256
,3109,3,0,0.75827444
,3110,0,0,0.75829476
,3110,1,0,0.738869
,3110,2,2,1.0
,3110,3,0,0.7582916
,3111,0,0,0.7582919
,3111,1,2,1.0
,3111,2,0,0.73886913
,3111,3,0,0.7582919
,3112,0,0,0.75829196
,3112,1,0,0.73886913
,3112,2,2,1.0
,3112,3,0,0.75829196
,3113,0,0,0.7582942
,3113,1,2,1.0
,3113,2,0,0.7388478
,3113,3,0,0.7582942
,3114,0,0,0.75799704
,3114,1,0,0.6844956
,3114,2,2,1.0
,3114,3,0,0.75799716
,3115,0,0,0.75337404
,3115,1,3,1.0
,3115,2,0,0.6798511
,3115,3,0,0.7533805
,3116,0,0,0.75161815
,3116,1,0,0.820661
,3116,2,3,1.0
,3116,3,0,0.752171
,3117,0,0,0.7092235
,3117,1,2,1.0
,3117,2,0,0.8538936
,3117,3,0,0.75698805
,3118,0,2,1.0
,3118,1,0,0.73883986
,3118,2,0,0.75881076
,3118,3,0,0.7582501
,3119,0,0,0.78271604
,3119,1,2,1.0
,3119,2,0,0.7106524
,3119,3,0,0.75825155
,3120,0,0,0.7109423
,3120,1,0,0.7831978
,3120,2,2,1.0
,3120,3,0,0.758237
,3121,0,2,1.0
,3121,1,0,0.7580159
,3121,2,0,0.7388476
,3121,3,0,0.7582722
,3122,0,0,0.78271604
,3122,1,0,0.71064234
,3122,2,2,1.0
,3122,3,0,0.75825185
,3123,0,0,0.7109424
,3123,1,2,1.0
,3123,2,0,0.7832036
,3123,3,0,0.75823694
,3124,0,2,1.0
,3124,1,0,0.73883075
,3124,2,0,0.7585597
,3124,3,0,0.75826293
,3125,0,0,0.684558
,3125,1,2,1.0
,3125,2,0,0.75799435
,3125,3,0,0.75677574
,3126,0,3,1.0
,3126,1,0,0.77832615
,3126,2,0,0.7531807
,3126,3,0,0.64781517
,3127,0,0,0.8539518
,3127,1,0,0.7036622
,3127,2,0,0.7506132
,3127,3,3,1.0
,3128,0,0,0.75763243
,3128,1,2,1.0
,3128,2,0,0.65097964
,3128,3,0,0.85392594
,3129,0,0,0.7541172
,3129,1,0,0.7347136
,3129,2,3,1.0
,3129,3,0,0.7552303
,3130,0,0,0.7572643
,3130,1,2,1.0
,3130,2,0,0.8206667
,3130,3,0,0.7567358
,3131,0,0,0.75826627
,3131,1,0,0.78323275
,3131,2,2,1.0
,3131,3,0,0.7106577
,3132,0,0,0.75827247
,3132,1,0,0.7580162
,3132,2,0,0.7388476
,3132,3,2,1.0
,3133,0,0,0.75825375
,3133,1,0,0.7106473
,3133,2,2,1.0
,3133,3,0,0.78321767
,3134,0,0,0.7582745
,3134,1,2,1.0
,3134,2,0,0.73885256
,3134,3,0,0.7585575
,3135,0,0,0.7582916
,3135,1,0,0.738869
,3135,2,2,1.0
,3135,3,0,0.75829476
,3136,0,0,0.7582919
,3136,1,2,1.0
,3136,2,0,0.73886913
,3136,3,0,0.7582919
,3137,0,0,0.7582919
,3137,1,0,0.73886913
,3137,2,2,1.0
,3137,3,0,0.7582919
,3138,0,0,0.7582919
,3138,1,2,1.0
,3138,2,0,0.73886913
,3138,3,0,0.7582919
,3139,0,0,0.7582857
,3139,1,0,0.73886895
,3139,2,2,1.0
,3139,3,0,0.7582919
,3140,0,0,0.7577498
,3140,1,2,1.0
,3140,2,0,0.73886436
,3140,3,0,0.75828964
,3141,0,0,0.7106437
,3141,1,0,0.7832122
,3141,2,2,1.0
,3141,3,0,0.758254
,3142,0,2,1.0
,3142,1,0,0.7580159
,3142,2,0,0.7388476
,3142,3,0,0.75827223
,3143,0,0,0.78321767
,3143,1,0,0.71064717
,3143,2,2,1.0
,3143,3,0,0.75825363
,3144,0,0,0.75854963
,3144,1,2,1.0
,3144,2,0,0.7388443
,3144,3,0,0.75826657
,3145,0,0,0.75742584
,3145,1,0,0.7259383
,3145,2,2,1.0
,3145,3,0,0.75742257
,3146,0,0,0.5025099
,3146,1,2,1.0
,3146,2,1,0.8826044
,3146,3,0,0.50250983
,3147,0,0,0.7542001
,3147,1,0,0.6833068
,3147,2,2,1.0
,3147,3,0,0.7542
,3148,0,0,0.75391763
,3148,1,3,1.0
,3148,2,0,0.7345574
,3148,3,0,0.7539176
,3149,0,0,0.75726426
,3149,1,0,0.82066834
,3149,2,2,1.0
,3149,3,0,0.7572581
,3150,0,0,0.7583016
,3150,1,2,1.0
,3150,2,0,0.7388876
,3150,3,0,0.75776196
,3151,0,0,0.7582463
,3151,1,0,0.78321767
,3151,2,2,1.0
,3151,3,0,0.7106439
,3152,0,0,0.75757664
,3152,1,0,0.75853336
,3152,2,0,0.73883724
,3152,3,2,1.0
,3153,0,0,0.6968054
,3153,1,0,0.7561996
,3153,2,2,1.0
,3153,3,0,0.78239125
,3154,0,2,1.0
,3154,1,1,0.55947083
,3154,2,1,0.8555897
,3154,3,0,0.50211006
,3155,0,0,0.7826291
,3155,1,2,1.0
,3155,2,0,0.7020336
,3155,3,0,0.75465524
,3156,0,0,0.7582454
,3156,1,0,0.68423826
,3156,2,2,1.0
,3156,3,0,0.7579276
,3157,0,0,0.7539622
,3157,1,3,1.0
,3157,2,0,0.73455405
,3157,3,0,0.7539585
,3158,0,0,0.7570088
,3158,1,0,0.81275034
,3158,2,2,1.0
,3158,3,0,0.7570088
,3159,0,0,0.55621105
,3159,1,2,1.0
,3159,2,1,0.74549156
,3159,3,0,0.556211
,3160,0,0,0.7544231
,3160,1,0,0.7252604
,3160,2,2,1.0
,3160,3,0,0.7544231
,3161,0,0,0.50119627
,3161,1,2,1.0
,3161,2,1,0.8712603
,3161,3,0,0.50119627
,3162,0,1,0.51500434
,3162,1,1,0.8867512
,3162,2,3,1.0
,3162,3,1,0.51500434
,3163,0,0,0.75290626
,3163,1,2,1.0
,3163,2,0,0.8127322
,3163,3,0,0.75290626
,3164,0,0,0.5541415
,3164,1,1,0.7249521
,3164,2,2,1.0
,3164,3,0,0.55414146
,3165,0,1,0.51427627
,3165,1,3,1.0
,3165,2,1,0.88699436
,3165,3,1,0.51427627
,3166,0,0,0.7532014
,3166,1,0,0.8206722
,3166,2,2,1.0
,3166,3,0,0.75320107
,3167,0,0,0.75735784
,3167,1,2,1.0
,3167,2,0,0.72593236
,3167,3,0,0.757328
,3168,0,0,0.5008179
,3168,1,1,0.88950175
,3168,2,2,1.0
,3168,3,1,0.5007585
,3169,0,1,0.50932235
,3169,1,2,1.0
,3169,2,1,0.85748476
,3169,3,1,0.5700783
,3170,0,0,0.75449646
,3170,1,0,0.7819593
,3170,2,0,0.7020023
,3170,3,2,1.0
,3171,0,0,0.7570816
,3171,1,0,0.6962289
,3171,2,2,1.0
,3171,3,0,0.78218144
,3172,0,1,0.51663464
,3172,1,2,1.0
,3172,2,1,0.9551681
,3172,3,1,0.51597196
,3173,0,0,0.7542631
,3173,1,0,0.7379929
,3173,2,2,1.0
,3173,3,0,0.75427085
,3174,0,0,0.7571334
,3174,1,2,1.0
,3174,2,0,0.72505176
,3174,3,0,0.7571481
,3175,0,1,0.5175396
,3175,1,1,0.965358
,3175,2,2,1.0
,3175,3,1,0.5167915
,3176,0,0,0.7038556
,3176,1,3,1.0
,3176,2,0,0.7807745
,3176,3,0,0.7522589
,3177,0,2,1.0
,3177,1,0,0.82066685
,3177,2,0,0.75701064
,3177,3,0,0.75722617
,3178,0,0,0.78323835
,3178,1,2,1.0
,3178,2,0,0.71066123
,3178,3,0,0.75826573
,3179,0,0,0.7585499
,3179,1,0,0.7388522
,3179,2,2,1.0
,3179,3,0,0.7582746
,3180,0,0,0.7575972
,3180,1,2,1.0
,3180,2,0,0.73885435
,3180,3,0,0.7582804
,3181,0,0,0.69683146
,3181,1,0,0.7823534
,3181,2,2,1.0
,3181,3,0,0.75734127
,3182,0,2,1.0
,3182,1,1,0.50017667
,3182,2,1,0.8895249
,3182,3,0,0.5007543
,3183,0,1,0.857485
,3183,1,1,0.5700635
,3183,2,2,1.0
,3183,3,1,0.5093242
,3184,0,0,0.70200837
,3184,1,2,1.0
,3184,2,0,0.78259325
,3184,3,0,0.7545016
,3185,0,2,1.0
,3185,1,0,0.72582203
,3185,2,0,0.7561826
,3185,3,0,0.75730497
,3186,0,1,0.85610765
,3186,1,2,1.0
,3186,2,1,0.5764087
,3186,3,1,0.500376
,3187,0,1,0.51736814
,3187,1,1,0.8841244
,3187,2,2,1.0
,3187,3,1,0.50816447
,3188,0,0,0.7543167
,3188,1,2,1.0
,3188,2,0,0.7380548
,3188,3,0,0.75388384
,3189,0,0,0.75750846
,3189,1,0,0.78320587
,3189,2,2,1.0
,3189,3,0,0.71057576
,3190,0,0,0.69674146
,3190,1,0,0.75758505
,3190,2,0,0.7810085
,3190,3,2,1.0
,3191,0,2,1.0
,3191,1,1,0.50042814
,3191,2,1,0.57584274
,3191,3,1,0.8561349
,3192,0,1,0.8841302
,3192,1,1,0.5081878
,3192,2,2,1.0
,3192,3,1,0.5173811
,3193,0,2,1.0
,3193,1,0,0.75234306
,3193,2,0,0.72502947
,3193,3,0,0.7534059
,3194,0,1,0.8552044
,3194,1,1,0.5595474
,3194,2,2,1.0
,3194,3,0,0.50141394
,3195,0,0,0.7497113
,3195,1,2,1.0
,3195,2,0,0.6835068
,3195,3,0,0.7543464
,3196,0,0,0.7055435
,3196,1,0,0.7787925
,3196,2,3,1.0
,3196,3,0,0.75383633
,3197,0,2,1.0
,3197,1,0,0.6956283
,3197,2,0,0.85259855
,3197,3,0,0.7560331
,3198,0,1,0.8552135
,3198,1,2,1.0
,3198,2,1,0.557
,3198,3,0,0.50145316
,3199,0,0,0.7506419
,3199,1,0,0.73821455
,3199,2,2,1.0
,3199,3,0,0.75470155
,3200,0,0,0.75820386
,3200,1,2,1.0
,3200,2,0,0.7388679
,3200,3,0,0.7582498
,3201,0,0,0.7582909
,3201,1,0,0.73886913
,3201,2,2,1.0
,3201,3,0,0.75829124
,3202,0,0,0.7582919
,3202,1,2,1.0
,3202,2,0,0.7388686
,3202,3,0,0.7582783
,3203,0,0,0.75828826
,3203,1,0,0.7388352
,3203,2,2,1.0
,3203,3,0,0.7570946
,3204,0,0,0.7578914
,3204,1,2,1.0
,3204,2,0,0.7829068
,3204,3,0,0.652742
,3205,0,0,0.754114
,3205,1,0,0.734715
,3205,2,0,0.75440437
,3205,3,3,1.0
,3206,0,0,0.7562413
,3206,1,2,1.0
,3206,2,0,0.75621295
,3206,3,0,0.8101718
,3207,0,1,0.5166018
,3207,1,1,0.95516104
,3207,2,1,0.51823366
,3207,3,2,1.0
,3208,0,0,0.7537701
,3208,1,2,1.0
,3208,2,0,0.6476824
,3208,3,0,0.78154653
,3209,0,0,0.75402576
,3209,1,0,0.7796112
,3209,2,3,1.0
,3209,3,0,0.706201
,3210,0,0,0.7572457
,3210,1,0,0.75753725
,3210,2,0,0.82066864
,3210,3,2,1.0
,3211,0,0,0.7582927
,3211,1,0,0.7582792
,3211,2,2,1.0
,3211,3,0,0.73888385
,3212,0,0,0.75715566
,3212,1,0,0.75567377
,3212,2,0,0.72502583
,3212,3,2,1.0
,3213,0,1,0.51859564
,3213,1,1,0.59477174
,3213,2,2,1.0
,3213,3,1,0.94394046
,3214,0,1,0.52532613
,3214,1,2,1.0
,3214,2,1,0.9555788
,3214,3,1,0.5365748
,3215,0,0,0.7541738
,3215,1,0,0.7379999
,3215,2,2,1.0
,3215,3,0,0.75404567
,3216,0,0,0.7582352
,3216,1,2,1.0
,3216,2,0,0.7388589
,3216,3,0,0.7582337
,3217,0,0,0.7574223
,3217,1,0,0.7259387
,3217,2,2,1.0
,3217,3,0,0.7574223
,3218,0,0,0.5025101
,3218,1,2,1.0
,3218,2,1,0.8825897
,3218,3,0,0.50251
,3219,0,0,0.75456095
,3219,1,0,0.73806703
,3219,2,2,1.0
,3219,3,0,0.75455475
,3220,0,0,0.75824535
,3220,1,2,1.0
,3220,2,0,0.7388621
,3220,3,0,0.75770545
,3221,0,0,0.75825167
,3221,1,0,0.7827161
,3221,2,2,1.0
,3221,3,0,0.7106385
,3222,0,0,0.758237
,3222,1,0,0.7109423
,3222,2,0,0.7831978
,3222,3,2,1.0
,3223,0,0,0.75827205
,3223,1,2,1.0
,3223,2,0,0.7580159
,3223,3,0,0.7388478
,3224,0,0,0.75825226
,3224,1,0,0.7832162
,3224,2,0,0.71066093
,3224,3,2,1.0
,3225,0,0,0.75844455
,3225,1,0,0.75871813
,3225,2,2,1.0
,3225,3,0,0.7833808
,3226,0,0,0.7625863
,3226,1,0,0.7617711
,3226,2,2,1.0
,3226,3,0,0.7628619
,3227,0,0,0.66059935
,3227,1,0,0.6037006
,3227,2,3,1.0
,3227,3,0,0.66060424
,3228,0,0,0.75505954
,3228,1,2,1.0
,3228,2,0,0.81085634
,3228,3,0,0.75505966
,3229,0,0,0.5025644
,3229,1,1,0.882546
,3229,2,2,1.0
,3229,3,0,0.50256443
,3230,0,0,0.75366163
,3230,1,2,1.0
,3230,2,0,0.7250905
,3230,3,0,0.75366163
,3231,0,0,0.5023955
,3231,1,1,0.88261104
,3231,2,2,1.0
,3231,3,0,0.5023956
,3232,0,0,0.75419873
,3232,1,2,1.0
,3232,2,0,0.6833069
,3232,3,0,0.75419873
,3233,0,0,0.7539181
,3233,1,0,0.73455656
,3233,2,3,1.0
,3233,3,0,0.7539181
,3234,0,0,0.75729233
,3234,1,2,1.0
,3234,2,0,0.7784193
,3234,3,0,0.7572924
,3235,0,0,0.75363004
,3235,1,0,0.7342401
,3235,2,3,1.0
,3235,3,0,0.75363004
,3236,0,0,0.7572598
,3236,1,2,1.0
,3236,2,0,0.8206684
,3236,3,0,0.7572598
,3237,0,0,0.7583038
,3237,1,0,0.7388924
,3237,2,2,1.0
,3237,3,0,0.75830364
,3238,0,0,0.7582837
,3238,1,2,1.0
,3238,2,0,0.73886013
,3238,3,0,0.7582673
,3239,0,0,0.7573696
,3239,1,0,0.7258434
,3239,2,2,1.0
,3239,3,0,0.75592583
,3240,0,1,0.50041306
,3240,1,2,1.0
,3240,2,1,0.8569007
,3240,3,1,0.57648844
,3241,0,1,0.50904745
,3241,1,1,0.8574445
,3241,2,1,0.57883704
,3241,3,2,1.0
,3242,0,0,0.753593
,3242,1,0,0.6879724
,3242,2,2,1.0
,3242,3,0,0.7817824
,3243,0,0,0.5023175
,3243,1,2,1.0
,3243,2,1,0.8826259
,3243,3,0,0.50304365
,3244,0,0,0.75455856
,3244,1,0,0.73806703
,3244,2,2,1.0
,3244,3,0,0.7545667
,3245,0,0,0.7582475
,3245,1,2,1.0
,3245,2,0,0.73886716
,3245,3,0,0.7582474
,3246,0,0,0.7582834
,3246,1,0,0.7388604
,3246,2,2,1.0
,3246,3,0,0.7582702
,3247,0,0,0.75740415
,3247,1,2,1.0
,3247,2,0,0.7258865
,3247,3,0,0.75624937
,3248,0,0,0.50153494
,3248,1,1,0.8551973
,3248,2,2,1.0
,3248,3,1,0.5593965
,3249,0,0,0.7546899
,3249,1,0,0.7499284
,3249,2,0,0.73819846
,3249,3,2,1.0
,3250,0,0,0.7573282
,3250,1,0,0.6967603
,3250,2,2,1.0
,3250,3,0,0.78240687
,3251,0,0,0.5024432
,3251,1,2,1.0
,3251,2,1,0.88261455
,3251,3,0,0.503089
,3252,0,0,0.75456
,3252,1,0,0.73806703
,3252,2,2,1.0
,3252,3,0,0.7545674
,3253,0,0,0.75824755
,3253,1,2,1.0
,3253,2,0,0.738867
,3253,3,0,0.75824153
,3254,0,0,0.75828916
,3254,1,0,0.7388643
,3254,2,2,1.0
,3254,3,0,0.7577493
,3255,0,0,0.758254
,3255,1,2,1.0
,3255,2,0,0.7832053
,3255,3,0,0.71064335
,3256,0,0,0.7582709
,3256,1,0,0.7388186
,3256,2,0,0.7573612
,3256,3,2,1.0
,3257,0,0,0.75789124
,3257,1,2,1.0
,3257,2,0,0.6527455
,3257,3,0,0.78290683
,3258,0,0,0.7541252
,3258,1,0,0.7347186
,3258,2,3,1.0
,3258,3,0,0.7544098
,3259,0,0,0.75726426
,3259,1,2,1.0
,3259,2,0,0.8206667
,3259,3,0,0.7567264
,3260,0,0,0.75824517
,3260,1,0,0.783231
,3260,2,2,1.0
,3260,3,0,0.71064854
,3261,0,0,0.7562316
,3261,1,0,0.7576704
,3261,2,0,0.725869
,3261,3,2,1.0
,3262,0,1,0.559397
,3262,1,0,0.50153345
,3262,2,2,1.0
,3262,3,1,0.855192
,3263,0,2,1.0
,3263,1,0,0.7541538
,3263,2,0,0.7382085
,3263,3,0,0.7506385
,3264,0,0,0.7832166
,3264,1,0,0.7105967
,3264,2,2,1.0
,3264,3,0,0.7581658
,3265,0,0,0.75855553
,3265,1,2,1.0
,3265,2,0,0.73884606
,3265,3,0,0.75827134
,3266,0,0,0.75798136
,3266,1,0,0.728416
,3266,2,2,1.0
,3266,3,0,0.75796247
,3267,0,0,0.55584496
,3267,1,2,1.0
,3267,2,1,0.74553925
,3267,3,0,0.55494905
,3268,0,0,0.75490385
,3268,1,0,0.78227
,3268,2,2,1.0
,3268,3,0,0.69601476
,3269,0,0,0.553106
,3269,1,0,0.55177957
,3269,2,1,0.7587145
,3269,3,2,1.0
,3270,0,1,0.524845
,3270,1,1,0.6001321
,3270,2,2,1.0
,3270,3,1,0.94429016
,3271,0,1,0.50906
,3271,1,2,1.0
,3271,2,1,0.8842266
,3271,3,1,0.51992583
,3272,0,0,0.75441086
,3272,1,0,0.738052
,3272,2,2,1.0
,3272,3,0,0.75428724
,3273,0,0,0.75713795
,3273,1,2,1.0
,3273,2,0,0.7250613
,3273,3,0,0.7571509
,3274,0,1,0.5173562
,3274,1,1,0.9551645
,3274,2,2,1.0
,3274,3,1,0.5166176
,3275,0,0,0.7061264
,3275,1,2,1.0
,3275,2,0,0.7824432
,3275,3,0,0.7542229
,3276,0,2,1.0
,3276,1,0,0.738827
,3276,2,0,0.758547
,3276,3,0,0.75822073
,3277,0,0,0.68429005
,3277,1,2,1.0
,3277,2,0,0.7579844
,3277,3,0,0.7574339
,3278,0,3,1.0
,3278,1,0,0.77943766
,3278,2,0,0.7531665
,3278,3,0,0.70564276
,3279,0,0,0.8524318
,3279,1,0,0.75611097
,3279,2,0,0.6943943
,3279,3,2,1.0
,3280,0,1,0.5751098
,3280,1,1,0.5170277
,3280,2,2,1.0
,3280,3,1,0.94356406
,3281,0,2,1.0
,3281,1,0,0.7544453
,3281,2,0,0.7381761
,3281,3,0,0.7495953
,3282,0,0,0.73886275
,3282,1,0,0.7577048
,3282,2,2,1.0
,3282,3,0,0.7581896
,3283,0,2,1.0
,3283,1,0,0.7106385
,3283,2,0,0.7827162
,3283,3,0,0.758251
,3284,0,0,0.7832035
,3284,1,2,1.0
,3284,2,0,0.7109424
,3284,3,0,0.75823087
,3285,0,0,0.7585552
,3285,1,0,0.7388478
,3285,2,2,1.0
,3285,3,0,0.75773233
,3286,0,0,0.758257
,3286,1,2,1.0
,3286,2,0,0.7832178
,3286,3,0,0.71064365
,3287,0,0,0.7582745
,3287,1,0,0.7388523
,3287,2,0,0.75855136
,3287,3,2,1.0
,3288,0,0,0.7582893
,3288,1,2,1.0
,3288,2,0,0.7577526
,3288,3,0,0.738864
,3289,0,0,0.7582401
,3289,1,0,0.78255934
,3289,2,0,0.71062887
,3289,3,2,1.0
,3290,0,0,0.75704944
,3290,1,0,0.69593227
,3290,2,2,1.0
,3290,3,0,0.7810133
,3291,0,1,0.52299005
,3291,1,2,1.0
,3291,2,1,0.9791231
,3291,3,1,0.5827866
,3292,0,0,0.75437057
,3292,1,0,0.7381636
,3292,2,0,0.74917704
,3292,3,2,1.0
,3293,0,0,0.7582483
,3293,1,2,1.0
,3293,2,0,0.7581894
,3293,3,0,0.7388464
,3294,0,0,0.75799155
,3294,1,0,0.6842634
,3294,2,0,0.7579909
,3294,3,2,1.0
,3295,0,0,0.7539616
,3295,1,3,1.0
,3295,2,0,0.75395864
,3295,3,0,0.7345573
,3296,0,0,0.7572517
,3296,1,0,0.82067174
,3296,2,0,0.75699836
,3296,3,2,1.0
,3297,0,0,0.75735116
,3297,1,2,1.0
,3297,2,0,0.7350514
,3297,3,0,0.7823838
,3298,0,1,0.5209749
,3298,1,1,0.95644975
,3298,2,3,1.0
,3298,3,1,0.5203106
,3299,0,0,0.75305843
,3299,1,2,1.0
,3299,2,0,0.8206809
,3299,3,0,0.7530659
,3300,0,0,0.7574001
,3300,1,0,0.7592714
,3300,2,2,1.0
,3300,3,0,0.7573816
,3301,0,1,0.51088876
,3301,1,3,1.0
,3301,2,1,0.88772637
,3301,3,1,0.5118515
,3302,0,0,0.7516262
,3302,1,0,0.8531623
,3302,2,2,1.0
,3302,3,0,0.6893061
,3303,0,1,0.5250899
,3303,1,1,0.52333564
,3303,2,1,0.9939935
,3303,3,2,1.0
,3304,0,0,0.7528709
,3304,1,0,0.69084185
,3304,2,2,1.0
,3304,3,0,0.7813039
,3305,0,1,0.5229468
,3305,1,2,1.0
,3305,2,1,0.98356223
,3305,3,1,0.52219063
,3306,0,0,0.7538101
,3306,1,0,0.6832001
,3306,2,2,1.0
,3306,3,0,0.7538188
,3307,0,0,0.753913
,3307,1,3,1.0
,3307,2,0,0.7345572
,3307,3,0,0.75391304
,3308,0,0,0.7572641
,3308,1,0,0.8206684
,3308,2,2,1.0
,3308,3,0,0.75726414
,3309,0,0,0.758296
,3309,1,2,1.0
,3309,2,0,0.73888427
,3309,3,0,0.758296
,3310,0,0,0.75742275
,3310,1,0,0.7259386
,3310,2,2,1.0
,3310,3,0,0.75742275
,3311,0,0,0.5024964
,3311,1,2,1.0
,3311,2,1,0.8825958
,3311,3,0,0.5024958
,3312,0,0,0.7536244
,3312,1,0,0.72506267
,3312,2,2,1.0
,3312,3,0,0.7535869
,3313,0,0,0.5004027
,3313,1,2,1.0
,3313,2,1,0.8898577
,3313,3,1,0.5015529
,3314,0,1,0.52808535
,3314,1,1,0.94439214
,3314,2,2,1.0
,3314,3,1,0.6017882
,3315,0,1,0.5707418
,3315,1,1,0.5217719
,3315,2,1,0.85711664
,3315,3,2,1.0
,3316,0,2,1.0
,3316,1,0,0.69232357
,3316,2,0,0.74842775
,3316,3,0,0.7817733
,3317,0,1,0.85523146
,3317,1,2,1.0
,3317,2,1,0.55967873
,3317,3,0,0.5020781
,3318,0,0,0.75064045
,3318,1,0,0.7382134
,3318,2,2,1.0
,3318,3,0,0.75470734
,3319,0,0,0.75820374
,3319,1,2,1.0
,3319,2,0,0.73886734
,3319,3,0,0.75823635
,3320,0,0,0.7582874
,3320,1,0,0.73883486
,3320,2,2,1.0
,3320,3,0,0.7570977
,3321,0,0,0.75788575
,3321,1,2,1.0
,3321,2,0,0.78178257
,3321,3,0,0.6530455
,3322,0,0,0.75280654
,3322,1,0,0.77901
,3322,2,0,0.6483883
,3322,3,3,1.0
,3323,0,0,0.7033956
,3323,1,0,0.7521444
,3323,2,3,1.0
,3323,3,0,0.853947
,3324,0,2,1.0
,3324,1,0,0.75666714
,3324,2,0,0.82066685
,3324,3,0,0.7583695
,3325,0,0,0.78323835
,3325,1,0,0.71065664
,3325,2,2,1.0
,3325,3,0,0.7582725
,3326,0,0,0.7585556
,3326,1,2,1.0
,3326,2,0,0.7388478
,3326,3,0,0.7577327
,3327,0,0,0.758257
,3327,1,0,0.7832178
,3327,2,2,1.0
,3327,3,0,0.7106437
,3328,0,0,0.7582745
,3328,1,0,0.75855744
,3328,2,0,0.73885256
,3328,3,2,1.0
,3329,0,0,0.75829154
,3329,1,0,0.7582869
,3329,2,2,1.0
,3329,3,0,0.7388688
,3330,0,0,0.7582806
,3330,1,0,0.75759363
,3330,2,0,0.7388538
,3330,3,2,1.0
,3331,0,0,0.7573184
,3331,1,0,0.6967624
,3331,2,2,1.0
,3331,3,0,0.7810231
,3332,0,1,0.50048107
,3332,1,2,1.0
,3332,2,1,0.8561827
,3332,3,1,0.5758805
,3333,0,1,0.5098315
,3333,1,1,0.89095116
,3333,2,1,0.5210123
,3333,3,2,1.0
,3334,0,1,0.5114348
,3334,1,2,1.0
,3334,2,1,0.5874167
,3334,3,1,0.8580052
,3335,0,1,0.5085426
,3335,1,1,0.8841657
,3335,2,2,1.0
,3335,3,1,0.51845664
,3336,0,0,0.7534567
,3336,1,2,1.0
,3336,2,0,0.78164893
,3336,3,0,0.6922494
,3337,0,0,0.5023008
,3337,1,1,0.88263285
,3337,2,0,0.5022881
,3337,3,2,1.0
,3338,0,0,0.7544999
,3338,1,2,1.0
,3338,2,0,0.7064457
,3338,3,0,0.78249454
,3339,0,0,0.7573587
,3339,1,0,0.7259173
,3339,2,2,1.0
,3339,3,0,0.7576769
,3340,0,0,0.5025083
,3340,1,2,1.0
,3340,2,1,0.8825897
,3340,3,0,0.5025165
,3341,0,0,0.75456095
,3341,1,0,0.7380673
,3341,2,2,1.0
,3341,3,0,0.75456107
,3342,0,0,0.7582475
,3342,1,2,1.0
,3342,2,0,0.73886716
,3342,3,0,0.7582475
,3343,0,0,0.7582832
,3343,1,0,0.7388609
,3343,2,2,1.0
,3343,3,0,0.7582832
,3344,0,0,0.75738865
,3344,1,2,1.0
,3344,2,0,0.7259159
,3344,3,0,0.75738865
,3345,0,0,0.5006014
,3345,1,1,0.88992345
,3345,2,2,1.0
,3345,3,0,0.5006014
,3346,0,1,0.5301528
,3346,1,2,1.0
,3346,2,1,0.9836391
,3346,3,1,0.53015274
,3347,0,0,0.7540897
,3347,1,0,0.73797756
,3347,2,2,1.0
,3347,3,0,0.7540959
,3348,0,0,0.75769985
,3348,1,2,1.0
,3348,2,0,0.7388621
,3348,3,0,0.75823975
,3349,0,0,0.7106341
,3349,1,0,0.7831924
,3349,2,2,1.0
,3349,3,0,0.75824255
,3350,0,2,1.0
,3350,1,0,0.7559574
,3350,2,0,0.72500753
,3350,3,0,0.75714236
,3351,0,1,0.9442258
,3351,1,1,0.5939215
,3351,2,2,1.0
,3351,3,1,0.5183592
,3352,0,1,0.5812648
,3352,1,2,1.0
,3352,2,1,0.8570866
,3352,3,1,0.5097294
,3353,0,2,1.0
,3353,1,0,0.73819244
,3353,2,0,0.75004864
,3353,3,0,0.75455415
,3354,0,0,0.7832165
,3354,1,2,1.0
,3354,2,0,0.7105445
,3354,3,0,0.7582102
,3355,0,0,0.7585575
,3355,1,0,0.7388525
,3355,2,2,1.0
,3355,3,0,0.75827396
,3356,0,0,0.7582949
,3356,1,2,1.0
,3356,2,0,0.73886913
,3356,3,0,0.75829154
,3357,0,0,0.75829196
,3357,1,0,0.73886895
,3357,2,2,1.0
,3357,3,0,0.7582858
,3358,0,0,0.75828964
,3358,1,2,1.0
,3358,2,0,0.7388642
,3358,3,0,0.7577498
,3359,0,0,0.75825226
,3359,1,0,0.7827158
,3359,2,2,1.0
,3359,3,0,0.71063864
,3360,0,0,0.7582345
,3360,1,0,0.710907
,3360,2,0,0.7820954
,3360,3,2,1.0
,3361,0,0,0.7578741
,3361,1,2,1.0
,3361,2,0,0.6530714
,3361,3,0,0.7828924
,3362,0,0,0.7541234
,3362,1,0,0.73471713
,3362,2,3,1.0
,3362,3,0,0.7544142
,3363,0,0,0.7572669
,3363,1,2,1.0
,3363,2,0,0.8206684
,3363,3,0,0.7572704
,3364,0,0,0.7582793
,3364,1,0,0.7388835
,3364,2,2,1.0
,3364,3,0,0.75829566
,3365,0,0,0.7559275
,3365,1,2,1.0
,3365,2,0,0.7258446
,3365,3,0,0.7573705
,3366,0,1,0.57641685
,3366,1,1,0.8561202
,3366,2,2,1.0
,3366,3,1,0.50037503
,3367,0,2,1.0
,3367,1,1,0.5183411
,3367,2,1,0.8841406
,3367,3,1,0.50819016
,3368,0,0,0.7816623
,3368,1,0,0.6922521
,3368,2,2,1.0
,3368,3,0,0.75346124
,3369,0,0,0.5030371
,3369,1,2,1.0
,3369,2,1,0.8826242
,3369,3,0,0.5023191
,3370,0,0,0.75401866
,3370,1,0,0.7380618
,3370,2,2,1.0
,3370,3,0,0.7545558
,3371,0,0,0.71059424
,3371,1,2,1.0
,3371,2,0,0.78321594
,3371,3,0,0.7582095
,3372,0,2,1.0
,3372,1,0,0.7388443
,3372,2,0,0.7585494
,3372,3,0,0.75826603
,3373,0,0,0.72593766
,3373,1,2,1.0
,3373,2,0,0.7574116
,3373,3,0,0.7574222
,3374,0,2,1.0
,3374,1,1,0.8825985
,3374,2,0,0.50175244
,3374,3,0,0.5024917
,3375,0,0,0.7824825
,3375,1,2,1.0
,3375,2,0,0.70643866
,3375,3,0,0.7545022
,3376,0,0,0.756504
,3376,1,0,0.7258647
,3376,2,2,1.0
,3376,3,0,0.7573399
,3377,0,1,0.55940205
,3377,1,2,1.0
,3377,2,1,0.8555609
,3377,3,0,0.5015259
,3378,0,2,1.0
,3378,1,0,0.7821242
,3378,2,0,0.7020521
,3378,3,0,0.75463825
,3379,0,0,0.7831975
,3379,1,0,0.71092415
,3379,2,2,1.0
,3379,3,0,0.75764906
,3380,0,0,0.75851756
,3380,1,2,1.0
,3380,2,0,0.78270143
,3380,3,0,0.71061856
,3381,0,0,0.75823206
,3381,1,0,0.7827017
,3381,2,0,0.7109373
,3381,3,2,1.0
,3382,0,0,0.7576948
,3382,1,0,0.7109369
,3382,2,2,1.0
,3382,3,0,0.78320175
,3383,0,0,0.71061915
,3383,1,2,1.0
,3383,2,0,0.78270143
,3383,3,0,0.75851774
,3384,0,2,1.0
,3384,1,0,0.78270173
,3384,2,0,0.7109373
,3384,3,0,0.7582381
,3385,0,0,0.78270185
,3385,1,0,0.7109373
,3385,2,2,1.0
,3385,3,0,0.75823504
,3386,0,0,0.7109271
,3386,1,2,1.0
,3386,2,0,0.7825583
,3386,3,0,0.75822663
,3387,0,2,1.0
,3387,1,0,0.7823938
,3387,2,0,0.6971686
,3387,3,0,0.75735337
,3388,0,1,0.8826143
,3388,1,0,0.5030895
,3388,2,2,1.0
,3388,3,0,0.50244457
,3389,0,2,1.0
,3389,1,0,0.7545674
,3389,2,0,0.73806715
,3389,3,0,0.75456
,3390,0,0,0.7388669
,3390,1,0,0.75824755
,3390,2,2,1.0
,3390,3,0,0.7582414
,3391,0,2,1.0
,3391,1,0,0.758283
,3391,2,0,0.738864
,3391,3,0,0.7577493
,3392,0,0,0.78320855
,3392,1,0,0.75771165
,3392,2,2,1.0
,3392,3,0,0.7106383
,3393,0,0,0.7578224
,3393,1,0,0.71060824
,3393,2,0,0.78319293
,3393,3,2,1.0
,3394,0,0,0.69681853
,3394,1,2,1.0
,3394,2,0,0.7576019
,3394,3,0,0.782362
,3395,0,2,1.0
,3395,1,1,0.88984567
,3395,2,0,0.5005198
,3395,3,0,0.5011996
,3396,0,1,0.9583601
,3396,1,2,1.0
,3396,2,1,0.5276775
,3396,3,1,0.5260888
,3397,0,2,1.0
,3397,1,1,0.85746026
,3397,2,1,0.57105833
,3397,3,1,0.5103437
,3398,0,0,0.78184694
,3398,1,0,0.7241811
,3398,2,2,1.0
,3398,3,0,0.75368273
,3399,0,1,0.5106924
,3399,1,3,1.0
,3399,2,1,0.88761437
,3399,3,1,0.5106858
,3400,0,0,0.70464677
,3400,1,0,0.8538999
,3400,2,2,1.0
,3400,3,0,0.7528898
,3401,0,2,1.0
,3401,1,0,0.75823754
,3401,2,0,0.7250329
,3401,3,0,0.7571067
,3402,0,1,0.95516753
,3402,1,1,0.5175596
,3402,2,2,1.0
,3402,3,1,0.5166365
,3403,0,2,1.0
,3403,1,0,0.69095725
,3403,2,0,0.7813329
,3403,3,0,0.75300187
,3404,0,1,0.9835601
,3404,1,2,1.0
,3404,2,1,0.5221942
,3404,3,1,0.5229476
,3405,0,2,1.0
,3405,1,0,0.7379561
,3405,2,0,0.7541886
,3405,3,0,0.75418
,3406,0,0,0.6842609
,3406,1,2,1.0
,3406,2,0,0.75794286
,3406,3,0,0.75794303
,3407,0,3,1.0
,3407,1,0,0.7345558
,3407,2,0,0.7539477
,3407,3,0,0.7539616
,3408,0,0,0.77866954
,3408,1,2,1.0
,3408,2,0,0.75606924
,3408,3,0,0.7572831
,3409,0,3,1.0
,3409,1,0,0.7785488
,3409,2,0,0.6473655
,3409,3,0,0.752265
,3410,0,0,0.8539468
,3410,1,0,0.7521391
,3410,2,3,1.0
,3410,3,0,0.70339054
,3411,0,0,0.75834745
,3411,1,0,0.75651056
,3411,2,0,0.8206602
,3411,3,2,1.0
,3412,0,0,0.7562223
,3412,1,0,0.69682014
,3412,2,2,1.0
,3412,3,0,0.7824125
,3413,0,1,0.5594581
,3413,1,2,1.0
,3413,2,1,0.8552246
,3413,3,0,0.50211823
,3414,0,2,1.0
,3414,1,0,0.7382082
,3414,2,0,0.75008655
,3414,3,0,0.75470525
,3415,0,0,0.78321666
,3415,1,2,1.0
,3415,2,0,0.7105418
,3415,3,0,0.758212
,3416,0,0,0.7584979
,3416,1,0,0.78318346
,3416,2,2,1.0
,3416,3,0,0.7582143
,3417,0,0,0.63645643
,3417,1,0,0.63691145
,3417,2,3,1.0
,3417,3,0,0.63645124
,3418,0,0,1.0
,3418,1,2,0.525171
,3418,2,0,1.0
,3418,3,0,1.0
,3419,0,0,0.55498517
,3419,1,1,0.5801632
,3419,2,2,1.0
,3419,3,0,0.55498517
,3420,0,0,0.5162076
,3420,1,3,1.0
,3420,2,1,0.7495158
,3420,3,0,0.51620764
,3421,0,0,0.75284487
,3421,1,0,0.8108439
,3421,2,2,1.0
,3421,3,0,0.75284487
,3422,0,0,0.50065523
,3422,1,2,1.0
,3422,2,1,0.88977474
,3422,3,0,0.5006548
,3423,0,1,0.52485996
,3423,1,1,0.95558643
,3423,2,2,1.0
,3423,3,1,0.5248782
,3424,0,0,0.7533105
,3424,1,2,1.0
,3424,2,0,0.7585501
,3424,3,0,0.7521242
,3425,0,1,0.5115026
,3425,1,1,0.861071
,3425,2,3,1.0
,3425,3,1,0.5723098
,3426,0,0,0.7534354
,3426,1,0,0.7488606
,3426,2,0,0.7784518
,3426,3,2,1.0
,3427,0,0,0.75349987
,3427,1,0,0.70519674
,3427,2,3,1.0
,3427,3,0,0.77915967
,3428,0,0,0.75640327
,3428,1,2,1.0
,3428,2,0,0.81083393
,3428,3,0,0.7566967
,3429,0,0,0.50093997
,3429,1,1,0.8894307
,3429,2,2,1.0
,3429,3,0,0.50094754
,3430,0,1,0.51006305
,3430,1,2,1.0
,3430,2,1,0.8910262
,3430,3,1,0.5100622
,3431,0,1,0.51060635
,3431,1,1,0.89138305
,3431,2,2,1.0
,3431,3,1,0.51058143
,3432,0,1,0.5261183
,3432,1,2,1.0
,3432,2,1,0.95559794
,3432,3,1,0.5251786
,3433,0,0,0.6918974
,3433,1,0,0.77935225
,3433,2,2,1.0
,3433,3,0,0.753144
,3434,0,2,1.0
,3434,1,1,0.62474376
,3434,2,1,0.8561951
,3434,3,1,0.50074553
,3435,0,0,0.6806779
,3435,1,3,1.0
,3435,2,0,0.7462363
,3435,3,0,0.75095135
,3436,0,3,1.0
,3436,1,0,0.8539473
,3436,2,0,0.70307946
,3436,3,0,0.75161517
,3437,0,0,0.81275064
,3437,1,0,0.758116
,3437,2,2,1.0
,3437,3,0,0.7569482
,3438,0,2,1.0
,3438,1,0,0.55621284
,3438,2,1,0.74549264
,3438,3,0,0.5562075
,3439,0,0,0.72516316
,3439,1,0,0.7529334
,3439,2,2,1.0
,3439,3,0,0.7543902
,3440,0,2,1.0
,3440,1,1,0.5767216
,3440,2,1,0.85775
,3440,3,1,0.5005744
,3441,0,1,0.8578032
,3441,1,2,1.0
,3441,2,1,0.64363664
,3441,3,1,0.510853
,3442,0,0,0.74668586
,3442,1,0,0.7351102
,3442,2,3,1.0
,3442,3,0,0.75142866
,3443,0,0,0.69435704
,3443,1,2,1.0
,3443,2,0,0.85323745
,3443,3,0,0.7558201
,3444,0,2,1.0
,3444,1,1,0.9551655
,3444,2,1,0.5141083
,3444,3,1,0.51668024
,3445,0,0,0.76086026
,3445,1,2,1.0
,3445,2,0,0.75336385
,3445,3,0,0.7533344
,3446,0,3,0.9999343
,3446,1,1,0.9564725
,3446,2,1,0.52116007
,3446,3,1,0.5211608
,3447,0,0,0.8206732
,3447,1,2,1.0
,3447,2,0,0.75306684
,3447,3,0,0.753067
,3448,0,2,1.0
,3448,1,0,0.7388926
,3448,2,0,0.75823003
,3448,3,0,0.75824344
,3449,0,0,0.759368
,3449,1,2,1.0
,3449,2,0,0.7562524
,3449,3,0,0.757426
,3450,0,3,1.0
,3450,1,1,0.8614221
,3450,2,1,0.57223046
,3450,3,1,0.51139337
,3451,0,0,0.853538
,3451,1,0,0.7003448
,3451,2,2,1.0
,3451,3,0,0.7530697
,3452,0,0,0.71182835
,3452,1,2,1.0
,3452,2,0,0.78319275
,3452,3,0,0.75816596
,3453,0,2,1.0
,3453,1,0,0.7388312
,3453,2,0,0.7585535
,3453,3,0,0.75827616
,3454,0,0,0.6842871
,3454,1,2,1.0
,3454,2,0,0.75743794
,3454,3,0,0.7579896
,3455,0,3,1.0
,3455,1,0,0.77944654
,3455,2,0,0.7056717
,3455,3,0,0.75388473
,3456,0,0,0.8308868
,3456,1,0,0.7568228
,3456,2,2,1.0
,3456,3,0,0.7565306
,3457,0,3,1.0
,3457,1,0,0.51808184
,3457,2,1,0.74987054
,3457,3,0,0.51807445
,3458,0,0,0.7784305
,3458,1,0,0.7537404
,3458,2,2,1.0
,3458,3,0,0.75374025
,3459,0,3,1.0
,3459,1,0,0.7535763
,3459,2,0,0.73423225
,3459,3,0,0.7535763
,3460,0,0,0.8108533
,3460,1,0,0.75645417
,3460,2,2,1.0
,3460,3,0,0.75645417
,3461,0,2,1.0
,3461,1,0,0.5026041
,3461,2,1,0.88253605
,3461,3,0,0.5026041
,3462,0,0,0.7584962
,3462,1,0,0.75370765
,3462,2,2,1.0
,3462,3,0,0.753708
,3463,0,3,1.0
,3463,1,1,0.5109913
,3463,2,1,0.8877081
,3463,3,1,0.5109734
,3464,0,0,0.81082785
,3464,1,0,0.751224
,3464,2,2,1.0
,3464,3,0,0.7523807
,3465,0,2,1.0
,3465,1,1,0.5594352
,3465,2,1,0.8551526
,3465,3,0,0.50076145
,3466,0,0,0.7826298
,3466,1,2,1.0
,3466,2,0,0.7500372
,3466,3,0,0.70660114
,3467,0,0,0.75850976
,3467,1,0,0.78320026
,3467,2,0,0.7105232
,3467,3,2,1.0
,3468,0,0,0.75827724
,3468,1,0,0.75855106
,3468,2,2,1.0
,3468,3,0,0.73885214
,3469,0,0,0.75828934
,3469,1,0,0.7577528
,3469,2,0,0.7388642
,3469,3,2,1.0
,3470,0,0,0.758254
,3470,1,0,0.71064377
,3470,2,2,1.0
,3470,3,0,0.7832122
,3471,0,0,0.7582722
,3471,1,2,1.0
,3471,2,0,0.7388476
,3471,3,0,0.7580159
,3472,0,0,0.75825375
,3472,1,0,0.78321207
,3472,2,2,1.0
,3472,3,0,0.710647
,3473,0,0,0.75827223
,3473,1,0,0.7580159
,3473,2,0,0.7388476
,3473,3,2,1.0
,3474,0,0,0.75825346
,3474,1,0,0.71064717
,3474,2,2,1.0
,3474,3,0,0.78321767
,3475,0,0,0.7582496
,3475,1,2,1.0
,3475,2,0,0.7388434
,3475,3,0,0.7585491
,3476,0,0,0.75590867
,3476,1,0,0.72584444
,3476,2,2,1.0
,3476,3,0,0.75736725
,3477,0,1,0.5773729
,3477,1,2,1.0
,3477,2,1,0.85723907
,3477,3,1,0.50068134
,3478,0,2,1.0
,3478,1,1,0.9443432
,3478,2,1,0.61067724
,3478,3,1,0.5264155
,3479,0,1,0.88423896
,3479,1,1,0.5199579
,3479,2,2,1.0
,3479,3,1,0.5091311
,3480,0,2,1.0
,3480,1,0,0.7533618
,3480,2,0,0.725058
,3480,3,0,0.75348556
,3481,0,1,0.8898281
,3481,1,0,0.50049263
,3481,2,2,1.0
,3481,3,0,0.5004958
,3482,0,2,1.0
,3482,1,1,0.5263297
,3482,2,1,0.9584926
,3482,3,1,0.52632964
,3483,0,1,0.9556188
,3483,1,1,0.5256686
,3483,2,2,1.0
,3483,3,1,0.52566856
,3484,0,2,1.0
,3484,1,0,0.7541584
,3484,2,0,0.73799115
,3484,3,0,0.75415826
,3485,0,0,0.72506154
,3485,1,0,0.75714916
,3485,2,2,1.0
,3485,3,0,0.75714916
,3486,0,2,1.0
,3486,1,1,0.5166269
,3486,2,1,0.9551613
,3486,3,1,0.51662666
,3487,0,0,0.7584363
,3487,1,0,0.7534054
,3487,2,2,1.0
,3487,3,0,0.75341994
,3488,0,3,1.0
,3488,1,1,0.51172227
,3488,2,1,0.8877204
,3488,3,1,0.51097727
,3489,0,0,0.8535394
,3489,1,0,0.7046388
,3489,2,2,1.0
,3489,3,0,0.7528967
,3490,0,0,0.7118134
,3490,1,2,1.0
,3490,2,0,0.78254735
,3490,3,0,0.75815403
,3491,0,2,1.0
,3491,1,0,0.78100896
,3491,2,0,0.69706905
,3491,3,0,0.75730044
,3492,0,1,0.8565751
,3492,1,1,0.57586974
,3492,2,2,1.0
,3492,3,1,0.5004811
,3493,0,1,0.5516232
,3493,1,2,1.0
,3493,2,1,0.8573419
,3493,3,1,0.50971574
,3494,0,3,1.0
,3494,1,1,0.9114038
,3494,2,1,0.5277069
,3494,3,1,0.5178381
,3495,0,0,0.8534532
,3495,1,3,1.0
,3495,2,0,0.7013833
,3495,3,0,0.7501728
,3496,0,0,0.6957258
,3496,1,0,0.8532282
,3496,2,2,1.0
,3496,3,0,0.7557747
,3497,0,2,1.0
,3497,1,1,0.5148351
,3497,2,1,0.955169
,3497,3,1,0.5166694
,3498,0,0,0.7824429
,3498,1,0,0.70615834
,3498,2,2,1.0
,3498,3,0,0.7542221
,3499,0,0,0.7585365
,3499,1,2,1.0
,3499,2,0,0.7388404
,3499,3,0,0.7582162
,3500,0,0,0.75739187
,3500,1,0,0.7259121
,3500,2,2,1.0
,3500,3,0,0.75735784
,3501,0,0,0.5006097
,3501,1,2,1.0
,3501,2,1,0.88983965
,3501,3,1,0.5009932
,3502,0,1,0.5251775
,3502,1,1,0.94441265
,3502,2,2,1.0
,3502,3,1,0.5856043
,3503,0,0,0.75328296
,3503,1,0,0.641899
,3503,2,0,0.78220654
,3503,3,2,1.0
,3504,0,0,0.70585334
,3504,1,3,1.0
,3504,2,0,0.75436646
,3504,3,0,0.77962655
,3505,0,2,1.0
,3505,1,0,0.82065964
,3505,2,0,0.756548
,3505,3,0,0.7575257
,3506,0,0,0.78018075
,3506,1,2,1.0
,3506,2,0,0.696705
,3506,3,0,0.7573338
,3507,0,1,0.6249121
,3507,1,1,0.8565569
,3507,2,2,1.0
,3507,3,1,0.5006267
,3508,0,3,1.0
,3508,1,0,0.69828916
,3508,2,0,0.7794015
,3508,3,0,0.751421
,3509,0,0,0.8539004
,3509,1,2,1.0
,3509,2,0,0.7094985
,3509,3,0,0.7569306
,3510,0,0,0.7590438
,3510,1,0,0.68423784
,3510,2,2,1.0
,3510,3,0,0.75795025
,3511,0,0,0.75326014
,3511,1,3,1.0
,3511,2,0,0.7345208
,3511,3,0,0.7539473
,3512,0,0,0.69531703
,3512,1,0,0.8525983
,3512,2,2,1.0
,3512,3,0,0.75605553
,3513,0,2,1.0
,3513,1,1,0.55700094
,3513,2,1,0.8552179
,3513,3,0,0.50145316
,3514,0,0,0.73820925
,3514,1,2,1.0
,3514,2,0,0.7500878
,3514,3,0,0.7546989
,3515,0,2,1.0
,3515,1,0,0.7832166
,3515,2,0,0.710545
,3515,3,0,0.7582118
,3516,0,0,0.7388525
,3516,1,0,0.75855744
,3516,2,2,1.0
,3516,3,0,0.7582739
,3517,0,2,1.0
,3517,1,0,0.7582867
,3517,2,0,0.73886085
,3517,3,0,0.75828373
,3518,0,0,0.7259372
,3518,1,0,0.75740445
,3518,2,2,1.0
,3518,3,0,0.7574222
,3519,0,2,1.0
,3519,1,0,0.5015326
,3519,2,1,0.8826076
,3519,3,0,0.5024721
,3520,0,0,0.78164726
,3520,1,0,0.6925195
,3520,2,2,1.0
,3520,3,0,0.75356716
,3521,0,0,0.50182354
,3521,1,2,1.0
,3521,2,1,0.87129146
,3521,3,0,0.50110024
,3522,0,1,0.5149833
,3522,1,1,0.88674957
,3522,2,3,1.0
,3522,3,1,0.5150022
,3523,0,0,0.75323033
,3523,1,2,1.0
,3523,2,0,0.77843195
,3523,3,0,0.7532301
,3524,0,0,0.75357854
,3524,1,0,0.73423606
,3524,2,3,1.0
,3524,3,0,0.75357854
,3525,0,0,0.75725716
,3525,1,2,1.0
,3525,2,0,0.82066375
,3525,3,0,0.75725716
,3526,0,0,0.7579823
,3526,1,0,0.72840047
,3526,2,2,1.0
,3526,3,0,0.7579823
,3527,0,0,0.55505604
,3527,1,2,1.0
,3527,2,1,0.7928481
,3527,3,0,0.55505604
,3528,0,0,0.75278795
,3528,1,0,0.73570573
,3528,2,3,1.0
,3528,3,0,0.75278795
,3529,0,0,0.7572477
,3529,1,2,1.0
,3529,2,0,0.82066256
,3529,3,0,0.7572479
,3530,0,0,0.7574178
,3530,1,0,0.72596204
,3530,2,2,1.0
,3530,3,0,0.757435
,3531,0,0,0.5015753
,3531,1,2,1.0
,3531,2,1,0.8826057
,3531,3,0,0.50248283
,3532,0,0,0.6951762
,3532,1,0,0.7821727
,3532,2,2,1.0
,3532,3,0,0.7541579
,3533,0,2,1.0
,3533,1,0,0.5552364
,3533,2,1,0.7455691
,3533,3,0,0.55550325
,3534,0,0,0.78181744
,3534,1,0,0.69342554
,3534,2,2,1.0
,3534,3,0,0.7543713
,3535,0,0,0.5030413
,3535,1,2,1.0
,3535,2,1,0.88262796
,3535,3,0,0.50233436
,3536,0,0,0.753637
,3536,1,0,0.725063
,3536,2,2,1.0
,3536,3,0,0.75362897
,3537,0,0,0.5007408
,3537,1,2,1.0
,3537,2,1,0.8894833
,3537,3,0,0.50074065
,3538,0,1,0.50931114
,3538,1,1,0.8899512
,3538,2,2,1.0
,3538,3,1,0.5093112
,3539,0,0,0.5379487
,3539,1,2,1.0
,3539,2,1,0.74684525
,3539,3,0,0.53794867
,3540,0,0,0.7542137
,3540,1,0,0.7252377
,3540,2,2,1.0
,3540,3,0,0.7542137
,3541,0,0,0.50240815
,3541,1,2,1.0
,3541,2,1,0.8826
,3541,3,0,0.50240856
,3542,0,0,0.75419587
,3542,1,0,0.727572
,3542,2,2,1.0
,3542,3,0,0.75422436
,3543,0,0,0.55403674
,3543,1,2,1.0
,3543,2,1,0.7455719
,3543,3,0,0.55564904
,3544,0,0,0.6489967
,3544,1,0,0.78228134
,3544,2,2,1.0
,3544,3,0,0.7548578
,3545,0,3,1.0
,3545,1,0,0.7541214
,3545,2,0,0.7347175
,3545,3,0,0.7540915
,3546,0,0,0.8532762
,3546,1,0,0.73106927
,3546,2,2,1.0
,3546,3,0,0.7561806
,3547,0,1,0.50884277
,3547,1,3,1.0
,3547,2,1,0.88762265
,3547,3,1,0.51064205
,3548,0,0,0.70465523
,3548,1,0,0.8539048
,3548,2,2,1.0
,3548,3,0,0.75290287
,3549,0,2,1.0
,3549,1,0,0.75849175
,3549,2,0,0.68425256
,3549,3,0,0.7578975
,3550,0,0,0.7794528
,3550,1,0,0.70569485
,3550,2,3,1.0
,3550,3,0,0.7538906
,3551,0,0,0.757563
,3551,1,2,1.0
,3551,2,0,0.7784197
,3551,3,0,0.75727147
,3552,0,0,0.75363296
,3552,1,0,0.73423994
,3552,2,3,1.0
,3552,3,0,0.7536297
,3553,0,0,0.7572599
,3553,1,2,1.0
,3553,2,0,0.8206684
,3553,3,0,0.7572599
,3554,0,0,0.7583039
,3554,1,0,0.73889244
,3554,2,2,1.0
,3554,3,0,0.7583039
,3555,0,0,0.75829196
,3555,1,2,1.0
,3555,2,0,0.73886913
,3555,3,0,0.7582921
,3556,0,0,0.75828403
,3556,1,0,0.73886883
,3556,2,2,1.0
,3556,3,0,0.7582918
,3557,0,0,0.7575946
,3557,1,2,1.0
,3557,2,0,0.7388545
,3557,3,0,0.75828093
,3558,0,0,0.6968618
,3558,1,0,0.7824011
,3558,2,2,1.0
,3558,3,0,0.75737023
,3559,0,2,1.0
,3559,1,0,0.50267977
,3559,2,1,0.8826158
,3559,3,0,0.5024236
,3560,0,0,0.7817449
,3560,1,0,0.7284184
,3560,2,2,1.0
,3560,3,0,0.75369257
,3561,0,1,0.5099764
,3561,1,3,1.0
,3561,2,1,0.8876104
,3561,3,1,0.51071155
,3562,0,0,0.752418
,3562,1,0,0.8108348
,3562,2,2,1.0
,3562,3,0,0.7524096
,3563,0,0,0.5017253
,3563,1,2,1.0
,3563,2,1,0.9077833
,3563,3,0,0.5017251
,3564,0,0,0.7524155
,3564,1,0,0.73593926
,3564,2,3,1.0
,3564,3,0,0.75241566
,3565,0,0,0.7572699
,3565,1,2,1.0
,3565,2,0,0.77861565
,3565,3,0,0.75728434
,3566,0,0,0.7517755
,3566,1,0,0.6799911
,3566,2,3,1.0
,3566,3,0,0.7530234
,3567,0,0,0.6448516
,3567,1,3,1.0
,3567,2,0,0.8536043
,3567,3,0,0.75078183
,3568,0,3,1.0
,3568,1,0,0.85357845
,3568,2,0,0.70470196
,3568,3,0,0.75182
,3569,0,0,0.85389835
,3569,1,0,0.7104595
,3569,2,2,1.0
,3569,3,0,0.75692326
,3570,0,0,0.7593536
,3570,1,2,1.0
,3570,2,0,0.73882383
,3570,3,0,0.7582542
,3571,0,0,0.7579977
,3571,1,0,0.6842655
,3571,2,2,1.0
,3571,3,0,0.75799155
,3572,0,0,0.7534079
,3572,1,3,1.0
,3572,2,0,0.7345339
,3572,3,0,0.753958
,3573,0,0,0.7092114
,3573,1,0,0.85353065
,3573,2,2,1.0
,3573,3,0,0.75697964
,3574,0,2,1.0
,3574,1,0,0.71182895
,3574,2,0,0.7826955
,3574,3,0,0.7582139
,3575,0,0,0.782096
,3575,1,2,1.0
,3575,2,0,0.710907
,3575,3,0,0.7582344
,3576,0,0,0.6530954
,3576,1,0,0.7823772
,3576,2,2,1.0
,3576,3,0,0.7578723
,3577,0,3,1.0
,3577,1,0,0.7061908
,3577,2,0,0.7795894
,3577,3,0,0.7540549
,3578,0,0,0.82066643
,3578,1,2,1.0
,3578,2,0,0.7569935
,3578,3,0,0.75722986
,3579,0,2,1.0
,3579,1,0,0.7832357
,3579,2,0,0.7106238
,3579,3,0,0.757072
,3580,0,0,0.7817645
,3580,1,0,0.7581575
,3580,2,2,1.0
,3580,3,0,0.65302026
,3581,0,0,0.64819103
,3581,1,0,0.7533795
,3581,2,0,0.7790112
,3581,3,3,1.0
,3582,0,3,1.0
,3582,1,0,0.75236255
,3582,2,0,0.75266963
,3582,3,0,0.8206725
,3583,0,0,0.8538622
,3583,1,0,0.7567181
,3583,2,0,0.7572505
,3583,3,2,1.0
,3584,0,0,0.76215696
,3584,1,0,0.71511596
,3584,2,0,0.7622583
,3584,3,2,1.0
,3585,0,0,0.65283656
,3585,1,2,1.0
,3585,2,0,0.75737745
,3585,3,0,0.78290296
,3586,0,3,1.0
,3586,1,0,0.77893466
,3586,2,0,0.705828
,3586,3,0,0.7543337
,3587,0,0,0.85175025
,3587,1,0,0.69551975
,3587,2,2,1.0
,3587,3,0,0.75600946
,3588,0,1,0.6231722
,3588,1,2,1.0
,3588,2,1,0.8565504
,3588,3,1,0.5006465
,3589,0,3,1.0
,3589,1,0,0.77924025
,3589,2,0,0.69827014
,3589,3,0,0.7514032
,3590,0,0,0.85243154
,3590,1,0,0.6947369
,3590,2,2,1.0
,3590,3,0,0.75578856
,3591,0,1,0.5751307
,3591,1,2,1.0
,3591,2,1,0.94377023
,3591,3,1,0.51707083
,3592,0,2,1.0
,3592,1,0,0.7815414
,3592,2,0,0.6858408
,3592,3,0,0.7520447
,3593,0,1,0.943918
,3593,1,1,0.5163728
,3593,2,2,1.0
,3593,3,1,0.57775563
,3594,0,0,0.64189416
,3594,1,0,0.753945
,3594,2,0,0.78221434
,3594,3,2,1.0
,3595,0,3,1.0
,3595,1,0,0.7534016
,3595,2,0,0.75442976
,3595,3,0,0.7347175
,3596,0,0,0.8525986
,3596,1,0,0.69531995
,3596,2,0,0.7560617
,3596,3,2,1.0
,3597,0,1,0.5569796
,3597,1,2,1.0
,3597,2,0,0.50145346
,3597,3,1,0.8552138
,3598,0,2,1.0
,3598,1,0,0.782841
,3598,2,0,0.7549008
,3598,3,0,0.75084627
,3599,0,2,1.0
,3599,1,0,0.7629716
,3599,2,0,0.7626804
,3599,3,0,0.7626356
,3600,0,2,1.0
,3600,1,0,0.6773232
,3600,2,0,0.67857116
,3600,3,0,0.6785704
,3601,0,2,1.0
,3601,1,0,0.5830707
,3601,2,0,0.65510184
,3601,3,0,0.6551018
,3602,0,1,0.8831465
,3602,1,2,1.0
,3602,2,1,0.501573
,3602,3,1,0.501573
,3603,0,2,1.0
,3603,1,0,0.7380645
,3603,2,0,0.7545116
,3603,3,0,0.7545115
,3604,0,0,0.7388671
,3604,1,2,1.0
,3604,2,0,0.758247
,3604,3,0,0.758247
,3605,0,2,1.0
,3605,1,0,0.7388478
,3605,2,0,0.7582937
,3605,3,0,0.75829357
,3606,0,0,0.68426377
,3606,1,2,1.0
,3606,2,0,0.75799185
,3606,3,0,0.7579919
,3607,0,3,1.0
,3607,1,0,0.734552
,3607,2,0,0.75393635
,3607,3,0,0.7539526
,3608,0,0,0.8107913
,3608,1,2,1.0
,3608,2,0,0.75500697
,3608,3,0,0.7564186
,3609,0,2,1.0
,3609,1,1,0.85645175
,3609,2,1,0.5737981
,3609,3,0,0.5003985
,3610,0,1,0.6981305
,3610,1,1,0.5337567
,3610,2,2,1.0
,3610,3,0,0.53595835
,3611,0,0,0.75044924
,3611,1,2,1.0
,3611,2,0,0.75882864
,3611,3,0,0.7543098
,3612,0,1,0.5723606
,3612,1,1,0.8610737
,3612,2,3,1.0
,3612,3,1,0.51149076
,3613,0,2,1.0
,3613,1,0,0.7483631
,3613,2,0,0.8361267
,3613,3,0,0.75238186
,3614,0,1,0.88785887
,3614,1,1,0.5115239
,3614,2,3,1.0
,3614,3,1,0.5114185
,3615,0,2,1.0
,3615,1,0,0.75216335
,3615,2,0,0.8101812
,3615,3,0,0.75216466
,3616,0,1,0.95045733
,3616,1,1,0.5179304
,3616,2,2,1.0
,3616,3,1,0.5179303
,3617,0,3,1.0
,3617,1,1,0.5151076
,3617,2,1,0.8866032
,3617,3,1,0.5151076
,3618,0,0,0.8206722
,3618,1,0,0.753195
,3618,2,2,1.0
,3618,3,0,0.753195
,3619,0,2,1.0
,3619,1,0,0.7573638
,3619,2,0,0.7259592
,3619,3,0,0.7573638
,3620,0,1,0.87125415
,3620,1,0,0.50128603
,3620,2,2,1.0
,3620,3,0,0.50128603
,3621,0,3,1.0
,3621,1,1,0.5150127
,3621,2,1,0.88675326
,3621,3,1,0.5150127
,3622,0,0,0.8361281
,3622,1,0,0.75217056
,3622,2,2,1.0
,3622,3,0,0.7521706
,3623,0,3,1.0
,3623,1,1,0.5114084
,3623,2,1,0.88785654
,3623,3,1,0.5114084
,3624,0,0,0.82067233
,3624,1,0,0.7532275
,3624,2,2,1.0
,3624,3,0,0.7532275
,3625,0,2,1.0
,3625,1,0,0.75736415
,3625,2,0,0.7259592
,3625,3,0,0.75736415
,3626,0,1,0.87125427
,3626,1,0,0.5012861
,3626,2,2,1.0
,3626,3,0,0.5012861
,3627,0,3,1.0
,3627,1,1,0.5150101
,3627,2,1,0.88675183
,3627,3,1,0.5150101
,3628,0,0,0.81086284
,3628,1,0,0.75237817
,3628,2,2,1.0
,3628,3,0,0.75237817
,3629,0,2,1.0
,3629,1,0,0.5024828
,3629,2,1,0.8825508
,3629,3,0,0.50248295
,3630,0,0,0.7250897
,3630,1,0,0.7536462
,3630,2,2,1.0
,3630,3,0,0.7536603
,3631,0,2,1.0
,3631,1,0,0.5016382
,3631,2,1,0.88260525
,3631,3,0,0.5023775
,3632,0,0,0.7825003
,3632,1,0,0.7064397
,3632,2,2,1.0
,3632,3,0,0.754507
,3633,0,0,0.75823295
,3633,1,2,1.0
,3633,2,0,0.7283982
,3633,3,0,0.7579152
,3634,0,0,0.5559213
,3634,1,1,0.74552083
,3634,2,2,1.0
,3634,3,0,0.55591387
,3635,0,0,0.75533646
,3635,1,2,1.0
,3635,2,0,0.73822904
,3635,3,0,0.75533646
,3636,0,0,0.75825065
,3636,1,0,0.73886734
,3636,2,2,1.0
,3636,3,0,0.7582568
,3637,0,0,0.75774944
,3637,1,2,1.0
,3637,2,0,0.73886436
,3637,3,0,0.7582893
,3638,0,0,0.7106437
,3638,1,0,0.7832122
,3638,2,2,1.0
,3638,3,0,0.758254
,3639,0,2,1.0
,3639,1,0,0.75801575
,3639,2,0,0.73884743
,3639,3,0,0.7582722
,3640,0,0,0.782572
,3640,1,0,0.7106315
,3640,2,2,1.0
,3640,3,0,0.7582433
,3641,0,0,0.6971139
,3641,1,2,1.0
,3641,2,0,0.7813072
,3641,3,0,0.75733566
,3642,0,2,1.0
,3642,1,1,0.8552199
,3642,2,1,0.5588204
,3642,3,0,0.50147295
,3643,0,0,0.73821384
,3643,1,0,0.75064105
,3643,2,2,1.0
,3643,3,0,0.754701
,3644,0,2,1.0
,3644,1,0,0.7581974
,3644,2,0,0.7388663
,3644,3,0,0.75824344
,3645,0,0,0.75204134
,3645,1,0,0.75770897
,3645,2,2,1.0
,3645,3,0,0.7577095
,3646,0,3,1.0
,3646,1,0,0.51925373
,3646,2,1,0.74974275
,3646,3,0,0.5192538
,3647,0,0,0.8101812
,3647,1,0,0.7526855
,3647,2,2,1.0
,3647,3,0,0.75268596
,3648,0,2,1.0
,3648,1,1,0.5167235
,3648,2,1,0.95515263
,3648,3,1,0.5167011
,3649,0,0,0.7249238
,3649,1,0,0.7518551
,3649,2,2,1.0
,3649,3,0,0.75331485
,3650,0,2,1.0
,3650,1,1,0.57658213
,3650,2,1,0.8561345
,3650,3,1,0.5005155
,3651,0,1,0.90901566
,3651,1,2,1.0
,3651,2,1,0.5187995
,3651,3,1,0.50883347
,3652,0,3,1.0
,3652,1,0,0.78066295
,3652,2,0,0.7036822
,3652,3,0,0.7522129
,3653,0,0,0.8308875
,3653,1,0,0.75684005
,3653,2,2,1.0
,3653,3,0,0.7565148
,3654,0,3,1.0
,3654,1,0,0.51806456
,3654,2,1,0.7498768
,3654,3,0,0.51805645
,3655,0,0,0.83612704
,3655,1,0,0.75268364
,3655,2,2,1.0
,3655,3,0,0.7526839
,3656,0,3,1.0
,3656,1,1,0.5114266
,3656,2,1,0.88786054
,3656,3,1,0.5114082
,3657,0,0,0.836219
,3657,1,0,0.7509971
,3657,2,2,1.0
,3657,3,0,0.7521876
,3658,0,3,1.0
,3658,1,1,0.57272226
,3658,2,1,0.86124265
,3658,3,1,0.51192576
,3659,0,0,0.8206786
,3659,1,2,1.0
,3659,2,0,0.74939173
,3659,3,0,0.75339514
,3660,0,2,1.0
,3660,1,0,0.75927204
,3660,2,0,0.75734097
,3660,3,0,0.7574048
,3661,0,1,0.88772696
,3661,1,3,1.0
,3661,2,1,0.5118329
,3661,3,1,0.51088375
,3662,0,2,1.0
,3662,1,0,0.85238945
,3662,2,0,0.6905395
,3662,3,0,0.75189704
,3663,0,1,0.8569329
,3663,1,1,0.57413393
,3663,2,2,1.0
,3663,3,1,0.50062454
,3664,0,1,0.5788215
,3664,1,2,1.0
,3664,2,1,0.856991
,3664,3,1,0.50904244
,3665,0,2,1.0
,3665,1,0,0.7251332
,3665,2,0,0.74816674
,3665,3,0,0.75361323
,3666,0,1,0.85611564
,3666,1,2,1.0
,3666,2,1,0.5766274
,3666,3,1,0.50050735
,3667,0,1,0.517385
,3667,1,1,0.8841324
,3667,2,2,1.0
,3667,3,1,0.5089146
,3668,0,0,0.75426555
,3668,1,2,1.0
,3668,2,0,0.7824736
,3668,3,0,0.70629466
,3669,0,0,0.75710624
,3669,1,0,0.72501856
,3669,2,0,0.75626415
,3669,3,2,1.0
,3670,0,1,0.51772964
,3670,1,2,1.0
,3670,2,1,0.5775792
,3670,3,1,0.9435608
,3671,0,0,0.7063206
,3671,1,0,0.7820947
,3671,2,2,1.0
,3671,3,0,0.7495408
,3672,0,2,1.0
,3672,1,0,0.7109309
,3672,2,0,0.783195
,3672,3,0,0.7581351
,3673,0,0,0.73884755
,3673,1,2,1.0
,3673,2,0,0.7580159
,3673,3,0,0.758271
,3674,0,2,1.0
,3674,1,0,0.78271604
,3674,2,0,0.7106421
,3674,3,0,0.7582517
,3675,0,0,0.78254807
,3675,1,0,0.7109269
,3675,2,2,1.0
,3675,3,0,0.75822365
,3676,0,0,0.6962029
,3676,1,2,1.0
,3676,2,0,0.78076833
,3676,3,0,0.75708455
,3677,0,2,1.0
,3677,1,1,0.9444016
,3677,2,1,0.59445536
,3677,3,1,0.51874816
,3678,0,1,0.97951573
,3678,1,1,0.61895883
,3678,2,2,1.0
,3678,3,1,0.5323858
,3679,0,1,0.6195912
,3679,1,2,1.0
,3679,2,1,0.9793482
,3679,3,1,0.5341943
,3680,0,2,1.0
,3680,1,1,0.94407576
,3680,2,1,0.5386188
,3680,3,1,0.5864331
,3681,0,0,0.78259015
,3681,1,0,0.7489751
,3681,2,0,0.70604664
,3681,3,2,1.0
,3682,0,0,0.75850296
,3682,1,0,0.71050936
,3682,2,2,1.0
,3682,3,0,0.7832
,3683,0,0,0.75773513
,3683,1,2,1.0
,3683,2,0,0.73884743
,3683,3,0,0.758555
,3684,0,0,0.71063864
,3684,1,0,0.78271604
,3684,2,2,1.0
,3684,3,0,0.75825506
,3685,0,2,1.0
,3685,1,0,0.7109374
,3685,2,0,0.7827017
,3685,3,0,0.7582351
,3686,0,0,0.7825578
,3686,1,2,1.0
,3686,2,0,0.7109268
,3686,3,0,0.7582265
,3687,0,0,0.6971138
,3687,1,0,0.78130734
,3687,2,2,1.0
,3687,3,0,0.7573355
,3688,0,2,1.0
,3688,1,1,0.55882084
,3688,2,1,0.85522157
,3688,3,0,0.5014696
,3689,0,0,0.7382061
,3689,1,2,1.0
,3689,2,0,0.75042677
,3689,3,0,0.7544892
,3690,0,2,1.0
,3690,1,0,0.7661471
,3690,2,0,0.73977584
,3690,3,0,0.73982406
