iter,t,j,argmax_state,max_prob
,0,0,3,0.5216402
,0,1,0,1.0
,0,2,0,1.0
,0,3,0,1.0
,1,0,0,0.9182238
,1,1,2,1.0
,1,2,0,0.6456435
,1,3,0,0.83471006
,2,0,0,0.64387035
,2,1,0,0.8951151
,2,2,0,0.82701725
,2,3,2,1.0
,3,0,0,0.82696646
,3,1,0,0.6428299
,3,2,2,1.0
,3,3,0,0.8950266
,4,0,2,1.0
,4,1,0,0.8218012
,4,2,0,0.89847267
,4,3,0,0.6358102
,5,0,0,0.8975778
,5,1,3,1.0
,5,2,0,0.83204234
,5,3,0,0.6232496
,6,0,0,0.83302575
,6,1,0,0.9417566
,6,2,2,1.0
,6,3,0,0.62429976
,7,0,2,1.0
,7,1,0,0.8341424
,7,2,0,0.89500934
,7,3,0,0.624812
,8,0,0,0.96075374
,8,1,2,1.0
,8,2,0,0.6349967
,8,3,0,0.6322708
,9,0,2,1.0
,9,1,0,0.8951061
,9,2,0,0.6255027
,9,3,0,0.82679987
,10,0,0,0.9607535
,10,1,0,0.63499135
,10,2,0,0.63229704
,10,3,2,1.0
,11,0,2,1.0
,11,1,0,0.6252777
,11,2,0,0.82679486
,11,3,0,0.8951317
,12,0,0,0.9607182
,12,1,0,0.62650555
,12,2,2,1.0
,12,3,0,0.6365265
,13,0,2,1.0
,13,1,0,0.6777163
,13,2,0,0.95581895
,13,3,0,0.66315913
,14,0,1,0.56022775
,14,1,0,0.75007707
,14,2,3,1.0
,14,3,0,0.5186799
,15,0,0,0.7237811
,15,1,2,1.0
,15,2,0,0.9487122
,15,3,0,0.65492326
,16,0,2,1.0
,16,1,0,0.5468149
,16,2,0,0.6051828
,16,3,0,0.5688726
,17,0,1,0.56956506
,17,1,2,1.0
,17,2,0,0.74251366
,17,3,0,0.5135091
,18,0,0,0.6140567
,18,1,0,0.8972377
,18,2,2,1.0
,18,3,0,0.8220331
,19,0,0,0.6243543
,19,1,0,0.8330297
,19,2,0,0.89498967
,19,3,2,1.0
,20,0,0,0.6322513
,20,1,2,1.0
,20,2,0,0.634979
,20,3,0,0.9607541
,21,0,0,0.82686424
,21,1,0,0.89825225
,21,2,0,0.62516844
,21,3,2,1.0
,22,0,2,1.0
,22,1,0,0.83309436
,22,2,0,0.6245637
,22,3,0,0.8950199
,23,0,0,0.9607346
,23,1,2,1.0
,23,2,0,0.6243578
,23,3,0,0.63500637
,24,0,2,1.0
,24,1,0,0.96077174
,24,2,0,0.6245957
,24,3,0,0.62501365
,25,0,0,0.9607638
,25,1,2,1.0
,25,2,0,0.62466824
,25,3,0,0.6246722
,26,0,2,1.0
,26,1,0,0.9593691
,26,2,0,0.62562096
,26,3,0,0.6253053
,27,0,0,0.9604881
,27,1,3,1.0
,27,2,0,0.6307659
,27,3,0,0.6228101
,28,0,2,1.0
,28,1,0,0.93995154
,28,2,0,0.82661194
,28,3,0,0.62461674
,29,0,0,0.95933276
,29,1,0,0.64531875
,29,2,2,1.0
,29,3,0,0.6249732
,30,0,3,1.0
,30,1,0,0.82593626
,30,2,0,0.897659
,30,3,0,0.623049
,31,0,0,0.94175684
,31,1,2,1.0
,31,2,0,0.833031
,31,3,0,0.624277
,32,0,0,0.8342054
,32,1,0,0.89815813
,32,2,2,1.0
,32,3,0,0.62447757
,33,0,2,1.0
,33,1,0,0.8330981
,33,2,0,0.89514375
,33,3,0,0.62453336
,34,0,0,0.96075314
,34,1,2,1.0
,34,2,0,0.6428234
,34,3,0,0.62433743
,35,0,2,1.0
,35,1,0,0.8951268
,35,2,0,0.8270072
,35,3,0,0.62482435
,36,0,0,0.959329
,36,1,0,0.6357029
,36,2,2,1.0
,36,3,0,0.6250767
,37,0,3,1.0
,37,1,0,0.62323797
,37,2,0,0.96045303
,37,3,0,0.6231261
,38,0,0,0.9782117
,38,1,0,0.6243169
,38,2,2,1.0
,38,3,0,0.6322231
,39,0,2,1.0
,39,1,0,0.62511075
,39,2,0,0.8951158
,39,3,0,0.82681644
,40,0,0,0.9607536
,40,1,0,0.63228273
,40,2,0,0.6349895
,40,3,2,1.0
,41,0,2,1.0
,41,1,0,0.8267929
,41,2,0,0.62519705
,41,3,0,0.8951086
,42,0,0,0.9607251
,42,1,2,1.0
,42,2,0,0.62443644
,42,3,0,0.635056
,43,0,2,1.0
,43,1,0,0.9593676
,43,2,0,0.62551135
,43,3,0,0.625745
,44,0,0,0.96047455
,44,1,3,1.0
,44,2,0,0.62840825
,44,3,0,0.62380636
,45,0,2,1.0
,45,1,0,0.94568014
,45,2,0,0.7661981
,45,3,0,0.64898264
,46,0,0,0.80705166
,46,1,0,0.58618575
,46,2,2,1.0
,46,3,0,0.5600663
,47,0,3,1.0
,47,1,0,0.81725264
,47,2,0,0.8937199
,47,3,0,0.61816466
,48,0,0,0.97819036
,48,1,3,1.0
,48,2,0,0.63397384
,48,3,0,0.62294614
,49,0,2,1.0
,49,1,0,0.9641123
,49,2,0,0.6574639
,49,3,0,0.6575698
,50,0,0,0.693099
,50,1,2,1.0
,50,2,0,0.53596354
,50,3,0,0.54455066
,51,0,3,1.0
,51,1,0,0.8965308
,51,2,0,0.6162295
,51,3,0,0.8154913
,52,0,0,0.9398922
,52,1,0,0.8316708
,52,2,0,0.6299071
,52,3,3,1.0
,53,0,0,0.6368161
,53,1,2,1.0
,53,2,0,0.8263948
,53,3,0,0.9399549
,54,0,0,0.6255045
,54,1,0,0.95933074
,54,2,2,1.0
,54,3,0,0.64530724
,55,0,0,0.62463236
,55,1,3,1.0
,55,2,0,0.8950488
,55,3,0,0.82588387
,56,0,0,0.6633752
,56,1,0,0.96392125
,56,2,0,0.669772
,56,3,2,1.0
,57,0,0,0.63695735
,57,1,2,1.0
,57,2,0,0.574948
,57,3,1,0.5084066
,58,0,2,1.0
,58,1,0,0.6815302
,58,2,0,0.51026976
,58,3,0,0.5073016
,59,0,0,0.90965664
,59,1,2,1.0
,59,2,0,0.65399134
,59,3,0,0.72665495
,60,0,0,0.6464833
,60,1,0,0.5031347
,60,2,0,0.56837463
,60,3,2,1.0
,61,0,2,1.0
,61,1,0,0.7337927
,61,2,0,0.50902647
,61,3,1,0.5660091
,62,0,0,0.9597477
,62,1,3,1.0
,62,2,0,0.62114125
,62,3,0,0.6100028
,63,0,2,1.0
,63,1,0,0.93993866
,63,2,0,0.8263459
,63,3,0,0.6239582
,64,0,0,0.9607409
,64,1,0,0.64436954
,64,2,2,1.0
,64,3,0,0.62432885
,65,0,2,1.0
,65,1,0,0.8219739
,65,2,0,0.89550924
,65,3,0,0.6254573
,66,0,0,0.9604539
,66,1,3,1.0
,66,2,0,0.6412379
,66,3,0,0.62259305
,67,0,2,1.0
,67,1,0,0.93986547
,67,2,0,0.8268936
,67,3,0,0.6245719
,68,0,0,0.9607235
,68,1,0,0.63680243
,68,2,2,1.0
,68,3,0,0.6246903
,69,0,2,1.0
,69,1,0,0.6260328
,69,2,0,0.9593744
,69,3,0,0.63327557
,70,0,0,0.8946141
,70,1,0,0.63107634
,70,2,3,1.0
,70,3,0,0.82567024
,71,0,0,0.642847
,71,1,0,0.82657117
,71,2,0,0.9399337
,71,3,2,1.0
,72,0,0,0.8269581
,72,1,2,1.0
,72,2,0,0.64473724
,72,3,0,0.89502734
,73,0,2,1.0
,73,1,0,0.8956403
,73,2,0,0.82684964
,73,3,0,0.63671255
,74,0,0,0.95576495
,74,1,0,0.6726318
,74,2,2,1.0
,74,3,0,0.6628892
,75,0,3,1.0
,75,1,0,0.5179849
,75,2,0,0.68208724
,75,3,0,0.5172811
,76,0,0,0.97741497
,76,1,0,0.6167778
,76,2,2,1.0
,76,3,0,0.6167502
,77,0,3,1.0
,77,1,0,0.6223837
,77,2,0,0.9604253
,77,3,0,0.6224066
,78,0,0,0.9781788
,78,1,0,0.625965
,78,2,2,1.0
,78,3,0,0.6265737
,79,0,2,1.0
,79,1,0,0.6652696
,79,2,0,0.91061044
,79,3,0,0.68074036
,80,0,2,1.0
,80,1,0,0.510359
,80,2,0,0.52864456
,80,3,0,0.7432869
,81,0,0,0.9552294
,81,1,0,0.6550539
,81,2,0,0.6557502
,81,3,2,1.0
,82,0,3,1.0
,82,1,0,0.5179935
,82,2,0,0.5178905
,82,3,0,0.6824548
,83,0,0,0.96381164
,83,1,0,0.6560733
,83,2,0,0.65247345
,83,3,2,1.0
,84,0,2,1.0
,84,1,0,0.6346377
,84,2,0,0.5763717
,84,3,1,0.5046522
,85,0,0,0.53202176
,85,1,2,1.0
,85,2,0,0.5498352
,85,3,0,0.5612727
,86,0,2,0.99999857
,86,1,1,0.5711516
,86,2,0,0.50192297
,86,3,0,0.7381327
,87,0,0,0.9603191
,87,1,0,0.6136372
,87,2,0,0.6244806
,87,3,2,1.0
,88,0,2,1.0
,88,1,0,0.626611
,88,2,0,0.82655203
,88,3,0,0.8957613
,89,0,0,0.95528674
,89,1,0,0.68287873
,89,2,2,1.0
,89,3,0,0.6769923
,90,0,3,1.0
,90,1,0,0.7385219
,90,2,1,0.7802127
,90,3,0,0.50350153
,91,0,0,0.9782053
,91,1,2,1.0
,91,2,0,0.60595727
,91,3,0,0.62044704
,92,0,2,1.0
,92,1,0,0.9083265
,92,2,0,0.658133
,92,3,0,0.7352802
,93,0,0,0.6937508
,93,1,0,0.5514368
,93,2,0,0.5310551
,93,3,2,1.0
,94,0,2,1.0
,94,1,0,0.729737
,94,2,0,0.652822
,94,3,0,0.9072809
,95,0,0,0.69350064
,95,1,2,1.0
,95,2,0,0.53722763
,95,3,0,0.546097
,96,0,2,1.0
,96,1,0,0.8940328
,96,2,0,0.8224197
,96,3,0,0.61894155
,97,0,0,0.9593223
,97,1,0,0.6355355
,97,2,2,1.0
,97,3,0,0.6327226
,98,0,3,1.0
,98,1,0,0.62382615
,98,2,0,0.8944995
,98,3,0,0.8254943
,99,0,0,0.9782118
,99,1,0,0.63197047
,99,2,0,0.63472
,99,3,2,1.0
,100,0,2,1.0
,100,1,0,0.8268695
,100,2,0,0.6251784
,100,3,0,0.8982587
,101,0,0,0.89504796
,101,1,2,1.0
,101,2,0,0.6246124
,101,3,0,0.83309823
,102,0,0,0.63679355
,102,1,0,0.9607495
,102,2,0,0.6256174
,102,3,2,1.0
,103,0,0,0.67165387
,103,1,2,1.0
,103,2,0,0.6572801
,103,3,0,0.9361251
,104,0,0,0.76412636
,104,1,1,0.540555
,104,2,0,0.5342816
,104,3,2,1.0
,105,0,2,1.0
,105,1,0,0.8210108
,105,2,0,0.6210465
,105,3,0,0.89564073
,106,0,0,0.9118093
,106,1,2,1.0
,106,2,0,0.67934674
,106,3,0,0.7196367
,107,0,0,0.5722355
,107,1,1,0.722272
,107,2,0,0.7190364
,107,3,2,1.0
,108,0,0,0.50205535
,108,1,0,0.7065883
,108,2,3,1.0
,108,3,1,0.78603315
,109,0,0,0.8183429
,109,1,3,1.0
,109,2,0,0.94000834
,109,3,0,0.6010304
,110,0,2,1.0
,110,1,0,0.94077814
,110,2,0,0.64003277
,110,3,0,0.632666
,111,0,2,1.0
,111,1,0,0.67011064
,111,2,0,0.6580779
,111,3,0,0.8045102
,112,0,0,0.68192846
,112,1,0,0.5216144
,112,2,0,0.5174932
,112,3,3,1.0
,113,0,2,1.0
,113,1,0,0.72742826
,113,2,0,0.6511064
,113,3,0,0.95092314
,114,0,1,0.5545343
,114,1,2,1.0
,114,2,0,0.52774566
,114,3,0,0.773668
,115,0,0,0.6151816
,115,1,0,0.9603745
,115,2,0,0.6181645
,115,3,2,1.0
,116,0,0,0.63285977
,116,1,2,1.0
,116,2,0,0.62499243
,116,3,0,0.95936686
,117,0,0,0.8255929
,117,1,0,0.89502054
,117,2,0,0.6243715
,117,3,3,1.0
,118,0,2,1.0
,118,1,0,0.66763854
,118,2,0,0.6568428
,118,3,0,0.9641024
,119,0,0,0.69308406
,119,1,0,0.5453038
,119,2,0,0.53575784
,119,3,2,1.0
,120,0,3,1.0
,120,1,0,0.8207239
,120,2,0,0.61558706
,120,3,0,0.89622205
,121,0,0,0.9398591
,121,1,2,1.0
,121,2,0,0.6318111
,121,3,0,0.83293897
,122,0,0,0.63692063
,122,1,0,0.8981635
,122,2,0,0.82668567
,122,3,2,1.0
,123,0,0,0.6253165
,123,1,0,0.8330917
,123,2,2,1.0
,123,3,0,0.8950202
,124,0,0,0.63210404
,124,1,2,1.0
,124,2,0,0.9607464
,124,3,0,0.6353287
,125,0,0,0.8216838
,125,1,0,0.8953948
,125,2,2,1.0
,125,3,0,0.63372105
,126,0,3,1.0
,126,1,0,0.6347276
,126,2,0,0.89473283
,126,3,0,0.8203605
,127,0,0,0.9781978
,127,1,0,0.63040096
,127,2,0,0.6331826
,127,3,3,1.0
,128,0,2,1.0
,128,1,0,0.82672334
,128,2,0,0.632896
,128,3,0,0.93987143
,129,0,0,0.89563763
,129,1,2,1.0
,129,2,0,0.8265552
,129,3,0,0.63846654
,130,0,0,0.672704
,130,1,0,0.95576733
,130,2,2,1.0
,130,3,0,0.6630185
,131,0,0,0.5195423
,131,1,3,1.0
,131,2,0,0.6826767
,131,3,0,0.518691
,132,0,0,0.6561431
,132,1,0,0.9637991
,132,2,2,1.0
,132,3,0,0.65255004
,133,0,0,0.6343111
,133,1,2,1.0
,133,2,1,0.5056536
,133,3,0,0.57663167
,134,0,2,1.0
,134,1,0,0.5308195
,134,2,0,0.5471321
,134,3,0,0.5530917
,135,0,0,0.6518288
,135,1,2,1.0
,135,2,0,0.54461443
,135,3,0,0.54505306
,136,0,3,1.0
,136,1,0,0.6721257
,136,2,1,0.5034389
,136,3,1,0.50341916
,137,0,0,0.9774159
,137,1,2,1.0
,137,2,0,0.6158278
,137,3,0,0.6155182
,138,0,3,1.0
,138,1,0,0.9604481
,138,2,0,0.6299958
,138,3,0,0.6222587
,139,0,0,0.940044
,139,1,2,1.0
,139,2,0,0.82151115
,139,3,0,0.62524617
,140,0,0,0.63521254
,140,1,0,0.9604135
,140,2,3,1.0
,140,3,0,0.6226297
,141,0,0,0.62631625
,141,1,2,1.0
,141,2,0,0.9782075
,141,3,0,0.62568134
,142,0,0,0.66406065
,142,1,0,0.9356197
,142,2,2,1.0
,142,3,0,0.66046447
,143,0,0,0.63528746
,143,1,2,1.0
,143,2,1,0.50175464
,143,3,0,0.5767885
,144,0,2,1.0
,144,1,1,0.5251472
,144,2,0,0.6021921
,144,3,0,0.5494981
,145,0,0,0.6789755
,145,1,0,0.5064375
,145,2,2,1.0
,145,3,0,0.5032277
,146,0,2,1.0
,146,1,0,0.82146513
,146,2,0,0.8970367
,146,3,0,0.6163835
,147,0,0,0.8949879
,147,1,2,1.0
,147,2,0,0.8330143
,147,3,0,0.6244276
,148,0,0,0.63527906
,148,1,0,0.96075445
,148,2,2,1.0
,148,3,0,0.63225174
,149,0,0,0.63293105
,149,1,2,1.0
,149,2,0,0.8951156
,149,3,0,0.8268377
,150,0,0,0.8215376
,150,1,0,0.8953222
,150,2,0,0.63592863
,150,3,2,1.0
,151,0,3,1.0
,151,1,0,0.6346375
,151,2,0,0.6242892
,151,3,0,0.9604378
,152,0,0,0.9640842
,152,1,0,0.65752506
,152,2,0,0.6571334
,152,3,2,1.0
,153,0,2,1.0
,153,1,0,0.53587365
,153,2,0,0.5358469
,153,3,0,0.69293827
,154,0,0,0.959787
,154,1,0,0.6147891
,154,2,0,0.6147761
,154,3,3,1.0
,155,0,2,1.0
,155,1,0,0.6241903
,155,2,0,0.6238904
,155,3,0,0.97820264
,156,0,0,0.960796
,156,1,0,0.63251245
,156,2,0,0.62488705
,156,3,2,1.0
,157,0,2,1.0
,157,1,0,0.8268903
,157,2,0,0.6327166
,157,3,0,0.8950985
,158,0,0,0.8981725
,158,1,2,1.0
,158,2,0,0.8267247
,158,3,0,0.6351723
,159,0,0,0.8330872
,159,1,0,0.8950167
,159,2,2,1.0
,159,3,0,0.62495977
,160,0,2,1.0
,160,1,0,0.6350163
,160,2,0,0.96073586
,160,3,0,0.62467366
,161,0,0,0.9607841
,161,1,0,0.6253428
,161,2,2,1.0
,161,3,0,0.6323189
,162,0,2,1.0
,162,1,0,0.63349473
,162,2,0,0.89548874
,162,3,0,0.8217095
,163,0,0,0.89441866
,163,1,0,0.8255318
,163,2,0,0.64152735
,163,3,3,1.0
,164,0,0,0.6352754
,164,1,2,1.0
,164,2,0,0.82680494
,164,3,0,0.94175726
,165,0,0,0.63265276
,165,1,0,0.89501786
,165,2,2,1.0
,165,3,0,0.83417976
,166,0,0,0.82155603
,166,1,0,0.63613003
,166,2,0,0.8984752
,166,3,2,1.0
,167,0,3,1.0
,167,1,0,0.6312283
,167,2,0,0.8320554
,167,3,0,0.8943989
,168,0,0,0.9417576
,168,1,0,0.8265553
,168,2,2,1.0
,168,3,0,0.6349972
,169,0,0,0.8341372
,169,1,2,1.0
,169,2,0,0.8950059
,169,3,0,0.6252236
,170,0,2,1.0
,170,1,0,0.96075445
,170,2,0,0.63498193
,170,3,0,0.6322875
,171,0,0,0.89825225
,171,1,2,1.0
,171,2,0,0.62516904
,171,3,0,0.82686514
,172,0,0,0.83309364
,172,1,0,0.8950207
,172,2,0,0.6245779
,172,3,2,1.0
,173,0,2,1.0
,173,1,0,0.63504845
,173,2,0,0.6247077
,173,3,0,0.9607266
,174,0,0,0.95937145
,174,1,0,0.62571263
,174,2,0,0.63311434
,174,3,2,1.0
,175,0,3,1.0
,175,1,0,0.62379104
,175,2,0,0.82053244
,175,3,0,0.8979852
,176,0,0,0.9417895
,176,1,0,0.6227594
,176,2,3,1.0
,176,3,0,0.83182514
,177,0,0,0.8341017
,177,1,0,0.63217944
,177,2,0,0.93993306
,177,3,2,1.0
,178,0,2,1.0
,178,1,0,0.82671285
,178,2,0,0.6447491
,178,3,0,0.8951301
,179,0,0,0.89500934
,179,1,2,1.0
,179,2,0,0.82702357
,179,3,0,0.6430122
,180,0,0,0.6351566
,180,1,0,0.8981694
,180,2,2,1.0
,180,3,0,0.8269718
,181,0,0,0.62492424
,181,1,0,0.83315545
,181,2,0,0.8981636
,181,3,2,1.0
,182,0,0,0.6245951
,182,1,2,1.0
,182,2,0,0.8330596
,182,3,0,0.8951634
,183,0,0,0.6249957
,183,1,0,0.95933634
,183,2,2,1.0
,183,3,0,0.6435912
,184,0,0,0.62306416
,184,1,3,1.0
,184,2,0,0.8976599
,184,3,0,0.8258953
,185,0,0,0.6245819
,185,1,0,0.9417563
,185,2,0,0.83303297
,185,3,2,1.0
,186,0,0,0.63224345
,186,1,0,0.8341876
,186,2,2,1.0
,186,3,0,0.8951427
,187,0,0,0.8215496
,187,1,2,1.0
,187,2,0,0.8952776
,187,3,0,0.643779
,188,0,3,1.0
,188,1,0,0.89758617
,188,2,0,0.63362384
,188,3,0,0.8257586
,189,0,0,0.93993956
,189,1,0,0.8329575
,189,2,0,0.62471175
,189,3,2,1.0
,190,0,0,0.64436966
,190,1,2,1.0
,190,2,0,0.6243566
,190,3,0,0.9607423
,191,0,0,0.82199454
,191,1,0,0.89855546
,191,2,0,0.62541574
,191,3,2,1.0
,192,0,3,1.0
,192,1,0,0.83188194
,192,2,0,0.62294406
,192,3,0,0.89456975
,193,0,0,0.9774115
,193,1,2,1.0
,193,2,0,0.62468165
,193,3,0,0.6433318
,194,0,3,1.0
,194,1,0,0.89765763
,194,2,0,0.6233467
,194,3,0,0.8258911
,195,0,0,0.93985784
,195,1,0,0.8330443
,195,2,0,0.6322351
,195,3,2,1.0
,196,0,0,0.63690895
,196,1,2,1.0
,196,2,0,0.82670146
,196,3,0,0.89816487
,197,0,0,0.6249873
,197,1,0,0.89816374
,197,2,2,1.0
,197,3,0,0.8331589
,198,0,0,0.62453115
,198,1,0,0.8331615
,198,2,0,0.898167
,198,3,2,1.0
,199,0,0,0.6245489
,199,1,2,1.0
,199,2,0,0.83309776
,199,3,0,0.89514065
,200,0,0,0.62468886
,200,1,0,0.9607469
,200,2,2,1.0
,200,3,0,0.64264065
,201,0,0,0.63346237
,201,1,2,1.0
,201,2,0,0.89536107
,201,3,0,0.8219585
,202,0,0,0.82547224
,202,1,0,0.8975215
,202,2,0,0.63369095
,202,3,3,1.0
,203,0,2,1.0
,203,1,0,0.82798004
,203,2,0,0.62540966
,203,3,0,0.94004667
,204,0,0,0.9604103
,204,1,3,1.0
,204,2,0,0.6225714
,204,3,0,0.6351443
,205,0,2,1.0
,205,1,0,0.97819656
,205,2,0,0.62433416
,205,3,0,0.62482905
,206,0,0,0.95937157
,206,1,2,1.0
,206,2,0,0.62532
,206,3,0,0.6253395
,207,0,3,1.0
,207,1,0,0.9604543
,207,2,0,0.6228462
,207,3,0,0.62284696
,208,0,0,0.9782018
,208,1,2,1.0
,208,2,0,0.6243111
,208,3,0,0.6243111
,209,0,2,1.0
,209,1,0,0.960776
,209,2,0,0.6246222
,209,3,0,0.62462217
,210,0,0,0.9607638
,210,1,2,1.0
,210,2,0,0.6246586
,210,3,0,0.6246582
,211,0,2,1.0
,211,1,0,0.95936847
,211,2,0,0.6253248
,211,3,0,0.62531286
,212,0,0,0.9604559
,212,1,3,1.0
,212,2,0,0.6231543
,212,3,0,0.6228535
,213,0,2,1.0
,213,1,0,0.97821254
,213,2,0,0.63222516
,213,3,0,0.6245985
,214,0,0,0.8951051
,214,1,2,1.0
,214,2,0,0.82689524
,214,3,0,0.6327237
,215,0,0,0.63517255
,215,1,0,0.8981727
,215,2,2,1.0
,215,3,0,0.8267253
,216,0,0,0.6249478
,216,1,0,0.8330872
,216,2,0,0.8950215
,216,3,2,1.0
,217,0,0,0.62436897
,217,1,2,1.0
,217,2,0,0.63531053
,217,3,0,0.960736
,218,0,0,0.6245712
,218,1,0,0.96079063
,218,2,0,0.63291955
,218,3,2,1.0
,219,0,0,0.62478966
,219,1,2,1.0
,219,2,0,0.8268205
,219,3,0,0.89523405
,220,0,0,0.6243453
,220,1,0,0.9607535
,220,2,2,1.0
,220,3,0,0.6428285
,221,0,0,0.6247722
,221,1,2,1.0
,221,2,0,0.89523107
,221,3,0,0.8270552
,222,0,0,0.6243422
,222,1,0,0.96075433
,222,2,0,0.64282924
,222,3,2,1.0
,223,0,0,0.62475026
,223,1,2,1.0
,223,2,0,0.8271202
,223,3,0,0.8982521
,224,0,0,0.624548
,224,1,0,0.89502
,224,2,2,1.0
,224,3,0,0.83309454
,225,0,0,0.62436897
,225,1,0,0.6350061
,225,2,0,0.9607347
,225,3,2,1.0
,226,0,0,0.6249013
,226,1,0,0.6250109
,226,2,2,1.0
,226,3,0,0.96077335
,227,0,0,0.6325221
,227,1,0,0.62467813
,227,2,0,0.9607925
,227,3,2,1.0
,228,0,0,0.82684
,228,1,0,0.6266875
,228,2,2,1.0
,228,3,0,0.8968475
,229,0,2,1.0
,229,1,0,0.6728407
,229,2,0,0.90814054
,229,3,0,0.74430966
,230,0,1,0.5533533
,230,1,0,0.7600747
,230,2,0,0.5466963
,230,3,2,1.0
,231,0,0,0.61550087
,231,1,2,1.0
,231,2,0,0.6195145
,231,3,0,0.95895934
,232,0,0,0.6223342
,232,1,0,0.9604361
,232,2,0,0.62249374
,232,3,3,1.0
,233,0,0,0.6242998
,233,1,2,1.0
,233,2,0,0.6242939
,233,3,0,0.9782018
,234,0,0,0.6249273
,234,1,0,0.9607777
,234,2,0,0.62461567
,234,3,2,1.0
,235,0,0,0.632525
,235,1,2,1.0
,235,2,0,0.62458783
,235,3,0,0.9607928
,236,0,0,0.82687896
,236,1,0,0.89825505
,236,2,0,0.6247682
,236,3,2,1.0
,237,0,2,1.0
,237,1,0,0.83312744
,237,2,0,0.62456876
,237,3,0,0.89809597
,238,0,0,0.8952985
,238,1,2,1.0
,238,2,0,0.62522954
,238,3,0,0.8281115
,239,0,0,0.63340855
,239,1,0,0.960418
,239,2,0,0.62260836
,239,3,3,1.0
,240,0,0,0.6250252
,240,1,2,1.0
,240,2,0,0.6242889
,240,3,0,0.97820264
,241,0,0,0.63254684
,241,1,0,0.960795
,241,2,0,0.6245965
,241,3,2,1.0
,242,0,0,0.8268121
,242,1,2,1.0
,242,2,0,0.62479144
,242,3,0,0.8952343
,243,0,2,1.0
,243,1,0,0.9607541
,243,2,0,0.6243453
,243,3,0,0.64282864
,244,0,0,0.89818007
,244,1,2,1.0
,244,2,0,0.62480307
,244,3,0,0.82708853
,245,0,0,0.82813895
,245,1,0,0.89846987
,245,2,0,0.62548745
,245,3,2,1.0
,246,0,3,1.0
,246,1,0,0.8320206
,246,2,0,0.6306316
,246,3,0,0.8944193
,247,0,0,0.94195133
,247,1,2,1.0
,247,2,0,0.82138056
,247,3,0,0.6356414
,248,0,0,0.8330873
,248,1,0,0.89756036
,248,2,3,1.0
,248,3,0,0.62319636
,249,0,2,1.0
,249,1,0,0.83295745
,249,2,0,0.93986696
,249,3,0,0.6243124
,250,0,0,0.96073097
,250,1,2,1.0
,250,2,0,0.6367623
,250,3,0,0.6243235
,251,0,2,1.0
,251,1,0,0.9607732
,251,2,0,0.62538713
,251,3,0,0.6245872
,252,0,0,0.9607919
,252,1,2,1.0
,252,2,0,0.632541
,252,3,0,0.6245885
,253,0,2,1.0
,253,1,0,0.8951106
,253,2,0,0.82680553
,253,3,0,0.62479436
,254,0,0,0.9607346
,254,1,0,0.6350102
,254,2,2,1.0
,254,3,0,0.6243671
,255,0,2,1.0
,255,1,0,0.6250121
,255,2,0,0.96077186
,255,3,0,0.62459344
,256,0,0,0.9607732
,256,1,0,0.6246392
,256,2,2,1.0
,256,3,0,0.62461054
,257,0,2,1.0
,257,1,0,0.62492067
,257,2,0,0.9607746
,257,3,0,0.62460834
,258,0,0,0.9607919
,258,1,0,0.63252324
,258,2,2,1.0
,258,3,0,0.62459016
,259,0,2,1.0
,259,1,0,0.8268054
,259,2,0,0.8951105
,259,3,0,0.62480646
,260,0,0,0.9607361
,260,1,2,1.0
,260,2,0,0.6350067
,260,3,0,0.6246756
,261,0,2,1.0
,261,1,0,0.9607914
,261,2,0,0.62498707
,261,3,0,0.63250595
,262,0,0,0.89825505
,262,1,2,1.0
,262,2,0,0.6247846
,262,3,0,0.8268757
,263,0,0,0.83309484
,263,1,0,0.8950199
,263,2,0,0.6245609
,263,3,2,1.0
,264,0,2,1.0
,264,1,0,0.6350034
,264,2,0,0.62466544
,264,3,0,0.9607361
,265,0,0,0.96079063
,265,1,0,0.6250014
,265,2,0,0.6325047
,265,3,2,1.0
,266,0,2,1.0
,266,1,0,0.6251183
,266,2,0,0.82681084
,266,3,0,0.895109
,267,0,0,0.9607536
,267,1,0,0.6322826
,267,2,2,1.0
,267,3,0,0.63498867
,268,0,2,1.0
,268,1,0,0.8267938
,268,2,0,0.8951077
,268,3,0,0.625195
,269,0,0,0.9607345
,269,1,2,1.0
,269,2,0,0.63501173
,269,3,0,0.6243968
,270,0,2,1.0
,270,1,0,0.9607643
,270,2,0,0.62505156
,270,3,0,0.6249499
,271,0,0,0.9593752
,271,1,2,1.0
,271,2,0,0.6252763
,271,3,0,0.63329643
,272,0,3,1.0
,272,1,0,0.89465433
,272,2,0,0.6231746
,272,3,0,0.8254744
,273,0,0,0.97741127
,273,1,0,0.6433339
,273,2,0,0.62469983
,273,3,2,1.0
,274,0,3,1.0
,274,1,0,0.82570773
,274,2,0,0.6234458
,274,3,0,0.89451844
,275,0,0,0.97741127
,275,1,2,1.0
,275,2,0,0.63272893
,275,3,0,0.63538593
,276,0,3,1.0
,276,1,0,0.89450085
,276,2,0,0.8254866
,276,3,0,0.623511
,277,0,0,0.97820145
,277,1,0,0.63474274
,277,2,2,1.0
,277,3,0,0.6240636
,278,0,2,1.0
,278,1,0,0.6250207
,278,2,0,0.9607762
,278,3,0,0.6249087
,279,0,0,0.9607925
,279,1,0,0.62469816
,279,2,2,1.0
,279,3,0,0.6325224
,280,0,2,1.0
,280,1,0,0.6271704
,280,2,0,0.8962777
,280,3,0,0.8268212
,281,0,0,0.9117891
,281,1,0,0.68486714
,281,2,0,0.70833737
,281,3,2,1.0
,282,0,0,0.5160279
,282,1,0,0.73481125
,282,2,2,1.0
,282,3,1,0.96484166
,283,0,0,0.61772186
,283,1,2,1.0
,283,2,0,0.9588766
,283,3,0,0.5983619
,284,0,0,0.62240714
,284,1,0,0.9604355
,284,2,3,1.0
,284,3,0,0.62194353
,285,0,0,0.6243612
,285,1,2,1.0
,285,2,0,0.9782122
,285,3,0,0.63217473
,286,0,0,0.62716806
,286,1,0,0.89581513
,286,2,2,1.0
,286,3,0,0.8268552
,287,0,0,0.6850587
,287,1,0,0.6792915
,287,2,0,0.9551021
,287,3,2,1.0
,288,0,0,0.73458785
,288,1,0,0.5061805
,288,2,3,1.0
,288,3,1,0.9651786
,289,0,2,1.0
,289,1,0,0.8216144
,289,2,0,0.9399006
,289,3,0,0.6059031
,290,0,0,0.8956227
,290,1,2,1.0
,290,2,0,0.63843787
,290,3,0,0.8259435
,291,0,0,0.6747555
,291,1,0,0.9275391
,291,2,0,0.66533303
,291,3,2,1.0
,292,0,0,0.51319325
,292,1,2,1.0
,292,2,0,0.51577765
,292,3,1,0.5386053
,293,0,0,0.65021235
,293,1,0,0.91215354
,293,2,0,0.72688025
,293,3,2,1.0
,294,0,0,0.52811116
,294,1,0,0.7720629
,294,2,2,1.0
,294,3,1,0.54586446
,295,0,0,0.6257996
,295,1,2,1.0
,295,2,0,0.8948593
,295,3,0,0.82077914
,296,0,0,0.8079925
,296,1,0,0.90979743
,296,2,0,0.67293394
,296,3,2,1.0
,297,0,3,1.0
,297,1,0,0.5389049
,297,2,0,0.5184888
,297,3,0,0.6818299
,298,0,0,0.94781965
,298,1,0,0.7280707
,298,2,0,0.651122
,298,3,2,1.0
,299,0,0,0.54857993
,299,1,2,1.0
,299,2,0,0.52813596
,299,3,0,0.6928068
,300,0,0,0.61957234
,300,1,0,0.9602972
,300,2,0,0.61874855
,300,3,2,1.0
,301,0,0,0.6570862
,301,1,2,1.0
,301,2,0,0.6570344
,301,3,0,0.93603176
,302,0,0,0.5346054
,302,1,0,0.6975656
,302,2,0,0.53426427
,302,3,2,1.0
,303,0,0,0.625898
,303,1,2,1.0
,303,2,0,0.6179059
,303,3,0,0.9603343
,304,0,0,0.82660645
,304,1,0,0.89515495
,304,2,0,0.62453884
,304,3,2,1.0
,305,0,2,1.0
,305,1,0,0.6393079
,305,2,0,0.6262451
,305,3,0,0.9607433
,306,0,0,0.9082608
,306,1,0,0.73601466
,306,2,0,0.6730671
,306,3,2,1.0
,307,0,0,0.54827976
,307,1,2,1.0
,307,2,0,0.759982
,307,3,1,0.5511394
,308,0,0,0.65720445
,308,1,0,0.9553683
,308,2,2,1.0
,308,3,0,0.6685825
,309,0,0,0.51769346
,309,1,3,1.0
,309,2,1,0.5641488
,309,3,0,0.74966884
,310,0,0,0.64967686
,310,1,0,0.97007936
,310,2,0,0.6373782
,310,3,2,1.0
,311,0,0,0.77093935
,311,1,2,1.0
,311,2,0,0.6012041
,311,3,0,0.6422264
,312,0,3,1.0
,312,1,0,0.63416773
,312,2,0,0.530157
,312,3,0,0.76164174
,313,0,0,0.9401159
,313,1,0,0.8198692
,313,2,0,0.61889756
,313,3,2,1.0
,314,0,0,0.6393133
,314,1,3,1.0
,314,2,0,0.62351894
,314,3,0,0.96040815
,315,0,0,0.7354595
,315,1,0,0.9508378
,315,2,0,0.6587598
,315,3,2,1.0
,316,0,2,1.0
,316,1,0,0.77420735
,316,2,0,0.53094935
,316,3,1,0.550171
,317,0,0,0.91103935
,317,1,2,1.0
,317,2,0,0.66256374
,317,3,0,0.7021808
,318,0,0,0.56994873
,318,1,1,0.5736947
,318,2,0,0.55121565
,318,3,2,1.0
,319,0,0,0.50255805
,319,1,3,1.0
,319,2,1,0.50209063
,319,3,0,0.672232
,320,0,0,0.7260392
,320,1,0,0.94787264
,320,2,0,0.6502222
,320,3,2,1.0
,321,0,2,1.0
,321,1,0,0.54954976
,321,2,0,0.5290312
,321,3,0,0.6877813
,322,0,0,0.95971906
,322,1,0,0.61657107
,322,2,0,0.61631954
,322,3,3,1.0
,323,0,2,1.0
,323,1,0,0.6620683
,323,2,0,0.67702013
,323,3,0,0.9753982
,324,0,1,0.5631912
,324,1,0,0.5185075
,324,2,0,0.75014305
,324,3,3,1.0
,325,0,0,0.6535886
,325,1,0,0.65338314
,325,2,2,1.0
,325,3,0,0.96383816
,326,0,0,0.63471216
,326,1,0,0.58061045
,326,2,1,0.5055695
,326,3,2,1.0
,327,0,2,1.0
,327,1,0,0.60681534
,327,2,0,0.5471798
,327,3,1,0.52218485
,328,0,0,0.5273745
,328,1,2,1.0
,328,2,0,0.5491761
,328,3,0,0.5428508
,329,0,2,1.0
,329,1,0,0.52636135
,329,2,0,0.5601668
,329,3,0,0.542919
,330,0,1,0.57186925
,330,1,2,1.0
,330,2,0,0.73773783
,330,3,0,0.5089203
,331,0,0,0.61394256
,331,1,0,0.8940547
,331,2,2,1.0
,331,3,0,0.82174146
,332,0,0,0.6246097
,332,1,0,0.63564146
,332,2,0,0.9593154
,332,3,2,1.0
,333,0,0,0.6243434
,333,1,0,0.62478256
,333,2,3,1.0
,333,3,0,0.96042955
,334,0,0,0.6625542
,334,1,0,0.6625712
,334,2,0,0.9753949
,334,3,2,1.0
,335,0,0,0.5190178
,335,1,0,0.51902646
,335,2,3,1.0
,335,3,0,0.68200755
,336,0,0,0.6546268
,336,1,0,0.6547996
,336,2,0,0.97540075
,336,3,2,1.0
,337,0,0,0.51835614
,337,1,0,0.5209944
,337,2,3,1.0
,337,3,0,0.68239963
,338,0,0,0.66549575
,338,1,0,0.72716606
,338,2,0,0.94785833
,338,3,2,1.0
,339,0,0,0.75411034
,339,1,2,1.0
,339,2,0,0.54946935
,339,3,1,0.55328804
,340,0,3,1.0
,340,1,0,0.9597962
,340,2,0,0.61569405
,340,3,0,0.61114293
,341,0,0,0.9782122
,341,1,2,1.0
,341,2,0,0.63182795
,341,3,0,0.6237192
,342,0,2,1.0
,342,1,0,0.89826137
,342,2,0,0.8268743
,342,3,0,0.6247606
,343,0,0,0.8981674
,343,1,0,0.8331707
,343,2,2,1.0
,343,3,0,0.6248315
,344,0,0,0.8331754
,344,1,2,1.0
,344,2,0,0.895008
,344,3,0,0.6324636
,345,0,2,1.0
,345,1,0,0.8981727
,345,2,0,0.6351769
,345,3,0,0.8267223
,346,0,0,0.8981638
,346,1,0,0.8331626
,346,2,0,0.6252313
,346,3,2,1.0
,347,0,0,0.8331707
,347,1,2,1.0
,347,2,0,0.6324771
,347,3,0,0.8950099
,348,0,2,1.0
,348,1,0,0.89516884
,348,2,0,0.8266131
,348,3,0,0.6352346
,349,0,0,0.95933485
,349,1,0,0.6435827
,349,2,2,1.0
,349,3,0,0.62540483
,350,0,3,1.0
,350,1,0,0.8258947
,350,2,0,0.89765966
,350,3,0,0.6230801
,351,0,0,0.9417565
,351,1,2,1.0
,351,2,0,0.83303356
,351,3,0,0.6245894
,352,0,0,0.8342156
,352,1,0,0.8949999
,352,2,2,1.0
,352,3,0,0.632428
,353,0,2,1.0
,353,1,0,0.63519186
,353,2,0,0.8951463
,353,3,0,0.82665116
,354,0,0,0.9607434
,354,1,0,0.6247883
,354,2,0,0.64263505
,354,3,2,1.0
,355,0,2,1.0
,355,1,0,0.6254847
,355,2,0,0.8219293
,355,3,0,0.8953862
,356,0,0,0.9604196
,356,1,0,0.62263054
,356,2,3,1.0
,356,3,0,0.6334105
,357,0,2,1.0
,357,1,0,0.62430763
,357,2,0,0.9782017
,357,3,0,0.6247196
,358,0,0,0.96076864
,358,1,0,0.62497485
,358,2,2,1.0
,358,3,0,0.62467587
,359,0,2,1.0
,359,1,0,0.63329834
,359,2,0,0.9593758
,359,3,0,0.62526804
,360,0,0,0.8975932
,360,1,0,0.82561797
,360,2,3,1.0
,360,3,0,0.6234416
,361,0,0,0.82801706
,361,1,2,1.0
,361,2,0,0.94002897
,361,3,0,0.63300574
,362,0,3,1.0
,362,1,0,0.8975025
,362,2,0,0.63542336
,362,3,0,0.82542676
,363,0,0,0.9419148
,363,1,0,0.82798666
,363,2,0,0.6254901
,363,3,2,1.0
,364,0,0,0.8280959
,364,1,3,1.0
,364,2,0,0.62357354
,364,3,0,0.89470094
,365,0,3,1.0
,365,1,0,0.97817904
,365,2,0,0.6220445
,365,3,0,0.63291675
,366,0,0,0.97819656
,366,1,2,1.0
,366,2,0,0.6243315
,366,3,0,0.6247719
,367,0,2,1.0
,367,1,0,0.9593722
,367,2,0,0.62531227
,367,3,0,0.6256454
,368,0,0,0.9604885
,368,1,3,1.0
,368,2,0,0.6228098
,368,3,0,0.63076884
,369,0,2,1.0
,369,1,0,0.93986493
,369,2,0,0.62458694
,369,3,0,0.8266463
,370,0,0,0.9607326
,370,1,0,0.6367599
,370,2,0,0.6246437
,370,3,2,1.0
,371,0,2,1.0
,371,1,0,0.62536514
,371,2,0,0.63250285
,371,3,0,0.9607919
,372,0,0,0.8950993
,372,1,0,0.6327337
,372,2,0,0.8268861
,372,3,2,1.0
,373,0,0,0.63519335
,373,1,0,0.8266594
,373,2,2,1.0
,373,3,0,0.895149
,374,0,0,0.6247431
,374,1,2,1.0
,374,2,0,0.96075284
,374,3,0,0.64281714
,375,0,0,0.6247774
,375,1,0,0.89825207
,375,2,2,1.0
,375,3,0,0.82712
,376,0,0,0.62484974
,376,1,0,0.83310014
,376,2,0,0.8950191
,376,3,2,1.0
,377,0,0,0.6320869
,377,1,2,1.0
,377,2,0,0.63502353
,377,3,0,0.9607463
,378,0,0,0.8216917
,378,1,0,0.89855623
,378,2,0,0.6258453
,378,3,2,1.0
,379,0,3,1.0
,379,1,0,0.8319284
,379,2,0,0.62322605
,379,3,0,0.8944274
,380,0,0,0.9782122
,380,1,2,1.0
,380,2,0,0.6319476
,380,3,0,0.6350257
,381,0,2,1.0
,381,1,0,0.89510196
,381,2,0,0.8268828
,381,3,0,0.63312095
,382,0,0,0.8981729
,382,1,0,0.6351692
,382,2,2,1.0
,382,3,0,0.8267384
,383,0,0,0.83316
,383,1,0,0.62491995
,383,2,0,0.8981643
,383,3,2,1.0
,384,0,2,1.0
,384,1,0,0.62452596
,384,2,0,0.8331649
,384,3,0,0.89816725
,385,0,0,0.898167
,385,1,0,0.624525
,385,2,2,1.0
,385,3,0,0.8331619
,386,0,0,0.83309853
,386,1,0,0.6248464
,386,2,0,0.8950183
,386,3,2,1.0
,387,0,2,1.0
,387,1,0,0.63227266
,387,2,0,0.63498193
,387,3,0,0.96075445
,388,0,0,0.8982526
,388,1,0,0.8268684
,388,2,0,0.62516576
,388,3,2,1.0
,389,0,0,0.83316386
,389,1,2,1.0
,389,2,0,0.6245381
,389,3,0,0.89816713
,390,0,2,1.0
,390,1,0,0.89514345
,390,2,0,0.62453496
,390,3,0,0.8330981
,391,0,0,0.9607534
,391,1,0,0.6428245
,391,2,0,0.62433505
,391,3,2,1.0
,392,0,2,1.0
,392,1,0,0.8270489
,392,2,0,0.62477565
,392,3,0,0.8951075
,393,0,0,0.9607346
,393,1,2,1.0
,393,2,0,0.62436646
,393,3,0,0.6350101
,394,0,2,1.0
,394,1,0,0.96077186
,394,2,0,0.6245933
,394,3,0,0.62501216
,395,0,0,0.9607732
,395,1,2,1.0
,395,2,0,0.6246106
,395,3,0,0.6246392
,396,0,2,1.0
,396,1,0,0.9607747
,396,2,0,0.6246087
,396,3,0,0.6249207
,397,0,0,0.9607928
,397,1,2,1.0
,397,2,0,0.62459886
,397,3,0,0.6325243
,398,0,2,1.0
,398,1,0,0.89825475
,398,2,0,0.62507063
,398,3,0,0.8268819
,399,0,0,0.8950276
,399,1,0,0.83313847
,399,2,0,0.6322915
,399,3,2,1.0
,400,0,0,0.63588256
,400,1,2,1.0
,400,2,0,0.82152295
,400,3,0,0.8954268
,401,0,0,0.62329966
,401,1,0,0.9604528
,401,2,3,1.0
,401,3,0,0.6412183
,402,0,0,0.63249767
,402,1,2,1.0
,402,2,0,0.93985665
,402,3,0,0.8269764
,403,0,0,0.8266327
,403,1,0,0.89501745
,403,2,0,0.63693804
,403,3,2,1.0
,404,0,2,1.0
,404,1,0,0.6349967
,404,2,0,0.62483406
,404,3,0,0.9607329
,405,0,0,0.960772
,405,1,0,0.62502277
,405,2,0,0.6246111
,405,3,2,1.0
,406,0,2,1.0
,406,1,0,0.6249355
,406,2,0,0.6246079
,406,3,0,0.9607747
,407,0,0,0.9607928
,407,1,0,0.6325247
,407,2,0,0.62458754
,407,3,2,1.0
,408,0,2,1.0
,408,1,0,0.8268767
,408,2,0,0.6247807
,408,3,0,0.89825517
,409,0,0,0.8950187
,409,1,2,1.0
,409,2,0,0.6248568
,409,3,0,0.8331008
,410,0,0,0.63499653
,410,1,0,0.9607536
,410,2,0,0.63227206
,410,3,2,1.0
,411,0,0,0.6255027
,411,1,2,1.0
,411,2,0,0.8268
,411,3,0,0.8951061
,412,0,0,0.6322972
,412,1,0,0.9607535
,412,2,2,1.0
,412,3,0,0.63498867
,413,0,0,0.82679445
,413,1,2,1.0
,413,2,0,0.8951075
,413,3,0,0.6252064
,414,0,2,1.0
,414,1,0,0.9607361
,414,2,0,0.6350064
,414,3,0,0.62469095
,415,0,0,0.96079063
,415,1,2,1.0
,415,2,0,0.6249893
,415,3,0,0.63250566
,416,0,2,1.0
,416,1,0,0.89523405
,416,2,0,0.62480617
,416,3,0,0.82681054
,417,0,0,0.9607535
,417,1,0,0.6428285
,417,2,0,0.624346
,417,3,2,1.0
,418,0,2,1.0
,418,1,0,0.82705444
,418,2,0,0.62477446
,418,3,0,0.8952282
,419,0,0,0.9607458
,419,1,2,1.0
,419,2,0,0.62438655
,419,3,0,0.64264596
,420,0,2,1.0
,420,1,0,0.89849204
,420,2,0,0.6254721
,420,3,0,0.8219425
,421,0,0,0.89790344
,421,1,0,0.82708174
,421,2,0,0.62353337
,421,3,3,1.0
,422,0,0,0.8318116
,422,1,3,1.0
,422,2,0,0.6224268
,422,3,0,0.94179016
,423,0,2,1.0
,423,1,0,0.94175696
,423,2,0,0.62421954
,423,3,0,0.8340857
,424,0,0,0.89815855
,424,1,0,0.83420897
,424,2,0,0.62447315
,424,3,2,1.0
,425,0,0,0.8331619
,425,1,2,1.0
,425,2,0,0.6245113
,425,3,0,0.89816725
,426,0,2,1.0
,426,1,0,0.89514345
,426,2,0,0.6245338
,426,3,0,0.83309823
,427,0,0,0.96075433
,427,1,0,0.6428256
,427,2,0,0.62433237
,427,3,2,1.0
,428,0,2,1.0
,428,1,0,0.82712376
,428,2,0,0.62474704
,428,3,0,0.89825237
,429,0,0,0.89816713
,429,1,2,1.0
,429,2,0,0.62452185
,429,3,0,0.8331641
,430,0,0,0.83309805
,430,1,0,0.89514345
,430,2,0,0.62453437
,430,3,2,1.0
,431,0,2,1.0
,431,1,0,0.6428245
,431,2,0,0.6243349
,431,3,0,0.9607534
,432,0,0,0.8951123
,432,1,0,0.8270492
,432,2,0,0.62477535
,432,3,2,1.0
,433,0,0,0.6353148
,433,1,2,1.0
,433,2,0,0.6243629
,433,3,0,0.9607361
,434,0,0,0.6329206
,434,1,0,0.9607914
,434,2,0,0.62456846
,434,3,2,1.0
,435,0,0,0.8268895
,435,1,2,1.0
,435,2,0,0.62476474
,435,3,0,0.89825535
,436,0,2,1.0
,436,1,0,0.89816713
,436,2,0,0.62452215
,436,3,0,0.83316666
,437,0,0,0.89809495
,437,1,0,0.83313024
,437,2,0,0.62455386
,437,3,2,1.0
,438,0,0,0.8281343
,438,1,2,1.0
,438,2,0,0.625176
,438,3,0,0.89847106
,439,0,3,1.0
,439,1,0,0.8945448
,439,2,0,0.6228881
,439,3,0,0.8319197
,440,0,0,0.97821206
,440,1,0,0.64256155
,440,2,0,0.62431616
,440,3,2,1.0
,441,0,2,1.0
,441,1,0,0.82713616
,441,2,0,0.6327027
,441,3,0,0.8951078
,442,0,0,0.89502877
,442,1,2,1.0
,442,2,0,0.82665944
,442,3,0,0.6355027
,443,0,0,0.635281
,443,1,0,0.9607536
,443,2,2,1.0
,443,3,0,0.6326786
,444,0,0,0.6331114
,444,1,2,1.0
,444,2,0,0.89522
,444,3,0,0.8268909
,445,0,0,0.8267446
,445,1,0,0.8950191
,445,2,0,0.6430247
,445,3,2,1.0
,446,0,2,1.0
,446,1,0,0.6354896
,446,2,0,0.8269033
,446,3,0,0.895025
,447,0,0,0.9607535
,447,1,0,0.632678
,447,2,2,1.0
,447,3,0,0.6352809
,448,0,2,1.0
,448,1,0,0.8268887
,448,2,0,0.89510024
,448,3,0,0.6331124
,449,0,0,0.8981724
,449,1,2,1.0
,449,2,0,0.6354764
,449,3,0,0.82674086
,450,0,0,0.8331725
,450,1,0,0.89512956
,450,2,0,0.6328691
,450,3,2,1.0
,451,0,2,1.0
,451,1,0,0.64302176
,451,2,0,0.8267418
,451,3,0,0.89501303
,452,0,0,0.8981694
,452,1,0,0.8269722
,452,2,2,1.0
,452,3,0,0.63515687
,453,0,0,0.8331601
,453,1,2,1.0
,453,2,0,0.8981643
,453,3,0,0.62493145
,454,0,2,1.0
,454,1,0,0.89816684
,454,2,0,0.8331677
,454,3,0,0.6248371
,455,0,0,0.8950308
,455,1,0,0.8331741
,455,2,2,1.0
,455,3,0,0.6324632
,456,0,0,0.6365795
,456,1,2,1.0
,456,2,0,0.8956386
,456,3,0,0.82669
,457,0,0,0.66089
,457,1,0,0.93552476
,457,2,0,0.6739255
,457,3,2,1.0
,458,0,0,0.58085215
,458,1,2,1.0
,458,2,0,0.63577205
,458,3,1,0.5055598
,459,0,0,0.6072492
,459,1,1,0.5225579
,459,2,2,1.0
,459,3,0,0.55094707
,460,0,2,1.0
,460,1,0,0.5392184
,460,2,1,0.5284427
,460,3,0,0.6022305
,461,0,0,0.67825246
,461,1,0,0.50220907
,461,2,1,0.5028087
,461,3,2,1.0
,462,0,2,1.0
,462,1,0,0.6177581
,462,2,0,0.6170019
,462,3,0,0.9602286
,463,0,0,0.93610567
,463,1,0,0.6708832
,463,2,0,0.65688515
,463,3,2,1.0
,464,0,2,1.0
,464,1,0,0.7640819
,464,2,0,0.5342164
,464,3,1,0.5405623
,465,0,0,0.8960018
,465,1,2,1.0
,465,2,0,0.6203296
,465,3,0,0.82102394
,466,0,0,0.74228436
,466,1,0,0.90927947
,466,2,0,0.66145986
,466,3,2,1.0
,467,0,2,1.0
,467,1,0,0.5863569
,467,2,0,0.5700773
,467,3,0,0.5474512
,468,0,0,0.6792734
,468,1,0,0.50635535
,468,2,0,0.51386404
,468,3,2,1.0
,469,0,2,1.0
,469,1,0,0.6165275
,469,2,0,0.8216081
,469,3,0,0.8969601
,470,0,0,0.89843655
,470,1,0,0.62476707
,470,2,2,1.0
,470,3,0,0.8280485
,471,0,0,0.8319126
,471,1,0,0.6230261
,471,2,0,0.89444166
,471,3,3,1.0
,472,0,2,1.0
,472,1,0,0.6283066
,472,2,0,0.6362022
,472,3,0,0.97820264
,473,0,0,0.90949976
,473,1,0,0.73347753
,473,2,0,0.66264904
,473,3,2,1.0
,474,0,0,0.5898062
,474,1,2,1.0
,474,2,0,0.57296914
,474,3,0,0.5457942
,475,0,0,0.5515885
,475,1,0,0.5272609
,475,2,0,0.5502596
,475,3,2,1.0
,476,0,0,0.5474532
,476,1,2,1.0
,476,2,0,0.5460659
,476,3,0,0.5250243
,477,0,0,0.55973285
,477,1,0,0.5259951
,477,2,0,0.5422035
,477,3,2,1.0
,478,0,0,0.7376758
,478,1,2,1.0
,478,2,0,0.50014865
,478,3,1,0.5633719
,479,0,2,1.0
,479,1,0,0.8941097
,479,2,0,0.6169629
,479,3,0,0.8198024
,480,0,0,0.89897054
,480,1,0,0.63710076
,480,2,0,0.62586486
,480,3,2,1.0
,481,0,0,0.83025855
,481,1,0,0.6277788
,481,2,0,0.61934143
,481,3,2,1.0
,482,0,2,1.0
,482,1,0,0.82651174
,482,2,0,0.6244053
,482,3,0,0.89504975
,483,0,0,0.96074295
,483,1,2,1.0
,483,2,0,0.62693495
,483,3,0,0.6375628
,484,0,2,1.0
,484,1,0,0.919744
,484,2,0,0.69098246
,484,3,0,0.69136363
,485,0,0,1.0
,485,1,0,1.0
,485,2,0,1.0
,485,3,3,0.529479
,486,0,0,0.6453418
,486,1,0,0.6378215
,486,2,2,1.0
,486,3,0,0.9698702
,487,0,0,0.8271387
,487,1,0,0.6329948
,487,2,0,0.89510554
,487,3,2,1.0
,488,0,2,1.0
,488,1,0,0.82156366
,488,2,0,0.6361265
,488,3,0,0.8984747
,489,0,0,0.8944169
,489,1,3,1.0
,489,2,0,0.6310456
,489,3,0,0.8320164
,490,0,0,0.6356527
,490,1,0,0.94195133
,490,2,0,0.82139075
,490,3,2,1.0
,491,0,0,0.6234993
,491,1,0,0.83309364
,491,2,3,1.0
,491,3,0,0.89756006
,492,0,0,0.6320564
,492,1,2,1.0
,492,2,0,0.9399447
,492,3,0,0.83300966
,493,0,0,0.8215274
,493,1,0,0.89527303
,493,2,0,0.6455046
,493,3,2,1.0
,494,0,3,1.0
,494,1,0,0.63371164
,494,2,0,0.82562184
,494,3,0,0.8945714
,495,0,0,0.97741127
,495,1,0,0.6250896
,495,2,2,1.0
,495,3,0,0.6433217
,496,0,3,1.0
,496,1,0,0.6231039
,496,2,0,0.89462465
,496,3,0,0.8257542
,497,0,0,0.97821194
,497,1,0,0.6242376
,497,2,0,0.6425648
,497,3,2,1.0
,498,0,2,1.0
,498,1,0,0.6304954
,498,2,0,0.82714504
,498,3,0,0.8954966
,499,0,0,0.90613043
,499,1,0,0.77069277
,499,2,2,1.0
,499,3,0,0.66004413
,500,0,0,0.6824159
,500,1,2,1.0
,500,2,0,0.63972
,500,3,0,0.60588723
,501,0,2,1.0
,501,1,0,0.53688604
,501,2,0,0.55889493
,501,3,0,0.55649006
,502,0,0,0.6777396
,502,1,2,1.0
,502,2,0,0.50301576
,502,3,0,0.5028384
,503,0,2,1.0
,503,1,0,0.96020633
,503,2,0,0.61592424
,503,3,0,0.61592937
,504,0,0,0.96076185
,504,1,2,1.0
,504,2,0,0.6241813
,504,3,0,0.6244929
,505,0,2,1.0
,505,1,0,0.96079165
,505,2,0,0.6245707
,505,3,0,0.6325048
,506,0,0,0.89523405
,506,1,2,1.0
,506,2,0,0.6247898
,506,3,0,0.8268107
,507,0,0,0.64282954
,507,1,0,0.96075433
,507,2,0,0.6243428
,507,3,2,1.0
,508,0,0,0.8271238
,508,1,2,1.0
,508,2,0,0.62474793
,508,3,0,0.89825237
,509,0,2,1.0
,509,1,0,0.89816725
,509,2,0,0.62453425
,509,3,0,0.83316416
,510,0,0,0.8950183
,510,1,0,0.83309853
,510,2,0,0.6248469
,510,3,2,1.0
,511,0,0,0.63498485
,511,1,2,1.0
,511,2,0,0.6322725
,511,3,0,0.96075445
,512,0,0,0.62524074
,512,1,0,0.89825183
,512,2,0,0.8268662
,512,3,2,1.0
,513,0,0,0.6264171
,513,1,0,0.8330891
,513,2,2,1.0
,513,3,0,0.8962273
,514,0,0,0.67130756
,514,1,2,1.0
,514,2,0,0.9128048
,514,3,0,0.71052146
,515,0,0,0.54870236
,515,1,1,0.8751405
,515,2,0,0.56728923
,515,3,2,1.0
,516,0,0,0.53298366
,516,1,2,1.0
,516,2,0,0.5350232
,516,3,1,0.71734434
,517,0,1,0.5031143
,517,1,0,0.67432773
,517,2,0,0.5051699
,517,3,2,1.0
,518,0,0,0.62469095
,518,1,2,1.0
,518,2,0,0.81604975
,518,3,0,0.89411014
,519,0,0,0.825127
,519,1,0,0.89512765
,519,2,3,1.0
,519,3,0,0.6377699
,520,0,2,1.0
,520,1,0,0.68271863
,520,2,0,0.947765
,520,3,0,0.7352699
,521,0,1,0.5501207
,521,1,0,0.7603977
,521,2,0,0.5509392
,521,3,2,1.0
,522,0,0,0.70069623
,522,1,2,1.0
,522,2,0,0.6639873
,522,3,0,0.9112784
,523,0,2,1.0
,523,1,1,0.7083041
,523,2,0,0.55555755
,523,3,0,0.5740183
,524,0,1,0.7244564
,524,1,2,1.0
,524,2,0,0.54001844
,524,3,0,0.54143465
,525,0,2,1.0
,525,1,1,0.7245053
,525,2,0,0.53507644
,525,3,0,0.53518033
,526,0,1,0.5700086
,526,1,2,1.0
,526,2,1,0.5080738
,526,3,1,0.5081301
,527,0,2,1.0
,527,1,0,0.92542326
,527,2,0,0.66103876
,527,3,0,0.6595369
,528,0,1,0.73482895
,528,1,2,1.0
,528,2,0,0.59307283
,528,3,0,0.5708044
,529,0,1,0.5288069
,529,1,1,0.782655
,529,2,2,1.0
,529,3,0,0.7262933
,530,0,0,0.6114068
,530,1,0,0.6087841
,530,2,0,0.95971185
,530,3,3,1.0
,531,0,0,0.6247098
,531,1,0,0.8209147
,531,2,2,1.0
,531,3,0,0.94004476
,532,0,0,0.6225611
,532,1,3,1.0
,532,2,0,0.9604118
,532,3,0,0.63514936
,533,0,0,0.62459654
,533,1,0,0.97820264
,533,2,2,1.0
,533,3,0,0.62479293
,534,0,0,0.63253033
,534,1,2,1.0
,534,2,0,0.96079636
,534,3,0,0.6249245
,535,0,0,0.8268899
,535,1,0,0.89516777
,535,2,2,1.0
,535,3,0,0.63271666
,536,0,2,1.0
,536,1,0,0.6395051
,536,2,0,0.89556044
,536,3,0,0.82667917
,537,0,0,0.9083485
,537,1,0,0.7357221
,537,2,0,0.6687784
,537,3,2,1.0
,538,0,0,0.55527925
,538,1,2,1.0
,538,2,0,0.53022337
,538,3,0,0.6939607
,539,0,0,0.82299817
,539,1,0,0.89719814
,539,2,0,0.617985
,539,3,2,1.0
,540,0,2,1.0
,540,1,0,0.83306813
,540,2,0,0.62546587
,540,3,0,0.8954981
,541,0,0,0.93593436
,541,1,2,1.0
,541,2,0,0.657199
,541,3,0,0.66741514
,542,0,2,1.0
,542,1,0,0.6968103
,542,2,0,0.53460866
,542,3,0,0.53518623
,543,0,0,0.8952296
,543,1,2,1.0
,543,2,0,0.62423086
,543,3,0,0.62166387
,544,0,0,0.6644291
,544,1,2,1.0
,544,2,0,0.7307285
,544,3,0,0.6674883
,545,0,0,0.53837734
,545,1,1,0.5532242
,545,2,2,1.0
,545,3,0,0.7601553
,546,0,0,0.8229756
,546,1,0,0.62320846
,546,2,0,0.8942374
,546,3,2,1.0
,547,0,2,1.0
,547,1,0,0.8264412
,547,2,0,0.63634664
,547,3,0,0.89572555
,548,0,0,0.9360385
,548,1,2,1.0
,548,2,0,0.65746987
,548,3,0,0.6810611
,549,0,2,1.0
,549,1,1,0.54063505
,549,2,0,0.5341686
,549,3,0,0.76452893
,550,0,0,0.89602816
,550,1,0,0.82104194
,550,2,0,0.6201914
,550,3,2,1.0
,551,0,0,0.74419355
,551,1,2,1.0
,551,2,0,0.6582684
,551,3,0,0.91333985
,552,0,2,1.0
,552,1,1,0.5449825
,552,2,0,0.52933997
,552,3,0,0.7727888
,553,0,0,0.8942806
,553,1,0,0.8208463
,553,2,0,0.6186297
,553,3,2,1.0
,554,0,0,0.63708895
,554,1,2,1.0
,554,2,0,0.62564033
,554,3,0,0.9607258
,555,0,0,0.6811892
,555,1,0,0.9270822
,555,2,0,0.66515696
,555,3,2,1.0
,556,0,0,0.7446443
,556,1,2,1.0
,556,2,0,0.5088209
,556,3,1,0.7612937
,557,0,2,1.0
,557,1,0,0.89586645
,557,2,0,0.61875653
,557,3,0,0.8152433
,558,0,0,0.91328436
,558,1,0,0.74371594
,558,2,0,0.6589648
,558,3,2,1.0
,559,0,0,0.7678488
,559,1,2,1.0
,559,2,0,0.53919566
,559,3,1,0.552553
,560,0,3,1.0
,560,1,0,0.89313143
,560,2,0,0.8204906
,560,3,0,0.61185795
,561,0,0,0.9782047
,561,1,0,0.6388783
,561,2,2,1.0
,561,3,0,0.6248026
,562,0,2,1.0
,562,1,0,0.73601836
,562,2,0,0.90842444
,562,3,0,0.6587987
,563,0,0,0.69403917
,563,1,2,1.0
,563,2,0,0.55535984
,563,3,0,0.5299507
,564,0,2,1.0
,564,1,0,0.8940301
,564,2,0,0.8229801
,564,3,0,0.6257462
,565,0,0,0.89844704
,565,1,0,0.6357029
,565,2,2,1.0
,565,3,0,0.8213291
,566,0,0,0.83203936
,566,1,0,0.62324095
,566,2,0,0.8975764
,566,3,3,1.0
,567,0,2,1.0
,567,1,0,0.6242873
,567,2,0,0.8330252
,567,3,0,0.9417566
,568,0,0,0.89501554
,568,1,0,0.624503
,568,2,2,1.0
,568,3,0,0.8341365
,569,0,0,0.6353112
,569,1,0,0.6243523
,569,2,0,0.9607361
,569,3,2,1.0
,570,0,0,0.63292044
,570,1,0,0.6245683
,570,2,2,1.0
,570,3,0,0.9607914
,571,0,0,0.82688576
,571,1,0,0.6247676
,571,2,0,0.89825505
,571,3,2,1.0
,572,0,2,1.0
,572,1,0,0.6245482
,572,2,0,0.83309454
,572,3,0,0.89502
,573,0,0,0.9607346
,573,1,0,0.62435704
,573,2,2,1.0
,573,3,0,0.63500637
,574,0,2,1.0
,574,1,0,0.6245952
,574,2,0,0.9607716
,574,3,0,0.62501365
,575,0,0,0.9607637
,575,1,0,0.6246563
,575,2,2,1.0
,575,3,0,0.6246728
,576,0,2,1.0
,576,1,0,0.6253126
,576,2,0,0.95936847
,576,3,0,0.6253138
,577,0,0,0.96045417
,577,1,0,0.6228452
,577,2,3,1.0
,577,3,0,0.622857
,578,0,2,1.0
,578,1,0,0.62431926
,578,2,0,0.97820264
,578,3,0,0.6246192
,579,0,0,0.96079624
,579,1,0,0.62489945
,579,2,2,1.0
,579,3,0,0.63253057
,580,0,2,1.0
,580,1,0,0.6325336
,580,2,0,0.89511603
,580,3,0,0.82685536
,581,0,0,0.8984763
,581,1,0,0.82155055
,581,2,0,0.6358303
,581,3,2,1.0
,582,0,0,0.83190894
,582,1,3,1.0
,582,2,0,0.62330985
,582,3,0,0.8944178
,583,0,2,1.0
,583,1,0,0.97820216
,583,2,0,0.6243523
,583,3,0,0.6347367
,584,0,0,0.96079427
,584,1,2,1.0
,584,2,0,0.6325127
,584,3,0,0.6249955
,585,0,2,1.0
,585,1,0,0.89825517
,585,2,0,0.826879
,585,3,0,0.62478405
,586,0,0,0.8980951
,586,1,0,0.8331329
,586,2,2,1.0
,586,3,0,0.6245643
,587,0,0,0.8281359
,587,1,2,1.0
,587,2,0,0.89847094
,587,3,0,0.62516946
,588,0,3,1.0
,588,1,0,0.8975805
,588,2,0,0.8320467
,588,3,0,0.62283385
,589,0,0,0.9417567
,589,1,0,0.8330286
,589,2,2,1.0
,589,3,0,0.6243198
,590,0,0,0.83419555
,590,1,2,1.0
,590,2,0,0.8957345
,590,3,0,0.6257622
,591,0,2,1.0
,591,1,0,0.9360417
,591,2,0,0.6810708
,591,3,0,0.657077
,592,0,1,0.5406317
,592,1,2,1.0
,592,2,0,0.7645243
,592,3,0,0.53409034
,593,0,0,0.82100934
,593,1,0,0.89427704
,593,2,2,1.0
,593,3,0,0.6188512
,594,0,2,1.0
,594,1,0,0.6349607
,594,2,0,0.9607244
,594,3,0,0.62422895
,595,0,0,0.960778
,595,1,0,0.62634563
,595,2,2,1.0
,595,3,0,0.62893224
,596,0,2,1.0
,596,1,0,0.6589498
,596,2,0,0.9082711
,596,3,0,0.7356066
,597,0,0,0.693826
,597,1,0,0.53114796
,597,2,0,0.54839194
,597,3,2,1.0
,598,0,2,1.0
,598,1,0,0.65418303
,598,2,0,0.65821
,598,3,0,0.9347393
,599,0,1,0.50523686
,599,1,0,0.5800742
,599,2,0,0.6346388
,599,3,2,1.0
,600,0,0,0.56077766
,600,1,0,0.60844976
,600,2,2,1.0
,600,3,1,0.5258111
,601,0,0,0.73991394
,601,1,2,1.0
,601,2,1,0.56108654
,601,3,1,0.50222147
,602,0,2,1.0
,602,1,0,0.8940685
,602,2,0,0.8201012
,602,3,0,0.61679006
,603,0,0,0.9607212
,603,1,0,0.6348984
,603,2,2,1.0
,603,3,0,0.62396175
,604,0,2,1.0
,604,1,0,0.62531286
,604,2,0,0.9607732
,604,3,0,0.62458396
,605,0,0,0.9607934
,605,1,0,0.63253844
,605,2,2,1.0
,605,3,0,0.6248964
,606,0,2,1.0
,606,1,0,0.8268906
,606,2,0,0.8950983
,606,3,0,0.63271654
,607,0,0,0.8981726
,607,1,2,1.0
,607,2,0,0.63517195
,607,3,0,0.826725
,608,0,0,0.83309317
,608,1,0,0.8951401
,608,2,0,0.62495637
,608,3,2,1.0
,609,0,2,1.0
,609,1,0,0.6428244
,609,2,0,0.6246593
,609,3,0,0.9607549
,610,0,0,0.89522
,610,1,0,0.8271366
,610,2,0,0.63269776
,610,3,2,1.0
,611,0,0,0.6430259
,611,1,2,1.0
,611,2,0,0.8267385
,611,3,0,0.89501816
,612,0,0,0.82697505
,612,1,0,0.89816904
,612,2,2,1.0
,612,3,0,0.63546455
,613,0,2,1.0
,613,1,0,0.83316666
,613,2,0,0.8950059
,613,3,0,0.6328686
,614,0,0,0.8951486
,614,1,2,1.0
,614,2,0,0.635201
,614,3,0,0.8266624
,615,0,0,0.64281636
,615,1,0,0.9607534
,615,2,0,0.6250535
,615,3,2,1.0
,616,0,0,0.82713
,616,1,2,1.0
,616,2,0,0.63271284
,616,3,0,0.8950963
,617,0,2,1.0
,617,1,0,0.8950253
,617,2,0,0.8266525
,617,3,0,0.63519704
,618,0,0,0.9607331
,618,1,0,0.6349982
,618,2,2,1.0
,618,3,0,0.62476677
,619,0,2,1.0
,619,1,0,0.6250229
,619,2,0,0.96077186
,619,3,0,0.6246085
,620,0,0,0.9607746
,620,1,0,0.6249355
,620,2,2,1.0
,620,3,0,0.6246079
,621,0,2,1.0
,621,1,0,0.6325238
,621,2,0,0.960792
,621,3,0,0.6245897
,622,0,0,0.8951106
,622,1,0,0.8268051
,622,2,2,1.0
,622,3,0,0.62479496
,623,0,0,0.63501006
,623,1,2,1.0
,623,2,0,0.9607347
,623,3,0,0.62437886
,624,0,0,0.62501067
,624,1,0,0.9607732
,624,2,2,1.0
,624,3,0,0.6248948
,625,0,0,0.6246602
,625,1,2,1.0
,625,2,0,0.96078354
,625,3,0,0.63233876
,626,0,0,0.6257966
,626,1,0,0.89538604
,626,2,2,1.0
,626,3,0,0.8216827
,627,0,0,0.63055444
,627,1,0,0.6333765
,627,2,0,0.9604539
,627,3,3,1.0
,628,0,0,0.82659286
,628,1,0,0.6250308
,628,2,2,1.0
,628,3,0,0.9398769
,629,0,2,1.0
,629,1,0,0.6250611
,629,2,0,0.95932525
,629,3,0,0.6374428
,630,0,0,0.9604527
,630,1,0,0.6231232
,630,2,3,1.0
,630,3,0,0.62330455
,631,0,2,1.0
,631,1,0,0.632224
,631,2,0,0.9782122
,631,3,0,0.6243047
,632,0,0,0.898262
,632,1,0,0.82688487
,632,2,2,1.0
,632,3,0,0.6247737
,633,0,0,0.8331644
,633,1,2,1.0
,633,2,0,0.89816725
,633,3,0,0.6245238
,634,0,2,1.0
,634,1,0,0.8950199
,634,2,0,0.83309215
,634,3,0,0.62453824
,635,0,0,0.9607346
,635,1,0,0.6350062
,635,2,2,1.0
,635,3,0,0.6243566
,636,0,2,1.0
,636,1,0,0.6250115
,636,2,0,0.96077186
,636,3,0,0.624593
,637,0,0,0.9607732
,637,1,0,0.62462735
,637,2,2,1.0
,637,3,0,0.6246109
,638,0,2,1.0
,638,1,0,0.62461466
,638,2,0,0.960773
,638,3,0,0.62461406
,639,0,0,0.9607637
,639,1,0,0.6246575
,639,2,2,1.0
,639,3,0,0.6246575
,640,0,2,1.0
,640,1,0,0.6253156
,640,2,0,0.95936847
,640,3,0,0.6253156
,641,0,0,0.9604427
,641,1,0,0.62289244
,641,2,3,1.0
,641,3,0,0.6228929
,642,0,2,1.0
,642,1,0,0.62501353
,642,2,0,0.97740763
,642,3,0,0.6250259
,643,0,0,0.9604553
,643,1,0,0.6228264
,643,2,3,1.0
,643,3,0,0.6231392
,644,0,2,1.0
,644,1,0,0.62428933
,644,2,0,0.9782117
,644,3,0,0.632224
,645,0,0,0.89512306
,645,1,0,0.624804
,645,2,2,1.0
,645,3,0,0.82680947
,646,0,0,0.63536245
,646,1,0,0.6244197
,646,2,0,0.96072716
,646,3,2,1.0
,647,0,0,0.6336922
,647,1,0,0.6255479
,647,2,2,1.0
,647,3,0,0.95937467
,648,0,0,0.8256735
,648,1,0,0.6310572
,648,2,0,0.8944899
,648,3,3,1.0
,649,0,2,1.0
,649,1,0,0.8264809
,649,2,0,0.63501596
,649,3,0,0.93986785
,650,0,0,0.9607295
,650,1,2,1.0
,650,2,0,0.6247354
,650,3,0,0.6367535
,651,0,2,1.0
,651,1,0,0.9607731
,651,2,0,0.62460285
,651,3,0,0.6253865
,652,0,0,0.96079266
,652,1,2,1.0
,652,2,0,0.62458634
,652,3,0,0.6325421
,653,0,2,1.0
,653,1,0,0.89825547
,653,2,0,0.6247658
,653,3,0,0.82688034
,654,0,0,0.89816725
,654,1,0,0.83316416
,654,2,0,0.6245226
,654,3,2,1.0
,655,0,0,0.83309805
,655,1,2,1.0
,655,2,0,0.62453437
,655,3,0,0.89514345
,656,0,2,1.0
,656,1,0,0.9607534
,656,2,0,0.6243349
,656,3,0,0.6428245
,657,0,0,0.8951123
,657,1,2,1.0
,657,2,0,0.62477535
,657,3,0,0.8270492
,658,0,0,0.6353148
,658,1,0,0.9607361
,658,2,0,0.624363
,658,3,2,1.0
,659,0,0,0.63291955
,659,1,2,1.0
,659,2,0,0.6245716
,659,3,0,0.96079063
,660,0,0,0.8268148
,660,1,0,0.89511037
,660,2,0,0.62480545
,660,3,2,1.0
,661,0,2,1.0
,661,1,0,0.6350069
,661,2,0,0.6246756
,661,3,0,0.9607361
,662,0,0,0.9607903
,662,1,0,0.62499183
,662,2,0,0.63250375
,662,3,2,1.0
,663,0,2,1.0
,663,1,0,0.624858
,663,2,0,0.82676315
,663,3,0,0.89513457
,664,0,0,0.95932966
,664,1,0,0.62506986
,664,2,2,1.0
,664,3,0,0.6360079
,665,0,3,1.0
,665,1,0,0.62308955
,665,2,0,0.9604871
,665,3,0,0.63115996
,666,0,0,0.9398572
,666,1,0,0.63249826
,666,2,2,1.0
,666,3,0,0.8267384
,667,0,0,0.63700014
,667,1,0,0.82663846
,667,2,0,0.895129
,667,3,2,1.0
,668,0,0,0.62650126
,668,1,2,1.0
,668,2,0,0.64205635
,668,3,0,0.96074146
,669,0,0,0.667271
,669,1,0,0.91706413
,669,2,0,0.80695045
,669,3,2,1.0
,670,0,0,0.5020998
,670,1,0,0.7530157
,670,2,3,1.0
,670,3,1,0.7748646
,671,0,0,0.61667347
,671,1,2,1.0
,671,2,0,0.9398954
,671,3,0,0.8145387
,672,0,0,0.62393355
,672,1,0,0.9607157
,672,2,0,0.63666004
,672,3,2,1.0
,673,0,0,0.62488073
,673,1,2,1.0
,673,2,0,0.6250699
,673,3,0,0.9607729
,674,0,0,0.6325224
,674,1,0,0.9607928
,674,2,0,0.62461686
,674,3,2,1.0
,675,0,0,0.8268829
,675,1,2,1.0
,675,2,0,0.6250778
,675,3,0,0.89825517
,676,0,2,1.0
,676,1,0,0.8951302
,676,2,0,0.6324718
,676,3,0,0.83317935
,677,0,0,0.8950308
,677,1,0,0.64284056
,677,2,0,0.8266971
,677,3,2,1.0
,678,0,0,0.6358225
,678,1,0,0.8218016
,678,2,2,1.0
,678,3,0,0.8984728
,679,0,0,0.6235608
,679,1,3,1.0
,679,2,0,0.89757705
,679,3,0,0.8320473
,680,0,0,0.63224196
,680,1,0,0.9398591
,680,2,0,0.833038
,680,3,2,1.0
,681,0,0,0.82659
,681,1,0,0.6369824
,681,2,2,1.0
,681,3,0,0.8951588
,682,0,2,1.0
,682,1,0,0.6255443
,682,2,0,0.959331
,682,3,0,0.64342445
,683,0,0,0.89480543
,683,1,0,0.62385434
,683,2,3,1.0
,683,3,0,0.82073075
,684,0,0,0.6332296
,684,1,0,0.6220664
,684,2,0,0.97818
,684,3,3,1.0
,685,0,0,0.6324424
,685,1,0,0.6243222
,685,2,2,1.0
,685,3,0,0.97820705
,686,0,0,0.8216978
,686,1,0,0.6258028
,686,2,0,0.89539284
,686,3,2,1.0
,687,0,3,1.0
,687,1,0,0.6305587
,687,2,0,0.63337344
,687,3,0,0.9604549
,688,0,0,0.9417547
,688,1,0,0.82670766
,688,2,0,0.6249544
,688,3,2,1.0
,689,0,0,0.8341692
,689,1,2,1.0
,689,2,0,0.62455136
,689,3,0,0.89808714
,690,0,2,1.0
,690,1,0,0.8952986
,690,2,0,0.62524116
,690,3,0,0.8281117
,691,0,0,0.9604195
,691,1,0,0.6334073
,691,2,0,0.6229111
,691,3,3,1.0
,692,0,2,1.0
,692,1,0,0.6250495
,692,2,0,0.6320199
,692,3,0,0.97820807
,693,0,0,0.8953923
,693,1,0,0.6335036
,693,2,0,0.82171315
,693,3,2,1.0
,694,0,0,0.6350051
,694,1,0,0.82544905
,694,2,3,1.0
,694,3,0,0.89617527
,695,0,0,0.6587624
,695,1,2,1.0
,695,2,0,0.9508313
,695,3,0,0.74383104
,696,0,0,0.52912384
,696,1,1,0.5452056
,696,2,0,0.7745492
,696,3,2,1.0
,697,0,0,0.6185593
,697,1,0,0.8208383
,697,2,2,1.0
,697,3,0,0.89425105
,698,0,0,0.6240421
,698,1,2,1.0
,698,2,0,0.96072465
,698,3,0,0.63521135
,699,0,0,0.62455684
,699,1,0,0.9607903
,699,2,2,1.0
,699,3,0,0.63291377
,700,0,0,0.62479293
,700,1,2,1.0
,700,2,0,0.8951105
,700,3,0,0.82681435
,701,0,0,0.62436754
,701,1,0,0.9607346
,701,2,0,0.6350102
,701,3,2,1.0
,702,0,0,0.6246054
,702,1,2,1.0
,702,2,0,0.6250113
,702,3,0,0.960772
,703,0,0,0.6249191
,703,1,0,0.9607747
,703,2,0,0.6246237
,703,3,2,1.0
,704,0,0,0.6325242
,704,1,2,1.0
,704,2,0,0.62458754
,704,3,0,0.9607928
,705,0,0,0.82688004
,705,1,0,0.89825547
,705,2,0,0.62476563
,705,3,2,1.0
,706,0,2,1.0
,706,1,0,0.83316743
,706,2,0,0.62452006
,706,3,0,0.89816743
,707,0,0,0.898167
,707,1,2,1.0
,707,2,0,0.6245126
,707,3,0,0.8331618
,708,0,0,0.83309805
,708,1,0,0.89514345
,708,2,0,0.6245341
,708,3,2,1.0
,709,0,2,1.0
,709,1,0,0.6428245
,709,2,0,0.62433547
,709,3,0,0.9607534
,710,0,0,0.89510757
,710,1,0,0.8270493
,710,2,0,0.6247874
,710,3,2,1.0
,711,0,0,0.63502043
,711,1,2,1.0
,711,2,0,0.6246678
,711,3,0,0.960736
,712,0,0,0.6253375
,712,1,0,0.9607837
,712,2,0,0.6323192
,712,3,2,1.0
,713,0,0,0.63333386
,713,1,2,1.0
,713,2,0,0.8216969
,713,3,0,0.8953885
,714,0,0,0.8203971
,714,1,0,0.8979118
,714,2,3,1.0
,714,3,0,0.63433856
,715,0,3,1.0
,715,1,0,0.83168256
,715,2,0,0.9399039
,715,3,0,0.62321234
,716,0,0,0.9782117
,716,1,2,1.0
,716,2,0,0.6364824
,716,3,0,0.63191503
,717,0,2,1.0
,717,1,0,0.89825857
,717,2,0,0.62524205
,717,3,0,0.82687074
,718,0,0,0.89816725
,718,1,0,0.8331643
,718,2,0,0.6245457
,718,3,2,1.0
,719,0,0,0.83309597
,719,1,2,1.0
,719,2,0,0.6246392
,719,3,0,0.89506
,720,0,2,1.0
,720,1,0,0.96074426
,720,2,0,0.626952
,720,3,0,0.6375704
,721,0,0,0.91974413
,721,1,2,1.0
,721,2,0,0.6909831
,721,3,0,0.6913641
,722,0,0,1.0
,722,1,0,1.0
,722,2,3,0.5222053
,722,3,0,1.0
,723,0,0,0.6394162
,723,1,0,0.6394162
,723,2,0,0.92134225
,723,3,2,1.0
,724,0,0,0.61967605
,724,1,0,0.6196761
,724,2,0,0.83060414
,724,3,2,1.0
,725,0,0,0.62417334
,725,1,0,0.62417334
,725,2,2,1.0
,725,3,0,0.96072763
,726,0,0,0.626123
,726,1,0,0.626123
,726,2,0,0.96075284
,726,3,2,1.0
,727,0,0,0.66273636
,727,1,0,0.66273636
,727,2,2,1.0
,727,3,0,0.9558128
,728,0,0,0.51729727
,728,1,0,0.51729727
,728,2,0,0.68234766
,728,3,3,1.0
,729,0,0,0.6175347
,729,1,0,0.61753446
,729,2,2,1.0
,729,3,0,0.9782062
,730,0,0,0.6603727
,730,1,0,0.6603671
,730,2,0,0.9353661
,730,3,2,1.0
,731,0,0,0.5773144
,731,1,0,0.5772238
,731,2,2,1.0
,731,3,0,0.5510539
,732,0,0,0.55224663
,732,1,0,0.5509886
,732,2,0,0.528237
,732,3,2,1.0
,733,0,0,0.5601988
,733,1,0,0.5431384
,733,2,2,1.0
,733,3,0,0.5260667
,734,0,0,0.7329045
,734,1,0,0.50174147
,734,2,1,0.5703656
,734,3,2,1.0
,735,0,3,1.0
,735,1,0,0.61388844
,735,2,0,0.6114583
,735,3,0,0.95970565
,736,0,0,0.96418166
,736,1,0,0.65639555
,736,2,0,0.67022264
,736,3,2,1.0
,737,0,2,1.0
,737,1,0,0.53480357
,737,2,0,0.76411843
,737,3,1,0.54819006
,738,0,0,0.9589927
,738,1,0,0.6191594
,738,2,2,1.0
,738,3,0,0.6239449
,739,0,3,1.0
,739,1,0,0.6228375
,739,2,0,0.89461654
,739,3,0,0.825176
,740,0,0,0.9774116
,740,1,0,0.6249755
,740,2,0,0.643328
,740,3,2,1.0
,741,0,3,1.0
,741,1,0,0.63101256
,741,2,0,0.82590353
,741,3,0,0.89460623
,742,0,0,0.93985987
,742,1,0,0.82656336
,742,2,2,1.0
,742,3,0,0.6428467
,743,0,0,0.6369765
,743,1,2,1.0
,743,2,0,0.8950415
,743,3,0,0.8268807
,744,0,0,0.6261129
,744,1,0,0.9607479
,744,2,0,0.6367831
,744,3,2,1.0
,745,0,0,0.6578152
,745,1,2,1.0
,745,2,0,0.6716502
,745,3,0,0.93612707
,746,0,0,0.54282063
,746,1,1,0.54907775
,746,2,0,0.7641137
,746,3,2,1.0
,747,0,0,0.82308143
,747,1,0,0.6169934
,747,2,2,1.0
,747,3,0,0.89599216
,748,0,2,1.0
,748,1,0,0.6615683
,748,2,0,0.9093801
,748,3,0,0.7421057
,749,0,0,0.54592997
,749,1,0,0.57269484
,749,2,0,0.58958775
,749,3,2,1.0
,750,0,2,1.0
,750,1,0,0.546822
,750,2,0,0.548061
,750,3,0,0.5281761
,751,0,0,0.67244875
,751,1,0,0.5022848
,751,2,0,0.5023769
,751,3,2,1.0
,752,0,3,1.0
,752,1,0,0.6122754
,752,2,0,0.6122793
,752,3,0,0.95962214
,753,0,0,0.9782017
,753,1,0,0.6237588
,753,2,0,0.6237589
,753,3,2,1.0
,754,0,2,1.0
,754,1,0,0.6246413
,754,2,0,0.6246408
,754,3,0,0.9607662
,755,0,0,0.9593686
,755,1,0,0.62532455
,755,2,0,0.62531215
,755,3,2,1.0
,756,0,3,1.0
,756,1,0,0.62315434
,756,2,0,0.6228416
,756,3,0,0.9604558
,757,0,0,0.9782117
,757,1,0,0.6322247
,757,2,0,0.6242898
,757,3,2,1.0
,758,0,2,1.0
,758,1,0,0.82681036
,758,2,0,0.6248016
,758,3,0,0.8951221
,759,0,0,0.960736
,759,1,2,1.0
,759,2,0,0.62436706
,759,3,0,0.63530886
,760,0,2,0.99999917
,760,1,0,0.96078306
,760,2,0,0.6246255
,760,3,0,0.632735
,761,0,0,0.89849395
,761,1,2,1.0
,761,2,0,0.6258091
,761,3,0,0.82170355
,762,0,0,0.8270875
,762,1,0,0.8946827
,762,2,0,0.6316308
,762,3,3,1.0
,763,0,3,1.0
,763,1,0,0.6333446
,763,2,0,0.8250923
,763,3,0,0.9399802
,764,0,0,0.9782117
,764,1,0,0.6243743
,764,2,2,1.0
,764,3,0,0.6443012
,765,0,2,1.0
,765,1,0,0.6247655
,765,2,0,0.89825827
,765,3,0,0.8271702
,766,0,0,0.8981674
,766,1,0,0.62452316
,766,2,0,0.83316445
,766,3,2,1.0
,767,0,0,0.83309823
,767,1,0,0.62453437
,767,2,2,1.0
,767,3,0,0.89514357
,768,0,2,1.0
,768,1,0,0.6243324
,768,2,0,0.9607542
,768,3,0,0.6428255
,769,0,0,0.8982521
,769,1,0,0.62474966
,769,2,2,1.0
,769,3,0,0.8271203
,770,0,0,0.8331005
,770,1,0,0.6245436
,770,2,0,0.89514357
,770,3,2,1.0
,771,0,2,1.0
,771,1,0,0.62433267
,771,2,0,0.64282554
,771,3,0,0.96075433
,772,0,0,0.89825237
,772,1,0,0.6247472
,772,2,0,0.82712376
,772,3,2,1.0
,773,0,0,0.833164
,773,1,0,0.62452465
,773,2,2,1.0
,773,3,0,0.89816713
,774,0,2,1.0
,774,1,0,0.62460124
,774,2,0,0.8950727
,774,3,0,0.83309424
,775,0,0,0.9607322
,775,1,0,0.6259845
,775,2,0,0.6383408
,775,3,2,1.0
,776,0,2,1.0
,776,1,0,0.66580313
,776,2,0,0.71061075
,776,3,0,0.9164487
,777,0,1,0.77145463
,777,1,0,0.50681025
,777,2,2,1.0
,777,3,0,0.7563678
,778,0,0,0.61448616
,778,1,0,0.6174859
,778,2,0,0.958912
,778,3,2,1.0
,779,0,0,0.8249704
,779,1,0,0.62269944
,779,2,3,1.0
,779,3,0,0.8944709
,780,0,2,1.0
,780,1,0,0.6240557
,780,2,0,0.9781973
,780,3,0,0.63508976
,781,0,0,0.95937693
,781,1,0,0.6252486
,781,2,2,1.0
,781,3,0,0.63370204
,782,0,3,1.0
,782,1,0,0.6231791
,782,2,0,0.89453405
,782,3,0,0.8254757
,783,0,0,0.97740847
,783,1,0,0.62473124
,783,2,0,0.6357375
,783,3,2,1.0
,784,0,3,1.0
,784,1,0,0.6228024
,784,2,0,0.630961
,784,3,0,0.96047616
,785,0,0,0.94194746
,785,1,0,0.62520814
,785,2,0,0.82156134
,785,3,2,1.0
,786,0,0,0.8330994
,786,1,0,0.6227998
,786,2,3,1.0
,786,3,0,0.89756745
,787,0,2,1.0
,787,1,0,0.62431556
,787,2,0,0.94171387
,787,3,0,0.8329916
,788,0,0,0.89840066
,788,1,0,0.625211
,788,2,0,0.82918966
,788,3,2,1.0
,789,0,0,0.827026
,789,1,0,0.62365746
,789,2,3,1.0
,789,3,0,0.8947373
,790,0,3,1.0
,790,1,0,0.6232979
,790,2,0,0.97819096
,790,3,0,0.63417363
,791,0,0,0.9641948
,791,1,0,0.6568465
,791,2,2,1.0
,791,3,0,0.6577826
,792,0,2,1.0
,792,1,0,0.5349797
,792,2,0,0.6984999
,792,3,0,0.5436609
,793,0,0,0.89408827
,793,1,0,0.618328
,793,2,2,1.0
,793,3,0,0.8227428
,794,0,0,0.63519746
,794,1,0,0.6240247
,794,2,0,0.9607235
,794,3,2,1.0
,795,0,0,0.6329142
,795,1,0,0.6245534
,795,2,2,1.0
,795,3,0,0.9607912
,796,0,0,0.8268893
,796,1,0,0.624764
,796,2,0,0.89825547
,796,3,2,1.0
,797,0,2,1.0
,797,1,0,0.62451994
,797,2,0,0.83316743
,797,3,0,0.89816755
,798,0,0,0.8981674
,798,1,0,0.62451005
,798,2,2,1.0
,798,3,0,0.83316517
,799,0,0,0.83316517
,799,1,0,0.6245096
,799,2,0,0.89816743
,799,3,2,1.0
,800,0,2,1.0
,800,1,0,0.6245098
,800,2,0,0.83316505
,800,3,0,0.8981674
,801,0,0,0.8981666
,801,1,0,0.624515
,801,2,2,1.0
,801,3,0,0.8331605
,802,0,0,0.8330501
,802,1,0,0.6245888
,802,2,0,0.8950454
,802,3,2,1.0
,803,0,2,1.0
,803,1,0,0.6251117
,803,2,0,0.63607347
,803,3,0,0.95932615
,804,0,0,0.9590756
,804,1,0,0.6234665
,804,2,0,0.63196427
,804,3,3,1.0
,805,0,3,1.0
,805,1,0,0.6227381
,805,2,0,0.8252513
,805,3,0,0.9399062
,806,0,0,0.97820216
,806,1,0,0.62398636
,806,2,2,1.0
,806,3,0,0.6368102
,807,0,2,1.0
,807,1,0,0.6245719
,807,2,0,0.96079403
,807,3,0,0.6329966
,808,0,0,0.8982553
,808,1,0,0.6247679
,808,2,2,1.0
,808,3,0,0.826888
,809,0,0,0.8331005
,809,1,0,0.6245445
,809,2,0,0.89514357
,809,3,2,1.0
,810,0,2,1.0
,810,1,0,0.62433535
,810,2,0,0.6428245
,810,3,0,0.9607534
,811,0,0,0.8951075
,811,1,0,0.62477565
,811,2,0,0.827049
,811,3,2,1.0
,812,0,0,0.63501006
,812,1,0,0.62436634
,812,2,2,1.0
,812,3,0,0.9607346
,813,0,0,0.6250118
,813,1,0,0.6245935
,813,2,0,0.96077186
,813,3,2,1.0
,814,0,0,0.62462956
,814,1,0,0.62461317
,814,2,2,1.0
,814,3,0,0.960773
,815,0,0,0.6246599
,815,1,0,0.62465924
,815,2,0,0.9607638
,815,3,2,1.0
,816,0,0,0.62536466
,816,1,0,0.6253646
,816,2,2,1.0
,816,3,0,0.9593688
,817,0,0,0.62423533
,817,1,0,0.6242354
,817,2,0,0.9604727
,817,3,3,1.0
,818,0,0,0.6602715
,818,1,0,0.6602742
,818,2,2,1.0
,818,3,0,0.96378386
,819,0,0,0.5775891
,819,1,0,0.57763374
,819,2,0,0.5518686
,819,3,2,1.0
,820,0,0,0.54780674
,820,1,0,0.54842764
,820,2,2,1.0
,820,3,0,0.52940047
,821,0,0,0.5014368
,821,1,0,0.5098808
,821,2,0,0.67734665
,821,3,2,1.0
,822,0,0,0.6235731
,822,1,0,0.8213982
,822,2,2,1.0
,822,3,0,0.89445215
,823,0,0,0.80792046
,823,1,2,1.0
,823,2,0,0.90987647
,823,3,0,0.67277944
,824,0,3,1.0
,824,1,0,0.68217564
,824,2,0,0.54282755
,824,3,0,0.51693773
,825,0,0,0.9417477
,825,1,2,1.0
,825,2,0,0.8221227
,825,3,0,0.6166814
,826,0,0,0.8291226
,826,1,0,0.8952725
,826,2,2,1.0
,826,3,0,0.6248464
,827,0,3,1.0
,827,1,0,0.6347348
,827,2,0,0.9604384
,827,3,0,0.62409943
,828,0,0,0.9639941
,828,1,0,0.66005397
,828,2,2,1.0
,828,3,0,0.6635084
,829,0,2,1.0
,829,1,0,0.5744393
,829,2,0,0.5086979
,829,3,0,0.6377604
,830,0,1,0.55801964
,830,1,0,0.5086718
,830,2,0,0.7398058
,830,3,2,1.0
,831,0,0,0.8202193
,831,1,0,0.61728853
,831,2,2,1.0
,831,3,0,0.89421105
,832,0,2,1.0
,832,1,0,0.62426955
,832,2,0,0.9607418
,832,3,0,0.64270854
,833,0,0,0.89509445
,833,1,0,0.6326816
,833,2,2,1.0
,833,3,0,0.82713014
,834,0,0,0.63516885
,834,1,0,0.82672757
,834,2,0,0.8981728
,834,3,2,1.0
,835,0,0,0.62492263
,835,1,2,1.0
,835,2,0,0.8331565
,835,3,0,0.8981639
,836,0,0,0.6245518
,836,1,0,0.89514333
,836,2,2,1.0
,836,3,0,0.83309793
,837,0,0,0.62438726
,837,1,0,0.64282435
,837,2,0,0.960754
,837,3,2,1.0
,838,0,0,0.62611604
,838,1,0,0.82707345
,838,2,2,1.0
,838,3,0,0.8968458
,839,0,0,0.65868145
,839,1,2,1.0
,839,2,0,0.90817773
,839,3,0,0.7442702
,840,0,0,0.53135324
,840,1,0,0.6938877
,840,2,0,0.5483104
,840,3,2,1.0
,841,0,0,0.65756494
,841,1,2,1.0
,841,2,0,0.654654
,841,3,0,0.9347085
,842,0,0,0.63415945
,842,1,1,0.5022656
,842,2,0,0.5764521
,842,3,2,1.0
,843,0,2,1.0
,843,1,0,0.60098916
,843,2,0,0.5567536
,843,3,1,0.5223024
,844,0,1,0.5249838
,844,1,2,1.0
,844,2,0,0.6012195
,844,3,0,0.5427192
,845,0,0,0.5420905
,845,1,0,0.5267915
,845,2,2,1.0
,845,3,0,0.54833984
,846,0,0,0.54229933
,846,1,2,1.0
,846,2,0,0.5261944
,846,3,0,0.56001127
,847,0,0,0.5019799
,847,1,1,0.5701072
,847,2,2,1.0
,847,3,0,0.7371311
,848,0,0,0.6549048
,848,1,0,0.6523261
,848,2,0,0.95526123
,848,3,2,1.0
,849,0,0,0.51798815
,849,1,0,0.5208637
,849,2,3,1.0
,849,3,0,0.68237364
,850,0,0,0.65432066
,850,1,0,0.72619903
,850,2,0,0.94928354
,850,3,2,1.0
,851,0,0,0.572104
,851,1,2,1.0
,851,2,0,0.64779437
,851,3,1,0.50677747
,852,0,0,0.5642906
,852,1,1,0.52290314
,852,2,2,1.0
,852,3,0,0.6003388
,853,0,0,0.7163112
,853,1,0,0.5410333
,853,2,1,0.52632964
,853,3,2,1.0
,854,0,3,1.0
,854,1,1,0.50175774
,854,2,1,0.50373346
,854,3,0,0.67306477
,855,0,0,0.949283
,855,1,0,0.6528843
,855,2,0,0.7253801
,855,3,2,1.0
,856,0,0,0.64923286
,856,1,0,0.5678016
,856,2,2,1.0
,856,3,0,0.5031196
,857,0,2,1.0
,857,1,0,0.5073133
,857,2,1,0.5587789
,857,3,0,0.7387834
,858,0,0,0.8972548
,858,1,0,0.61717933
,858,2,0,0.8202633
,858,3,2,1.0
,859,0,0,0.8330905
,859,1,0,0.6241392
,859,2,2,1.0
,859,3,0,0.89813757
,860,0,2,1.0
,860,1,0,0.6245232
,860,2,0,0.89502
,860,3,0,0.8330903
,861,0,0,0.9607352
,861,1,0,0.6244171
,861,2,0,0.63506687
,861,3,2,1.0
,862,0,2,1.0
,862,1,0,0.62617564
,862,2,0,0.62659794
,862,3,0,0.9607745
,863,0,0,0.92761415
,863,1,0,0.6649425
,863,2,0,0.6650739
,863,3,2,1.0
,864,0,2,1.0
,864,1,0,0.5129966
,864,2,0,0.5147501
,864,3,1,0.5388264
,865,0,0,0.9104841
,865,1,0,0.6601195
,865,2,0,0.70081943
,865,3,2,1.0
,866,0,0,0.5675319
,866,1,0,0.54945487
,866,2,2,1.0
,866,3,1,0.69955033
,867,0,0,0.50126755
,867,1,0,0.5088744
,867,2,0,0.6706475
,867,3,2,1.0
,868,0,0,0.6127053
,868,1,0,0.81902766
,868,2,3,1.0
,868,3,0,0.8958336
,869,0,0,0.6237282
,869,1,2,1.0
,869,2,0,0.9417581
,869,3,0,0.8328934
,870,0,0,0.6247853
,870,1,0,0.8950077
,870,2,0,0.8341402
,870,3,2,1.0
,871,0,0,0.6322697
,871,1,0,0.6349844
,871,2,2,1.0
,871,3,0,0.9607536
,872,0,0,0.8267995
,872,1,0,0.625191
,872,2,0,0.89523125
,872,3,2,1.0
,873,0,2,1.0
,873,1,0,0.6243727
,873,2,0,0.642828
,873,3,0,0.9607535
,874,0,0,0.89510673
,874,1,0,0.6250783
,874,2,0,0.82705474
,874,3,2,1.0
,875,0,0,0.6350308
,875,1,0,0.6320978
,875,2,2,1.0
,875,3,0,0.96074516
,876,0,0,0.625879
,876,1,0,0.821671
,876,2,0,0.89550984
,876,3,2,1.0
,877,0,0,0.62261
,877,1,3,1.0
,877,2,0,0.64123756
,877,3,0,0.9604539
,878,0,0,0.6245788
,878,1,0,0.93986684
,878,2,0,0.82689047
,878,3,2,1.0
,879,0,0,0.6248079
,879,1,0,0.6368967
,879,2,2,1.0
,879,3,0,0.9606927
,880,0,0,0.634802
,880,1,0,0.62699777
,880,2,0,0.8959367
,880,3,2,1.0
,881,0,0,0.8235348
,881,1,0,0.6195087
,881,2,0,0.63819146
,881,3,2,1.0
,882,0,2,1.0
,882,1,0,0.6249427
,882,2,0,0.82166004
,882,3,0,0.8984571
,883,0,0,0.8975784
,883,1,0,0.6231308
,883,2,3,1.0
,883,3,0,0.83204937
,884,0,0,0.8330428
,884,1,0,0.63222724
,884,2,0,0.93986064
,884,3,2,1.0
,885,0,2,1.0
,885,1,0,0.826704
,885,2,0,0.63721645
,885,3,0,0.8981646
,886,0,0,0.89500433
,886,1,2,1.0
,886,2,0,0.6329366
,886,3,0,0.8331692
,887,0,0,0.6351652
,887,1,0,0.8981725
,887,2,0,0.8267332
,887,3,2,1.0
,888,0,0,0.62493706
,888,1,0,0.83315563
,888,2,2,1.0
,888,3,0,0.8981635
,889,0,0,0.624912
,889,1,2,1.0
,889,2,0,0.89503664
,889,3,0,0.8330599
,890,0,0,0.6330454
,890,1,0,0.95933646
,890,2,0,0.6356514
,890,3,2,1.0
,891,0,0,0.82564074
,891,1,3,1.0
,891,2,0,0.62378865
,891,3,0,0.8976594
,892,0,2,1.0
,892,1,0,0.9398591
,892,2,0,0.63225156
,892,3,0,0.8330407
,893,0,0,0.89508456
,893,1,0,0.63699794
,893,2,0,0.8266293
,893,3,2,1.0
,894,0,0,0.6392585
,894,1,0,0.62643576
,894,2,2,1.0
,894,3,0,0.96073794
,895,0,0,0.7348407
,895,1,0,0.6655178
,895,2,0,0.9092866
,895,3,2,1.0
,896,0,2,1.0
,896,1,0,0.63106227
,896,2,0,0.58642447
,896,3,0,0.503795
,897,0,1,0.5660749
,897,1,2,1.0
,897,2,0,0.50990146
,897,3,0,0.7337307
,898,0,0,0.6103151
,898,1,0,0.95970786
,898,2,0,0.61315316
,898,3,3,1.0
,899,0,0,0.6314176
,899,1,2,1.0
,899,2,0,0.62382495
,899,3,0,0.97820777
,900,0,0,0.82169306
,900,1,0,0.8985649
,900,2,0,0.62541246
,900,3,2,1.0
,901,0,3,1.0
,901,1,0,0.83205265
,901,2,0,0.6228585
,901,3,0,0.8975835
,902,0,0,0.9398788
,902,1,2,1.0
,902,2,0,0.6243597
,902,3,0,0.83291763
,903,0,0,0.6374464
,903,1,0,0.9593258
,903,2,0,0.62532955
,903,3,2,1.0
,904,0,0,0.62358063
,904,1,3,1.0
,904,2,0,0.6307354
,904,3,0,0.96048695
,905,0,0,0.63251734
,905,1,0,0.9398565
,905,2,0,0.82672805
,905,3,2,1.0
,906,0,0,0.82663924
,906,1,0,0.6369367
,906,2,2,1.0
,906,3,0,0.8951411
,907,0,2,1.0
,907,1,0,0.62487453
,907,2,0,0.9607521
,907,3,0,0.64281404
,908,0,0,0.89599115
,908,1,0,0.6263917
,908,2,2,1.0
,908,3,0,0.8270548
,909,0,0,0.69045204
,909,1,0,0.6649875
,909,2,0,0.92697537
,909,3,2,1.0
,910,0,0,0.7447905
,910,1,0,0.508746
,910,2,2,1.0
,910,3,1,0.76747316
,911,0,2,1.0
,911,1,0,0.61699057
,911,2,0,0.9603374
,911,3,0,0.6137301
,912,0,0,0.8954915
,912,1,0,0.6251193
,912,2,2,1.0
,912,3,0,0.82118297
,913,0,0,0.64123666
,913,1,0,0.62257457
,913,2,0,0.9604539
,913,3,3,1.0
,914,0,0,0.8269637
,914,1,0,0.6245316
,914,2,2,1.0
,914,3,0,0.9417548
,915,0,2,1.0
,915,1,0,0.62456185
,915,2,0,0.89503896
,915,3,0,0.8341403
,916,0,0,0.96074927
,916,1,0,0.62561804
,916,2,0,0.6367954
,916,3,2,1.0
,917,0,2,1.0
,917,1,0,0.6573197
,917,2,0,0.6716868
,917,3,0,0.9360824
,918,0,1,0.549161
,918,1,0,0.5341574
,918,2,0,0.7637862
,918,3,2,1.0
,919,0,0,0.6154675
,919,1,0,0.6184917
,919,2,2,1.0
,919,3,0,0.96040094
,920,0,0,0.6321009
,920,1,0,0.6242945
,920,2,0,0.96078444
,920,3,2,1.0
,921,0,0,0.82682806
,921,1,0,0.6248038
,921,2,2,1.0
,921,3,0,0.89818364
,922,0,2,1.0
,922,1,0,0.62529016
,922,2,0,0.89532113
,922,3,0,0.82811517
,923,0,0,0.96043897
,923,1,0,0.62398285
,923,2,0,0.63489336
,923,3,3,1.0
,924,0,2,1.0
,924,1,0,0.65991956
,924,2,0,0.6639107
,924,3,0,0.96395665
,925,0,0,0.5072017
,925,1,0,0.57765
,925,2,0,0.6364879
,925,3,2,1.0
,926,0,0,0.71596485
,926,1,0,0.55177164
,926,2,2,1.0
,926,3,1,0.52293247
,927,0,3,1.0
,927,1,1,0.5022547
,927,2,0,0.6737319
,927,3,0,0.50081
,928,0,0,0.94032955
,928,1,0,0.6170316
,928,2,2,1.0
,928,3,0,0.8209264
,929,0,0,0.6817579
,929,1,0,0.6596504
,929,2,0,0.93558556
,929,3,2,1.0
,930,0,0,0.74170864
,930,1,0,0.5760844
,930,2,2,1.0
,930,3,0,0.51088613
,931,0,3,1.0
,931,1,0,0.5031937
,931,2,1,0.5650422
,931,3,0,0.7328325
,932,0,0,0.9519078
,932,1,0,0.6550782
,932,2,0,0.80049795
,932,3,2,1.0
,933,0,0,0.7601112
,933,1,0,0.5163012
,933,2,3,1.0
,933,3,1,0.55622226
,934,0,3,1.0
,934,1,0,0.6143121
,934,2,0,0.942059
,934,3,0,0.81216913
,935,0,0,0.9402261
,935,1,0,0.62614256
,935,2,0,0.83266443
,935,3,3,1.0
,936,0,0,0.6703849
,936,1,0,0.7346176
,936,2,2,1.0
,936,3,0,0.950851
,937,0,0,0.52973115
,937,1,2,1.0
,937,2,1,0.55394393
,937,3,0,0.77411693
,938,0,0,0.61822134
,938,1,0,0.9603865
,938,2,0,0.61517507
,938,3,2,1.0
,939,0,0,0.6244162
,939,1,2,1.0
,939,2,0,0.63208634
,939,3,0,0.96078384
,940,0,0,0.6282156
,940,1,0,0.89575565
,940,2,0,0.82678777
,940,3,2,1.0
,941,0,0,0.71148914
,941,1,0,0.6753432
,941,2,2,1.0
,941,3,0,0.9106029
,942,0,2,1.0
,942,1,0,0.50952595
,942,2,1,0.5453054
,942,3,0,0.5270891
,943,0,0,0.96004105
,943,1,0,0.6150612
,943,2,2,1.0
,943,3,0,0.6157784
,944,0,2,1.0
,944,1,0,0.62412405
,944,2,0,0.9607565
,944,3,0,0.6241645
,945,0,0,0.96077436
,945,1,0,0.6245867
,945,2,2,1.0
,945,3,0,0.6248997
,946,0,2,1.0
,946,1,0,0.6245862
,946,2,0,0.96079266
,946,3,0,0.63252336
,947,0,0,0.89825517
,947,1,0,0.62476873
,947,2,2,1.0
,947,3,0,0.8268763
,948,0,0,0.8330948
,948,1,0,0.6245508
,948,2,0,0.8950217
,948,3,2,1.0
,949,0,2,1.0
,949,1,0,0.62442434
,949,2,0,0.6351189
,949,3,0,0.9607352
,950,0,0,0.96077347
,950,1,0,0.6263309
,950,2,0,0.62793374
,950,3,2,1.0
,951,0,2,1.0
,951,1,0,0.66883653
,951,2,0,0.69902724
,951,3,0,0.9119
,952,0,1,0.9089836
,952,1,1,0.5014593
,952,2,2,1.0
,952,3,0,0.51742524
,953,0,2,1.0
,953,1,0,0.6127586
,953,2,0,0.95975465
,953,3,0,0.6138593
,954,0,0,0.95935154
,954,1,0,0.624634
,954,2,2,1.0
,954,3,0,0.63271004
,955,0,3,1.0
,955,1,0,0.6231001
,955,2,0,0.8945084
,955,3,0,0.82549626
,956,0,0,0.9782017
,956,1,0,0.624099
,956,2,0,0.634874
,956,3,2,1.0
,957,0,2,1.0
,957,1,0,0.6262253
,957,2,0,0.6283953
,957,3,0,0.96077263
,958,0,0,0.9164522
,958,1,0,0.6657866
,958,2,0,0.7103592
,958,3,2,1.0
,959,0,0,0.75683457
,959,1,0,0.5066925
,959,2,2,1.0
,959,3,1,0.7654955
,960,0,2,1.0
,960,1,0,0.6172632
,960,2,0,0.89729184
,960,3,0,0.8151918
,961,0,0,0.89813685
,961,1,0,0.6241363
,961,2,0,0.83309317
,961,3,2,1.0
,962,0,0,0.8331631
,962,1,0,0.62449276
,962,2,2,1.0
,962,3,0,0.8981666
,963,0,2,1.0
,963,1,0,0.6245117
,963,2,0,0.898167
,963,3,0,0.8331615
,964,0,0,0.89502466
,964,1,0,0.6245378
,964,2,0,0.83309215
,964,3,2,1.0
,965,0,0,0.63530815
,965,1,0,0.62435913
,965,2,2,1.0
,965,3,0,0.9607217
,966,0,0,0.6327262
,966,1,0,0.62460357
,966,2,0,0.96078056
,966,3,2,0.99112135
,967,0,0,0.8216912
,967,1,0,0.6254767
,967,2,2,1.0
,967,3,0,0.89590824
,968,0,3,1.0
,968,1,0,0.62259334
,968,2,0,0.9604539
,968,3,0,0.64125377
,969,0,0,0.93986785
,969,1,0,0.62455785
,969,2,2,1.0
,969,3,0,0.826895
,970,0,0,0.6370554
,970,1,0,0.62434316
,970,2,0,0.96073246
,970,3,2,1.0
,971,0,0,0.63298666
,971,1,0,0.6248774
,971,2,2,1.0
,971,3,0,0.9607919
,972,0,0,0.8269016
,972,1,0,0.63271546
,972,2,0,0.895103
,972,3,2,1.0
,973,0,2,1.0
,973,1,0,0.8267313
,973,2,0,0.635477
,973,3,0,0.8981725
,974,0,0,0.8950095
,974,1,2,1.0
,974,2,0,0.6328699
,974,3,0,0.83317035
,975,0,0,0.63547254
,975,1,0,0.89817226
,975,2,0,0.82673454
,975,3,2,1.0
,976,0,0,0.6328697
,976,1,0,0.83317035
,976,2,2,1.0
,976,3,0,0.8950095
,977,0,0,0.82673466
,977,1,2,1.0
,977,2,0,0.89817214
,977,3,0,0.6354725
,978,0,2,1.0
,978,1,0,0.89512956
,978,2,0,0.8331726
,978,3,0,0.6328688
,979,0,0,0.89501303
,979,1,0,0.6430217
,979,2,2,1.0
,979,3,0,0.8267418
,980,0,0,0.6351597
,980,1,0,0.82696867
,980,2,0,0.89816916
,980,3,2,1.0
,981,0,0,0.62495786
,981,1,2,1.0
,981,2,0,0.8330924
,981,3,0,0.89513737
,982,0,0,0.6247047
,982,1,0,0.96074677
,982,2,2,1.0
,982,3,0,0.64264023
,983,0,0,0.6334636
,983,1,2,1.0
,983,2,0,0.89536744
,983,3,0,0.8219572
,984,0,0,0.82538587
,984,1,0,0.89443177
,984,2,0,0.6339965
,984,3,3,1.0
,985,0,2,1.0
,985,1,0,0.6347092
,985,2,0,0.632359
,985,3,0,0.9782118
,986,0,0,0.89825857
,986,1,0,0.6251878
,986,2,0,0.82687885
,986,3,2,1.0
,987,0,0,0.83310103
,987,1,0,0.62487304
,987,2,2,1.0
,987,3,0,0.8950187
,988,0,2,1.0
,988,1,0,0.6322727
,988,2,0,0.9607535
,988,3,0,0.63499653
,989,0,0,0.895106
,989,1,0,0.8268
,989,2,2,1.0
,989,3,0,0.6255026
,990,0,0,0.63498616
,990,1,2,1.0
,990,2,0,0.96075445
,990,3,0,0.63229835
,991,0,0,0.62518066
,991,1,0,0.89825225
,991,2,2,1.0
,991,3,0,0.82686573
,992,0,0,0.62487227
,992,1,0,0.8331005
,992,2,0,0.8950183
,992,3,2,1.0
,993,0,0,0.6322725
,993,1,2,1.0
,993,2,0,0.6349852
,993,3,0,0.9607535
,994,0,0,0.8267929
,994,1,0,0.89510846
,994,2,0,0.6252084
,994,3,2,1.0
,995,0,2,1.0
,995,1,0,0.6350521
,995,2,0,0.62473273
,995,3,0,0.9607266
,996,0,0,0.95937145
,996,1,0,0.6257153
,996,2,0,0.6331154
,996,3,2,1.0
,997,0,3,1.0
,997,1,0,0.6238514
,997,2,0,0.82053125
,997,3,0,0.89798415
,998,0,0,0.9403102
,998,1,0,0.62418956
,998,2,3,1.0
,998,3,0,0.8316649
,999,0,0,0.6782503
,999,1,0,0.6664073
,999,2,0,0.9751273
,999,3,2,1.0
,1000,0,0,0.5049835
,1000,1,0,0.5040831
,1000,2,3,1.0
,1000,3,1,0.56049955
,1001,0,0,0.6139636
,1001,1,0,0.61392653
,1001,2,0,0.97820073
,1001,3,2,1.0
,1002,0,0,0.62409
,1002,1,0,0.6240885
,1002,2,2,1.0
,1002,3,0,0.96075785
,1003,0,0,0.6245892
,1003,1,0,0.6245891
,1003,2,0,0.960773
,1003,3,2,1.0
,1004,0,0,0.624611
,1004,1,0,0.624611
,1004,2,2,1.0
,1004,3,0,0.9607732
,1005,0,0,0.6246141
,1005,1,0,0.6246142
,1005,2,0,0.9607732
,1005,3,2,1.0
,1006,0,0,0.62467235
,1006,1,0,0.62467235
,1006,2,2,1.0
,1006,3,0,0.9607732
,1007,0,0,0.6261501
,1007,1,0,0.6261501
,1007,2,0,0.960754
,1007,3,2,1.0
,1008,0,0,0.66274565
,1008,1,0,0.6627456
,1008,2,2,1.0
,1008,3,0,0.9558121
,1009,0,0,0.51732194
,1009,1,0,0.51732135
,1009,2,0,0.682131
,1009,3,3,1.0
,1010,0,0,0.61676574
,1010,1,0,0.6167529
,1010,2,2,1.0
,1010,3,0,0.97741497
,1011,0,0,0.6226748
,1011,1,0,0.6223574
,1011,2,0,0.9604166
,1011,3,3,1.0
,1012,0,0,0.63297784
,1012,1,0,0.62493473
,1012,2,2,1.0
,1012,3,0,0.9774109
,1013,0,0,0.8255112
,1013,1,0,0.62311107
,1013,2,0,0.8946291
,1013,3,3,1.0
,1014,0,2,1.0
,1014,1,0,0.6240546
,1014,2,0,0.6423814
,1014,3,0,0.9782073
,1015,0,0,0.89856243
,1015,1,0,0.6254148
,1015,2,0,0.82196003
,1015,3,2,1.0
,1016,0,0,0.8320539
,1016,1,0,0.62286735
,1016,2,3,1.0
,1016,3,0,0.8975838
,1017,0,2,1.0
,1017,1,0,0.6246084
,1017,2,0,0.9398658
,1017,3,0,0.8329648
,1018,0,0,0.96075064
,1018,1,0,0.63223976
,1018,2,0,0.6367262
,1018,3,2,1.0
,1019,0,2,1.0
,1019,1,0,0.8268669
,1019,2,0,0.6252331
,1019,3,0,0.89825225
,1020,0,0,0.89816713
,1020,1,2,1.0
,1020,2,0,0.6245408
,1020,3,0,0.83316386
,1021,0,0,0.8330981
,1021,1,0,0.89514345
,1021,2,0,0.62453496
,1021,3,2,1.0
,1022,0,2,1.0
,1022,1,0,0.64282554
,1022,2,0,0.6243328
,1022,3,0,0.96075433
,1023,0,0,0.8982525
,1023,1,0,0.82712406
,1023,2,0,0.62475914
,1023,3,2,1.0
,1024,0,0,0.8331701
,1024,1,2,1.0
,1024,2,0,0.6248311
,1024,3,0,0.89816713
,1025,0,2,1.0
,1025,1,0,0.8950091
,1025,2,0,0.6324626
,1025,3,0,0.83317184
,1026,0,0,0.8950252
,1026,1,0,0.63519335
,1026,2,0,0.82664645
,1026,3,2,1.0
,1027,0,0,0.6349978
,1027,1,0,0.6247667
,1027,2,2,1.0
,1027,3,0,0.9607331
,1028,0,0,0.62501335
,1028,1,0,0.6246123
,1028,2,0,0.96077186
,1028,3,2,1.0
,1029,0,0,0.6246926
,1029,1,0,0.62470084
,1029,2,2,1.0
,1029,3,0,0.96077365
,1030,0,0,0.6262996
,1030,1,0,0.6269115
,1030,2,0,0.96077
,1030,3,2,1.0
,1031,0,0,0.667306
,1031,1,0,0.6828926
,1031,2,2,1.0
,1031,3,0,0.9553265
,1032,0,0,0.50427234
,1032,1,0,0.7344824
,1032,2,1,0.77909255
,1032,3,3,1.0
,1033,0,0,0.6132274
,1033,1,3,1.0
,1033,2,0,0.6044925
,1033,3,0,0.97818696
,1034,0,0,0.6582312
,1034,1,0,0.9477574
,1034,2,0,0.7341314
,1034,3,2,1.0
,1035,0,0,0.52952147
,1035,1,0,0.54941756
,1035,2,2,1.0
,1035,3,0,0.6926935
,1036,0,0,0.61924183
,1036,1,0,0.62003225
,1036,2,0,0.8979045
,1036,3,2,1.0
,1037,0,0,0.61912566
,1037,1,0,0.6188442
,1037,2,0,0.82999384
,1037,3,2,1.0
,1038,0,0,0.6319964
,1038,1,0,0.6240578
,1038,2,2,1.0
,1038,3,0,0.96074724
,1039,0,0,0.82685876
,1039,1,0,0.6248018
,1039,2,0,0.89825183
,1039,3,2,1.0
,1040,0,2,1.0
,1040,1,0,0.6260846
,1040,2,0,0.83302206
,1040,3,0,0.8958721
,1041,0,0,0.9557767
,1041,1,0,0.6624084
,1041,2,2,1.0
,1041,3,0,0.687402
,1042,0,3,1.0
,1042,1,0,0.51690495
,1042,2,1,0.5563469
,1042,3,0,0.7508976
,1043,0,0,0.9398935
,1043,1,0,0.6174021
,1043,2,0,0.82009125
,1043,3,2,1.0
,1044,0,0,0.6366699
,1044,1,0,0.62396044
,1044,2,2,1.0
,1044,3,0,0.9607172
,1045,0,0,0.62508565
,1045,1,0,0.624574
,1045,2,0,0.9607714
,1045,3,2,1.0
,1046,0,0,0.6249379
,1046,1,0,0.6246066
,1046,2,2,1.0
,1046,3,0,0.9607746
,1047,0,0,0.6325239
,1047,1,0,0.6245915
,1047,2,0,0.960792
,1047,3,2,1.0
,1048,0,0,0.8268083
,1048,1,0,0.6248472
,1048,2,2,1.0
,1048,3,0,0.89513403
,1049,0,2,1.0
,1049,1,0,0.6257442
,1049,2,0,0.96074617
,1049,3,0,0.6365207
,1050,0,0,0.93574697
,1050,1,0,0.6601079
,1050,2,2,1.0
,1050,3,0,0.66436625
,1051,0,2,1.0
,1051,1,0,0.57381475
,1051,2,0,0.50813085
,1051,3,0,0.6370489
,1052,0,1,0.558119
,1052,1,0,0.50850916
,1052,2,0,0.73969275
,1052,3,2,1.0
,1053,0,0,0.8202933
,1053,1,0,0.61725914
,1053,2,2,1.0
,1053,3,0,0.89726156
,1054,0,2,1.0
,1054,1,0,0.62444437
,1054,2,0,0.89813745
,1054,3,0,0.83309656
,1055,0,0,0.8950246
,1055,1,0,0.6322625
,1055,2,0,0.83313924
,1055,3,2,1.0
,1056,0,0,0.635819
,1056,1,0,0.8215452
,1056,2,2,1.0
,1056,3,0,0.89847606
,1057,0,0,0.62325174
,1057,1,3,1.0
,1057,2,0,0.8975773
,1057,3,0,0.83204055
,1058,0,0,0.62431455
,1058,1,0,0.93986684
,1058,2,0,0.8329579
,1058,3,2,1.0
,1059,0,0,0.62432384
,1059,1,0,0.6367504
,1059,2,2,1.0
,1059,3,0,0.96073085
,1060,0,0,0.62459105
,1060,1,0,0.6250789
,1060,2,0,0.9607716
,1060,3,2,1.0
,1061,0,0,0.6246226
,1061,1,0,0.62463003
,1061,2,2,1.0
,1061,3,0,0.9607732
,1062,0,0,0.62492
,1062,1,0,0.6246211
,1062,2,0,0.96077484
,1062,3,2,1.0
,1063,0,0,0.63252354
,1063,1,0,0.6248981
,1063,2,2,1.0
,1063,3,0,0.9607934
,1064,0,0,0.82689273
,1064,1,0,0.6327156
,1064,2,0,0.89522314
,1064,3,2,1.0
,1065,0,2,1.0
,1065,1,0,0.82673526
,1065,2,0,0.6430253
,1065,3,0,0.89501923
,1066,0,0,0.8950202
,1066,1,2,1.0
,1066,2,0,0.8269031
,1066,3,0,0.6354897
,1067,0,0,0.6349734
,1067,1,0,0.96075296
,1067,2,2,1.0
,1067,3,0,0.6326786
,1068,0,0,0.62516814
,1068,1,2,1.0
,1068,2,0,0.89825225
,1068,3,0,0.8268746
,1069,0,0,0.624574
,1069,1,0,0.89514065
,1069,2,0,0.8330997
,1069,3,2,1.0
,1070,0,0,0.6246899
,1070,1,0,0.6426406
,1070,2,2,1.0
,1070,3,0,0.9607469
,1071,0,0,0.63346285
,1071,1,0,0.82195896
,1071,2,0,0.8953647
,1071,3,2,1.0
,1072,0,0,0.82552284
,1072,1,3,1.0
,1072,2,0,0.63395023
,1072,3,0,0.89759237
,1073,0,2,1.0
,1073,1,0,0.9398587
,1073,2,0,0.63263965
,1073,3,0,0.83303386
,1074,0,0,0.8951406
,1074,1,0,0.6369332
,1074,2,0,0.8266413
,1074,3,2,1.0
,1075,0,0,0.6428146
,1075,1,0,0.62481236
,1075,2,2,1.0
,1075,3,0,0.9607518
,1076,0,0,0.8270485
,1076,1,0,0.6247942
,1076,2,0,0.8951075
,1076,3,2,1.0
,1077,0,2,1.0
,1077,1,0,0.624369
,1077,2,0,0.63502413
,1077,3,0,0.9607345
,1078,0,0,0.9607644
,1078,1,0,0.624635
,1078,2,0,0.6253673
,1078,3,2,1.0
,1079,0,2,1.0
,1079,1,0,0.62530303
,1079,2,0,0.6333135
,1079,3,0,0.9593757
,1080,0,0,0.895227
,1080,1,0,0.62437034
,1080,2,0,0.8256205
,1080,3,3,1.0
,1081,0,0,0.6806246
,1081,1,0,0.6566136
,1081,2,2,1.0
,1081,3,0,0.9641948
,1082,0,0,0.76501787
,1082,1,0,0.5347219
,1082,2,1,0.54003143
,1082,3,2,1.0
,1083,0,2,1.0
,1083,1,0,0.6188629
,1083,2,0,0.8211188
,1083,3,0,0.8974524
,1084,0,0,0.89814305
,1084,1,0,0.62423307
,1084,2,2,1.0
,1084,3,0,0.83310467
,1085,0,0,0.8330969
,1085,1,0,0.62483305
,1085,2,0,0.89501786
,1085,3,2,1.0
,1086,0,2,1.0
,1086,1,0,0.63227206
,1086,2,0,0.63499385
,1086,3,0,0.96075445
,1087,0,0,0.8982521
,1087,1,0,0.8268713
,1087,2,0,0.625477
,1087,3,2,1.0
,1088,0,0,0.8331742
,1088,1,2,1.0
,1088,2,0,0.63248795
,1088,3,0,0.8950139
,1089,0,2,1.0
,1089,1,0,0.89502364
,1089,2,0,0.82665336
,1089,3,0,0.6354983
,1090,0,0,0.960752
,1090,1,0,0.6349761
,1090,2,2,1.0
,1090,3,0,0.632678
,1091,0,2,1.0
,1091,1,0,0.6251938
,1091,2,0,0.8951075
,1091,3,0,0.82680315
,1092,0,0,0.96073437
,1092,1,0,0.6243847
,1092,2,0,0.6350123
,1092,3,2,1.0
,1093,0,2,1.0
,1093,1,0,0.6246391
,1093,2,0,0.625069
,1093,3,0,0.96076244
,1094,0,0,0.959369
,1094,1,0,0.62530357
,1094,2,0,0.62563646
,1094,3,2,1.0
,1095,0,3,1.0
,1095,1,0,0.6228081
,1095,2,0,0.6307674
,1095,3,0,0.9604883
,1096,0,0,0.93986547
,1096,1,0,0.62457764
,1096,2,0,0.8266451
,1096,3,2,1.0
,1097,0,0,0.6367958
,1097,1,0,0.6243926
,1097,2,2,1.0
,1097,3,0,0.96072155
,1098,0,0,0.6257712
,1098,1,0,0.62560016
,1098,2,0,0.9593676
,1098,3,2,1.0
,1099,0,0,0.62282413
,1099,1,0,0.6307671
,1099,2,3,1.0
,1099,3,0,0.96048874
,1100,0,0,0.6245489
,1100,1,0,0.82671535
,1100,2,0,0.9417547
,1100,3,2,1.0
,1101,0,0,0.6245266
,1101,1,2,1.0
,1101,2,0,0.834137
,1101,3,0,0.89501095
,1102,0,0,0.6246648
,1102,1,0,0.9607362
,1102,2,2,1.0
,1102,3,0,0.635003
,1103,0,0,0.6325056
,1103,1,2,1.0
,1103,2,0,0.9607913
,1103,3,0,0.62498736
,1104,0,0,0.826875
,1104,1,0,0.89825475
,1104,2,2,1.0
,1104,3,0,0.62479854
,1105,0,2,1.0
,1105,1,0,0.83306277
,1105,2,0,0.8950415
,1105,3,0,0.6249072
,1106,0,0,0.95933664
,1106,1,2,1.0
,1106,2,0,0.6359503
,1106,3,0,0.6330433
,1107,0,3,1.0
,1107,1,0,0.89460546
,1107,2,0,0.63145053
,1107,3,0,0.8256527
,1108,0,0,0.9399456
,1108,1,0,0.6426645
,1108,2,0,0.82654417
,1108,3,2,1.0
,1109,0,0,0.64549655
,1109,1,0,0.8217866
,1109,2,2,1.0
,1109,3,0,0.8952705
,1110,0,0,0.8258064
,1110,1,3,1.0
,1110,2,0,0.897585
,1110,3,0,0.6339272
,1111,0,2,1.0
,1111,1,0,0.9398587
,1111,2,0,0.8330334
,1111,3,0,0.6326384
,1112,0,0,0.8950218
,1112,1,0,0.6369372
,1112,2,2,1.0
,1112,3,0,0.8266355
,1113,0,0,0.6353009
,1113,1,0,0.6248426
,1113,2,0,0.9607345
,1113,3,2,1.0
,1114,0,0,0.632919
,1114,1,0,0.6248977
,1114,2,2,1.0
,1114,3,0,0.960792
,1115,0,0,0.82689965
,1115,1,0,0.63271624
,1115,2,0,0.8950983
,1115,3,2,1.0
,1116,0,2,1.0
,1116,1,0,0.8267247
,1116,2,0,0.63517237
,1116,3,0,0.8981725
,1117,0,0,0.8950173
,1117,1,2,1.0
,1117,2,0,0.62496245
,1117,3,0,0.8330863
,1118,0,0,0.6350457
,1118,1,0,0.9607269
,1118,2,0,0.62472844
,1118,3,2,1.0
,1119,0,0,0.62566966
,1119,1,2,1.0
,1119,2,0,0.63328
,1119,3,0,0.95937407
,1120,0,0,0.623454
,1120,1,0,0.89451176
,1120,2,0,0.8255218
,1120,3,3,1.0
,1121,0,0,0.63195515
,1121,1,0,0.6350218
,1121,2,2,1.0
,1121,3,0,0.97821206
,1122,0,0,0.8268478
,1122,1,0,0.63293725
,1122,2,0,0.8951194
,1122,3,2,1.0
,1123,0,2,1.0
,1123,1,0,0.8215624
,1123,2,0,0.6358251
,1123,3,0,0.8984763
,1124,0,0,0.8975778
,1124,1,3,1.0
,1124,2,0,0.6233006
,1124,3,0,0.8320433
,1125,0,0,0.8330164
,1125,1,0,0.9403018
,1125,2,0,0.6255767
,1125,3,2,1.0
,1126,0,2,1.0
,1126,1,0,0.68273944
,1126,2,0,0.6570925
,1126,3,0,0.9359918
,1127,0,1,0.5489299
,1127,1,0,0.7642846
,1127,2,0,0.5340432
,1127,3,2,1.0
,1128,0,0,0.62315595
,1128,1,2,1.0
,1128,2,0,0.61852586
,1128,3,0,0.96042085
,1129,0,0,0.8265956
,1129,1,0,0.8955992
,1129,2,0,0.62577105
,1129,3,2,1.0
,1130,0,2,1.0
,1130,1,0,0.66736907
,1130,2,0,0.6571535
,1130,3,0,0.93596494
,1131,0,0,0.6974787
,1131,1,0,0.534892
,1131,2,0,0.5342048
,1131,3,2,1.0
,1132,0,2,1.0
,1132,1,0,0.61798596
,1132,2,0,0.6179575
,1132,3,0,0.96031314
,1133,0,0,0.96077526
,1133,1,0,0.6255648
,1133,2,0,0.62554294
,1133,3,2,1.0
,1134,0,2,1.0
,1134,1,0,0.65783685
,1134,2,0,0.65731
,1134,3,0,0.93609583
,1135,0,0,0.69795567
,1135,1,0,0.54299563
,1135,2,0,0.5343389
,1135,3,2,1.0
,1136,0,2,1.0
,1136,1,0,0.822712
,1136,2,0,0.61828524
,1136,3,0,0.89407754
,1137,0,0,0.96071184
,1137,1,2,1.0
,1137,2,0,0.62407506
,1137,3,0,0.6349405
,1138,0,2,1.0
,1138,1,0,0.9593632
,1138,2,0,0.6253495
,1138,3,0,0.62577635
,1139,0,0,0.95906466
,1139,1,3,1.0
,1139,2,0,0.6235841
,1139,3,0,0.623601
,1140,0,3,1.0
,1140,1,0,0.97817975
,1140,2,0,0.62230295
,1140,3,0,0.6223036
,1141,0,0,0.9782018
,1141,1,2,1.0
,1141,2,0,0.62430704
,1141,3,0,0.624307
,1142,0,2,1.0
,1142,1,0,0.9607763
,1142,2,0,0.6246203
,1142,3,0,0.6246203
,1143,0,0,0.96077335
,1143,1,2,1.0
,1143,2,0,0.6246127
,1143,3,0,0.6246127
,1144,0,2,1.0
,1144,1,0,0.9607732
,1144,2,0,0.6246124
,1144,3,0,0.624612
,1145,0,0,0.9607731
,1145,1,2,1.0
,1145,2,0,0.6246261
,1145,3,0,0.6246141
,1146,0,2,1.0
,1146,1,0,0.9607658
,1146,2,0,0.6249674
,1146,3,0,0.6246634
,1147,0,0,0.9593759
,1147,1,2,1.0
,1147,2,0,0.63329536
,1147,3,0,0.6255601
,1148,0,3,1.0
,1148,1,0,0.89451045
,1148,2,0,0.8256199
,1148,3,0,0.63087934
,1149,0,0,0.94013923
,1149,1,0,0.63577604
,1149,2,2,1.0
,1149,3,0,0.8213512
,1150,0,0,0.64374447
,1150,1,0,0.62393135
,1150,2,0,0.9590341
,1150,3,3,1.0
,1151,0,0,0.8256796
,1151,1,0,0.6306576
,1151,2,3,1.0
,1151,3,0,0.93988866
,1152,0,2,1.0
,1152,1,0,0.8264083
,1152,2,0,0.9398802
,1152,3,0,0.6368253
,1153,0,0,0.9593233
,1153,1,2,1.0
,1153,2,0,0.63743234
,1153,3,0,0.6255017
,1154,0,3,1.0
,1154,1,0,0.96045095
,1154,2,0,0.6233066
,1154,3,0,0.622843
,1155,0,0,0.97820264
,1155,1,2,1.0
,1155,2,0,0.6243249
,1155,3,0,0.62461805
,1156,0,2,1.0
,1156,1,0,0.9607955
,1156,2,0,0.6245978
,1156,3,0,0.6325312
,1157,0,0,0.8981834
,1157,1,2,1.0
,1157,2,0,0.6248105
,1157,3,0,0.8268445
,1158,0,0,0.8281367
,1158,1,0,0.8984712
,1158,2,0,0.62518644
,1158,3,2,1.0
,1159,0,3,1.0
,1159,1,0,0.83191156
,1159,2,0,0.6228826
,1159,3,0,0.89442134
,1160,0,0,0.9781961
,1160,1,2,1.0
,1160,2,0,0.6240728
,1160,3,0,0.6347857
,1161,0,2,1.0
,1161,1,0,0.9593702
,1161,2,0,0.62530017
,1161,3,0,0.6257334
,1162,0,0,0.9604559
,1162,1,3,1.0
,1162,2,0,0.6228413
,1162,3,0,0.623171
,1163,0,2,1.0
,1163,1,0,0.9782122
,1163,2,0,0.6242874
,1163,3,0,0.63222635
,1164,0,0,0.8982618
,1164,1,2,1.0
,1164,2,0,0.62477607
,1164,3,0,0.8268815
,1165,0,0,0.8331012
,1165,1,0,0.89514375
,1165,2,0,0.62455714
,1165,3,2,1.0
,1166,0,2,1.0
,1166,1,0,0.6428238
,1166,2,0,0.6246374
,1166,3,0,0.96075463
,1167,0,0,0.89511955
,1167,1,0,0.82709384
,1167,2,0,0.63251615
,1167,3,2,1.0
,1168,0,0,0.6361877
,1168,1,2,1.0
,1168,2,0,0.8215288
,1168,3,0,0.8953002
,1169,0,0,0.6309486
,1169,1,0,0.9604513
,1169,2,3,1.0
,1169,3,0,0.6333539
,1170,0,0,0.8266448
,1170,1,2,1.0
,1170,2,0,0.93986493
,1170,3,0,0.62499267
,1171,0,2,1.0
,1171,1,0,0.96073246
,1171,2,0,0.6367481
,1171,3,0,0.6246593
,1172,0,0,0.96079105
,1172,1,2,1.0
,1172,2,0,0.62506825
,1172,3,0,0.63250333
,1173,0,2,1.0
,1173,1,0,0.89818275
,1173,2,0,0.62513745
,1173,3,0,0.82684505
,1174,0,0,0.89542395
,1174,1,0,0.82813144
,1174,2,0,0.63307405
,1174,3,2,1.0
,1175,0,0,0.642153
,1175,1,3,1.0
,1175,2,0,0.8203738
,1175,3,0,0.8947162
,1176,0,0,0.8203258
,1176,1,0,0.9401084
,1176,2,3,1.0
,1176,3,0,0.63407433
,1177,0,3,1.0
,1177,1,0,0.6346736
,1177,2,0,0.97817904
,1177,3,0,0.62240756
,1178,0,0,0.9782025
,1178,1,0,0.6247804
,1178,2,2,1.0
,1178,3,0,0.6245999
,1179,0,2,1.0
,1179,1,0,0.6246635
,1179,2,0,0.96078604
,1179,3,0,0.632348
,1180,0,0,0.8954237
,1180,1,0,0.62556213
,1180,2,2,1.0
,1180,3,0,0.8216664
,1181,0,0,0.6344538
,1181,1,0,0.62337315
,1181,2,0,0.95903045
,1181,3,3,1.0
,1182,0,0,0.6306322
,1182,1,0,0.62255114
,1182,2,3,1.0
,1182,3,0,0.9781983
,1183,0,0,0.826741
,1183,1,0,0.632492
,1183,2,0,0.93992925
,1183,3,2,1.0
,1184,0,2,1.0
,1184,1,0,0.8266837
,1184,2,0,0.644569
,1184,3,0,0.8951475
,1185,0,0,0.8953082
,1185,1,2,1.0
,1185,2,0,0.8218336
,1185,3,0,0.6436144
,1186,0,0,0.6347072
,1186,1,0,0.8947212
,1186,2,3,1.0
,1186,3,0,0.8205982
,1187,0,0,0.63040054
,1187,1,0,0.63287395
,1187,2,0,0.9781973
,1187,3,3,1.0
,1188,0,0,0.826711
,1188,1,0,0.62496233
,1188,2,2,1.0
,1188,3,0,0.9417547
,1189,0,2,1.0
,1189,1,0,0.62483925
,1189,2,0,0.8950095
,1189,3,0,0.83414304
,1190,0,0,0.9607536
,1190,1,0,0.6322718
,1190,2,0,0.6349849
,1190,3,2,1.0
,1191,0,2,1.0
,1191,1,0,0.8267935
,1191,2,0,0.6251945
,1191,3,0,0.8951077
,1192,0,0,0.96073437
,1192,1,2,1.0
,1192,2,0,0.62438476
,1192,3,0,0.635012
,1193,0,2,1.0
,1193,1,0,0.9607623
,1193,2,0,0.6246395
,1193,3,0,0.62505764
,1194,0,0,0.95936847
,1194,1,2,1.0
,1194,2,0,0.62531126
,1194,3,0,0.62534016
,1195,0,3,1.0
,1195,1,0,0.9604559
,1195,2,0,0.6228413
,1195,3,0,0.62315494
,1196,0,0,0.9782122
,1196,1,2,1.0
,1196,2,0,0.6242874
,1196,3,0,0.63222593
,1197,0,2,1.0
,1197,1,0,0.89826167
,1197,2,0,0.62477535
,1197,3,0,0.826884
,1198,0,0,0.898096
,1198,1,0,0.83312786
,1198,2,0,0.62456954
,1198,3,2,1.0
,1199,0,0,0.8281115
,1199,1,2,1.0
,1199,2,0,0.62522966
,1199,3,0,0.8952984
,1200,0,3,1.0
,1200,1,0,0.96041787
,1200,2,0,0.62260866
,1200,3,0,0.6333966
,1201,0,0,0.9782018
,1201,1,2,1.0
,1201,2,0,0.6242923
,1201,3,0,0.62471694
,1202,0,2,1.0
,1202,1,0,0.9607762
,1202,2,0,0.6246191
,1202,3,0,0.6246358
,1203,0,0,0.9607731
,1203,1,2,1.0
,1203,2,0,0.6246148
,1203,3,0,0.62461543
,1204,0,2,1.0
,1204,1,0,0.9607637
,1204,2,0,0.6246574
,1204,3,0,0.6246579
,1205,0,0,0.95936847
,1205,1,2,1.0
,1205,2,0,0.62531286
,1205,3,0,0.6253248
,1206,0,3,1.0
,1206,1,0,0.9604559
,1206,2,0,0.62285346
,1206,3,0,0.62315416
,1207,0,0,0.97821254
,1207,1,2,1.0
,1207,2,0,0.6245984
,1207,3,0,0.6322252
,1208,0,2,1.0
,1208,1,0,0.8952299
,1208,2,0,0.6327228
,1208,3,0,0.82689786
,1209,0,0,0.8951383
,1209,1,0,0.6430258
,1209,2,0,0.82674146
,1209,3,2,1.0
,1210,0,0,0.6430129
,1210,1,0,0.8269787
,1210,2,2,1.0
,1210,3,0,0.89501095
,1211,0,0,0.8268963
,1211,1,2,1.0
,1211,2,0,0.8950217
,1211,3,0,0.63518465
,1212,0,2,1.0
,1212,1,0,0.9607329
,1212,2,0,0.63499975
,1212,3,0,0.62476844
,1213,0,0,0.9607623
,1213,1,2,1.0
,1213,2,0,0.6250563
,1213,3,0,0.62465435
,1214,0,2,1.0
,1214,1,0,0.95936847
,1214,2,0,0.62532824
,1214,3,0,0.62531245
,1215,0,0,0.9604538
,1215,1,3,1.0
,1215,2,0,0.6228477
,1215,3,0,0.6228471
,1216,0,2,1.0
,1216,1,0,0.97819656
,1216,2,0,0.62435615
,1216,3,0,0.62435657
,1217,0,0,0.9593717
,1217,1,2,1.0
,1217,2,0,0.6253208
,1217,3,0,0.6253332
,1218,0,3,1.0
,1218,1,0,0.960456
,1218,2,0,0.6228429
,1218,3,0,0.62315565
,1219,0,0,0.9782117
,1219,1,2,1.0
,1219,2,0,0.6242901
,1219,3,0,0.6322248
,1220,0,2,1.0
,1220,1,0,0.8951174
,1220,2,0,0.6248017
,1220,3,0,0.82681006
,1221,0,0,0.9607347
,1221,1,0,0.63501096
,1221,2,0,0.6243681
,1221,3,2,1.0
,1222,0,2,1.0
,1222,1,0,0.62501174
,1222,2,0,0.6245935
,1222,3,0,0.96077186
,1223,0,0,0.960773
,1223,1,0,0.62462944
,1223,2,0,0.624613
,1223,3,2,1.0
,1224,0,2,1.0
,1224,1,0,0.6246579
,1224,2,0,0.6246572
,1224,3,0,0.9607637
,1225,0,0,0.95936847
,1225,1,0,0.6253128
,1225,2,0,0.62531275
,1225,3,2,1.0
,1226,0,3,1.0
,1226,1,0,0.62284535
,1226,2,0,0.6228449
,1226,3,0,0.96045417
,1227,0,0,0.9782018
,1227,1,0,0.6243229
,1227,2,0,0.6243106
,1227,3,2,1.0
,1228,0,2,1.0
,1228,1,0,0.62492836
,1228,2,0,0.62461644
,1228,3,0,0.9607777
,1229,0,0,0.9607928
,1229,1,0,0.6325251
,1229,2,0,0.6245877
,1229,3,2,1.0
,1230,0,2,1.0
,1230,1,0,0.82688004
,1230,2,0,0.6247658
,1230,3,0,0.89825547
,1231,0,0,0.89816713
,1231,1,2,1.0
,1231,2,0,0.62452215
,1231,3,0,0.83316666
,1232,0,0,0.83313024
,1232,1,0,0.89809495
,1232,2,0,0.62455386
,1232,3,2,1.0
,1233,0,2,1.0
,1233,1,0,0.8281343
,1233,2,0,0.6251759
,1233,3,0,0.89847094
,1234,0,0,0.89442056
,1234,1,3,1.0
,1234,2,0,0.62287974
,1234,3,0,0.8319126
,1235,0,0,0.6347545
,1235,1,0,0.9782013
,1235,2,0,0.62402964
,1235,3,2,1.0
,1236,0,0,0.62537026
,1236,1,2,1.0
,1236,2,0,0.6246422
,1236,3,0,0.9607669
,1237,0,0,0.633149
,1237,1,0,0.95937294
,1237,2,0,0.62531376
,1237,3,2,1.0
,1238,0,0,0.8205335
,1238,1,3,1.0
,1238,2,0,0.6237994
,1238,3,0,0.89798516
,1239,0,3,1.0
,1239,1,0,0.94010115
,1239,2,0,0.6233416
,1239,3,0,0.8317939
,1240,0,0,0.96978617
,1240,1,0,0.6582751
,1240,2,0,0.6465329
,1240,3,2,1.0
,1241,0,2,1.0
,1241,1,0,0.56683356
,1241,2,0,0.57434696
,1241,3,0,0.80717576
,1242,0,0,0.89795846
,1242,1,0,0.6214002
,1242,2,0,0.8191208
,1242,3,2,1.0
,1243,0,0,0.83185893
,1243,1,0,0.6227168
,1243,2,3,1.0
,1243,3,0,0.8944476
,1244,0,2,1.0
,1244,1,0,0.6256274
,1244,2,0,0.97820073
,1244,3,0,0.6381298
,1245,0,0,0.91088694
,1245,1,0,0.6654458
,1245,2,2,1.0
,1245,3,0,0.71217847
,1246,0,0,0.53584784
,1246,1,0,0.5087604
,1246,2,1,0.5445459
,1246,3,2,1.0
,1247,0,0,0.8214061
,1247,1,0,0.61581165
,1247,2,2,1.0
,1247,3,0,0.8934703
,1248,0,2,1.0
,1248,1,0,0.6317879
,1248,2,0,0.9607352
,1248,3,0,0.6351073
,1249,0,0,0.8952191
,1249,1,0,0.8268677
,1249,2,2,1.0
,1249,3,0,0.6331021
,1250,0,0,0.64302474
,1250,1,2,1.0
,1250,2,0,0.89501446
,1250,3,0,0.8267442
,1251,0,0,0.8269031
,1251,1,0,0.89514536
,1251,2,0,0.6351928
,1251,3,2,1.0
,1252,0,2,1.0
,1252,1,0,0.6428163
,1252,2,0,0.6250532
,1252,3,0,0.9607534
,1253,0,0,0.8951
,1253,1,0,0.827134
,1253,2,0,0.63271374
,1253,3,2,1.0
,1254,0,0,0.63547677
,1254,1,2,1.0
,1254,2,0,0.8267312
,1254,3,0,0.8981725
,1255,0,0,0.6328699
,1255,1,0,0.8950095
,1255,2,2,1.0
,1255,3,0,0.83317035
,1256,0,0,0.82673454
,1256,1,0,0.6354726
,1256,2,0,0.89817214
,1256,3,2,1.0
,1257,0,2,1.0
,1257,1,0,0.6328697
,1257,2,0,0.83317024
,1257,3,0,0.8950095
,1258,0,0,0.89817226
,1258,1,0,0.82673466
,1258,2,2,1.0
,1258,3,0,0.6354725
,1259,0,0,0.83317244
,1259,1,2,1.0
,1259,2,0,0.89512944
,1259,3,0,0.63286877
,1260,0,2,1.0
,1260,1,0,0.8950141
,1260,2,0,0.6430208
,1260,3,0,0.8267381
,1261,0,0,0.8950218
,1261,1,0,0.6351848
,1261,2,0,0.8268966
,1261,3,2,1.0
,1262,0,0,0.63499755
,1262,1,0,0.62476665
,1262,2,2,1.0
,1262,3,0,0.9607331
,1263,0,0,0.6250131
,1263,1,0,0.62461954
,1263,2,0,0.96077186
,1263,3,2,1.0
,1264,0,0,0.62469
,1264,1,0,0.62488973
,1264,2,2,1.0
,1264,3,0,0.9607746
,1265,0,0,0.6262729
,1265,1,0,0.63175815
,1265,2,0,0.96078193
,1265,3,2,1.0
,1266,0,0,0.6671277
,1266,1,0,0.8067724
,1266,2,2,1.0
,1266,3,0,0.9114958
,1267,0,0,0.50363994
,1267,1,3,1.0
,1267,2,1,0.56045735
,1267,3,0,0.5310756
,1268,0,0,0.61461973
,1268,1,0,0.93991375
,1268,2,2,1.0
,1268,3,0,0.82081735
,1269,0,0,0.62379265
,1269,1,0,0.6366179
,1269,2,0,0.9607084
,1269,3,2,1.0
,1270,0,0,0.62456626
,1270,1,0,0.6250702
,1270,2,2,1.0
,1270,3,0,0.96077114
,1271,0,0,0.6246097
,1271,1,0,0.62462956
,1271,2,0,0.9607732
,1271,3,2,1.0
,1272,0,0,0.624614
,1272,1,0,0.6246147
,1272,2,2,1.0
,1272,3,0,0.960773
,1273,0,0,0.6246574
,1273,1,0,0.6246574
,1273,2,0,0.9607636
,1273,3,2,1.0
,1274,0,0,0.62531286
,1274,1,0,0.62531286
,1274,2,2,1.0
,1274,3,0,0.95936847
,1275,0,0,0.6228471
,1275,1,0,0.6228471
,1275,2,0,0.9604539
,1275,3,3,1.0
,1276,0,0,0.6243561
,1276,1,0,0.6243561
,1276,2,2,1.0
,1276,3,0,0.97819656
,1277,0,0,0.6253212
,1277,1,0,0.6253212
,1277,2,0,0.9593717
,1277,3,2,1.0
,1278,0,0,0.62284636
,1278,1,0,0.62284636
,1278,2,3,1.0
,1278,3,0,0.9604543
,1279,0,0,0.62431324
,1279,1,0,0.62431324
,1279,2,0,0.9782017
,1279,3,2,1.0
,1280,0,0,0.62466604
,1280,1,0,0.6246655
,1280,2,2,1.0
,1280,3,0,0.9607667
,1281,0,0,0.6253256
,1281,1,0,0.6253131
,1281,2,0,0.9593687
,1281,3,2,1.0
,1282,0,0,0.6231544
,1282,1,0,0.6228414
,1282,2,3,1.0
,1282,3,0,0.9604559
,1283,0,0,0.63222575
,1283,1,0,0.6242874
,1283,2,0,0.9782122
,1283,3,2,1.0
,1284,0,0,0.8268815
,1284,1,0,0.62477607
,1284,2,2,1.0
,1284,3,0,0.8982618
,1285,0,2,1.0
,1285,1,0,0.6245573
,1285,2,0,0.89514375
,1285,3,0,0.8331012
,1286,0,0,0.960755
,1286,1,0,0.624644
,1286,2,0,0.64282495
,1286,3,2,1.0
,1287,0,2,1.0
,1287,1,0,0.6326971
,1287,2,0,0.8271366
,1287,3,0,0.89522
,1288,0,0,0.8950135
,1288,1,0,0.8267381
,1288,2,2,1.0
,1288,3,0,0.6430258
,1289,0,0,0.63517123
,1289,1,2,1.0
,1289,2,0,0.89816916
,1289,3,0,0.82696897
,1290,0,0,0.6252558
,1290,1,0,0.8950199
,1290,2,0,0.83309335
,1290,3,2,1.0
,1291,0,0,0.63228744
,1291,1,0,0.6352891
,1291,2,2,1.0
,1291,3,0,0.9607549
,1292,0,0,0.82687443
,1292,1,0,0.63311106
,1292,2,0,0.89509743
,1292,3,2,1.0
,1293,0,2,1.0
,1293,1,0,0.82661986
,1293,2,0,0.6352451
,1293,3,0,0.89504474
,1294,0,0,0.95932716
,1294,1,2,1.0
,1294,2,0,0.625477
,1294,3,0,0.6357029
,1295,0,3,1.0
,1295,1,0,0.9604195
,1295,2,0,0.62307477
,1295,3,0,0.6234825
,1296,0,0,0.9410091
,1296,1,2,1.0
,1296,2,0,0.62905806
,1296,3,0,0.62907404
,1297,0,0,0.69770974
,1297,1,2,1.0
,1297,2,0,0.68599105
,1297,3,0,0.6859916
,1298,0,3,0.52933645
,1298,1,0,1.0
,1298,2,0,1.0
,1298,3,0,1.0
,1299,0,0,0.96876746
,1299,1,2,1.0
,1299,2,0,0.6382149
,1299,3,0,0.6382148
,1300,0,3,1.0
,1300,1,0,0.9604364
,1300,2,0,0.6232443
,1300,3,0,0.62324375
,1301,0,0,0.9782018
,1301,1,2,1.0
,1301,2,0,0.62433535
,1301,3,0,0.62432295
,1302,0,2,1.0
,1302,1,0,0.9607777
,1302,2,0,0.62492865
,1302,3,0,0.6246169
,1303,0,0,0.96079254
,1303,1,2,1.0
,1303,2,0,0.63252413
,1303,3,0,0.62458986
,1304,0,2,1.0
,1304,1,0,0.8981832
,1304,2,0,0.826844
,1304,3,0,0.6248099
,1305,0,0,0.8984708
,1305,1,0,0.8281364
,1305,2,2,1.0
,1305,3,0,0.62518966
,1306,0,0,0.8318644
,1306,1,3,1.0
,1306,2,0,0.8944415
,1306,3,0,0.6229325
,1307,0,2,1.0
,1307,1,0,0.97740823
,1307,2,0,0.63548666
,1307,3,0,0.624779
,1308,0,0,0.9604693
,1308,1,3,1.0
,1308,2,0,0.624606
,1308,3,0,0.6241796
,1309,0,2,1.0
,1309,1,0,0.96380395
,1309,2,0,0.66005826
,1309,3,0,0.66004056
,1310,0,0,0.5529446
,1310,1,2,1.0
,1310,2,0,0.5745297
,1310,3,0,0.5745032
,1311,0,2,1.0
,1311,1,0,0.6750653
,1311,2,0,0.5079356
,1311,3,0,0.5075835
,1312,0,0,0.9596827
,1312,1,3,1.0
,1312,2,0,0.620665
,1312,3,0,0.61261714
,1313,0,2,1.0
,1313,1,0,0.93987805
,1313,2,0,0.82627875
,1313,3,0,0.6240992
,1314,0,0,0.95932466
,1314,1,0,0.6374403
,1314,2,2,1.0
,1314,3,0,0.62500906
,1315,0,3,1.0
,1315,1,0,0.6233102
,1315,2,0,0.96045077
,1315,3,0,0.62281436
,1316,0,0,0.97819656
,1316,1,0,0.6243801
,1316,2,2,1.0
,1316,3,0,0.624356
,1317,0,2,1.0
,1317,1,0,0.6254906
,1317,2,0,0.95937186
,1317,3,0,0.62537026
,1318,0,0,0.9604708
,1318,1,0,0.62718785
,1318,2,3,1.0
,1318,3,0,0.6241811
,1319,0,2,1.0
,1319,1,0,0.7350059
,1319,2,0,0.9508413
,1319,3,0,0.65870553
,1320,0,1,0.5537938
,1320,1,2,1.0
,1320,2,0,0.77406514
,1320,3,0,0.52908677
,1321,0,0,0.61584365
,1321,1,0,0.9589672
,1321,2,2,1.0
,1321,3,0,0.6188478
,1322,0,0,0.6302663
,1322,1,3,1.0
,1322,2,0,0.96047133
,1322,3,0,0.62243193
,1323,0,0,0.8267018
,1323,1,0,0.9417547
,1323,2,2,1.0
,1323,3,0,0.6245302
,1324,0,2,1.0
,1324,1,0,0.83414257
,1324,2,0,0.89513457
,1324,3,0,0.6245101
,1325,0,0,0.9607535
,1325,1,2,1.0
,1325,2,0,0.64282477
,1325,3,0,0.6243345
,1326,0,2,1.0
,1326,1,0,0.89523095
,1326,2,0,0.8270551
,1326,3,0,0.6247743
,1327,0,0,0.96075386
,1327,1,0,0.64282787
,1327,2,2,1.0
,1327,3,0,0.6244061
,1328,0,2,1.0
,1328,1,0,0.82705826
,1328,2,0,0.8957477
,1328,3,0,0.62635565
,1329,0,0,0.9275539
,1329,1,2,1.0
,1329,2,0,0.67522407
,1329,3,0,0.6645691
,1330,0,2,1.0
,1330,1,1,0.5383941
,1330,2,0,0.5203004
,1330,3,0,0.5109776
,1331,0,0,0.896991
,1331,1,2,1.0
,1331,2,0,0.8158758
,1331,3,0,0.6162946
,1332,0,0,0.83171266
,1332,1,0,0.89448977
,1332,2,3,1.0
,1332,3,0,0.6223559
,1333,0,2,1.0
,1333,1,0,0.64332247
,1333,2,0,0.9774114
,1333,3,0,0.6246394
,1334,0,0,0.8976583
,1334,1,0,0.82588536
,1334,2,3,1.0
,1334,3,0,0.62303317
,1335,0,0,0.8330309
,1335,1,2,1.0
,1335,2,0,0.9417567
,1335,3,0,0.62427604
,1336,0,2,1.0
,1336,1,0,0.8981585
,1336,2,0,0.8342088
,1336,3,0,0.62447494
,1337,0,0,0.89816725
,1337,1,0,0.8331619
,1337,2,2,1.0
,1337,3,0,0.62451154
,1338,0,0,0.83309746
,1338,1,2,1.0
,1338,2,0,0.89514077
,1338,3,0,0.6245359
,1339,0,2,1.0
,1339,1,0,0.96074563
,1339,2,0,0.64264226
,1339,3,0,0.62437737
,1340,0,0,0.8984947
,1340,1,2,1.0
,1340,2,0,0.8219398
,1340,3,0,0.6254829
,1341,0,0,0.8270367
,1341,1,0,0.89484704
,1341,2,3,1.0
,1341,3,0,0.62362516
,1342,0,3,1.0
,1342,1,0,0.64075303
,1342,2,0,0.9781973
,1342,3,0,0.6220116
,1343,0,0,0.9417548
,1343,1,0,0.8269654
,1343,2,2,1.0
,1343,3,0,0.62452036
,1344,0,0,0.8342062
,1344,1,2,1.0
,1344,2,0,0.89815867
,1344,3,0,0.6244886
,1345,0,2,1.0
,1345,1,0,0.8951437
,1345,2,0,0.83309835
,1345,3,0,0.6245335
,1346,0,0,0.9607542
,1346,1,0,0.64282554
,1346,2,2,1.0
,1346,3,0,0.6243325
,1347,0,2,1.0
,1347,1,0,0.82712007
,1347,2,0,0.89825207
,1347,3,0,0.62474996
,1348,0,0,0.89502203
,1348,1,2,1.0
,1348,2,0,0.83309454
,1348,3,0,0.6245499
,1349,0,0,0.6351365
,1349,1,0,0.9607351
,1349,2,2,1.0
,1349,3,0,0.62442017
,1350,0,0,0.6283848
,1350,1,2,1.0
,1350,2,0,0.96076953
,1350,3,0,0.6262228
,1351,0,0,0.71031475
,1351,1,0,0.91645443
,1351,2,2,1.0
,1351,3,0,0.6658937
,1352,0,2,1.0
,1352,1,0,0.7567043
,1352,2,1,0.77032083
,1352,3,0,0.50810057
,1353,0,0,0.935309
,1353,1,2,1.0
,1353,2,0,0.6536864
,1353,3,0,0.6502255
,1354,0,2,1.0
,1354,1,1,0.5477947
,1354,2,0,0.76265657
,1354,3,0,0.5350252
,1355,0,0,0.92692155
,1355,1,0,0.6559264
,1355,2,2,1.0
,1355,3,0,0.6590874
,1356,0,2,1.0
,1356,1,0,0.51157314
,1356,2,1,0.5388269
,1356,3,0,0.5118072
,1357,0,0,0.9347248
,1357,1,0,0.6486972
,1357,2,2,1.0
,1357,3,0,0.6487058
,1358,0,2,1.0
,1358,1,0,0.5329345
,1358,2,0,0.6969055
,1358,3,0,0.53292584
,1359,0,0,0.96031094
,1359,1,0,0.61811817
,1359,2,2,1.0
,1359,3,0,0.617901
,1360,0,2,1.0
,1360,1,0,0.6314244
,1360,2,0,0.9607714
,1360,3,0,0.62593794
,1361,0,0,0.91128784
,1361,1,0,0.8067563
,1361,2,2,1.0
,1361,3,0,0.6671438
,1362,0,0,0.5224173
,1362,1,3,1.0
,1362,2,1,0.5614235
,1362,3,0,0.50383586
,1363,0,0,0.614641
,1363,1,0,0.9782006
,1363,2,2,1.0
,1363,3,0,0.61387706
,1364,0,0,0.62417203
,1364,1,2,1.0
,1364,2,0,0.960748
,1364,3,0,0.6241298
,1365,0,0,0.62557536
,1365,1,0,0.959368
,1365,2,2,1.0
,1365,3,0,0.6252618
,1366,0,0,0.62994736
,1366,1,3,1.0
,1366,2,0,0.8942227
,1366,3,0,0.6220919
,1367,0,0,0.82789594
,1367,1,2,1.0
,1367,2,0,0.6445768
,1367,3,0,0.6261973
,1368,0,2,1.0
,1368,1,0,0.89821446
,1368,2,0,0.8270944
,1368,3,0,0.624779
,1369,0,0,0.8956457
,1369,1,0,0.83300865
,1369,2,2,1.0
,1369,3,0,0.62608784
,1370,0,0,0.67314273
,1370,1,2,1.0
,1370,2,0,0.9557713
,1370,3,0,0.6624431
,1371,0,0,0.5265773
,1371,1,0,0.6829586
,1371,2,3,1.0
,1371,3,0,0.5170911
,1372,0,0,0.821711
,1372,1,2,1.0
,1372,2,0,0.9399001
,1372,3,0,0.61671805
,1373,0,2,1.0
,1373,1,0,0.9607054
,1373,2,0,0.63671297
,1373,3,0,0.6239636
,1374,0,0,0.9593672
,1374,1,2,1.0
,1374,2,0,0.6260814
,1374,3,0,0.6252671
,1375,0,3,1.0
,1375,1,0,0.96048874
,1375,2,0,0.63078505
,1375,3,0,0.62286496
,1376,0,0,0.94019586
,1376,1,2,1.0
,1376,2,0,0.8266932
,1376,3,0,0.6261046
,1377,0,0,0.671756
,1377,1,0,0.93564934
,1377,2,2,1.0
,1377,3,0,0.6637544
,1378,0,0,0.5745412
,1378,1,2,1.0
,1378,2,0,0.50804555
,1378,3,0,0.6367914
,1379,0,0,0.5089121
,1379,1,1,0.56667113
,1379,2,0,0.7393266
,1379,3,2,1.0
,1380,0,0,0.624872
,1380,1,0,0.61385643
,1380,2,2,1.0
,1380,3,0,0.9603349
,1381,0,0,0.82654643
,1381,1,0,0.6246676
,1381,2,0,0.8951096
,1381,3,2,1.0
,1382,0,2,1.0
,1382,1,0,0.6330324
,1382,2,0,0.6359519
,1382,3,0,0.95933646
,1383,0,0,0.8944838
,1383,1,0,0.82564634
,1383,2,0,0.6314515
,1383,3,3,1.0
,1384,0,0,0.6350151
,1384,1,2,1.0
,1384,2,0,0.82649
,1384,3,0,0.93986773
,1385,0,0,0.624736
,1385,1,0,0.96072936
,1385,2,2,1.0
,1385,3,0,0.6367417
,1386,0,0,0.6246184
,1386,1,2,1.0
,1386,2,0,0.96077186
,1386,3,0,0.625078
,1387,0,0,0.6249195
,1387,1,0,0.9607747
,1387,2,2,1.0
,1387,3,0,0.62462854
,1388,0,0,0.63252276
,1388,1,2,1.0
,1388,2,0,0.9607925
,1388,3,0,0.6246469
,1389,0,0,0.826822
,1389,1,0,0.8968272
,1389,2,2,1.0
,1389,3,0,0.626257
,1390,0,2,1.0
,1390,1,0,0.7428075
,1390,2,0,0.913049
,1390,3,0,0.66168827
,1391,0,1,0.511088
,1391,1,2,1.0
,1391,2,0,0.75039047
,1391,3,0,0.57145715
,1392,0,1,0.50498205
,1392,1,0,0.67408997
,1392,2,3,1.0
,1392,3,0,0.50085235
,1393,0,0,0.62363595
,1393,1,2,1.0
,1393,2,0,0.97741884
,1393,3,0,0.6157975
,1394,0,0,0.82525873
,1394,1,0,0.89516103
,1394,2,3,1.0
,1394,3,0,0.62380743
,1395,0,2,1.0
,1395,1,0,0.68064934
,1395,2,0,0.9641678
,1395,3,0,0.65664005
,1396,0,1,0.5482602
,1396,1,0,0.76457876
,1396,2,2,1.0
,1396,3,0,0.53474164
,1397,0,0,0.6239423
,1397,1,2,1.0
,1397,2,0,0.9589932
,1397,3,0,0.6191467
,1398,0,0,0.82535464
,1398,1,0,0.8976298
,1398,2,3,1.0
,1398,3,0,0.6227328
,1399,0,2,1.0
,1399,1,0,0.8330285
,1399,2,0,0.9417567
,1399,3,0,0.624262
,1400,0,0,0.89815813
,1400,1,2,1.0
,1400,2,0,0.8342054
,1400,3,0,0.62448907
,1401,0,0,0.8330988
,1401,1,0,0.8950233
,1401,2,2,1.0
,1401,3,0,0.62484545
,1402,0,2,1.0
,1402,1,0,0.6352896
,1402,2,0,0.9607551
,1402,3,0,0.63227177
,1403,0,0,0.89509743
,1403,1,0,0.6331112
,1403,2,2,1.0
,1403,3,0,0.8268743
,1404,0,0,0.6352414
,1404,1,0,0.8266267
,1404,2,0,0.8951666
,1404,3,2,1.0
,1405,0,0,0.62546635
,1405,1,2,1.0
,1405,2,0,0.64341956
,1405,3,0,0.95933187
,1406,0,0,0.62376815
,1406,1,0,0.8979783
,1406,2,0,0.82077897
,1406,3,3,1.0
,1407,0,0,0.62280655
,1407,1,0,0.83169425
,1407,2,3,1.0
,1407,3,0,0.9399038
,1408,0,0,0.63189983
,1408,1,2,1.0
,1408,2,0,0.9782117
,1408,3,0,0.6364829
,1409,0,0,0.82687056
,1409,1,0,0.89825857
,1409,2,2,1.0
,1409,3,0,0.62524176
,1410,0,2,1.0
,1410,1,0,0.83316773
,1410,2,0,0.89816743
,1410,3,0,0.6245411
,1411,0,0,0.89816725
,1411,1,2,1.0
,1411,2,0,0.8331643
,1411,3,0,0.6245668
,1412,0,0,0.8331421
,1412,1,0,0.8957318
,1412,2,2,1.0
,1412,3,0,0.6259214
,1413,0,2,1.0
,1413,1,0,0.6802056
,1413,2,0,0.9356266
,1413,3,0,0.66010576
,1414,0,0,0.51093477
,1414,1,0,0.7416486
,1414,2,2,1.0
,1414,3,0,0.5761177
,1415,0,0,0.73311317
,1415,1,3,1.0
,1415,2,1,0.57101303
,1415,3,0,0.502829
,1416,0,2,1.0
,1416,1,0,0.96404135
,1416,2,0,0.6602306
,1416,3,0,0.64928156
,1417,0,1,0.5392379
,1417,1,2,1.0
,1417,2,0,0.75851864
,1417,3,0,0.5347011
,1418,0,0,0.8187855
,1418,1,0,0.8963444
,1418,2,3,1.0
,1418,3,0,0.61558527
,1419,0,2,1.0
,1419,1,0,0.8329274
,1419,2,0,0.94175786
,1419,3,0,0.62386805
,1420,0,0,0.8950108
,1420,1,2,1.0
,1420,2,0,0.83413464
,1420,3,0,0.62448597
,1421,0,0,0.6350885
,1421,1,0,0.96073484
,1421,2,2,1.0
,1421,3,0,0.6244151
,1422,0,0,0.6271327
,1422,1,2,1.0
,1422,2,0,0.9607556
,1422,3,0,0.62612826
,1423,0,0,0.67774594
,1423,1,0,0.95581985
,1423,2,2,1.0
,1423,3,0,0.6628027
,1424,0,0,0.74996346
,1424,1,3,1.0
,1424,2,1,0.5612048
,1424,3,0,0.51896626
,1425,0,2,1.0
,1425,1,0,0.94992244
,1425,2,0,0.6995717
,1425,3,0,0.66151506
,1426,0,1,0.67846626
,1426,1,0,0.5681031
,1426,2,2,1.0
,1426,3,0,0.5464936
,1427,0,2,1.0
,1427,1,0,0.5687898
,1427,2,0,0.7060204
,1427,3,0,0.56710684
,1428,0,1,0.9819729
,1428,1,0,0.54075307
,1428,2,2,1.0
,1428,3,0,0.5381074
,1429,0,2,1.0
,1429,1,0,0.5685197
,1429,2,1,0.75427383
,1429,3,0,0.5356179
,1430,0,1,0.96523577
,1430,1,2,1.0
,1430,2,1,0.5333721
,1430,3,1,0.51076794
,1431,0,2,1.0
,1431,1,0,0.92181057
,1431,2,0,0.6552174
,1431,3,0,0.6567
,1432,0,1,0.7768023
,1432,1,2,1.0
,1432,2,0,0.5004038
,1432,3,0,0.50904375
,1433,0,2,1.0
,1433,1,0,0.8931096
,1433,2,0,0.6220328
,1433,3,0,0.82007235
,1434,0,0,0.89574903
,1434,1,0,0.637965
,1434,2,0,0.82628703
,1434,3,2,1.0
,1435,0,0,0.6836666
,1435,1,0,0.70144254
,1435,2,2,1.0
,1435,3,0,0.91279596
,1436,0,0,0.585
,1436,1,2,1.0
,1436,2,1,0.88820755
,1436,3,0,0.56735283
,1437,0,2,1.0
,1437,1,1,0.7496046
,1437,2,0,0.54258376
,1437,3,0,0.5428824
,1438,0,1,0.72270244
,1438,1,0,0.51385486
,1438,2,2,1.0
,1438,3,0,0.5544051
,1439,0,2,1.0
,1439,1,1,0.5110468
,1439,2,1,0.783489
,1439,3,0,0.7285104
,1440,0,0,0.9087511
,1440,1,0,0.6574491
,1440,2,0,0.7169682
,1440,3,2,1.0
,1441,0,0,0.60193545
,1441,1,0,0.6295727
,1441,2,2,1.0
,1441,3,1,0.51376635
,1442,0,0,0.739296
,1442,1,2,1.0
,1442,2,1,0.55760735
,1442,3,0,0.5025608
,1443,0,3,1.0
,1443,1,0,0.8928678
,1443,2,0,0.8177393
,1443,3,0,0.6213322
,1444,0,0,0.94008946
,1444,1,0,0.63556033
,1444,2,2,1.0
,1444,3,0,0.82103485
,1445,0,0,0.6394144
,1445,1,0,0.62429273
,1445,2,0,0.9604253
,1445,3,3,1.0
,1446,0,0,0.7354884
,1446,1,0,0.6586858
,1446,2,2,1.0
,1446,3,0,0.9477443
,1447,0,2,1.0
,1447,1,0,0.52937204
,1447,2,0,0.69341606
,1447,3,0,0.54922247
,1448,0,0,0.9602878
,1448,1,0,0.61771226
,1448,2,2,1.0
,1448,3,0,0.6183931
,1449,0,2,1.0
,1449,1,0,0.6286139
,1449,2,0,0.96076864
,1449,3,0,0.62563246
,1450,0,0,0.90834016
,1450,1,0,0.73559105
,1450,2,2,1.0
,1450,3,0,0.65892935
,1451,0,0,0.5513772
,1451,1,2,1.0
,1451,2,0,0.6936952
,1451,3,0,0.53124577
,1452,0,0,0.7276932
,1452,1,0,0.9084529
,1452,2,2,1.0
,1452,3,0,0.65544736
,1453,0,2,1.0
,1453,1,0,0.5858206
,1453,2,0,0.54664564
,1453,3,0,0.5685064
,1454,0,0,0.6790209
,1454,1,0,0.5076406
,1454,2,2,1.0
,1454,3,0,0.50635785
,1455,0,2,1.0
,1455,1,0,0.6497332
,1455,2,0,0.9350381
,1455,3,0,0.649494
,1456,0,0,0.69719267
,1456,1,0,0.53787494
,1456,2,2,1.0
,1456,3,0,0.534796
,1457,0,2,1.0
,1457,1,0,0.72813916
,1457,2,0,0.9122546
,1457,3,0,0.65562475
,1458,0,0,0.5062256
,1458,1,2,1.0
,1458,2,0,0.75008315
,1458,3,0,0.57066935
,1459,0,0,0.73230976
,1459,1,1,0.5718735
,1459,2,3,1.0
,1459,3,0,0.50203615
,1460,0,2,1.0
,1460,1,0,0.6502216
,1460,2,0,0.96376467
,1460,3,0,0.65232795
,1461,0,0,0.5523611
,1461,1,0,0.5888149
,1461,2,2,1.0
,1461,3,0,0.5768145
,1462,0,2,1.0
,1462,1,0,0.71896726
,1462,2,1,0.50766236
,1462,3,0,0.5494866
,1463,0,1,0.56649464
,1463,1,3,1.0
,1463,2,0,0.73019975
,1463,3,1,0.50272596
,1464,0,0,0.8143291
,1464,1,0,0.9401568
,1464,2,2,1.0
,1464,3,0,0.6168771
,1465,0,3,1.0
,1465,1,0,0.642812
,1465,2,0,0.96042097
,1465,3,0,0.6220308
,1466,0,0,0.9399393
,1466,1,0,0.8269348
,1466,2,2,1.0
,1466,3,0,0.6245278
,1467,0,0,0.644553
,1467,1,2,1.0
,1467,2,0,0.9607503
,1467,3,0,0.62436324
,1468,0,0,0.82711744
,1468,1,0,0.89684325
,1468,2,2,1.0
,1468,3,0,0.6261093
,1469,0,2,1.0
,1469,1,0,0.7441709
,1469,2,0,0.9133697
,1469,3,0,0.6585968
,1470,0,1,0.55323917
,1470,1,2,1.0
,1470,2,0,0.7724999
,1470,3,0,0.52934736
,1471,0,0,0.62289166
,1471,1,0,0.9604077
,1471,2,2,1.0
,1471,3,0,0.6181942
,1472,0,0,0.8266093
,1472,1,2,1.0
,1472,2,0,0.8982369
,1472,3,0,0.6244646
,1473,0,2,1.0
,1473,1,0,0.89514023
,1473,2,0,0.83309835
,1473,3,0,0.62453306
,1474,0,0,0.96074617
,1474,1,0,0.64264166
,1474,2,2,1.0
,1474,3,0,0.6243821
,1475,0,2,1.0
,1475,1,0,0.8219544
,1475,2,0,0.89855534
,1475,3,0,0.62563246
,1476,0,0,0.8947967
,1476,1,3,1.0
,1476,2,0,0.83201593
,1476,3,0,0.62849605
,1477,0,0,0.6588538
,1477,1,0,0.9455166
,1477,2,2,1.0
,1477,3,0,0.7667114
,1478,0,0,0.5610088
,1478,1,0,0.57810706
,1478,2,0,0.8110911
,1478,3,2,1.0
,1479,0,0,0.64367896
,1479,1,0,0.64431405
,1479,2,2,1.0
,1479,3,0,0.9459143
,1480,0,0,0.5976519
,1480,1,0,0.5971542
,1480,2,0,0.7269752
,1480,3,2,1.0
,1481,0,0,0.548978
,1481,1,0,0.54038817
,1481,2,2,1.0
,1481,3,0,0.8197291
,1482,0,0,0.82340753
,1482,1,0,0.61921537
,1482,2,0,0.8974949
,1482,3,2,1.0
,1483,0,2,1.0
,1483,1,0,0.6242547
,1483,2,0,0.8331103
,1483,3,0,0.89814585
,1484,0,0,0.8950185
,1484,1,0,0.6248272
,1484,2,2,1.0
,1484,3,0,0.8330963
,1485,0,0,0.6350229
,1485,1,0,0.632086
,1485,2,0,0.96074617
,1485,3,2,1.0
,1486,0,0,0.62582976
,1486,1,0,0.8216929
,1486,2,2,1.0
,1486,3,0,0.8985559
,1487,0,0,0.62292224
,1487,1,3,1.0
,1487,2,0,0.8975126
,1487,3,0,0.8320086
,1488,0,0,0.6250804
,1488,1,0,0.9400647
,1488,2,0,0.82797134
,1488,3,2,1.0
,1489,0,0,0.62360156
,1489,1,0,0.6358703
,1489,2,3,1.0
,1489,3,0,0.95902133
,1490,0,0,0.6301984
,1490,1,0,0.62273574
,1490,2,0,0.9781977
,1490,3,3,1.0
,1491,0,0,0.8267117
,1491,1,0,0.6245601
,1491,2,2,1.0
,1491,3,0,0.9417546
,1492,0,2,1.0
,1492,1,0,0.6245119
,1492,2,0,0.8951348
,1492,3,0,0.83414286
,1493,0,0,0.9607535
,1493,1,0,0.6243367
,1493,2,0,0.64282477
,1493,3,2,1.0
,1494,0,2,1.0
,1494,1,0,0.6248273
,1494,2,0,0.82705253
,1494,3,0,0.89517534
,1495,0,0,0.9607422
,1495,1,0,0.62572193
,1495,2,2,1.0
,1495,3,0,0.6393112
,1496,0,2,1.0
,1496,1,0,0.65933466
,1496,2,0,0.9134433
,1496,3,0,0.7359685
,1497,0,1,0.5536162
,1497,1,0,0.53795844
,1497,2,0,0.77274656
,1497,3,2,1.0
,1498,0,0,0.61533797
,1498,1,0,0.82297236
,1498,2,2,1.0
,1498,3,0,0.89740884
,1499,0,0,0.62748784
,1499,1,2,1.0
,1499,2,0,0.89589465
,1499,3,0,0.8330301
,1500,0,0,0.71007353
,1500,1,0,0.91076404
,1500,2,0,0.6911415
,1500,3,2,1.0
,1501,0,2,1.0
,1501,1,0,0.5270672
,1501,2,0,0.7431966
,1501,3,1,0.769292
,1502,0,0,0.91069186
,1502,1,0,0.662031
,1502,2,2,1.0
,1502,3,0,0.68461096
,1503,0,0,0.51911515
,1503,1,0,0.50883865
,1503,2,1,0.7789341
,1503,3,2,1.0
,1504,0,0,0.61473846
,1504,1,0,0.8199697
,1504,2,2,1.0
,1504,3,0,0.8961785
,1505,0,0,0.62463146
,1505,1,2,1.0
,1505,2,0,0.898415
,1505,3,0,0.8279927
,1506,0,0,0.62290055
,1506,1,0,0.89443797
,1506,2,0,0.83185804
,1506,3,3,1.0
,1507,0,0,0.6247285
,1507,1,0,0.6354379
,1507,2,2,1.0
,1507,3,0,0.9774081
,1508,0,0,0.62286454
,1508,1,0,0.6232916
,1508,2,0,0.9604512
,1508,3,3,1.0
,1509,0,0,0.6260121
,1509,1,0,0.6260289
,1509,2,2,1.0
,1509,3,0,0.97820204
,1510,0,0,0.6679202
,1510,1,0,0.6679208
,1510,2,0,0.92370355
,1510,3,2,1.0
,1511,0,0,0.501326
,1511,1,0,0.5013261
,1511,2,2,1.0
,1511,3,1,0.77686995
,1512,0,0,0.61357534
,1512,1,0,0.6135744
,1512,2,0,0.9598629
,1512,3,2,1.0
,1513,0,0,0.6257402
,1513,1,0,0.62571603
,1513,2,2,1.0
,1513,3,0,0.96074814
,1514,0,0,0.66764367
,1514,1,0,0.66703075
,1514,2,0,0.955354
,1514,3,2,1.0
,1515,0,0,0.5142194
,1515,1,0,0.5051434
,1515,2,3,1.0
,1515,3,1,0.56250054
,1516,0,0,0.8182851
,1516,1,0,0.61185956
,1516,2,0,0.9399622
,1516,3,3,1.0
,1517,0,2,1.0
,1517,1,0,0.6233985
,1517,2,0,0.6363656
,1517,3,0,0.9782018
,1518,0,0,0.9607985
,1518,1,0,0.62542564
,1518,2,0,0.62593514
,1518,3,2,1.0
,1519,0,2,1.0
,1519,1,0,0.647594
,1519,2,0,0.6476267
,1519,3,0,0.9466485
,1520,0,0,0.7293433
,1520,1,0,0.59964764
,1520,2,0,0.5998993
,1520,3,2,1.0
,1521,0,2,1.0
,1521,1,0,0.5773693
,1521,2,0,0.5814472
,1521,3,0,0.74004275
,1522,0,0,0.6562063
,1522,1,0,0.5776289
,1522,2,0,0.6416182
,1522,3,2,1.0
,1523,0,0,0.515594
,1523,1,0,0.50989485
,1523,2,2,1.0
,1523,3,0,0.6819902
,1524,0,0,0.61730474
,1524,1,0,0.61705285
,1524,2,0,0.9588059
,1524,3,2,1.0
,1525,0,0,0.62414473
,1525,1,0,0.62359947
,1525,2,3,1.0
,1525,3,0,0.96045256
,1526,0,0,0.6706458
,1526,1,0,0.65704286
,1526,2,0,0.9641218
,1526,3,2,1.0
,1527,0,0,0.75941765
,1527,1,0,0.53571695
,1527,2,2,1.0
,1527,3,1,0.538794
,1528,0,3,1.0
,1528,1,0,0.61564904
,1528,2,0,0.8963506
,1528,3,0,0.818808
,1529,0,0,0.939868
,1529,1,0,0.6238976
,1529,2,0,0.83286023
,1529,3,2,1.0
,1530,0,0,0.6367476
,1530,1,0,0.6243043
,1530,2,2,1.0
,1530,3,0,0.9607304
,1531,0,0,0.62508136
,1531,1,0,0.62459195
,1531,2,0,0.9607714
,1531,3,2,1.0
,1532,0,0,0.62468696
,1532,1,0,0.62465566
,1532,2,2,1.0
,1532,3,0,0.9607637
,1533,0,0,0.62561524
,1533,1,0,0.6253069
,1533,2,0,0.9593691
,1533,3,2,1.0
,1534,0,0,0.6305846
,1534,1,0,0.62285155
,1534,2,3,1.0
,1534,3,0,0.96047866
,1535,0,0,0.82152814
,1535,1,0,0.6252442
,1535,2,0,0.9401119
,1535,3,2,1.0
,1536,0,3,1.0
,1536,1,0,0.62182117
,1536,2,0,0.6421517
,1536,3,0,0.89400613
,1537,0,2,1.0
,1537,1,0,0.6262172
,1537,2,0,0.82811785
,1537,3,0,0.6370758
,1538,0,0,0.9607745
,1538,1,0,0.6246198
,1538,2,2,1.0
,1538,3,0,0.6328788
,1539,0,2,1.0
,1539,1,0,0.6270013
,1539,2,0,0.8957567
,1539,3,0,0.8268199
,1540,0,0,0.92699635
,1540,1,0,0.6806117
,1540,2,0,0.6756257
,1540,3,2,1.0
,1541,0,2,1.0
,1541,1,0,0.7445191
,1541,2,0,0.5181556
,1541,3,1,0.7676695
,1542,0,0,0.8972749
,1542,1,2,1.0
,1542,2,0,0.8222234
,1542,3,0,0.6062059
,1543,0,0,0.8330279
,1543,1,0,0.8949931
,1543,2,2,1.0
,1543,3,0,0.6237547
,1544,0,2,1.0
,1544,1,0,0.63500017
,1544,2,0,0.96073586
,1544,3,0,0.62463194
,1545,0,0,0.96079063
,1545,1,0,0.6249891
,1545,2,2,1.0
,1545,3,0,0.6325033
,1546,0,2,1.0
,1546,1,0,0.6248087
,1546,2,0,0.89523125
,1546,3,0,0.82680976
,1547,0,0,0.96074504
,1547,1,0,0.6244013
,1547,2,0,0.6426472
,1547,3,2,1.0
,1548,0,2,1.0
,1548,1,0,0.62577766
,1548,2,0,0.8219322
,1548,3,0,0.8953828
,1549,0,0,0.9604544
,1549,1,0,0.63055545
,1549,2,3,1.0
,1549,3,0,0.6333737
,1550,0,2,1.0
,1550,1,0,0.82667226
,1550,2,0,0.94171184
,1550,3,0,0.62499577
,1551,0,0,0.8984623
,1551,1,2,1.0
,1551,2,0,0.82920426
,1551,3,0,0.6251622
,1552,0,0,0.8320442
,1552,1,0,0.8975795
,1552,2,3,1.0
,1552,3,0,0.6228449
,1553,0,2,1.0
,1553,1,0,0.83296436
,1553,2,0,0.9398658
,1553,3,0,0.62460715
,1554,0,0,0.96074986
,1554,1,2,1.0
,1554,2,0,0.63672894
,1554,3,0,0.6322385
,1555,0,2,1.0
,1555,1,0,0.89510727
,1555,2,0,0.6252619
,1555,3,0,0.826792
,1556,0,0,0.9607346
,1556,1,0,0.6350098
,1556,2,0,0.6243852
,1556,3,2,1.0
,1557,0,2,1.0
,1557,1,0,0.6250138
,1557,2,0,0.6245963
,1557,3,0,0.9607716
,1558,0,0,0.9607637
,1558,1,0,0.6246728
,1558,2,0,0.6246563
,1558,3,2,1.0
,1559,0,2,1.0
,1559,1,0,0.62531334
,1559,2,0,0.62531275
,1559,3,0,0.95936847
,1560,0,0,0.96045405
,1560,1,0,0.62284493
,1560,2,0,0.6228449
,1560,3,3,1.0
,1561,0,2,1.0
,1561,1,0,0.6243109
,1561,2,0,0.6243109
,1561,3,0,0.9782018
,1562,0,0,0.9607762
,1562,1,0,0.6246206
,1562,2,0,0.62462
,1562,3,2,1.0
,1563,0,2,1.0
,1563,1,0,0.6246269
,1563,2,0,0.6246145
,1563,3,0,0.9607731
,1564,0,0,0.96076566
,1564,1,0,0.6249677
,1564,2,0,0.62465173
,1564,3,2,1.0
,1565,0,2,1.0
,1565,1,0,0.6332981
,1565,2,0,0.62525785
,1565,3,0,0.95937544
,1566,0,0,0.8946331
,1566,1,0,0.82552195
,1566,2,0,0.6231253
,1566,3,3,1.0
,1567,0,0,0.6425656
,1567,1,2,1.0
,1567,2,0,0.6240145
,1567,3,0,0.9782117
,1568,0,0,0.8271258
,1568,1,0,0.89825857
,1568,2,0,0.62475556
,1568,3,2,1.0
,1569,0,2,1.0
,1569,1,0,0.8331008
,1569,2,0,0.6245445
,1569,3,0,0.89514375
,1570,0,0,0.9607534
,1570,1,2,1.0
,1570,2,0,0.62433535
,1570,3,0,0.64282453
,1571,0,2,1.0
,1571,1,0,0.8951075
,1571,2,0,0.62477577
,1571,3,0,0.8270489
,1572,0,0,0.9607346
,1572,1,0,0.6350101
,1572,2,0,0.62436646
,1572,3,2,1.0
,1573,0,2,1.0
,1573,1,0,0.62501174
,1573,2,0,0.6245935
,1573,3,0,0.96077186
,1574,0,0,0.960773
,1574,1,0,0.62462956
,1574,2,0,0.624613
,1574,3,2,1.0
,1575,0,2,1.0
,1575,1,0,0.62465805
,1575,2,0,0.6246574
,1575,3,0,0.9607637
,1576,0,0,0.95936847
,1576,1,0,0.62531585
,1576,2,0,0.62531585
,1576,3,2,1.0
,1577,0,3,1.0
,1577,1,0,0.6228963
,1577,2,0,0.62289625
,1577,3,0,0.9604421
,1578,0,0,0.9774059
,1578,1,0,0.62508434
,1578,2,0,0.62508434
,1578,3,2,1.0
,1579,0,3,1.0
,1579,1,0,0.62357086
,1579,2,0,0.6235713
,1579,3,0,0.9590642
,1580,0,0,0.97817963
,1580,1,0,0.62230414
,1580,2,0,0.6223166
,1580,3,3,1.0
,1581,0,2,1.0
,1581,1,0,0.62434655
,1581,2,0,0.6246626
,1581,3,0,0.9781976
,1582,0,0,0.95937854
,1582,1,0,0.62526673
,1582,2,0,0.63330656
,1582,3,2,1.0
,1583,0,3,1.0
,1583,1,0,0.6231288
,1583,2,0,0.8255218
,1583,3,0,0.89463073
,1584,0,0,0.9782067
,1584,1,0,0.62405956
,1584,2,2,1.0
,1584,3,0,0.6423831
,1585,0,2,1.0
,1585,1,0,0.6254665
,1585,2,0,0.8955163
,1585,3,0,0.82193756
,1586,0,0,0.96045464
,1586,1,0,0.62259185
,1586,2,0,0.64124095
,1586,3,3,1.0
,1587,0,2,1.0
,1587,1,0,0.6245281
,1587,2,0,0.82696754
,1587,3,0,0.94175494
,1588,0,0,0.8981588
,1588,1,0,0.62449795
,1588,2,2,1.0
,1588,3,0,0.8342096
,1589,0,0,0.833168
,1589,1,0,0.62482095
,1589,2,0,0.89816725
,1589,3,2,1.0
,1590,0,2,1.0
,1590,1,0,0.6324632
,1590,2,0,0.8331754
,1590,3,0,0.8950079
,1591,0,0,0.8981727
,1591,1,0,0.82672215
,1591,2,2,1.0
,1591,3,0,0.635167
,1592,0,0,0.8331589
,1592,1,2,1.0
,1592,2,0,0.89816403
,1592,3,0,0.6249711
,1593,0,2,1.0
,1593,1,0,0.8955341
,1593,2,0,0.8331422
,1593,3,0,0.62581867
,1594,0,0,0.9360128
,1594,1,0,0.66783774
,1594,2,2,1.0
,1594,3,0,0.6571075
,1595,0,2,1.0
,1595,1,0,0.5435847
,1595,2,0,0.69790363
,1595,3,0,0.53425187
,1596,0,0,0.8972516
,1596,1,0,0.82281333
,1596,2,2,1.0
,1596,3,0,0.61856693
,1597,0,0,0.8331049
,1597,1,2,1.0
,1597,2,0,0.89500487
,1597,3,0,0.6321366
,1598,0,2,1.0
,1598,1,0,0.8979088
,1598,2,0,0.6367344
,1598,3,0,0.8266031
,1599,0,0,0.9150986
,1599,1,0,0.8151502
,1599,2,0,0.66390973
,1599,3,2,1.0
,1600,0,0,0.75839865
,1600,1,3,1.0
,1600,2,0,0.5262615
,1600,3,1,0.5643217
,1601,0,3,1.0
,1601,1,0,0.9402993
,1601,2,0,0.81947494
,1601,3,0,0.6145591
,1602,0,0,0.9492242
,1602,1,0,0.67336625
,1602,2,2,1.0
,1602,3,0,0.73273695
,1603,0,0,0.64781797
,1603,1,0,0.57290643
,1603,2,1,0.51040393
,1603,3,2,1.0
,1604,0,2,1.0
,1604,1,0,0.54902935
,1604,2,0,0.5429486
,1604,3,0,0.53069377
,1605,0,0,0.6727449
,1605,1,0,0.5031353
,1605,2,0,0.50234354
,1605,3,2,1.0
,1606,0,3,1.0
,1606,1,0,0.620168
,1606,2,0,0.61232716
,1606,3,0,0.9596545
,1607,0,0,0.9401371
,1607,1,0,0.8211764
,1607,2,0,0.6247901
,1607,3,2,1.0
,1608,0,0,0.64375883
,1608,1,3,1.0
,1608,2,0,0.6231978
,1608,3,0,0.9590354
,1609,0,0,0.8255297
,1609,1,0,0.9399034
,1609,2,0,0.6227188
,1609,3,3,1.0
,1610,0,2,1.0
,1610,1,0,0.63650227
,1610,2,0,0.6242968
,1610,3,0,0.97820204
,1611,0,0,0.9607934
,1611,1,0,0.625066
,1611,2,0,0.63250816
,1611,3,2,1.0
,1612,0,2,1.0
,1612,1,0,0.6248095
,1612,2,0,0.82681084
,1612,3,0,0.89523417
,1613,0,0,0.9607535
,1613,1,0,0.6243463
,1613,2,2,1.0
,1613,3,0,0.6428284
,1614,0,2,1.0
,1614,1,0,0.6247784
,1614,2,0,0.89510834
,1614,3,0,0.827048
,1615,0,0,0.960725
,1615,1,0,0.62441194
,1615,2,0,0.6350552
,1615,3,2,1.0
,1616,0,2,1.0
,1616,1,0,0.6252942
,1616,2,0,0.6257123
,1616,3,0,0.9593671
,1617,0,0,0.96045405
,1617,1,0,0.6228439
,1617,2,0,0.6228606
,1617,3,3,1.0
,1618,0,2,1.0
,1618,1,0,0.62431836
,1618,2,0,0.6243191
,1618,3,0,0.9782013
,1619,0,0,0.9607372
,1619,1,0,0.6247698
,1619,2,0,0.62477
,1619,3,2,1.0
,1620,0,2,1.0
,1620,1,0,0.626552
,1620,2,0,0.6265526
,1620,3,0,0.8990995
,1621,0,2,1.0
,1621,1,0,0.61941683
,1621,2,0,0.619429
,1621,3,0,0.83019364
,1622,0,0,0.96073
,1622,1,0,0.62411
,1622,2,0,0.62441796
,1622,3,2,0.9999962
,1623,0,2,1.0
,1623,1,0,0.6246637
,1623,2,0,0.63249683
,1623,3,0,0.96079165
,1624,0,0,0.8961473
,1624,1,0,0.62738985
,1624,2,0,0.82684237
,1624,3,2,1.0
,1625,0,0,0.7004383
,1625,1,0,0.6907767
,1625,2,2,1.0
,1625,3,0,0.91967547
,1626,0,0,1.0
,1626,1,0,1.0
,1626,2,0,1.0
,1626,3,3,0.5294795
,1627,0,0,0.6375525
,1627,1,0,0.6375408
,1627,2,2,1.0
,1627,3,0,0.96985435
,1628,0,0,0.6253773
,1628,1,0,0.62507445
,1628,2,0,0.9607679
,1628,3,2,1.0
,1629,0,0,0.63235503
,1629,1,0,0.6246451
,1629,2,2,1.0
,1629,3,0,0.96078455
,1630,0,0,0.8217053
,1630,1,0,0.6254277
,1630,2,0,0.898559
,1630,3,2,1.0
,1631,0,3,1.0
,1631,1,0,0.6228579
,1631,2,0,0.83205205
,1631,3,0,0.8975831
,1632,0,0,0.9398795
,1632,1,0,0.62435037
,1632,2,2,1.0
,1632,3,0,0.8329172
,1633,0,0,0.63750803
,1633,1,0,0.6250878
,1633,2,0,0.95932525
,1633,3,2,1.0
,1634,0,0,0.62503785
,1634,1,0,0.62454325
,1634,2,3,1.0
,1634,3,0,0.9604568
,1635,0,0,0.6683264
,1635,1,0,0.6683027
,1635,2,0,0.9750273
,1635,3,2,1.0
,1636,0,1,0.500283
,1636,1,1,0.50036186
,1636,2,3,1.0
,1636,3,1,0.7844579
,1637,0,0,0.61594796
,1637,1,0,0.6141739
,1637,2,0,0.9781989
,1637,3,2,1.0
,1638,0,0,0.7098001
,1638,1,0,0.6652186
,1638,2,2,1.0
,1638,3,0,0.916415
,1639,0,2,1.0
,1639,1,0,0.5067105
,1639,2,1,0.7655167
,1639,3,0,0.7568189
,1640,0,0,0.89475626
,1640,1,0,0.61888504
,1640,2,0,0.8151152
,1640,3,2,1.0
,1641,0,0,0.67465
,1641,1,0,0.6643029
,1641,2,2,1.0
,1641,3,0,0.9275028
,1642,0,0,0.5128769
,1642,1,0,0.5121108
,1642,2,1,0.5424018
,1642,3,2,1.0
,1643,0,0,0.61254555
,1643,1,0,0.61251354
,1643,2,3,1.0
,1643,3,0,0.95957685
,1644,0,0,0.6244632
,1644,1,0,0.62446195
,1644,2,0,0.9774079
,1644,3,2,1.0
,1645,0,0,0.6228488
,1645,1,0,0.6228488
,1645,2,3,1.0
,1645,3,0,0.96044123
,1646,0,0,0.62501484
,1646,1,0,0.62501484
,1646,2,0,0.97740763
,1646,3,2,1.0
,1647,0,0,0.62287843
,1647,1,0,0.62287843
,1647,2,3,0.99994254
,1647,3,0,0.96044225
,1648,0,0,0.62504315
,1648,1,0,0.62504315
,1648,2,0,0.977407
,1648,3,2,1.0
,1649,0,0,0.62366176
,1649,1,0,0.62366176
,1649,2,3,1.0
,1649,3,0,0.96047866
,1650,0,0,0.6464467
,1650,1,0,0.64644665
,1650,2,0,0.9697975
,1650,3,2,1.0
,1651,0,0,0.5675583
,1651,1,0,0.5675583
,1651,2,2,1.0
,1651,3,0,0.8071358
,1652,0,0,0.6535308
,1652,1,0,0.6535308
,1652,2,0,0.9355465
,1652,3,2,1.0
,1653,0,0,0.5337458
,1653,1,0,0.53374577
,1653,2,2,1.0
,1653,3,0,0.6973049
,1654,0,0,0.6179457
,1654,1,0,0.6179457
,1654,2,0,0.96031153
,1654,3,2,1.0
,1655,0,0,0.62581617
,1655,1,0,0.62581617
,1655,2,2,1.0
,1655,3,0,0.96074355
,1656,0,0,0.6627317
,1656,1,0,0.6627317
,1656,2,0,0.9558119
,1656,3,2,1.0
,1657,0,0,0.5173204
,1657,1,0,0.5173204
,1657,2,3,1.0
,1657,3,0,0.6821308
,1658,0,0,0.6167534
,1658,1,0,0.6167534
,1658,2,0,0.97741485
,1658,3,2,1.0
,1659,0,0,0.6223633
,1659,1,0,0.6223633
,1659,2,3,1.0
,1659,3,0,0.96041435
,1660,0,0,0.6249915
,1660,1,0,0.62499136
,1660,2,0,0.97740763
,1660,3,2,1.0
,1661,0,0,0.6228806
,1661,1,0,0.62287873
,1661,2,3,1.0
,1661,3,0,0.96044225
,1662,0,0,0.62513065
,1662,1,0,0.62508345
,1662,2,0,0.9774079
,1662,3,2,1.0
,1663,0,0,0.6258492
,1663,1,0,0.62466335
,1663,2,3,1.0
,1663,3,0,0.960462
,1664,0,0,0.7011213
,1664,1,0,0.67103386
,1664,2,0,0.9510061
,1664,3,2,1.0
,1665,0,2,1.0
,1665,1,0,0.54498684
,1665,2,0,0.60566175
,1665,3,1,0.88340884
,1666,0,1,0.78182507
,1666,1,1,0.50728303
,1666,2,2,1.0
,1666,3,0,0.7025792
,1667,0,0,0.69233346
,1667,1,0,0.6576827
,1667,2,0,0.9154971
,1667,3,2,1.0
,1668,0,2,1.0
,1668,1,0,0.50775397
,1668,2,0,0.75617254
,1668,3,1,0.76972455
,1669,0,0,0.9110795
,1669,1,0,0.66175026
,1669,2,2,1.0
,1669,3,0,0.6927676
,1670,0,0,0.5714175
,1670,1,0,0.5528008
,1670,2,1,0.711006
,1670,3,2,1.0
,1671,0,1,0.5097711
,1671,1,1,0.5112199
,1671,2,2,1.0
,1671,3,1,0.9104665
,1672,0,0,0.6124895
,1672,1,0,0.6124296
,1672,2,0,0.9597711
,1672,3,2,1.0
,1673,0,0,0.625708
,1673,1,0,0.62570566
,1673,2,2,1.0
,1673,3,0,0.96075445
,1674,0,0,0.6686719
,1674,1,0,0.66867185
,1674,2,0,0.9551845
,1674,3,2,1.0
,1675,0,0,0.5014611
,1675,1,0,0.5014611
,1675,2,3,1.0
,1675,3,1,0.7842452
,1676,0,0,0.657701
,1676,1,0,0.65770096
,1676,2,0,0.975019
,1676,3,2,1.0
,1677,0,1,0.5024305
,1677,1,1,0.5024311
,1677,2,3,1.0
,1677,3,1,0.91029894
,1678,0,0,0.61188215
,1678,1,0,0.6118697
,1678,2,0,0.97819465
,1678,3,2,1.0
,1679,0,0,0.6249724
,1679,1,0,0.62465835
,1679,2,2,1.0
,1679,3,0,0.95934683
,1680,0,0,0.6307342
,1680,1,0,0.6228442
,1680,2,0,0.9604876
,1680,3,3,1.0
,1681,0,0,0.82663786
,1681,1,0,0.6263199
,1681,2,2,1.0
,1681,3,0,0.9406808
,1682,0,2,1.0
,1682,1,0,0.668559
,1682,2,0,0.91573596
,1682,3,0,0.721434
,1683,0,1,0.7353872
,1683,1,0,0.55460215
,1683,2,0,0.73341256
,1683,3,2,1.0
,1684,0,1,0.5314294
,1684,1,1,0.5088527
,1684,2,3,1.0
,1684,3,1,0.91078055
,1685,0,0,0.6589496
,1685,1,0,0.6598351
,1685,2,0,0.9562076
,1685,3,2,1.0
,1686,0,0,0.5426544
,1686,1,0,0.54272294
,1686,2,2,1.0
,1686,3,1,0.9512871
,1687,0,1,0.50794035
,1687,1,1,0.50793505
,1687,2,1,0.57122993
,1687,3,2,0.9999989
,1688,0,0,0.6613734
,1688,1,0,0.6613735
,1688,2,2,1.0
,1688,3,0,0.92207587
,1689,0,0,0.54960823
,1689,1,0,0.54960823
,1689,2,1,0.8750689
,1689,3,2,1.0
,1690,0,0,0.53755844
,1690,1,0,0.5375583
,1690,2,2,1.0
,1690,3,1,0.8795829
,1691,0,0,0.53905565
,1691,1,0,0.53905344
,1691,2,1,0.72833115
,1691,3,2,1.0
,1692,0,0,0.53326505
,1692,1,0,0.53323764
,1692,2,2,1.0
,1692,3,1,0.95295054
,1693,0,1,0.5123627
,1693,1,1,0.5127155
,1693,2,1,0.9106773
,1693,3,2,1.0
,1694,0,0,0.6210495
,1694,1,0,0.6129518
,1694,2,2,1.0
,1694,3,0,0.9583458
,1695,0,0,0.8250825
,1695,1,0,0.62406313
,1695,2,0,0.8953504
,1695,3,3,1.0
,1696,0,2,1.0
,1696,1,0,0.6682775
,1696,2,0,0.69436485
,1696,3,0,0.95620584
,1697,0,1,0.9643947
,1697,1,1,0.50087154
,1697,2,0,0.73580676
,1697,3,2,1.0
,1698,0,0,0.6433037
,1698,1,0,0.660986
,1698,2,2,1.0
,1698,3,0,0.9217163
,1699,0,1,0.50322497
,1699,1,1,0.5018531
,1699,2,1,0.9085537
,1699,3,2,1.0
,1700,0,0,0.613991
,1700,1,0,0.6140449
,1700,2,2,1.0
,1700,3,0,0.95978564
,1701,0,0,0.6569628
,1701,1,0,0.6568952
,1701,2,0,0.936026
,1701,3,2,1.0
,1702,0,0,0.53745663
,1702,1,0,0.53631365
,1702,2,2,1.0
,1702,3,0,0.6976117
,1703,0,0,0.69292325
,1703,1,0,0.66596687
,1703,2,0,0.91226846
,1703,3,2,1.0
,1704,0,2,1.0
,1704,1,0,0.5475863
,1704,2,0,0.5688998
,1704,3,1,0.9521476
,1705,0,1,0.95805097
,1705,1,0,0.5376254
,1705,2,0,0.568701
,1705,3,2,1.0
,1706,0,1,0.5016835
,1706,1,0,0.53674304
,1706,2,2,1.0
,1706,3,1,0.9528456
,1707,0,0,0.5300906
,1707,1,0,0.53307337
,1707,2,1,0.918592
,1707,3,2,1.0
,1708,0,1,0.5127596
,1708,1,1,0.51252735
,1708,2,3,1.0
,1708,3,1,0.9110626
,1709,0,0,0.6115065
,1709,1,0,0.6115162
,1709,2,0,0.978201
,1709,3,2,1.0
,1710,0,0,0.6256878
,1710,1,0,0.62568814
,1710,2,2,1.0
,1710,3,0,0.96076316
,1711,0,0,0.66920835
,1711,1,0,0.6692081
,1711,2,0,0.9551246
,1711,3,2,1.0
,1712,0,1,0.5011283
,1712,1,1,0.5011321
,1712,2,3,1.0
,1712,3,1,0.9869932
,1713,0,0,0.6118228
,1713,1,0,0.61173886
,1713,2,0,0.97818255
,1713,3,3,1.0
,1714,0,0,0.67262805
,1714,1,0,0.6705263
,1714,2,2,1.0
,1714,3,0,0.9567768
,1715,0,0,0.58115405
,1715,1,0,0.5503887
,1715,2,1,0.8874504
,1715,3,2,1.0
,1716,0,2,1.0
,1716,1,0,0.53793186
,1716,2,0,0.50682306
,1716,3,1,0.87884176
,1717,0,1,0.7502
,1717,1,0,0.5380561
,1717,2,0,0.571005
,1717,3,2,1.0
,1718,0,0,0.5528668
,1718,1,0,0.53910923
,1718,2,2,1.0
,1718,3,1,0.7488226
,1719,0,2,1.0
,1719,1,0,0.53597087
,1719,2,1,0.72264534
,1719,3,0,0.5322278
,1720,0,1,0.78572917
,1720,1,1,0.5097265
,1720,2,2,1.0
,1720,3,0,0.7272441
,1721,0,0,0.63860965
,1721,1,0,0.6493056
,1721,2,0,0.9351795
,1721,3,2,1.0
,1722,0,0,0.53444386
,1722,1,0,0.5351641
,1722,2,2,1.0
,1722,3,0,0.69714075
,1723,0,0,0.6606833
,1723,1,0,0.6607072
,1723,2,0,0.9548395
,1723,3,2,1.0
,1724,0,0,0.5055816
,1724,1,0,0.50552964
,1724,2,3,1.0
,1724,3,1,0.5603982
,1725,0,0,0.6624714
,1725,1,0,0.6612223
,1725,2,0,0.9567807
,1725,3,2,1.0
,1726,0,0,0.5639899
,1726,1,0,0.5459501
,1726,2,2,1.0
,1726,3,1,0.87480336
,1727,0,0,0.72282875
,1727,1,1,0.5112252
,1727,2,1,0.90749466
,1727,3,2,1.0
,1728,0,3,1.0
,1728,1,0,0.6134554
,1728,2,0,0.80318296
,1728,3,0,0.89633393
,1729,0,0,0.94031376
,1729,1,0,0.6235258
,1729,2,3,1.0
,1729,3,0,0.831476
,1730,0,0,0.67836654
,1730,1,0,0.6664999
,1730,2,0,0.9751273
,1730,3,2,1.0
,1731,0,0,0.5068802
,1731,1,0,0.505978
,1731,2,3,1.0
,1731,3,1,0.560561
,1732,0,0,0.656876
,1732,1,0,0.65684086
,1732,2,0,0.97513914
,1732,3,2,1.0
,1733,0,0,0.5032624
,1733,1,0,0.5032608
,1733,2,3,1.0
,1733,3,1,0.5609233
,1734,0,0,0.6154936
,1734,1,0,0.6155172
,1734,2,0,0.9782024
,1734,3,2,1.0
,1735,0,0,0.6643638
,1735,1,0,0.66495836
,1735,2,2,1.0
,1735,3,0,0.92760986
,1736,0,0,0.51203877
,1736,1,0,0.5210413
,1736,2,1,0.5419761
,1736,3,2,1.0
,1737,0,0,0.61308914
,1737,1,0,0.8191126
,1737,2,3,1.0
,1737,3,0,0.89258873
,1738,0,0,0.6235087
,1738,1,2,1.0
,1738,2,0,0.9781973
,1738,3,0,0.63486254
,1739,0,0,0.62521666
,1739,1,0,0.9593767
,1739,2,2,1.0
,1739,3,0,0.63368964
,1740,0,0,0.6231287
,1740,1,3,1.0
,1740,2,0,0.89759463
,1740,3,0,0.8256177
,1741,0,0,0.6250062
,1741,1,0,0.9400473
,1741,2,0,0.82798713
,1741,3,2,1.0
,1742,0,0,0.62260365
,1742,1,0,0.6351924
,1742,2,3,1.0
,1742,3,0,0.9603992
,1743,0,0,0.62505686
,1743,1,0,0.6255522
,1743,2,0,0.9774079
,1743,3,2,1.0
,1744,0,0,0.6245184
,1744,1,0,0.624538
,1744,2,3,1.0
,1744,3,0,0.96044946
,1745,0,0,0.66684425
,1745,1,0,0.66684496
,1745,2,0,0.97512704
,1745,3,2,1.0
,1746,0,0,0.50600064
,1746,1,0,0.5060007
,1746,2,3,1.0
,1746,3,1,0.5601575
,1747,0,0,0.65847236
,1747,1,0,0.6584724
,1747,2,0,0.9586935
,1747,3,2,1.0
,1748,0,0,0.55339956
,1748,1,0,0.55339956
,1748,2,2,1.0
,1748,3,1,0.7025233
,1749,0,1,0.50822544
,1749,1,1,0.5082255
,1749,2,1,0.5688465
,1749,3,2,1.0
,1750,0,0,0.61407834
,1750,1,0,0.6140784
,1750,2,2,1.0
,1750,3,0,0.9599851
,1751,0,0,0.6248533
,1751,1,0,0.6248533
,1751,2,0,0.9593465
,1751,3,2,1.0
,1752,0,0,0.6236626
,1752,1,0,0.6236626
,1752,2,3,1.0
,1752,3,0,0.9590602
,1753,0,0,0.62396324
,1753,1,0,0.62396324
,1753,2,0,0.97795755
,1753,3,3,1.0
,1754,0,0,0.64844704
,1754,1,0,0.64844704
,1754,2,2,1.0
,1754,3,0,0.9486672
,1755,0,0,0.5548111
,1755,1,0,0.5548111
,1755,2,3,1.0
,1755,3,0,0.791047
,1756,0,0,0.61939764
,1756,1,0,0.6193976
,1756,2,0,0.97820145
,1756,3,2,1.0
,1757,0,0,0.62437856
,1757,1,0,0.6243786
,1757,2,2,1.0
,1757,3,0,0.960769
,1758,0,0,0.62460464
,1758,1,0,0.62460464
,1758,2,0,0.9607732
,1758,3,2,1.0
,1759,0,0,0.62467706
,1759,1,0,0.62467706
,1759,2,2,1.0
,1759,3,0,0.9607739
,1760,0,0,0.6263094
,1760,1,0,0.6263094
,1760,2,0,0.9607766
,1760,3,2,1.0
,1761,0,0,0.6679017
,1761,1,0,0.6679017
,1761,2,2,1.0
,1761,3,0,0.927534
,1762,0,0,0.5565139
,1762,1,0,0.5565139
,1762,2,1,0.56684256
,1762,3,2,1.0
,1763,0,1,0.506738
,1763,1,1,0.506738
,1763,2,3,1.0
,1763,3,1,0.571818
,1764,0,0,0.65867865
,1764,1,0,0.65867865
,1764,2,0,0.9559769
,1764,3,2,1.0
,1765,0,1,0.5011527
,1765,1,1,0.5011527
,1765,2,2,1.0
,1765,3,1,0.9868995
,1766,0,0,0.6576861
,1766,1,0,0.6576861
,1766,2,0,0.9540049
,1766,3,2,1.0
,1767,0,1,0.50264424
,1767,1,1,0.50264424
,1767,2,3,1.0
,1767,3,1,0.9653449
,1768,0,0,0.61346793
,1768,1,0,0.61346793
,1768,2,0,0.97820306
,1768,3,2,1.0
,1769,0,0,0.6715713
,1769,1,0,0.6715713
,1769,2,2,1.0
,1769,3,0,0.9222257
,1770,0,0,0.5438997
,1770,1,0,0.5438997
,1770,2,1,0.9682031
,1770,3,2,1.0
,1771,0,1,0.5098738
,1771,1,1,0.5098738
,1771,2,3,1.0
,1771,3,1,0.96541774
,1772,0,0,0.6568009
,1772,1,0,0.6568009
,1772,2,0,0.9750136
,1772,3,2,1.0
,1773,0,1,0.50087065
,1773,1,1,0.50087065
,1773,2,3,1.0
,1773,3,1,0.965362
,1774,0,0,0.6547057
,1774,1,0,0.6547057
,1774,2,0,0.97514427
,1774,3,2,1.0
,1775,0,0,0.5049558
,1775,1,0,0.5049559
,1775,2,3,1.0
,1775,3,1,0.5606934
,1776,0,0,0.6624879
,1776,1,0,0.6624879
,1776,2,0,0.9560318
,1776,3,2,1.0
,1777,0,0,0.5459676
,1777,1,0,0.54596764
,1777,2,2,1.0
,1777,3,1,0.9818481
,1778,0,0,0.5388667
,1778,1,0,0.5388667
,1778,2,1,0.72597444
,1778,3,2,1.0
,1779,0,0,0.5394444
,1779,1,0,0.5394444
,1779,2,2,1.0
,1779,3,1,0.72768325
,1780,0,0,0.53329045
,1780,1,0,0.53329045
,1780,2,1,0.91849846
,1780,3,2,1.0
,1781,0,1,0.51049113
,1781,1,1,0.51049113
,1781,2,3,1.0
,1781,3,1,0.78850055
,1782,0,0,0.65409136
,1782,1,0,0.65409136
,1782,2,0,0.95846975
,1782,3,2,1.0
,1783,0,0,0.5103284
,1783,1,0,0.5103284
,1783,2,2,1.0
,1783,3,1,0.76138633
,1784,0,0,0.60880077
,1784,1,0,0.60880077
,1784,2,2,1.0
,1784,3,0,0.80786127
,1785,0,0,0.66801375
,1785,1,0,0.66801375
,1785,2,0,0.95505744
,1785,3,2,1.0
,1786,0,0,0.500359
,1786,1,0,0.500359
,1786,2,3,1.0
,1786,3,1,0.9101236
,1787,0,0,0.66035104
,1787,1,0,0.66035104
,1787,2,0,0.95620733
,1787,3,2,1.0
,1788,0,0,0.5462176
,1788,1,0,0.5462176
,1788,2,2,1.0
,1788,3,1,0.9513983
,1789,0,0,0.535147
,1789,1,0,0.535147
,1789,2,1,0.72538996
,1789,3,2,1.0
,1790,0,1,0.50818706
,1790,1,1,0.50818706
,1790,2,2,1.0
,1790,3,1,0.5700736
,1791,0,0,0.658638
,1791,1,0,0.6586377
,1791,2,0,0.9253581
,1791,3,2,1.0
,1792,0,0,0.55668706
,1792,1,0,0.5566834
,1792,2,2,1.0
,1792,3,1,0.70298254
,1793,0,0,0.5385442
,1793,1,0,0.5384953
,1793,2,1,0.59564227
,1793,3,2,1.0
,1794,0,1,0.5089327
,1794,1,1,0.5095631
,1794,2,3,1.0
,1794,3,1,0.910891
,1795,0,0,0.68733746
,1795,1,0,0.6729052
,1795,2,0,0.95007783
,1795,3,2,1.0
,1796,0,2,1.0
,1796,1,0,0.7298214
,1796,2,0,0.5291835
,1796,3,1,0.9646725
,1797,0,0,0.89277476
,1797,1,3,1.0
,1797,2,0,0.81989944
,1797,3,0,0.6021648
,1798,0,0,0.6348287
,1798,1,0,0.93986905
,1798,2,2,1.0
,1798,3,0,0.8256929
,1799,0,0,0.6247237
,1799,1,0,0.63673764
,1799,2,0,0.9607285
,1799,3,2,1.0
,1800,0,0,0.62460595
,1800,1,0,0.625078
,1800,2,2,1.0
,1800,3,0,0.9607716
,1801,0,0,0.62461346
,1801,1,0,0.624632
,1801,2,0,0.960773
,1801,3,2,1.0
,1802,0,0,0.62465745
,1802,1,0,0.6246582
,1802,2,2,1.0
,1802,3,0,0.9607637
,1803,0,0,0.6253156
,1803,1,0,0.6253156
,1803,2,0,0.95936847
,1803,3,2,1.0
,1804,0,0,0.62289256
,1804,1,0,0.62289244
,1804,2,3,1.0
,1804,3,0,0.9604427
,1805,0,0,0.6250144
,1805,1,0,0.6250139
,1805,2,0,0.97740763
,1805,3,2,1.0
,1806,0,0,0.62284154
,1806,1,0,0.62282956
,1806,2,3,1.0
,1806,3,0,0.9604537
,1807,0,0,0.62461174
,1807,1,0,0.6243088
,1807,2,0,0.9782024
,1807,3,2,1.0
,1808,0,0,0.6323477
,1808,1,0,0.6246405
,1808,2,2,1.0
,1808,3,0,0.96078664
,1809,0,0,0.82168305
,1809,1,0,0.62548
,1809,2,0,0.8955128
,1809,3,2,1.0
,1810,0,3,1.0
,1810,1,0,0.622594
,1810,2,0,0.6412385
,1810,3,0,0.96045405
,1811,0,0,0.93986547
,1811,1,0,0.62456
,1811,2,0,0.82689345
,1811,3,2,1.0
,1812,0,0,0.63679624
,1812,1,0,0.62438005
,1812,2,2,1.0
,1812,3,0,0.9607213
,1813,0,0,0.6257795
,1813,1,0,0.6252918
,1813,2,0,0.95936686
,1813,3,2,1.0
,1814,0,0,0.6228628
,1814,1,0,0.6228433
,1814,2,3,1.0
,1814,3,0,0.96045405
,1815,0,0,0.6243115
,1815,1,0,0.62431085
,1815,2,0,0.9782017
,1815,3,2,1.0
,1816,0,0,0.62462
,1816,1,0,0.6246205
,1816,2,2,1.0
,1816,3,0,0.9607762
,1817,0,0,0.6246124
,1817,1,0,0.6246246
,1817,2,0,0.96077347
,1817,3,2,1.0
,1818,0,0,0.6246082
,1818,1,0,0.6249201
,1818,2,2,1.0
,1818,3,0,0.9607747
,1819,0,0,0.62458694
,1819,1,0,0.6325243
,1819,2,0,0.96079266
,1819,3,2,1.0
,1820,0,0,0.6247658
,1820,1,0,0.8268799
,1820,2,2,1.0
,1820,3,0,0.89825547
,1821,0,0,0.6245227
,1821,1,2,1.0
,1821,2,0,0.89816725
,1821,3,0,0.83316416
,1822,0,0,0.6245343
,1822,1,0,0.89514345
,1822,2,0,0.8330981
,1822,3,2,1.0
,1823,0,0,0.62433225
,1823,1,0,0.6428256
,1823,2,2,1.0
,1823,3,0,0.96075433
,1824,0,0,0.624747
,1824,1,0,0.8271238
,1824,2,0,0.8982525
,1824,3,2,1.0
,1825,0,0,0.62452173
,1825,1,2,1.0
,1825,2,0,0.8331665
,1825,3,0,0.89816713
,1826,0,0,0.6245586
,1826,1,0,0.8980957
,1826,2,2,1.0
,1826,3,0,0.83312505
,1827,0,0,0.6252296
,1827,1,0,0.8281115
,1827,2,0,0.8952983
,1827,3,2,1.0
,1828,0,0,0.62262064
,1828,1,3,1.0
,1828,2,0,0.63339657
,1828,3,0,0.960418
,1829,0,0,0.62460065
,1829,1,0,0.97820264
,1829,2,0,0.62471414
,1829,3,2,1.0
,1830,0,0,0.6325303
,1830,1,2,1.0
,1830,2,0,0.6246254
,1830,3,0,0.960795
,1831,0,0,0.8268119
,1831,1,0,0.8951092
,1831,2,0,0.6251043
,1831,3,2,1.0
,1832,0,2,1.0
,1832,1,0,0.63498867
,1832,2,0,0.63228196
,1832,3,0,0.9607536
,1833,0,0,0.89510757
,1833,1,0,0.62519443
,1833,2,0,0.8267939
,1833,3,2,1.0
,1834,0,0,0.6350098
,1834,1,0,0.6243826
,1834,2,2,1.0
,1834,3,0,0.9607346
,1835,0,0,0.6250116
,1835,1,0,0.6245941
,1835,2,0,0.96077186
,1835,3,2,1.0
,1836,0,0,0.62462723
,1836,1,0,0.6246114
,1836,2,2,1.0
,1836,3,0,0.9607732
,1837,0,0,0.6246122
,1837,1,0,0.6246238
,1837,2,0,0.9607732
,1837,3,2,1.0
,1838,0,0,0.62460834
,1838,1,0,0.62492007
,1838,2,2,1.0
,1838,3,0,0.9607747
,1839,0,0,0.624589
,1839,1,0,0.6325233
,1839,2,0,0.9607925
,1839,3,2,1.0
,1840,0,0,0.62480974
,1840,1,0,0.82684404
,1840,2,2,1.0
,1840,3,0,0.8981832
,1841,0,0,0.6251864
,1841,1,2,1.0
,1841,2,0,0.8984712
,1841,3,0,0.8281368
,1842,0,0,0.6228802
,1842,1,0,0.89442044
,1842,2,0,0.8319126
,1842,3,3,1.0
,1843,0,0,0.62402767
,1843,1,0,0.63474053
,1843,2,2,1.0
,1843,3,0,0.9782013
,1844,0,0,0.6245995
,1844,1,0,0.62502044
,1844,2,0,0.96077484
,1844,3,2,1.0
,1845,0,0,0.6246115
,1845,1,0,0.62462807
,1845,2,2,1.0
,1845,3,0,0.9607732
,1846,0,0,0.6246118
,1846,1,0,0.6246125
,1846,2,0,0.9607732
,1846,3,2,1.0
,1847,0,0,0.6246118
,1847,1,0,0.6246118
,1847,2,2,1.0
,1847,3,0,0.9607732
,1848,0,0,0.62461233
,1848,1,0,0.6246118
,1848,2,0,0.9607732
,1848,3,2,1.0
,1849,0,0,0.6246238
,1849,1,0,0.6246116
,1849,2,2,1.0
,1849,3,0,0.96077335
,1850,0,0,0.6249201
,1850,1,0,0.62460846
,1850,2,0,0.9607746
,1850,3,2,1.0
,1851,0,0,0.6325232
,1851,1,0,0.6245896
,1851,2,2,1.0
,1851,3,0,0.9607919
,1852,0,0,0.8268051
,1852,1,0,0.6247945
,1852,2,0,0.8951109
,1852,3,2,1.0
,1853,0,2,1.0
,1853,1,0,0.62436694
,1853,2,0,0.63502216
,1853,3,0,0.9607347
,1854,0,0,0.96077335
,1854,1,0,0.62459
,1854,2,0,0.6253199
,1854,3,2,1.0
,1855,0,2,1.0
,1855,1,0,0.62458867
,1855,2,0,0.63253844
,1855,3,0,0.9607919
,1856,0,0,0.8951106
,1856,1,0,0.6247945
,1856,2,0,0.82680553
,1856,3,2,1.0
,1857,0,0,0.6350102
,1857,1,0,0.62436765
,1857,2,2,1.0
,1857,3,0,0.9607346
,1858,0,0,0.62501144
,1858,1,0,0.6246054
,1858,2,0,0.96077186
,1858,3,2,1.0
,1859,0,0,0.62462395
,1859,1,0,0.6249191
,1859,2,2,1.0
,1859,3,0,0.9607747
,1860,0,0,0.62459224
,1860,1,0,0.63252217
,1860,2,0,0.96079177
,1860,3,2,1.0
,1861,0,0,0.62483656
,1861,1,0,0.8267715
,1861,2,2,1.0
,1861,3,0,0.8952542
,1862,0,0,0.62501144
,1862,1,2,1.0
,1862,2,0,0.959336
,1862,3,0,0.6435949
,1863,0,0,0.6230976
,1863,1,0,0.8946267
,1863,2,3,0.9999349
,1863,3,0,0.82576424
,1864,0,0,0.6240158
,1864,1,0,0.6425641
,1864,2,0,0.9782101
,1864,3,2,1.0
,1865,0,0,0.6247898
,1865,1,0,0.8270608
,1865,2,2,1.0
,1865,3,0,0.89523757
,1866,0,0,0.6246542
,1866,1,2,1.0
,1866,2,0,0.9607551
,1866,3,0,0.6428293
,1867,0,0,0.6326976
,1867,1,0,0.89509636
,1867,2,2,1.0
,1867,3,0,0.82713056
,1868,0,0,0.8266523
,1868,1,0,0.63519704
,1868,2,0,0.8950253
,1868,3,2,1.0
,1869,0,2,1.0
,1869,1,0,0.62476677
,1869,2,0,0.63499767
,1869,3,0,0.9607331
,1870,0,0,0.96077186
,1870,1,0,0.62460876
,1870,2,0,0.6250109
,1870,3,2,1.0
,1871,0,2,1.0
,1871,1,0,0.6246114
,1871,2,0,0.6246272
,1871,3,0,0.9607732
,1872,0,0,0.9607732
,1872,1,0,0.6246118
,1872,2,0,0.62461287
,1872,3,2,1.0
,1873,0,2,1.0
,1873,1,0,0.62461174
,1873,2,0,0.6246236
,1873,3,0,0.96077335
,1874,0,0,0.9607745
,1874,1,0,0.6246104
,1874,2,0,0.6249133
,1874,3,2,1.0
,1875,0,2,1.0
,1875,1,0,0.6246324
,1875,2,0,0.6323399
,1875,3,0,0.96078354
,1876,0,0,0.89551276
,1876,1,0,0.6254791
,1876,2,0,0.8216826
,1876,3,2,1.0
,1877,0,0,0.64124036
,1877,1,0,0.62259185
,1877,2,3,1.0
,1877,3,0,0.9604545
,1878,0,0,0.8269664
,1878,1,0,0.6245301
,1878,2,0,0.9417547
,1878,3,2,1.0
,1879,0,2,1.0
,1879,1,0,0.6245344
,1879,2,0,0.8341694
,1879,3,0,0.89808714
,1880,0,0,0.8952986
,1880,1,0,0.62522876
,1880,2,2,1.0
,1880,3,0,0.8281116
,1881,0,0,0.6333973
,1881,1,0,0.6226087
,1881,2,0,0.96041775
,1881,3,3,1.0
,1882,0,0,0.6247312
,1882,1,0,0.6242941
,1882,2,2,1.0
,1882,3,0,0.9782017
,1883,0,0,0.6249916
,1883,1,0,0.6246589
,1883,2,0,0.96076864
,1883,3,2,1.0
,1884,0,0,0.6332995
,1884,1,0,0.6252587
,1884,2,2,1.0
,1884,3,0,0.95937544
,1885,0,0,0.82552195
,1885,1,0,0.62312543
,1885,2,0,0.8946332
,1885,3,3,1.0
,1886,0,2,1.0
,1886,1,0,0.624017
,1886,2,0,0.6425645
,1886,3,0,0.9782112
,1887,0,0,0.8951142
,1887,1,0,0.62478167
,1887,2,0,0.8270545
,1887,3,2,1.0
,1888,0,0,0.63502264
,1888,1,0,0.6243669
,1888,2,2,1.0
,1888,3,0,0.96073484
,1889,0,0,0.6253199
,1889,1,0,0.62459
,1889,2,0,0.96077347
,1889,3,2,1.0
,1890,0,0,0.63253856
,1890,1,0,0.6245884
,1890,2,2,1.0
,1890,3,0,0.9607919
,1891,0,0,0.82681155
,1891,1,0,0.62479067
,1891,2,0,0.89523405
,1891,3,2,1.0
,1892,0,2,1.0
,1892,1,0,0.62434566
,1892,2,0,0.6428283
,1892,3,0,0.9607535
,1893,0,0,0.89510834
,1893,1,0,0.62477833
,1893,2,0,0.827048
,1893,3,2,1.0
,1894,0,0,0.6350552
,1894,1,0,0.6244118
,1894,2,2,1.0
,1894,3,0,0.960725
,1895,0,0,0.62571275
,1895,1,0,0.6252942
,1895,2,0,0.9593671
,1895,3,2,1.0
,1896,0,0,0.62287223
,1896,1,0,0.6228433
,1896,2,3,1.0
,1896,3,0,0.96045405
,1897,0,0,0.62461984
,1897,1,0,0.6243074
,1897,2,0,0.97820264
,1897,3,2,1.0
,1898,0,0,0.6325313
,1898,1,0,0.6245975
,1898,2,2,1.0
,1898,3,0,0.960795
,1899,0,0,0.82681173
,1899,1,0,0.6247914
,1899,2,0,0.8952343
,1899,3,2,1.0
,1900,0,2,1.0
,1900,1,0,0.624343
,1900,2,0,0.64282936
,1900,3,0,0.96075433
,1901,0,0,0.8982521
,1901,1,0,0.6247502
,1901,2,0,0.82712036
,1901,3,2,1.0
,1902,0,0,0.8330996
,1902,1,0,0.6245459
,1902,2,2,1.0
,1902,3,0,0.8951409
,1903,0,2,1.0
,1903,1,0,0.6243786
,1903,2,0,0.9607448
,1903,3,0,0.6426435
,1904,0,0,0.8953866
,1904,1,0,0.62546897
,1904,2,2,1.0
,1904,3,0,0.82192963
,1905,0,0,0.6334246
,1905,1,0,0.62263113
,1905,2,0,0.96041936
,1905,3,3,1.0
,1906,0,0,0.6250732
,1906,1,0,0.62433267
,1906,2,2,1.0
,1906,3,0,0.9781976
,1907,0,0,0.633322
,1907,1,0,0.6252592
,1907,2,0,0.9593788
,1907,3,2,1.0
,1908,0,0,0.825653
,1908,1,0,0.6230842
,1908,2,3,1.0
,1908,3,0,0.8976662
,1909,0,2,1.0
,1909,1,0,0.6243273
,1909,2,0,0.9417143
,1909,3,0,0.83299047
,1910,0,0,0.89528924
,1910,1,0,0.62519443
,1910,2,0,0.8291795
,1910,3,2,1.0
,1911,0,0,0.63339543
,1911,1,0,0.6226063
,1911,2,3,1.0
,1911,3,0,0.96041775
,1912,0,0,0.6247169
,1912,1,0,0.62429214
,1912,2,0,0.9782017
,1912,3,2,1.0
,1913,0,0,0.6246358
,1913,1,0,0.6246191
,1913,2,2,1.0
,1913,3,0,0.9607762
,1914,0,0,0.62461543
,1914,1,0,0.6246148
,1914,2,0,0.960773
,1914,3,2,1.0
,1915,0,0,0.6246579
,1915,1,0,0.6246574
,1915,2,2,1.0
,1915,3,0,0.9607637
,1916,0,0,0.6253248
,1916,1,0,0.6253123
,1916,2,0,0.95936847
,1916,3,2,1.0
,1917,0,0,0.62315434
,1917,1,0,0.62284154
,1917,2,3,1.0
,1917,3,0,0.9604558
,1918,0,0,0.6322247
,1918,1,0,0.6242899
,1918,2,0,0.9782117
,1918,3,2,1.0
,1919,0,0,0.8268104
,1919,1,0,0.6248014
,1919,2,2,1.0
,1919,3,0,0.89512223
,1920,0,2,1.0
,1920,1,0,0.62436444
,1920,2,0,0.96073633
,1920,3,0,0.6353157
,1921,0,0,0.9607914
,1921,1,0,0.6245689
,1921,2,2,1.0
,1921,3,0,0.63292056
,1922,0,2,1.0
,1922,1,0,0.62477005
,1922,2,0,0.89825463
,1922,3,0,0.8268847
,1923,0,0,0.8950393
,1923,1,0,0.6245963
,1923,2,0,0.8330538
,1923,3,2,1.0
,1924,0,0,0.6356995
,1924,1,0,0.6250553
,1924,2,2,1.0
,1924,3,0,0.9593289
,1925,0,0,0.62324125
,1925,1,0,0.62281626
,1925,2,0,0.9604514
,1925,3,3,1.0
,1926,0,0,0.6243379
,1926,1,0,0.6243089
,1926,2,2,1.0
,1926,3,0,0.9782018
,1927,0,0,0.6249289
,1927,1,0,0.62461644
,1927,2,0,0.9607778
,1927,3,2,1.0
,1928,0,0,0.63252413
,1928,1,0,0.62458986
,1928,2,2,1.0
,1928,3,0,0.96079254
,1929,0,0,0.82684404
,1929,1,0,0.6248098
,1929,2,0,0.8981833
,1929,3,2,1.0
,1930,0,2,1.0
,1930,1,0,0.6251865
,1930,2,0,0.8281368
,1930,3,0,0.89847106
,1931,0,0,0.89442134
,1931,1,0,0.6228825
,1931,2,3,1.0
,1931,3,0,0.83191156
,1932,0,0,0.6347853
,1932,1,0,0.6240728
,1932,2,0,0.9781961
,1932,3,2,1.0
,1933,0,0,0.6257215
,1933,1,0,0.6253007
,1933,2,2,1.0
,1933,3,0,0.9593702
,1934,0,0,0.62286377
,1934,1,0,0.622847
,1934,2,0,0.9604539
,1934,3,3,1.0
,1935,0,0,0.6243569
,1935,1,0,0.62435627
,1935,2,2,1.0
,1935,3,0,0.97819656
,1936,0,0,0.62532413
,1936,1,0,0.62532413
,1936,2,0,0.95937145
,1936,3,2,1.0
,1937,0,0,0.6228938
,1937,1,0,0.6228938
,1937,2,3,1.0
,1937,3,0,0.96044284
,1938,0,0,0.625014
,1938,1,0,0.62501395
,1938,2,0,0.97740763
,1938,3,2,1.0
,1939,0,0,0.62282974
,1939,1,0,0.6228296
,1939,2,3,1.0
,1939,3,0,0.9604536
,1940,0,0,0.6243102
,1940,1,0,0.6243102
,1940,2,0,0.9782017
,1940,3,2,1.0
,1941,0,0,0.62462
,1941,1,0,0.62462
,1941,2,2,1.0
,1941,3,0,0.9607762
,1942,0,0,0.6246126
,1942,1,0,0.6246126
,1942,2,0,0.9607732
,1942,3,2,1.0
,1943,0,0,0.6246119
,1943,1,0,0.6246118
,1943,2,2,1.0
,1943,3,0,0.9607732
,1944,0,0,0.6246118
,1944,1,0,0.6246118
,1944,2,0,0.9607732
,1944,3,2,1.0
,1945,0,0,0.6246118
,1945,1,0,0.6246118
,1945,2,2,1.0
,1945,3,0,0.9607732
,1946,0,0,0.6246118
,1946,1,0,0.6246118
,1946,2,0,0.9607732
,1946,3,2,1.0
,1947,0,0,0.6246118
,1947,1,0,0.6246118
,1947,2,2,1.0
,1947,3,0,0.9607732
,1948,0,0,0.6246118
,1948,1,0,0.6246118
,1948,2,0,0.9607732
,1948,3,2,1.0
,1949,0,0,0.6246118
,1949,1,0,0.6246118
,1949,2,2,1.0
,1949,3,0,0.9607732
,1950,0,0,0.6246118
,1950,1,0,0.6246118
,1950,2,0,0.9607732
,1950,3,2,1.0
,1951,0,0,0.624612
,1951,1,0,0.624612
,1951,2,2,1.0
,1951,3,0,0.9607732
,1952,0,0,0.62461406
,1952,1,0,0.62461406
,1952,2,0,0.960773
,1952,3,2,1.0
,1953,0,0,0.6246574
,1953,1,0,0.6246574
,1953,2,2,1.0
,1953,3,0,0.9607637
,1954,0,0,0.6253128
,1954,1,0,0.6253128
,1954,2,0,0.95936847
,1954,3,2,1.0
,1955,0,0,0.622845
,1955,1,0,0.622845
,1955,2,3,1.0
,1955,3,0,0.96045405
,1956,0,0,0.62431306
,1956,1,0,0.62431306
,1956,2,0,0.9782017
,1956,3,2,1.0
,1957,0,0,0.62466574
,1957,1,0,0.62466574
,1957,2,2,1.0
,1957,3,0,0.9607667
,1958,0,0,0.62531644
,1958,1,0,0.62531644
,1958,2,0,0.95936847
,1958,3,2,1.0
,1959,0,0,0.6228926
,1959,1,0,0.6228926
,1959,2,3,1.0
,1959,3,0,0.9604427
,1960,0,0,0.62501687
,1960,1,0,0.62501687
,1960,2,0,0.97740763
,1960,3,2,1.0
,1961,0,0,0.6228779
,1961,1,0,0.62287736
,1961,2,3,1.0
,1961,3,0,0.9604421
,1962,0,0,0.6250282
,1962,1,0,0.6250156
,1962,2,0,0.97740763
,1962,3,2,1.0
,1963,0,0,0.6231887
,1963,1,0,0.6228712
,1963,2,3,1.0
,1963,3,0,0.96044457
,1964,0,0,0.63300276
,1964,1,0,0.6249533
,1964,2,0,0.97741115
,1964,3,2,1.0
,1965,0,0,0.82564366
,1965,1,0,0.62306577
,1965,2,3,1.0
,1965,3,0,0.89766514
,1966,0,2,1.0
,1966,1,0,0.6242807
,1966,2,0,0.9417567
,1966,3,0,0.8330276
,1967,0,0,0.8950107
,1967,1,0,0.62450314
,1967,2,0,0.8341362
,1967,3,2,1.0
,1968,0,0,0.6350065
,1968,1,0,0.624356
,1968,2,2,1.0
,1968,3,0,0.9607347
,1969,0,0,0.6250137
,1969,1,0,0.6245952
,1969,2,0,0.9607716
,1969,3,2,1.0
,1970,0,0,0.6246728
,1970,1,0,0.62465626
,1970,2,2,1.0
,1970,3,0,0.9607637
,1971,0,0,0.62531334
,1971,1,0,0.6253126
,1971,2,0,0.95936847
,1971,3,2,1.0
,1972,0,0,0.62284493
,1972,1,0,0.62284493
,1972,2,3,1.0
,1972,3,0,0.96045405
,1973,0,0,0.62431085
,1973,1,0,0.62431085
,1973,2,0,0.9782017
,1973,3,2,1.0
,1974,0,0,0.62462
,1974,1,0,0.62462
,1974,2,2,1.0
,1974,3,0,0.9607762
,1975,0,0,0.6246126
,1975,1,0,0.6246126
,1975,2,0,0.9607732
,1975,3,2,1.0
,1976,0,0,0.6246119
,1976,1,0,0.6246119
,1976,2,2,1.0
,1976,3,0,0.9607732
,1977,0,0,0.6246118
,1977,1,0,0.6246118
,1977,2,0,0.9607732
,1977,3,2,1.0
,1978,0,0,0.624612
,1978,1,0,0.624612
,1978,2,2,1.0
,1978,3,0,0.9607732
,1979,0,0,0.6246142
,1979,1,0,0.6246142
,1979,2,0,0.960773
,1979,3,2,1.0
,1980,0,0,0.6246611
,1980,1,0,0.6246611
,1980,2,2,1.0
,1980,3,0,0.96076316
,1981,0,0,0.6253834
,1981,1,0,0.6253834
,1981,2,0,0.9593648
,1981,3,2,1.0
,1982,0,0,0.62358606
,1982,1,0,0.62358606
,1982,2,3,1.0
,1982,3,0,0.9590648
,1983,0,0,0.6223034
,1983,1,0,0.622303
,1983,2,0,0.97817975
,1983,3,3,1.0
,1984,0,0,0.62431896
,1984,1,0,0.62430674
,1984,2,2,1.0
,1984,3,0,0.9782018
,1985,0,0,0.6249285
,1985,1,0,0.6246169
,1985,2,0,0.9607778
,1985,3,2,1.0
,1986,0,0,0.632523
,1986,1,0,0.62459254
,1986,2,2,1.0
,1986,3,0,0.96079177
,1987,0,0,0.8267715
,1987,1,0,0.62483656
,1987,2,0,0.8952543
,1987,3,2,1.0
,1988,0,2,1.0
,1988,1,0,0.6250118
,1988,2,0,0.6435949
,1988,3,0,0.959336
,1989,0,0,0.8945022
,1989,1,0,0.6231013
,1989,2,0,0.8257571
,1989,3,3,1.0
,1990,0,0,0.63474345
,1990,1,0,0.6240361
,1990,2,2,1.0
,1990,3,0,0.9782013
,1991,0,0,0.62502265
,1991,1,0,0.6246021
,1991,2,0,0.9607746
,1991,3,2,1.0
,1992,0,0,0.6246736
,1992,1,0,0.6246571
,1992,2,2,1.0
,1992,3,0,0.9607637
,1993,0,0,0.6253134
,1993,1,0,0.6253128
,1993,2,0,0.95936847
,1993,3,2,1.0
,1994,0,0,0.62284493
,1994,1,0,0.62284493
,1994,2,3,1.0
,1994,3,0,0.96045405
,1995,0,0,0.624311
,1995,1,0,0.624311
,1995,2,0,0.9782017
,1995,3,2,1.0
,1996,0,0,0.6246222
,1996,1,0,0.62462217
,1996,2,2,1.0
,1996,3,0,0.960776
,1997,0,0,0.6246581
,1997,1,0,0.6246581
,1997,2,0,0.9607638
,1997,3,2,1.0
,1998,0,0,0.62531286
,1998,1,0,0.62531286
,1998,2,2,1.0
,1998,3,0,0.95936847
,1999,0,0,0.6228471
,1999,1,0,0.6228471
,1999,2,0,0.9604539
,1999,3,3,1.0
,2000,0,0,0.62435627
,2000,1,0,0.62435627
,2000,2,2,1.0
,2000,3,0,0.97819656
,2001,0,0,0.62532455
,2001,1,0,0.62532413
,2001,2,0,0.95937145
,2001,3,2,1.0
,2002,0,0,0.62290573
,2002,1,0,0.6228933
,2002,2,3,1.0
,2002,3,0,0.96044296
,2003,0,0,0.6253224
,2003,1,0,0.6250059
,2003,2,0,0.9774081
,2003,3,2,1.0
,2004,0,0,0.630752
,2004,1,0,0.62279534
,2004,2,3,1.0
,2004,3,0,0.96048796
,2005,0,0,0.82665294
,2005,1,0,0.62463826
,2005,2,0,0.9399313
,2005,3,2,1.0
,2006,0,2,1.0
,2006,1,0,0.6260549
,2006,2,0,0.64373887
,2006,3,0,0.96075463
,2007,0,0,0.91206634
,2007,1,0,0.6692944
,2007,2,0,0.80630386
,2007,3,2,1.0
,2008,0,0,0.5187725
,2008,1,1,0.5001323
,2008,2,3,1.0
,2008,3,1,0.96530676
,2009,0,0,0.6534652
,2009,1,0,0.6527141
,2009,2,0,0.95913905
,2009,3,2,1.0
,2010,0,0,0.51118785
,2010,1,0,0.51113224
,2010,2,2,1.0
,2010,3,1,0.54272306
,2011,0,0,0.6124962
,2011,1,0,0.61249393
,2011,2,0,0.9595906
,2011,3,3,1.0
,2012,0,0,0.62546635
,2012,1,0,0.6254663
,2012,2,2,1.0
,2012,3,0,0.97820204
,2013,0,0,0.6680135
,2013,1,0,0.6680135
,2013,2,0,0.92370576
,2013,3,2,1.0
,2014,0,0,0.5030744
,2014,1,0,0.5030744
,2014,2,2,1.0
,2014,3,1,0.7767857
,2015,0,0,0.65437245
,2015,1,0,0.6543725
,2015,2,0,0.9258935
,2015,3,2,1.0
,2016,0,0,0.5098184
,2016,1,0,0.5098184
,2016,2,2,1.0
,2016,3,1,0.53998774
,2017,0,0,0.6151816
,2017,1,0,0.6151816
,2017,2,0,0.9600565
,2017,3,2,1.0
,2018,0,0,0.62417734
,2018,1,0,0.62417734
,2018,2,2,1.0
,2018,3,0,0.9607473
,2019,0,0,0.6252944
,2019,1,0,0.6252944
,2019,2,0,0.959368
,2019,3,2,1.0
,2020,0,0,0.62289155
,2020,1,0,0.6228915
,2020,2,3,1.0
,2020,3,0,0.9604427
,2021,0,0,0.6250139
,2021,1,0,0.6250139
,2021,2,0,0.97740763
,2021,3,2,1.0
,2022,0,0,0.62282974
,2022,1,0,0.62282974
,2022,2,3,1.0
,2022,3,0,0.9604536
,2023,0,0,0.6243102
,2023,1,0,0.6243102
,2023,2,0,0.9782017
,2023,3,2,1.0
,2024,0,0,0.62462
,2024,1,0,0.62462
,2024,2,2,1.0
,2024,3,0,0.9607762
,2025,0,0,0.6246126
,2025,1,0,0.6246126
,2025,2,0,0.9607732
,2025,3,2,1.0
,2026,0,0,0.6246119
,2026,1,0,0.6246119
,2026,2,2,1.0
,2026,3,0,0.9607732
,2027,0,0,0.6246118
,2027,1,0,0.6246118
,2027,2,0,0.9607732
,2027,3,2,1.0
,2028,0,0,0.624612
,2028,1,0,0.624612
,2028,2,2,1.0
,2028,3,0,0.9607732
,2029,0,0,0.62461406
,2029,1,0,0.62461406
,2029,2,0,0.960773
,2029,3,2,1.0
,2030,0,0,0.62465733
,2030,1,0,0.6246574
,2030,2,2,1.0
,2030,3,0,0.9607637
,2031,0,0,0.6253128
,2031,1,0,0.6253128
,2031,2,0,0.95936847
,2031,3,2,1.0
,2032,0,0,0.62284493
,2032,1,0,0.62284493
,2032,2,3,1.0
,2032,3,0,0.96045405
,2033,0,0,0.6243109
,2033,1,0,0.624311
,2033,2,0,0.9782017
,2033,3,2,1.0
,2034,0,0,0.6246222
,2034,1,0,0.62462217
,2034,2,2,1.0
,2034,3,0,0.960776
,2035,0,0,0.6246582
,2035,1,0,0.6246582
,2035,2,0,0.9607638
,2035,3,2,1.0
,2036,0,0,0.62531275
,2036,1,0,0.62531275
,2036,2,2,1.0
,2036,3,0,0.9593686
,2037,0,0,0.6228452
,2037,1,0,0.6228452
,2037,2,0,0.96045417
,2037,3,3,0.9999523
,2038,0,0,0.6243135
,2038,1,0,0.6243135
,2038,2,2,1.0
,2038,3,0,0.978201
,2039,0,0,0.6246874
,2039,1,0,0.6246874
,2039,2,0,0.96077687
,2039,3,2,1.0
,2040,0,0,0.6263546
,2040,1,0,0.6263546
,2040,2,2,1.0
,2040,3,0,0.96077687
,2041,0,0,0.6690378
,2041,1,0,0.6690378
,2041,2,0,0.92225695
,2041,3,2,1.0
,2042,0,1,0.50185543
,2042,1,1,0.50185543
,2042,2,2,1.0
,2042,3,1,0.9649951
,2043,0,0,0.6130907
,2043,1,0,0.6130907
,2043,2,0,0.95829195
,2043,3,2,1.0
,2044,0,0,0.6220267
,2044,1,0,0.6220267
,2044,2,3,1.0
,2044,3,0,0.96040416
,2045,0,0,0.6242725
,2045,1,0,0.6242725
,2045,2,0,0.9782017
,2045,3,2,1.0
,2046,0,0,0.62466395
,2046,1,0,0.62466395
,2046,2,2,1.0
,2046,3,0,0.9607667
,2047,0,0,0.6253164
,2047,1,0,0.6253164
,2047,2,0,0.95936847
,2047,3,2,1.0
,2048,0,0,0.62289256
,2048,1,0,0.62289256
,2048,2,3,1.0
,2048,3,0,0.9604427
,2049,0,0,0.62501395
,2049,1,0,0.62501395
,2049,2,0,0.97740763
,2049,3,2,1.0
,2050,0,0,0.6228298
,2050,1,0,0.6228298
,2050,2,3,1.0
,2050,3,0,0.9604536
,2051,0,0,0.6243124
,2051,1,0,0.6243124
,2051,2,0,0.9782017
,2051,3,2,1.0
,2052,0,0,0.6246655
,2052,1,0,0.6246655
,2052,2,2,1.0
,2052,3,0,0.9607667
,2053,0,0,0.6253135
,2053,1,0,0.6253135
,2053,2,0,0.9593687
,2053,3,2,1.0
,2054,0,0,0.6228453
,2054,1,0,0.6228453
,2054,2,3,1.0
,2054,3,0,0.96045405
,2055,0,0,0.6243184
,2055,1,0,0.6243184
,2055,2,0,0.9782012
,2055,3,2,1.0
,2056,0,0,0.6247698
,2056,1,0,0.6247698
,2056,2,2,1.0
,2056,3,0,0.9607372
,2057,0,0,0.62655216
,2057,1,0,0.62655216
,2057,2,0,0.89909965
,2057,3,2,1.0
,2058,0,0,0.6194191
,2058,1,0,0.6194191
,2058,2,0,0.8301923
,2058,3,2,1.0
,2059,0,0,0.6241551
,2059,1,0,0.6241551
,2059,2,2,1.0
,2059,3,0,0.9607189
,2060,0,0,0.62528884
,2060,1,0,0.62528884
,2060,2,0,0.95936733
,2060,3,2,1.0
,2061,0,0,0.6228912
,2061,1,0,0.6228912
,2061,2,3,1.0
,2061,3,0,0.9604426
,2062,0,0,0.6250162
,2062,1,0,0.6250162
,2062,2,0,0.97740763
,2062,3,2,1.0
,2063,0,0,0.6228905
,2063,1,0,0.62289053
,2063,2,3,1.0
,2063,3,0,0.9604537
,2064,0,0,0.62584794
,2064,1,0,0.62584794
,2064,2,0,0.97819096
,2064,3,2,1.0
,2065,0,0,0.66274583
,2065,1,0,0.66274583
,2065,2,2,1.0
,2065,3,0,0.9558163
,2066,0,0,0.5173002
,2066,1,0,0.51729995
,2066,2,0,0.6823503
,2066,3,3,1.0
,2067,0,0,0.6175403
,2067,1,0,0.61753416
,2067,2,2,1.0
,2067,3,0,0.9782072
,2068,0,0,0.66058916
,2068,1,0,0.66043353
,2068,2,0,0.9356333
,2068,3,2,1.0
,2069,0,0,0.5857594
,2069,1,0,0.58321446
,2069,2,2,1.0
,2069,3,0,0.53096175
,2070,0,0,0.5702607
,2070,1,0,0.536699
,2070,2,1,0.95535624
,2070,3,2,1.0
,2071,0,2,1.0
,2071,1,1,0.51383173
,2071,2,0,0.69461334
,2071,3,1,0.964265
,2072,0,0,0.89428145
,2072,1,0,0.6168167
,2072,2,2,1.0
,2072,3,0,0.8044414
,2073,0,0,0.6332639
,2073,1,0,0.6221676
,2073,2,0,0.9603832
,2073,3,3,1.0
,2074,0,0,0.6254087
,2074,1,0,0.624972
,2074,2,2,1.0
,2074,3,0,0.97740775
,2075,0,0,0.6228447
,2075,1,0,0.62282735
,2075,2,0,0.9604535
,2075,3,3,1.0
,2076,0,0,0.62431294
,2076,1,0,0.6243123
,2076,2,2,1.0
,2076,3,0,0.9782017
,2077,0,0,0.62466556
,2077,1,0,0.6246655
,2077,2,0,0.9607668
,2077,3,2,1.0
,2078,0,0,0.6253137
,2078,1,0,0.6253137
,2078,2,2,1.0
,2078,3,0,0.9593686
,2079,0,0,0.62284714
,2079,1,0,0.62284714
,2079,2,0,0.9604539
,2079,3,3,1.0
,2080,0,0,0.62435627
,2080,1,0,0.62435627
,2080,2,2,1.0
,2080,3,0,0.97819656
,2081,0,0,0.62532413
,2081,1,0,0.62532413
,2081,2,0,0.95937145
,2081,3,2,1.0
,2082,0,0,0.6228938
,2082,1,0,0.6228938
,2082,2,3,1.0
,2082,3,0,0.96044284
,2083,0,0,0.6250141
,2083,1,0,0.6250141
,2083,2,0,0.97740763
,2083,3,2,1.0
,2084,0,0,0.62283194
,2084,1,0,0.62283194
,2084,2,3,1.0
,2084,3,0,0.9604534
,2085,0,0,0.62435555
,2085,1,0,0.62435555
,2085,2,0,0.97819656
,2085,3,2,1.0
,2086,0,0,0.62532413
,2086,1,0,0.62532413
,2086,2,2,1.0
,2086,3,0,0.95937157
,2087,0,0,0.6228938
,2087,1,0,0.6228938
,2087,2,0,0.96044296
,2087,3,3,1.0
,2088,0,0,0.6250141
,2088,1,0,0.6250141
,2088,2,2,1.0
,2088,3,0,0.97740775
,2089,0,0,0.62283194
,2089,1,0,0.62283194
,2089,2,0,0.9604535
,2089,3,3,1.0
,2090,0,0,0.6243555
,2090,1,0,0.6243555
,2090,2,2,1.0
,2090,3,0,0.97819656
,2091,0,0,0.6253212
,2091,1,0,0.6253212
,2091,2,0,0.9593717
,2091,3,2,1.0
,2092,0,0,0.6228467
,2092,1,0,0.62284625
,2092,2,3,1.0
,2092,3,0,0.9604543
,2093,0,0,0.62432295
,2093,1,0,0.6243107
,2093,2,0,0.9782019
,2093,3,2,1.0
,2094,0,0,0.6249283
,2094,1,0,0.62461656
,2094,2,2,1.0
,2094,3,0,0.9607777
,2095,0,0,0.6325241
,2095,1,0,0.6245903
,2095,2,0,0.960792
,2095,3,2,1.0
,2096,0,0,0.82681036
,2096,1,0,0.6247929
,2096,2,2,1.0
,2096,3,0,0.89523137
,2097,0,2,1.0
,2097,1,0,0.6243889
,2097,2,0,0.96074504
,2097,3,0,0.6426474
,2098,0,0,0.89538634
,2098,1,0,0.6254695
,2098,2,2,1.0
,2098,3,0,0.82192963
,2099,0,0,0.6334126
,2099,1,0,0.62263155
,2099,2,0,0.96041936
,2099,3,3,1.0
,2100,0,0,0.624763
,2100,1,0,0.6243385
,2100,2,2,1.0
,2100,3,0,0.97819656
,2101,0,0,0.6253369
,2101,1,0,0.62532026
,2101,2,0,0.9593717
,2101,3,2,1.0
,2102,0,0,0.62284696
,2102,1,0,0.62284625
,2102,2,3,1.0
,2102,3,0,0.9604543
,2103,0,0,0.62431324
,2103,1,0,0.6243132
,2103,2,0,0.9782017
,2103,3,2,1.0
,2104,0,0,0.62466574
,2104,1,0,0.6246657
,2104,2,2,1.0
,2104,3,0,0.9607667
,2105,0,0,0.6253169
,2105,1,0,0.6253164
,2105,2,0,0.95936847
,2105,3,2,1.0
,2106,0,0,0.6229044
,2106,1,0,0.62289196
,2106,2,3,1.0
,2106,3,0,0.96044284
,2107,0,0,0.6253224
,2107,1,0,0.62500566
,2107,2,0,0.9774081
,2107,3,2,1.0
,2108,0,0,0.63075376
,2108,1,0,0.6227908
,2108,2,3,1.0
,2108,3,0,0.96048844
,2109,0,0,0.8267187
,2109,1,0,0.62454426
,2109,2,0,0.94175494
,2109,3,2,1.0
,2110,0,2,1.0
,2110,1,0,0.6244894
,2110,2,0,0.8342058
,2110,3,0,0.8981585
,2111,0,0,0.8950201
,2111,1,0,0.6245374
,2111,2,2,1.0
,2111,3,0,0.8330924
,2112,0,0,0.63500637
,2112,1,0,0.6243567
,2112,2,0,0.9607345
,2112,3,2,1.0
,2113,0,0,0.625014
,2113,1,0,0.6245956
,2113,2,2,1.0
,2113,3,0,0.960772
,2114,0,0,0.62469393
,2114,1,0,0.6246775
,2114,2,0,0.9607739
,2114,3,2,1.0
,2115,0,0,0.62633765
,2115,1,0,0.62633693
,2115,2,2,1.0
,2115,3,0,0.96077734
,2116,0,0,0.66863734
,2116,1,0,0.66863734
,2116,2,0,0.95518494
,2116,3,2,1.0
,2117,0,0,0.50057733
,2117,1,0,0.50057733
,2117,2,3,1.0
,2117,3,1,0.78498816
,2118,0,0,0.61019695
,2118,1,0,0.61019695
,2118,2,0,0.9781767
,2118,3,3,1.0
,2119,0,0,0.62365943
,2119,1,0,0.62365943
,2119,2,2,1.0
,2119,3,0,0.9782018
,2120,0,0,0.6245912
,2120,1,0,0.6245912
,2120,2,0,0.96077573
,2120,3,2,1.0
,2121,0,0,0.6246116
,2121,1,0,0.6246116
,2121,2,2,1.0
,2121,3,0,0.96077335
,2122,0,0,0.6246145
,2122,1,0,0.62461406
,2122,2,0,0.960773
,2122,3,2,1.0
,2123,0,0,0.6246692
,2123,1,0,0.6246568
,2123,2,2,1.0
,2123,3,0,0.9607638
,2124,0,0,0.625621
,2124,1,0,0.6253045
,2124,2,0,0.9593691
,2124,3,2,1.0
,2125,0,0,0.630767
,2125,1,0,0.62280786
,2125,2,3,1.0
,2125,3,0,0.96048844
,2126,0,0,0.82665116
,2126,1,0,0.6245731
,2126,2,0,0.93993753
,2126,3,2,1.0
,2127,0,2,1.0
,2127,1,0,0.62435704
,2127,2,0,0.6443726
,2127,3,0,0.9607413
,2128,0,0,0.8953871
,2128,1,0,0.62546986
,2128,2,0,0.8219714
,2128,3,2,1.0
,2129,0,0,0.63345766
,2129,1,0,0.62267685
,2129,2,3,1.0
,2129,3,0,0.96040803
,2130,0,0,0.62542367
,2130,1,0,0.6249994
,2130,2,0,0.97740763
,2130,3,2,1.0
,2131,0,0,0.6228967
,2131,1,0,0.62287974
,2131,2,3,1.0
,2131,3,0,0.96044147
,2132,0,0,0.6250843
,2132,1,0,0.6250836
,2132,2,0,0.9774058
,2132,3,2,1.0
,2133,0,0,0.62357086
,2133,1,0,0.62357086
,2133,2,3,1.0
,2133,3,0,0.9590642
,2134,0,0,0.6223045
,2134,1,0,0.6223045
,2134,2,0,0.97817975
,2134,3,3,1.0
,2135,0,0,0.6243523
,2135,1,0,0.6243523
,2135,2,2,1.0
,2135,3,0,0.97819656
,2136,0,0,0.6253244
,2136,1,0,0.6253244
,2136,2,0,0.9593717
,2136,3,2,1.0
,2137,0,0,0.62289387
,2137,1,0,0.62289387
,2137,2,3,1.0
,2137,3,0,0.96044284
,2138,0,0,0.625014
,2138,1,0,0.625014
,2138,2,0,0.97740763
,2138,3,2,1.0
,2139,0,0,0.6228301
,2139,1,0,0.62283015
,2139,2,3,0.99998355
,2139,3,0,0.9604536
,2140,0,0,0.62431806
,2140,1,0,0.62431806
,2140,2,0,0.978201
,2140,3,2,1.0
,2141,0,0,0.6247751
,2141,1,0,0.6247752
,2141,2,2,1.0
,2141,3,0,0.96073645
,2142,0,0,0.6266466
,2142,1,0,0.6266466
,2142,2,0,0.89904565
,2142,3,2,1.0
,2143,0,0,0.62008226
,2143,1,0,0.62008226
,2143,2,0,0.8250905
,2143,3,2,1.0
,2144,0,0,0.6230597
,2144,1,0,0.6230597
,2144,2,3,1.0
,2144,3,0,0.95901614
,2145,0,0,0.62226784
,2145,1,0,0.62226784
,2145,2,0,0.9781795
,2145,3,3,1.0
,2146,0,0,0.6243505
,2146,1,0,0.6243505
,2146,2,2,1.0
,2146,3,0,0.97819656
,2147,0,0,0.62532437
,2147,1,0,0.62532425
,2147,2,0,0.9593717
,2147,3,2,1.0
,2148,0,0,0.62289387
,2148,1,0,0.62289387
,2148,2,3,1.0
,2148,3,0,0.96044284
,2149,0,0,0.6250141
,2149,1,0,0.6250141
,2149,2,0,0.97740763
,2149,3,2,1.0
,2150,0,0,0.62283194
,2150,1,0,0.62283194
,2150,2,3,1.0
,2150,3,0,0.9604534
,2151,0,0,0.6243555
,2151,1,0,0.6243555
,2151,2,0,0.97819656
,2151,3,2,1.0
,2152,0,0,0.6253212
,2152,1,0,0.6253212
,2152,2,2,1.0
,2152,3,0,0.95937157
,2153,0,0,0.6228467
,2153,1,0,0.62284625
,2153,2,0,0.96045417
,2153,3,3,1.0
,2154,0,0,0.62432295
,2154,1,0,0.62431085
,2154,2,2,1.0
,2154,3,0,0.9782018
,2155,0,0,0.6249283
,2155,1,0,0.62461925
,2155,2,0,0.9607778
,2155,3,2,1.0
,2156,0,0,0.63252276
,2156,1,0,0.62465894
,2156,2,2,1.0
,2156,3,0,0.96079224
,2157,0,0,0.8267882
,2157,1,0,0.6265506
,2157,2,0,0.89645445
,2157,3,2,1.0
,2158,0,2,1.0
,2158,1,0,0.6687138
,2158,2,0,0.7189949
,2158,3,0,0.9128516
,2159,0,1,0.73804945
,2159,1,0,0.5520127
,2159,2,2,1.0
,2159,3,0,0.6105658
,2160,0,1,0.5206046
,2160,1,1,0.5070999
,2160,2,1,0.56466174
,2160,3,2,1.0
,2161,0,0,0.81984276
,2161,1,0,0.61654574
,2161,2,2,1.0
,2161,3,0,0.89462936
,2162,0,2,1.0
,2162,1,0,0.67084223
,2162,2,0,0.9127732
,2162,3,0,0.71035314
,2163,0,1,0.87509185
,2163,1,0,0.54918045
,2163,2,0,0.5677524
,2163,3,2,1.0
,2164,0,2,1.0
,2164,1,0,0.5400806
,2164,2,0,0.5415233
,2164,3,1,0.7276534
,2165,0,1,0.88051075
,2165,1,0,0.53752
,2165,2,0,0.5378305
,2165,3,2,1.0
,2166,0,2,1.0
,2166,1,0,0.5371485
,2166,2,0,0.5397405
,2166,3,1,0.8809439
,2167,0,1,0.95863247
,2167,1,0,0.53316945
,2167,2,0,0.56648993
,2167,3,2,1.0
,2168,0,1,0.5489563
,2168,1,1,0.5106893
,2168,2,2,1.0
,2168,3,1,0.91027886
,2169,0,0,0.65859413
,2169,1,0,0.65992844
,2169,2,0,0.9216933
,2169,3,2,1.0
,2170,0,0,0.55169284
,2170,1,0,0.5494997
,2170,2,2,1.0
,2170,3,1,0.8751023
,2171,0,0,0.56796944
,2171,1,0,0.5380457
,2171,2,1,0.892407
,2171,3,2,1.0
,2172,0,2,1.0
,2172,1,0,0.53319085
,2172,2,0,0.5179614
,2172,3,1,0.9183176
,2173,0,1,0.91047734
,2173,1,1,0.5118605
,2173,2,0,0.71957886
,2173,3,3,1.0
,2174,0,0,0.596323
,2174,1,0,0.6129262
,2174,2,3,1.0
,2174,3,0,0.9781857
,2175,0,0,0.66775686
,2175,1,0,0.66837543
,2175,2,0,0.95601064
,2175,3,2,1.0
,2176,0,1,0.50032157
,2176,1,1,0.5002734
,2176,2,2,1.0
,2176,3,1,0.96492827
,2177,0,0,0.65341717
,2177,1,0,0.65341914
,2177,2,0,0.92564917
,2177,3,2,1.0
,2178,0,0,0.50976247
,2178,1,0,0.5097625
,2178,2,2,1.0
,2178,3,1,0.5401401
,2179,0,0,0.6170572
,2179,1,0,0.6170553
,2179,2,0,0.9600618
,2179,3,2,1.0
,2180,0,0,0.6715202
,2180,1,0,0.6714722
,2180,2,2,1.0
,2180,3,0,0.9225656
,2181,0,0,0.5452659
,2181,1,0,0.5445692
,2181,2,1,0.9166129
,2181,3,2,1.0
,2182,0,1,0.5029604
,2182,1,1,0.51197255
,2182,2,3,1.0
,2182,3,1,0.96532935
,2183,0,0,0.8187518
,2183,1,0,0.6121414
,2183,2,0,0.940005
,2183,3,2,1.0
,2184,0,2,1.0
,2184,1,0,0.6236221
,2184,2,0,0.6443763
,2184,3,0,0.9607197
,2185,0,0,0.8951055
,2185,1,0,0.62474215
,2185,2,0,0.82708293
,2185,3,2,1.0
,2186,0,0,0.6350099
,2186,1,0,0.624365
,2186,2,2,1.0
,2186,3,0,0.9607346
,2187,0,0,0.6250116
,2187,1,0,0.6245933
,2187,2,0,0.96077186
,2187,3,2,1.0
,2188,0,0,0.6246273
,2188,1,0,0.62461084
,2188,2,2,1.0
,2188,3,0,0.9607732
,2189,0,0,0.6246124
,2189,1,0,0.6246118
,2189,2,0,0.9607732
,2189,3,2,1.0
,2190,0,0,0.6246118
,2190,1,0,0.6246118
,2190,2,2,1.0
,2190,3,0,0.9607732
,2191,0,0,0.6246118
,2191,1,0,0.6246118
,2191,2,0,0.9607732
,2191,3,2,1.0
,2192,0,0,0.6246118
,2192,1,0,0.6246118
,2192,2,2,1.0
,2192,3,0,0.9607732
,2193,0,0,0.6246118
,2193,1,0,0.6246118
,2193,2,0,0.9607732
,2193,3,2,1.0
,2194,0,0,0.6246119
,2194,1,0,0.6246119
,2194,2,2,1.0
,2194,3,0,0.9607732
,2195,0,0,0.6246144
,2195,1,0,0.6246144
,2195,2,0,0.9607732
,2195,3,2,1.0
,2196,0,0,0.62467897
,2196,1,0,0.62467897
,2196,2,2,1.0
,2196,3,0,0.96077377
,2197,0,0,0.62634504
,2197,1,0,0.62634504
,2197,2,0,0.96077365
,2197,3,2,1.0
,2198,0,0,0.6686641
,2198,1,0,0.6686641
,2198,2,2,1.0
,2198,3,0,0.9269402
,2199,0,0,0.55920243
,2199,1,0,0.55920243
,2199,2,1,0.70577836
,2199,3,2,1.0
,2200,0,0,0.5338508
,2200,1,0,0.5338508
,2200,2,2,1.0
,2200,3,1,0.981975
,2201,0,1,0.5095317
,2201,1,1,0.5095317
,2201,2,1,0.5744051
,2201,3,2,1.0
,2202,0,0,0.61111736
,2202,1,0,0.61111736
,2202,2,3,1.0
,2202,3,0,0.95950377
,2203,0,0,0.6243924
,2203,1,0,0.6243924
,2203,2,0,0.9774081
,2203,3,2,1.0
,2204,0,0,0.6228001
,2204,1,0,0.6228001
,2204,2,3,1.0
,2204,3,0,0.9604523
,2205,0,0,0.624354
,2205,1,0,0.624354
,2205,2,0,0.97819656
,2205,3,2,1.0
,2206,0,0,0.6253212
,2206,1,0,0.6253212
,2206,2,2,1.0
,2206,3,0,0.95937157
,2207,0,0,0.62284887
,2207,1,0,0.62284887
,2207,2,0,0.9604544
,2207,3,3,1.0
,2208,0,0,0.6243783
,2208,1,0,0.6243783
,2208,2,2,1.0
,2208,3,0,0.97820216
,2209,0,0,0.626359
,2209,1,0,0.626359
,2209,2,0,0.9607787
,2209,3,2,1.0
,2210,0,0,0.6689106
,2210,1,0,0.6689106
,2210,2,2,1.0
,2210,3,0,0.92257494
,2211,0,0,0.5005965
,2211,1,0,0.5005965
,2211,2,1,0.9084303
,2211,3,2,1.0
,2212,0,0,0.6579705
,2212,1,0,0.6579705
,2212,2,2,1.0
,2212,3,0,0.9540651
,2213,0,1,0.5015474
,2213,1,1,0.5015474
,2213,2,1,0.91029376
,2213,3,3,1.0
,2214,0,0,0.6117037
,2214,1,0,0.6117037
,2214,2,3,0.9999678
,2214,3,0,0.9781834
,2215,0,0,0.6679494
,2215,1,0,0.6679493
,2215,2,0,0.9561996
,2215,3,2,1.0
,2216,0,1,0.5007878
,2216,1,1,0.5007885
,2216,2,2,1.0
,2216,3,1,0.90887696
,2217,0,0,0.61605275
,2217,1,0,0.6160354
,2217,2,0,0.89633524
,2217,3,2,1.0
,2218,0,0,0.6614225
,2218,1,0,0.66100305
,2218,2,0,0.81001914
,2218,3,2,1.0
,2219,0,0,0.5112915
,2219,1,0,0.50514364
,2219,2,3,1.0
,2219,3,1,0.56074584
,2220,0,0,0.79963654
,2220,1,0,0.6574333
,2220,2,0,0.95299166
,2220,3,2,1.0
,2221,0,3,1.0
,2221,1,0,0.50128603
,2221,2,0,0.7545107
,2221,3,1,0.7812385
,2222,0,0,0.97819746
,2222,1,0,0.61605567
,2222,2,2,1.0
,2222,3,0,0.6049593
,2223,0,2,1.0
,2223,1,0,0.6248729
,2223,2,0,0.9593676
,2223,3,0,0.6324677
,2224,0,0,0.89452857
,2224,1,0,0.62316275
,2224,2,3,1.0
,2224,3,0,0.8254434
,2225,0,0,0.63543904
,2225,1,0,0.6247363
,2225,2,0,0.9774081
,2225,3,2,1.0
,2226,0,0,0.62322557
,2226,1,0,0.6227987
,2226,2,3,1.0
,2226,3,0,0.96045065
,2227,0,0,0.6243252
,2227,1,0,0.6243084
,2227,2,0,0.9782017
,2227,3,2,1.0
,2228,0,0,0.6246206
,2228,1,0,0.6246199
,2228,2,2,1.0
,2228,3,0,0.9607762
,2229,0,0,0.62461317
,2229,1,0,0.62461317
,2229,2,0,0.9607732
,2229,3,2,1.0
,2230,0,0,0.6246236
,2230,1,0,0.6246236
,2230,2,2,1.0
,2230,3,0,0.9607723
,2231,0,0,0.6248686
,2231,1,0,0.6248686
,2231,2,0,0.9607345
,2231,3,2,1.0
,2232,0,0,0.629281
,2232,1,0,0.629281
,2232,2,2,1.0
,2232,3,0,0.8969077
,2233,0,0,0.68607795
,2233,1,0,0.68607795
,2233,2,2,1.0
,2233,3,0,0.6961246
,2234,0,3,0.53035617
,2234,1,0,1.0
,2234,2,0,1.0
,2234,3,0,1.0
,2235,0,0,0.96953183
,2235,1,0,0.6338106
,2235,2,3,1.0
,2235,3,0,0.6341111
,2236,0,2,1.0
,2236,1,0,0.6246542
,2236,2,0,0.97820705
,2236,3,0,0.6323597
,2237,0,0,0.8953966
,2237,1,0,0.62550807
,2237,2,2,1.0
,2237,3,0,0.8216911
,2238,0,0,0.6334592
,2238,1,0,0.62267977
,2238,2,0,0.96040815
,2238,3,3,1.0
,2239,0,0,0.62542355
,2239,1,0,0.6249994
,2239,2,2,1.0
,2239,3,0,0.97740763
,2240,0,0,0.6228929
,2240,1,0,0.62287587
,2240,2,0,0.96044207
,2240,3,3,1.0
,2241,0,0,0.6250139
,2241,1,0,0.62501323
,2241,2,2,1.0
,2241,3,0,0.97740775
,2242,0,0,0.62282985
,2242,1,0,0.6228298
,2242,2,0,0.9604537
,2242,3,3,1.0
,2243,0,0,0.6243124
,2243,1,0,0.6243124
,2243,2,2,1.0
,2243,3,0,0.9782017
,2244,0,0,0.6246655
,2244,1,0,0.6246655
,2244,2,0,0.9607668
,2244,3,2,1.0
,2245,0,0,0.6253135
,2245,1,0,0.6253135
,2245,2,2,1.0
,2245,3,0,0.9593686
,2246,0,0,0.622845
,2246,1,0,0.622845
,2246,2,0,0.96045417
,2246,3,3,1.0
,2247,0,0,0.62431276
,2247,1,0,0.62431276
,2247,2,2,1.0
,2247,3,0,0.9782018
,2248,0,0,0.624669
,2248,1,0,0.624669
,2248,2,0,0.96077687
,2248,3,2,1.0
,2249,0,0,0.625891
,2249,1,0,0.6258901
,2249,2,2,1.0
,2249,3,0,0.9607843
,2250,0,0,0.6576233
,2250,1,0,0.65760225
,2250,2,0,0.93589747
,2250,3,2,1.0
,2251,0,0,0.53564465
,2251,1,0,0.53530043
,2251,2,2,1.0
,2251,3,0,0.6923633
,2252,0,0,0.62332135
,2252,1,0,0.61538535
,2252,2,0,0.9583854
,2252,3,3,1.0
,2253,0,0,0.8199056
,2253,1,0,0.62290525
,2253,2,3,1.0
,2253,3,0,0.9419665
,2254,0,3,1.0
,2254,1,0,0.6230977
,2254,2,0,0.94196874
,2254,3,0,0.8279113
,2255,0,0,0.9401233
,2255,1,0,0.6231878
,2255,2,0,0.82788014
,2255,3,3,1.0
,2256,0,0,0.63620436
,2256,1,0,0.6235092
,2256,2,3,1.0
,2256,3,0,0.9781673
,2257,0,0,0.66289073
,2257,1,0,0.66241324
,2257,2,0,0.9753949
,2257,3,2,1.0
,2258,0,0,0.517275
,2258,1,0,0.5172405
,2258,2,3,1.0
,2258,3,0,0.6823462
,2259,0,0,0.6161553
,2259,1,0,0.61615354
,2259,2,0,0.9781956
,2259,3,2,1.0
,2260,0,0,0.6249227
,2260,1,0,0.6249102
,2260,2,2,1.0
,2260,3,0,0.95935816
,2261,0,0,0.62313557
,2261,1,0,0.62282264
,2261,2,0,0.9604553
,2261,3,3,1.0
,2262,0,0,0.632224
,2262,1,0,0.6242888
,2262,2,2,1.0
,2262,3,0,0.9782117
,2263,0,0,0.82681614
,2263,1,0,0.624798
,2263,2,0,0.8952409
,2263,3,2,1.0
,2264,0,2,1.0
,2264,1,0,0.6243465
,2264,2,0,0.64282924
,2264,3,0,0.9607535
,2265,0,0,0.8951132
,2265,1,0,0.62477803
,2265,2,0,0.8270484
,2265,3,2,1.0
,2266,0,0,0.63536185
,2266,1,0,0.6244063
,2266,2,2,1.0
,2266,3,0,0.96072704
,2267,0,0,0.6336941
,2267,1,0,0.62523985
,2267,2,0,0.95937395
,2267,3,2,1.0
,2268,0,0,0.82552433
,2268,1,0,0.6231279
,2268,2,3,1.0
,2268,3,0,0.8945088
,2269,0,2,1.0
,2269,1,0,0.6240392
,2269,2,0,0.9782012
,2269,3,0,0.63475794
,2270,0,0,0.96076727
,2270,1,0,0.6246399
,2270,2,2,1.0
,2270,3,0,0.6253763
,2271,0,2,1.0
,2271,1,0,0.62526137
,2271,2,0,0.9593753
,2271,3,0,0.63331336
,2272,0,0,0.89453083
,2272,1,0,0.62318367
,2272,2,3,1.0
,2272,3,0,0.8254627
,2273,0,0,0.6355089
,2273,1,0,0.62480754
,2273,2,0,0.97740626
,2273,3,2,1.0
,2274,0,0,0.6239692
,2274,1,0,0.6235424
,2274,2,3,1.0
,2274,3,0,0.95906097
,2275,0,0,0.6223644
,2275,1,0,0.6223469
,2275,2,0,0.9781737
,2275,3,3,1.0
,2276,0,0,0.6250226
,2276,1,0,0.62500983
,2276,2,2,1.0
,2276,3,0,0.97740775
,2277,0,0,0.62313294
,2277,1,0,0.622829
,2277,2,0,0.9604553
,2277,3,3,1.0
,2278,0,0,0.63203925
,2278,1,0,0.6243311
,2278,2,2,1.0
,2278,3,0,0.9782075
,2279,0,0,0.8216973
,2279,1,0,0.6255033
,2279,2,0,0.8985024
,2279,3,2,1.0
,2280,0,3,1.0
,2280,1,0,0.6236119
,2280,2,0,0.82706577
,2280,3,0,0.89784265
,2281,0,0,0.94010776
,2281,1,0,0.6232134
,2281,2,3,1.0
,2281,3,0,0.82679987
,2282,0,0,0.6346813
,2282,1,0,0.62196845
,2282,2,0,0.97817904
,2282,3,3,1.0
,2283,0,0,0.6247844
,2283,1,0,0.624284
,2283,2,2,1.0
,2283,3,0,0.9782017
,2284,0,0,0.6246841
,2284,1,0,0.6246649
,2284,2,0,0.9607668
,2284,3,2,1.0
,2285,0,0,0.62531435
,2285,1,0,0.62532556
,2285,2,2,1.0
,2285,3,0,0.9593686
,2286,0,0,0.62285364
,2286,1,0,0.6231543
,2286,2,0,0.960456
,2286,3,3,1.0
,2287,0,0,0.6245984
,2287,1,0,0.6322252
,2287,2,2,1.0
,2287,3,0,0.97821254
,2288,0,0,0.63272285
,2288,1,0,0.82689786
,2288,2,0,0.89522976
,2288,3,2,1.0
,2289,0,0,0.8267416
,2289,1,2,1.0
,2289,2,0,0.64302576
,2289,3,0,0.8951383
,2290,0,2,1.0
,2290,1,0,0.8950119
,2290,2,0,0.8269776
,2290,3,0,0.64301187
,2291,0,0,0.8950411
,2291,1,0,0.63523245
,2291,2,2,1.0
,2291,3,0,0.8268541
,2292,0,0,0.63569355
,2292,1,0,0.62546706
,2292,2,0,0.9593273
,2292,3,2,1.0
,2293,0,0,0.6232873
,2293,1,0,0.6228795
,2293,2,3,1.0
,2293,3,0,0.96043974
,2294,0,0,0.62502885
,2294,1,0,0.6250128
,2294,2,0,0.97740763
,2294,3,2,1.0
,2295,0,0,0.6228302
,2295,1,0,0.62282956
,2295,2,3,1.0
,2295,3,0,0.9604536
,2296,0,0,0.6243103
,2296,1,0,0.6243103
,2296,2,0,0.9782017
,2296,3,2,1.0
,2297,0,0,0.6246224
,2297,1,0,0.6246224
,2297,2,2,1.0
,2297,3,0,0.960776
,2298,0,0,0.6246619
,2298,1,0,0.6246619
,2298,2,0,0.96076334
,2298,3,2,1.0
,2299,0,0,0.62538344
,2299,1,0,0.62538344
,2299,2,2,1.0
,2299,3,0,0.9593649
,2300,0,0,0.623586
,2300,1,0,0.623586
,2300,2,0,0.9590648
,2300,3,3,1.0
,2301,0,0,0.622303
,2301,1,0,0.62230307
,2301,2,3,1.0
,2301,3,0,0.97817975
,2302,0,0,0.6243071
,2302,1,0,0.62430704
,2302,2,0,0.9782017
,2302,3,2,1.0
,2303,0,0,0.62462246
,2303,1,0,0.6246225
,2303,2,2,1.0
,2303,3,0,0.9607761
,2304,0,0,0.62465835
,2304,1,0,0.6246583
,2304,2,0,0.9607638
,2304,3,2,1.0
,2305,0,0,0.62531585
,2305,1,0,0.62531585
,2305,2,2,1.0
,2305,3,0,0.95936847
,2306,0,0,0.6228962
,2306,1,0,0.6228962
,2306,2,0,0.96044207
,2306,3,3,1.0
,2307,0,0,0.6250827
,2307,1,0,0.6250827
,2307,2,2,1.0
,2307,3,0,0.977407
,2308,0,0,0.6235755
,2308,1,0,0.62357503
,2308,2,0,0.95906496
,2308,3,3,0.9983264
,2309,0,0,0.6223154
,2309,1,0,0.62230307
,2309,2,3,1.0
,2309,3,0,0.97815
,2310,0,0,0.6246154
,2310,1,0,0.6243034
,2310,2,0,0.97820264
,2310,3,2,1.0
,2311,0,0,0.6325326
,2311,1,0,0.62459534
,2311,2,2,1.0
,2311,3,0,0.96079576
,2312,0,0,0.8268804
,2312,1,0,0.62476665
,2312,2,0,0.8982557
,2312,3,2,1.0
,2313,0,2,1.0
,2313,1,0,0.624523
,2313,2,0,0.83316386
,2313,3,0,0.89816713
,2314,0,0,0.8950199
,2314,1,0,0.62453824
,2314,2,2,1.0
,2314,3,0,0.83309215
,2315,0,0,0.63500625
,2315,1,0,0.62435704
,2315,2,0,0.9607345
,2315,3,2,1.0
,2316,0,0,0.6250112
,2316,1,0,0.62460494
,2316,2,2,1.0
,2316,3,0,0.960772
,2317,0,0,0.6246237
,2317,1,0,0.6249191
,2317,2,0,0.9607746
,2317,3,2,1.0
,2318,0,0,0.62458986
,2318,1,0,0.63252324
,2318,2,2,1.0
,2318,3,0,0.96079254
,2319,0,0,0.6248163
,2319,1,0,0.82684433
,2319,2,0,0.8981831
,2319,3,2,1.0
,2320,0,0,0.6253545
,2320,1,2,1.0
,2320,2,0,0.828138
,2320,3,0,0.8984705
,2321,0,0,0.6271947
,2321,1,0,0.8950176
,2321,2,3,1.0
,2321,3,0,0.8319732
,2322,0,0,0.73385376
,2322,1,0,0.67247957
,2322,2,0,0.9492086
,2322,3,2,1.0
,2323,0,2,1.0
,2323,1,0,0.586652
,2323,2,0,0.6498865
,2323,3,1,0.5135244
,2324,0,1,0.5587692
,2324,1,0,0.7435436
,2324,2,2,1.0
,2324,3,0,0.50140595
,2325,0,0,0.8202151
,2325,1,2,1.0
,2325,2,0,0.8942163
,2325,3,0,0.61701024
,2326,0,2,1.0
,2326,1,0,0.96073186
,2326,2,0,0.642528
,2326,3,0,0.6240062
,2327,0,0,0.89538294
,2327,1,2,1.0
,2327,2,0,0.8219281
,2327,3,0,0.6257602
,2328,0,0,0.6334256
,2328,1,0,0.9604545
,2328,2,3,1.0
,2328,3,0,0.630554
,2329,0,0,0.6263363
,2329,1,2,1.0
,2329,2,0,0.94091064
,2329,3,0,0.82665974
,2330,0,0,0.65904236
,2330,1,0,0.9081696
,2330,2,0,0.74574685
,2330,3,2,1.0
,2331,0,0,0.537706
,2331,1,0,0.5485627
,2331,2,2,1.0
,2331,3,0,0.69367564
,2332,0,0,0.8036239
,2332,1,0,0.65732765
,2332,2,0,0.9088308
,2332,3,2,1.0
,2333,0,3,1.0
,2333,1,0,0.52029586
,2333,2,0,0.53548825
,2333,3,0,0.6815523
,2334,0,0,0.9487228
,2334,1,0,0.7257586
,2334,2,0,0.6548162
,2334,3,2,1.0
,2335,0,0,0.60511285
,2335,1,2,1.0
,2335,2,0,0.56819713
,2335,3,0,0.546614
,2336,0,0,0.74201566
,2336,1,1,0.5694577
,2336,2,0,0.5048912
,2336,3,2,1.0
,2337,0,2,1.0
,2337,1,0,0.61433977
,2337,2,0,0.61733854
,2337,3,0,0.95888436
,2338,0,0,0.96043366
,2338,1,0,0.6223173
,2338,2,0,0.6225548
,2338,3,3,1.0
,2339,0,2,1.0
,2339,1,0,0.62563276
,2339,2,0,0.628626
,2339,3,0,0.9782045
,2340,0,0,0.90832305
,2340,1,0,0.65907335
,2340,2,0,0.73512447
,2340,3,2,1.0
,2341,0,0,0.54772097
,2341,1,0,0.53059137
,2341,2,2,1.0
,2341,3,0,0.6886182
,2342,0,0,0.6149891
,2342,1,0,0.61428124
,2342,2,0,0.95974547
,2342,3,3,1.0
,2343,0,0,0.62388545
,2343,1,0,0.62385756
,2343,2,2,1.0
,2343,3,0,0.9782018
,2344,0,0,0.6246612
,2344,1,0,0.6246601
,2344,2,0,0.960776
,2344,3,2,1.0
,2345,0,0,0.62615037
,2345,1,0,0.6261494
,2345,2,2,1.0
,2345,3,0,0.9607541
,2346,0,0,0.66275465
,2346,1,0,0.6627325
,2346,2,0,0.9558128
,2346,3,2,1.0
,2347,0,0,0.5175757
,2347,1,0,0.5172325
,2347,2,3,1.0
,2347,3,0,0.6823652
,2348,0,0,0.6241125
,2348,1,0,0.61609936
,2348,2,0,0.9782122
,2348,3,2,1.0
,2349,0,0,0.8266362
,2349,1,0,0.62437195
,2349,2,2,1.0
,2349,3,0,0.8982337
,2350,0,2,1.0
,2350,1,0,0.62455916
,2350,2,0,0.8981666
,2350,3,0,0.83316475
,2351,0,0,0.8955769
,2351,1,0,0.6259303
,2351,2,0,0.8331329
,2351,3,2,1.0
,2352,0,0,0.6703865
,2352,1,0,0.66021997
,2352,2,2,1.0
,2352,3,0,0.93551093
,2353,0,0,0.5766903
,2353,1,0,0.57601446
,2353,2,0,0.6717855
,2353,3,2,1.0
,2354,0,0,0.5024975
,2354,1,0,0.502469
,2354,2,3,1.0
,2354,3,0,0.6746759
,2355,0,0,0.6484629
,2355,1,0,0.6489789
,2355,2,0,0.96408343
,2355,3,2,1.0
,2356,0,0,0.53381985
,2356,1,0,0.54223317
,2356,2,2,1.0
,2356,3,0,0.69782996
,2357,0,0,0.6189726
,2357,1,0,0.8174918
,2357,2,0,0.8944596
,2357,3,2,1.0
,2358,0,0,0.62374777
,2358,1,3,1.0
,2358,2,0,0.64040494
,2358,3,0,0.9603997
,2359,0,0,0.66283613
,2359,1,0,0.9486738
,2359,2,0,0.80844957
,2359,3,2,1.0
,2360,0,0,0.5163135
,2360,1,0,0.53704274
,2360,2,3,1.0
,2360,3,0,0.6812218
,2361,0,0,0.6167181
,2361,1,0,0.61756
,2361,2,0,0.97741324
,2361,3,2,1.0
,2362,0,0,0.6231082
,2362,1,0,0.62314177
,2362,2,3,1.0
,2362,3,0,0.9590349
,2363,0,0,0.62382096
,2363,1,0,0.6238224
,2363,2,0,0.9781681
,2363,3,3,1.0
,2364,0,0,0.6625023
,2364,1,0,0.6625024
,2364,2,2,1.0
,2364,3,0,0.9753961
,2365,0,0,0.5185845
,2365,1,0,0.5185845
,2365,2,0,0.68277305
,2365,3,3,1.0
,2366,0,0,0.64946085
,2366,1,0,0.6494609
,2366,2,2,1.0
,2366,3,0,0.96408
,2367,0,0,0.5352284
,2367,1,0,0.5352284
,2367,2,0,0.6978411
,2367,3,2,1.0
,2368,0,0,0.6512299
,2368,1,0,0.6512299
,2368,2,2,1.0
,2368,3,0,0.9352229
,2369,0,0,0.5349225
,2369,1,0,0.5349225
,2369,2,0,0.69735247
,2369,3,2,1.0
,2370,0,0,0.6542004
,2370,1,0,0.6542004
,2370,2,2,1.0
,2370,3,0,0.934734
,2371,0,0,0.57512385
,2371,1,0,0.57512385
,2371,2,0,0.67143196
,2371,3,2,1.0
,2372,0,0,0.50103825
,2372,1,0,0.50103825
,2372,2,3,1.0
,2372,3,0,0.6742094
,2373,0,0,0.6151853
,2373,1,0,0.6151853
,2373,2,0,0.9781956
,2373,3,2,1.0
,2374,0,0,0.6249173
,2374,1,0,0.6249173
,2374,2,2,1.0
,2374,3,0,0.9593575
,2375,0,0,0.6242016
,2375,1,0,0.6242016
,2375,2,0,0.9604734
,2375,3,3,1.0
,2376,0,0,0.6600005
,2376,1,0,0.6600005
,2376,2,2,1.0
,2376,3,0,0.9638952
,2377,0,0,0.57675296
,2377,1,0,0.57675296
,2377,2,0,0.6723237
,2377,3,2,1.0
,2378,0,0,0.502774
,2378,1,0,0.502774
,2378,2,3,1.0
,2378,3,0,0.6705506
,2379,0,0,0.6126577
,2379,1,0,0.6126577
,2379,2,0,0.97818816
,2379,3,3,1.0
,2380,0,0,0.65945137
,2380,1,0,0.65945137
,2380,2,2,1.0
,2380,3,0,0.9638924
,2381,0,0,0.5766967
,2381,1,0,0.5766967
,2381,2,0,0.6723091
,2381,3,2,1.0
,2382,0,0,0.50271755
,2382,1,0,0.5027175
,2382,2,3,1.0
,2382,3,0,0.6705438
,2383,0,0,0.6113043
,2383,1,0,0.6113043
,2383,2,0,0.97817767
,2383,3,3,1.0
,2384,0,0,0.62512964
,2384,1,0,0.62512964
,2384,2,2,1.0
,2384,3,0,0.9782066
,2385,0,0,0.6606851
,2385,1,0,0.6606851
,2385,2,0,0.9354185
,2385,3,2,1.0
,2386,0,0,0.5770985
,2386,1,0,0.5770985
,2386,2,2,1.0
,2386,3,0,0.55158114
,2387,0,0,0.5494135
,2387,1,0,0.5494135
,2387,2,0,0.6540363
,2387,3,2,1.0
,2388,0,1,0.5028355
,2388,1,1,0.50283545
,2388,2,3,1.0
,2388,3,0,0.67232955
,2389,0,0,0.6156166
,2389,1,0,0.6156166
,2389,2,0,0.97741556
,2389,3,2,1.0
,2390,0,0,0.62380874
,2390,1,0,0.62380874
,2390,2,3,1.0
,2390,3,0,0.9604014
,2391,0,0,0.6626183
,2391,1,0,0.66261834
,2391,2,0,0.9753889
,2391,3,2,1.0
,2392,0,0,0.51866007
,2392,1,0,0.51866007
,2392,2,3,1.0
,2392,3,0,0.6781715
,2393,0,0,0.61305094
,2393,1,0,0.61305094
,2393,2,0,0.97741467
,2393,3,3,1.0
,2394,0,0,0.62312114
,2394,1,0,0.62312114
,2394,2,3,1.0
,2394,3,0,0.9781678
,2395,0,0,0.6624138
,2395,1,0,0.6624138
,2395,2,0,0.9753947
,2395,3,2,1.0
,2396,0,0,0.5173202
,2396,1,0,0.51732016
,2396,2,3,1.0
,2396,3,0,0.68215054
,2397,0,0,0.6167535
,2397,1,0,0.61675346
,2397,2,0,0.97741485
,2397,3,2,1.0
,2398,0,0,0.6223694
,2398,1,0,0.6223694
,2398,2,3,1.0
,2398,3,0,0.96042657
,2399,0,0,0.62567806
,2399,1,0,0.62567806
,2399,2,0,0.97820705
,2399,3,2,1.0
,2400,0,0,0.6604631
,2400,1,0,0.6604631
,2400,2,2,1.0
,2400,3,0,0.93558514
,2401,0,0,0.5761513
,2401,1,0,0.57615125
,2401,2,0,0.67178196
,2401,3,2,1.0
,2402,0,0,0.5026125
,2402,1,0,0.5026125
,2402,2,3,1.0
,2402,3,0,0.6704935
,2403,0,0,0.611242
,2403,1,0,0.611242
,2403,2,0,0.9781772
,2403,3,3,1.0
,2404,0,0,0.62372625
,2404,1,0,0.62372625
,2404,2,2,1.0
,2404,3,0,0.9782017
,2405,0,0,0.6246398
,2405,1,0,0.6246398
,2405,2,0,0.9607663
,2405,3,2,1.0
,2406,0,0,0.6253125
,2406,1,0,0.6253125
,2406,2,2,1.0
,2406,3,0,0.9593686
,2407,0,0,0.62284493
,2407,1,0,0.62284493
,2407,2,0,0.96045417
,2407,3,3,1.0
,2408,0,0,0.6243109
,2408,1,0,0.62431085
,2408,2,2,1.0
,2408,3,0,0.9782018
,2409,0,0,0.62462
,2409,1,0,0.62462
,2409,2,0,0.9607762
,2409,3,2,1.0
,2410,0,0,0.6246127
,2410,1,0,0.6246127
,2410,2,2,1.0
,2410,3,0,0.96077335
,2411,0,0,0.6246143
,2411,1,0,0.6246143
,2411,2,0,0.960773
,2411,3,2,1.0
,2412,0,0,0.6246612
,2412,1,0,0.6246611
,2412,2,2,1.0
,2412,3,0,0.96076316
,2413,0,0,0.6253834
,2413,1,0,0.6253834
,2413,2,0,0.9593648
,2413,3,2,1.0
,2414,0,0,0.62358606
,2414,1,0,0.62358606
,2414,2,3,1.0
,2414,3,0,0.9590648
,2415,0,0,0.62230307
,2415,1,0,0.6223031
,2415,2,0,0.97817975
,2415,3,3,1.0
,2416,0,0,0.6243092
,2416,1,0,0.6243091
,2416,2,2,1.0
,2416,3,0,0.9782017
,2417,0,0,0.6246658
,2417,1,0,0.62466586
,2417,2,0,0.9607668
,2417,3,2,1.0
,2418,0,0,0.6253137
,2418,1,0,0.6253137
,2418,2,2,1.0
,2418,3,0,0.9593686
,2419,0,0,0.62284714
,2419,1,0,0.62284726
,2419,2,0,0.9604539
,2419,3,3,1.0
,2420,0,0,0.6243561
,2420,1,0,0.6243561
,2420,2,2,1.0
,2420,3,0,0.97819656
,2421,0,0,0.6253212
,2421,1,0,0.6253212
,2421,2,0,0.9593717
,2421,3,2,1.0
,2422,0,0,0.62284625
,2422,1,0,0.62284625
,2422,2,3,1.0
,2422,3,0,0.9604543
,2423,0,0,0.6243109
,2423,1,0,0.6243109
,2423,2,0,0.9782017
,2423,3,2,1.0
,2424,0,0,0.62462
,2424,1,0,0.62462
,2424,2,2,1.0
,2424,3,0,0.9607762
,2425,0,0,0.6246127
,2425,1,0,0.6246127
,2425,2,0,0.9607732
,2425,3,2,1.0
,2426,0,0,0.6246143
,2426,1,0,0.6246142
,2426,2,2,1.0
,2426,3,0,0.9607732
,2427,0,0,0.62467235
,2427,1,0,0.6246723
,2427,2,0,0.9607732
,2427,3,2,1.0
,2428,0,0,0.6261496
,2428,1,0,0.62614965
,2428,2,2,1.0
,2428,3,0,0.960754
,2429,0,0,0.66273487
,2429,1,0,0.66273487
,2429,2,0,0.9558128
,2429,3,2,1.0
,2430,0,0,0.5172424
,2430,1,0,0.5172423
,2430,2,3,1.0
,2430,3,0,0.68232816
,2431,0,0,0.6161529
,2431,1,0,0.61615276
,2431,2,0,0.9781956
,2431,3,2,1.0
,2432,0,0,0.6249129
,2432,1,0,0.6249129
,2432,2,2,1.0
,2432,3,0,0.95935816
,2433,0,0,0.6228872
,2433,1,0,0.6228872
,2433,2,0,0.9604537
,2433,3,3,1.0
,2434,0,0,0.6258562
,2434,1,0,0.6258562
,2434,2,2,1.0
,2434,3,0,0.9781907
,2435,0,0,0.6629324
,2435,1,0,0.6629324
,2435,2,0,0.9558062
,2435,3,2,1.0
,2436,0,0,0.5185928
,2436,1,0,0.5185927
,2436,2,3,1.0
,2436,3,0,0.6782323
,2437,0,0,0.613747
,2437,1,0,0.613747
,2437,2,0,0.9781877
,2437,3,3,1.0
,2438,0,0,0.659543
,2438,1,0,0.6595429
,2438,2,2,1.0
,2438,3,0,0.9638012
,2439,0,0,0.5744571
,2439,1,0,0.5744571
,2439,2,0,0.5529195
,2439,3,2,1.0
,2440,0,0,0.50759256
,2440,1,0,0.50759256
,2440,2,2,1.0
,2440,3,0,0.67505187
,2441,0,0,0.6126295
,2441,1,0,0.6126295
,2441,2,0,0.9596418
,2441,3,3,1.0
,2442,0,0,0.62377375
,2442,1,0,0.62377375
,2442,2,2,1.0
,2442,3,0,0.9782018
,2443,0,0,0.6245961
,2443,1,0,0.6245961
,2443,2,0,0.96077573
,2443,3,2,1.0
,2444,0,0,0.6246138
,2444,1,0,0.6246138
,2444,2,2,1.0
,2444,3,0,0.9607731
,2445,0,0,0.6246574
,2445,1,0,0.62465733
,2445,2,0,0.9607636
,2445,3,2,1.0
,2446,0,0,0.62531275
,2446,1,0,0.62531275
,2446,2,2,1.0
,2446,3,0,0.95936847
,2447,0,0,0.62284493
,2447,1,0,0.6228449
,2447,2,0,0.96045417
,2447,3,3,1.0
,2448,0,0,0.62431085
,2448,1,0,0.6243109
,2448,2,2,1.0
,2448,3,0,0.9782018
,2449,0,0,0.62462
,2449,1,0,0.62462
,2449,2,0,0.9607762
,2449,3,2,1.0
,2450,0,0,0.6246127
,2450,1,0,0.6246127
,2450,2,2,1.0
,2450,3,0,0.96077335
,2451,0,0,0.62461406
,2451,1,0,0.62461406
,2451,2,0,0.960773
,2451,3,2,1.0
,2452,0,0,0.62465745
,2452,1,0,0.6246575
,2452,2,2,1.0
,2452,3,0,0.9607637
,2453,0,0,0.6253156
,2453,1,0,0.6253156
,2453,2,0,0.95936847
,2453,3,2,1.0
,2454,0,0,0.6228926
,2454,1,0,0.6228926
,2454,2,3,1.0
,2454,3,0,0.9604427
,2455,0,0,0.62501687
,2455,1,0,0.62501687
,2455,2,0,0.97740763
,2455,3,2,1.0
,2456,0,0,0.6228773
,2456,1,0,0.6228773
,2456,2,3,1.0
,2456,3,0,0.96044225
,2457,0,0,0.6250133
,2457,1,0,0.6250133
,2457,2,0,0.97740763
,2457,3,2,1.0
,2458,0,0,0.6228317
,2458,1,0,0.6228317
,2458,2,3,1.0
,2458,3,0,0.9604537
,2459,0,0,0.6243642
,2459,1,0,0.6243642
,2459,2,0,0.97820216
,2459,3,2,1.0
,2460,0,0,0.6260233
,2460,1,0,0.6260233
,2460,2,2,1.0
,2460,3,0,0.9607853
,2461,0,0,0.6607037
,2461,1,0,0.6607037
,2461,2,0,0.93541384
,2461,3,2,1.0
,2462,0,0,0.5770961
,2462,1,0,0.5770961
,2462,2,2,1.0
,2462,3,0,0.5515798
,2463,0,0,0.5494078
,2463,1,0,0.5494078
,2463,2,0,0.6540387
,2463,3,2,1.0
,2464,0,1,0.502876
,2464,1,1,0.502876
,2464,2,3,1.0
,2464,3,0,0.67255384
,2465,0,0,0.6163306
,2465,1,0,0.6163306
,2465,2,0,0.9782068
,2465,3,2,1.0
,2466,0,0,0.66000473
,2466,1,0,0.6600048
,2466,2,2,1.0
,2466,3,0,0.9355724
,2467,0,0,0.5759786
,2467,1,0,0.57597905
,2467,2,0,0.67183083
,2467,3,2,1.0
,2468,0,0,0.5012002
,2468,1,0,0.50120676
,2468,2,3,1.0
,2468,3,0,0.6742682
,2469,0,0,0.6165443
,2469,1,0,0.61669713
,2469,2,0,0.9782075
,2469,3,2,1.0
,2470,0,0,0.6597137
,2470,1,0,0.6635664
,2470,2,2,1.0
,2470,3,0,0.9357279
,2471,0,0,0.57389665
,2471,1,0,0.6369387
,2471,2,0,0.5081177
,2471,3,2,1.0
,2472,0,0,0.51003
,2472,1,2,1.0
,2472,2,0,0.7394542
,2472,3,1,0.56200475
,2473,0,0,0.65187377
,2473,1,0,0.9125765
,2473,2,2,1.0
,2473,3,0,0.7254734
,2474,0,0,0.52910644
,2474,1,0,0.7673094
,2474,2,1,0.544411
,2474,3,2,1.0
,2475,0,0,0.61513084
,2475,1,3,1.0
,2475,2,0,0.81849456
,2475,3,0,0.89626515
,2476,0,0,0.62392056
,2476,1,0,0.9398806
,2476,2,2,1.0
,2476,3,0,0.8328125
,2477,0,0,0.62506276
,2477,1,0,0.63750035
,2477,2,0,0.95932454
,2477,3,2,1.0
,2478,0,0,0.6243629
,2478,1,0,0.6248581
,2478,2,3,1.0
,2478,3,0,0.9604298
,2479,0,0,0.6625549
,2479,1,0,0.6625735
,2479,2,0,0.9753949
,2479,3,2,1.0
,2480,0,0,0.5190168
,2480,1,0,0.51901805
,2480,2,3,1.0
,2480,3,0,0.68200636
,2481,0,0,0.65459365
,2481,1,0,0.6545937
,2481,2,0,0.9754005
,2481,3,2,1.0
,2482,0,0,0.5177793
,2482,1,0,0.5177793
,2482,2,3,1.0
,2482,3,0,0.68240005
,2483,0,0,0.6524552
,2483,1,0,0.6524552
,2483,2,0,0.96371526
,2483,3,2,1.0
,2484,0,0,0.5733215
,2484,1,0,0.5733215
,2484,2,2,1.0
,2484,3,0,0.55259943
,2485,0,0,0.50626475
,2485,1,0,0.5062647
,2485,2,0,0.6792777
,2485,3,2,1.0
,2486,0,0,0.6167608
,2486,1,0,0.6167608
,2486,2,2,1.0
,2486,3,0,0.9587903
,2487,0,0,0.62237674
,2487,1,0,0.62237674
,2487,2,0,0.9604164
,2487,3,3,1.0
,2488,0,0,0.6249894
,2488,1,0,0.6249894
,2488,2,2,1.0
,2488,3,0,0.97740775
,2489,0,0,0.6228308
,2489,1,0,0.6228308
,2489,2,0,0.9604533
,2489,3,3,1.0
,2490,0,0,0.6243578
,2490,1,0,0.6243578
,2490,2,2,1.0
,2490,3,0,0.97819656
,2491,0,0,0.62538284
,2491,1,0,0.62538284
,2491,2,0,0.9593717
,2491,3,2,1.0
,2492,0,0,0.6243934
,2492,1,0,0.6243934
,2492,2,3,1.0
,2492,3,0,0.960433
,2493,0,0,0.662452
,2493,1,0,0.662452
,2493,2,0,0.9753947
,2493,3,2,1.0
,2494,0,0,0.5173217
,2494,1,0,0.5173217
,2494,2,3,1.0
,2494,3,0,0.68214905
,2495,0,0,0.6167543
,2495,1,0,0.61675435
,2495,2,0,0.97741485
,2495,3,2,1.0
,2496,0,0,0.62236315
,2496,1,0,0.6223637
,2496,2,3,1.0
,2496,3,0,0.96041435
,2497,0,0,0.624988
,2497,1,0,0.6250004
,2497,2,0,0.97740763
,2497,3,2,1.0
,2498,0,0,0.6228251
,2498,1,0,0.6231379
,2498,2,3,0.99999785
,2498,3,0,0.9604553
,2499,0,0,0.62428904
,2499,1,0,0.6322241
,2499,2,0,0.9782117
,2499,3,2,1.0
,2500,0,0,0.6248
,2500,1,0,0.82681537
,2500,2,2,1.0
,2500,3,0,0.8952382
,2501,0,0,0.62438965
,2501,1,2,1.0
,2501,2,0,0.96074504
,2501,3,0,0.64264816
,2502,0,0,0.62546945
,2502,1,0,0.89538634
,2502,2,2,1.0
,2502,3,0,0.82192975
,2503,0,0,0.62263155
,2503,1,0,0.6334131
,2503,2,0,0.96041936
,2503,3,3,1.0
,2504,0,0,0.6243381
,2504,1,0,0.6247749
,2504,2,2,1.0
,2504,3,0,0.97819656
,2505,0,0,0.62531203
,2505,1,0,0.6256452
,2505,2,0,0.9593721
,2505,3,2,1.0
,2506,0,0,0.62280935
,2506,1,0,0.63076884
,2506,2,3,1.0
,2506,3,0,0.9604885
,2507,0,0,0.6245752
,2507,1,0,0.826646
,2507,2,0,0.93986493
,2507,3,2,1.0
,2508,0,0,0.6243419
,2508,1,2,1.0
,2508,2,0,0.6367532
,2508,3,0,0.9607311
,2509,0,0,0.62476075
,2509,1,0,0.9607725
,2509,2,0,0.62512994
,2509,3,2,1.0
,2510,0,0,0.6289657
,2510,1,2,1.0
,2510,2,0,0.6259658
,2510,3,0,0.9607797
,2511,0,0,0.7356818
,2511,1,0,0.9084227
,2511,2,0,0.6588368
,2511,3,2,1.0
,2512,0,2,1.0
,2512,1,0,0.5553548
,2512,2,0,0.5299479
,2512,3,0,0.6940349
,2513,0,0,0.8940309
,2513,1,0,0.8229797
,2513,2,0,0.62574595
,2513,3,2,1.0
,2514,0,0,0.6357621
,2514,1,2,1.0
,2514,2,0,0.82132864
,2514,3,0,0.898447
,2515,0,0,0.6247029
,2515,1,0,0.8949675
,2515,2,3,1.0
,2515,3,0,0.83198565
,2516,0,0,0.6607293
,2516,1,0,0.6699068
,2516,2,0,0.96385586
,2516,3,2,1.0
,2517,0,0,0.5914078
,2517,1,0,0.5751499
,2517,2,2,1.0
,2517,3,0,0.55379814
,2518,0,0,0.7425337
,2518,1,0,0.5063513
,2518,2,1,0.5601457
,2518,3,2,1.0
,2519,0,2,1.0
,2519,1,0,0.6186356
,2519,2,0,0.8201583
,2519,3,0,0.89581126
,2520,0,0,0.9092666
,2520,1,0,0.66132045
,2520,2,2,1.0
,2520,3,0,0.7427269
,2521,0,0,0.58855814
,2521,1,0,0.57168865
,2521,2,0,0.6679684
,2521,3,2,1.0
,2522,0,0,0.5030614
,2522,1,0,0.5017965
,2522,2,3,1.0
,2522,3,0,0.6742138
,2523,0,0,0.6516038
,2523,1,0,0.6515546
,2523,2,0,0.9637088
,2523,3,2,1.0
,2524,0,0,0.57321686
,2524,1,0,0.5732136
,2524,2,2,1.0
,2524,3,0,0.5525717
,2525,0,0,0.5061725
,2525,1,0,0.5061723
,2525,2,0,0.67945254
,2525,3,2,1.0
,2526,0,0,0.6161119
,2526,1,0,0.6161119
,2526,2,2,1.0
,2526,3,0,0.9602149
,2527,0,0,0.6241962
,2527,1,0,0.6241962
,2527,2,0,0.9607606
,2527,3,2,1.0
,2528,0,0,0.6246657
,2528,1,0,0.6246657
,2528,2,2,1.0
,2528,3,0,0.9607725
,2529,0,0,0.6264182
,2529,1,0,0.6264181
,2529,2,0,0.9607295
,2529,3,2,1.0
,2530,0,0,0.66836476
,2530,1,0,0.66836476
,2530,2,2,1.0
,2530,3,0,0.91299206
,2531,0,0,0.55357546
,2531,1,0,0.5535754
,2531,2,2,1.0
,2531,3,0,0.62318844
,2532,0,0,0.5439847
,2532,1,0,0.5439847
,2532,2,0,0.5270033
,2532,3,2,1.0
,2533,0,0,0.5006027
,2533,1,0,0.5006027
,2533,2,2,1.0
,2533,3,0,0.6766758
,2534,0,0,0.6157922
,2534,1,0,0.6157922
,2534,2,0,0.9602007
,2534,3,2,1.0
,2535,0,0,0.6242241
,2535,1,0,0.62422425
,2535,2,2,1.0
,2535,3,0,0.96075076
,2536,0,0,0.62529385
,2536,1,0,0.6252939
,2536,2,0,0.9593682
,2536,3,2,1.0
,2537,0,0,0.6228441
,2537,1,0,0.6228441
,2537,2,3,1.0
,2537,3,0,0.96045405
,2538,0,0,0.6243109
,2538,1,0,0.6243109
,2538,2,0,0.9782017
,2538,3,2,1.0
,2539,0,0,0.6246222
,2539,1,0,0.6246222
,2539,2,2,1.0
,2539,3,0,0.960776
,2540,0,0,0.6246582
,2540,1,0,0.6246581
,2540,2,0,0.9607638
,2540,3,2,1.0
,2541,0,0,0.6253132
,2541,1,0,0.6253128
,2541,2,2,1.0
,2541,3,0,0.95936847
,2542,0,0,0.622857
,2542,1,0,0.6228447
,2542,2,0,0.96045417
,2542,3,3,1.0
,2543,0,0,0.6246193
,2543,1,0,0.624308
,2543,2,2,1.0
,2543,3,0,0.97820264
,2544,0,0,0.6325313
,2544,1,0,0.6246097
,2544,2,0,0.960795
,2544,3,2,1.0
,2545,0,0,0.826812
,2545,1,0,0.6251037
,2545,2,2,1.0
,2545,3,0,0.8951094
,2546,0,2,1.0
,2546,1,0,0.63228214
,2546,2,0,0.96075374
,2546,3,0,0.63500047
,2547,0,0,0.8951062
,2547,1,0,0.82680017
,2547,2,2,1.0
,2547,3,0,0.6255028
,2548,0,0,0.63499045
,2548,1,2,1.0
,2548,2,0,0.96075326
,2548,3,0,0.6322961
,2549,0,0,0.6252428
,2549,1,0,0.895127
,2549,2,2,1.0
,2549,3,0,0.8267522
,2550,0,0,0.6250839
,2550,1,0,0.63570607
,2550,2,0,0.9593289
,2550,3,2,1.0
,2551,0,0,0.6228687
,2551,1,0,0.62329227
,2551,2,3,1.0
,2551,3,0,0.96043926
,2552,0,0,0.6250827
,2552,1,0,0.62509936
,2552,2,0,0.977406
,2552,3,2,1.0
,2553,0,0,0.6235707
,2553,1,0,0.62357134
,2553,2,3,1.0
,2553,3,0,0.9590642
,2554,0,0,0.6223022
,2554,1,0,0.62230223
,2554,2,0,0.97817975
,2554,3,3,1.0
,2555,0,0,0.6243069
,2555,1,0,0.624307
,2555,2,2,1.0
,2555,3,0,0.9782018
,2556,0,0,0.62462044
,2556,1,0,0.62462044
,2556,2,0,0.96077645
,2556,3,2,1.0
,2557,0,0,0.62461483
,2557,1,0,0.62461495
,2557,2,2,1.0
,2557,3,0,0.9607731
,2558,0,0,0.6246575
,2558,1,0,0.6246575
,2558,2,0,0.9607636
,2558,3,2,1.0
,2559,0,0,0.6253156
,2559,1,0,0.6253156
,2559,2,2,1.0
,2559,3,0,0.95936847
,2560,0,0,0.62289256
,2560,1,0,0.62289244
,2560,2,0,0.9604427
,2560,3,3,1.0
,2561,0,0,0.625014
,2561,1,0,0.625014
,2561,2,2,1.0
,2561,3,0,0.97740775
,2562,0,0,0.62283194
,2562,1,0,0.62283194
,2562,2,0,0.9604533
,2562,3,3,1.0
,2563,0,0,0.6243555
,2563,1,0,0.6243555
,2563,2,2,1.0
,2563,3,0,0.97819656
,2564,0,0,0.6253212
,2564,1,0,0.6253212
,2564,2,0,0.9593717
,2564,3,2,1.0
,2565,0,0,0.62284636
,2565,1,0,0.62284636
,2565,2,3,1.0
,2565,3,0,0.9604543
,2566,0,0,0.6243132
,2566,1,0,0.6243136
,2566,2,0,0.9782017
,2566,3,2,1.0
,2567,0,0,0.6246651
,2567,1,0,0.6246775
,2567,2,2,1.0
,2567,3,0,0.9607668
,2568,0,0,0.6253052
,2568,1,0,0.62562186
,2568,2,0,0.9593691
,2568,3,2,1.0
,2569,0,0,0.6228062
,2569,1,0,0.63076884
,2569,2,3,1.0
,2569,3,0,0.96048886
,2570,0,0,0.6245472
,2570,1,0,0.8267181
,2570,2,0,0.9417547
,2570,3,2,1.0
,2571,0,0,0.6245352
,2571,1,2,1.0
,2571,2,0,0.8341694
,2571,3,0,0.89808726
,2572,0,0,0.6252289
,2572,1,0,0.8952986
,2572,2,2,1.0
,2572,3,0,0.8281116
,2573,0,0,0.62260866
,2573,1,0,0.63339674
,2573,2,0,0.960418
,2573,3,3,1.0
,2574,0,0,0.62429225
,2574,1,0,0.6247169
,2574,2,2,1.0
,2574,3,0,0.9782018
,2575,0,0,0.62461895
,2575,1,0,0.6246357
,2575,2,0,0.9607762
,2575,3,2,1.0
,2576,0,0,0.62461257
,2576,1,0,0.6246137
,2576,2,2,1.0
,2576,3,0,0.96077335
,2577,0,0,0.6246116
,2577,1,0,0.62462395
,2577,2,0,0.9607732
,2577,3,2,1.0
,2578,0,0,0.6246084
,2578,1,0,0.6249201
,2578,2,2,1.0
,2578,3,0,0.9607747
,2579,0,0,0.6245897
,2579,1,0,0.6325232
,2579,2,0,0.960792
,2579,3,2,1.0
,2580,0,0,0.62479675
,2580,1,0,0.82680416
,2580,2,2,1.0
,2580,3,0,0.8951116
,2581,0,0,0.6244121
,2581,1,2,1.0
,2581,2,0,0.9607251
,2581,3,0,0.635067
,2582,0,0,0.62528604
,2582,1,0,0.95936775
,2582,2,2,1.0
,2582,3,0,0.6260204
,2583,0,0,0.6228068
,2583,1,3,1.0
,2583,2,0,0.9604883
,2583,3,0,0.63078207
,2584,0,0,0.6245767
,2584,1,0,0.93986535
,2584,2,2,1.0
,2584,3,0,0.8266463
,2585,0,0,0.624384
,2585,1,0,0.63679945
,2585,2,0,0.96073174
,2585,3,2,1.0
,2586,0,0,0.6258619
,2586,1,0,0.62634915
,2586,2,2,1.0
,2586,3,0,0.9607837
,2587,0,0,0.6574786
,2587,1,0,0.6574969
,2587,2,0,0.936049
,2587,3,2,1.0
,2588,0,0,0.5360426
,2588,1,0,0.53604376
,2588,2,2,1.0
,2588,3,0,0.6972582
,2589,0,0,0.6563785
,2589,1,0,0.65637857
,2589,2,0,0.95527947
,2589,3,2,1.0
,2590,0,0,0.51825064
,2590,1,0,0.51825064
,2590,2,3,1.0
,2590,3,0,0.6817385
,2591,0,0,0.65447783
,2591,1,0,0.6544778
,2591,2,0,0.97539955
,2591,3,2,1.0
,2592,0,0,0.51633614
,2592,1,0,0.51633614
,2592,2,3,1.0
,2592,3,0,0.68205065
,2593,0,0,0.61734545
,2593,1,0,0.61734545
,2593,2,0,0.978208
,2593,3,2,1.0
,2594,0,0,0.65699047
,2594,1,0,0.6569907
,2594,2,2,1.0
,2594,3,0,0.936032
,2595,0,0,0.5342682
,2595,1,0,0.53427297
,2595,2,0,0.69754016
,2595,3,2,1.0
,2596,0,0,0.61797065
,2596,1,0,0.6180835
,2596,2,2,1.0
,2596,3,0,0.96031356
,2597,0,0,0.6257388
,2597,1,0,0.62858915
,2597,2,0,0.9607675
,2597,3,2,1.0
,2598,0,0,0.6618738
,2598,1,0,0.7343995
,2598,2,2,1.0
,2598,3,0,0.90974784
,2599,0,0,0.5720761
,2599,1,2,1.0
,2599,2,0,0.6681342
,2599,3,0,0.60571533
,2600,0,0,0.5048715
,2600,1,1,0.57236785
,2600,2,3,1.0
,2600,3,0,0.73777306
,2601,0,0,0.7275113
,2601,1,0,0.64796996
,2601,2,0,0.947918
,2601,3,2,1.0
,2602,0,2,1.0
,2602,1,0,0.5280408
,2602,2,0,0.5570681
,2602,3,0,0.6931292
,2603,0,0,0.8942778
,2603,1,0,0.6184912
,2603,2,0,0.817743
,2603,3,2,1.0
,2604,0,0,0.63321966
,2604,1,0,0.6221904
,2604,2,3,1.0
,2604,3,0,0.96039534
,2605,0,0,0.6247084
,2605,1,0,0.62427413
,2605,2,0,0.9782017
,2605,3,2,1.0
,2606,0,0,0.62468076
,2606,1,0,0.62466365
,2606,2,2,1.0
,2606,3,0,0.9607667
,2607,0,0,0.62531424
,2607,1,0,0.6253135
,2607,2,0,0.95936847
,2607,3,2,1.0
,2608,0,0,0.62284684
,2608,1,0,0.62284684
,2608,2,3,1.0
,2608,3,0,0.96045417
,2609,0,0,0.6243596
,2609,1,0,0.6243596
,2609,2,0,0.97820216
,2609,3,2,1.0
,2610,0,0,0.6258907
,2610,1,0,0.6258908
,2610,2,2,1.0
,2610,3,0,0.9607883
,2611,0,0,0.65748006
,2611,1,0,0.6574801
,2611,2,0,0.9360494
,2611,3,2,1.0
,2612,0,0,0.53604084
,2612,1,0,0.53604084
,2612,2,2,1.0
,2612,3,0,0.69726026
,2613,0,0,0.65633994
,2613,1,0,0.65633994
,2613,2,0,0.95528156
,2613,3,2,1.0
,2614,0,0,0.5179664
,2614,1,0,0.51796645
,2614,2,3,1.0
,2614,3,0,0.6824505
,2615,0,0,0.6524624
,2615,1,0,0.6524624
,2615,2,0,0.963716
,2615,3,2,1.0
,2616,0,0,0.5733147
,2616,1,0,0.5733147
,2616,2,2,1.0
,2616,3,0,0.55261815
,2617,0,0,0.5061858
,2617,1,0,0.50618577
,2617,2,0,0.6794572
,2617,3,2,1.0
,2618,0,0,0.61611485
,2618,1,0,0.61611485
,2618,2,2,1.0
,2618,3,0,0.9602147
,2619,0,0,0.6242429
,2619,1,0,0.6242429
,2619,2,0,0.9607505
,2619,3,2,1.0
,2620,0,0,0.6253705
,2620,1,0,0.6253705
,2620,2,2,1.0
,2620,3,0,0.9593645
,2621,0,0,0.6236636
,2621,1,0,0.6236636
,2621,2,0,0.9590602
,2621,3,3,1.0
,2622,0,0,0.6231411
,2622,1,0,0.6231411
,2622,2,3,1.0
,2622,3,0,0.97740495
,2623,0,0,0.6248613
,2623,1,0,0.62486136
,2623,2,0,0.9781895
,2623,3,3,1.0
,2624,0,0,0.6907645
,2624,1,0,0.6907645
,2624,2,2,1.0
,2624,3,0,0.9545285
,2625,0,0,1.0
,2625,1,0,1.0
,2625,2,0,1.0
,2625,3,3,0.5219055
,2626,0,0,0.5900437
,2626,1,0,0.6443243
,2626,2,2,1.0
,2626,3,0,0.6076918
,2627,0,0,0.5536667
,2627,1,2,1.0
,2627,2,0,0.511383
,2627,3,0,0.55495334
,2628,0,1,0.50916606
,2628,1,1,0.91027725
,2628,2,2,1.0
,2628,3,1,0.50906193
,2629,0,0,0.65733546
,2629,1,2,1.0
,2629,2,0,0.92074144
,2629,3,0,0.6574328
,2630,0,1,0.5002839
,2630,1,1,0.9085908
,2630,2,2,1.0
,2630,3,0,0.50105315
,2631,0,0,0.6575641
,2631,1,2,1.0
,2631,2,0,0.9100748
,2631,3,0,0.68824905
,2632,0,1,0.50254816
,2632,1,1,0.9088539
,2632,2,0,0.52598715
,2632,3,2,1.0
,2633,0,0,0.6132413
,2633,1,2,1.0
,2633,2,0,0.8199798
,2633,3,0,0.89284223
,2634,0,0,0.6237291
,2634,1,0,0.96070725
,2634,2,2,1.0
,2634,3,0,0.6347537
,2635,0,0,0.62456626
,2635,1,2,1.0
,2635,2,0,0.96077114
,2635,3,0,0.6249996
,2636,0,0,0.6246544
,2636,1,0,0.9607636
,2636,2,2,1.0
,2636,3,0,0.62467146
,2637,0,0,0.62529093
,2637,1,2,1.0
,2637,2,0,0.959368
,2637,3,0,0.62529165
,2638,0,0,0.6221582
,2638,1,0,0.8942544
,2638,2,3,1.0
,2638,3,0,0.6221582
,2639,0,0,0.6280918
,2639,1,0,0.64675987
,2639,2,2,1.0
,2639,3,0,0.6280918
,2640,0,0,0.6199899
,2640,1,0,0.8240813
,2640,2,2,1.0
,2640,3,0,0.61998993
,2641,0,0,0.6241386
,2641,1,2,1.0
,2641,2,0,0.9607295
,2641,3,0,0.6241386
,2642,0,0,0.6245864
,2642,1,0,0.96077216
,2642,2,2,1.0
,2642,3,0,0.6245864
,2643,0,0,0.6246107
,2643,1,2,1.0
,2643,2,0,0.9607732
,2643,3,0,0.6246107
,2644,0,0,0.6246118
,2644,1,0,0.9607732
,2644,2,2,1.0
,2644,3,0,0.6246118
,2645,0,0,0.6246118
,2645,1,2,1.0
,2645,2,0,0.9607732
,2645,3,0,0.6246118
,2646,0,0,0.6246118
,2646,1,0,0.9607732
,2646,2,2,1.0
,2646,3,0,0.6246118
,2647,0,0,0.6246118
,2647,1,2,1.0
,2647,2,0,0.9607732
,2647,3,0,0.6246118
,2648,0,0,0.6246118
,2648,1,0,0.9607732
,2648,2,2,1.0
,2648,3,0,0.6246123
,2649,0,0,0.6246116
,2649,1,2,1.0
,2649,2,0,0.9607732
,2649,3,0,0.6246239
,2650,0,0,0.62460846
,2650,1,0,0.9607747
,2650,2,2,1.0
,2650,3,0,0.6249201
,2651,0,0,0.62459165
,2651,1,2,1.0
,2651,2,0,0.96079177
,2651,3,0,0.63252217
,2652,0,0,0.6248368
,2652,1,0,0.8952542
,2652,2,2,1.0
,2652,3,0,0.82677144
,2653,0,0,0.6250149
,2653,1,0,0.6435942
,2653,2,0,0.959336
,2653,3,2,1.0
,2654,0,0,0.6231517
,2654,1,0,0.82570714
,2654,2,3,1.0
,2654,3,0,0.89452285
,2655,0,0,0.62473536
,2655,1,2,1.0
,2655,2,0,0.9774081
,2655,3,0,0.6354504
,2656,0,0,0.6227975
,2656,1,0,0.9604523
,2656,2,3,1.0
,2656,3,0,0.62353474
,2657,0,0,0.6243443
,2657,1,2,1.0
,2657,2,0,0.97821194
,2657,3,0,0.6322383
,2658,0,0,0.6262692
,2658,1,0,0.89682835
,2658,2,2,1.0
,2658,3,0,0.8268199
,2659,0,0,0.6617262
,2659,1,0,0.7423648
,2659,2,0,0.90930873
,2659,3,2,1.0
,2660,0,0,0.56963265
,2660,1,2,1.0
,2660,2,0,0.5866072
,2660,3,0,0.5473884
,2661,0,0,0.5072155
,2661,1,0,0.67891777
,2661,2,0,0.509625
,2661,3,2,1.0
,2662,0,0,0.66394347
,2662,1,2,1.0
,2662,2,0,0.6912766
,2662,3,0,0.91191214
,2663,0,0,0.54360944
,2663,1,1,0.9521549
,2663,2,2,1.0
,2663,3,0,0.56280774
,2664,0,1,0.51193583
,2664,1,2,1.0
,2664,2,1,0.9105987
,2664,3,1,0.5104414
,2665,0,0,0.6140984
,2665,1,0,0.9597748
,2665,2,2,1.0
,2665,3,0,0.6141601
,2666,0,0,0.6681832
,2666,1,2,1.0
,2666,2,0,0.92253137
,2666,3,0,0.6681846
,2667,0,1,0.50129986
,2667,1,1,0.90854377
,2667,2,2,1.0
,2667,3,1,0.50131416
,2668,0,0,0.6132374
,2668,1,2,1.0
,2668,2,0,0.9597249
,2668,3,0,0.6129068
,2669,0,0,0.6342068
,2669,1,0,0.89575934
,2669,2,2,1.0
,2669,3,0,0.62590885
,2670,0,0,0.8234473
,2670,1,0,0.63048464
,2670,2,2,1.0
,2670,3,0,0.61942244
,2671,0,2,1.0
,2671,1,0,0.62489057
,2671,2,0,0.9607194
,2671,3,0,0.6241393
,2672,0,0,0.9593743
,2672,1,0,0.63328785
,2672,2,2,1.0
,2672,3,0,0.62523043
,2673,0,3,1.0
,2673,1,0,0.82552147
,2673,2,0,0.894633
,2673,3,0,0.623124
,2674,0,0,0.9782111
,2674,1,2,1.0
,2674,2,0,0.6425635
,2674,3,0,0.6240193
,2675,0,2,1.0
,2675,1,0,0.8951382
,2675,2,0,0.8270133
,2675,3,0,0.6248293
,2676,0,0,0.95932966
,2676,1,0,0.63600874
,2676,2,2,1.0
,2676,3,0,0.62505734
,2677,0,3,1.0
,2677,1,0,0.63115853
,2677,2,0,0.96048534
,2677,3,0,0.62278235
,2678,0,0,0.9398797
,2678,1,0,0.8266131
,2678,2,2,1.0
,2678,3,0,0.62462103
,2679,0,0,0.6377477
,2679,1,2,1.0
,2679,2,0,0.9593259
,2679,3,0,0.62502515
,2680,0,0,0.6312261
,2680,1,0,0.9604852
,2680,2,3,1.0
,2680,3,0,0.6227764
,2681,0,0,0.8266569
,2681,1,2,1.0
,2681,2,0,0.93986785
,2681,3,0,0.6245727
,2682,0,2,1.0
,2682,1,0,0.9607326
,2682,2,0,0.6370556
,2682,3,0,0.6243316
,2683,0,0,0.9607912
,2683,1,2,1.0
,2683,2,0,0.63298726
,2683,3,0,0.62456626
,2684,0,2,1.0
,2684,1,0,0.89825505
,2684,2,0,0.82688755
,2684,3,0,0.62476724
,2685,0,0,0.8951437
,2685,1,0,0.8331005
,2685,2,2,1.0
,2685,3,0,0.62454444
,2686,0,0,0.6428245
,2686,1,2,1.0
,2686,2,0,0.9607535
,2686,3,0,0.62433535
,2687,0,0,0.8270489
,2687,1,0,0.8951077
,2687,2,2,1.0
,2687,3,0,0.62477565
,2688,0,2,1.0
,2688,1,0,0.63502187
,2688,2,0,0.9607347
,2688,3,0,0.62436616
,2689,0,0,0.96077335
,2689,1,0,0.6253198
,2689,2,2,1.0
,2689,3,0,0.62458986
,2690,0,2,1.0
,2690,1,0,0.6325395
,2690,2,0,0.96079266
,2690,3,0,0.62458605
,2691,0,0,0.89825517
,2691,1,0,0.8268767
,2691,2,2,1.0
,2691,3,0,0.62476856
,2692,0,0,0.83309364
,2692,1,2,1.0
,2692,2,0,0.8950211
,2692,3,0,0.62455046
,2693,0,2,1.0
,2693,1,0,0.9607251
,2693,2,0,0.63506305
,2693,3,0,0.6244019
,2694,0,0,0.95936775
,2694,1,2,1.0
,2694,2,0,0.62602025
,2694,3,0,0.62528574
,2695,0,3,1.0
,2695,1,0,0.9604883
,2695,2,0,0.6307822
,2695,3,0,0.6228102
,2696,0,0,0.9398806
,2696,1,2,1.0
,2696,2,0,0.8266486
,2696,3,0,0.62466466
,2697,0,0,0.63841367
,2697,1,0,0.9607281
,2697,2,2,1.0
,2697,3,0,0.6266457
,2698,0,0,0.66769916
,2698,1,2,1.0
,2698,2,0,0.95533
,2698,3,0,0.683125
,2699,0,0,0.50437427
,2699,1,1,0.7748386
,2699,2,3,1.0
,2699,3,0,0.7390971
,2700,0,0,0.66125375
,2700,1,0,0.79275674
,2700,2,0,0.9533769
,2700,3,2,1.0
,2701,0,1,0.5028971
,2701,1,3,1.0
,2701,2,0,0.75133765
,2701,3,1,0.96441746
,2702,0,0,0.6422242
,2702,1,0,0.9456753
,2702,2,2,1.0
,2702,3,0,0.7489871
,2703,0,0,0.6043426
,2703,1,0,0.60802454
,2703,2,0,0.735731
,2703,3,2,1.0
,2704,0,0,0.77192897
,2704,1,0,0.5458045
,2704,2,2,1.0
,2704,3,0,0.62059444
,2705,0,2,1.0
,2705,1,0,0.6195587
,2705,2,0,0.89752054
,2705,3,0,0.8252245
,2706,0,0,0.8955101
,2706,1,0,0.62555367
,2706,2,0,0.8330926
,2706,3,2,1.0
,2707,0,0,0.6676194
,2707,1,0,0.6572416
,2707,2,2,1.0
,2707,3,0,0.9359942
,2708,0,0,0.5396523
,2708,1,0,0.5363202
,2708,2,0,0.6976862
,2708,3,2,1.0
,2709,0,0,0.72952086
,2709,1,0,0.66707957
,2709,2,2,1.0
,2709,3,0,0.90733486
,2710,0,2,1.0
,2710,1,0,0.7594061
,2710,2,1,0.5536887
,2710,3,0,0.5459487
,2711,0,0,0.96039695
,2711,1,2,1.0
,2711,2,0,0.62280387
,2711,3,0,0.6187946
,2712,0,2,1.0
,2712,1,0,0.89521474
,2712,2,0,0.8265406
,2712,3,0,0.6245086
,2713,0,0,0.9607541
,2713,1,0,0.6428271
,2713,2,2,1.0
,2713,3,0,0.62433267
,2714,0,2,1.0
,2714,1,0,0.82712305
,2714,2,0,0.89825225
,2714,3,0,0.6248162
,2715,0,0,0.89596593
,2715,1,2,1.0
,2715,2,0,0.83313847
,2715,3,0,0.6262717
,2716,0,0,0.6947828
,2716,1,0,0.9551017
,2716,2,2,1.0
,2716,3,0,0.66866976
,2717,0,0,0.734716
,2717,1,3,1.0
,2717,2,1,0.96515787
,2717,3,1,0.50316983
,2718,0,2,1.0
,2718,1,0,0.97821254
,2718,2,0,0.6052551
,2718,3,0,0.61578196
,2719,0,0,0.8950994
,2719,1,2,1.0
,2719,2,0,0.82611585
,2719,3,0,0.62440336
,2720,0,0,0.6353126
,2720,1,0,0.96073586
,2720,2,2,1.0
,2720,3,0,0.62434626
,2721,0,0,0.6329205
,2721,1,2,1.0
,2721,2,0,0.9607915
,2721,3,0,0.6245678
,2722,0,0,0.8268893
,2722,1,0,0.89825535
,2722,2,2,1.0
,2722,3,0,0.62476486
,2723,0,2,1.0
,2723,1,0,0.83316416
,2723,2,0,0.89816725
,2723,3,0,0.6245253
,2724,0,0,0.89513034
,2724,1,2,1.0
,2724,2,0,0.8330993
,2724,3,0,0.6246021
,2725,0,0,0.64201194
,2725,1,0,0.9607573
,2725,2,2,1.0
,2725,3,0,0.626068
,2726,0,0,0.8063024
,2726,1,2,1.0
,2726,2,0,0.9176682
,2726,3,0,0.66904444
,2727,0,3,1.0
,2727,1,1,0.9638144
,2727,2,0,0.7448208
,2727,3,1,0.50180596
,2728,0,0,0.9399531
,2728,1,0,0.8066421
,2728,2,3,1.0
,2728,3,0,0.61272067
,2729,0,0,0.63635993
,2729,1,2,1.0
,2729,2,0,0.9782012
,2729,3,0,0.6234163
,2730,0,0,0.62538636
,2730,1,0,0.9607755
,2730,2,2,1.0
,2730,3,0,0.6245667
,2731,0,0,0.6325413
,2731,1,2,1.0
,2731,2,0,0.9607925
,2731,3,0,0.62458783
,2732,0,0,0.8268374
,2732,1,0,0.89818424
,2732,2,2,1.0
,2732,3,0,0.62481767
,2733,0,2,1.0
,2733,1,0,0.8281033
,2733,2,0,0.89545095
,2733,3,0,0.62529826
,2734,0,0,0.9590419
,2734,1,3,1.0
,2734,2,0,0.642026
,2734,3,0,0.6232524
,2735,0,3,1.0
,2735,1,0,0.94178796
,2735,2,0,0.82562125
,2735,3,0,0.62266535
,2736,0,0,0.93987906
,2736,1,0,0.83397365
,2736,2,2,1.0
,2736,3,0,0.6243067
,2737,0,0,0.637443
,2737,1,2,1.0
,2737,2,0,0.95932525
,2737,3,0,0.6250202
,2738,0,0,0.6233081
,2738,1,0,0.96045095
,2738,2,3,1.0
,2738,3,0,0.6228126
,2739,0,0,0.624331
,2739,1,2,1.0
,2739,2,0,0.9782019
,2739,3,0,0.6243115
,2740,0,0,0.6246867
,2740,1,0,0.96077675
,2740,2,2,1.0
,2740,3,0,0.6246859
,2741,0,0,0.6263167
,2741,1,2,1.0
,2741,2,0,0.9607741
,2741,3,0,0.6263158
,2742,0,0,0.6679347
,2742,1,0,0.9236984
,2742,2,2,1.0
,2742,3,0,0.66791123
,2743,0,0,0.50165784
,2743,1,2,1.0
,2743,2,1,0.77683747
,2743,3,0,0.50131214
,2744,0,0,0.6215417
,2744,1,0,0.95988727
,2744,2,2,1.0
,2744,3,0,0.6135747
,2745,0,0,0.8264549
,2745,1,2,1.0
,2745,2,0,0.89574647
,2745,3,0,0.62593544
,2746,0,2,1.0
,2746,1,0,0.9236241
,2746,2,0,0.6777443
,2746,3,0,0.66765213
,2747,0,1,0.776872
,2747,1,2,1.0
,2747,2,0,0.5024016
,2747,3,0,0.5012826
,2748,0,2,1.0
,2748,1,0,0.95988715
,2748,2,0,0.6215709
,2748,3,0,0.61357677
,2749,0,0,0.89579386
,2749,1,2,1.0
,2749,2,0,0.8264616
,2749,3,0,0.6260552
,2750,0,0,0.6807881
,2750,1,0,0.92364883
,2750,2,2,1.0
,2750,3,0,0.67076874
,2751,0,0,0.5479822
,2751,1,2,1.0
,2751,2,1,0.79449666
,2751,3,0,0.547216
,2752,0,1,0.51107687
,2752,1,1,0.7885046
,2752,2,3,1.0
,2752,3,1,0.5111363
,2753,0,0,0.61206007
,2753,1,2,1.0
,2753,2,0,0.9782005
,2753,3,0,0.6120581
,2754,0,0,0.62398773
,2754,1,0,0.96075386
,2754,2,2,1.0
,2754,3,0,0.62399983
,2755,0,0,0.624581
,2755,1,2,1.0
,2755,2,0,0.96077436
,2755,3,0,0.62489283
,2756,0,0,0.6245858
,2756,1,0,0.9607928
,2756,2,2,1.0
,2756,3,0,0.6325232
,2757,0,0,0.6247658
,2757,1,2,1.0
,2757,2,0,0.89825547
,2757,3,0,0.8268799
,2758,0,0,0.62452304
,2758,1,0,0.89816713
,2758,2,0,0.83316386
,2758,3,2,1.0
,2759,0,0,0.6245404
,2759,1,0,0.83309126
,2759,2,2,1.0
,2759,3,0,0.8950207
,2760,0,0,0.6244021
,2760,1,2,1.0
,2760,2,0,0.9607249
,2760,3,0,0.63505125
,2761,0,0,0.62529385
,2761,1,0,0.9593671
,2761,2,2,1.0
,2761,3,0,0.6257121
,2762,0,0,0.6228435
,2762,1,3,1.0
,2762,2,0,0.9604539
,2762,3,0,0.62286025
,2763,0,0,0.62431085
,2763,1,0,0.9782018
,2763,2,2,1.0
,2763,3,0,0.62431145
,2764,0,0,0.62462044
,2764,1,2,1.0
,2764,2,0,0.9607762
,2764,3,0,0.62462
,2765,0,0,0.6246246
,2765,1,0,0.96077335
,2765,2,2,1.0
,2765,3,0,0.6246124
,2766,0,0,0.6249201
,2766,1,2,1.0
,2766,2,0,0.9607746
,2766,3,0,0.6246084
,2767,0,0,0.6325232
,2767,1,0,0.9607919
,2767,2,2,1.0
,2767,3,0,0.6245897
,2768,0,0,0.8268051
,2768,1,2,1.0
,2768,2,0,0.89511067
,2768,3,0,0.6247945
,2769,0,2,1.0
,2769,1,0,0.9607346
,2769,2,0,0.63501066
,2769,3,0,0.6243672
,2770,0,0,0.960772
,2770,1,2,1.0
,2770,2,0,0.6250237
,2770,3,0,0.6245932
,2771,0,2,1.0
,2771,1,0,0.9607747
,2771,2,0,0.6249356
,2771,3,0,0.6246072
,2772,0,0,0.96079266
,2772,1,2,1.0
,2772,2,0,0.6325247
,2772,3,0,0.624587
,2773,0,2,1.0
,2773,1,0,0.89825517
,2773,2,0,0.8268763
,2773,3,0,0.62476856
,2774,0,0,0.8950202
,2774,1,0,0.83309454
,2774,2,2,1.0
,2774,3,0,0.6245482
,2775,0,0,0.63501817
,2775,1,2,1.0
,2775,2,0,0.9607347
,2775,3,0,0.62435675
,2776,0,0,0.62531966
,2776,1,0,0.96077335
,2776,2,2,1.0
,2776,3,0,0.6245895
,2777,0,0,0.6325395
,2777,1,2,1.0
,2777,2,0,0.96079266
,2777,3,0,0.6245859
,2778,0,0,0.8268802
,2778,1,0,0.89825547
,2778,2,2,1.0
,2778,3,0,0.6247658
,2779,0,2,1.0
,2779,1,0,0.83316386
,2779,2,0,0.89816725
,2779,3,0,0.6245229
,2780,0,0,0.8950199
,2780,1,2,1.0
,2780,2,0,0.83309215
,2780,3,0,0.6245381
,2781,0,0,0.63500625
,2781,1,0,0.9607346
,2781,2,2,1.0
,2781,3,0,0.6243566
,2782,0,0,0.6250115
,2782,1,2,1.0
,2782,2,0,0.96077186
,2782,3,0,0.62459296
,2783,0,0,0.6246273
,2783,1,0,0.9607732
,2783,2,2,1.0
,2783,3,0,0.6246108
,2784,0,0,0.6246124
,2784,1,2,1.0
,2784,2,0,0.9607732
,2784,3,0,0.62461174
,2785,0,0,0.6246119
,2785,1,0,0.9607732
,2785,2,2,1.0
,2785,3,0,0.6246118
,2786,0,0,0.6246118
,2786,1,2,1.0
,2786,2,0,0.9607732
,2786,3,0,0.6246118
,2787,0,0,0.6246118
,2787,1,0,0.9607732
,2787,2,2,1.0
,2787,3,0,0.6246118
,2788,0,0,0.6246119
,2788,1,2,1.0
,2788,2,0,0.9607732
,2788,3,0,0.6246119
,2789,0,0,0.6246139
,2789,1,0,0.9607732
,2789,2,2,1.0
,2789,3,0,0.6246139
,2790,0,0,0.6246639
,2790,1,2,1.0
,2790,2,0,0.9607725
,2790,3,0,0.62466395
,2791,0,0,0.6259013
,2791,1,0,0.9607275
,2791,2,2,1.0
,2791,3,0,0.6259013
,2792,0,0,0.6551404
,2792,1,2,1.0
,2792,2,0,0.95659155
,2792,3,0,0.6551404
,2793,0,0,0.54034734
,2793,1,0,0.82135195
,2793,2,3,1.0
,2793,3,0,0.54034734
,2794,0,0,0.61837906
,2794,1,2,1.0
,2794,2,0,0.97820145
,2794,3,0,0.61837906
,2795,0,0,0.6243291
,2795,1,0,0.9607676
,2795,2,2,1.0
,2795,3,0,0.6243291
,2796,0,0,0.62460214
,2796,1,2,1.0
,2796,2,0,0.960773
,2796,3,0,0.62460214
,2797,0,0,0.62465686
,2797,1,0,0.9607637
,2797,2,2,1.0
,2797,3,0,0.62465686
,2798,0,0,0.62531275
,2798,1,2,1.0
,2798,2,0,0.95936847
,2798,3,0,0.62531316
,2799,0,0,0.6228447
,2799,1,0,0.96045417
,2799,2,3,1.0
,2799,3,0,0.6228567
,2800,0,0,0.6243097
,2800,1,2,1.0
,2800,2,0,0.9782024
,2800,3,0,0.6246125
,2801,0,0,0.62464494
,2801,1,0,0.9607859
,2801,2,2,1.0
,2801,3,0,0.6323485
,2802,0,0,0.62556094
,2802,1,2,1.0
,2802,2,0,0.8954238
,2802,3,0,0.8216664
,2803,0,0,0.62336093
,2803,1,0,0.95903033
,2803,2,0,0.6344541
,2803,3,3,1.0
,2804,0,0,0.62223953
,2804,1,3,1.0
,2804,2,0,0.6306335
,2804,3,0,0.9781977
,2805,0,0,0.624541
,2805,1,0,0.9417546
,2805,2,0,0.82672215
,2805,3,2,1.0
,2806,0,0,0.6245148
,2806,1,0,0.834137
,2806,2,2,1.0
,2806,3,0,0.89501125
,2807,0,0,0.6243563
,2807,1,2,1.0
,2807,2,0,0.9607347
,2807,3,0,0.6350064
,2808,0,0,0.624593
,2808,1,0,0.96077186
,2808,2,2,1.0
,2808,3,0,0.62501156
,2809,0,0,0.6246127
,2809,1,2,1.0
,2809,2,0,0.9607732
,2809,3,0,0.6246291
,2810,0,0,0.6246603
,2810,1,0,0.9607739
,2810,2,2,1.0
,2810,3,0,0.62466097
,2811,0,0,0.62587845
,2811,1,2,1.0
,2811,2,0,0.9607853
,2811,3,0,0.62587845
,2812,0,0,0.657373
,2812,1,0,0.93604964
,2812,2,2,1.0
,2812,3,0,0.657373
,2813,0,0,0.534303
,2813,1,2,1.0
,2813,2,0,0.69754666
,2813,3,0,0.534303
,2814,0,0,0.6179837
,2814,1,0,0.9603135
,2814,2,2,1.0
,2814,3,0,0.6179837
,2815,0,0,0.6260229
,2815,1,2,1.0
,2815,2,0,0.9607663
,2815,3,0,0.6260229
,2816,0,0,0.669062
,2816,1,0,0.9222563
,2816,2,2,1.0
,2816,3,0,0.669062
,2817,0,1,0.5013091
,2817,1,2,1.0
,2817,2,1,0.9650447
,2817,3,1,0.5013091
,2818,0,0,0.61098415
,2818,1,0,0.95944566
,2818,2,3,1.0
,2818,3,0,0.61098415
,2819,0,0,0.62506986
,2819,1,2,1.0
,2819,2,0,0.9782066
,2819,3,0,0.62506986
,2820,0,0,0.66045374
,2820,1,0,0.9354409
,2820,2,2,1.0
,2820,3,0,0.6604537
,2821,0,0,0.57378876
,2821,1,2,1.0
,2821,2,0,0.5525394
,2821,3,0,0.5737878
,2822,0,0,0.5062222
,2822,1,0,0.6794429
,2822,2,2,1.0
,2822,3,0,0.50620896
,2823,0,0,0.61646533
,2823,1,2,1.0
,2823,2,0,0.9602062
,2823,3,0,0.61615515
,2824,0,0,0.63271743
,2824,1,0,0.9593599
,2824,2,2,1.0
,2824,3,0,0.6248934
,2825,0,0,0.82052034
,2825,1,3,1.0
,2825,2,0,0.8979844
,2825,3,0,0.6237439
,2826,0,3,1.0
,2826,1,0,0.94178975
,2826,2,0,0.8318178
,2826,3,0,0.6224598
,2827,0,0,0.93986595
,2827,1,0,0.8340214
,2827,2,2,1.0
,2827,3,0,0.6245591
,2828,0,0,0.63672656
,2828,1,2,1.0
,2828,2,0,0.96075076
,2828,3,0,0.63223827
,2829,0,0,0.6252332
,2829,1,0,0.89825225
,2829,2,2,1.0
,2829,3,0,0.8268669
,2830,0,0,0.6245411
,2830,1,0,0.8331637
,2830,2,0,0.898167
,2830,3,2,1.0
,2831,0,0,0.62454116
,2831,1,2,1.0
,2831,2,0,0.8330912
,2831,3,0,0.8950207
,2832,0,0,0.62440234
,2832,1,0,0.960725
,2832,2,2,1.0
,2832,3,0,0.6350515
,2833,0,0,0.62529683
,2833,1,2,1.0
,2833,2,0,0.9593671
,2833,3,0,0.62571526
,2834,0,0,0.6228949
,2834,1,0,0.96044207
,2834,2,3,1.0
,2834,3,0,0.62291205
,2835,0,0,0.62508357
,2835,1,2,1.0
,2835,2,0,0.977406
,2835,3,0,0.6250965
,2836,0,0,0.62356484
,2836,1,0,0.95906496
,2836,2,3,1.0
,2836,3,0,0.62387407
,2837,0,0,0.6223081
,2837,1,3,1.0
,2837,2,0,0.9781928
,2837,3,0,0.6300465
,2838,0,0,0.62520576
,2838,1,0,0.94194716
,2838,2,2,1.0
,2838,3,0,0.8215496
,2839,0,0,0.62280273
,2839,1,0,0.83309764
,2839,2,0,0.897567
,2839,3,3,1.0
,2840,0,0,0.6243458
,2840,1,2,1.0
,2840,2,0,0.8329166
,2840,3,0,0.9398788
,2841,0,0,0.62502134
,2841,1,0,0.95932513
,2841,2,2,1.0
,2841,3,0,0.6374427
,2842,0,0,0.6228126
,2842,1,3,1.0
,2842,2,0,0.96045095
,2842,3,0,0.623308
,2843,0,0,0.624309
,2843,1,0,0.9782018
,2843,2,2,1.0
,2843,3,0,0.6243285
,2844,0,0,0.62462
,2844,1,2,1.0
,2844,2,0,0.9607762
,2844,3,0,0.62462074
,2845,0,0,0.62461317
,2845,1,0,0.96077335
,2845,2,2,1.0
,2845,3,0,0.6246127
,2846,0,0,0.6246261
,2846,1,2,1.0
,2846,2,0,0.960773
,2846,3,0,0.6246137
,2847,0,0,0.62496763
,2847,1,0,0.9607658
,2847,2,2,1.0
,2847,3,0,0.6246514
,2848,0,0,0.6332982
,2848,1,2,1.0
,2848,2,0,0.9593758
,2848,3,0,0.6252518
,2849,0,0,0.82565105
,2849,1,0,0.8976657
,2849,2,3,1.0
,2849,3,0,0.6230824
,2850,0,2,1.0
,2850,1,0,0.832966
,2850,2,0,0.9399411
,2850,3,0,0.62430423
,2851,0,0,0.9607505
,2851,1,2,1.0
,2851,2,0,0.6445533
,2851,3,0,0.6242996
,2852,0,2,1.0
,2852,1,0,0.8982513
,2852,2,0,0.82716024
,2852,3,0,0.6247499
,2853,0,0,0.8950393
,2853,1,0,0.8330538
,2853,2,2,1.0
,2853,3,0,0.6245955
,2854,0,0,0.63569945
,2854,1,2,1.0
,2854,2,0,0.9593289
,2854,3,0,0.6250553
,2855,0,0,0.6232408
,2855,1,0,0.9604513
,2855,2,3,1.0
,2855,3,0,0.62281626
,2856,0,0,0.6243259
,2856,1,2,1.0
,2856,2,0,0.9782017
,2856,3,0,0.6243092
,2857,0,0,0.6246206
,2857,1,0,0.9607762
,2857,2,2,1.0
,2857,3,0,0.6246199
,2858,0,0,0.6246127
,2858,1,2,1.0
,2858,2,0,0.9607732
,2858,3,0,0.6246126
,2859,0,0,0.6246119
,2859,1,0,0.9607732
,2859,2,2,1.0
,2859,3,0,0.6246119
,2860,0,0,0.62461233
,2860,1,2,1.0
,2860,2,0,0.9607732
,2860,3,0,0.6246118
,2861,0,0,0.6246238
,2861,1,0,0.96077335
,2861,2,2,1.0
,2861,3,0,0.6246116
,2862,0,0,0.6249201
,2862,1,2,1.0
,2862,2,0,0.96077484
,2862,3,0,0.62460834
,2863,0,0,0.6325243
,2863,1,0,0.9607928
,2863,2,2,1.0
,2863,3,0,0.6245874
,2864,0,0,0.8268802
,2864,1,2,1.0
,2864,2,0,0.89825547
,2864,3,0,0.6247778
,2865,0,2,1.0
,2865,1,0,0.89816713
,2865,2,0,0.83317024
,2865,3,0,0.62483174
,2866,0,0,0.895009
,2866,1,0,0.833172
,2866,2,2,1.0
,2866,3,0,0.63246274
,2867,0,0,0.6351896
,2867,1,2,1.0
,2867,2,0,0.8951489
,2867,3,0,0.82665247
,2868,0,0,0.62474495
,2868,1,0,0.9607519
,2868,2,0,0.64281607
,2868,3,2,1.0
,2869,0,0,0.6247912
,2869,1,2,1.0
,2869,2,0,0.8270488
,2869,3,0,0.89511216
,2870,0,0,0.6243635
,2870,1,0,0.9607361
,2870,2,2,1.0
,2870,3,0,0.6353148
,2871,0,0,0.62456864
,2871,1,2,1.0
,2871,2,0,0.9607913
,2871,3,0,0.63292056
,2872,0,0,0.62476736
,2872,1,0,0.89825517
,2872,2,2,1.0
,2872,3,0,0.82688594
,2873,0,0,0.6245444
,2873,1,0,0.8331005
,2873,2,0,0.89514357
,2873,3,2,1.0
,2874,0,0,0.62433285
,2874,1,2,1.0
,2874,2,0,0.6428254
,2874,3,0,0.9607542
,2875,0,0,0.6247499
,2875,1,0,0.8982521
,2875,2,0,0.8271202
,2875,3,2,1.0
,2876,0,0,0.6245475
,2876,1,0,0.8330945
,2876,2,2,1.0
,2876,3,0,0.89502
,2877,0,0,0.624357
,2877,1,2,1.0
,2877,2,0,0.9607345
,2877,3,0,0.63500625
,2878,0,0,0.62459296
,2878,1,0,0.96077186
,2878,2,2,1.0
,2878,3,0,0.6250115
,2879,0,0,0.6246108
,2879,1,2,1.0
,2879,2,0,0.9607732
,2879,3,0,0.6246273
,2880,0,0,0.62461174
,2880,1,0,0.9607732
,2880,2,2,1.0
,2880,3,0,0.6246124
,2881,0,0,0.624612
,2881,1,2,1.0
,2881,2,0,0.9607732
,2881,3,0,0.624612
,2882,0,0,0.62461406
,2882,1,0,0.960773
,2882,2,2,1.0
,2882,3,0,0.62461406
,2883,0,0,0.6246574
,2883,1,2,1.0
,2883,2,0,0.9607636
,2883,3,0,0.62465733
,2884,0,0,0.6253128
,2884,1,0,0.95936847
,2884,2,2,1.0
,2884,3,0,0.6253128
,2885,0,0,0.62284493
,2885,1,3,1.0
,2885,2,0,0.96045417
,2885,3,0,0.62284493
,2886,0,0,0.6243109
,2886,1,0,0.9782018
,2886,2,2,1.0
,2886,3,0,0.62431085
,2887,0,0,0.6246201
,2887,1,2,1.0
,2887,2,0,0.9607762
,2887,3,0,0.62462
,2888,0,0,0.6246126
,2888,1,0,0.96077335
,2888,2,2,1.0
,2888,3,0,0.6246126
,2889,0,0,0.6246119
,2889,1,2,1.0
,2889,2,0,0.9607732
,2889,3,0,0.6246119
,2890,0,0,0.6246118
,2890,1,0,0.9607732
,2890,2,2,1.0
,2890,3,0,0.6246118
,2891,0,0,0.6246118
,2891,1,2,1.0
,2891,2,0,0.9607732
,2891,3,0,0.6246118
,2892,0,0,0.6246118
,2892,1,0,0.9607732
,2892,2,2,1.0
,2892,3,0,0.6246118
,2893,0,0,0.6246118
,2893,1,2,1.0
,2893,2,0,0.9607732
,2893,3,0,0.6246118
,2894,0,0,0.6246118
,2894,1,0,0.9607732
,2894,2,2,1.0
,2894,3,0,0.6246118
,2895,0,0,0.6246118
,2895,1,2,1.0
,2895,2,0,0.9607732
,2895,3,0,0.6246118
,2896,0,0,0.6246118
,2896,1,0,0.9607732
,2896,2,2,1.0
,2896,3,0,0.6246123
,2897,0,0,0.6246116
,2897,1,2,1.0
,2897,2,0,0.9607732
,2897,3,0,0.6246238
,2898,0,0,0.6246082
,2898,1,0,0.9607747
,2898,2,2,1.0
,2898,3,0,0.6249201
,2899,0,0,0.62458694
,2899,1,2,1.0
,2899,2,0,0.96079266
,2899,3,0,0.6325243
,2900,0,0,0.6247658
,2900,1,0,0.89825547
,2900,2,2,1.0
,2900,3,0,0.8268799
,2901,0,0,0.62452286
,2901,1,0,0.83316416
,2901,2,0,0.89816725
,2901,3,2,1.0
,2902,0,0,0.6245364
,2902,1,2,1.0
,2902,2,0,0.8330981
,2902,3,0,0.89514345
,2903,0,0,0.62438637
,2903,1,0,0.960754
,2903,2,2,1.0
,2903,3,0,0.6428244
,2904,0,0,0.6261096
,2904,1,2,1.0
,2904,2,0,0.89684504
,2904,3,0,0.82707727
,2905,0,0,0.6585654
,2905,1,0,0.9133597
,2905,2,0,0.74427646
,2905,3,2,1.0
,2906,0,0,0.5294248
,2906,1,0,0.77270997
,2906,2,2,1.0
,2906,3,1,0.54515773
,2907,0,0,0.6192476
,2907,1,2,1.0
,2907,2,0,0.89771295
,2907,3,0,0.8156239
,2908,0,0,0.624243
,2908,1,0,0.8955993
,2908,2,0,0.83186203
,2908,3,3,1.0
,2909,0,0,0.6676431
,2909,1,0,0.7108293
,2909,2,2,1.0
,2909,3,0,0.9497641
,2910,0,0,0.501544
,2910,1,2,1.0
,2910,2,1,0.78030455
,2910,3,0,0.5232681
,2911,0,0,0.61128175
,2911,1,0,0.95947915
,2911,2,3,1.0
,2911,3,0,0.61219114
,2912,0,0,0.6236928
,2912,1,2,1.0
,2912,2,0,0.9782017
,2912,3,0,0.6237287
,2913,0,0,0.6245923
,2913,1,0,0.96077573
,2913,2,2,1.0
,2913,3,0,0.6245936
,2914,0,0,0.6246115
,2914,1,2,1.0
,2914,2,0,0.9607732
,2914,3,0,0.6246115
,2915,0,0,0.6246119
,2915,1,0,0.9607732
,2915,2,2,1.0
,2915,3,0,0.6246118
,2916,0,0,0.6246118
,2916,1,2,1.0
,2916,2,0,0.9607732
,2916,3,0,0.6246118
,2917,0,0,0.6246118
,2917,1,0,0.9607732
,2917,2,2,1.0
,2917,3,0,0.6246118
,2918,0,0,0.6246118
,2918,1,2,1.0
,2918,2,0,0.9607732
,2918,3,0,0.6246118
,2919,0,0,0.6246118
,2919,1,0,0.9607732
,2919,2,2,1.0
,2919,3,0,0.6246118
,2920,0,0,0.6246118
,2920,1,2,1.0
,2920,2,0,0.9607732
,2920,3,0,0.6246123
,2921,0,0,0.6246116
,2921,1,0,0.96077335
,2921,2,2,1.0
,2921,3,0,0.6246238
,2922,0,0,0.6246084
,2922,1,2,1.0
,2922,2,0,0.9607746
,2922,3,0,0.6249201
,2923,0,0,0.6245896
,2923,1,0,0.9607919
,2923,2,2,1.0
,2923,3,0,0.6325232
,2924,0,0,0.6247942
,2924,1,2,1.0
,2924,2,0,0.8951154
,2924,3,0,0.8268053
,2925,0,0,0.6243638
,2925,1,0,0.9607361
,2925,2,0,0.63531506
,2925,3,2,1.0
,2926,0,0,0.624571
,2926,1,2,1.0
,2926,2,0,0.63291967
,2926,3,0,0.96079063
,2927,0,0,0.6247895
,2927,1,0,0.89523405
,2927,2,0,0.8268207
,2927,3,2,1.0
,2928,0,0,0.6243428
,2928,1,0,0.64282954
,2928,2,2,1.0
,2928,3,0,0.96075433
,2929,0,0,0.62474734
,2929,1,0,0.82712394
,2929,2,0,0.8982525
,2929,3,2,1.0
,2930,0,0,0.6245193
,2930,1,2,1.0
,2930,2,0,0.83316743
,2930,3,0,0.89816743
,2931,0,0,0.6245101
,2931,1,0,0.8981674
,2931,2,2,1.0
,2931,3,0,0.83316505
,2932,0,0,0.6245129
,2932,1,0,0.8331616
,2932,2,0,0.898167
,2932,3,2,1.0
,2933,0,0,0.6245498
,2933,1,2,1.0
,2933,2,0,0.8330924
,2933,3,0,0.89501977
,2934,0,0,0.62466496
,2934,1,0,0.9607361
,2934,2,2,1.0
,2934,3,0,0.63500285
,2935,0,0,0.6325047
,2935,1,2,1.0
,2935,2,0,0.96079063
,2935,3,0,0.62498957
,2936,0,0,0.82681084
,2936,1,0,0.8952339
,2936,2,2,1.0
,2936,3,0,0.62481785
,2937,0,2,1.0
,2937,1,0,0.64282787
,2937,2,0,0.9607549
,2937,3,0,0.6246479
,2938,0,0,0.89511263
,2938,1,0,0.8270991
,2938,2,2,1.0
,2938,3,0,0.63251466
,2939,0,0,0.6358229
,2939,1,2,1.0
,2939,2,0,0.8984763
,2939,3,0,0.82155174
,2940,0,0,0.62325203
,2940,1,0,0.8975774
,2940,2,0,0.83204055
,2940,3,3,1.0
,2941,0,0,0.62431455
,2941,1,0,0.8329578
,2941,2,2,1.0
,2941,3,0,0.93986696
,2942,0,0,0.62432367
,2942,1,2,1.0
,2942,2,0,0.96073085
,2942,3,0,0.6367623
,2943,0,0,0.624587
,2943,1,0,0.9607732
,2943,2,2,1.0
,2943,3,0,0.6253871
,2944,0,0,0.6245858
,2944,1,2,1.0
,2944,2,0,0.96079266
,2944,3,0,0.63254213
,2945,0,0,0.6247683
,2945,1,0,0.89825547
,2945,2,2,1.0
,2945,3,0,0.8268804
,2946,0,0,0.6245904
,2946,1,0,0.83316565
,2946,2,0,0.89816684
,2946,3,2,1.0
,2947,0,0,0.6262731
,2947,1,2,1.0
,2947,2,0,0.8331005
,2947,3,0,0.8961893
,2948,0,0,0.6684792
,2948,1,0,0.9176308
,2948,2,2,1.0
,2948,3,0,0.7083262
,2949,0,1,0.5031052
,2949,1,0,0.7498282
,2949,2,1,0.96367574
,2949,3,2,1.0
,2950,0,0,0.61680347
,2950,1,2,1.0
,2950,2,0,0.8102038
,2950,3,0,0.89726853
,2951,0,0,0.6241359
,2951,1,0,0.8951096
,2951,2,2,1.0
,2951,3,0,0.83302146
,2952,0,0,0.6243187
,2952,1,0,0.6428199
,2952,2,0,0.96075284
,2952,3,2,1.0
,2953,0,0,0.62481695
,2953,1,0,0.8270153
,2953,2,2,1.0
,2953,3,0,0.8952511
,2954,0,0,0.6250107
,2954,1,2,1.0
,2954,2,0,0.959336
,2954,3,0,0.64359486
,2955,0,0,0.62309945
,2955,1,0,0.89462394
,2955,2,3,1.0
,2955,3,0,0.8257633
,2956,0,0,0.62405807
,2956,1,0,0.64238244
,2956,2,0,0.9782066
,2956,3,2,1.0
,2957,0,0,0.6254665
,2957,1,0,0.82193756
,2957,2,2,1.0
,2957,3,0,0.8955163
,2958,0,0,0.62259364
,2958,1,3,1.0
,2958,2,0,0.96045417
,2958,3,0,0.6412393
,2959,0,0,0.624554
,2959,1,0,0.9399392
,2959,2,2,1.0
,2959,3,0,0.82690036
,2960,0,0,0.6243153
,2960,1,0,0.64455205
,2960,2,0,0.9607496
,2960,3,2,1.0
,2961,0,0,0.6248219
,2961,1,0,0.8270484
,2961,2,2,1.0
,2961,3,0,0.8951266
,2962,0,0,0.6250642
,2962,1,2,1.0
,2962,2,0,0.9593289
,2962,3,0,0.6357152
,2963,0,0,0.6228133
,2963,1,0,0.96045303
,2963,2,3,1.0
,2963,3,0,0.62355024
,2964,0,0,0.62428844
,2964,1,2,1.0
,2964,2,0,0.9782117
,2964,3,0,0.6322397
,2965,0,0,0.6248097
,2965,1,0,0.8952409
,2965,2,2,1.0
,2965,3,0,0.82681674
,2966,0,0,0.6246482
,2966,1,0,0.64282846
,2966,2,0,0.9607549
,2966,3,2,1.0
,2967,0,0,0.6325166
,2967,1,0,0.82709396
,2967,2,2,1.0
,2967,3,0,0.89511454
,2968,0,0,0.82152873
,2968,1,2,1.0
,2968,2,0,0.895427
,2968,3,0,0.6358743
,2969,0,3,1.0
,2969,1,0,0.96045166
,2969,2,0,0.64122
,2969,3,0,0.6229882
,2970,0,0,0.94175494
,2970,1,2,1.0
,2970,2,0,0.8269666
,2970,3,0,0.6245431
,2971,0,0,0.8342096
,2971,1,0,0.8981588
,2971,2,2,1.0
,2971,3,0,0.62449825
,2972,0,2,1.0
,2972,1,0,0.83316725
,2972,2,0,0.89816684
,2972,3,0,0.62481415
,2973,0,0,0.89502543
,2973,1,2,1.0
,2973,2,0,0.833141
,2973,3,0,0.6322792
,2974,0,0,0.63582194
,2974,1,0,0.89847577
,2974,2,2,1.0
,2974,3,0,0.82154536
,2975,0,0,0.6232988
,2975,1,0,0.8319989
,2975,2,0,0.89750624
,2975,3,3,1.0
,2976,0,0,0.6250097
,2976,1,2,1.0
,2976,2,0,0.82798517
,2976,3,0,0.94004655
,2977,0,0,0.6225539
,2977,1,0,0.9604108
,2977,2,3,1.0
,2977,3,0,0.6351427
,2978,0,0,0.6242883
,2978,1,2,1.0
,2978,2,0,0.9782017
,2978,3,0,0.6247838
,2979,0,0,0.6246188
,2979,1,0,0.9607762
,2979,2,2,1.0
,2979,3,0,0.62463826
,2980,0,0,0.6246126
,2980,1,2,1.0
,2980,2,0,0.9607732
,2980,3,0,0.6246134
,2981,0,0,0.6246119
,2981,1,0,0.9607732
,2981,2,2,1.0
,2981,3,0,0.624612
,2982,0,0,0.62461233
,2982,1,2,1.0
,2982,2,0,0.9607732
,2982,3,0,0.6246118
,2983,0,0,0.6246238
,2983,1,0,0.96077335
,2983,2,2,1.0
,2983,3,0,0.6246116
,2984,0,0,0.6249201
,2984,1,2,1.0
,2984,2,0,0.9607746
,2984,3,0,0.6246084
,2985,0,0,0.63252324
,2985,1,0,0.960792
,2985,2,2,1.0
,2985,3,0,0.6245894
,2986,0,0,0.82681113
,2986,1,2,1.0
,2986,2,0,0.89523405
,2986,3,0,0.62479067
,2987,0,2,1.0
,2987,1,0,0.9607535
,2987,2,0,0.6428283
,2987,3,0,0.62434554
,2988,0,0,0.8951075
,2988,1,2,1.0
,2988,2,0,0.827049
,2988,3,0,0.62477607
,2989,0,0,0.63501006
,2989,1,0,0.9607346
,2989,2,2,1.0
,2989,3,0,0.62436646
,2990,0,0,0.62501174
,2990,1,2,1.0
,2990,2,0,0.96077186
,2990,3,0,0.6245935
,2991,0,0,0.62462944
,2991,1,0,0.960773
,2991,2,2,1.0
,2991,3,0,0.624613
,2992,0,0,0.6246584
,2992,1,2,1.0
,2992,2,0,0.9607636
,2992,3,0,0.62465733
,2993,0,0,0.6253248
,2993,1,0,0.95936847
,2993,2,2,1.0
,2993,3,0,0.6253123
,2994,0,0,0.62315434
,2994,1,3,1.0
,2994,2,0,0.9604558
,2994,3,0,0.62284136
,2995,0,0,0.63222575
,2995,1,0,0.9782122
,2995,2,2,1.0
,2995,3,0,0.6242874
,2996,0,0,0.8268815
,2996,1,2,1.0
,2996,2,0,0.8982619
,2996,3,0,0.6247756
,2997,0,2,1.0
,2997,1,0,0.89514375
,2997,2,0,0.8331011
,2997,3,0,0.6245451
,2998,0,0,0.9607542
,2998,1,0,0.64282554
,2998,2,2,1.0
,2998,3,0,0.62433285
,2999,0,2,1.0
,2999,1,0,0.8271203
,2999,2,0,0.89825225
,2999,3,0,0.6247497
,3000,0,0,0.89514077
,3000,1,2,1.0
,3000,2,0,0.8330997
,3000,3,0,0.6245457
,3001,0,0,0.6426422
,3001,1,0,0.96074575
,3001,2,2,1.0
,3001,3,0,0.62437713
,3002,0,0,0.82194227
,3002,1,2,1.0
,3002,2,0,0.89849216
,3002,3,0,0.62547183
,3003,0,3,1.0
,3003,1,0,0.89790326
,3003,2,0,0.8270813
,3003,3,0,0.6235361
,3004,0,0,0.9417477
,3004,1,0,0.83177096
,3004,2,3,1.0
,3004,3,0,0.62247175
,3005,0,0,0.8290896
,3005,1,2,1.0
,3005,2,0,0.941951
,3005,3,0,0.6248831
,3006,0,3,1.0
,3006,1,0,0.8975624
,3006,2,0,0.8330906
,3006,3,0,0.6227728
,3007,0,0,0.93986684
,3007,1,0,0.8329576
,3007,2,2,1.0
,3007,3,0,0.6242965
,3008,0,0,0.63675016
,3008,1,2,1.0
,3008,2,0,0.96073085
,3008,3,0,0.62433517
,3009,0,0,0.6250755
,3009,1,0,0.9607732
,3009,2,2,1.0
,3009,3,0,0.6248989
,3010,0,0,0.62460744
,3010,1,2,1.0
,3010,2,0,0.960792
,3010,3,0,0.6325221
,3011,0,0,0.6247914
,3011,1,0,0.89523417
,3011,2,2,1.0
,3011,3,0,0.82681113
,3012,0,0,0.6243456
,3012,1,0,0.64282846
,3012,2,0,0.9607535
,3012,3,2,1.0
,3013,0,0,0.62477607
,3013,1,0,0.827049
,3013,2,2,1.0
,3013,3,0,0.8951077
,3014,0,0,0.62436616
,3014,1,2,1.0
,3014,2,0,0.9607347
,3014,3,0,0.63502187
,3015,0,0,0.62458986
,3015,1,0,0.96077335
,3015,2,2,1.0
,3015,3,0,0.6253198
,3016,0,0,0.62458605
,3016,1,2,1.0
,3016,2,0,0.96079266
,3016,3,0,0.6325395
,3017,0,0,0.6247683
,3017,1,0,0.89825517
,3017,2,2,1.0
,3017,3,0,0.8268769
,3018,0,0,0.6245444
,3018,1,0,0.8331005
,3018,2,0,0.89514357
,3018,3,2,1.0
,3019,0,0,0.6243333
,3019,1,2,1.0
,3019,2,0,0.64282554
,3019,3,0,0.9607542
,3020,0,0,0.6247619
,3020,1,0,0.8982521
,3020,2,0,0.82712036
,3020,3,2,1.0
,3021,0,0,0.6248562
,3021,1,0,0.83310074
,3021,2,2,1.0
,3021,3,0,0.8950184
,3022,0,0,0.63227195
,3022,1,2,1.0
,3022,2,0,0.9607535
,3022,3,0,0.6349843
,3023,0,0,0.8267996
,3023,1,0,0.8952312
,3023,2,2,1.0
,3023,3,0,0.62519056
,3024,0,2,1.0
,3024,1,0,0.6428281
,3024,2,0,0.9607535
,3024,3,0,0.6243608
,3025,0,0,0.8952282
,3025,1,0,0.8270543
,3025,2,2,1.0
,3025,3,0,0.6247749
,3026,0,0,0.64264613
,3026,1,2,1.0
,3026,2,0,0.96074575
,3026,3,0,0.62438726
,3027,0,0,0.82193995
,3027,1,0,0.8984947
,3027,2,2,1.0
,3027,3,0,0.6254838
,3028,0,3,1.0
,3028,1,0,0.8270367
,3028,2,0,0.894847
,3028,3,0,0.62363714
,3029,0,0,0.9781977
,3029,1,3,1.0
,3029,2,0,0.6407507
,3029,3,0,0.6223169
,3030,0,2,1.0
,3030,1,0,0.93986785
,3030,2,0,0.8269376
,3030,3,0,0.6322946
,3031,0,0,0.8953006
,3031,1,0,0.63762325
,3031,2,2,1.0
,3031,3,0,0.8215064
,3032,0,0,0.6336865
,3032,1,0,0.6231046
,3032,2,0,0.960418
,3032,3,3,1.0
,3033,0,0,0.63244057
,3033,1,0,0.6246378
,3033,2,2,1.0
,3033,3,0,0.9782079
,3034,0,0,0.8217132
,3034,1,0,0.6333228
,3034,2,0,0.89552265
,3034,3,2,1.0
,3035,0,3,1.0
,3035,1,0,0.82040536
,3035,2,0,0.6423212
,3035,3,0,0.89468986
,3036,0,0,0.9417912
,3036,1,3,1.0
,3036,2,0,0.8254825
,3036,3,0,0.63329
,3037,0,0,0.83407974
,3037,1,0,0.9417571
,3037,2,2,1.0
,3037,3,0,0.6246382
,3038,0,2,1.0
,3038,1,0,0.8342055
,3038,2,0,0.89815825
,3038,3,0,0.624504
,3039,0,0,0.8950185
,3039,1,2,1.0
,3039,2,0,0.83309853
,3039,3,0,0.62484616
,3040,0,0,0.6349824
,3040,1,0,0.96075445
,3040,2,2,1.0
,3040,3,0,0.63227266
,3041,0,0,0.62517774
,3041,1,2,1.0
,3041,2,0,0.89825267
,3041,3,0,0.8268687
,3042,0,0,0.62484723
,3042,1,0,0.898167
,3042,2,0,0.83317006
,3042,3,2,1.0
,3043,0,0,0.6324642
,3043,1,0,0.8331754
,3043,2,2,1.0
,3043,3,0,0.8950079
,3044,0,0,0.82672215
,3044,1,2,1.0
,3044,2,0,0.8981728
,3044,3,0,0.635165
,3045,0,2,1.0
,3045,1,0,0.89816415
,3045,2,0,0.8331599
,3045,3,0,0.62491983
,3046,0,0,0.8981669
,3046,1,0,0.8331615
,3046,2,2,1.0
,3046,3,0,0.62452805
,3047,0,0,0.83309805
,3047,1,2,1.0
,3047,2,0,0.89514357
,3047,3,0,0.6245346
,3048,0,2,1.0
,3048,1,0,0.9607534
,3048,2,0,0.6428245
,3048,3,0,0.62433505
,3049,0,0,0.8951075
,3049,1,2,1.0
,3049,2,0,0.827049
,3049,3,0,0.62477565
,3050,0,0,0.63501054
,3050,1,0,0.9607346
,3050,2,2,1.0
,3050,3,0,0.62436634
,3051,0,0,0.62502366
,3051,1,2,1.0
,3051,2,0,0.96077204
,3051,3,0,0.62459314
,3052,0,0,0.62493557
,3052,1,0,0.9607747
,3052,2,2,1.0
,3052,3,0,0.62460726
,3053,0,0,0.6325249
,3053,1,2,1.0
,3053,2,0,0.96079266
,3053,3,0,0.6245868
,3054,0,0,0.8268799
,3054,1,0,0.89825547
,3054,2,2,1.0
,3054,3,0,0.6247658
,3055,0,2,1.0
,3055,1,0,0.83316386
,3055,2,0,0.89816725
,3055,3,0,0.624523
,3056,0,0,0.89501977
,3056,1,2,1.0
,3056,2,0,0.83309215
,3056,3,0,0.6245382
,3057,0,0,0.63500625
,3057,1,0,0.9607346
,3057,2,2,1.0
,3057,3,0,0.6243566
,3058,0,0,0.6250115
,3058,1,2,1.0
,3058,2,0,0.96077186
,3058,3,0,0.624593
,3059,0,0,0.6246273
,3059,1,0,0.9607732
,3059,2,2,1.0
,3059,3,0,0.62461084
,3060,0,0,0.6246124
,3060,1,2,1.0
,3060,2,0,0.9607732
,3060,3,0,0.62461174
,3061,0,0,0.6246119
,3061,1,0,0.9607732
,3061,2,2,1.0
,3061,3,0,0.6246118
,3062,0,0,0.6246123
,3062,1,2,1.0
,3062,2,0,0.9607732
,3062,3,0,0.6246118
,3063,0,0,0.6246238
,3063,1,0,0.96077335
,3063,2,2,1.0
,3063,3,0,0.6246116
,3064,0,0,0.6249201
,3064,1,2,1.0
,3064,2,0,0.9607746
,3064,3,0,0.6246084
,3065,0,0,0.6325233
,3065,1,0,0.96079254
,3065,2,2,1.0
,3065,3,0,0.624589
,3066,0,0,0.82684433
,3066,1,2,1.0
,3066,2,0,0.8981831
,3066,3,0,0.6248094
,3067,0,2,1.0
,3067,1,0,0.89847106
,3067,2,0,0.82813835
,3067,3,0,0.6251796
,3068,0,0,0.8975797
,3068,1,0,0.8320446
,3068,2,3,1.0
,3068,3,0,0.6228344
,3069,0,0,0.83295804
,3069,1,2,1.0
,3069,2,0,0.93986696
,3069,3,0,0.6242985
,3070,0,2,1.0
,3070,1,0,0.96073097
,3070,2,0,0.6367622
,3070,3,0,0.62432295
,3071,0,0,0.9607732
,3071,1,2,1.0
,3071,2,0,0.62538695
,3071,3,0,0.6245871
,3072,0,2,1.0
,3072,1,0,0.9607919
,3072,2,0,0.6325412
,3072,3,0,0.6245882
,3073,0,0,0.89523417
,3073,1,2,1.0
,3073,2,0,0.8268116
,3073,3,0,0.62479055
,3074,0,0,0.64282954
,3074,1,0,0.96075433
,3074,2,2,1.0
,3074,3,0,0.6243433
,3075,0,0,0.8271241
,3075,1,2,1.0
,3075,2,0,0.8982525
,3075,3,0,0.62475955
,3076,0,2,1.0
,3076,1,0,0.89816713
,3076,2,0,0.83317024
,3076,3,0,0.62483096
,3077,0,0,0.895008
,3077,1,0,0.8331752
,3077,2,2,1.0
,3077,3,0,0.63246346
,3078,0,0,0.6351703
,3078,1,2,1.0
,3078,2,0,0.89817196
,3078,3,0,0.8267173
,3079,0,0,0.6249954
,3079,1,0,0.8950407
,3079,2,0,0.8330467
,3079,3,2,1.0
,3080,0,0,0.62506247
,3080,1,0,0.63600373
,3080,2,2,1.0
,3080,3,0,0.9593295
,3081,0,0,0.62278014
,3081,1,0,0.63115937
,3081,2,0,0.9604856
,3081,3,3,1.0
,3082,0,0,0.6245737
,3082,1,0,0.8266551
,3082,2,2,1.0
,3082,3,0,0.9398648
,3083,0,0,0.6243472
,3083,1,2,1.0
,3083,2,0,0.9607311
,3083,3,0,0.6367512
,3084,0,0,0.6248994
,3084,1,0,0.9607732
,3084,2,2,1.0
,3084,3,0,0.6250756
,3085,0,0,0.6325221
,3085,1,2,1.0
,3085,2,0,0.960792
,3085,3,0,0.62460744
,3086,0,0,0.82681125
,3086,1,0,0.89523417
,3086,2,2,1.0
,3086,3,0,0.6247912
,3087,0,2,1.0
,3087,1,0,0.64282954
,3087,2,0,0.96075445
,3087,3,0,0.62434286
,3088,0,0,0.8982525
,3088,1,0,0.82712394
,3088,2,2,1.0
,3088,3,0,0.62474734
,3089,0,0,0.83316743
,3089,1,2,1.0
,3089,2,0,0.89816743
,3089,3,0,0.6245197
,3090,0,2,1.0
,3090,1,0,0.8981674
,3090,2,0,0.83316547
,3090,3,0,0.6245221
,3091,0,0,0.898167
,3091,1,0,0.833168
,3091,2,2,1.0
,3091,3,0,0.62482125
,3092,0,0,0.833178
,3092,1,2,1.0
,3092,2,0,0.8951329
,3092,3,0,0.6324624
,3093,0,2,1.0
,3093,1,0,0.895138
,3093,2,0,0.64302117
,3093,3,0,0.82673466
,3094,0,0,0.89501095
,3094,1,0,0.6430129
,3094,2,0,0.8269786
,3094,3,2,1.0
,3095,0,0,0.63518465
,3095,1,0,0.8268963
,3095,2,2,1.0
,3095,3,0,0.8950218
,3096,0,0,0.6247667
,3096,1,2,1.0
,3096,2,0,0.9607331
,3096,3,0,0.6349975
,3097,0,0,0.62462074
,3097,1,0,0.960772
,3097,2,2,1.0
,3097,3,0,0.62501055
,3098,0,0,0.6249197
,3098,1,2,1.0
,3098,2,0,0.9607746
,3098,3,0,0.6246237
,3099,0,0,0.63252324
,3099,1,0,0.960792
,3099,2,2,1.0
,3099,3,0,0.62459
,3100,0,0,0.82681113
,3100,1,2,1.0
,3100,2,0,0.89523405
,3100,3,0,0.62479067
,3101,0,2,1.0
,3101,1,0,0.9607535
,3101,2,0,0.6428283
,3101,3,0,0.6243456
,3102,0,0,0.8951086
,3102,1,2,1.0
,3102,2,0,0.827048
,3102,3,0,0.62477833
,3103,0,0,0.63506687
,3103,1,0,0.9607251
,3103,2,2,1.0
,3103,3,0,0.62441134
,3104,0,0,0.6260204
,3104,1,2,1.0
,3104,2,0,0.95936775
,3104,3,0,0.62528586
,3105,0,0,0.630784
,3105,1,0,0.96048874
,3105,2,3,1.0
,3105,3,0,0.6228047
,3106,0,0,0.82671934
,3106,1,2,1.0
,3106,2,0,0.94175494
,3106,3,0,0.62454486
,3107,0,2,1.0
,3107,1,0,0.8981585
,3107,2,0,0.8342058
,3107,3,0,0.6244894
,3108,0,0,0.8950201
,3108,1,0,0.8330924
,3108,2,2,1.0
,3108,3,0,0.6245374
,3109,0,0,0.63500625
,3109,1,2,1.0
,3109,2,0,0.9607345
,3109,3,0,0.62435657
,3110,0,0,0.6250115
,3110,1,0,0.96077186
,3110,2,2,1.0
,3110,3,0,0.624593
,3111,0,0,0.62462735
,3111,1,2,1.0
,3111,2,0,0.9607732
,3111,3,0,0.6246109
,3112,0,0,0.6246148
,3112,1,0,0.960773
,3112,2,2,1.0
,3112,3,0,0.6246141
,3113,0,0,0.62466156
,3113,1,2,1.0
,3113,2,0,0.96076316
,3113,3,0,0.624661
,3114,0,0,0.62539524
,3114,1,0,0.9593649
,3114,2,2,1.0
,3114,3,0,0.62538254
,3115,0,0,0.6238958
,3115,1,3,1.0
,3115,2,0,0.95906544
,3115,3,0,0.62357765
,3116,0,0,0.63023114
,3116,1,0,0.97819746
,3116,2,3,1.0
,3116,3,0,0.62226844
,3117,0,0,0.8266494
,3117,1,2,1.0
,3117,2,0,0.9399391
,3117,3,0,0.6245658
,3118,0,2,1.0
,3118,1,0,0.96075076
,3118,2,0,0.6445547
,3118,3,0,0.6243114
,3119,0,0,0.89825183
,3119,1,2,1.0
,3119,2,0,0.8271614
,3119,3,0,0.6247477
,3120,0,0,0.8331005
,3120,1,0,0.8951437
,3120,2,2,1.0
,3120,3,0,0.62454355
,3121,0,2,1.0
,3121,1,0,0.6428255
,3121,2,0,0.9607542
,3121,3,0,0.6243328
,3122,0,0,0.8982521
,3122,1,0,0.82712007
,3122,2,2,1.0
,3122,3,0,0.6247505
,3123,0,0,0.8330939
,3123,1,2,1.0
,3123,2,0,0.89502084
,3123,3,0,0.6245616
,3124,0,2,1.0
,3124,1,0,0.9607266
,3124,2,0,0.635049
,3124,3,0,0.6247071
,3125,0,0,0.95937157
,3125,1,2,1.0
,3125,2,0,0.6257243
,3125,3,0,0.6331139
,3126,0,3,1.0
,3126,1,0,0.8979836
,3126,2,0,0.6240938
,3126,3,0,0.8205342
,3127,0,0,0.93988955
,3127,1,0,0.8318355
,3127,2,0,0.63043725
,3127,3,3,1.0
,3128,0,0,0.63677764
,3128,1,2,1.0
,3128,2,0,0.8264464
,3128,3,0,0.93987095
,3129,0,0,0.6248001
,3129,1,0,0.9607306
,3129,2,2,1.0
,3129,3,0,0.63704455
,3130,0,0,0.6245867
,3130,1,2,1.0
,3130,2,0,0.9607904
,3130,3,0,0.6329856
,3131,0,0,0.62479025
,3131,1,0,0.89523405
,3131,2,2,1.0
,3131,3,0,0.82682204
,3132,0,0,0.62434554
,3132,1,0,0.6428284
,3132,2,0,0.9607535
,3132,3,2,1.0
,3133,0,0,0.62477607
,3133,1,0,0.827049
,3133,2,2,1.0
,3133,3,0,0.8951075
,3134,0,0,0.62436634
,3134,1,2,1.0
,3134,2,0,0.9607347
,3134,3,0,0.63501006
,3135,0,0,0.62459344
,3135,1,0,0.96077186
,3135,2,2,1.0
,3135,3,0,0.6250116
,3136,0,0,0.62461084
,3136,1,2,1.0
,3136,2,0,0.9607732
,3136,3,0,0.6246273
,3137,0,0,0.6246123
,3137,1,0,0.9607732
,3137,2,2,1.0
,3137,3,0,0.6246124
,3138,0,0,0.6246238
,3138,1,2,1.0
,3138,2,0,0.9607732
,3138,3,0,0.6246116
,3139,0,0,0.6249201
,3139,1,0,0.9607747
,3139,2,2,1.0
,3139,3,0,0.6246084
,3140,0,0,0.6325233
,3140,1,2,1.0
,3140,2,0,0.960792
,3140,3,0,0.6245894
,3141,0,0,0.82681113
,3141,1,0,0.89523417
,3141,2,2,1.0
,3141,3,0,0.62479067
,3142,0,2,1.0
,3142,1,0,0.6428284
,3142,2,0,0.9607535
,3142,3,0,0.6243456
,3143,0,0,0.8951075
,3143,1,0,0.827049
,3143,2,2,1.0
,3143,3,0,0.62477607
,3144,0,0,0.6350101
,3144,1,2,1.0
,3144,2,0,0.9607347
,3144,3,0,0.6243665
,3145,0,0,0.6250138
,3145,1,0,0.9607716
,3145,2,2,1.0
,3145,3,0,0.6245956
,3146,0,0,0.6246728
,3146,1,2,1.0
,3146,2,0,0.9607636
,3146,3,0,0.6246563
,3147,0,0,0.62531334
,3147,1,0,0.95936847
,3147,2,2,1.0
,3147,3,0,0.62531316
,3148,0,0,0.6228447
,3148,1,3,1.0
,3148,2,0,0.96045417
,3148,3,0,0.622857
,3149,0,0,0.624308
,3149,1,0,0.97820264
,3149,2,2,1.0
,3149,3,0,0.6246193
,3150,0,0,0.6246097
,3150,1,2,1.0
,3150,2,0,0.960795
,3150,3,0,0.6325313
,3151,0,0,0.62510365
,3151,1,0,0.895114
,3151,2,2,1.0
,3151,3,0,0.8268123
,3152,0,0,0.6322824
,3152,1,0,0.63529354
,3152,2,0,0.9607551
,3152,3,2,1.0
,3153,0,0,0.82687896
,3153,1,0,0.6331131
,3153,2,2,1.0
,3153,3,0,0.8950954
,3154,0,2,1.0
,3154,1,0,0.8267341
,3154,2,0,0.8981724
,3154,3,0,0.6351713
,3155,0,0,0.89501655
,3155,1,2,1.0
,3155,2,0,0.833087
,3155,3,0,0.624948
,3156,0,0,0.6350058
,3156,1,0,0.9607345
,3156,2,2,1.0
,3156,3,0,0.6243724
,3157,0,0,0.6250115
,3157,1,2,1.0
,3157,2,0,0.96077186
,3157,3,0,0.6245936
,3158,0,0,0.62462735
,3158,1,0,0.9607732
,3158,2,2,1.0
,3158,3,0,0.6246109
,3159,0,0,0.62461466
,3159,1,2,1.0
,3159,2,0,0.960773
,3159,3,0,0.624614
,3160,0,0,0.6246574
,3160,1,0,0.9607637
,3160,2,2,1.0
,3160,3,0,0.6246574
,3161,0,0,0.62531286
,3161,1,2,1.0
,3161,2,0,0.95936847
,3161,3,0,0.62531286
,3162,0,0,0.6228471
,3162,1,0,0.9604538
,3162,2,3,1.0
,3162,3,0,0.6228471
,3163,0,0,0.6243561
,3163,1,2,1.0
,3163,2,0,0.97819656
,3163,3,0,0.6243561
,3164,0,0,0.6253212
,3164,1,0,0.9593717
,3164,2,2,1.0
,3164,3,0,0.6253212
,3165,0,0,0.62284625
,3165,1,3,1.0
,3165,2,0,0.96045417
,3165,3,0,0.6228467
,3166,0,0,0.6243107
,3166,1,0,0.9782018
,3166,2,2,1.0
,3166,3,0,0.62432295
,3167,0,0,0.62461644
,3167,1,2,1.0
,3167,2,0,0.9607778
,3167,3,0,0.6249283
,3168,0,0,0.6245877
,3168,1,0,0.9607928
,3168,2,2,1.0
,3168,3,0,0.6325251
,3169,0,0,0.6247659
,3169,1,2,1.0
,3169,2,0,0.89825547
,3169,3,0,0.8268799
,3170,0,0,0.624523
,3170,1,0,0.89816713
,3170,2,0,0.83316386
,3170,3,2,1.0
,3171,0,0,0.62453824
,3171,1,0,0.83309215
,3171,2,2,1.0
,3171,3,0,0.8950199
,3172,0,0,0.62435716
,3172,1,2,1.0
,3172,2,0,0.9607345
,3172,3,0,0.63500637
,3173,0,0,0.6246072
,3173,1,0,0.96077174
,3173,2,2,1.0
,3173,3,0,0.6250133
,3174,0,0,0.6249666
,3174,1,2,1.0
,3174,2,0,0.96076566
,3174,3,0,0.62466705
,3175,0,0,0.6332981
,3175,1,0,0.95937544
,3175,2,2,1.0
,3175,3,0,0.6252585
,3176,0,0,0.8255218
,3176,1,3,1.0
,3176,2,0,0.8946332
,3176,3,0,0.6231254
,3177,0,2,1.0
,3177,1,0,0.9782112
,3177,2,0,0.6425645
,3177,3,0,0.624017
,3178,0,0,0.8951189
,3178,1,2,1.0
,3178,2,0,0.82705474
,3178,3,0,0.62478137
,3179,0,0,0.63531566
,3179,1,0,0.9607362
,3179,2,2,1.0
,3179,3,0,0.6243638
,3180,0,0,0.63291967
,3180,1,2,1.0
,3180,2,0,0.96079063
,3180,3,0,0.624571
,3181,0,0,0.8268206
,3181,1,0,0.89523405
,3181,2,2,1.0
,3181,3,0,0.6247896
,3182,0,2,1.0
,3182,1,0,0.6428295
,3182,2,0,0.9607542
,3182,3,0,0.62434286
,3183,0,0,0.8982521
,3183,1,0,0.82712036
,3183,2,2,1.0
,3183,3,0,0.62475
,3184,0,0,0.83310044
,3184,1,2,1.0
,3184,2,0,0.89514357
,3184,3,0,0.6245438
,3185,0,2,1.0
,3185,1,0,0.9607534
,3185,2,0,0.6428245
,3185,3,0,0.62433577
,3186,0,0,0.89510757
,3186,1,2,1.0
,3186,2,0,0.8270492
,3186,3,0,0.6247877
,3187,0,0,0.6350185
,3187,1,0,0.9607362
,3187,2,2,1.0
,3187,3,0,0.62467474
,3188,0,0,0.6252978
,3188,1,2,1.0
,3188,2,0,0.960792
,3188,3,0,0.6325053
,3189,0,0,0.63273185
,3189,1,0,0.8950983
,3189,2,2,1.0
,3189,3,0,0.8268896
,3190,0,0,0.8267252
,3190,1,0,0.63517225
,3190,2,0,0.8981726
,3190,3,2,1.0
,3191,0,2,1.0
,3191,1,0,0.62496006
,3191,2,0,0.8330872
,3191,3,0,0.8950165
,3192,0,0,0.960736
,3192,1,0,0.62468076
,3192,2,2,1.0
,3192,3,0,0.6350025
,3193,0,2,1.0
,3193,1,0,0.6325042
,3193,2,0,0.9607904
,3193,3,0,0.6249913
,3194,0,0,0.89525414
,3194,1,0,0.82677114
,3194,2,2,1.0
,3194,3,0,0.62485164
,3195,0,0,0.64359516
,3195,1,2,1.0
,3195,2,0,0.95933646
,3195,3,0,0.62500584
,3196,0,0,0.8258951
,3196,1,0,0.8976599
,3196,2,3,1.0
,3196,3,0,0.6230528
,3197,0,2,1.0
,3197,1,0,0.8330273
,3197,2,0,0.9417567
,3197,3,0,0.62428
,3198,0,0,0.8950107
,3198,1,2,1.0
,3198,2,0,0.8341362
,3198,3,0,0.624503
,3199,0,0,0.6350064
,3199,1,0,0.9607346
,3199,2,2,1.0
,3199,3,0,0.62435585
,3200,0,0,0.62501156
,3200,1,2,1.0
,3200,2,0,0.96077186
,3200,3,0,0.6245935
,3201,0,0,0.62462705
,3201,1,0,0.9607732
,3201,2,2,1.0
,3201,3,0,0.62462246
,3202,0,0,0.624611
,3202,1,2,1.0
,3202,2,0,0.9607746
,3202,3,0,0.6249132
,3203,0,0,0.62463295
,3203,1,0,0.9607834
,3203,2,2,1.0
,3203,3,0,0.6323399
,3204,0,0,0.6254877
,3204,1,2,1.0
,3204,2,0,0.8953897
,3204,3,0,0.8216801
,3205,0,0,0.6226303
,3205,1,0,0.9604197
,3205,2,0,0.6334225
,3205,3,3,1.0
,3206,0,0,0.62429184
,3206,1,2,1.0
,3206,2,0,0.6250191
,3206,3,0,0.9782025
,3207,0,0,0.62463564
,3207,1,0,0.96078765
,3207,2,0,0.6323617
,3207,3,2,1.0
,3208,0,0,0.6254345
,3208,1,2,1.0
,3208,2,0,0.82170415
,3208,3,0,0.89855933
,3209,0,0,0.6229011
,3209,1,0,0.8944245
,3209,2,3,1.0
,3209,3,0,0.83192134
,3210,0,0,0.6240286
,3210,1,0,0.63475287
,3210,2,0,0.97820145
,3210,3,2,1.0
,3211,0,0,0.6245961
,3211,1,0,0.6253286
,3211,2,2,1.0
,3211,3,0,0.9607763
,3212,0,0,0.6245894
,3212,1,0,0.6325393
,3212,2,0,0.960792
,3212,3,2,1.0
,3213,0,0,0.6247945
,3213,1,0,0.8268054
,3213,2,2,1.0
,3213,3,0,0.8951106
,3214,0,0,0.6243672
,3214,1,2,1.0
,3214,2,0,0.9607347
,3214,3,0,0.6350102
,3215,0,0,0.62459344
,3215,1,0,0.96077186
,3215,2,2,1.0
,3215,3,0,0.62501174
,3216,0,0,0.6246108
,3216,1,2,1.0
,3216,2,0,0.9607732
,3216,3,0,0.6246273
,3217,0,0,0.62461174
,3217,1,0,0.9607732
,3217,2,2,1.0
,3217,3,0,0.62461287
,3218,0,0,0.6246115
,3218,1,2,1.0
,3218,2,0,0.9607732
,3218,3,0,0.6246238
,3219,0,0,0.6246082
,3219,1,0,0.9607747
,3219,2,2,1.0
,3219,3,0,0.6249201
,3220,0,0,0.6245871
,3220,1,2,1.0
,3220,2,0,0.96079266
,3220,3,0,0.6325242
,3221,0,0,0.62476844
,3221,1,0,0.8982553
,3221,2,2,1.0
,3221,3,0,0.8268766
,3222,0,0,0.62454486
,3222,1,0,0.8331003
,3222,2,0,0.89514357
,3222,3,2,1.0
,3223,0,0,0.6243452
,3223,1,2,1.0
,3223,2,0,0.6428194
,3223,3,0,0.96075225
,3224,0,0,0.6249671
,3224,1,0,0.89518964
,3224,2,0,0.82685244
,3224,3,2,1.0
,3225,0,0,0.6267492
,3225,1,0,0.6377177
,3225,2,2,1.0
,3225,3,0,0.8959119
,3226,0,0,0.62041485
,3226,1,0,0.62920964
,3226,2,2,1.0
,3226,3,0,0.63150626
,3227,0,0,0.6190101
,3227,1,0,0.823204
,3227,2,2,1.0
,3227,3,0,0.6194649
,3228,0,0,0.6240817
,3228,1,2,1.0
,3228,2,0,0.96072674
,3228,3,0,0.6240995
,3229,0,0,0.6245837
,3229,1,0,0.96077216
,3229,2,2,1.0
,3229,3,0,0.62458444
,3230,0,0,0.62461054
,3230,1,2,1.0
,3230,2,0,0.9607732
,3230,3,0,0.62461054
,3231,0,0,0.6246119
,3231,1,0,0.9607732
,3231,2,2,1.0
,3231,3,0,0.6246119
,3232,0,0,0.62461406
,3232,1,2,1.0
,3232,2,0,0.960773
,3232,3,0,0.62461406
,3233,0,0,0.6246574
,3233,1,0,0.9607637
,3233,2,2,1.0
,3233,3,0,0.62465733
,3234,0,0,0.6253128
,3234,1,2,1.0
,3234,2,0,0.95936847
,3234,3,0,0.6253128
,3235,0,0,0.62284493
,3235,1,0,0.96045405
,3235,2,3,1.0
,3235,3,0,0.62284493
,3236,0,0,0.62431085
,3236,1,2,1.0
,3236,2,0,0.9782017
,3236,3,0,0.6243114
,3237,0,0,0.6246198
,3237,1,0,0.9607763
,3237,2,2,1.0
,3237,3,0,0.624632
,3238,0,0,0.62460905
,3238,1,2,1.0
,3238,2,0,0.96077484
,3238,3,0,0.6249209
,3239,0,0,0.62458694
,3239,1,0,0.9607928
,3239,2,2,1.0
,3239,3,0,0.6325243
,3240,0,0,0.6247658
,3240,1,2,1.0
,3240,2,0,0.89825547
,3240,3,0,0.8268799
,3241,0,0,0.624523
,3241,1,0,0.89816713
,3241,2,0,0.83316386
,3241,3,2,1.0
,3242,0,0,0.6245382
,3242,1,0,0.83309215
,3242,2,2,1.0
,3242,3,0,0.8950199
,3243,0,0,0.6243566
,3243,1,2,1.0
,3243,2,0,0.9607345
,3243,3,0,0.63500625
,3244,0,0,0.62459296
,3244,1,0,0.96077186
,3244,2,2,1.0
,3244,3,0,0.6250119
,3245,0,0,0.6246105
,3245,1,2,1.0
,3245,2,0,0.9607732
,3245,3,0,0.6246392
,3246,0,0,0.6246084
,3246,1,0,0.9607747
,3246,2,2,1.0
,3246,3,0,0.6249207
,3247,0,0,0.6245894
,3247,1,2,1.0
,3247,2,0,0.960792
,3247,3,0,0.63252324
,3248,0,0,0.62479067
,3248,1,0,0.89523417
,3248,2,2,1.0
,3248,3,0,0.82681113
,3249,0,0,0.6243456
,3249,1,0,0.6428284
,3249,2,0,0.9607535
,3249,3,2,1.0
,3250,0,0,0.62477607
,3250,1,0,0.827049
,3250,2,2,1.0
,3250,3,0,0.8951075
,3251,0,0,0.62436634
,3251,1,2,1.0
,3251,2,0,0.9607347
,3251,3,0,0.63501054
,3252,0,0,0.62459314
,3252,1,0,0.960772
,3252,2,2,1.0
,3252,3,0,0.62502366
,3253,0,0,0.62460744
,3253,1,2,1.0
,3253,2,0,0.9607746
,3253,3,0,0.62493557
,3254,0,0,0.6245894
,3254,1,0,0.960792
,3254,2,2,1.0
,3254,3,0,0.63252383
,3255,0,0,0.62479275
,3255,1,2,1.0
,3255,2,0,0.8952315
,3255,3,0,0.82681036
,3256,0,0,0.62438875
,3256,1,0,0.9607449
,3256,2,0,0.6426475
,3256,3,2,1.0
,3257,0,0,0.6254689
,3257,1,2,1.0
,3257,2,0,0.8219299
,3257,3,0,0.89539117
,3258,0,0,0.6226265
,3258,1,0,0.9604213
,3258,2,3,1.0
,3258,3,0,0.6337162
,3259,0,0,0.62428445
,3259,1,2,1.0
,3259,2,0,0.9782117
,3259,3,0,0.6326282
,3260,0,0,0.62510926
,3260,1,0,0.8951159
,3260,2,2,1.0
,3260,3,0,0.82682604
,3261,0,0,0.6322829
,3261,1,0,0.6350012
,3261,2,0,0.96075374
,3261,3,2,1.0
,3262,0,0,0.82680017
,3262,1,0,0.6255028
,3262,2,2,1.0
,3262,3,0,0.8951061
,3263,0,2,1.0
,3263,1,0,0.6322972
,3263,2,0,0.9607535
,3263,3,0,0.6349882
,3264,0,0,0.89510757
,3264,1,0,0.82679415
,3264,2,2,1.0
,3264,3,0,0.62519497
,3265,0,0,0.6350095
,3265,1,2,1.0
,3265,2,0,0.9607347
,3265,3,0,0.6243946
,3266,0,0,0.6250082
,3266,1,0,0.96077335
,3266,2,2,1.0
,3266,3,0,0.62490237
,3267,0,0,0.6246048
,3267,1,2,1.0
,3267,2,0,0.960792
,3267,3,0,0.63252234
,3268,0,0,0.6247914
,3268,1,0,0.89523417
,3268,2,2,1.0
,3268,3,0,0.82681113
,3269,0,0,0.6243456
,3269,1,0,0.64282846
,3269,2,0,0.9607535
,3269,3,2,1.0
,3270,0,0,0.6247762
,3270,1,0,0.827049
,3270,2,2,1.0
,3270,3,0,0.8951075
,3271,0,0,0.6243669
,3271,1,2,1.0
,3271,2,0,0.9607347
,3271,3,0,0.63501006
,3272,0,0,0.6246054
,3272,1,0,0.960772
,3272,2,2,1.0
,3272,3,0,0.6250113
,3273,0,0,0.6249191
,3273,1,2,1.0
,3273,2,0,0.9607746
,3273,3,0,0.6246238
,3274,0,0,0.63252306
,3274,1,0,0.9607919
,3274,2,2,1.0
,3274,3,0,0.6245908
,3275,0,0,0.8268045
,3275,1,2,1.0
,3275,2,0,0.89511156
,3275,3,0,0.6248088
,3276,0,2,1.0
,3276,1,0,0.96072716
,3276,2,0,0.6350614
,3276,3,0,0.6247228
,3277,0,0,0.95937467
,3277,1,2,1.0
,3277,2,0,0.6259658
,3277,3,0,0.63327783
,3278,0,3,1.0
,3278,1,0,0.89448905
,3278,2,0,0.6310753
,3278,3,0,0.82566535
,3279,0,0,0.9417576
,3279,1,0,0.6349895
,3279,2,0,0.82655126
,3279,3,2,1.0
,3280,0,0,0.8341311
,3280,1,0,0.6249272
,3280,2,2,1.0
,3280,3,0,0.8950073
,3281,0,2,1.0
,3281,1,0,0.6246801
,3281,2,0,0.9607361
,3281,3,0,0.6350025
,3282,0,0,0.9607914
,3282,1,0,0.6325062
,3282,2,2,1.0
,3282,3,0,0.6249872
,3283,0,2,1.0
,3283,1,0,0.826876
,3283,2,0,0.89825505
,3283,3,0,0.62479603
,3284,0,0,0.8950185
,3284,1,2,1.0
,3284,2,0,0.83310074
,3284,3,0,0.6248574
,3285,0,0,0.6349846
,3285,1,0,0.9607535
,3285,2,2,1.0
,3285,3,0,0.63227195
,3286,0,0,0.6251941
,3286,1,2,1.0
,3286,2,0,0.8951124
,3286,3,0,0.8267939
,3287,0,0,0.6243789
,3287,1,0,0.9607361
,3287,2,0,0.6353146
,3287,3,2,1.0
,3288,0,0,0.62456906
,3288,1,2,1.0
,3288,2,0,0.63292056
,3288,3,0,0.9607914
,3289,0,0,0.62476486
,3289,1,0,0.89825535
,3289,2,0,0.8268893
,3289,3,2,1.0
,3290,0,0,0.6245229
,3290,1,0,0.83316386
,3290,2,2,1.0
,3290,3,0,0.89816713
,3291,0,0,0.6245383
,3291,1,2,1.0
,3291,2,0,0.89501977
,3291,3,0,0.83309215
,3292,0,0,0.62435883
,3292,1,0,0.96073437
,3292,2,0,0.6350084
,3292,3,2,1.0
,3293,0,0,0.6246385
,3293,1,2,1.0
,3293,2,0,0.6250575
,3293,3,0,0.9607623
,3294,0,0,0.6253114
,3294,1,0,0.95936847
,3294,2,0,0.62533987
,3294,3,2,1.0
,3295,0,0,0.6228435
,3295,1,3,1.0
,3295,2,0,0.623148
,3295,3,0,0.96045566
,3296,0,0,0.62433296
,3296,1,0,0.97820705
,3296,2,0,0.63204116
,3296,3,2,1.0
,3297,0,0,0.6254954
,3297,1,2,1.0
,3297,2,0,0.8216853
,3297,3,0,0.8953964
,3298,0,0,0.62263393
,3298,1,0,0.9604196
,3298,2,3,1.0
,3298,3,0,0.63341475
,3299,0,0,0.6243382
,3299,1,2,1.0
,3299,2,0,0.97819656
,3299,3,0,0.624775
,3300,0,0,0.62531203
,3300,1,0,0.9593722
,3300,2,2,1.0
,3300,3,0,0.6256452
,3301,0,0,0.6228092
,3301,1,3,1.0
,3301,2,0,0.9604885
,3301,3,0,0.63076895
,3302,0,0,0.62457114
,3302,1,0,0.9399392
,3302,2,2,1.0
,3302,3,0,0.82665205
,3303,0,0,0.6243138
,3303,1,0,0.6445532
,3303,2,0,0.96074986
,3303,3,2,1.0
,3304,0,0,0.62477607
,3304,1,0,0.82708913
,3304,2,2,1.0
,3304,3,0,0.89510804
,3305,0,0,0.6244118
,3305,1,2,1.0
,3305,2,0,0.9607251
,3305,3,0,0.6350551
,3306,0,0,0.6252942
,3306,1,0,0.9593671
,3306,2,2,1.0
,3306,3,0,0.6257123
,3307,0,0,0.6228435
,3307,1,3,1.0
,3307,2,0,0.9604539
,3307,3,0,0.62286025
,3308,0,0,0.62431085
,3308,1,0,0.9782018
,3308,2,2,1.0
,3308,3,0,0.62431145
,3309,0,0,0.62462
,3309,1,2,1.0
,3309,2,0,0.9607762
,3309,3,0,0.6246201
,3310,0,0,0.6246126
,3310,1,0,0.96077335
,3310,2,2,1.0
,3310,3,0,0.6246131
,3311,0,0,0.62461203
,3311,1,2,1.0
,3311,2,0,0.9607732
,3311,3,0,0.6246238
,3312,0,0,0.6246204
,3312,1,0,0.96077484
,3312,2,2,1.0
,3312,3,0,0.62492
,3313,0,0,0.624898
,3313,1,2,1.0
,3313,2,0,0.9607934
,3313,3,0,0.63252354
,3314,0,0,0.63271576
,3314,1,0,0.8952231
,3314,2,2,1.0
,3314,3,0,0.8268929
,3315,0,0,0.82674104
,3315,1,0,0.6430251
,3315,2,0,0.8951382
,3315,3,2,1.0
,3316,0,2,1.0
,3316,1,0,0.8269787
,3316,2,0,0.6430129
,3316,3,0,0.89501095
,3317,0,0,0.8950217
,3317,1,2,1.0
,3317,2,0,0.82689637
,3317,3,0,0.635185
,3318,0,0,0.63499737
,3318,1,0,0.9607331
,3318,2,2,1.0
,3318,3,0,0.624778
,3319,0,0,0.6250098
,3319,1,2,1.0
,3319,2,0,0.9607732
,3319,3,0,0.6249101
,3320,0,0,0.62465924
,3320,1,0,0.9607843
,3320,2,2,1.0
,3320,3,0,0.63233805
,3321,0,0,0.62581074
,3321,1,2,1.0
,3321,2,0,0.89849406
,3321,3,0,0.82169396
,3322,0,0,0.63163084
,3322,1,0,0.89468783
,3322,2,0,0.82708764
,3322,3,3,1.0
,3323,0,0,0.8250929
,3323,1,0,0.6336549
,3323,2,3,1.0
,3323,3,0,0.9399049
,3324,0,2,1.0
,3324,1,0,0.6323121
,3324,2,0,0.9782112
,3324,3,0,0.6364873
,3325,0,0,0.8951121
,3325,1,0,0.82681173
,3325,2,2,1.0
,3325,3,0,0.625578
,3326,0,0,0.6349888
,3326,1,2,1.0
,3326,2,0,0.9607535
,3326,3,0,0.6323006
,3327,0,0,0.6251945
,3327,1,0,0.8951078
,3327,2,2,1.0
,3327,3,0,0.82679427
,3328,0,0,0.6243823
,3328,1,0,0.6350216
,3328,2,0,0.9607347
,3328,3,2,1.0
,3329,0,0,0.62459046
,3329,1,0,0.6253198
,3329,2,2,1.0
,3329,3,0,0.96077335
,3330,0,0,0.62458605
,3330,1,0,0.6325395
,3330,2,0,0.96079266
,3330,3,2,1.0
,3331,0,0,0.6247683
,3331,1,0,0.8268769
,3331,2,2,1.0
,3331,3,0,0.89825517
,3332,0,0,0.6245445
,3332,1,2,1.0
,3332,2,0,0.89514357
,3332,3,0,0.8331005
,3333,0,0,0.6243351
,3333,1,0,0.9607535
,3333,2,0,0.64282465
,3333,3,2,1.0
,3334,0,0,0.6247719
,3334,1,2,1.0
,3334,2,0,0.8270549
,3334,3,0,0.89523095
,3335,0,0,0.62434447
,3335,1,0,0.9607535
,3335,2,2,1.0
,3335,3,0,0.6428284
,3336,0,0,0.62477237
,3336,1,2,1.0
,3336,2,0,0.89523107
,3336,3,0,0.8270551
,3337,0,0,0.62434477
,3337,1,0,0.9607535
,3337,2,0,0.6428283
,3337,3,2,1.0
,3338,0,0,0.62477607
,3338,1,2,1.0
,3338,2,0,0.827049
,3338,3,0,0.8951075
,3339,0,0,0.62436646
,3339,1,0,0.9607346
,3339,2,2,1.0
,3339,3,0,0.6350101
,3340,0,0,0.62459344
,3340,1,2,1.0
,3340,2,0,0.96077186
,3340,3,0,0.6250116
,3341,0,0,0.6246108
,3341,1,0,0.9607732
,3341,2,2,1.0
,3341,3,0,0.6246273
,3342,0,0,0.62461174
,3342,1,2,1.0
,3342,2,0,0.9607732
,3342,3,0,0.6246124
,3343,0,0,0.6246118
,3343,1,0,0.9607732
,3343,2,2,1.0
,3343,3,0,0.6246119
,3344,0,0,0.6246118
,3344,1,2,1.0
,3344,2,0,0.9607732
,3344,3,0,0.6246118
,3345,0,0,0.6246123
,3345,1,0,0.9607732
,3345,2,2,1.0
,3345,3,0,0.6246118
,3346,0,0,0.6246238
,3346,1,2,1.0
,3346,2,0,0.9607732
,3346,3,0,0.6246116
,3347,0,0,0.6249201
,3347,1,0,0.9607747
,3347,2,2,1.0
,3347,3,0,0.6246085
,3348,0,0,0.6325232
,3348,1,2,1.0
,3348,2,0,0.960792
,3348,3,0,0.62459224
,3349,0,0,0.8268075
,3349,1,0,0.89515626
,3349,2,2,1.0
,3349,3,0,0.62486154
,3350,0,2,1.0
,3350,1,0,0.6378986
,3350,2,0,0.9607372
,3350,3,0,0.6260999
,3351,0,0,0.9176948
,3351,1,0,0.69938487
,3351,2,2,1.0
,3351,3,0,0.6687178
,3352,0,0,0.7494961
,3352,1,2,1.0
,3352,2,1,0.964819
,3352,3,1,0.5029695
,3353,0,2,1.0
,3353,1,0,0.9603313
,3353,2,0,0.6059242
,3353,3,0,0.61637
,3354,0,0,0.8950897
,3354,1,2,1.0
,3354,2,0,0.82612276
,3354,3,0,0.624413
,3355,0,0,0.6350073
,3355,1,0,0.96073425
,3355,2,2,1.0
,3355,3,0,0.62435037
,3356,0,0,0.6250112
,3356,1,2,1.0
,3356,2,0,0.96077204
,3356,3,0,0.62460464
,3357,0,0,0.62462366
,3357,1,0,0.9607747
,3357,2,2,1.0
,3357,3,0,0.6249191
,3358,0,0,0.6245876
,3358,1,2,1.0
,3358,2,0,0.96079266
,3358,3,0,0.6325242
,3359,0,0,0.62476814
,3359,1,0,0.89825505
,3359,2,2,1.0
,3359,3,0,0.82687896
,3360,0,0,0.62456876
,3360,1,0,0.83312744
,3360,2,0,0.89809597
,3360,3,2,1.0
,3361,0,0,0.6252296
,3361,1,2,1.0
,3361,2,0,0.8281115
,3361,3,0,0.8952983
,3362,0,0,0.6226091
,3362,1,0,0.96041787
,3362,2,3,1.0
,3362,3,0,0.6333966
,3363,0,0,0.62430423
,3363,1,2,1.0
,3363,2,0,0.9782019
,3363,3,0,0.62471664
,3364,0,0,0.6249272
,3364,1,0,0.9607777
,3364,2,2,1.0
,3364,3,0,0.6246321
,3365,0,0,0.6325241
,3365,1,2,1.0
,3365,2,0,0.960792
,3365,3,0,0.6245908
,3366,0,0,0.82681113
,3366,1,0,0.89523417
,3366,2,2,1.0
,3366,3,0,0.6247908
,3367,0,2,1.0
,3367,1,0,0.64282846
,3367,2,0,0.9607535
,3367,3,0,0.62434554
,3368,0,0,0.8951123
,3368,1,0,0.8270493
,3368,2,2,1.0
,3368,3,0,0.6247759
,3369,0,0,0.6353148
,3369,1,2,1.0
,3369,2,0,0.9607361
,3369,3,0,0.624363
,3370,0,0,0.63291955
,3370,1,0,0.96079063
,3370,2,2,1.0
,3370,3,0,0.6245712
,3371,0,0,0.8268145
,3371,1,2,1.0
,3371,2,0,0.89511067
,3371,3,0,0.62479347
,3372,0,2,1.0
,3372,1,0,0.9607347
,3372,2,0,0.63502216
,3372,3,0,0.6243668
,3373,0,0,0.96077335
,3373,1,2,1.0
,3373,2,0,0.6253197
,3373,3,0,0.62459
,3374,0,2,1.0
,3374,1,0,0.9607919
,3374,2,0,0.6325386
,3374,3,0,0.6245884
,3375,0,0,0.89523417
,3375,1,2,1.0
,3375,2,0,0.8268116
,3375,3,0,0.6247905
,3376,0,0,0.64282954
,3376,1,0,0.96075433
,3376,2,2,1.0
,3376,3,0,0.6243432
,3377,0,0,0.8271241
,3377,1,2,1.0
,3377,2,0,0.8982525
,3377,3,0,0.62475955
,3378,0,2,1.0
,3378,1,0,0.89816713
,3378,2,0,0.83317024
,3378,3,0,0.62483096
,3379,0,0,0.89500815
,3379,1,0,0.8331754
,3379,2,2,1.0
,3379,3,0,0.6324636
,3380,0,0,0.635177
,3380,1,2,1.0
,3380,2,0,0.8981728
,3380,3,0,0.8267223
,3381,0,0,0.62523127
,3381,1,0,0.8981638
,3381,2,0,0.83316267
,3381,3,2,1.0
,3382,0,0,0.63247883
,3382,1,0,0.8331751
,3382,2,2,1.0
,3382,3,0,0.89500785
,3383,0,0,0.8267225
,3383,1,2,1.0
,3383,2,0,0.8981728
,3383,3,0,0.635165
,3384,0,2,1.0
,3384,1,0,0.8981643
,3384,2,0,0.8331599
,3384,3,0,0.6249197
,3385,0,0,0.89816725
,3385,1,0,0.83316475
,3385,2,2,1.0
,3385,3,0,0.62452555
,3386,0,0,0.8331616
,3386,1,2,1.0
,3386,2,0,0.898167
,3386,3,0,0.6245131
,3387,0,2,1.0
,3387,1,0,0.89501977
,3387,2,0,0.83309215
,3387,3,0,0.6245377
,3388,0,0,0.9607346
,3388,1,0,0.63500625
,3388,2,2,1.0
,3388,3,0,0.62435704
,3389,0,2,1.0
,3389,1,0,0.6250116
,3389,2,0,0.96077186
,3389,3,0,0.62460494
,3390,0,0,0.9607747
,3390,1,0,0.6246358
,3390,2,2,1.0
,3390,3,0,0.62491906
,3391,0,2,1.0
,3391,1,0,0.6248986
,3391,2,0,0.9607934
,3391,3,0,0.63252354
,3392,0,0,0.89522314
,3392,1,0,0.6327156
,3392,2,2,1.0
,3392,3,0,0.82689273
,3393,0,0,0.6430252
,3393,1,0,0.82673496
,3393,2,0,0.89501464
,3393,3,2,1.0
,3394,0,0,0.82689697
,3394,1,2,1.0
,3394,2,0,0.6351966
,3394,3,0,0.8950217
,3395,0,2,1.0
,3395,1,0,0.9607346
,3395,2,0,0.6250745
,3395,3,0,0.63499415
,3396,0,0,0.9607912
,3396,1,2,1.0
,3396,2,0,0.6325202
,3396,3,0,0.62498826
,3397,0,2,1.0
,3397,1,0,0.8981838
,3397,2,0,0.82683885
,3397,3,0,0.62482935
,3398,0,0,0.8954219
,3398,1,0,0.82811624
,3398,2,2,1.0
,3398,3,0,0.62523186
,3399,0,0,0.64122444
,3399,1,3,1.0
,3399,2,0,0.9604523
,3399,3,0,0.6225724
,3400,0,0,0.82689404
,3400,1,0,0.93986785
,3400,2,2,1.0
,3400,3,0,0.62455624
,3401,0,2,1.0
,3401,1,0,0.63705546
,3401,2,0,0.96073246
,3401,3,0,0.6243311
,3402,0,0,0.9607904
,3402,1,0,0.6329863
,3402,2,2,1.0
,3402,3,0,0.6245689
,3403,0,2,1.0
,3403,1,0,0.8268161
,3403,2,0,0.8951105
,3403,3,0,0.62479347
,3404,0,0,0.96073437
,3404,1,2,1.0
,3404,2,0,0.6350125
,3404,3,0,0.62436926
,3405,0,2,1.0
,3405,1,0,0.9607623
,3405,2,0,0.6250578
,3405,3,0,0.62463915
,3406,0,0,0.95936835
,3406,1,2,1.0
,3406,2,0,0.62534297
,3406,3,0,0.62531465
,3407,0,3,1.0
,3407,1,0,0.9604447
,3407,2,0,0.6231985
,3407,3,0,0.62290204
,3408,0,0,0.9774096
,3408,1,2,1.0
,3408,2,0,0.6328353
,3408,3,0,0.6253342
,3409,0,3,1.0
,3409,1,0,0.894771
,3409,2,0,0.82052934
,3409,3,0,0.63184196
,3410,0,0,0.9399076
,3410,1,0,0.63366765
,3410,2,3,1.0
,3410,3,0,0.8251052
,3411,0,0,0.63678026
,3411,1,0,0.63231325
,3411,2,0,0.97821194
,3411,3,2,1.0
,3412,0,0,0.6331868
,3412,1,0,0.82688713
,3412,2,2,1.0
,3412,3,0,0.89510256
,3413,0,0,0.82666934
,3413,1,2,1.0
,3413,2,0,0.89514846
,3413,3,0,0.6351979
,3414,0,2,1.0
,3414,1,0,0.9607422
,3414,2,0,0.64277345
,3414,3,0,0.6248388
,3415,0,0,0.89587545
,3415,1,2,1.0
,3415,2,0,0.825425
,3415,3,0,0.6267094
,3416,0,0,0.66275316
,3416,1,0,0.9058844
,3416,2,2,1.0
,3416,3,0,0.65235543
,3417,0,0,0.6257171
,3417,1,0,0.63988876
,3417,2,3,1.0
,3417,3,0,0.6251111
,3418,0,0,1.0
,3418,1,3,0.5293364
,3418,2,0,1.0
,3418,3,0,1.0
,3419,0,0,0.6382148
,3419,1,0,0.96876746
,3419,2,2,1.0
,3419,3,0,0.63821477
,3420,0,0,0.6232439
,3420,1,3,1.0
,3420,2,0,0.9604365
,3420,3,0,0.623244
,3421,0,0,0.6243256
,3421,1,0,0.9782018
,3421,2,2,1.0
,3421,3,0,0.62432647
,3422,0,0,0.6246805
,3422,1,2,1.0
,3422,2,0,0.96077645
,3422,3,0,0.62470365
,3423,0,0,0.6261479
,3423,1,0,0.96075696
,3423,2,2,1.0
,3423,3,0,0.62673455
,3424,0,0,0.66280293
,3424,1,2,1.0
,3424,2,0,0.95581895
,3424,3,0,0.67772394
,3425,0,0,0.5187931
,3425,1,1,0.56245494
,3425,2,3,1.0
,3425,3,0,0.74966013
,3426,0,0,0.6552056
,3426,1,0,0.66734314
,3426,2,0,0.9754012
,3426,3,2,1.0
,3427,0,0,0.51625425
,3427,1,0,0.74907905
,3427,2,3,1.0
,3427,3,1,0.56503886
,3428,0,0,0.61678934
,3428,1,2,1.0
,3428,2,0,0.9782017
,3428,3,0,0.61350787
,3429,0,0,0.624304
,3429,1,0,0.9607667
,3429,2,2,1.0
,3429,3,0,0.6241747
,3430,0,0,0.62587345
,3430,1,2,1.0
,3430,2,0,0.9607853
,3430,3,0,0.6258607
,3431,0,0,0.65763354
,3431,1,0,0.9360742
,3431,2,2,1.0
,3431,3,0,0.65743756
,3432,0,0,0.53903717
,3432,1,2,1.0
,3432,2,0,0.6976987
,3432,3,0,0.5358204
,3433,0,0,0.72877717
,3433,1,0,0.9125815
,3433,2,2,1.0
,3433,3,0,0.65290034
,3434,0,2,1.0
,3434,1,0,0.7671627
,3434,2,1,0.5526887
,3434,3,0,0.5293775
,3435,0,0,0.95840997
,3435,1,3,1.0
,3435,2,0,0.61999977
,3435,3,0,0.6152561
,3436,0,3,1.0
,3436,1,0,0.94020355
,3436,2,0,0.8249196
,3436,3,0,0.623461
,3437,0,0,0.9641512
,3437,1,0,0.6686608
,3437,2,2,1.0
,3437,3,0,0.6566215
,3438,0,2,1.0
,3438,1,0,0.5359617
,3438,2,0,0.69803643
,3438,3,0,0.53481644
,3439,0,0,0.9603375
,3439,1,0,0.62596935
,3439,2,2,1.0
,3439,3,0,0.61794245
,3440,0,2,1.0
,3440,1,0,0.8266386
,3440,2,0,0.89816123
,3440,3,0,0.6244877
,3441,0,0,0.89542127
,3441,1,2,1.0
,3441,2,0,0.8281147
,3441,3,0,0.62521654
,3442,0,0,0.64122444
,3442,1,0,0.9604523
,3442,2,3,1.0
,3442,3,0,0.6225736
,3443,0,0,0.8268969
,3443,1,2,1.0
,3443,2,0,0.93987656
,3443,3,0,0.62460494
,3444,0,2,1.0
,3444,1,0,0.9607432
,3444,2,0,0.63800097
,3444,3,0,0.62560195
,3445,0,0,0.9360463
,3445,1,2,1.0
,3445,2,0,0.6578225
,3445,3,0,0.65735406
,3446,0,2,1.0
,3446,1,0,0.6975435
,3446,2,0,0.53432786
,3446,3,0,0.53429586
,3447,0,0,0.96031255
,3447,1,2,1.0
,3447,2,0,0.61793095
,3447,3,0,0.6179171
,3448,0,2,1.0
,3448,1,0,0.9607552
,3448,2,0,0.6246346
,3448,3,0,0.6243182
,3449,0,0,0.95937556
,3449,1,2,1.0
,3449,2,0,0.63328373
,3449,3,0,0.62523705
,3450,0,3,1.0
,3450,1,0,0.8976662
,3450,2,0,0.82565254
,3450,3,0,0.6230801
,3451,0,0,0.9417566
,3451,1,0,0.8330276
,3451,2,2,1.0
,3451,3,0,0.62428135
,3452,0,0,0.8341356
,3452,1,2,1.0
,3452,2,0,0.8950164
,3452,3,0,0.624505
,3453,0,2,1.0
,3453,1,0,0.96072704
,3453,2,0,0.6353582
,3453,3,0,0.62439585
,3454,0,0,0.95937395
,3454,1,2,1.0
,3454,2,0,0.63369334
,3454,3,0,0.6252426
,3455,0,3,1.0
,3455,1,0,0.894529
,3455,2,0,0.8254742
,3455,3,0,0.6231785
,3456,0,0,0.9774081
,3456,1,0,0.635442
,3456,2,2,1.0
,3456,3,0,0.6247399
,3457,0,3,1.0
,3457,1,0,0.62327486
,3457,2,0,0.96043926
,3457,3,0,0.622848
,3458,0,0,0.9774079
,3458,1,0,0.6250747
,3458,2,2,1.0
,3458,3,0,0.62505794
,3459,0,3,1.0
,3459,1,0,0.6240862
,3459,2,0,0.9604757
,3459,3,0,0.62408555
,3460,0,0,0.96416754
,3460,1,0,0.6570246
,3460,2,2,1.0
,3460,3,0,0.6570245
,3461,0,2,1.0
,3461,1,0,0.53668
,3461,2,0,0.69780684
,3461,3,0,0.5366784
,3462,0,0,0.9552855
,3462,1,0,0.65640974
,3462,2,2,1.0
,3462,3,0,0.6563718
,3463,0,3,1.0
,3463,1,0,0.5184117
,3463,2,0,0.68256766
,3463,3,0,0.51782995
,3464,0,0,0.9641144
,3464,1,0,0.66344154
,3464,2,2,1.0
,3464,3,0,0.6498332
,3465,0,2,1.0
,3465,1,0,0.7637751
,3465,2,1,0.54874223
,3465,3,0,0.5423586
,3466,0,0,0.89426196
,3466,1,2,1.0
,3466,2,0,0.6235139
,3466,3,0,0.82315296
,3467,0,0,0.6351067
,3467,1,0,0.8950077
,3467,2,0,0.8263891
,3467,3,2,1.0
,3468,0,0,0.62475765
,3468,1,0,0.6352996
,3468,2,2,1.0
,3468,3,0,0.96073425
,3469,0,0,0.62458605
,3469,1,0,0.6329187
,3469,2,0,0.96079063
,3469,3,2,1.0
,3470,0,0,0.62479025
,3470,1,0,0.8268205
,3470,2,2,1.0
,3470,3,0,0.89523405
,3471,0,0,0.6243453
,3471,1,2,1.0
,3471,2,0,0.9607535
,3471,3,0,0.6428285
,3472,0,0,0.6247724
,3472,1,0,0.89523095
,3472,2,2,1.0
,3472,3,0,0.8270551
,3473,0,0,0.62434745
,3473,1,0,0.6428284
,3473,2,0,0.9607535
,3473,3,2,1.0
,3474,0,0,0.6248455
,3474,1,0,0.82705265
,3474,2,2,1.0
,3474,3,0,0.8951266
,3475,0,0,0.62617534
,3475,1,2,1.0
,3475,2,0,0.9607496
,3475,3,0,0.63625443
,3476,0,0,0.67126095
,3476,1,0,0.9361246
,3476,2,2,1.0
,3476,3,0,0.65767723
,3477,0,0,0.76410097
,3477,1,2,1.0
,3477,2,1,0.54055387
,3477,3,0,0.5342188
,3478,0,2,1.0
,3478,1,0,0.89429826
,3478,2,0,0.821015
,3478,3,0,0.61890465
,3479,0,0,0.9607329
,3479,1,0,0.6362887
,3479,2,2,1.0
,3479,3,0,0.62545514
,3480,0,2,1.0
,3480,1,0,0.6608523
,3480,2,0,0.935433
,3480,3,0,0.6604447
,3481,0,0,0.55253565
,3481,1,0,0.5738124
,3481,2,2,1.0
,3481,3,0,0.5737853
,3482,0,2,1.0
,3482,1,0,0.5062644
,3482,2,0,0.67945886
,3482,3,0,0.5062623
,3483,0,0,0.96022576
,3483,1,0,0.61752707
,3483,2,2,1.0
,3483,3,0,0.61752695
,3484,0,2,1.0
,3484,1,0,0.66008633
,3484,2,0,0.93541473
,3484,3,0,0.6600863
,3485,0,0,0.55252916
,3485,1,0,0.5738812
,3485,2,2,1.0
,3485,3,0,0.5738794
,3486,0,2,1.0
,3486,1,0,0.5079924
,3486,2,0,0.67911774
,3486,3,0,0.5079679
,3487,0,0,0.9551709
,3487,1,0,0.6550519
,3487,2,2,1.0
,3487,3,0,0.6544784
,3488,0,3,1.0
,3488,1,0,0.5249642
,3488,2,0,0.6827141
,3488,3,0,0.51620567
,3489,0,0,0.9417894
,3489,1,0,0.82174695
,3489,2,2,1.0
,3489,3,0,0.61670583
,3490,0,0,0.83409244
,3490,1,2,1.0
,3490,2,0,0.89669263
,3490,3,0,0.6255725
,3491,0,2,1.0
,3491,1,0,0.9102872
,3491,2,0,0.74271107
,3491,3,0,0.66179585
,3492,0,0,0.50897753
,3492,1,0,0.6308065
,3492,2,2,1.0
,3492,3,0,0.5732011
,3493,0,0,0.72773725
,3493,1,2,1.0
,3493,2,1,0.7815012
,3493,3,1,0.5054644
,3494,0,2,1.0
,3494,1,0,0.95887554
,3494,2,0,0.6138181
,3494,3,0,0.61673605
,3495,0,0,0.8976197
,3495,1,3,1.0
,3495,2,0,0.82508504
,3495,3,0,0.6226112
,3496,0,0,0.8329623
,3496,1,0,0.9399412
,3496,2,2,1.0
,3496,3,0,0.62428135
,3497,0,2,1.0
,3497,1,0,0.6445521
,3497,2,0,0.9607496
,3497,3,0,0.624301
,3498,0,0,0.89510703
,3498,1,0,0.82709
,3498,2,2,1.0
,3498,3,0,0.6247736
,3499,0,0,0.6350098
,3499,1,2,1.0
,3499,2,0,0.9607347
,3499,3,0,0.62437826
,3500,0,0,0.62500864
,3500,1,0,0.96077335
,3500,2,2,1.0
,3500,3,0,0.6249016
,3501,0,0,0.62461674
,3501,1,2,1.0
,3501,2,0,0.96079266
,3501,3,0,0.63252234
,3502,0,0,0.6251257
,3502,1,0,0.8981827
,3502,2,2,1.0
,3502,3,0,0.8268472
,3503,0,0,0.6332376
,3503,1,0,0.82814133
,3503,2,0,0.89527994
,3503,3,2,1.0
,3504,0,0,0.8253735
,3504,1,3,1.0
,3504,2,0,0.6339834
,3504,3,0,0.89442796
,3505,0,2,1.0
,3505,1,0,0.9782117
,3505,2,0,0.63235736
,3505,3,0,0.63471013
,3506,0,0,0.8981866
,3506,1,2,1.0
,3506,2,0,0.82684654
,3506,3,0,0.62521654
,3507,0,0,0.8281386
,3507,1,0,0.89847106
,3507,2,2,1.0
,3507,3,0,0.6251959
,3508,0,3,1.0
,3508,1,0,0.8320434
,3508,2,0,0.89757943
,3508,3,0,0.6228375
,3509,0,0,0.93988174
,3509,1,2,1.0
,3509,2,0,0.8329172
,3509,3,0,0.62434614
,3510,0,0,0.6377467
,3510,1,0,0.9593258
,3510,2,2,1.0
,3510,3,0,0.62501305
,3511,0,0,0.6312278
,3511,1,3,1.0
,3511,2,0,0.96048576
,3511,3,0,0.62277395
,3512,0,0,0.8267264
,3512,1,0,0.9417547
,3512,2,2,1.0
,3512,3,0,0.62454563
,3513,0,2,1.0
,3513,1,0,0.8341427
,3513,2,0,0.8951348
,3513,3,0,0.6245108
,3514,0,0,0.9607535
,3514,1,2,1.0
,3514,2,0,0.64282477
,3514,3,0,0.62433475
,3515,0,2,1.0
,3515,1,0,0.8951075
,3515,2,0,0.827049
,3515,3,0,0.6247757
,3516,0,0,0.9607346
,3516,1,0,0.63501054
,3516,2,2,1.0
,3516,3,0,0.62436634
,3517,0,2,1.0
,3517,1,0,0.62502366
,3517,2,0,0.96077204
,3517,3,0,0.62459314
,3518,0,0,0.9607747
,3518,1,0,0.6249355
,3518,2,2,1.0
,3518,3,0,0.6246075
,3519,0,2,1.0
,3519,1,0,0.63252264
,3519,2,0,0.96079177
,3519,3,0,0.62459195
,3520,0,0,0.89513
,3520,1,0,0.8267632
,3520,2,2,1.0
,3520,3,0,0.6248428
,3521,0,0,0.63570637
,3521,1,2,1.0
,3521,2,0,0.9593289
,3521,3,0,0.62506837
,3522,0,0,0.6232885
,3522,1,0,0.96043986
,3522,2,3,1.0
,3522,3,0,0.6228643
,3523,0,0,0.6250289
,3523,1,2,1.0
,3523,2,0,0.97740763
,3523,3,0,0.6250122
,3524,0,0,0.62283033
,3524,1,0,0.9604536
,3524,2,3,1.0
,3524,3,0,0.62282974
,3525,0,0,0.6243124
,3525,1,2,1.0
,3525,2,0,0.9782017
,3525,3,0,0.6243124
,3526,0,0,0.6246655
,3526,1,0,0.9607667
,3526,2,2,1.0
,3526,3,0,0.6246655
,3527,0,0,0.6253135
,3527,1,2,1.0
,3527,2,0,0.95936847
,3527,3,0,0.6253135
,3528,0,0,0.6228455
,3528,1,0,0.96045417
,3528,2,3,1.0
,3528,3,0,0.62284493
,3529,0,0,0.6243229
,3529,1,2,1.0
,3529,2,0,0.9782019
,3529,3,0,0.6243106
,3530,0,0,0.6249283
,3530,1,0,0.9607777
,3530,2,2,1.0
,3530,3,0,0.62461656
,3531,0,0,0.6325241
,3531,1,2,1.0
,3531,2,0,0.960792
,3531,3,0,0.6245902
,3532,0,0,0.82681113
,3532,1,0,0.89523417
,3532,2,2,1.0
,3532,3,0,0.6247908
,3533,0,2,1.0
,3533,1,0,0.64282846
,3533,2,0,0.9607535
,3533,3,0,0.6243474
,3534,0,0,0.8951269
,3534,1,0,0.82705206
,3534,2,2,1.0
,3534,3,0,0.6248245
,3535,0,0,0.6362623
,3535,1,2,1.0
,3535,2,0,0.9607469
,3535,3,0,0.62563384
,3536,0,0,0.6577577
,3536,1,0,0.9360467
,3536,2,2,1.0
,3536,3,0,0.6573561
,3537,0,0,0.5343234
,3537,1,2,1.0
,3537,2,0,0.697544
,3537,3,0,0.53429633
,3538,0,0,0.61791635
,3538,1,0,0.9603128
,3538,2,2,1.0
,3538,3,0,0.6179153
,3539,0,0,0.6242788
,3539,1,2,1.0
,3539,2,0,0.9607627
,3539,3,0,0.62427866
,3540,0,0,0.62459767
,3540,1,0,0.960773
,3540,2,2,1.0
,3540,3,0,0.6245972
,3541,0,0,0.6246232
,3541,1,2,1.0
,3541,2,0,0.9607732
,3541,3,0,0.624611
,3542,0,0,0.62492007
,3542,1,0,0.9607747
,3542,2,2,1.0
,3542,3,0,0.62460846
,3543,0,0,0.63252324
,3543,1,2,1.0
,3543,2,0,0.960792
,3543,3,0,0.6245918
,3544,0,0,0.82680935
,3544,1,0,0.8952239
,3544,2,2,1.0
,3544,3,0,0.62485266
,3545,0,2,1.0
,3545,1,0,0.6421658
,3545,2,0,0.96072876
,3545,3,0,0.62589556
,3546,0,0,0.9099828
,3546,1,0,0.8086537
,3546,2,2,1.0
,3546,3,0,0.663002
,3547,0,0,0.5428878
,3547,1,3,1.0
,3547,2,0,0.6822164
,3547,3,0,0.5162895
,3548,0,0,0.82205254
,3548,1,0,0.93998694
,3548,2,2,1.0
,3548,3,0,0.6166764
,3549,0,2,1.0
,3549,1,0,0.64522225
,3549,2,0,0.9593156
,3549,3,0,0.62456113
,3550,0,0,0.89452016
,3550,1,0,0.8257427
,3550,2,3,1.0
,3550,3,0,0.62312657
,3551,0,0,0.6354384
,3551,1,2,1.0
,3551,2,0,0.9774081
,3551,3,0,0.6247345
,3552,0,0,0.6232255
,3552,1,0,0.96045065
,3552,2,3,1.0
,3552,3,0,0.6227986
,3553,0,0,0.6243252
,3553,1,2,1.0
,3553,2,0,0.9782017
,3553,3,0,0.6243084
,3554,0,0,0.62462103
,3554,1,0,0.9607762
,3554,2,2,1.0
,3554,3,0,0.62461984
,3555,0,0,0.62462467
,3555,1,2,1.0
,3555,2,0,0.96077347
,3555,3,0,0.6246124
,3556,0,0,0.62492025
,3556,1,0,0.9607747
,3556,2,2,1.0
,3556,3,0,0.62460846
,3557,0,0,0.63252324
,3557,1,2,1.0
,3557,2,0,0.960792
,3557,3,0,0.6245895
,3558,0,0,0.82681036
,3558,1,0,0.89523137
,3558,2,2,1.0
,3558,3,0,0.62479275
,3559,0,2,1.0
,3559,1,0,0.6426474
,3559,2,0,0.96074504
,3559,3,0,0.6243889
,3560,0,0,0.89538634
,3560,1,0,0.82192963
,3560,2,2,1.0
,3560,3,0,0.62546945
,3561,0,0,0.6334126
,3561,1,3,1.0
,3561,2,0,0.96041936
,3561,3,0,0.62263155
,3562,0,0,0.624763
,3562,1,0,0.97819656
,3562,2,2,1.0
,3562,3,0,0.6243386
,3563,0,0,0.6253375
,3563,1,2,1.0
,3563,2,0,0.9593717
,3563,3,0,0.6253203
,3564,0,0,0.62286097
,3564,1,0,0.96045405
,3564,2,3,1.0
,3564,3,0,0.6228482
,3565,0,0,0.6246608
,3565,1,2,1.0
,3565,2,0,0.97819746
,3565,3,0,0.6243534
,3566,0,0,0.6331412
,3566,1,0,0.9593759
,3566,2,2,1.0
,3566,3,0,0.62532115
,3567,0,0,0.82053393
,3567,1,3,1.0
,3567,2,0,0.8979859
,3567,3,0,0.62376505
,3568,0,3,1.0
,3568,1,0,0.94178975
,3568,2,0,0.83181757
,3568,3,0,0.62244904
,3569,0,0,0.93986773
,3569,1,0,0.834014
,3569,2,2,1.0
,3569,3,0,0.62425256
,3570,0,0,0.6368075
,3570,1,2,1.0
,3570,2,0,0.96072143
,3570,3,0,0.62436676
,3571,0,0,0.6260877
,3571,1,0,0.9593676
,3571,2,2,1.0
,3571,3,0,0.62528306
,3572,0,0,0.63078654
,3572,1,3,1.0
,3572,2,0,0.96048874
,3572,3,0,0.62280446
,3573,0,0,0.8267196
,3573,1,0,0.94175494
,3573,2,2,1.0
,3573,3,0,0.62454474
,3574,0,2,1.0
,3574,1,0,0.8342085
,3574,2,0,0.8981585
,3574,3,0,0.6244886
,3575,0,0,0.8980952
,3575,1,2,1.0
,3575,2,0,0.8331303
,3575,3,0,0.6245532
,3576,0,0,0.8281344
,3576,1,0,0.89847094
,3576,2,2,1.0
,3576,3,0,0.62517595
,3577,0,3,1.0
,3577,1,0,0.8319197
,3577,2,0,0.89454466
,3577,3,0,0.6228878
,3578,0,0,0.97821194
,3578,1,2,1.0
,3578,2,0,0.6425606
,3578,3,0,0.6243092
,3579,0,2,1.0
,3579,1,0,0.8951209
,3579,2,0,0.82710207
,3579,3,0,0.6325204
,3580,0,0,0.89841515
,3580,1,0,0.6358993
,3580,2,2,1.0
,3580,3,0,0.82153714
,3581,0,0,0.8270201
,3581,1,0,0.62405264
,3581,2,0,0.89471936
,3581,3,3,1.0
,3582,0,3,1.0
,3582,1,0,0.6225215
,3582,2,0,0.63304687
,3582,3,0,0.9781626
,3583,0,0,0.9404278
,3583,1,0,0.6345835
,3583,2,0,0.6267205
,3583,3,2,1.0
,3584,0,0,0.6401115
,3584,1,0,0.82351875
,3584,2,0,0.6196897
,3584,3,2,1.0
,3585,0,0,0.82688653
,3585,1,2,1.0
,3585,2,0,0.6322232
,3585,3,0,0.89499354
,3586,0,2,0.99999917
,3586,1,0,0.8981701
,3586,2,0,0.8267115
,3586,3,0,0.6351577
,3587,0,0,0.8981643
,3587,1,0,0.8331598
,3587,2,2,1.0
,3587,3,0,0.6249192
,3588,0,0,0.8331649
,3588,1,2,1.0
,3588,2,0,0.89816725
,3588,3,0,0.6245254
,3589,0,2,1.0
,3589,1,0,0.8981674
,3589,2,0,0.8331653
,3589,3,0,0.6245131
,3590,0,0,0.8981669
,3590,1,0,0.83316445
,3590,2,2,1.0
,3590,3,0,0.6245855
,3591,0,0,0.83312756
,3591,1,2,1.0
,3591,2,0,0.8967599
,3591,3,0,0.6264295
,3592,0,2,1.0
,3592,1,0,0.9081244
,3592,2,0,0.7444353
,3592,3,0,0.6728026
,3593,0,1,0.5449944
,3593,1,0,0.546719
,3593,2,2,1.0
,3593,3,0,0.7604334
,3594,0,0,0.81556875
,3594,1,0,0.62018555
,3594,2,0,0.8944956
,3594,3,2,1.0
,3595,0,3,1.0
,3595,1,0,0.63020635
,3595,2,0,0.6332182
,3595,3,0,0.96043503
,3596,0,0,0.9417537
,3596,1,0,0.82668924
,3596,2,0,0.6249586
,3596,3,2,1.0
,3597,0,0,0.8339475
,3597,1,2,1.0
,3597,2,0,0.6247901
,3597,3,0,0.8951154
,3598,0,2,1.0
,3598,1,0,0.89662343
,3598,2,0,0.62851715
,3598,3,0,0.63913184
,3599,0,2,1.0
,3599,1,0,0.6737228
,3599,2,0,0.6629384
,3599,3,0,0.6633544
,3600,0,2,1.0
,3600,1,0,0.559951
,3600,2,0,0.5549979
,3600,3,0,0.5550289
,3601,0,2,1.0
,3601,1,0,0.5906442
,3601,2,0,0.53543156
,3601,3,0,0.535434
,3602,0,0,0.6766575
,3602,1,2,1.0
,3602,2,1,0.50006104
,3602,3,1,0.50006086
,3603,0,2,1.0
,3603,1,0,0.9602012
,3603,2,0,0.6157654
,3603,3,0,0.61576545
,3604,0,0,0.9607602
,3604,1,2,1.0
,3604,2,0,0.62417996
,3604,3,0,0.62417996
,3605,0,2,1.0
,3605,1,0,0.96076345
,3605,2,0,0.6246389
,3605,3,0,0.6246385
,3606,0,0,0.95936847
,3606,1,2,1.0
,3606,2,0,0.6253241
,3606,3,0,0.62531155
,3607,0,3,1.0
,3607,1,0,0.9604559
,3607,2,0,0.6231543
,3607,3,0,0.62284136
,3608,0,0,0.9782122
,3608,1,2,1.0
,3608,2,0,0.63222563
,3608,3,0,0.6242898
,3609,0,2,1.0
,3609,1,0,0.8982607
,3609,2,0,0.8268808
,3609,3,0,0.62483674
,3610,0,0,0.89587265
,3610,1,0,0.83302176
,3610,2,2,1.0
,3610,3,0,0.6260892
,3611,0,0,0.6874035
,3611,1,2,1.0
,3611,2,0,0.9557727
,3611,3,0,0.6624589
,3612,0,0,0.7502088
,3612,1,1,0.56478006
,3612,2,3,1.0
,3612,3,0,0.517059
,3613,0,2,1.0
,3613,1,0,0.6141755
,3613,2,0,0.9774137
,3613,3,0,0.6174796
,3614,0,0,0.9604313
,3614,1,0,0.6222532
,3614,2,3,1.0
,3614,3,0,0.6223851
,3615,0,2,1.0
,3615,1,0,0.6243291
,3615,2,0,0.97819656
,3615,3,0,0.6243343
,3616,0,0,0.95937157
,3616,1,0,0.6253201
,3616,2,2,1.0
,3616,3,0,0.6253203
,3617,0,3,1.0
,3617,1,0,0.62284625
,3617,2,0,0.96045417
,3617,3,0,0.62284636
,3618,0,0,0.9782017
,3618,1,0,0.62431324
,3618,2,2,1.0
,3618,3,0,0.62431324
,3619,0,2,1.0
,3619,1,0,0.62466794
,3619,2,0,0.9607668
,3619,3,0,0.62466794
,3620,0,0,0.9593686
,3620,1,0,0.6253752
,3620,2,2,1.0
,3620,3,0,0.6253752
,3621,0,3,1.0
,3621,1,0,0.6243916
,3621,2,0,0.9604329
,3621,3,0,0.6243915
,3622,0,0,0.9753949
,3622,1,0,0.66244084
,3622,2,2,1.0
,3622,3,0,0.66244084
,3623,0,3,1.0
,3623,1,0,0.5172423
,3623,2,0,0.6823516
,3623,3,0,0.51724225
,3624,0,0,0.97820157
,3624,1,0,0.61617714
,3624,2,2,1.0
,3624,3,0,0.61617714
,3625,0,2,1.0
,3625,1,0,0.62594634
,3625,2,0,0.96077186
,3625,3,0,0.62594634
,3626,0,0,0.9551405
,3626,1,0,0.66908294
,3626,2,2,1.0
,3626,3,0,0.66908294
,3627,0,3,1.0
,3627,1,1,0.50027674
,3627,2,1,0.9100414
,3627,3,1,0.50027674
,3628,0,0,0.9639732
,3628,1,0,0.6456192
,3628,2,2,1.0
,3628,3,0,0.6456184
,3629,0,2,1.0
,3629,1,0,0.53301704
,3629,2,0,0.697141
,3629,3,0,0.5330037
,3630,0,0,0.9603124
,3630,1,0,0.61816114
,3630,2,2,1.0
,3630,3,0,0.6178471
,3631,0,2,1.0
,3631,1,0,0.6321904
,3631,2,0,0.96078146
,3631,3,0,0.6242539
,3632,0,0,0.89511013
,3632,1,0,0.8267962
,3632,2,2,1.0
,3632,3,0,0.6247799
,3633,0,0,0.6350102
,3633,1,2,1.0
,3633,2,0,0.9607347
,3633,3,0,0.6243665
,3634,0,0,0.62501216
,3634,1,0,0.960772
,3634,2,2,1.0
,3634,3,0,0.62459344
,3635,0,0,0.6246392
,3635,1,2,1.0
,3635,2,0,0.9607732
,3635,3,0,0.6246105
,3636,0,0,0.62492067
,3636,1,0,0.9607747
,3636,2,2,1.0
,3636,3,0,0.6246084
,3637,0,0,0.63252324
,3637,1,2,1.0
,3637,2,0,0.960792
,3637,3,0,0.6245894
,3638,0,0,0.82681125
,3638,1,0,0.89523417
,3638,2,2,1.0
,3638,3,0,0.62479055
,3639,0,2,1.0
,3639,1,0,0.64282954
,3639,2,0,0.96075445
,3639,3,0,0.62434286
,3640,0,0,0.89825237
,3640,1,0,0.8271238
,3640,2,2,1.0
,3640,3,0,0.6247475
,3641,0,0,0.83316386
,3641,1,2,1.0
,3641,2,0,0.89816725
,3641,3,0,0.62452227
,3642,0,2,1.0
,3642,1,0,0.8950199
,3642,2,0,0.83309215
,3642,3,0,0.6245382
,3643,0,0,0.9607346
,3643,1,0,0.63500625
,3643,2,2,1.0
,3643,3,0,0.6243566
,3644,0,2,1.0
,3644,1,0,0.6250115
,3644,2,0,0.96077186
,3644,3,0,0.624593
,3645,0,0,0.9607732
,3645,1,0,0.6246273
,3645,2,2,1.0
,3645,3,0,0.6246108
,3646,0,2,1.0
,3646,1,0,0.6246126
,3646,2,0,0.9607732
,3646,3,0,0.6246118
,3647,0,0,0.96077335
,3647,1,0,0.6246184
,3647,2,2,1.0
,3647,3,0,0.6246138
,3648,0,2,1.0
,3648,1,0,0.624781
,3648,2,0,0.9607741
,3648,3,0,0.6246633
,3649,0,0,0.9607791
,3649,1,0,0.6289525
,3649,2,2,1.0
,3649,3,0,0.6259564
,3650,0,2,1.0
,3650,1,0,0.7352769
,3650,2,0,0.9085007
,3650,3,0,0.65901625
,3651,0,0,0.688807
,3651,1,2,1.0
,3651,2,0,0.55653363
,3651,3,0,0.53063977
,3652,0,3,1.0
,3652,1,0,0.89356184
,3652,2,0,0.82057023
,3652,3,0,0.6164098
,3653,0,0,0.9753949
,3653,1,0,0.6723034
,3653,2,2,1.0
,3653,3,0,0.6618419
,3654,0,3,1.0
,3654,1,0,0.51965874
,3654,2,0,0.68194807
,3654,3,0,0.51890117
,3655,0,0,0.97539955
,3655,1,0,0.65469277
,3655,2,2,1.0
,3655,3,0,0.65462047
,3656,0,3,1.0
,3656,1,0,0.51870674
,3656,2,0,0.68175316
,3656,3,0,0.51804984
,3657,0,0,0.9754017
,3657,1,0,0.66971207
,3657,2,2,1.0
,3657,3,0,0.65445626
,3658,0,3,1.0
,3658,1,0,0.7491394
,3658,2,1,0.5651195
,3658,3,0,0.5161089
,3659,0,0,0.97820157
,3659,1,2,1.0
,3659,2,0,0.61351305
,3659,3,0,0.6167795
,3660,0,2,1.0
,3660,1,0,0.9607674
,3660,2,0,0.62443435
,3660,3,0,0.62425125
,3661,0,0,0.96079266
,3661,1,2,1.0
,3661,2,0,0.6325044
,3661,3,0,0.6245719
,3662,0,2,1.0
,3662,1,0,0.89825547
,3662,2,0,0.82687944
,3662,3,0,0.6247652
,3663,0,0,0.89816725
,3663,1,0,0.83316416
,3663,2,2,1.0
,3663,3,0,0.6245227
,3664,0,0,0.8330981
,3664,1,2,1.0
,3664,2,0,0.89514357
,3664,3,0,0.6245349
,3665,0,2,1.0
,3665,1,0,0.9607535
,3665,2,0,0.64282465
,3665,3,0,0.62434703
,3666,0,0,0.8951059
,3666,1,2,1.0
,3666,2,0,0.82705534
,3666,3,0,0.6250842
,3667,0,0,0.6349887
,3667,1,0,0.9607536
,3667,2,2,1.0
,3667,3,0,0.63228136
,3668,0,0,0.6252027
,3668,1,2,1.0
,3668,2,0,0.89523107
,3668,3,0,0.8268001
,3669,0,0,0.6246696
,3669,1,0,0.9607549
,3669,2,0,0.64282846
,3669,3,2,1.0
,3670,0,0,0.63269895
,3670,1,2,1.0
,3670,2,0,0.8271342
,3670,3,0,0.8950952
,3671,0,0,0.82672447
,3671,1,0,0.8981726
,3671,2,2,1.0
,3671,3,0,0.6351714
,3672,0,2,1.0
,3672,1,0,0.833093
,3672,2,0,0.89514035
,3672,3,0,0.62494415
,3673,0,0,0.9607542
,3673,1,2,1.0
,3673,2,0,0.64282507
,3673,3,0,0.62434804
,3674,0,2,1.0
,3674,1,0,0.8982525
,3674,2,0,0.82712376
,3674,3,0,0.6247476
,3675,0,0,0.89816743
,3675,1,0,0.83316743
,3675,2,2,1.0
,3675,3,0,0.62451935
,3676,0,0,0.83316517
,3676,1,2,1.0
,3676,2,0,0.89816743
,3676,3,0,0.6245104
,3677,0,2,1.0
,3677,1,0,0.8981674
,3677,2,0,0.83316547
,3677,3,0,0.62452173
,3678,0,0,0.898167
,3678,1,0,0.833168
,3678,2,2,1.0
,3678,3,0,0.6248211
,3679,0,0,0.833178
,3679,1,2,1.0
,3679,2,0,0.8951329
,3679,3,0,0.6324623
,3680,0,2,1.0
,3680,1,0,0.895138
,3680,2,0,0.64302117
,3680,3,0,0.82673466
,3681,0,0,0.8950157
,3681,1,0,0.64301294
,3681,2,0,0.826979
,3681,3,2,1.0
,3682,0,0,0.6354896
,3682,1,0,0.8269028
,3682,2,2,1.0
,3682,3,0,0.8950201
,3683,0,0,0.63267875
,3683,1,2,1.0
,3683,2,0,0.96075284
,3683,3,0,0.63497317
,3684,0,0,0.82687813
,3684,1,0,0.8982525
,3684,2,2,1.0
,3684,3,0,0.62516487
,3685,0,2,1.0
,3685,1,0,0.83316725
,3685,2,0,0.89816743
,3685,3,0,0.62453544
,3686,0,0,0.8981674
,3686,1,2,1.0
,3686,2,0,0.83316505
,3686,3,0,0.6245108
,3687,0,0,0.8331617
,3687,1,0,0.898167
,3687,2,2,1.0
,3687,3,0,0.62451637
,3688,0,2,1.0
,3688,1,0,0.83309597
,3688,2,0,0.8950601
,3688,3,0,0.6246381
,3689,0,0,0.96074426
,3689,1,2,1.0
,3689,2,0,0.6375705
,3689,3,0,0.62695193
,3690,0,2,1.0
,3690,1,0,0.91974413
,3690,2,0,0.6913641
,3690,3,0,0.69098324
