iter,t,j,argmax_state,max_prob
,0,0,3,0.5863214
,0,1,0,1.0
,0,2,0,1.0
,0,3,0,1.0
,1,0,0,0.8138819
,1,1,2,1.0
,1,2,0,0.9879129
,1,3,0,0.9253678
,2,0,0,0.90466297
,2,1,0,0.6982363
,2,2,0,0.9160137
,2,3,2,1.0
,3,0,0,0.85158813
,3,1,0,0.8529352
,3,2,2,1.0
,3,3,0,0.784909
,4,0,2,1.0
,4,1,0,0.8115568
,4,2,1,0.6427072
,4,3,0,0.96829194
,5,0,1,0.91434735
,5,1,2,1.0
,5,2,1,0.6008424
,5,3,0,0.99329334
,6,0,1,0.7822302
,6,1,1,0.590954
,6,2,3,1.0
,6,3,0,0.9965269
,7,0,2,1.0
,7,1,1,0.53196156
,7,2,0,0.644064
,7,3,0,0.995662
,8,0,1,0.9265387
,8,1,2,1.0
,8,2,0,0.945683
,8,3,0,0.9859725
,9,0,3,1.0
,9,1,1,0.6697808
,9,2,0,0.98554265
,9,3,0,0.91451216
,10,0,1,0.9617892
,10,1,0,0.9051579
,10,2,0,0.981446
,10,3,2,1.0
,11,0,3,1.0
,11,1,0,0.98338693
,11,2,0,0.91100913
,11,3,0,0.7849381
,12,0,1,0.9617892
,12,1,0,0.99236923
,12,2,2,1.0
,12,3,0,0.9683307
,13,0,3,1.0
,13,1,0,0.9811862
,13,2,1,0.9049728
,13,3,0,0.99335444
,14,0,1,0.7819631
,14,1,0,0.88873065
,14,2,2,1.0
,14,3,0,0.99674505
,15,0,1,0.7099925
,15,1,3,1.0
,15,2,0,0.69823617
,15,3,0,0.9970293
,16,0,3,0.9958304
,16,1,1,0.9500134
,16,2,0,0.8529352
,16,3,0,0.995761
,17,0,0,0.64273745
,17,1,2,1.0
,17,2,0,0.8115569
,17,3,0,0.9860092
,18,0,0,0.945476
,18,1,1,0.590954
,18,2,2,1.0
,18,3,0,0.91448796
,19,0,0,0.9854832
,19,1,1,0.53196156
,19,2,0,0.7849427
,19,3,2,0.9976145
,20,0,0,0.9813686
,20,1,2,1.0
,20,2,0,0.9683368
,20,3,1,0.98590237
,21,0,0,0.91064864
,21,1,1,0.590954
,21,2,0,0.99336404
,21,3,2,1.0
,22,0,2,0.98641104
,22,1,1,0.53196156
,22,2,0,0.9967789
,22,3,0,0.7849427
,23,0,1,0.9854993
,23,1,2,1.0
,23,2,0,0.9972415
,23,3,0,0.9683368
,24,0,2,0.9999951
,24,1,1,0.9265387
,24,2,0,0.9972805
,24,3,0,0.99336416
,25,0,1,0.98598796
,25,1,3,1.0
,25,2,0,0.9971074
,25,3,0,0.9967795
,26,0,2,1.0
,26,1,1,0.9500134
,26,2,0,0.9957775
,26,3,0,0.99724567
,27,0,1,0.9049728
,27,1,2,1.0
,27,2,0,0.98602426
,27,3,0,0.99730927
,28,0,2,1.0
,28,1,0,0.6982363
,28,2,0,0.91455203
,28,3,0,0.9973179
,29,0,1,0.9049728
,29,1,0,0.8529352
,29,2,2,1.0
,29,3,0,0.9973191
,30,0,2,1.0
,30,1,0,0.8115568
,30,2,1,0.59095407
,30,3,0,0.9973192
,31,0,1,0.590954
,31,1,2,1.0
,31,2,1,0.5319617
,31,3,0,0.9973192
,32,0,1,0.5319616
,32,1,1,0.590954
,32,2,2,1.0
,32,3,0,0.9973191
,33,0,2,1.0
,33,1,1,0.53196156
,33,2,0,0.69823635
,33,3,0,0.99731874
,34,0,1,0.9265387
,34,1,2,1.0
,34,2,0,0.8529352
,34,3,0,0.99731535
,35,0,3,1.0
,35,1,0,0.784909
,35,2,0,0.8115567
,35,3,0,0.9972906
,36,0,1,0.9500134
,36,1,0,0.96829194
,36,2,2,1.0
,36,3,0,0.99710894
,37,0,2,1.0
,37,1,0,0.99329334
,37,2,1,0.9049728
,37,3,0,0.99577785
,38,0,1,0.9049728
,38,1,0,0.9965269
,38,2,2,1.0
,38,3,0,0.98602426
,39,0,2,1.0
,39,1,0,0.995662
,39,2,0,0.7848989
,39,3,0,0.9145523
,40,0,1,0.9049728
,40,1,0,0.9859725
,40,2,0,0.96827865
,40,3,2,1.0
,41,0,2,1.0
,41,1,0,0.91451216
,41,2,0,0.9932721
,41,3,0,0.7849427
,42,0,1,0.9049728
,42,1,2,1.0
,42,2,0,0.99645174
,42,3,0,0.9683368
,43,0,2,1.0
,43,1,1,0.9049728
,43,2,0,0.9951901
,43,3,0,0.99336404
,44,0,1,0.9265387
,44,1,2,1.0
,44,2,0,0.98259395
,44,3,0,0.9967794
,45,0,3,1.0
,45,1,0,0.6982363
,45,2,0,0.8898354
,45,3,0,0.9972451
,46,0,1,0.9500134
,46,1,0,0.8529352
,46,2,3,1.0
,46,3,0,0.9973052
,47,0,2,1.0
,47,1,0,0.8115568
,47,2,0,0.9310883
,47,3,0,0.9972892
,48,0,1,0.9265387
,48,1,2,1.0
,48,2,0,0.98826575
,48,3,0,0.9971087
,49,0,3,1.0
,49,1,1,0.9049728
,49,2,0,0.99604416
,49,3,0,0.99577785
,50,0,1,0.9500134
,50,1,2,1.0
,50,2,0,0.99692744
,50,3,0,0.98602426
,51,0,2,1.0
,51,1,1,0.590954
,51,2,0,0.99574167
,51,3,0,0.9145523
,52,0,0,0.7846955
,52,1,1,0.53196156
,52,2,0,0.98600805
,52,3,2,1.0
,53,0,0,0.96800774
,53,1,2,1.0
,53,2,0,0.91453964
,53,3,0,0.6759393
,54,0,0,0.9928456
,54,1,1,0.9049728
,54,2,2,1.0
,54,3,0,0.8232592
,55,0,0,0.9949293
,55,1,2,1.0
,55,2,0,0.7849421
,55,3,0,0.76480436
,56,0,0,0.98564476
,56,1,1,0.9265387
,56,2,0,0.9683361
,56,3,3,1.0
,57,0,0,0.9142585
,57,1,3,1.0
,57,2,0,0.99336284
,57,3,0,0.5110466
,58,0,2,1.0
,58,1,1,0.9617892
,58,2,0,0.99677485
,58,3,0,0.74096286
,59,0,1,0.590954
,59,1,3,1.0
,59,2,0,0.99721605
,59,3,0,0.7002259
,60,0,1,0.53196156
,60,1,1,0.7424784
,60,2,0,0.99709815
,60,3,3,1.0
,61,0,2,1.0
,61,1,1,0.6492237
,61,2,0,0.9957758
,61,3,0,0.64650846
,62,0,1,0.98598814
,62,1,2,1.0
,62,2,0,0.9860233
,62,3,0,0.94944507
,63,0,2,1.0
,63,1,0,0.6982363
,63,2,0,0.9145514
,63,3,0,0.9907858
,64,0,1,0.9049728
,64,1,0,0.8529352
,64,2,2,1.0
,64,3,0,0.996427
,65,0,2,1.0
,65,1,0,0.8115568
,65,2,0,0.69823635
,65,3,0,0.99719346
,66,0,1,0.9049728
,66,1,2,1.0
,66,2,0,0.8529352
,66,3,0,0.9972738
,67,0,2,1.0
,67,1,0,0.7831344
,67,2,0,0.8115567
,67,3,0,0.99710643
,68,0,1,0.9049728
,68,1,0,0.9659301
,68,2,2,1.0
,68,3,0,0.99577737
,69,0,2,1.0
,69,1,0,0.98957235
,69,2,1,0.9049728
,69,3,0,0.986024
,70,0,1,0.76153016
,70,1,0,0.98324865
,70,2,2,1.0
,70,3,0,0.91455203
,71,0,0,0.6472837
,71,1,0,0.9124042
,71,2,0,0.6759394
,71,3,2,1.0
,72,0,0,0.6524066
,72,1,2,1.0
,72,2,0,0.8232592
,72,3,0,0.7849419
,73,0,2,1.0
,73,1,0,0.7849427
,73,2,0,0.7648043
,73,3,0,0.96833575
,74,0,1,0.9049728
,74,1,0,0.9683368
,74,2,3,1.0
,74,3,0,0.99336237
,75,0,2,1.0
,75,1,0,0.99336416
,75,2,1,0.9500133
,75,3,0,0.9967735
,76,0,1,0.9049728
,76,1,0,0.9967795
,76,2,2,1.0
,76,3,0,0.9972074
,77,0,2,1.0
,77,1,0,0.99724555
,77,2,1,0.9049728
,77,3,0,0.99703515
,78,0,1,0.9265387
,78,1,0,0.99730855
,78,2,2,1.0
,78,3,0,0.9953161
,79,0,3,1.0
,79,1,0,0.99731284
,79,2,0,0.7849427
,79,3,0,0.9826569
,80,0,2,1.0
,80,1,0,0.9972818
,80,2,0,0.9683368
,80,3,0,0.8898847
,81,0,1,0.9049728
,81,1,0,0.9970462
,81,2,0,0.9933638
,81,3,3,1.0
,82,0,2,1.0
,82,1,0,0.9953184
,82,2,0,0.99677867
,82,3,1,0.9617892
,83,0,1,0.9265387
,83,1,0,0.98265815
,83,2,0,0.9972403
,83,3,3,1.0
,84,0,3,1.0
,84,1,0,0.88988566
,84,2,0,0.9972717
,84,3,0,0.53691614
,85,0,1,0.9500134
,85,1,3,1.0
,85,2,0,0.9970446
,85,3,0,0.78077745
,86,0,2,1.0
,86,1,0,0.644064
,86,2,0,0.9953182
,86,3,0,0.75571513
,87,0,1,0.9049728
,87,1,0,0.9456829
,87,2,0,0.9826579
,87,3,2,1.0
,88,0,2,1.0
,88,1,0,0.98554254
,88,2,0,0.8898855
,88,3,0,0.7831344
,89,0,1,0.9049728
,89,1,0,0.98144615
,89,2,3,1.0
,89,3,0,0.9659301
,90,0,2,1.0
,90,1,0,0.91100925
,90,2,0,0.6464629
,90,3,0,0.98957235
,91,0,1,0.9265387
,91,1,2,1.0
,91,2,0,0.9493748
,91,3,0,0.98324865
,92,0,3,1.0
,92,1,0,0.6982363
,92,2,0,0.9906881
,92,3,0,0.9124042
,93,0,1,0.9617892
,93,1,0,0.8529352
,93,2,0,0.9961477
,93,3,2,1.0
,94,0,3,1.0
,94,1,0,0.8115568
,94,2,0,0.99558663
,94,3,0,0.78259706
,95,0,1,0.950014
,95,1,2,1.0
,95,2,0,0.98593867
,95,3,0,0.96521485
,96,0,2,0.9999498
,96,1,0,0.78259706
,96,2,0,0.914486
,96,3,0,0.9884457
,97,0,1,0.9049635
,97,1,0,0.96521485
,97,2,2,1.0
,97,3,0,0.9792279
,98,0,2,1.0
,98,1,0,0.9884457
,98,2,0,0.7849427
,98,3,0,0.887194
,99,0,1,0.9265387
,99,1,0,0.9792279
,99,2,0,0.9683368
,99,3,3,1.0
,100,0,3,1.0
,100,1,0,0.887194
,100,2,0,0.99336404
,100,3,1,0.7424784
,101,0,0,0.6290109
,101,1,3,0.99999964
,101,2,0,0.9967789
,101,3,1,0.6492237
,102,0,0,0.9225156
,102,1,1,0.9617892
,102,2,0,0.9972415
,102,3,2,1.0
,103,0,0,0.95325434
,103,1,3,1.0
,103,2,0,0.9972805
,103,3,1,0.98598814
,104,0,0,0.88919204
,104,1,1,0.7821285
,104,2,0,0.9971074
,104,3,2,1.0
,105,0,2,1.0
,105,1,1,0.71024704
,105,2,0,0.9957775
,105,3,1,0.64270735
,106,0,0,0.7718795
,106,1,3,1.0
,106,2,0,0.98602426
,106,3,1,0.6008424
,107,0,0,0.95095044
,107,1,1,0.7424784
,107,2,0,0.91455203
,107,3,3,1.0
,108,0,0,0.96597296
,108,1,1,0.6492237
,108,2,2,1.0
,108,3,0,0.6290109
,109,0,0,0.8990341
,109,1,2,1.0
,109,2,0,0.7849427
,109,3,0,0.9225156
,110,0,2,0.99996483
,110,1,0,0.7718797
,110,2,0,0.9683368
,110,3,0,0.95325434
,111,0,3,1.0
,111,1,0,0.95095056
,111,2,0,0.99336404
,111,3,0,0.88919204
,112,0,1,0.9617892
,112,1,0,0.9659733
,112,2,0,0.9967796
,112,3,2,1.0
,113,0,3,1.0
,113,1,0,0.89903504
,113,2,0,0.99724555
,113,3,1,0.590954
,114,0,0,0.6239765
,114,1,2,1.0
,114,2,0,0.99730927
,114,3,1,0.53196156
,115,0,0,0.9147674
,115,1,1,0.9049728
,115,2,0,0.9973178
,115,3,2,1.0
,116,0,0,0.9424558
,116,1,2,0.9999999
,116,2,0,0.9973185
,116,3,1,0.9049728
,117,0,0,0.8583387
,117,1,0,0.7718797
,117,2,0,0.9973152
,117,3,2,1.0
,118,0,3,1.0
,118,1,0,0.95095056
,118,2,0,0.9972905
,118,3,1,0.9049728
,119,0,1,0.9500134
,119,1,0,0.9659733
,119,2,0,0.9971088
,119,3,2,1.0
,120,0,2,1.0
,120,1,0,0.89903504
,120,2,0,0.99577796
,120,3,1,0.590954
,121,0,0,0.7831344
,121,1,2,1.0
,121,2,0,0.98602426
,121,3,1,0.5319616
,122,0,0,0.9659301
,122,1,1,0.91434735
,122,2,0,0.9145523
,122,3,2,1.0
,123,0,0,0.98957235
,123,1,1,0.7822302
,123,2,2,1.0
,123,3,0,0.7718797
,124,0,0,0.98324865
,124,1,2,1.0
,124,2,1,0.9049728
,124,3,0,0.95095056
,125,0,0,0.9124042
,125,1,0,0.7718797
,125,2,2,1.0
,125,3,0,0.9659733
,126,0,2,1.0
,126,1,0,0.95095056
,126,2,1,0.69052166
,126,3,0,0.89903504
,127,0,1,0.9049728
,127,1,0,0.9659733
,127,2,0,0.8468628
,127,3,2,1.0
,128,0,2,1.0
,128,1,0,0.89903504
,128,2,0,0.9085654
,128,3,0,0.7849427
,129,0,0,0.78259706
,129,1,2,1.0
,129,2,0,0.8317446
,129,3,0,0.9683368
,130,0,0,0.96521485
,130,1,1,0.98598814
,130,2,3,1.0
,130,3,0,0.99336416
,131,0,0,0.9884457
,131,1,2,1.0
,131,2,1,0.9617892
,131,3,0,0.9967795
,132,0,0,0.9792279
,132,1,1,0.9265387
,132,2,3,1.0
,132,3,0,0.99724567
,133,0,0,0.887194
,133,1,3,1.0
,133,2,0,0.6464629
,133,3,0,0.99730927
,134,0,3,0.9999999
,134,1,1,0.9617892
,134,2,0,0.9493748
,134,3,0,0.9973179
,135,0,1,0.9500134
,135,1,3,0.99999964
,135,2,0,0.9906881
,135,3,0,0.9973191
,136,0,2,1.0
,136,1,1,0.9617892
,136,2,0,0.9961477
,136,3,0,0.9973192
,137,0,1,0.9049728
,137,1,3,1.0
,137,2,0,0.99558663
,137,3,0,0.9973192
,138,0,2,1.0
,138,1,1,0.9500134
,138,2,0,0.98593867
,138,3,0,0.9973192
,139,0,0,0.78259706
,139,1,2,1.0
,139,2,0,0.914486
,139,3,0,0.9973192
,140,0,0,0.96521485
,140,1,1,0.9265387
,140,2,2,1.0
,140,3,0,0.9973192
,141,0,0,0.9884457
,141,1,3,1.0
,141,2,1,0.9265387
,141,3,0,0.9973192
,142,0,0,0.9792279
,142,1,1,0.9617892
,142,2,3,1.0
,142,3,0,0.9973192
,143,0,0,0.887194
,143,1,3,1.0
,143,2,1,0.74247825
,143,3,0,0.99731874
,144,0,3,1.0
,144,1,0,0.53691614
,144,2,1,0.6492237
,144,3,0,0.99731535
,145,0,1,0.9500134
,145,1,0,0.78077745
,145,2,2,1.0
,145,3,0,0.9972906
,146,0,2,1.0
,146,1,0,0.75571513
,146,2,1,0.59095395
,146,3,0,0.99710894
,147,0,1,0.6859052
,147,1,2,1.0
,147,2,1,0.53196156
,147,3,0,0.99577785
,148,0,0,0.85983795
,148,1,1,0.9049728
,148,2,2,1.0
,148,3,0,0.98602426
,149,0,0,0.9252189
,149,1,2,1.0
,149,2,0,0.7849427
,149,3,0,0.9145523
,150,0,0,0.86749595
,150,1,0,0.7849381
,150,2,0,0.9683368
,150,3,2,1.0
,151,0,2,1.0
,151,1,0,0.9683307
,151,2,0,0.9933638
,151,3,1,0.9265387
,152,0,1,0.9049728
,152,1,0,0.99335444
,152,2,0,0.99677867
,152,3,3,1.0
,153,0,2,1.0
,153,1,0,0.99674505
,153,2,0,0.9972403
,153,3,1,0.9500134
,154,0,1,0.98598814
,154,1,0,0.9970294
,154,2,0,0.9972717
,154,3,2,1.0
,155,0,2,1.0
,155,1,0,0.99576205
,155,2,0,0.9970446
,155,3,1,0.9049728
,156,0,1,0.98598814
,156,1,0,0.9860172
,156,2,0,0.9953182
,156,3,2,1.0
,157,0,2,1.0
,157,1,0,0.9145468
,157,2,0,0.9826579
,157,3,0,0.7846955
,158,0,1,0.590954
,158,1,2,1.0
,158,2,0,0.8898855
,158,3,0,0.96800774
,159,0,1,0.5319616
,159,1,0,0.7831344
,159,2,3,1.0
,159,3,0,0.9928456
,160,0,2,1.0
,160,1,0,0.9659301
,160,2,1,0.9617892
,160,3,0,0.9949293
,161,0,1,0.9049728
,161,1,0,0.98957235
,161,2,3,1.0
,161,3,0,0.98564476
,162,0,2,1.0
,162,1,0,0.98324865
,162,2,0,0.53691626
,162,3,0,0.9142585
,163,0,0,0.7718797
,163,1,0,0.9124042
,163,2,0,0.78077745
,163,3,2,1.0
,164,0,0,0.95095056
,164,1,2,1.0
,164,2,0,0.75571513
,164,3,1,0.590954
,165,0,0,0.9659733
,165,1,1,0.6859052
,165,2,2,1.0
,165,3,1,0.53196156
,166,0,0,0.89903504
,166,1,0,0.85983783
,166,2,1,0.59095675
,166,3,2,1.0
,167,0,2,1.0
,167,1,0,0.9252189
,167,2,1,0.5319652
,167,3,1,0.67171973
,168,0,1,0.590954
,168,1,0,0.86749595
,168,2,2,0.999948
,168,3,0,0.8997082
,169,0,1,0.53196156
,169,1,2,1.0
,169,2,1,0.66938823
,169,3,0,0.97639227
,170,0,2,1.0
,170,1,1,0.9049728
,170,2,0,0.9062173
,170,3,0,0.9773532
,171,0,1,0.91434735
,171,1,2,1.0
,171,2,0,0.9847441
,171,3,0,0.9078418
,172,0,1,0.7822302
,172,1,0,0.784909
,172,2,0,0.99528235
,172,3,2,1.0
,173,0,2,1.0
,173,1,0,0.96829194
,173,2,0,0.9954143
,173,3,1,0.9049728
,174,0,1,0.98598814
,174,1,0,0.99329334
,174,2,0,0.9858616
,174,3,2,1.0
,175,0,2,1.0
,175,1,0,0.9965269
,175,2,0,0.91442645
,175,3,1,0.91434735
,176,0,1,0.590954
,176,1,0,0.995662
,176,2,2,1.0
,176,3,1,0.7822302
,177,0,1,0.5319616
,177,1,0,0.9859725
,177,2,0,0.69823635
,177,3,2,1.0
,178,0,2,1.0
,178,1,0,0.91451216
,178,2,0,0.8529352
,178,3,0,0.6982363
,179,0,0,0.7849421
,179,1,2,1.0
,179,2,0,0.8115569
,179,3,0,0.8529352
,180,0,0,0.968336
,180,1,1,0.590954
,180,2,2,1.0
,180,3,0,0.8115568
,181,0,0,0.99336284
,181,1,1,0.53196156
,181,2,1,0.91434735
,181,3,2,1.0
,182,0,0,0.99677473
,182,1,2,1.0
,182,2,1,0.7822302
,182,3,0,0.6982363
,183,0,0,0.99721605
,183,1,1,0.9049728
,183,2,2,1.0
,183,3,0,0.8529352
,184,0,0,0.997098
,184,1,2,1.0
,184,2,1,0.59095395
,184,3,0,0.8115568
,185,0,0,0.9957757
,185,1,1,0.5909542
,185,2,1,0.5319617
,185,3,2,1.0
,186,0,0,0.9860233
,186,1,1,0.5319618
,186,2,2,1.0
,186,3,0,0.6982363
,187,0,0,0.9145515
,187,1,2,0.99999714
,187,2,0,0.7849427
,187,3,0,0.8529352
,188,0,2,1.0
,188,1,1,0.5909532
,188,2,0,0.9683368
,188,3,0,0.8115568
,189,0,0,0.6982363
,189,1,1,0.53196096
,189,2,0,0.99336404
,189,3,2,1.0
,190,0,0,0.8529352
,190,1,2,0.9999988
,190,2,0,0.9967789
,190,3,1,0.9049728
,191,0,0,0.8115568
,191,1,1,0.59095407
,191,2,0,0.9972415
,191,3,2,1.0
,192,0,2,1.0
,192,1,1,0.53196186
,192,2,0,0.9972805
,192,3,0,0.6759393
,193,0,1,0.9049728
,193,1,2,0.99999166
,193,2,0,0.9971074
,193,3,0,0.8232592
,194,0,2,1.0
,194,1,1,0.6427047
,194,2,0,0.9957775
,194,3,0,0.7648043
,195,0,0,0.7849381
,195,1,1,0.6008404
,195,2,0,0.98602426
,195,3,3,1.0
,196,0,0,0.9683307
,196,1,3,1.0
,196,2,0,0.91455203
,196,3,1,0.7424784
,197,0,0,0.99335444
,197,1,1,0.7424784
,197,2,2,1.0
,197,3,1,0.6492237
,198,0,0,0.99674505
,198,1,1,0.6492237
,198,2,1,0.59095395
,198,3,2,1.0
,199,0,0,0.9970294
,199,1,2,1.0
,199,2,1,0.5319617
,199,3,0,0.6982363
,200,0,0,0.99576205
,200,1,1,0.9049728
,200,2,2,1.0
,200,3,0,0.8529352
,201,0,0,0.9860172
,201,1,2,1.0
,201,2,0,0.7849427
,201,3,0,0.8115568
,202,0,0,0.9145468
,202,1,1,0.91434735
,202,2,0,0.9683368
,202,3,2,1.0
,203,0,2,1.0
,203,1,1,0.7822302
,203,2,0,0.99336404
,203,3,0,0.7849427
,204,0,1,0.9049728
,204,1,2,1.0
,204,2,0,0.9967794
,204,3,0,0.9683368
,205,0,2,1.0
,205,1,1,0.9049728
,205,2,0,0.99724555
,205,3,0,0.99336416
,206,0,1,0.9049728
,206,1,2,1.0
,206,2,0,0.99730927
,206,3,0,0.9967795
,207,0,2,1.0
,207,1,1,0.9051478
,207,2,0,0.9973178
,207,3,0,0.99724555
,208,0,1,0.9049728
,208,1,2,0.99188477
,208,2,0,0.9973185
,208,3,0,0.99730915
,209,0,2,1.0
,209,1,1,0.98569626
,209,2,0,0.9973152
,209,3,0,0.9973173
,210,0,1,0.9049728
,210,1,2,1.0
,210,2,0,0.9972905
,210,3,0,0.9973152
,211,0,2,0.99999964
,211,1,1,0.9049728
,211,2,0,0.9971088
,211,3,0,0.9972905
,212,0,1,0.9049728
,212,1,2,1.0
,212,2,0,0.99577796
,212,3,0,0.99710894
,213,0,2,1.0
,213,1,1,0.9049728
,213,2,0,0.98602426
,213,3,0,0.99577785
,214,0,0,0.7849427
,214,1,2,1.0
,214,2,0,0.9145516
,214,3,0,0.98602426
,215,0,0,0.9683368
,215,1,1,0.590954
,215,2,2,0.9999714
,215,3,0,0.9145523
,216,0,0,0.99336416
,216,1,1,0.5319616
,216,2,1,0.6858962
,216,3,2,1.0
,217,0,0,0.9967795
,217,1,2,1.0
,217,2,0,0.8598397
,217,3,1,0.98598814
,218,0,0,0.99724567
,218,1,1,0.9049728
,218,2,0,0.9252198
,218,3,2,1.0
,219,0,0,0.99730927
,219,1,2,1.0
,219,2,0,0.86749655
,219,3,0,0.6982363
,220,0,0,0.9973178
,220,1,1,0.9049728
,220,2,2,1.0
,220,3,0,0.8529352
,221,0,0,0.997319
,221,1,2,1.0
,221,2,1,0.7615302
,221,3,0,0.8115568
,222,0,0,0.9973185
,222,1,1,0.9049728
,222,2,0,0.6472837
,222,3,2,1.0
,223,0,0,0.99731416
,223,1,2,1.0
,223,2,0,0.6524066
,223,3,1,0.914383
,224,0,0,0.997282
,224,1,0,0.784909
,224,2,2,0.9999995
,224,3,1,0.7823301
,225,0,0,0.9970462
,225,1,0,0.96829194
,225,2,1,0.9049728
,225,3,2,0.9977332
,226,0,0,0.9953184
,226,1,0,0.99329334
,226,2,2,1.0
,226,3,1,0.9859066
,227,0,0,0.98265815
,227,1,0,0.9965269
,227,2,1,0.9859881
,227,3,2,1.0
,228,0,0,0.88988566
,228,1,0,0.995662
,228,2,2,1.0
,228,3,1,0.590954
,229,0,3,1.0
,229,1,0,0.9859725
,229,2,0,0.7849427
,229,3,1,0.5319616
,230,0,0,0.6464629
,230,1,0,0.91451216
,230,2,0,0.9683368
,230,3,2,1.0
,231,0,0,0.94937485
,231,1,2,1.0
,231,2,0,0.99336404
,231,3,1,0.98598814
,232,0,0,0.99068797
,232,1,1,0.9049728
,232,2,0,0.9967796
,232,3,2,1.0
,233,0,0,0.9961477
,233,1,2,1.0
,233,2,0,0.99724555
,233,3,1,0.9049728
,234,0,0,0.9955865
,234,1,1,0.9049728
,234,2,0,0.99730927
,234,3,2,1.0
,235,0,0,0.98593867
,235,1,2,1.0
,235,2,0,0.9973178
,235,3,1,0.9049728
,236,0,0,0.914486
,236,1,1,0.590954
,236,2,0,0.997319
,236,3,2,1.0
,237,0,2,1.0
,237,1,1,0.53196156
,237,2,0,0.9973192
,237,3,1,0.590954
,238,0,0,0.7831344
,238,1,2,1.0
,238,2,0,0.9973192
,238,3,1,0.53196156
,239,0,0,0.9659301
,239,1,1,0.9049728
,239,2,0,0.9973192
,239,3,2,1.0
,240,0,0,0.98957235
,240,1,2,1.0
,240,2,0,0.9973192
,240,3,1,0.9049728
,241,0,0,0.98324865
,241,1,1,0.9049728
,241,2,0,0.99731874
,241,3,2,1.0
,242,0,0,0.9124042
,242,1,2,1.0
,242,2,0,0.99731547
,242,3,0,0.6982363
,243,0,2,1.0
,243,1,1,0.9049728
,243,2,0,0.9972905
,243,3,0,0.8529352
,244,0,1,0.590954
,244,1,2,1.0
,244,2,0,0.9971088
,244,3,0,0.8115568
,245,0,1,0.5319616
,245,1,1,0.590954
,245,2,0,0.99577796
,245,3,2,1.0
,246,0,2,1.0
,246,1,1,0.53196156
,246,2,0,0.98602426
,246,3,0,0.7849427
,247,0,1,0.59131205
,247,1,2,1.0
,247,2,0,0.9145523
,247,3,0,0.9683368
,248,0,1,0.5324381
,248,1,1,0.590954
,248,2,2,1.0
,248,3,0,0.99336416
,249,0,2,0.9930813
,249,1,1,0.5319616
,249,2,0,0.7825971
,249,3,0,0.9967795
,250,0,1,0.98573923
,250,1,2,1.0
,250,2,0,0.96521497
,250,3,0,0.99724567
,251,0,2,1.0
,251,1,1,0.9049728
,251,2,0,0.9884456
,251,3,0,0.99730927
,252,0,1,0.9049728
,252,1,2,1.0
,252,2,0,0.9792279
,252,3,0,0.9973179
,253,0,2,1.0
,253,1,0,0.784909
,253,2,0,0.887194
,253,3,0,0.9973191
,254,0,1,0.9049728
,254,1,0,0.96829194
,254,2,3,1.0
,254,3,0,0.9973192
,255,0,2,1.0
,255,1,0,0.99329334
,255,2,1,0.72377056
,255,3,0,0.9973191
,256,0,1,0.9049728
,256,1,0,0.9965269
,256,2,2,0.9298551
,256,3,0,0.99731874
,257,0,2,1.0
,257,1,0,0.995662
,257,2,1,0.89200157
,257,3,0,0.99731535
,258,0,1,0.9049728
,258,1,0,0.9859725
,258,2,2,1.0
,258,3,0,0.9972906
,259,0,2,1.0
,259,1,0,0.91451216
,259,2,0,0.784938
,259,3,0,0.99710894
,260,0,1,0.9049728
,260,1,2,1.0
,260,2,0,0.9683308
,260,3,0,0.99577785
,261,0,2,1.0
,261,1,1,0.9049728
,261,2,0,0.99335456
,261,3,0,0.98602426
,262,0,1,0.590954
,262,1,2,1.0
,262,2,0,0.99674493
,262,3,0,0.9145523
,263,0,1,0.53196156
,263,1,0,0.7846955
,263,2,0,0.9970294
,263,3,2,1.0
,264,0,2,1.0
,264,1,0,0.96800774
,264,2,0,0.99576205
,264,3,1,0.9049728
,265,0,1,0.98598814
,265,1,0,0.9928456
,265,2,0,0.9860172
,265,3,2,1.0
,266,0,2,1.0
,266,1,0,0.9949293
,266,2,0,0.9145468
,266,3,0,0.7848989
,267,0,1,0.9049728
,267,1,0,0.98564476
,267,2,2,1.0
,267,3,0,0.9682785
,268,0,2,1.0
,268,1,0,0.9142585
,268,2,0,0.7849421
,268,3,0,0.99327224
,269,0,1,0.9265387
,269,1,2,1.0
,269,2,0,0.9683361
,269,3,0,0.99645174
,270,0,3,1.0
,270,1,1,0.9049728
,270,2,0,0.99336284
,270,3,0,0.9951902
,271,0,1,0.9500134
,271,1,2,0.9999999
,271,2,0,0.99677485
,271,3,0,0.9825941
,272,0,2,1.0
,272,1,0,0.6982363
,272,2,0,0.99721605
,272,3,0,0.8898354
,273,0,1,0.9049728
,273,1,0,0.8529352
,273,2,0,0.99709815
,273,3,3,1.0
,274,0,2,1.0
,274,1,0,0.8115568
,274,2,0,0.9957756
,274,3,0,0.64644927
,275,0,1,0.9049728
,275,1,2,1.0
,275,2,0,0.98602283
,275,3,0,0.94935393
,276,0,2,1.0
,276,1,0,0.784909
,276,2,0,0.91454834
,276,3,0,0.9906588
,277,0,1,0.9049728
,277,1,0,0.96829194
,277,2,2,0.99987316
,277,3,0,0.9960642
,278,0,2,1.0
,278,1,0,0.99329334
,278,2,1,0.9859881
,278,3,0,0.99510646
,279,0,1,0.9893837
,279,1,0,0.9965269
,279,2,2,0.9986612
,279,3,0,0.9825523
,280,0,3,1.0
,280,1,0,0.995662
,280,2,1,0.9141174
,280,3,0,0.88980263
,281,0,0,0.64650226
,281,1,0,0.9859725
,281,2,1,0.78205216
,281,3,3,1.0
,282,0,0,0.94943553
,282,1,0,0.91451216
,282,2,2,1.0
,282,3,0,0.64333904
,283,0,0,0.99077266
,283,1,2,1.0
,283,2,1,0.9049728
,283,3,0,0.94456714
,284,0,0,0.9963895
,284,1,1,0.9049728
,284,2,2,1.0
,284,3,0,0.98398745
,285,0,0,0.99697775
,285,1,2,1.0
,285,2,1,0.9049728
,285,3,0,0.977003
,286,0,0,0.99575174
,286,1,0,0.7718791
,286,2,2,1.0
,286,3,0,0.885448
,287,0,0,0.98601264
,287,1,0,0.95094997
,287,2,1,0.9049728
,287,3,3,1.0
,288,0,0,0.9145432
,288,1,0,0.96597224
,288,2,2,1.0
,288,3,0,0.5110465
,289,0,2,1.0
,289,1,0,0.8990316
,289,2,0,0.78313434
,289,3,0,0.74096286
,290,0,0,0.784909
,290,1,2,0.99987805
,290,2,0,0.96593
,290,3,0,0.70022595
,291,0,0,0.96829194
,291,1,1,0.9049502
,291,2,0,0.98957247
,291,3,3,1.0
,292,0,0,0.99329334
,292,1,2,1.0
,292,2,0,0.98324853
,292,3,1,0.9617892
,293,0,0,0.9965269
,293,1,1,0.930029
,293,2,0,0.9124042
,293,3,3,1.0
,294,0,0,0.995662
,294,1,1,0.82630545
,294,2,2,1.0
,294,3,1,0.7815675
,295,0,0,0.9859725
,295,1,3,1.0
,295,2,0,0.7849427
,295,3,1,0.70938367
,296,0,0,0.91451216
,296,1,0,0.89547557
,296,2,0,0.9683368
,296,3,3,0.9858524
,297,0,2,1.0
,297,1,0,0.94115955
,297,2,0,0.99336404
,297,3,1,0.96217954
,298,0,0,0.784909
,298,1,0,0.87983215
,298,2,0,0.9967794
,298,3,3,1.0
,299,0,0,0.96829194
,299,1,2,0.9999999
,299,2,0,0.99724555
,299,3,1,0.9500134
,300,0,0,0.99329334
,300,1,1,0.9893837
,300,2,0,0.997309
,300,3,2,1.0
,301,0,0,0.9965269
,301,1,3,1.0
,301,2,0,0.9973171
,301,3,1,0.9049728
,302,0,0,0.995662
,302,1,1,0.9500134
,302,2,0,0.99731404
,302,3,2,1.0
,303,0,0,0.9859725
,303,1,2,1.0
,303,2,0,0.9972819
,303,3,1,0.9049728
,304,0,0,0.91451216
,304,1,1,0.76153016
,304,2,0,0.9970463
,304,3,2,1.0
,305,0,2,1.0
,305,1,0,0.6472837
,305,2,0,0.9953184
,305,3,1,0.9265387
,306,0,0,0.7846955
,306,1,0,0.6524066
,306,2,0,0.98265815
,306,3,3,1.0
,307,0,0,0.96800774
,307,1,2,1.0
,307,2,0,0.88988566
,307,3,0,0.5110465
,308,0,0,0.9928456
,308,1,1,0.9049728
,308,2,3,1.0
,308,3,0,0.74096286
,309,0,0,0.9949293
,309,1,2,1.0
,309,2,0,0.6465087
,309,3,0,0.70022595
,310,0,0,0.98564476
,310,1,1,0.9265387
,310,2,0,0.9494452
,310,3,3,1.0
,311,0,0,0.9142585
,311,1,3,1.0
,311,2,0,0.99078614
,311,3,1,0.7424784
,312,0,2,1.0
,312,1,1,0.7424784
,312,2,0,0.9964277
,312,3,1,0.6492237
,313,0,0,0.6982363
,313,1,1,0.6492237
,313,2,0,0.9971975
,313,3,2,1.0
,314,0,0,0.8529352
,314,1,2,1.0
,314,2,0,0.9973026
,314,3,1,0.9893837
,315,0,0,0.8115568
,315,1,1,0.64270735
,315,2,0,0.9973171
,315,3,3,1.0
,316,0,2,1.0
,316,1,1,0.6008424
,316,2,0,0.997319
,316,3,1,0.7821285
,317,0,1,0.6859052
,317,1,3,1.0
,317,2,0,0.997319
,317,3,1,0.7102471
,318,0,0,0.85983783
,318,1,1,0.9500134
,318,2,0,0.9973185
,318,3,3,1.0
,319,0,0,0.9252189
,319,1,2,1.0
,319,2,0,0.9973143
,319,3,1,0.9500134
,320,0,0,0.86749595
,320,1,0,0.78493667
,320,2,0,0.9972819
,320,3,2,1.0
,321,0,2,1.0
,321,1,0,0.96832895
,321,2,0,0.9970463
,321,3,1,0.98598814
,322,0,1,0.9265387
,322,1,0,0.9933516
,322,2,0,0.9953184
,322,3,2,1.0
,323,0,3,1.0
,323,1,0,0.99673474
,323,2,0,0.98265815
,323,3,1,0.9049728
,324,0,0,0.5110465
,324,1,0,0.9969651
,324,2,0,0.88988566
,324,3,2,1.0
,325,0,0,0.74096286
,325,1,0,0.995301
,325,2,3,1.0
,325,3,1,0.9265387
,326,0,0,0.7002259
,326,1,0,0.9826494
,326,2,0,0.644064
,326,3,3,1.0
,327,0,3,1.0
,327,1,0,0.8898788
,327,2,0,0.945683
,327,3,0,0.644064
,328,0,1,0.7730609
,328,1,3,1.0
,328,2,0,0.9855424
,328,3,0,0.9456829
,329,0,3,1.0
,329,1,1,0.9500134
,329,2,0,0.981446
,329,3,0,0.98554254
,330,0,0,0.64650846
,330,1,2,1.0
,330,2,0,0.9110087
,330,3,0,0.98144615
,331,0,0,0.94944507
,331,1,1,0.6693665
,331,2,2,0.9999826
,331,3,0,0.91100925
,332,0,0,0.9907858
,332,1,0,0.90632254
,332,2,1,0.9049695
,332,3,2,1.0
,333,0,0,0.996427
,333,1,0,0.9848817
,333,2,2,1.0
,333,3,1,0.9893837
,334,0,0,0.99719346
,334,1,0,0.9955782
,334,2,1,0.9049728
,334,3,3,1.0
,335,0,0,0.9972738
,335,1,0,0.9968596
,335,2,2,1.0
,335,3,1,0.9617892
,336,0,0,0.99710643
,336,1,0,0.99572825
,336,2,1,0.9049728
,336,3,3,0.99999964
,337,0,0,0.99577737
,337,1,0,0.98600215
,337,2,2,1.0
,337,3,1,0.9617892
,338,0,0,0.986024
,338,1,0,0.91453505
,338,2,0,0.78313434
,338,3,3,1.0
,339,0,0,0.91455203
,339,1,2,1.0
,339,2,0,0.96593
,339,3,0,0.6464629
,340,0,2,1.0
,340,1,1,0.9049728
,340,2,0,0.98957247
,340,3,0,0.94937485
,341,0,1,0.9049728
,341,1,2,1.0
,341,2,0,0.98324853
,341,3,0,0.99068797
,342,0,2,1.0
,342,1,1,0.590954
,342,2,0,0.9124042
,342,3,0,0.9961477
,343,0,1,0.590954
,343,1,1,0.53196156
,343,2,2,1.0
,343,3,0,0.9955865
,344,0,1,0.5319616
,344,1,2,1.0
,344,2,0,0.78313434
,344,3,0,0.98593867
,345,0,2,1.0
,345,1,1,0.590954
,345,2,0,0.96593
,345,3,0,0.914486
,346,0,1,0.59234184
,346,1,1,0.53196156
,346,2,0,0.98957247
,346,3,2,1.0
,347,0,1,0.53380865
,347,1,2,1.0
,347,2,0,0.98324853
,347,3,0,0.784909
,348,0,2,0.9731842
,348,1,0,0.6982363
,348,2,0,0.9124042
,348,3,0,0.96829194
,349,0,1,0.98502344
,349,1,0,0.8529352
,349,2,2,1.0
,349,3,0,0.99329334
,350,0,2,1.0
,350,1,0,0.8115568
,350,2,1,0.91434735
,350,3,0,0.9965269
,351,0,1,0.590954
,351,1,2,0.9999999
,351,2,1,0.7822302
,351,3,0,0.995662
,352,0,1,0.5319616
,352,1,1,0.66936123
,352,2,2,1.0
,352,3,0,0.9859725
,353,0,2,1.0
,353,1,0,0.9063372
,353,2,0,0.69823635
,353,3,0,0.91451216
,354,0,1,0.9049728
,354,1,0,0.9849006
,354,2,0,0.8529352
,354,3,2,1.0
,355,0,2,1.0
,355,1,0,0.9956186
,355,2,0,0.8115569
,355,3,0,0.7849381
,356,0,1,0.98598814
,356,1,0,0.9970569
,356,2,2,1.0
,356,3,0,0.9683307
,357,0,2,1.0
,357,1,0,0.99707484
,357,2,1,0.9049728
,357,3,0,0.99335444
,358,0,1,0.9049728
,358,1,0,0.99577105
,358,2,2,1.0
,358,3,0,0.99674505
,359,0,2,1.0
,359,1,0,0.98602134
,359,2,1,0.9049728
,359,3,0,0.9970294
,360,0,1,0.590954
,360,1,0,0.9145499
,360,2,2,1.0
,360,3,0,0.99576205
,361,0,1,0.53196156
,361,1,2,1.0
,361,2,0,0.7849427
,361,3,0,0.9860172
,362,0,2,1.0
,362,1,1,0.590954
,362,2,0,0.9683368
,362,3,0,0.9145468
,363,0,1,0.590954
,363,1,1,0.53196156
,363,2,0,0.99336404
,363,3,2,1.0
,364,0,1,0.53196156
,364,1,2,1.0
,364,2,0,0.9967794
,364,3,0,0.7846955
,365,0,2,1.0
,365,1,1,0.9049728
,365,2,0,0.99724555
,365,3,0,0.96800774
,366,0,1,0.9049728
,366,1,2,1.0
,366,2,0,0.9973088
,366,3,0,0.9928456
,367,0,2,1.0
,367,1,1,0.9049728
,367,2,0,0.99731404
,367,3,0,0.9949293
,368,0,1,0.9049728
,368,1,2,1.0
,368,2,0,0.9972905
,368,3,0,0.98564476
,369,0,2,1.0
,369,1,0,0.7831344
,369,2,0,0.9971088
,369,3,0,0.9142585
,370,0,1,0.9049728
,370,1,0,0.9659301
,370,2,0,0.99577796
,370,3,2,1.0
,371,0,2,1.0
,371,1,0,0.98957235
,371,2,0,0.98602426
,371,3,1,0.98598814
,372,0,0,0.784909
,372,1,0,0.98324865
,372,2,0,0.9145523
,372,3,2,1.0
,373,0,0,0.96829194
,373,1,0,0.9124042
,373,2,2,1.0
,373,3,0,0.6982363
,374,0,0,0.99329334
,374,1,2,1.0
,374,2,1,0.9049728
,374,3,0,0.8529352
,375,0,0,0.9965269
,375,1,1,0.590954
,375,2,2,1.0
,375,3,0,0.8115568
,376,0,0,0.995662
,376,1,1,0.5319616
,376,2,0,0.7846955
,376,3,2,1.0
,377,0,0,0.9859725
,377,1,2,1.0
,377,2,0,0.96800786
,377,3,1,0.90497744
,378,0,0,0.91451216
,378,1,1,0.590954
,378,2,0,0.9928457
,378,3,2,0.9997864
,379,0,2,1.0
,379,1,1,0.53196156
,379,2,0,0.9949293
,379,3,0,0.7719126
,380,0,1,0.9265387
,380,1,2,1.0
,380,2,0,0.98564464
,380,3,0,0.9509571
,381,0,3,1.0
,381,1,0,0.7849381
,381,2,0,0.9142586
,381,3,0,0.9659762
,382,0,1,0.7424784
,382,1,0,0.9683307
,382,2,2,1.0
,382,3,0,0.8990373
,383,0,1,0.6492237
,383,1,0,0.99335444
,383,2,1,0.59095395
,383,3,2,1.0
,384,0,2,1.0
,384,1,0,0.99674505
,384,2,1,0.5319617
,384,3,1,0.590954
,385,0,1,0.590954
,385,1,0,0.9970294
,385,2,2,1.0
,385,3,1,0.5319616
,386,0,1,0.5319616
,386,1,0,0.99576205
,386,2,0,0.7849427
,386,3,2,1.0
,387,0,2,1.0
,387,1,0,0.9860172
,387,2,0,0.9683368
,387,3,1,0.9053301
,388,0,1,0.5911718
,388,1,0,0.9145468
,388,2,0,0.99336404
,388,3,2,0.9834313
,389,0,1,0.53225136
,389,1,2,1.0
,389,2,0,0.9967794
,389,3,1,0.58581316
,390,0,2,0.9957921
,390,1,0,0.6982363
,390,2,0,0.99724555
,390,3,1,0.5279831
,391,0,1,0.9858368
,391,1,0,0.8529352
,391,2,0,0.99730927
,391,3,2,0.9999993
,392,0,2,1.0
,392,1,0,0.8115568
,392,2,0,0.9973178
,392,3,0,0.78490907
,393,0,1,0.9049728
,393,1,2,1.0
,393,2,0,0.997319
,393,3,0,0.96829194
,394,0,2,1.0
,394,1,1,0.9049728
,394,2,0,0.99731874
,394,3,0,0.99329334
,395,0,1,0.9049728
,395,1,2,1.0
,395,2,0,0.99731547
,395,3,0,0.9965269
,396,0,2,1.0
,396,1,1,0.9049728
,396,2,0,0.9972905
,396,3,0,0.995662
,397,0,1,0.9049728
,397,1,2,1.0
,397,2,0,0.9971088
,397,3,0,0.9859725
,398,0,2,1.0
,398,1,1,0.590954
,398,2,0,0.99577796
,398,3,0,0.91451216
,399,0,0,0.7831344
,399,1,1,0.5319616
,399,2,0,0.98602426
,399,3,2,1.0
,400,0,0,0.9659301
,400,1,2,1.0
,400,2,0,0.9145523
,400,3,1,0.76153016
,401,0,0,0.98957235
,401,1,1,0.9049756
,401,2,2,1.0
,401,3,0,0.6472837
,402,0,0,0.98324865
,402,1,2,0.9998709
,402,2,0,0.7849427
,402,3,0,0.6524066
,403,0,0,0.9124042
,403,1,1,0.6696436
,403,2,0,0.9683368
,403,3,2,1.0
,404,0,2,1.0
,404,1,0,0.9054345
,404,2,0,0.99336404
,404,3,1,0.9049728
,405,0,1,0.98598814
,405,1,0,0.9837356
,405,2,0,0.9967789
,405,3,2,1.0
,406,0,2,1.0
,406,1,0,0.9931162
,406,2,0,0.9972415
,406,3,1,0.9049728
,407,0,1,0.9049728
,407,1,0,0.9848338
,407,2,0,0.9972805
,407,3,2,1.0
,408,0,2,1.0
,408,1,0,0.91363084
,408,2,0,0.9971074
,408,3,1,0.91434735
,409,0,0,0.7831344
,409,1,2,1.0
,409,2,0,0.9957775
,409,3,1,0.7822302
,410,0,0,0.9659301
,410,1,1,0.9049728
,410,2,0,0.98602426
,410,3,2,1.0
,411,0,0,0.98957235
,411,1,2,1.0
,411,2,0,0.91455203
,411,3,0,0.7846955
,412,0,0,0.98324865
,412,1,1,0.9049728
,412,2,2,1.0
,412,3,0,0.96800774
,413,0,0,0.9124042
,413,1,2,1.0
,413,2,0,0.7849427
,413,3,0,0.9928456
,414,0,2,1.0
,414,1,1,0.9049728
,414,2,0,0.9683368
,414,3,0,0.9949293
,415,0,1,0.9049728
,415,1,2,1.0
,415,2,0,0.99336404
,415,3,0,0.98564476
,416,0,2,1.0
,416,1,1,0.76153016
,416,2,0,0.9967796
,416,3,0,0.9142585
,417,0,1,0.9049728
,417,1,0,0.6472836
,417,2,0,0.99724555
,417,3,2,1.0
,418,0,2,1.0
,418,1,0,0.6524066
,418,2,0,0.99730927
,418,3,0,0.6982363
,419,0,1,0.9049728
,419,1,2,1.0
,419,2,0,0.9973178
,419,3,0,0.8529352
,420,0,2,1.0
,420,1,1,0.590954
,420,2,0,0.997319
,420,3,0,0.8115568
,421,0,1,0.590954
,421,1,1,0.5319616
,421,2,0,0.9973192
,421,3,2,1.0
,422,0,1,0.53196156
,422,1,2,1.0
,422,2,0,0.9973192
,422,3,1,0.590954
,423,0,2,1.0
,423,1,1,0.590954
,423,2,0,0.9973192
,423,3,1,0.5319616
,424,0,1,0.590954
,424,1,1,0.53196156
,424,2,0,0.9973192
,424,3,2,1.0
,425,0,1,0.53196156
,425,1,2,1.0
,425,2,0,0.9973192
,425,3,1,0.91434735
,426,0,2,1.0
,426,1,0,0.6982363
,426,2,0,0.9973192
,426,3,1,0.7822302
,427,0,1,0.9049728
,427,1,0,0.8529352
,427,2,0,0.9973192
,427,3,2,1.0
,428,0,2,1.0
,428,1,0,0.8115568
,428,2,0,0.9973192
,428,3,1,0.590954
,429,0,1,0.590954
,429,1,2,1.0
,429,2,0,0.9973192
,429,3,1,0.5319616
,430,0,1,0.5319616
,430,1,0,0.6982363
,430,2,0,0.9973192
,430,3,2,1.0
,431,0,2,1.0
,431,1,0,0.8529352
,431,2,0,0.9973192
,431,3,1,0.9049728
,432,0,0,0.7718797
,432,1,0,0.8115568
,432,2,0,0.9973192
,432,3,2,1.0
,433,0,0,0.95095056
,433,1,2,1.0
,433,2,0,0.9973192
,433,3,1,0.9049728
,434,0,0,0.9659733
,434,1,1,0.9049728
,434,2,0,0.9973192
,434,3,2,1.0
,435,0,0,0.89903504
,435,1,2,1.0
,435,2,0,0.9973192
,435,3,1,0.590954
,436,0,2,1.0
,436,1,1,0.590954
,436,2,0,0.99731874
,436,3,1,0.5319616
,437,0,1,0.590954
,437,1,1,0.5319616
,437,2,0,0.99731547
,437,3,2,1.0
,438,0,1,0.53196156
,438,1,2,1.0
,438,2,0,0.9972905
,438,3,1,0.590954
,439,0,2,1.0
,439,1,0,0.6982363
,439,2,0,0.9971088
,439,3,1,0.53196156
,440,0,1,0.9049728
,440,1,0,0.8529352
,440,2,0,0.99577796
,440,3,2,1.0
,441,0,2,1.0
,441,1,0,0.8115568
,441,2,0,0.98602426
,441,3,0,0.7718797
,442,0,0,0.7718797
,442,1,2,1.0
,442,2,0,0.9145523
,442,3,0,0.95095056
,443,0,0,0.95095056
,443,1,1,0.9049728
,443,2,2,1.0
,443,3,0,0.9659733
,444,0,0,0.9659733
,444,1,2,1.0
,444,2,1,0.7615302
,444,3,0,0.89903504
,445,0,0,0.89903504
,445,1,0,0.7718797
,445,2,0,0.6472837
,445,3,2,1.0
,446,0,2,1.0
,446,1,0,0.95095056
,446,2,0,0.65240645
,446,3,1,0.6859052
,447,0,1,0.9049728
,447,1,0,0.9659733
,447,2,2,1.0
,447,3,0,0.85983783
,448,0,2,1.0
,448,1,0,0.89903504
,448,2,0,0.7718797
,448,3,0,0.9252189
,449,0,1,0.590954
,449,1,2,1.0
,449,2,0,0.95095056
,449,3,0,0.86749595
,450,0,1,0.53196156
,450,1,0,0.6982363
,450,2,0,0.9659733
,450,3,2,1.0
,451,0,2,1.0
,451,1,0,0.8529352
,451,2,0,0.89903516
,451,3,1,0.6697808
,452,0,1,0.590954
,452,1,0,0.8115568
,452,2,2,1.0
,452,3,0,0.9051579
,453,0,1,0.5319616
,453,1,2,1.0
,453,2,1,0.6427072
,453,3,0,0.98338693
,454,0,2,1.0
,454,1,1,0.590954
,454,2,1,0.6008424
,454,3,0,0.99236923
,455,0,0,0.78259706
,455,1,1,0.53196156
,455,2,3,1.0
,455,3,0,0.9811862
,456,0,0,0.96521485
,456,1,2,1.0
,456,2,0,0.5110465
,456,3,0,0.88873065
,457,0,0,0.9884457
,457,1,1,0.9265387
,457,2,0,0.7409629
,457,3,3,1.0
,458,0,0,0.9792279
,458,1,3,1.0
,458,2,0,0.7002259
,458,3,0,0.53691614
,459,0,0,0.887194
,459,1,0,0.64607424
,459,2,3,1.0
,459,3,0,0.78077745
,460,0,3,1.0
,460,1,0,0.9487767
,460,2,0,0.6465085
,460,3,0,0.75571513
,461,0,1,0.9617892
,461,1,0,0.9898543
,461,2,0,0.94944495
,461,3,2,1.0
,462,0,3,1.0
,462,1,0,0.99376565
,462,2,0,0.9907859
,462,3,1,0.9265387
,463,0,1,0.9617892
,463,1,0,0.9818831
,463,2,0,0.996427
,463,3,3,1.0
,464,0,3,1.0
,464,1,0,0.8892775
,464,2,0,0.99719346
,464,3,1,0.7821285
,465,0,1,0.7821285
,465,1,3,1.0
,465,2,0,0.9972738
,465,3,1,0.71024704
,466,0,1,0.7102471
,466,1,0,0.6465004
,466,2,0,0.99710643
,466,3,3,1.0
,467,0,3,1.0
,467,1,0,0.94943273
,467,2,0,0.9957775
,467,3,1,0.95001376
,468,0,1,0.9617892
,468,1,0,0.9907686
,468,2,0,0.986024
,468,3,2,0.99997413
,469,0,3,1.0
,469,1,0,0.99637806
,469,2,0,0.91455203
,469,3,1,0.91434294
,470,0,1,0.7424784
,470,1,0,0.99691224
,470,2,2,1.0
,470,3,1,0.78222674
,471,0,1,0.6492237
,471,1,0,0.9952896
,471,2,0,0.7849427
,471,3,2,1.0
,472,0,2,1.0
,472,1,0,0.98264366
,472,2,0,0.9683368
,472,3,1,0.9265387
,473,0,0,0.7846218
,473,1,0,0.88987434
,473,2,0,0.99336404
,473,3,3,1.0
,474,0,0,0.9679097
,474,1,3,1.0
,474,2,0,0.9967796
,474,3,1,0.9617892
,475,0,0,0.99269116
,475,1,1,0.9617892
,475,2,0,0.99724555
,475,3,3,1.0
,476,0,0,0.9943782
,476,1,3,1.0
,476,2,0,0.99730927
,476,3,1,0.9617892
,477,0,0,0.98218876
,477,1,1,0.9500134
,477,2,0,0.9973178
,477,3,3,1.0
,478,0,0,0.8895174
,478,1,2,1.0
,478,2,0,0.997319
,478,3,1,0.7424784
,479,0,3,1.0
,479,1,0,0.7718797
,479,2,0,0.9973185
,479,3,1,0.6492237
,480,0,1,0.7821285
,480,1,0,0.95095056
,480,2,0,0.9973138
,480,3,2,1.0
,481,0,1,0.71024704
,481,1,0,0.9659733
,481,2,0,0.99727833
,481,3,2,1.0
,482,0,3,1.0
,482,1,0,0.89903504
,482,2,0,0.997019
,482,3,0,0.76642424
,483,0,1,0.9500134
,483,1,2,1.0
,483,2,0,0.9951189
,483,3,0,0.9436898
,484,0,2,1.0
,484,1,1,0.6614213
,484,2,0,0.98119473
,484,3,0,0.95453435
,485,0,0,1.0
,485,1,0,1.0
,485,2,0,1.0
,485,3,2,0.5493717
,486,0,0,0.9879129
,486,1,0,0.99635327
,486,2,3,1.0
,486,3,1,0.9769489
,487,0,0,0.9160137
,487,1,0,0.9862817
,487,2,0,0.629011
,487,3,3,1.0
,488,0,2,1.0
,488,1,0,0.91475135
,488,2,0,0.9225156
,488,3,1,0.7424784
,489,0,0,0.7831344
,489,1,2,1.0
,489,2,0,0.95325434
,489,3,1,0.6492237
,490,0,0,0.9659301
,490,1,1,0.64270735
,490,2,0,0.88919216
,490,3,2,1.0
,491,0,0,0.98957235
,491,1,1,0.6008424
,491,2,2,1.0
,491,3,1,0.64270735
,492,0,0,0.98324865
,492,1,3,1.0
,492,2,0,0.69823635
,492,3,1,0.6008424
,493,0,0,0.9124042
,493,1,0,0.64644927
,493,2,0,0.8529352
,493,3,3,1.0
,494,0,2,1.0
,494,1,0,0.94935393
,494,2,0,0.8115569
,494,3,0,0.53691614
,495,0,1,0.9049728
,495,1,0,0.9906588
,495,2,2,1.0
,495,3,0,0.78077745
,496,0,2,1.0
,496,1,0,0.9960642
,496,2,1,0.77985597
,496,3,0,0.75571513
,497,0,1,0.9049728
,497,1,0,0.99510646
,497,2,0,0.5957763
,497,3,2,1.0
,498,0,2,1.0
,498,1,0,0.9825523
,498,2,0,0.5862971
,498,3,0,0.7849421
,499,0,1,0.6422464
,499,1,0,0.88980263
,499,2,3,1.0
,499,3,0,0.968336
,500,0,1,0.6002289
,500,1,3,1.0
,500,2,0,0.6465087
,500,3,0,0.99336284
,501,0,3,0.9910936
,501,1,1,0.9500134
,501,2,0,0.9494452
,501,3,0,0.99677473
,502,0,1,0.96203494
,502,1,2,1.0
,502,2,0,0.99078614
,502,3,0,0.99721605
,503,0,3,1.0
,503,1,1,0.9049728
,503,2,0,0.9964277
,503,3,0,0.997098
,504,0,1,0.9500134
,504,1,2,1.0
,504,2,0,0.9971975
,504,3,0,0.9957757
,505,0,2,1.0
,505,1,1,0.9049728
,505,2,0,0.9973026
,505,3,0,0.9860233
,506,0,0,0.6982363
,506,1,2,1.0
,506,2,0,0.9973164
,506,3,0,0.9145515
,507,0,0,0.8529352
,507,1,1,0.9049728
,507,2,0,0.9973138
,507,3,2,1.0
,508,0,0,0.8115568
,508,1,2,1.0
,508,2,0,0.9972819
,508,3,1,0.590954
,509,0,2,1.0
,509,1,1,0.590954
,509,2,0,0.9970463
,509,3,1,0.53196156
,510,0,0,0.78494257
,510,1,1,0.53196156
,510,2,0,0.9953184
,510,3,2,1.0
,511,0,0,0.9683367
,511,1,2,1.0
,511,2,0,0.98265815
,511,3,1,0.9049728
,512,0,0,0.9933639
,512,1,1,0.64270735
,512,2,0,0.88988566
,512,3,2,1.0
,513,0,0,0.99677867
,513,1,1,0.6008424
,513,2,3,1.0
,513,3,1,0.64270735
,514,0,0,0.9972404
,514,1,3,1.0
,514,2,0,0.644064
,514,3,1,0.6008424
,515,0,0,0.99727184
,515,1,1,0.9617892
,515,2,0,0.945683
,515,3,3,1.0
,516,0,0,0.99704474
,516,1,3,1.0
,516,2,0,0.98554265
,516,3,1,0.9500134
,517,0,0,0.995319
,517,1,1,0.9500134
,517,2,0,0.981446
,517,3,2,1.0
,518,0,0,0.98266417
,518,1,2,1.0
,518,2,0,0.91100913
,518,3,0,0.6759393
,519,0,0,0.88993055
,519,1,0,0.6759393
,519,2,2,1.0
,519,3,0,0.8232592
,520,0,3,0.99817646
,520,1,0,0.8232592
,520,2,0,0.7849421
,520,3,0,0.7648043
,521,0,0,0.6724466
,521,1,0,0.76480436
,521,2,0,0.9683361
,521,3,3,1.0
,522,0,0,0.64646083
,522,1,3,1.0
,522,2,0,0.99336284
,522,3,0,0.93109936
,523,0,3,0.9999999
,523,1,1,0.9617892
,523,2,0,0.99677485
,523,3,0,0.98828036
,524,0,1,0.9617891
,524,1,3,1.0
,524,2,0,0.99721605
,524,3,0,0.99608034
,525,0,3,0.99999464
,525,1,1,0.9500134
,525,2,0,0.99709815
,525,3,0,0.9971205
,526,0,1,0.9617893
,526,1,2,1.0
,526,2,0,0.9957758
,526,3,0,0.9970841
,527,0,3,1.0
,527,1,1,0.9265387
,527,2,0,0.9860233
,527,3,0,0.99577296
,528,0,0,0.6465024
,528,1,3,1.0
,528,2,0,0.9145514
,528,3,0,0.9860221
,529,0,0,0.94943553
,529,1,0,0.53691614
,529,2,2,1.0
,529,3,0,0.91455054
,530,0,0,0.99077266
,530,1,0,0.78077745
,530,2,1,0.9049728
,530,3,2,1.0
,531,0,0,0.9963895
,531,1,0,0.75571513
,531,2,2,1.0
,531,3,0,0.7846218
,532,0,0,0.99697775
,532,1,2,1.0
,532,2,1,0.9049728
,532,3,0,0.9679097
,533,0,0,0.99575174
,533,1,1,0.9049728
,533,2,2,0.99999976
,533,3,0,0.99269116
,534,0,0,0.98601264
,534,1,2,1.0
,534,2,1,0.9859881
,534,3,0,0.9943782
,535,0,0,0.9145432
,535,1,0,0.6982363
,535,2,2,1.0
,535,3,0,0.98218876
,536,0,2,1.0
,536,1,0,0.8529352
,536,2,0,0.7849419
,536,3,0,0.88951737
,537,0,0,0.6982363
,537,1,0,0.8115568
,537,2,0,0.96833587
,537,3,3,1.0
,538,0,0,0.8529352
,538,1,2,1.0
,538,2,0,0.99336237
,538,3,1,0.95962983
,539,0,0,0.8115568
,539,1,1,0.64270735
,539,2,0,0.9967735
,539,3,3,0.81663185
,540,0,2,1.0
,540,1,1,0.6008424
,540,2,0,0.9972073
,540,3,0,0.5882556
,541,0,1,0.9893837
,541,1,3,1.0
,541,2,0,0.99703515
,541,3,0,0.9409534
,542,0,3,1.0
,542,1,1,0.9500134
,542,2,0,0.9953161
,542,3,0,0.98890686
,543,0,0,0.9260799
,543,1,2,1.0
,543,2,0,0.982657
,543,3,0,0.99414545
,544,0,0,0.981641
,544,1,3,1.0
,544,2,0,0.88988465
,544,3,0,0.9852941
,545,0,0,0.9797009
,545,1,0,0.5110466
,545,2,3,1.0
,545,3,0,0.91398716
,546,0,0,0.90965873
,546,1,0,0.74096286
,546,2,0,0.6465087
,546,3,2,1.0
,547,0,2,1.0
,547,1,0,0.7002259
,547,2,0,0.9494452
,547,3,0,0.6982363
,548,0,1,0.90504366
,548,1,3,1.0
,548,2,0,0.99078614
,548,3,0,0.8529352
,549,0,2,0.99671394
,549,1,1,0.7821285
,549,2,0,0.9964277
,549,3,0,0.8115568
,550,0,1,0.64166975
,550,1,1,0.71024704
,550,2,0,0.9971975
,550,3,2,1.0
,551,0,1,0.6000283
,551,1,3,1.0
,551,2,0,0.9973026
,551,3,1,0.64270735
,552,0,3,1.0
,552,1,1,0.7821285
,552,2,0,0.99731684
,552,3,1,0.6008424
,553,0,0,0.6290109
,553,1,1,0.71024704
,553,2,0,0.99731874
,553,3,3,1.0
,554,0,0,0.9225156
,554,1,3,1.0
,554,2,0,0.99731874
,554,3,1,0.9617892
,555,0,0,0.95325434
,555,1,1,0.9500134
,555,2,0,0.99731547
,555,3,3,1.0
,556,0,0,0.88919204
,556,1,2,1.0
,556,2,0,0.9972905
,556,3,1,0.7821285
,557,0,2,1.0
,557,1,1,0.59170043
,557,2,0,0.9971088
,557,3,1,0.7102471
,558,0,1,0.590954
,558,1,1,0.53295505
,558,2,0,0.99577796
,558,3,3,1.0
,559,0,1,0.5319616
,559,1,2,0.9855771
,559,2,0,0.98602426
,559,3,0,0.6464629
,560,0,2,1.0
,560,1,1,0.77566034
,560,2,0,0.9145523
,560,3,0,0.94937485
,561,0,1,0.9265387
,561,1,0,0.5978703
,561,2,2,1.0
,561,3,0,0.99068797
,562,0,3,1.0
,562,1,0,0.58794034
,562,2,0,0.6759394
,562,3,0,0.9961477
,563,0,1,0.9617892
,563,1,3,1.0
,563,2,0,0.8232592
,563,3,0,0.9955865
,564,0,3,1.0
,564,1,0,0.6465085
,564,2,0,0.7648043
,564,3,0,0.98593867
,565,0,0,0.71932346
,565,1,0,0.9494452
,565,2,3,1.0
,565,3,0,0.914486
,566,0,0,0.70815676
,566,1,0,0.990786
,566,2,1,0.74247825
,566,3,2,1.0
,567,0,2,0.9999913
,567,1,0,0.9964277
,567,2,1,0.6492237
,567,3,1,0.590954
,568,0,1,0.68590254
,568,1,0,0.9971976
,568,2,2,1.0
,568,3,1,0.53196156
,569,0,0,0.8598384
,569,1,0,0.9973026
,569,2,1,0.98598826
,569,3,2,1.0
,570,0,0,0.92521924
,570,1,0,0.99731696
,570,2,2,0.9999821
,570,3,1,0.9049728
,571,0,0,0.86749613
,571,1,0,0.997319
,571,2,1,0.59094846
,571,3,2,1.0
,572,0,2,1.0
,572,1,0,0.9973192
,572,2,1,0.5319573
,572,3,0,0.7849419
,573,0,1,0.9049728
,573,1,0,0.9973192
,573,2,2,1.0
,573,3,0,0.96833575
,574,0,2,1.0
,574,1,0,0.9973191
,574,2,1,0.9049732
,574,3,0,0.99336237
,575,0,1,0.9049728
,575,1,0,0.99731874
,575,2,2,0.9999852
,575,3,0,0.9967735
,576,0,2,1.0
,576,1,0,0.99731535
,576,2,1,0.9859876
,576,3,0,0.9972074
,577,0,1,0.9051274
,577,1,0,0.9972906
,577,2,2,1.0
,577,3,0,0.9970354
,578,0,2,0.9928315
,578,1,0,0.99710894
,578,2,1,0.9049728
,578,3,0,0.9953177
,579,0,1,0.98573035
,579,1,0,0.99577785
,579,2,2,1.0
,579,3,0,0.98266894
,580,0,2,1.0
,580,1,0,0.98602426
,580,2,0,0.7846218
,580,3,0,0.8899731
,581,0,1,0.590954
,581,1,0,0.9145523
,581,2,0,0.9679098
,581,3,3,0.99641657
,582,0,1,0.53196156
,582,1,2,1.0
,582,2,0,0.99269116
,582,3,0,0.6453767
,583,0,2,1.0
,583,1,1,0.9265387
,583,2,0,0.9943782
,583,3,0,0.9492907
,584,0,1,0.9049728
,584,1,3,1.0
,584,2,0,0.98218876
,584,3,0,0.990765
,585,0,2,1.0
,585,1,1,0.74355775
,585,2,0,0.8895174
,585,3,0,0.99642473
,586,0,1,0.590954
,586,1,1,0.65088487
,586,2,3,1.0
,586,3,0,0.99719715
,587,0,1,0.53196156
,587,1,2,0.97277737
,587,2,1,0.7424786
,587,3,0,0.9973026
,588,0,2,1.0
,588,1,1,0.9096687
,588,2,1,0.6492241
,588,3,0,0.99731696
,589,0,1,0.64270735
,589,1,1,0.77860945
,589,2,2,0.99999285
,589,3,0,0.99731886
,590,0,1,0.6008424
,590,1,2,1.0
,590,2,0,0.6982067
,590,3,0,0.9973185
,591,0,3,1.0
,591,1,1,0.9049728
,591,2,0,0.85289454
,591,3,0,0.99731416
,592,0,1,0.7821285
,592,1,2,1.0
,592,2,0,0.81149226
,592,3,0,0.997282
,593,0,1,0.7102471
,593,1,0,0.7849381
,593,2,2,0.99860764
,593,3,0,0.9970462
,594,0,3,1.0
,594,1,0,0.9683307
,594,2,1,0.98934525
,594,3,0,0.9953184
,595,0,1,0.9617892
,595,1,0,0.99335444
,595,2,3,1.0
,595,3,0,0.98265815
,596,0,3,1.0
,596,1,0,0.99674505
,596,2,0,0.6239765
,596,3,0,0.88988566
,597,0,1,0.9617892
,597,1,0,0.9970294
,597,2,0,0.9147675
,597,3,3,1.0
,598,0,3,1.0
,598,1,0,0.99576205
,598,2,0,0.94245595
,598,3,1,0.9617892
,599,0,0,0.53691614
,599,1,0,0.9860172
,599,2,0,0.8583387
,599,3,3,1.0
,600,0,0,0.78077745
,600,1,0,0.9145468
,600,2,3,1.0
,600,3,0,0.6465004
,601,0,0,0.75571513
,601,1,2,1.0
,601,2,1,0.74247843
,601,3,0,0.94943273
,602,0,2,1.0
,602,1,0,0.7831344
,602,2,1,0.6492237
,602,3,0,0.9907686
,603,0,1,0.9265387
,603,1,0,0.9659301
,603,2,2,1.0
,603,3,0,0.99637806
,604,0,3,1.0
,604,1,0,0.98957235
,604,2,1,0.9049728
,604,3,0,0.99691224
,605,0,1,0.9500134
,605,1,0,0.98324865
,605,2,2,1.0
,605,3,0,0.9952896
,606,0,2,1.0
,606,1,0,0.9124042
,606,2,1,0.66968435
,606,3,0,0.98264366
,607,0,1,0.91434735
,607,1,2,1.0
,607,2,0,0.905429
,607,3,0,0.88987434
,608,0,1,0.7822302
,608,1,0,0.6759393
,608,2,0,0.98373485
,608,3,3,1.0
,609,0,2,1.0
,609,1,0,0.8232592
,609,2,0,0.9931161
,609,3,1,0.9500134
,610,0,1,0.76153016
,610,1,0,0.7648043
,610,2,0,0.98483354
,610,3,2,1.0
,611,0,0,0.6472836
,611,1,3,1.0
,611,2,0,0.91363084
,611,3,0,0.7718797
,612,0,0,0.6524066
,612,1,1,0.7424784
,612,2,2,1.0
,612,3,0,0.95095056
,613,0,2,1.0
,613,1,1,0.6492237
,613,2,0,0.7825971
,613,3,0,0.9659733
,614,0,0,0.6982363
,614,1,2,1.0
,614,2,0,0.96521497
,614,3,0,0.89903504
,615,0,0,0.8529352
,615,1,1,0.9049728
,615,2,0,0.9884456
,615,3,2,1.0
,616,0,0,0.8115568
,616,1,2,1.0
,616,2,0,0.9792279
,616,3,0,0.7849427
,617,0,2,1.0
,617,1,0,0.7846955
,617,2,0,0.887194
,617,3,0,0.9683368
,618,0,1,0.9049728
,618,1,0,0.96800774
,618,2,3,1.0
,618,3,0,0.99336404
,619,0,2,1.0
,619,1,0,0.9928456
,619,2,1,0.9500133
,619,3,0,0.9967794
,620,0,1,0.9265387
,620,1,0,0.9949293
,620,2,2,1.0
,620,3,0,0.9972451
,621,0,3,1.0
,621,1,0,0.98564476
,621,2,1,0.9049728
,621,3,0,0.9973052
,622,0,0,0.6464629
,622,1,0,0.9142585
,622,2,2,1.0
,622,3,0,0.9972892
,623,0,0,0.94937485
,623,1,2,1.0
,623,2,1,0.9049728
,623,3,0,0.9971087
,624,0,0,0.99068797
,624,1,1,0.9049728
,624,2,2,1.0
,624,3,0,0.99577785
,625,0,0,0.9961477
,625,1,2,1.0
,625,2,1,0.9049728
,625,3,0,0.98602426
,626,0,0,0.9955865
,626,1,0,0.784909
,626,2,2,0.99999857
,626,3,0,0.9145523
,627,0,0,0.98593867
,627,1,0,0.96829194
,627,2,1,0.90497255
,627,3,2,1.0
,628,0,0,0.914486
,628,1,0,0.99329334
,628,2,2,1.0
,628,3,0,0.7849427
,629,0,2,1.0
,629,1,0,0.9965269
,629,2,1,0.9049728
,629,3,0,0.9683368
,630,0,1,0.9049728
,630,1,0,0.995662
,630,2,2,1.0
,630,3,0,0.99336416
,631,0,2,1.0
,631,1,0,0.9859725
,631,2,1,0.9049728
,631,3,0,0.9967795
,632,0,1,0.590954
,632,1,0,0.91451216
,632,2,2,1.0
,632,3,0,0.99724567
,633,0,1,0.53196156
,633,1,2,1.0
,633,2,1,0.59095395
,633,3,0,0.99730927
,634,0,2,1.0
,634,1,0,0.7849427
,634,2,1,0.5319617
,634,3,0,0.9973179
,635,0,1,0.9265387
,635,1,0,0.9683368
,635,2,2,1.0
,635,3,0,0.9973191
,636,0,3,1.0
,636,1,0,0.99336416
,636,2,1,0.9049728
,636,3,0,0.9973192
,637,0,1,0.9500134
,637,1,0,0.9967795
,637,2,2,1.0
,637,3,0,0.9973192
,638,0,2,1.0
,638,1,0,0.99724567
,638,2,1,0.9049743
,638,3,0,0.9973191
,639,0,1,0.9049728
,639,1,0,0.99730927
,639,2,2,0.99992776
,639,3,0,0.99731874
,640,0,2,1.0
,640,1,0,0.9973179
,640,2,1,0.9049594
,640,3,0,0.99731535
,641,0,1,0.9049728
,641,1,0,0.997319
,641,2,2,1.0
,641,3,0,0.9972906
,642,0,2,1.0
,642,1,0,0.9973191
,642,2,1,0.9049728
,642,3,0,0.99710894
,643,0,1,0.9049728
,643,1,0,0.99731874
,643,2,2,1.0
,643,3,0,0.99577785
,644,0,2,1.0
,644,1,0,0.99731535
,644,2,1,0.9049728
,644,3,0,0.98602426
,645,0,0,0.76806915
,645,1,0,0.9972906
,645,2,2,1.0
,645,3,0,0.9145523
,646,0,0,0.94587904
,646,1,0,0.99710894
,646,2,1,0.9859881
,646,3,2,1.0
,647,0,0,0.9579834
,647,1,0,0.99577785
,647,2,2,1.0
,647,3,1,0.9049728
,648,0,0,0.8705233
,648,1,0,0.98602426
,648,2,0,0.7849427
,648,3,2,1.0
,649,0,3,1.0
,649,1,0,0.9145523
,649,2,0,0.9683368
,649,3,0,0.7831344
,650,0,1,0.9617892
,650,1,2,1.0
,650,2,0,0.99336404
,650,3,0,0.9659301
,651,0,3,1.0
,651,1,1,0.9049728
,651,2,0,0.9967796
,651,3,0,0.98957235
,652,0,1,0.9617869
,652,1,2,1.0
,652,2,0,0.99724555
,652,3,0,0.98324865
,653,0,3,0.99980915
,653,1,1,0.590954
,653,2,0,0.99730927
,653,3,0,0.9124042
,654,0,1,0.7425111
,654,1,1,0.53196156
,654,2,0,0.9973178
,654,3,2,1.0
,655,0,1,0.6492491
,655,1,2,1.0
,655,2,0,0.997319
,655,3,0,0.6982363
,656,0,2,1.0
,656,1,1,0.9049728
,656,2,0,0.9973192
,656,3,0,0.8529352
,657,0,0,0.7718797
,657,1,2,1.0
,657,2,0,0.99731874
,657,3,0,0.8115568
,658,0,0,0.95095056
,658,1,1,0.9049728
,658,2,0,0.99731547
,658,3,2,1.0
,659,0,0,0.9659733
,659,1,2,1.0
,659,2,0,0.9972905
,659,3,1,0.9049728
,660,0,0,0.89903504
,660,1,0,0.7849381
,660,2,0,0.9971088
,660,3,2,1.0
,661,0,2,1.0
,661,1,0,0.9683307
,661,2,0,0.99577796
,661,3,1,0.9049728
,662,0,1,0.9049728
,662,1,0,0.99335444
,662,2,0,0.98602426
,662,3,2,1.0
,663,0,2,1.0
,663,1,0,0.99674505
,663,2,0,0.9145523
,663,3,0,0.76806915
,664,0,1,0.98598814
,664,1,0,0.9970294
,664,2,2,1.0
,664,3,0,0.94587904
,665,0,2,1.0
,665,1,0,0.99576205
,665,2,1,0.9049728
,665,3,0,0.9579834
,666,0,0,0.7849427
,666,1,0,0.9860172
,666,2,2,1.0
,666,3,0,0.8705233
,667,0,0,0.9683368
,667,1,0,0.9145468
,667,2,1,0.76153004
,667,3,3,1.0
,668,0,0,0.9933639
,668,1,2,1.0
,668,2,0,0.6472837
,668,3,1,0.9617892
,669,0,0,0.9967789
,669,1,1,0.590954
,669,2,0,0.6524066
,669,3,3,1.0
,670,0,0,0.9972416
,670,1,1,0.53196156
,670,2,2,1.0
,670,3,1,0.7424784
,671,0,0,0.99728036
,671,1,2,1.0
,671,2,0,0.784909
,671,3,1,0.6492237
,672,0,0,0.9971074
,672,1,1,0.98598814
,672,2,0,0.968292
,672,3,2,1.0
,673,0,0,0.9957776
,673,1,2,1.0
,673,2,0,0.99329346
,673,3,1,0.9049728
,674,0,0,0.98602414
,674,1,1,0.9049728
,674,2,0,0.996527
,674,3,2,1.0
,675,0,0,0.91455215
,675,1,2,1.0
,675,2,0,0.9956621
,675,3,1,0.590954
,676,0,2,1.0
,676,1,0,0.6982363
,676,2,0,0.9859725
,676,3,1,0.53196156
,677,0,0,0.7831344
,677,1,0,0.8529352
,677,2,0,0.91451216
,677,3,2,1.0
,678,0,0,0.9659301
,678,1,0,0.8115568
,678,2,2,1.0
,678,3,1,0.590954
,679,0,0,0.98957235
,679,1,2,1.0
,679,2,1,0.59095395
,679,3,1,0.53196156
,680,0,0,0.98324865
,680,1,0,0.7849421
,680,2,1,0.5319617
,680,3,2,1.0
,681,0,0,0.9124042
,681,1,0,0.968336
,681,2,2,1.0
,681,3,1,0.76153016
,682,0,2,1.0
,682,1,0,0.99336284
,682,2,1,0.9049728
,682,3,0,0.6472837
,683,0,1,0.6859053
,683,1,0,0.99677473
,683,2,2,1.0
,683,3,0,0.6524066
,684,0,0,0.85983795
,684,1,0,0.99721605
,684,2,1,0.9049728
,684,3,2,1.0
,685,0,0,0.9252189
,685,1,0,0.997098
,685,2,2,1.0
,685,3,1,0.9049728
,686,0,0,0.86749595
,686,1,0,0.9957757
,686,2,0,0.7849382
,686,3,2,1.0
,687,0,2,1.0
,687,1,0,0.9860233
,687,2,0,0.9683308
,687,3,1,0.9049728
,688,0,1,0.590954
,688,1,0,0.9145515
,688,2,0,0.99335456
,688,3,2,1.0
,689,0,1,0.53196156
,689,1,2,1.0
,689,2,0,0.99674493
,689,3,1,0.590954
,690,0,2,1.0
,690,1,0,0.78259706
,690,2,0,0.9970294
,690,3,1,0.5319616
,691,0,1,0.9049728
,691,1,0,0.96521485
,691,2,0,0.99576205
,691,3,2,1.0
,692,0,2,1.0
,692,1,0,0.9884457
,692,2,0,0.9860172
,692,3,1,0.9265387
,693,0,0,0.7849427
,693,1,0,0.9792279
,693,2,0,0.9145468
,693,3,3,1.0
,694,0,0,0.9683368
,694,1,0,0.887194
,694,2,2,1.0
,694,3,1,0.7424784
,695,0,0,0.99336416
,695,1,3,1.0
,695,2,1,0.59095407
,695,3,1,0.6492237
,696,0,0,0.9967795
,696,1,1,0.7424784
,696,2,1,0.5319617
,696,3,2,1.0
,697,0,0,0.99724555
,697,1,1,0.6492237
,697,2,2,1.0
,697,3,0,0.7718797
,698,0,0,0.99730915
,698,1,2,1.0
,698,2,1,0.9265387
,698,3,0,0.95095056
,699,0,0,0.9973173
,699,1,1,0.9049728
,699,2,3,1.0
,699,3,0,0.9659733
,700,0,0,0.9973152
,700,1,2,1.0
,700,2,0,0.6465085
,700,3,0,0.89903504
,701,0,0,0.9972905
,701,1,1,0.9265387
,701,2,0,0.9494452
,701,3,2,1.0
,702,0,0,0.99710894
,702,1,3,1.0
,702,2,0,0.99078614
,702,3,1,0.9049728
,703,0,0,0.99577785
,703,1,1,0.9500134
,703,2,0,0.9964277
,703,3,2,1.0
,704,0,0,0.98602426
,704,1,2,1.0
,704,2,0,0.9971975
,704,3,1,0.9049728
,705,0,0,0.9145523
,705,1,1,0.590954
,705,2,0,0.9973026
,705,3,2,1.0
,706,0,2,1.0
,706,1,1,0.53196156
,706,2,0,0.99731684
,706,3,1,0.59096825
,707,0,1,0.590954
,707,1,2,1.0
,707,2,0,0.9973185
,707,3,1,0.5319805
,708,0,1,0.53196156
,708,1,0,0.6982363
,708,2,0,0.9973152
,708,3,2,0.9997248
,709,0,2,1.0
,709,1,0,0.8529352
,709,2,0,0.9972905
,709,3,1,0.9049218
,710,0,0,0.7831344
,710,1,0,0.8115568
,710,2,0,0.9971088
,710,3,2,1.0
,711,0,0,0.9659301
,711,1,2,1.0
,711,2,0,0.99577796
,711,3,1,0.9049728
,712,0,0,0.98957235
,712,1,1,0.9049728
,712,2,0,0.98602426
,712,3,2,1.0
,713,0,0,0.98324865
,713,1,2,1.0
,713,2,0,0.9145523
,713,3,1,0.67171973
,714,0,0,0.9124042
,714,1,1,0.590954
,714,2,2,1.0
,714,3,0,0.8997082
,715,0,2,1.0
,715,1,1,0.53196156
,715,2,0,0.78493613
,715,3,0,0.97639227
,716,0,1,0.9049728
,716,1,2,1.0
,716,2,0,0.96832806
,716,3,0,0.9773532
,717,0,2,1.0
,717,1,1,0.590954
,717,2,0,0.9933503
,717,3,0,0.9078418
,718,0,1,0.590954
,718,1,1,0.5319616
,718,2,0,0.9967302
,718,3,2,1.0
,719,0,1,0.5319616
,719,1,2,1.0
,719,2,0,0.996937
,719,3,0,0.76642424
,720,0,2,1.0
,720,1,1,0.9049728
,720,2,0,0.9951006
,720,3,0,0.9436898
,721,0,1,0.9352109
,721,1,2,1.0
,721,2,0,0.9811854
,721,3,0,0.95453435
,722,0,0,1.0
,722,1,0,1.0
,722,2,3,0.5082723
,722,3,0,1.0
,723,0,0,0.99768513
,723,1,0,0.99768513
,723,2,0,0.5667516
,723,3,2,1.0
,724,0,0,0.99736917
,724,1,0,0.99736917
,724,2,0,0.59008414
,724,3,2,1.0
,725,0,0,0.997326
,725,1,0,0.997326
,725,2,2,1.0
,725,3,1,0.9049728
,726,0,0,0.9973202
,726,1,0,0.9973202
,726,2,1,0.9049728
,726,3,2,1.0
,727,0,0,0.99731934
,727,1,0,0.99731934
,727,2,2,1.0
,727,3,1,0.98598814
,728,0,0,0.99731874
,728,1,0,0.9973192
,728,2,1,0.9859881
,728,3,2,1.0
,729,0,0,0.99731535
,729,1,0,0.9973192
,729,2,2,1.0
,729,3,1,0.9049728
,730,0,0,0.9972906
,730,1,0,0.9973192
,730,2,1,0.9049728
,730,3,2,1.0
,731,0,0,0.99710894
,731,1,0,0.9973192
,731,2,2,1.0
,731,3,1,0.9049728
,732,0,0,0.99577785
,732,1,0,0.9973192
,732,2,1,0.9859881
,732,3,2,1.0
,733,0,0,0.98602426
,733,1,0,0.9973192
,733,2,2,1.0
,733,3,1,0.98598814
,734,0,0,0.9145523
,734,1,0,0.9973192
,734,2,0,0.7718797
,734,3,2,1.0
,735,0,2,1.0
,735,1,0,0.9973191
,735,2,0,0.95095056
,735,3,1,0.9049728
,736,0,1,0.9049728
,736,1,0,0.99731874
,736,2,0,0.9659733
,736,3,2,1.0
,737,0,2,1.0
,737,1,0,0.99731535
,737,2,0,0.89903516
,737,3,0,0.6982363
,738,0,1,0.9049728
,738,1,0,0.9972906
,738,2,2,1.0
,738,3,0,0.8529352
,739,0,2,1.0
,739,1,0,0.99710894
,739,2,0,0.69823635
,739,3,0,0.8115568
,740,0,1,0.9049728
,740,1,0,0.99577785
,740,2,0,0.8529352
,740,3,2,1.0
,741,0,2,1.0
,741,1,0,0.98602426
,741,2,0,0.8115569
,741,3,0,0.6982363
,742,0,0,0.7846955
,742,1,0,0.9145523
,742,2,2,1.0
,742,3,0,0.8529352
,743,0,0,0.96800774
,743,1,2,1.0
,743,2,0,0.7718797
,743,3,0,0.8115568
,744,0,0,0.9928456
,744,1,1,0.9049728
,744,2,0,0.95095056
,744,3,2,1.0
,745,0,0,0.9949293
,745,1,2,1.0
,745,2,0,0.9659733
,745,3,1,0.9049728
,746,0,0,0.98564476
,746,1,0,0.7849427
,746,2,0,0.89903516
,746,3,2,1.0
,747,0,0,0.9142585
,747,1,0,0.9683368
,747,2,2,1.0
,747,3,1,0.590954
,748,0,2,1.0
,748,1,0,0.99336416
,748,2,0,0.7849427
,748,3,1,0.53196156
,749,0,1,0.9049728
,749,1,0,0.9967795
,749,2,0,0.9683368
,749,3,2,1.0
,750,0,2,1.0
,750,1,0,0.99724555
,750,2,0,0.99336404
,750,3,1,0.9049728
,751,0,1,0.98598814
,751,1,0,0.99730915
,751,2,0,0.9967796
,751,3,2,1.0
,752,0,2,1.0
,752,1,0,0.9973173
,752,2,0,0.99724555
,752,3,1,0.9049728
,753,0,1,0.9049728
,753,1,0,0.9973152
,753,2,0,0.99730927
,753,3,2,1.0
,754,0,2,1.0
,754,1,0,0.9972905
,754,2,0,0.9973178
,754,3,1,0.9049728
,755,0,1,0.9049728
,755,1,0,0.99710894
,755,2,0,0.997319
,755,3,2,1.0
,756,0,2,1.0
,756,1,0,0.99577785
,756,2,0,0.9973192
,756,3,1,0.9049728
,757,0,1,0.9049728
,757,1,0,0.98602426
,757,2,0,0.99731874
,757,3,2,1.0
,758,0,2,1.0
,758,1,0,0.9145523
,758,2,0,0.99731547
,758,3,0,0.7718797
,759,0,1,0.9049728
,759,1,2,1.0
,759,2,0,0.9972905
,759,3,0,0.95095056
,760,0,2,1.0
,760,1,1,0.9049728
,760,2,0,0.9971088
,760,3,0,0.9659733
,761,0,1,0.590954
,761,1,2,1.0
,761,2,0,0.99577796
,761,3,0,0.89903504
,762,0,1,0.53196156
,762,1,0,0.7849427
,762,2,0,0.98602426
,762,3,2,1.0
,763,0,2,1.0
,763,1,0,0.9683368
,763,2,0,0.9145523
,763,3,0,0.6982363
,764,0,1,0.9049728
,764,1,0,0.99336416
,764,2,2,1.0
,764,3,0,0.8529352
,765,0,2,1.0
,765,1,0,0.9967795
,765,2,1,0.59095407
,765,3,0,0.8115568
,766,0,1,0.590954
,766,1,0,0.99724567
,766,2,1,0.5319617
,766,3,2,1.0
,767,0,1,0.53196156
,767,1,0,0.99730927
,767,2,2,1.0
,767,3,0,0.6982363
,768,0,2,1.0
,768,1,0,0.9973179
,768,2,1,0.9049728
,768,3,0,0.8529352
,769,0,1,0.590954
,769,1,0,0.9973191
,769,2,2,1.0
,769,3,0,0.8115568
,770,0,1,0.53196156
,770,1,0,0.9973192
,770,2,0,0.69823617
,770,3,2,1.0
,771,0,2,1.0
,771,1,0,0.9973192
,771,2,0,0.8529352
,771,3,1,0.9049728
,772,0,1,0.64270735
,772,1,0,0.9973192
,772,2,0,0.8115569
,772,3,2,1.0
,773,0,1,0.6008424
,773,1,0,0.9973192
,773,2,2,1.0
,773,3,1,0.590954
,774,0,3,1.0
,774,1,0,0.9973192
,774,2,1,0.77985597
,774,3,1,0.53196156
,775,0,1,0.72005224
,775,1,0,0.9973192
,775,2,0,0.5957763
,775,3,2,1.0
,776,0,2,1.0
,776,1,0,0.9973192
,776,2,0,0.5862971
,776,3,1,0.91434735
,777,0,1,0.76153016
,777,1,0,0.9973192
,777,2,3,1.0
,777,3,1,0.7822302
,778,0,0,0.6472836
,778,1,0,0.9973192
,778,2,1,0.72005236
,778,3,2,1.0
,779,0,0,0.6524066
,779,1,0,0.9973192
,779,2,2,1.0
,779,3,1,0.6859053
,780,0,2,1.0
,780,1,0,0.9973192
,780,2,1,0.9049728
,780,3,0,0.85983795
,781,0,1,0.9049728
,781,1,0,0.9973192
,781,2,2,1.0
,781,3,0,0.9252189
,782,0,2,1.0
,782,1,0,0.9973192
,782,2,0,0.7718797
,782,3,0,0.86749595
,783,0,1,0.9049728
,783,1,0,0.9973192
,783,2,0,0.95095056
,783,3,2,1.0
,784,0,2,1.0
,784,1,0,0.9973192
,784,2,0,0.9659733
,784,3,1,0.9049728
,785,0,1,0.590954
,785,1,0,0.9973192
,785,2,0,0.89903516
,785,3,2,1.0
,786,0,1,0.53196156
,786,1,0,0.9973192
,786,2,2,1.0
,786,3,1,0.590954
,787,0,2,1.0
,787,1,0,0.9973192
,787,2,1,0.59095407
,787,3,1,0.53196156
,788,0,1,0.590954
,788,1,0,0.9973192
,788,2,1,0.53196156
,788,3,2,1.0
,789,0,1,0.53196156
,789,1,0,0.9973192
,789,2,2,1.0
,789,3,1,0.67171973
,790,0,2,1.0
,790,1,0,0.9973192
,790,2,1,0.9049728
,790,3,0,0.8997082
,791,0,1,0.9049728
,791,1,0,0.9973192
,791,2,2,1.0
,791,3,0,0.97639227
,792,0,2,1.0
,792,1,0,0.9973192
,792,2,1,0.9049728
,792,3,0,0.9773532
,793,0,0,0.7718797
,793,1,0,0.9973192
,793,2,2,1.0
,793,3,0,0.9078418
,794,0,0,0.95095056
,794,1,0,0.9973192
,794,2,1,0.9049728
,794,3,2,1.0
,795,0,0,0.9659733
,795,1,0,0.9973192
,795,2,2,1.0
,795,3,1,0.9049728
,796,0,0,0.89903504
,796,1,0,0.9973192
,796,2,1,0.59095407
,796,3,2,1.0
,797,0,2,1.0
,797,1,0,0.9973192
,797,2,1,0.5319617
,797,3,1,0.590954
,798,0,1,0.590954
,798,1,0,0.9973192
,798,2,2,1.0
,798,3,1,0.53196156
,799,0,1,0.53196156
,799,1,0,0.9973192
,799,2,1,0.59095407
,799,3,2,1.0
,800,0,2,1.0
,800,1,0,0.9973192
,800,2,1,0.5319617
,800,3,1,0.590954
,801,0,1,0.590954
,801,1,0,0.9973192
,801,2,2,1.0
,801,3,1,0.53196156
,802,0,1,0.53196156
,802,1,0,0.9973192
,802,2,0,0.7718797
,802,3,2,1.0
,803,0,2,1.0
,803,1,0,0.9973192
,803,2,0,0.95095056
,803,3,1,0.9049728
,804,0,1,0.9049728
,804,1,0,0.9973192
,804,2,0,0.9659733
,804,3,2,1.0
,805,0,2,1.0
,805,1,0,0.9973192
,805,2,0,0.89903516
,805,3,0,0.7718797
,806,0,1,0.9049728
,806,1,0,0.9973192
,806,2,2,1.0
,806,3,0,0.95095056
,807,0,2,1.0
,807,1,0,0.9973192
,807,2,1,0.9859881
,807,3,0,0.9659733
,808,0,1,0.590954
,808,1,0,0.9973192
,808,2,2,1.0
,808,3,0,0.89903504
,809,0,1,0.53196156
,809,1,0,0.9973192
,809,2,0,0.69823617
,809,3,2,1.0
,810,0,2,1.0
,810,1,0,0.9973192
,810,2,0,0.8529352
,810,3,1,0.9049728
,811,0,0,0.7849427
,811,1,0,0.9973192
,811,2,0,0.8115569
,811,3,2,1.0
,812,0,0,0.9683368
,812,1,0,0.9973192
,812,2,2,1.0
,812,3,1,0.9049728
,813,0,0,0.99336416
,813,1,0,0.9973192
,813,2,1,0.9049728
,813,3,2,1.0
,814,0,0,0.9967795
,814,1,0,0.9973192
,814,2,2,1.0
,814,3,1,0.9049728
,815,0,0,0.99724555
,815,1,0,0.9973191
,815,2,1,0.9049728
,815,3,2,1.0
,816,0,0,0.99730915
,816,1,0,0.99731874
,816,2,2,1.0
,816,3,1,0.9049728
,817,0,0,0.9973173
,817,1,0,0.99731535
,817,2,1,0.9049728
,817,3,2,1.0
,818,0,0,0.9973152
,818,1,0,0.9972906
,818,2,2,1.0
,818,3,1,0.9049728
,819,0,0,0.9972905
,819,1,0,0.99710894
,819,2,1,0.9049728
,819,3,2,1.0
,820,0,0,0.99710894
,820,1,0,0.99577785
,820,2,2,1.0
,820,3,1,0.9049728
,821,0,0,0.99577785
,821,1,0,0.98602426
,821,2,1,0.9049728
,821,3,2,1.0
,822,0,0,0.98602426
,822,1,0,0.9145523
,822,2,2,1.0
,822,3,0,0.7849381
,823,0,0,0.9145523
,823,1,2,1.0
,823,2,0,0.69823635
,823,3,0,0.9683307
,824,0,2,1.0
,824,1,1,0.9049728
,824,2,0,0.8529352
,824,3,0,0.99335444
,825,0,1,0.590954
,825,1,2,1.0
,825,2,0,0.8115567
,825,3,0,0.99674505
,826,0,1,0.53196156
,826,1,0,0.7849421
,826,2,2,1.0
,826,3,0,0.9970294
,827,0,2,1.0
,827,1,0,0.968336
,827,2,1,0.9049728
,827,3,0,0.99576205
,828,0,1,0.9049728
,828,1,0,0.99336284
,828,2,2,1.0
,828,3,0,0.9860172
,829,0,2,1.0
,829,1,0,0.99677473
,829,2,1,0.59095395
,829,3,0,0.9145468
,830,0,1,0.590954
,830,1,0,0.99721605
,830,2,1,0.53196156
,830,3,2,1.0
,831,0,1,0.5319616
,831,1,0,0.997098
,831,2,2,1.0
,831,3,0,0.6982363
,832,0,2,0.9999995
,832,1,0,0.9957757
,832,2,1,0.9049728
,832,3,0,0.8529352
,833,0,0,0.7849427
,833,1,0,0.9860233
,833,2,2,1.0
,833,3,0,0.8115568
,834,0,0,0.9683368
,834,1,0,0.9145515
,834,2,1,0.59095395
,834,3,2,1.0
,835,0,0,0.9933639
,835,1,2,1.0
,835,2,1,0.53196156
,835,3,1,0.590954
,836,0,0,0.9967789
,836,1,0,0.6982363
,836,2,2,1.0
,836,3,1,0.5319616
,837,0,0,0.9972416
,837,1,0,0.8529352
,837,2,1,0.9049728
,837,3,2,1.0
,838,0,0,0.99728036
,838,1,0,0.8115568
,838,2,2,1.0
,838,3,1,0.590954
,839,0,0,0.9971074
,839,1,2,1.0
,839,2,0,0.7846955
,839,3,1,0.5319616
,840,0,0,0.9957776
,840,1,1,0.9049728
,840,2,0,0.96800786
,840,3,2,1.0
,841,0,0,0.98602414
,841,1,2,1.0
,841,2,0,0.9928457
,841,3,1,0.9049728
,842,0,0,0.91455215
,842,1,1,0.91434735
,842,2,0,0.9949293
,842,3,2,1.0
,843,0,2,1.0
,843,1,1,0.7822302
,843,2,0,0.98564464
,843,3,0,0.7831344
,844,0,0,0.78494257
,844,1,2,1.0
,844,2,0,0.9142586
,844,3,0,0.9659301
,845,0,0,0.9683368
,845,1,1,0.98598814
,845,2,2,1.0
,845,3,0,0.98957235
,846,0,0,0.9933639
,846,1,2,1.0
,846,2,1,0.9049728
,846,3,0,0.98324865
,847,0,0,0.9967789
,847,1,1,0.6859052
,847,2,2,1.0
,847,3,0,0.9124042
,848,0,0,0.9972416
,848,1,0,0.85983783
,848,2,1,0.9049728
,848,3,2,1.0
,849,0,0,0.99728036
,849,1,0,0.9252189
,849,2,2,1.0
,849,3,1,0.9049728
,850,0,0,0.9971074
,850,1,0,0.86749595
,850,2,1,0.59095395
,850,3,2,1.0
,851,0,0,0.9957776
,851,1,2,1.0
,851,2,1,0.5319617
,851,3,1,0.590954
,852,0,0,0.98602414
,852,1,0,0.7849427
,852,2,2,1.0
,852,3,1,0.53196156
,853,0,0,0.91455215
,853,1,0,0.9683368
,853,2,0,0.69823617
,853,3,2,1.0
,854,0,2,1.0
,854,1,0,0.99336416
,854,2,0,0.8529352
,854,3,1,0.9265387
,855,0,1,0.590954
,855,1,0,0.9967795
,855,2,0,0.8115569
,855,3,3,1.0
,856,0,1,0.5319616
,856,1,0,0.99724567
,856,2,2,1.0
,856,3,0,0.7193239
,857,0,2,1.0
,857,1,0,0.99730927
,857,2,1,0.59095395
,857,3,0,0.70815724
,858,0,1,0.590954
,858,1,0,0.9973179
,858,2,1,0.53196156
,858,3,2,1.0
,859,0,1,0.53196156
,859,1,0,0.9973191
,859,2,2,1.0
,859,3,1,0.590954
,860,0,2,1.0
,860,1,0,0.9973192
,860,2,0,0.7846218
,860,3,1,0.5319616
,861,0,1,0.9049728
,861,1,0,0.9973191
,861,2,0,0.9679098
,861,3,2,1.0
,862,0,2,1.0
,862,1,0,0.99731874
,862,2,0,0.99269116
,862,3,1,0.9051181
,863,0,1,0.904982
,863,1,0,0.99731535
,863,2,0,0.9943782
,863,3,2,0.9932629
,864,0,2,0.9995768
,864,1,0,0.9972906
,864,2,0,0.98218876
,864,3,1,0.98574585
,865,0,1,0.6692327
,865,1,0,0.99710894
,865,2,0,0.8895174
,865,3,2,1.0
,866,0,0,0.9063408
,866,1,0,0.99577785
,866,2,3,1.0
,866,3,1,0.98598814
,867,0,0,0.98488426
,867,1,0,0.98602426
,867,2,1,0.9500133
,867,3,2,1.0
,868,0,0,0.9955784
,868,1,0,0.9145523
,868,2,2,1.0
,868,3,1,0.590954
,869,0,0,0.9968596
,869,1,2,1.0
,869,2,1,0.59095395
,869,3,1,0.5319616
,870,0,0,0.99572825
,870,1,0,0.784909
,870,2,1,0.53196156
,870,3,2,1.0
,871,0,0,0.98600215
,871,1,0,0.96829194
,871,2,2,0.99999976
,871,3,1,0.9049728
,872,0,0,0.91453505
,872,1,0,0.99329334
,872,2,1,0.76153004
,872,3,2,1.0
,873,0,2,1.0
,873,1,0,0.9965269
,873,2,0,0.6472837
,873,3,1,0.98598814
,874,0,1,0.6693665
,874,1,0,0.995662
,874,2,0,0.6524066
,874,3,2,1.0
,875,0,0,0.90632254
,875,1,0,0.9859725
,875,2,2,1.0
,875,3,1,0.9049728
,876,0,0,0.9848817
,876,1,0,0.91451216
,876,2,0,0.69823635
,876,3,2,1.0
,877,0,0,0.9955782
,877,1,2,1.0
,877,2,0,0.8529352
,877,3,1,0.9049728
,878,0,0,0.9968596
,878,1,0,0.7849381
,878,2,0,0.8115569
,878,3,2,1.0
,879,0,0,0.99572825
,879,1,0,0.9683307
,879,2,2,1.0
,879,3,1,0.9049728
,880,0,0,0.98600215
,880,1,0,0.99335444
,880,2,0,0.69823635
,880,3,2,1.0
,881,0,0,0.91453505
,881,1,0,0.99674505
,881,2,0,0.8529352
,881,3,2,1.0
,882,0,2,1.0
,882,1,0,0.9970294
,882,2,0,0.8115569
,882,3,1,0.590954
,883,0,1,0.590954
,883,1,0,0.99576205
,883,2,2,1.0
,883,3,1,0.53196156
,884,0,1,0.5319616
,884,1,0,0.9860172
,884,2,0,0.7718797
,884,3,2,1.0
,885,0,2,1.0
,885,1,0,0.9145464
,885,2,0,0.95095056
,885,3,1,0.590954
,886,0,0,0.7846218
,886,1,2,0.99998415
,886,2,0,0.9659733
,886,3,1,0.53196156
,887,0,0,0.9679097
,887,1,1,0.9143446
,887,2,0,0.89903516
,887,3,2,1.0
,888,0,0,0.99269116
,888,1,1,0.78222805
,888,2,2,1.0
,888,3,1,0.91434735
,889,0,0,0.9943782
,889,1,2,1.0
,889,2,1,0.67171985
,889,3,1,0.7822302
,890,0,0,0.98218876
,890,1,1,0.9049728
,890,2,0,0.8997082
,890,3,2,1.0
,891,0,0,0.8895174
,891,1,2,1.0
,891,2,0,0.97639215
,891,3,1,0.9147057
,892,0,3,1.0
,892,1,0,0.7831344
,892,2,0,0.9773531
,892,3,1,0.7832373
,893,0,0,0.53691614
,893,1,0,0.9659301
,893,2,0,0.9078418
,893,3,2,0.97715133
,894,0,0,0.78077745
,894,1,0,0.98957235
,894,2,2,1.0
,894,3,1,0.9007476
,895,0,0,0.75571513
,895,1,0,0.98324865
,895,2,0,0.7849427
,895,3,2,1.0
,896,0,2,1.0
,896,1,0,0.9124042
,896,2,0,0.9683368
,896,3,1,0.91434735
,897,0,0,0.77187955
,897,1,2,1.0
,897,2,0,0.99336404
,897,3,1,0.7822302
,898,0,0,0.95095056
,898,1,1,0.9049728
,898,2,0,0.9967794
,898,3,2,1.0
,899,0,0,0.9659733
,899,1,2,1.0
,899,2,0,0.9972451
,899,3,1,0.9049728
,900,0,0,0.89903504
,900,1,1,0.590954
,900,2,0,0.9973052
,900,3,2,1.0
,901,0,2,1.0
,901,1,1,0.53196156
,901,2,0,0.99728906
,901,3,1,0.590954
,902,0,0,0.78313434
,902,1,2,1.0
,902,2,0,0.9971086
,902,3,1,0.53196156
,903,0,0,0.9659301
,903,1,1,0.9049728
,903,2,0,0.9957777
,903,3,2,1.0
,904,0,0,0.98957235
,904,1,2,1.0
,904,2,0,0.98602426
,904,3,1,0.9265387
,905,0,0,0.98324865
,905,1,0,0.7849427
,905,2,0,0.9145523
,905,3,3,1.0
,906,0,0,0.9124042
,906,1,0,0.9683368
,906,2,2,1.0
,906,3,0,0.89547557
,907,0,2,1.0
,907,1,0,0.99336416
,907,2,1,0.9049728
,907,3,0,0.94115955
,908,0,0,0.6759393
,908,1,0,0.9967795
,908,2,2,1.0
,908,3,0,0.87983215
,909,0,0,0.8232592
,909,1,0,0.99724567
,909,2,1,0.9049728
,909,3,2,1.0
,910,0,0,0.76480436
,910,1,0,0.99730927
,910,2,2,1.0
,910,3,0,0.6982363
,911,0,3,0.9999994
,911,1,0,0.9973179
,911,2,1,0.9049728
,911,3,0,0.8529352
,912,0,0,0.53691596
,912,1,0,0.9973191
,912,2,2,1.0
,912,3,0,0.8115568
,913,0,0,0.78077734
,913,1,0,0.9973192
,913,2,1,0.9049728
,913,3,2,1.0
,914,0,0,0.75571513
,914,1,0,0.9973192
,914,2,2,1.0
,914,3,1,0.590954
,915,0,2,1.0
,915,1,0,0.9973192
,915,2,0,0.76806915
,915,3,1,0.5319616
,916,0,1,0.9049728
,916,1,0,0.9973192
,916,2,0,0.94587916
,916,3,2,1.0
,917,0,2,1.0
,917,1,0,0.9973192
,917,2,0,0.9579834
,917,3,1,0.9049728
,918,0,1,0.6859052
,918,1,0,0.9973192
,918,2,0,0.8705234
,918,3,2,1.0
,919,0,0,0.85983783
,919,1,0,0.9973192
,919,2,3,0.9999988
,919,3,1,0.9049728
,920,0,0,0.9252189
,920,1,0,0.9973192
,920,2,1,0.9500135
,920,3,2,1.0
,921,0,0,0.86749595
,921,1,0,0.9973192
,921,2,2,1.0
,921,3,1,0.590954
,922,0,2,1.0
,922,1,0,0.9973192
,922,2,0,0.7718797
,922,3,1,0.5319616
,923,0,1,0.9265387
,923,1,0,0.9973192
,923,2,0,0.95095056
,923,3,2,1.0
,924,0,3,1.0
,924,1,0,0.9973192
,924,2,0,0.9659733
,924,3,1,0.9265387
,925,0,1,0.7424784
,925,1,0,0.9973192
,925,2,0,0.89903516
,925,3,3,1.0
,926,0,1,0.6492237
,926,1,0,0.9973192
,926,2,2,1.0
,926,3,0,0.53691614
,927,0,2,1.0
,927,1,0,0.9973192
,927,2,1,0.9859881
,927,3,0,0.78077745
,928,0,0,0.69823617
,928,1,0,0.9973192
,928,2,2,1.0
,928,3,0,0.75571513
,929,0,0,0.8529352
,929,1,0,0.9973191
,929,2,1,0.9049728
,929,3,2,1.0
,930,0,0,0.8115568
,930,1,0,0.9973185
,930,2,2,1.0
,930,3,1,0.91434735
,931,0,2,1.0
,931,1,0,0.99731416
,931,2,1,0.91434735
,931,3,1,0.7822302
,932,0,1,0.590954
,932,1,0,0.997282
,932,2,1,0.7822302
,932,3,2,1.0
,933,0,1,0.53196156
,933,1,0,0.9970462
,933,2,2,1.0
,933,3,1,0.91434735
,934,0,2,1.0
,934,1,0,0.9953184
,934,2,1,0.59095395
,934,3,1,0.7822302
,935,0,0,0.7848989
,935,1,0,0.98265815
,935,2,1,0.53196156
,935,3,2,1.0
,936,0,0,0.9682785
,936,1,0,0.88988566
,936,2,2,1.0
,936,3,1,0.590954
,937,0,0,0.99327224
,937,1,3,1.0
,937,2,1,0.6859052
,937,3,1,0.53196156
,938,0,0,0.99645174
,938,1,1,0.9500134
,938,2,0,0.85983765
,938,3,2,1.0
,939,0,0,0.9951902
,939,1,2,1.0
,939,2,0,0.92521864
,939,3,1,0.9049728
,940,0,0,0.9825941
,940,1,0,0.7849427
,940,2,0,0.86749554
,940,3,2,1.0
,941,0,0,0.8898354
,941,1,0,0.9683368
,941,2,2,0.9999895
,941,3,0,0.784909
,942,0,3,1.0
,942,1,0,0.99336416
,942,2,1,0.98938346
,942,3,0,0.96829194
,943,0,1,0.72005224
,943,1,0,0.9967795
,943,2,3,1.0
,943,3,0,0.99329334
,944,0,2,1.0
,944,1,0,0.99724567
,944,2,1,0.9500133
,944,3,0,0.9965269
,945,0,1,0.9049728
,945,1,0,0.99730927
,945,2,2,1.0
,945,3,0,0.995662
,946,0,2,1.0
,946,1,0,0.9973179
,946,2,1,0.9859881
,946,3,0,0.9859725
,947,0,1,0.590954
,947,1,0,0.9973191
,947,2,2,1.0
,947,3,0,0.91451216
,948,0,1,0.53196156
,948,1,0,0.9973192
,948,2,1,0.6859052
,948,3,2,1.0
,949,0,2,1.0
,949,1,0,0.9973192
,949,2,0,0.85983783
,949,3,1,0.9265387
,950,0,1,0.9049728
,950,1,0,0.9973192
,950,2,0,0.9252189
,950,3,3,1.0
,951,0,2,1.0
,951,1,0,0.9973192
,951,2,0,0.86749595
,951,3,0,0.644064
,952,0,1,0.9049728
,952,1,0,0.9973192
,952,2,2,1.0
,952,3,0,0.9456829
,953,0,2,1.0
,953,1,0,0.9973192
,953,2,1,0.9049728
,953,3,0,0.98554254
,954,0,1,0.9049728
,954,1,0,0.9973192
,954,2,2,1.0
,954,3,0,0.98144615
,955,0,2,1.0
,955,1,0,0.9973192
,955,2,0,0.7718797
,955,3,0,0.91100925
,956,0,1,0.9049728
,956,1,0,0.9973192
,956,2,0,0.95095056
,956,3,2,1.0
,957,0,2,1.0
,957,1,0,0.9973192
,957,2,0,0.9659733
,957,3,1,0.98598814
,958,0,1,0.590954
,958,1,0,0.9973192
,958,2,0,0.89903516
,958,3,2,1.0
,959,0,1,0.53196156
,959,1,0,0.9973192
,959,2,2,1.0
,959,3,1,0.9143479
,960,0,2,1.0
,960,1,0,0.9973192
,960,2,1,0.59095395
,960,3,1,0.7822316
,961,0,1,0.9157477
,961,1,0,0.9973192
,961,2,1,0.53196156
,961,3,2,0.9999682
,962,0,1,0.7861661
,962,1,0,0.9973192
,962,2,2,1.0
,962,3,1,0.91434187
,963,0,2,0.91070205
,963,1,0,0.9973192
,963,2,1,0.59095395
,963,3,1,0.7822259
,964,0,1,0.6577839
,964,1,0,0.9973192
,964,2,1,0.53196156
,964,3,2,1.0
,965,0,0,0.8654349
,965,1,0,0.9973192
,965,2,2,1.0
,965,3,1,0.9049728
,966,0,0,0.92772245
,966,1,0,0.9973191
,966,2,1,0.9859881
,966,3,2,1.0
,967,0,0,0.8694334
,967,1,0,0.99731874
,967,2,2,1.0
,967,3,0,0.6982363
,968,0,2,1.0
,968,1,0,0.99731535
,968,2,1,0.9049728
,968,3,0,0.8529352
,969,0,0,0.77187955
,969,1,0,0.9972906
,969,2,2,1.0
,969,3,0,0.8115568
,970,0,0,0.95095056
,970,1,0,0.99710894
,970,2,1,0.9049728
,970,3,2,1.0
,971,0,0,0.9659733
,971,1,0,0.99577785
,971,2,2,1.0
,971,3,1,0.9049728
,972,0,0,0.89903504
,972,1,0,0.98602426
,972,2,0,0.7718797
,972,3,2,1.0
,973,0,2,1.0
,973,1,0,0.9145523
,973,2,0,0.95095056
,973,3,1,0.91434735
,974,0,0,0.77187955
,974,1,2,1.0
,974,2,0,0.9659733
,974,3,1,0.7822302
,975,0,0,0.95095056
,975,1,1,0.9144037
,975,2,0,0.89903516
,975,3,2,1.0
,976,0,0,0.9659733
,976,1,1,0.78238827
,976,2,2,1.0
,976,3,1,0.6859052
,977,0,0,0.89903504
,977,1,2,0.9964131
,977,2,1,0.59098876
,977,3,0,0.85983783
,978,0,2,1.0
,978,1,1,0.76045966
,978,2,1,0.5320078
,978,3,0,0.9252189
,979,0,0,0.7846954
,979,1,0,0.6477625
,979,2,2,0.99932957
,979,3,0,0.86749595
,980,0,0,0.96800774
,980,1,0,0.65277714
,980,2,1,0.59074587
,980,3,2,0.9999999
,981,0,0,0.9928456
,981,1,2,1.0
,981,2,1,0.5318006
,981,3,1,0.76153016
,982,0,0,0.9949293
,982,1,1,0.98598814
,982,2,2,1.0
,982,3,0,0.6472837
,983,0,0,0.98564476
,983,1,2,1.0
,983,2,1,0.6859052
,983,3,0,0.6524066
,984,0,0,0.9142585
,984,1,0,0.7846955
,984,2,0,0.85983783
,984,3,2,1.0
,985,0,2,1.0
,985,1,0,0.96800774
,985,2,0,0.9252189
,985,3,1,0.9049728
,986,0,1,0.590954
,986,1,0,0.9928456
,986,2,0,0.86749595
,986,3,2,1.0
,987,0,1,0.53196156
,987,1,0,0.9949293
,987,2,2,1.0
,987,3,0,0.7831344
,988,0,2,1.0
,988,1,0,0.98564476
,988,2,1,0.9049728
,988,3,0,0.9659301
,989,0,0,0.7846954
,989,1,0,0.9142585
,989,2,2,1.0
,989,3,0,0.98957235
,990,0,0,0.96800774
,990,1,2,1.0
,990,2,1,0.9049728
,990,3,0,0.98324865
,991,0,0,0.9928456
,991,1,1,0.91434735
,991,2,2,1.0
,991,3,0,0.9124042
,992,0,0,0.9949293
,992,1,1,0.7822302
,992,2,1,0.66968435
,992,3,2,1.0
,993,0,0,0.98564476
,993,1,2,1.0
,993,2,0,0.905429
,993,3,1,0.9049728
,994,0,0,0.9142585
,994,1,0,0.7849427
,994,2,0,0.98373485
,994,3,2,1.0
,995,0,2,1.0
,995,1,0,0.9683368
,995,2,0,0.9931161
,995,3,1,0.9049728
,996,0,1,0.9049728
,996,1,0,0.99336416
,996,2,0,0.98483354
,996,3,2,1.0
,997,0,2,1.0
,997,1,0,0.9967795
,997,2,0,0.91363084
,997,3,1,0.590954
,998,0,0,0.7849427
,998,1,0,0.99724567
,998,2,2,1.0
,998,3,1,0.53196156
,999,0,0,0.9683368
,999,1,0,0.99730927
,999,2,1,0.9049728
,999,3,2,1.0
,1000,0,0,0.99336416
,1000,1,0,0.9973179
,1000,2,2,1.0
,1000,3,1,0.98598814
,1001,0,0,0.9967795
,1001,1,0,0.9973191
,1001,2,1,0.9049728
,1001,3,2,1.0
,1002,0,0,0.99724567
,1002,1,0,0.9973192
,1002,2,2,1.0
,1002,3,1,0.98598814
,1003,0,0,0.99730927
,1003,1,0,0.9973192
,1003,2,1,0.98598826
,1003,3,2,1.0
,1004,0,0,0.9973179
,1004,1,0,0.9973192
,1004,2,2,0.9999716
,1004,3,1,0.9235294
,1005,0,0,0.997319
,1005,1,0,0.9973192
,1005,2,1,0.9859871
,1005,3,3,0.8604615
,1006,0,0,0.9973191
,1006,1,0,0.9973192
,1006,2,2,1.0
,1006,3,1,0.9550333
,1007,0,0,0.99731874
,1007,1,0,0.9973192
,1007,2,1,0.9049728
,1007,3,2,1.0
,1008,0,0,0.99731535
,1008,1,0,0.9973192
,1008,2,2,1.0
,1008,3,1,0.9049728
,1009,0,0,0.9972906
,1009,1,0,0.9973192
,1009,2,1,0.9859881
,1009,3,2,1.0
,1010,0,0,0.99710894
,1010,1,0,0.9973192
,1010,2,2,1.0
,1010,3,1,0.9049728
,1011,0,0,0.99577785
,1011,1,0,0.9973192
,1011,2,1,0.904973
,1011,3,2,1.0
,1012,0,0,0.98602426
,1012,1,0,0.9973192
,1012,2,2,0.9999943
,1012,3,1,0.9049728
,1013,0,0,0.9145523
,1013,1,0,0.99731874
,1013,2,0,0.69823736
,1013,3,2,1.0
,1014,0,2,1.0
,1014,1,0,0.99731535
,1014,2,0,0.8529356
,1014,3,1,0.9049728
,1015,0,1,0.590954
,1015,1,0,0.9972906
,1015,2,0,0.8115573
,1015,3,2,1.0
,1016,0,1,0.53196156
,1016,1,0,0.99710894
,1016,2,2,1.0
,1016,3,1,0.590954
,1017,0,2,1.0
,1017,1,0,0.99577785
,1017,2,0,0.7849427
,1017,3,1,0.53196156
,1018,0,1,0.9049728
,1018,1,0,0.98602426
,1018,2,0,0.9683368
,1018,3,2,1.0
,1019,0,2,1.0
,1019,1,0,0.9145523
,1019,2,0,0.99336404
,1019,3,1,0.590954
,1020,0,1,0.590954
,1020,1,2,1.0
,1020,2,0,0.9967789
,1020,3,1,0.53196156
,1021,0,1,0.53196156
,1021,1,0,0.6982363
,1021,2,0,0.9972415
,1021,3,2,1.0
,1022,0,2,1.0
,1022,1,0,0.8529352
,1022,2,0,0.9972805
,1022,3,1,0.9049728
,1023,0,1,0.590954
,1023,1,0,0.8115568
,1023,2,0,0.9971074
,1023,3,2,1.0
,1024,0,1,0.53196156
,1024,1,2,1.0
,1024,2,0,0.9957775
,1024,3,1,0.590954
,1025,0,2,1.0
,1025,1,0,0.7849381
,1025,2,0,0.98602426
,1025,3,1,0.53196156
,1026,0,1,0.6693604
,1026,1,0,0.9683307
,1026,2,0,0.91455203
,1026,3,2,1.0
,1027,0,0,0.90633947
,1027,1,0,0.99335444
,1027,2,2,1.0
,1027,3,1,0.9049728
,1028,0,0,0.9849035
,1028,1,0,0.99674505
,1028,2,1,0.9859881
,1028,3,2,1.0
,1029,0,0,0.99562496
,1029,1,0,0.9970294
,1029,2,2,1.0
,1029,3,1,0.9049728
,1030,0,0,0.997088
,1030,1,0,0.99576205
,1030,2,1,0.9265387
,1030,3,2,1.0
,1031,0,0,0.99728775
,1031,1,0,0.9860172
,1031,2,3,1.0
,1031,3,1,0.98598814
,1032,0,0,0.9973149
,1032,1,0,0.9145468
,1032,2,0,0.53691626
,1032,3,2,1.0
,1033,0,0,0.99731815
,1033,1,2,1.0
,1033,2,0,0.78077745
,1033,3,1,0.9049728
,1034,0,0,0.9973152
,1034,1,0,0.7849427
,1034,2,0,0.75571513
,1034,3,2,1.0
,1035,0,0,0.9972906
,1035,1,0,0.9683368
,1035,2,2,1.0
,1035,3,1,0.98598814
,1036,0,0,0.99710894
,1036,1,0,0.99336416
,1036,2,1,0.59095395
,1036,3,2,1.0
,1037,0,0,0.99577785
,1037,1,0,0.9967795
,1037,2,1,0.53196156
,1037,3,2,1.0
,1038,0,0,0.98602426
,1038,1,0,0.99724567
,1038,2,2,1.0
,1038,3,1,0.9049728
,1039,0,0,0.9145523
,1039,1,0,0.99730927
,1039,2,1,0.59095395
,1039,3,2,1.0
,1040,0,2,1.0
,1040,1,0,0.9973179
,1040,2,1,0.5319617
,1040,3,1,0.76153016
,1041,0,1,0.9049728
,1041,1,0,0.9973191
,1041,2,2,1.0
,1041,3,0,0.6472837
,1042,0,2,1.0
,1042,1,0,0.9973192
,1042,2,1,0.91434735
,1042,3,0,0.6524066
,1043,0,0,0.7846954
,1043,1,0,0.9973192
,1043,2,1,0.7822302
,1043,3,2,1.0
,1044,0,0,0.96800774
,1044,1,0,0.9973192
,1044,2,2,1.0
,1044,3,1,0.9049728
,1045,0,0,0.9928456
,1045,1,0,0.9973192
,1045,2,1,0.9049728
,1045,3,2,1.0
,1046,0,0,0.9949293
,1046,1,0,0.9973192
,1046,2,2,1.0
,1046,3,1,0.9049728
,1047,0,0,0.98564476
,1047,1,0,0.9973192
,1047,2,1,0.9049728
,1047,3,2,1.0
,1048,0,0,0.9142585
,1048,1,0,0.9973192
,1048,2,2,1.0
,1048,3,0,0.7718797
,1049,0,2,1.0
,1049,1,0,0.9973191
,1049,2,1,0.9049728
,1049,3,0,0.95095056
,1050,0,1,0.9049728
,1050,1,0,0.99731874
,1050,2,2,1.0
,1050,3,0,0.9659733
,1051,0,2,1.0
,1051,1,0,0.99731535
,1051,2,1,0.91434735
,1051,3,0,0.89903504
,1052,0,1,0.590954
,1052,1,0,0.9972906
,1052,2,1,0.7822302
,1052,3,2,1.0
,1053,0,1,0.53196156
,1053,1,0,0.99710894
,1053,2,2,1.0
,1053,3,1,0.590954
,1054,0,2,1.0
,1054,1,0,0.99577785
,1054,2,1,0.59095395
,1054,3,1,0.53196156
,1055,0,0,0.78494257
,1055,1,0,0.98602426
,1055,2,1,0.5319617
,1055,3,2,1.0
,1056,0,0,0.9683367
,1056,1,0,0.9145523
,1056,2,2,1.0
,1056,3,1,0.590954
,1057,0,0,0.9933639
,1057,1,2,1.0
,1057,2,1,0.91434735
,1057,3,1,0.53196156
,1058,0,0,0.99677867
,1058,1,0,0.7849381
,1058,2,1,0.7822302
,1058,3,2,1.0
,1059,0,0,0.9972404
,1059,1,0,0.9683307
,1059,2,2,1.0
,1059,3,1,0.9049728
,1060,0,0,0.99727184
,1060,1,0,0.99335444
,1060,2,1,0.9049728
,1060,3,2,1.0
,1061,0,0,0.99704474
,1061,1,0,0.99674505
,1061,2,2,1.0
,1061,3,1,0.9049728
,1062,0,0,0.9953182
,1062,1,0,0.9970294
,1062,2,1,0.9049728
,1062,3,2,1.0
,1063,0,0,0.9826579
,1063,1,0,0.99576205
,1063,2,2,1.0
,1063,3,1,0.9049728
,1064,0,0,0.8898856
,1064,1,0,0.9860172
,1064,2,0,0.69823635
,1064,3,2,1.0
,1065,0,3,0.9999995
,1065,1,0,0.9145468
,1065,2,0,0.8529352
,1065,3,0,0.7718797
,1066,0,0,0.6464627
,1066,1,2,1.0
,1066,2,0,0.8115569
,1066,3,0,0.95095056
,1067,0,0,0.94937485
,1067,1,1,0.9049728
,1067,2,2,1.0
,1067,3,0,0.9659733
,1068,0,0,0.99068797
,1068,1,2,1.0
,1068,2,1,0.59095395
,1068,3,0,0.89903504
,1069,0,0,0.9961477
,1069,1,0,0.6982363
,1069,2,1,0.53196156
,1069,3,2,1.0
,1070,0,0,0.9955865
,1070,1,0,0.8529352
,1070,2,2,1.0
,1070,3,1,0.98598814
,1071,0,0,0.98593867
,1071,1,0,0.8115568
,1071,2,0,0.7718797
,1071,3,2,1.0
,1072,0,0,0.914486
,1072,1,2,1.0
,1072,2,0,0.95095056
,1072,3,1,0.590954
,1073,0,2,1.0
,1073,1,0,0.7849427
,1073,2,0,0.9659733
,1073,3,1,0.53196156
,1074,0,0,0.6982363
,1074,1,0,0.9683368
,1074,2,0,0.89903516
,1074,3,2,1.0
,1075,0,0,0.8529352
,1075,1,0,0.99336416
,1075,2,2,1.0
,1075,3,1,0.9049728
,1076,0,0,0.8115568
,1076,1,0,0.9967795
,1076,2,1,0.67171985
,1076,3,2,1.0
,1077,0,2,1.0
,1077,1,0,0.99724567
,1077,2,0,0.8997082
,1077,3,1,0.9049728
,1078,0,1,0.9049728
,1078,1,0,0.99730927
,1078,2,0,0.97639215
,1078,3,2,1.0
,1079,0,2,1.0
,1079,1,0,0.9973178
,1079,2,0,0.9773531
,1079,3,1,0.9049728
,1080,0,0,0.6982363
,1080,1,0,0.997319
,1080,2,0,0.9078418
,1080,3,2,1.0
,1081,0,0,0.8529352
,1081,1,0,0.9973186
,1081,2,2,1.0
,1081,3,1,0.9049728
,1082,0,0,0.8115568
,1082,1,0,0.99731535
,1082,2,1,0.91434735
,1082,3,2,1.0
,1083,0,2,1.0
,1083,1,0,0.9972906
,1083,2,1,0.7822302
,1083,3,1,0.590954
,1084,0,1,0.590954
,1084,1,0,0.99710894
,1084,2,2,1.0
,1084,3,1,0.53196156
,1085,0,1,0.5319616
,1085,1,0,0.99577785
,1085,2,0,0.78313434
,1085,3,2,1.0
,1086,0,2,1.0
,1086,1,0,0.98602426
,1086,2,0,0.96593
,1086,3,1,0.98598814
,1087,0,1,0.91434735
,1087,1,0,0.9145523
,1087,2,0,0.98957247
,1087,3,2,1.0
,1088,0,1,0.7822302
,1088,1,2,1.0
,1088,2,0,0.98324853
,1088,3,0,0.7718797
,1089,0,2,1.0
,1089,1,0,0.7849427
,1089,2,0,0.9124042
,1089,3,0,0.95095056
,1090,0,1,0.9049728
,1090,1,0,0.9683368
,1090,2,2,1.0
,1090,3,0,0.9659733
,1091,0,2,1.0
,1091,1,0,0.99336416
,1091,2,0,0.7846955
,1091,3,0,0.89903504
,1092,0,1,0.9049728
,1092,1,0,0.9967795
,1092,2,0,0.96800786
,1092,3,2,1.0
,1093,0,2,1.0
,1093,1,0,0.99724555
,1093,2,0,0.9928457
,1093,3,1,0.9049729
,1094,0,1,0.9049728
,1094,1,0,0.9973087
,1094,2,0,0.9949293
,1094,3,2,0.99999774
,1095,0,2,1.0
,1095,1,0,0.99731404
,1095,2,0,0.98564464
,1095,3,1,0.9049724
,1096,0,0,0.7849421
,1096,1,0,0.9972904
,1096,2,0,0.9142586
,1096,3,2,1.0
,1097,0,0,0.968336
,1097,1,0,0.9971088
,1097,2,2,1.0
,1097,3,1,0.9049728
,1098,0,0,0.99336284
,1098,1,0,0.99577785
,1098,2,1,0.9859881
,1098,3,2,1.0
,1099,0,0,0.99677473
,1099,1,0,0.98602426
,1099,2,2,1.0
,1099,3,1,0.9049728
,1100,0,0,0.99721605
,1100,1,0,0.9145523
,1100,2,1,0.59095395
,1100,3,2,1.0
,1101,0,0,0.997098
,1101,1,2,1.0
,1101,2,1,0.53196156
,1101,3,0,0.784909
,1102,0,0,0.9957757
,1102,1,1,0.98598814
,1102,2,2,1.0
,1102,3,0,0.96829194
,1103,0,0,0.9860233
,1103,1,2,1.0
,1103,2,1,0.9049728
,1103,3,0,0.99329334
,1104,0,0,0.9145515
,1104,1,1,0.590954
,1104,2,2,1.0
,1104,3,0,0.9965269
,1105,0,2,1.0
,1105,1,1,0.53196156
,1105,2,0,0.7718797
,1105,3,0,0.995662
,1106,0,1,0.9049728
,1106,1,2,1.0
,1106,2,0,0.95095056
,1106,3,0,0.9859725
,1107,0,2,1.0
,1107,1,0,0.6982363
,1107,2,0,0.9659733
,1107,3,0,0.91451216
,1108,0,0,0.6982363
,1108,1,0,0.8529352
,1108,2,0,0.89903516
,1108,3,2,1.0
,1109,0,0,0.8529352
,1109,1,0,0.8115568
,1109,2,2,1.0
,1109,3,0,0.77187955
,1110,0,0,0.8115568
,1110,1,2,1.0
,1110,2,1,0.59095395
,1110,3,0,0.95095056
,1111,0,2,1.0
,1111,1,0,0.7846954
,1111,2,1,0.53196156
,1111,3,0,0.9659733
,1112,0,0,0.77187955
,1112,1,0,0.96800774
,1112,2,2,1.0
,1112,3,0,0.89903504
,1113,0,0,0.95095056
,1113,1,0,0.9928456
,1113,2,1,0.9049728
,1113,3,2,1.0
,1114,0,0,0.9659733
,1114,1,0,0.9949293
,1114,2,2,1.0
,1114,3,1,0.9049735
,1115,0,0,0.89903504
,1115,1,0,0.98564476
,1115,2,1,0.66968435
,1115,3,2,0.99996495
,1116,0,2,1.0
,1116,1,0,0.9142585
,1116,2,0,0.905429
,1116,3,1,0.91434133
,1117,0,0,0.7846954
,1117,1,2,1.0
,1117,2,0,0.98373485
,1117,3,1,0.78222555
,1118,0,0,0.96800774
,1118,1,1,0.9049728
,1118,2,0,0.9931161
,1118,3,2,1.0
,1119,0,0,0.9928456
,1119,1,2,1.0
,1119,2,0,0.98483354
,1119,3,1,0.98598814
,1120,0,0,0.9949293
,1120,1,0,0.7718797
,1120,2,0,0.91363084
,1120,3,2,1.0
,1121,0,0,0.98564476
,1121,1,0,0.95095056
,1121,2,2,1.0
,1121,3,1,0.9049728
,1122,0,0,0.9142585
,1122,1,0,0.9659733
,1122,2,0,0.7849427
,1122,3,2,1.0
,1123,0,2,1.0
,1123,1,0,0.89903504
,1123,2,0,0.9683368
,1123,3,1,0.590954
,1124,0,1,0.91434735
,1124,1,2,1.0
,1124,2,0,0.99336404
,1124,3,1,0.53196156
,1125,0,1,0.7822302
,1125,1,0,0.6982363
,1125,2,0,0.9967794
,1125,3,2,1.0
,1126,0,2,1.0
,1126,1,0,0.8529352
,1126,2,0,0.99724555
,1126,3,1,0.9049728
,1127,0,0,0.69016343
,1127,1,0,0.8115568
,1127,2,0,0.99730927
,1127,3,2,1.0
,1128,0,0,0.84219074
,1128,1,2,1.0
,1128,2,0,0.9973178
,1128,3,1,0.9049728
,1129,0,0,0.79462975
,1129,1,1,0.6693665
,1129,2,0,0.997319
,1129,3,2,1.0
,1130,0,2,0.6379417
,1130,1,0,0.90632254
,1130,2,0,0.9973192
,1130,3,1,0.9049728
,1131,0,1,0.97296315
,1131,1,0,0.9848817
,1131,2,0,0.9973192
,1131,3,2,1.0
,1132,0,2,1.0
,1132,1,0,0.9955782
,1132,2,0,0.9973192
,1132,3,1,0.9049728
,1133,0,1,0.9049728
,1133,1,0,0.9968596
,1133,2,0,0.9973192
,1133,3,2,1.0
,1134,0,2,1.0
,1134,1,0,0.99572825
,1134,2,0,0.9973192
,1134,3,1,0.9049728
,1135,0,1,0.98598814
,1135,1,0,0.98600215
,1135,2,0,0.9973192
,1135,3,2,1.0
,1136,0,2,1.0
,1136,1,0,0.91453505
,1136,2,0,0.9973192
,1136,3,0,0.7849427
,1137,0,1,0.9049728
,1137,1,2,1.0
,1137,2,0,0.9973192
,1137,3,0,0.9683368
,1138,0,2,1.0
,1138,1,1,0.9049728
,1138,2,0,0.9973192
,1138,3,0,0.99336416
,1139,0,1,0.98598814
,1139,1,2,1.0
,1139,2,0,0.9973192
,1139,3,0,0.9967795
,1140,0,2,1.0
,1140,1,1,0.9049728
,1140,2,0,0.9973192
,1140,3,0,0.99724567
,1141,0,1,0.9049728
,1141,1,2,1.0
,1141,2,0,0.9973192
,1141,3,0,0.99730915
,1142,0,2,1.0
,1142,1,1,0.9049728
,1142,2,0,0.99731874
,1142,3,0,0.9973178
,1143,0,1,0.9049728
,1143,1,2,1.0
,1143,2,0,0.99731547
,1143,3,0,0.9973185
,1144,0,2,1.0
,1144,1,1,0.9049728
,1144,2,0,0.9972905
,1144,3,0,0.99731535
,1145,0,1,0.9049728
,1145,1,2,1.0
,1145,2,0,0.9971088
,1145,3,0,0.9972906
,1146,0,2,1.0
,1146,1,1,0.98598814
,1146,2,0,0.99577796
,1146,3,0,0.99710894
,1147,0,1,0.98598814
,1147,1,2,1.0
,1147,2,0,0.98602426
,1147,3,0,0.99577785
,1148,0,2,1.0
,1148,1,0,0.78313434
,1148,2,0,0.9145523
,1148,3,0,0.98602426
,1149,0,0,0.6982363
,1149,1,0,0.9659301
,1149,2,2,1.0
,1149,3,0,0.9145523
,1150,0,0,0.8529352
,1150,1,0,0.98957235
,1150,2,1,0.9859881
,1150,3,2,1.0
,1151,0,0,0.8115568
,1151,1,0,0.98324865
,1151,2,2,1.0
,1151,3,0,0.784909
,1152,0,2,1.0
,1152,1,0,0.9124042
,1152,2,0,0.7849427
,1152,3,0,0.96829194
,1153,0,1,0.98598814
,1153,1,2,1.0
,1153,2,0,0.9683368
,1153,3,0,0.99329334
,1154,0,2,1.0
,1154,1,1,0.98598814
,1154,2,0,0.99336404
,1154,3,0,0.9965269
,1155,0,1,0.92635196
,1155,1,2,1.0
,1155,2,0,0.9967794
,1155,3,0,0.995662
,1156,0,3,0.99133855
,1156,1,1,0.98598814
,1156,2,0,0.99724555
,1156,3,0,0.9859725
,1157,0,1,0.743967
,1157,1,2,1.0
,1157,2,0,0.99730927
,1157,3,0,0.91451216
,1158,0,1,0.65037566
,1158,1,1,0.590954
,1158,2,0,0.9973178
,1158,3,2,1.0
,1159,0,2,1.0
,1159,1,1,0.53196156
,1159,2,0,0.997319
,1159,3,1,0.66968435
,1160,0,1,0.9049728
,1160,1,2,1.0
,1160,2,0,0.9973192
,1160,3,0,0.905429
,1161,0,2,1.0
,1161,1,1,0.9049728
,1161,2,0,0.9973192
,1161,3,0,0.98373485
,1162,0,1,0.98598814
,1162,1,2,1.0
,1162,2,0,0.99731874
,1162,3,0,0.99311596
,1163,0,2,1.0
,1163,1,1,0.9049728
,1163,2,0,0.99731547
,1163,3,0,0.98483366
,1164,0,1,0.590954
,1164,1,2,1.0
,1164,2,0,0.9972905
,1164,3,0,0.91363084
,1165,0,1,0.5319616
,1165,1,0,0.6982363
,1165,2,0,0.9971088
,1165,3,2,1.0
,1166,0,2,0.9999993
,1166,1,0,0.8529352
,1166,2,0,0.99577796
,1166,3,1,0.9049728
,1167,0,0,0.7718726
,1167,1,0,0.8115568
,1167,2,0,0.98602426
,1167,3,2,1.0
,1168,0,0,0.95094115
,1168,1,2,1.0
,1168,2,0,0.9145523
,1168,3,1,0.66968435
,1169,0,0,0.9659583
,1169,1,1,0.9049728
,1169,2,2,1.0
,1169,3,0,0.905429
,1170,0,0,0.89898175
,1170,1,2,1.0
,1170,2,0,0.7846955
,1170,3,0,0.98373485
,1171,0,2,0.99813205
,1171,1,1,0.9049728
,1171,2,0,0.96800786
,1171,3,0,0.99311596
,1172,0,1,0.98592097
,1172,1,2,1.0
,1172,2,0,0.9928457
,1172,3,0,0.98483366
,1173,0,2,0.99999785
,1173,1,1,0.91434735
,1173,2,0,0.9949293
,1173,3,0,0.91363084
,1174,0,0,0.6982367
,1174,1,1,0.7822302
,1174,2,0,0.98564464
,1174,3,2,1.0
,1175,0,0,0.85293543
,1175,1,2,1.0
,1175,2,0,0.9142586
,1175,3,0,0.7846955
,1176,0,0,0.811557
,1176,1,0,0.7849421
,1176,2,2,1.0
,1176,3,0,0.96800774
,1177,0,2,1.0
,1177,1,0,0.968336
,1177,2,1,0.9049728
,1177,3,0,0.9928456
,1178,0,1,0.9049728
,1178,1,0,0.99336284
,1178,2,2,1.0
,1178,3,0,0.9949293
,1179,0,2,1.0
,1179,1,0,0.99677473
,1179,2,1,0.9049728
,1179,3,0,0.98564476
,1180,0,1,0.6859052
,1180,1,0,0.99721605
,1180,2,2,1.0
,1180,3,0,0.9142585
,1181,0,0,0.85983783
,1181,1,0,0.997098
,1181,2,1,0.9049728
,1181,3,2,1.0
,1182,0,0,0.9252189
,1182,1,0,0.9957757
,1182,2,2,1.0
,1182,3,1,0.9049728
,1183,0,0,0.86749595
,1183,1,0,0.9860233
,1183,2,0,0.69823635
,1183,3,2,1.0
,1184,0,2,1.0
,1184,1,0,0.9145515
,1184,2,0,0.8529352
,1184,3,0,0.69823617
,1185,0,0,0.7718797
,1185,1,2,1.0
,1185,2,0,0.8115569
,1185,3,0,0.8529352
,1186,0,0,0.95095056
,1186,1,0,0.7846954
,1186,2,2,1.0
,1186,3,0,0.8115569
,1187,0,0,0.9659733
,1187,1,0,0.96800774
,1187,2,1,0.9049728
,1187,3,2,1.0
,1188,0,0,0.89903504
,1188,1,0,0.9928456
,1188,2,2,1.0
,1188,3,1,0.6427074
,1189,0,2,1.0
,1189,1,0,0.9949293
,1189,2,0,0.7849427
,1189,3,1,0.6008424
,1190,0,1,0.9049728
,1190,1,0,0.98564476
,1190,2,0,0.9683368
,1190,3,3,1.0
,1191,0,2,1.0
,1191,1,0,0.9142585
,1191,2,0,0.99336404
,1191,3,0,0.6464629
,1192,0,1,0.9049728
,1192,1,2,1.0
,1192,2,0,0.9967794
,1192,3,0,0.94937485
,1193,0,2,1.0
,1193,1,1,0.9049728
,1193,2,0,0.99724555
,1193,3,0,0.99068797
,1194,0,1,0.9049728
,1194,1,2,1.0
,1194,2,0,0.99730927
,1194,3,0,0.9961477
,1195,0,2,1.0
,1195,1,1,0.9049728
,1195,2,0,0.9973178
,1195,3,0,0.9955865
,1196,0,1,0.9049728
,1196,1,2,1.0
,1196,2,0,0.997319
,1196,3,0,0.9859381
,1197,0,2,1.0
,1197,1,1,0.590954
,1197,2,0,0.9973192
,1197,3,0,0.9144818
,1198,0,1,0.590954
,1198,1,1,0.53196156
,1198,2,0,0.9973192
,1198,3,2,0.99983084
,1199,0,1,0.53196156
,1199,1,2,1.0
,1199,2,0,0.9973192
,1199,3,1,0.6693071
,1200,0,2,1.0
,1200,1,1,0.9049728
,1200,2,0,0.9973192
,1200,3,0,0.9063464
,1201,0,1,0.9049728
,1201,1,2,1.0
,1201,2,0,0.9973192
,1201,3,0,0.984904
,1202,0,2,1.0
,1202,1,1,0.98598814
,1202,2,0,0.9973192
,1202,3,0,0.9956239
,1203,0,1,0.9049728
,1203,1,2,1.0
,1203,2,0,0.9973185
,1203,3,0,0.9970826
,1204,0,2,1.0
,1204,1,1,0.98598814
,1204,2,0,0.9973143
,1204,3,0,0.9972501
,1205,0,1,0.9049728
,1205,1,2,1.0
,1205,2,0,0.9972819
,1205,3,0,0.99704146
,1206,0,2,1.0
,1206,1,1,0.98598814
,1206,2,0,0.9970463
,1206,3,0,0.9953175
,1207,0,1,0.9049728
,1207,1,2,1.0
,1207,2,0,0.9953184
,1207,3,0,0.9826576
,1208,0,2,1.0
,1208,1,0,0.69823617
,1208,2,0,0.98265815
,1208,3,0,0.88988525
,1209,0,0,0.69823617
,1209,1,0,0.8529352
,1209,2,0,0.88988566
,1209,3,3,1.0
,1210,0,0,0.8529352
,1210,1,0,0.8115568
,1210,2,3,1.0
,1210,3,0,0.6465085
,1211,0,0,0.8115568
,1211,1,2,1.0
,1211,2,0,0.6465085
,1211,3,0,0.9494452
,1212,0,2,1.0
,1212,1,1,0.9049728
,1212,2,0,0.9494452
,1212,3,0,0.990786
,1213,0,1,0.98598814
,1213,1,2,1.0
,1213,2,0,0.99078614
,1213,3,0,0.9964276
,1214,0,2,1.0
,1214,1,1,0.98598814
,1214,2,0,0.9964277
,1214,3,0,0.99719703
,1215,0,1,0.9049728
,1215,1,2,1.0
,1215,2,0,0.9971975
,1215,3,0,0.99729866
,1216,0,2,1.0
,1216,1,1,0.9049728
,1216,2,0,0.9973026
,1216,3,0,0.9972882
,1217,0,1,0.9049728
,1217,1,2,1.0
,1217,2,0,0.9973171
,1217,3,0,0.9971086
,1218,0,2,1.0
,1218,1,1,0.98598814
,1218,2,0,0.997319
,1218,3,0,0.99577785
,1219,0,1,0.9049728
,1219,1,2,1.0
,1219,2,0,0.9973192
,1219,3,0,0.98602426
,1220,0,2,1.0
,1220,1,0,0.7849427
,1220,2,0,0.9973192
,1220,3,0,0.91455215
,1221,0,1,0.9049728
,1221,1,0,0.9683368
,1221,2,0,0.9973192
,1221,3,2,1.0
,1222,0,2,1.0
,1222,1,0,0.99336404
,1222,2,0,0.9973192
,1222,3,1,0.9049728
,1223,0,1,0.98598814
,1223,1,0,0.9967794
,1223,2,0,0.9973192
,1223,3,2,0.9999999
,1224,0,2,1.0
,1224,1,0,0.9972451
,1224,2,0,0.9973192
,1224,3,1,0.9265387
,1225,0,1,0.9049728
,1225,1,0,0.9973052
,1225,2,0,0.9973192
,1225,3,3,0.99999976
,1226,0,2,1.0
,1226,1,0,0.9972892
,1226,2,0,0.9973192
,1226,3,1,0.9500134
,1227,0,1,0.9049728
,1227,1,0,0.9971087
,1227,2,0,0.9973192
,1227,3,2,1.0
,1228,0,2,1.0
,1228,1,0,0.99577785
,1228,2,0,0.9973192
,1228,3,1,0.98598814
,1229,0,1,0.9049728
,1229,1,0,0.98602426
,1229,2,0,0.9973192
,1229,3,2,1.0
,1230,0,2,1.0
,1230,1,0,0.91455185
,1230,2,0,0.9973192
,1230,3,1,0.91434735
,1231,0,1,0.91434735
,1231,1,2,0.9999852
,1231,2,0,0.9973192
,1231,3,1,0.7822302
,1232,0,1,0.7822302
,1232,1,1,0.5909494
,1232,2,0,0.9973192
,1232,3,2,1.0
,1233,0,2,1.0
,1233,1,1,0.53195804
,1233,2,0,0.9973192
,1233,3,1,0.590954
,1234,0,0,0.78313434
,1234,1,2,1.0
,1234,2,0,0.9973192
,1234,3,1,0.53196156
,1235,0,0,0.9659301
,1235,1,1,0.9049728
,1235,2,0,0.9973192
,1235,3,2,1.0
,1236,0,0,0.98957235
,1236,1,2,1.0
,1236,2,0,0.99731874
,1236,3,1,0.9265387
,1237,0,0,0.98324865
,1237,1,1,0.9049728
,1237,2,0,0.99731547
,1237,3,3,1.0
,1238,0,0,0.9124042
,1238,1,2,1.0
,1238,2,0,0.9972905
,1238,3,1,0.7424784
,1239,0,2,1.0
,1239,1,0,0.7849427
,1239,2,0,0.9971088
,1239,3,1,0.6492237
,1240,0,1,0.9049728
,1240,1,0,0.9683368
,1240,2,0,0.99577796
,1240,3,2,0.99999976
,1241,0,2,1.0
,1241,1,0,0.99336404
,1241,2,0,0.98602426
,1241,3,1,0.98598814
,1242,0,1,0.91434735
,1242,1,0,0.9967794
,1242,2,0,0.9145523
,1242,3,2,1.0
,1243,0,1,0.7822302
,1243,1,0,0.9972451
,1243,2,2,1.0
,1243,3,1,0.76153016
,1244,0,2,1.0
,1244,1,0,0.9973052
,1244,2,1,0.9265387
,1244,3,0,0.6472837
,1245,0,0,0.69823617
,1245,1,0,0.9972892
,1245,2,3,1.0
,1245,3,0,0.6524066
,1246,0,0,0.8529352
,1246,1,0,0.9971087
,1246,2,1,0.9500133
,1246,3,2,1.0
,1247,0,0,0.8115568
,1247,1,0,0.99577785
,1247,2,2,1.0
,1247,3,1,0.6859052
,1248,0,2,1.0
,1248,1,0,0.98602426
,1248,2,1,0.9049728
,1248,3,0,0.85983795
,1249,0,0,0.69823617
,1249,1,0,0.9145523
,1249,2,2,1.0
,1249,3,0,0.9252189
,1250,0,0,0.8529352
,1250,1,2,1.0
,1250,2,0,0.78313434
,1250,3,0,0.86749595
,1251,0,0,0.8115568
,1251,1,0,0.6982363
,1251,2,0,0.96593
,1251,3,2,1.0
,1252,0,2,1.0
,1252,1,0,0.8529352
,1252,2,0,0.98957247
,1252,3,1,0.9265387
,1253,0,1,0.6859053
,1253,1,0,0.8115568
,1253,2,0,0.98324853
,1253,3,3,1.0
,1254,0,0,0.85983783
,1254,1,2,1.0
,1254,2,0,0.9124042
,1254,3,1,0.74248135
,1255,0,0,0.9252189
,1255,1,0,0.77187955
,1255,2,2,1.0
,1255,3,1,0.64922833
,1256,0,0,0.86749595
,1256,1,0,0.95095056
,1256,2,1,0.6427072
,1256,3,2,0.9999238
,1257,0,2,1.0
,1257,1,0,0.9659733
,1257,2,1,0.6008424
,1257,3,1,0.68588126
,1258,0,1,0.590954
,1258,1,0,0.89903504
,1258,2,3,0.99999976
,1258,3,0,0.85984266
,1259,0,1,0.53196156
,1259,1,2,1.0
,1259,2,0,0.5369161
,1259,3,0,0.9252211
,1260,0,2,1.0
,1260,1,0,0.784909
,1260,2,0,0.78077745
,1260,3,0,0.8674976
,1261,0,0,0.7849427
,1261,1,0,0.96829194
,1261,2,0,0.75571513
,1261,3,2,1.0
,1262,0,0,0.96833694
,1262,1,0,0.99329334
,1262,2,2,1.0
,1262,3,1,0.9049728
,1263,0,0,0.99336416
,1263,1,0,0.9965269
,1263,2,1,0.9049728
,1263,3,2,1.0
,1264,0,0,0.9967795
,1264,1,0,0.995662
,1264,2,2,1.0
,1264,3,1,0.98598814
,1265,0,0,0.99724567
,1265,1,0,0.9859725
,1265,2,1,0.9049728
,1265,3,2,1.0
,1266,0,0,0.99730927
,1266,1,0,0.91451216
,1266,2,2,1.0
,1266,3,0,0.6982363
,1267,0,0,0.9973179
,1267,1,2,1.0
,1267,2,1,0.9859881
,1267,3,0,0.8529352
,1268,0,0,0.9973191
,1268,1,0,0.7849427
,1268,2,2,1.0
,1268,3,0,0.8115568
,1269,0,0,0.9973192
,1269,1,0,0.96833694
,1269,2,1,0.9859881
,1269,3,2,0.9999999
,1270,0,0,0.9973192
,1270,1,0,0.99336416
,1270,2,2,1.0
,1270,3,1,0.98598814
,1271,0,0,0.9973192
,1271,1,0,0.9967795
,1271,2,1,0.9049728
,1271,3,2,0.9999914
,1272,0,0,0.9973192
,1272,1,0,0.99724567
,1272,2,2,1.0
,1272,3,1,0.98598784
,1273,0,0,0.9973192
,1273,1,0,0.99730927
,1273,2,1,0.9049728
,1273,3,2,1.0
,1274,0,0,0.9973192
,1274,1,0,0.9973179
,1274,2,2,1.0
,1274,3,1,0.9049728
,1275,0,0,0.9973192
,1275,1,0,0.9973191
,1275,2,1,0.9859881
,1275,3,2,1.0
,1276,0,0,0.9973192
,1276,1,0,0.9973192
,1276,2,2,1.0
,1276,3,1,0.9049728
,1277,0,0,0.9973191
,1277,1,0,0.9973192
,1277,2,1,0.9859881
,1277,3,2,1.0
,1278,0,0,0.99731874
,1278,1,0,0.9973192
,1278,2,2,1.0
,1278,3,1,0.9049728
,1279,0,0,0.99731535
,1279,1,0,0.9973192
,1279,2,1,0.9049728
,1279,3,2,1.0
,1280,0,0,0.9972906
,1280,1,0,0.9973192
,1280,2,2,1.0
,1280,3,1,0.9049728
,1281,0,0,0.99710894
,1281,1,0,0.9973191
,1281,2,1,0.9049728
,1281,3,2,1.0
,1282,0,0,0.99577785
,1282,1,0,0.99731874
,1282,2,2,1.0
,1282,3,1,0.9049728
,1283,0,0,0.98602426
,1283,1,0,0.99731535
,1283,2,1,0.9049728
,1283,3,2,1.0
,1284,0,0,0.9145523
,1284,1,0,0.9972906
,1284,2,2,1.0
,1284,3,1,0.59187907
,1285,0,2,1.0
,1285,1,0,0.99710894
,1285,2,0,0.69823617
,1285,3,1,0.53319275
,1286,0,1,0.9049728
,1286,1,0,0.99577785
,1286,2,0,0.8529352
,1286,3,2,0.9821252
,1287,0,2,1.0
,1287,1,0,0.98602426
,1287,2,0,0.8115569
,1287,3,1,0.75619555
,1288,0,0,0.78313434
,1288,1,0,0.9145523
,1288,2,2,1.0
,1288,3,0,0.6496698
,1289,0,0,0.9659301
,1289,1,2,1.0
,1289,2,1,0.59095395
,1289,3,0,0.6542532
,1290,0,0,0.98957235
,1290,1,0,0.77187955
,1290,2,1,0.53196156
,1290,3,2,1.0
,1291,0,0,0.98324865
,1291,1,0,0.95095056
,1291,2,2,1.0
,1291,3,1,0.98598814
,1292,0,0,0.9124042
,1292,1,0,0.9659733
,1292,2,1,0.6694235
,1292,3,2,1.0
,1293,0,2,1.0
,1293,1,0,0.89903504
,1293,2,0,0.90616196
,1293,3,0,0.7845898
,1294,0,1,0.9049728
,1294,1,2,1.0
,1294,2,0,0.98467577
,1294,3,0,0.96786714
,1295,0,2,1.0
,1295,1,1,0.9049728
,1295,2,0,0.9951357
,1295,3,0,0.9926241
,1296,0,0,0.6666783
,1296,1,2,0.9999995
,1296,2,0,0.9946988
,1296,3,0,0.99413854
,1297,0,0,0.8109334
,1297,1,2,1.0
,1297,2,0,0.980977
,1297,3,0,0.98068666
,1298,0,2,0.5471721
,1298,1,0,1.0
,1298,2,0,1.0
,1298,3,0,1.0
,1299,0,1,0.96969783
,1299,1,2,1.0
,1299,2,0,0.9976817
,1299,3,0,0.99768513
,1300,0,2,1.0
,1300,1,1,0.9049728
,1300,2,0,0.9973411
,1300,3,0,0.99736917
,1301,0,1,0.9049728
,1301,1,2,1.0
,1301,2,0,0.9971162
,1301,3,0,0.997326
,1302,0,2,1.0
,1302,1,1,0.9049728
,1302,2,0,0.9957794
,1302,3,0,0.9973202
,1303,0,1,0.9049728
,1303,1,2,1.0
,1303,2,0,0.986025
,1303,3,0,0.99731934
,1304,0,2,1.0
,1304,1,1,0.590954
,1304,2,0,0.9145527
,1304,3,0,0.9973192
,1305,0,1,0.64270735
,1305,1,1,0.53196156
,1305,2,2,1.0
,1305,3,0,0.9973192
,1306,0,1,0.6008424
,1306,1,2,1.0
,1306,2,0,0.784938
,1306,3,0,0.9973192
,1307,0,3,1.0
,1307,1,1,0.9049728
,1307,2,0,0.9683308
,1307,3,0,0.9973192
,1308,0,1,0.9617892
,1308,1,2,1.0
,1308,2,0,0.99335456
,1308,3,0,0.9973192
,1309,0,3,1.0
,1309,1,1,0.9265387
,1309,2,0,0.99674493
,1309,3,0,0.9973192
,1310,0,1,0.9500134
,1310,1,3,1.0
,1310,2,0,0.9970294
,1310,3,0,0.9973192
,1311,0,2,0.99999964
,1311,1,1,0.9500134
,1311,2,0,0.99576205
,1311,3,0,0.9973192
,1312,0,1,0.98598814
,1312,1,2,1.0
,1312,2,0,0.9860172
,1312,3,0,0.9973192
,1313,0,2,1.0
,1313,1,0,0.784909
,1313,2,0,0.9145468
,1313,3,0,0.9973192
,1314,0,1,0.98598814
,1314,1,0,0.96829194
,1314,2,2,1.0
,1314,3,0,0.9973192
,1315,0,2,1.0
,1315,1,0,0.99329334
,1315,2,1,0.9265387
,1315,3,0,0.9973192
,1316,0,1,0.9049728
,1316,1,0,0.9965269
,1316,2,3,1.0
,1316,3,0,0.9973192
,1317,0,2,1.0
,1317,1,0,0.995662
,1317,2,1,0.9500133
,1317,3,0,0.9973192
,1318,0,1,0.9265387
,1318,1,0,0.9859725
,1318,2,2,1.0
,1318,3,0,0.9973192
,1319,0,3,1.0
,1319,1,0,0.91451216
,1319,2,1,0.5910296
,1319,3,0,0.9973192
,1320,0,0,0.629011
,1320,1,2,1.0
,1320,2,1,0.532062
,1320,3,0,0.9973192
,1321,0,0,0.9225156
,1321,1,1,0.9049728
,1321,2,2,0.9985417
,1321,3,0,0.9973192
,1322,0,0,0.95325434
,1322,1,2,1.0
,1322,2,1,0.9859356
,1322,3,0,0.9973192
,1323,0,0,0.88919204
,1323,1,1,0.64270735
,1323,2,2,1.0
,1323,3,0,0.9973192
,1324,0,2,1.0
,1324,1,1,0.6008424
,1324,2,1,0.76153004
,1324,3,0,0.9973192
,1325,0,1,0.9265387
,1325,1,3,1.0
,1325,2,0,0.6472837
,1325,3,0,0.9973192
,1326,0,3,1.0
,1326,1,0,0.5110465
,1326,2,0,0.6524066
,1326,3,0,0.9973192
,1327,0,1,0.9500134
,1327,1,0,0.74096286
,1327,2,2,1.0
,1327,3,0,0.9973192
,1328,0,2,1.0
,1328,1,0,0.70022595
,1328,2,0,0.7718797
,1328,3,0,0.9973192
,1329,0,1,0.92616636
,1329,1,3,1.0
,1329,2,0,0.95095056
,1329,3,0,0.9973192
,1330,0,3,0.9827319
,1330,1,1,0.9617892
,1330,2,0,0.9659733
,1330,3,0,0.9973192
,1331,0,0,0.71396565
,1331,1,3,1.0
,1331,2,0,0.89903516
,1331,3,0,0.9973192
,1332,0,0,0.70401055
,1332,1,0,0.89547557
,1332,2,2,1.0
,1332,3,0,0.9973192
,1333,0,2,0.99999523
,1333,1,0,0.94115955
,1333,2,1,0.9049728
,1333,3,0,0.9973192
,1334,0,1,0.5909525
,1334,1,0,0.87983215
,1334,2,2,1.0
,1334,3,0,0.9973192
,1335,0,1,0.53196037
,1335,1,2,1.0
,1335,2,1,0.59095395
,1335,3,0,0.9973192
,1336,0,2,1.0
,1336,1,1,0.590954
,1336,2,1,0.53196156
,1336,3,0,0.9973192
,1337,0,1,0.590954
,1337,1,1,0.53196156
,1337,2,2,1.0
,1337,3,0,0.9973192
,1338,0,1,0.53196156
,1338,1,2,1.0
,1338,2,0,0.69823617
,1338,3,0,0.9973192
,1339,0,2,1.0
,1339,1,1,0.9049728
,1339,2,0,0.8529352
,1339,3,0,0.9973192
,1340,0,1,0.590954
,1340,1,2,1.0
,1340,2,0,0.8115569
,1340,3,0,0.9973192
,1341,0,1,0.53196156
,1341,1,0,0.69823617
,1341,2,2,1.0
,1341,3,0,0.9973192
,1342,0,2,1.0
,1342,1,0,0.8529352
,1342,2,1,0.9049728
,1342,3,0,0.9973192
,1343,0,1,0.590954
,1343,1,0,0.8115569
,1343,2,2,1.0
,1343,3,0,0.9973192
,1344,0,1,0.53196156
,1344,1,2,1.0
,1344,2,1,0.59179103
,1344,3,0,0.9973192
,1345,0,2,1.0
,1345,1,0,0.69823617
,1345,2,1,0.53307563
,1345,3,0,0.9973192
,1346,0,1,0.9049728
,1346,1,0,0.8529352
,1346,2,2,0.9838258
,1346,3,0,0.9973192
,1347,0,2,1.0
,1347,1,0,0.8115569
,1347,2,1,0.9115675
,1347,3,0,0.9973192
,1348,0,0,0.77187955
,1348,1,2,1.0
,1348,2,1,0.78007895
,1348,3,0,0.9973192
,1349,0,0,0.95095056
,1349,1,1,0.9049728
,1349,2,2,0.99999976
,1349,3,0,0.9973192
,1350,0,0,0.9659733
,1350,1,2,1.0
,1350,2,1,0.9893837
,1350,3,0,0.9973192
,1351,0,0,0.89903504
,1351,1,1,0.64270735
,1351,2,3,1.0
,1351,3,0,0.9973192
,1352,0,2,1.0
,1352,1,1,0.6008424
,1352,2,0,0.5369138
,1352,3,0,0.9973192
,1353,0,1,0.9049728
,1353,1,3,1.0
,1353,2,0,0.7807737
,1353,3,0,0.9973192
,1354,0,2,1.0
,1354,1,0,0.64650226
,1354,2,0,0.75571007
,1354,3,0,0.9973192
,1355,0,1,0.9049728
,1355,1,0,0.94943553
,1355,2,2,0.9999094
,1355,3,0,0.9973192
,1356,0,2,1.0
,1356,1,0,0.99077266
,1356,2,1,0.9893814
,1356,3,0,0.9973192
,1357,0,1,0.9265387
,1357,1,0,0.9963895
,1357,2,3,1.0
,1357,3,0,0.9973192
,1358,0,3,1.0
,1358,1,0,0.99697775
,1358,2,1,0.9500133
,1358,3,0,0.9973192
,1359,0,1,0.9617892
,1359,1,0,0.99575174
,1359,2,2,1.0
,1359,3,0,0.9973192
,1360,0,3,1.0
,1360,1,0,0.98601264
,1360,2,1,0.9265387
,1360,3,0,0.9973192
,1361,0,0,0.93108445
,1361,1,0,0.9145432
,1361,2,3,1.0
,1361,3,0,0.9973192
,1362,0,0,0.9882607
,1362,1,2,1.0
,1362,2,1,0.9500133
,1362,3,0,0.9973192
,1363,0,0,0.99603176
,1363,1,1,0.9049728
,1363,2,2,1.0
,1363,3,0,0.9973192
,1364,0,0,0.9968608
,1364,1,2,1.0
,1364,2,1,0.9049728
,1364,3,0,0.9973192
,1365,0,0,0.9952785
,1365,1,1,0.9049728
,1365,2,2,1.0
,1365,3,0,0.9973192
,1366,0,0,0.9826381
,1366,1,2,1.0
,1366,2,0,0.69823617
,1366,3,0,0.9973192
,1367,0,0,0.88987
,1367,1,2,1.0
,1367,2,0,0.8529352
,1367,3,0,0.9973192
,1368,0,3,1.0
,1368,1,1,0.930029
,1368,2,0,0.8115569
,1368,3,0,0.9973192
,1369,0,0,0.6239765
,1369,1,1,0.82630545
,1369,2,2,1.0
,1369,3,0,0.9973192
,1370,0,0,0.9147674
,1370,1,3,1.0
,1370,2,1,0.9049728
,1370,3,0,0.9973192
,1371,0,0,0.9424558
,1371,1,1,0.9500134
,1371,2,2,1.0
,1371,3,0,0.9973192
,1372,0,0,0.8583387
,1372,1,2,1.0
,1372,2,0,0.78264827
,1372,3,0,0.99731874
,1373,0,3,1.0
,1373,1,1,0.9049728
,1373,2,0,0.9652831
,1373,3,0,0.99731535
,1374,0,1,0.9500134
,1374,1,2,1.0
,1374,2,0,0.98855305
,1374,3,0,0.9972906
,1375,0,2,1.0
,1375,1,1,0.9049728
,1375,2,0,0.97961134
,1375,3,0,0.99710894
,1376,0,0,0.7846955
,1376,1,2,1.0
,1376,2,0,0.88959867
,1376,3,0,0.99577785
,1377,0,0,0.96800774
,1377,1,1,0.9049728
,1377,2,3,0.9046149
,1377,3,0,0.98602426
,1378,0,0,0.9928456
,1378,1,2,0.9999999
,1378,2,0,0.68972796
,1378,3,0,0.9145523
,1379,0,0,0.9949293
,1379,1,0,0.7831344
,1379,2,0,0.6852535
,1379,3,2,1.0
,1380,0,0,0.98564476
,1380,1,0,0.9659301
,1380,2,2,1.0
,1380,3,1,0.9049728
,1381,0,0,0.9142585
,1381,1,0,0.98957235
,1381,2,0,0.7718797
,1381,3,2,1.0
,1382,0,2,1.0
,1382,1,0,0.98324865
,1382,2,0,0.95095056
,1382,3,1,0.9049728
,1383,0,0,0.7848989
,1383,1,0,0.9124042
,1383,2,0,0.9659733
,1383,3,2,1.0
,1384,0,0,0.9682785
,1384,1,2,1.0
,1384,2,0,0.89903516
,1384,3,0,0.7849427
,1385,0,0,0.99327224
,1385,1,1,0.98598814
,1385,2,2,1.0
,1385,3,0,0.9683368
,1386,0,0,0.99645174
,1386,1,2,1.0
,1386,2,1,0.9265387
,1386,3,0,0.99336416
,1387,0,0,0.9951902
,1387,1,1,0.9049728
,1387,2,3,1.0
,1387,3,0,0.9967795
,1388,0,0,0.9825941
,1388,1,2,1.0
,1388,2,1,0.95149803
,1388,3,0,0.99724567
,1389,0,0,0.8898354
,1389,1,1,0.930029
,1389,2,2,0.87392217
,1389,3,0,0.99730927
,1390,0,3,1.0
,1390,1,1,0.82630545
,1390,2,1,0.89267856
,1390,3,0,0.9973179
,1391,0,0,0.6239765
,1391,1,3,1.0
,1391,2,1,0.765461
,1391,3,0,0.9973191
,1392,0,0,0.9147674
,1392,1,1,0.9500134
,1392,2,2,1.0
,1392,3,0,0.9973192
,1393,0,0,0.9424558
,1393,1,2,1.0
,1393,2,1,0.9049728
,1393,3,0,0.9973192
,1394,0,0,0.8583387
,1394,1,0,0.6964778
,1394,2,2,1.0
,1394,3,0,0.9973192
,1395,0,3,1.0
,1395,1,0,0.8505949
,1395,2,1,0.9049728
,1395,3,0,0.9973192
,1396,0,0,0.5110466
,1396,1,0,0.8078698
,1396,2,2,1.0
,1396,3,0,0.9973191
,1397,0,0,0.74096286
,1397,1,2,0.92113674
,1397,2,1,0.9049728
,1397,3,0,0.99731874
,1398,0,0,0.7002259
,1398,1,1,0.9007932
,1398,2,2,1.0
,1398,3,0,0.99731535
,1399,0,3,1.0
,1399,1,1,0.7717409
,1399,2,1,0.6427072
,1399,3,0,0.9972906
,1400,0,1,0.74247843
,1400,1,2,1.0
,1400,2,1,0.6008424
,1400,3,0,0.99710894
,1401,0,1,0.6492239
,1401,1,0,0.7718797
,1401,2,3,1.0
,1401,3,0,0.99577785
,1402,0,2,0.99999654
,1402,1,0,0.95095056
,1402,2,1,0.95019674
,1402,3,0,0.98602426
,1403,0,0,0.7848995
,1403,1,0,0.9659733
,1403,2,2,0.9844326
,1403,3,0,0.9145523
,1404,0,0,0.96827865
,1404,1,0,0.89903504
,1404,2,1,0.7568841
,1404,3,2,1.0
,1405,0,0,0.99327224
,1405,1,2,1.0
,1405,2,0,0.6493619
,1405,3,1,0.9049728
,1406,0,0,0.99645174
,1406,1,1,0.590954
,1406,2,0,0.6540147
,1406,3,2,1.0
,1407,0,0,0.9951902
,1407,1,1,0.53196156
,1407,2,2,1.0
,1407,3,0,0.7849427
,1408,0,0,0.9825941
,1408,1,2,1.0
,1408,2,1,0.9049728
,1408,3,0,0.9683368
,1409,0,0,0.8898354
,1409,1,1,0.590954
,1409,2,2,1.0
,1409,3,0,0.99336416
,1410,0,3,1.0
,1410,1,1,0.53196156
,1410,2,1,0.6427074
,1410,3,0,0.9967795
,1411,0,1,0.7821285
,1411,1,2,1.0
,1411,2,1,0.6008424
,1411,3,0,0.99724567
,1412,0,1,0.7102471
,1412,1,0,0.6982363
,1412,2,3,1.0
,1412,3,0,0.99730927
,1413,0,3,1.0
,1413,1,0,0.8529352
,1413,2,1,0.7730609
,1413,3,0,0.9973179
,1414,0,1,0.7821285
,1414,1,0,0.8115568
,1414,2,3,1.0
,1414,3,0,0.9973191
,1415,0,1,0.71024704
,1415,1,2,1.0
,1415,2,0,0.53691626
,1415,3,0,0.9973192
,1416,0,3,1.0
,1416,1,1,0.9049728
,1416,2,0,0.78077745
,1416,3,0,0.9973192
,1417,0,1,0.7424784
,1417,1,2,1.0
,1417,2,0,0.75571513
,1417,3,0,0.9973192
,1418,0,1,0.6492237
,1418,1,1,0.590954
,1418,2,2,1.0
,1418,3,0,0.9973192
,1419,0,2,1.0
,1419,1,1,0.53196156
,1419,2,1,0.59095395
,1419,3,0,0.9973192
,1420,0,0,0.78259706
,1420,1,2,1.0
,1420,2,1,0.53196156
,1420,3,0,0.9973192
,1421,0,0,0.96521485
,1421,1,1,0.9049728
,1421,2,2,1.0
,1421,3,0,0.9973192
,1422,0,0,0.9884457
,1422,1,2,1.0
,1422,2,1,0.9265387
,1422,3,0,0.9973192
,1423,0,0,0.9792279
,1423,1,1,0.9049728
,1423,2,3,1.0
,1423,3,0,0.9973192
,1424,0,0,0.887194
,1424,1,2,1.0
,1424,2,1,0.7821284
,1424,3,0,0.9973192
,1425,0,3,1.0
,1425,1,0,0.7831344
,1425,2,1,0.7102471
,1425,3,0,0.9973192
,1426,0,1,0.9617892
,1426,1,0,0.9659301
,1426,2,3,1.0
,1426,3,0,0.9973191
,1427,0,3,1.0
,1427,1,0,0.98957235
,1427,2,1,0.9617892
,1427,3,0,0.99731874
,1428,0,1,0.9501611
,1428,1,0,0.98324865
,1428,2,3,1.0
,1428,3,0,0.99731535
,1429,0,2,0.9874577
,1429,1,0,0.9124042
,1429,2,0,0.64617395
,1429,3,0,0.9972906
,1430,0,1,0.98903763
,1430,1,2,1.0
,1430,2,0,0.9489301
,1430,3,0,0.99710894
,1431,0,3,1.0
,1431,1,1,0.9049728
,1431,2,0,0.99006826
,1431,3,0,0.99577785
,1432,0,1,0.9617892
,1432,1,2,1.0
,1432,2,0,0.99437654
,1432,3,0,0.98602426
,1433,0,3,1.0
,1433,1,0,0.6982363
,1433,2,0,0.98539746
,1433,3,0,0.9145523
,1434,0,0,0.5110466
,1434,1,0,0.8529352
,1434,2,0,0.91406727
,1434,3,2,1.0
,1435,0,0,0.74096286
,1435,1,0,0.8115568
,1435,2,2,1.0
,1435,3,0,0.78259706
,1436,0,0,0.7002259
,1436,1,2,1.0
,1436,2,1,0.59095395
,1436,3,0,0.96521485
,1437,0,3,1.0
,1437,1,0,0.78313434
,1437,2,1,0.53196156
,1437,3,0,0.9884457
,1438,0,1,0.9500134
,1438,1,0,0.9659301
,1438,2,2,1.0
,1438,3,0,0.9792279
,1439,0,2,1.0
,1439,1,0,0.98957235
,1439,2,1,0.9175665
,1439,3,0,0.887194
,1440,0,0,0.6982363
,1440,1,0,0.98324865
,1440,2,1,0.79127824
,1440,3,3,1.0
,1441,0,0,0.8529352
,1441,1,0,0.9124042
,1441,2,2,0.79471546
,1441,3,0,0.629011
,1442,0,0,0.8115568
,1442,1,2,1.0
,1442,2,1,0.8790654
,1442,3,0,0.9225156
,1443,0,2,1.0
,1443,1,0,0.7849381
,1443,2,1,0.75492597
,1443,3,0,0.95325434
,1444,0,0,0.6982363
,1444,1,0,0.9683307
,1444,2,2,1.0
,1444,3,0,0.88919216
,1445,0,0,0.8529352
,1445,1,0,0.99335444
,1445,2,1,0.9265387
,1445,3,2,1.0
,1446,0,0,0.8115568
,1446,1,0,0.99674505
,1446,2,3,0.99999714
,1446,3,0,0.7849427
,1447,0,2,1.0
,1447,1,0,0.9970294
,1447,2,1,0.9500135
,1447,3,0,0.9683368
,1448,0,1,0.9265387
,1448,1,0,0.99576205
,1448,2,2,0.99999547
,1448,3,0,0.99336416
,1449,0,3,1.0
,1449,1,0,0.9860172
,1449,2,1,0.9893837
,1449,3,0,0.9967795
,1450,0,0,0.8853595
,1450,1,0,0.9145468
,1450,2,3,1.0
,1450,3,0,0.99724567
,1451,0,0,0.9277787
,1451,1,2,1.0
,1451,2,1,0.9617892
,1451,3,0,0.99730927
,1452,0,0,0.8468215
,1452,1,0,0.7846218
,1452,2,3,1.0
,1452,3,0,0.9973179
,1453,0,3,1.0
,1453,1,0,0.9679097
,1453,2,1,0.7730609
,1453,3,0,0.9973191
,1454,0,1,0.9617892
,1454,1,0,0.99269116
,1454,2,3,1.0
,1454,3,0,0.9973192
,1455,0,3,1.0
,1455,1,0,0.9943782
,1455,2,1,0.7730609
,1455,3,0,0.9973192
,1456,0,1,0.7730609
,1456,1,0,0.98218876
,1456,2,3,1.0
,1456,3,0,0.9973192
,1457,0,3,1.0
,1457,1,0,0.88951737
,1457,2,1,0.74247825
,1457,3,0,0.9973192
,1458,0,1,0.7821285
,1458,1,3,1.0
,1458,2,1,0.6492237
,1458,3,0,0.9973192
,1459,0,1,0.71024704
,1459,1,0,0.629011
,1459,2,2,1.0
,1459,3,0,0.9973192
,1460,0,3,1.0
,1460,1,0,0.9225156
,1460,2,1,0.9265387
,1460,3,0,0.9973192
,1461,0,1,0.9500134
,1461,1,0,0.95325434
,1461,2,3,1.0
,1461,3,0,0.9973192
,1462,0,2,0.99999976
,1462,1,0,0.88919204
,1462,2,1,0.74247825
,1462,3,0,0.9973192
,1463,0,1,0.590954
,1463,1,2,1.0
,1463,2,1,0.6492237
,1463,3,0,0.9973192
,1464,0,1,0.53196144
,1464,1,0,0.6982363
,1464,2,2,1.0
,1464,3,0,0.9973192
,1465,0,2,1.0
,1465,1,0,0.8529352
,1465,2,1,0.9049728
,1465,3,0,0.9973192
,1466,0,0,0.67596334
,1466,1,0,0.8115568
,1466,2,2,1.0
,1466,3,0,0.9973192
,1467,0,0,0.8232911
,1467,1,2,1.0
,1467,2,1,0.9859881
,1467,3,0,0.9973192
,1468,0,0,0.7648548
,1468,1,1,0.91434735
,1468,2,2,1.0
,1468,3,0,0.9973192
,1469,0,3,0.99892175
,1469,1,1,0.7822302
,1469,2,1,0.930029
,1469,3,0,0.9973192
,1470,0,0,0.53659433
,1470,1,2,1.0
,1470,2,1,0.8263053
,1470,3,0,0.9973191
,1471,0,0,0.78063345
,1471,1,1,0.98598814
,1471,2,3,1.0
,1471,3,0,0.99731874
,1472,0,0,0.7556038
,1472,1,2,1.0
,1472,2,1,0.74247825
,1472,3,0,0.99731535
,1473,0,2,1.0
,1473,1,0,0.6982363
,1473,2,1,0.6492237
,1473,3,0,0.9972906
,1474,0,1,0.9049728
,1474,1,0,0.8529352
,1474,2,2,1.0
,1474,3,0,0.99710894
,1475,0,2,1.0
,1475,1,0,0.8115568
,1475,2,1,0.6427072
,1475,3,0,0.99577785
,1476,0,1,0.6694047
,1476,1,2,1.0
,1476,2,1,0.6008424
,1476,3,0,0.98602426
,1477,0,0,0.90621513
,1477,1,0,0.7849427
,1477,2,3,1.0
,1477,3,0,0.9145523
,1478,0,0,0.9847439
,1478,1,0,0.9683368
,1478,2,1,0.9617892
,1478,3,2,1.0
,1479,0,0,0.99528223
,1479,1,0,0.9933639
,1479,2,3,1.0
,1479,3,1,0.9265387
,1480,0,0,0.9954143
,1480,1,0,0.9967789
,1480,2,1,0.9500133
,1480,3,3,1.0
,1481,0,0,0.9858617
,1481,1,0,0.9972416
,1481,2,2,1.0
,1481,3,1,0.9500134
,1482,0,0,0.9144263
,1482,1,0,0.99728036
,1482,2,1,0.59095395
,1482,3,2,1.0
,1483,0,2,1.0
,1483,1,0,0.9971074
,1483,2,1,0.53196156
,1483,3,1,0.64270735
,1484,0,0,0.7849381
,1484,1,0,0.9957776
,1484,2,2,1.0
,1484,3,1,0.60084236
,1485,0,0,0.9683307
,1485,1,0,0.98602414
,1485,2,1,0.9049728
,1485,3,3,1.0
,1486,0,0,0.99335444
,1486,1,0,0.91455215
,1486,2,2,1.0
,1486,3,1,0.7424784
,1487,0,0,0.99674505
,1487,1,2,1.0
,1487,2,1,0.59095395
,1487,3,1,0.6492237
,1488,0,0,0.9970294
,1488,1,0,0.7849427
,1488,2,1,0.53196156
,1488,3,2,1.0
,1489,0,0,0.99576205
,1489,1,0,0.9683368
,1489,2,2,1.0
,1489,3,1,0.9049728
,1490,0,0,0.9860172
,1490,1,0,0.99336404
,1490,2,1,0.9049728
,1490,3,2,1.0
,1491,0,0,0.9145468
,1491,1,0,0.9967794
,1491,2,2,1.0
,1491,3,1,0.590954
,1492,0,2,1.0
,1492,1,0,0.9972451
,1492,2,1,0.77985597
,1492,3,1,0.53196156
,1493,0,1,0.9049728
,1493,1,0,0.9973052
,1493,2,0,0.5957763
,1493,3,2,1.0
,1494,0,2,1.0
,1494,1,0,0.9972892
,1494,2,0,0.5862971
,1494,3,0,0.6759393
,1495,0,1,0.9265387
,1495,1,0,0.9971087
,1495,2,3,1.0
,1495,3,0,0.8232592
,1496,0,3,1.0
,1496,1,0,0.99577785
,1496,2,1,0.7821284
,1496,3,0,0.76480436
,1497,0,0,0.629007
,1497,1,0,0.98602426
,1497,2,1,0.7102471
,1497,3,3,1.0
,1498,0,0,0.9225095
,1498,1,0,0.9145523
,1498,2,3,1.0
,1498,3,1,0.7805361
,1499,0,0,0.95324594
,1499,1,2,1.0
,1499,2,0,0.5369161
,1499,3,1,0.7077963
,1500,0,0,0.8891682
,1500,1,0,0.7831344
,1500,2,0,0.7807773
,1500,3,3,0.9598399
,1501,0,2,0.99922496
,1501,1,0,0.9659301
,1501,2,0,0.75571495
,1501,3,1,0.7493806
,1502,0,0,0.785056
,1502,1,0,0.98957235
,1502,2,2,0.99999595
,1502,3,1,0.6545652
,1503,0,0,0.96835226
,1503,1,0,0.98324865
,1503,2,1,0.9859881
,1503,3,2,0.99999976
,1504,0,0,0.9933663
,1504,1,0,0.9124042
,1504,2,2,1.0
,1504,3,1,0.91434735
,1505,0,0,0.99677974
,1505,1,2,1.0
,1505,2,1,0.91434735
,1505,3,1,0.7822302
,1506,0,0,0.99724567
,1506,1,0,0.7849427
,1506,2,1,0.7822302
,1506,3,2,1.0
,1507,0,0,0.99730927
,1507,1,0,0.96833694
,1507,2,2,1.0
,1507,3,1,0.9049728
,1508,0,0,0.9973178
,1508,1,0,0.99336416
,1508,2,1,0.9893837
,1508,3,2,1.0
,1509,0,0,0.997319
,1509,1,0,0.9967795
,1509,2,3,1.0
,1509,3,1,0.90508616
,1510,0,0,0.9973186
,1510,1,0,0.99724567
,1510,2,1,0.9617892
,1510,3,2,0.9947454
,1511,0,0,0.99731535
,1511,1,0,0.99730927
,1511,2,3,1.0
,1511,3,1,0.9857991
,1512,0,0,0.9972906
,1512,1,0,0.9973179
,1512,2,1,0.9500133
,1512,3,2,1.0
,1513,0,0,0.99710894
,1513,1,0,0.9973191
,1513,2,2,1.0
,1513,3,1,0.9068192
,1514,0,0,0.99577785
,1514,1,0,0.9973192
,1514,2,1,0.9049728
,1514,3,2,0.9143834
,1515,0,0,0.98602426
,1515,1,0,0.9973192
,1515,2,2,1.0
,1515,3,1,0.9829082
,1516,0,0,0.9145523
,1516,1,0,0.9973192
,1516,2,0,0.7848989
,1516,3,2,1.0
,1517,0,2,1.0
,1517,1,0,0.9973192
,1517,2,0,0.96827865
,1517,3,1,0.9049728
,1518,0,1,0.98598814
,1518,1,0,0.9973192
,1518,2,0,0.9932721
,1518,3,2,1.0
,1519,0,2,0.9999999
,1519,1,0,0.9973192
,1519,2,0,0.99645174
,1519,3,1,0.98598814
,1520,0,1,0.9893837
,1520,1,0,0.9973192
,1520,2,0,0.9951901
,1520,3,2,1.0
,1521,0,3,1.0
,1521,1,0,0.9973192
,1521,2,0,0.98259395
,1521,3,1,0.9265387
,1522,0,0,0.6461739
,1522,1,0,0.9973192
,1522,2,0,0.8898354
,1522,3,3,1.0
,1523,0,0,0.9489301
,1523,1,0,0.9973192
,1523,2,3,1.0
,1523,3,1,0.96152097
,1524,0,0,0.99006814
,1524,1,0,0.9973192
,1524,2,1,0.9500133
,1524,3,3,0.97722334
,1525,0,0,0.99437654
,1525,1,0,0.9973192
,1525,2,2,1.0
,1525,3,1,0.9624177
,1526,0,0,0.98539746
,1526,1,0,0.9973192
,1526,2,1,0.9265387
,1526,3,3,1.0
,1527,0,0,0.91406715
,1527,1,0,0.9973192
,1527,2,3,1.0
,1527,3,1,0.7424784
,1528,0,2,1.0
,1528,1,0,0.9973192
,1528,2,1,0.74247825
,1528,3,1,0.6492237
,1529,0,0,0.784909
,1529,1,0,0.9973192
,1529,2,1,0.6492237
,1529,3,2,1.0
,1530,0,0,0.96829194
,1530,1,0,0.9973192
,1530,2,2,1.0
,1530,3,1,0.9049728
,1531,0,0,0.99329334
,1531,1,0,0.9973192
,1531,2,1,0.9893837
,1531,3,2,1.0
,1532,0,0,0.9965269
,1532,1,0,0.9973192
,1532,2,3,1.0
,1532,3,1,0.9265387
,1533,0,0,0.995662
,1533,1,0,0.9973192
,1533,2,1,0.9500133
,1533,3,3,1.0
,1534,0,0,0.9859725
,1534,1,0,0.9973191
,1534,2,2,1.0
,1534,3,1,0.9500134
,1535,0,0,0.91451216
,1535,1,0,0.99731874
,1535,2,0,0.69823617
,1535,3,2,1.0
,1536,0,2,1.0
,1536,1,0,0.99731535
,1536,2,0,0.8529352
,1536,3,0,0.76806915
,1537,0,2,1.0
,1537,1,0,0.9972906
,1537,2,0,0.8115569
,1537,3,0,0.94587904
,1538,0,1,0.98598814
,1538,1,0,0.99710894
,1538,2,2,1.0
,1538,3,0,0.9579834
,1539,0,2,1.0
,1539,1,0,0.99577785
,1539,2,0,0.7718797
,1539,3,0,0.8705233
,1540,0,1,0.9049728
,1540,1,0,0.98602426
,1540,2,0,0.95095056
,1540,3,3,1.0
,1541,0,2,1.0
,1541,1,0,0.9145523
,1541,2,0,0.9659733
,1541,3,0,0.64607424
,1542,0,1,0.590954
,1542,1,2,1.0
,1542,2,0,0.89903516
,1542,3,0,0.9487767
,1543,0,1,0.53196156
,1543,1,0,0.7849381
,1543,2,2,1.0
,1543,3,0,0.9898543
,1544,0,2,1.0
,1544,1,0,0.9683307
,1544,2,1,0.9049728
,1544,3,0,0.99376565
,1545,0,1,0.9049728
,1545,1,0,0.99335444
,1545,2,2,1.0
,1545,3,0,0.9818831
,1546,0,2,1.0
,1546,1,0,0.99674505
,1546,2,0,0.69823635
,1546,3,0,0.8892775
,1547,0,1,0.98598814
,1547,1,0,0.9970294
,1547,2,0,0.8529352
,1547,3,3,1.0
,1548,0,2,1.0
,1548,1,0,0.99576205
,1548,2,0,0.8115569
,1548,3,0,0.6465024
,1549,0,1,0.9049728
,1549,1,0,0.9860172
,1549,2,2,1.0
,1549,3,0,0.94943553
,1550,0,2,1.0
,1550,1,0,0.9145468
,1550,2,1,0.59095395
,1550,3,0,0.99077266
,1551,0,1,0.590954
,1551,1,2,1.0
,1551,2,1,0.53196156
,1551,3,0,0.9963895
,1552,0,1,0.53196156
,1552,1,1,0.59095407
,1552,2,2,1.0
,1552,3,0,0.99697775
,1553,0,2,1.0
,1553,1,1,0.5319616
,1553,2,0,0.7849427
,1553,3,0,0.99575174
,1554,0,1,0.9049728
,1554,1,2,0.9999989
,1554,2,0,0.9683368
,1554,3,0,0.98601264
,1555,0,2,1.0
,1555,1,0,0.78494287
,1555,2,0,0.99336404
,1555,3,0,0.9145432
,1556,0,1,0.9265387
,1556,1,0,0.96833694
,1556,2,0,0.9967794
,1556,3,2,1.0
,1557,0,3,1.0
,1557,1,0,0.99336416
,1557,2,0,0.99724555
,1557,3,1,0.9049728
,1558,0,1,0.9500134
,1558,1,0,0.9967795
,1558,2,0,0.99730927
,1558,3,2,1.0
,1559,0,2,1.0
,1559,1,0,0.99724555
,1559,2,0,0.9973178
,1559,3,1,0.9049728
,1560,0,1,0.98598814
,1560,1,0,0.9973087
,1560,2,0,0.997319
,1560,3,2,1.0
,1561,0,2,1.0
,1561,1,0,0.99731404
,1561,2,0,0.9973192
,1561,3,1,0.9049728
,1562,0,1,0.9049728
,1562,1,0,0.9972904
,1562,2,0,0.9973192
,1562,3,2,1.0
,1563,0,2,1.0
,1563,1,0,0.9971088
,1563,2,0,0.9973192
,1563,3,1,0.9265387
,1564,0,1,0.9049728
,1564,1,0,0.99577785
,1564,2,0,0.9973192
,1564,3,3,1.0
,1565,0,2,1.0
,1565,1,0,0.98602426
,1565,2,0,0.9973192
,1565,3,1,0.9500134
,1566,0,1,0.76153016
,1566,1,0,0.9145523
,1566,2,0,0.9973192
,1566,3,2,1.0
,1567,0,0,0.6472836
,1567,1,2,1.0
,1567,2,0,0.9973192
,1567,3,1,0.9049728
,1568,0,0,0.6524066
,1568,1,1,0.91434735
,1568,2,0,0.9973192
,1568,3,2,1.0
,1569,0,2,1.0
,1569,1,1,0.7822302
,1569,2,0,0.9973192
,1569,3,0,0.6759393
,1570,0,1,0.98598814
,1570,1,2,1.0
,1570,2,0,0.9973192
,1570,3,0,0.8232592
,1571,0,2,1.0
,1571,1,0,0.7849427
,1571,2,0,0.9973192
,1571,3,0,0.76480436
,1572,0,1,0.9049848
,1572,1,0,0.96833694
,1572,2,0,0.9973192
,1572,3,3,1.0
,1573,0,2,0.9994436
,1573,1,0,0.99336416
,1573,2,0,0.9973192
,1573,3,1,0.9500134
,1574,0,1,0.9859682
,1574,1,0,0.9967795
,1574,2,0,0.9973192
,1574,3,2,0.99999964
,1575,0,2,1.0
,1575,1,0,0.99724567
,1575,2,0,0.9973192
,1575,3,1,0.98598814
,1576,0,1,0.98598814
,1576,1,0,0.99730927
,1576,2,0,0.9973192
,1576,3,2,1.0
,1577,0,2,1.0
,1577,1,0,0.9973179
,1577,2,0,0.99731874
,1577,3,1,0.9049728
,1578,0,1,0.9049728
,1578,1,0,0.9973191
,1578,2,0,0.99731547
,1578,3,2,1.0
,1579,0,2,1.0
,1579,1,0,0.9973192
,1579,2,0,0.9972905
,1579,3,1,0.9049728
,1580,0,1,0.9049729
,1580,1,0,0.9973192
,1580,2,0,0.9971088
,1580,3,2,1.0
,1581,0,2,0.999997
,1581,1,0,0.9973192
,1581,2,0,0.99577796
,1581,3,1,0.9265387
,1582,0,1,0.9859881
,1582,1,0,0.9973192
,1582,2,0,0.98602426
,1582,3,3,1.0
,1583,0,2,1.0
,1583,1,0,0.9973192
,1583,2,0,0.9145523
,1583,3,0,0.53691614
,1584,0,1,0.90497494
,1584,1,0,0.9973191
,1584,2,2,1.0
,1584,3,0,0.78077745
,1585,0,2,0.9999032
,1585,1,0,0.99731874
,1585,2,1,0.7615302
,1585,3,0,0.75571513
,1586,0,1,0.9859846
,1586,1,0,0.99731535
,1586,2,0,0.6472837
,1586,3,2,1.0
,1587,0,2,1.0
,1587,1,0,0.9972906
,1587,2,0,0.6524066
,1587,3,1,0.590954
,1588,0,1,0.590954
,1588,1,0,0.99710894
,1588,2,2,1.0
,1588,3,1,0.53196156
,1589,0,1,0.5319616
,1589,1,0,0.99577785
,1589,2,1,0.59095395
,1589,3,2,1.0
,1590,0,2,1.0
,1590,1,0,0.98602426
,1590,2,1,0.53196156
,1590,3,0,0.78494185
,1591,0,1,0.59095407
,1591,1,0,0.9145523
,1591,2,2,1.0
,1591,3,0,0.96833575
,1592,0,1,0.53196156
,1592,1,2,1.0
,1592,2,1,0.6427074
,1592,3,0,0.99336237
,1593,0,2,1.0
,1593,1,0,0.77187955
,1593,2,1,0.6008424
,1593,3,0,0.9967735
,1594,0,1,0.9049728
,1594,1,0,0.95095056
,1594,2,3,1.0
,1594,3,0,0.9972074
,1595,0,2,1.0
,1595,1,0,0.9659733
,1595,2,1,0.9500133
,1595,3,0,0.99703515
,1596,0,1,0.64270735
,1596,1,0,0.89903504
,1596,2,2,1.0
,1596,3,0,0.9953161
,1597,0,1,0.60084236
,1597,1,2,1.0
,1597,2,0,0.7825971
,1597,3,0,0.9826569
,1598,0,3,1.0
,1598,1,1,0.590954
,1598,2,0,0.96521497
,1598,3,0,0.8898847
,1599,0,1,0.7424784
,1599,1,1,0.53196156
,1599,2,0,0.9884456
,1599,3,3,1.0
,1600,0,1,0.6492237
,1600,1,2,1.0
,1600,2,0,0.9792279
,1600,3,0,0.5110466
,1601,0,2,1.0
,1601,1,0,0.784909
,1601,2,0,0.887194
,1601,3,0,0.74096286
,1602,0,1,0.64270735
,1602,1,0,0.96829194
,1602,2,3,1.0
,1602,3,0,0.70022595
,1603,0,1,0.6008424
,1603,1,0,0.99329334
,1603,2,0,0.64650834
,1603,3,3,0.9999999
,1604,0,3,1.0
,1604,1,0,0.9965269
,1604,2,0,0.94944495
,1604,3,1,0.9500134
,1605,0,1,0.9500134
,1605,1,0,0.995662
,1605,2,0,0.9907859
,1605,3,2,1.0
,1606,0,2,1.0
,1606,1,0,0.9859725
,1606,2,0,0.996427
,1606,3,1,0.9049952
,1607,0,0,0.69735575
,1607,1,0,0.91451216
,1607,2,0,0.99719346
,1607,3,2,0.9989609
,1608,0,0,0.85176337
,1608,1,2,1.0
,1608,2,0,0.9972738
,1608,3,1,0.98595077
,1609,0,0,0.80971056
,1609,1,0,0.7849427
,1609,2,0,0.99710643
,1609,3,2,1.0
,1610,0,2,0.96051097
,1610,1,0,0.9683368
,1610,2,0,0.9957775
,1610,3,1,0.9049728
,1611,0,1,0.9845676
,1611,1,0,0.99336416
,1611,2,0,0.986024
,1611,3,2,1.0
,1612,0,2,1.0
,1612,1,0,0.9967795
,1612,2,0,0.91455203
,1612,3,0,0.6982363
,1613,0,1,0.9049728
,1613,1,0,0.99724567
,1613,2,2,1.0
,1613,3,0,0.8529352
,1614,0,2,1.0
,1614,1,0,0.99730927
,1614,2,0,0.7849427
,1614,3,0,0.8115568
,1615,0,1,0.9049728
,1615,1,0,0.9973179
,1615,2,0,0.9683368
,1615,3,2,1.0
,1616,0,2,1.0
,1616,1,0,0.9973191
,1616,2,0,0.99336404
,1616,3,1,0.9049728
,1617,0,1,0.98598814
,1617,1,0,0.9973192
,1617,2,0,0.9967794
,1617,3,2,1.0
,1618,0,2,1.0
,1618,1,0,0.9973192
,1618,2,0,0.9972451
,1618,3,1,0.9049728
,1619,0,1,0.9049728
,1619,1,0,0.9973191
,1619,2,0,0.9973052
,1619,3,2,1.0
,1620,0,2,1.0
,1620,1,0,0.9973185
,1620,2,0,0.99728906
,1620,3,1,0.590954
,1621,0,2,1.0
,1621,1,0,0.9973137
,1621,2,0,0.9971086
,1621,3,1,0.53196156
,1622,0,1,0.98598814
,1622,1,0,0.9972782
,1622,2,0,0.9957777
,1622,3,2,1.0
,1623,0,2,1.0
,1623,1,0,0.997019
,1623,2,0,0.98602426
,1623,3,1,0.9049728
,1624,0,1,0.78697723
,1624,1,0,0.9951188
,1624,2,0,0.9145523
,1624,3,2,1.0
,1625,0,0,0.57576126
,1625,1,0,0.98119473
,1625,2,2,1.0
,1625,3,1,0.6614213
,1626,0,0,1.0
,1626,1,0,1.0
,1626,2,0,1.0
,1626,3,2,0.6184238
,1627,0,0,0.9975034
,1627,1,0,0.99768513
,1627,2,2,1.0
,1627,3,1,0.8344115
,1628,0,0,0.9958564
,1628,1,0,0.99736917
,1628,2,1,0.9859881
,1628,3,2,0.9999999
,1629,0,0,0.9860594
,1629,1,0,0.997326
,1629,2,2,1.0
,1629,3,1,0.98598814
,1630,0,0,0.9145794
,1630,1,0,0.9973202
,1630,2,1,0.59095395
,1630,3,2,1.0
,1631,0,2,1.0
,1631,1,0,0.99731934
,1631,2,1,0.53196156
,1631,3,1,0.930029
,1632,0,0,0.7848989
,1632,1,0,0.9973192
,1632,2,2,1.0
,1632,3,1,0.82630545
,1633,0,0,0.9682785
,1633,1,0,0.9973192
,1633,2,1,0.9049728
,1633,3,3,1.0
,1634,0,0,0.99327224
,1634,1,0,0.9973192
,1634,2,2,1.0
,1634,3,1,0.9617892
,1635,0,0,0.99645174
,1635,1,0,0.9973192
,1635,2,1,0.9049728
,1635,3,3,1.0
,1636,0,0,0.9951902
,1636,1,0,0.9973192
,1636,2,2,1.0
,1636,3,1,0.9500134
,1637,0,0,0.9825941
,1637,1,0,0.9973192
,1637,2,1,0.9265387
,1637,3,2,1.0
,1638,0,0,0.8898354
,1638,1,0,0.9973192
,1638,2,3,1.0
,1638,3,1,0.64270735
,1639,0,3,1.0
,1639,1,0,0.9973192
,1639,2,1,0.7821284
,1639,3,1,0.6008424
,1640,0,0,0.6465085
,1640,1,0,0.9973192
,1640,2,1,0.7102471
,1640,3,3,1.0
,1641,0,0,0.9494452
,1641,1,0,0.9973192
,1641,2,3,1.0
,1641,3,1,0.9500134
,1642,0,0,0.990786
,1642,1,0,0.9973192
,1642,2,1,0.9500133
,1642,3,2,1.0
,1643,0,0,0.9964277
,1643,1,0,0.9973192
,1643,2,2,1.0
,1643,3,1,0.9049728
,1644,0,0,0.9971976
,1644,1,0,0.9973192
,1644,2,1,0.9049728
,1644,3,2,1.0
,1645,0,0,0.9973026
,1645,1,0,0.9973192
,1645,2,2,1.0
,1645,3,1,0.9049728
,1646,0,0,0.99731696
,1646,1,0,0.9973192
,1646,2,1,0.9049728
,1646,3,2,1.0
,1647,0,0,0.997319
,1647,1,0,0.9973192
,1647,2,2,1.0
,1647,3,1,0.9049728
,1648,0,0,0.9973192
,1648,1,0,0.9973192
,1648,2,1,0.9049728
,1648,3,2,1.0
,1649,0,0,0.9973192
,1649,1,0,0.9973192
,1649,2,2,1.0
,1649,3,1,0.9265374
,1650,0,0,0.9973192
,1650,1,0,0.9973192
,1650,2,1,0.9049728
,1650,3,3,0.9999378
,1651,0,0,0.9973192
,1651,1,0,0.9973192
,1651,2,2,1.0
,1651,3,1,0.9617909
,1652,0,0,0.9973192
,1652,1,0,0.9973192
,1652,2,1,0.9049728
,1652,3,3,1.0
,1653,0,0,0.9973192
,1653,1,0,0.9973192
,1653,2,2,1.0
,1653,3,1,0.9500134
,1654,0,0,0.9973192
,1654,1,0,0.9973192
,1654,2,1,0.9049728
,1654,3,2,1.0
,1655,0,0,0.9973192
,1655,1,0,0.9973192
,1655,2,2,1.0
,1655,3,1,0.9265387
,1656,0,0,0.9973192
,1656,1,0,0.9973192
,1656,2,1,0.9049728
,1656,3,3,1.0
,1657,0,0,0.9973191
,1657,1,0,0.9973192
,1657,2,2,1.0
,1657,3,1,0.9500134
,1658,0,0,0.9973185
,1658,1,0,0.9973192
,1658,2,1,0.9049728
,1658,3,2,1.0
,1659,0,0,0.99731416
,1659,1,0,0.9973192
,1659,2,2,1.0
,1659,3,1,0.9049728
,1660,0,0,0.997282
,1660,1,0,0.9973192
,1660,2,1,0.9049728
,1660,3,2,1.0
,1661,0,0,0.9970462
,1661,1,0,0.9973192
,1661,2,2,1.0
,1661,3,1,0.98598814
,1662,0,0,0.9953184
,1662,1,0,0.9973192
,1662,2,1,0.9049728
,1662,3,2,1.0
,1663,0,0,0.98265815
,1663,1,0,0.9973192
,1663,2,2,1.0
,1663,3,1,0.9265387
,1664,0,0,0.88988566
,1664,1,0,0.9973192
,1664,2,1,0.59095395
,1664,3,3,1.0
,1665,0,3,1.0
,1665,1,0,0.9973192
,1665,2,1,0.53196156
,1665,3,1,0.7821285
,1666,0,1,0.7424784
,1666,1,0,0.9973192
,1666,2,2,1.0
,1666,3,1,0.71024704
,1667,0,1,0.6492237
,1667,1,0,0.9973192
,1667,2,1,0.6427074
,1667,3,3,1.0
,1668,0,2,1.0
,1668,1,0,0.9973192
,1668,2,1,0.6008424
,1668,3,1,0.7821285
,1669,0,0,0.7849427
,1669,1,0,0.9973192
,1669,2,3,1.0
,1669,3,1,0.71024704
,1670,0,0,0.9683368
,1670,1,0,0.9973192
,1670,2,1,0.9500133
,1670,3,3,1.0
,1671,0,0,0.99336416
,1671,1,0,0.9973192
,1671,2,2,1.0
,1671,3,1,0.9500134
,1672,0,0,0.9967795
,1672,1,0,0.9973192
,1672,2,1,0.9049728
,1672,3,2,1.0
,1673,0,0,0.99724555
,1673,1,0,0.9973192
,1673,2,2,1.0
,1673,3,1,0.9265387
,1674,0,0,0.99730915
,1674,1,0,0.9973192
,1674,2,1,0.9049728
,1674,3,3,1.0
,1675,0,0,0.9973172
,1675,1,0,0.9973192
,1675,2,2,1.0
,1675,3,1,0.9617892
,1676,0,0,0.99731404
,1676,1,0,0.9973192
,1676,2,1,0.9049728
,1676,3,3,1.0
,1677,0,0,0.9972819
,1677,1,0,0.9973192
,1677,2,2,1.0
,1677,3,1,0.9617892
,1678,0,0,0.9970462
,1678,1,0,0.9973192
,1678,2,1,0.9265387
,1678,3,3,1.0
,1679,0,0,0.9953184
,1679,1,0,0.9973192
,1679,2,3,1.0
,1679,3,1,0.9500134
,1680,0,0,0.98265815
,1680,1,0,0.9973192
,1680,2,1,0.9500133
,1680,3,2,1.0
,1681,0,0,0.88988566
,1681,1,0,0.9973192
,1681,2,2,1.0
,1681,3,1,0.64270735
,1682,0,3,1.0
,1682,1,0,0.9973192
,1682,2,1,0.59095395
,1682,3,1,0.6008424
,1683,0,0,0.6465086
,1683,1,0,0.9973192
,1683,2,1,0.53196156
,1683,3,3,1.0
,1684,0,0,0.9494452
,1684,1,0,0.9973192
,1684,2,2,1.0
,1684,3,1,0.9617892
,1685,0,0,0.990786
,1685,1,0,0.9973192
,1685,2,1,0.9265387
,1685,3,3,1.0
,1686,0,0,0.9964277
,1686,1,0,0.9973192
,1686,2,3,1.0
,1686,3,1,0.9500134
,1687,0,0,0.9971976
,1687,1,0,0.9973192
,1687,2,1,0.9617892
,1687,3,2,1.0
,1688,0,0,0.9973026
,1688,1,0,0.9973192
,1688,2,3,1.0
,1688,3,1,0.9265387
,1689,0,0,0.9973163
,1689,1,0,0.9973192
,1689,2,1,0.9617892
,1689,3,3,1.0
,1690,0,0,0.9973139
,1690,1,0,0.9973192
,1690,2,3,0.99999976
,1690,3,1,0.9617892
,1691,0,0,0.9972819
,1691,1,0,0.9973192
,1691,2,1,0.9617892
,1691,3,3,1.0
,1692,0,0,0.9970462
,1692,1,0,0.9973192
,1692,2,3,1.0
,1692,3,1,0.9500134
,1693,0,0,0.9953184
,1693,1,0,0.9973192
,1693,2,1,0.9500133
,1693,3,2,1.0
,1694,0,0,0.98265815
,1694,1,0,0.9973192
,1694,2,2,1.0
,1694,3,1,0.9049728
,1695,0,0,0.88988566
,1695,1,0,0.9973192
,1695,2,0,0.6759394
,1695,3,2,1.0
,1696,0,3,1.0
,1696,1,0,0.9973192
,1696,2,0,0.82325935
,1696,3,1,0.9049728
,1697,0,0,0.64644927
,1697,1,0,0.9973192
,1697,2,0,0.76480466
,1697,3,2,1.0
,1698,0,0,0.94935393
,1698,1,0,0.9973192
,1698,2,3,0.999995
,1698,3,1,0.9049728
,1699,0,0,0.9906588
,1699,1,0,0.9973192
,1699,2,1,0.9500135
,1699,3,2,1.0
,1700,0,0,0.9960642
,1700,1,0,0.9973192
,1700,2,2,1.0
,1700,3,1,0.9265387
,1701,0,0,0.99510646
,1701,1,0,0.9973192
,1701,2,1,0.9049728
,1701,3,3,1.0
,1702,0,0,0.9825523
,1702,1,0,0.9973192
,1702,2,2,1.0
,1702,3,1,0.9617892
,1703,0,0,0.88980263
,1703,1,0,0.9973192
,1703,2,0,0.6759392
,1703,3,3,1.0
,1704,0,3,1.0
,1704,1,0,0.9973192
,1704,2,0,0.8232592
,1704,3,1,0.9617892
,1705,0,0,0.6465085
,1705,1,0,0.9973192
,1705,2,0,0.7648045
,1705,3,3,1.0
,1706,0,0,0.9494452
,1706,1,0,0.9973192
,1706,2,3,1.0
,1706,3,1,0.9617892
,1707,0,0,0.990786
,1707,1,0,0.9973192
,1707,2,1,0.9500133
,1707,3,3,0.9999993
,1708,0,0,0.9964276
,1708,1,0,0.9973192
,1708,2,2,1.0
,1708,3,1,0.9500134
,1709,0,0,0.9971969
,1709,1,0,0.9973192
,1709,2,1,0.9049728
,1709,3,2,1.0
,1710,0,0,0.99729747
,1710,1,0,0.9973192
,1710,2,2,1.0
,1710,3,1,0.9265387
,1711,0,0,0.99727964
,1711,1,0,0.9973192
,1711,2,1,0.9049728
,1711,3,3,1.0
,1712,0,0,0.9970458
,1712,1,0,0.9973192
,1712,2,2,1.0
,1712,3,1,0.9500134
,1713,0,0,0.9953184
,1713,1,0,0.9973192
,1713,2,1,0.9265387
,1713,3,2,1.0
,1714,0,0,0.982658
,1714,1,0,0.9973192
,1714,2,3,1.0
,1714,3,1,0.9265387
,1715,0,0,0.88988566
,1715,1,0,0.9973192
,1715,2,0,0.51104665
,1715,3,3,0.9999999
,1716,0,3,1.0
,1716,1,0,0.9973192
,1716,2,0,0.74096274
,1716,3,1,0.9617892
,1717,0,1,0.7821285
,1717,1,0,0.9973192
,1717,2,0,0.7002259
,1717,3,3,1.0
,1718,0,1,0.71024704
,1718,1,0,0.9973192
,1718,2,3,1.0
,1718,3,0,0.5110472
,1719,0,3,1.0
,1719,1,0,0.9973192
,1719,2,1,0.9500133
,1719,3,0,0.7409638
,1720,0,0,0.6465024
,1720,1,0,0.9973192
,1720,2,2,1.0
,1720,3,0,0.70022726
,1721,0,0,0.94943553
,1721,1,0,0.9973192
,1721,2,1,0.9049728
,1721,3,3,0.9999758
,1722,0,0,0.99077266
,1722,1,0,0.9973192
,1722,2,2,1.0
,1722,3,1,0.9617899
,1723,0,0,0.9963895
,1723,1,0,0.9973192
,1723,2,1,0.9859881
,1723,3,3,1.0
,1724,0,0,0.99697775
,1724,1,0,0.9973192
,1724,2,2,1.0
,1724,3,1,0.9617892
,1725,0,0,0.99575174
,1725,1,0,0.9973192
,1725,2,1,0.9049728
,1725,3,3,1.0
,1726,0,0,0.98601264
,1726,1,0,0.9973192
,1726,2,2,0.99999976
,1726,3,1,0.9617892
,1727,0,0,0.9145432
,1727,1,0,0.9973192
,1727,2,1,0.91434735
,1727,3,3,1.0
,1728,0,2,1.0
,1728,1,0,0.9973192
,1728,2,1,0.7822302
,1728,3,1,0.7821285
,1729,0,0,0.7849427
,1729,1,0,0.9973192
,1729,2,2,1.0
,1729,3,1,0.71024704
,1730,0,0,0.96833694
,1730,1,0,0.9973191
,1730,2,1,0.9049728
,1730,3,3,1.0
,1731,0,0,0.99336416
,1731,1,0,0.99731874
,1731,2,2,1.0
,1731,3,1,0.9617892
,1732,0,0,0.9967795
,1732,1,0,0.99731535
,1732,2,1,0.9049728
,1732,3,3,1.0
,1733,0,0,0.99724567
,1733,1,0,0.9972906
,1733,2,2,1.0
,1733,3,1,0.9500134
,1734,0,0,0.99730927
,1734,1,0,0.99710894
,1734,2,1,0.9265387
,1734,3,2,1.0
,1735,0,0,0.9973179
,1735,1,0,0.99577785
,1735,2,3,1.0
,1735,3,1,0.9049728
,1736,0,0,0.9973191
,1736,1,0,0.98602426
,1736,2,1,0.9500133
,1736,3,2,1.0
,1737,0,0,0.9973192
,1737,1,0,0.9145523
,1737,2,2,1.0
,1737,3,0,0.77187955
,1738,0,0,0.9973192
,1738,1,2,1.0
,1738,2,1,0.9049728
,1738,3,0,0.95095056
,1739,0,0,0.9973192
,1739,1,1,0.9049728
,1739,2,2,1.0
,1739,3,0,0.9659732
,1740,0,0,0.9973192
,1740,1,2,1.0
,1740,2,1,0.59095395
,1740,3,0,0.8990349
,1741,0,0,0.9973192
,1741,1,0,0.7849427
,1741,2,1,0.53196156
,1741,3,2,0.99999666
,1742,0,0,0.9973192
,1742,1,0,0.96833694
,1742,2,2,1.0
,1742,3,1,0.9893837
,1743,0,0,0.9973192
,1743,1,0,0.99336416
,1743,2,1,0.9049728
,1743,3,3,1.0
,1744,0,0,0.9973192
,1744,1,0,0.9967795
,1744,2,2,1.0
,1744,3,1,0.9617892
,1745,0,0,0.9973192
,1745,1,0,0.99724567
,1745,2,1,0.9049728
,1745,3,3,1.0
,1746,0,0,0.9973192
,1746,1,0,0.99730927
,1746,2,2,1.0
,1746,3,1,0.9617892
,1747,0,0,0.9973192
,1747,1,0,0.9973179
,1747,2,1,0.9265387
,1747,3,3,1.0
,1748,0,0,0.9973192
,1748,1,0,0.9973191
,1748,2,3,1.0
,1748,3,1,0.9617892
,1749,0,0,0.9973192
,1749,1,0,0.9973192
,1749,2,1,0.95001644
,1749,3,3,1.0
,1750,0,0,0.9973192
,1750,1,0,0.9973192
,1750,2,2,0.9997342
,1750,3,1,0.9500134
,1751,0,0,0.9973192
,1751,1,0,0.9973192
,1751,2,1,0.98597866
,1751,3,2,1.0
,1752,0,0,0.9973192
,1752,1,0,0.9973192
,1752,2,2,1.0
,1752,3,1,0.9049728
,1753,0,0,0.9973192
,1753,1,0,0.9973192
,1753,2,1,0.9049728
,1753,3,2,1.0
,1754,0,0,0.9973192
,1754,1,0,0.9973192
,1754,2,2,1.0
,1754,3,1,0.590954
,1755,0,0,0.9973192
,1755,1,0,0.9973192
,1755,2,2,1.0
,1755,3,1,0.53196156
,1756,0,0,0.9973192
,1756,1,0,0.9973192
,1756,2,1,0.9049728
,1756,3,2,1.0
,1757,0,0,0.9973192
,1757,1,0,0.9973192
,1757,2,2,1.0
,1757,3,1,0.9049728
,1758,0,0,0.9973192
,1758,1,0,0.9973192
,1758,2,1,0.9049728
,1758,3,2,1.0
,1759,0,0,0.9973192
,1759,1,0,0.9973192
,1759,2,2,1.0
,1759,3,1,0.9049728
,1760,0,0,0.9973192
,1760,1,0,0.9973192
,1760,2,1,0.9265387
,1760,3,2,1.0
,1761,0,0,0.9973192
,1761,1,0,0.9973192
,1761,2,3,1.0
,1761,3,1,0.9265387
,1762,0,0,0.9973192
,1762,1,0,0.9973192
,1762,2,1,0.9500133
,1762,3,3,1.0
,1763,0,0,0.9973192
,1763,1,0,0.9973192
,1763,2,2,1.0
,1763,3,1,0.9617892
,1764,0,0,0.9973192
,1764,1,0,0.9973192
,1764,2,1,0.9049728
,1764,3,3,1.0
,1765,0,0,0.9973192
,1765,1,0,0.9973192
,1765,2,2,1.0
,1765,3,1,0.9617892
,1766,0,0,0.9973192
,1766,1,0,0.9973192
,1766,2,1,0.9049728
,1766,3,3,1.0
,1767,0,0,0.9973192
,1767,1,0,0.9973192
,1767,2,2,1.0
,1767,3,1,0.9617892
,1768,0,0,0.9973192
,1768,1,0,0.9973192
,1768,2,1,0.9265387
,1768,3,3,1.0
,1769,0,0,0.9973192
,1769,1,0,0.9973192
,1769,2,3,1.0
,1769,3,1,0.9617892
,1770,0,0,0.9973192
,1770,1,0,0.9973192
,1770,2,1,0.9500133
,1770,3,3,1.0
,1771,0,0,0.9973192
,1771,1,0,0.9973192
,1771,2,2,1.0
,1771,3,1,0.9617892
,1772,0,0,0.9973192
,1772,1,0,0.9973192
,1772,2,1,0.9049728
,1772,3,3,1.0
,1773,0,0,0.9973192
,1773,1,0,0.9973192
,1773,2,2,1.0
,1773,3,1,0.9617892
,1774,0,0,0.9973192
,1774,1,0,0.9973192
,1774,2,1,0.9049728
,1774,3,3,1.0
,1775,0,0,0.9973192
,1775,1,0,0.9973192
,1775,2,2,1.0
,1775,3,1,0.9617892
,1776,0,0,0.9973192
,1776,1,0,0.9973192
,1776,2,1,0.9265387
,1776,3,3,1.0
,1777,0,0,0.9973192
,1777,1,0,0.9973192
,1777,2,3,1.0
,1777,3,1,0.96178794
,1778,0,0,0.9973192
,1778,1,0,0.9973192
,1778,2,1,0.9617892
,1778,3,3,0.99989855
,1779,0,0,0.9973192
,1779,1,0,0.9973192
,1779,2,3,1.0
,1779,3,1,0.96179193
,1780,0,0,0.9973192
,1780,1,0,0.9973192
,1780,2,1,0.9500133
,1780,3,3,1.0
,1781,0,0,0.9973192
,1781,1,0,0.9973192
,1781,2,2,1.0
,1781,3,1,0.9617892
,1782,0,0,0.9973192
,1782,1,0,0.9973192
,1782,2,1,0.9049728
,1782,3,3,1.0
,1783,0,0,0.9973192
,1783,1,0,0.9973192
,1783,2,2,1.0
,1783,3,1,0.7821285
,1784,0,0,0.9973192
,1784,1,0,0.9973192
,1784,2,2,1.0
,1784,3,1,0.71024704
,1785,0,0,0.9973192
,1785,1,0,0.9973192
,1785,2,1,0.9049728
,1785,3,3,1.0
,1786,0,0,0.9973192
,1786,1,0,0.9973192
,1786,2,2,1.0
,1786,3,1,0.9617892
,1787,0,0,0.9973192
,1787,1,0,0.9973192
,1787,2,1,0.9265387
,1787,3,3,0.9999994
,1788,0,0,0.9973191
,1788,1,0,0.9973192
,1788,2,3,1.0
,1788,3,1,0.9617892
,1789,0,0,0.99731874
,1789,1,0,0.9973191
,1789,2,1,0.9500133
,1789,3,3,1.0
,1790,0,0,0.99731535
,1790,1,0,0.99731874
,1790,2,2,1.0
,1790,3,1,0.9617892
,1791,0,0,0.9972906
,1791,1,0,0.99731535
,1791,2,1,0.9265387
,1791,3,3,1.0
,1792,0,0,0.99710894
,1792,1,0,0.9972906
,1792,2,3,1.0
,1792,3,1,0.9617892
,1793,0,0,0.99577785
,1793,1,0,0.99710894
,1793,2,1,0.9500133
,1793,3,3,1.0
,1794,0,0,0.98602426
,1794,1,0,0.99577785
,1794,2,2,1.0
,1794,3,1,0.9617884
,1795,0,0,0.9145523
,1795,1,0,0.98602426
,1795,2,0,0.69823617
,1795,3,3,0.9999325
,1796,0,2,1.0
,1796,1,0,0.9145523
,1796,2,0,0.8529352
,1796,3,0,0.536896
,1797,0,1,0.6693604
,1797,1,2,1.0
,1797,2,0,0.8115569
,1797,3,0,0.7807684
,1798,0,0,0.90633947
,1798,1,0,0.7849427
,1798,2,2,1.0
,1798,3,0,0.75570816
,1799,0,0,0.9849035
,1799,1,0,0.96833694
,1799,2,1,0.9265387
,1799,3,2,1.0
,1800,0,0,0.99562496
,1800,1,0,0.99336416
,1800,2,3,1.0
,1800,3,1,0.9049728
,1801,0,0,0.997088
,1801,1,0,0.9967795
,1801,2,1,0.9500133
,1801,3,2,1.0
,1802,0,0,0.99728763
,1802,1,0,0.99724567
,1802,2,2,1.0
,1802,3,1,0.9049729
,1803,0,0,0.9973144
,1803,1,0,0.99730927
,1803,2,1,0.9049728
,1803,3,2,0.9999938
,1804,0,0,0.99731475
,1804,1,0,0.9973179
,1804,2,2,1.0
,1804,3,1,0.98598796
,1805,0,0,0.9972905
,1805,1,0,0.9973191
,1805,2,1,0.9049728
,1805,3,2,0.99999976
,1806,0,0,0.99710894
,1806,1,0,0.9973192
,1806,2,2,1.0
,1806,3,1,0.98598814
,1807,0,0,0.99577785
,1807,1,0,0.9973192
,1807,2,1,0.9049728
,1807,3,2,1.0
,1808,0,0,0.98602426
,1808,1,0,0.9973192
,1808,2,2,1.0
,1808,3,1,0.9049728
,1809,0,0,0.9145523
,1809,1,0,0.9973192
,1809,2,0,0.69823635
,1809,3,2,1.0
,1810,0,2,1.0
,1810,1,0,0.9973192
,1810,2,0,0.8529352
,1810,3,1,0.98598814
,1811,0,0,0.7849427
,1811,1,0,0.9973192
,1811,2,0,0.8115569
,1811,3,2,1.0
,1812,0,0,0.96833694
,1812,1,0,0.9973192
,1812,2,2,1.0
,1812,3,1,0.9049728
,1813,0,0,0.99336416
,1813,1,0,0.9973191
,1813,2,1,0.9049728
,1813,3,2,1.0
,1814,0,0,0.9967795
,1814,1,0,0.99731874
,1814,2,2,1.0
,1814,3,1,0.9049728
,1815,0,0,0.99724567
,1815,1,0,0.99731535
,1815,2,1,0.9049728
,1815,3,2,1.0
,1816,0,0,0.99730927
,1816,1,0,0.9972906
,1816,2,2,1.0
,1816,3,1,0.9049728
,1817,0,0,0.9973179
,1817,1,0,0.99710894
,1817,2,1,0.9049728
,1817,3,2,1.0
,1818,0,0,0.9973191
,1818,1,0,0.99577785
,1818,2,2,1.0
,1818,3,1,0.98598814
,1819,0,0,0.9973192
,1819,1,0,0.98602426
,1819,2,1,0.9049728
,1819,3,2,1.0
,1820,0,0,0.9973192
,1820,1,0,0.9145523
,1820,2,2,1.0
,1820,3,1,0.590954
,1821,0,0,0.9973192
,1821,1,2,1.0
,1821,2,1,0.91434735
,1821,3,1,0.53196156
,1822,0,0,0.9973192
,1822,1,0,0.69823617
,1822,2,1,0.7822302
,1822,3,2,1.0
,1823,0,0,0.9973192
,1823,1,0,0.8529352
,1823,2,2,1.0
,1823,3,1,0.9049728
,1824,0,0,0.9973191
,1824,1,0,0.8115568
,1824,2,1,0.59095395
,1824,3,2,1.0
,1825,0,0,0.99731874
,1825,1,2,1.0
,1825,2,1,0.53196156
,1825,3,1,0.590954
,1826,0,0,0.99731535
,1826,1,1,0.590954
,1826,2,2,1.0
,1826,3,1,0.53196156
,1827,0,0,0.9972906
,1827,1,1,0.53196156
,1827,2,0,0.784909
,1827,3,2,1.0
,1828,0,0,0.99710894
,1828,1,2,1.0
,1828,2,0,0.968292
,1828,3,1,0.9049728
,1829,0,0,0.99577785
,1829,1,1,0.9049728
,1829,2,0,0.99329346
,1829,3,2,1.0
,1830,0,0,0.98602426
,1830,1,2,1.0
,1830,2,0,0.996527
,1830,3,1,0.98598814
,1831,0,0,0.9145523
,1831,1,0,0.7849427
,1831,2,0,0.9956621
,1831,3,2,1.0
,1832,0,2,1.0
,1832,1,0,0.9683368
,1832,2,0,0.9859725
,1832,3,1,0.9049728
,1833,0,0,0.7849427
,1833,1,0,0.9933639
,1833,2,0,0.91451216
,1833,3,2,1.0
,1834,0,0,0.96833694
,1834,1,0,0.9967789
,1834,2,2,1.0
,1834,3,1,0.9049728
,1835,0,0,0.99336416
,1835,1,0,0.9972416
,1835,2,1,0.9859881
,1835,3,2,0.9999995
,1836,0,0,0.9967795
,1836,1,0,0.99728036
,1836,2,2,1.0
,1836,3,1,0.98598814
,1837,0,0,0.99724567
,1837,1,0,0.9971074
,1837,2,1,0.90497625
,1837,3,2,1.0
,1838,0,0,0.99730927
,1838,1,0,0.9957776
,1838,2,2,0.9998405
,1838,3,1,0.9049728
,1839,0,0,0.9973179
,1839,1,0,0.98602414
,1839,2,1,0.9859824
,1839,3,2,1.0
,1840,0,0,0.9973191
,1840,1,0,0.91455215
,1840,2,2,1.0
,1840,3,1,0.590954
,1841,0,0,0.9973192
,1841,1,2,1.0
,1841,2,1,0.59095407
,1841,3,1,0.53196156
,1842,0,0,0.9973192
,1842,1,0,0.7849427
,1842,2,1,0.53196156
,1842,3,2,1.0
,1843,0,0,0.9973192
,1843,1,0,0.9683368
,1843,2,2,1.0
,1843,3,1,0.9049728
,1844,0,0,0.9973192
,1844,1,0,0.99336416
,1844,2,1,0.9049728
,1844,3,2,1.0
,1845,0,0,0.9973191
,1845,1,0,0.9967795
,1845,2,2,1.0
,1845,3,1,0.9049728
,1846,0,0,0.99731874
,1846,1,0,0.99724567
,1846,2,1,0.9049728
,1846,3,2,1.0
,1847,0,0,0.99731535
,1847,1,0,0.99730927
,1847,2,2,1.0
,1847,3,1,0.9049728
,1848,0,0,0.9972906
,1848,1,0,0.9973179
,1848,2,1,0.9049728
,1848,3,2,1.0
,1849,0,0,0.99710894
,1849,1,0,0.9973191
,1849,2,2,1.0
,1849,3,1,0.9049728
,1850,0,0,0.99577785
,1850,1,0,0.9973192
,1850,2,1,0.9859881
,1850,3,2,1.0
,1851,0,0,0.98602426
,1851,1,0,0.9973192
,1851,2,2,1.0
,1851,3,1,0.9049728
,1852,0,0,0.9145523
,1852,1,0,0.9973192
,1852,2,0,0.78313434
,1852,3,2,1.0
,1853,0,2,1.0
,1853,1,0,0.9973192
,1853,2,0,0.96593
,1853,3,1,0.9049728
,1854,0,1,0.9049728
,1854,1,0,0.9973191
,1854,2,0,0.98957247
,1854,3,2,1.0
,1855,0,2,1.0
,1855,1,0,0.99731874
,1855,2,0,0.98324853
,1855,3,1,0.9049728
,1856,0,0,0.7849427
,1856,1,0,0.99731535
,1856,2,0,0.9124042
,1856,3,2,1.0
,1857,0,0,0.96833694
,1857,1,0,0.9972906
,1857,2,2,1.0
,1857,3,1,0.9049728
,1858,0,0,0.99336416
,1858,1,0,0.99710894
,1858,2,1,0.9859881
,1858,3,2,1.0
,1859,0,0,0.9967795
,1859,1,0,0.99577785
,1859,2,2,1.0
,1859,3,1,0.9049728
,1860,0,0,0.99724555
,1860,1,0,0.98602426
,1860,2,1,0.9049728
,1860,3,2,1.0
,1861,0,0,0.99730915
,1861,1,0,0.9145523
,1861,2,2,1.0
,1861,3,0,0.69823617
,1862,0,0,0.9973173
,1862,1,2,1.0
,1862,2,1,0.9049728
,1862,3,0,0.8529352
,1863,0,0,0.9973152
,1863,1,0,0.6982363
,1863,2,2,1.0
,1863,3,0,0.8115569
,1864,0,0,0.9972905
,1864,1,0,0.8529352
,1864,2,1,0.9049728
,1864,3,2,1.0
,1865,0,0,0.99710894
,1865,1,0,0.8115568
,1865,2,2,1.0
,1865,3,0,0.69823617
,1866,0,0,0.99577785
,1866,1,2,1.0
,1866,2,1,0.9049728
,1866,3,0,0.8529352
,1867,0,0,0.98602426
,1867,1,1,0.6693604
,1867,2,2,1.0
,1867,3,0,0.8115569
,1868,0,0,0.9145523
,1868,1,0,0.90633947
,1868,2,0,0.7849421
,1868,3,2,1.0
,1869,0,2,1.0
,1869,1,0,0.9849035
,1869,2,0,0.9683361
,1869,3,1,0.9049728
,1870,0,1,0.9049728
,1870,1,0,0.99562496
,1870,2,0,0.99336284
,1870,3,2,1.0
,1871,0,2,1.0
,1871,1,0,0.997088
,1871,2,0,0.99677485
,1871,3,1,0.9049728
,1872,0,1,0.98598814
,1872,1,0,0.99728775
,1872,2,0,0.99721605
,1872,3,2,1.0
,1873,0,2,1.0
,1873,1,0,0.997315
,1873,2,0,0.99709815
,1873,3,1,0.9049728
,1874,0,1,0.9049728
,1874,1,0,0.9973186
,1874,2,0,0.9957758
,1874,3,2,1.0
,1875,0,2,1.0
,1875,1,0,0.9973191
,1875,2,0,0.9860233
,1875,3,1,0.9049728
,1876,0,0,0.69823617
,1876,1,0,0.9973192
,1876,2,0,0.9145514
,1876,3,2,1.0
,1877,0,0,0.8529352
,1877,1,0,0.9973192
,1877,2,2,1.0
,1877,3,1,0.9049728
,1878,0,0,0.8115568
,1878,1,0,0.9973192
,1878,2,1,0.59095407
,1878,3,2,1.0
,1879,0,2,1.0
,1879,1,0,0.9973192
,1879,2,1,0.53196156
,1879,3,1,0.590954
,1880,0,0,0.7846955
,1880,1,0,0.9973192
,1880,2,2,1.0
,1880,3,1,0.53196156
,1881,0,0,0.96800774
,1881,1,0,0.9973192
,1881,2,1,0.9049728
,1881,3,2,1.0
,1882,0,0,0.9928456
,1882,1,0,0.9973192
,1882,2,2,1.0
,1882,3,1,0.9049728
,1883,0,0,0.9949293
,1883,1,0,0.9973192
,1883,2,1,0.9049728
,1883,3,2,1.0
,1884,0,0,0.98564476
,1884,1,0,0.9973192
,1884,2,2,1.0
,1884,3,1,0.98598814
,1885,0,0,0.9142585
,1885,1,0,0.9973192
,1885,2,0,0.69823635
,1885,3,2,1.0
,1886,0,2,1.0
,1886,1,0,0.9973192
,1886,2,0,0.8529352
,1886,3,1,0.9049728
,1887,0,0,0.7831344
,1887,1,0,0.9973192
,1887,2,0,0.8115569
,1887,3,2,1.0
,1888,0,0,0.9659301
,1888,1,0,0.9973192
,1888,2,2,1.0
,1888,3,1,0.9049728
,1889,0,0,0.98957235
,1889,1,0,0.9973192
,1889,2,1,0.9049728
,1889,3,2,1.0
,1890,0,0,0.98324865
,1890,1,0,0.9973192
,1890,2,2,1.0
,1890,3,1,0.9049728
,1891,0,0,0.9124042
,1891,1,0,0.9973192
,1891,2,0,0.69823617
,1891,3,2,1.0
,1892,0,2,1.0
,1892,1,0,0.9973192
,1892,2,0,0.8529352
,1892,3,1,0.9049728
,1893,0,0,0.784909
,1893,1,0,0.9973192
,1893,2,0,0.8115569
,1893,3,2,1.0
,1894,0,0,0.96829194
,1894,1,0,0.9973192
,1894,2,2,1.0
,1894,3,1,0.9049728
,1895,0,0,0.99329334
,1895,1,0,0.9973192
,1895,2,1,0.9049728
,1895,3,2,1.0
,1896,0,0,0.9965269
,1896,1,0,0.9973192
,1896,2,2,1.0
,1896,3,1,0.9049728
,1897,0,0,0.995662
,1897,1,0,0.9973192
,1897,2,1,0.9049728
,1897,3,2,1.0
,1898,0,0,0.9859725
,1898,1,0,0.9973192
,1898,2,2,1.0
,1898,3,1,0.90497375
,1899,0,0,0.91451216
,1899,1,0,0.9973192
,1899,2,0,0.69823635
,1899,3,2,0.9999571
,1900,0,2,1.0
,1900,1,0,0.9973192
,1900,2,0,0.8529352
,1900,3,1,0.98598665
,1901,0,1,0.59095407
,1901,1,0,0.9973192
,1901,2,0,0.8115569
,1901,3,2,1.0
,1902,0,1,0.53196156
,1902,1,0,0.9973192
,1902,2,2,1.0
,1902,3,0,0.69823617
,1903,0,2,0.9999999
,1903,1,0,0.9973192
,1903,2,1,0.9049728
,1903,3,0,0.8529352
,1904,0,0,0.7831344
,1904,1,0,0.9973192
,1904,2,2,1.0
,1904,3,0,0.8115568
,1905,0,0,0.9659301
,1905,1,0,0.9973192
,1905,2,1,0.9049728
,1905,3,2,1.0
,1906,0,0,0.98957235
,1906,1,0,0.9973192
,1906,2,2,1.0
,1906,3,1,0.9049728
,1907,0,0,0.98324865
,1907,1,0,0.9973192
,1907,2,1,0.9859881
,1907,3,2,1.0
,1908,0,0,0.9124042
,1908,1,0,0.9973192
,1908,2,2,1.0
,1908,3,1,0.590954
,1909,0,2,1.0
,1909,1,0,0.9973192
,1909,2,1,0.59095407
,1909,3,1,0.5319616
,1910,0,0,0.78494257
,1910,1,0,0.9973192
,1910,2,1,0.53196156
,1910,3,2,1.0
,1911,0,0,0.9683368
,1911,1,0,0.9973192
,1911,2,2,1.0
,1911,3,1,0.98598814
,1912,0,0,0.9933639
,1912,1,0,0.9973192
,1912,2,1,0.9049728
,1912,3,2,1.0
,1913,0,0,0.9967789
,1913,1,0,0.9973192
,1913,2,2,1.0
,1913,3,1,0.9049728
,1914,0,0,0.9972416
,1914,1,0,0.9973192
,1914,2,1,0.9049728
,1914,3,2,1.0
,1915,0,0,0.99728036
,1915,1,0,0.9973192
,1915,2,2,1.0
,1915,3,1,0.9049728
,1916,0,0,0.9971074
,1916,1,0,0.9973192
,1916,2,1,0.9049728
,1916,3,2,1.0
,1917,0,0,0.9957776
,1917,1,0,0.9973192
,1917,2,2,1.0
,1917,3,1,0.9049728
,1918,0,0,0.98602414
,1918,1,0,0.9973192
,1918,2,1,0.9049728
,1918,3,2,1.0
,1919,0,0,0.91455215
,1919,1,0,0.9973192
,1919,2,2,1.0
,1919,3,0,0.77187955
,1920,0,2,1.0
,1920,1,0,0.9973192
,1920,2,1,0.9049728
,1920,3,0,0.95095056
,1921,0,1,0.9049728
,1921,1,0,0.9973192
,1921,2,2,1.0
,1921,3,0,0.9659733
,1922,0,2,1.0
,1922,1,0,0.9973192
,1922,2,1,0.59095395
,1922,3,0,0.89903504
,1923,0,0,0.784909
,1923,1,0,0.9973192
,1923,2,1,0.53196156
,1923,3,2,1.0
,1924,0,0,0.96829194
,1924,1,0,0.9973192
,1924,2,2,1.0
,1924,3,1,0.9049728
,1925,0,0,0.99329334
,1925,1,0,0.9973192
,1925,2,1,0.9049728
,1925,3,2,1.0
,1926,0,0,0.9965269
,1926,1,0,0.9973192
,1926,2,2,1.0
,1926,3,1,0.9049728
,1927,0,0,0.995662
,1927,1,0,0.9973192
,1927,2,1,0.90497404
,1927,3,2,1.0
,1928,0,0,0.9859725
,1928,1,0,0.9973192
,1928,2,2,0.9999385
,1928,3,1,0.9049728
,1929,0,0,0.91451216
,1929,1,0,0.9973192
,1929,2,1,0.91433686
,1929,3,2,1.0
,1930,0,2,1.0
,1930,1,0,0.9973192
,1930,2,1,0.78222203
,1930,3,1,0.590954
,1931,0,0,0.7849427
,1931,1,0,0.9973192
,1931,2,2,1.0
,1931,3,1,0.5319616
,1932,0,0,0.96833694
,1932,1,0,0.9973192
,1932,2,1,0.9265387
,1932,3,2,1.0
,1933,0,0,0.99336416
,1933,1,0,0.9973192
,1933,2,3,1.0
,1933,3,1,0.9049728
,1934,0,0,0.9967795
,1934,1,0,0.9973192
,1934,2,1,0.72005236
,1934,3,2,1.0
,1935,0,0,0.99724567
,1935,1,0,0.9973192
,1935,2,2,1.0
,1935,3,1,0.9049728
,1936,0,0,0.99730927
,1936,1,0,0.9973192
,1936,2,1,0.9049728
,1936,3,2,1.0
,1937,0,0,0.9973179
,1937,1,0,0.9973192
,1937,2,2,1.0
,1937,3,1,0.9049728
,1938,0,0,0.9973191
,1938,1,0,0.9973192
,1938,2,1,0.9049728
,1938,3,2,1.0
,1939,0,0,0.9973192
,1939,1,0,0.9973192
,1939,2,2,1.0
,1939,3,1,0.9049728
,1940,0,0,0.9973192
,1940,1,0,0.9973192
,1940,2,1,0.9049728
,1940,3,2,1.0
,1941,0,0,0.9973192
,1941,1,0,0.9973192
,1941,2,2,1.0
,1941,3,1,0.9049728
,1942,0,0,0.9973192
,1942,1,0,0.9973192
,1942,2,1,0.9049728
,1942,3,2,1.0
,1943,0,0,0.9973192
,1943,1,0,0.9973192
,1943,2,2,1.0
,1943,3,1,0.9049728
,1944,0,0,0.9973192
,1944,1,0,0.9973192
,1944,2,1,0.9049728
,1944,3,2,1.0
,1945,0,0,0.9973192
,1945,1,0,0.9973192
,1945,2,2,1.0
,1945,3,1,0.9049728
,1946,0,0,0.9973192
,1946,1,0,0.9973192
,1946,2,1,0.9049728
,1946,3,2,1.0
,1947,0,0,0.9973192
,1947,1,0,0.9973192
,1947,2,2,1.0
,1947,3,1,0.9265387
,1948,0,0,0.9973192
,1948,1,0,0.9973192
,1948,2,1,0.9049728
,1948,3,3,1.0
,1949,0,0,0.9973192
,1949,1,0,0.9973192
,1949,2,2,1.0
,1949,3,1,0.9500134
,1950,0,0,0.9973192
,1950,1,0,0.9973192
,1950,2,1,0.9049728
,1950,3,2,1.0
,1951,0,0,0.9973192
,1951,1,0,0.9973192
,1951,2,2,1.0
,1951,3,1,0.9049728
,1952,0,0,0.9973192
,1952,1,0,0.9973192
,1952,2,1,0.9859881
,1952,3,2,1.0
,1953,0,0,0.9973192
,1953,1,0,0.9973192
,1953,2,2,1.0
,1953,3,1,0.9265387
,1954,0,0,0.9973192
,1954,1,0,0.9973192
,1954,2,1,0.9049728
,1954,3,3,1.0
,1955,0,0,0.9973192
,1955,1,0,0.9973192
,1955,2,2,1.0
,1955,3,1,0.9500135
,1956,0,0,0.9973192
,1956,1,0,0.9973192
,1956,2,1,0.9049872
,1956,3,2,0.99999297
,1957,0,0,0.9973192
,1957,1,0,0.9973192
,1957,2,2,0.99932885
,1957,3,1,0.98598796
,1958,0,0,0.9973191
,1958,1,0,0.9973192
,1958,2,1,0.98596406
,1958,3,2,0.99999976
,1959,0,0,0.9973185
,1959,1,0,0.9973192
,1959,2,2,1.0
,1959,3,1,0.98598814
,1960,0,0,0.99731416
,1960,1,0,0.9973192
,1960,2,1,0.9049728
,1960,3,2,1.0
,1961,0,0,0.997282
,1961,1,0,0.9973192
,1961,2,2,1.0
,1961,3,1,0.98598826
,1962,0,0,0.9970462
,1962,1,0,0.9973192
,1962,2,1,0.9049728
,1962,3,2,0.99996173
,1963,0,0,0.9953184
,1963,1,0,0.9973192
,1963,2,2,1.0
,1963,3,1,0.9893733
,1964,0,0,0.98265815
,1964,1,0,0.9973192
,1964,2,1,0.9049728
,1964,3,3,0.9972277
,1965,0,0,0.88988566
,1965,1,0,0.9973192
,1965,2,2,1.0
,1965,3,1,0.74295485
,1966,0,3,1.0
,1966,1,0,0.9973192
,1966,2,1,0.59095395
,1966,3,1,0.64959246
,1967,0,0,0.6465086
,1967,1,0,0.9973192
,1967,2,1,0.53196156
,1967,3,2,0.99999917
,1968,0,0,0.9494452
,1968,1,0,0.9973192
,1968,2,2,1.0
,1968,3,1,0.9893837
,1969,0,0,0.990786
,1969,1,0,0.9973192
,1969,2,1,0.9059425
,1969,3,3,1.0
,1970,0,0,0.9964277
,1970,1,0,0.9973192
,1970,2,2,0.9550353
,1970,3,1,0.7730609
,1971,0,0,0.9971976
,1971,1,0,0.9973192
,1971,2,1,0.98437065
,1971,3,3,1.0
,1972,0,0,0.9973026
,1972,1,0,0.9973192
,1972,2,2,1.0
,1972,3,1,0.9502888
,1973,0,0,0.99731696
,1973,1,0,0.9973192
,1973,2,1,0.9265387
,1973,3,2,0.97661823
,1974,0,0,0.997319
,1974,1,0,0.9973192
,1974,2,3,1.0
,1974,3,1,0.98514706
,1975,0,0,0.9973192
,1975,1,0,0.9973192
,1975,2,1,0.9500133
,1975,3,2,0.9999999
,1976,0,0,0.9973192
,1976,1,0,0.9973192
,1976,2,2,1.0
,1976,3,1,0.9049728
,1977,0,0,0.9973192
,1977,1,0,0.9973192
,1977,2,1,0.9265387
,1977,3,2,1.0
,1978,0,0,0.9973192
,1978,1,0,0.9973192
,1978,2,3,0.9999995
,1978,3,1,0.9049728
,1979,0,0,0.9973192
,1979,1,0,0.9973192
,1979,2,1,0.9617892
,1979,3,2,1.0
,1980,0,0,0.9973191
,1980,1,0,0.9973192
,1980,2,3,1.0
,1980,3,1,0.9049728
,1981,0,0,0.99731874
,1981,1,0,0.9973192
,1981,2,1,0.9500133
,1981,3,2,1.0
,1982,0,0,0.99731535
,1982,1,0,0.9973192
,1982,2,2,1.0
,1982,3,1,0.9049728
,1983,0,0,0.9972906
,1983,1,0,0.9973192
,1983,2,1,0.9049728
,1983,3,2,1.0
,1984,0,0,0.99710894
,1984,1,0,0.9973192
,1984,2,2,1.0
,1984,3,1,0.9049728
,1985,0,0,0.99577785
,1985,1,0,0.9973192
,1985,2,1,0.9049728
,1985,3,2,1.0
,1986,0,0,0.98602426
,1986,1,0,0.9973192
,1986,2,2,1.0
,1986,3,1,0.9049728
,1987,0,0,0.9145523
,1987,1,0,0.9973192
,1987,2,0,0.69823617
,1987,3,2,1.0
,1988,0,2,1.0
,1988,1,0,0.9973192
,1988,2,0,0.8529352
,1988,3,1,0.9049728
,1989,0,0,0.7849427
,1989,1,0,0.9973192
,1989,2,0,0.8115569
,1989,3,2,1.0
,1990,0,0,0.96833694
,1990,1,0,0.9973192
,1990,2,2,1.0
,1990,3,1,0.9049728
,1991,0,0,0.99336416
,1991,1,0,0.9973192
,1991,2,1,0.9049728
,1991,3,2,1.0
,1992,0,0,0.9967795
,1992,1,0,0.9973192
,1992,2,2,1.0
,1992,3,1,0.9049728
,1993,0,0,0.99724567
,1993,1,0,0.9973192
,1993,2,1,0.9859881
,1993,3,2,1.0
,1994,0,0,0.99730927
,1994,1,0,0.9973192
,1994,2,2,1.0
,1994,3,1,0.9265387
,1995,0,0,0.9973179
,1995,1,0,0.9973192
,1995,2,1,0.9265387
,1995,3,3,1.0
,1996,0,0,0.9973191
,1996,1,0,0.9973192
,1996,2,3,1.0
,1996,3,1,0.9500134
,1997,0,0,0.9973192
,1997,1,0,0.9973192
,1997,2,1,0.9500133
,1997,3,2,1.0
,1998,0,0,0.9973191
,1998,1,0,0.9973192
,1998,2,2,1.0
,1998,3,1,0.9049728
,1999,0,0,0.99731874
,1999,1,0,0.9973192
,1999,2,1,0.9859881
,1999,3,2,1.0
,2000,0,0,0.99731535
,2000,1,0,0.9973192
,2000,2,2,1.0
,2000,3,1,0.904973
,2001,0,0,0.9972906
,2001,1,0,0.9973192
,2001,2,1,0.9049728
,2001,3,2,0.9999937
,2002,0,0,0.99710894
,2002,1,0,0.9973192
,2002,2,2,1.0
,2002,3,1,0.9049716
,2003,0,0,0.99577785
,2003,1,0,0.9973192
,2003,2,1,0.9049728
,2003,3,2,1.0
,2004,0,0,0.98602426
,2004,1,0,0.9973192
,2004,2,2,1.0
,2004,3,1,0.9049728
,2005,0,0,0.9145523
,2005,1,0,0.9973192
,2005,2,0,0.69823635
,2005,3,2,1.0
,2006,0,2,1.0
,2006,1,0,0.9973192
,2006,2,0,0.8529352
,2006,3,1,0.9265387
,2007,0,0,0.7849427
,2007,1,0,0.9973192
,2007,2,0,0.8115569
,2007,3,3,1.0
,2008,0,0,0.96833694
,2008,1,0,0.9973192
,2008,2,2,1.0
,2008,3,1,0.9617892
,2009,0,0,0.99336416
,2009,1,0,0.9973192
,2009,2,1,0.9049728
,2009,3,3,1.0
,2010,0,0,0.9967795
,2010,1,0,0.9973192
,2010,2,2,1.0
,2010,3,1,0.9500134
,2011,0,0,0.99724567
,2011,1,0,0.9973192
,2011,2,1,0.92653805
,2011,3,2,1.0
,2012,0,0,0.99730927
,2012,1,0,0.9973192
,2012,2,3,0.99997306
,2012,3,1,0.9265387
,2013,0,0,0.9973179
,2013,1,0,0.9973192
,2013,2,1,0.72005713
,2013,3,3,1.0
,2014,0,0,0.9973191
,2014,1,0,0.9973192
,2014,2,2,1.0
,2014,3,1,0.9617892
,2015,0,0,0.9973192
,2015,1,0,0.9973192
,2015,2,1,0.9049728
,2015,3,3,1.0
,2016,0,0,0.9973192
,2016,1,0,0.9973192
,2016,2,2,1.0
,2016,3,1,0.9500134
,2017,0,0,0.9973192
,2017,1,0,0.9973192
,2017,2,1,0.9049728
,2017,3,2,1.0
,2018,0,0,0.9973192
,2018,1,0,0.9973192
,2018,2,2,1.0
,2018,3,1,0.98598814
,2019,0,0,0.9973192
,2019,1,0,0.9973192
,2019,2,1,0.9049728
,2019,3,2,1.0
,2020,0,0,0.9973192
,2020,1,0,0.9973192
,2020,2,2,1.0
,2020,3,1,0.9049728
,2021,0,0,0.9973192
,2021,1,0,0.9973192
,2021,2,1,0.9049728
,2021,3,2,1.0
,2022,0,0,0.9973192
,2022,1,0,0.9973192
,2022,2,2,1.0
,2022,3,1,0.98598814
,2023,0,0,0.9973192
,2023,1,0,0.9973192
,2023,2,1,0.9049728
,2023,3,2,1.0
,2024,0,0,0.9973192
,2024,1,0,0.9973192
,2024,2,2,1.0
,2024,3,1,0.9049728
,2025,0,0,0.9973192
,2025,1,0,0.9973192
,2025,2,1,0.9049728
,2025,3,2,1.0
,2026,0,0,0.9973192
,2026,1,0,0.9973192
,2026,2,2,1.0
,2026,3,1,0.9049728
,2027,0,0,0.9973192
,2027,1,0,0.9973192
,2027,2,1,0.9049728
,2027,3,2,1.0
,2028,0,0,0.9973192
,2028,1,0,0.9973192
,2028,2,2,1.0
,2028,3,1,0.98598814
,2029,0,0,0.9973192
,2029,1,0,0.9973192
,2029,2,1,0.9049728
,2029,3,2,1.0
,2030,0,0,0.9973192
,2030,1,0,0.9973192
,2030,2,2,1.0
,2030,3,1,0.9049728
,2031,0,0,0.9973192
,2031,1,0,0.9973192
,2031,2,1,0.9049728
,2031,3,2,1.0
,2032,0,0,0.9973192
,2032,1,0,0.9973192
,2032,2,2,1.0
,2032,3,1,0.9049728
,2033,0,0,0.9973192
,2033,1,0,0.9973192
,2033,2,1,0.9049728
,2033,3,2,1.0
,2034,0,0,0.9973192
,2034,1,0,0.9973192
,2034,2,2,1.0
,2034,3,1,0.9049728
,2035,0,0,0.9973192
,2035,1,0,0.9973192
,2035,2,1,0.9049728
,2035,3,2,1.0
,2036,0,0,0.9973192
,2036,1,0,0.9973192
,2036,2,2,1.0
,2036,3,1,0.9049728
,2037,0,0,0.9973192
,2037,1,0,0.9973192
,2037,2,1,0.9049728
,2037,3,2,1.0
,2038,0,0,0.9973192
,2038,1,0,0.9973192
,2038,2,2,1.0
,2038,3,1,0.9049728
,2039,0,0,0.9973192
,2039,1,0,0.9973192
,2039,2,1,0.9049728
,2039,3,2,1.0
,2040,0,0,0.9973192
,2040,1,0,0.9973192
,2040,2,2,1.0
,2040,3,1,0.9265387
,2041,0,0,0.9973192
,2041,1,0,0.9973192
,2041,2,1,0.9049728
,2041,3,3,1.0
,2042,0,0,0.9973192
,2042,1,0,0.9973192
,2042,2,2,1.0
,2042,3,1,0.9500134
,2043,0,0,0.9973192
,2043,1,0,0.9973192
,2043,2,1,0.9049728
,2043,3,2,1.0
,2044,0,0,0.9973192
,2044,1,0,0.9973192
,2044,2,2,1.0
,2044,3,1,0.9049728
,2045,0,0,0.9973192
,2045,1,0,0.9973192
,2045,2,1,0.9049728
,2045,3,2,1.0
,2046,0,0,0.9973192
,2046,1,0,0.9973192
,2046,2,2,1.0
,2046,3,1,0.9893837
,2047,0,0,0.9973192
,2047,1,0,0.9973192
,2047,2,1,0.9049728
,2047,3,3,1.0
,2048,0,0,0.9973192
,2048,1,0,0.9973192
,2048,2,2,1.0
,2048,3,1,0.9500393
,2049,0,0,0.9973192
,2049,1,0,0.9973192
,2049,2,1,0.9049728
,2049,3,2,0.99779767
,2050,0,0,0.9973192
,2050,1,0,0.9973192
,2050,2,2,1.0
,2050,3,1,0.98932296
,2051,0,0,0.9973192
,2051,1,0,0.9973192
,2051,2,1,0.9049728
,2051,3,3,1.0
,2052,0,0,0.9973192
,2052,1,0,0.9973192
,2052,2,2,1.0
,2052,3,1,0.9505485
,2053,0,0,0.9973192
,2053,1,0,0.9973192
,2053,2,1,0.9859881
,2053,3,2,0.9545506
,2054,0,0,0.9973192
,2054,1,0,0.9973192
,2054,2,2,1.0
,2054,3,1,0.9843531
,2055,0,0,0.9973192
,2055,1,0,0.9973192
,2055,2,1,0.9049728
,2055,3,2,1.0
,2056,0,0,0.9973192
,2056,1,0,0.9973192
,2056,2,2,1.0
,2056,3,1,0.9049728
,2057,0,0,0.9973192
,2057,1,0,0.9973192
,2057,2,1,0.59095395
,2057,3,2,1.0
,2058,0,0,0.9973192
,2058,1,0,0.9973192
,2058,2,1,0.53196156
,2058,3,2,1.0
,2059,0,0,0.9973192
,2059,1,0,0.9973192
,2059,2,2,1.0
,2059,3,1,0.9893837
,2060,0,0,0.9973192
,2060,1,0,0.9973192
,2060,2,1,0.9859881
,2060,3,3,1.0
,2061,0,0,0.9973192
,2061,1,0,0.9973192
,2061,2,2,1.0
,2061,3,1,0.9500134
,2062,0,0,0.9973192
,2062,1,0,0.9973192
,2062,2,1,0.9049728
,2062,3,2,1.0
,2063,0,0,0.9973191
,2063,1,0,0.9973192
,2063,2,2,1.0
,2063,3,1,0.9049728
,2064,0,0,0.99731874
,2064,1,0,0.9973192
,2064,2,1,0.9265387
,2064,3,2,1.0
,2065,0,0,0.99731535
,2065,1,0,0.9973192
,2065,2,3,1.0
,2065,3,1,0.9049728
,2066,0,0,0.9972906
,2066,1,0,0.9973192
,2066,2,1,0.9500133
,2066,3,2,1.0
,2067,0,0,0.99710894
,2067,1,0,0.9973192
,2067,2,2,1.0
,2067,3,1,0.9265387
,2068,0,0,0.99577785
,2068,1,0,0.9973192
,2068,2,1,0.9265387
,2068,3,3,1.0
,2069,0,0,0.98602426
,2069,1,0,0.9973192
,2069,2,3,1.0
,2069,3,1,0.9617892
,2070,0,0,0.9145523
,2070,1,0,0.9973192
,2070,2,1,0.74247825
,2070,3,3,1.0
,2071,0,2,1.0
,2071,1,0,0.9973192
,2071,2,1,0.6492237
,2071,3,1,0.7424784
,2072,0,0,0.7849427
,2072,1,0,0.9973192
,2072,2,2,1.0
,2072,3,1,0.6492237
,2073,0,0,0.96833694
,2073,1,0,0.9973192
,2073,2,1,0.9049728
,2073,3,2,1.0
,2074,0,0,0.99336416
,2074,1,0,0.9973192
,2074,2,2,1.0
,2074,3,1,0.9049728
,2075,0,0,0.9967795
,2075,1,0,0.9973192
,2075,2,1,0.9049728
,2075,3,2,1.0
,2076,0,0,0.99724567
,2076,1,0,0.9973192
,2076,2,2,1.0
,2076,3,1,0.9049728
,2077,0,0,0.99730927
,2077,1,0,0.9973192
,2077,2,1,0.9049728
,2077,3,2,1.0
,2078,0,0,0.9973179
,2078,1,0,0.9973192
,2078,2,2,1.0
,2078,3,1,0.9049728
,2079,0,0,0.9973191
,2079,1,0,0.9973192
,2079,2,1,0.9859881
,2079,3,2,1.0
,2080,0,0,0.9973192
,2080,1,0,0.9973192
,2080,2,2,1.0
,2080,3,1,0.90508294
,2081,0,0,0.9973192
,2081,1,0,0.9973192
,2081,2,1,0.9859881
,2081,3,2,0.9948927
,2082,0,0,0.9973192
,2082,1,0,0.9973192
,2082,2,2,1.0
,2082,3,1,0.92575485
,2083,0,0,0.9973192
,2083,1,0,0.9973192
,2083,2,1,0.9049728
,2083,3,3,1.0
,2084,0,0,0.9973192
,2084,1,0,0.9973192
,2084,2,2,1.0
,2084,3,1,0.9500134
,2085,0,0,0.9973192
,2085,1,0,0.9973192
,2085,2,1,0.9265387
,2085,3,2,1.0
,2086,0,0,0.9973192
,2086,1,0,0.9973192
,2086,2,3,1.0
,2086,3,1,0.98598814
,2087,0,0,0.9973192
,2087,1,0,0.9973192
,2087,2,1,0.9500135
,2087,3,2,1.0
,2088,0,0,0.9973192
,2088,1,0,0.9973192
,2088,2,2,0.99998903
,2088,3,1,0.9049728
,2089,0,0,0.9973191
,2089,1,0,0.9973192
,2089,2,1,0.98598784
,2089,3,2,1.0
,2090,0,0,0.9973185
,2090,1,0,0.9973192
,2090,2,2,1.0
,2090,3,1,0.9049728
,2091,0,0,0.99731416
,2091,1,0,0.9973192
,2091,2,1,0.9049728
,2091,3,2,1.0
,2092,0,0,0.997282
,2092,1,0,0.9973192
,2092,2,2,1.0
,2092,3,1,0.98598814
,2093,0,0,0.9970462
,2093,1,0,0.9973192
,2093,2,1,0.9049728
,2093,3,2,1.0
,2094,0,0,0.9953184
,2094,1,0,0.9973192
,2094,2,2,1.0
,2094,3,1,0.9893837
,2095,0,0,0.98265815
,2095,1,0,0.9973192
,2095,2,1,0.9049728
,2095,3,3,1.0
,2096,0,0,0.88988566
,2096,1,0,0.9973192
,2096,2,2,1.0
,2096,3,0,0.53691614
,2097,0,3,1.0
,2097,1,0,0.9973192
,2097,2,1,0.9859881
,2097,3,0,0.78077745
,2098,0,0,0.6465086
,2098,1,0,0.9973192
,2098,2,2,1.0
,2098,3,0,0.75571513
,2099,0,0,0.9494452
,2099,1,0,0.9973192
,2099,2,1,0.9265387
,2099,3,2,1.0
,2100,0,0,0.990786
,2100,1,0,0.9973192
,2100,2,3,1.0
,2100,3,1,0.9265387
,2101,0,0,0.9964277
,2101,1,0,0.9973192
,2101,2,1,0.7200522
,2101,3,3,1.0
,2102,0,0,0.9971975
,2102,1,0,0.9973192
,2102,2,2,1.0
,2102,3,1,0.9500134
,2103,0,0,0.9973021
,2103,1,0,0.9973192
,2103,2,1,0.90512747
,2103,3,2,1.0
,2104,0,0,0.9973131
,2104,1,0,0.9973192
,2104,2,2,0.9928315
,2104,3,1,0.90517086
,2105,0,0,0.99729025
,2105,1,0,0.9973192
,2105,2,1,0.98573023
,2105,3,2,0.9908142
,2106,0,0,0.9971088
,2106,1,0,0.9973192
,2106,2,2,1.0
,2106,3,1,0.9856577
,2107,0,0,0.99577785
,2107,1,0,0.9973192
,2107,2,1,0.9049728
,2107,3,2,1.0
,2108,0,0,0.98602426
,2108,1,0,0.9973192
,2108,2,2,1.0
,2108,3,1,0.9049728
,2109,0,0,0.9145523
,2109,1,0,0.9973192
,2109,2,1,0.59095395
,2109,3,2,1.0
,2110,0,2,1.0
,2110,1,0,0.9973192
,2110,2,1,0.53196156
,2110,3,1,0.590954
,2111,0,0,0.7849427
,2111,1,0,0.9973192
,2111,2,2,1.0
,2111,3,1,0.5319616
,2112,0,0,0.96833694
,2112,1,0,0.9973192
,2112,2,1,0.9893837
,2112,3,2,1.0
,2113,0,0,0.99336416
,2113,1,0,0.9973192
,2113,2,3,1.0
,2113,3,1,0.9049728
,2114,0,0,0.9967795
,2114,1,0,0.9973192
,2114,2,1,0.9500133
,2114,3,2,1.0
,2115,0,0,0.99724567
,2115,1,0,0.9973192
,2115,2,2,1.0
,2115,3,1,0.9265387
,2116,0,0,0.99730927
,2116,1,0,0.9973192
,2116,2,1,0.9049728
,2116,3,3,1.0
,2117,0,0,0.9973179
,2117,1,0,0.9973192
,2117,2,2,1.0
,2117,3,1,0.9500134
,2118,0,0,0.997319
,2118,1,0,0.9973192
,2118,2,1,0.9265387
,2118,3,2,1.0
,2119,0,0,0.9973191
,2119,1,0,0.9973192
,2119,2,3,1.0
,2119,3,1,0.9049728
,2120,0,0,0.99731874
,2120,1,0,0.9973192
,2120,2,1,0.9500133
,2120,3,2,1.0
,2121,0,0,0.99731535
,2121,1,0,0.9973192
,2121,2,2,1.0
,2121,3,1,0.9049728
,2122,0,0,0.9972906
,2122,1,0,0.9973192
,2122,2,1,0.9049728
,2122,3,2,1.0
,2123,0,0,0.99710894
,2123,1,0,0.9973192
,2123,2,2,1.0
,2123,3,1,0.9049728
,2124,0,0,0.99577785
,2124,1,0,0.9973192
,2124,2,1,0.9859881
,2124,3,2,1.0
,2125,0,0,0.98602426
,2125,1,0,0.9973192
,2125,2,2,1.0
,2125,3,1,0.9049728
,2126,0,0,0.9145523
,2126,1,0,0.9973192
,2126,2,0,0.69823617
,2126,3,2,1.0
,2127,0,2,1.0
,2127,1,0,0.9973192
,2127,2,0,0.8529352
,2127,3,1,0.9049728
,2128,0,1,0.6693604
,2128,1,0,0.9973192
,2128,2,0,0.8115569
,2128,3,2,1.0
,2129,0,0,0.90633947
,2129,1,0,0.9973192
,2129,2,2,1.0
,2129,3,1,0.9049728
,2130,0,0,0.9849035
,2130,1,0,0.9973192
,2130,2,1,0.9049728
,2130,3,2,1.0
,2131,0,0,0.99562496
,2131,1,0,0.9973192
,2131,2,2,1.0
,2131,3,1,0.9049728
,2132,0,0,0.997088
,2132,1,0,0.9973192
,2132,2,1,0.9049728
,2132,3,2,0.99999964
,2133,0,0,0.99728775
,2133,1,0,0.9973192
,2133,2,2,1.0
,2133,3,1,0.98598814
,2134,0,0,0.997315
,2134,1,0,0.9973192
,2134,2,1,0.9049728
,2134,3,2,1.0
,2135,0,0,0.9973186
,2135,1,0,0.9973192
,2135,2,2,1.0
,2135,3,1,0.90501463
,2136,0,0,0.9973191
,2136,1,0,0.9973192
,2136,2,1,0.9049728
,2136,3,2,0.99806046
,2137,0,0,0.9973192
,2137,1,0,0.9973192
,2137,2,2,1.0
,2137,3,1,0.98591834
,2138,0,0,0.9973192
,2138,1,0,0.9973192
,2138,2,1,0.9049728
,2138,3,2,1.0
,2139,0,0,0.9973192
,2139,1,0,0.9973192
,2139,2,2,1.0
,2139,3,1,0.9265387
,2140,0,0,0.9973192
,2140,1,0,0.9973192
,2140,2,1,0.9049728
,2140,3,3,1.0
,2141,0,0,0.9973192
,2141,1,0,0.9973192
,2141,2,2,1.0
,2141,3,1,0.9500134
,2142,0,0,0.9973192
,2142,1,0,0.9973192
,2142,2,1,0.59095407
,2142,3,2,1.0
,2143,0,0,0.9973192
,2143,1,0,0.9973192
,2143,2,1,0.5319617
,2143,3,2,1.0
,2144,0,0,0.9973192
,2144,1,0,0.9973192
,2144,2,2,1.0
,2144,3,1,0.98598814
,2145,0,0,0.9973192
,2145,1,0,0.9973192
,2145,2,1,0.9049728
,2145,3,2,1.0
,2146,0,0,0.9973192
,2146,1,0,0.9973192
,2146,2,2,1.0
,2146,3,1,0.9049728
,2147,0,0,0.9973192
,2147,1,0,0.9973192
,2147,2,1,0.9049728
,2147,3,2,1.0
,2148,0,0,0.9973192
,2148,1,0,0.9973192
,2148,2,2,1.0
,2148,3,1,0.98598814
,2149,0,0,0.9973192
,2149,1,0,0.9973192
,2149,2,1,0.9049728
,2149,3,2,1.0
,2150,0,0,0.9973191
,2150,1,0,0.9973192
,2150,2,2,1.0
,2150,3,1,0.9049728
,2151,0,0,0.9973185
,2151,1,0,0.9973192
,2151,2,1,0.9049728
,2151,3,2,1.0
,2152,0,0,0.99731416
,2152,1,0,0.9973192
,2152,2,2,1.0
,2152,3,1,0.98598814
,2153,0,0,0.997282
,2153,1,0,0.9973192
,2153,2,1,0.9049728
,2153,3,2,1.0
,2154,0,0,0.9970462
,2154,1,0,0.9973192
,2154,2,2,1.0
,2154,3,1,0.9049728
,2155,0,0,0.9953184
,2155,1,0,0.9973192
,2155,2,1,0.90499693
,2155,3,2,1.0
,2156,0,0,0.98265815
,2156,1,0,0.9973192
,2156,2,2,0.9988817
,2156,3,1,0.9049728
,2157,0,0,0.88988566
,2157,1,0,0.9973192
,2157,2,1,0.9298636
,2157,3,2,1.0
,2158,0,3,1.0
,2158,1,0,0.9973192
,2158,2,1,0.82617575
,2158,3,1,0.59104204
,2159,0,0,0.5110466
,2159,1,0,0.9973192
,2159,2,3,1.0
,2159,3,1,0.5320787
,2160,0,0,0.74096286
,2160,1,0,0.9973192
,2160,2,1,0.9500133
,2160,3,2,0.9983001
,2161,0,0,0.70022595
,2161,1,0,0.9973192
,2161,2,2,1.0
,2161,3,1,0.6421706
,2162,0,3,1.0
,2162,1,0,0.9973192
,2162,2,0,0.7846955
,2162,3,1,0.6004213
,2163,0,1,0.9617892
,2163,1,0,0.9973192
,2163,2,0,0.96800786
,2163,3,3,1.0
,2164,0,3,1.0
,2164,1,0,0.9973192
,2164,2,0,0.9928457
,2164,3,1,0.9617892
,2165,0,1,0.9617892
,2165,1,0,0.9973192
,2165,2,0,0.9949293
,2165,3,3,1.0
,2166,0,3,1.0
,2166,1,0,0.9973192
,2166,2,0,0.98564464
,2166,3,1,0.9617892
,2167,0,0,0.64333904
,2167,1,0,0.9973192
,2167,2,0,0.9142586
,2167,3,3,1.0
,2168,0,0,0.94456714
,2168,1,0,0.9973192
,2168,2,2,1.0
,2168,3,1,0.9617892
,2169,0,0,0.98398745
,2169,1,0,0.9973192
,2169,2,1,0.9265387
,2169,3,3,1.0
,2170,0,0,0.977003
,2170,1,0,0.9973192
,2170,2,3,1.0
,2170,3,1,0.9617892
,2171,0,0,0.885448
,2171,1,0,0.9973192
,2171,2,0,0.53691626
,2171,3,3,1.0
,2172,0,3,1.0
,2172,1,0,0.9973192
,2172,2,0,0.78077745
,2172,3,1,0.9500134
,2173,0,0,0.6465085
,2173,1,0,0.9973192
,2173,2,0,0.75571513
,2173,3,2,1.0
,2174,0,0,0.9494452
,2174,1,0,0.9973192
,2174,2,2,1.0
,2174,3,1,0.9265387
,2175,0,0,0.990786
,2175,1,0,0.9973192
,2175,2,1,0.9049728
,2175,3,3,1.0
,2176,0,0,0.9964276
,2176,1,0,0.9973192
,2176,2,2,1.0
,2176,3,1,0.95773125
,2177,0,0,0.9971969
,2177,1,0,0.9973192
,2177,2,1,0.9265387
,2177,3,3,0.6553997
,2178,0,0,0.99729747
,2178,1,0,0.9973192
,2178,2,3,1.0
,2178,3,1,0.9624103
,2179,0,0,0.99727964
,2179,1,0,0.9973192
,2179,2,1,0.9617892
,2179,3,2,1.0
,2180,0,0,0.9970458
,2180,1,0,0.9973192
,2180,2,3,1.0
,2180,3,1,0.9265387
,2181,0,0,0.9953184
,2181,1,0,0.9973192
,2181,2,1,0.9500133
,2181,3,3,1.0
,2182,0,0,0.982658
,2182,1,0,0.9973192
,2182,2,2,1.0
,2182,3,1,0.9500134
,2183,0,0,0.88988566
,2183,1,0,0.9973192
,2183,2,0,0.6759394
,2183,3,2,0.9999993
,2184,0,3,1.0
,2184,1,0,0.9973192
,2184,2,0,0.8232592
,2184,3,1,0.9893837
,2185,0,0,0.6465086
,2185,1,0,0.9973192
,2185,2,0,0.7648043
,2185,3,3,1.0
,2186,0,0,0.9494452
,2186,1,0,0.9973192
,2186,2,3,1.0
,2186,3,1,0.9617892
,2187,0,0,0.990786
,2187,1,0,0.9973192
,2187,2,1,0.9500133
,2187,3,3,1.0
,2188,0,0,0.9964277
,2188,1,0,0.9973192
,2188,2,2,1.0
,2188,3,1,0.9500134
,2189,0,0,0.9971976
,2189,1,0,0.9973192
,2189,2,1,0.9859881
,2189,3,2,1.0
,2190,0,0,0.9973026
,2190,1,0,0.9973192
,2190,2,2,1.0
,2190,3,1,0.9049728
,2191,0,0,0.99731696
,2191,1,0,0.9973192
,2191,2,1,0.9265387
,2191,3,2,1.0
,2192,0,0,0.997319
,2192,1,0,0.9973192
,2192,2,3,1.0
,2192,3,1,0.9265387
,2193,0,0,0.9973192
,2193,1,0,0.9973192
,2193,2,1,0.9500133
,2193,3,3,1.0
,2194,0,0,0.9973192
,2194,1,0,0.9973192
,2194,2,2,1.0
,2194,3,1,0.9500134
,2195,0,0,0.9973192
,2195,1,0,0.9973192
,2195,2,1,0.9049728
,2195,3,2,1.0
,2196,0,0,0.9973192
,2196,1,0,0.9973192
,2196,2,2,1.0
,2196,3,1,0.98598814
,2197,0,0,0.9973192
,2197,1,0,0.9973192
,2197,2,1,0.9265387
,2197,3,2,1.0
,2198,0,0,0.9973192
,2198,1,0,0.9973192
,2198,2,3,1.0
,2198,3,1,0.9265387
,2199,0,0,0.9973192
,2199,1,0,0.9973192
,2199,2,1,0.9617892
,2199,3,3,1.0
,2200,0,0,0.9973192
,2200,1,0,0.9973192
,2200,2,3,1.0
,2200,3,1,0.9500134
,2201,0,0,0.9973192
,2201,1,0,0.9973192
,2201,2,1,0.9500133
,2201,3,2,1.0
,2202,0,0,0.9973192
,2202,1,0,0.9973192
,2202,2,2,1.0
,2202,3,1,0.9051358
,2203,0,0,0.9973192
,2203,1,0,0.9973192
,2203,2,1,0.9049728
,2203,3,2,0.9924396
,2204,0,0,0.9973192
,2204,1,0,0.9973192
,2204,2,2,1.0
,2204,3,1,0.9891751
,2205,0,0,0.9973192
,2205,1,0,0.9973192
,2205,2,1,0.9049728
,2205,3,3,1.0
,2206,0,0,0.9973192
,2206,1,0,0.9973192
,2206,2,2,1.0
,2206,3,1,0.9500134
,2207,0,0,0.9973192
,2207,1,0,0.9973192
,2207,2,1,0.9049728
,2207,3,2,1.0
,2208,0,0,0.9973192
,2208,1,0,0.9973192
,2208,2,2,1.0
,2208,3,1,0.9049728
,2209,0,0,0.9973192
,2209,1,0,0.9973192
,2209,2,1,0.9265387
,2209,3,2,1.0
,2210,0,0,0.9973192
,2210,1,0,0.9973192
,2210,2,3,1.0
,2210,3,1,0.9049728
,2211,0,0,0.9973192
,2211,1,0,0.9973192
,2211,2,1,0.9617892
,2211,3,2,1.0
,2212,0,0,0.9973192
,2212,1,0,0.9973192
,2212,2,3,1.0
,2212,3,1,0.9049728
,2213,0,0,0.9973191
,2213,1,0,0.9973192
,2213,2,1,0.9500133
,2213,3,2,1.0
,2214,0,0,0.99731874
,2214,1,0,0.9973192
,2214,2,2,1.0
,2214,3,1,0.9265387
,2215,0,0,0.99731535
,2215,1,0,0.9973192
,2215,2,1,0.9265387
,2215,3,3,1.0
,2216,0,0,0.9972906
,2216,1,0,0.9973192
,2216,2,3,1.0
,2216,3,1,0.9500134
,2217,0,0,0.99710894
,2217,1,0,0.9973192
,2217,2,1,0.74247825
,2217,3,2,1.0
,2218,0,0,0.99577785
,2218,1,0,0.9973192
,2218,2,1,0.6492237
,2218,3,3,1.0
,2219,0,0,0.98602426
,2219,1,0,0.9973192
,2219,2,2,1.0
,2219,3,1,0.9617892
,2220,0,0,0.9145523
,2220,1,0,0.9973192
,2220,2,1,0.59095395
,2220,3,3,1.0
,2221,0,2,1.0
,2221,1,0,0.9973192
,2221,2,1,0.53196156
,2221,3,0,0.629011
,2222,0,1,0.9265387
,2222,1,0,0.9973192
,2222,2,2,1.0
,2222,3,0,0.9225156
,2223,0,3,1.0
,2223,1,0,0.9973192
,2223,2,1,0.9049728
,2223,3,0,0.95325434
,2224,0,0,0.6465085
,2224,1,0,0.9973192
,2224,2,2,1.0
,2224,3,0,0.88919204
,2225,0,0,0.9494452
,2225,1,0,0.9973192
,2225,2,1,0.9049728
,2225,3,2,1.0
,2226,0,0,0.990786
,2226,1,0,0.9973192
,2226,2,2,1.0
,2226,3,1,0.9049728
,2227,0,0,0.9964275
,2227,1,0,0.9973191
,2227,2,1,0.905006
,2227,3,2,1.0
,2228,0,0,0.9971968
,2228,1,0,0.9973185
,2228,2,2,0.99846005
,2228,3,1,0.9049728
,2229,0,0,0.997297
,2229,1,0,0.9973137
,2229,2,1,0.904688
,2229,3,2,1.0
,2230,0,0,0.99727595
,2230,1,0,0.9972782
,2230,2,2,1.0
,2230,3,1,0.9049728
,2231,0,0,0.99701864
,2231,1,0,0.997019
,2231,2,1,0.9049728
,2231,3,2,1.0
,2232,0,0,0.9951188
,2232,1,0,0.9951188
,2232,2,2,1.0
,2232,3,0,0.6666783
,2233,0,0,0.98119473
,2233,1,0,0.98119473
,2233,2,2,1.0
,2233,3,0,0.8109334
,2234,0,2,0.6184238
,2234,1,0,1.0
,2234,2,0,1.0
,2234,3,0,1.0
,2235,0,1,0.8344115
,2235,1,0,0.99768513
,2235,2,2,1.0
,2235,3,0,0.99635327
,2236,0,2,1.0
,2236,1,0,0.99736917
,2236,2,1,0.9049728
,2236,3,0,0.9862817
,2237,0,0,0.7849427
,2237,1,0,0.997326
,2237,2,2,1.0
,2237,3,0,0.91475147
,2238,0,0,0.96833694
,2238,1,0,0.9973202
,2238,2,1,0.9049728
,2238,3,2,1.0
,2239,0,0,0.99336416
,2239,1,0,0.99731934
,2239,2,2,1.0
,2239,3,1,0.9049728
,2240,0,0,0.9967795
,2240,1,0,0.9973192
,2240,2,1,0.9049728
,2240,3,2,1.0
,2241,0,0,0.99724567
,2241,1,0,0.9973192
,2241,2,2,1.0
,2241,3,1,0.9049728
,2242,0,0,0.99730927
,2242,1,0,0.9973192
,2242,2,1,0.9049728
,2242,3,2,1.0
,2243,0,0,0.9973179
,2243,1,0,0.9973192
,2243,2,2,1.0
,2243,3,1,0.9049728
,2244,0,0,0.9973191
,2244,1,0,0.9973192
,2244,2,1,0.9049728
,2244,3,2,1.0
,2245,0,0,0.9973192
,2245,1,0,0.9973192
,2245,2,2,1.0
,2245,3,1,0.9049728
,2246,0,0,0.9973191
,2246,1,0,0.9973192
,2246,2,1,0.9859881
,2246,3,2,1.0
,2247,0,0,0.99731874
,2247,1,0,0.9973192
,2247,2,2,1.0
,2247,3,1,0.9049728
,2248,0,0,0.99731535
,2248,1,0,0.9973192
,2248,2,1,0.9049728
,2248,3,2,1.0
,2249,0,0,0.9972906
,2249,1,0,0.9973192
,2249,2,2,1.0
,2249,3,1,0.9265387
,2250,0,0,0.99710894
,2250,1,0,0.9973192
,2250,2,1,0.9049728
,2250,3,3,1.0
,2251,0,0,0.99577785
,2251,1,0,0.9973192
,2251,2,2,1.0
,2251,3,1,0.9500134
,2252,0,0,0.98602426
,2252,1,0,0.9973192
,2252,2,1,0.9049728
,2252,3,2,1.0
,2253,0,0,0.9145523
,2253,1,0,0.9973192
,2253,2,2,1.0
,2253,3,1,0.590954
,2254,0,2,1.0
,2254,1,0,0.9973192
,2254,2,1,0.59095395
,2254,3,1,0.5319616
,2255,0,0,0.7849421
,2255,1,0,0.9973192
,2255,2,1,0.53196156
,2255,3,2,1.0
,2256,0,0,0.968336
,2256,1,0,0.9973192
,2256,2,2,1.0
,2256,3,1,0.9265387
,2257,0,0,0.99336284
,2257,1,0,0.9973192
,2257,2,1,0.9049728
,2257,3,3,1.0
,2258,0,0,0.99677473
,2258,1,0,0.9973192
,2258,2,2,1.0
,2258,3,1,0.9617892
,2259,0,0,0.99721605
,2259,1,0,0.9973192
,2259,2,1,0.9049728
,2259,3,3,1.0
,2260,0,0,0.997098
,2260,1,0,0.9973192
,2260,2,2,1.0
,2260,3,1,0.9500134
,2261,0,0,0.9957757
,2261,1,0,0.9973192
,2261,2,1,0.9049728
,2261,3,2,1.0
,2262,0,0,0.9860233
,2262,1,0,0.9973192
,2262,2,2,1.0
,2262,3,1,0.9049728
,2263,0,0,0.9145515
,2263,1,0,0.9973192
,2263,2,0,0.69823617
,2263,3,2,1.0
,2264,0,2,1.0
,2264,1,0,0.9973192
,2264,2,0,0.8529352
,2264,3,1,0.9049728
,2265,0,0,0.77187955
,2265,1,0,0.9973192
,2265,2,0,0.8115569
,2265,3,2,1.0
,2266,0,0,0.95095056
,2266,1,0,0.9973192
,2266,2,2,1.0
,2266,3,1,0.9049728
,2267,0,0,0.9659733
,2267,1,0,0.9973192
,2267,2,1,0.9049728
,2267,3,2,1.0
,2268,0,0,0.89903504
,2268,1,0,0.9973192
,2268,2,2,1.0
,2268,3,1,0.67171973
,2269,0,2,1.0
,2269,1,0,0.9973192
,2269,2,1,0.9049728
,2269,3,0,0.89970815
,2270,0,1,0.9265387
,2270,1,0,0.9973192
,2270,2,2,1.0
,2270,3,0,0.97639227
,2271,0,3,1.0
,2271,1,0,0.9973192
,2271,2,1,0.9049728
,2271,3,0,0.9773532
,2272,0,0,0.64650226
,2272,1,0,0.9973192
,2272,2,2,1.0
,2272,3,0,0.9078418
,2273,0,0,0.94943553
,2273,1,0,0.9973192
,2273,2,1,0.9049728
,2273,3,2,1.0
,2274,0,0,0.99077266
,2274,1,0,0.9973192
,2274,2,2,1.0
,2274,3,1,0.98598814
,2275,0,0,0.9963895
,2275,1,0,0.9973192
,2275,2,1,0.9049728
,2275,3,2,1.0
,2276,0,0,0.99697775
,2276,1,0,0.9973192
,2276,2,2,1.0
,2276,3,1,0.9049728
,2277,0,0,0.99575174
,2277,1,0,0.9973192
,2277,2,1,0.9049728
,2277,3,2,1.0
,2278,0,0,0.98601264
,2278,1,0,0.9973192
,2278,2,2,1.0
,2278,3,1,0.9049728
,2279,0,0,0.9145432
,2279,1,0,0.9973192
,2279,2,1,0.59095395
,2279,3,2,1.0
,2280,0,2,1.0
,2280,1,0,0.9973192
,2280,2,1,0.5319617
,2280,3,1,0.91434735
,2281,0,0,0.7849421
,2281,1,0,0.9973191
,2281,2,2,1.0
,2281,3,1,0.7822302
,2282,0,0,0.968336
,2282,1,0,0.99731874
,2282,2,1,0.9049728
,2282,3,2,1.0
,2283,0,0,0.99336284
,2283,1,0,0.99731535
,2283,2,2,1.0
,2283,3,1,0.9049728
,2284,0,0,0.99677473
,2284,1,0,0.9972906
,2284,2,1,0.9049728
,2284,3,2,1.0
,2285,0,0,0.99721605
,2285,1,0,0.99710894
,2285,2,2,1.0
,2285,3,1,0.9049728
,2286,0,0,0.997098
,2286,1,0,0.99577785
,2286,2,1,0.9049728
,2286,3,2,1.0
,2287,0,0,0.9957757
,2287,1,0,0.98602426
,2287,2,2,1.0
,2287,3,1,0.9049728
,2288,0,0,0.9860233
,2288,1,0,0.9145523
,2288,2,0,0.69823617
,2288,3,2,1.0
,2289,0,0,0.9145515
,2289,1,2,1.0
,2289,2,0,0.8529352
,2289,3,1,0.76153016
,2290,0,2,1.0
,2290,1,0,0.7849427
,2290,2,0,0.8115569
,2290,3,0,0.6472836
,2291,0,0,0.7849427
,2291,1,0,0.96833694
,2291,2,2,1.0
,2291,3,0,0.6524066
,2292,0,0,0.96833694
,2292,1,0,0.99336416
,2292,2,1,0.9049728
,2292,3,2,1.0
,2293,0,0,0.99336416
,2293,1,0,0.9967795
,2293,2,2,1.0
,2293,3,1,0.9049864
,2294,0,0,0.9967795
,2294,1,0,0.99724567
,2294,2,1,0.9049728
,2294,3,2,0.99936944
,2295,0,0,0.99724567
,2295,1,0,0.99730927
,2295,2,2,1.0
,2295,3,1,0.9859655
,2296,0,0,0.99730927
,2296,1,0,0.9973179
,2296,2,1,0.9049728
,2296,3,2,1.0
,2297,0,0,0.9973179
,2297,1,0,0.9973191
,2297,2,2,1.0
,2297,3,1,0.90499866
,2298,0,0,0.9973191
,2298,1,0,0.9973192
,2298,2,1,0.9049728
,2298,3,2,0.9988003
,2299,0,0,0.9973192
,2299,1,0,0.9973192
,2299,2,2,1.0
,2299,3,1,0.904751
,2300,0,0,0.9973192
,2300,1,0,0.9973192
,2300,2,1,0.9049728
,2300,3,2,1.0
,2301,0,0,0.9973192
,2301,1,0,0.9973192
,2301,2,2,1.0
,2301,3,1,0.9049728
,2302,0,0,0.9973192
,2302,1,0,0.9973192
,2302,2,1,0.9049728
,2302,3,2,1.0
,2303,0,0,0.9973192
,2303,1,0,0.9973192
,2303,2,2,1.0
,2303,3,1,0.9049728
,2304,0,0,0.9973192
,2304,1,0,0.9973192
,2304,2,1,0.9049728
,2304,3,2,1.0
,2305,0,0,0.9973191
,2305,1,0,0.9973192
,2305,2,2,1.0
,2305,3,1,0.9049728
,2306,0,0,0.99731874
,2306,1,0,0.9973192
,2306,2,1,0.9049728
,2306,3,2,1.0
,2307,0,0,0.99731535
,2307,1,0,0.9973192
,2307,2,2,1.0
,2307,3,1,0.9049728
,2308,0,0,0.9972906
,2308,1,0,0.9973192
,2308,2,1,0.9049728
,2308,3,2,1.0
,2309,0,0,0.99710894
,2309,1,0,0.9973192
,2309,2,2,1.0
,2309,3,1,0.9049728
,2310,0,0,0.99577785
,2310,1,0,0.9973192
,2310,2,1,0.9049728
,2310,3,2,1.0
,2311,0,0,0.98602426
,2311,1,0,0.9973192
,2311,2,2,1.0
,2311,3,1,0.9265387
,2312,0,0,0.9145523
,2312,1,0,0.9973191
,2312,2,1,0.59095407
,2312,3,3,1.0
,2313,0,2,1.0
,2313,1,0,0.9973185
,2313,2,1,0.5319617
,2313,3,1,0.7424784
,2314,0,0,0.7849419
,2314,1,0,0.99731416
,2314,2,2,1.0
,2314,3,1,0.6492237
,2315,0,0,0.96833575
,2315,1,0,0.997282
,2315,2,1,0.9049728
,2315,3,2,1.0
,2316,0,0,0.99336237
,2316,1,0,0.9970462
,2316,2,2,1.0
,2316,3,1,0.9049728
,2317,0,0,0.9967735
,2317,1,0,0.99531865
,2317,2,1,0.9859881
,2317,3,2,1.0
,2318,0,0,0.9972074
,2318,1,0,0.98265946
,2318,2,2,1.0
,2318,3,1,0.9049728
,2319,0,0,0.99703515
,2319,1,0,0.88989586
,2319,2,1,0.59095395
,2319,3,2,1.0
,2320,0,0,0.9953161
,2320,1,3,0.9995869
,2320,2,1,0.53196156
,2320,3,1,0.64270735
,2321,0,0,0.9826569
,2321,1,0,0.6288808
,2321,2,2,1.0
,2321,3,1,0.6008424
,2322,0,0,0.8898847
,2322,1,0,0.9224896
,2322,2,1,0.59095395
,2322,3,3,1.0
,2323,0,3,1.0
,2323,1,0,0.9532428
,2323,2,1,0.53196156
,2323,3,0,0.64644927
,2324,0,1,0.7424784
,2324,1,0,0.88918316
,2324,2,2,1.0
,2324,3,0,0.94935393
,2325,0,1,0.6492237
,2325,1,2,1.0
,2325,2,0,0.69823635
,2325,3,0,0.9906588
,2326,0,2,0.9999999
,2326,1,1,0.9049728
,2326,2,0,0.8529352
,2326,3,0,0.9960642
,2327,0,0,0.7846955
,2327,1,2,1.0
,2327,2,0,0.8115569
,2327,3,0,0.99510646
,2328,0,0,0.96800774
,2328,1,1,0.9049728
,2328,2,2,1.0
,2328,3,0,0.9825523
,2329,0,0,0.9928456
,2329,1,2,0.9999999
,2329,2,1,0.59095395
,2329,3,0,0.88980263
,2330,0,0,0.9949293
,2330,1,1,0.67241645
,2330,2,1,0.53196156
,2330,3,3,1.0
,2331,0,0,0.98564476
,2331,1,0,0.8977501
,2331,2,2,1.0
,2331,3,1,0.9617892
,2332,0,0,0.9142585
,2332,1,0,0.97387904
,2332,2,0,0.7849421
,2332,3,3,1.0
,2333,0,2,1.0
,2333,1,0,0.9719579
,2333,2,0,0.9683361
,2333,3,1,0.9617892
,2334,0,0,0.69823617
,2334,1,0,0.8814891
,2334,2,0,0.99336284
,2334,3,3,1.0
,2335,0,0,0.8529352
,2335,1,3,1.0
,2335,2,0,0.99677485
,2335,3,1,0.9500134
,2336,0,0,0.8115568
,2336,1,0,0.6465085
,2336,2,0,0.99721605
,2336,3,2,1.0
,2337,0,2,1.0
,2337,1,0,0.9494452
,2337,2,0,0.9970979
,2337,3,1,0.9049728
,2338,0,1,0.9049728
,2338,1,0,0.990786
,2338,2,0,0.9957744
,2338,3,2,1.0
,2339,0,2,1.0
,2339,1,0,0.9964277
,2339,2,0,0.9860141
,2339,3,1,0.9265387
,2340,0,0,0.7849427
,2340,1,0,0.9971976
,2340,2,0,0.9144849
,2340,3,3,1.0
,2341,0,0,0.9683368
,2341,1,0,0.9973026
,2341,2,2,0.9972976
,2341,3,1,0.9500134
,2342,0,0,0.9933639
,2342,1,0,0.99731696
,2342,2,1,0.985891
,2342,3,2,1.0
,2343,0,0,0.9967789
,2343,1,0,0.997319
,2343,2,2,1.0
,2343,3,1,0.9049728
,2344,0,0,0.9972416
,2344,1,0,0.9973192
,2344,2,1,0.9049728
,2344,3,2,1.0
,2345,0,0,0.99728036
,2345,1,0,0.9973192
,2345,2,2,1.0
,2345,3,1,0.9265387
,2346,0,0,0.9971074
,2346,1,0,0.9973192
,2346,2,1,0.9049728
,2346,3,3,1.0
,2347,0,0,0.9957776
,2347,1,0,0.9973192
,2347,2,2,1.0
,2347,3,1,0.95001477
,2348,0,0,0.98602414
,2348,1,0,0.9973192
,2348,2,1,0.9049728
,2348,3,2,0.9998839
,2349,0,0,0.91455215
,2349,1,0,0.9973192
,2349,2,2,1.0
,2349,3,1,0.9143274
,2350,0,2,1.0
,2350,1,0,0.9973191
,2350,2,1,0.6427074
,2350,3,1,0.78221476
,2351,0,1,0.6693604
,2351,1,0,0.99731874
,2351,2,1,0.6008424
,2351,3,2,1.0
,2352,0,0,0.90633947
,2352,1,0,0.99731535
,2352,2,3,1.0
,2352,3,1,0.9265387
,2353,0,0,0.9849035
,2353,1,0,0.9972906
,2353,2,1,0.9500133
,2353,3,3,1.0
,2354,0,0,0.99562496
,2354,1,0,0.99710894
,2354,2,2,1.0
,2354,3,1,0.9617892
,2355,0,0,0.997088
,2355,1,0,0.99577785
,2355,2,1,0.9049728
,2355,3,3,1.0
,2356,0,0,0.99728775
,2356,1,0,0.98602426
,2356,2,2,1.0
,2356,3,1,0.9500134
,2357,0,0,0.997315
,2357,1,0,0.9145523
,2357,2,0,0.69823617
,2357,3,2,1.0
,2358,0,0,0.9973186
,2358,1,2,1.0
,2358,2,0,0.8529352
,2358,3,1,0.9893837
,2359,0,0,0.9973191
,2359,1,0,0.7849427
,2359,2,0,0.8115569
,2359,3,3,1.0
,2360,0,0,0.9973192
,2360,1,0,0.9683368
,2360,2,2,1.0
,2360,3,1,0.9500134
,2361,0,0,0.9973192
,2361,1,0,0.99336416
,2361,2,1,0.9049728
,2361,3,2,1.0
,2362,0,0,0.9973192
,2362,1,0,0.9967795
,2362,2,2,1.0
,2362,3,1,0.98598814
,2363,0,0,0.9973192
,2363,1,0,0.99724567
,2363,2,1,0.9265387
,2363,3,2,1.0
,2364,0,0,0.9973192
,2364,1,0,0.99730927
,2364,2,3,1.0
,2364,3,1,0.9049728
,2365,0,0,0.9973192
,2365,1,0,0.9973179
,2365,2,1,0.9617892
,2365,3,2,1.0
,2366,0,0,0.9973192
,2366,1,0,0.9973191
,2366,2,3,1.0
,2366,3,1,0.9049728
,2367,0,0,0.9973192
,2367,1,0,0.9973192
,2367,2,1,0.9617892
,2367,3,2,1.0
,2368,0,0,0.9973192
,2368,1,0,0.9973192
,2368,2,3,1.0
,2368,3,1,0.9049728
,2369,0,0,0.9973192
,2369,1,0,0.9973192
,2369,2,1,0.9617892
,2369,3,2,1.0
,2370,0,0,0.9973192
,2370,1,0,0.9973192
,2370,2,3,1.0
,2370,3,1,0.9265387
,2371,0,0,0.9973192
,2371,1,0,0.9973192
,2371,2,1,0.9500133
,2371,3,3,1.0
,2372,0,0,0.9973192
,2372,1,0,0.9973192
,2372,2,2,1.0
,2372,3,1,0.9617892
,2373,0,0,0.9973192
,2373,1,0,0.9973192
,2373,2,1,0.9049728
,2373,3,3,1.0
,2374,0,0,0.9973192
,2374,1,0,0.9973192
,2374,2,2,1.0
,2374,3,1,0.9500134
,2375,0,0,0.9973192
,2375,1,0,0.9973192
,2375,2,1,0.9265387
,2375,3,2,1.0
,2376,0,0,0.9973192
,2376,1,0,0.9973192
,2376,2,3,1.0
,2376,3,1,0.9265387
,2377,0,0,0.9973192
,2377,1,0,0.9973192
,2377,2,1,0.9500133
,2377,3,3,0.9999999
,2378,0,0,0.9973192
,2378,1,0,0.9973192
,2378,2,2,1.0
,2378,3,1,0.72005224
,2379,0,0,0.9973192
,2379,1,0,0.9973192
,2379,2,1,0.9265387
,2379,3,2,1.0
,2380,0,0,0.9973192
,2380,1,0,0.9973192
,2380,2,3,1.0
,2380,3,1,0.9265387
,2381,0,0,0.9973192
,2381,1,0,0.9973192
,2381,2,1,0.9500133
,2381,3,3,1.0
,2382,0,0,0.9973192
,2382,1,0,0.9973192
,2382,2,2,1.0
,2382,3,1,0.9500134
,2383,0,0,0.9973192
,2383,1,0,0.9973192
,2383,2,1,0.9049728
,2383,3,2,1.0
,2384,0,0,0.9973192
,2384,1,0,0.9973192
,2384,2,2,1.0
,2384,3,1,0.9265387
,2385,0,0,0.9973192
,2385,1,0,0.9973192
,2385,2,1,0.9049728
,2385,3,3,1.0
,2386,0,0,0.9973192
,2386,1,0,0.9973192
,2386,2,2,1.0
,2386,3,1,0.9617892
,2387,0,0,0.9973192
,2387,1,0,0.9973192
,2387,2,1,0.9049728
,2387,3,3,1.0
,2388,0,0,0.9973192
,2388,1,0,0.9973192
,2388,2,2,1.0
,2388,3,1,0.9500134
,2389,0,0,0.9973192
,2389,1,0,0.9973192
,2389,2,1,0.9049728
,2389,3,2,0.9999968
,2390,0,0,0.9973192
,2390,1,0,0.9973192
,2390,2,2,1.0
,2390,3,1,0.92653817
,2391,0,0,0.9973192
,2391,1,0,0.9973192
,2391,2,1,0.9049728
,2391,3,3,1.0
,2392,0,0,0.9973192
,2392,1,0,0.9973192
,2392,2,2,1.0
,2392,3,1,0.9500134
,2393,0,0,0.9973192
,2393,1,0,0.9973192
,2393,2,1,0.9049728
,2393,3,2,1.0
,2394,0,0,0.9973192
,2394,1,0,0.9973192
,2394,2,2,1.0
,2394,3,1,0.9265387
,2395,0,0,0.9973192
,2395,1,0,0.9973192
,2395,2,1,0.9049728
,2395,3,3,1.0
,2396,0,0,0.9973192
,2396,1,0,0.9973192
,2396,2,2,1.0
,2396,3,1,0.9617892
,2397,0,0,0.9973192
,2397,1,0,0.9973192
,2397,2,1,0.9049728
,2397,3,3,1.0
,2398,0,0,0.9973192
,2398,1,0,0.9973192
,2398,2,2,1.0
,2398,3,1,0.9500134
,2399,0,0,0.9973192
,2399,1,0,0.9973192
,2399,2,1,0.9265387
,2399,3,2,1.0
,2400,0,0,0.9973192
,2400,1,0,0.9973192
,2400,2,3,1.0
,2400,3,1,0.9265387
,2401,0,0,0.9973192
,2401,1,0,0.9973192
,2401,2,1,0.9500133
,2401,3,3,1.0
,2402,0,0,0.9973192
,2402,1,0,0.9973192
,2402,2,2,1.0
,2402,3,1,0.9500134
,2403,0,0,0.9973192
,2403,1,0,0.9973192
,2403,2,1,0.9049728
,2403,3,2,1.0
,2404,0,0,0.9973192
,2404,1,0,0.9973192
,2404,2,2,1.0
,2404,3,1,0.9049728
,2405,0,0,0.9973192
,2405,1,0,0.9973192
,2405,2,1,0.9265387
,2405,3,2,1.0
,2406,0,0,0.9973192
,2406,1,0,0.9973192
,2406,2,3,1.0
,2406,3,1,0.9049728
,2407,0,0,0.9973192
,2407,1,0,0.9973192
,2407,2,1,0.9500133
,2407,3,2,1.0
,2408,0,0,0.9973192
,2408,1,0,0.9973192
,2408,2,2,1.0
,2408,3,1,0.9265387
,2409,0,0,0.9973192
,2409,1,0,0.9973192
,2409,2,1,0.9049728
,2409,3,3,1.0
,2410,0,0,0.9973192
,2410,1,0,0.9973192
,2410,2,2,1.0
,2410,3,1,0.9500134
,2411,0,0,0.9973192
,2411,1,0,0.9973192
,2411,2,1,0.9265387
,2411,3,2,1.0
,2412,0,0,0.9973192
,2412,1,0,0.9973192
,2412,2,3,1.0
,2412,3,1,0.9049728
,2413,0,0,0.9973192
,2413,1,0,0.9973192
,2413,2,1,0.7200522
,2413,3,2,1.0
,2414,0,0,0.9973192
,2414,1,0,0.9973192
,2414,2,2,1.0
,2414,3,1,0.9049728
,2415,0,0,0.9973192
,2415,1,0,0.9973192
,2415,2,1,0.9049728
,2415,3,2,1.0
,2416,0,0,0.9973192
,2416,1,0,0.9973192
,2416,2,2,1.0
,2416,3,1,0.9049728
,2417,0,0,0.9973192
,2417,1,0,0.9973192
,2417,2,1,0.9265387
,2417,3,2,1.0
,2418,0,0,0.9973192
,2418,1,0,0.9973192
,2418,2,3,1.0
,2418,3,1,0.9049728
,2419,0,0,0.9973192
,2419,1,0,0.9973192
,2419,2,1,0.72005236
,2419,3,2,1.0
,2420,0,0,0.9973192
,2420,1,0,0.9973192
,2420,2,2,1.0
,2420,3,1,0.9265387
,2421,0,0,0.9973192
,2421,1,0,0.9973192
,2421,2,1,0.9049728
,2421,3,3,1.0
,2422,0,0,0.9973192
,2422,1,0,0.9973192
,2422,2,2,1.0
,2422,3,1,0.9617892
,2423,0,0,0.9973192
,2423,1,0,0.9973192
,2423,2,1,0.9265387
,2423,3,3,1.0
,2424,0,0,0.9973192
,2424,1,0,0.9973192
,2424,2,3,1.0
,2424,3,1,0.95001376
,2425,0,0,0.9973192
,2425,1,0,0.9973192
,2425,2,1,0.950014
,2425,3,2,0.99997365
,2426,0,0,0.9973192
,2426,1,0,0.9973192
,2426,2,2,0.99995565
,2426,3,1,0.98598725
,2427,0,0,0.9973192
,2427,1,0,0.9973192
,2427,2,1,0.90496933
,2427,3,2,0.9999999
,2428,0,0,0.9973192
,2428,1,0,0.9973192
,2428,2,2,0.9997821
,2428,3,1,0.9893837
,2429,0,0,0.9973192
,2429,1,0,0.9973192
,2429,2,1,0.9859803
,2429,3,3,1.0
,2430,0,0,0.9973192
,2430,1,0,0.9973192
,2430,2,2,1.0
,2430,3,1,0.9617892
,2431,0,0,0.9973192
,2431,1,0,0.9973192
,2431,2,1,0.9049728
,2431,3,3,1.0
,2432,0,0,0.9973192
,2432,1,0,0.9973192
,2432,2,2,1.0
,2432,3,1,0.72005224
,2433,0,0,0.9973192
,2433,1,0,0.9973192
,2433,2,1,0.9859881
,2433,3,2,1.0
,2434,0,0,0.9973192
,2434,1,0,0.9973192
,2434,2,2,1.0
,2434,3,1,0.9265387
,2435,0,0,0.9973192
,2435,1,0,0.9973192
,2435,2,1,0.9049728
,2435,3,3,1.0
,2436,0,0,0.9973192
,2436,1,0,0.9973192
,2436,2,2,1.0
,2436,3,1,0.9500134
,2437,0,0,0.9973192
,2437,1,0,0.9973192
,2437,2,1,0.9265387
,2437,3,2,1.0
,2438,0,0,0.9973192
,2438,1,0,0.9973192
,2438,2,3,1.0
,2438,3,1,0.9265387
,2439,0,0,0.9973192
,2439,1,0,0.9973192
,2439,2,1,0.9500133
,2439,3,3,1.0
,2440,0,0,0.9973192
,2440,1,0,0.9973192
,2440,2,2,1.0
,2440,3,1,0.9500134
,2441,0,0,0.9973192
,2441,1,0,0.9973192
,2441,2,1,0.9049728
,2441,3,2,1.0
,2442,0,0,0.9973192
,2442,1,0,0.9973192
,2442,2,2,1.0
,2442,3,1,0.9049728
,2443,0,0,0.9973192
,2443,1,0,0.9973192
,2443,2,1,0.9049728
,2443,3,2,1.0
,2444,0,0,0.9973192
,2444,1,0,0.9973192
,2444,2,2,1.0
,2444,3,1,0.9049728
,2445,0,0,0.9973192
,2445,1,0,0.9973192
,2445,2,1,0.9049728
,2445,3,2,1.0
,2446,0,0,0.9973192
,2446,1,0,0.9973192
,2446,2,2,1.0
,2446,3,1,0.9049728
,2447,0,0,0.9973192
,2447,1,0,0.9973192
,2447,2,1,0.9049728
,2447,3,2,1.0
,2448,0,0,0.9973192
,2448,1,0,0.9973192
,2448,2,2,1.0
,2448,3,1,0.9049728
,2449,0,0,0.9973192
,2449,1,0,0.9973192
,2449,2,1,0.9049728
,2449,3,2,1.0
,2450,0,0,0.9973192
,2450,1,0,0.9973192
,2450,2,2,1.0
,2450,3,1,0.98598814
,2451,0,0,0.9973192
,2451,1,0,0.9973192
,2451,2,1,0.9049728
,2451,3,2,1.0
,2452,0,0,0.9973192
,2452,1,0,0.9973192
,2452,2,2,1.0
,2452,3,1,0.9049728
,2453,0,0,0.9973192
,2453,1,0,0.9973192
,2453,2,1,0.9049728
,2453,3,2,1.0
,2454,0,0,0.9973192
,2454,1,0,0.9973192
,2454,2,2,1.0
,2454,3,1,0.9049728
,2455,0,0,0.9973192
,2455,1,0,0.9973192
,2455,2,1,0.9049728
,2455,3,2,1.0
,2456,0,0,0.9973192
,2456,1,0,0.9973192
,2456,2,2,1.0
,2456,3,1,0.9049728
,2457,0,0,0.9973192
,2457,1,0,0.9973192
,2457,2,1,0.9049728
,2457,3,2,1.0
,2458,0,0,0.9973192
,2458,1,0,0.9973192
,2458,2,2,1.0
,2458,3,1,0.9049728
,2459,0,0,0.9973192
,2459,1,0,0.9973192
,2459,2,1,0.9265387
,2459,3,2,1.0
,2460,0,0,0.9973192
,2460,1,0,0.9973192
,2460,2,3,1.0
,2460,3,1,0.9265387
,2461,0,0,0.9973192
,2461,1,0,0.9973192
,2461,2,1,0.9617892
,2461,3,3,1.0
,2462,0,0,0.9973192
,2462,1,0,0.9973192
,2462,2,3,1.0
,2462,3,1,0.9617892
,2463,0,0,0.9973192
,2463,1,0,0.9973192
,2463,2,1,0.9500133
,2463,3,3,1.0
,2464,0,0,0.9973192
,2464,1,0,0.9973191
,2464,2,2,1.0
,2464,3,1,0.9500134
,2465,0,0,0.9973192
,2465,1,0,0.99731874
,2465,2,1,0.9265387
,2465,3,2,1.0
,2466,0,0,0.9973192
,2466,1,0,0.99731535
,2466,2,3,1.0
,2466,3,1,0.9265387
,2467,0,0,0.9973192
,2467,1,0,0.9972906
,2467,2,1,0.9500133
,2467,3,3,1.0
,2468,0,0,0.9973192
,2468,1,0,0.99710894
,2468,2,2,1.0
,2468,3,1,0.9617892
,2469,0,0,0.9973192
,2469,1,0,0.99577785
,2469,2,1,0.9265387
,2469,3,3,1.0
,2470,0,0,0.9973192
,2470,1,0,0.98602426
,2470,2,3,1.0
,2470,3,1,0.9617892
,2471,0,0,0.9973192
,2471,1,0,0.9145523
,2471,2,1,0.7821284
,2471,3,3,1.0
,2472,0,0,0.9973192
,2472,1,2,1.0
,2472,2,1,0.7102469
,2472,3,1,0.7424784
,2473,0,0,0.9973192
,2473,1,1,0.590954
,2473,2,3,0.99999857
,2473,3,1,0.6492237
,2474,0,0,0.9973192
,2474,1,1,0.53196156
,2474,2,1,0.78212875
,2474,3,2,1.0
,2475,0,0,0.9973192
,2475,1,2,1.0
,2475,2,1,0.7102473
,2475,3,1,0.590954
,2476,0,0,0.9973192
,2476,1,0,0.7849427
,2476,2,3,1.0
,2476,3,1,0.5319616
,2477,0,0,0.9973192
,2477,1,0,0.96833694
,2477,2,1,0.9500133
,2477,3,2,1.0
,2478,0,0,0.9973192
,2478,1,0,0.99336416
,2478,2,2,1.0
,2478,3,1,0.9893837
,2479,0,0,0.9973192
,2479,1,0,0.9967795
,2479,2,1,0.9049728
,2479,3,3,1.0
,2480,0,0,0.9973192
,2480,1,0,0.99724567
,2480,2,2,1.0
,2480,3,1,0.9617892
,2481,0,0,0.9973192
,2481,1,0,0.99730927
,2481,2,1,0.9049728
,2481,3,3,1.0
,2482,0,0,0.9973192
,2482,1,0,0.9973179
,2482,2,2,1.0
,2482,3,1,0.9617892
,2483,0,0,0.9973192
,2483,1,0,0.9973191
,2483,2,1,0.9265387
,2483,3,3,1.0
,2484,0,0,0.9973192
,2484,1,0,0.9973192
,2484,2,3,1.0
,2484,3,1,0.9500286
,2485,0,0,0.9973192
,2485,1,0,0.9973192
,2485,2,1,0.9500133
,2485,3,2,0.9987086
,2486,0,0,0.9973192
,2486,1,0,0.9973192
,2486,2,2,1.0
,2486,3,1,0.90473396
,2487,0,0,0.9973192
,2487,1,0,0.9973192
,2487,2,1,0.9859881
,2487,3,2,1.0
,2488,0,0,0.9973192
,2488,1,0,0.9973192
,2488,2,2,1.0
,2488,3,1,0.9049728
,2489,0,0,0.9973192
,2489,1,0,0.9973192
,2489,2,1,0.9859881
,2489,3,2,1.0
,2490,0,0,0.9973192
,2490,1,0,0.9973192
,2490,2,2,1.0
,2490,3,1,0.9265387
,2491,0,0,0.9973192
,2491,1,0,0.9973192
,2491,2,1,0.9049728
,2491,3,3,1.0
,2492,0,0,0.9973192
,2492,1,0,0.9973192
,2492,2,2,1.0
,2492,3,1,0.9617892
,2493,0,0,0.9973192
,2493,1,0,0.9973191
,2493,2,1,0.9049728
,2493,3,3,1.0
,2494,0,0,0.9973192
,2494,1,0,0.99731874
,2494,2,2,1.0
,2494,3,1,0.9500134
,2495,0,0,0.9973192
,2495,1,0,0.99731535
,2495,2,1,0.9049728
,2495,3,2,1.0
,2496,0,0,0.9973192
,2496,1,0,0.9972906
,2496,2,2,1.0
,2496,3,1,0.9049728
,2497,0,0,0.9973192
,2497,1,0,0.99710894
,2497,2,1,0.9049728
,2497,3,2,1.0
,2498,0,0,0.9973192
,2498,1,0,0.99577785
,2498,2,2,1.0
,2498,3,1,0.9049728
,2499,0,0,0.9973192
,2499,1,0,0.98602426
,2499,2,1,0.9049728
,2499,3,2,1.0
,2500,0,0,0.9973192
,2500,1,0,0.9145523
,2500,2,2,1.0
,2500,3,0,0.6982363
,2501,0,0,0.9973192
,2501,1,2,1.0
,2501,2,1,0.9049728
,2501,3,0,0.8529352
,2502,0,0,0.9973192
,2502,1,1,0.66968435
,2502,2,2,1.0
,2502,3,0,0.8115568
,2503,0,0,0.9973192
,2503,1,0,0.9054289
,2503,2,1,0.9265387
,2503,3,2,1.0
,2504,0,0,0.9973191
,2504,1,0,0.98373485
,2504,2,3,1.0
,2504,3,1,0.9265387
,2505,0,0,0.9973185
,2505,1,0,0.99311596
,2505,2,1,0.9500133
,2505,3,3,1.0
,2506,0,0,0.99731416
,2506,1,0,0.98483366
,2506,2,2,1.0
,2506,3,1,0.9617892
,2507,0,0,0.997282
,2507,1,0,0.91363084
,2507,2,0,0.784938
,2507,3,3,1.0
,2508,0,0,0.9970462
,2508,1,2,1.0
,2508,2,0,0.9683308
,2508,3,1,0.9500134
,2509,0,0,0.9953184
,2509,1,1,0.9893837
,2509,2,0,0.99335456
,2509,3,2,1.0
,2510,0,0,0.98265815
,2510,1,3,1.0
,2510,2,0,0.99674493
,2510,3,1,0.9265387
,2511,0,0,0.88988566
,2511,1,0,0.53691614
,2511,2,0,0.9970294
,2511,3,3,1.0
,2512,0,3,1.0
,2512,1,0,0.78077745
,2512,2,0,0.99576205
,2512,3,1,0.9500134
,2513,0,0,0.9310071
,2513,1,0,0.75571513
,2513,2,0,0.9860172
,2513,3,2,1.0
,2514,0,0,0.98815835
,2514,1,2,1.0
,2514,2,0,0.9145468
,2514,3,1,0.64270735
,2515,0,0,0.9957794
,2515,1,0,0.7849427
,2515,2,2,1.0
,2515,3,1,0.6008424
,2516,0,0,0.99551326
,2516,1,0,0.96833694
,2516,2,1,0.9265387
,2516,3,3,1.0
,2517,0,0,0.9859059
,2517,1,0,0.99336416
,2517,2,3,1.0
,2517,3,1,0.9500134
,2518,0,0,0.9144606
,2518,1,0,0.9967795
,2518,2,1,0.7821284
,2518,3,2,1.0
,2519,0,2,1.0
,2519,1,0,0.99724567
,2519,2,1,0.7102471
,2519,3,1,0.64270735
,2520,0,0,0.7849427
,2520,1,0,0.99730927
,2520,2,3,1.0
,2520,3,1,0.6008424
,2521,0,0,0.9683368
,2521,1,0,0.9973179
,2521,2,1,0.9500133
,2521,3,3,1.0
,2522,0,0,0.99336416
,2522,1,0,0.9973191
,2522,2,2,1.0
,2522,3,1,0.9617892
,2523,0,0,0.9967795
,2523,1,0,0.9973192
,2523,2,1,0.9265387
,2523,3,3,1.0
,2524,0,0,0.99724567
,2524,1,0,0.9973192
,2524,2,3,1.0
,2524,3,1,0.96007216
,2525,0,0,0.99730927
,2525,1,0,0.9973192
,2525,2,1,0.9500133
,2525,3,3,0.85419136
,2526,0,0,0.9973179
,2526,1,0,0.9973192
,2526,2,2,1.0
,2526,3,1,0.95525885
,2527,0,0,0.9973191
,2527,1,0,0.9973192
,2527,2,1,0.9049728
,2527,3,2,1.0
,2528,0,0,0.9973192
,2528,1,0,0.9973192
,2528,2,2,1.0
,2528,3,1,0.98598814
,2529,0,0,0.9973192
,2529,1,0,0.9973192
,2529,2,1,0.9265387
,2529,3,2,1.0
,2530,0,0,0.9973192
,2530,1,0,0.9973192
,2530,2,3,1.0
,2530,3,1,0.64270735
,2531,0,0,0.9973192
,2531,1,0,0.9973192
,2531,2,3,1.0
,2531,3,1,0.6008424
,2532,0,0,0.9973192
,2532,1,0,0.9973192
,2532,2,1,0.9500133
,2532,3,3,1.0
,2533,0,0,0.9973192
,2533,1,0,0.9973192
,2533,2,2,1.0
,2533,3,1,0.9500134
,2534,0,0,0.9973192
,2534,1,0,0.9973192
,2534,2,1,0.9049728
,2534,3,2,1.0
,2535,0,0,0.9973192
,2535,1,0,0.9973192
,2535,2,2,1.0
,2535,3,1,0.98598814
,2536,0,0,0.9973192
,2536,1,0,0.9973192
,2536,2,1,0.9049728
,2536,3,2,1.0
,2537,0,0,0.9973192
,2537,1,0,0.9973192
,2537,2,2,1.0
,2537,3,1,0.9049728
,2538,0,0,0.9973191
,2538,1,0,0.9973192
,2538,2,1,0.9049728
,2538,3,2,1.0
,2539,0,0,0.99731874
,2539,1,0,0.9973192
,2539,2,2,1.0
,2539,3,1,0.9049728
,2540,0,0,0.99731535
,2540,1,0,0.9973191
,2540,2,1,0.9049728
,2540,3,2,1.0
,2541,0,0,0.9972906
,2541,1,0,0.99731874
,2541,2,2,1.0
,2541,3,1,0.9049728
,2542,0,0,0.99710894
,2542,1,0,0.99731535
,2542,2,1,0.9049728
,2542,3,2,1.0
,2543,0,0,0.99577785
,2543,1,0,0.9972906
,2543,2,2,1.0
,2543,3,1,0.9049728
,2544,0,0,0.98602426
,2544,1,0,0.99710894
,2544,2,1,0.9049728
,2544,3,2,1.0
,2545,0,0,0.9145523
,2545,1,0,0.99577785
,2545,2,2,1.0
,2545,3,0,0.7831344
,2546,0,2,1.0
,2546,1,0,0.98602426
,2546,2,1,0.9049728
,2546,3,0,0.9659301
,2547,0,0,0.7849427
,2547,1,0,0.9145523
,2547,2,2,1.0
,2547,3,0,0.98957235
,2548,0,0,0.9683368
,2548,1,2,1.0
,2548,2,1,0.9049728
,2548,3,0,0.98324865
,2549,0,0,0.99336416
,2549,1,0,0.7849427
,2549,2,2,1.0
,2549,3,0,0.9124042
,2550,0,0,0.9967795
,2550,1,0,0.96833694
,2550,2,1,0.9049728
,2550,3,2,1.0
,2551,0,0,0.99724567
,2551,1,0,0.99336416
,2551,2,2,1.0
,2551,3,1,0.9049728
,2552,0,0,0.99730927
,2552,1,0,0.9967795
,2552,2,1,0.9049728
,2552,3,2,1.0
,2553,0,0,0.9973179
,2553,1,0,0.99724567
,2553,2,2,1.0
,2553,3,1,0.9049728
,2554,0,0,0.9973191
,2554,1,0,0.99730927
,2554,2,1,0.9049728
,2554,3,2,1.0
,2555,0,0,0.9973192
,2555,1,0,0.9973179
,2555,2,2,1.0
,2555,3,1,0.9049728
,2556,0,0,0.9973192
,2556,1,0,0.9973191
,2556,2,1,0.9049728
,2556,3,2,1.0
,2557,0,0,0.9973192
,2557,1,0,0.9973192
,2557,2,2,1.0
,2557,3,1,0.9893739
,2558,0,0,0.9973192
,2558,1,0,0.9973192
,2558,2,1,0.9049728
,2558,3,3,0.99709743
,2559,0,0,0.9973192
,2559,1,0,0.9973192
,2559,2,2,1.0
,2559,3,1,0.9501178
,2560,0,0,0.9973192
,2560,1,0,0.9973192
,2560,2,1,0.9049728
,2560,3,2,1.0
,2561,0,0,0.9973192
,2561,1,0,0.9973192
,2561,2,2,1.0
,2561,3,1,0.9049728
,2562,0,0,0.9973192
,2562,1,0,0.9973192
,2562,2,1,0.9049728
,2562,3,2,1.0
,2563,0,0,0.9973192
,2563,1,0,0.9973191
,2563,2,2,0.99999976
,2563,3,1,0.9049728
,2564,0,0,0.9973192
,2564,1,0,0.99731874
,2564,2,1,0.9859881
,2564,3,2,1.0
,2565,0,0,0.9973192
,2565,1,0,0.99731535
,2565,2,2,1.0
,2565,3,1,0.9049728
,2566,0,0,0.9973192
,2566,1,0,0.9972906
,2566,2,1,0.9049728
,2566,3,2,1.0
,2567,0,0,0.9973192
,2567,1,0,0.99710894
,2567,2,2,1.0
,2567,3,1,0.9049728
,2568,0,0,0.9973192
,2568,1,0,0.99577785
,2568,2,1,0.9859881
,2568,3,2,1.0
,2569,0,0,0.9973192
,2569,1,0,0.98602426
,2569,2,2,1.0
,2569,3,1,0.9049728
,2570,0,0,0.9973192
,2570,1,0,0.9145523
,2570,2,1,0.59095395
,2570,3,2,1.0
,2571,0,0,0.9973192
,2571,1,2,1.0
,2571,2,1,0.5319617
,2571,3,1,0.590954
,2572,0,0,0.9973192
,2572,1,0,0.7849421
,2572,2,2,1.0
,2572,3,1,0.53196156
,2573,0,0,0.9973192
,2573,1,0,0.968336
,2573,2,1,0.9049728
,2573,3,2,1.0
,2574,0,0,0.9973192
,2574,1,0,0.99336284
,2574,2,2,1.0
,2574,3,1,0.9049728
,2575,0,0,0.9973192
,2575,1,0,0.99677473
,2575,2,1,0.9049728
,2575,3,2,1.0
,2576,0,0,0.9973192
,2576,1,0,0.99721605
,2576,2,2,1.0
,2576,3,1,0.98598814
,2577,0,0,0.9973192
,2577,1,0,0.997098
,2577,2,1,0.9049728
,2577,3,2,1.0
,2578,0,0,0.9973192
,2578,1,0,0.9957752
,2578,2,2,1.0
,2578,3,1,0.9049728
,2579,0,0,0.9973192
,2579,1,0,0.98602015
,2579,2,1,0.9265387
,2579,3,2,1.0
,2580,0,0,0.9973192
,2580,1,0,0.91452795
,2580,2,3,1.0
,2580,3,0,0.7831344
,2581,0,0,0.9973192
,2581,1,2,0.9990467
,2581,2,1,0.9500133
,2581,3,0,0.9659301
,2582,0,0,0.9973192
,2582,1,1,0.90479654
,2582,2,2,1.0
,2582,3,0,0.98957235
,2583,0,0,0.9973192
,2583,1,2,1.0
,2583,2,1,0.9049728
,2583,3,0,0.98324865
,2584,0,0,0.9973192
,2584,1,0,0.7849427
,2584,2,2,1.0
,2584,3,0,0.9124042
,2585,0,0,0.9973192
,2585,1,0,0.96833694
,2585,2,1,0.9859881
,2585,3,2,1.0
,2586,0,0,0.9973192
,2586,1,0,0.99336416
,2586,2,2,1.0
,2586,3,1,0.9265387
,2587,0,0,0.9973192
,2587,1,0,0.9967795
,2587,2,1,0.9049728
,2587,3,3,1.0
,2588,0,0,0.9973192
,2588,1,0,0.99724567
,2588,2,2,1.0
,2588,3,1,0.9617892
,2589,0,0,0.9973192
,2589,1,0,0.99730927
,2589,2,1,0.9049728
,2589,3,3,1.0
,2590,0,0,0.9973192
,2590,1,0,0.9973178
,2590,2,2,1.0
,2590,3,1,0.9617892
,2591,0,0,0.9973192
,2591,1,0,0.997319
,2591,2,1,0.9049728
,2591,3,3,1.0
,2592,0,0,0.9973192
,2592,1,0,0.9973185
,2592,2,2,1.0
,2592,3,1,0.9500134
,2593,0,0,0.9973192
,2593,1,0,0.99731416
,2593,2,1,0.9265387
,2593,3,2,1.0
,2594,0,0,0.9973191
,2594,1,0,0.997282
,2594,2,3,1.0
,2594,3,1,0.9049728
,2595,0,0,0.99731874
,2595,1,0,0.9970462
,2595,2,1,0.9500753
,2595,3,2,1.0
,2596,0,0,0.99731535
,2596,1,0,0.9953184
,2596,2,2,0.994733
,2596,3,1,0.9049728
,2597,0,0,0.9972906
,2597,1,0,0.98265815
,2597,2,1,0.98923844
,2597,3,2,0.9999993
,2598,0,0,0.99710894
,2598,1,0,0.88988566
,2598,2,3,1.0
,2598,3,0,0.67593944
,2599,0,0,0.99577785
,2599,1,3,1.0
,2599,2,1,0.9500133
,2599,3,0,0.82325923
,2600,0,0,0.98602426
,2600,1,0,0.6465086
,2600,2,2,1.0
,2600,3,0,0.76480436
,2601,0,0,0.9145523
,2601,1,0,0.9494452
,2601,2,0,0.69823635
,2601,3,3,1.0
,2602,0,2,1.0
,2602,1,0,0.990786
,2602,2,0,0.8529352
,2602,3,1,0.9500134
,2603,0,1,0.6693604
,2603,1,0,0.9964277
,2603,2,0,0.8115569
,2603,3,2,1.0
,2604,0,0,0.90633947
,2604,1,0,0.9971976
,2604,2,2,1.0
,2604,3,1,0.98598814
,2605,0,0,0.9849035
,2605,1,0,0.9973026
,2605,2,1,0.9049728
,2605,3,2,1.0
,2606,0,0,0.99562496
,2606,1,0,0.99731696
,2606,2,2,1.0
,2606,3,1,0.98598814
,2607,0,0,0.997088
,2607,1,0,0.997319
,2607,2,1,0.9049728
,2607,3,2,1.0
,2608,0,0,0.99728775
,2608,1,0,0.9973192
,2608,2,2,1.0
,2608,3,1,0.98598814
,2609,0,0,0.997315
,2609,1,0,0.9973192
,2609,2,1,0.9049728
,2609,3,2,1.0
,2610,0,0,0.9973186
,2610,1,0,0.9973192
,2610,2,2,1.0
,2610,3,1,0.9893837
,2611,0,0,0.9973191
,2611,1,0,0.9973192
,2611,2,1,0.9049728
,2611,3,3,1.0
,2612,0,0,0.9973192
,2612,1,0,0.9973192
,2612,2,2,1.0
,2612,3,1,0.9617892
,2613,0,0,0.9973192
,2613,1,0,0.9973192
,2613,2,1,0.9049728
,2613,3,3,1.0
,2614,0,0,0.9973192
,2614,1,0,0.9973192
,2614,2,2,1.0
,2614,3,1,0.9617892
,2615,0,0,0.9973192
,2615,1,0,0.9973192
,2615,2,1,0.9265387
,2615,3,3,1.0
,2616,0,0,0.9973192
,2616,1,0,0.9973192
,2616,2,3,1.0
,2616,3,1,0.9500134
,2617,0,0,0.9973192
,2617,1,0,0.9973192
,2617,2,1,0.9500133
,2617,3,2,1.0
,2618,0,0,0.9973191
,2618,1,0,0.9973191
,2618,2,2,1.0
,2618,3,1,0.9049728
,2619,0,0,0.9973185
,2619,1,0,0.9973185
,2619,2,1,0.9049728
,2619,3,2,1.0
,2620,0,0,0.9973137
,2620,1,0,0.9973137
,2620,2,2,1.0
,2620,3,1,0.9049728
,2621,0,0,0.9972782
,2621,1,0,0.9972782
,2621,2,1,0.9049728
,2621,3,2,1.0
,2622,0,0,0.997019
,2622,1,0,0.997019
,2622,2,2,1.0
,2622,3,1,0.9049728
,2623,0,0,0.9951188
,2623,1,0,0.9951188
,2623,2,1,0.9049728
,2623,3,2,1.0
,2624,0,0,0.98119473
,2624,1,0,0.98119473
,2624,2,2,1.0
,2624,3,1,0.6614213
,2625,0,0,1.0
,2625,1,0,1.0
,2625,2,0,1.0
,2625,3,3,0.601467
,2626,0,0,0.99768513
,2626,1,0,0.9253678
,2626,2,2,1.0
,2626,3,0,0.52029395
,2627,0,0,0.99736917
,2627,1,2,0.9999999
,2627,2,1,0.9859881
,2627,3,0,0.9315935
,2628,0,0,0.997326
,2628,1,1,0.98598814
,2628,2,2,1.0
,2628,3,0,0.98754406
,2629,0,0,0.9973202
,2629,1,2,1.0
,2629,2,1,0.9049728
,2629,3,0,0.9938742
,2630,0,0,0.99731934
,2630,1,1,0.98598814
,2630,2,2,1.0
,2630,3,0,0.9851728
,2631,0,0,0.9973192
,2631,1,2,1.0
,2631,2,1,0.7615313
,2631,3,0,0.9138932
,2632,0,0,0.9973192
,2632,1,1,0.98598814
,2632,2,0,0.6472803
,2632,3,2,1.0
,2633,0,0,0.9973192
,2633,1,2,1.0
,2633,2,0,0.6524022
,2633,3,1,0.6693604
,2634,0,0,0.9973192
,2634,1,1,0.9049728
,2634,2,2,0.99993515
,2634,3,0,0.90633947
,2635,0,0,0.9973192
,2635,1,2,1.0
,2635,2,1,0.98598593
,2635,3,0,0.9849035
,2636,0,0,0.9973192
,2636,1,1,0.98598814
,2636,2,2,1.0
,2636,3,0,0.99562496
,2637,0,0,0.9973192
,2637,1,2,1.0
,2637,2,1,0.9859881
,2637,3,0,0.997088
,2638,0,0,0.9973192
,2638,1,0,0.6982363
,2638,2,2,1.0
,2638,3,0,0.99728775
,2639,0,0,0.9973192
,2639,1,0,0.8529352
,2639,2,2,1.0
,2639,3,0,0.997315
,2640,0,0,0.9973192
,2640,1,0,0.8115568
,2640,2,2,1.0
,2640,3,0,0.9973186
,2641,0,0,0.9973192
,2641,1,2,1.0
,2641,2,1,0.9049728
,2641,3,0,0.9973191
,2642,0,0,0.9973192
,2642,1,1,0.98598814
,2642,2,2,1.0
,2642,3,0,0.9973192
,2643,0,0,0.9973192
,2643,1,2,1.0
,2643,2,1,0.9859881
,2643,3,0,0.9973192
,2644,0,0,0.9973192
,2644,1,1,0.9049728
,2644,2,2,1.0
,2644,3,0,0.9973192
,2645,0,0,0.9973192
,2645,1,2,1.0
,2645,2,1,0.9049728
,2645,3,0,0.9973191
,2646,0,0,0.9973192
,2646,1,1,0.98598814
,2646,2,2,1.0
,2646,3,0,0.99731874
,2647,0,0,0.9973192
,2647,1,2,1.0
,2647,2,1,0.9859881
,2647,3,0,0.99731535
,2648,0,0,0.9973192
,2648,1,1,0.98598814
,2648,2,2,1.0
,2648,3,0,0.9972906
,2649,0,0,0.9973192
,2649,1,2,1.0
,2649,2,1,0.9049728
,2649,3,0,0.99710894
,2650,0,0,0.9973192
,2650,1,1,0.9049728
,2650,2,2,1.0
,2650,3,0,0.99577785
,2651,0,0,0.9973192
,2651,1,2,1.0
,2651,2,1,0.9049728
,2651,3,0,0.986024
,2652,0,0,0.9973192
,2652,1,0,0.69823617
,2652,2,2,1.0
,2652,3,0,0.91455007
,2653,0,0,0.9973192
,2653,1,0,0.8529352
,2653,2,1,0.9049728
,2653,3,2,0.99991524
,2654,0,0,0.9973192
,2654,1,0,0.8115569
,2654,2,2,1.0
,2654,3,1,0.6717154
,2655,0,0,0.9973192
,2655,1,2,1.0
,2655,2,1,0.9049728
,2655,3,0,0.8996493
,2656,0,0,0.9973192
,2656,1,1,0.9049728
,2656,2,2,1.0
,2656,3,0,0.9763125
,2657,0,0,0.9973192
,2657,1,2,1.0
,2657,2,1,0.9049728
,2657,3,0,0.97718084
,2658,0,0,0.9973192
,2658,1,1,0.91434735
,2658,2,2,1.0
,2658,3,0,0.9069982
,2659,0,0,0.9973192
,2659,1,1,0.7822302
,2659,2,0,0.7718797
,2659,3,2,0.967979
,2660,0,0,0.9973192
,2660,1,2,1.0
,2660,2,0,0.95095056
,2660,3,1,0.9848363
,2661,0,0,0.9973192
,2661,1,1,0.98598814
,2661,2,0,0.9659733
,2661,3,2,1.0
,2662,0,0,0.9973192
,2662,1,2,1.0
,2662,2,0,0.89903516
,2662,3,0,0.7849427
,2663,0,0,0.9973191
,2663,1,1,0.98598814
,2663,2,2,1.0
,2663,3,0,0.9683368
,2664,0,0,0.99731874
,2664,1,2,1.0
,2664,2,1,0.9859881
,2664,3,0,0.99336416
,2665,0,0,0.99731535
,2665,1,1,0.9893837
,2665,2,2,1.0
,2665,3,0,0.9967795
,2666,0,0,0.9972906
,2666,1,3,1.0
,2666,2,1,0.9049728
,2666,3,0,0.99724567
,2667,0,0,0.99710894
,2667,1,1,0.9500134
,2667,2,2,1.0
,2667,3,0,0.99730927
,2668,0,0,0.99577785
,2668,1,2,1.0
,2668,2,1,0.9049728
,2668,3,0,0.9973179
,2669,0,0,0.98602426
,2669,1,0,0.7831344
,2669,2,2,1.0
,2669,3,0,0.9973191
,2670,0,0,0.9145523
,2670,1,0,0.9659301
,2670,2,2,1.0
,2670,3,0,0.9973192
,2671,0,2,1.0
,2671,1,0,0.98957235
,2671,2,1,0.9859881
,2671,3,0,0.9973192
,2672,0,1,0.9049728
,2672,1,0,0.98324865
,2672,2,2,1.0
,2672,3,0,0.9973192
,2673,0,2,1.0
,2673,1,0,0.9124042
,2673,2,0,0.69806474
,2673,3,0,0.9973192
,2674,0,1,0.9049728
,2674,1,2,1.0
,2674,2,0,0.85270685
,2674,3,0,0.9973192
,2675,0,2,1.0
,2675,1,0,0.7718797
,2675,2,0,0.8111973
,2675,3,0,0.9973192
,2676,0,1,0.98598814
,2676,1,0,0.95095056
,2676,2,2,0.9923095
,2676,3,0,0.9973192
,2677,0,2,1.0
,2677,1,0,0.9659733
,2677,2,1,0.90355074
,2677,3,0,0.9973192
,2678,0,0,0.7718797
,2678,1,0,0.89903504
,2678,2,2,1.0
,2678,3,0,0.9973192
,2679,0,0,0.95095056
,2679,1,2,1.0
,2679,2,1,0.9859881
,2679,3,0,0.9973192
,2680,0,0,0.9659733
,2680,1,1,0.9049728
,2680,2,2,1.0
,2680,3,0,0.9973192
,2681,0,0,0.89903504
,2681,1,2,1.0
,2681,2,0,0.76806915
,2681,3,0,0.9973192
,2682,0,2,1.0
,2682,1,1,0.98598814
,2682,2,0,0.94587916
,2682,3,0,0.9973192
,2683,0,1,0.9265387
,2683,1,2,0.9999994
,2683,2,0,0.9579834
,2683,3,0,0.9973192
,2684,0,3,1.0
,2684,1,1,0.91434723
,2684,2,0,0.87052315
,2684,3,0,0.9973192
,2685,0,0,0.53691614
,2685,1,1,0.78223014
,2685,2,3,1.0
,2685,3,0,0.9973192
,2686,0,0,0.78077745
,2686,1,2,1.0
,2686,2,1,0.9617892
,2686,3,0,0.9973192
,2687,0,0,0.75571513
,2687,1,0,0.7831344
,2687,2,3,1.0
,2687,3,0,0.9973192
,2688,0,2,1.0
,2688,1,0,0.9659301
,2688,2,1,0.7200522
,2688,3,0,0.9973192
,2689,0,1,0.9049728
,2689,1,0,0.98957235
,2689,2,2,1.0
,2689,3,0,0.9973192
,2690,0,2,1.0
,2690,1,0,0.98324865
,2690,2,1,0.9049728
,2690,3,0,0.9973192
,2691,0,1,0.590954
,2691,1,0,0.9124042
,2691,2,2,1.0
,2691,3,0,0.9973192
,2692,0,1,0.5319616
,2692,1,2,1.0
,2692,2,0,0.78313434
,2692,3,0,0.9973191
,2693,0,2,1.0
,2693,1,1,0.9049728
,2693,2,0,0.96593
,2693,3,0,0.99731874
,2694,0,1,0.9049728
,2694,1,2,1.0
,2694,2,0,0.98957247
,2694,3,0,0.99731535
,2695,0,2,1.0
,2695,1,1,0.9049728
,2695,2,0,0.98324853
,2695,3,0,0.9972906
,2696,0,0,0.7849421
,2696,1,2,1.0
,2696,2,0,0.9124042
,2696,3,0,0.99710894
,2697,0,0,0.968336
,2697,1,1,0.9893837
,2697,2,2,1.0
,2697,3,0,0.99577785
,2698,0,0,0.99336284
,2698,1,3,1.0
,2698,2,1,0.9049728
,2698,3,0,0.98602426
,2699,0,0,0.99677473
,2699,1,1,0.7424784
,2699,2,2,1.0
,2699,3,0,0.9145523
,2700,0,0,0.99721605
,2700,1,1,0.6492237
,2700,2,1,0.59095395
,2700,3,2,1.0
,2701,0,0,0.997098
,2701,1,2,1.0
,2701,2,1,0.53196156
,2701,3,1,0.91434735
,2702,0,0,0.9957757
,2702,1,0,0.7849419
,2702,2,2,1.0
,2702,3,1,0.7822302
,2703,0,0,0.9860233
,2703,1,0,0.96833575
,2703,2,1,0.9049728
,2703,3,2,1.0
,2704,0,0,0.9145515
,2704,1,0,0.99336237
,2704,2,2,1.0
,2704,3,1,0.59095407
,2705,0,2,1.0
,2705,1,0,0.9967735
,2705,2,1,0.91434735
,2705,3,1,0.5319617
,2706,0,0,0.77187955
,2706,1,0,0.9972074
,2706,2,1,0.7822302
,2706,3,2,0.9999989
,2707,0,0,0.95095056
,2707,1,0,0.99703515
,2707,2,2,1.0
,2707,3,1,0.90497255
,2708,0,0,0.9659733
,2708,1,0,0.9953161
,2708,2,1,0.9859881
,2708,3,2,1.0
,2709,0,0,0.89903504
,2709,1,0,0.9826569
,2709,2,2,0.9999995
,2709,3,0,0.7849427
,2710,0,2,1.0
,2710,1,0,0.8898847
,2710,2,1,0.76153004
,2710,3,0,0.9683368
,2711,0,1,0.9049728
,2711,1,3,1.0
,2711,2,0,0.6472837
,2711,3,0,0.99336416
,2712,0,2,1.0
,2712,1,0,0.53691614
,2712,2,0,0.6524066
,2712,3,0,0.9967795
,2713,0,1,0.9265387
,2713,1,0,0.78077745
,2713,2,2,1.0
,2713,3,0,0.99724567
,2714,0,3,1.0
,2714,1,0,0.75571513
,2714,2,1,0.59095407
,2714,3,0,0.99730927
,2715,0,0,0.53691614
,2715,1,2,1.0
,2715,2,1,0.5319617
,2715,3,0,0.9973179
,2716,0,0,0.78077734
,2716,1,1,0.9049728
,2716,2,2,1.0
,2716,3,0,0.9973191
,2717,0,0,0.75571513
,2717,1,2,1.0
,2717,2,1,0.7615302
,2717,3,0,0.9973192
,2718,0,2,1.0
,2718,1,1,0.9049728
,2718,2,0,0.6472837
,2718,3,0,0.9973192
,2719,0,0,0.77187955
,2719,1,2,1.0
,2719,2,0,0.6524066
,2719,3,0,0.9973192
,2720,0,0,0.95095056
,2720,1,1,0.9049728
,2720,2,2,1.0
,2720,3,0,0.9973192
,2721,0,0,0.9659733
,2721,1,2,1.0
,2721,2,1,0.9049728
,2721,3,0,0.9973192
,2722,0,0,0.89903504
,2722,1,1,0.590954
,2722,2,2,1.0
,2722,3,0,0.9973192
,2723,0,2,1.0
,2723,1,1,0.53196156
,2723,2,1,0.59095395
,2723,3,0,0.9973192
,2724,0,1,0.76153016
,2724,1,2,1.0
,2724,2,1,0.5319617
,2724,3,0,0.9973192
,2725,0,0,0.6472836
,2725,1,1,0.9049728
,2725,2,2,1.0
,2725,3,0,0.9973192
,2726,0,0,0.6524066
,2726,1,2,1.0
,2726,2,1,0.59095395
,2726,3,0,0.9973192
,2727,0,2,1.0
,2727,1,1,0.91434735
,2727,2,1,0.5319617
,2727,3,0,0.9973192
,2728,0,0,0.78313434
,2728,1,1,0.7822302
,2728,2,2,1.0
,2728,3,0,0.9973192
,2729,0,0,0.9659301
,2729,1,2,1.0
,2729,2,1,0.9049728
,2729,3,0,0.9973192
,2730,0,0,0.98957235
,2730,1,1,0.9049728
,2730,2,2,0.9999957
,2730,3,0,0.9973192
,2731,0,0,0.98324865
,2731,1,2,1.0
,2731,2,1,0.9859881
,2731,3,0,0.9973192
,2732,0,0,0.9124042
,2732,1,1,0.91434735
,2732,2,2,1.0
,2732,3,0,0.9973192
,2733,0,2,1.0
,2733,1,1,0.7822302
,2733,2,0,0.69823617
,2733,3,0,0.9973192
,2734,0,1,0.98598814
,2734,1,2,1.0
,2734,2,0,0.8529352
,2734,3,0,0.9973192
,2735,0,2,1.0
,2735,1,1,0.590954
,2735,2,0,0.8115569
,2735,3,0,0.9973192
,2736,0,0,0.78494257
,2736,1,1,0.53196156
,2736,2,2,1.0
,2736,3,0,0.9973192
,2737,0,0,0.9683367
,2737,1,2,1.0
,2737,2,1,0.9049728
,2737,3,0,0.9973192
,2738,0,0,0.9933639
,2738,1,1,0.98598814
,2738,2,2,1.0
,2738,3,0,0.9973192
,2739,0,0,0.99677867
,2739,1,2,1.0
,2739,2,1,0.9049728
,2739,3,0,0.9973192
,2740,0,0,0.9972404
,2740,1,1,0.98598814
,2740,2,2,1.0
,2740,3,0,0.9973192
,2741,0,0,0.99727184
,2741,1,2,1.0
,2741,2,1,0.9859881
,2741,3,0,0.9973192
,2742,0,0,0.99704474
,2742,1,1,0.98598814
,2742,2,2,1.0
,2742,3,0,0.9973192
,2743,0,0,0.9953182
,2743,1,2,1.0
,2743,2,1,0.9893837
,2743,3,0,0.9973192
,2744,0,0,0.9826579
,2744,1,1,0.98598814
,2744,2,3,1.0
,2744,3,0,0.9973192
,2745,0,0,0.8898855
,2745,1,2,0.99999976
,2745,2,0,0.644064
,2745,3,0,0.9973192
,2746,0,3,1.0
,2746,1,1,0.98598814
,2746,2,0,0.945683
,2746,3,0,0.9973192
,2747,0,1,0.9500134
,2747,1,2,1.0
,2747,2,0,0.98554265
,2747,3,0,0.9973192
,2748,0,2,1.0
,2748,1,1,0.9049728
,2748,2,0,0.981446
,2748,3,0,0.9973192
,2749,0,0,0.7849427
,2749,1,2,1.0
,2749,2,0,0.91100913
,2749,3,0,0.9973192
,2750,0,0,0.9683368
,2750,1,1,0.98598814
,2750,2,2,1.0
,2750,3,0,0.9973191
,2751,0,0,0.99336416
,2751,1,2,1.0
,2751,2,1,0.9859881
,2751,3,0,0.99731874
,2752,0,0,0.9967795
,2752,1,1,0.98598814
,2752,2,2,1.0
,2752,3,0,0.99731535
,2753,0,0,0.99724567
,2753,1,2,1.0
,2753,2,1,0.9049728
,2753,3,0,0.9972906
,2754,0,0,0.99730927
,2754,1,1,0.98598814
,2754,2,2,1.0
,2754,3,0,0.99710894
,2755,0,0,0.9973179
,2755,1,2,1.0
,2755,2,1,0.9859881
,2755,3,0,0.99577785
,2756,0,0,0.9973191
,2756,1,1,0.9049728
,2756,2,2,1.0
,2756,3,0,0.98602426
,2757,0,0,0.9973192
,2757,1,2,1.0
,2757,2,1,0.91434735
,2757,3,0,0.9145523
,2758,0,0,0.9973192
,2758,1,1,0.590954
,2758,2,1,0.7822302
,2758,3,2,1.0
,2759,0,0,0.9973192
,2759,1,1,0.53196156
,2759,2,2,1.0
,2759,3,0,0.7849427
,2760,0,0,0.9973192
,2760,1,2,1.0
,2760,2,1,0.9049728
,2760,3,0,0.9683368
,2761,0,0,0.9973191
,2761,1,1,0.9049728
,2761,2,2,1.0
,2761,3,0,0.99336416
,2762,0,0,0.99731874
,2762,1,2,1.0
,2762,2,1,0.9049728
,2762,3,0,0.9967795
,2763,0,0,0.99731535
,2763,1,1,0.9049728
,2763,2,2,1.0
,2763,3,0,0.99724567
,2764,0,0,0.9972906
,2764,1,2,1.0
,2764,2,1,0.9049728
,2764,3,0,0.99730927
,2765,0,0,0.99710894
,2765,1,1,0.9049728
,2765,2,2,1.0
,2765,3,0,0.9973179
,2766,0,0,0.99577785
,2766,1,2,0.99999905
,2766,2,1,0.9049728
,2766,3,0,0.9973191
,2767,0,0,0.98602426
,2767,1,1,0.9049727
,2767,2,2,1.0
,2767,3,0,0.9973192
,2768,0,0,0.9145523
,2768,1,2,1.0
,2768,2,0,0.7846955
,2768,3,0,0.9973192
,2769,0,2,1.0
,2769,1,1,0.98598814
,2769,2,0,0.96800786
,2769,3,0,0.9973192
,2770,0,1,0.9049728
,2770,1,2,1.0
,2770,2,0,0.9928457
,2770,3,0,0.9973192
,2771,0,2,1.0
,2771,1,1,0.9049728
,2771,2,0,0.9949293
,2771,3,0,0.9973192
,2772,0,1,0.9049728
,2772,1,2,1.0
,2772,2,0,0.98564464
,2772,3,0,0.9973192
,2773,0,2,1.0
,2773,1,1,0.590954
,2773,2,0,0.9142586
,2773,3,0,0.9973192
,2774,0,0,0.7831344
,2774,1,1,0.53196156
,2774,2,2,1.0
,2774,3,0,0.9973192
,2775,0,0,0.9659301
,2775,1,2,1.0
,2775,2,1,0.9049728
,2775,3,0,0.9973192
,2776,0,0,0.98957235
,2776,1,1,0.9049728
,2776,2,2,1.0
,2776,3,0,0.9973192
,2777,0,0,0.98324865
,2777,1,2,1.0
,2777,2,1,0.9049728
,2777,3,0,0.9973192
,2778,0,0,0.9124042
,2778,1,1,0.91434735
,2778,2,2,1.0
,2778,3,0,0.9973192
,2779,0,2,1.0
,2779,1,1,0.7822302
,2779,2,1,0.59095395
,2779,3,0,0.9973192
,2780,0,0,0.7849427
,2780,1,2,1.0
,2780,2,1,0.53196156
,2780,3,0,0.9973192
,2781,0,0,0.9683368
,2781,1,1,0.98598814
,2781,2,2,1.0
,2781,3,0,0.9973192
,2782,0,0,0.99336416
,2782,1,2,1.0
,2782,2,1,0.9049728
,2782,3,0,0.9973192
,2783,0,0,0.9967795
,2783,1,1,0.98598814
,2783,2,2,1.0
,2783,3,0,0.9973192
,2784,0,0,0.99724567
,2784,1,2,1.0
,2784,2,1,0.9049728
,2784,3,0,0.9973192
,2785,0,0,0.99730927
,2785,1,1,0.9049729
,2785,2,2,1.0
,2785,3,0,0.9973192
,2786,0,0,0.9973179
,2786,1,2,0.9999988
,2786,2,1,0.9049756
,2786,3,0,0.9973192
,2787,0,0,0.9973191
,2787,1,1,0.90497255
,2787,2,2,0.9998715
,2787,3,0,0.9973192
,2788,0,0,0.9973192
,2788,1,2,1.0
,2788,2,1,0.9265191
,2788,3,0,0.9973192
,2789,0,0,0.9973192
,2789,1,1,0.9049728
,2789,2,3,1.0
,2789,3,0,0.9973192
,2790,0,0,0.9973192
,2790,1,2,1.0
,2790,2,1,0.9500133
,2790,3,0,0.9973192
,2791,0,0,0.9973192
,2791,1,1,0.9050016
,2791,2,2,1.0
,2791,3,0,0.9973192
,2792,0,0,0.9973192
,2792,1,2,0.9986662
,2792,2,1,0.9049728
,2792,3,0,0.9973192
,2793,0,0,0.9973192
,2793,1,1,0.9859402
,2793,2,2,1.0
,2793,3,0,0.9973192
,2794,0,0,0.9973192
,2794,1,2,1.0
,2794,2,1,0.9049728
,2794,3,0,0.9973192
,2795,0,0,0.9973192
,2795,1,1,0.9049728
,2795,2,2,1.0
,2795,3,0,0.9973191
,2796,0,0,0.9973192
,2796,1,2,1.0
,2796,2,1,0.9265387
,2796,3,0,0.99731874
,2797,0,0,0.9973192
,2797,1,1,0.9049728
,2797,2,3,1.0
,2797,3,0,0.99731535
,2798,0,0,0.9973192
,2798,1,2,1.0
,2798,2,1,0.9500133
,2798,3,0,0.9972906
,2799,0,0,0.9973192
,2799,1,1,0.9049728
,2799,2,2,1.0
,2799,3,0,0.99710894
,2800,0,0,0.9973192
,2800,1,2,1.0
,2800,2,1,0.9049728
,2800,3,0,0.99577785
,2801,0,0,0.9973192
,2801,1,1,0.98598814
,2801,2,2,1.0
,2801,3,0,0.98602426
,2802,0,0,0.9973192
,2802,1,2,1.0
,2802,2,0,0.7718797
,2802,3,0,0.9145523
,2803,0,0,0.9973192
,2803,1,1,0.9049728
,2803,2,0,0.95095056
,2803,3,2,1.0
,2804,0,0,0.9973192
,2804,1,2,1.0
,2804,2,0,0.9659733
,2804,3,1,0.9049728
,2805,0,0,0.9973192
,2805,1,1,0.590954
,2805,2,0,0.89903516
,2805,3,2,1.0
,2806,0,0,0.9973192
,2806,1,1,0.53196156
,2806,2,2,1.0
,2806,3,0,0.7849427
,2807,0,0,0.9973192
,2807,1,2,1.0
,2807,2,1,0.9049728
,2807,3,0,0.9683368
,2808,0,0,0.9973192
,2808,1,1,0.9049728
,2808,2,2,1.0
,2808,3,0,0.99336416
,2809,0,0,0.9973192
,2809,1,2,1.0
,2809,2,1,0.9049728
,2809,3,0,0.9967795
,2810,0,0,0.9973192
,2810,1,1,0.98598814
,2810,2,2,1.0
,2810,3,0,0.99724567
,2811,0,0,0.9973192
,2811,1,2,1.0
,2811,2,1,0.9049764
,2811,3,0,0.99730927
,2812,0,0,0.9973192
,2812,1,1,0.9049729
,2812,2,2,0.99983025
,2812,3,0,0.9973179
,2813,0,0,0.9973192
,2813,1,2,0.99999535
,2813,2,1,0.98598194
,2813,3,0,0.9973191
,2814,0,0,0.9973192
,2814,1,1,0.9049719
,2814,2,2,1.0
,2814,3,0,0.9973192
,2815,0,0,0.9973192
,2815,1,2,1.0
,2815,2,1,0.9859881
,2815,3,0,0.9973192
,2816,0,0,0.9973192
,2816,1,1,0.904973
,2816,2,2,1.0
,2816,3,0,0.9973192
,2817,0,0,0.9973192
,2817,1,2,0.9999938
,2817,2,1,0.9859881
,2817,3,0,0.9973192
,2818,0,0,0.9973191
,2818,1,1,0.9859881
,2818,2,2,1.0
,2818,3,0,0.9973192
,2819,0,0,0.99731874
,2819,1,2,0.99998057
,2819,2,1,0.9049728
,2819,3,0,0.9973192
,2820,0,0,0.99731535
,2820,1,1,0.9859875
,2820,2,2,0.9999993
,2820,3,0,0.9973192
,2821,0,0,0.9972906
,2821,1,2,1.0
,2821,2,1,0.9859881
,2821,3,0,0.9973192
,2822,0,0,0.99710894
,2822,1,1,0.98598814
,2822,2,2,1.0
,2822,3,0,0.9973191
,2823,0,0,0.99577785
,2823,1,2,1.0
,2823,2,1,0.9049728
,2823,3,0,0.99731874
,2824,0,0,0.98602426
,2824,1,1,0.98598814
,2824,2,2,1.0
,2824,3,0,0.99731535
,2825,0,0,0.9145523
,2825,1,2,1.0
,2825,2,1,0.5911625
,2825,3,0,0.9972906
,2826,0,2,1.0
,2826,1,1,0.590954
,2826,2,1,0.5322391
,2826,3,0,0.99710894
,2827,0,0,0.7849427
,2827,1,1,0.53196156
,2827,2,2,0.995971
,2827,3,0,0.99577785
,2828,0,0,0.9683368
,2828,1,2,1.0
,2828,2,1,0.90422785
,2828,3,0,0.98602426
,2829,0,0,0.99336416
,2829,1,1,0.91434735
,2829,2,2,1.0
,2829,3,0,0.9145523
,2830,0,0,0.9967795
,2830,1,1,0.7822302
,2830,2,1,0.59095395
,2830,3,2,1.0
,2831,0,0,0.99724567
,2831,1,2,1.0
,2831,2,1,0.5319617
,2831,3,0,0.7849381
,2832,0,0,0.99730927
,2832,1,1,0.9049728
,2832,2,2,1.0
,2832,3,0,0.9683307
,2833,0,0,0.9973179
,2833,1,2,1.0
,2833,2,1,0.9049728
,2833,3,0,0.99335444
,2834,0,0,0.9973191
,2834,1,1,0.9265387
,2834,2,2,1.0
,2834,3,0,0.99674505
,2835,0,0,0.9973192
,2835,1,3,1.0
,2835,2,1,0.9049728
,2835,3,0,0.9970294
,2836,0,0,0.9973192
,2836,1,1,0.9500134
,2836,2,2,1.0
,2836,3,0,0.99576205
,2837,0,0,0.9973192
,2837,1,2,1.0
,2837,2,1,0.9049728
,2837,3,0,0.9860172
,2838,0,0,0.9973192
,2838,1,1,0.590954
,2838,2,2,1.0
,2838,3,0,0.9145468
,2839,0,0,0.9973192
,2839,1,1,0.53196156
,2839,2,1,0.59095395
,2839,3,2,1.0
,2840,0,0,0.9973192
,2840,1,2,1.0
,2840,2,1,0.53196156
,2840,3,0,0.7849427
,2841,0,0,0.9973192
,2841,1,1,0.98598814
,2841,2,2,1.0
,2841,3,0,0.9683368
,2842,0,0,0.9973191
,2842,1,2,1.0
,2842,2,1,0.9049728
,2842,3,0,0.99336416
,2843,0,0,0.9973185
,2843,1,1,0.9049728
,2843,2,2,1.0
,2843,3,0,0.9967795
,2844,0,0,0.99731416
,2844,1,2,1.0
,2844,2,1,0.9859881
,2844,3,0,0.99724567
,2845,0,0,0.997282
,2845,1,1,0.9265387
,2845,2,2,1.0
,2845,3,0,0.99730927
,2846,0,0,0.9970462
,2846,1,3,1.0
,2846,2,1,0.9265387
,2846,3,0,0.9973179
,2847,0,0,0.9953184
,2847,1,1,0.9500134
,2847,2,3,1.0
,2847,3,0,0.9973191
,2848,0,0,0.98265815
,2848,1,2,0.9999976
,2848,2,1,0.9500133
,2848,3,0,0.9973192
,2849,0,0,0.88988566
,2849,1,1,0.9300286
,2849,2,2,1.0
,2849,3,0,0.9973192
,2850,0,3,1.0
,2850,1,1,0.82630515
,2850,2,0,0.6759392
,2850,3,0,0.9973192
,2851,0,1,0.72005224
,2851,1,3,1.0
,2851,2,0,0.8232592
,2851,3,0,0.9973192
,2852,0,2,1.0
,2852,1,1,0.7424784
,2852,2,0,0.7648043
,2852,3,0,0.9973192
,2853,0,1,0.6693604
,2853,1,1,0.6492237
,2853,2,3,1.0
,2853,3,0,0.9973192
,2854,0,0,0.90633947
,2854,1,2,1.0
,2854,2,1,0.9500133
,2854,3,0,0.9973192
,2855,0,0,0.9849035
,2855,1,1,0.9049728
,2855,2,2,1.0
,2855,3,0,0.9973192
,2856,0,0,0.99562496
,2856,1,2,1.0
,2856,2,1,0.9265387
,2856,3,0,0.9973192
,2857,0,0,0.9970879
,2857,1,1,0.9049728
,2857,2,3,1.0
,2857,3,0,0.9973192
,2858,0,0,0.99728715
,2858,1,2,1.0
,2858,2,1,0.7200522
,2858,3,0,0.9973192
,2859,0,0,0.99731106
,2859,1,1,0.9049728
,2859,2,2,1.0
,2859,3,0,0.9973192
,2860,0,0,0.99729
,2860,1,2,1.0
,2860,2,1,0.9049728
,2860,3,0,0.9973191
,2861,0,0,0.9971088
,2861,1,1,0.9049728
,2861,2,2,1.0
,2861,3,0,0.99731874
,2862,0,0,0.99577785
,2862,1,2,1.0
,2862,2,1,0.9859881
,2862,3,0,0.99731535
,2863,0,0,0.98602426
,2863,1,1,0.9049728
,2863,2,2,1.0
,2863,3,0,0.9972906
,2864,0,0,0.9145523
,2864,1,2,1.0
,2864,2,1,0.91434735
,2864,3,0,0.99710894
,2865,0,2,1.0
,2865,1,1,0.91434735
,2865,2,1,0.7822302
,2865,3,0,0.99577785
,2866,0,0,0.7849427
,2866,1,1,0.7822302
,2866,2,2,1.0
,2866,3,0,0.98602426
,2867,0,0,0.9683368
,2867,1,2,1.0
,2867,2,0,0.69823617
,2867,3,0,0.9145523
,2868,0,0,0.99336416
,2868,1,1,0.9049728
,2868,2,0,0.8529352
,2868,3,2,1.0
,2869,0,0,0.9967795
,2869,1,2,1.0
,2869,2,0,0.8115569
,2869,3,1,0.6859053
,2870,0,0,0.99724567
,2870,1,1,0.9049728
,2870,2,2,1.0
,2870,3,0,0.85983795
,2871,0,0,0.99730927
,2871,1,2,1.0
,2871,2,1,0.9049728
,2871,3,0,0.9252189
,2872,0,0,0.9973179
,2872,1,1,0.590954
,2872,2,2,1.0
,2872,3,0,0.86749595
,2873,0,0,0.9973191
,2873,1,1,0.53196156
,2873,2,0,0.69823635
,2873,3,2,1.0
,2874,0,0,0.9973192
,2874,1,2,1.0
,2874,2,0,0.8529352
,2874,3,1,0.9049728
,2875,0,0,0.9973192
,2875,1,1,0.590954
,2875,2,0,0.8115569
,2875,3,2,1.0
,2876,0,0,0.9973192
,2876,1,1,0.53196156
,2876,2,2,1.0
,2876,3,0,0.7849427
,2877,0,0,0.9973192
,2877,1,2,1.0
,2877,2,1,0.9049728
,2877,3,0,0.9683368
,2878,0,0,0.9973192
,2878,1,1,0.9049728
,2878,2,2,1.0
,2878,3,0,0.99336416
,2879,0,0,0.9973192
,2879,1,2,1.0
,2879,2,1,0.9049728
,2879,3,0,0.9967795
,2880,0,0,0.9973192
,2880,1,1,0.9049728
,2880,2,2,1.0
,2880,3,0,0.99724567
,2881,0,0,0.9973192
,2881,1,2,1.0
,2881,2,1,0.9049728
,2881,3,0,0.99730927
,2882,0,0,0.9973192
,2882,1,1,0.98598814
,2882,2,2,1.0
,2882,3,0,0.9973179
,2883,0,0,0.9973192
,2883,1,2,1.0
,2883,2,1,0.9049728
,2883,3,0,0.9973191
,2884,0,0,0.9973192
,2884,1,1,0.9049728
,2884,2,2,1.0
,2884,3,0,0.9973192
,2885,0,0,0.9973192
,2885,1,2,1.0
,2885,2,1,0.9049728
,2885,3,0,0.9973192
,2886,0,0,0.9973192
,2886,1,1,0.9049728
,2886,2,2,1.0
,2886,3,0,0.9973192
,2887,0,0,0.9973192
,2887,1,2,1.0
,2887,2,1,0.9049728
,2887,3,0,0.9973192
,2888,0,0,0.9973192
,2888,1,1,0.9049728
,2888,2,2,1.0
,2888,3,0,0.9973192
,2889,0,0,0.9973192
,2889,1,2,1.0
,2889,2,1,0.9050233
,2889,3,0,0.9973192
,2890,0,0,0.9973192
,2890,1,1,0.9049728
,2890,2,2,0.9976615
,2890,3,0,0.9973192
,2891,0,0,0.9973192
,2891,1,2,1.0
,2891,2,1,0.98590416
,2891,3,0,0.9973192
,2892,0,0,0.9973192
,2892,1,1,0.9049728
,2892,2,2,1.0
,2892,3,0,0.9973192
,2893,0,0,0.9973192
,2893,1,2,1.0
,2893,2,1,0.9049728
,2893,3,0,0.9973191
,2894,0,0,0.9973192
,2894,1,1,0.98598814
,2894,2,2,1.0
,2894,3,0,0.9973185
,2895,0,0,0.9973192
,2895,1,2,1.0
,2895,2,1,0.9049728
,2895,3,0,0.99731416
,2896,0,0,0.9973192
,2896,1,1,0.98598814
,2896,2,2,1.0
,2896,3,0,0.997282
,2897,0,0,0.9973192
,2897,1,2,1.0
,2897,2,1,0.9049728
,2897,3,0,0.9970462
,2898,0,0,0.9973192
,2898,1,1,0.98598814
,2898,2,2,1.0
,2898,3,0,0.9953184
,2899,0,0,0.9973192
,2899,1,2,1.0
,2899,2,1,0.9049728
,2899,3,0,0.98265815
,2900,0,0,0.9973192
,2900,1,1,0.590954
,2900,2,2,1.0
,2900,3,0,0.88988566
,2901,0,0,0.9973192
,2901,1,1,0.53196156
,2901,2,1,0.59095407
,2901,3,3,1.0
,2902,0,0,0.9973192
,2902,1,2,1.0
,2902,2,1,0.5319617
,2902,3,0,0.5110465
,2903,0,0,0.9973192
,2903,1,1,0.9049728
,2903,2,2,0.9999993
,2903,3,0,0.74096286
,2904,0,0,0.9973192
,2904,1,2,1.0
,2904,2,1,0.91434735
,2904,3,0,0.7002259
,2905,0,0,0.9973192
,2905,1,1,0.590954
,2905,2,1,0.7822304
,2905,3,3,1.0
,2906,0,0,0.9973192
,2906,1,1,0.53196156
,2906,2,2,0.9999933
,2906,3,1,0.7424784
,2907,0,0,0.9973192
,2907,1,2,1.0
,2907,2,1,0.9143462
,2907,3,1,0.6492237
,2908,0,0,0.9973192
,2908,1,1,0.590954
,2908,2,1,0.7822293
,2908,3,2,1.0
,2909,0,0,0.9973192
,2909,1,1,0.53196156
,2909,2,2,1.0
,2909,3,0,0.7849427
,2910,0,0,0.9973192
,2910,1,2,1.0
,2910,2,1,0.9859881
,2910,3,0,0.9683368
,2911,0,0,0.9973192
,2911,1,1,0.9049728
,2911,2,2,1.0
,2911,3,0,0.99336416
,2912,0,0,0.9973192
,2912,1,2,1.0
,2912,2,1,0.9049728
,2912,3,0,0.9967795
,2913,0,0,0.9973192
,2913,1,1,0.9049728
,2913,2,2,1.0
,2913,3,0,0.99724567
,2914,0,0,0.9973192
,2914,1,2,1.0
,2914,2,1,0.9049728
,2914,3,0,0.99730927
,2915,0,0,0.9973192
,2915,1,1,0.9049728
,2915,2,2,1.0
,2915,3,0,0.9973179
,2916,0,0,0.9973192
,2916,1,2,1.0
,2916,2,1,0.9049728
,2916,3,0,0.997319
,2917,0,0,0.9973192
,2917,1,1,0.9049728
,2917,2,2,1.0
,2917,3,0,0.9973191
,2918,0,0,0.9973192
,2918,1,2,1.0
,2918,2,1,0.9049728
,2918,3,0,0.9973185
,2919,0,0,0.9973192
,2919,1,1,0.9049728
,2919,2,2,1.0
,2919,3,0,0.9973144
,2920,0,0,0.9973192
,2920,1,2,1.0
,2920,2,1,0.9049728
,2920,3,0,0.9972836
,2921,0,0,0.9973192
,2921,1,1,0.9049728
,2921,2,2,1.0
,2921,3,0,0.99705786
,2922,0,0,0.9973192
,2922,1,2,1.0
,2922,2,1,0.9049728
,2922,3,0,0.9954035
,2923,0,0,0.9973192
,2923,1,1,0.9049729
,2923,2,2,1.0
,2923,3,0,0.9832807
,2924,0,0,0.9973192
,2924,1,2,0.99999857
,2924,2,0,0.7718797
,2924,3,0,0.8944485
,2925,0,0,0.9973192
,2925,1,1,0.98598814
,2925,2,0,0.95095056
,2925,3,3,0.81501824
,2926,0,0,0.9973192
,2926,1,2,0.99999464
,2926,2,0,0.9659733
,2926,3,1,0.75425917
,2927,0,0,0.9973192
,2927,1,1,0.7615286
,2927,2,0,0.89903516
,2927,3,2,1.0
,2928,0,0,0.9973192
,2928,1,0,0.6472844
,2928,2,2,1.0
,2928,3,1,0.9049728
,2929,0,0,0.9973191
,2929,1,0,0.6524071
,2929,2,1,0.59095407
,2929,3,2,1.0
,2930,0,0,0.99731874
,2930,1,2,1.0
,2930,2,1,0.53196156
,2930,3,1,0.91434735
,2931,0,0,0.99731535
,2931,1,1,0.590954
,2931,2,2,1.0
,2931,3,1,0.7822302
,2932,0,0,0.9972906
,2932,1,1,0.5319616
,2932,2,1,0.59095407
,2932,3,2,1.0
,2933,0,0,0.99710894
,2933,1,2,1.0
,2933,2,1,0.53196156
,2933,3,0,0.784909
,2934,0,0,0.99577785
,2934,1,1,0.9049728
,2934,2,2,1.0
,2934,3,0,0.96829194
,2935,0,0,0.98602426
,2935,1,2,0.9999999
,2935,2,1,0.9049728
,2935,3,0,0.99329334
,2936,0,0,0.9145523
,2936,1,1,0.76153016
,2936,2,2,1.0
,2936,3,0,0.9965269
,2937,0,2,1.0
,2937,1,0,0.6472837
,2937,2,1,0.9049728
,2937,3,0,0.995662
,2938,0,1,0.6693604
,2938,1,0,0.6524066
,2938,2,2,1.0
,2938,3,0,0.9859725
,2939,0,0,0.90633947
,2939,1,2,1.0
,2939,2,1,0.6427074
,2939,3,0,0.91451216
,2940,0,0,0.9849035
,2940,1,1,0.5909596
,2940,2,1,0.6008424
,2940,3,2,1.0
,2941,0,0,0.99562496
,2941,1,1,0.53196883
,2941,2,3,1.0
,2941,3,0,0.7831344
,2942,0,0,0.997088
,2942,1,2,0.99989426
,2942,2,1,0.72005236
,2942,3,0,0.9659301
,2943,0,0,0.99728775
,2943,1,1,0.9859844
,2943,2,2,1.0
,2943,3,0,0.98957235
,2944,0,0,0.997315
,2944,1,2,1.0
,2944,2,1,0.9859881
,2944,3,0,0.98324865
,2945,0,0,0.9973186
,2945,1,1,0.59095407
,2945,2,2,1.0
,2945,3,0,0.9124042
,2946,0,0,0.9973191
,2946,1,1,0.53196156
,2946,2,1,0.59095395
,2946,3,2,1.0
,2947,0,0,0.9973192
,2947,1,2,1.0
,2947,2,1,0.53196156
,2947,3,1,0.590954
,2948,0,0,0.9973192
,2948,1,1,0.91434735
,2948,2,2,1.0
,2948,3,1,0.5319616
,2949,0,0,0.9973192
,2949,1,1,0.7822302
,2949,2,1,0.91434735
,2949,3,2,1.0
,2950,0,0,0.9973192
,2950,1,2,1.0
,2950,2,1,0.7822302
,2950,3,1,0.91434735
,2951,0,0,0.9973192
,2951,1,1,0.76153016
,2951,2,2,1.0
,2951,3,1,0.7822302
,2952,0,0,0.9973192
,2952,1,0,0.6472836
,2952,2,1,0.9049728
,2952,3,2,1.0
,2953,0,0,0.9973192
,2953,1,0,0.6524066
,2953,2,2,1.0
,2953,3,0,0.69823617
,2954,0,0,0.9973192
,2954,1,2,1.0
,2954,2,1,0.9859881
,2954,3,0,0.8529352
,2955,0,0,0.9973192
,2955,1,0,0.69823617
,2955,2,2,1.0
,2955,3,0,0.8115568
,2956,0,0,0.9973192
,2956,1,0,0.8529352
,2956,2,1,0.9049728
,2956,3,2,1.0
,2957,0,0,0.9973192
,2957,1,0,0.8115568
,2957,2,2,1.0
,2957,3,1,0.76153016
,2958,0,0,0.9973192
,2958,1,2,1.0
,2958,2,1,0.904973
,2958,3,0,0.6472837
,2959,0,0,0.9973192
,2959,1,0,0.6982363
,2959,2,2,0.9999931
,2959,3,0,0.6524066
,2960,0,0,0.9973192
,2960,1,0,0.8529352
,2960,2,1,0.98598784
,2960,3,2,1.0
,2961,0,0,0.9973191
,2961,1,0,0.8115568
,2961,2,2,1.0
,2961,3,0,0.7831344
,2962,0,0,0.99731874
,2962,1,2,1.0
,2962,2,1,0.9049728
,2962,3,0,0.9659301
,2963,0,0,0.99731535
,2963,1,1,0.9049728
,2963,2,2,1.0
,2963,3,0,0.98957235
,2964,0,0,0.9972906
,2964,1,2,1.0
,2964,2,1,0.9049728
,2964,3,0,0.98324865
,2965,0,0,0.99710894
,2965,1,0,0.69823617
,2965,2,2,1.0
,2965,3,0,0.9124042
,2966,0,0,0.99577785
,2966,1,0,0.8529352
,2966,2,1,0.9049728
,2966,3,2,1.0
,2967,0,0,0.98602426
,2967,1,0,0.8115568
,2967,2,2,1.0
,2967,3,0,0.7849381
,2968,0,0,0.9145523
,2968,1,2,1.0
,2968,2,1,0.76153004
,2968,3,0,0.9683307
,2969,0,2,1.0
,2969,1,1,0.9049728
,2969,2,0,0.6472837
,2969,3,0,0.99335444
,2970,0,1,0.64270735
,2970,1,2,1.0
,2970,2,0,0.6524066
,2970,3,0,0.99674505
,2971,0,1,0.6008424
,2971,1,1,0.64270735
,2971,2,2,1.0
,2971,3,0,0.9970294
,2972,0,3,1.0
,2972,1,1,0.60084236
,2972,2,1,0.59095395
,2972,3,0,0.99576205
,2973,0,0,0.6465086
,2973,1,3,1.0
,2973,2,1,0.53196156
,2973,3,0,0.9860172
,2974,0,0,0.9494452
,2974,1,1,0.7424784
,2974,2,2,1.0
,2974,3,0,0.9145468
,2975,0,0,0.990786
,2975,1,1,0.6492237
,2975,2,1,0.91434735
,2975,3,2,1.0
,2976,0,0,0.9964277
,2976,1,2,1.0
,2976,2,1,0.7822302
,2976,3,0,0.7849427
,2977,0,0,0.9971976
,2977,1,1,0.9049728
,2977,2,2,1.0
,2977,3,0,0.9683368
,2978,0,0,0.9973026
,2978,1,2,1.0
,2978,2,1,0.9049728
,2978,3,0,0.99336416
,2979,0,0,0.99731684
,2979,1,1,0.9049728
,2979,2,2,1.0
,2979,3,0,0.9967795
,2980,0,0,0.9973184
,2980,1,2,1.0
,2980,2,1,0.9049728
,2980,3,0,0.99724567
,2981,0,0,0.99731535
,2981,1,1,0.9049728
,2981,2,2,1.0
,2981,3,0,0.99730927
,2982,0,0,0.9972906
,2982,1,2,1.0
,2982,2,1,0.9049728
,2982,3,0,0.9973179
,2983,0,0,0.99710894
,2983,1,1,0.9049728
,2983,2,2,1.0
,2983,3,0,0.9973191
,2984,0,0,0.99577785
,2984,1,2,1.0
,2984,2,1,0.9049728
,2984,3,0,0.9973192
,2985,0,0,0.98602426
,2985,1,1,0.9049728
,2985,2,2,1.0
,2985,3,0,0.9973192
,2986,0,0,0.9145523
,2986,1,2,1.0
,2986,2,0,0.69823617
,2986,3,0,0.9973192
,2987,0,2,1.0
,2987,1,1,0.9049728
,2987,2,0,0.8529352
,2987,3,0,0.9973192
,2988,0,0,0.7849421
,2988,1,2,1.0
,2988,2,0,0.8115569
,2988,3,0,0.9973192
,2989,0,0,0.968336
,2989,1,1,0.9049728
,2989,2,2,1.0
,2989,3,0,0.9973192
,2990,0,0,0.99336284
,2990,1,2,1.0
,2990,2,1,0.9049728
,2990,3,0,0.9973192
,2991,0,0,0.99677473
,2991,1,1,0.9049728
,2991,2,2,1.0
,2991,3,0,0.9973192
,2992,0,0,0.99721605
,2992,1,2,1.0
,2992,2,1,0.9859881
,2992,3,0,0.9973192
,2993,0,0,0.997098
,2993,1,1,0.9049728
,2993,2,2,1.0
,2993,3,0,0.9973192
,2994,0,0,0.9957757
,2994,1,2,1.0
,2994,2,1,0.90503645
,2994,3,0,0.9973192
,2995,0,0,0.9860233
,2995,1,1,0.9049728
,2995,2,2,0.99704796
,2995,3,0,0.9973192
,2996,0,0,0.9145515
,2996,1,2,1.0
,2996,2,1,0.91384
,2996,3,0,0.9973192
,2997,0,2,1.0
,2997,1,1,0.76153016
,2997,2,1,0.7818375
,2997,3,0,0.9973192
,2998,0,1,0.98598814
,2998,1,0,0.6472836
,2998,2,2,1.0
,2998,3,0,0.9973192
,2999,0,2,1.0
,2999,1,0,0.6524066
,2999,2,1,0.91434884
,2999,3,0,0.9973192
,3000,0,0,0.69823617
,3000,1,2,1.0
,3000,2,1,0.7822343
,3000,3,0,0.9973192
,3001,0,0,0.8529352
,3001,1,1,0.9049728
,3001,2,2,0.9999087
,3001,3,0,0.9973192
,3002,0,0,0.8115568
,3002,1,2,1.0
,3002,2,1,0.59092575
,3002,3,0,0.9973192
,3003,0,2,1.0
,3003,1,1,0.590954
,3003,2,1,0.53193957
,3003,3,0,0.9973192
,3004,0,1,0.590954
,3004,1,1,0.53196156
,3004,2,2,1.0
,3004,3,0,0.9973191
,3005,0,1,0.5319616
,3005,1,2,1.0
,3005,2,1,0.59095407
,3005,3,0,0.9973185
,3006,0,2,1.0
,3006,1,1,0.91434735
,3006,2,1,0.5319617
,3006,3,0,0.9973143
,3007,0,0,0.7849427
,3007,1,1,0.7822302
,3007,2,2,0.99999857
,3007,3,0,0.99728274
,3008,0,0,0.9683368
,3008,1,2,1.0
,3008,2,1,0.98598826
,3008,3,0,0.99705154
,3009,0,0,0.99336416
,3009,1,1,0.98598814
,3009,2,2,0.9999752
,3009,3,0,0.9953576
,3010,0,0,0.9967795
,3010,1,2,0.999997
,3010,2,1,0.989383
,3010,3,0,0.9829447
,3011,0,0,0.99724567
,3011,1,1,0.7684479
,3011,2,3,1.0
,3011,3,0,0.8919857
,3012,0,0,0.99730927
,3012,1,0,0.62783855
,3012,2,1,0.9500142
,3012,3,3,0.9148611
,3013,0,0,0.9973179
,3013,1,0,0.6274487
,3013,2,2,0.9999368
,3013,3,0,0.6171785
,3014,0,0,0.9973191
,3014,1,2,0.62247044
,3014,2,1,0.98598593
,3014,3,0,0.94176865
,3015,0,0,0.9973192
,3015,1,1,0.83515984
,3015,2,2,1.0
,3015,3,0,0.98476344
,3016,0,0,0.9973191
,3016,1,2,1.0
,3016,2,1,0.9049728
,3016,3,0,0.9810977
,3017,0,0,0.99731874
,3017,1,1,0.590954
,3017,2,2,1.0
,3017,3,0,0.91073954
,3018,0,0,0.99731535
,3018,1,1,0.5319616
,3018,2,0,0.69823617
,3018,3,2,1.0
,3019,0,0,0.9972906
,3019,1,2,1.0
,3019,2,0,0.8529352
,3019,3,1,0.9049728
,3020,0,0,0.99710894
,3020,1,1,0.590954
,3020,2,0,0.8115569
,3020,3,2,1.0
,3021,0,0,0.99577785
,3021,1,1,0.5319616
,3021,2,2,1.0
,3021,3,0,0.7849427
,3022,0,0,0.98602426
,3022,1,2,1.0
,3022,2,1,0.9049728
,3022,3,0,0.9683368
,3023,0,0,0.9145523
,3023,1,0,0.69823617
,3023,2,2,1.0
,3023,3,0,0.99336404
,3024,0,2,1.0
,3024,1,0,0.8529352
,3024,2,1,0.9049728
,3024,3,0,0.9967794
,3025,0,0,0.69823617
,3025,1,0,0.8115568
,3025,2,2,1.0
,3025,3,0,0.9972451
,3026,0,0,0.8529352
,3026,1,2,1.0
,3026,2,1,0.9049728
,3026,3,0,0.9973052
,3027,0,0,0.8115568
,3027,1,1,0.590954
,3027,2,2,1.0
,3027,3,0,0.9972892
,3028,0,2,1.0
,3028,1,1,0.5319616
,3028,2,0,0.69823617
,3028,3,0,0.9971087
,3029,0,1,0.9049728
,3029,1,2,1.0
,3029,2,0,0.8529352
,3029,3,0,0.99577785
,3030,0,2,1.0
,3030,1,0,0.7846954
,3030,2,0,0.8115569
,3030,3,0,0.98602426
,3031,0,0,0.7718797
,3031,1,0,0.96800774
,3031,2,2,1.0
,3031,3,0,0.9145523
,3032,0,0,0.95095056
,3032,1,0,0.9928456
,3032,2,1,0.9049728
,3032,3,2,1.0
,3033,0,0,0.9659733
,3033,1,0,0.9949293
,3033,2,2,1.0
,3033,3,1,0.9049728
,3034,0,0,0.89903504
,3034,1,0,0.98564476
,3034,2,0,0.69823617
,3034,3,2,1.0
,3035,0,2,1.0
,3035,1,0,0.9142585
,3035,2,0,0.8529352
,3035,3,0,0.784909
,3036,0,1,0.590954
,3036,1,2,1.0
,3036,2,0,0.8115569
,3036,3,0,0.96829194
,3037,0,1,0.5319616
,3037,1,1,0.590954
,3037,2,2,1.0
,3037,3,0,0.99329334
,3038,0,2,1.0
,3038,1,1,0.5319616
,3038,2,1,0.59095407
,3038,3,0,0.9965269
,3039,0,0,0.7846954
,3039,1,2,1.0
,3039,2,1,0.5319617
,3039,3,0,0.995662
,3040,0,0,0.96800774
,3040,1,1,0.9049728
,3040,2,2,1.0
,3040,3,0,0.9859725
,3041,0,0,0.9928456
,3041,1,2,1.0
,3041,2,1,0.59095395
,3041,3,0,0.91451216
,3042,0,0,0.9949293
,3042,1,1,0.590954
,3042,2,1,0.5319617
,3042,3,2,1.0
,3043,0,0,0.98564476
,3043,1,1,0.5319616
,3043,2,2,1.0
,3043,3,0,0.7849427
,3044,0,0,0.9142585
,3044,1,2,1.0
,3044,2,1,0.59095395
,3044,3,0,0.9683368
,3045,0,2,1.0
,3045,1,1,0.590954
,3045,2,1,0.5319617
,3045,3,0,0.99336416
,3046,0,1,0.590954
,3046,1,1,0.5319616
,3046,2,2,1.0
,3046,3,0,0.9967795
,3047,0,1,0.5319616
,3047,1,2,1.0
,3047,2,0,0.69823617
,3047,3,0,0.99724567
,3048,0,2,1.0
,3048,1,1,0.9049728
,3048,2,0,0.8529352
,3048,3,0,0.99730927
,3049,0,0,0.7846955
,3049,1,2,1.0
,3049,2,0,0.8115569
,3049,3,0,0.9973179
,3050,0,0,0.96800774
,3050,1,1,0.9049728
,3050,2,2,1.0
,3050,3,0,0.9973191
,3051,0,0,0.9928456
,3051,1,2,1.0
,3051,2,1,0.9049728
,3051,3,0,0.9973192
,3052,0,0,0.9949293
,3052,1,1,0.9049728
,3052,2,2,1.0
,3052,3,0,0.9973192
,3053,0,0,0.98564476
,3053,1,2,1.0
,3053,2,1,0.9049728
,3053,3,0,0.9973192
,3054,0,0,0.9142585
,3054,1,1,0.91434735
,3054,2,2,1.0
,3054,3,0,0.9973192
,3055,0,2,1.0
,3055,1,1,0.7822302
,3055,2,1,0.59095407
,3055,3,0,0.9973192
,3056,0,0,0.7849427
,3056,1,2,1.0
,3056,2,1,0.53196156
,3056,3,0,0.9973192
,3057,0,0,0.9683368
,3057,1,1,0.9049728
,3057,2,2,1.0
,3057,3,0,0.9973192
,3058,0,0,0.99336404
,3058,1,2,1.0
,3058,2,1,0.9049728
,3058,3,0,0.9973192
,3059,0,0,0.9967794
,3059,1,1,0.9049728
,3059,2,2,1.0
,3059,3,0,0.9973192
,3060,0,0,0.9972451
,3060,1,2,1.0
,3060,2,1,0.9049728
,3060,3,0,0.9973192
,3061,0,0,0.9973052
,3061,1,1,0.9049728
,3061,2,2,1.0
,3061,3,0,0.9973192
,3062,0,0,0.9972892
,3062,1,2,1.0
,3062,2,1,0.9049728
,3062,3,0,0.9973192
,3063,0,0,0.9971087
,3063,1,1,0.9049728
,3063,2,2,1.0
,3063,3,0,0.9973192
,3064,0,0,0.99577785
,3064,1,2,1.0
,3064,2,1,0.9049728
,3064,3,0,0.9973192
,3065,0,0,0.98602426
,3065,1,1,0.9049728
,3065,2,2,1.0
,3065,3,0,0.9973192
,3066,0,0,0.9145523
,3066,1,2,1.0
,3066,2,1,0.59095395
,3066,3,0,0.9973192
,3067,0,2,1.0
,3067,1,1,0.91434735
,3067,2,1,0.53196156
,3067,3,0,0.9973192
,3068,0,1,0.590954
,3068,1,1,0.7822302
,3068,2,2,1.0
,3068,3,0,0.9973192
,3069,0,1,0.5319616
,3069,1,2,1.0
,3069,2,0,0.78313434
,3069,3,0,0.9973192
,3070,0,2,1.0
,3070,1,1,0.9049728
,3070,2,0,0.96593
,3070,3,0,0.9973192
,3071,0,1,0.9049728
,3071,1,2,1.0
,3071,2,0,0.98957247
,3071,3,0,0.9973191
,3072,0,2,1.0
,3072,1,1,0.9049728
,3072,2,0,0.98324853
,3072,3,0,0.9973186
,3073,0,0,0.69823617
,3073,1,2,1.0
,3073,2,0,0.9124042
,3073,3,0,0.9973152
,3074,0,0,0.8529352
,3074,1,1,0.9049728
,3074,2,2,1.0
,3074,3,0,0.9972898
,3075,0,0,0.8115568
,3075,1,2,1.0
,3075,2,1,0.59095395
,3075,3,0,0.9971028
,3076,0,2,1.0
,3076,1,1,0.590954
,3076,2,1,0.5319617
,3076,3,0,0.99573296
,3077,0,0,0.7849427
,3077,1,1,0.5319616
,3077,2,2,1.0
,3077,3,0,0.98569554
,3078,0,0,0.9683367
,3078,1,2,1.0
,3078,2,1,0.91434735
,3078,3,0,0.9121432
,3079,0,0,0.9933639
,3079,1,0,0.7718797
,3079,2,1,0.7822302
,3079,3,2,0.9023343
,3080,0,0,0.9967789
,3080,1,0,0.95095056
,3080,2,2,1.0
,3080,3,1,0.9824746
,3081,0,0,0.9972416
,3081,1,0,0.9659733
,3081,2,1,0.9049728
,3081,3,2,1.0
,3082,0,0,0.99728036
,3082,1,0,0.89903504
,3082,2,2,1.0
,3082,3,0,0.7849427
,3083,0,0,0.9971074
,3083,1,2,1.0
,3083,2,1,0.9859881
,3083,3,0,0.9683368
,3084,0,0,0.9957776
,3084,1,1,0.9049728
,3084,2,2,1.0
,3084,3,0,0.99336416
,3085,0,0,0.98602414
,3085,1,2,0.9999999
,3085,2,1,0.9859881
,3085,3,0,0.9967795
,3086,0,0,0.91455215
,3086,1,0,0.6982363
,3086,2,2,1.0
,3086,3,0,0.99724555
,3087,0,2,1.0
,3087,1,0,0.8529352
,3087,2,1,0.9049728
,3087,3,0,0.9973087
,3088,0,1,0.590954
,3088,1,0,0.8115568
,3088,2,2,1.0
,3088,3,0,0.99731404
,3089,0,1,0.5319616
,3089,1,2,1.0
,3089,2,1,0.59095395
,3089,3,0,0.9972904
,3090,0,2,1.0
,3090,1,1,0.590954
,3090,2,1,0.5319617
,3090,3,0,0.9971088
,3091,0,1,0.590954
,3091,1,1,0.5319616
,3091,2,2,1.0
,3091,3,0,0.99577785
,3092,0,1,0.5319616
,3092,1,2,1.0
,3092,2,0,0.69823617
,3092,3,0,0.98602426
,3093,0,2,0.9999999
,3093,1,0,0.69823617
,3093,2,0,0.8529352
,3093,3,0,0.9145523
,3094,0,0,0.784909
,3094,1,0,0.8529352
,3094,2,0,0.8115569
,3094,3,2,1.0
,3095,0,0,0.96829194
,3095,1,0,0.8115568
,3095,2,2,1.0
,3095,3,0,0.7849427
,3096,0,0,0.99329334
,3096,1,2,1.0
,3096,2,1,0.9049728
,3096,3,0,0.9683368
,3097,0,0,0.9965269
,3097,1,1,0.9049728
,3097,2,2,1.0
,3097,3,0,0.99336416
,3098,0,0,0.995662
,3098,1,2,1.0
,3098,2,1,0.9049728
,3098,3,0,0.9967795
,3099,0,0,0.9859725
,3099,1,1,0.9049728
,3099,2,2,1.0
,3099,3,0,0.99724567
,3100,0,0,0.91451216
,3100,1,2,1.0
,3100,2,0,0.69823617
,3100,3,0,0.99730927
,3101,0,2,1.0
,3101,1,1,0.9049728
,3101,2,0,0.8529352
,3101,3,0,0.9973179
,3102,0,1,0.67171973
,3102,1,2,1.0
,3102,2,0,0.8115569
,3102,3,0,0.9973191
,3103,0,0,0.8997082
,3103,1,1,0.9049728
,3103,2,2,1.0
,3103,3,0,0.9973192
,3104,0,0,0.97639227
,3104,1,2,1.0
,3104,2,1,0.9859881
,3104,3,0,0.9973192
,3105,0,0,0.9773532
,3105,1,1,0.9049728
,3105,2,2,1.0
,3105,3,0,0.9973192
,3106,0,0,0.9078418
,3106,1,2,1.0
,3106,2,1,0.59095395
,3106,3,0,0.9973192
,3107,0,2,1.0
,3107,1,1,0.590954
,3107,2,1,0.5319617
,3107,3,0,0.9973192
,3108,0,0,0.78494257
,3108,1,1,0.5319616
,3108,2,2,1.0
,3108,3,0,0.9973192
,3109,0,0,0.9683368
,3109,1,2,1.0
,3109,2,1,0.9049728
,3109,3,0,0.9973192
,3110,0,0,0.9933639
,3110,1,1,0.9049728
,3110,2,2,1.0
,3110,3,0,0.9973192
,3111,0,0,0.9967789
,3111,1,2,1.0
,3111,2,1,0.9049728
,3111,3,0,0.9973192
,3112,0,0,0.9972416
,3112,1,1,0.9049728
,3112,2,2,1.0
,3112,3,0,0.9973192
,3113,0,0,0.99728036
,3113,1,2,1.0
,3113,2,1,0.9049728
,3113,3,0,0.9973192
,3114,0,0,0.9971074
,3114,1,1,0.9049728
,3114,2,2,1.0
,3114,3,0,0.9973192
,3115,0,0,0.9957776
,3115,1,2,1.0
,3115,2,1,0.9049728
,3115,3,0,0.9973192
,3116,0,0,0.98602414
,3116,1,1,0.9049728
,3116,2,2,1.0
,3116,3,0,0.9973192
,3117,0,0,0.91455215
,3117,1,2,1.0
,3117,2,0,0.69823617
,3117,3,0,0.9973192
,3118,0,2,1.0
,3118,1,1,0.9049728
,3118,2,0,0.8529352
,3118,3,0,0.9973192
,3119,0,1,0.590954
,3119,1,2,1.0
,3119,2,0,0.8115567
,3119,3,0,0.9973191
,3120,0,1,0.5319616
,3120,1,0,0.69823617
,3120,2,2,1.0
,3120,3,0,0.99731874
,3121,0,2,1.0
,3121,1,0,0.8529352
,3121,2,1,0.9049728
,3121,3,0,0.99731535
,3122,0,1,0.590954
,3122,1,0,0.8115568
,3122,2,2,1.0
,3122,3,0,0.9972906
,3123,0,1,0.5319616
,3123,1,2,1.0
,3123,2,0,0.7846955
,3123,3,0,0.99710894
,3124,0,2,1.0
,3124,1,1,0.9049728
,3124,2,0,0.96800786
,3124,3,0,0.99577785
,3125,0,1,0.9049728
,3125,1,2,1.0
,3125,2,0,0.9928457
,3125,3,0,0.98602426
,3126,0,2,1.0
,3126,1,1,0.590954
,3126,2,0,0.9949293
,3126,3,0,0.9145523
,3127,0,0,0.7849427
,3127,1,1,0.5319616
,3127,2,0,0.98564464
,3127,3,2,1.0
,3128,0,0,0.9683368
,3128,1,2,1.0
,3128,2,0,0.9142586
,3128,3,0,0.7718797
,3129,0,0,0.99336416
,3129,1,1,0.9049728
,3129,2,2,1.0
,3129,3,0,0.95095056
,3130,0,0,0.9967795
,3130,1,2,1.0
,3130,2,1,0.9049728
,3130,3,0,0.9659733
,3131,0,0,0.99724567
,3131,1,0,0.69823617
,3131,2,2,1.0
,3131,3,0,0.89903504
,3132,0,0,0.99730927
,3132,1,0,0.8529352
,3132,2,1,0.9049728
,3132,3,2,1.0
,3133,0,0,0.9973178
,3133,1,0,0.8115568
,3133,2,2,1.0
,3133,3,0,0.7849427
,3134,0,0,0.997319
,3134,1,2,1.0
,3134,2,1,0.9049728
,3134,3,0,0.9683368
,3135,0,0,0.9973186
,3135,1,1,0.9049728
,3135,2,2,1.0
,3135,3,0,0.99336416
,3136,0,0,0.99731535
,3136,1,2,1.0
,3136,2,1,0.9049728
,3136,3,0,0.9967795
,3137,0,0,0.9972906
,3137,1,1,0.9049728
,3137,2,2,1.0
,3137,3,0,0.99724567
,3138,0,0,0.99710894
,3138,1,2,1.0
,3138,2,1,0.9049728
,3138,3,0,0.99730927
,3139,0,0,0.99577785
,3139,1,1,0.9049728
,3139,2,2,1.0
,3139,3,0,0.9973179
,3140,0,0,0.98602426
,3140,1,2,1.0
,3140,2,1,0.9049728
,3140,3,0,0.9973191
,3141,0,0,0.9145523
,3141,1,0,0.69823617
,3141,2,2,1.0
,3141,3,0,0.9973192
,3142,0,2,1.0
,3142,1,0,0.8529352
,3142,2,1,0.9049728
,3142,3,0,0.9973192
,3143,0,0,0.7849427
,3143,1,0,0.8115568
,3143,2,2,1.0
,3143,3,0,0.9973192
,3144,0,0,0.9683368
,3144,1,2,1.0
,3144,2,1,0.9049728
,3144,3,0,0.9973191
,3145,0,0,0.99336404
,3145,1,1,0.9049728
,3145,2,2,1.0
,3145,3,0,0.99731874
,3146,0,0,0.9967794
,3146,1,2,1.0
,3146,2,1,0.9859881
,3146,3,0,0.99731535
,3147,0,0,0.9972451
,3147,1,1,0.9049728
,3147,2,2,1.0
,3147,3,0,0.9972906
,3148,0,0,0.9973052
,3148,1,2,1.0
,3148,2,1,0.9049728
,3148,3,0,0.99710894
,3149,0,0,0.9972892
,3149,1,1,0.9049728
,3149,2,2,1.0
,3149,3,0,0.99577785
,3150,0,0,0.9971087
,3150,1,2,1.0
,3150,2,1,0.9049728
,3150,3,0,0.98602426
,3151,0,0,0.99577785
,3151,1,0,0.77187955
,3151,2,2,1.0
,3151,3,0,0.9145523
,3152,0,0,0.98602426
,3152,1,0,0.95095056
,3152,2,1,0.9049728
,3152,3,2,1.0
,3153,0,0,0.9145523
,3153,1,0,0.9659733
,3153,2,2,1.0
,3153,3,0,0.7849427
,3154,0,2,1.0
,3154,1,0,0.89903504
,3154,2,1,0.91434735
,3154,3,0,0.9683368
,3155,0,0,0.7849427
,3155,1,2,1.0
,3155,2,1,0.7822302
,3155,3,0,0.99336416
,3156,0,0,0.9683368
,3156,1,1,0.9049728
,3156,2,2,1.0
,3156,3,0,0.9967795
,3157,0,0,0.99336416
,3157,1,2,1.0
,3157,2,1,0.9049728
,3157,3,0,0.99724567
,3158,0,0,0.9967795
,3158,1,1,0.9049728
,3158,2,2,1.0
,3158,3,0,0.99730927
,3159,0,0,0.99724567
,3159,1,2,1.0
,3159,2,1,0.9893837
,3159,3,0,0.9973179
,3160,0,0,0.99730927
,3160,1,1,0.9265387
,3160,2,3,1.0
,3160,3,0,0.9973191
,3161,0,0,0.9973179
,3161,1,3,1.0
,3161,2,1,0.9500133
,3161,3,0,0.9973192
,3162,0,0,0.9973191
,3162,1,1,0.9500134
,3162,2,2,1.0
,3162,3,0,0.9973191
,3163,0,0,0.9973192
,3163,1,2,1.0
,3163,2,1,0.90497667
,3163,3,0,0.99731874
,3164,0,0,0.9973192
,3164,1,1,0.98598814
,3164,2,2,0.9998193
,3164,3,0,0.99731535
,3165,0,0,0.9973192
,3165,1,2,1.0
,3165,2,1,0.9859817
,3165,3,0,0.9972906
,3166,0,0,0.9973192
,3166,1,1,0.9049728
,3166,2,2,1.0
,3166,3,0,0.99710894
,3167,0,0,0.9973192
,3167,1,2,1.0
,3167,2,1,0.9049728
,3167,3,0,0.99577785
,3168,0,0,0.9973192
,3168,1,1,0.98598814
,3168,2,2,0.9999995
,3168,3,0,0.98602426
,3169,0,0,0.9973191
,3169,1,2,1.0
,3169,2,1,0.91434735
,3169,3,0,0.9145523
,3170,0,0,0.99731874
,3170,1,1,0.590954
,3170,2,1,0.7822302
,3170,3,2,1.0
,3171,0,0,0.99731535
,3171,1,1,0.5319616
,3171,2,2,1.0
,3171,3,0,0.7849427
,3172,0,0,0.9972906
,3172,1,2,1.0
,3172,2,1,0.9859881
,3172,3,0,0.9683368
,3173,0,0,0.99710894
,3173,1,1,0.9049728
,3173,2,2,1.0
,3173,3,0,0.99336416
,3174,0,0,0.99577785
,3174,1,2,1.0
,3174,2,1,0.9049728
,3174,3,0,0.9967795
,3175,0,0,0.98602426
,3175,1,1,0.98598814
,3175,2,2,1.0
,3175,3,0,0.99724567
,3176,0,0,0.9145523
,3176,1,2,1.0
,3176,2,0,0.69823617
,3176,3,0,0.99730927
,3177,0,2,1.0
,3177,1,1,0.9049728
,3177,2,0,0.8529352
,3177,3,0,0.9973179
,3178,0,0,0.76806915
,3178,1,2,1.0
,3178,2,0,0.8115569
,3178,3,0,0.9973191
,3179,0,0,0.94587904
,3179,1,1,0.9049728
,3179,2,2,1.0
,3179,3,0,0.9973192
,3180,0,0,0.9579834
,3180,1,2,1.0
,3180,2,1,0.9049728
,3180,3,0,0.9973192
,3181,0,0,0.8705233
,3181,1,0,0.6759393
,3181,2,2,1.0
,3181,3,0,0.9973192
,3182,0,3,1.0
,3182,1,0,0.8232592
,3182,2,1,0.9859881
,3182,3,0,0.9973191
,3183,0,1,0.7424784
,3183,1,0,0.7648043
,3183,2,2,1.0
,3183,3,0,0.99731874
,3184,0,1,0.6492237
,3184,1,3,1.0
,3184,2,0,0.69823617
,3184,3,0,0.99731535
,3185,0,2,1.0
,3185,1,1,0.72005224
,3185,2,0,0.8529352
,3185,3,0,0.9972906
,3186,0,1,0.67171973
,3186,1,2,1.0
,3186,2,0,0.8115569
,3186,3,0,0.99710894
,3187,0,0,0.8997082
,3187,1,1,0.98598814
,3187,2,2,1.0
,3187,3,0,0.99577785
,3188,0,0,0.97639227
,3188,1,2,1.0
,3188,2,1,0.9049728
,3188,3,0,0.98602426
,3189,0,0,0.9773532
,3189,1,0,0.7846954
,3189,2,2,1.0
,3189,3,0,0.9145523
,3190,0,0,0.9078418
,3190,1,0,0.96800774
,3190,2,1,0.59095407
,3190,3,2,1.0
,3191,0,2,1.0
,3191,1,0,0.9928456
,3191,2,1,0.53196156
,3191,3,1,0.6693604
,3192,0,1,0.98598814
,3192,1,0,0.9949293
,3192,2,2,1.0
,3192,3,0,0.90633947
,3193,0,2,1.0
,3193,1,0,0.98564476
,3193,2,1,0.9049728
,3193,3,0,0.9849035
,3194,0,1,0.76153016
,3194,1,0,0.9142585
,3194,2,2,1.0
,3194,3,0,0.99562496
,3195,0,0,0.6472836
,3195,1,2,1.0
,3195,2,1,0.9049728
,3195,3,0,0.997088
,3196,0,0,0.6524066
,3196,1,1,0.590954
,3196,2,2,1.0
,3196,3,0,0.99728775
,3197,0,2,1.0
,3197,1,1,0.5319616
,3197,2,1,0.59095407
,3197,3,0,0.9973149
,3198,0,1,0.6693604
,3198,1,2,1.0
,3198,2,1,0.53196156
,3198,3,0,0.99731815
,3199,0,0,0.90633947
,3199,1,1,0.9265387
,3199,2,2,1.0
,3199,3,0,0.9973152
,3200,0,0,0.9849035
,3200,1,3,1.0
,3200,2,1,0.9049728
,3200,3,0,0.9972906
,3201,0,0,0.99562496
,3201,1,1,0.72005224
,3201,2,2,1.0
,3201,3,0,0.99710894
,3202,0,0,0.997088
,3202,1,2,1.0
,3202,2,1,0.9049728
,3202,3,0,0.99577785
,3203,0,0,0.99728775
,3203,1,1,0.9049728
,3203,2,2,1.0
,3203,3,0,0.98602426
,3204,0,0,0.997315
,3204,1,2,1.0
,3204,2,0,0.78313434
,3204,3,0,0.9145523
,3205,0,0,0.9973186
,3205,1,1,0.9049728
,3205,2,0,0.96593
,3205,3,2,1.0
,3206,0,0,0.9973191
,3206,1,2,1.0
,3206,2,0,0.98957247
,3206,3,1,0.9049728
,3207,0,0,0.9973192
,3207,1,1,0.98598814
,3207,2,0,0.98324853
,3207,3,2,1.0
,3208,0,0,0.9973192
,3208,1,2,0.9999999
,3208,2,0,0.9124042
,3208,3,1,0.590954
,3209,0,0,0.9973192
,3209,1,0,0.7831344
,3209,2,2,1.0
,3209,3,1,0.5319616
,3210,0,0,0.9973192
,3210,1,0,0.9659301
,3210,2,1,0.9049728
,3210,3,2,1.0
,3211,0,0,0.9973192
,3211,1,0,0.98957235
,3211,2,2,1.0
,3211,3,1,0.9049728
,3212,0,0,0.9973192
,3212,1,0,0.98324865
,3212,2,1,0.904973
,3212,3,2,1.0
,3213,0,0,0.9973192
,3213,1,0,0.9124042
,3213,2,2,0.99999166
,3213,3,1,0.66936123
,3214,0,0,0.9973192
,3214,1,2,1.0
,3214,2,1,0.98598784
,3214,3,0,0.9063372
,3215,0,0,0.9973192
,3215,1,1,0.9049728
,3215,2,2,1.0
,3215,3,0,0.9849006
,3216,0,0,0.9973192
,3216,1,2,1.0
,3216,2,1,0.9049728
,3216,3,0,0.9956186
,3217,0,0,0.9973192
,3217,1,1,0.9049728
,3217,2,2,1.0
,3217,3,0,0.9970569
,3218,0,0,0.9973192
,3218,1,2,1.0
,3218,2,1,0.9859881
,3218,3,0,0.99707484
,3219,0,0,0.9973192
,3219,1,1,0.9049728
,3219,2,2,1.0
,3219,3,0,0.99577105
,3220,0,0,0.9973192
,3220,1,2,1.0
,3220,2,1,0.9049728
,3220,3,0,0.98602134
,3221,0,0,0.9973192
,3221,1,1,0.590954
,3221,2,2,1.0
,3221,3,0,0.9145499
,3222,0,0,0.9973192
,3222,1,1,0.5319616
,3222,2,0,0.69823617
,3222,3,2,1.0
,3223,0,0,0.9973192
,3223,1,2,1.0
,3223,2,0,0.8529352
,3223,3,1,0.9049728
,3224,0,0,0.9973192
,3224,1,0,0.77187955
,3224,2,0,0.8115569
,3224,3,2,1.0
,3225,0,0,0.9973192
,3225,1,0,0.95095056
,3225,2,2,1.0
,3225,3,0,0.7849427
,3226,0,0,0.9973192
,3226,1,0,0.9659733
,3226,2,2,1.0
,3226,3,0,0.9683368
,3227,0,0,0.9973192
,3227,1,0,0.89903504
,3227,2,2,1.0
,3227,3,0,0.99336416
,3228,0,0,0.9973192
,3228,1,2,1.0
,3228,2,1,0.9049728
,3228,3,0,0.9967795
,3229,0,0,0.9973192
,3229,1,1,0.9862233
,3229,2,2,1.0
,3229,3,0,0.99724567
,3230,0,0,0.9973192
,3230,1,2,0.9307494
,3230,2,1,0.9049728
,3230,3,0,0.99730927
,3231,0,0,0.9973192
,3231,1,1,0.9834969
,3231,2,2,1.0
,3231,3,0,0.9973179
,3232,0,0,0.9973192
,3232,1,2,1.0
,3232,2,1,0.9049728
,3232,3,0,0.997319
,3233,0,0,0.9973192
,3233,1,1,0.9049728
,3233,2,2,1.0
,3233,3,0,0.9973191
,3234,0,0,0.9973192
,3234,1,2,1.0
,3234,2,1,0.9049728
,3234,3,0,0.99731874
,3235,0,0,0.9973192
,3235,1,1,0.9049728
,3235,2,2,1.0
,3235,3,0,0.99731535
,3236,0,0,0.9973192
,3236,1,2,1.0
,3236,2,1,0.9049728
,3236,3,0,0.9972906
,3237,0,0,0.9973192
,3237,1,1,0.9049728
,3237,2,2,1.0
,3237,3,0,0.99710894
,3238,0,0,0.9973192
,3238,1,2,1.0
,3238,2,1,0.9049728
,3238,3,0,0.99577785
,3239,0,0,0.9973192
,3239,1,1,0.9049728
,3239,2,2,1.0
,3239,3,0,0.98602426
,3240,0,0,0.9973192
,3240,1,2,1.0
,3240,2,1,0.91434735
,3240,3,0,0.9145523
,3241,0,0,0.9973192
,3241,1,1,0.91434735
,3241,2,1,0.7822302
,3241,3,2,1.0
,3242,0,0,0.9973192
,3242,1,1,0.7822302
,3242,2,2,0.9999988
,3242,3,0,0.784909
,3243,0,0,0.9973192
,3243,1,2,1.0
,3243,2,1,0.9859881
,3243,3,0,0.96829194
,3244,0,0,0.9973192
,3244,1,1,0.9049728
,3244,2,2,1.0
,3244,3,0,0.99329334
,3245,0,0,0.9973192
,3245,1,2,1.0
,3245,2,1,0.9049728
,3245,3,0,0.9965269
,3246,0,0,0.9973192
,3246,1,1,0.9049728
,3246,2,2,1.0
,3246,3,0,0.995662
,3247,0,0,0.9973192
,3247,1,2,1.0
,3247,2,1,0.9049728
,3247,3,0,0.9859725
,3248,0,0,0.9973192
,3248,1,1,0.76153016
,3248,2,2,1.0
,3248,3,0,0.91451216
,3249,0,0,0.9973192
,3249,1,0,0.6472836
,3249,2,1,0.9049728
,3249,3,2,1.0
,3250,0,0,0.9973192
,3250,1,0,0.6524066
,3250,2,2,1.0
,3250,3,0,0.7846954
,3251,0,0,0.9973192
,3251,1,2,1.0
,3251,2,1,0.9859881
,3251,3,0,0.96800774
,3252,0,0,0.9973192
,3252,1,1,0.9049728
,3252,2,2,1.0
,3252,3,0,0.9928456
,3253,0,0,0.9973192
,3253,1,2,1.0
,3253,2,1,0.9049728
,3253,3,0,0.9949293
,3254,0,0,0.9973192
,3254,1,1,0.9049728
,3254,2,2,1.0
,3254,3,0,0.98564476
,3255,0,0,0.9973191
,3255,1,2,1.0
,3255,2,0,0.69823617
,3255,3,0,0.9142585
,3256,0,0,0.99731874
,3256,1,1,0.9049728
,3256,2,0,0.8529352
,3256,3,2,1.0
,3257,0,0,0.99731535
,3257,1,2,1.0
,3257,2,0,0.8115569
,3257,3,0,0.7718797
,3258,0,0,0.9972906
,3258,1,1,0.9049728
,3258,2,2,1.0
,3258,3,0,0.95095056
,3259,0,0,0.99710894
,3259,1,2,1.0
,3259,2,1,0.9049728
,3259,3,0,0.9659733
,3260,0,0,0.99577785
,3260,1,0,0.78313434
,3260,2,2,1.0
,3260,3,0,0.89903504
,3261,0,0,0.98602426
,3261,1,0,0.9659301
,3261,2,1,0.9049728
,3261,3,2,1.0
,3262,0,0,0.9145523
,3262,1,0,0.98957235
,3262,2,2,1.0
,3262,3,1,0.66941786
,3263,0,2,1.0
,3263,1,0,0.98324865
,3263,2,1,0.9049728
,3263,3,0,0.90617806
,3264,0,0,0.7849427
,3264,1,0,0.9124042
,3264,2,2,1.0
,3264,3,0,0.9846963
,3265,0,0,0.9683368
,3265,1,2,1.0
,3265,2,1,0.9049728
,3265,3,0,0.99518013
,3266,0,0,0.99336416
,3266,1,1,0.9049728
,3266,2,2,1.0
,3266,3,0,0.9949156
,3267,0,0,0.9967795
,3267,1,2,1.0
,3267,2,1,0.9859881
,3267,3,0,0.98245704
,3268,0,0,0.99724555
,3268,1,0,0.6982363
,3268,2,2,1.0
,3268,3,0,0.88972783
,3269,0,0,0.9973087
,3269,1,0,0.8529352
,3269,2,1,0.9859881
,3269,3,3,1.0
,3270,0,0,0.99731404
,3270,1,0,0.8115568
,3270,2,2,1.0
,3270,3,0,0.6465077
,3271,0,0,0.9972904
,3271,1,2,1.0
,3271,2,1,0.9859881
,3271,3,0,0.94944394
,3272,0,0,0.9971088
,3272,1,1,0.9049728
,3272,2,2,1.0
,3272,3,0,0.9907842
,3273,0,0,0.99577785
,3273,1,2,1.0
,3273,2,1,0.9049728
,3273,3,0,0.9964225
,3274,0,0,0.98602426
,3274,1,1,0.98598814
,3274,2,2,1.0
,3274,3,0,0.9971675
,3275,0,0,0.9145523
,3275,1,2,1.0
,3275,2,0,0.78313434
,3275,3,0,0.997091
,3276,0,2,1.0
,3276,1,1,0.9049728
,3276,2,0,0.96593
,3276,3,0,0.99577427
,3277,0,1,0.9049728
,3277,1,2,1.0
,3277,2,0,0.98957247
,3277,3,0,0.9860227
,3278,0,2,1.0
,3278,1,0,0.7846954
,3278,2,0,0.98324853
,3278,3,0,0.91455096
,3279,0,1,0.590954
,3279,1,0,0.96800774
,3279,2,0,0.9124042
,3279,3,2,1.0
,3280,0,1,0.5319616
,3280,1,0,0.9928456
,3280,2,2,1.0
,3280,3,1,0.6694047
,3281,0,2,1.0
,3281,1,0,0.9949293
,3281,2,1,0.9049728
,3281,3,0,0.90621513
,3282,0,1,0.9049728
,3282,1,0,0.98564476
,3282,2,2,1.0
,3282,3,0,0.9847439
,3283,0,2,1.0
,3283,1,0,0.9142585
,3283,2,1,0.59095407
,3283,3,0,0.99528223
,3284,0,0,0.7849427
,3284,1,2,1.0
,3284,2,1,0.5319617
,3284,3,0,0.9954143
,3285,0,0,0.9683368
,3285,1,1,0.9049728
,3285,2,2,1.0
,3285,3,0,0.9858617
,3286,0,0,0.99336416
,3286,1,2,1.0
,3286,2,0,0.7718797
,3286,3,0,0.9144263
,3287,0,0,0.9967795
,3287,1,1,0.9049728
,3287,2,0,0.95095056
,3287,3,2,1.0
,3288,0,0,0.99724567
,3288,1,2,1.0
,3288,2,0,0.9659733
,3288,3,1,0.9049728
,3289,0,0,0.99730927
,3289,1,1,0.590954
,3289,2,0,0.89903516
,3289,3,2,1.0
,3290,0,0,0.9973179
,3290,1,1,0.53196156
,3290,2,2,1.0
,3290,3,1,0.590954
,3291,0,0,0.9973191
,3291,1,2,1.0
,3291,2,1,0.6694047
,3291,3,1,0.5319616
,3292,0,0,0.9973192
,3292,1,1,0.9049728
,3292,2,0,0.90621513
,3292,3,2,1.0
,3293,0,0,0.9973192
,3293,1,2,1.0
,3293,2,0,0.9847439
,3293,3,1,0.9049728
,3294,0,0,0.9973192
,3294,1,1,0.9049728
,3294,2,0,0.99528235
,3294,3,2,1.0
,3295,0,0,0.9973192
,3295,1,2,1.0
,3295,2,0,0.9954143
,3295,3,1,0.9049728
,3296,0,0,0.9973192
,3296,1,1,0.9049728
,3296,2,0,0.9858616
,3296,3,2,1.0
,3297,0,0,0.9973192
,3297,1,2,1.0
,3297,2,0,0.91442645
,3297,3,0,0.7846954
,3298,0,0,0.9973192
,3298,1,1,0.98598814
,3298,2,2,1.0
,3298,3,0,0.96800774
,3299,0,0,0.9973192
,3299,1,2,1.0
,3299,2,1,0.904973
,3299,3,0,0.9928456
,3300,0,0,0.9973192
,3300,1,1,0.9049728
,3300,2,2,0.9999962
,3300,3,0,0.9949293
,3301,0,0,0.9973192
,3301,1,2,1.0
,3301,2,1,0.9859881
,3301,3,0,0.98564464
,3302,0,0,0.9973192
,3302,1,0,0.69823617
,3302,2,2,1.0
,3302,3,0,0.9142577
,3303,0,0,0.9973192
,3303,1,0,0.8529352
,3303,2,1,0.9859881
,3303,3,2,0.9999702
,3304,0,0,0.9973192
,3304,1,0,0.8115568
,3304,2,2,1.0
,3304,3,0,0.7849471
,3305,0,0,0.9973192
,3305,1,2,1.0
,3305,2,1,0.9859881
,3305,3,0,0.96833754
,3306,0,0,0.9973192
,3306,1,1,0.9049728
,3306,2,2,1.0
,3306,3,0,0.99336416
,3307,0,0,0.9973192
,3307,1,2,1.0
,3307,2,1,0.9049728
,3307,3,0,0.9967794
,3308,0,0,0.9973191
,3308,1,1,0.9049729
,3308,2,2,1.0
,3308,3,0,0.9972451
,3309,0,0,0.99731874
,3309,1,2,0.9999988
,3309,2,1,0.9051478
,3309,3,0,0.9973052
,3310,0,0,0.99731535
,3310,1,1,0.90497255
,3310,2,2,0.9918849
,3310,3,0,0.9972892
,3311,0,0,0.9972906
,3311,1,2,1.0
,3311,2,1,0.98569614
,3311,3,0,0.9971087
,3312,0,0,0.99710894
,3312,1,1,0.9049728
,3312,2,2,1.0
,3312,3,0,0.99577785
,3313,0,0,0.99577785
,3313,1,2,1.0
,3313,2,1,0.9861061
,3313,3,0,0.98602426
,3314,0,0,0.98602426
,3314,1,1,0.76153016
,3314,2,2,0.96529347
,3314,3,0,0.9145523
,3315,0,0,0.9145523
,3315,1,0,0.6472836
,3315,2,1,0.7511722
,3315,3,2,1.0
,3316,0,2,1.0
,3316,1,0,0.6524066
,3316,2,0,0.6519168
,3316,3,0,0.7846954
,3317,0,1,0.6694047
,3317,1,2,1.0
,3317,2,0,0.6559921
,3317,3,0,0.96800774
,3318,0,0,0.90621513
,3318,1,1,0.9049728
,3318,2,2,1.0
,3318,3,0,0.9928456
,3319,0,0,0.9847439
,3319,1,2,1.0
,3319,2,1,0.9265387
,3319,3,0,0.9949293
,3320,0,0,0.99528223
,3320,1,1,0.9049728
,3320,2,3,1.0
,3320,3,0,0.98564476
,3321,0,0,0.9954143
,3321,1,2,1.0
,3321,2,0,0.7193238
,3321,3,0,0.9142585
,3322,0,0,0.9858617
,3322,1,0,0.7718797
,3322,2,0,0.7081572
,3322,3,2,1.0
,3323,0,0,0.9144263
,3323,1,0,0.95095056
,3323,2,2,1.0
,3323,3,0,0.7831344
,3324,0,2,1.0
,3324,1,0,0.9659733
,3324,2,1,0.9049728
,3324,3,0,0.9659301
,3325,0,0,0.7849427
,3325,1,0,0.89903504
,3325,2,2,1.0
,3325,3,0,0.98957235
,3326,0,0,0.9683368
,3326,1,2,1.0
,3326,2,1,0.9049728
,3326,3,0,0.98324865
,3327,0,0,0.99336416
,3327,1,0,0.7831344
,3327,2,2,1.0
,3327,3,0,0.9124042
,3328,0,0,0.9967795
,3328,1,0,0.9659301
,3328,2,1,0.9049728
,3328,3,2,1.0
,3329,0,0,0.99724567
,3329,1,0,0.98957235
,3329,2,2,1.0
,3329,3,1,0.9049728
,3330,0,0,0.99730927
,3330,1,0,0.98324865
,3330,2,1,0.9049728
,3330,3,2,1.0
,3331,0,0,0.9973179
,3331,1,0,0.9124042
,3331,2,2,1.0
,3331,3,1,0.590954
,3332,0,0,0.9973191
,3332,1,2,1.0
,3332,2,1,0.7615302
,3332,3,1,0.5319616
,3333,0,0,0.9973192
,3333,1,1,0.98598814
,3333,2,0,0.6472837
,3333,3,2,1.0
,3334,0,0,0.9973192
,3334,1,2,1.0
,3334,2,0,0.6524066
,3334,3,1,0.76153016
,3335,0,0,0.9973192
,3335,1,1,0.98598814
,3335,2,2,1.0
,3335,3,0,0.6472836
,3336,0,0,0.9973192
,3336,1,2,1.0
,3336,2,0,0.69823617
,3336,3,0,0.6524066
,3337,0,0,0.9973192
,3337,1,1,0.98598814
,3337,2,0,0.8529352
,3337,3,2,1.0
,3338,0,0,0.9973192
,3338,1,2,1.0
,3338,2,0,0.8115569
,3338,3,0,0.7849427
,3339,0,0,0.9973192
,3339,1,1,0.9049728
,3339,2,2,1.0
,3339,3,0,0.9683368
,3340,0,0,0.9973192
,3340,1,2,1.0
,3340,2,1,0.9859881
,3340,3,0,0.99336416
,3341,0,0,0.9973192
,3341,1,1,0.9049728
,3341,2,2,1.0
,3341,3,0,0.9967795
,3342,0,0,0.9973191
,3342,1,2,1.0
,3342,2,1,0.9049728
,3342,3,0,0.99724567
,3343,0,0,0.99731874
,3343,1,1,0.9049728
,3343,2,2,1.0
,3343,3,0,0.99730927
,3344,0,0,0.99731535
,3344,1,2,1.0
,3344,2,1,0.9049728
,3344,3,0,0.9973179
,3345,0,0,0.9972906
,3345,1,1,0.98598814
,3345,2,2,1.0
,3345,3,0,0.9973191
,3346,0,0,0.99710894
,3346,1,2,1.0
,3346,2,1,0.9859881
,3346,3,0,0.9973192
,3347,0,0,0.99577785
,3347,1,1,0.9049728
,3347,2,2,1.0
,3347,3,0,0.9973192
,3348,0,0,0.98602426
,3348,1,2,1.0
,3348,2,1,0.9049728
,3348,3,0,0.9973192
,3349,0,0,0.9145523
,3349,1,0,0.69823617
,3349,2,2,1.0
,3349,3,0,0.9973192
,3350,0,2,1.0
,3350,1,0,0.8529352
,3350,2,1,0.9049728
,3350,3,0,0.9973192
,3351,0,1,0.91434735
,3351,1,0,0.8115568
,3351,2,2,1.0
,3351,3,0,0.9973192
,3352,0,1,0.7822302
,3352,1,2,1.0
,3352,2,1,0.7615302
,3352,3,0,0.9973191
,3353,0,2,1.0
,3353,1,1,0.9049728
,3353,2,0,0.6472837
,3353,3,0,0.99731874
,3354,0,0,0.7849427
,3354,1,2,1.0
,3354,2,0,0.6524066
,3354,3,0,0.99731535
,3355,0,0,0.9683368
,3355,1,1,0.9049728
,3355,2,2,1.0
,3355,3,0,0.9972906
,3356,0,0,0.99336416
,3356,1,2,0.99999964
,3356,2,1,0.9049728
,3356,3,0,0.99710894
,3357,0,0,0.9967795
,3357,1,1,0.9049728
,3357,2,2,1.0
,3357,3,0,0.99577785
,3358,0,0,0.99724555
,3358,1,2,1.0
,3358,2,1,0.9049728
,3358,3,0,0.98602426
,3359,0,0,0.99730915
,3359,1,1,0.590954
,3359,2,2,1.0
,3359,3,0,0.9145523
,3360,0,0,0.9973173
,3360,1,1,0.5319616
,3360,2,1,0.59095407
,3360,3,2,1.0
,3361,0,0,0.9973152
,3361,1,2,1.0
,3361,2,1,0.53196156
,3361,3,0,0.7849427
,3362,0,0,0.9972905
,3362,1,1,0.9049728
,3362,2,2,1.0
,3362,3,0,0.9683368
,3363,0,0,0.99710894
,3363,1,2,1.0
,3363,2,1,0.9265387
,3363,3,0,0.99336416
,3364,0,0,0.99577785
,3364,1,1,0.90499574
,3364,2,3,1.0
,3364,3,0,0.9967795
,3365,0,0,0.98602426
,3365,1,2,0.99893695
,3365,2,1,0.7730609
,3365,3,0,0.99724567
,3366,0,0,0.9145523
,3366,1,1,0.76121294
,3366,2,3,1.0
,3366,3,0,0.99730927
,3367,0,2,1.0
,3367,1,0,0.64742553
,3367,2,1,0.9500135
,3367,3,0,0.9973179
,3368,0,0,0.77187955
,3368,1,0,0.6525164
,3368,2,2,0.99998903
,3368,3,0,0.9973191
,3369,0,0,0.95095056
,3369,1,2,1.0
,3369,2,1,0.98598784
,3369,3,0,0.9973192
,3370,0,0,0.9659733
,3370,1,1,0.9049728
,3370,2,2,1.0
,3370,3,0,0.9973192
,3371,0,0,0.89903504
,3371,1,2,1.0
,3371,2,0,0.78313434
,3371,3,0,0.9973192
,3372,0,2,1.0
,3372,1,1,0.9049728
,3372,2,0,0.96593
,3372,3,0,0.9973192
,3373,0,1,0.9049728
,3373,1,2,1.0
,3373,2,0,0.98957247
,3373,3,0,0.9973191
,3374,0,2,1.0
,3374,1,1,0.98598814
,3374,2,0,0.98324853
,3374,3,0,0.99731874
,3375,0,0,0.6982363
,3375,1,2,1.0
,3375,2,0,0.9124042
,3375,3,0,0.99731535
,3376,0,0,0.8529352
,3376,1,1,0.9049728
,3376,2,2,1.0
,3376,3,0,0.9972906
,3377,0,0,0.8115568
,3377,1,2,1.0
,3377,2,1,0.91434735
,3377,3,0,0.99710894
,3378,0,2,1.0
,3378,1,1,0.590954
,3378,2,1,0.7822302
,3378,3,0,0.99577785
,3379,0,0,0.7831344
,3379,1,1,0.5319616
,3379,2,2,1.0
,3379,3,0,0.98602426
,3380,0,0,0.9659301
,3380,1,2,1.0
,3380,2,1,0.59095407
,3380,3,0,0.9145523
,3381,0,0,0.98957235
,3381,1,1,0.590954
,3381,2,1,0.5319617
,3381,3,2,1.0
,3382,0,0,0.98324865
,3382,1,1,0.5319616
,3382,2,2,1.0
,3382,3,0,0.7849427
,3383,0,0,0.9124042
,3383,1,2,1.0
,3383,2,1,0.6427071
,3383,3,0,0.9683368
,3384,0,2,1.0
,3384,1,1,0.590954
,3384,2,1,0.6008422
,3384,3,0,0.99336404
,3385,0,1,0.590954
,3385,1,1,0.5319616
,3385,2,3,0.9999962
,3385,3,0,0.9967794
,3386,0,1,0.5319616
,3386,1,2,1.0
,3386,2,0,0.71932274
,3386,3,0,0.9972451
,3387,0,2,1.0
,3387,1,0,0.784909
,3387,2,0,0.70815635
,3387,3,0,0.9973052
,3388,0,1,0.98598814
,3388,1,0,0.96829194
,3388,2,2,1.0
,3388,3,0,0.9972892
,3389,0,2,1.0
,3389,1,0,0.99329334
,3389,2,1,0.9049728
,3389,3,0,0.9971087
,3390,0,1,0.9049728
,3390,1,0,0.9965269
,3390,2,2,1.0
,3390,3,0,0.99577785
,3391,0,2,1.0
,3391,1,0,0.995662
,3391,2,1,0.9049728
,3391,3,0,0.98602426
,3392,0,0,0.69823617
,3392,1,0,0.9859725
,3392,2,2,1.0
,3392,3,0,0.9145523
,3393,0,0,0.8529352
,3393,1,0,0.91451216
,3393,2,0,0.78313434
,3393,3,2,1.0
,3394,0,0,0.8115568
,3394,1,2,1.0
,3394,2,0,0.96593
,3394,3,0,0.7849427
,3395,0,2,1.0
,3395,1,1,0.98598814
,3395,2,0,0.98957247
,3395,3,0,0.9683368
,3396,0,1,0.98598814
,3396,1,2,1.0
,3396,2,0,0.98324853
,3396,3,0,0.99336416
,3397,0,2,1.0
,3397,1,1,0.91434735
,3397,2,0,0.9124042
,3397,3,0,0.9967795
,3398,0,0,0.6982363
,3398,1,1,0.7822302
,3398,2,2,1.0
,3398,3,0,0.99724567
,3399,0,0,0.8529352
,3399,1,2,1.0
,3399,2,1,0.9859881
,3399,3,0,0.99730927
,3400,0,0,0.8115568
,3400,1,0,0.7718797
,3400,2,2,1.0
,3400,3,0,0.9973179
,3401,0,2,1.0
,3401,1,0,0.95095056
,3401,2,1,0.9049728
,3401,3,0,0.9973191
,3402,0,1,0.98598814
,3402,1,0,0.9659733
,3402,2,2,1.0
,3402,3,0,0.9973192
,3403,0,2,1.0
,3403,1,0,0.89903504
,3403,2,0,0.784909
,3403,3,0,0.9973191
,3404,0,1,0.98598814
,3404,1,2,1.0
,3404,2,0,0.968292
,3404,3,0,0.99731874
,3405,0,2,1.0
,3405,1,1,0.9049728
,3405,2,0,0.99329346
,3405,3,0,0.99731535
,3406,0,1,0.9049728
,3406,1,2,1.0
,3406,2,0,0.996527
,3406,3,0,0.9972906
,3407,0,2,1.0
,3407,1,1,0.9049728
,3407,2,0,0.9956621
,3407,3,0,0.99710894
,3408,0,1,0.9049728
,3408,1,2,1.0
,3408,2,0,0.9859725
,3408,3,0,0.99577785
,3409,0,2,1.0
,3409,1,0,0.77187955
,3409,2,0,0.91451216
,3409,3,0,0.98602426
,3410,0,0,0.7718797
,3410,1,0,0.95095056
,3410,2,2,1.0
,3410,3,0,0.9145523
,3411,0,0,0.95095056
,3411,1,0,0.9659733
,3411,2,1,0.9049728
,3411,3,2,1.0
,3412,0,0,0.9659733
,3412,1,0,0.89903504
,3412,2,2,1.0
,3412,3,0,0.78489447
,3413,0,0,0.89903504
,3413,1,2,1.0
,3413,2,1,0.7615302
,3413,3,0,0.96827275
,3414,0,2,1.0
,3414,1,1,0.9049728
,3414,2,0,0.6472837
,3414,3,0,0.993263
,3415,0,0,0.76642424
,3415,1,2,1.0
,3415,2,0,0.6524066
,3415,3,0,0.99641895
,3416,0,0,0.9436897
,3416,1,0,0.6666784
,3416,2,2,1.0
,3416,3,0,0.994985
,3417,0,0,0.95453435
,3417,1,0,0.8109334
,3417,2,2,1.0
,3417,3,0,0.9811254
,3418,0,0,1.0
,3418,1,2,0.54717207
,3418,2,0,1.0
,3418,3,0,1.0
,3419,0,0,0.99768513
,3419,1,1,0.96969783
,3419,2,3,1.0
,3419,3,0,0.99768466
,3420,0,0,0.99736917
,3420,1,2,1.0
,3420,2,1,0.950016
,3420,3,0,0.99736536
,3421,0,0,0.997326
,3421,1,1,0.9265387
,3421,2,2,0.99977946
,3421,3,0,0.99729747
,3422,0,0,0.9973202
,3422,1,3,1.0
,3422,2,1,0.9859803
,3422,3,0,0.9971099
,3423,0,0,0.99731934
,3423,1,1,0.9617892
,3423,2,2,1.0
,3423,3,0,0.9957781
,3424,0,0,0.9973192
,3424,1,3,1.0
,3424,2,1,0.9049728
,3424,3,0,0.9860244
,3425,0,0,0.9973192
,3425,1,0,0.53689075
,3425,2,2,1.0
,3425,3,0,0.9145523
,3426,0,0,0.9973192
,3426,1,0,0.78073823
,3426,2,1,0.9049728
,3426,3,2,1.0
,3427,0,0,0.99731874
,3427,1,0,0.7556606
,3427,2,2,1.0
,3427,3,0,0.7849427
,3428,0,0,0.99731535
,3428,1,2,0.9990176
,3428,2,1,0.9265387
,3428,3,0,0.9683368
,3429,0,0,0.9972906
,3429,1,1,0.9859528
,3429,2,3,1.0
,3429,3,0,0.99336416
,3430,0,0,0.99710894
,3430,1,2,0.99999905
,3430,2,1,0.9500135
,3430,3,0,0.9967795
,3431,0,0,0.99577785
,3431,1,1,0.98598814
,3431,2,2,0.9999988
,3431,3,0,0.99724567
,3432,0,0,0.98602426
,3432,1,2,1.0
,3432,2,1,0.9893837
,3432,3,0,0.99730927
,3433,0,0,0.9145523
,3433,1,1,0.590954
,3433,2,3,1.0
,3433,3,0,0.9973179
,3434,0,2,1.0
,3434,1,1,0.53196156
,3434,2,0,0.53691584
,3434,3,0,0.9973191
,3435,0,1,0.9049728
,3435,1,2,1.0
,3435,2,0,0.78077686
,3435,3,0,0.9973192
,3436,0,2,1.0
,3436,1,0,0.78313434
,3436,2,0,0.7557144
,3436,3,0,0.9973192
,3437,0,1,0.9049728
,3437,1,0,0.9659301
,3437,2,2,0.99998593
,3437,3,0,0.9973192
,3438,0,2,1.0
,3438,1,0,0.98957235
,3438,2,1,0.9859876
,3438,3,0,0.9973192
,3439,0,1,0.92112
,3439,1,0,0.98324865
,3439,2,2,1.0
,3439,3,0,0.9973192
,3440,0,3,0.74873596
,3440,1,0,0.9124042
,3440,2,1,0.91434735
,3440,3,0,0.9973192
,3441,0,1,0.53807265
,3441,1,2,1.0
,3441,2,1,0.7822302
,3441,3,0,0.9973192
,3442,0,0,0.7472352
,3442,1,1,0.9049728
,3442,2,2,1.0
,3442,3,0,0.9973192
,3443,0,0,0.72975737
,3443,1,2,1.0
,3443,2,0,0.784938
,3443,3,0,0.9973192
,3444,0,2,1.0
,3444,1,1,0.9893837
,3444,2,0,0.9683308
,3444,3,0,0.9973192
,3445,0,1,0.9049728
,3445,1,3,1.0
,3445,2,0,0.99335456
,3445,3,0,0.9973192
,3446,0,2,1.0
,3446,1,1,0.9500134
,3446,2,0,0.99674493
,3446,3,0,0.9973192
,3447,0,1,0.9049728
,3447,1,2,1.0
,3447,2,0,0.9970294
,3447,3,0,0.9973192
,3448,0,2,1.0
,3448,1,1,0.9265387
,3448,2,0,0.99576205
,3448,3,0,0.9973192
,3449,0,1,0.9049728
,3449,1,3,1.0
,3449,2,0,0.9860172
,3449,3,0,0.9973192
,3450,0,2,1.0
,3450,1,1,0.7424784
,3450,2,0,0.9145468
,3450,3,0,0.9973192
,3451,0,1,0.590954
,3451,1,1,0.6492237
,3451,2,2,1.0
,3451,3,0,0.9973192
,3452,0,1,0.5319616
,3452,1,2,1.0
,3452,2,0,0.76806915
,3452,3,0,0.9973192
,3453,0,2,1.0
,3453,1,1,0.9049728
,3453,2,0,0.94587916
,3453,3,0,0.9973192
,3454,0,1,0.9049728
,3454,1,2,1.0
,3454,2,0,0.9579834
,3454,3,0,0.9973192
,3455,0,2,1.0
,3455,1,0,0.7849427
,3455,2,0,0.8705234
,3455,3,0,0.9973192
,3456,0,1,0.9049728
,3456,1,0,0.9683368
,3456,2,3,1.0
,3456,3,0,0.9973192
,3457,0,2,1.0
,3457,1,0,0.99336404
,3457,2,1,0.9617892
,3457,3,0,0.9973192
,3458,0,1,0.9049728
,3458,1,0,0.9967794
,3458,2,3,1.0
,3458,3,0,0.9973192
,3459,0,2,1.0
,3459,1,0,0.9972451
,3459,2,1,0.72005236
,3459,3,0,0.9973191
,3460,0,1,0.9049728
,3460,1,0,0.9973052
,3460,2,2,1.0
,3460,3,0,0.99731874
,3461,0,2,1.0
,3461,1,0,0.9972892
,3461,2,1,0.98598826
,3461,3,0,0.99731535
,3462,0,1,0.9049728
,3462,1,0,0.9971087
,3462,2,2,0.9999769
,3462,3,0,0.9972906
,3463,0,2,1.0
,3463,1,0,0.99577785
,3463,2,1,0.989383
,3463,3,0,0.99710894
,3464,0,1,0.9049728
,3464,1,0,0.98602426
,3464,2,3,1.0
,3464,3,0,0.99577785
,3465,0,2,1.0
,3465,1,0,0.9145523
,3465,2,0,0.5369161
,3465,3,0,0.98602426
,3466,0,0,0.7849427
,3466,1,2,1.0
,3466,2,0,0.78077745
,3466,3,0,0.9145523
,3467,0,0,0.9683368
,3467,1,0,0.7718797
,3467,2,0,0.75571513
,3467,3,2,1.0
,3468,0,0,0.99336416
,3468,1,0,0.95095056
,3468,2,2,1.0
,3468,3,1,0.9049728
,3469,0,0,0.9967795
,3469,1,0,0.9659733
,3469,2,1,0.9049728
,3469,3,2,1.0
,3470,0,0,0.99724555
,3470,1,0,0.89903504
,3470,2,2,1.0
,3470,3,0,0.69823617
,3471,0,0,0.9973087
,3471,1,2,1.0
,3471,2,1,0.9049728
,3471,3,0,0.8529352
,3472,0,0,0.99731404
,3472,1,0,0.6982363
,3472,2,2,1.0
,3472,3,0,0.8115568
,3473,0,0,0.9972904
,3473,1,0,0.8529352
,3473,2,1,0.9049728
,3473,3,2,1.0
,3474,0,0,0.9971088
,3474,1,0,0.8115568
,3474,2,2,1.0
,3474,3,0,0.7849427
,3475,0,0,0.99577785
,3475,1,2,1.0
,3475,2,1,0.90752125
,3475,3,0,0.9683368
,3476,0,0,0.98602426
,3476,1,1,0.9049728
,3476,2,2,0.8818245
,3476,3,0,0.99336416
,3477,0,0,0.9145523
,3477,1,2,1.0
,3477,2,1,0.8940366
,3477,3,0,0.9967795
,3478,0,2,1.0
,3478,1,1,0.6693604
,3478,2,1,0.76651204
,3478,3,0,0.99724567
,3479,0,1,0.98598814
,3479,1,0,0.90633947
,3479,2,2,1.0
,3479,3,0,0.99730927
,3480,0,2,1.0
,3480,1,0,0.9849035
,3480,2,1,0.9265387
,3480,3,0,0.9973179
,3481,0,1,0.9893837
,3481,1,0,0.99562496
,3481,2,3,1.0
,3481,3,0,0.9973191
,3482,0,3,1.0
,3482,1,0,0.9970879
,3482,2,1,0.9500133
,3482,3,0,0.9973192
,3483,0,1,0.9500134
,3483,1,0,0.99728715
,3483,2,2,1.0
,3483,3,0,0.9973192
,3484,0,2,1.0
,3484,1,0,0.99731106
,3484,2,1,0.9265387
,3484,3,0,0.9973192
,3485,0,1,0.9049728
,3485,1,0,0.99729
,3485,2,3,1.0
,3485,3,0,0.9973192
,3486,0,2,0.9999999
,3486,1,0,0.9971088
,3486,2,1,0.9617892
,3486,3,0,0.9973192
,3487,0,1,0.9049728
,3487,1,0,0.99577785
,3487,2,3,1.0
,3487,3,0,0.9973192
,3488,0,2,1.0
,3488,1,0,0.98602426
,3488,2,1,0.9500133
,3488,3,0,0.9973192
,3489,0,1,0.64270735
,3489,1,0,0.9145523
,3489,2,2,1.0
,3489,3,0,0.9973192
,3490,0,1,0.6008424
,3490,1,2,1.0
,3490,2,1,0.6427074
,3490,3,0,0.9973192
,3491,0,3,1.0
,3491,1,1,0.64270735
,3491,2,1,0.6008424
,3491,3,0,0.9973192
,3492,0,1,0.7424784
,3492,1,1,0.6008424
,3492,2,3,1.0
,3492,3,0,0.9973192
,3493,0,1,0.6492237
,3493,1,3,1.0
,3493,2,0,0.5369161
,3493,3,0,0.9973192
,3494,0,2,1.0
,3494,1,1,0.9500134
,3494,2,0,0.78077745
,3494,3,0,0.9973192
,3495,0,1,0.590954
,3495,1,2,1.0
,3495,2,0,0.75571513
,3495,3,0,0.9973191
,3496,0,1,0.5319616
,3496,1,0,0.69823617
,3496,2,2,0.9999993
,3496,3,0,0.99731874
,3497,0,2,1.0
,3497,1,0,0.8529352
,3497,2,1,0.9859881
,3497,3,0,0.99731535
,3498,0,0,0.784909
,3498,1,0,0.8115568
,3498,2,2,1.0
,3498,3,0,0.9972906
,3499,0,0,0.96829194
,3499,1,2,1.0
,3499,2,1,0.9049728
,3499,3,0,0.99710894
,3500,0,0,0.99329334
,3500,1,1,0.9265387
,3500,2,2,1.0
,3500,3,0,0.99577785
,3501,0,0,0.9965269
,3501,1,3,1.0
,3501,2,1,0.9859881
,3501,3,0,0.98602426
,3502,0,0,0.995662
,3502,1,1,0.7424784
,3502,2,2,1.0
,3502,3,0,0.9145523
,3503,0,0,0.9859725
,3503,1,1,0.6492237
,3503,2,0,0.7718797
,3503,3,2,1.0
,3504,0,0,0.91451216
,3504,1,2,1.0
,3504,2,0,0.95095056
,3504,3,0,0.7849427
,3505,0,2,1.0
,3505,1,1,0.90497506
,3505,2,0,0.9659733
,3505,3,0,0.9683368
,3506,0,1,0.590954
,3506,1,2,0.9998987
,3506,2,0,0.89903516
,3506,3,0,0.99336416
,3507,0,1,0.5319616
,3507,1,1,0.91433
,3507,2,2,1.0
,3507,3,0,0.9967795
,3508,0,2,1.0
,3508,1,1,0.7822167
,3508,2,1,0.59095407
,3508,3,0,0.99724567
,3509,0,0,0.77187955
,3509,1,2,1.0
,3509,2,1,0.5319617
,3509,3,0,0.99730927
,3510,0,0,0.95095056
,3510,1,1,0.9049728
,3510,2,2,1.0
,3510,3,0,0.9973179
,3511,0,0,0.9659733
,3511,1,2,1.0
,3511,2,1,0.9049728
,3511,3,0,0.9973191
,3512,0,0,0.89903504
,3512,1,1,0.590954
,3512,2,2,1.0
,3512,3,0,0.9973192
,3513,0,2,1.0
,3513,1,1,0.5319616
,3513,2,1,0.7615302
,3513,3,0,0.9973192
,3514,0,1,0.9049728
,3514,1,2,1.0
,3514,2,0,0.6472837
,3514,3,0,0.9973192
,3515,0,2,1.0
,3515,1,0,0.7846954
,3515,2,0,0.6524066
,3515,3,0,0.9973192
,3516,0,1,0.9049728
,3516,1,0,0.96800774
,3516,2,2,1.0
,3516,3,0,0.9973192
,3517,0,2,1.0
,3517,1,0,0.9928456
,3517,2,1,0.9049728
,3517,3,0,0.9973192
,3518,0,1,0.9049728
,3518,1,0,0.9949293
,3518,2,2,1.0
,3518,3,0,0.9973192
,3519,0,2,1.0
,3519,1,0,0.98564476
,3519,2,1,0.98599344
,3519,3,0,0.9973192
,3520,0,0,0.7849427
,3520,1,0,0.9142585
,3520,2,2,0.99845815
,3520,3,0,0.9973192
,3521,0,0,0.9683368
,3521,1,2,1.0
,3521,2,1,0.9859328
,3521,3,0,0.9973192
,3522,0,0,0.99336416
,3522,1,1,0.98598814
,3522,2,2,1.0
,3522,3,0,0.9973192
,3523,0,0,0.9967795
,3523,1,2,1.0
,3523,2,1,0.9049728
,3523,3,0,0.9973192
,3524,0,0,0.99724555
,3524,1,1,0.9049728
,3524,2,2,1.0
,3524,3,0,0.9973192
,3525,0,0,0.99730915
,3525,1,2,1.0
,3525,2,1,0.9049728
,3525,3,0,0.9973192
,3526,0,0,0.9973173
,3526,1,1,0.9049728
,3526,2,2,1.0
,3526,3,0,0.9973192
,3527,0,0,0.9973152
,3527,1,2,1.0
,3527,2,1,0.9859881
,3527,3,0,0.9973192
,3528,0,0,0.9972905
,3528,1,1,0.9049728
,3528,2,2,1.0
,3528,3,0,0.9973192
,3529,0,0,0.99710894
,3529,1,2,1.0
,3529,2,1,0.9265387
,3529,3,0,0.9973192
,3530,0,0,0.99577785
,3530,1,1,0.9049728
,3530,2,3,1.0
,3530,3,0,0.9973192
,3531,0,0,0.98602426
,3531,1,2,1.0
,3531,2,1,0.9500133
,3531,3,0,0.9973192
,3532,0,0,0.9145523
,3532,1,0,0.6982363
,3532,2,2,0.9999988
,3532,3,0,0.9973192
,3533,0,2,1.0
,3533,1,0,0.8529352
,3533,2,1,0.9875952
,3533,3,0,0.9973192
,3534,0,0,0.7849427
,3534,1,0,0.8115568
,3534,2,2,0.5267593
,3534,3,0,0.9973192
,3535,0,0,0.9683368
,3535,1,2,1.0
,3535,2,1,0.97632486
,3535,3,0,0.9973192
,3536,0,0,0.99336404
,3536,1,1,0.9049728
,3536,2,3,1.0
,3536,3,0,0.9973192
,3537,0,0,0.9967794
,3537,1,2,1.0
,3537,2,1,0.9500133
,3537,3,0,0.9973192
,3538,0,0,0.9972451
,3538,1,1,0.98598814
,3538,2,2,1.0
,3538,3,0,0.9973192
,3539,0,0,0.9973052
,3539,1,2,1.0
,3539,2,1,0.9859881
,3539,3,0,0.9973192
,3540,0,0,0.9972892
,3540,1,1,0.9049728
,3540,2,2,1.0
,3540,3,0,0.9973192
,3541,0,0,0.9971087
,3541,1,2,1.0
,3541,2,1,0.98616344
,3541,3,0,0.9973192
,3542,0,0,0.99577785
,3542,1,1,0.9049763
,3542,2,2,0.94837576
,3542,3,0,0.9973192
,3543,0,0,0.98602426
,3543,1,2,0.9998343
,3543,2,1,0.98413104
,3543,3,0,0.9973192
,3544,0,0,0.9145523
,3544,1,0,0.6982689
,3544,2,2,1.0
,3544,3,0,0.9973192
,3545,0,2,1.0
,3545,1,0,0.85294986
,3545,2,1,0.9265387
,3545,3,0,0.9973192
,3546,0,0,0.69823617
,3546,1,0,0.8115681
,3546,2,3,1.0
,3546,3,0,0.9973192
,3547,0,0,0.8529352
,3547,1,2,1.0
,3547,2,1,0.9500133
,3547,3,0,0.9973192
,3548,0,0,0.8115568
,3548,1,0,0.69823617
,3548,2,2,1.0
,3548,3,0,0.9973192
,3549,0,2,1.0
,3549,1,0,0.8529352
,3549,2,1,0.9049728
,3549,3,0,0.9973192
,3550,0,0,0.7849421
,3550,1,0,0.8115568
,3550,2,2,1.0
,3550,3,0,0.9973192
,3551,0,0,0.968336
,3551,1,2,1.0
,3551,2,1,0.9049728
,3551,3,0,0.9973192
,3552,0,0,0.99336284
,3552,1,1,0.9049728
,3552,2,2,1.0
,3552,3,0,0.9973192
,3553,0,0,0.99677473
,3553,1,2,1.0
,3553,2,1,0.9049728
,3553,3,0,0.9973192
,3554,0,0,0.99721605
,3554,1,1,0.9049728
,3554,2,2,1.0
,3554,3,0,0.9973192
,3555,0,0,0.997098
,3555,1,2,1.0
,3555,2,1,0.9049728
,3555,3,0,0.9973192
,3556,0,0,0.9957757
,3556,1,1,0.9049728
,3556,2,2,1.0
,3556,3,0,0.9973192
,3557,0,0,0.9860233
,3557,1,2,1.0
,3557,2,1,0.9265385
,3557,3,0,0.9973192
,3558,0,0,0.9145515
,3558,1,0,0.69823617
,3558,2,3,0.9999862
,3558,3,0,0.9973192
,3559,0,2,1.0
,3559,1,0,0.8529352
,3559,2,1,0.950014
,3559,3,0,0.9973192
,3560,0,0,0.7849381
,3560,1,0,0.8115568
,3560,2,2,1.0
,3560,3,0,0.9973192
,3561,0,0,0.9683307
,3561,1,2,1.0
,3561,2,1,0.9859881
,3561,3,0,0.9973192
,3562,0,0,0.99335444
,3562,1,1,0.9049728
,3562,2,2,0.99999785
,3562,3,0,0.9973192
,3563,0,0,0.99674505
,3563,1,2,1.0
,3563,2,1,0.9859881
,3563,3,0,0.9973192
,3564,0,0,0.9970294
,3564,1,1,0.9049728
,3564,2,2,1.0
,3564,3,0,0.9973192
,3565,0,0,0.99576205
,3565,1,2,1.0
,3565,2,1,0.9049728
,3565,3,0,0.9973192
,3566,0,0,0.9860172
,3566,1,1,0.9049728
,3566,2,2,1.0
,3566,3,0,0.9973192
,3567,0,0,0.9145468
,3567,1,2,1.0
,3567,2,1,0.5909724
,3567,3,0,0.9973192
,3568,0,2,1.0
,3568,1,1,0.590954
,3568,2,1,0.531986
,3568,3,0,0.9973192
,3569,0,0,0.7831344
,3569,1,1,0.5319616
,3569,2,2,0.9996467
,3569,3,0,0.9973192
,3570,0,0,0.9659301
,3570,1,2,1.0
,3570,2,1,0.9049074
,3570,3,0,0.9973192
,3571,0,0,0.98957235
,3571,1,1,0.9049728
,3571,2,2,1.0
,3571,3,0,0.9973192
,3572,0,0,0.98324865
,3572,1,2,1.0
,3572,2,1,0.9049728
,3572,3,0,0.9973192
,3573,0,0,0.9124042
,3573,1,1,0.64270735
,3573,2,2,1.0
,3573,3,0,0.9973191
,3574,0,2,1.0
,3574,1,1,0.6008424
,3574,2,1,0.59095407
,3574,3,0,0.99731874
,3575,0,1,0.590954
,3575,1,3,1.0
,3575,2,1,0.53196156
,3575,3,0,0.99731535
,3576,0,1,0.5319616
,3576,1,0,0.7193239
,3576,2,2,1.0
,3576,3,0,0.9972906
,3577,0,2,1.0
,3577,1,0,0.70815724
,3577,2,0,0.69823617
,3577,3,0,0.99710894
,3578,0,1,0.9049728
,3578,1,2,1.0
,3578,2,0,0.8529352
,3578,3,0,0.99577785
,3579,0,2,1.0
,3579,1,0,0.7846955
,3579,2,0,0.8115569
,3579,3,0,0.98602426
,3580,0,1,0.590954
,3580,1,0,0.96800774
,3580,2,2,1.0
,3580,3,0,0.9145523
,3581,0,1,0.5319616
,3581,1,0,0.9928456
,3581,2,0,0.7846955
,3581,3,2,1.0
,3582,0,2,1.0
,3582,1,0,0.9949293
,3582,2,0,0.96800786
,3582,3,1,0.9049728
,3583,0,0,0.6982363
,3583,1,0,0.98564476
,3583,2,0,0.9928457
,3583,3,2,1.0
,3584,0,0,0.8529352
,3584,1,0,0.9142585
,3584,2,0,0.9949293
,3584,3,2,1.0
,3585,0,0,0.8115568
,3585,1,2,1.0
,3585,2,0,0.98564464
,3585,3,0,0.7849421
,3586,0,2,1.0
,3586,1,1,0.590954
,3586,2,0,0.9142586
,3586,3,0,0.968336
,3587,0,1,0.590954
,3587,1,1,0.5319616
,3587,2,2,1.0
,3587,3,0,0.99336284
,3588,0,1,0.5319616
,3588,1,2,1.0
,3588,2,1,0.91434735
,3588,3,0,0.99677473
,3589,0,2,1.0
,3589,1,1,0.590954
,3589,2,1,0.7822302
,3589,3,0,0.99721605
,3590,0,1,0.59095407
,3590,1,1,0.5319616
,3590,2,2,0.99999976
,3590,3,0,0.997098
,3591,0,1,0.5319616
,3591,1,2,1.0
,3591,2,1,0.91434735
,3591,3,0,0.9957757
,3592,0,2,0.99999964
,3592,1,0,0.78313434
,3592,2,1,0.7822302
,3592,3,0,0.9860233
,3593,0,1,0.91434735
,3593,1,0,0.9659301
,3593,2,2,1.0
,3593,3,0,0.9145515
,3594,0,1,0.78223014
,3594,1,0,0.98957235
,3594,2,0,0.7849427
,3594,3,2,1.0
,3595,0,2,1.0
,3595,1,0,0.98324865
,3595,2,0,0.9683368
,3595,3,1,0.9049728
,3596,0,1,0.590954
,3596,1,0,0.9124042
,3596,2,0,0.99336404
,3596,3,2,1.0
,3597,0,1,0.5319616
,3597,1,2,1.0
,3597,2,0,0.9967796
,3597,3,1,0.6693604
,3598,0,2,1.0
,3598,1,0,0.7718797
,3598,2,0,0.99724555
,3598,3,0,0.90633947
,3599,0,2,1.0
,3599,1,0,0.95095056
,3599,2,0,0.99730927
,3599,3,0,0.9849035
,3600,0,2,1.0
,3600,1,0,0.9659733
,3600,2,0,0.9973178
,3600,3,0,0.99562496
,3601,0,2,1.0
,3601,1,0,0.89903504
,3601,2,0,0.997319
,3601,3,0,0.997088
,3602,0,1,0.98598814
,3602,1,2,1.0
,3602,2,0,0.9973192
,3602,3,0,0.99728775
,3603,0,2,1.0
,3603,1,1,0.9049728
,3603,2,0,0.99731874
,3603,3,0,0.997315
,3604,0,1,0.9049728
,3604,1,2,1.0
,3604,2,0,0.99731547
,3604,3,0,0.9973186
,3605,0,2,1.0
,3605,1,1,0.9049728
,3605,2,0,0.9972905
,3605,3,0,0.9973191
,3606,0,1,0.9049728
,3606,1,2,1.0
,3606,2,0,0.9971088
,3606,3,0,0.9973192
,3607,0,2,1.0
,3607,1,1,0.90528136
,3607,2,0,0.99577796
,3607,3,0,0.9973192
,3608,0,1,0.9049728
,3608,1,2,0.9856894
,3608,2,0,0.98602426
,3608,3,0,0.9973192
,3609,0,2,1.0
,3609,1,1,0.9279125
,3609,2,0,0.9145523
,3609,3,0,0.9973192
,3610,0,1,0.7615304
,3610,1,1,0.82464457
,3610,2,2,1.0
,3610,3,0,0.9973192
,3611,0,0,0.6472829
,3611,1,3,1.0
,3611,2,1,0.9049728
,3611,3,0,0.9973192
,3612,0,0,0.6524057
,3612,1,0,0.6465085
,3612,2,2,1.0
,3612,3,0,0.9973192
,3613,0,2,0.9999864
,3613,1,0,0.9494452
,3613,2,1,0.9049728
,3613,3,0,0.9973192
,3614,0,1,0.9859877
,3614,1,0,0.990786
,3614,2,2,1.0
,3614,3,0,0.9973192
,3615,0,2,1.0
,3615,1,0,0.9964277
,3615,2,1,0.9265387
,3615,3,0,0.9973192
,3616,0,1,0.98598814
,3616,1,0,0.9971976
,3616,2,3,1.0
,3616,3,0,0.9973192
,3617,0,2,1.0
,3617,1,0,0.9973026
,3617,2,1,0.9500133
,3617,3,0,0.9973192
,3618,0,1,0.9265387
,3618,1,0,0.99731696
,3618,2,2,1.0
,3618,3,0,0.9973192
,3619,0,3,1.0
,3619,1,0,0.997319
,3619,2,1,0.9265387
,3619,3,0,0.9973192
,3620,0,1,0.9500134
,3620,1,0,0.9973192
,3620,2,3,1.0
,3620,3,0,0.9973192
,3621,0,2,1.0
,3621,1,0,0.9973192
,3621,2,1,0.9617892
,3621,3,0,0.9973192
,3622,0,1,0.9049728
,3622,1,0,0.9973192
,3622,2,3,1.0
,3622,3,0,0.9973192
,3623,0,2,1.0
,3623,1,0,0.9973192
,3623,2,1,0.9500133
,3623,3,0,0.9973192
,3624,0,1,0.9265387
,3624,1,0,0.9973192
,3624,2,2,1.0
,3624,3,0,0.9973192
,3625,0,3,0.9999999
,3625,1,0,0.9973191
,3625,2,1,0.9052265
,3625,3,0,0.9973192
,3626,0,1,0.9500134
,3626,1,0,0.9973185
,3626,2,2,0.98823607
,3626,3,0,0.9973192
,3627,0,2,1.0
,3627,1,0,0.99731416
,3627,2,1,0.98557043
,3627,3,0,0.9973192
,3628,0,1,0.9049728
,3628,1,0,0.997282
,3628,2,2,0.998472
,3628,3,0,0.9973192
,3629,0,2,1.0
,3629,1,0,0.9970462
,3629,2,1,0.9893415
,3629,3,0,0.9973192
,3630,0,1,0.9049728
,3630,1,0,0.9953184
,3630,2,3,1.0
,3630,3,0,0.9973192
,3631,0,2,1.0
,3631,1,0,0.98265815
,3631,2,1,0.9500133
,3631,3,0,0.9973192
,3632,0,0,0.784909
,3632,1,0,0.88988566
,3632,2,2,1.0
,3632,3,0,0.9973192
,3633,0,0,0.96829194
,3633,1,3,1.0
,3633,2,1,0.9049728
,3633,3,0,0.9973192
,3634,0,0,0.99329334
,3634,1,1,0.9500134
,3634,2,2,1.0
,3634,3,0,0.9973192
,3635,0,0,0.9965269
,3635,1,2,1.0
,3635,2,1,0.9049728
,3635,3,0,0.9973192
,3636,0,0,0.995662
,3636,1,1,0.9049728
,3636,2,2,1.0
,3636,3,0,0.9973192
,3637,0,0,0.9859725
,3637,1,2,1.0
,3637,2,1,0.9049728
,3637,3,0,0.9973192
,3638,0,0,0.91451216
,3638,1,0,0.6759393
,3638,2,2,1.0
,3638,3,0,0.9973192
,3639,0,2,1.0
,3639,1,0,0.8232592
,3639,2,1,0.9049728
,3639,3,0,0.9973192
,3640,0,1,0.590954
,3640,1,0,0.7648043
,3640,2,2,1.0
,3640,3,0,0.9973192
,3641,0,1,0.5319616
,3641,1,3,1.0
,3641,2,1,0.59095407
,3641,3,0,0.9973192
,3642,0,2,1.0
,3642,1,0,0.6465077
,3642,2,1,0.5319617
,3642,3,0,0.9973192
,3643,0,1,0.9049728
,3643,1,0,0.94944394
,3643,2,2,1.0
,3643,3,0,0.9973192
,3644,0,2,1.0
,3644,1,0,0.9907842
,3644,2,1,0.9049728
,3644,3,0,0.9973192
,3645,0,1,0.9049728
,3645,1,0,0.9964225
,3645,2,2,1.0
,3645,3,0,0.9973192
,3646,0,2,1.0
,3646,1,0,0.9971675
,3646,2,1,0.9859881
,3646,3,0,0.9973192
,3647,0,1,0.9049728
,3647,1,0,0.997091
,3647,2,2,1.0
,3647,3,0,0.9973192
,3648,0,2,1.0
,3648,1,0,0.99577427
,3648,2,1,0.9893837
,3648,3,0,0.9973192
,3649,0,1,0.9265387
,3649,1,0,0.9860227
,3649,2,3,1.0
,3649,3,0,0.9973192
,3650,0,3,1.0
,3650,1,0,0.91455096
,3650,2,0,0.5110465
,3650,3,0,0.9973192
,3651,0,1,0.9500134
,3651,1,2,1.0
,3651,2,0,0.74096274
,3651,3,0,0.9973192
,3652,0,2,1.0
,3652,1,0,0.784909
,3652,2,0,0.7002259
,3652,3,0,0.9973192
,3653,0,1,0.9049728
,3653,1,0,0.96829194
,3653,2,3,1.0
,3653,3,0,0.9973192
,3654,0,2,1.0
,3654,1,0,0.99329334
,3654,2,1,0.9617892
,3654,3,0,0.9973192
,3655,0,1,0.9049728
,3655,1,0,0.9965269
,3655,2,3,1.0
,3655,3,0,0.9973192
,3656,0,2,1.0
,3656,1,0,0.995662
,3656,2,1,0.9617892
,3656,3,0,0.9973192
,3657,0,1,0.9049728
,3657,1,0,0.9859725
,3657,2,3,1.0
,3657,3,0,0.9973192
,3658,0,2,1.0
,3658,1,0,0.91451216
,3658,2,0,0.644064
,3658,3,0,0.9973192
,3659,0,1,0.9049728
,3659,1,2,1.0
,3659,2,0,0.945683
,3659,3,0,0.9973192
,3660,0,2,1.0
,3660,1,1,0.9049728
,3660,2,0,0.98554265
,3660,3,0,0.9973192
,3661,0,1,0.98598814
,3661,1,2,1.0
,3661,2,0,0.981446
,3661,3,0,0.9973191
,3662,0,2,1.0
,3662,1,1,0.590954
,3662,2,0,0.9110094
,3662,3,0,0.99731874
,3663,0,1,0.91434735
,3663,1,1,0.5319616
,3663,2,2,1.0
,3663,3,0,0.99731535
,3664,0,1,0.7822302
,3664,1,2,1.0
,3664,2,1,0.7615302
,3664,3,0,0.9972906
,3665,0,2,1.0
,3665,1,1,0.9049728
,3665,2,0,0.6472837
,3665,3,0,0.99710894
,3666,0,1,0.66968435
,3666,1,2,1.0
,3666,2,0,0.65240645
,3666,3,0,0.99577785
,3667,0,0,0.905429
,3667,1,1,0.98598814
,3667,2,2,1.0
,3667,3,0,0.98602426
,3668,0,0,0.98373485
,3668,1,2,1.0
,3668,2,0,0.69823617
,3668,3,0,0.9145523
,3669,0,0,0.99311596
,3669,1,1,0.9049728
,3669,2,0,0.8529352
,3669,3,2,1.0
,3670,0,0,0.98483366
,3670,1,2,1.0
,3670,2,0,0.8115569
,3670,3,1,0.6693604
,3671,0,0,0.91363084
,3671,1,1,0.590954
,3671,2,2,1.0
,3671,3,0,0.90633947
,3672,0,2,1.0
,3672,1,1,0.5319616
,3672,2,0,0.69823617
,3672,3,0,0.9849034
,3673,0,1,0.9049728
,3673,1,2,1.0
,3673,2,0,0.8529352
,3673,3,0,0.99562484
,3674,0,2,1.0
,3674,1,1,0.590954
,3674,2,0,0.8115569
,3674,3,0,0.9970874
,3675,0,1,0.590954
,3675,1,1,0.5319616
,3675,2,2,1.0
,3675,3,0,0.9972837
,3676,0,1,0.5319616
,3676,1,2,1.0
,3676,2,1,0.59095395
,3676,3,0,0.9972862
,3677,0,2,1.0
,3677,1,1,0.91434735
,3677,2,1,0.53196156
,3677,3,0,0.9971082
,3678,0,1,0.91434735
,3678,1,1,0.7822302
,3678,2,2,1.0
,3678,3,0,0.9957777
,3679,0,1,0.7822302
,3679,1,2,1.0
,3679,2,1,0.7615302
,3679,3,0,0.98602426
,3680,0,2,1.0
,3680,1,1,0.76153016
,3680,2,0,0.6472837
,3680,3,0,0.91455215
,3681,0,0,0.77187955
,3681,1,0,0.6472836
,3681,2,0,0.65240645
,3681,3,2,1.0
,3682,0,0,0.95095056
,3682,1,0,0.6524066
,3682,2,2,1.0
,3682,3,0,0.78494257
,3683,0,0,0.9659733
,3683,1,2,1.0
,3683,2,1,0.9049728
,3683,3,0,0.9683367
,3684,0,0,0.89903504
,3684,1,1,0.590954
,3684,2,2,1.0
,3684,3,0,0.9933639
,3685,0,2,1.0
,3685,1,1,0.5319616
,3685,2,1,0.59095407
,3685,3,0,0.99677855
,3686,0,1,0.590954
,3686,1,2,1.0
,3686,2,1,0.53196156
,3686,3,0,0.9972398
,3687,0,1,0.53196156
,3687,1,1,0.590954
,3687,2,2,1.0
,3687,3,0,0.99726814
,3688,0,2,1.0
,3688,1,1,0.5319616
,3688,2,1,0.6924867
,3688,3,0,0.99701744
,3689,0,1,0.9049728
,3689,1,2,1.0
,3689,2,0,0.8413399
,3689,3,0,0.99511844
,3690,0,2,1.0
,3690,1,1,0.6614213
,3690,2,0,0.9014766
,3690,3,0,0.9811946
