iter,t,j,argmax_state,max_prob
,0,0,3,0.52769345
,0,1,0,1.0
,0,2,0,1.0
,0,3,0,1.0
,1,0,0,0.9495097
,1,1,2,1.0
,1,2,1,0.51861495
,1,3,0,0.9350285
,2,0,1,0.5340093
,2,1,0,0.9441722
,2,2,0,0.84555787
,2,3,2,1.0
,3,0,0,0.8428366
,3,1,1,0.5803647
,3,2,2,1.0
,3,3,0,0.9320538
,4,0,2,1.0
,4,1,0,0.70208585
,4,2,0,0.9762497
,4,3,1,0.7741508
,5,0,0,0.97662425
,5,1,3,1.0
,5,2,0,0.93086594
,5,3,1,0.8955313
,6,0,0,0.9310332
,6,1,0,0.9779794
,6,2,2,1.0
,6,3,1,0.9134128
,7,0,2,1.0
,7,1,0,0.93123275
,7,2,0,0.93249524
,7,3,1,0.8993042
,8,0,0,0.99844015
,8,1,2,1.0
,8,2,1,0.7675458
,8,3,1,0.797384
,9,0,2,1.0
,9,1,0,0.93214506
,9,2,1,0.8750572
,9,3,0,0.7972521
,10,0,0,0.9984418
,10,1,1,0.77294123
,10,2,1,0.8171527
,10,3,2,1.0
,11,0,2,1.0
,11,1,1,0.8916556
,11,2,0,0.63643056
,11,3,0,0.93206006
,12,0,0,0.9984697
,12,1,1,0.89558756
,12,2,3,1.0
,12,3,1,0.775352
,13,0,2,1.0
,13,1,1,0.79940605
,13,2,0,0.9972729
,13,3,1,0.89845115
,14,0,0,0.96328175
,14,1,0,0.7777776
,14,2,3,1.0
,14,3,1,0.92536163
,15,0,0,0.91664165
,15,1,2,1.0
,15,2,0,0.94902015
,15,3,1,0.92122394
,16,0,2,1.0
,16,1,0,0.9969017
,16,2,1,0.5638973
,16,3,1,0.9126667
,17,0,0,0.8977939
,17,1,2,1.0
,17,2,0,0.82250756
,17,3,1,0.8177901
,18,0,1,0.7720476
,18,1,0,0.9768909
,18,2,2,1.0
,18,3,0,0.79350245
,19,0,1,0.87022674
,19,1,0,0.93103904
,19,2,0,0.93214005
,19,3,2,1.0
,20,0,1,0.78834784
,20,1,2,1.0
,20,2,1,0.7743991
,20,3,0,0.9984398
,21,0,0,0.79893136
,21,1,0,0.97621924
,21,2,1,0.896232
,21,3,2,1.0
,22,0,2,1.0
,22,1,0,0.930919
,22,2,1,0.91724104
,22,3,0,0.93211573
,23,0,0,0.9984399
,23,1,2,1.0
,23,2,1,0.92083865
,23,3,1,0.77443445
,24,0,2,1.0
,24,1,0,0.99844
,24,2,1,0.9210666
,24,3,1,0.89629376
,25,0,0,0.99844015
,25,1,2,1.0
,25,2,1,0.91882503
,25,3,1,0.9173151
,26,0,2,1.0
,26,1,0,0.99647135
,26,2,1,0.9052108
,26,3,1,0.9209642
,27,0,0,0.9984794
,27,1,3,1.0
,27,2,1,0.8261326
,27,3,1,0.9216933
,28,0,2,1.0
,28,1,0,0.9509376
,28,2,0,0.63381517
,28,3,1,0.9217028
,29,0,0,0.9965324
,29,1,1,0.53413665
,29,2,3,1.0
,29,3,1,0.92180586
,30,0,3,1.0
,30,1,0,0.8425021
,30,2,0,0.97363585
,30,3,1,0.9218112
,31,0,0,0.97797513
,31,1,2,1.0
,31,2,0,0.85631657
,31,3,1,0.9217143
,32,0,0,0.9311505
,32,1,0,0.9720545
,32,2,3,1.0
,32,3,1,0.9217542
,33,0,2,1.0
,33,1,0,0.85600114
,33,2,0,0.95093834
,33,3,1,0.921695
,34,0,0,0.99847233
,34,1,3,1.0
,34,2,1,0.5341136
,34,3,1,0.9217084
,35,0,2,1.0
,35,1,0,0.9370362
,35,2,0,0.8426795
,35,3,1,0.92120427
,36,0,0,0.99647397
,36,1,1,0.77340394
,36,2,2,1.0
,36,3,1,0.9188767
,37,0,3,1.0
,37,1,1,0.89550143
,37,2,0,0.9984798
,37,3,1,0.90532196
,38,0,0,0.99854994
,38,1,1,0.91343635
,38,2,2,1.0
,38,3,1,0.82590044
,39,0,2,1.0
,39,1,1,0.8993579
,39,2,0,0.9321223
,39,3,0,0.6339733
,40,0,0,0.9984691
,40,1,1,0.7976264
,40,2,1,0.77438873
,40,3,3,1.0
,41,0,2,1.0
,41,1,0,0.79713273
,41,2,1,0.8955156
,41,3,0,0.9370233
,42,0,0,0.99844146
,42,1,2,1.0
,42,2,1,0.91356677
,42,3,1,0.7736267
,43,0,2,1.0
,43,1,0,0.99647075
,43,2,1,0.90006137
,43,3,1,0.8962302
,44,0,0,0.9984792
,44,1,3,1.0
,44,2,1,0.8013725
,44,3,1,0.91763276
,45,0,2,1.0
,45,1,0,0.94706804
,45,2,0,0.7759447
,45,3,1,0.92213213
,46,0,0,0.9952469
,46,1,1,0.59784514
,46,2,2,1.0
,46,3,1,0.9271379
,47,0,3,1.0
,47,1,0,0.6967955
,47,2,0,0.9352698
,47,3,1,0.9224797
,48,0,0,0.998549
,48,1,3,1.0
,48,2,1,0.77457064
,48,3,1,0.9196583
,49,0,2,1.0
,49,1,0,0.9982788
,49,2,1,0.8975629
,49,3,1,0.9081086
,50,0,0,0.99421465
,50,1,2,1.0
,50,2,1,0.9216843
,50,3,1,0.8411033
,51,0,3,1.0
,51,1,0,0.9777446
,51,2,1,0.901476
,51,3,0,0.62853146
,52,0,0,0.9371292
,52,1,0,0.93110675
,52,2,1,0.79824275
,52,3,3,1.0
,53,0,1,0.7721132
,53,1,2,1.0
,53,2,0,0.797046
,53,3,0,0.9509587
,54,0,1,0.89173555
,54,1,0,0.9964637
,54,2,2,1.0
,54,3,1,0.5337973
,55,0,1,0.8964605
,55,1,3,1.0
,55,2,0,0.933085
,55,3,0,0.84262866
,56,0,1,0.8046627
,56,1,0,0.9983041
,56,2,1,0.7784358
,56,3,2,1.0
,57,0,0,0.7474174
,57,1,2,1.0
,57,2,1,0.90712154
,57,3,0,0.9014683
,58,0,2,1.0
,58,1,0,0.99775034
,58,2,1,0.92743206
,58,3,1,0.58273375
,59,0,0,0.97565323
,59,1,2,1.0
,59,2,1,0.9240862
,59,3,0,0.81194407
,60,0,0,0.9112877
,60,1,0,0.94879854
,60,2,1,0.92804694
,60,3,2,1.0
,61,0,2,1.0
,61,1,0,0.83666235
,61,2,1,0.9157923
,61,3,0,0.8976052
,62,0,0,0.9985436
,62,1,3,1.0
,62,2,1,0.8296108
,62,3,1,0.7811805
,63,0,2,1.0
,63,1,0,0.94829774
,63,2,0,0.63283306
,63,3,1,0.89746827
,64,0,0,0.9984689
,64,1,1,0.5795763
,64,2,3,1.0
,64,3,1,0.91758955
,65,0,2,1.0
,65,1,0,0.70245266
,65,2,0,0.94829684
,65,3,1,0.92088324
,66,0,0,0.9984697
,66,1,3,1.0
,66,2,1,0.5795776
,66,3,1,0.92103004
,67,0,2,1.0
,67,1,0,0.9374072
,67,2,0,0.7024754
,67,3,1,0.91801065
,68,0,0,0.9984709
,68,1,1,0.76697123
,68,2,3,1.0
,68,3,1,0.9004373
,69,0,2,1.0
,69,1,1,0.87505484
,69,2,0,0.99671
,69,3,1,0.7977774
,70,0,0,0.9480858
,70,1,1,0.81735355
,70,2,3,1.0
,70,3,0,0.79699326
,71,0,1,0.5346169
,71,1,0,0.6359154
,71,2,0,0.9509551
,71,3,2,1.0
,72,0,0,0.84257454
,72,1,3,1.0
,72,2,1,0.53385884
,72,3,0,0.93291175
,73,0,2,1.0
,73,1,0,0.936778
,73,2,0,0.8427032
,73,3,1,0.7749783
,74,0,0,0.9970967
,74,1,1,0.7778495
,74,2,2,1.0
,74,3,1,0.89849526
,75,0,3,1.0
,75,1,1,0.9066138
,75,2,0,0.9977507
,75,3,1,0.9257743
,76,0,0,0.9967181
,76,1,1,0.91931695
,76,2,2,1.0
,76,3,1,0.92201346
,77,0,3,1.0
,77,1,1,0.92149526
,77,2,0,0.99663085
,77,3,1,0.9184459
,78,0,0,0.9985491
,78,1,1,0.9220576
,78,2,3,0.9667518
,78,3,1,0.90110654
,79,0,2,1.0
,79,1,1,0.9233042
,79,2,0,0.93547827
,79,3,1,0.80104816
,80,0,2,1.0
,80,1,1,0.9291525
,80,2,1,0.7922859
,80,3,0,0.7777946
,81,0,0,0.9972013
,81,1,1,0.9218542
,81,2,1,0.9017217
,81,3,2,1.0
,82,0,3,1.0
,82,1,1,0.9121454
,82,2,1,0.9266556
,82,3,0,0.9977572
,83,0,0,0.9983038
,83,1,1,0.80979747
,83,2,1,0.9243345
,83,3,2,1.0
,84,0,2,1.0
,84,1,0,0.74620706
,84,2,1,0.93008196
,84,3,0,0.902215
,85,0,0,0.99584883
,85,1,2,1.0
,85,2,1,0.9295262
,85,3,1,0.5807678
,86,0,3,1.0
,86,1,0,0.9100877
,86,2,1,0.9125554
,86,3,0,0.81768763
,87,0,0,0.9985509
,87,1,1,0.77229905
,87,2,1,0.80189854
,87,3,2,1.0
,88,0,2,1.0
,88,1,1,0.87701565
,88,2,0,0.79645807
,88,3,0,0.93229085
,89,0,0,0.9971321
,89,1,1,0.82253385
,89,2,2,1.0
,89,3,1,0.77125466
,90,0,3,1.0
,90,1,0,0.60792404
,90,2,0,0.8112669
,90,3,1,0.88378006
,91,0,0,0.99855065
,91,1,3,1.0
,91,2,1,0.7964609
,91,3,1,0.79818875
,92,0,2,1.0
,92,1,0,0.94734865
,92,2,1,0.9013928
,92,3,0,0.76882493
,93,0,0,0.9974436
,93,1,1,0.5920149
,93,2,1,0.9228444
,93,3,2,1.0
,94,0,2,1.0
,94,1,0,0.73434013
,94,2,1,0.9046805
,94,3,0,0.93284005
,95,0,0,0.9977014
,95,1,3,1.0
,95,2,1,0.81623185
,95,3,1,0.7846326
,96,0,2,1.0
,96,1,0,0.937567
,96,2,0,0.7935639
,96,3,1,0.8730885
,97,0,0,0.99646777
,97,1,1,0.76474893
,97,2,2,1.0
,97,3,1,0.7893169
,98,0,3,1.0
,98,1,1,0.8688741
,98,2,0,0.93335
,98,3,0,0.79840577
,99,0,0,0.9985497
,99,1,1,0.78794515
,99,2,1,0.77421135
,99,3,2,1.0
,100,0,2,1.0
,100,1,0,0.79899865
,100,2,1,0.8962107
,100,3,0,0.9762199
,101,0,0,0.93514067
,101,1,2,1.0
,101,2,1,0.91728914
,101,3,0,0.93091965
,102,0,1,0.7261173
,102,1,0,0.99843955
,102,2,1,0.9211336
,102,3,2,1.0
,103,0,1,0.7472308
,103,1,2,1.0
,103,2,1,0.92277163
,103,3,0,0.9970702
,104,0,0,0.7875708
,104,1,0,0.9644185
,104,2,1,0.92685515
,104,3,3,1.0
,105,0,2,1.0
,105,1,0,0.9287812
,105,2,1,0.90629894
,105,3,0,0.97721213
,106,0,0,0.9329075
,106,1,2,1.0
,106,2,1,0.822607
,106,3,0,0.91783714
,107,0,1,0.7553913
,107,1,0,0.90898836
,107,2,0,0.65510684
,107,3,2,1.0
,108,0,1,0.77392083
,108,1,0,0.82248324
,108,2,3,1.0
,108,3,0,0.82162976
,109,0,0,0.8004263
,109,1,3,1.0
,109,2,0,0.93704575
,109,3,1,0.75633544
,110,0,2,1.0
,110,1,0,0.93937176
,110,2,1,0.7743515
,110,3,1,0.7749157
,111,0,2,1.0
,111,1,1,0.73327696
,111,2,1,0.8984523
,111,3,0,0.6881284
,112,0,0,0.9977051
,112,1,1,0.7696928
,112,2,1,0.9259833
,112,3,3,1.0
,113,0,2,1.0
,113,1,0,0.7763967
,113,2,1,0.9239844
,113,3,0,0.9729447
,114,0,0,0.8868818
,114,1,2,1.0
,114,2,1,0.92880464
,114,3,0,0.8450986
,115,0,1,0.73579484
,115,1,0,0.9966949
,115,2,1,0.9232811
,115,3,3,1.0
,116,0,1,0.74710184
,116,1,3,1.0
,116,2,1,0.9221593
,116,3,0,0.9967149
,117,0,0,0.8055618
,117,1,0,0.9394825
,117,2,1,0.92207247
,117,3,3,1.0
,118,0,2,1.0
,118,1,1,0.73166806
,118,2,1,0.9229003
,118,3,0,0.9972913
,119,0,0,0.994942
,119,1,1,0.7648528
,119,2,1,0.9265458
,119,3,3,1.0
,120,0,3,1.0
,120,1,0,0.8020338
,120,2,1,0.90248847
,120,3,0,0.97365534
,121,0,0,0.9374163
,121,1,2,1.0
,121,2,1,0.79840034
,121,3,0,0.8563197
,122,0,1,0.76685953
,122,1,0,0.97665644
,122,2,0,0.7968807
,122,3,3,1.0
,123,0,1,0.8749767
,123,1,0,0.9309757
,123,2,2,1.0
,123,3,0,0.9392825
,124,0,1,0.8171719
,124,1,2,1.0
,124,2,0,0.99844027
,124,3,1,0.73476404
,125,0,0,0.63613003
,125,1,0,0.9351741
,125,2,2,1.0
,125,3,1,0.77657217
,126,0,3,1.0
,126,1,1,0.72504157
,126,2,0,0.9361557
,126,3,0,0.64745724
,127,0,0,0.9985498
,127,1,1,0.7435655
,127,2,1,0.72488517
,127,3,3,1.0
,128,0,2,1.0
,128,1,0,0.80664515
,128,2,1,0.7432662
,128,3,0,0.93698865
,129,0,0,0.93231
,129,1,2,1.0
,129,2,0,0.8065575
,129,3,1,0.77424204
,130,0,1,0.77113414
,130,1,0,0.9970967
,130,2,2,1.0
,130,3,1,0.8984463
,131,0,1,0.8835312
,131,1,3,1.0
,131,2,0,0.9977502
,131,3,1,0.9261307
,132,0,1,0.80107445
,132,1,0,0.99830663
,132,2,2,1.0
,132,3,1,0.9243158
,133,0,0,0.74816656
,133,1,2,1.0
,133,2,0,0.87645304
,133,3,1,0.93051803
,134,0,2,1.0
,134,1,0,0.99730366
,134,2,1,0.8063929
,134,3,1,0.9327383
,135,0,0,0.99598634
,135,1,2,1.0
,135,2,1,0.9127667
,135,3,1,0.93301487
,136,0,3,1.0
,136,1,0,0.99798167
,136,2,1,0.9261257
,136,3,1,0.93186927
,137,0,0,0.99671775
,137,1,2,1.0
,137,2,1,0.90688276
,137,3,1,0.92366105
,138,0,3,1.0
,138,1,0,0.99848133
,138,2,1,0.8266228
,138,3,1,0.9221653
,139,0,0,0.93749064
,139,1,2,1.0
,139,2,0,0.6337065
,139,3,1,0.92179066
,140,0,1,0.7655425
,140,1,0,0.9984702
,140,2,3,1.0
,140,3,1,0.9218567
,141,0,1,0.8706658
,141,1,2,1.0
,141,2,0,0.99854887
,141,3,1,0.92201906
,142,0,1,0.79660875
,142,1,0,0.9981667
,142,2,2,1.0
,142,3,1,0.92348284
,143,0,0,0.7502494
,143,1,2,1.0
,143,2,0,0.95566833
,143,3,1,0.9304633
,144,0,2,1.0
,144,1,0,0.9134186
,144,2,0,0.9053297
,144,3,1,0.9320048
,145,0,0,0.99777615
,145,1,1,0.61581236
,145,2,2,1.0
,145,3,1,0.9307034
,146,0,2,1.0
,146,1,0,0.6917523
,146,2,0,0.97693795
,146,3,1,0.91986245
,147,0,0,0.93550926
,147,1,3,0.9997823
,147,2,0,0.93097734
,147,3,1,0.9007318
,148,0,1,0.73549247
,148,1,0,0.9985502
,148,2,2,1.0
,148,3,1,0.7978065
,149,0,1,0.77671856
,149,1,2,1.0
,149,2,0,0.93201715
,149,3,0,0.7973197
,150,0,0,0.6476723
,150,1,0,0.93210715
,150,2,1,0.7745298
,150,3,2,1.0
,151,0,3,1.0
,151,1,1,0.7752894
,151,2,1,0.8967627
,151,3,0,0.9984698
,152,0,0,0.99827784
,152,1,1,0.8982784
,152,2,1,0.9190047
,152,3,2,1.0
,153,0,2,1.0
,153,1,1,0.9246514
,153,2,1,0.928469
,153,3,0,0.99425197
,154,0,0,0.9985534
,154,1,1,0.91903806
,154,2,1,0.92262775
,154,3,3,1.0
,155,0,2,1.0
,155,1,1,0.9005248
,155,2,1,0.91828626
,155,3,0,0.99854875
,156,0,0,0.9984406
,156,1,1,0.79774636
,156,2,1,0.90033674
,156,3,2,1.0
,157,0,2,1.0
,157,1,0,0.7973003
,157,2,1,0.79759043
,157,3,0,0.9321064
,158,0,0,0.9762365
,158,1,2,1.0
,158,2,0,0.7973277
,158,3,1,0.77317196
,159,0,0,0.93092144
,159,1,0,0.9326646
,159,2,2,1.0
,159,3,1,0.89256245
,160,0,2,1.0
,160,1,1,0.7655899
,160,2,0,0.99844
,160,3,1,0.8999577
,161,0,0,0.99697274
,161,1,1,0.869001
,161,2,2,1.0
,161,3,1,0.82442707
,162,0,3,0.7417686
,162,1,1,0.7881824
,162,2,0,0.9453306
,162,3,0,0.6339065
,163,0,0,0.93839926
,163,1,0,0.79862845
,163,2,1,0.5804508
,163,3,3,1.0
,164,0,1,0.7350014
,164,1,2,1.0
,164,2,0,0.7019201
,164,3,0,0.97797674
,165,0,1,0.77684104
,165,1,0,0.9354274
,165,2,3,0.99999905
,165,3,0,0.9311789
,166,0,0,0.64722615
,166,1,1,0.73557657
,166,2,0,0.9779766
,166,3,2,1.0
,167,0,3,1.0
,167,1,1,0.77699906
,167,2,0,0.93118024
,167,3,0,0.9334346
,168,0,0,0.97797537
,168,1,0,0.6471951
,168,2,2,1.0
,168,3,1,0.76740855
,169,0,0,0.93116003
,169,1,3,1.0
,169,2,0,0.93305904
,169,3,1,0.87515676
,170,0,2,1.0
,170,1,0,0.9985496
,170,2,1,0.7740543
,170,3,1,0.8172423
,171,0,0,0.97623944
,171,1,2,1.0
,171,2,1,0.8956051
,171,3,0,0.6360323
,172,0,0,0.9308554
,172,1,0,0.93306756
,172,2,1,0.9143434
,172,3,3,1.0
,173,0,2,1.0
,173,1,1,0.7740193
,173,2,1,0.9042841
,173,3,0,0.99854875
,174,0,0,0.9964656
,174,1,1,0.8954735
,174,2,1,0.8256846
,174,3,2,1.0
,175,0,3,1.0
,175,1,1,0.91354764
,175,2,0,0.63352144
,175,3,0,0.9767715
,176,0,0,0.97798795
,176,1,1,0.8994679
,176,2,3,1.0
,176,3,0,0.9309437
,177,0,0,0.93127483
,177,1,1,0.7973715
,177,2,0,0.9509737
,177,3,2,1.0
,178,0,2,1.0
,178,1,0,0.79742646
,178,2,1,0.53355527
,178,3,0,0.9441703
,179,0,0,0.93205094
,179,1,2,1.0
,179,2,0,0.8429132
,179,3,1,0.5803686
,180,0,1,0.7744089
,180,1,0,0.9762498
,180,2,2,1.0
,180,3,0,0.70208484
,181,0,1,0.89633405
,181,1,0,0.9308648
,181,2,0,0.9766208
,181,3,3,1.0
,182,0,1,0.91721445
,182,1,2,1.0
,182,2,0,0.93097335
,182,3,0,0.9509595
,183,0,1,0.92044896
,183,1,0,0.9964629
,183,2,2,1.0
,183,3,1,0.53378874
,184,0,1,0.9187836
,184,1,3,1.0
,184,2,0,0.97673374
,184,3,0,0.84261686
,185,0,1,0.90512794
,185,1,0,0.9736269
,185,2,0,0.931043
,185,3,2,1.0
,186,0,1,0.82582295
,186,1,0,0.856317
,186,2,2,1.0
,186,3,0,0.94421494
,187,0,0,0.63364863
,187,1,3,1.0
,187,2,0,0.9331716
,187,3,1,0.58071834
,188,0,3,1.0
,188,1,0,0.9779792
,188,2,1,0.77447736
,188,3,0,0.7018018
,189,0,0,0.9483236
,189,1,0,0.9311212
,189,2,1,0.8963942
,189,3,3,1.0
,190,0,1,0.5793931
,190,1,2,1.0
,190,2,1,0.91733
,190,3,0,0.99671215
,191,0,0,0.7021502
,191,1,0,0.9767639
,191,2,1,0.92093575
,191,3,3,1.0
,192,0,3,1.0
,192,1,0,0.9309113
,192,2,1,0.921022
,192,3,0,0.9509727
,193,0,0,0.99671143
,193,1,2,1.0
,193,2,1,0.9180131
,193,3,1,0.5337933
,194,0,3,1.0
,194,1,0,0.97673106
,194,2,1,0.9003968
,194,3,0,0.84262407
,195,0,0,0.9370349
,195,1,0,0.9310323
,195,2,1,0.7976848
,195,3,2,1.0
,196,0,1,0.7734572
,196,1,2,1.0
,196,2,0,0.79727143
,196,3,0,0.97622234
,197,0,1,0.8959758
,197,1,0,0.97624516
,197,2,2,1.0
,197,3,0,0.93095297
,198,0,1,0.9167131
,198,1,0,0.9309757
,198,2,0,0.9762241
,198,3,2,1.0
,199,0,1,0.91799766
,199,1,2,1.0
,199,2,0,0.9309283
,199,3,0,0.94421947
,200,0,1,0.90498215
,200,1,0,0.9984398
,200,2,2,1.0
,200,3,1,0.5804627
,201,0,1,0.82578295
,201,1,2,1.0
,201,2,0,0.9320687
,201,3,0,0.70212704
,202,0,0,0.63361955
,202,1,0,0.9720312
,202,2,1,0.7746362
,202,3,3,1.0
,203,0,3,1.0
,203,1,0,0.8558822
,203,2,1,0.89646024
,203,3,0,0.93701994
,204,0,0,0.99854624
,204,1,3,1.0
,204,2,1,0.9174799
,204,3,1,0.77391344
,205,0,2,0.9999844
,205,1,0,0.99854887
,205,2,1,0.92105824
,205,3,1,0.8963193
,206,0,0,0.9964741
,206,1,2,1.0
,206,2,1,0.9216131
,206,3,1,0.91734827
,207,0,3,1.0
,207,1,0,0.99848026
,207,2,1,0.9218063
,207,3,1,0.9210743
,208,0,0,0.9985486
,208,1,2,1.0
,208,2,1,0.92170036
,208,3,1,0.92158926
,209,0,2,1.0
,209,1,0,0.99647206
,209,2,1,0.9216162
,209,3,1,0.921685
,210,0,0,0.99848014
,210,1,3,1.0
,210,2,1,0.921199
,210,3,1,0.9217199
,211,0,2,1.0
,211,1,0,0.9967156
,211,2,1,0.9180665
,211,3,1,0.92111194
,212,0,0,0.99848014
,212,1,3,1.0
,212,2,1,0.90047735
,212,3,1,0.91814363
,213,0,2,1.0
,213,1,0,0.9985502
,213,2,1,0.797738
,213,3,1,0.900311
,214,0,0,0.9320323
,214,1,2,1.0
,214,2,0,0.79730165
,214,3,1,0.7975828
,215,0,1,0.7743603
,215,1,0,0.9762369
,215,2,2,1.0
,215,3,0,0.7973273
,216,0,1,0.8962284
,216,1,0,0.9309233
,216,2,0,0.93521625
,216,3,2,1.0
,217,0,1,0.9172937
,217,1,2,1.0
,217,2,1,0.7248385
,217,3,0,0.99843967
,218,0,1,0.9209174
,218,1,0,0.99844015
,218,2,1,0.7432857
,218,3,2,1.0
,219,0,1,0.92151207
,219,1,2,1.0
,219,2,0,0.806599
,219,3,0,0.947067
,220,0,1,0.9216481
,220,1,0,0.9984411
,220,2,2,1.0
,220,3,1,0.53494626
,221,0,1,0.921639
,221,1,2,1.0
,221,2,0,0.94705844
,221,3,0,0.84259754
,222,0,1,0.9216777
,222,1,0,0.99646527
,222,2,1,0.53501046
,222,3,2,1.0
,223,0,1,0.92165893
,223,1,3,1.0
,223,2,0,0.8424023
,223,3,0,0.97673094
,224,0,1,0.92106134
,224,1,0,0.9370367
,224,2,2,1.0
,224,3,0,0.93098027
,225,0,1,0.91804624
,225,1,1,0.77341396
,225,2,0,0.99647146
,225,3,2,1.0
,226,0,1,0.90052843
,226,1,1,0.8955579
,226,2,3,1.0
,226,3,0,0.9965703
,227,0,1,0.7980366
,227,1,1,0.91366637
,227,2,0,0.9985498
,227,3,3,0.9953798
,228,0,0,0.79725564
,228,1,1,0.8998495
,228,2,2,1.0
,228,3,0,0.9773587
,229,0,2,1.0
,229,1,1,0.80015916
,229,2,0,0.9307155
,229,3,0,0.92068666
,230,0,0,0.8786474
,230,1,0,0.78030854
,230,2,1,0.7903073
,230,3,2,1.0
,231,0,1,0.783828
,231,1,2,1.0
,231,2,1,0.89925426
,231,3,0,0.996578
,232,0,1,0.89732444
,232,1,0,0.99848133
,232,2,1,0.9179665
,232,3,3,1.0
,233,0,1,0.9138058
,233,1,2,1.0
,233,2,1,0.9210813
,233,3,0,0.9967156
,234,0,1,0.89960366
,234,1,0,0.99848014
,234,2,1,0.921714
,234,3,3,1.0
,235,0,1,0.79747474
,235,1,2,1.0
,235,2,1,0.92168564
,235,3,0,0.9985497
,236,0,0,0.7973114
,236,1,0,0.97622633
,236,2,1,0.9216498
,236,3,2,1.0
,237,0,2,1.0
,237,1,0,0.93096817
,237,2,1,0.9216494
,237,3,0,0.9715606
,238,0,0,0.93264323
,238,1,2,1.0
,238,2,1,0.92167
,238,3,0,0.85593665
,239,0,1,0.76593375
,239,1,0,0.9965483
,239,2,1,0.92182565
,239,3,3,1.0
,240,0,1,0.86923367
,240,1,3,1.0
,240,2,1,0.9218421
,240,3,0,0.9985492
,241,0,1,0.7880699
,241,1,0,0.99855006
,241,2,1,0.9216918
,241,3,2,1.0
,242,0,0,0.79885924
,242,1,2,1.0
,242,2,1,0.9215639
,242,3,0,0.9470695
,243,0,2,1.0
,243,1,0,0.99844086
,243,2,1,0.92118144
,243,3,1,0.53492844
,244,0,0,0.97151786
,244,1,2,1.0
,244,2,1,0.91879827
,244,3,0,0.8426539
,245,0,0,0.8556917
,245,1,0,0.9762509
,245,2,1,0.90514714
,245,3,2,1.0
,246,0,3,1.0
,246,1,0,0.9308717
,246,2,1,0.82597995
,246,3,0,0.93313986
,247,0,0,0.9779757
,247,1,2,1.0
,247,2,0,0.6336557
,247,3,1,0.77425426
,248,0,0,0.9311653
,248,1,0,0.9766104
,248,2,3,1.0
,248,3,1,0.89632326
,249,0,2,1.0
,249,1,0,0.9309634
,249,2,0,0.9375369
,249,3,1,0.9173016
,250,0,0,0.9964711
,250,1,2,1.0
,250,2,1,0.7647904
,250,3,1,0.9209611
,251,0,3,1.0
,251,1,0,0.99847966
,251,2,1,0.8689928
,251,3,1,0.9216915
,252,0,0,0.99855006
,252,1,2,1.0
,252,2,1,0.787997
,252,3,1,0.9216797
,253,0,2,1.0
,253,1,0,0.9320787
,253,2,0,0.79885983
,253,3,1,0.92164314
,254,0,0,0.99844146
,254,1,1,0.7741898
,254,2,2,1.0
,254,3,1,0.9216851
,255,0,2,1.0
,255,1,1,0.8954776
,255,2,0,0.99844
,255,3,1,0.9216854
,256,0,0,0.99844015
,256,1,1,0.91343665
,256,2,2,1.0
,256,3,1,0.9216705
,257,0,2,1.0
,257,1,1,0.8993731
,257,2,0,0.99844027
,257,3,1,0.921578
,258,0,0,0.9984406
,258,1,1,0.79744804
,258,2,2,1.0
,258,3,1,0.92104346
,259,0,2,1.0
,259,1,0,0.7970139
,259,2,0,0.93209606
,259,3,1,0.9179707
,260,0,0,0.9984592
,260,1,2,0.9999932
,260,2,1,0.77453405
,260,3,1,0.90037173
,261,0,2,1.0
,261,1,0,0.9984405
,261,2,1,0.8961634
,261,3,1,0.7977008
,262,0,0,0.97622156
,262,1,2,1.0
,262,2,1,0.9166018
,262,3,0,0.79731464
,263,0,0,0.93091786
,263,1,0,0.9322075
,263,2,1,0.9171745
,263,3,2,1.0
,264,0,2,1.0
,264,1,1,0.7729801
,264,2,1,0.90019935
,264,3,0,0.9964704
,265,0,0,0.9965559
,265,1,1,0.89176106
,265,2,1,0.79800755
,265,3,3,1.0
,266,0,3,1.0
,266,1,1,0.8950522
,266,2,0,0.79678893
,266,3,0,0.9370606
,267,0,0,0.9967099
,267,1,1,0.79613155
,267,2,2,1.0
,267,3,1,0.7733649
,268,0,3,1.0
,268,1,0,0.79721135
,268,2,0,0.93335897
,268,3,1,0.895409
,269,0,0,0.9985486
,269,1,2,1.0
,269,2,1,0.77423
,269,3,1,0.9134311
,270,0,2,1.0
,270,1,0,0.99844
,270,2,1,0.8962363
,270,3,1,0.89937216
,271,0,0,0.9964631
,271,1,2,1.0
,271,2,1,0.9172008
,271,3,1,0.79745287
,272,0,3,1.0
,272,1,0,0.9481144
,272,2,1,0.9203622
,272,3,0,0.7969819
,273,0,0,0.99670976
,273,1,1,0.5347013
,273,2,1,0.9178975
,273,3,2,1.0
,274,0,3,1.0
,274,1,0,0.8424467
,274,2,1,0.90036505
,274,3,0,0.93336326
,275,0,0,0.9967099
,275,1,2,1.0
,275,2,1,0.79777396
,275,3,1,0.7739979
,276,0,3,1.0
,276,1,0,0.933374
,276,2,0,0.7969273
,276,3,1,0.8955182
,277,0,0,0.9985486
,277,1,1,0.7739789
,277,2,2,1.0
,277,3,1,0.91344863
,278,0,2,1.0
,278,1,1,0.8954619
,278,2,0,0.99844
,278,3,1,0.89936423
,279,0,0,0.99844027
,279,1,1,0.91353846
,279,2,2,1.0
,279,3,1,0.7973856
,280,0,2,1.0
,280,1,1,0.9000074
,280,2,0,0.97313225
,280,3,0,0.79737246
,281,0,0,0.93032515
,281,1,1,0.8013587
,281,2,0,0.8815258
,281,3,2,1.0
,282,0,1,0.7963685
,282,1,0,0.7732484
,282,2,3,1.0
,282,3,1,0.6109787
,283,0,1,0.90025413
,283,1,2,1.0
,283,2,0,0.99671835
,283,3,1,0.8630379
,284,0,1,0.9175145
,284,1,0,0.99848217
,284,2,3,1.0
,284,3,1,0.889186
,285,0,1,0.91747427
,285,1,2,1.0
,285,2,0,0.99855006
,285,3,1,0.7942573
,286,0,1,0.9008107
,286,1,0,0.93460816
,286,2,2,1.0
,286,3,0,0.797789
,287,0,1,0.8016626
,287,1,1,0.73375165
,287,2,0,0.9971792
,287,3,2,1.0
,288,0,0,0.7733885
,288,1,1,0.768368
,288,2,3,1.0
,288,3,1,0.5486956
,289,0,2,1.0
,289,1,0,0.8019214
,289,2,0,0.9374781
,289,3,1,0.6891403
,290,0,0,0.9318713
,290,1,2,1.0
,290,2,1,0.7664234
,290,3,0,0.8159335
,291,0,1,0.7787889
,291,1,0,0.9981029
,291,2,1,0.87436044
,291,3,2,1.0
,292,0,1,0.90699697
,292,1,2,1.0
,292,2,1,0.81264
,292,3,0,0.9949208
,293,0,1,0.917992
,293,1,0,0.9765067
,293,2,0,0.7671371
,293,3,2,1.0
,294,0,1,0.9120823
,294,1,0,0.92430764
,294,2,2,1.0
,294,3,0,0.9591017
,295,0,1,0.8209881
,295,1,2,1.0
,295,2,0,0.93329906
,295,3,0,0.9279046
,296,0,0,0.6764399
,296,1,0,0.9447215
,296,2,1,0.7783679
,296,3,2,1.0
,297,0,3,1.0
,297,1,1,0.57009244
,297,2,1,0.9068276
,297,3,0,0.9976874
,298,0,0,0.9357118
,298,1,0,0.81265974
,298,2,1,0.92088675
,298,3,2,1.0
,299,0,1,0.7913088
,299,1,2,1.0
,299,2,1,0.92896277
,299,3,0,0.99431634
,300,0,1,0.8993015
,300,1,0,0.9985535
,300,2,1,0.9235816
,300,3,3,1.0
,301,0,1,0.91605115
,301,1,2,1.0
,301,2,1,0.9235567
,301,3,0,0.9982781
,302,0,1,0.908954
,302,1,0,0.99743086
,302,2,1,0.92915505
,302,3,2,1.0
,303,0,1,0.8007226
,303,1,2,1.0
,303,2,1,0.9225272
,303,3,0,0.9984885
,304,0,0,0.7966676
,304,1,0,0.9449826
,304,2,1,0.9183119
,304,3,2,1.0
,305,0,2,1.0
,305,1,1,0.568667
,305,2,1,0.90088385
,305,3,0,0.99844134
,306,0,0,0.9306549
,306,1,0,0.7385432
,306,2,1,0.800824
,306,3,2,1.0
,307,0,1,0.7917369
,307,1,3,1.0
,307,2,0,0.7781573
,307,3,0,0.91702235
,308,0,1,0.898221
,308,1,0,0.99726015
,308,2,2,1.0
,308,3,1,0.54966766
,309,0,1,0.90960556
,309,1,3,1.0
,309,2,0,0.8964729
,309,3,0,0.82507175
,310,0,1,0.8242765
,310,1,0,0.9983767
,310,2,1,0.78395647
,310,3,2,1.0
,311,0,0,0.652884
,311,1,2,1.0
,311,2,1,0.9054411
,311,3,0,0.9616422
,312,0,3,1.0
,312,1,0,0.9722128
,312,2,1,0.9254708
,312,3,0,0.9220226
,313,0,0,0.9505284
,313,1,0,0.8558409
,313,2,1,0.92252564
,313,3,2,1.0
,314,0,1,0.54149264
,314,1,3,1.0
,314,2,1,0.92219913
,314,3,0,0.99847364
,315,0,0,0.81995845
,315,1,0,0.97757846
,315,2,1,0.9232855
,315,3,2,1.0
,316,0,2,1.0
,316,1,0,0.92453545
,316,2,1,0.929161
,316,3,0,0.9573081
,317,0,0,0.9343129
,317,1,2,1.0
,317,2,1,0.9250905
,317,3,0,0.9133775
,318,0,1,0.75713974
,318,1,0,0.9907462
,318,2,1,0.9321601
,318,3,2,1.0
,319,0,1,0.77868235
,319,1,3,1.0
,319,2,1,0.9318863
,319,3,0,0.9979867
,320,0,0,0.77201164
,320,1,0,0.93570125
,320,2,1,0.92460763
,320,3,2,1.0
,321,0,2,1.0
,321,1,1,0.7915306
,321,2,1,0.9263702
,321,3,0,0.9943275
,322,0,0,0.9985533
,322,1,1,0.8999408
,322,2,1,0.90302634
,322,3,3,1.0
,323,0,2,1.0
,323,1,1,0.91913396
,323,2,1,0.8016416
,323,3,0,0.99726194
,324,0,0,0.91833216
,324,1,1,0.9261052
,324,2,0,0.77774686
,324,3,3,1.0
,325,0,1,0.55668426
,325,1,1,0.9062481
,325,2,2,1.0
,325,3,0,0.9983113
,326,0,0,0.8013008
,326,1,1,0.8218442
,326,2,0,0.8747093
,326,3,2,1.0
,327,0,2,1.0
,327,1,0,0.74115384
,327,2,1,0.7991732
,327,3,0,0.8951462
,328,0,0,0.99734515
,328,1,2,1.0
,328,2,1,0.8915251
,328,3,1,0.7968652
,329,0,2,1.0
,329,1,0,0.9973479
,329,2,1,0.8154437
,329,3,1,0.89030564
,330,0,0,0.89884174
,330,1,2,1.0
,330,2,0,0.7752045
,330,3,1,0.8113287
,331,0,1,0.7804304
,331,1,0,0.93380535
,331,2,2,1.0
,331,3,0,0.79449165
,332,0,1,0.8974337
,332,1,1,0.77432466
,332,2,0,0.9964764
,332,3,2,1.0
,333,0,1,0.9179437
,333,1,1,0.89670545
,333,2,3,1.0
,333,3,0,0.99847966
,334,0,1,0.9227352
,334,1,1,0.91868514
,334,2,0,0.9972929
,334,3,2,1.0
,335,0,1,0.929629
,335,1,1,0.92647344
,335,2,3,1.0
,335,3,0,0.9977523
,336,0,1,0.92253196
,336,1,1,0.9062654
,336,2,0,0.99729383
,336,3,2,1.0
,337,0,1,0.915776
,337,1,1,0.8209726
,337,2,3,1.0
,337,3,0,0.9977516
,338,0,1,0.8328051
,338,1,0,0.7665417
,338,2,0,0.93631035
,338,3,2,1.0
,339,0,0,0.6107193
,339,1,2,1.0
,339,2,1,0.7815012
,339,3,0,0.8817424
,340,0,3,1.0
,340,1,0,0.9966797
,340,2,1,0.87275237
,340,3,1,0.78363407
,341,0,0,0.9985498
,341,1,3,1.0
,341,2,1,0.7894557
,341,3,1,0.8972749
,342,0,2,1.0
,342,1,0,0.9779822
,342,2,0,0.7986578
,342,3,1,0.9137263
,343,0,0,0.9762459
,343,1,0,0.93127996
,343,2,2,1.0
,343,3,1,0.89937013
,344,0,0,0.9309763
,344,1,2,1.0
,344,2,0,0.932592
,344,3,1,0.79729754
,345,0,2,1.0
,345,1,0,0.97622097
,345,2,1,0.76548475
,345,3,0,0.7973423
,346,0,0,0.9762426
,346,1,0,0.93097705
,346,2,1,0.8688747
,346,3,2,1.0
,347,0,0,0.93099034
,347,1,2,1.0
,347,2,1,0.7878518
,347,3,0,0.9320498
,348,0,2,1.0
,348,1,0,0.94705313
,348,2,0,0.79889774
,348,3,1,0.77409005
,349,0,0,0.9964654
,349,1,1,0.5350144
,349,2,2,1.0
,349,3,1,0.89548016
,350,0,3,1.0
,350,1,0,0.842399
,350,2,0,0.9721205
,350,3,1,0.91351885
,351,0,0,0.97797674
,351,1,2,1.0
,351,2,0,0.8558333
,351,3,1,0.89938986
,352,0,0,0.93117845
,352,1,0,0.93313575
,352,2,3,1.0
,352,3,1,0.7975184
,353,0,2,1.0
,353,1,1,0.7742057
,353,2,0,0.948319
,353,3,0,0.7971722
,354,0,0,0.99844134
,354,1,1,0.8962243
,354,2,1,0.5792284
,354,3,2,1.0
,355,0,2,1.0
,355,1,1,0.9171718
,355,2,0,0.7026607
,355,3,0,0.9320953
,356,0,0,0.9965418
,356,1,1,0.9204223
,356,2,3,1.0
,356,3,1,0.7747157
,357,0,3,1.0
,357,1,1,0.9180304
,357,2,0,0.9985491
,357,3,1,0.8964049
,358,0,0,0.99854875
,358,1,1,0.9003219
,358,2,2,1.0
,358,3,1,0.9168374
,359,0,2,1.0
,359,1,1,0.79774445
,359,2,0,0.99646455
,359,3,1,0.91808444
,360,0,0,0.9721296
,360,1,0,0.79695195
,360,2,3,1.0
,360,3,1,0.9051111
,361,0,0,0.85591835
,361,1,2,1.0
,361,2,0,0.9370118
,361,3,1,0.82589
,362,0,3,1.0
,362,1,0,0.97207695
,362,2,1,0.77380425
,362,3,0,0.63355935
,363,0,0,0.97363263
,363,1,0,0.8558248
,363,2,1,0.8963113
,363,3,3,1.0
,364,0,0,0.85630065
,364,1,3,1.0
,364,2,1,0.9174335
,364,3,0,0.9371148
,365,0,3,1.0
,365,1,0,0.9985491
,365,2,1,0.9210688
,365,3,1,0.7723242
,366,0,0,0.9985486
,366,1,2,1.0
,366,2,1,0.9215714
,366,3,1,0.89146286
,367,0,2,1.0
,367,1,0,0.9964711
,367,2,1,0.92159027
,367,3,1,0.89490736
,368,0,0,0.9984792
,368,1,3,1.0
,368,2,1,0.92117816
,368,3,1,0.7963203
,369,0,2,1.0
,369,1,0,0.93754184
,369,2,1,0.9180063
,369,3,0,0.7973576
,370,0,0,0.9984416
,370,1,1,0.76470584
,370,2,1,0.90030605
,370,3,2,1.0
,371,0,2,1.0
,371,1,1,0.86875033
,371,2,1,0.79767066
,371,3,0,0.9984404
,372,0,0,0.9320417
,372,1,1,0.7878135
,372,2,0,0.79734975
,372,3,2,1.0
,373,0,1,0.77414924
,373,1,0,0.79889894
,373,2,2,1.0
,373,3,0,0.94710034
,374,0,1,0.8956326
,374,1,2,1.0
,374,2,0,0.99844074
,374,3,1,0.53490144
,375,0,1,0.91426474
,375,1,0,0.97621876
,375,2,2,1.0
,375,3,0,0.8427047
,376,0,1,0.90421146
,376,1,0,0.9309243
,376,2,0,0.93219715
,376,3,2,1.0
,377,0,1,0.82563233
,377,1,2,1.0
,377,2,1,0.7728807
,377,3,0,0.9984399
,378,0,0,0.6336969
,378,1,0,0.97623956
,378,2,1,0.8915211
,378,3,2,1.0
,379,0,3,1.0
,379,1,0,0.9308617
,379,2,1,0.894899
,379,3,0,0.9361158
,380,0,0,0.9985502
,380,1,2,1.0
,380,2,1,0.7960019
,380,3,1,0.7246015
,381,0,2,1.0
,381,1,0,0.9320242
,381,2,0,0.7976028
,381,3,1,0.7430917
,382,0,0,0.97623956
,382,1,1,0.77432036
,382,2,2,1.0
,382,3,0,0.8066939
,383,0,0,0.9309584
,383,1,1,0.89609516
,383,2,0,0.97624344
,383,3,2,1.0
,384,0,2,1.0
,384,1,1,0.9165914
,384,2,0,0.93095624
,384,3,0,0.97152376
,385,0,0,0.97623575
,385,1,1,0.91718566
,385,2,2,1.0
,385,3,0,0.8557056
,386,0,0,0.930851
,386,1,1,0.90018886
,386,2,0,0.9331718
,386,3,3,0.9999994
,387,0,2,1.0
,387,1,1,0.7976521
,387,2,1,0.774228
,387,3,0,0.9985497
,388,0,0,0.9762235
,388,1,0,0.79727566
,388,2,1,0.89620763
,388,3,2,1.0
,389,0,0,0.93096703
,389,1,2,1.0
,389,2,1,0.9172561
,389,3,0,0.97624385
,390,0,2,1.0
,390,1,0,0.9470723
,390,2,1,0.92087996
,390,3,0,0.930932
,391,0,0,0.99843967
,391,1,1,0.53493226
,391,2,1,0.92153466
,391,3,2,1.0
,392,0,2,1.0
,392,1,0,0.8425892
,392,2,1,0.921623
,392,3,0,0.93206483
,393,0,0,0.99647385
,393,1,2,1.0
,393,2,1,0.9217133
,393,3,1,0.7742755
,394,0,3,1.0
,394,1,0,0.9965628
,394,2,1,0.921841
,394,3,1,0.8956943
,395,0,0,0.9985491
,395,1,3,1.0
,395,2,1,0.92176956
,395,3,1,0.91362095
,396,0,2,1.0
,396,1,0,0.99854875
,396,2,1,0.9212269
,396,3,1,0.8994042
,397,0,0,0.99844027
,397,1,2,1.0
,397,2,1,0.91883004
,397,3,1,0.79739743
,398,0,2,1.0
,398,1,0,0.9762241
,398,2,1,0.9051048
,398,3,0,0.79737645
,399,0,0,0.9326431
,399,1,0,0.93097645
,399,2,1,0.8257555
,399,3,2,1.0
,400,0,1,0.7655434
,400,1,2,1.0
,400,2,0,0.6339935
,400,3,0,0.944234
,401,0,1,0.86908674
,401,1,0,0.9984683
,401,2,3,1.0
,401,3,1,0.58083385
,402,0,1,0.78802127
,402,1,2,1.0
,402,2,0,0.9370196
,402,3,0,0.7018395
,403,0,0,0.7986715
,403,1,0,0.9331587
,403,2,1,0.7736735
,403,3,3,1.0
,404,0,2,1.0
,404,1,1,0.7727469
,404,2,1,0.8961643
,404,3,0,0.9985486
,405,0,0,0.99844
,405,1,1,0.8915214
,405,2,1,0.91726726
,405,3,2,1.0
,406,0,2,1.0
,406,1,1,0.8948555
,406,2,1,0.92081714
,406,3,0,0.99844015
,407,0,0,0.99844027
,407,1,1,0.79598826
,407,2,1,0.9209087
,407,3,2,1.0
,408,0,2,1.0
,408,1,0,0.7976115
,408,2,1,0.91793126
,408,3,0,0.9762221
,409,0,0,0.9326687
,409,1,2,1.0
,409,2,1,0.90023845
,409,3,0,0.9309256
,410,0,1,0.76553714
,410,1,0,0.99844027
,410,2,1,0.79767334
,410,3,2,1.0
,411,0,1,0.8688839
,411,1,2,1.0
,411,2,0,0.7972051
,411,3,0,0.9321474
,412,0,1,0.7879639
,412,1,0,0.9984417
,412,2,2,1.0
,412,3,1,0.7728852
,413,0,0,0.79886925
,413,1,2,1.0
,413,2,0,0.9320552
,413,3,1,0.8914894
,414,0,2,1.0
,414,1,0,0.99844134
,414,2,1,0.77444875
,414,3,1,0.8948571
,415,0,0,0.9984404
,415,1,2,1.0
,415,2,1,0.8962786
,415,3,1,0.79600734
,416,0,2,1.0
,416,1,0,0.9470674
,416,2,1,0.91726094
,416,3,0,0.79748863
,417,0,0,0.9984412
,417,1,1,0.534946
,417,2,1,0.9209149
,417,3,2,1.0
,418,0,2,1.0
,418,1,0,0.8425993
,418,2,1,0.9215114
,418,3,0,0.94420946
,419,0,0,0.9984406
,419,1,2,1.0
,419,2,1,0.92165375
,419,3,1,0.5804897
,420,0,2,1.0
,420,1,0,0.97154474
,420,2,1,0.92167
,420,3,0,0.7020918
,421,0,0,0.9766463
,421,1,0,0.8556842
,421,2,1,0.92176497
,421,3,3,1.0
,422,0,0,0.930907
,422,1,3,1.0
,422,2,1,0.9217832
,422,3,0,0.97798705
,423,0,2,1.0
,423,1,0,0.97362983
,423,2,1,0.9216854
,423,3,0,0.93124473
,424,0,0,0.9716704
,424,1,0,0.8563723
,424,2,1,0.9216773
,424,3,2,1.0
,425,0,0,0.85770357
,425,1,3,0.9999939
,425,2,1,0.92177486
,425,3,0,0.9766839
,426,0,3,0.97286016
,426,1,0,0.9509786
,426,2,1,0.92178607
,426,3,0,0.93089443
,427,0,0,0.9985467
,427,1,1,0.5337099
,427,2,1,0.9216949
,427,3,2,1.0
,428,0,2,1.0
,428,1,0,0.84286314
,428,2,1,0.92165226
,428,3,0,0.97151935
,429,0,0,0.97625166
,429,1,2,1.0
,429,2,1,0.92166805
,429,3,0,0.85571647
,430,0,0,0.9308515
,430,1,0,0.94796836
,430,2,1,0.921732
,430,3,3,0.9999789
,431,0,2,1.0
,431,1,1,0.5346597
,431,2,1,0.9216828
,431,3,0,0.99855006
,432,0,0,0.9351614
,432,1,0,0.84264255
,432,2,1,0.9216428
,432,3,2,1.0
,433,0,1,0.7248556
,433,1,2,1.0
,433,2,1,0.92168105
,433,3,0,0.99844086
,434,0,1,0.7432785
,434,1,0,0.9984399
,434,2,1,0.9216751
,434,3,2,1.0
,435,0,0,0.80666673
,435,1,2,1.0
,435,2,1,0.92164457
,435,3,0,0.9762249
,436,0,2,1.0
,436,1,0,0.97624576
,436,2,1,0.9216278
,436,3,0,0.9309553
,437,0,0,0.9715254
,437,1,0,0.93095624
,437,2,1,0.92153466
,437,3,2,1.0
,438,0,0,0.85572153
,438,1,2,1.0
,438,2,1,0.92102706
,438,3,0,0.97623646
,439,0,3,1.0
,439,1,0,0.9479696
,439,2,1,0.91804284
,439,3,0,0.93084973
,440,0,0,0.9985502
,440,1,1,0.534612
,440,2,1,0.90028864
,440,3,2,1.0
,441,0,2,1.0
,441,1,0,0.8427859
,441,2,1,0.7975933
,441,3,0,0.93513274
,442,0,0,0.93518806
,442,1,2,1.0
,442,2,0,0.7972184
,442,3,1,0.72473496
,443,0,1,0.7247944
,443,1,0,0.9984412
,443,2,2,1.0
,443,3,1,0.7432285
,444,0,1,0.74314106
,444,1,2,1.0
,444,2,0,0.9470379
,444,3,0,0.80677104
,445,0,0,0.80677587
,445,1,0,0.93515646
,445,2,1,0.53480375
,445,3,2,1.0
,446,0,2,1.0
,446,1,1,0.7247332
,446,2,0,0.84262806
,446,3,0,0.93519104
,447,0,0,0.99844086
,447,1,1,0.74323505
,447,2,2,1.0
,447,3,1,0.7247908
,448,0,2,1.0
,448,1,0,0.8067185
,448,2,0,0.9351317
,448,3,1,0.7431418
,449,0,0,0.97623676
,449,1,2,1.0
,449,2,1,0.7247367
,449,3,0,0.806735
,450,0,0,0.9309947
,450,1,0,0.94708246
,450,2,1,0.743141
,450,3,2,1.0
,451,0,2,1.0
,451,1,1,0.5347597
,451,2,0,0.8067381
,451,3,0,0.9320984
,452,0,0,0.97623587
,452,1,0,0.84268546
,452,2,2,1.0
,452,3,1,0.77282745
,453,0,0,0.93095696
,453,1,2,1.0
,453,2,0,0.97624063
,453,3,1,0.89148515
,454,0,2,1.0
,454,1,0,0.9762254
,454,2,0,0.93098354
,454,3,1,0.8947899
,455,0,0,0.9324803
,455,1,0,0.930988
,455,2,2,1.0
,455,3,1,0.7958834
,456,0,1,0.76722986
,456,1,2,1.0
,456,2,0,0.9462633
,456,3,0,0.7975462
,457,0,1,0.8743244
,457,1,0,0.99817896
,457,2,1,0.5475805
,457,3,2,1.0
,458,0,1,0.8121736
,458,1,2,1.0
,458,2,0,0.8034107
,458,3,0,0.89866215
,459,0,0,0.7453584
,459,1,0,0.8931356
,459,2,2,1.0
,459,3,1,0.5882203
,460,0,2,1.0
,460,1,1,0.8012143
,460,2,0,0.8970944
,460,3,0,0.79019207
,461,0,0,0.9977942
,461,1,1,0.90659106
,461,2,1,0.7991568
,461,3,2,1.0
,462,0,2,1.0
,462,1,1,0.89867663
,462,2,1,0.901068
,462,3,0,0.9984934
,463,0,0,0.99816597
,463,1,1,0.7999951
,463,2,1,0.91964096
,463,3,2,1.0
,464,0,2,1.0
,464,1,0,0.7797428
,464,2,1,0.9281791
,464,3,0,0.9584519
,465,0,0,0.97613156
,465,1,2,1.0
,465,2,1,0.9227001
,465,3,0,0.9277773
,466,0,0,0.91918415
,466,1,0,0.9304383
,466,2,1,0.9206229
,466,3,2,1.0
,467,0,2,1.0
,467,1,1,0.7958596
,467,2,1,0.9128339
,467,3,0,0.9969163
,468,0,0,0.99776053
,468,1,1,0.90936697
,468,2,1,0.818906
,468,3,2,1.0
,469,0,2,1.0
,469,1,1,0.9190746
,469,2,0,0.79324234
,469,3,0,0.9723273
,470,0,0,0.97626984
,470,1,1,0.91778344
,470,2,2,1.0
,470,3,0,0.85591775
,471,0,0,0.9308567
,471,1,1,0.90115494
,471,2,0,0.9331253
,471,3,3,1.0
,472,0,2,1.0
,472,1,1,0.80274755
,472,2,1,0.7750317
,472,3,0,0.99855006
,473,0,0,0.9304174
,473,1,0,0.7678932
,473,2,1,0.898692
,473,3,2,1.0
,474,0,1,0.7956674
,474,1,2,1.0
,474,2,1,0.9271831
,474,3,0,0.99694526
,475,0,1,0.90839916
,475,1,0,0.9973164
,475,2,1,0.9322496
,475,3,2,1.0
,476,0,1,0.9118865
,476,1,2,1.0
,476,2,1,0.93304634
,476,3,0,0.99734956
,477,0,1,0.82162
,477,1,0,0.9973487
,477,2,1,0.9328775
,477,3,2,1.0
,478,0,0,0.77344733
,478,1,2,1.0
,478,2,1,0.93118626
,478,3,0,0.9652689
,479,0,2,1.0
,479,1,0,0.9369164
,479,2,1,0.9234059
,479,3,0,0.92891574
,480,0,0,0.9763187
,480,1,1,0.72448325
,480,2,1,0.92186123
,480,3,2,1.0
,481,0,0,0.93094504
,481,1,1,0.7432274
,481,2,1,0.92105937
,481,3,2,1.0
,482,0,2,1.0
,482,1,0,0.8065945
,482,2,1,0.9176715
,482,3,0,0.935452
,483,0,0,0.99844134
,483,1,2,1.0
,483,2,1,0.8985757
,483,3,1,0.7210301
,484,0,2,1.0
,484,1,0,0.97765005
,484,2,1,0.7876976
,484,3,1,0.7315094
,485,0,0,1.0
,485,1,0,1.0
,485,2,0,1.0
,485,3,3,0.5284875
,486,0,1,0.5646218
,486,1,1,0.7229449
,486,2,2,1.0
,486,3,0,0.9985103
,487,0,0,0.7065415
,487,1,1,0.77319705
,487,2,0,0.93449587
,487,3,2,1.0
,488,0,3,1.0
,488,1,0,0.64820814
,488,2,1,0.7359856
,488,3,0,0.97664315
,489,0,0,0.9374418
,489,1,3,1.0
,489,2,1,0.77718353
,489,3,0,0.9309144
,490,0,1,0.766709
,490,1,0,0.9779761
,490,2,0,0.64724064
,490,3,2,1.0
,491,0,1,0.87503487
,491,1,0,0.9311699
,491,2,3,1.0
,491,3,0,0.97661394
,492,0,1,0.8171579
,492,1,2,1.0
,492,2,0,0.9509689
,492,3,0,0.9310341
,493,0,0,0.63612384
,493,1,0,0.9320674
,493,2,1,0.53363806
,493,3,2,1.0
,494,0,3,1.0
,494,1,1,0.7742775
,494,2,0,0.8426779
,494,3,0,0.94783425
,495,0,0,0.99671024
,495,1,1,0.8955276
,495,2,2,1.0
,495,3,1,0.5347793
,496,0,3,1.0
,496,1,1,0.9135925
,496,2,0,0.948111
,496,3,0,0.8424357
,497,0,0,0.9985503
,497,1,1,0.89984584
,497,2,1,0.5345814
,497,3,2,1.0
,498,0,2,1.0
,498,1,1,0.8001004
,498,2,0,0.8427916
,498,3,0,0.9318362
,499,0,0,0.97509104
,499,1,0,0.78108495
,499,2,2,1.0
,499,3,1,0.7773533
,500,0,0,0.9138087
,500,1,2,1.0
,500,2,0,0.8715453
,500,3,1,0.904202
,501,0,2,1.0
,501,1,0,0.99715555
,501,2,1,0.8060932
,501,3,1,0.92800945
,502,0,0,0.997783
,502,1,2,1.0
,502,2,1,0.91119206
,502,3,1,0.9300897
,503,0,2,1.0
,503,1,0,0.9984936
,503,2,1,0.9200579
,503,3,1,0.9197962
,504,0,0,0.99844134
,504,1,2,1.0
,504,2,1,0.921409
,504,3,1,0.90067863
,505,0,2,1.0
,505,1,0,0.9984406
,505,2,1,0.92162544
,505,3,1,0.7978148
,506,0,0,0.94421554
,506,1,2,1.0
,506,2,1,0.9216166
,506,3,0,0.7971728
,507,0,1,0.58050734
,507,1,0,0.998441
,507,2,1,0.92156655
,507,3,2,1.0
,508,0,0,0.70204353
,508,1,2,1.0
,508,2,1,0.92103565
,508,3,0,0.97623956
,509,0,3,1.0
,509,1,0,0.9720239
,509,2,1,0.9180575
,509,3,0,0.93085897
,510,0,0,0.93700695
,510,1,0,0.85627586
,510,2,1,0.9003436
,510,3,2,1.0
,511,0,1,0.7738533
,511,1,3,0.99623555
,511,2,1,0.7979395
,511,3,0,0.9984729
,512,0,1,0.8962398
,512,1,0,0.9779755
,512,2,0,0.7971954
,512,3,2,1.0
,513,0,1,0.91764385
,513,1,0,0.9312736
,513,2,2,1.0
,513,3,0,0.97532654
,514,0,1,0.92308784
,514,1,2,1.0
,514,2,0,0.9303645
,514,3,0,0.91624415
,515,0,1,0.9321025
,515,1,0,0.9846813
,515,2,1,0.79529715
,515,3,2,1.0
,516,0,1,0.93073744
,516,1,2,1.0
,516,2,1,0.8962863
,516,3,0,0.99109256
,517,0,1,0.91326636
,517,1,0,0.99551564
,517,2,1,0.8402021
,517,3,3,1.0
,518,0,1,0.80256385
,518,1,3,1.0
,518,2,0,0.62856406
,518,3,0,0.95057464
,519,0,0,0.7961659
,519,1,0,0.95071423
,519,2,3,1.0
,519,3,1,0.5413497
,520,0,2,1.0
,520,1,1,0.5382426
,520,2,0,0.9357138
,520,3,0,0.8200363
,521,0,0,0.95718735
,521,1,0,0.82850015
,521,2,1,0.79109097
,521,3,2,1.0
,522,0,0,0.9133928
,522,1,2,1.0
,522,2,1,0.9018404
,522,3,0,0.93175685
,523,0,2,1.0
,523,1,0,0.99379945
,523,2,1,0.92877966
,523,3,1,0.7993003
,524,0,0,0.9940165
,524,1,2,1.0
,524,2,1,0.9329202
,524,3,1,0.9132175
,525,0,2,1.0
,525,1,0,0.9911755
,525,2,1,0.93116117
,525,3,1,0.93040895
,526,0,0,0.995198
,526,1,3,1.0
,526,2,1,0.9152158
,526,3,1,0.9300346
,527,0,2,1.0
,527,1,0,0.9982476
,527,2,1,0.8119027
,527,3,1,0.91133815
,528,0,0,0.8004325
,528,1,2,1.0
,528,2,0,0.7390564
,528,3,1,0.84766686
,529,0,1,0.8157096
,529,1,0,0.8426748
,529,2,2,1.0
,529,3,0,0.60017145
,530,0,1,0.9037034
,530,1,1,0.6108908
,530,2,0,0.9985467
,530,3,3,1.0
,531,0,1,0.91796845
,531,1,0,0.6937473
,531,2,2,1.0
,531,3,0,0.9370983
,532,0,1,0.9175654
,532,1,3,1.0
,532,2,0,0.9984708
,532,3,1,0.7723031
,533,0,1,0.90027076
,533,1,0,0.9967151
,533,2,2,1.0
,533,3,1,0.8914861
,534,0,1,0.79794955
,534,1,3,1.0
,534,2,0,0.99847907
,534,3,1,0.8950013
,535,0,0,0.7972619
,535,1,0,0.94905126
,535,2,2,1.0
,535,3,1,0.79599667
,536,0,2,1.0
,536,1,1,0.5666417
,536,2,0,0.9318034
,536,3,0,0.79760396
,537,0,0,0.9452237
,537,1,0,0.7410135
,537,2,1,0.778519
,537,3,2,1.0
,538,0,1,0.5622916
,538,1,3,1.0
,538,2,1,0.9065382
,538,3,0,0.99769205
,539,0,0,0.8376574
,539,1,0,0.977989
,539,2,1,0.91915655
,539,3,2,1.0
,540,0,2,1.0
,540,1,0,0.93122256
,540,2,1,0.9209353
,540,3,0,0.9319653
,541,0,0,0.9981496
,541,1,2,1.0
,541,2,1,0.9199532
,541,3,1,0.7772596
,542,0,2,1.0
,542,1,0,0.9974284
,542,2,1,0.9103886
,542,3,1,0.90266967
,543,0,0,0.93658996
,543,1,2,1.0
,543,2,1,0.80544215
,543,3,1,0.9027719
,544,0,1,0.7311246
,544,1,2,1.0
,544,2,0,0.76959753
,544,3,1,0.8290145
,545,0,1,0.7618472
,545,1,0,0.90759516
,545,2,2,1.0
,545,3,0,0.6110244
,546,0,0,0.80291206
,546,1,1,0.5478343
,546,2,0,0.934967
,546,3,3,1.0
,547,0,2,1.0
,547,1,0,0.84032583
,547,2,1,0.77454716
,547,3,0,0.94791687
,548,0,0,0.9981636
,548,1,2,1.0
,548,2,1,0.89817023
,548,3,1,0.5861676
,549,0,2,1.0
,549,1,0,0.95879644
,549,2,1,0.924862
,549,3,0,0.68151605
,550,0,0,0.9767997
,550,1,0,0.92767644
,550,2,1,0.92272586
,550,3,3,1.0
,551,0,0,0.91998374
,551,1,2,1.0
,551,2,1,0.9233185
,551,3,0,0.97758055
,552,0,2,1.0
,552,1,0,0.9585657
,552,2,1,0.9288235
,552,3,0,0.9245651
,553,0,0,0.935849
,553,1,0,0.92775816
,553,2,1,0.92304885
,553,3,2,1.0
,554,0,1,0.7374227
,554,1,2,1.0
,554,2,1,0.9222279
,554,3,0,0.9984406
,555,0,1,0.7828804
,555,1,0,0.99713594
,555,2,1,0.92353994
,555,3,2,1.0
,556,0,0,0.6191053
,556,1,3,1.0
,556,2,1,0.9301343
,556,3,0,0.92829716
,557,0,3,1.0
,557,1,0,0.9773855
,557,2,1,0.92116785
,557,3,0,0.92232543
,558,0,0,0.9729293
,558,1,0,0.92061687
,558,2,1,0.90811497
,558,3,2,1.0
,559,0,0,0.84502536
,559,1,2,1.0
,559,2,1,0.8397477
,559,3,0,0.87918
,560,0,3,1.0
,560,1,0,0.9492858
,560,2,0,0.6292642
,560,3,1,0.7840778
,561,0,0,0.9985496
,561,1,1,0.54226196
,561,2,3,1.0
,561,3,1,0.8978617
,562,0,2,1.0
,562,1,0,0.8185782
,562,2,0,0.9492634
,562,3,1,0.9165418
,563,0,0,0.9974342
,563,1,2,1.0
,563,2,1,0.55929214
,563,3,1,0.9133455
,564,0,2,1.0
,564,1,0,0.9335985
,564,2,0,0.83823067
,564,3,1,0.82841516
,565,0,0,0.9762661
,565,1,1,0.7741545
,565,2,2,1.0
,565,3,0,0.6330034
,566,0,0,0.9308707
,566,1,1,0.8963037
,566,2,0,0.9766131
,566,3,3,1.0
,567,0,2,1.0
,567,1,1,0.91728866
,567,2,0,0.9310242
,567,3,0,0.9736378
,568,0,0,0.9351896
,568,1,1,0.92091894
,568,2,2,1.0
,568,3,0,0.8565109
,569,0,1,0.72529393
,569,1,1,0.92169946
,569,2,0,0.99654746
,569,3,3,1.0
,570,0,1,0.74381125
,570,1,1,0.92184484
,570,2,3,1.0
,570,3,0,0.9967148
,571,0,0,0.80622756
,571,1,1,0.92181724
,571,2,0,0.9779855
,571,3,3,1.0
,572,0,2,1.0
,572,1,1,0.92169946
,572,2,0,0.931198
,572,3,0,0.93702734
,573,0,0,0.99844
,573,1,1,0.9216906
,573,2,2,1.0
,573,3,1,0.77358085
,574,0,2,1.0
,574,1,1,0.9216881
,574,2,0,0.99844
,574,3,1,0.8961236
,575,0,0,0.99844015
,575,1,1,0.9216807
,575,2,2,1.0
,575,3,1,0.9171752
,576,0,2,1.0
,576,1,1,0.92163575
,576,2,0,0.99647194
,576,3,1,0.92032015
,577,0,0,0.99848014
,577,1,1,0.92133534
,577,2,3,1.0
,577,3,1,0.9180075
,578,0,2,1.0
,578,1,1,0.91886413
,578,2,0,0.99854887
,578,3,1,0.900307
,579,0,0,0.9984406
,579,1,1,0.90515447
,579,2,2,1.0
,579,3,1,0.7976824
,580,0,2,1.0
,580,1,1,0.82582164
,580,2,0,0.9321325
,580,3,0,0.7972905
,581,0,0,0.9762574
,581,1,0,0.6336274
,581,2,1,0.7728748
,581,3,2,1.0
,582,0,0,0.9308594
,582,1,3,1.0
,582,2,1,0.8915893
,582,3,0,0.93304336
,583,0,2,1.0
,583,1,0,0.99854875
,583,2,1,0.8948813
,583,3,1,0.77428275
,584,0,0,0.9964643
,584,1,2,1.0
,584,2,1,0.7960564
,584,3,1,0.8962839
,585,0,3,1.0
,585,1,0,0.97673744
,585,2,0,0.7972429
,585,3,1,0.91738796
,586,0,0,0.973629
,586,1,0,0.93102217
,586,2,2,1.0
,586,3,1,0.9209316
,587,0,0,0.8563514
,587,1,2,1.0
,587,2,0,0.9762397
,587,3,1,0.9215453
,588,0,3,1.0
,588,1,0,0.976666
,588,2,0,0.9308555
,588,3,1,0.92173135
,589,0,0,0.977979
,589,1,0,0.9310346
,589,2,2,1.0
,589,3,1,0.9217156
,590,0,0,0.931224
,590,1,2,1.0
,590,2,0,0.94675183
,590,3,1,0.9219166
,591,0,2,1.0
,591,1,0,0.9970689
,591,2,1,0.54008985
,591,3,1,0.92326045
,592,0,0,0.96438134
,592,1,3,0.99991596
,592,2,0,0.826487
,592,3,1,0.9290033
,593,0,0,0.9287049
,593,1,0,0.93704975
,593,2,2,1.0
,593,3,1,0.91971123
,594,0,2,1.0
,594,1,1,0.7736725
,594,2,0,0.9984412
,594,3,1,0.90149784
,595,0,0,0.9984404
,595,1,1,0.8964002
,595,2,2,1.0
,595,3,1,0.80284524
,596,0,2,1.0
,596,1,1,0.9185138
,596,2,0,0.9334197
,596,3,0,0.7678998
,597,0,0,0.9974543
,597,1,1,0.92624533
,597,2,1,0.74814856
,597,3,2,1.0
,598,0,2,1.0
,598,1,1,0.90870786
,598,2,1,0.7594891
,598,3,0,0.99823046
,599,0,0,0.9003583
,599,1,1,0.8366007
,599,2,0,0.7589186
,599,3,2,1.0
,600,0,1,0.579872
,600,1,0,0.65042794
,600,2,2,1.0
,600,3,0,0.8953473
,601,0,0,0.81761307
,601,1,3,0.9999858
,601,2,0,0.9679054
,601,3,1,0.799642
,602,0,2,1.0
,602,1,0,0.9375886
,602,2,0,0.92922306
,602,3,1,0.90080136
,603,0,0,0.9984418
,603,1,1,0.7647094
,603,2,2,1.0
,603,3,1,0.9174523
,604,0,2,1.0
,604,1,1,0.8687755
,604,2,0,0.99844
,604,3,1,0.9173528
,605,0,0,0.9984405
,605,1,1,0.78790027
,605,2,2,1.0
,605,3,1,0.9001445
,606,0,2,1.0
,606,1,0,0.79900056
,606,2,0,0.9321281
,606,3,1,0.79753274
,607,0,0,0.97623724
,607,1,2,1.0
,607,2,1,0.77282155
,607,3,0,0.79732627
,608,0,0,0.9309284
,608,1,0,0.9471105
,608,2,1,0.89148
,608,3,2,1.0
,609,0,2,1.0
,609,1,1,0.5348697
,609,2,1,0.8948205
,609,3,0,0.99843955
,610,0,0,0.944182
,610,1,0,0.84274584
,610,2,1,0.79588634
,610,3,2,1.0
,611,0,1,0.58040404
,611,1,2,1.0
,611,2,0,0.79760414
,611,3,0,0.93515384
,612,0,0,0.70196575
,612,1,0,0.9762512
,612,2,2,1.0
,612,3,1,0.7248249
,613,0,3,1.0
,613,1,0,0.9308886
,613,2,0,0.93356836
,613,3,1,0.74337685
,614,0,0,0.9509595
,614,1,2,1.0
,614,2,1,0.7653796
,614,3,0,0.80653334
,615,0,1,0.53378296
,615,1,0,0.9964629
,615,2,1,0.8689487
,615,3,2,1.0
,616,0,0,0.842666
,616,1,3,1.0
,616,2,1,0.78811634
,616,3,0,0.93329996
,617,0,2,1.0
,617,1,0,0.93710977
,617,2,0,0.79876614
,617,3,1,0.7742131
,618,0,0,0.99742544
,618,1,1,0.77214783
,618,2,2,1.0
,618,3,1,0.8963021
,619,0,3,0.5154966
,619,1,1,0.89162654
,619,2,0,0.9966031
,619,3,1,0.9174744
,620,0,0,0.9985163
,620,1,1,0.8950557
,620,2,3,0.9783773
,620,3,1,0.9210824
,621,0,2,1.0
,621,1,1,0.79607916
,621,2,0,0.9985477
,621,3,1,0.9214925
,622,0,0,0.93207884
,622,1,0,0.7974633
,622,2,2,1.0
,622,3,1,0.9211336
,623,0,1,0.77418894
,623,1,2,1.0
,623,2,0,0.99844146
,623,3,1,0.91883135
,624,0,1,0.8954755
,624,1,0,0.99844
,624,2,2,1.0
,624,3,1,0.9051574
,625,0,1,0.91343004
,625,1,2,1.0
,625,2,0,0.99844074
,625,3,1,0.8258452
,626,0,1,0.89936584
,626,1,0,0.9321183
,626,2,2,1.0
,626,3,0,0.6339987
,627,0,1,0.7976807
,627,1,1,0.7744515
,627,2,0,0.99653345
,627,3,3,1.0
,628,0,0,0.7968318
,628,1,1,0.8956591
,628,2,3,1.0
,628,3,0,0.93704206
,629,0,2,1.0
,629,1,1,0.9135126
,629,2,0,0.9967155
,629,3,1,0.77367824
,630,0,0,0.9984798
,630,1,1,0.8995422
,630,2,3,1.0
,630,3,1,0.8963206
,631,0,2,1.0
,631,1,1,0.7974553
,631,2,0,0.9985496
,631,3,1,0.9173055
,632,0,0,0.9762262
,632,1,0,0.79731476
,632,2,2,1.0
,632,3,1,0.920894
,633,0,0,0.9309682
,633,1,2,1.0
,633,2,0,0.97156024
,633,3,1,0.9215181
,634,0,2,1.0
,634,1,0,0.93209404
,634,2,0,0.8559304
,634,3,1,0.921642
,635,0,0,0.99847376
,635,1,1,0.7746989
,635,2,3,1.0
,635,3,1,0.92179155
,636,0,2,1.0
,636,1,1,0.8963416
,636,2,0,0.9985486
,636,3,1,0.9217096
,637,0,0,0.99844027
,637,1,1,0.9173185
,637,2,2,1.0
,637,3,1,0.9216932
,638,0,2,1.0
,638,1,1,0.9209371
,638,2,0,0.99844027
,638,3,1,0.9216893
,639,0,0,0.99844015
,639,1,1,0.92156565
,639,2,2,1.0
,639,3,1,0.9216812
,640,0,2,1.0
,640,1,1,0.92169905
,640,2,0,0.99647194
,640,3,1,0.92163706
,641,0,0,0.99848014
,641,1,1,0.92182803
,641,2,3,1.0
,641,3,1,0.92134243
,642,0,2,1.0
,642,1,1,0.9217442
,642,2,0,0.9967157
,642,3,1,0.9189028
,643,0,0,0.99848014
,643,1,1,0.9218107
,643,2,3,1.0
,643,3,1,0.9053282
,644,0,2,1.0
,644,1,1,0.9215996
,644,2,0,0.9985498
,644,3,1,0.82589984
,645,0,0,0.9352123
,645,1,1,0.9210388
,645,2,2,1.0
,645,3,0,0.63398975
,646,0,1,0.725116
,646,1,1,0.91810316
,646,2,0,0.9984696
,646,3,3,1.0
,647,0,1,0.743413
,647,1,1,0.90035164
,647,2,2,1.0
,647,3,0,0.9967095
,648,0,0,0.8064102
,648,1,1,0.7978529
,648,2,0,0.93331444
,648,3,3,1.0
,649,0,2,1.0
,649,1,0,0.79708666
,649,2,1,0.77419823
,649,3,0,0.93754184
,650,0,0,0.99844134
,650,1,2,1.0
,650,2,1,0.8962564
,650,3,1,0.764715
,651,0,2,1.0
,651,1,0,0.99844
,651,2,1,0.91730005
,651,3,1,0.8687784
,652,0,0,0.99844015
,652,1,2,1.0
,652,2,1,0.9209208
,652,3,1,0.78791004
,653,0,2,1.0
,653,1,0,0.9762261
,653,2,1,0.92151755
,653,3,0,0.79895693
,654,0,0,0.9762441
,654,1,0,0.93096745
,654,2,1,0.92162347
,654,3,2,1.0
,655,0,0,0.9309305
,655,1,2,1.0
,655,2,1,0.9216369
,655,3,0,0.9470683
,656,0,2,1.0
,656,1,0,0.99646074
,656,2,1,0.9216852
,656,3,1,0.5350013
,657,0,0,0.9364009
,657,1,3,0.9999093
,657,2,1,0.9217353
,657,3,0,0.84238183
,658,0,1,0.7247464
,658,1,0,0.9967151
,658,2,1,0.9216243
,658,3,2,1.0
,659,0,1,0.7435835
,659,1,3,1.0
,659,2,1,0.92118275
,659,3,0,0.99847883
,660,0,0,0.80647373
,660,1,0,0.9370281
,660,2,1,0.91800785
,660,3,2,1.0
,661,0,2,1.0
,661,1,1,0.773547
,661,2,1,0.9003114
,661,3,0,0.99844146
,662,0,0,0.9984404
,662,1,1,0.8959905
,662,2,1,0.7977013
,662,3,2,1.0
,663,0,2,1.0
,663,1,1,0.9165724
,663,2,0,0.7971798
,663,3,0,0.9351604
,664,0,0,0.99647325
,664,1,1,0.9172365
,664,2,2,1.0
,664,3,1,0.7249826
,665,0,3,1.0
,665,1,1,0.90029347
,665,2,0,0.9984786
,665,3,1,0.7436238
,666,0,0,0.93702465
,666,1,1,0.7976582
,666,2,2,1.0
,666,3,0,0.80662227
,667,0,1,0.7736252
,667,1,0,0.7971952
,667,2,0,0.94510007
,667,3,2,1.0
,668,0,1,0.896531
,668,1,2,1.0
,668,2,1,0.56689376
,668,3,0,0.99844074
,669,0,1,0.9191857
,669,1,0,0.97569996
,669,2,0,0.74400896
,669,3,2,1.0
,670,0,1,0.9296092
,670,1,0,0.92248785
,670,2,3,1.0
,670,3,0,0.9278334
,671,0,1,0.9226007
,671,1,2,1.0
,671,2,0,0.9370721
,671,3,0,0.92236435
,672,0,1,0.91828275
,672,1,0,0.99844134
,672,2,1,0.7733279
,672,3,2,1.0
,673,0,1,0.9003688
,673,1,2,1.0
,673,2,1,0.89533055
,673,3,0,0.99844
,674,0,1,0.7977567
,674,1,0,0.99646467
,674,2,1,0.91342586
,674,3,2,1.0
,675,0,0,0.7969625
,675,1,3,1.0
,675,2,1,0.89945495
,675,3,0,0.97673696
,676,0,2,1.0
,676,1,0,0.94832474
,676,2,1,0.7973906
,676,3,0,0.9310565
,677,0,0,0.9325695
,677,1,1,0.57916105
,677,2,0,0.7973474
,677,3,2,1.0
,678,0,1,0.76556575
,678,1,0,0.70241547
,678,2,2,1.0
,678,3,0,0.97625446
,679,0,1,0.8690293
,679,1,3,1.0
,679,2,0,0.97662127
,679,3,0,0.9308716
,680,0,1,0.7879608
,680,1,0,0.9370329
,680,2,0,0.9310326
,680,3,2,1.0
,681,0,0,0.79887694
,681,1,1,0.7734853
,681,2,2,1.0
,681,3,0,0.94420666
,682,0,2,1.0
,682,1,1,0.89612836
,682,2,0,0.996465
,682,3,1,0.58052105
,683,0,0,0.9358128
,683,1,1,0.917262
,683,2,3,1.0
,683,3,0,0.7020113
,684,0,1,0.7357517
,684,1,1,0.92040735
,684,2,0,0.9985491
,684,3,3,1.0
,685,0,1,0.7769007
,685,1,1,0.917881
,685,2,2,1.0
,685,3,0,0.99854994
,686,0,0,0.64761084
,686,1,1,0.9002684
,686,2,0,0.93210673
,686,3,2,1.0
,687,0,3,1.0
,687,1,1,0.79788905
,687,2,1,0.77460796
,687,3,0,0.99846935
,688,0,0,0.9779817
,688,1,0,0.7972089
,688,2,1,0.896188
,688,3,2,1.0
,689,0,0,0.9312714
,689,1,2,1.0
,689,2,1,0.9167585
,689,3,0,0.97156084
,690,0,2,1.0
,690,1,0,0.93264765
,690,2,1,0.9180372
,690,3,0,0.85592824
,691,0,0,0.99847364
,691,1,1,0.76583725
,691,2,1,0.90513676
,691,3,3,1.0
,692,0,2,1.0
,692,1,1,0.8689958
,692,2,1,0.8258805
,692,3,0,0.99855006
,693,0,0,0.9320373
,693,1,1,0.7879257
,693,2,0,0.63376665
,693,3,2,1.0
,694,0,1,0.7751863
,694,1,0,0.7987314
,694,2,3,1.0
,694,3,0,0.97591496
,695,0,1,0.8982483
,695,1,2,1.0
,695,2,0,0.97289497
,695,3,0,0.9198165
,696,0,1,0.9248045
,696,1,0,0.95053566
,696,2,0,0.8444681
,696,3,2,1.0
,697,0,1,0.92248607
,697,1,0,0.8496318
,697,2,3,1.0
,697,3,0,0.9384583
,698,0,1,0.92194253
,698,1,3,1.0
,698,2,0,0.9985491
,698,3,1,0.72451097
,699,0,1,0.92172813
,699,1,0,0.9967099
,699,2,2,1.0
,699,3,1,0.7432436
,700,0,1,0.92165124
,700,1,3,1.0
,700,2,0,0.9333649
,700,3,0,0.80635923
,701,0,1,0.92107844
,701,1,0,0.9985486
,701,2,1,0.7742486
,701,3,2,1.0
,702,0,1,0.9180401
,702,1,2,1.0
,702,2,1,0.89629674
,702,3,0,0.9964717
,703,0,1,0.9004733
,703,1,0,0.99848
,703,2,1,0.917444
,703,3,3,0.99992025
,704,0,1,0.7977455
,704,1,2,1.0
,704,2,1,0.9209489
,704,3,0,0.9985497
,705,0,0,0.79725707
,705,1,0,0.9762255
,705,2,1,0.92152214
,705,3,2,1.0
,706,0,2,1.0
,706,1,0,0.93095285
,706,2,1,0.9216226
,706,3,0,0.97624797
,707,0,0,0.9762243
,707,1,2,1.0
,707,2,1,0.92162323
,707,3,0,0.93097603
,708,0,0,0.9309262
,708,1,0,0.9442178
,708,2,1,0.9215556
,708,3,2,1.0
,709,0,2,1.0
,709,1,1,0.5805028
,709,2,1,0.92120385
,709,3,0,0.9964619
,710,0,0,0.9338533
,710,1,0,0.7020195
,710,2,1,0.91893435
,710,3,3,1.0
,711,0,1,0.7675978
,711,1,3,1.0
,711,2,1,0.90530944
,711,3,0,0.9985491
,712,0,1,0.8751509
,712,1,0,0.9985486
,712,2,1,0.8259398
,712,3,2,1.0
,713,0,1,0.81726277
,713,1,2,1.0
,713,2,0,0.63370574
,713,3,0,0.93304455
,714,0,0,0.6359271
,714,1,0,0.9766762
,714,2,3,1.0
,714,3,1,0.76769805
,715,0,3,1.0
,715,1,0,0.9309002
,715,2,0,0.937046
,715,3,1,0.875267
,716,0,0,0.99854946
,716,1,2,1.0
,716,2,1,0.77352405
,716,3,1,0.8172576
,717,0,2,1.0
,717,1,0,0.97624177
,717,2,1,0.8959716
,717,3,0,0.63613003
,718,0,0,0.9766126
,718,1,0,0.93086505
,718,2,1,0.9166112
,718,3,3,1.0
,719,0,0,0.9309669
,719,1,2,1.0
,719,2,1,0.916908
,719,3,0,0.94013005
,720,0,2,1.0
,720,1,0,0.996468
,720,2,1,0.8984643
,720,3,1,0.7201645
,721,0,0,0.9781646
,721,1,3,0.99959284
,721,2,1,0.7879331
,721,3,1,0.73153305
,722,0,0,1.0
,722,1,0,1.0
,722,2,3,0.52818584
,722,3,0,1.0
,723,0,1,0.7629319
,723,1,1,0.7629319
,723,2,0,0.97738385
,723,3,2,1.0
,724,0,1,0.8943486
,724,1,1,0.8943486
,724,2,0,0.9310577
,724,3,2,1.0
,725,0,1,0.9170324
,725,1,1,0.9170324
,725,2,2,1.0
,725,3,0,0.9984416
,726,0,1,0.92118335
,726,1,1,0.9211835
,726,2,0,0.99844
,726,3,2,1.0
,727,0,1,0.92330647
,727,1,1,0.92330813
,727,2,2,1.0
,727,3,0,0.99709564
,728,0,1,0.92987055
,728,1,1,0.92988026
,728,2,0,0.99775255
,728,3,3,1.0
,729,0,1,0.9235308
,729,1,1,0.92359215
,729,2,2,1.0
,729,3,0,0.9985492
,730,0,1,0.92351896
,730,1,1,0.92388
,730,2,0,0.9981509
,730,3,2,1.0
,731,0,1,0.9290062
,731,1,1,0.93109846
,731,2,2,1.0
,731,3,0,0.9969164
,732,0,1,0.9197656
,732,1,1,0.9328327
,732,2,0,0.997315
,732,3,2,1.0
,733,0,1,0.8496972
,733,1,1,0.9329627
,733,2,2,1.0
,733,3,0,0.9959336
,734,0,0,0.6009396
,734,1,1,0.9316772
,734,2,0,0.9142386
,734,3,3,1.0
,735,0,3,1.0
,735,1,1,0.9239917
,735,2,1,0.73115474
,735,3,0,0.9985503
,736,0,0,0.9983046
,736,1,1,0.9234771
,736,2,1,0.7483004
,736,3,2,1.0
,737,0,2,1.0
,737,1,1,0.9285103
,737,2,0,0.7898051
,737,3,0,0.90536684
,738,0,0,0.9965671
,738,1,1,0.9224181
,738,2,2,1.0
,738,3,1,0.54842955
,739,0,3,1.0
,739,1,1,0.91831934
,739,2,0,0.9481465
,739,3,0,0.8400597
,740,0,0,0.9967099
,740,1,1,0.9003956
,740,2,1,0.5346645
,740,3,2,1.0
,741,0,3,1.0
,741,1,1,0.79784596
,741,2,0,0.8425186
,741,3,0,0.94807136
,742,0,0,0.9371089
,742,1,0,0.7972659
,742,2,2,1.0
,742,3,1,0.53457594
,743,0,1,0.7721796
,743,1,2,1.0
,743,2,0,0.9351253
,743,3,0,0.8426527
,744,0,1,0.89209646
,744,1,0,0.9984406
,744,2,1,0.726083
,744,3,2,1.0
,745,0,1,0.89820987
,745,1,2,1.0
,745,2,1,0.7470935
,745,3,0,0.99705034
,746,0,1,0.813383
,746,1,0,0.8961011
,746,2,0,0.788205
,746,3,3,1.0
,747,0,0,0.79420686
,747,1,1,0.7817116
,747,2,2,1.0
,747,3,0,0.97730243
,748,0,2,1.0
,748,1,1,0.8998107
,748,2,0,0.93044746
,748,3,0,0.9193987
,749,0,0,0.99691796
,749,1,1,0.9272734
,749,2,1,0.7965363
,749,3,2,1.0
,750,0,2,1.0
,750,1,1,0.9320004
,750,2,1,0.9114999
,750,3,0,0.9973143
,751,0,0,0.99507225
,751,1,1,0.9313545
,751,2,1,0.928089
,751,3,2,1.0
,752,0,3,1.0
,752,1,1,0.92377645
,752,2,1,0.92322934
,752,3,0,0.9967478
,753,0,0,0.9985491
,753,1,1,0.92211455
,753,2,1,0.9221019
,753,3,3,1.0
,754,0,2,1.0
,754,1,1,0.9212977
,754,2,1,0.9217707
,754,3,0,0.9985486
,755,0,0,0.9964722
,755,1,1,0.9189001
,755,2,1,0.9217384
,755,3,2,1.0
,756,0,3,1.0
,756,1,1,0.905382
,756,2,1,0.9218568
,756,3,0,0.99656266
,757,0,0,0.9985496
,757,1,1,0.8261853
,757,2,1,0.92183834
,757,3,3,1.0
,758,0,2,1.0
,758,1,0,0.6338357
,758,2,1,0.92164826
,758,3,0,0.93925375
,759,0,0,0.9965393
,759,1,3,1.0
,759,2,1,0.9213337
,759,3,1,0.7352012
,760,0,3,1.0
,760,1,0,0.9985496
,760,2,1,0.91899765
,760,3,1,0.777107
,761,0,0,0.97362715
,761,1,2,1.0
,761,2,1,0.9052041
,761,3,0,0.64717734
,762,0,0,0.85632455
,762,1,0,0.9330706
,762,2,1,0.82600814
,762,3,3,1.0
,763,0,3,1.0
,763,1,1,0.77453625
,763,2,0,0.6335358
,763,3,0,0.94830924
,764,0,0,0.99854946
,764,1,1,0.8964271
,764,2,3,1.0
,764,3,1,0.57963353
,765,0,2,1.0
,765,1,1,0.91733605
,765,2,0,0.97362334
,765,3,0,0.70228803
,766,0,0,0.9766466
,766,1,1,0.92101973
,766,2,0,0.8562633
,766,3,3,1.0
,767,0,0,0.9308836
,767,1,1,0.9216619
,767,2,3,1.0
,767,3,0,0.95097345
,768,0,2,1.0
,768,1,1,0.92170024
,768,2,0,0.9967112
,768,3,1,0.5338001
,769,0,0,0.9721333
,769,1,1,0.9217697
,769,2,3,1.0
,769,3,0,0.8426041
,770,0,0,0.8560168
,770,1,1,0.92171544
,770,2,0,0.9509408
,770,3,2,1.0
,771,0,3,1.0
,771,1,1,0.9217919
,771,2,1,0.534081
,771,3,0,0.99847245
,772,0,0,0.9779817
,772,1,1,0.92168266
,772,2,0,0.8427806
,772,3,2,1.0
,773,0,0,0.93127173
,773,1,1,0.92165935
,773,2,2,1.0
,773,3,0,0.9762403
,774,0,2,1.0
,774,1,1,0.921691
,774,2,0,0.946523
,774,3,0,0.93093073
,775,0,0,0.99843943
,775,1,1,0.9219741
,775,2,1,0.54368657
,775,3,2,1.0
,776,0,2,1.0
,776,1,1,0.9234292
,776,2,0,0.815587
,776,3,0,0.97569704
,777,0,0,0.84365135
,777,1,1,0.93002063
,777,2,2,1.0
,777,3,0,0.92284566
,778,0,1,0.56763613
,778,1,1,0.9233111
,778,2,0,0.99658406
,778,3,2,1.0
,779,0,0,0.8367255
,779,1,1,0.9220398
,779,2,3,1.0
,779,3,0,0.936459
,780,0,2,1.0
,780,1,1,0.92178845
,780,2,0,0.99671525
,780,3,1,0.7247569
,781,0,0,0.9965559
,781,1,1,0.92185616
,781,2,3,1.0
,781,3,1,0.7436457
,782,0,3,1.0
,782,1,1,0.9218285
,782,2,0,0.9392919
,782,3,0,0.8061827
,783,0,0,0.99671525
,783,1,1,0.9217497
,783,2,1,0.73495066
,783,3,2,1.0
,784,0,3,1.0
,784,1,1,0.92182505
,784,2,1,0.77701235
,784,3,0,0.99847907
,785,0,0,0.9779756
,785,1,1,0.92171234
,785,2,0,0.64727765
,785,3,2,1.0
,786,0,0,0.9311607
,786,1,1,0.9217454
,786,2,3,1.0
,786,3,0,0.9719914
,787,0,2,1.0
,787,1,1,0.92170554
,787,2,0,0.9736238
,787,3,0,0.8558832
,788,0,0,0.9720767
,788,1,1,0.92179245
,788,2,0,0.8562739
,788,3,3,1.0
,789,0,0,0.85586756
,789,1,1,0.92187387
,789,2,3,1.0
,789,3,0,0.93745816
,790,0,3,1.0
,790,1,1,0.92212754
,790,2,0,0.99854887
,790,3,1,0.76641226
,791,0,0,0.99729156
,791,1,1,0.9234571
,791,2,2,1.0
,791,3,1,0.87323743
,792,0,3,1.0
,792,1,1,0.92983097
,792,2,0,0.99774617
,792,3,1,0.80705094
,793,0,0,0.9399333
,793,1,1,0.92323726
,793,2,2,1.0
,793,3,0,0.79512995
,794,0,1,0.72401685
,794,1,1,0.9219908
,794,2,0,0.9964762
,794,3,2,1.0
,795,0,1,0.74333614
,795,1,1,0.9218608
,795,2,3,1.0
,795,3,0,0.99847883
,796,0,0,0.8066238
,796,1,1,0.9216944
,796,2,0,0.97798085
,796,3,2,1.0
,797,0,2,1.0
,797,1,1,0.9216549
,797,2,0,0.93125576
,797,3,0,0.9762474
,798,0,0,0.976227
,798,1,1,0.9216437
,798,2,2,1.0
,798,3,0,0.9309602
,799,0,0,0.9309567
,799,1,1,0.9216417
,799,2,0,0.97622687
,799,3,2,1.0
,800,0,2,1.0
,800,1,1,0.92164123
,800,2,0,0.93095696
,800,3,0,0.97622794
,801,0,0,0.9762235
,801,1,1,0.9216406
,801,2,2,1.0
,801,3,0,0.93097556
,802,0,0,0.93092173
,802,1,1,0.9216417
,802,2,0,0.9351636
,802,3,2,1.0
,803,0,2,1.0
,803,1,1,0.9217118
,803,2,1,0.7250013
,803,3,0,0.99647003
,804,0,0,0.9965557
,804,1,1,0.92184263
,804,2,1,0.74372077
,804,3,3,1.0
,805,0,3,1.0
,805,1,1,0.9218262
,805,2,0,0.8061697
,805,3,0,0.93929166
,806,0,0,0.99671525
,806,1,1,0.9217491
,806,2,2,1.0
,806,3,1,0.73495513
,807,0,3,1.0
,807,1,1,0.9218244
,807,2,0,0.99847907
,807,3,1,0.7770263
,808,0,0,0.9779755
,808,1,1,0.9217088
,808,2,2,1.0
,808,3,0,0.64721125
,809,0,0,0.93115824
,809,1,1,0.9217294
,809,2,0,0.94787437
,809,3,3,1.0
,810,0,2,1.0
,810,1,1,0.9216821
,810,2,1,0.5346885
,810,3,0,0.9985502
,811,0,0,0.9320536
,811,1,1,0.9216428
,811,2,0,0.8426359
,811,3,2,1.0
,812,0,1,0.77445376
,812,1,1,0.92168444
,812,2,2,1.0
,812,3,0,0.998441
,813,0,1,0.8962966
,813,1,1,0.9216889
,813,2,0,0.99844
,813,3,2,1.0
,814,0,1,0.91731316
,814,1,1,0.921692
,814,2,2,1.0
,814,3,0,0.99844027
,815,0,1,0.92094976
,815,1,1,0.9217028
,815,2,0,0.99844027
,815,3,2,1.0
,816,0,1,0.9216454
,816,1,1,0.9217632
,816,2,2,1.0
,816,3,0,0.99647206
,817,0,1,0.92212313
,817,1,1,0.922074
,817,2,0,0.99848026
,817,3,3,1.0
,818,0,1,0.9235621
,818,1,1,0.9231512
,818,2,2,1.0
,818,3,0,0.9982777
,819,0,1,0.9306478
,819,1,1,0.92825013
,819,2,0,0.99691653
,819,3,2,1.0
,820,0,1,0.9302241
,820,1,1,0.91525227
,820,2,2,1.0
,820,3,0,0.9960517
,821,0,1,0.91608053
,821,1,1,0.8206647
,821,2,0,0.99797547
,821,3,3,0.9140265
,822,0,1,0.822311
,822,1,0,0.7928913
,822,2,2,1.0
,822,3,0,0.93659276
,823,0,0,0.67607856
,823,1,2,1.0
,823,2,0,0.945272
,823,3,1,0.77768147
,824,0,3,1.0
,824,1,0,0.9976868
,824,2,1,0.56224406
,824,3,1,0.90630394
,825,0,0,0.9736493
,825,1,2,1.0
,825,2,0,0.8376543
,825,3,1,0.91866237
,826,0,0,0.85650045
,826,1,0,0.93212426
,826,2,2,1.0
,826,3,1,0.9182712
,827,0,3,1.0
,827,1,1,0.77542615
,827,2,0,0.9984739
,827,3,1,0.9045519
,828,0,0,0.9982922
,828,1,1,0.8986298
,828,2,2,1.0
,828,3,1,0.8221067
,829,0,2,1.0
,829,1,1,0.92642003
,829,2,0,0.9581087
,829,3,0,0.65566516
,830,0,0,0.96106875
,830,1,1,0.9299171
,830,2,0,0.91958266
,830,3,3,1.0
,831,0,0,0.8526766
,831,1,1,0.9197663
,831,2,2,1.0
,831,3,0,0.9509639
,832,0,3,1.0
,832,1,1,0.9007897
,832,2,0,0.99847364
,832,3,1,0.5340828
,833,0,0,0.93703145
,833,1,1,0.7977968
,833,2,2,1.0
,833,3,0,0.8427885
,834,0,1,0.77350044
,834,1,0,0.7972518
,834,2,0,0.97623736
,834,3,2,1.0
,835,0,1,0.89608747
,835,1,2,1.0
,835,2,0,0.930966
,835,3,0,0.97155577
,836,0,1,0.917248
,836,1,0,0.94708586
,836,2,2,1.0
,836,3,0,0.85590184
,837,0,1,0.9209758
,837,1,1,0.5352611
,837,2,0,0.9984722
,837,3,3,1.0
,838,0,1,0.9212793
,838,1,0,0.8426122
,838,2,2,1.0
,838,3,0,0.9772923
,839,0,1,0.92007387
,839,1,2,1.0
,839,2,0,0.930719
,839,3,0,0.9194078
,840,0,1,0.91099274
,840,1,0,0.9974323
,840,2,1,0.79153377
,840,3,2,1.0
,841,0,1,0.8091196
,841,1,2,1.0
,841,2,1,0.8980461
,841,3,0,0.9982217
,842,0,0,0.7481307
,842,1,0,0.9557507
,842,2,1,0.909175
,842,3,2,1.0
,843,0,2,1.0
,843,1,0,0.90634876
,843,2,1,0.8247023
,843,3,0,0.89468396
,844,0,0,0.89612734
,844,1,2,1.0
,844,2,0,0.7402575
,844,3,1,0.79616153
,845,0,1,0.8036163
,845,1,0,0.99734896
,845,2,2,1.0
,845,3,1,0.8910656
,846,0,1,0.9127471
,846,1,2,1.0
,846,2,0,0.9959276
,846,3,1,0.8157319
,847,0,1,0.9286291
,847,1,0,0.9131075
,847,2,3,1.0
,847,3,0,0.77316046
,848,0,1,0.9247302
,848,1,1,0.73910236
,848,2,0,0.99729383
,848,3,2,1.0
,849,0,1,0.9299277
,849,1,1,0.77176803
,849,2,3,1.0
,849,3,0,0.9977506
,850,0,1,0.9225283
,850,1,0,0.77530134
,850,2,0,0.97683597
,850,3,2,1.0
,851,0,1,0.9160246
,851,1,2,1.0
,851,2,0,0.9116553
,851,3,0,0.9562625
,852,0,1,0.84021574
,852,1,0,0.8935667
,852,2,2,1.0
,852,3,0,0.90630275
,853,0,0,0.6498863
,853,1,1,0.8027751
,853,2,0,0.9182171
,853,3,2,1.0
,854,0,3,1.0
,854,1,1,0.9113615
,854,2,1,0.57928103
,854,3,0,0.99793303
,855,0,0,0.9768036
,855,1,1,0.92181176
,855,2,0,0.81229633
,855,3,2,1.0
,856,0,0,0.91109514
,856,1,1,0.9300928
,856,2,2,1.0
,856,3,0,0.95806795
,857,0,2,1.0
,857,1,1,0.9306499
,857,2,0,0.9645504
,857,3,0,0.9200731
,858,0,0,0.97689605
,858,1,1,0.9233413
,858,2,0,0.9288082
,858,3,2,1.0
,859,0,0,0.9310851
,859,1,1,0.92194134
,859,2,2,1.0
,859,3,0,0.9715526
,860,0,2,1.0
,860,1,1,0.92172945
,860,2,0,0.93216497
,860,3,0,0.8559351
,861,0,0,0.9965484
,861,1,1,0.92188936
,861,2,1,0.7735678
,861,3,3,1.0
,862,0,3,1.0
,862,1,1,0.9221627
,862,2,1,0.8927939
,862,3,0,0.9985491
,863,0,0,0.9982337
,863,1,1,0.9235386
,863,2,1,0.8997059
,863,3,2,1.0
,864,0,2,1.0
,864,1,1,0.93021655
,864,2,1,0.8210346
,864,3,0,0.994924
,865,0,0,0.9320895
,865,1,1,0.9230113
,865,2,0,0.75952244
,865,3,2,1.0
,866,0,1,0.79820746
,866,1,1,0.9184517
,866,2,2,1.0
,866,3,0,0.9939122
,867,0,1,0.90992075
,867,1,1,0.84487855
,867,2,0,0.99508923
,867,3,2,1.0
,868,0,1,0.91938984
,868,1,0,0.6311395
,868,2,3,1.0
,868,3,0,0.9778546
,869,0,1,0.9177832
,869,1,3,0.97642356
,869,2,0,0.97798455
,869,3,0,0.9311211
,870,0,1,0.9002381
,870,1,0,0.936931
,870,2,0,0.93120867
,870,3,2,1.0
,871,0,1,0.7976761
,871,1,1,0.7733706
,871,2,2,1.0
,871,3,0,0.99844027
,872,0,0,0.7971957
,872,1,1,0.89546233
,872,2,0,0.9442078
,872,3,2,1.0
,873,0,2,1.0
,873,1,1,0.9143037
,873,2,1,0.5805262
,873,3,0,0.9964654
,874,0,0,0.93343335
,874,1,1,0.9043794
,874,2,0,0.7019999
,874,3,3,1.0
,875,0,1,0.774402
,875,1,1,0.8258388
,875,2,3,0.9999933
,875,3,0,0.99854946
,876,0,1,0.89616865
,876,1,0,0.6338996
,876,2,0,0.95093673
,876,3,2,1.0
,877,0,1,0.91676384
,877,1,3,1.0
,877,2,1,0.5341501
,877,3,0,0.99653214
,878,0,1,0.9173417
,878,1,0,0.93705034
,878,2,0,0.8424587
,878,3,3,1.0
,879,0,1,0.90016705
,879,1,1,0.7735385
,879,2,2,1.0
,879,3,0,0.9985496
,880,0,1,0.7976104
,880,1,1,0.8959736
,880,2,0,0.94436425
,880,3,2,1.0
,881,0,0,0.7971528
,881,1,1,0.9166242
,881,2,1,0.58050567
,881,3,2,1.0
,882,0,2,1.0
,882,1,1,0.9172096
,882,2,0,0.7020625
,882,3,0,0.97159004
,883,0,0,0.9766445
,883,1,1,0.9002495
,883,2,3,1.0
,883,3,0,0.85568434
,884,0,0,0.930914
,884,1,1,0.7978468
,884,2,0,0.9393026
,884,3,3,1.0
,885,0,2,1.0
,885,1,0,0.79727066
,885,2,1,0.734712
,885,3,0,0.9779812
,886,0,0,0.9321793
,886,1,2,1.0
,886,2,1,0.776533
,886,3,0,0.9312648
,887,0,1,0.7728654
,887,1,0,0.9762384
,887,2,0,0.64757836
,887,3,2,1.0
,888,0,1,0.89160687
,888,1,0,0.9308656
,888,2,3,0.99926025
,888,3,0,0.97661054
,889,0,1,0.8948607
,889,1,2,1.0
,889,2,0,0.93753624
,889,3,0,0.9309697
,890,0,1,0.7960465
,890,1,0,0.99646395
,890,2,1,0.7647465
,890,3,2,1.0
,891,0,0,0.79726076
,891,1,3,1.0
,891,2,1,0.86889976
,891,3,0,0.9767317
,892,0,2,1.0
,892,1,0,0.9374492
,892,2,1,0.78793067
,892,3,0,0.9310465
,893,0,0,0.94659823
,893,1,1,0.7663365
,893,2,0,0.7988895
,893,3,2,1.0
,894,0,1,0.54232854
,894,1,1,0.8741048
,894,2,2,1.0
,894,3,0,0.9984411
,895,0,0,0.819819
,895,1,1,0.8132109
,895,2,0,0.93038845
,895,3,2,1.0
,896,0,2,1.0
,896,1,0,0.6575291
,896,2,1,0.7951112
,896,3,0,0.9494308
,897,0,0,0.91002303
,897,1,3,0.9999229
,897,2,1,0.9094672
,897,3,0,0.83596593
,898,0,1,0.7415852
,898,1,0,0.99855006
,898,2,1,0.919957
,898,3,3,1.0
,899,0,1,0.77870524
,899,1,2,1.0
,899,2,1,0.92140526
,899,3,0,0.9967124
,900,0,0,0.6466131
,900,1,0,0.9767726
,900,2,1,0.921663
,900,3,3,1.0
,901,0,3,1.0
,901,1,0,0.9309377
,901,2,1,0.9212809
,901,3,0,0.9779838
,902,0,0,0.9374209
,902,1,2,1.0
,902,2,1,0.9188461
,902,3,0,0.9312009
,903,0,1,0.76679003
,903,1,0,0.9964705
,903,2,1,0.90522027
,903,3,2,1.0
,904,0,1,0.87515724
,904,1,3,1.0
,904,2,1,0.8261732
,904,3,0,0.99847895
,905,0,1,0.817201
,905,1,0,0.93701357
,905,2,0,0.6335625
,905,3,2,1.0
,906,0,0,0.6361406
,906,1,1,0.77377814
,906,2,3,1.0
,906,3,0,0.9479016
,907,0,3,0.9999999
,907,1,1,0.8963881
,907,2,0,0.9967143
,907,3,1,0.5350944
,908,0,0,0.9506614
,908,1,1,0.91773933
,908,2,3,1.0
,908,3,0,0.8423153
,909,0,1,0.53921247
,909,1,1,0.9227342
,909,2,0,0.9982456
,909,3,2,1.0
,910,0,0,0.82567674
,910,1,1,0.92987055
,910,2,2,1.0
,910,3,0,0.8356796
,911,0,2,1.0
,911,1,1,0.92327315
,911,2,0,0.99849576
,911,3,1,0.6123494
,912,0,0,0.9442735
,912,1,1,0.9219477
,912,2,2,1.0
,912,3,0,0.6933872
,913,0,1,0.5808347
,913,1,1,0.9218275
,913,2,0,0.99846935
,913,3,3,1.0
,914,0,0,0.70184135
,914,1,1,0.92171586
,914,2,2,1.0
,914,3,0,0.977975
,915,0,3,1.0
,915,1,1,0.92177826
,915,2,0,0.9360746
,915,3,0,0.93115306
,916,0,0,0.99854875
,916,1,1,0.92197794
,916,2,1,0.72590137
,916,3,2,1.0
,917,0,2,1.0
,917,1,1,0.92332166
,917,2,1,0.7470812
,917,3,0,0.9970533
,918,0,0,0.9013391
,918,1,1,0.92936045
,918,2,0,0.7879968
,918,3,3,1.0
,919,0,1,0.73225754
,919,1,1,0.92318135
,919,2,2,1.0
,919,3,0,0.99854946
,920,0,1,0.7455754
,920,1,1,0.9219398
,920,2,0,0.9984412
,920,3,2,1.0
,921,0,0,0.8063056
,921,1,1,0.92170364
,921,2,2,1.0
,921,3,0,0.97153395
,922,0,2,1.0
,922,1,1,0.9217299
,922,2,0,0.9350423
,922,3,0,0.8559123
,923,0,0,0.99847364
,923,1,1,0.9221049
,923,2,1,0.728361
,923,3,3,1.0
,924,0,2,1.0
,924,1,1,0.9235033
,924,2,1,0.7533551
,924,3,0,0.99829733
,925,0,0,0.95101076
,925,1,1,0.9304935
,925,2,0,0.75903857
,925,3,2,1.0
,926,0,0,0.8618086
,926,1,1,0.9322316
,926,2,2,1.0
,926,3,0,0.9183659
,927,0,3,1.0
,927,1,1,0.93169326
,927,2,0,0.9979448
,927,3,1,0.57225615
,928,0,0,0.9487118
,928,1,1,0.9238554
,928,2,2,1.0
,928,3,0,0.83579797
,929,0,1,0.5728949
,929,1,1,0.92380697
,929,2,0,0.99816465
,929,3,2,1.0
,930,0,0,0.72228944
,930,1,1,0.93052375
,930,2,2,1.0
,930,3,0,0.95805395
,931,0,3,1.0
,931,1,1,0.93130034
,931,2,0,0.9629773
,931,3,0,0.91955304
,932,0,0,0.9728425
,932,1,1,0.92456377
,932,2,0,0.8745414
,932,3,2,1.0
,933,0,0,0.84340733
,933,1,1,0.92662203
,933,2,3,1.0
,933,3,0,0.9569713
,934,0,3,1.0
,934,1,1,0.9032534
,934,2,0,0.9779967
,934,3,0,0.8512002
,935,0,0,0.9368538
,935,1,1,0.80314326
,935,2,0,0.93114763
,935,3,3,1.0
,936,0,1,0.7768945
,936,1,0,0.77042294
,936,2,2,1.0
,936,3,0,0.9729346
,937,0,1,0.9043333
,937,1,2,1.0
,937,2,0,0.88639736
,937,3,0,0.8451342
,938,0,1,0.9155723
,938,1,0,0.99670064
,938,2,1,0.73585534
,938,3,3,0.9999995
,939,0,1,0.90093833
,939,1,3,0.99615514
,939,2,1,0.74701995
,939,3,0,0.99854994
,940,0,1,0.803381
,940,1,0,0.93675447
,940,2,0,0.8060388
,940,3,2,1.0
,941,0,0,0.76340574
,941,1,1,0.7779716
,941,2,2,1.0
,941,3,0,0.9304936
,942,0,2,1.0
,942,1,1,0.9071799
,942,2,0,0.9949329
,942,3,1,0.79436207
,943,0,0,0.9965996
,943,1,1,0.91940904
,943,2,2,1.0
,943,3,1,0.8992425
,944,0,3,1.0
,944,1,1,0.92143965
,944,2,0,0.9984819
,944,3,1,0.9142658
,945,0,0,0.99671537
,945,1,1,0.92167836
,945,2,2,1.0
,945,3,1,0.89959615
,946,0,3,0.9999037
,946,1,1,0.9218095
,946,2,0,0.9984793
,946,3,1,0.7977497
,947,0,0,0.9736369
,947,1,1,0.9216908
,947,2,2,1.0
,947,3,0,0.79725456
,948,0,0,0.8564974
,948,1,1,0.9216863
,948,2,0,0.93478376
,948,3,2,1.0
,949,0,3,1.0
,949,1,1,0.92185354
,949,2,1,0.7326326
,949,3,0,0.99847364
,950,0,0,0.99855006
,950,1,1,0.9220418
,950,2,1,0.76654017
,950,3,2,1.0
,951,0,2,1.0
,951,1,1,0.92364645
,951,2,0,0.69698495
,951,3,0,0.930828
,952,0,0,0.9287326
,952,1,1,0.9310488
,952,2,3,1.0
,952,3,1,0.78820443
,953,0,3,1.0
,953,1,1,0.9237223
,953,2,0,0.9985503
,953,3,1,0.87424
,954,0,0,0.9967101
,954,1,1,0.9220631
,954,2,2,1.0
,954,3,1,0.7896852
,955,0,3,1.0
,955,1,1,0.9218292
,955,2,0,0.93628246
,955,3,0,0.798315
,956,0,0,0.9967151
,956,1,1,0.9217999
,956,2,1,0.7269324
,956,3,2,1.0
,957,0,3,1.0
,957,1,1,0.92212963
,957,2,1,0.7503237
,957,3,0,0.99847895
,958,0,0,0.97749656
,958,1,1,0.9234896
,958,2,0,0.7745599
,958,3,2,1.0
,959,0,0,0.92316914
,959,1,1,0.930109
,959,2,2,1.0
,959,3,0,0.92585397
,960,0,2,1.0
,960,1,1,0.92325914
,960,2,0,0.9723727
,960,3,0,0.92209667
,961,0,0,0.9762547
,961,1,1,0.92194873
,961,2,0,0.8559963
,961,3,2,1.0
,962,0,0,0.9308582
,962,1,1,0.9217931
,962,2,3,1.0
,962,3,0,0.97666633
,963,0,2,1.0
,963,1,1,0.92168105
,963,2,0,0.977979
,963,3,0,0.931039
,964,0,0,0.93448395
,964,1,1,0.9216489
,964,2,0,0.9312249
,964,3,2,1.0
,965,0,1,0.73589265
,965,1,1,0.92171365
,965,2,2,1.0
,965,3,0,0.9964703
,966,0,1,0.7773211
,966,1,1,0.9218455
,966,2,0,0.9965575
,966,3,3,1.0
,967,0,0,0.64703196
,967,1,1,0.92183065
,967,2,3,1.0
,967,3,0,0.9509586
,968,0,3,1.0
,968,1,1,0.9216988
,968,2,0,0.9985496
,968,3,1,0.5340795
,969,0,0,0.9399141
,969,1,1,0.9210554
,969,2,2,1.0
,969,3,0,0.8426928
,970,0,1,0.7238756
,970,1,1,0.9179992
,970,2,0,0.998441
,970,3,2,1.0
,971,0,1,0.7429646
,971,1,1,0.900276
,971,2,2,1.0
,971,3,0,0.99844027
,972,0,0,0.80676305
,972,1,1,0.7975706
,972,2,0,0.9344562
,972,3,2,1.0
,973,0,2,1.0
,973,1,0,0.7973411
,973,2,1,0.73566103
,973,3,0,0.9762361
,974,0,0,0.9345029
,974,1,2,1.0
,974,2,1,0.7768462
,974,3,0,0.93096715
,975,0,1,0.7357338
,975,1,0,0.9715415
,975,2,0,0.6473028
,975,3,2,1.0
,976,0,1,0.77708524
,976,1,0,0.8557393
,976,2,3,1.0
,976,3,0,0.9361159
,977,0,0,0.64703363
,977,1,3,1.0
,977,2,0,0.9779822
,977,3,1,0.72496355
,978,0,3,1.0
,978,1,0,0.9509815
,978,2,0,0.93116117
,978,3,1,0.7434908
,979,0,0,0.9371209
,979,1,1,0.5336308
,979,2,2,1.0
,979,3,0,0.8066177
,980,0,1,0.7719538
,980,1,0,0.8429109
,980,2,0,0.9762353
,980,3,2,1.0
,981,0,1,0.89132524
,981,1,2,1.0
,981,2,0,0.9309283
,981,3,0,0.94424367
,982,0,1,0.89479935
,982,1,0,0.9984398
,982,2,2,1.0
,982,3,1,0.58049613
,983,0,1,0.79593235
,983,1,2,1.0
,983,2,0,0.9351694
,983,3,0,0.70200074
,984,0,0,0.79731315
,984,1,0,0.9331374
,984,2,1,0.7249645
,984,3,3,1.0
,985,0,2,1.0
,985,1,1,0.7727883
,985,2,1,0.74338746
,985,3,0,0.9967307
,986,0,0,0.9767312
,986,1,1,0.89162725
,986,2,0,0.8063573
,986,3,3,0.98959047
,987,0,0,0.93098825
,987,1,1,0.894864
,987,2,2,1.0
,987,3,0,0.93749815
,988,0,2,1.0
,988,1,1,0.79600817
,988,2,0,0.99844027
,988,3,1,0.7646743
,989,0,0,0.9321257
,989,1,0,0.79749197
,989,2,2,1.0
,989,3,1,0.8687019
,990,0,1,0.77323127
,990,1,2,1.0
,990,2,0,0.9984412
,990,3,1,0.7878854
,991,0,1,0.8925515
,991,1,0,0.97621965
,991,2,2,1.0
,991,3,0,0.79901236
,992,0,1,0.89980924
,992,1,0,0.93092406
,992,2,0,0.93218696
,992,3,2,1.0
,993,0,1,0.8238582
,993,1,2,1.0
,993,2,1,0.7732276
,993,3,0,0.99844027
,994,0,0,0.63708997
,994,1,0,0.93210125
,994,2,1,0.8926032
,994,3,2,1.0
,995,0,3,0.98368055
,995,1,1,0.77467877
,995,2,1,0.9000871
,995,3,0,0.9984697
,996,0,0,0.99670833
,996,1,1,0.89637595
,996,2,1,0.8244784
,996,3,2,1.0
,997,0,3,1.0
,997,1,1,0.91749024
,997,2,0,0.63386214
,997,3,0,0.9767703
,998,0,0,0.93677336
,998,1,1,0.9213608
,998,2,3,1.0
,998,3,0,0.9309041
,999,0,1,0.77822036
,999,1,1,0.92348075
,999,2,0,0.99734277
,999,3,2,1.0
,1000,0,1,0.90754884
,1000,1,1,0.9305656
,1000,2,3,1.0
,1000,3,0,0.99507546
,1001,0,1,0.9194533
,1001,1,1,0.9234158
,1001,2,0,0.99854934
,1001,3,2,1.0
,1002,0,1,0.92133826
,1002,1,1,0.92202145
,1002,2,2,1.0
,1002,3,0,0.99647486
,1003,0,1,0.92176235
,1003,1,1,0.92188
,1003,2,0,0.99848026
,1003,3,3,1.0
,1004,0,1,0.92171234
,1004,1,1,0.9217328
,1004,2,2,1.0
,1004,3,0,0.9985486
,1005,0,1,0.92173165
,1005,1,1,0.92173576
,1005,2,0,0.99647665
,1005,3,2,1.0
,1006,0,1,0.9218762
,1006,1,1,0.9218798
,1006,2,3,0.9976757
,1006,3,0,0.99848014
,1007,0,1,0.92200166
,1007,1,1,0.9220188
,1007,2,0,0.99854815
,1007,3,2,1.0
,1008,0,1,0.923343
,1008,1,1,0.9234422
,1008,2,2,1.0
,1008,3,0,0.99709564
,1009,0,1,0.92928433
,1009,1,1,0.92985713
,1009,2,0,0.9977523
,1009,3,3,1.0
,1010,0,1,0.9196915
,1010,1,1,0.9233045
,1010,2,2,1.0
,1010,3,0,0.9967179
,1011,0,1,0.90083057
,1011,1,1,0.92210644
,1011,2,0,0.9984819
,1011,3,3,1.0
,1012,0,1,0.79791546
,1012,1,1,0.9217744
,1012,2,2,1.0
,1012,3,0,0.99671024
,1013,0,0,0.7968977
,1013,1,1,0.9217539
,1013,2,0,0.9453119
,1013,3,3,1.0
,1014,0,2,1.0
,1014,1,1,0.9216206
,1014,2,1,0.5802801
,1014,3,0,0.99671227
,1015,0,0,0.9767661
,1015,1,1,0.9211652
,1015,2,0,0.7019012
,1015,3,3,1.0
,1016,0,0,0.93093526
,1016,1,1,0.9180979
,1016,2,3,1.0
,1016,3,0,0.97798425
,1017,0,2,1.0
,1017,1,1,0.9003101
,1017,2,0,0.93702406
,1017,3,0,0.93120646
,1018,0,0,0.99686366
,1018,1,1,0.7977387
,1018,2,1,0.7736211
,1018,3,2,1.0
,1019,0,3,0.7974342
,1019,1,0,0.79695517
,1019,2,1,0.8962412
,1019,3,0,0.97673464
,1020,0,0,0.9776419
,1020,1,2,1.0
,1020,2,1,0.9172589
,1020,3,0,0.9310422
,1021,0,0,0.93117124
,1021,1,0,0.94707096
,1021,2,1,0.92077786
,1021,3,2,1.0
,1022,0,2,1.0
,1022,1,1,0.53499275
,1022,2,1,0.9209254
,1022,3,0,0.99646264
,1023,0,0,0.9767343
,1023,1,0,0.84240913
,1023,2,1,0.91805404
,1023,3,3,1.0
,1024,0,0,0.9310529
,1024,1,2,1.0
,1024,2,1,0.9002794
,1024,3,0,0.9779833
,1025,0,2,1.0
,1025,1,0,0.9320398
,1025,2,1,0.79759383
,1025,3,0,0.9312954
,1026,0,0,0.93204784
,1026,1,1,0.7743085
,1026,2,0,0.7972064
,1026,3,2,1.0
,1027,0,1,0.77445984
,1027,1,1,0.89617753
,1027,2,2,1.0
,1027,3,0,0.9984412
,1028,0,1,0.8963087
,1028,1,1,0.9168172
,1028,2,0,0.99844
,1028,3,2,1.0
,1029,0,1,0.9173688
,1029,1,1,0.9182066
,1029,2,2,1.0
,1029,3,0,0.99844015
,1030,0,1,0.92126006
,1030,1,1,0.90585977
,1030,2,0,0.99844027
,1030,3,2,1.0
,1031,0,1,0.9234344
,1031,1,1,0.8307525
,1031,2,2,1.0
,1031,3,0,0.9971315
,1032,0,1,0.93046874
,1032,1,0,0.6054353
,1032,2,0,0.8435135
,1032,3,3,1.0
,1033,0,1,0.9238216
,1033,1,3,1.0
,1033,2,1,0.5990042
,1033,3,0,0.9985503
,1034,0,1,0.92364013
,1034,1,0,0.9355789
,1034,2,0,0.7329004
,1034,3,2,1.0
,1035,0,1,0.9293499
,1035,1,1,0.7927616
,1035,2,3,1.0
,1035,3,0,0.99488133
,1036,0,1,0.9203196
,1036,1,1,0.9003874
,1036,2,0,0.9779333
,1036,3,3,1.0
,1037,0,1,0.9025195
,1037,1,1,0.9194697
,1037,2,0,0.9299028
,1037,3,3,1.0
,1038,0,1,0.7984426
,1038,1,1,0.92133814
,1038,2,2,1.0
,1038,3,0,0.9985498
,1039,0,0,0.79717255
,1039,1,1,0.9216376
,1039,2,0,0.976225
,1039,3,2,1.0
,1040,0,2,1.0
,1040,1,1,0.9219232
,1040,2,0,0.9309172
,1040,3,0,0.94679123
,1041,0,0,0.9970689
,1041,1,1,0.92335457
,1041,2,2,1.0
,1041,3,1,0.54007834
,1042,0,3,1.0
,1042,1,1,0.9295562
,1042,2,0,0.9643823
,1042,3,0,0.8264886
,1043,0,0,0.9371439
,1043,1,1,0.92318773
,1043,2,0,0.92870414
,1043,3,2,1.0
,1044,0,1,0.7720553
,1044,1,1,0.9219521
,1044,2,2,1.0
,1044,3,0,0.9984411
,1045,0,1,0.89141333
,1045,1,1,0.9217405
,1045,2,0,0.99844
,1045,3,2,1.0
,1046,0,1,0.89490646
,1046,1,1,0.92173225
,1046,2,2,1.0
,1046,3,0,0.99647135
,1047,0,1,0.7963711
,1047,1,1,0.92185575
,1047,2,0,0.99655676
,1047,3,3,1.0
,1048,0,0,0.79706615
,1048,1,1,0.92187476
,1048,2,3,1.0
,1048,3,0,0.93938607
,1049,0,2,1.0
,1049,1,1,0.9220262
,1049,2,0,0.99854887
,1049,3,1,0.73333055
,1050,0,0,0.99816203
,1050,1,1,0.92347676
,1050,2,2,1.0
,1050,3,1,0.7720746
,1051,0,2,1.0
,1051,1,1,0.9303855
,1051,2,0,0.95812637
,1051,3,0,0.6691261
,1052,0,0,0.96755993
,1052,1,1,0.93069065
,1052,2,0,0.91957825
,1052,3,3,1.0
,1053,0,0,0.9292994
,1053,1,1,0.92065954
,1053,2,2,1.0
,1053,3,0,0.9779932
,1054,0,2,1.0
,1054,1,1,0.905478
,1054,2,0,0.9762404
,1054,3,0,0.9312819
,1055,0,0,0.9320403
,1055,1,1,0.8258958
,1055,2,0,0.9309669
,1055,3,2,1.0
,1056,0,1,0.7744085
,1056,1,0,0.6337229
,1056,2,2,1.0
,1056,3,0,0.9762391
,1057,0,1,0.89634454
,1057,1,3,1.0
,1057,2,0,0.9766092
,1057,3,0,0.9308653
,1058,0,1,0.9172818
,1058,1,0,0.93702775
,1058,2,0,0.9309651
,1058,3,2,1.0
,1059,0,1,0.9208269
,1059,1,1,0.7735552
,1059,2,2,1.0
,1059,3,0,0.9984399
,1060,0,1,0.92095286
,1060,1,1,0.8960443
,1060,2,0,0.99647146
,1060,3,2,1.0
,1061,0,1,0.91811967
,1061,1,1,0.9167594
,1061,2,3,1.0
,1061,3,0,0.99848014
,1062,0,1,0.90032774
,1062,1,1,0.91723293
,1062,2,0,0.99854887
,1062,3,2,1.0
,1063,0,1,0.7976759
,1063,1,1,0.90011984
,1063,2,2,1.0
,1063,3,0,0.9984405
,1064,0,0,0.7973672
,1064,1,1,0.797522
,1064,2,0,0.9470467
,1064,3,2,1.0
,1065,0,2,1.0
,1065,1,0,0.7973867
,1065,2,1,0.534804
,1065,3,0,0.93515813
,1066,0,0,0.93209785
,1066,1,2,1.0
,1066,2,0,0.84262204
,1066,3,1,0.7247571
,1067,0,1,0.7742153
,1067,1,0,0.99646574
,1067,2,2,1.0
,1067,3,1,0.7433128
,1068,0,1,0.8955762
,1068,1,3,1.0
,1068,2,0,0.9767314
,1068,3,0,0.80636865
,1069,0,1,0.91343534
,1069,1,0,0.9483164
,1069,2,0,0.9309893
,1069,3,2,1.0
,1070,0,1,0.89934677
,1070,1,1,0.5792907
,1070,2,2,1.0
,1070,3,0,0.99844
,1071,0,1,0.79733795
,1071,1,0,0.70242405
,1071,2,0,0.93517166
,1071,3,2,1.0
,1072,0,0,0.797101
,1072,1,3,1.0
,1072,2,1,0.7249807
,1072,3,0,0.97661346
,1073,0,2,1.0
,1073,1,0,0.9370338
,1073,2,1,0.743298
,1073,3,0,0.93102694
,1074,0,0,0.947061
,1074,1,1,0.7734814
,1074,2,0,0.80660075
,1074,3,2,1.0
,1075,0,1,0.5349475
,1075,1,1,0.89611346
,1075,2,2,1.0
,1075,3,0,0.998441
,1076,0,0,0.8425915
,1076,1,1,0.9172314
,1076,2,0,0.932608
,1076,3,2,1.0
,1077,0,2,1.0
,1077,1,1,0.92092496
,1077,2,1,0.76559734
,1077,3,0,0.998441
,1078,0,0,0.99844
,1078,1,1,0.9215671
,1078,2,1,0.8689727
,1078,3,2,1.0
,1079,0,2,1.0
,1079,1,1,0.92172784
,1079,2,1,0.78803027
,1079,3,0,0.996463
,1080,0,0,0.94484824
,1080,1,1,0.92204136
,1080,2,0,0.79859376
,1080,3,3,1.0
,1081,0,1,0.5878068
,1081,1,1,0.9233847
,1081,2,2,1.0
,1081,3,0,0.9972757
,1082,0,0,0.67903674
,1082,1,1,0.9295527
,1082,2,0,0.9646543
,1082,3,3,1.0
,1083,0,3,0.99999917
,1083,1,1,0.922863
,1083,2,0,0.9286401
,1083,3,0,0.9780023
,1084,0,0,0.97797954
,1084,1,1,0.9191119
,1084,2,2,1.0
,1084,3,0,0.9312666
,1085,0,0,0.9312293
,1085,1,1,0.90517646
,1085,2,0,0.93249124
,1085,3,2,1.0
,1086,0,2,1.0
,1086,1,1,0.82594275
,1086,2,1,0.7676441
,1086,3,0,0.9964649
,1087,0,0,0.9767647
,1087,1,0,0.6334388
,1087,2,1,0.8753057
,1087,3,3,1.0
,1088,0,0,0.9309342
,1088,1,3,1.0
,1088,2,1,0.81738436
,1088,3,0,0.9399268
,1089,0,2,1.0
,1089,1,0,0.93701065
,1089,2,0,0.63625276
,1089,3,1,0.72393554
,1090,0,0,0.998469
,1090,1,1,0.77379984
,1090,2,3,0.9999993
,1090,3,1,0.7432531
,1091,0,2,1.0
,1091,1,1,0.8961658
,1091,2,0,0.9371117
,1091,3,0,0.8065292
,1092,0,0,0.9984392
,1092,1,1,0.91730934
,1092,2,1,0.77210474
,1092,3,2,1.0
,1093,0,2,1.0
,1093,1,1,0.9210095
,1093,2,1,0.8915145
,1093,3,0,0.99846244
,1094,0,0,0.9964729
,1094,1,1,0.9215839
,1094,2,1,0.8949212
,1094,3,2,1.0
,1095,0,3,1.0
,1095,1,1,0.9216877
,1095,2,1,0.7963253
,1095,3,0,0.9984792
,1096,0,0,0.93702483
,1096,1,1,0.9210578
,1096,2,0,0.7973543
,1096,3,2,1.0
,1097,0,1,0.7736041
,1097,1,1,0.918016
,1097,2,2,1.0
,1097,3,0,0.9984416
,1098,0,1,0.89616
,1098,1,1,0.90036017
,1098,2,0,0.99647075
,1098,3,2,1.0
,1099,0,1,0.91730094
,1099,1,1,0.79798275
,1099,2,3,1.0
,1099,3,0,0.9984792
,1100,0,1,0.9202856
,1100,1,0,0.7972316
,1100,2,0,0.97797877
,1100,3,2,1.0
,1101,0,1,0.91783047
,1101,1,2,1.0
,1101,2,0,0.9312213
,1101,3,0,0.93213207
,1102,0,1,0.90032065
,1102,1,0,0.99647015
,1102,2,2,1.0
,1102,3,1,0.7742343
,1103,0,1,0.79796845
,1103,1,3,1.0
,1103,2,0,0.99847883
,1103,3,1,0.89563286
,1104,0,0,0.7972339
,1104,1,0,0.9779792
,1104,2,2,1.0
,1104,3,1,0.9134336
,1105,0,2,1.0
,1105,1,0,0.9312282
,1105,2,0,0.9352169
,1105,3,1,0.8993191
,1106,0,0,0.9964611
,1106,1,2,1.0
,1106,2,1,0.7248831
,1106,3,1,0.79741627
,1107,0,3,1.0
,1107,1,0,0.94526
,1107,2,1,0.743432
,1107,3,0,0.7970804
,1108,0,0,0.9509689
,1108,1,1,0.5801351
,1108,2,0,0.8066592
,1108,3,2,1.0
,1109,0,1,0.53364164
,1109,1,0,0.7021794
,1109,2,2,1.0
,1109,3,0,0.9351951
,1110,0,0,0.84270364
,1110,1,3,1.0
,1110,2,0,0.97660935
,1110,3,1,0.72497284
,1111,0,2,1.0
,1111,1,0,0.93712324
,1111,2,0,0.9310315
,1111,3,1,0.7432946
,1112,0,0,0.93447673
,1112,1,1,0.7719381
,1112,2,2,1.0
,1112,3,0,0.80659074
,1113,0,1,0.7357671
,1113,1,1,0.8913774
,1113,2,0,0.998441
,1113,3,2,1.0
,1114,0,1,0.77693987
,1114,1,1,0.894812
,1114,2,2,1.0
,1114,3,0,0.99844027
,1115,0,0,0.64739704
,1115,1,1,0.79593414
,1115,2,0,0.9321716
,1115,3,2,1.0
,1116,0,3,1.0
,1116,1,0,0.7973319
,1116,2,1,0.7730248
,1116,3,0,0.9766048
,1117,0,0,0.9371113
,1117,1,2,1.0
,1117,2,1,0.89156914
,1117,3,0,0.93095946
,1118,0,1,0.77212954
,1118,1,0,0.99647063
,1118,2,1,0.8949363
,1118,3,2,1.0
,1119,0,1,0.89160687
,1119,1,3,1.0
,1119,2,1,0.7963749
,1119,3,0,0.9965558
,1120,0,1,0.8950088
,1120,1,0,0.9393022
,1120,2,0,0.7970821
,1120,3,3,1.0
,1121,0,1,0.79605407
,1121,1,1,0.73477554
,1121,2,2,1.0
,1121,3,0,0.9985502
,1122,0,0,0.7975725
,1122,1,1,0.7765669
,1122,2,0,0.93202674
,1122,3,2,1.0
,1123,0,2,1.0
,1123,1,0,0.6474459
,1123,2,1,0.77444005
,1123,3,0,0.9762589
,1124,0,0,0.9766125
,1124,1,3,1.0
,1124,2,1,0.8964064
,1124,3,0,0.9308685
,1125,0,0,0.930984
,1125,1,0,0.9507063
,1125,2,1,0.91756254
,1125,3,2,1.0
,1126,0,2,1.0
,1126,1,1,0.5381504
,1126,2,1,0.92239064
,1126,3,0,0.9981736
,1127,0,0,0.9052373
,1127,1,0,0.8288887
,1127,2,1,0.9284283
,1127,3,2,1.0
,1128,0,1,0.54840183
,1128,1,2,1.0
,1128,2,1,0.92303455
,1128,3,0,0.9984855
,1129,0,0,0.8402374
,1129,1,0,0.9318245
,1129,2,1,0.9221712
,1129,3,2,1.0
,1130,0,2,1.0
,1130,1,1,0.77865386
,1130,2,1,0.92347085
,1130,3,0,0.99710536
,1131,0,0,0.9977506
,1131,1,1,0.90663576
,1131,2,1,0.9298651
,1131,3,3,0.9916525
,1132,0,2,1.0
,1132,1,1,0.91877
,1132,2,1,0.9233508
,1132,3,0,0.9967169
,1133,0,0,0.9984819
,1133,1,1,0.9182702
,1133,2,1,0.9223796
,1133,3,3,1.0
,1134,0,2,1.0
,1134,1,1,0.9034293
,1134,2,1,0.9233612
,1134,3,0,0.99827915
,1135,0,0,0.99450207
,1135,1,1,0.814702
,1135,2,1,0.92921287
,1135,3,2,1.0
,1136,0,3,0.9052522
,1136,1,0,0.7935292
,1136,2,1,0.9232432
,1136,3,0,0.935763
,1137,0,0,0.9985386
,1137,1,2,1.0
,1137,2,1,0.92197466
,1137,3,1,0.77384853
,1138,0,2,1.0
,1138,1,0,0.99647194
,1138,2,1,0.92177373
,1138,3,1,0.89623564
,1139,0,0,0.9965634
,1139,1,3,1.0
,1139,2,1,0.9218665
,1139,3,1,0.9174688
,1140,0,3,1.0
,1140,1,0,0.9985491
,1140,2,1,0.92185664
,1140,3,1,0.92109954
,1141,0,0,0.9985486
,1141,1,2,1.0
,1141,2,1,0.9217199
,1141,3,1,0.921592
,1142,0,2,1.0
,1142,1,0,0.99844027
,1142,2,1,0.92168236
,1142,3,1,0.9216761
,1143,0,0,0.99647206
,1143,1,2,1.0
,1143,2,1,0.921612
,1143,3,1,0.9217031
,1144,0,3,1.0
,1144,1,0,0.99848014
,1144,2,1,0.9211922
,1144,3,1,0.9217418
,1145,0,0,0.9985486
,1145,1,2,1.0
,1145,2,1,0.9180308
,1145,3,1,0.9212257
,1146,0,2,1.0
,1146,1,0,0.99844015
,1146,2,1,0.9003168
,1146,3,1,0.91884714
,1147,0,0,0.99646217
,1147,1,2,1.0
,1147,2,1,0.79773515
,1147,3,1,0.9051832
,1148,0,3,1.0
,1148,1,0,0.93386745
,1148,2,0,0.79699147
,1148,3,1,0.82598686
,1149,0,0,0.94828904
,1149,1,1,0.7654234
,1149,2,2,1.0
,1149,3,0,0.6338457
,1150,0,1,0.5797234
,1150,1,1,0.86913204
,1150,2,0,0.9965325
,1150,3,3,1.0
,1151,0,0,0.7020054
,1151,1,1,0.78832436
,1151,2,3,1.0
,1151,3,0,0.9370493
,1152,0,3,1.0
,1152,1,0,0.7985143
,1152,2,0,0.9370372
,1152,3,1,0.7735171
,1153,0,0,0.9967156
,1153,1,2,1.0
,1153,2,1,0.77367735
,1153,3,1,0.89540803
,1154,0,3,1.0
,1154,1,0,0.9984799
,1154,2,1,0.89632326
,1154,3,1,0.9135641
,1155,0,0,0.99854875
,1155,1,2,1.0
,1155,2,1,0.9173156
,1155,3,1,0.89939433
,1156,0,2,1.0
,1156,1,0,0.99844027
,1156,2,1,0.92092407
,1156,3,1,0.79740584
,1157,0,0,0.97152215
,1157,1,2,1.0
,1157,2,1,0.9215202
,1157,3,0,0.79730725
,1158,0,0,0.85569984
,1158,1,0,0.9762563
,1158,2,1,0.92164606
,1158,3,2,1.0
,1159,0,3,1.0
,1159,1,0,0.9308484
,1159,2,1,0.92172694
,1159,3,0,0.9332517
,1160,0,0,0.9985486
,1160,1,2,1.0
,1160,2,1,0.9217021
,1160,3,1,0.77308214
,1161,0,2,1.0
,1161,1,0,0.99647146
,1161,2,1,0.921719
,1161,3,1,0.8926414
,1162,0,0,0.99848
,1162,1,3,1.0
,1162,2,1,0.9218153
,1162,3,1,0.90013736
,1163,0,2,1.0
,1163,1,0,0.99671227
,1163,2,1,0.921654
,1163,3,1,0.8244961
,1164,0,0,0.97677165
,1164,1,3,1.0
,1164,2,1,0.92131346
,1164,3,0,0.6338558
,1165,0,0,0.9309145
,1165,1,0,0.94832546
,1165,2,1,0.91894156
,1165,3,3,1.0
,1166,0,2,1.0
,1166,1,1,0.5793575
,1166,2,1,0.9052145
,1166,3,0,0.99671024
,1167,0,0,0.9357676
,1167,1,0,0.7022519
,1167,2,1,0.82605284
,1167,3,3,1.0
,1168,0,1,0.73582596
,1168,1,3,1.0
,1168,2,0,0.6335793
,1168,3,0,0.93711174
,1169,0,1,0.77723205
,1169,1,0,0.996715
,1169,2,3,1.0
,1169,3,1,0.7723555
,1170,0,0,0.6470959
,1170,1,3,1.0
,1170,2,0,0.93710095
,1170,3,1,0.8916267
,1171,0,3,1.0
,1171,1,0,0.9985491
,1171,2,1,0.77263236
,1171,3,1,0.8950088
,1172,0,0,0.9985497
,1172,1,2,1.0
,1172,2,1,0.8925034
,1172,3,1,0.796041
,1173,0,2,1.0
,1173,1,0,0.9715203
,1173,2,1,0.8998863
,1173,3,0,0.7975931
,1174,0,0,0.94425774
,1174,1,0,0.8557242
,1174,2,1,0.8243154
,1174,3,2,1.0
,1175,0,1,0.58066297
,1175,1,3,1.0
,1175,2,0,0.63407075
,1175,3,0,0.9332441
,1176,0,0,0.7019405
,1176,1,0,0.93702555
,1176,2,3,1.0
,1176,3,1,0.7733052
,1177,0,3,1.0
,1177,1,1,0.7738245
,1177,2,0,0.9985491
,1177,3,1,0.8927668
,1178,0,0,0.99854875
,1178,1,1,0.89616525
,1178,2,2,1.0
,1178,3,1,0.8999849
,1179,0,2,1.0
,1179,1,1,0.9171694
,1179,2,0,0.99844074
,1179,3,1,0.8243474
,1180,0,0,0.93452275
,1180,1,1,0.92027515
,1180,2,2,1.0
,1180,3,0,0.6344349
,1181,0,1,0.7361342
,1181,1,1,0.91799724
,1181,2,0,0.9965387
,1181,3,3,1.0
,1182,0,1,0.77736884
,1182,1,1,0.9004615
,1182,2,3,1.0
,1182,3,0,0.9985497
,1183,0,0,0.64713365
,1183,1,1,0.79774094
,1183,2,0,0.94830495
,1183,3,2,1.0
,1184,0,3,0.9996914
,1184,1,0,0.7970668
,1184,2,1,0.5794638
,1184,3,0,0.9449945
,1185,0,0,0.93990046
,1185,1,2,1.0
,1185,2,0,0.70223814
,1185,3,1,0.58023274
,1186,0,1,0.7240769
,1186,1,0,0.93318725
,1186,2,3,1.0
,1186,3,0,0.70213455
,1187,0,1,0.7432769
,1187,1,1,0.7732874
,1187,2,0,0.9985496
,1187,3,3,1.0
,1188,0,0,0.8066856
,1188,1,1,0.89259565
,1188,2,2,1.0
,1188,3,0,0.9779791
,1189,0,2,1.0
,1189,1,1,0.89989746
,1189,2,0,0.9321136
,1189,3,0,0.931228
,1190,0,0,0.99844027
,1190,1,1,0.82432014
,1190,2,1,0.77441496
,1190,3,2,1.0
,1191,0,2,1.0
,1191,1,0,0.63443947
,1191,2,1,0.89626664
,1191,3,0,0.9321185
,1192,0,0,0.9984698
,1192,1,3,1.0
,1192,2,1,0.9174131
,1192,3,1,0.7744191
,1193,0,2,1.0
,1193,1,0,0.99671584
,1193,2,1,0.9209904
,1193,3,1,0.8955675
,1194,0,0,0.99656326
,1194,1,3,1.0
,1194,2,1,0.9217311
,1194,3,1,0.91363126
,1195,0,3,1.0
,1195,1,0,0.9985492
,1195,2,1,0.9218305
,1195,3,1,0.8995736
,1196,0,0,0.9985497
,1196,1,2,1.0
,1196,2,1,0.9217056
,1196,3,1,0.7974656
,1197,0,2,1.0
,1197,1,0,0.97622633
,1197,2,1,0.9216531
,1197,3,0,0.797313
,1198,0,0,0.9715601
,1198,1,0,0.9309682
,1198,2,1,0.9216489
,1198,3,2,1.0
,1199,0,0,0.8559305
,1199,1,2,1.0
,1199,2,1,0.92166454
,1199,3,0,0.93209416
,1200,0,3,1.0
,1200,1,0,0.99847376
,1200,2,1,0.9217953
,1200,3,1,0.7746975
,1201,0,0,0.9985486
,1201,1,2,1.0
,1201,2,1,0.92170984
,1201,3,1,0.89633745
,1202,0,2,1.0
,1202,1,0,0.99844027
,1202,2,1,0.92169046
,1202,3,1,0.91729873
,1203,0,0,0.99844027
,1203,1,2,1.0
,1203,2,1,0.9216731
,1203,3,1,0.9208269
,1204,0,2,1.0
,1204,1,0,0.99844015
,1204,2,1,0.92158717
,1204,3,1,0.9209311
,1205,0,0,0.9964722
,1205,1,2,1.0
,1205,2,1,0.9210912
,1205,3,1,0.91802424
,1206,0,3,1.0
,1206,1,0,0.9965622
,1206,2,1,0.918177
,1206,3,1,0.90052617
,1207,0,0,0.99854994
,1207,1,3,1.0
,1207,2,1,0.90049005
,1207,3,1,0.79804134
,1208,0,2,1.0
,1208,1,0,0.9483216
,1208,2,1,0.7976933
,1208,3,0,0.7972339
,1209,0,0,0.94707084
,1209,1,1,0.5792001
,1209,2,0,0.7973455
,1209,3,2,1.0
,1210,0,1,0.5348607
,1210,1,0,0.7023591
,1210,2,2,1.0
,1210,3,0,0.9320856
,1211,0,0,0.84245265
,1211,1,3,1.0
,1211,2,0,0.9330412
,1211,3,1,0.7745375
,1212,0,2,1.0
,1212,1,0,0.99671584
,1212,2,1,0.77437764
,1212,3,1,0.89636153
,1213,0,0,0.99656326
,1213,1,3,1.0
,1213,2,1,0.8964904
,1213,3,1,0.91749257
,1214,0,3,1.0
,1214,1,0,0.9967174
,1214,2,1,0.91751987
,1214,3,1,0.92111796
,1215,0,0,0.9985491
,1215,1,3,1.0
,1215,2,1,0.9211096
,1215,3,1,0.92162323
,1216,0,2,1.0
,1216,1,0,0.9985486
,1216,2,1,0.92159927
,1216,3,1,0.9210727
,1217,0,0,0.9964722
,1217,1,2,1.0
,1217,2,1,0.92170894
,1217,3,1,0.91805065
,1218,0,3,1.0
,1218,1,0,0.9965624
,1218,2,1,0.9218529
,1218,3,1,0.9005374
,1219,0,0,0.9985498
,1219,1,3,1.0
,1219,2,1,0.9218447
,1219,3,1,0.7980763
,1220,0,2,1.0
,1220,1,0,0.93702507
,1220,2,1,0.9217006
,1220,3,0,0.7970513
,1221,0,0,0.9984416
,1221,1,1,0.7736004
,1221,2,1,0.9216962
,1221,3,2,1.0
,1222,0,2,1.0
,1222,1,1,0.89614844
,1222,2,1,0.9216907
,1222,3,0,0.99844
,1223,0,0,0.99844027
,1223,1,1,0.9172827
,1223,2,1,0.9216911
,1223,3,2,1.0
,1224,0,2,1.0
,1224,1,1,0.92091686
,1224,2,1,0.92169553
,1224,3,0,0.99844015
,1225,0,0,0.99647206
,1225,1,1,0.9214799
,1225,2,1,0.92172056
,1225,3,2,1.0
,1226,0,3,1.0
,1226,1,1,0.92116904
,1226,2,1,0.9218267
,1226,3,0,0.99848014
,1227,0,0,0.9985486
,1227,1,1,0.9180253
,1227,2,1,0.9217164
,1227,3,2,1.0
,1228,0,2,1.0
,1228,1,1,0.9003079
,1228,2,1,0.921692
,1228,3,0,0.99844027
,1229,0,0,0.99844027
,1229,1,1,0.7976876
,1229,2,1,0.9216786
,1229,3,2,1.0
,1230,0,2,1.0
,1230,1,0,0.7972673
,1230,2,1,0.9216485
,1230,3,0,0.9762255
,1231,0,0,0.97624654
,1231,1,2,1.0
,1231,2,1,0.9216472
,1231,3,0,0.9309552
,1232,0,0,0.9309565
,1232,1,0,0.9715245
,1232,2,1,0.92164433
,1232,3,2,1.0
,1233,0,2,1.0
,1233,1,0,0.8557077
,1233,2,1,0.9216628
,1233,3,0,0.97623575
,1234,0,0,0.9336011
,1234,1,3,1.0
,1234,2,1,0.92172873
,1234,3,0,0.9308451
,1235,0,1,0.7673985
,1235,1,0,0.9985486
,1235,2,1,0.92169577
,1235,3,2,1.0
,1236,0,1,0.8751124
,1236,1,2,1.0
,1236,2,1,0.92168105
,1236,3,0,0.9984399
,1237,0,1,0.8172583
,1237,1,0,0.9964661
,1237,2,1,0.92163664
,1237,3,2,1.0
,1238,0,0,0.63587314
,1238,1,3,1.0
,1238,2,1,0.9213703
,1238,3,0,0.9767704
,1239,0,3,1.0
,1239,1,0,0.93687564
,1239,2,1,0.91930115
,1239,3,0,0.9309096
,1240,0,0,0.99835557
,1240,1,1,0.7764605
,1240,2,1,0.9073043
,1240,3,2,1.0
,1241,0,2,1.0
,1241,1,1,0.9032604
,1241,2,1,0.83708733
,1241,3,0,0.9978581
,1242,0,0,0.9767118
,1242,1,1,0.91860425
,1242,2,0,0.630214
,1242,3,2,1.0
,1243,0,0,0.93093073
,1243,1,1,0.92123353
,1243,2,3,1.0
,1243,3,0,0.94733226
,1244,0,2,1.0
,1244,1,1,0.9218132
,1244,2,0,0.99855006
,1244,3,1,0.54375136
,1245,0,0,0.94498307
,1245,1,1,0.92288864
,1245,2,2,1.0
,1245,3,0,0.81471896
,1246,0,1,0.5643432
,1246,1,1,0.92694086
,1246,2,0,0.9949305
,1246,3,2,1.0
,1247,0,0,0.8372451
,1247,1,1,0.9022642
,1247,2,2,1.0
,1247,3,0,0.9369158
,1248,0,2,1.0
,1248,1,1,0.7982874
,1248,2,0,0.9984422
,1248,3,1,0.7244481
,1249,0,0,0.9470395
,1249,1,0,0.79726523
,1249,2,2,1.0
,1249,3,1,0.74303615
,1250,0,1,0.5348035
,1250,1,2,1.0
,1250,2,0,0.9326053
,1250,3,0,0.80678296
,1251,0,0,0.8426248
,1251,1,0,0.94709176
,1251,2,1,0.7654796
,1251,3,2,1.0
,1252,0,2,1.0
,1252,1,1,0.5348992
,1252,2,1,0.8689058
,1252,3,0,0.9984406
,1253,0,0,0.9351339
,1253,1,0,0.8427002
,1253,2,1,0.787839
,1253,3,2,1.0
,1254,0,1,0.72473055
,1254,1,2,1.0
,1254,2,0,0.7990263
,1254,3,0,0.97623146
,1255,0,1,0.7431301
,1255,1,0,0.935185
,1255,2,2,1.0
,1255,3,0,0.93097204
,1256,0,0,0.80675477
,1256,1,1,0.72471184
,1256,2,0,0.97621644
,1256,3,2,1.0
,1257,0,2,1.0
,1257,1,1,0.74312556
,1257,2,0,0.9309696
,1257,3,0,0.9351827
,1258,0,0,0.9762179
,1258,1,0,0.8067468
,1258,2,2,1.0
,1258,3,1,0.7247121
,1259,0,0,0.9309919
,1259,1,2,1.0
,1259,2,0,0.9470803
,1259,3,1,0.74312395
,1260,0,2,1.0
,1260,1,0,0.9320143
,1260,2,1,0.5347816
,1260,3,0,0.8067876
,1261,0,0,0.9320877
,1261,1,1,0.7741352
,1261,2,0,0.8426166
,1261,3,2,1.0
,1262,0,1,0.7744626
,1262,1,1,0.8956024
,1262,2,2,1.0
,1262,3,0,0.99844074
,1263,0,1,0.89634514
,1263,1,1,0.91409165
,1263,2,0,0.996475
,1263,3,2,1.0
,1264,0,1,0.91750884
,1264,1,1,0.90299803
,1264,2,3,0.99818873
,1264,3,0,0.9984799
,1265,0,1,0.9212781
,1265,1,1,0.8174204
,1265,2,0,0.9985496
,1265,3,2,1.0
,1266,0,1,0.9234107
,1266,1,0,0.68166256
,1266,2,2,1.0
,1266,3,0,0.9449556
,1267,0,1,0.9304884
,1267,1,3,1.0
,1267,2,0,0.99504864
,1267,3,1,0.56522954
,1268,0,1,0.9233643
,1268,1,0,0.9370514
,1268,2,2,1.0
,1268,3,0,0.83697486
,1269,0,1,0.92201596
,1269,1,1,0.7736772
,1269,2,0,0.99647665
,1269,3,2,1.0
,1270,0,1,0.92188245
,1270,1,1,0.89633095
,1270,2,3,1.0
,1270,3,0,0.9984799
,1271,0,1,0.9217573
,1271,1,1,0.9173519
,1271,2,0,0.9967157
,1271,3,2,1.0
,1272,0,1,0.9218343
,1272,1,1,0.92107546
,1272,2,3,1.0
,1272,3,0,0.99848026
,1273,0,1,0.9217234
,1273,1,1,0.9215926
,1273,2,0,0.9985486
,1273,3,2,1.0
,1274,0,1,0.92172563
,1274,1,1,0.921703
,1274,2,2,1.0
,1274,3,0,0.99647206
,1275,0,1,0.92182857
,1275,1,1,0.92182475
,1275,2,0,0.99848026
,1275,3,3,1.0
,1276,0,1,0.921722
,1276,1,1,0.92172176
,1276,2,2,1.0
,1276,3,0,0.9985486
,1277,0,1,0.92172277
,1277,1,1,0.9217252
,1277,2,0,0.9964722
,1277,3,2,1.0
,1278,0,1,0.9218133
,1278,1,1,0.9218278
,1278,2,3,1.0
,1278,3,0,0.99848014
,1279,0,1,0.92163366
,1279,1,1,0.92171806
,1279,2,0,0.9985486
,1279,3,2,1.0
,1280,0,1,0.9212113
,1280,1,1,0.9217006
,1280,2,2,1.0
,1280,3,0,0.99844027
,1281,0,1,0.91888636
,1281,1,1,0.9217233
,1281,2,0,0.9964722
,1281,3,2,1.0
,1282,0,1,0.9053889
,1282,1,1,0.9218379
,1282,2,3,1.0
,1282,3,0,0.99656266
,1283,0,1,0.82624173
,1283,1,1,0.9217397
,1283,2,0,0.9985496
,1283,3,3,1.0
,1284,0,0,0.6335028
,1284,1,1,0.92107856
,1284,2,2,1.0
,1284,3,0,0.97797537
,1285,0,3,1.0
,1285,1,1,0.91804975
,1285,2,0,0.94786733
,1285,3,0,0.93115616
,1286,0,0,0.9967099
,1286,1,1,0.9003358
,1286,2,1,0.53473604
,1286,3,2,1.0
,1287,0,3,1.0
,1287,1,1,0.797835
,1287,2,0,0.84250575
,1287,3,0,0.94807225
,1288,0,0,0.93754846
,1288,1,0,0.797222
,1288,2,2,1.0
,1288,3,1,0.53454196
,1289,0,1,0.76460564
,1289,1,2,1.0
,1289,2,0,0.97623575
,1289,3,0,0.84276056
,1290,0,1,0.86868894
,1290,1,0,0.93520117
,1290,2,0,0.9309303
,1290,3,2,1.0
,1291,0,1,0.78786117
,1291,1,1,0.72478974
,1291,2,2,1.0
,1291,3,0,0.99844
,1292,0,0,0.7990572
,1292,1,1,0.743166
,1292,2,0,0.9320356
,1292,3,2,1.0
,1293,0,2,1.0
,1293,1,0,0.8065978
,1293,2,1,0.77409524
,1293,3,0,0.9321917
,1294,0,0,0.9964741
,1294,1,2,1.0
,1294,2,1,0.89548254
,1294,3,1,0.772944
,1295,0,3,1.0
,1295,1,0,0.9984786
,1295,2,1,0.91347814
,1295,3,1,0.8916062
,1296,0,0,0.95131123
,1296,1,2,1.0
,1296,2,1,0.89880496
,1296,3,1,0.8942885
,1297,0,1,0.5268068
,1297,1,3,1.0
,1297,2,1,0.7932077
,1297,3,1,0.79179233
,1298,0,3,0.5284781
,1298,1,0,1.0
,1298,2,0,1.0
,1298,3,0,1.0
,1299,0,0,0.9966886
,1299,1,3,0.9994497
,1299,2,1,0.7631908
,1299,3,1,0.7634648
,1300,0,3,1.0
,1300,1,0,0.9985491
,1300,2,1,0.893744
,1300,3,1,0.89457476
,1301,0,0,0.9985486
,1301,1,2,1.0
,1301,2,1,0.91313064
,1301,3,1,0.9170171
,1302,0,2,1.0
,1302,1,0,0.99844015
,1302,2,1,0.8993108
,1302,3,1,0.920886
,1303,0,0,0.99646455
,1303,1,2,1.0
,1303,2,1,0.7974324
,1303,3,1,0.92156535
,1304,0,3,1.0
,1304,1,0,0.9721279
,1304,2,0,0.79699737
,1304,3,1,0.92174584
,1305,0,0,0.97797465
,1305,1,0,0.8558448
,1305,2,2,1.0
,1305,3,1,0.92170244
,1306,0,0,0.9311414
,1306,1,3,1.0
,1306,2,0,0.933174
,1306,3,1,0.921751
,1307,0,2,1.0
,1307,1,0,0.9967156
,1307,2,1,0.77442753
,1307,3,1,0.92178583
,1308,0,0,0.9984799
,1308,1,3,1.0
,1308,2,1,0.89673513
,1308,3,1,0.9221501
,1309,0,2,1.0
,1309,1,0,0.99827784
,1309,2,1,0.9187521
,1309,3,1,0.9235889
,1310,0,0,0.9969162
,1310,1,2,1.0
,1310,2,1,0.92703456
,1310,3,1,0.93078214
,1311,0,2,1.0
,1311,1,0,0.9950032
,1311,2,1,0.91195726
,1311,3,1,0.9310936
,1312,0,0,0.9985581
,1312,1,3,1.0
,1312,2,1,0.80218935
,1312,3,1,0.92369765
,1313,0,2,1.0
,1313,1,0,0.93703645
,1313,2,0,0.7963225
,1313,3,1,0.9220305
,1314,0,0,0.996475
,1314,1,1,0.7734188
,1314,2,2,1.0
,1314,3,1,0.92178285
,1315,0,3,1.0
,1315,1,1,0.89553696
,1315,2,0,0.99848
,1315,3,1,0.9218387
,1316,0,0,0.9985486
,1316,1,1,0.91359633
,1316,2,2,1.0
,1316,3,1,0.9217307
,1317,0,2,1.0
,1317,1,1,0.9002176
,1317,2,0,0.9964712
,1317,3,1,0.92176616
,1318,0,0,0.9984794
,1318,1,1,0.8022657
,1318,2,3,1.0
,1318,3,1,0.9220682
,1319,0,2,1.0
,1319,1,0,0.7707683
,1319,2,0,0.9775885
,1319,3,1,0.9231511
,1320,0,0,0.884397
,1320,1,2,1.0
,1320,2,0,0.92470044
,1320,3,1,0.92856795
,1321,0,1,0.7462014
,1321,1,0,0.9965727
,1321,2,2,1.0
,1321,3,1,0.9230492
,1322,0,1,0.7802844
,1322,1,3,1.0
,1322,2,0,0.9984805
,1322,3,1,0.92205304
,1323,0,0,0.6462985
,1323,1,0,0.97797537
,1323,2,2,1.0
,1323,3,1,0.9217484
,1324,0,3,1.0
,1324,1,0,0.9311576
,1324,2,0,0.9450632
,1324,3,1,0.9217367
,1325,0,0,0.9985498
,1325,1,2,1.0
,1325,2,1,0.580176
,1325,3,1,0.9216919
,1326,0,2,1.0
,1326,1,0,0.94708306
,1326,2,0,0.70235264
,1326,3,1,0.9216851
,1327,0,0,0.9965338
,1327,1,1,0.5353529
,1327,2,3,1.0
,1327,3,1,0.9218577
,1328,0,3,1.0
,1328,1,0,0.84224814
,1328,2,0,0.9388638
,1328,3,1,0.92212677
,1329,0,0,0.9982338
,1329,1,2,1.0
,1329,2,1,0.7423183
,1329,3,1,0.92354316
,1330,0,2,1.0
,1330,1,0,0.99492055
,1330,2,1,0.7974898
,1330,3,1,0.930264
,1331,0,0,0.97242606
,1331,1,2,1.0
,1331,2,0,0.64110595
,1331,3,1,0.9233132
,1332,0,0,0.85602766
,1332,1,0,0.9451217
,1332,2,3,1.0
,1332,3,1,0.92204475
,1333,0,3,1.0
,1333,1,1,0.5806929
,1333,2,0,0.996715
,1333,3,1,0.9218875
,1334,0,0,0.9779828
,1334,1,0,0.7017476
,1334,2,3,1.0
,1334,3,1,0.92185
,1335,0,0,0.9311451
,1335,1,3,0.99983954
,1335,2,0,0.97798645
,1335,3,1,0.92179
,1336,0,2,1.0
,1336,1,0,0.97362554
,1336,2,0,0.93124264
,1336,3,1,0.9216853
,1337,0,0,0.97623736
,1337,1,0,0.85630363
,1337,2,2,1.0
,1337,3,1,0.9216707
,1338,0,0,0.93084806
,1338,1,3,1.0
,1338,2,0,0.94515663
,1338,3,1,0.92173266
,1339,0,2,1.0
,1339,1,0,0.9985496
,1339,2,1,0.58023643
,1339,3,1,0.9216899
,1340,0,0,0.9715488
,1340,1,2,1.0
,1340,2,0,0.70209014
,1340,3,1,0.9216734
,1341,0,0,0.8557754
,1341,1,0,0.9451072
,1341,2,3,1.0
,1341,3,1,0.92175466
,1342,0,3,1.0
,1342,1,1,0.580607
,1342,2,0,0.9985496
,1342,3,1,0.9218067
,1343,0,0,0.9779756
,1343,1,0,0.70198965
,1343,2,2,1.0
,1343,3,1,0.92170805
,1344,0,0,0.93116224
,1344,1,3,1.0
,1344,2,0,0.9766259
,1344,3,1,0.92174476
,1345,0,2,1.0
,1345,1,0,0.9483131
,1345,2,0,0.93097425
,1345,3,1,0.9216799
,1346,0,0,0.99843967
,1346,1,1,0.5793343
,1346,2,2,1.0
,1346,3,1,0.92167896
,1347,0,2,1.0
,1347,1,0,0.7022972
,1347,2,0,0.9762371
,1347,3,1,0.9216699
,1348,0,0,0.9360069
,1348,1,3,1.0
,1348,2,0,0.93084884
,1348,3,1,0.9217371
,1349,0,1,0.7269479
,1349,1,0,0.9967151
,1349,2,2,1.0
,1349,3,1,0.92177904
,1350,0,1,0.75025636
,1350,1,3,1.0
,1350,2,0,0.99847883
,1350,3,1,0.9221303
,1351,0,0,0.7749342
,1351,1,0,0.9774969
,1351,2,2,1.0
,1351,3,1,0.923516
,1352,0,2,1.0
,1352,1,0,0.9231746
,1352,2,0,0.8429188
,1352,3,1,0.93029284
,1353,0,0,0.99715555
,1353,1,2,1.0
,1353,2,1,0.57251513
,1353,3,1,0.9249539
,1354,0,3,1.0
,1354,1,0,0.89645684
,1354,2,0,0.8207193
,1354,3,1,0.92991054
,1355,0,0,0.9982339
,1355,1,1,0.78534234
,1355,2,2,1.0
,1355,3,1,0.92506933
,1356,0,2,1.0
,1356,1,1,0.90853554
,1356,2,0,0.9949241
,1356,3,1,0.93077326
,1357,0,0,0.9982156
,1357,1,1,0.9207168
,1357,2,2,1.0
,1357,3,1,0.9249702
,1358,0,2,1.0
,1358,1,1,0.9260652
,1358,2,0,0.99744076
,1358,3,1,0.929506
,1359,0,0,0.99848896
,1359,1,1,0.90543115
,1359,2,2,1.0
,1359,3,1,0.9232478
,1360,0,2,1.0
,1360,1,1,0.8181269
,1360,2,0,0.9984417
,1360,3,1,0.9222653
,1361,0,0,0.9304562
,1361,1,0,0.6815635
,1361,2,2,1.0
,1361,3,1,0.9235796
,1362,0,1,0.7949116
,1362,1,3,1.0
,1362,2,0,0.99505055
,1362,3,1,0.9305392
,1363,0,1,0.89934665
,1363,1,0,0.9967181
,1363,2,2,1.0
,1363,3,1,0.92343724
,1364,0,1,0.91427994
,1364,1,3,1.0
,1364,2,0,0.9984819
,1364,3,1,0.9221312
,1365,0,1,0.8995727
,1365,1,0,0.9967118
,1365,2,2,1.0
,1365,3,1,0.92178285
,1366,0,1,0.79760706
,1366,1,3,1.0
,1366,2,0,0.94554746
,1366,3,1,0.9217574
,1367,0,0,0.79752856
,1367,1,2,1.0
,1367,2,1,0.57966787
,1367,3,1,0.92155707
,1368,0,2,1.0
,1368,1,0,0.97626156
,1368,2,0,0.70219076
,1368,3,1,0.92170244
,1369,0,0,0.93567246
,1369,1,0,0.93084395
,1369,2,3,1.0
,1369,3,1,0.92202157
,1370,0,1,0.73241967
,1370,1,2,1.0
,1370,2,0,0.9972912
,1370,3,1,0.9234431
,1371,0,1,0.76509017
,1371,1,0,0.99494237
,1371,2,3,1.0
,1371,3,1,0.9298621
,1372,0,0,0.8019228
,1372,1,3,1.0
,1372,2,0,0.9376051
,1372,3,1,0.9234303
,1373,0,2,1.0
,1373,1,0,0.9985486
,1373,2,1,0.7647503
,1373,3,1,0.9219221
,1374,0,0,0.99647075
,1374,1,2,1.0
,1374,2,1,0.86885875
,1374,3,1,0.92126226
,1375,0,3,1.0
,1375,1,0,0.9984792
,1375,2,1,0.7882432
,1375,3,1,0.9188708
,1376,0,0,0.93684804
,1376,1,2,1.0
,1376,2,0,0.798777
,1376,3,1,0.904541
,1377,0,1,0.77664965
,1377,1,0,0.9981649
,1377,2,2,1.0
,1377,3,1,0.82221943
,1378,0,1,0.903353
,1378,1,2,1.0
,1378,2,0,0.95791185
,1378,3,0,0.65498036
,1379,0,1,0.9073137
,1379,1,0,0.90702105
,1379,2,0,0.9196607
,1379,3,3,0.9999964
,1380,0,1,0.80024827
,1380,1,1,0.7705344
,1380,2,2,1.0
,1380,3,0,0.9985508
,1381,0,0,0.79675114
,1381,1,1,0.8699238
,1381,2,0,0.9345074
,1381,3,2,1.0
,1382,0,2,1.0
,1382,1,1,0.7883182
,1382,2,1,0.7357966
,1382,3,0,0.9964643
,1383,0,0,0.9333247
,1383,1,0,0.798623
,1383,2,1,0.7770503
,1383,3,3,1.0
,1384,0,1,0.7740114
,1384,1,2,1.0
,1384,2,0,0.6475047
,1384,3,0,0.9370055
,1385,0,1,0.89560723
,1385,1,0,0.9965401
,1385,2,3,1.0
,1385,3,1,0.7738991
,1386,0,1,0.9136032
,1386,1,3,1.0
,1386,2,0,0.9985491
,1386,3,1,0.8963676
,1387,0,1,0.8994014
,1387,1,0,0.99854875
,1387,2,2,1.0
,1387,3,1,0.9173323
,1388,0,1,0.7974023
,1388,1,2,1.0
,1388,2,0,0.99844027
,1388,3,1,0.92097753
,1389,0,0,0.79734176
,1389,1,0,0.97554713
,1389,2,2,1.0
,1389,3,1,0.9218209
,1390,0,2,1.0
,1390,1,0,0.92012244
,1390,2,0,0.9723069
,1390,3,1,0.9233808
,1391,0,0,0.88340485
,1391,1,2,1.0
,1391,2,0,0.868859
,1391,3,1,0.93023396
,1392,0,1,0.7574132
,1392,1,0,0.997924
,1392,2,3,1.0
,1392,3,1,0.93130225
,1393,0,1,0.75386524
,1393,1,2,1.0
,1393,2,0,0.9967126
,1393,3,1,0.9235789
,1394,0,0,0.80454326
,1394,1,0,0.94789267
,1394,2,3,1.0
,1394,3,1,0.9223257
,1395,0,2,1.0
,1395,1,1,0.5390442
,1395,2,0,0.99830484
,1395,3,1,0.92320675
,1396,0,0,0.90524876
,1396,1,0,0.8287133
,1396,2,2,1.0
,1396,3,1,0.928555
,1397,0,1,0.54845864
,1397,1,2,1.0
,1397,2,0,0.9965672
,1397,3,1,0.9230167
,1398,0,0,0.8400619
,1398,1,0,0.97214913
,1398,2,3,1.0
,1398,3,1,0.9218932
,1399,0,2,1.0
,1399,1,0,0.8559102
,1399,2,0,0.9779755
,1399,3,1,0.92111164
,1400,0,0,0.97666407
,1400,1,3,1.0
,1400,2,0,0.9311554
,1400,3,1,0.9180735
,1401,0,0,0.9309818
,1401,1,0,0.9399177
,1401,2,2,1.0
,1401,3,1,0.90029263
,1402,0,2,1.0
,1402,1,1,0.7238206
,1402,2,0,0.99844027
,1402,3,1,0.7976646
,1403,0,0,0.9320358
,1403,1,1,0.74286354
,1403,2,2,1.0
,1403,3,0,0.7973549
,1404,0,1,0.77410334
,1404,1,0,0.8066605
,1404,2,0,0.94424015
,1404,3,2,1.0
,1405,0,1,0.8954912
,1405,1,2,1.0
,1405,2,1,0.58057475
,1405,3,0,0.99646705
,1406,0,1,0.9135537
,1406,1,0,0.9767626
,1406,2,0,0.7018187
,1406,3,3,1.0
,1407,0,1,0.89949375
,1407,1,0,0.9309092
,1407,2,3,1.0
,1407,3,0,0.9370406
,1408,0,1,0.79749477
,1408,1,2,1.0
,1408,2,0,0.9967112
,1408,3,1,0.77362907
,1409,0,0,0.7969873
,1409,1,0,0.9721274
,1409,2,3,1.0
,1409,3,1,0.89625126
,1410,0,2,1.0
,1410,1,0,0.85590297
,1410,2,0,0.9779755
,1410,3,1,0.91731644
,1411,0,0,0.9766648
,1411,1,3,1.0
,1411,2,0,0.9311547
,1411,3,1,0.9210486
,1412,0,0,0.93098634
,1412,1,0,0.9486792
,1412,2,2,1.0
,1412,3,1,0.92186135
,1413,0,2,1.0
,1413,1,1,0.5730353
,1413,2,0,0.9981625
,1413,3,1,0.92345726
,1414,0,0,0.95792043
,1414,1,0,0.72180754
,1414,2,2,1.0
,1414,3,1,0.9304469
,1415,0,0,0.9195994
,1415,1,3,1.0
,1415,2,0,0.9225943
,1415,3,1,0.9312784
,1416,0,2,1.0
,1416,1,0,0.9972763
,1416,2,1,0.59467083
,1416,3,1,0.92512876
,1417,0,0,0.9576679
,1417,1,3,1.0
,1417,2,0,0.6771149
,1417,3,1,0.9299007
,1418,0,0,0.85150397
,1418,1,0,0.9736465
,1418,2,3,1.0
,1418,3,1,0.9234312
,1419,0,3,0.999257
,1419,1,0,0.85623306
,1419,2,0,0.973634
,1419,3,1,0.9221127
,1420,0,0,0.9375251
,1420,1,3,1.0
,1420,2,0,0.85629946
,1420,3,1,0.9218883
,1421,0,1,0.7652218
,1421,1,0,0.9985491
,1421,2,3,1.0
,1421,3,1,0.92188835
,1422,0,1,0.86957073
,1422,1,2,1.0
,1422,2,0,0.9985486
,1422,3,1,0.92201596
,1423,0,1,0.7913919
,1423,1,0,0.9970702
,1423,2,2,1.0
,1423,3,1,0.9234279
,1424,0,0,0.77927953
,1424,1,3,1.0
,1424,2,0,0.9630792
,1424,3,1,0.9298863
,1425,0,2,1.0
,1425,1,0,0.93566734
,1425,2,0,0.914479
,1425,3,1,0.9252666
,1426,0,0,0.99409825
,1426,1,1,0.79132146
,1426,2,2,1.0
,1426,3,1,0.9321331
,1427,0,2,1.0
,1427,1,1,0.89003336
,1427,2,0,0.998253
,1427,3,1,0.9320598
,1428,0,0,0.8978604
,1428,1,1,0.82402337
,1428,2,2,1.0
,1428,3,1,0.9341707
,1429,0,2,1.0
,1429,1,0,0.7321522
,1429,2,0,0.80952525
,1429,3,1,0.9335973
,1430,0,0,0.9145586
,1430,1,2,1.0
,1430,2,1,0.81501997
,1430,3,1,0.930739
,1431,0,2,1.0
,1431,1,0,0.99728715
,1431,2,1,0.9020109
,1431,3,1,0.91112125
,1432,0,0,0.98744863
,1432,1,3,1.0
,1432,2,1,0.9083131
,1432,3,1,0.84515506
,1433,0,2,1.0
,1433,1,0,0.95042276
,1433,2,1,0.8005701
,1433,3,0,0.6276434
,1434,0,0,0.94685376
,1434,1,1,0.5434668
,1434,2,0,0.7965828
,1434,3,3,1.0
,1435,0,1,0.55064535
,1435,1,0,0.81316835
,1435,2,2,1.0
,1435,3,0,0.93551844
,1436,0,0,0.7931915
,1436,1,2,1.0
,1436,2,0,0.8271024
,1436,3,1,0.7930071
,1437,0,2,1.0
,1437,1,0,0.8096074
,1437,2,0,0.8747166
,1437,3,1,0.89162886
,1438,0,0,0.9911547
,1438,1,1,0.8121244
,1438,2,2,1.0
,1438,3,1,0.8176847
,1439,0,3,1.0
,1439,1,1,0.8925113
,1439,2,0,0.928361
,1439,3,0,0.77121055
,1440,0,0,0.9463892
,1440,1,1,0.8035853
,1440,2,0,0.91108125
,1440,3,2,1.0
,1441,0,1,0.6092617
,1441,1,0,0.74887246
,1441,2,2,1.0
,1441,3,0,0.8798904
,1442,0,0,0.6724023
,1442,1,2,1.0
,1442,2,0,0.9647021
,1442,3,1,0.7663379
,1443,0,3,1.0
,1443,1,0,0.9353817
,1443,2,0,0.9287048
,1443,3,1,0.78624827
,1444,0,0,0.9490241
,1444,1,1,0.7739816
,1444,2,2,1.0
,1444,3,0,0.6449051
,1445,0,1,0.56707007
,1445,1,1,0.89656925
,1445,2,0,0.99846864
,1445,3,3,1.0
,1446,0,0,0.74099165
,1446,1,1,0.9185268
,1446,2,2,1.0
,1446,3,0,0.9355935
,1447,0,3,1.0
,1447,1,1,0.9258365
,1447,2,0,0.9977057
,1447,3,1,0.7924968
,1448,0,0,0.99854934
,1448,1,1,0.90295213
,1448,2,2,1.0
,1448,3,1,0.89967024
,1449,0,2,1.0
,1449,1,1,0.8032802
,1449,2,0,0.9984417
,1449,3,1,0.91817015
,1450,0,0,0.94476193
,1450,1,0,0.7679332
,1450,2,2,1.0
,1450,3,1,0.92265546
,1451,0,1,0.5683532
,1451,1,2,1.0
,1451,2,0,0.99744123
,1451,3,1,0.9293931
,1452,0,0,0.8131258
,1452,1,0,0.9321046
,1452,2,2,1.0
,1452,3,1,0.9249087
,1453,0,2,1.0
,1453,1,1,0.7946985
,1453,2,0,0.99694717
,1453,3,1,0.93106914
,1454,0,0,0.99776804
,1454,1,1,0.90608734
,1454,2,2,1.0
,1454,3,1,0.9313455
,1455,0,2,1.0
,1455,1,1,0.9019524
,1455,2,0,0.99821275
,1455,3,1,0.92509526
,1456,0,0,0.9974306
,1456,1,1,0.8185197
,1456,2,2,1.0
,1456,3,1,0.92975867
,1457,0,2,1.0
,1457,1,0,0.7658878
,1457,2,0,0.9729318
,1457,3,1,0.9249182
,1458,0,0,0.95858127
,1458,1,2,1.0
,1458,2,0,0.8676521
,1458,3,1,0.9307604
,1459,0,0,0.919715
,1459,1,0,0.9100582
,1459,2,3,1.0
,1459,3,1,0.93137276
,1460,0,2,1.0
,1460,1,1,0.7461369
,1460,2,0,0.99828035
,1460,3,1,0.9253421
,1461,0,0,0.99690926
,1461,1,1,0.79255724
,1461,2,2,1.0
,1461,3,1,0.9312163
,1462,0,2,1.0
,1462,1,0,0.6613843
,1462,2,0,0.96427214
,1462,3,1,0.93242234
,1463,0,0,0.9615974
,1463,1,3,1.0
,1463,2,0,0.9206734
,1463,3,1,0.9314913
,1464,0,0,0.8528239
,1464,1,0,0.95096225
,1464,2,2,1.0
,1464,3,1,0.9235542
,1465,0,3,1.0
,1465,1,1,0.53411436
,1465,2,0,0.99847364
,1465,3,1,0.9221152
,1466,0,0,0.9509639
,1466,1,0,0.8426992
,1466,2,2,1.0
,1466,3,1,0.92175037
,1467,0,1,0.5337107
,1467,1,2,1.0
,1467,2,0,0.99844074
,1467,3,1,0.9217319
,1468,0,0,0.8428868
,1468,1,0,0.97554713
,1468,2,2,1.0
,1468,3,1,0.92190135
,1469,0,2,1.0
,1469,1,0,0.92017126
,1469,2,0,0.9757936
,1469,3,1,0.92311233
,1470,0,0,0.90572673
,1470,1,2,1.0
,1470,2,0,0.92437047
,1470,3,1,0.9285647
,1471,0,1,0.5482891
,1471,1,0,0.99656373
,1471,2,2,1.0
,1471,3,1,0.9230157
,1472,0,0,0.84009755
,1472,1,3,0.9998076
,1472,2,0,0.97675025
,1472,3,1,0.92191136
,1473,0,2,1.0
,1473,1,0,0.94831264
,1473,2,0,0.930992
,1473,3,1,0.92120636
,1474,0,0,0.99843967
,1474,1,1,0.5793401
,1474,2,2,1.0
,1474,3,1,0.91865987
,1475,0,2,1.0
,1475,1,0,0.7022792
,1475,2,0,0.9762362
,1475,3,1,0.90411705
,1476,0,0,0.9328466
,1476,1,3,1.0
,1476,2,0,0.9308608
,1476,3,1,0.81998694
,1477,0,1,0.7774833
,1477,1,0,0.9358544
,1477,2,2,1.0
,1477,3,0,0.6683337
,1478,0,1,0.9041661
,1478,1,1,0.78924423
,1478,2,0,0.99837387
,1478,3,3,1.0
,1479,0,1,0.9170816
,1479,1,1,0.9007645
,1479,2,2,1.0
,1479,3,0,0.99834865
,1480,0,1,0.9097884
,1480,1,1,0.9252566
,1480,2,0,0.9961688
,1480,3,2,1.0
,1481,0,1,0.81616884
,1481,1,1,0.9292492
,1481,2,3,1.0
,1481,3,0,0.9987609
,1482,0,0,0.79371303
,1482,1,1,0.9226364
,1482,2,0,0.97799134
,1482,3,2,1.0
,1483,0,2,1.0
,1483,1,1,0.9190584
,1483,2,0,0.93127507
,1483,3,0,0.9762574
,1484,0,0,0.93206626
,1484,1,1,0.90515727
,1484,2,2,1.0
,1484,3,0,0.93093354
,1485,0,1,0.77439123
,1485,1,1,0.82589036
,1485,2,0,0.9984398
,1485,3,2,1.0
,1486,0,1,0.896163
,1486,1,0,0.63371295
,1486,2,2,1.0
,1486,3,0,0.97624123
,1487,0,1,0.9168459
,1487,1,3,1.0
,1487,2,0,0.9719947
,1487,3,0,0.9308607
,1488,0,1,0.9180923
,1488,1,0,0.93700254
,1488,2,0,0.8560118
,1488,3,2,1.0
,1489,0,1,0.905206
,1489,1,1,0.77392536
,1489,2,3,1.0
,1489,3,0,0.9965482
,1490,0,1,0.8261854
,1490,1,1,0.89636374
,1490,2,0,0.9985496
,1490,3,3,1.0
,1491,0,0,0.6335192
,1491,1,1,0.91731626
,1491,2,2,1.0
,1491,3,0,0.97797525
,1492,0,3,1.0
,1492,1,1,0.92096406
,1492,2,0,0.9478667
,1492,3,0,0.93115526
,1493,0,0,0.99671024
,1493,1,1,0.92150587
,1493,2,1,0.5347599
,1493,3,2,1.0
,1494,0,3,1.0
,1494,1,1,0.9213175
,1494,2,0,0.84243685
,1494,3,0,0.94767606
,1495,0,0,0.99854994
,1495,1,1,0.91928625
,1495,2,2,1.0
,1495,3,1,0.54165214
,1496,0,2,1.0
,1496,1,1,0.90772
,1496,2,0,0.9757794
,1496,3,0,0.82099366
,1497,0,0,0.8844649
,1497,1,1,0.83960086
,1497,2,0,0.9244793
,1497,3,2,1.0
,1498,0,1,0.7376606
,1498,1,0,0.6296879
,1498,2,2,1.0
,1498,3,0,0.97682387
,1499,0,1,0.7533828
,1499,1,3,0.998248
,1499,2,0,0.9475144
,1499,3,0,0.9309891
,1500,0,0,0.7740323
,1500,1,0,0.93581825
,1500,2,1,0.54011565
,1500,3,2,1.0
,1501,0,2,1.0
,1501,1,1,0.78820354
,1501,2,0,0.8254809
,1501,3,0,0.92303795
,1502,0,0,0.9322724
,1502,1,1,0.8834157
,1502,2,2,1.0
,1502,3,0,0.90568304
,1503,0,1,0.79536515
,1503,1,1,0.8372686
,1503,2,0,0.98746425
,1503,3,2,1.0
,1504,0,1,0.90009445
,1504,1,0,0.6300683
,1504,2,2,1.0
,1504,3,0,0.97247773
,1505,0,1,0.91805065
,1505,1,3,1.0
,1505,2,0,0.97665244
,1505,3,0,0.85594225
,1506,0,1,0.9211551
,1506,1,0,0.93703836
,1506,2,0,0.9308759
,1506,3,3,1.0
,1507,0,1,0.9216396
,1507,1,1,0.77369124
,1507,2,2,1.0
,1507,3,0,0.9967156
,1508,0,1,0.9218674
,1508,1,1,0.89639646
,1508,2,0,0.99848
,1508,3,3,1.0
,1509,0,1,0.9220451
,1509,1,1,0.9176692
,1509,2,2,1.0
,1509,3,0,0.9985486
,1510,0,1,0.92361516
,1510,1,1,0.92288965
,1510,2,0,0.99807924
,1510,3,2,1.0
,1511,0,1,0.93068284
,1511,1,1,0.93065464
,1511,2,2,1.0
,1511,3,0,0.9874483
,1512,0,1,0.92296875
,1512,1,1,0.92351574
,1512,2,0,0.99660856
,1512,3,2,1.0
,1513,0,1,0.91911775
,1513,1,1,0.92246014
,1513,2,3,1.0
,1513,3,0,0.99848205
,1514,0,1,0.90418947
,1514,1,1,0.92367274
,1514,2,0,0.9973423
,1514,3,2,1.0
,1515,0,1,0.81797993
,1515,1,1,0.9306242
,1515,2,3,1.0
,1515,3,0,0.98900753
,1516,0,0,0.79268974
,1516,1,1,0.9236045
,1516,2,0,0.93710184
,1516,3,3,1.0
,1517,0,2,1.0
,1517,1,1,0.92207456
,1517,2,1,0.77349085
,1517,3,0,0.9985486
,1518,0,0,0.99844015
,1518,1,1,0.9219955
,1518,2,1,0.8957851
,1518,3,2,1.0
,1519,0,2,1.0
,1519,1,1,0.9231317
,1519,2,1,0.9155565
,1519,3,0,0.9982325
,1520,0,0,0.9975466
,1520,1,1,0.9287017
,1520,2,1,0.91004634
,1520,3,2,1.0
,1521,0,2,1.0
,1521,1,1,0.9301623
,1521,2,1,0.8210234
,1521,3,0,0.9980533
,1522,0,0,0.9089898
,1522,1,1,0.9300022
,1522,2,0,0.7478523
,1522,3,2,1.0
,1523,0,1,0.7956999
,1523,1,1,0.93081445
,1523,2,2,1.0
,1523,3,0,0.99770474
,1524,0,1,0.8970001
,1524,1,1,0.92350614
,1524,2,0,0.99659073
,1524,3,2,1.0
,1525,0,1,0.90169096
,1525,1,1,0.9223922
,1525,2,3,1.0
,1525,3,0,0.9984818
,1526,0,1,0.8287316
,1526,1,1,0.923288
,1526,2,0,0.99829245
,1526,3,2,1.0
,1527,0,0,0.61078095
,1527,1,1,0.92888016
,1527,2,2,1.0
,1527,3,0,0.9588839
,1528,0,3,1.0
,1528,1,1,0.9231651
,1528,2,0,0.97744864
,1528,3,0,0.927689
,1529,0,0,0.93703413
,1529,1,1,0.9219356
,1529,2,0,0.9311043
,1529,3,2,1.0
,1530,0,1,0.77345693
,1530,1,1,0.9217611
,1530,2,2,1.0
,1530,3,0,0.99647135
,1531,0,1,0.8956905
,1531,1,1,0.9218335
,1531,2,0,0.9984798
,1531,3,3,0.99999976
,1532,0,1,0.9143341
,1532,1,1,0.92172265
,1532,2,2,1.0
,1532,3,0,0.9985486
,1533,0,1,0.90432656
,1533,1,1,0.9217231
,1533,2,0,0.99647146
,1533,3,2,1.0
,1534,0,1,0.82591707
,1534,1,1,0.92181826
,1534,2,3,1.0
,1534,3,0,0.9984794
,1535,0,0,0.63364357
,1535,1,1,0.92169136
,1535,2,0,0.95095557
,1535,3,2,1.0
,1536,0,3,1.0
,1536,1,1,0.92162794
,1536,2,1,0.53384537
,1536,3,0,0.93631536
,1537,0,2,1.0
,1537,1,1,0.921074
,1537,2,0,0.8429725
,1537,3,1,0.72422266
,1538,0,0,0.9984417
,1538,1,1,0.9189426
,1538,2,2,1.0
,1538,3,1,0.7431039
,1539,0,2,1.0
,1539,1,1,0.9059166
,1539,2,0,0.9340281
,1539,3,0,0.80664045
,1540,0,0,0.9981139
,1540,1,1,0.8305706
,1540,2,1,0.7430012
,1540,3,2,1.0
,1541,0,2,1.0
,1541,1,0,0.6066053
,1541,2,1,0.7971036
,1541,3,0,0.80497956
,1542,0,0,0.9776352
,1542,1,3,1.0
,1542,2,0,0.6409029
,1542,3,1,0.7956285
,1543,0,0,0.9310565
,1543,1,0,0.93704575
,1543,2,3,1.0
,1543,3,1,0.89570653
,1544,0,2,1.0
,1544,1,1,0.7735478
,1544,2,0,0.99854887
,1544,3,1,0.89572155
,1545,0,0,0.9984404
,1545,1,1,0.89601994
,1545,2,2,1.0
,1545,3,1,0.7962755
,1546,0,2,1.0
,1546,1,1,0.91671896
,1546,2,0,0.9442188
,1546,3,0,0.7974404
,1547,0,0,0.99844134
,1547,1,1,0.91804206
,1547,2,1,0.58042336
,1547,3,2,1.0
,1548,0,2,1.0
,1548,1,1,0.90499675
,1548,2,0,0.7023009
,1548,3,0,0.93209773
,1549,0,0,0.9984702
,1549,1,1,0.82603335
,1549,2,3,1.0
,1549,3,1,0.7746201
,1550,0,2,1.0
,1550,1,0,0.6337093
,1550,2,0,0.97362494
,1550,3,1,0.89619625
,1551,0,0,0.97235465
,1551,1,3,0.9996759
,1551,2,0,0.8562886
,1551,3,1,0.9167325
,1552,0,0,0.8613526
,1552,1,0,0.97797966
,1552,2,3,1.0
,1552,3,1,0.91734535
,1553,0,3,0.92528737
,1553,1,0,0.9311211
,1553,2,0,0.9370453
,1553,3,1,0.9002687
,1554,0,0,0.99854195
,1554,1,2,1.0
,1554,2,1,0.7735576
,1554,3,1,0.7976917
,1555,0,2,1.0
,1555,1,0,0.9320543
,1555,2,1,0.89608717
,1555,3,0,0.79718596
,1556,0,0,0.99844134
,1556,1,1,0.7744693
,1556,2,1,0.91728365
,1556,3,2,1.0
,1557,0,2,1.0
,1557,1,1,0.89633673
,1557,2,1,0.92096007
,1557,3,0,0.9964716
,1558,0,0,0.99848
,1558,1,1,0.9174593
,1558,2,1,0.92170125
,1558,3,3,1.0
,1559,0,2,1.0
,1559,1,1,0.92099136
,1559,2,1,0.92172587
,1559,3,0,0.9967157
,1560,0,0,0.99848026
,1560,1,1,0.92168313
,1560,2,1,0.92182803
,1560,3,3,1.0
,1561,0,2,1.0
,1561,1,1,0.92158574
,1561,2,1,0.92171705
,1561,3,0,0.9985486
,1562,0,0,0.99844027
,1562,1,1,0.92105526
,1562,2,1,0.9216949
,1562,3,2,1.0
,1563,0,2,1.0
,1563,1,1,0.91800344
,1563,2,1,0.9216911
,1563,3,0,0.99844027
,1564,0,0,0.99844015
,1564,1,1,0.9003129
,1564,2,1,0.9216916
,1564,3,2,1.0
,1565,0,2,1.0
,1565,1,1,0.7977436
,1565,2,1,0.9217008
,1565,3,0,0.99646324
,1566,0,0,0.94812036
,1566,1,0,0.79693824
,1566,2,1,0.92175466
,1566,3,3,1.0
,1567,0,1,0.53460217
,1567,1,2,1.0
,1567,2,1,0.9216942
,1567,3,0,0.9985498
,1568,0,0,0.8427374
,1568,1,0,0.97153014
,1568,2,1,0.9216527
,1568,3,2,1.0
,1569,0,2,1.0
,1569,1,0,0.8558955
,1569,2,1,0.9216742
,1569,3,0,0.94711006
,1570,0,0,0.9965405
,1570,1,3,1.0
,1570,2,1,0.9218129
,1570,3,1,0.53537685
,1571,0,3,1.0
,1571,1,0,0.93704665
,1571,2,1,0.92181396
,1571,3,0,0.8422424
,1572,0,0,0.9985486
,1572,1,1,0.77360076
,1572,2,1,0.9217173
,1572,3,2,1.0
,1573,0,2,1.0
,1573,1,1,0.89614934
,1573,2,1,0.9216944
,1573,3,0,0.99844
,1574,0,0,0.99844027
,1574,1,1,0.91728616
,1574,2,1,0.9216916
,1574,3,2,1.0
,1575,0,2,1.0
,1575,1,1,0.92093605
,1575,2,1,0.9216953
,1575,3,0,0.99844015
,1576,0,0,0.99647206
,1576,1,1,0.9215907
,1576,2,1,0.9217186
,1576,3,2,1.0
,1577,0,3,1.0
,1577,1,1,0.921811
,1577,2,1,0.9218146
,1577,3,0,0.99848014
,1578,0,0,0.99671584
,1578,1,1,0.92175037
,1578,2,1,0.921645
,1578,3,2,1.0
,1579,0,3,1.0
,1579,1,1,0.92186296
,1579,2,1,0.9212298
,1579,3,0,0.9965636
,1580,0,0,0.9985491
,1580,1,1,0.9218564
,1580,2,1,0.9181766
,1580,3,3,1.0
,1581,0,2,1.0
,1581,1,1,0.9217232
,1581,2,1,0.9003526
,1581,3,0,0.99854875
,1582,0,0,0.9964631
,1582,1,1,0.9217062
,1582,2,1,0.7977561
,1582,3,2,1.0
,1583,0,3,1.0
,1583,1,1,0.92175466
,1583,2,0,0.79693544
,1583,3,0,0.9453191
,1584,0,0,0.9985498
,1584,1,1,0.921695
,1584,2,2,1.0
,1584,3,1,0.58012336
,1585,0,2,1.0
,1585,1,1,0.9216531
,1585,2,0,0.94709074
,1585,3,0,0.7023584
,1586,0,0,0.99846923
,1586,1,1,0.92166424
,1586,2,1,0.53524023
,1586,3,3,1.0
,1587,0,2,1.0
,1587,1,1,0.92104125
,1587,2,0,0.84258026
,1587,3,0,0.977981
,1588,0,0,0.9762438
,1588,1,1,0.91795903
,1588,2,2,1.0
,1588,3,0,0.93126017
,1589,0,0,0.9309799
,1589,1,1,0.9002426
,1589,2,0,0.9715253
,1589,3,2,1.0
,1590,0,2,1.0
,1590,1,1,0.7976218
,1590,2,0,0.8557794
,1590,3,0,0.93206406
,1591,0,0,0.9720293
,1591,1,0,0.7970095
,1591,2,3,1.0
,1591,3,1,0.77459586
,1592,0,0,0.8558201
,1592,1,2,1.0
,1592,2,0,0.9779748
,1592,3,1,0.89635736
,1593,0,3,1.0
,1593,1,0,0.9351681
,1593,2,0,0.93114537
,1593,3,1,0.91754484
,1594,0,0,0.99827915
,1594,1,1,0.74208766
,1594,2,2,1.0
,1594,3,1,0.92197025
,1595,0,2,1.0
,1595,1,1,0.7950838
,1595,2,0,0.9974115
,1595,3,1,0.92572373
,1596,0,0,0.9774334
,1596,1,0,0.64152133
,1596,2,2,0.9999993
,1596,3,1,0.90220886
,1597,0,0,0.9310659
,1597,1,3,1.0
,1597,2,0,0.933866
,1597,3,1,0.7984244
,1598,0,2,1.0
,1598,1,0,0.9748488
,1598,2,1,0.7666218
,1598,3,0,0.7971055
,1599,0,0,0.970725
,1599,1,0,0.8773541
,1599,2,1,0.8729786
,1599,3,2,1.0
,1600,0,0,0.84303
,1600,1,3,1.0
,1600,2,1,0.8059099
,1600,3,0,0.9177201
,1601,0,3,1.0
,1601,1,0,0.9368437
,1601,2,0,0.7950763
,1601,3,1,0.55184096
,1602,0,0,0.9767854
,1602,1,1,0.77770203
,1602,2,2,1.0
,1602,3,0,0.81889546
,1603,0,0,0.9109617
,1603,1,1,0.9068005
,1603,2,0,0.87719345
,1603,3,2,1.0
,1604,0,2,1.0
,1604,1,1,0.9264035
,1604,2,1,0.8057329
,1604,3,0,0.99728644
,1605,0,0,0.99506134
,1605,1,1,0.91610795
,1605,2,1,0.91120833
,1605,3,2,1.0
,1606,0,3,1.0
,1606,1,1,0.8298061
,1606,2,1,0.9202744
,1606,3,0,0.99855906
,1607,0,0,0.9509375
,1607,1,0,0.63277596
,1607,2,1,0.92138135
,1607,3,2,1.0
,1608,0,1,0.5341515
,1608,1,3,1.0
,1608,2,1,0.921275
,1608,3,0,0.9965324
,1609,0,0,0.84245664
,1609,1,0,0.9370463
,1609,2,1,0.9189604
,1609,3,3,1.0
,1610,0,2,1.0
,1610,1,1,0.7736071
,1610,2,1,0.9052013
,1610,3,0,0.99854875
,1611,0,0,0.9964641
,1611,1,1,0.89617205
,1611,2,1,0.82591873
,1611,3,2,1.0
,1612,0,3,1.0
,1612,1,1,0.91738963
,1612,2,0,0.63363427
,1612,3,0,0.9481729
,1613,0,0,0.9967143
,1613,1,1,0.9210679
,1613,2,3,1.0
,1613,3,1,0.535024
,1614,0,3,1.0
,1614,1,1,0.9216864
,1614,2,0,0.937046
,1614,3,0,0.8423038
,1615,0,0,0.9985486
,1615,1,1,0.9217005
,1615,2,1,0.77361333
,1615,3,2,1.0
,1616,0,2,1.0
,1616,1,1,0.9217208
,1616,2,1,0.89618737
,1616,3,0,0.9964716
,1617,0,0,0.99848014
,1617,1,1,0.9218266
,1617,2,1,0.91742516
,1617,3,3,1.0
,1618,0,2,1.0
,1618,1,1,0.921716
,1618,2,1,0.920939
,1618,3,0,0.9985486
,1619,0,0,0.9984406
,1619,1,1,0.92168957
,1619,2,1,0.92145276
,1619,3,2,1.0
,1620,0,2,1.0
,1620,1,1,0.9216657
,1620,2,1,0.9210284
,1620,3,0,0.9716411
,1621,0,2,1.0
,1621,1,1,0.921621
,1621,2,1,0.9180542
,1621,3,0,0.85586756
,1622,0,0,0.9984762
,1622,1,1,0.9211329
,1622,2,1,0.90047026
,1622,3,3,1.0
,1623,0,2,1.0
,1623,1,1,0.9177461
,1623,2,1,0.79779774
,1623,3,0,0.99672425
,1624,0,0,0.9490377
,1624,1,1,0.89867467
,1624,2,0,0.7969472
,1624,3,3,0.9923815
,1625,0,1,0.5195024
,1625,1,1,0.78776336
,1625,2,2,1.0
,1625,3,0,0.979237
,1626,0,0,1.0
,1626,1,0,1.0
,1626,2,0,1.0
,1626,3,3,0.52848744
,1627,0,1,0.75586295
,1627,1,1,0.76294893
,1627,2,2,1.0
,1627,3,0,0.9985098
,1628,0,1,0.87287724
,1628,1,1,0.8943485
,1628,2,0,0.99647146
,1628,3,2,1.0
,1629,0,1,0.8168264
,1629,1,1,0.9171065
,1629,2,3,1.0
,1629,3,0,0.9984793
,1630,0,0,0.63623315
,1630,1,1,0.920904
,1630,2,0,0.9736238
,1630,3,2,1.0
,1631,0,3,1.0
,1631,1,1,0.92163444
,1631,2,0,0.8562676
,1631,3,0,0.9766352
,1632,0,0,0.93704474
,1632,1,1,0.9217809
,1632,2,3,1.0
,1632,3,0,0.9308729
,1633,0,1,0.7735829
,1633,1,1,0.92179507
,1633,2,0,0.9967155
,1633,3,2,1.0
,1634,0,1,0.89606225
,1634,1,1,0.92216974
,1634,2,3,1.0
,1634,3,0,0.9984799
,1635,0,1,0.916087
,1635,1,1,0.92369705
,1635,2,0,0.9973637
,1635,3,2,1.0
,1636,0,1,0.911939
,1636,1,1,0.9309861
,1636,2,3,1.0
,1636,3,0,0.9744655
,1637,0,1,0.8075647
,1637,1,1,0.92399806
,1637,2,0,0.998551
,1637,3,3,0.85516495
,1638,0,0,0.76327807
,1638,1,1,0.9238194
,1638,2,2,1.0
,1638,3,0,0.97725314
,1639,0,2,1.0
,1639,1,1,0.93020636
,1639,2,0,0.92585266
,1639,3,0,0.9231559
,1640,0,0,0.93361735
,1640,1,1,0.9235619
,1640,2,0,0.92207336
,1640,3,2,1.0
,1641,0,1,0.778609
,1641,1,1,0.92379487
,1641,2,2,1.0
,1641,3,0,0.9981023
,1642,0,1,0.9073034
,1642,1,1,0.93036807
,1642,2,0,0.98868173
,1642,3,2,1.0
,1643,0,1,0.9196404
,1643,1,1,0.92360294
,1643,2,3,1.0
,1643,3,0,0.99856347
,1644,0,1,0.92137784
,1644,1,1,0.922061
,1644,2,0,0.9967157
,1644,3,2,1.0
,1645,0,1,0.9217744
,1645,1,1,0.9218921
,1645,2,3,1.0
,1645,3,0,0.99848026
,1646,0,1,0.9217419
,1646,1,1,0.9217622
,1646,2,0,0.9967157
,1646,3,2,1.0
,1647,0,1,0.92184365
,1647,1,1,0.92184716
,1647,2,3,1.0
,1647,3,0,0.99848014
,1648,0,1,0.92179334
,1648,1,1,0.9217939
,1648,2,0,0.9967157
,1648,3,2,1.0
,1649,0,1,0.92208743
,1649,1,1,0.92208755
,1649,2,3,1.0
,1649,3,0,0.9984799
,1650,0,1,0.9231937
,1650,1,1,0.9231937
,1650,2,0,0.9971889
,1650,3,2,1.0
,1651,0,1,0.9286108
,1651,1,1,0.9286108
,1651,2,3,1.0
,1651,3,0,0.99847376
,1652,0,1,0.92456883
,1652,1,1,0.92456883
,1652,2,0,0.9982782
,1652,3,2,1.0
,1653,0,1,0.9294812
,1653,1,1,0.9294812
,1653,2,2,1.0
,1653,3,0,0.99426824
,1654,0,1,0.92346007
,1654,1,1,0.92346007
,1654,2,0,0.99855363
,1654,3,3,1.0
,1655,0,1,0.92229587
,1655,1,1,0.92229587
,1655,2,2,1.0
,1655,3,0,0.9985484
,1656,0,1,0.9234888
,1656,1,1,0.92348933
,1656,2,0,0.99709576
,1656,3,2,1.0
,1657,0,1,0.9298621
,1657,1,1,0.9298649
,1657,2,3,1.0
,1657,3,0,0.9977524
,1658,0,1,0.9232893
,1658,1,1,0.92330694
,1658,2,0,0.9967179
,1658,3,2,1.0
,1659,0,1,0.9220084
,1659,1,1,0.92211205
,1659,2,3,1.0
,1659,3,0,0.9984819
,1660,0,1,0.92119575
,1660,1,1,0.92179966
,1660,2,0,0.9967157
,1660,3,2,1.0
,1661,0,1,0.9183523
,1661,1,1,0.9218567
,1661,2,3,1.0
,1661,3,0,0.99848014
,1662,0,1,0.90146524
,1662,1,1,0.92181474
,1662,2,0,0.99671525
,1662,3,2,1.0
,1663,0,1,0.8041866
,1663,1,1,0.92220724
,1663,2,3,1.0
,1663,3,0,0.9984793
,1664,0,0,0.7612894
,1664,1,1,0.9239291
,1664,2,0,0.97422427
,1664,3,2,1.0
,1665,0,2,1.0
,1665,1,1,0.9324803
,1665,2,0,0.867358
,1665,3,0,0.83278316
,1666,0,0,0.9212225
,1666,1,1,0.9324162
,1666,2,3,1.0
,1666,3,0,0.8949243
,1667,0,0,0.8664805
,1667,1,1,0.9255323
,1667,2,0,0.9774873
,1667,3,2,1.0
,1668,0,3,1.0
,1668,1,1,0.93105084
,1668,2,0,0.9228042
,1668,3,0,0.9254769
,1669,0,0,0.93526465
,1669,1,1,0.925497
,1669,2,2,1.0
,1669,3,0,0.9070407
,1670,0,1,0.7982316
,1670,1,1,0.93231374
,1670,2,0,0.9908889
,1670,3,2,1.0
,1671,0,1,0.9112923
,1671,1,1,0.93243045
,1671,2,3,1.0
,1671,3,0,0.9667243
,1672,0,1,0.9202027
,1672,1,1,0.923838
,1672,2,0,0.99671835
,1672,3,2,1.0
,1673,0,1,0.9219102
,1673,1,1,0.9225347
,1673,2,3,0.9999852
,1673,3,0,0.9984823
,1674,0,1,0.92368674
,1674,1,1,0.92379487
,1674,2,0,0.9973637
,1674,3,2,1.0
,1675,0,1,0.9311777
,1675,1,1,0.9312093
,1675,2,3,1.0
,1675,3,0,0.9874384
,1676,0,1,0.9253281
,1676,1,1,0.9254265
,1676,2,0,0.9973737
,1676,3,2,1.0
,1677,0,1,0.9307283
,1677,1,1,0.93129116
,1677,2,3,1.0
,1677,3,0,0.966884
,1678,0,1,0.91995215
,1678,1,1,0.9235572
,1678,2,0,0.99854934
,1678,3,2,1.0
,1679,0,1,0.9007656
,1679,1,1,0.9220537
,1679,2,2,1.0
,1679,3,0,0.9964743
,1680,0,1,0.79811555
,1680,1,1,0.9219334
,1680,2,0,0.9984793
,1680,3,3,1.0
,1681,0,0,0.7971706
,1681,1,1,0.92205656
,1681,2,2,1.0
,1681,3,0,0.9772109
,1682,0,2,1.0
,1682,1,1,0.9237447
,1682,2,0,0.9723289
,1682,3,0,0.9180051
,1683,0,0,0.80043
,1683,1,1,0.93180597
,1683,2,0,0.86900896
,1683,3,2,1.0
,1684,0,1,0.8176634
,1684,1,1,0.9326669
,1684,2,3,1.0
,1684,3,0,0.96674407
,1685,0,1,0.90660065
,1685,1,1,0.92595637
,1685,2,0,0.99820465
,1685,3,2,1.0
,1686,0,1,0.9300299
,1686,1,1,0.93302375
,1686,2,2,1.0
,1686,3,0,0.94183344
,1687,0,1,0.9321731
,1687,1,1,0.93264467
,1687,2,0,0.9951979
,1687,3,3,1.0
,1688,0,1,0.9258649
,1688,1,1,0.925946
,1688,2,2,1.0
,1688,3,0,0.9982136
,1689,0,1,0.9330697
,1689,1,1,0.9330927
,1689,2,0,0.9845894
,1689,3,2,1.0
,1690,0,1,0.9342351
,1690,1,1,0.9343056
,1690,2,2,1.0
,1690,3,0,0.9846693
,1691,0,1,0.93384165
,1691,1,1,0.9342852
,1691,2,0,0.99398214
,1691,3,2,1.0
,1692,0,1,0.9315002
,1692,1,1,0.9343652
,1692,2,2,1.0
,1692,3,0,0.9593641
,1693,0,1,0.91418797
,1693,1,1,0.9327743
,1693,2,0,0.928535
,1693,3,2,1.0
,1694,0,1,0.80297744
,1694,1,1,0.92409325
,1694,2,3,0.99996185
,1694,3,0,0.9967508
,1695,0,0,0.7959109
,1695,1,1,0.9225589
,1695,2,0,0.95061505
,1695,3,3,1.0
,1696,0,2,1.0
,1696,1,1,0.9238332
,1696,2,1,0.54003465
,1696,3,0,0.9973748
,1697,0,1,0.6142003
,1697,1,1,0.9313782
,1697,2,0,0.8231816
,1697,3,3,1.0
,1698,0,1,0.8718214
,1698,1,1,0.9254787
,1698,2,2,1.0
,1698,3,0,0.9973738
,1699,0,1,0.92235863
,1699,1,1,0.93134475
,1699,2,0,0.96688366
,1699,3,3,1.0
,1700,0,1,0.9191972
,1700,1,1,0.92385685
,1700,2,2,1.0
,1700,3,0,0.9985491
,1701,0,1,0.9048725
,1701,1,1,0.92381316
,1701,2,0,0.9970967
,1701,3,2,1.0
,1702,0,1,0.82208407
,1702,1,1,0.93024284
,1702,2,3,1.0
,1702,3,0,0.9977469
,1703,0,0,0.7564026
,1703,1,1,0.92553484
,1703,2,0,0.94789106
,1703,3,2,1.0
,1704,0,2,1.0
,1704,1,1,0.93325233
,1704,2,1,0.582205
,1704,3,0,0.9596388
,1705,0,1,0.62101686
,1705,1,1,0.9345261
,1705,2,0,0.78355753
,1705,3,2,1.0
,1706,0,1,0.8863438
,1706,1,1,0.9346562
,1706,2,2,1.0
,1706,3,0,0.9593351
,1707,0,1,0.9269578
,1707,1,1,0.9344261
,1707,2,0,0.9417208
,1707,3,2,1.0
,1708,0,1,0.9315812
,1708,1,1,0.93276095
,1708,2,3,1.0
,1708,3,0,0.9667175
,1709,0,1,0.9236444
,1709,1,1,0.9238623
,1709,2,0,0.99854934
,1709,3,2,1.0
,1710,0,1,0.9222812
,1710,1,1,0.9224067
,1710,2,2,1.0
,1710,3,0,0.9984416
,1711,0,1,0.9232432
,1711,1,1,0.92377657
,1711,2,0,0.9971823
,1711,3,2,1.0
,1712,0,1,0.9281525
,1712,1,1,0.93120223
,1712,2,3,1.0
,1712,3,0,0.6359082
,1713,0,1,0.9045675
,1713,1,1,0.9240688
,1713,2,0,0.99855006
,1713,3,3,1.0
,1714,0,1,0.8089996
,1714,1,1,0.92430973
,1714,2,2,1.0
,1714,3,0,0.9982137
,1715,0,0,0.7355161
,1715,1,1,0.9328108
,1715,2,0,0.6765714
,1715,3,2,1.0
,1716,0,2,1.0
,1716,1,1,0.9342339
,1716,2,1,0.65948254
,1716,3,0,0.9847098
,1717,0,0,0.92455703
,1717,1,1,0.9341063
,1717,2,0,0.7701181
,1717,3,2,1.0
,1718,0,0,0.89576066
,1718,1,1,0.9340381
,1718,2,2,1.0
,1718,3,0,0.8438477
,1719,0,2,1.0
,1719,1,1,0.9339448
,1719,2,0,0.99113864
,1719,3,1,0.6011509
,1720,0,0,0.81575686
,1720,1,1,0.93258864
,1720,2,3,1.0
,1720,3,0,0.81231475
,1721,0,1,0.7985818
,1721,1,1,0.92534727
,1721,2,0,0.99827844
,1721,3,2,1.0
,1722,0,1,0.90948814
,1722,1,1,0.9298561
,1722,2,2,1.0
,1722,3,0,0.99744004
,1723,0,1,0.92130864
,1723,1,1,0.9251313
,1723,2,0,0.99723744
,1723,3,2,1.0
,1724,0,1,0.92838556
,1724,1,1,0.9311653
,1724,2,3,1.0
,1724,3,0,0.99507844
,1725,0,1,0.9113623
,1725,1,1,0.9256404
,1725,2,0,0.9982137
,1725,3,2,1.0
,1726,0,1,0.8494324
,1726,1,1,0.9327483
,1726,2,2,1.0
,1726,3,0,0.9845934
,1727,0,0,0.59792995
,1727,1,1,0.9323816
,1727,2,0,0.8088807
,1727,3,2,1.0
,1728,0,3,1.0
,1728,1,1,0.9239126
,1728,2,0,0.80990326
,1728,3,0,0.9777528
,1729,0,0,0.9367684
,1729,1,1,0.92248565
,1729,2,3,1.0
,1729,3,0,0.93106216
,1730,0,1,0.7783458
,1730,1,1,0.9237191
,1730,2,0,0.99734277
,1730,3,2,1.0
,1731,0,1,0.9079329
,1731,1,1,0.9308797
,1731,2,3,1.0
,1731,3,0,0.99507475
,1732,0,1,0.9214193
,1732,1,1,0.9252247
,1732,2,0,0.9973447
,1732,3,2,1.0
,1733,0,1,0.9303392
,1733,1,1,0.930523
,1733,2,3,1.0
,1733,3,0,0.98903775
,1734,0,1,0.9239171
,1734,1,1,0.9212791
,1734,2,0,0.99855006
,1734,3,3,1.0
,1735,0,1,0.92392683
,1735,1,1,0.907722
,1735,2,2,1.0
,1735,3,0,0.9973424
,1736,0,1,0.9306711
,1736,1,1,0.8366329
,1736,2,0,0.9890139
,1736,3,3,1.0
,1737,0,1,0.9236395
,1737,1,0,0.6746563
,1737,2,3,1.0
,1737,3,0,0.9399648
,1738,0,1,0.9221283
,1738,1,3,0.71430695
,1738,2,0,0.9985491
,1738,3,1,0.72415566
,1739,0,1,0.92178243
,1739,1,0,0.99664134
,1739,2,2,1.0
,1739,3,1,0.74313116
,1740,0,1,0.92178595
,1740,1,3,1.0
,1740,2,0,0.9721398
,1740,3,0,0.8063876
,1741,0,1,0.92172456
,1741,1,0,0.9370054
,1741,2,0,0.8560396
,1741,3,2,1.0
,1742,0,1,0.921822
,1742,1,1,0.77389264
,1742,2,3,1.0
,1742,3,0,0.998474
,1743,0,1,0.921802
,1743,1,1,0.8963118
,1743,2,0,0.9967157
,1743,3,2,1.0
,1744,0,1,0.9221682
,1744,1,1,0.9177917
,1744,2,3,1.0
,1744,3,0,0.99848014
,1745,0,1,0.9236743
,1745,1,1,0.9229339
,1745,2,0,0.99734277
,1745,3,2,1.0
,1746,0,1,0.9309151
,1746,1,1,0.93079823
,1746,2,3,1.0
,1746,3,0,0.9950762
,1747,0,1,0.9254948
,1747,1,1,0.9254751
,1747,2,0,0.9982339
,1747,3,2,1.0
,1748,0,1,0.9322294
,1748,1,1,0.9322263
,1748,2,2,1.0
,1748,3,0,0.99379885
,1749,0,1,0.9320085
,1749,1,1,0.932008
,1749,2,0,0.9951056
,1749,3,2,1.0
,1750,0,1,0.9236665
,1750,1,1,0.92366636
,1750,2,2,1.0
,1750,3,0,0.99849874
,1751,0,1,0.9220729
,1751,1,1,0.9220729
,1751,2,0,0.9964752
,1751,3,2,1.0
,1752,0,1,0.92193544
,1752,1,1,0.92193544
,1752,2,3,1.0
,1752,3,0,0.99656373
,1753,0,1,0.92196685
,1753,1,1,0.92196685
,1753,2,0,0.99854743
,1753,3,3,1.0
,1754,0,1,0.922289
,1754,1,1,0.922289
,1754,2,2,1.0
,1754,3,0,0.9778518
,1755,0,1,0.92413557
,1755,1,1,0.92413557
,1755,2,3,1.0
,1755,3,0,0.92900866
,1756,0,1,0.9221994
,1756,1,1,0.9221994
,1756,2,0,0.99671644
,1756,3,2,1.0
,1757,0,1,0.9219149
,1757,1,1,0.92191476
,1757,2,3,1.0
,1757,3,0,0.99848074
,1758,0,1,0.92175114
,1758,1,1,0.92175114
,1758,2,0,0.9985486
,1758,3,2,1.0
,1759,0,1,0.921792
,1759,1,1,0.921792
,1759,2,2,1.0
,1759,3,0,0.9964722
,1760,0,1,0.92219645
,1760,1,1,0.92219645
,1760,2,0,0.99848026
,1760,3,3,1.0
,1761,0,1,0.92385477
,1761,1,1,0.92385477
,1761,2,2,1.0
,1761,3,0,0.99823284
,1762,0,1,0.93205506
,1762,1,1,0.93205506
,1762,2,0,0.9908298
,1762,3,2,1.0
,1763,0,1,0.93244743
,1763,1,1,0.93244743
,1763,2,3,1.0
,1763,3,0,0.99519163
,1764,0,1,0.9257
,1764,1,1,0.9257
,1764,2,0,0.99737895
,1764,3,2,1.0
,1765,0,1,0.9317148
,1765,1,1,0.9317148
,1765,2,3,1.0
,1765,3,0,0.7968982
,1766,0,1,0.92556846
,1766,1,1,0.92556846
,1766,2,0,0.9973775
,1766,3,2,1.0
,1767,0,1,0.93142515
,1767,1,1,0.93142515
,1767,2,3,1.0
,1767,3,0,0.9146746
,1768,0,1,0.9239639
,1768,1,1,0.9239639
,1768,2,0,0.99854934
,1768,3,2,1.0
,1769,0,1,0.92431986
,1769,1,1,0.92431986
,1769,2,2,1.0
,1769,3,0,0.9980672
,1770,0,1,0.932897
,1770,1,1,0.932897
,1770,2,0,0.85655123
,1770,3,2,1.0
,1771,0,1,0.9328397
,1771,1,1,0.9328397
,1771,2,3,1.0
,1771,3,0,0.9143437
,1772,0,1,0.9257799
,1772,1,1,0.9257799
,1772,2,0,0.9973775
,1772,3,2,1.0
,1773,0,1,0.93169135
,1773,1,1,0.93169135
,1773,2,3,1.0
,1773,3,0,0.91466075
,1774,0,1,0.9255027
,1774,1,1,0.9255027
,1774,2,0,0.99734515
,1774,3,2,1.0
,1775,0,1,0.93124175
,1775,1,1,0.93124175
,1775,2,3,1.0
,1775,3,0,0.99507916
,1776,0,1,0.92575574
,1776,1,1,0.92575574
,1776,2,0,0.9982011
,1776,3,2,1.0
,1777,0,1,0.93328863
,1777,1,1,0.93328863
,1777,2,2,1.0
,1777,3,0,0.8979244
,1778,0,1,0.9341212
,1778,1,1,0.9341212
,1778,2,0,0.99405015
,1778,3,2,1.0
,1779,0,1,0.93425035
,1779,1,1,0.93425035
,1779,2,2,1.0
,1779,3,0,0.9939741
,1780,0,1,0.934391
,1780,1,1,0.934391
,1780,2,0,0.94165456
,1780,3,2,1.0
,1781,0,1,0.93297493
,1781,1,1,0.93297493
,1781,2,3,1.0
,1781,3,0,0.98742884
,1782,0,1,0.9257246
,1782,1,1,0.9257246
,1782,2,0,0.9973449
,1782,3,2,1.0
,1783,0,1,0.93139696
,1783,1,1,0.93139696
,1783,2,3,1.0
,1783,3,0,0.9287118
,1784,0,1,0.92605495
,1784,1,1,0.92605495
,1784,2,3,1.0
,1784,3,0,0.9202349
,1785,0,1,0.92447644
,1785,1,1,0.92447644
,1785,2,0,0.9973725
,1785,3,2,1.0
,1786,0,1,0.9314838
,1786,1,1,0.9314838
,1786,2,3,1.0
,1786,3,0,0.9668861
,1787,0,1,0.92578655
,1787,1,1,0.92578673
,1787,2,0,0.9982049
,1787,3,2,1.0
,1788,0,1,0.9331728
,1788,1,1,0.93317413
,1788,2,2,1.0
,1788,3,0,0.9600102
,1789,0,1,0.93386453
,1789,1,1,0.9338735
,1789,2,0,0.9911958
,1789,3,2,1.0
,1790,0,1,0.9326939
,1790,1,1,0.93275183
,1790,2,3,1.0
,1790,3,0,0.9951973
,1791,0,1,0.9254226
,1791,1,1,0.9257993
,1791,2,0,0.9982339
,1791,3,2,1.0
,1792,0,1,0.9299948
,1792,1,1,0.93221575
,1792,2,2,1.0
,1792,3,0,0.9937992
,1793,0,1,0.91754436
,1793,1,1,0.9316196
,1793,2,0,0.99120784
,1793,3,2,1.0
,1794,0,1,0.8284178
,1794,1,1,0.9190477
,1794,2,3,1.0
,1794,3,0,0.9667511
,1795,0,0,0.75479215
,1795,1,1,0.8352893
,1795,2,0,0.94884956
,1795,3,2,1.0
,1796,0,2,1.0
,1796,1,0,0.6014335
,1796,2,1,0.5658898
,1796,3,1,0.5479839
,1797,0,0,0.93580264
,1797,1,3,1.0
,1797,2,0,0.83672315
,1797,3,1,0.6891636
,1798,0,1,0.77377886
,1798,1,0,0.9370254
,1798,2,2,1.0
,1798,3,0,0.815868
,1799,0,1,0.89619225
,1799,1,1,0.7736137
,1799,2,0,0.9984412
,1799,3,2,1.0
,1800,0,1,0.91732836
,1800,1,1,0.89619505
,1800,2,2,1.0
,1800,3,0,0.9964718
,1801,0,1,0.9211016
,1801,1,1,0.91746277
,1801,2,0,0.9965634
,1801,3,3,1.0
,1802,0,1,0.9217284
,1802,1,1,0.921104
,1802,2,3,1.0
,1802,3,0,0.998549
,1803,0,1,0.9217175
,1803,1,1,0.921624
,1803,2,0,0.9967157
,1803,3,2,1.0
,1804,0,1,0.92175
,1804,1,1,0.92181593
,1804,2,3,1.0
,1804,3,0,0.99848014
,1805,0,1,0.9212582
,1805,1,1,0.9217456
,1805,2,0,0.9967157
,1805,3,2,1.0
,1806,0,1,0.91898596
,1806,1,1,0.921831
,1806,2,3,1.0
,1806,3,0,0.99848026
,1807,0,1,0.9051936
,1807,1,1,0.92171574
,1807,2,0,0.9985486
,1807,3,2,1.0
,1808,0,1,0.8258621
,1808,1,1,0.9216867
,1808,2,2,1.0
,1808,3,0,0.9984406
,1809,0,0,0.6339597
,1809,1,1,0.9216707
,1809,2,0,0.9470982
,1809,3,2,1.0
,1810,0,3,1.0
,1810,1,1,0.92177266
,1810,2,1,0.5352598
,1810,3,0,0.9984684
,1811,0,0,0.9370243
,1811,1,1,0.9216872
,1811,2,0,0.8424861
,1811,3,2,1.0
,1812,0,1,0.77361035
,1812,1,1,0.9216972
,1812,2,2,1.0
,1812,3,0,0.9984411
,1813,0,1,0.89618754
,1813,1,1,0.92171705
,1813,2,0,0.9964717
,1813,3,2,1.0
,1814,0,1,0.91742843
,1814,1,1,0.9218078
,1814,2,3,1.0
,1814,3,0,0.99848014
,1815,0,1,0.92095834
,1815,1,1,0.9216072
,1815,2,0,0.9985486
,1815,3,2,1.0
,1816,0,1,0.9215639
,1816,1,1,0.9210587
,1816,2,2,1.0
,1816,3,0,0.99844027
,1817,0,1,0.9216678
,1817,1,1,0.91800237
,1817,2,0,0.99844027
,1817,3,2,1.0
,1818,0,1,0.92168367
,1818,1,1,0.90030336
,1818,2,2,1.0
,1818,3,0,0.99844027
,1819,0,1,0.92167753
,1819,1,1,0.7976876
,1819,2,0,0.99844027
,1819,3,2,1.0
,1820,0,1,0.92165035
,1820,1,0,0.7972583
,1820,2,2,1.0
,1820,3,0,0.97152287
,1821,0,1,0.92166984
,1821,1,2,1.0
,1821,2,0,0.97625667
,1821,3,0,0.85571134
,1822,0,1,0.9217374
,1822,1,0,0.94515306
,1822,2,0,0.93084794
,1822,3,3,1.0
,1823,0,1,0.92171794
,1823,1,1,0.58030754
,1823,2,2,1.0
,1823,3,0,0.99671215
,1824,0,1,0.9217944
,1824,1,0,0.70189583
,1824,2,0,0.9767654
,1824,3,3,1.0
,1825,0,1,0.92176133
,1825,1,3,0.99998844
,1825,2,0,0.9309354
,1825,3,0,0.97798747
,1826,0,1,0.9215732
,1826,1,0,0.9736377
,1826,2,2,1.0
,1826,3,0,0.93126196
,1827,0,1,0.921035
,1827,1,0,0.8565082
,1827,2,0,0.9321125
,1827,3,2,1.0
,1828,0,1,0.9181128
,1828,1,3,1.0
,1828,2,1,0.77443177
,1828,3,0,0.99847376
,1829,0,1,0.90033007
,1829,1,0,0.99854875
,1829,2,1,0.8955184
,1829,3,2,1.0
,1830,0,1,0.79770494
,1830,1,2,1.0
,1830,2,1,0.9134265
,1830,3,0,0.9984406
,1831,0,0,0.79719776
,1831,1,0,0.9320585
,1831,2,1,0.8993089
,1831,3,2,1.0
,1832,0,2,1.0
,1832,1,1,0.7744212
,1832,2,1,0.7973988
,1832,3,0,0.9984418
,1833,0,0,0.9320557
,1833,1,1,0.89623123
,1833,2,0,0.7972366
,1833,3,2,1.0
,1834,0,1,0.77445817
,1834,1,1,0.9172847
,1834,2,2,1.0
,1834,3,0,0.99844134
,1835,0,1,0.89630336
,1835,1,1,0.9208279
,1835,2,0,0.99844
,1835,3,2,1.0
,1836,0,1,0.91734225
,1836,1,1,0.92095375
,1836,2,2,1.0
,1836,3,0,0.99647194
,1837,0,1,0.92107207
,1837,1,1,0.9181207
,1837,2,0,0.99848026
,1837,3,3,0.9999999
,1838,0,1,0.921584
,1838,1,1,0.9003316
,1838,2,2,1.0
,1838,3,0,0.99854875
,1839,0,1,0.92166036
,1839,1,1,0.7976965
,1839,2,0,0.99844027
,1839,3,2,1.0
,1840,0,1,0.92164737
,1840,1,0,0.79725695
,1840,2,2,1.0
,1840,3,0,0.97152215
,1841,0,1,0.9216687
,1841,1,2,1.0
,1841,2,0,0.976256
,1841,3,0,0.8557
,1842,0,1,0.9217355
,1842,1,0,0.9331754
,1842,2,0,0.9308444
,1842,3,3,1.0
,1843,0,1,0.92172915
,1843,1,1,0.7743316
,1843,2,2,1.0
,1843,3,0,0.9967156
,1844,0,1,0.92182696
,1844,1,1,0.89643675
,1844,2,0,0.99848
,1844,3,3,1.0
,1845,0,1,0.92171365
,1845,1,1,0.917338
,1845,2,2,1.0
,1845,3,0,0.9985486
,1846,0,1,0.921676
,1846,1,1,0.9209397
,1846,2,0,0.99844027
,1846,3,2,1.0
,1847,0,1,0.92158157
,1847,1,1,0.92156094
,1847,2,2,1.0
,1847,3,0,0.99844027
,1848,0,1,0.92105603
,1848,1,1,0.9216687
,1848,2,0,0.99844027
,1848,3,2,1.0
,1849,0,1,0.9180123
,1849,1,1,0.9216911
,1849,2,2,1.0
,1849,3,0,0.99844015
,1850,0,1,0.90036505
,1850,1,1,0.9217174
,1850,2,0,0.9964712
,1850,3,2,1.0
,1851,0,1,0.79801226
,1851,1,1,0.9218168
,1851,2,3,1.0
,1851,3,0,0.9984792
,1852,0,0,0.79706293
,1852,1,1,0.9216963
,1852,2,0,0.9375398
,1852,3,2,1.0
,1853,0,2,1.0
,1853,1,1,0.92169935
,1853,2,1,0.7647425
,1853,3,0,0.9984416
,1854,0,0,0.99647063
,1854,1,1,0.92171484
,1854,2,1,0.86885774
,1854,3,2,1.0
,1855,0,3,1.0
,1855,1,1,0.9217976
,1855,2,1,0.78824747
,1855,3,0,0.9984792
,1856,0,0,0.93702507
,1856,1,1,0.92158586
,1856,2,0,0.7987507
,1856,3,2,1.0
,1857,0,1,0.77360016
,1857,1,1,0.92105913
,1857,2,2,1.0
,1857,3,0,0.9984416
,1858,0,1,0.89614815
,1858,1,1,0.9180021
,1858,2,0,0.99844
,1858,3,2,1.0
,1859,0,1,0.9172819
,1859,1,1,0.9003051
,1859,2,2,1.0
,1859,3,0,0.99844015
,1860,0,1,0.9209166
,1860,1,1,0.79769903
,1860,2,0,0.9984405
,1860,3,2,1.0
,1861,0,1,0.9215136
,1861,1,0,0.7971898
,1861,2,2,1.0
,1861,3,0,0.94421285
,1862,0,1,0.92166
,1862,1,2,1.0
,1862,2,0,0.996466
,1862,3,1,0.5805366
,1863,0,1,0.92166907
,1863,1,0,0.9481647
,1863,2,3,1.0
,1863,3,0,0.7019652
,1864,0,1,0.92116123
,1864,1,1,0.53494436
,1864,2,0,0.9985496
,1864,3,3,1.0
,1865,0,1,0.91799766
,1865,1,0,0.8425585
,1865,2,2,1.0
,1865,3,0,0.95096505
,1866,0,1,0.900282
,1866,1,2,1.0
,1866,2,0,0.998441
,1866,3,1,0.53368926
,1867,0,1,0.7975933
,1867,1,0,0.9320227
,1867,2,2,1.0
,1867,3,0,0.84294575
,1868,0,0,0.7971995
,1868,1,1,0.7743519
,1868,2,0,0.93208647
,1868,3,2,1.0
,1869,0,2,1.0
,1869,1,1,0.89628285
,1869,2,1,0.7744434
,1869,3,0,0.9984412
,1870,0,0,0.99844
,1870,1,1,0.9173075
,1870,2,1,0.8962765
,1870,3,2,1.0
,1871,0,2,1.0
,1871,1,1,0.9209342
,1871,2,1,0.9172211
,1871,3,0,0.99844015
,1872,0,0,0.99844027
,1872,1,1,0.92155975
,1872,2,1,0.92043877
,1872,3,2,1.0
,1873,0,2,1.0
,1873,1,1,0.9216673
,1873,2,1,0.91870475
,1873,3,0,0.99844027
,1874,0,0,0.99844027
,1874,1,1,0.9216843
,1874,2,1,0.9051337
,1874,3,2,1.0
,1875,0,2,1.0
,1875,1,1,0.92168134
,1875,2,1,0.8258429
,1875,3,0,0.9984406
,1876,0,0,0.9442482
,1876,1,1,0.92167
,1876,2,0,0.633975
,1876,3,2,1.0
,1877,0,1,0.58079994
,1877,1,1,0.9217777
,1877,2,3,1.0
,1877,3,0,0.99846876
,1878,0,0,0.7019514
,1878,1,1,0.92170846
,1878,2,0,0.9736247
,1878,3,2,1.0
,1879,0,3,1.0
,1879,1,1,0.9217767
,1879,2,0,0.8562878
,1879,3,0,0.97203165
,1880,0,0,0.9370896
,1880,1,1,0.9218265
,1880,2,3,1.0
,1880,3,0,0.8558669
,1881,0,1,0.7727518
,1881,1,1,0.9218602
,1881,2,0,0.99671715
,1881,3,3,1.0
,1882,0,1,0.89271176
,1882,1,1,0.9218545
,1882,2,3,1.0
,1882,3,0,0.9985491
,1883,0,1,0.89998776
,1883,1,1,0.92172396
,1883,2,0,0.9985486
,1883,3,2,1.0
,1884,0,1,0.8244145
,1884,1,1,0.92171264
,1884,2,2,1.0
,1884,3,0,0.99646455
,1885,0,0,0.63404804
,1885,1,1,0.9217854
,1885,2,0,0.9481788
,1885,3,3,1.0
,1886,0,3,0.9999125
,1886,1,1,0.9217961
,1886,2,1,0.53493685
,1886,3,0,0.9985497
,1887,0,0,0.93742293
,1887,1,1,0.92169124
,1887,2,0,0.8425419
,1887,3,2,1.0
,1888,0,1,0.7667427
,1888,1,1,0.92169803
,1888,2,2,1.0
,1888,3,0,0.9984411
,1889,0,1,0.87502897
,1889,1,1,0.92171896
,1889,2,0,0.996471
,1889,3,2,1.0
,1890,0,1,0.8174191
,1890,1,1,0.9218222
,1890,2,3,1.0
,1890,3,0,0.9984793
,1891,0,0,0.6362309
,1891,1,1,0.92172027
,1891,2,0,0.9509415
,1891,3,2,1.0
,1892,0,3,1.0
,1892,1,1,0.9217819
,1892,2,1,0.5340708
,1892,3,0,0.99846864
,1893,0,0,0.93703604
,1893,1,1,0.9216889
,1893,2,0,0.84269154
,1893,3,2,1.0
,1894,0,1,0.7734076
,1894,1,1,0.9216989
,1894,2,2,1.0
,1894,3,0,0.9984411
,1895,0,1,0.8955629
,1895,1,1,0.92172587
,1895,2,0,0.99647194
,1895,3,2,1.0
,1896,0,1,0.91447484
,1896,1,1,0.92185783
,1896,2,3,1.0
,1896,3,0,0.99656326
,1897,0,1,0.9044569
,1897,1,1,0.9218532
,1897,2,0,0.99854934
,1897,3,3,1.0
,1898,0,1,0.8256554
,1898,1,1,0.92171353
,1898,2,2,1.0
,1898,3,0,0.9985498
,1899,0,0,0.63401705
,1899,1,1,0.92167497
,1899,2,0,0.9471011
,1899,3,2,1.0
,1900,0,3,1.0
,1900,1,1,0.92177147
,1900,2,1,0.5352175
,1900,3,0,0.9984685
,1901,0,0,0.9779791
,1901,1,1,0.9216761
,1901,2,0,0.8426156
,1901,3,2,1.0
,1902,0,0,0.931228
,1902,1,1,0.921646
,1902,2,2,1.0
,1902,3,0,0.94425863
,1903,0,2,1.0
,1903,1,1,0.92167145
,1903,2,0,0.9984398
,1903,3,1,0.5803902
,1904,0,0,0.9325262
,1904,1,1,0.92166674
,1904,2,2,1.0
,1904,3,0,0.7023263
,1905,0,1,0.7678271
,1905,1,1,0.9217865
,1905,2,0,0.9984708
,1905,3,3,1.0
,1906,0,1,0.8752011
,1906,1,1,0.92171144
,1906,2,2,1.0
,1906,3,0,0.9985486
,1907,0,1,0.817284
,1907,1,1,0.92171365
,1907,2,0,0.996466
,1907,3,2,1.0
,1908,0,0,0.6358655
,1908,1,1,0.9217988
,1908,2,3,1.0
,1908,3,0,0.97677165
,1909,0,3,0.9999999
,1909,1,1,0.921784
,1909,2,0,0.97364235
,1909,3,0,0.93093127
,1910,0,0,0.9370069
,1910,1,1,0.9217168
,1910,2,0,0.85646504
,1910,3,2,1.0
,1911,0,1,0.77385396
,1911,1,1,0.9218055
,1911,2,3,1.0
,1911,3,0,0.998474
,1912,0,1,0.896194
,1912,1,1,0.921713
,1912,2,0,0.9985486
,1912,3,2,1.0
,1913,0,1,0.9172838
,1913,1,1,0.92169946
,1913,2,2,1.0
,1913,3,0,0.99844015
,1914,0,1,0.9208783
,1914,1,1,0.92172223
,1914,2,0,0.99647194
,1914,3,2,1.0
,1915,0,1,0.9212114
,1915,1,1,0.9218327
,1915,2,3,1.0
,1915,3,0,0.99848014
,1916,0,1,0.9188814
,1916,1,1,0.92174894
,1916,2,0,0.9967157
,1916,3,2,1.0
,1917,0,1,0.9053347
,1917,1,1,0.9218343
,1917,2,3,1.0
,1917,3,0,0.99848014
,1918,0,1,0.82596177
,1918,1,1,0.92173517
,1918,2,0,0.9967107
,1918,3,2,1.0
,1919,0,0,0.6336492
,1919,1,1,0.9217866
,1919,2,3,1.0
,1919,3,0,0.936504
,1920,0,3,1.0
,1920,1,1,0.9218042
,1920,2,0,0.9985491
,1920,3,1,0.7248401
,1921,0,0,0.9985497
,1921,1,1,0.92169917
,1921,2,2,1.0
,1921,3,1,0.74327016
,1922,0,2,1.0
,1922,1,1,0.9216509
,1922,2,0,0.97622156
,1922,3,0,0.8067152
,1923,0,0,0.9321273
,1923,1,1,0.92164654
,1923,2,0,0.9309172
,1923,3,2,1.0
,1924,0,1,0.7742428
,1924,1,1,0.92171067
,1924,2,2,1.0
,1924,3,0,0.996471
,1925,0,1,0.8956511
,1925,1,1,0.9218249
,1925,2,0,0.9984798
,1925,3,3,1.0
,1926,0,1,0.9134797
,1926,1,1,0.92172104
,1926,2,2,1.0
,1926,3,0,0.9985486
,1927,0,1,0.89943016
,1927,1,1,0.92172235
,1927,2,0,0.99671924
,1927,3,2,1.0
,1928,0,1,0.7977048
,1928,1,1,0.9218164
,1928,2,3,0.8737763
,1928,3,0,0.9984792
,1929,0,0,0.7972171
,1929,1,1,0.9216908
,1929,2,0,0.9733708
,1929,3,2,1.0
,1930,0,2,1.0
,1930,1,1,0.92167574
,1930,2,0,0.8562143
,1930,3,0,0.9762576
,1931,0,0,0.93317974
,1931,1,1,0.92173225
,1931,2,3,1.0
,1931,3,0,0.93084854
,1932,0,1,0.77426857
,1932,1,1,0.92170334
,1932,2,0,0.9985486
,1932,3,2,1.0
,1933,0,1,0.89630115
,1933,1,1,0.92172134
,1933,2,2,1.0
,1933,3,0,0.9964716
,1934,0,1,0.917449
,1934,1,1,0.9218278
,1934,2,0,0.99848
,1934,3,3,1.0
,1935,0,1,0.9209672
,1935,1,1,0.9217225
,1935,2,2,1.0
,1935,3,0,0.9985486
,1936,0,1,0.921596
,1936,1,1,0.92172617
,1936,2,0,0.9964722
,1936,3,2,1.0
,1937,0,1,0.9218109
,1937,1,1,0.9218334
,1937,2,3,1.0
,1937,3,0,0.99848014
,1938,0,1,0.9217449
,1938,1,1,0.9217487
,1938,2,0,0.9967157
,1938,3,2,1.0
,1939,0,1,0.9218313
,1939,1,1,0.921832
,1939,2,3,1.0
,1939,3,0,0.99848026
,1940,0,1,0.9217177
,1940,1,1,0.9217178
,1940,2,0,0.9985486
,1940,3,2,1.0
,1941,0,1,0.921695
,1941,1,1,0.92169505
,1941,2,2,1.0
,1941,3,0,0.99844027
,1942,0,1,0.921691
,1942,1,1,0.9216911
,1942,2,0,0.99844027
,1942,3,2,1.0
,1943,0,1,0.92169034
,1943,1,1,0.92169034
,1943,2,2,1.0
,1943,3,0,0.99844027
,1944,0,1,0.9216902
,1944,1,1,0.9216902
,1944,2,0,0.99844027
,1944,3,2,1.0
,1945,0,1,0.9216902
,1945,1,1,0.9216902
,1945,2,2,1.0
,1945,3,0,0.99844027
,1946,0,1,0.9216902
,1946,1,1,0.9216902
,1946,2,0,0.99844027
,1946,3,2,1.0
,1947,0,1,0.9216902
,1947,1,1,0.9216902
,1947,2,2,1.0
,1947,3,0,0.99844027
,1948,0,1,0.9216902
,1948,1,1,0.9216902
,1948,2,0,0.99844027
,1948,3,2,1.0
,1949,0,1,0.9216902
,1949,1,1,0.9216902
,1949,2,2,1.0
,1949,3,0,0.99844027
,1950,0,1,0.9216902
,1950,1,1,0.9216902
,1950,2,0,0.99844027
,1950,3,2,1.0
,1951,0,1,0.92169034
,1951,1,1,0.92169034
,1951,2,2,1.0
,1951,3,0,0.99844027
,1952,0,1,0.9216911
,1952,1,1,0.9216911
,1952,2,0,0.99844027
,1952,3,2,1.0
,1953,0,1,0.92169553
,1953,1,1,0.92169553
,1953,2,2,1.0
,1953,3,0,0.99844015
,1954,0,1,0.92172056
,1954,1,1,0.92172056
,1954,2,0,0.99647194
,1954,3,2,1.0
,1955,0,1,0.9218271
,1955,1,1,0.9218271
,1955,2,3,1.0
,1955,3,0,0.99848014
,1956,0,1,0.9217178
,1956,1,1,0.92171794
,1956,2,0,0.9985486
,1956,3,2,1.0
,1957,0,1,0.9216998
,1957,1,1,0.92170036
,1957,2,2,1.0
,1957,3,0,0.99844027
,1958,0,1,0.92171913
,1958,1,1,0.9217225
,1958,2,0,0.99647194
,1958,3,2,1.0
,1959,0,1,0.9218141
,1959,1,1,0.92183286
,1959,2,3,1.0
,1959,3,0,0.99848014
,1960,0,1,0.9216403
,1960,1,1,0.9217496
,1960,2,0,0.9967157
,1960,3,2,1.0
,1961,0,1,0.92120373
,1961,1,1,0.9218376
,1961,2,3,1.0
,1961,3,0,0.99848014
,1962,0,1,0.91806936
,1962,1,1,0.9217497
,1962,2,0,0.9967157
,1962,3,2,1.0
,1963,0,1,0.9004897
,1963,1,1,0.9218339
,1963,2,3,1.0
,1963,3,0,0.99848
,1964,0,1,0.7978061
,1964,1,1,0.9217329
,1964,2,0,0.9967117
,1964,3,2,1.0
,1965,0,0,0.79694057
,1965,1,1,0.9217732
,1965,2,3,1.0
,1965,3,0,0.9767406
,1966,0,2,1.0
,1966,1,1,0.9216816
,1966,2,0,0.9779794
,1966,3,0,0.9310479
,1967,0,0,0.9320697
,1967,1,1,0.921643
,1967,2,0,0.93122643
,1967,3,2,1.0
,1968,0,1,0.7744422
,1968,1,1,0.9216807
,1968,2,2,1.0
,1968,3,0,0.9984398
,1969,0,1,0.89629513
,1969,1,1,0.92168874
,1969,2,0,0.99844
,1969,3,2,1.0
,1970,0,1,0.9173157
,1970,1,1,0.92169505
,1970,2,2,1.0
,1970,3,0,0.99844015
,1971,0,1,0.9209656
,1971,1,1,0.9217207
,1971,2,0,0.99647194
,1971,3,2,1.0
,1972,0,1,0.92169774
,1972,1,1,0.9218278
,1972,2,3,1.0
,1972,3,0,0.99848014
,1973,0,1,0.9217
,1973,1,1,0.9217225
,1973,2,0,0.9985486
,1973,3,2,1.0
,1974,0,1,0.9217225
,1974,1,1,0.9217263
,1974,2,2,1.0
,1974,3,0,0.99647266
,1975,0,1,0.92183286
,1975,1,1,0.9218335
,1975,2,0,0.99848
,1975,3,3,0.9997218
,1976,0,1,0.9217496
,1976,1,1,0.9217497
,1976,2,2,1.0
,1976,3,0,0.9967156
,1977,0,1,0.9218376
,1977,1,1,0.9218376
,1977,2,0,0.99848026
,1977,3,3,1.0
,1978,0,1,0.9217496
,1978,1,1,0.9217497
,1978,2,2,1.0
,1978,3,0,0.9967157
,1979,0,1,0.9218327
,1979,1,1,0.9218332
,1979,2,0,0.99848026
,1979,3,3,1.0
,1980,0,1,0.9217209
,1980,1,1,0.9217241
,1980,2,2,1.0
,1980,3,0,0.9985486
,1981,0,1,0.9217122
,1981,1,1,0.921731
,1981,2,0,0.9964724
,1981,3,2,1.0
,1982,0,1,0.9217505
,1982,1,1,0.92185956
,1982,2,3,1.0
,1982,3,0,0.9965635
,1983,0,1,0.921223
,1983,1,1,0.9218567
,1983,2,0,0.9985491
,1983,3,3,1.0
,1984,0,1,0.918047
,1984,1,1,0.9217277
,1984,2,2,1.0
,1984,3,0,0.9985486
,1985,0,1,0.9003811
,1985,1,1,0.92172873
,1985,2,0,0.99647146
,1985,3,2,1.0
,1986,0,1,0.79806656
,1986,1,1,0.9218468
,1986,2,3,1.0
,1986,3,0,0.99655676
,1987,0,0,0.7967788
,1987,1,1,0.92182463
,1987,2,0,0.9483305
,1987,3,3,1.0
,1988,0,2,1.0
,1988,1,1,0.9217358
,1988,2,1,0.5793448
,1988,3,0,0.9967105
,1989,0,0,0.9334365
,1989,1,1,0.9217857
,1989,2,0,0.7023448
,1989,3,3,1.0
,1990,0,1,0.774454
,1990,1,1,0.92181057
,1990,2,3,1.0
,1990,3,0,0.998549
,1991,0,1,0.8963004
,1991,1,1,0.92171365
,1991,2,0,0.9985486
,1991,3,2,1.0
,1992,0,1,0.9173167
,1992,1,1,0.92169935
,1992,2,2,1.0
,1992,3,0,0.99844015
,1993,0,1,0.9209657
,1993,1,1,0.92172146
,1993,2,0,0.99647194
,1993,3,2,1.0
,1994,0,1,0.92169785
,1994,1,1,0.9218279
,1994,2,3,1.0
,1994,3,0,0.99848014
,1995,0,1,0.9217
,1995,1,1,0.9217225
,1995,2,0,0.9985486
,1995,3,2,1.0
,1996,0,1,0.92172235
,1996,1,1,0.9217263
,1996,2,2,1.0
,1996,3,0,0.99647206
,1997,0,1,0.9218323
,1997,1,1,0.9218334
,1997,2,0,0.99848
,1997,3,3,1.0
,1998,0,1,0.9217463
,1998,1,1,0.92174894
,1998,2,2,1.0
,1998,3,0,0.9967157
,1999,0,1,0.9218184
,1999,1,1,0.92183286
,1999,2,0,0.99848026
,1999,3,3,1.0
,2000,0,1,0.92163885
,2000,1,1,0.9217233
,2000,2,2,1.0
,2000,3,0,0.9985486
,2001,0,1,0.9212363
,2001,1,1,0.9217264
,2001,2,0,0.9964722
,2001,3,2,1.0
,2002,0,1,0.9189914
,2002,1,1,0.92183334
,2002,2,3,1.0
,2002,3,0,0.99848014
,2003,0,1,0.9052491
,2003,1,1,0.9217491
,2003,2,0,0.99671525
,2003,3,2,1.0
,2004,0,1,0.8261447
,2004,1,1,0.92183816
,2004,2,3,1.0
,2004,3,0,0.9984794
,2005,0,0,0.63380766
,2005,1,1,0.92178243
,2005,2,0,0.9491446
,2005,3,2,1.0
,2006,0,3,1.0
,2006,1,1,0.9221368
,2006,2,1,0.56499165
,2006,3,0,0.9984689
,2007,0,0,0.9353087
,2007,1,1,0.92374057
,2007,2,0,0.747401
,2007,3,2,1.0
,2008,0,1,0.7963431
,2008,1,1,0.9313479
,2008,2,3,1.0
,2008,3,0,0.9147495
,2009,0,1,0.90250427
,2009,1,1,0.92532456
,2009,2,0,0.9982339
,2009,3,2,1.0
,2010,0,1,0.92700493
,2010,1,1,0.9306295
,2010,2,2,1.0
,2010,3,0,0.9886943
,2011,0,1,0.92307645
,2011,1,1,0.92369884
,2011,2,0,0.9985636
,2011,3,3,1.0
,2012,0,1,0.92226946
,2012,1,1,0.92237645
,2012,2,2,1.0
,2012,3,0,0.9985486
,2013,0,1,0.92371327
,2013,1,1,0.9237313
,2013,2,0,0.99807924
,2013,3,2,1.0
,2014,0,1,0.9310455
,2014,1,1,0.9310484
,2014,2,2,1.0
,2014,3,0,0.9874491
,2015,0,1,0.92524505
,2015,1,1,0.9252456
,2015,2,0,0.9981737
,2015,3,2,1.0
,2016,0,1,0.93056846
,2016,1,1,0.93056846
,2016,2,2,1.0
,2016,3,0,0.99492556
,2017,0,1,0.9234358
,2017,1,1,0.9234358
,2017,2,0,0.99660045
,2017,3,2,1.0
,2018,0,1,0.92213416
,2018,1,1,0.92213416
,2018,2,3,1.0
,2018,3,0,0.9984819
,2019,0,1,0.9218017
,2019,1,1,0.9218017
,2019,2,0,0.9967157
,2019,3,2,1.0
,2020,0,1,0.9218466
,2020,1,1,0.9218466
,2020,2,3,1.0
,2020,3,0,0.99848014
,2021,0,1,0.921751
,2021,1,1,0.921751
,2021,2,0,0.9967157
,2021,3,2,1.0
,2022,0,1,0.9218323
,2022,1,1,0.9218323
,2022,2,3,1.0
,2022,3,0,0.99848026
,2023,0,1,0.92171794
,2023,1,1,0.92171794
,2023,2,0,0.9985486
,2023,3,2,1.0
,2024,0,1,0.92169505
,2024,1,1,0.92169505
,2024,2,2,1.0
,2024,3,0,0.99844027
,2025,0,1,0.9216911
,2025,1,1,0.9216911
,2025,2,0,0.99844027
,2025,3,2,1.0
,2026,0,1,0.92169034
,2026,1,1,0.92169034
,2026,2,2,1.0
,2026,3,0,0.99844027
,2027,0,1,0.9216902
,2027,1,1,0.9216902
,2027,2,0,0.99844027
,2027,3,2,1.0
,2028,0,1,0.92169046
,2028,1,1,0.92169046
,2028,2,2,1.0
,2028,3,0,0.99844027
,2029,0,1,0.92169136
,2029,1,1,0.92169136
,2029,2,0,0.99844027
,2029,3,2,1.0
,2030,0,1,0.9216967
,2030,1,1,0.9216967
,2030,2,2,1.0
,2030,3,0,0.99844015
,2031,0,1,0.9217275
,2031,1,1,0.9217275
,2031,2,0,0.9964724
,2031,3,2,1.0
,2032,0,1,0.9218658
,2032,1,1,0.9218658
,2032,2,3,1.0
,2032,3,0,0.996564
,2033,0,1,0.9218956
,2033,1,1,0.9218956
,2033,2,0,0.9967179
,2033,3,3,1.0
,2034,0,1,0.92189586
,2034,1,1,0.92189586
,2034,2,3,1.0
,2034,3,0,0.9967175
,2035,0,1,0.92186785
,2035,1,1,0.92186785
,2035,2,0,0.9985491
,2035,3,3,1.0
,2036,0,1,0.9217551
,2036,1,1,0.9217551
,2036,2,2,1.0
,2036,3,0,0.9967157
,2037,0,1,0.92183477
,2037,1,1,0.92183477
,2037,2,0,0.99848026
,2037,3,3,1.0
,2038,0,1,0.92172825
,2038,1,1,0.92172825
,2038,2,2,1.0
,2038,3,0,0.9985486
,2039,0,1,0.9217544
,2039,1,1,0.9217544
,2039,2,0,0.99844027
,2039,3,2,1.0
,2040,0,1,0.92203546
,2040,1,1,0.92203546
,2040,2,2,1.0
,2040,3,0,0.99844027
,2041,0,1,0.9236873
,2041,1,1,0.9236873
,2041,2,0,0.9980659
,2041,3,2,1.0
,2042,0,1,0.9310489
,2042,1,1,0.9310489
,2042,2,2,1.0
,2042,3,0,0.9151351
,2043,0,1,0.92355084
,2043,1,1,0.92355084
,2043,2,0,0.9966223
,2043,3,2,1.0
,2044,0,1,0.92215514
,2044,1,1,0.92215514
,2044,2,3,1.0
,2044,3,0,0.9984823
,2045,0,1,0.9218053
,2045,1,1,0.9218053
,2045,2,0,0.9967157
,2045,3,2,1.0
,2046,0,1,0.9218474
,2046,1,1,0.9218474
,2046,2,3,1.0
,2046,3,0,0.99848014
,2047,0,1,0.9217521
,2047,1,1,0.9217521
,2047,2,0,0.9967157
,2047,3,2,1.0
,2048,0,1,0.92183805
,2048,1,1,0.92183805
,2048,2,3,1.0
,2048,3,0,0.99848014
,2049,0,1,0.9217496
,2049,1,1,0.9217496
,2049,2,0,0.9967157
,2049,3,2,1.0
,2050,0,1,0.9218323
,2050,1,1,0.9218323
,2050,2,3,1.0
,2050,3,0,0.99848026
,2051,0,1,0.92171896
,2051,1,1,0.92171896
,2051,2,0,0.9985486
,2051,3,2,1.0
,2052,0,1,0.92170155
,2052,1,1,0.92170155
,2052,2,2,1.0
,2052,3,0,0.99844027
,2053,0,1,0.92172813
,2053,1,1,0.92172813
,2053,2,0,0.9964724
,2053,3,2,1.0
,2054,0,1,0.92186487
,2054,1,1,0.92186487
,2054,2,3,1.0
,2054,3,0,0.996564
,2055,0,1,0.9218895
,2055,1,1,0.9218895
,2055,2,0,0.9967174
,2055,3,3,1.0
,2056,0,1,0.9218621
,2056,1,1,0.9218621
,2056,2,3,1.0
,2056,3,0,0.9985491
,2057,0,1,0.92172813
,2057,1,1,0.92172813
,2057,2,0,0.9779766
,2057,3,2,1.0
,2058,0,1,0.9217198
,2058,1,1,0.9217198
,2058,2,0,0.9311598
,2058,3,2,1.0
,2059,0,1,0.9217053
,2059,1,1,0.9217053
,2059,2,2,1.0
,2059,3,0,0.9984416
,2060,0,1,0.92172354
,2060,1,1,0.92172354
,2060,2,0,0.9964722
,2060,3,2,1.0
,2061,0,1,0.9218343
,2061,1,1,0.9218344
,2061,2,3,1.0
,2061,3,0,0.99848014
,2062,0,1,0.92175716
,2062,1,1,0.9217576
,2062,2,0,0.9967157
,2062,3,2,1.0
,2063,0,1,0.9218817
,2063,1,1,0.9218842
,2063,2,3,1.0
,2063,3,0,0.99848026
,2064,0,1,0.9220062
,2064,1,1,0.9220209
,2064,2,0,0.9985484
,2064,3,2,1.0
,2065,0,1,0.9233647
,2065,1,1,0.92345035
,2065,2,2,1.0
,2065,3,0,0.99709564
,2066,0,1,0.9294092
,2066,1,1,0.9299038
,2066,2,0,0.99775255
,2066,3,3,1.0
,2067,0,1,0.920482
,2067,1,1,0.9236015
,2067,2,2,1.0
,2067,3,0,0.99854934
,2068,0,1,0.90554386
,2068,1,1,0.9239139
,2068,2,0,0.9981516
,2068,3,2,1.0
,2069,0,1,0.82483274
,2069,1,1,0.93129957
,2069,2,2,1.0
,2069,3,0,0.99681574
,2070,0,0,0.7305435
,2070,1,1,0.93391454
,2070,2,0,0.6479076
,2070,3,2,1.0
,2071,0,2,1.0
,2071,1,1,0.9326642
,2071,2,0,0.85928696
,2071,3,0,0.61017525
,2072,0,0,0.93430364
,2072,1,1,0.9237455
,2072,2,2,1.0
,2072,3,0,0.7549667
,2073,0,1,0.77440184
,2073,1,1,0.9221877
,2073,2,0,0.9965465
,2073,3,3,1.0
,2074,0,1,0.8965015
,2074,1,1,0.9219485
,2074,2,3,1.0
,2074,3,0,0.99671763
,2075,0,1,0.9175202
,2075,1,1,0.9219021
,2075,2,0,0.99848884
,2075,3,3,1.0
,2076,0,1,0.9211104
,2076,1,1,0.92186517
,2076,2,2,0.96890795
,2076,3,0,0.99671704
,2077,0,1,0.92173135
,2077,1,1,0.92186135
,2077,2,0,0.99848336
,2077,3,3,1.0
,2078,0,1,0.92173135
,2078,1,1,0.92175376
,2078,2,2,1.0
,2078,3,0,0.9967157
,2079,0,1,0.9218299
,2079,1,1,0.92183375
,2079,2,0,0.99848026
,2079,3,3,1.0
,2080,0,1,0.92172277
,2080,1,1,0.9217234
,2080,2,2,1.0
,2080,3,0,0.9985486
,2081,0,1,0.9217263
,2081,1,1,0.9217264
,2081,2,0,0.9964722
,2081,3,2,1.0
,2082,0,1,0.9218334
,2082,1,1,0.9218334
,2082,2,3,1.0
,2082,3,0,0.99848014
,2083,0,1,0.92174894
,2083,1,1,0.92174894
,2083,2,0,0.9967157
,2083,3,2,1.0
,2084,0,1,0.92183286
,2084,1,1,0.92183286
,2084,2,3,1.0
,2084,3,0,0.99848026
,2085,0,1,0.9217233
,2085,1,1,0.9217233
,2085,2,0,0.9985486
,2085,3,2,1.0
,2086,0,1,0.9217265
,2086,1,1,0.9217265
,2086,2,2,1.0
,2086,3,0,0.99647206
,2087,0,1,0.9218343
,2087,1,1,0.9218344
,2087,2,0,0.99848
,2087,3,3,1.0
,2088,0,1,0.921754
,2088,1,1,0.92175454
,2088,2,2,1.0
,2088,3,0,0.99671584
,2089,0,1,0.92186147
,2089,1,1,0.9218646
,2089,2,0,0.9965636
,2089,3,3,1.0
,2090,0,1,0.9218433
,2090,1,1,0.9218621
,2090,2,3,1.0
,2090,3,0,0.998549
,2091,0,1,0.92164433
,2091,1,1,0.92175376
,2091,2,0,0.9967157
,2091,3,2,1.0
,2092,0,1,0.92119783
,2092,1,1,0.9218327
,2092,2,3,1.0
,2092,3,0,0.99848026
,2093,0,1,0.9180308
,2093,1,1,0.9217174
,2093,2,0,0.9985486
,2093,3,2,1.0
,2094,0,1,0.9003112
,2094,1,1,0.92169213
,2094,2,2,1.0
,2094,3,0,0.99844027
,2095,0,1,0.79770094
,2095,1,1,0.92167795
,2095,2,0,0.9984405
,2095,3,2,1.0
,2096,0,0,0.7971898
,2096,1,1,0.92164797
,2096,2,2,1.0
,2096,3,0,0.9442139
,2097,0,2,1.0
,2097,1,1,0.9217008
,2097,2,0,0.9964655
,2097,3,1,0.5805191
,2098,0,0,0.93343437
,2098,1,1,0.9217797
,2098,2,3,1.0
,2098,3,0,0.7020181
,2099,0,1,0.7744565
,2099,1,1,0.9218103
,2099,2,0,0.9985491
,2099,3,3,1.0
,2100,0,1,0.89630723
,2100,1,1,0.92171896
,2100,2,2,1.0
,2100,3,0,0.9985486
,2101,0,1,0.9173484
,2101,1,1,0.92173004
,2101,2,0,0.9964722
,2101,3,2,1.0
,2102,0,1,0.9211024
,2102,1,1,0.9218594
,2102,2,3,1.0
,2102,3,0,0.9965635
,2103,0,1,0.92171234
,2103,1,1,0.9218568
,2103,2,0,0.9985491
,2103,3,3,1.0
,2104,0,1,0.9216218
,2104,1,1,0.9217285
,2104,2,2,1.0
,2104,3,0,0.9985486
,2105,0,1,0.9212401
,2105,1,1,0.9217329
,2105,2,0,0.9964724
,2105,3,2,1.0
,2106,0,1,0.9190304
,2106,1,1,0.9218663
,2106,2,3,1.0
,2106,3,0,0.99656385
,2107,0,1,0.9054334
,2107,1,1,0.9218934
,2107,2,0,0.9967174
,2107,3,3,1.0
,2108,0,1,0.82629865
,2108,1,1,0.9218876
,2108,2,3,1.0
,2108,3,0,0.9967156
,2109,0,0,0.63328034
,2109,1,1,0.9218531
,2109,2,0,0.9779827
,2109,3,3,1.0
,2110,0,3,1.0
,2110,1,1,0.92179406
,2110,2,0,0.9311403
,2110,3,0,0.97364247
,2111,0,0,0.93700564
,2111,1,1,0.92172
,2111,2,2,1.0
,2111,3,0,0.85646546
,2112,0,1,0.77387494
,2112,1,1,0.92181396
,2112,2,0,0.9984739
,2112,3,3,1.0
,2113,0,1,0.896257
,2113,1,1,0.9217595
,2113,2,2,1.0
,2113,3,0,0.99671584
,2114,0,1,0.9175319
,2114,1,1,0.92192113
,2114,2,0,0.9965636
,2114,3,3,1.0
,2115,0,1,0.9214425
,2115,1,1,0.92219603
,2115,2,3,0.99999714
,2115,3,0,0.9985491
,2116,0,1,0.9235672
,2116,1,1,0.9236947
,2116,2,0,0.9973637
,2116,3,2,1.0
,2117,0,1,0.93092406
,2117,1,1,0.93094426
,2117,2,3,1.0
,2117,3,0,0.97228765
,2118,0,1,0.923716
,2118,1,1,0.92372
,2118,2,0,0.99855006
,2118,3,3,1.0
,2119,0,1,0.92208236
,2119,1,1,0.9220861
,2119,2,2,1.0
,2119,3,0,0.99671596
,2120,0,1,0.9219033
,2120,1,1,0.9219221
,2120,2,0,0.99656385
,2120,3,3,1.0
,2121,0,1,0.9217642
,2121,1,1,0.9218731
,2121,2,3,1.0
,2121,3,0,0.998549
,2122,0,1,0.92112917
,2122,1,1,0.921762
,2122,2,0,0.99671596
,2122,3,2,1.0
,2123,0,1,0.9181997
,2123,1,1,0.92187023
,2123,2,3,1.0
,2123,3,0,0.996564
,2124,0,1,0.9005759
,2124,1,1,0.9218874
,2124,2,0,0.9967169
,2124,3,3,1.0
,2125,0,1,0.798086
,2125,1,1,0.9218508
,2125,2,3,1.0
,2125,3,0,0.9985498
,2126,0,0,0.7970667
,2126,1,1,0.9216998
,2126,2,0,0.948319
,2126,3,2,1.0
,2127,0,2,1.0
,2127,1,1,0.9216873
,2127,2,1,0.5792305
,2127,3,0,0.9984416
,2128,0,0,0.93209326
,2128,1,1,0.92167586
,2128,2,0,0.7026607
,2128,3,2,1.0
,2129,0,1,0.774766
,2129,1,1,0.9218242
,2129,2,3,1.0
,2129,3,0,0.9965423
,2130,0,1,0.89655834
,2130,1,1,0.92188126
,2130,2,0,0.9967174
,2130,3,3,1.0
,2131,0,1,0.9175044
,2131,1,1,0.92186594
,2131,2,3,1.0
,2131,3,0,0.998549
,2132,0,1,0.921008
,2132,1,1,0.9217599
,2132,2,0,0.99671596
,2132,3,2,1.0
,2133,0,1,0.9217353
,2133,1,1,0.92186487
,2133,2,3,1.0
,2133,3,0,0.9965636
,2134,0,1,0.9218354
,2134,1,1,0.9218577
,2134,2,0,0.9985491
,2134,3,3,1.0
,2135,0,1,0.92172474
,2135,1,1,0.9217286
,2135,2,2,1.0
,2135,3,0,0.9985486
,2136,0,1,0.92173225
,2136,1,1,0.9217329
,2136,2,0,0.9964724
,2136,3,2,1.0
,2137,0,1,0.92186576
,2137,1,1,0.9218658
,2137,2,3,1.0
,2137,3,0,0.996564
,2138,0,1,0.92189044
,2138,1,1,0.92189044
,2138,2,0,0.9967174
,2138,3,3,1.0
,2139,0,1,0.92186695
,2139,1,1,0.92186695
,2139,2,3,1.0
,2139,3,0,0.998549
,2140,0,1,0.92175496
,2140,1,1,0.92175496
,2140,2,0,0.9967157
,2140,3,2,1.0
,2141,0,1,0.92183506
,2141,1,1,0.92183506
,2141,2,3,1.0
,2141,3,0,0.99848026
,2142,0,1,0.9217298
,2142,1,1,0.9217298
,2142,2,0,0.9736345
,2142,3,2,1.0
,2143,0,1,0.9217553
,2143,1,1,0.9217553
,2143,2,0,0.8564291
,2143,3,2,1.0
,2144,0,1,0.9218572
,2144,1,1,0.9218572
,2144,2,3,1.0
,2144,3,0,0.9965553
,2145,0,1,0.9218887
,2145,1,1,0.9218887
,2145,2,0,0.9967174
,2145,3,3,1.0
,2146,0,1,0.9218676
,2146,1,1,0.9218676
,2146,2,3,1.0
,2146,3,0,0.998549
,2147,0,1,0.9217612
,2147,1,1,0.9217612
,2147,2,0,0.99671596
,2147,3,2,1.0
,2148,0,1,0.9218707
,2148,1,1,0.92187077
,2148,2,3,1.0
,2148,3,0,0.9965641
,2149,0,1,0.92189
,2149,1,1,0.92189056
,2149,2,0,0.9967174
,2149,3,3,0.99999344
,2150,0,1,0.92185915
,2150,1,1,0.9218624
,2150,2,3,1.0
,2150,3,0,0.9985491
,2151,0,1,0.9217105
,2151,1,1,0.92172927
,2151,2,0,0.9985486
,2151,3,2,1.0
,2152,0,1,0.9216226
,2152,1,1,0.9217319
,2152,2,2,1.0
,2152,3,0,0.9964723
,2153,0,1,0.92122537
,2153,1,1,0.9218598
,2153,2,0,0.9965634
,2153,3,3,1.0
,2154,0,1,0.9181742
,2154,1,1,0.92185694
,2154,2,3,0.9999995
,2154,3,0,0.9985491
,2155,0,1,0.9003421
,2155,1,1,0.9217297
,2155,2,0,0.99854887
,2155,3,2,1.0
,2156,0,1,0.79769677
,2156,1,1,0.9217449
,2156,2,2,1.0
,2156,3,0,0.99844027
,2157,0,0,0.7972748
,2157,1,1,0.92200583
,2157,2,0,0.9753905
,2157,3,2,1.0
,2158,0,2,1.0
,2158,1,1,0.9237187
,2158,2,0,0.9176131
,2158,3,0,0.97473633
,2159,0,0,0.83778095
,2159,1,1,0.931692
,2159,2,2,1.0
,2159,3,0,0.9072586
,2160,0,1,0.5973936
,2160,1,1,0.93195015
,2160,2,0,0.99510324
,2160,3,2,1.0
,2161,0,0,0.83158904
,2161,1,1,0.92395365
,2161,2,2,1.0
,2161,3,0,0.97607493
,2162,0,2,1.0
,2162,1,1,0.9242464
,2162,2,0,0.9301571
,2162,3,0,0.9163869
,2163,0,0,0.98468643
,2163,1,1,0.93278754
,2163,2,1,0.7998478
,2163,3,2,1.0
,2164,0,2,1.0
,2164,1,1,0.9340646
,2164,2,1,0.9108797
,2164,3,0,0.99399257
,2165,0,0,0.9845752
,2165,1,1,0.9345006
,2165,2,1,0.91686344
,2165,3,2,1.0
,2166,0,2,1.0
,2166,1,1,0.9345645
,2166,2,1,0.8436352
,2166,3,0,0.98452294
,2167,0,1,0.61846614
,2167,1,1,0.93448883
,2167,2,0,0.6484561
,2167,3,2,1.0
,2168,0,1,0.8792576
,2168,1,1,0.93309283
,2168,2,3,1.0
,2168,3,0,0.9667276
,2169,0,1,0.8982658
,2169,1,1,0.92603046
,2169,2,0,0.99821395
,2169,3,2,1.0
,2170,0,1,0.8258899
,2170,1,1,0.93310374
,2170,2,2,1.0
,2170,3,0,0.9845942
,2171,0,0,0.73081857
,2171,1,1,0.93432313
,2171,2,0,0.6665214
,2171,3,2,1.0
,2172,0,2,1.0
,2172,1,1,0.93437403
,2172,2,1,0.6943777
,2172,3,0,0.9416187
,2173,0,0,0.6301249
,2173,1,1,0.932763
,2173,2,0,0.6438635
,2173,3,3,1.0
,2174,0,1,0.82791716
,2174,1,1,0.92431766
,2174,2,3,1.0
,2174,3,0,0.99855006
,2175,0,1,0.9078408
,2175,1,1,0.92413366
,2175,2,0,0.9973756
,2175,3,2,1.0
,2176,0,1,0.92885107
,2176,1,1,0.9314136
,2176,2,3,1.0
,2176,3,0,0.9146823
,2177,0,1,0.9248916
,2177,1,1,0.92533803
,2177,2,0,0.9982339
,2177,3,2,1.0
,2178,0,1,0.9304893
,2178,1,1,0.93063784
,2178,2,2,1.0
,2178,3,0,0.9949263
,2179,0,1,0.9232726
,2179,1,1,0.9237911
,2179,2,0,0.9984965
,2179,3,2,1.0
,2180,0,1,0.92127293
,2180,1,1,0.9242627
,2180,2,2,1.0
,2180,3,0,0.99807113
,2181,0,1,0.9154471
,2181,1,1,0.9327534
,2181,2,0,0.94222456
,2181,3,2,1.0
,2182,0,1,0.8223554
,2182,1,1,0.93250906
,2182,2,3,1.0
,2182,3,0,0.91441196
,2183,0,0,0.79240704
,2183,1,1,0.9237312
,2183,2,0,0.95099
,2183,3,2,1.0
,2184,0,2,1.0
,2184,1,1,0.9220352
,2184,2,1,0.53374827
,2184,3,0,0.99844277
,2185,0,0,0.9320553
,2185,1,1,0.921704
,2185,2,0,0.84279823
,2185,3,2,1.0
,2186,0,1,0.77445596
,2186,1,1,0.92169595
,2186,2,2,1.0
,2186,3,0,0.998441
,2187,0,1,0.89630437
,2187,1,1,0.92169684
,2187,2,0,0.99844
,2187,3,2,1.0
,2188,0,1,0.9173494
,2188,1,1,0.9217272
,2188,2,2,1.0
,2188,3,0,0.9964722
,2189,0,1,0.92111087
,2189,1,1,0.9218646
,2189,2,0,0.99656385
,2189,3,3,1.0
,2190,0,1,0.9217595
,2190,1,1,0.92188925
,2190,2,3,1.0
,2190,3,0,0.9967174
,2191,0,1,0.9218388
,2191,1,1,0.92186123
,2191,2,0,0.9985491
,2191,3,3,1.0
,2192,0,1,0.9217194
,2192,1,1,0.9217232
,2192,2,2,1.0
,2192,3,0,0.9985486
,2193,0,1,0.9216967
,2193,1,1,0.9216974
,2193,2,0,0.99844027
,2193,3,2,1.0
,2194,0,1,0.92169935
,2194,1,1,0.92169946
,2194,2,2,1.0
,2194,3,0,0.99844015
,2195,0,1,0.9217375
,2195,1,1,0.9217375
,2195,2,0,0.9964724
,2195,3,2,1.0
,2196,0,1,0.92192334
,2196,1,1,0.92192334
,2196,2,3,1.0
,2196,3,0,0.9965635
,2197,0,1,0.9222313
,2197,1,1,0.9222313
,2197,2,0,0.9985491
,2197,3,3,1.0
,2198,0,1,0.92390376
,2198,1,1,0.92390376
,2198,2,2,1.0
,2198,3,0,0.9982332
,2199,0,1,0.9323144
,2199,1,1,0.9323144
,2199,2,0,0.99372786
,2199,3,2,1.0
,2200,0,1,0.93406576
,2200,1,1,0.93406576
,2200,2,2,1.0
,2200,3,0,0.85500914
,2201,0,1,0.93251246
,2201,1,1,0.93251246
,2201,2,0,0.9892967
,2201,3,3,1.0
,2202,0,1,0.92399114
,2202,1,1,0.92399114
,2202,2,3,1.0
,2202,3,0,0.9985502
,2203,0,1,0.9221274
,2203,1,1,0.9221274
,2203,2,0,0.9967157
,2203,3,2,1.0
,2204,0,1,0.92189837
,2204,1,1,0.92189837
,2204,2,3,1.0
,2204,3,0,0.99848026
,2205,0,1,0.92173475
,2205,1,1,0.92173475
,2205,2,0,0.9985486
,2205,3,2,1.0
,2206,0,1,0.92172915
,2206,1,1,0.92172915
,2206,2,2,1.0
,2206,3,0,0.99647206
,2207,0,1,0.92183846
,2207,1,1,0.92183846
,2207,2,0,0.99848026
,2207,3,3,1.0
,2208,0,1,0.9217775
,2208,1,1,0.9217775
,2208,2,2,1.0
,2208,3,0,0.9985486
,2209,0,1,0.922045
,2209,1,1,0.922045
,2209,2,0,0.99844027
,2209,3,2,1.0
,2210,0,1,0.9237208
,2210,1,1,0.9237209
,2210,2,2,1.0
,2210,3,0,0.99807006
,2211,0,1,0.93126196
,2211,1,1,0.93126196
,2211,2,0,0.9671066
,2211,3,2,1.0
,2212,0,1,0.92545307
,2212,1,1,0.92545354
,2212,2,2,1.0
,2212,3,0,0.99728954
,2213,0,1,0.9313782
,2213,1,1,0.9313801
,2213,2,0,0.9667486
,2213,3,3,1.0
,2214,0,1,0.92403144
,2214,1,1,0.924044
,2214,2,2,0.9999578
,2214,3,0,0.99854994
,2215,0,1,0.9239566
,2215,1,1,0.924031
,2215,2,0,0.99807256
,2215,3,2,1.0
,2216,0,1,0.9306679
,2216,1,1,0.9310998
,2216,2,2,1.0
,2216,3,0,0.94237363
,2217,0,1,0.9212044
,2217,1,1,0.923964
,2217,2,0,0.9750829
,2217,3,3,0.6475632
,2218,0,1,0.90750223
,2218,1,1,0.92381823
,2218,2,0,0.880834
,2218,3,2,1.0
,2219,0,1,0.836433
,2219,1,1,0.93086374
,2219,2,3,1.0
,2219,3,0,0.9950649
,2220,0,0,0.67530674
,2220,1,1,0.9251964
,2220,2,0,0.97703093
,2220,3,2,1.0
,2221,0,3,1.0
,2221,1,1,0.9306399
,2221,2,0,0.91501707
,2221,3,0,0.81631225
,2222,0,0,0.9985502
,2222,1,1,0.9236115
,2222,2,2,0.9066895
,2222,3,1,0.7601477
,2223,0,2,1.0
,2223,1,1,0.9220472
,2223,2,0,0.99649256
,2223,3,1,0.7840218
,2224,0,0,0.93344927
,2224,1,1,0.92184705
,2224,2,3,1.0
,2224,3,0,0.6453593
,2225,0,1,0.7745387
,2225,1,1,0.9218564
,2225,2,0,0.99671715
,2225,3,3,1.0
,2226,0,1,0.8965172
,2226,1,1,0.9218852
,2226,2,3,1.0
,2226,3,0,0.9967174
,2227,0,1,0.9174871
,2227,1,1,0.9218568
,2227,2,0,0.9985491
,2227,3,3,1.0
,2228,0,1,0.9209487
,2228,1,1,0.92170244
,2228,2,2,1.0
,2228,3,0,0.9985486
,2229,0,1,0.9214476
,2229,1,1,0.92157775
,2229,2,0,0.99844027
,2229,3,2,1.0
,2230,0,1,0.9209836
,2230,1,1,0.9210062
,2230,2,2,1.0
,2230,3,0,0.99844027
,2231,0,1,0.9177146
,2231,1,1,0.91771865
,2231,2,0,0.99646765
,2231,3,2,1.0
,2232,0,1,0.89863807
,2232,1,1,0.8986389
,2232,2,3,1.0
,2232,3,0,0.94930834
,2233,0,1,0.7874291
,2233,1,1,0.7874294
,2233,2,2,1.0
,2233,3,1,0.5189426
,2234,0,3,0.528487
,2234,1,0,1.0
,2234,2,0,1.0
,2234,3,0,1.0
,2235,0,0,0.9985355
,2235,1,1,0.7633728
,2235,2,3,1.0
,2235,3,1,0.7234557
,2236,0,2,1.0
,2236,1,1,0.89438045
,2236,2,0,0.99855006
,2236,3,1,0.7733485
,2237,0,0,0.93210673
,2237,1,1,0.91696036
,2237,2,2,1.0
,2237,3,0,0.64862436
,2238,0,1,0.77468234
,2238,1,1,0.92097855
,2238,2,0,0.99847007
,2238,3,3,1.0
,2239,0,1,0.8963781
,2239,1,1,0.92160094
,2239,2,2,1.0
,2239,3,0,0.9967156
,2240,0,1,0.91746736
,2240,1,1,0.921812
,2240,2,0,0.99848
,2240,3,3,1.0
,2241,0,1,0.92099696
,2241,1,1,0.92174596
,2241,2,2,1.0
,2241,3,0,0.9967157
,2242,0,1,0.92170817
,2242,1,1,0.92183715
,2242,2,0,0.99848026
,2242,3,3,1.0
,2243,0,1,0.9217281
,2243,1,1,0.92175037
,2243,2,2,1.0
,2243,3,0,0.9967157
,2244,0,1,0.9218339
,2244,1,1,0.9218378
,2244,2,0,0.99848026
,2244,3,3,1.0
,2245,0,1,0.9217487
,2245,1,1,0.9217497
,2245,2,2,1.0
,2245,3,0,0.9967157
,2246,0,1,0.92183113
,2246,1,1,0.9218335
,2246,2,0,0.99848026
,2246,3,3,1.0
,2247,0,1,0.92171276
,2247,1,1,0.92172605
,2247,2,2,1.0
,2247,3,0,0.9985486
,2248,0,1,0.9216656
,2248,1,1,0.92174286
,2248,2,0,0.99844027
,2248,3,2,1.0
,2249,0,1,0.9215203
,2249,1,1,0.9219686
,2249,2,2,1.0
,2249,3,0,0.99844027
,2250,0,1,0.92070013
,2250,1,1,0.92329955
,2250,2,0,0.9981497
,2250,3,2,1.0
,2251,0,1,0.91423386
,2251,1,1,0.9292585
,2251,2,2,1.0
,2251,3,0,0.99424946
,2252,0,1,0.8293033
,2252,1,1,0.92339575
,2252,2,0,0.996724
,2252,3,3,1.0
,2253,0,0,0.6324533
,2253,1,1,0.9221271
,2253,2,3,1.0
,2253,3,0,0.9736334
,2254,0,3,1.0
,2254,1,1,0.9218786
,2254,2,0,0.9736329
,2254,3,0,0.85625535
,2255,0,0,0.9369834
,2255,1,1,0.92188936
,2255,2,0,0.85630125
,2255,3,3,1.0
,2256,0,1,0.77458584
,2256,1,1,0.9221315
,2256,2,3,1.0
,2256,3,0,0.99854875
,2257,0,1,0.89842874
,2257,1,1,0.92346334
,2257,2,0,0.9972929
,2257,3,2,1.0
,2258,0,1,0.92575896
,2258,1,1,0.92985576
,2258,2,3,1.0
,2258,3,0,0.9977524
,2259,0,1,0.9219628
,2259,1,1,0.92327774
,2259,2,0,0.99854934
,2259,3,2,1.0
,2260,0,1,0.9182149
,2260,1,1,0.9220029
,2260,2,2,1.0
,2260,3,0,0.99647474
,2261,0,1,0.9005805
,2261,1,1,0.9219088
,2261,2,0,0.9965629
,2261,3,3,1.0
,2262,0,1,0.79814106
,2262,1,1,0.92188364
,2262,2,3,1.0
,2262,3,0,0.9967149
,2263,0,0,0.7967774
,2263,1,1,0.9218257
,2263,2,0,0.9509791
,2263,3,3,1.0
,2264,0,2,1.0
,2264,1,1,0.9217053
,2264,2,1,0.53374636
,2264,3,0,0.9985502
,2265,0,0,0.9351612
,2265,1,1,0.92164737
,2265,2,0,0.84280026
,2265,3,2,1.0
,2266,0,1,0.7248778
,2266,1,1,0.92168576
,2266,2,2,1.0
,2266,3,0,0.99844086
,2267,0,1,0.74334776
,2267,1,1,0.92169803
,2267,2,0,0.9964619
,2267,3,2,1.0
,2268,0,0,0.8063418
,2268,1,1,0.9217513
,2268,2,3,1.0
,2268,3,0,0.9339092
,2269,0,2,1.0
,2269,1,1,0.92170674
,2269,2,0,0.9985486
,2269,3,1,0.76537395
,2270,0,0,0.99844
,2270,1,1,0.9216937
,2270,2,2,1.0
,2270,3,1,0.8689266
,2271,0,2,1.0
,2271,1,1,0.9217014
,2271,2,0,0.99646264
,2271,3,1,0.78801477
,2272,0,0,0.93336326
,2272,1,1,0.92175835
,2272,2,3,1.0
,2272,3,0,0.79860324
,2273,0,1,0.77429116
,2273,1,1,0.9217444
,2273,2,0,0.9967157
,2273,3,2,1.0
,2274,0,1,0.89636695
,2274,1,1,0.9218619
,2274,2,3,1.0
,2274,3,0,0.9965629
,2275,0,1,0.9169741
,2275,1,1,0.92186135
,2275,2,0,0.9985491
,2275,3,3,1.0
,2276,0,1,0.9181305
,2276,1,1,0.9217532
,2276,2,2,1.0
,2276,3,0,0.9967156
,2277,0,1,0.90518254
,2277,1,1,0.9218308
,2277,2,0,0.99848026
,2277,3,3,1.0
,2278,0,1,0.8259002
,2278,1,1,0.92171115
,2278,2,2,1.0
,2278,3,0,0.9985496
,2279,0,0,0.6337452
,2279,1,1,0.9216808
,2279,2,0,0.9715519
,2279,3,2,1.0
,2280,0,3,1.0
,2280,1,1,0.92176783
,2280,2,0,0.8557143
,2280,3,0,0.97201574
,2281,0,0,0.93702495
,2281,1,1,0.9218168
,2281,2,3,1.0
,2281,3,0,0.85585123
,2282,0,1,0.7738681
,2282,1,1,0.92181367
,2282,2,0,0.99854887
,2282,3,3,1.0
,2283,0,1,0.89622045
,2283,1,1,0.9216394
,2283,2,2,1.0
,2283,3,0,0.9967156
,2284,0,1,0.9173554
,2284,1,1,0.92120486
,2284,2,0,0.99848
,2284,3,3,1.0
,2285,0,1,0.9205026
,2285,1,1,0.91807777
,2285,2,2,1.0
,2285,3,0,0.99671584
,2286,0,1,0.9188847
,2286,1,1,0.900538
,2286,2,0,0.9965624
,2286,3,3,1.0
,2287,0,1,0.90532327
,2287,1,1,0.7980482
,2287,2,3,1.0
,2287,3,0,0.9985498
,2288,0,1,0.82590073
,2288,1,0,0.79721636
,2288,2,0,0.9509687
,2288,3,2,1.0
,2289,0,0,0.6337481
,2289,1,2,1.0
,2289,2,1,0.53363997
,2289,3,0,0.9470977
,2290,0,3,0.9991154
,2290,1,0,0.932948
,2290,2,0,0.842745
,2290,3,1,0.5350464
,2291,0,0,0.9370169
,2291,1,1,0.7742686
,2291,2,2,1.0
,2291,3,0,0.842517
,2292,0,1,0.77367264
,2292,1,1,0.89630586
,2292,2,0,0.9964736
,2292,3,2,1.0
,2293,0,1,0.8963312
,2293,1,1,0.9174547
,2293,2,3,1.0
,2293,3,0,0.9984798
,2294,0,1,0.9173586
,2294,1,1,0.9210002
,2294,2,0,0.99671596
,2294,3,2,1.0
,2295,0,1,0.9211126
,2295,1,1,0.9217397
,2295,2,3,1.0
,2295,3,0,0.99656445
,2296,0,1,0.9217599
,2296,1,1,0.9218679
,2296,2,0,0.9967174
,2296,3,3,0.9997834
,2297,0,1,0.9218399
,2297,1,1,0.9218585
,2297,2,3,1.0
,2297,3,0,0.9985491
,2298,0,1,0.9217254
,2298,1,1,0.9217286
,2298,2,0,0.9985486
,2298,3,2,1.0
,2299,0,1,0.92173123
,2299,1,1,0.92173177
,2299,2,2,1.0
,2299,3,0,0.9964723
,2300,0,1,0.92185944
,2300,1,1,0.92185956
,2300,2,0,0.9965634
,2300,3,3,1.0
,2301,0,1,0.92185575
,2301,1,1,0.92185575
,2301,2,3,1.0
,2301,3,0,0.9985491
,2302,0,1,0.9217221
,2302,1,1,0.9217221
,2302,2,0,0.9985486
,2302,3,2,1.0
,2303,0,1,0.9216966
,2303,1,1,0.9216967
,2303,2,2,1.0
,2303,3,0,0.99844027
,2304,0,1,0.92169595
,2304,1,1,0.9216965
,2304,2,0,0.99844027
,2304,3,2,1.0
,2305,0,1,0.9217177
,2305,1,1,0.9217209
,2305,2,2,1.0
,2305,3,0,0.99647206
,2306,0,1,0.921809
,2306,1,1,0.9218278
,2306,2,0,0.99848026
,2306,3,3,1.0
,2307,0,1,0.9216128
,2307,1,1,0.92172223
,2307,2,2,1.0
,2307,3,0,0.9985486
,2308,0,1,0.92109007
,2308,1,1,0.9217251
,2308,2,0,0.9964722
,2308,3,2,1.0
,2309,0,1,0.91814494
,2309,1,1,0.9218271
,2309,2,3,1.0
,2309,3,0,0.99848014
,2310,0,1,0.9003363
,2310,1,1,0.9217142
,2310,2,0,0.99854887
,2310,3,2,1.0
,2311,0,1,0.7976968
,2311,1,1,0.92168224
,2311,2,2,1.0
,2311,3,0,0.99844027
,2312,0,0,0.7972635
,2312,1,1,0.9216484
,2312,2,0,0.9715232
,2312,3,2,1.0
,2313,0,2,1.0
,2313,1,1,0.92165333
,2313,2,0,0.85572004
,2313,3,0,0.97157186
,2314,0,0,0.93323
,2314,1,1,0.9216519
,2314,2,3,1.0
,2314,3,0,0.8557935
,2315,0,1,0.7745167
,2315,1,1,0.9211866
,2315,2,0,0.99854887
,2315,3,3,1.0
,2316,0,1,0.8963257
,2316,1,1,0.9180634
,2316,2,2,1.0
,2316,3,0,0.9967156
,2317,0,1,0.91734236
,2317,1,1,0.90047854
,2317,2,0,0.99848
,2317,3,3,1.0
,2318,0,1,0.92033243
,2318,1,1,0.79774827
,2318,2,2,1.0
,2318,3,0,0.9985497
,2319,0,1,0.9179643
,2319,1,0,0.7972497
,2319,2,0,0.9715213
,2319,3,2,1.0
,2320,0,1,0.901034
,2320,1,2,1.0
,2320,2,0,0.8556904
,2320,3,0,0.9762569
,2321,0,1,0.8022767
,2321,1,0,0.93572986
,2321,2,3,1.0
,2321,3,0,0.9308912
,2322,0,0,0.771097
,2322,1,1,0.7321641
,2322,2,0,0.9768222
,2322,3,2,1.0
,2323,0,2,1.0
,2323,1,1,0.7649379
,2323,2,0,0.91160077
,2323,3,0,0.8761929
,2324,0,0,0.964221
,2324,1,0,0.784462
,2324,2,2,1.0
,2324,3,1,0.8012263
,2325,0,0,0.92872083
,2325,1,2,1.0
,2325,2,0,0.94571704
,2325,3,1,0.9002894
,2326,0,2,1.0
,2326,1,0,0.99844086
,2326,2,1,0.5799862
,2326,3,1,0.91428757
,2327,0,0,0.93216115
,2327,1,2,1.0
,2327,2,0,0.70241743
,2327,3,1,0.89952815
,2328,0,1,0.77358
,2328,1,0,0.99846995
,2328,2,3,1.0
,2328,3,1,0.79765797
,2329,0,1,0.8929953
,2329,1,2,1.0
,2329,2,0,0.9772944
,2329,3,0,0.79728836
,2330,0,1,0.9016483
,2330,1,0,0.93112576
,2330,2,0,0.9194417
,2330,3,2,1.0
,2331,0,1,0.83254725
,2331,1,1,0.78519535
,2331,2,2,1.0
,2331,3,0,0.9974247
,2332,0,0,0.67322403
,2332,1,1,0.87801003
,2332,2,0,0.93228227
,2332,3,2,1.0
,2333,0,3,1.0
,2333,1,1,0.81275827
,2333,2,1,0.79365265
,2333,3,0,0.99769706
,2334,0,0,0.94900304
,2334,1,0,0.7658206
,2334,2,1,0.9019434
,2334,3,2,1.0
,2335,0,1,0.56415
,2335,1,2,1.0
,2335,2,1,0.927142
,2335,3,0,0.9969303
,2336,0,0,0.82221043
,2336,1,0,0.8975278
,2336,2,1,0.92948073
,2336,3,2,1.0
,2337,0,2,1.0
,2337,1,1,0.78089046
,2337,2,1,0.91986287
,2337,3,0,0.99659145
,2338,0,0,0.9984816
,2338,1,1,0.89762753
,2338,2,1,0.9016935
,2338,3,3,1.0
,2339,0,2,1.0
,2339,1,1,0.9178123
,2339,2,1,0.802919
,2339,3,0,0.99855006
,2340,0,0,0.93064034
,2340,1,1,0.9225611
,2340,2,0,0.76785165
,2340,3,2,1.0
,2341,0,1,0.7922434
,2341,1,1,0.9291905
,2341,2,2,1.0
,2341,3,0,0.9943096
,2342,0,1,0.8998712
,2342,1,1,0.9234011
,2342,2,0,0.9967314
,2342,3,3,1.0
,2343,0,1,0.91810864
,2343,1,1,0.9221768
,2343,2,3,1.0
,2343,3,0,0.9967179
,2344,0,1,0.92119694
,2344,1,1,0.92199385
,2344,2,0,0.9967174
,2344,3,3,1.0
,2345,0,1,0.92147505
,2345,1,1,0.9221716
,2345,2,3,1.0
,2345,3,0,0.99854887
,2346,0,1,0.92010427
,2346,1,1,0.92347115
,2346,2,0,0.99729264
,2346,3,2,1.0
,2347,0,1,0.9105109
,2347,1,1,0.92985666
,2347,2,3,1.0
,2347,3,0,0.99775183
,2348,0,1,0.80128545
,2348,1,1,0.9232871
,2348,2,0,0.9967138
,2348,3,2,1.0
,2349,0,0,0.7963272
,2349,1,1,0.9220551
,2349,2,3,1.0
,2349,3,0,0.9767627
,2350,0,2,1.0
,2350,1,1,0.92178345
,2350,2,0,0.9779794
,2350,3,0,0.9310516
,2351,0,0,0.93178076
,2351,1,1,0.9219686
,2351,2,0,0.9312249
,2351,3,2,1.0
,2352,0,1,0.77906597
,2352,1,1,0.92352146
,2352,2,2,1.0
,2352,3,0,0.9981473
,2353,0,1,0.9081639
,2353,1,1,0.9305723
,2353,2,0,0.9953317
,2353,3,2,1.0
,2354,0,1,0.9281438
,2354,1,1,0.9294453
,2354,2,3,1.0
,2354,3,0,0.99796146
,2355,0,1,0.9246671
,2355,1,1,0.91045916
,2355,2,0,0.9972943
,2355,3,2,1.0
,2356,0,1,0.9300521
,2356,1,1,0.84291714
,2356,2,3,1.0
,2356,3,0,0.9977534
,2357,0,1,0.92334867
,2357,1,0,0.6286479
,2357,2,0,0.9490473
,2357,3,2,1.0
,2358,0,1,0.92235667
,2358,1,3,1.0
,2358,2,1,0.5670788
,2358,3,0,0.99847007
,2359,0,1,0.9234631
,2359,1,0,0.93559337
,2359,2,0,0.7409924
,2359,3,2,1.0
,2360,0,1,0.9297681
,2360,1,1,0.7925005
,2360,2,3,1.0
,2360,3,0,0.9977058
,2361,0,1,0.9233001
,2361,1,1,0.89967453
,2361,2,0,0.9967181
,2361,3,2,1.0
,2362,0,1,0.9221869
,2362,1,1,0.9181208
,2362,2,3,1.0
,2362,3,0,0.9965674
,2363,0,1,0.92221206
,2363,1,1,0.9215138
,2363,2,0,0.99854887
,2363,3,3,1.0
,2364,0,1,0.92352134
,2364,1,1,0.923403
,2364,2,2,1.0
,2364,3,0,0.9972929
,2365,0,1,0.93011445
,2365,1,1,0.93009555
,2365,2,0,0.9977528
,2365,3,3,1.0
,2366,0,1,0.92489123
,2366,1,1,0.9248881
,2366,2,2,1.0
,2366,3,0,0.9982782
,2367,0,1,0.92973685
,2367,1,1,0.9297363
,2367,2,0,0.9974405
,2367,3,2,1.0
,2368,0,1,0.92481893
,2368,1,1,0.9248188
,2368,2,2,1.0
,2368,3,0,0.99820703
,2369,0,1,0.92976135
,2369,1,1,0.92976135
,2369,2,0,0.9974398
,2369,3,2,1.0
,2370,0,1,0.92505646
,2370,1,1,0.92505646
,2370,2,2,1.0
,2370,3,0,0.99820536
,2371,0,1,0.9311501
,2371,1,1,0.9311501
,2371,2,0,0.99535
,2371,3,2,1.0
,2372,0,1,0.93152755
,2372,1,1,0.93152755
,2372,2,3,1.0
,2372,3,0,0.99796253
,2373,0,1,0.9235842
,2373,1,1,0.9235842
,2373,2,0,0.99854934
,2373,3,2,1.0
,2374,0,1,0.9221048
,2374,1,1,0.9221048
,2374,2,2,1.0
,2374,3,0,0.99647474
,2375,0,1,0.9222105
,2375,1,1,0.9222105
,2375,2,0,0.99848026
,2375,3,3,1.0
,2376,0,1,0.9236258
,2376,1,1,0.9236258
,2376,2,2,1.0
,2376,3,0,0.9982758
,2377,0,1,0.9309262
,2377,1,1,0.9309262
,2377,2,0,0.9953367
,2377,3,2,1.0
,2378,0,1,0.9315833
,2378,1,1,0.9315833
,2378,2,3,1.0
,2378,3,0,0.9954445
,2379,0,1,0.9241213
,2379,1,1,0.9241213
,2379,2,0,0.99855006
,2379,3,3,1.0
,2380,0,1,0.92395425
,2380,1,1,0.92395425
,2380,2,2,1.0
,2380,3,0,0.9982758
,2381,0,1,0.93097216
,2381,1,1,0.93097216
,2381,2,0,0.9953372
,2381,3,2,1.0
,2382,0,1,0.9315505
,2382,1,1,0.9315505
,2382,2,3,1.0
,2382,3,0,0.9954445
,2383,0,1,0.92385894
,2383,1,1,0.92385894
,2383,2,0,0.9985503
,2383,3,3,1.0
,2384,0,1,0.92239326
,2384,1,1,0.92239326
,2384,2,2,1.0
,2384,3,0,0.9985486
,2385,0,1,0.9236714
,2385,1,1,0.9236714
,2385,2,0,0.99814945
,2385,3,2,1.0
,2386,0,1,0.9310515
,2386,1,1,0.9310515
,2386,2,2,1.0
,2386,3,0,0.9969168
,2387,0,1,0.9326996
,2387,1,1,0.9326996
,2387,2,0,0.9959385
,2387,3,2,1.0
,2388,0,1,0.9318241
,2388,1,1,0.9318242
,2388,2,3,1.0
,2388,3,0,0.99798024
,2389,0,1,0.92370445
,2389,1,1,0.92370445
,2389,2,0,0.9967181
,2389,3,2,1.0
,2390,0,1,0.9224685
,2390,1,1,0.92246836
,2390,2,3,1.0
,2390,3,0,0.9984819
,2391,0,1,0.9235321
,2391,1,1,0.9235321
,2391,2,0,0.9972929
,2391,3,2,1.0
,2392,0,1,0.9299263
,2392,1,1,0.9299263
,2392,2,3,1.0
,2392,3,0,0.9949758
,2393,0,1,0.9235949
,2393,1,1,0.9235949
,2393,2,0,0.9967209
,2393,3,3,1.0
,2394,0,1,0.9224557
,2394,1,1,0.92245585
,2394,2,3,1.0
,2394,3,0,0.99854887
,2395,0,1,0.9235209
,2395,1,1,0.9235209
,2395,2,0,0.9972929
,2395,3,2,1.0
,2396,0,1,0.92987174
,2396,1,1,0.92987174
,2396,2,3,1.0
,2396,3,0,0.99775267
,2397,0,1,0.92331636
,2397,1,1,0.92331636
,2397,2,0,0.9967179
,2397,3,2,1.0
,2398,0,1,0.9221624
,2398,1,1,0.9221623
,2398,2,3,1.0
,2398,3,0,0.99848205
,2399,0,1,0.9220924
,2399,1,1,0.9220924
,2399,2,0,0.9985486
,2399,3,2,1.0
,2400,0,1,0.92360115
,2400,1,1,0.92360115
,2400,2,2,1.0
,2400,3,0,0.99814767
,2401,0,1,0.9309145
,2401,1,1,0.9309145
,2401,2,0,0.9953367
,2401,3,2,1.0
,2402,0,1,0.9315339
,2402,1,1,0.9315339
,2402,2,3,1.0
,2402,3,0,0.9954445
,2403,0,1,0.92380756
,2403,1,1,0.92380756
,2403,2,0,0.99855006
,2403,3,3,1.0
,2404,0,1,0.92209643
,2404,1,1,0.92209643
,2404,2,2,1.0
,2404,3,0,0.9967157
,2405,0,1,0.9218985
,2405,1,1,0.9218985
,2405,2,0,0.99848026
,2405,3,3,1.0
,2406,0,1,0.9217656
,2406,1,1,0.9217656
,2406,2,2,1.0
,2406,3,0,0.99671584
,2407,0,1,0.9218665
,2407,1,1,0.9218665
,2407,2,0,0.9965636
,2407,3,3,1.0
,2408,0,1,0.9218624
,2408,1,1,0.9218624
,2408,2,3,1.0
,2408,3,0,0.998549
,2409,0,1,0.9217539
,2409,1,1,0.9217539
,2409,2,0,0.9967157
,2409,3,2,1.0
,2410,0,1,0.9218331
,2410,1,1,0.9218331
,2410,2,3,1.0
,2410,3,0,0.99848026
,2411,0,1,0.92171913
,2411,1,1,0.921719
,2411,2,0,0.9985486
,2411,3,2,1.0
,2412,0,1,0.92170155
,2412,1,1,0.92170155
,2412,2,2,1.0
,2412,3,0,0.99844027
,2413,0,1,0.92172813
,2413,1,1,0.92172813
,2413,2,0,0.9964724
,2413,3,2,1.0
,2414,0,1,0.92186487
,2414,1,1,0.92186487
,2414,2,3,1.0
,2414,3,0,0.996564
,2415,0,1,0.9218895
,2415,1,1,0.9218895
,2415,2,0,0.9967174
,2415,3,3,1.0
,2416,0,1,0.92186224
,2416,1,1,0.92186224
,2416,2,3,1.0
,2416,3,0,0.9985491
,2417,0,1,0.92172927
,2417,1,1,0.92172927
,2417,2,0,0.9985486
,2417,3,2,1.0
,2418,0,1,0.9217321
,2418,1,1,0.9217321
,2418,2,2,1.0
,2418,3,0,0.9964723
,2419,0,1,0.9218606
,2419,1,1,0.9218606
,2419,2,0,0.9965634
,2419,3,3,1.0
,2420,0,1,0.92186147
,2420,1,1,0.92186147
,2420,2,3,1.0
,2420,3,0,0.998549
,2421,0,1,0.92175364
,2421,1,1,0.92175364
,2421,2,0,0.9967157
,2421,3,2,1.0
,2422,0,1,0.92183286
,2422,1,1,0.92183286
,2422,2,3,1.0
,2422,3,0,0.99848026
,2423,0,1,0.92171806
,2423,1,1,0.92171806
,2423,2,0,0.9985486
,2423,3,2,1.0
,2424,0,1,0.9216953
,2424,1,1,0.9216953
,2424,2,2,1.0
,2424,3,0,0.99844027
,2425,0,1,0.92169267
,2425,1,1,0.92169255
,2425,2,0,0.99844027
,2425,3,2,1.0
,2426,0,1,0.92169935
,2426,1,1,0.92169935
,2426,2,2,1.0
,2426,3,0,0.99844027
,2427,0,1,0.9217423
,2427,1,1,0.9217423
,2427,2,0,0.99844027
,2427,3,2,1.0
,2428,0,1,0.921992
,2428,1,1,0.921992
,2428,2,2,1.0
,2428,3,0,0.99844
,2429,0,1,0.9234367
,2429,1,1,0.9234367
,2429,2,0,0.9970955
,2429,3,2,1.0
,2430,0,1,0.9298518
,2430,1,1,0.9298518
,2430,2,3,1.0
,2430,3,0,0.99775255
,2431,0,1,0.92327756
,2431,1,1,0.92327756
,2431,2,0,0.99854934
,2431,3,2,1.0
,2432,0,1,0.92200583
,2432,1,1,0.92200583
,2432,2,2,1.0
,2432,3,0,0.9964746
,2433,0,1,0.92192703
,2433,1,1,0.92192703
,2433,2,0,0.99848026
,2433,3,3,1.0
,2434,0,1,0.9220296
,2434,1,1,0.9220296
,2434,2,2,1.0
,2434,3,0,0.9985484
,2435,0,1,0.92345935
,2435,1,1,0.92345935
,2435,2,0,0.99709576
,2435,3,2,1.0
,2436,0,1,0.9299487
,2436,1,1,0.9299487
,2436,2,3,1.0
,2436,3,0,0.99497396
,2437,0,1,0.92382085
,2437,1,1,0.923821
,2437,2,0,0.99855006
,2437,3,3,1.0
,2438,0,1,0.92387813
,2438,1,1,0.92387813
,2438,2,2,1.0
,2438,3,0,0.99827784
,2439,0,1,0.93083096
,2439,1,1,0.93083096
,2439,2,0,0.9969168
,2439,3,2,1.0
,2440,0,1,0.931112
,2440,1,1,0.931112
,2440,2,2,1.0
,2440,3,0,0.99500823
,2441,0,1,0.9237473
,2441,1,1,0.9237473
,2441,2,0,0.99674636
,2441,3,3,1.0
,2442,0,1,0.9221956
,2442,1,1,0.9221955
,2442,2,3,1.0
,2442,3,0,0.9985491
,2443,0,1,0.92181164
,2443,1,1,0.92181164
,2443,2,0,0.9967157
,2443,3,2,1.0
,2444,0,1,0.92184365
,2444,1,1,0.92184365
,2444,2,3,1.0
,2444,3,0,0.99848026
,2445,0,1,0.921725
,2445,1,1,0.921725
,2445,2,0,0.9985486
,2445,3,2,1.0
,2446,0,1,0.92172575
,2446,1,1,0.92172575
,2446,2,2,1.0
,2446,3,0,0.99647206
,2447,0,1,0.9218279
,2447,1,1,0.9218279
,2447,2,0,0.99848026
,2447,3,3,1.0
,2448,0,1,0.92171806
,2448,1,1,0.92171806
,2448,2,2,1.0
,2448,3,0,0.9985486
,2449,0,1,0.92170024
,2449,1,1,0.92170024
,2449,2,0,0.99844027
,2449,3,2,1.0
,2450,0,1,0.9217216
,2450,1,1,0.9217216
,2450,2,2,1.0
,2450,3,0,0.99647206
,2451,0,1,0.92182803
,2451,1,1,0.92182803
,2451,2,0,0.99848026
,2451,3,3,1.0
,2452,0,1,0.9217225
,2452,1,1,0.9217225
,2452,2,2,1.0
,2452,3,0,0.9985486
,2453,0,1,0.9217263
,2453,1,1,0.9217263
,2453,2,0,0.9964722
,2453,3,2,1.0
,2454,0,1,0.9218335
,2454,1,1,0.9218335
,2454,2,3,1.0
,2454,3,0,0.99848014
,2455,0,1,0.9217499
,2455,1,1,0.9217499
,2455,2,0,0.9967157
,2455,3,2,1.0
,2456,0,1,0.92183894
,2456,1,1,0.92183894
,2456,2,3,1.0
,2456,3,0,0.99848014
,2457,0,1,0.92175686
,2457,1,1,0.92175686
,2457,2,0,0.99671596
,2457,3,2,1.0
,2458,0,1,0.9218736
,2458,1,1,0.9218736
,2458,2,3,1.0
,2458,3,0,0.9965636
,2459,0,1,0.92191344
,2459,1,1,0.92191344
,2459,2,0,0.9985491
,2459,3,3,0.99999845
,2460,0,1,0.9220529
,2460,1,1,0.9220529
,2460,2,2,1.0
,2460,3,0,0.9985486
,2461,0,1,0.9236141
,2461,1,1,0.9236141
,2461,2,0,0.99814945
,2461,3,2,1.0
,2462,0,1,0.9310445
,2462,1,1,0.9310444
,2462,2,2,1.0
,2462,3,0,0.9969168
,2463,0,1,0.93271136
,2463,1,1,0.93271106
,2463,2,0,0.9959387
,2463,3,2,1.0
,2464,0,1,0.93190694
,2464,1,1,0.93190473
,2464,2,3,1.0
,2464,3,0,0.99548525
,2465,0,1,0.9241782
,2465,1,1,0.9241639
,2465,2,0,0.99855006
,2465,3,3,1.0
,2466,0,1,0.9239636
,2466,1,1,0.92387855
,2466,2,2,1.0
,2466,3,0,0.9982758
,2467,0,1,0.9309717
,2467,1,1,0.93047875
,2467,2,0,0.9953367
,2467,3,2,1.0
,2468,0,1,0.93154085
,2468,1,1,0.92846096
,2468,2,3,1.0
,2468,3,0,0.9979622
,2469,0,1,0.92386115
,2469,1,1,0.90407103
,2469,2,0,0.9985496
,2469,3,2,1.0
,2470,0,1,0.923779
,2470,1,1,0.80690163
,2470,2,2,1.0
,2470,3,0,0.9981668
,2471,0,1,0.93038356
,2471,1,0,0.7474032
,2471,2,0,0.9574904
,2471,3,2,1.0
,2472,0,1,0.9309615
,2472,1,2,1.0
,2472,2,0,0.919939
,2472,3,0,0.95973
,2473,0,1,0.9250076
,2473,1,0,0.97153544
,2473,2,2,1.0
,2473,3,0,0.8738695
,2474,0,1,0.9298254
,2474,1,0,0.842949
,2474,2,0,0.9641643
,2474,3,3,0.9990838
,2475,0,1,0.92339665
,2475,1,3,1.0
,2475,2,0,0.9285412
,2475,3,0,0.97799903
,2476,0,1,0.92198575
,2476,1,0,0.93701494
,2476,2,2,1.0
,2476,3,0,0.9311985
,2477,0,1,0.9218215
,2477,1,1,0.7737913
,2477,2,0,0.99647146
,2477,3,2,1.0
,2478,0,1,0.92214394
,2478,1,1,0.89672095
,2478,2,3,1.0
,2478,3,0,0.99847966
,2479,0,1,0.9235139
,2479,1,1,0.91920596
,2479,2,0,0.9972929
,2479,3,2,1.0
,2480,0,1,0.9301383
,2480,1,1,0.9294526
,2480,2,3,1.0
,2480,3,0,0.9977524
,2481,0,1,0.92504483
,2481,1,1,0.92492884
,2481,2,0,0.99729496
,2481,3,2,1.0
,2482,0,1,0.93040144
,2482,1,1,0.930383
,2482,2,3,1.0
,2482,3,0,0.9977579
,2483,0,1,0.9251548
,2483,1,1,0.9251517
,2483,2,0,0.9982782
,2483,3,2,1.0
,2484,0,1,0.9310393
,2484,1,1,0.93103874
,2484,2,2,1.0
,2484,3,0,0.99692625
,2485,0,1,0.93110096
,2485,1,1,0.9311009
,2485,2,0,0.99776804
,2485,3,2,1.0
,2486,0,1,0.9235178
,2486,1,1,0.9235178
,2486,2,2,1.0
,2486,3,0,0.9965937
,2487,0,1,0.92214787
,2487,1,1,0.92214787
,2487,2,0,0.9984819
,2487,3,3,1.0
,2488,0,1,0.92180353
,2488,1,1,0.92180353
,2488,2,2,1.0
,2488,3,0,0.9967157
,2489,0,1,0.92184377
,2489,1,1,0.92184377
,2489,2,0,0.99848026
,2489,3,3,1.0
,2490,0,1,0.92173374
,2490,1,1,0.92173374
,2490,2,2,1.0
,2490,3,0,0.9985486
,2491,0,1,0.9217777
,2491,1,1,0.9217776
,2491,2,0,0.9964722
,2491,3,2,1.0
,2492,0,1,0.9221295
,2492,1,1,0.9221291
,2492,2,3,1.0
,2492,3,0,0.99848
,2493,0,1,0.9234651
,2493,1,1,0.92346215
,2493,2,0,0.9972929
,2493,3,2,1.0
,2494,0,1,0.9298614
,2494,1,1,0.9298445
,2494,2,3,1.0
,2494,3,0,0.99775267
,2495,0,1,0.92330647
,2495,1,1,0.9231993
,2495,2,0,0.9967179
,2495,3,2,1.0
,2496,0,1,0.92211246
,2496,1,1,0.9214816
,2496,2,3,1.0
,2496,3,0,0.9984819
,2497,0,1,0.92180276
,2497,1,1,0.91812986
,2497,2,0,0.9967157
,2497,3,2,1.0
,2498,0,1,0.9218745
,2498,1,1,0.90056336
,2498,2,3,1.0
,2498,3,0,0.9965629
,2499,0,1,0.9218779
,2499,1,1,0.7981364
,2499,2,0,0.9967148
,2499,3,3,1.0
,2500,0,1,0.9218257
,2500,1,0,0.7967744
,2500,2,3,1.0
,2500,3,0,0.9483367
,2501,0,1,0.9217109
,2501,1,2,1.0
,2501,2,0,0.99855006
,2501,3,1,0.57923883
,2502,0,1,0.92167354
,2502,1,0,0.9321948
,2502,2,2,1.0
,2502,3,0,0.7026472
,2503,0,1,0.9217876
,2503,1,1,0.7731433
,2503,2,0,0.9984708
,2503,3,3,1.0
,2504,0,1,0.9217104
,2504,1,1,0.89160866
,2504,2,2,1.0
,2504,3,0,0.9985486
,2505,0,1,0.921703
,2505,1,1,0.8949374
,2505,2,0,0.9964712
,2505,3,2,1.0
,2506,0,1,0.9217121
,2506,1,1,0.7963301
,2506,2,3,1.0
,2506,3,0,0.9984792
,2507,0,1,0.9210855
,2507,1,0,0.7973536
,2507,2,0,0.93702585
,2507,3,2,1.0
,2508,0,1,0.9181567
,2508,1,2,1.0
,2508,2,1,0.7735866
,2508,3,0,0.9984416
,2509,0,1,0.90117204
,2509,1,0,0.99844
,2509,2,1,0.8961066
,2509,3,2,1.0
,2510,0,1,0.80272317
,2510,1,2,1.0
,2510,2,1,0.9170886
,2510,3,0,0.9984405
,2511,0,0,0.76806194
,2511,1,0,0.94525504
,2511,2,1,0.9198688
,2511,3,2,1.0
,2512,0,2,1.0
,2512,1,1,0.56052405
,2512,2,1,0.9139777
,2512,3,0,0.9974391
,2513,0,0,0.93365806
,2513,1,0,0.8380183
,2513,2,1,0.82861555
,2513,3,2,1.0
,2514,0,1,0.77321696
,2514,1,2,1.0
,2514,2,0,0.6328451
,2514,3,0,0.97626376
,2515,0,1,0.8934226
,2515,1,0,0.93276155
,2515,2,3,1.0
,2515,3,0,0.93085885
,2516,0,1,0.9037716
,2516,1,1,0.7788592
,2516,2,0,0.9982775
,2516,3,2,1.0
,2517,0,1,0.8440672
,2517,1,1,0.90801334
,2517,2,2,1.0
,2517,3,0,0.99527776
,2518,0,0,0.6021381
,2518,1,1,0.92777073
,2518,2,0,0.9684587
,2518,3,3,1.0
,2519,0,3,1.0
,2519,1,1,0.923353
,2519,2,0,0.92928535
,2519,3,0,0.9773073
,2520,0,0,0.93543386
,2520,1,1,0.9238102
,2520,2,2,1.0
,2520,3,0,0.91928256
,2521,0,1,0.79558015
,2521,1,1,0.93098855
,2521,2,0,0.99534076
,2521,3,2,1.0
,2522,0,1,0.9103301
,2522,1,1,0.9317755
,2522,2,3,1.0
,2522,3,0,0.99796146
,2523,0,1,0.9217732
,2523,1,1,0.92539805
,2523,2,0,0.9982782
,2523,3,2,1.0
,2524,0,1,0.930513
,2524,1,1,0.9310852
,2524,2,2,1.0
,2524,3,0,0.99692684
,2525,0,1,0.93105805
,2525,1,1,0.9311493
,2525,2,0,0.9950088
,2525,3,2,1.0
,2526,0,1,0.9237108
,2526,1,1,0.9237266
,2526,2,3,1.0
,2526,3,0,0.99856013
,2527,0,1,0.9220848
,2527,1,1,0.92208755
,2527,2,0,0.9967157
,2527,3,2,1.0
,2528,0,1,0.9219278
,2528,1,1,0.9219283
,2528,2,3,1.0
,2528,3,0,0.9984804
,2529,0,1,0.921954
,2529,1,1,0.9219541
,2529,2,0,0.99855006
,2529,3,2,1.0
,2530,0,1,0.9230252
,2530,1,1,0.9230253
,2530,2,2,1.0
,2530,3,0,0.9750551
,2531,0,1,0.9284943
,2531,1,1,0.9284943
,2531,2,3,1.0
,2531,3,0,0.91321534
,2532,0,1,0.9318643
,2532,1,1,0.9318643
,2532,2,0,0.9875116
,2532,3,2,1.0
,2533,0,1,0.93125796
,2533,1,1,0.93125796
,2533,2,2,1.0
,2533,3,0,0.997783
,2534,0,1,0.9235151
,2534,1,1,0.9235151
,2534,2,0,0.9984936
,2534,3,2,1.0
,2535,0,1,0.922015
,2535,1,1,0.922015
,2535,2,2,1.0
,2535,3,0,0.99844134
,2536,0,1,0.92178214
,2536,1,1,0.9217822
,2536,2,0,0.9964724
,2536,3,2,1.0
,2537,0,1,0.92187375
,2537,1,1,0.9218742
,2537,2,3,1.0
,2537,3,0,0.996564
,2538,0,1,0.9218886
,2538,1,1,0.92189103
,2538,2,0,0.9967174
,2538,3,3,1.0
,2539,0,1,0.9218478
,2539,1,1,0.92186177
,2539,2,3,1.0
,2539,3,0,0.9985491
,2540,0,1,0.921644
,2540,1,1,0.9217252
,2540,2,0,0.9985486
,2540,3,2,1.0
,2541,0,1,0.9212371
,2541,1,1,0.9217084
,2541,2,2,1.0
,2541,3,0,0.99647206
,2542,0,1,0.9189915
,2542,1,1,0.92172396
,2542,2,0,0.99848
,2542,3,3,1.0
,2543,0,1,0.90524876
,2543,1,1,0.921113
,2543,2,2,1.0
,2543,3,0,0.99671537
,2544,0,1,0.826143
,2544,1,1,0.9181488
,2544,2,0,0.99847955
,2544,3,3,1.0
,2545,0,0,0.6338155
,2545,1,1,0.90036315
,2545,2,2,1.0
,2545,3,0,0.93752676
,2546,0,3,1.0
,2546,1,1,0.7979366
,2546,2,0,0.99846935
,2546,3,1,0.76492363
,2547,0,0,0.93702674
,2547,1,0,0.79709494
,2547,2,2,1.0
,2547,3,1,0.8687999
,2548,0,1,0.7735688
,2548,1,2,1.0
,2548,2,0,0.99844193
,2548,3,1,0.78794044
,2549,0,1,0.8960946
,2549,1,0,0.9320512
,2549,2,2,1.0
,2549,3,0,0.79886556
,2550,0,1,0.9173112
,2550,1,1,0.77453184
,2550,2,0,0.99647456
,2550,3,2,1.0
,2551,0,1,0.92107284
,2551,1,1,0.8964792
,2551,2,3,1.0
,2551,3,0,0.9984798
,2552,0,1,0.9216229
,2552,1,1,0.9173831
,2552,2,0,0.99671596
,2552,3,2,1.0
,2553,0,1,0.921841
,2553,1,1,0.92111087
,2553,2,3,1.0
,2553,3,0,0.9965636
,2554,0,1,0.9218525
,2554,1,1,0.9217268
,2554,2,0,0.9985491
,2554,3,3,1.0
,2555,0,1,0.92172146
,2555,1,1,0.9216998
,2555,2,2,1.0
,2555,3,0,0.9985486
,2556,0,1,0.9216958
,2556,1,1,0.92169213
,2556,2,0,0.99844027
,2556,3,2,1.0
,2557,0,1,0.9216923
,2557,1,1,0.92169166
,2557,2,2,1.0
,2557,3,0,0.99844027
,2558,0,1,0.92169684
,2558,1,1,0.9216967
,2558,2,0,0.99844027
,2558,3,2,1.0
,2559,0,1,0.9217273
,2559,1,1,0.9217273
,2559,2,2,1.0
,2559,3,0,0.9964723
,2560,0,1,0.92186475
,2560,1,1,0.92186475
,2560,2,0,0.99656385
,2560,3,3,1.0
,2561,0,1,0.9218895
,2561,1,1,0.9218895
,2561,2,3,1.0
,2561,3,0,0.9967174
,2562,0,1,0.92186224
,2562,1,1,0.92186177
,2562,2,0,0.9985491
,2562,3,3,1.0
,2563,0,1,0.92172927
,2563,1,1,0.9217267
,2563,2,2,1.0
,2563,3,0,0.9985486
,2564,0,1,0.9217319
,2564,1,1,0.9217174
,2564,2,0,0.9964724
,2564,3,2,1.0
,2565,0,1,0.9218597
,2565,1,1,0.9217754
,2565,2,3,1.0
,2565,3,0,0.9965635
,2566,0,1,0.92185664
,2566,1,1,0.9213668
,2566,2,0,0.9985491
,2566,3,3,1.0
,2567,0,1,0.92172694
,2567,1,1,0.91888285
,2567,2,2,1.0
,2567,3,0,0.9985486
,2568,0,1,0.92172456
,2568,1,1,0.9052288
,2568,2,0,0.99647146
,2568,3,2,1.0
,2569,0,1,0.921822
,2569,1,1,0.82617503
,2569,2,3,1.0
,2569,3,0,0.9984794
,2570,0,1,0.9217122
,2570,1,0,0.6335861
,2570,2,0,0.9779755
,2570,3,2,1.0
,2571,0,1,0.92174673
,2571,1,3,1.0
,2571,2,0,0.93116003
,2571,3,0,0.97199756
,2572,0,1,0.92171544
,2572,1,0,0.9370027
,2572,2,2,1.0
,2572,3,0,0.8560146
,2573,0,1,0.92183554
,2573,1,1,0.7739226
,2573,2,0,0.9965715
,2573,3,3,1.0
,2574,0,1,0.92185056
,2574,1,1,0.89634943
,2574,2,3,0.9883082
,2574,3,0,0.9985491
,2575,0,1,0.9217273
,2575,1,1,0.9172189
,2575,2,0,0.9985472
,2575,3,2,1.0
,2576,0,1,0.9217324
,2576,1,1,0.9203363
,2576,2,2,1.0
,2576,3,0,0.9964723
,2577,0,1,0.921865
,2577,1,1,0.91805816
,2577,2,0,0.99656385
,2577,3,3,1.0
,2578,0,1,0.9218865
,2578,1,1,0.9005473
,2578,2,3,1.0
,2578,3,0,0.99671704
,2579,0,1,0.9218511
,2579,1,1,0.79807985
,2579,2,0,0.9985498
,2579,3,3,1.0
,2580,0,1,0.92170256
,2580,1,0,0.79705095
,2580,2,2,1.0
,2580,3,0,0.9375395
,2581,0,1,0.9217019
,2581,1,2,1.0
,2581,2,0,0.99844146
,2581,3,1,0.76474637
,2582,0,1,0.92172366
,2582,1,0,0.99647087
,2582,2,2,1.0
,2582,3,1,0.8688697
,2583,0,1,0.9218468
,2583,1,3,1.0
,2583,2,0,0.99655676
,2583,3,1,0.7883032
,2584,0,1,0.921831
,2584,1,0,0.93703926
,2584,2,3,0.99999356
,2584,3,0,0.7984596
,2585,0,1,0.92177355
,2585,1,1,0.7737337
,2585,2,0,0.9985486
,2585,3,2,1.0
,2586,0,1,0.9220049
,2586,1,1,0.8965496
,2586,2,2,1.0
,2586,3,0,0.9984398
,2587,0,1,0.9234861
,2587,1,1,0.9191725
,2587,2,0,0.9970955
,2587,3,2,1.0
,2588,0,1,0.9301329
,2588,1,1,0.9294465
,2588,2,3,1.0
,2588,3,0,0.9977522
,2589,0,1,0.9250413
,2589,1,1,0.9249251
,2589,2,0,0.9972952
,2589,3,2,1.0
,2590,0,1,0.9303855
,2590,1,1,0.9303666
,2590,2,3,1.0
,2590,3,0,0.9977577
,2591,0,1,0.92504585
,2591,1,1,0.9250401
,2591,2,0,0.99729496
,2591,3,2,1.0
,2592,0,1,0.93016034
,2592,1,1,0.9301449
,2592,2,3,1.0
,2592,3,0,0.99775803
,2593,0,1,0.92358774
,2593,1,1,0.9234936
,2593,2,0,0.99854934
,2593,3,2,1.0
,2594,0,1,0.92356956
,2594,1,1,0.92301506
,2594,2,2,1.0
,2594,3,0,0.9981509
,2595,0,1,0.92925185
,2595,1,1,0.9260382
,2595,2,0,0.9974322
,2595,3,2,1.0
,2596,0,1,0.9231187
,2596,1,1,0.90298027
,2596,2,2,1.0
,2596,3,0,0.99848884
,2597,0,1,0.9217444
,2597,1,1,0.80329394
,2597,2,0,0.99844146
,2597,3,2,1.0
,2598,0,1,0.92059493
,2598,1,0,0.7678985
,2598,2,2,1.0
,2598,3,0,0.94491726
,2599,0,1,0.91361904
,2599,1,2,1.0
,2599,2,0,0.9952646
,2599,3,1,0.56590915
,2600,0,1,0.82384145
,2600,1,0,0.90804464
,2600,2,3,1.0
,2600,3,0,0.8207237
,2601,0,0,0.7633752
,2601,1,1,0.78272974
,2601,2,0,0.9466539
,2601,3,2,1.0
,2602,0,2,1.0
,2602,1,1,0.9066485
,2602,2,1,0.60431457
,2602,3,0,0.9974511
,2603,0,0,0.9337379
,2603,1,1,0.91921186
,2603,2,0,0.69532466
,2603,3,2,1.0
,2604,0,1,0.7744153
,2604,1,1,0.9213724
,2604,2,3,1.0
,2604,3,0,0.99847186
,2605,0,1,0.89633214
,2605,1,1,0.92166895
,2605,2,0,0.9967157
,2605,3,2,1.0
,2606,0,1,0.9174595
,2606,1,1,0.92182374
,2606,2,3,1.0
,2606,3,0,0.99848014
,2607,0,1,0.9209962
,2607,1,1,0.9217486
,2607,2,0,0.9967157
,2607,3,2,1.0
,2608,0,1,0.9217112
,2608,1,1,0.9218409
,2608,2,3,1.0
,2608,3,0,0.99848026
,2609,0,1,0.92174894
,2609,1,1,0.9217712
,2609,2,0,0.9985486
,2609,3,2,1.0
,2610,0,1,0.92200124
,2610,1,1,0.9220052
,2610,2,2,1.0
,2610,3,0,0.99844
,2611,0,1,0.9234857
,2611,1,1,0.92348635
,2611,2,0,0.99709576
,2611,3,2,1.0
,2612,0,1,0.9301334
,2612,1,1,0.9301335
,2612,2,3,1.0
,2612,3,0,0.9977522
,2613,0,1,0.925044
,2613,1,1,0.925044
,2613,2,0,0.99729496
,2613,3,2,1.0
,2614,0,1,0.9304013
,2614,1,1,0.9304013
,2614,2,3,1.0
,2614,3,0,0.9977579
,2615,0,1,0.92515457
,2615,1,1,0.9251547
,2615,2,0,0.9982782
,2615,3,2,1.0
,2616,0,1,0.9310385
,2616,1,1,0.9310385
,2616,2,2,1.0
,2616,3,0,0.99692625
,2617,0,1,0.93109614
,2617,1,1,0.93109614
,2617,2,0,0.9977683
,2617,3,2,1.0
,2618,0,1,0.9234883
,2618,1,1,0.9234883
,2618,2,2,1.0
,2618,3,0,0.9984934
,2619,0,1,0.9220205
,2619,1,1,0.9220205
,2619,2,0,0.996475
,2619,3,2,1.0
,2620,0,1,0.9218021
,2620,1,1,0.9218021
,2620,2,3,1.0
,2620,3,0,0.9965641
,2621,0,1,0.9212209
,2621,1,1,0.9212209
,2621,2,0,0.9967179
,2621,3,3,1.0
,2622,0,1,0.9179251
,2622,1,1,0.9179251
,2622,2,3,1.0
,2622,3,0,0.9967173
,2623,0,1,0.8988005
,2623,1,1,0.8988005
,2623,2,0,0.99854934
,2623,3,3,1.0
,2624,0,1,0.7878011
,2624,1,1,0.78780097
,2624,2,2,1.0
,2624,3,0,0.9792487
,2625,0,0,1.0
,2625,1,0,1.0
,2625,2,0,1.0
,2625,3,3,0.57829297
,2626,0,1,0.7855472
,2626,1,0,0.9150581
,2626,2,2,1.0
,2626,3,0,0.76125455
,2627,0,1,0.91008335
,2627,1,2,1.0
,2627,2,0,0.9972439
,2627,3,1,0.82361096
,2628,0,1,0.9291846
,2628,1,0,0.9668633
,2628,2,2,1.0
,2628,3,1,0.91233873
,2629,0,1,0.92512304
,2629,1,2,1.0
,2629,2,0,0.99814755
,2629,3,1,0.90419656
,2630,0,1,0.9314626
,2630,1,0,0.9671663
,2630,2,2,1.0
,2630,3,1,0.8242409
,2631,0,1,0.9253825
,2631,1,2,1.0
,2631,2,0,0.9465275
,2631,3,0,0.7560348
,2632,0,1,0.93121135
,2632,1,0,0.96716076
,2632,2,1,0.56627405
,2632,3,2,1.0
,2633,0,1,0.92344946
,2633,1,2,1.0
,2633,2,0,0.83686465
,2633,3,0,0.9340937
,2634,0,1,0.9220007
,2634,1,0,0.9984422
,2634,2,2,1.0
,2634,3,1,0.7741131
,2635,0,1,0.9217491
,2635,1,2,1.0
,2635,2,0,0.99844
,2635,3,1,0.89624494
,2636,0,1,0.921734
,2636,1,0,0.9964722
,2636,2,2,1.0
,2636,3,1,0.91733694
,2637,0,1,0.9218534
,2637,1,3,0.99999774
,2637,2,0,0.9965629
,2637,3,1,0.92109615
,2638,0,1,0.92181915
,2638,1,0,0.9510127
,2638,2,3,1.0
,2638,3,1,0.92168874
,2639,0,1,0.92157435
,2639,1,1,0.5333033
,2639,2,2,1.0
,2639,3,1,0.9215518
,2640,0,1,0.92169243
,2640,1,0,0.8427387
,2640,2,2,1.0
,2640,3,1,0.9216886
,2641,0,1,0.92169917
,2641,1,2,1.0
,2641,2,0,0.9984429
,2641,3,1,0.9216985
,2642,0,1,0.921692
,2642,1,0,0.99844027
,2642,2,2,1.0
,2642,3,1,0.9216918
,2643,0,1,0.9216906
,2643,1,2,1.0
,2643,2,0,0.99844027
,2643,3,1,0.92169046
,2644,0,1,0.92169046
,2644,1,0,0.99844027
,2644,2,2,1.0
,2644,3,1,0.9216899
,2645,0,1,0.92169136
,2645,1,2,1.0
,2645,2,0,0.99844027
,2645,3,1,0.9216881
,2646,0,1,0.9216965
,2646,1,0,0.99844015
,2646,2,2,1.0
,2646,3,1,0.9216777
,2647,0,1,0.9217264
,2647,1,2,1.0
,2647,2,0,0.9964722
,2647,3,1,0.9216172
,2648,0,1,0.92185956
,2648,1,0,0.9965635
,2648,2,3,1.0
,2648,3,1,0.9212267
,2649,0,1,0.9218615
,2649,1,3,1.0
,2649,2,0,0.9985491
,2649,3,1,0.9181868
,2650,0,1,0.92175615
,2650,1,0,0.99671537
,2650,2,2,1.0
,2650,3,1,0.9004151
,2651,0,1,0.9218516
,2651,1,3,1.0
,2651,2,0,0.996557
,2651,3,1,0.7980769
,2652,0,1,0.9218244
,2652,1,0,0.9509747
,2652,2,3,1.0
,2652,3,0,0.7967811
,2653,0,1,0.92173034
,2653,1,1,0.5338222
,2653,2,0,0.99671
,2653,3,2,1.0
,2654,0,1,0.9217617
,2654,1,0,0.8425844
,2654,2,3,1.0
,2654,3,0,0.9338976
,2655,0,1,0.9217389
,2655,1,2,1.0
,2655,2,0,0.9967155
,2655,3,1,0.7654559
,2656,0,1,0.92183554
,2656,1,0,0.9984798
,2656,2,3,1.0
,2656,3,1,0.8691256
,2657,0,1,0.9217609
,2657,1,2,1.0
,2657,2,0,0.9985498
,2657,3,1,0.7880172
,2658,0,1,0.9219797
,2658,1,0,0.9754746
,2658,2,2,1.0
,2658,3,0,0.7989805
,2659,0,1,0.923549
,2659,1,0,0.91896915
,2659,2,0,0.93303835
,2659,3,2,1.0
,2660,0,1,0.9309464
,2660,1,2,1.0
,2660,2,1,0.75498235
,2660,3,0,0.9953317
,2661,0,1,0.9318112
,2661,1,0,0.9979579
,2661,2,1,0.77914625
,2661,3,3,1.0
,2662,0,1,0.92575616
,2662,1,2,1.0
,2662,2,0,0.76494634
,2662,3,0,0.9351412
,2663,0,1,0.93298215
,2663,1,0,0.9596623
,2663,2,2,1.0
,2663,3,1,0.79981196
,2664,0,1,0.93253374
,2664,1,2,1.0
,2664,2,0,0.9668219
,2664,3,1,0.9115572
,2665,0,1,0.9239973
,2665,1,0,0.998503
,2665,2,2,1.0
,2665,3,1,0.9204912
,2666,0,1,0.92346585
,2666,1,2,1.0
,2666,2,0,0.99807113
,2666,3,1,0.9234206
,2667,0,1,0.9277973
,2667,1,0,0.9290797
,2667,2,2,1.0
,2667,3,1,0.930969
,2668,0,1,0.9028414
,2668,1,3,1.0
,2668,2,0,0.99856526
,2668,3,1,0.9237061
,2669,0,1,0.79853565
,2669,1,0,0.9374256
,2669,2,2,1.0
,2669,3,1,0.9220485
,2670,0,0,0.7968731
,2670,1,1,0.76677
,2670,2,2,1.0
,2670,3,1,0.92177385
,2671,0,2,1.0
,2671,1,1,0.8749959
,2671,2,0,0.9984429
,2671,3,1,0.9217161
,2672,0,0,0.99646455
,2672,1,1,0.8171969
,2672,2,2,1.0
,2672,3,1,0.9217113
,2673,0,3,1.0
,2673,1,0,0.63604486
,2673,2,0,0.9481786
,2673,3,1,0.9217853
,2674,0,0,0.9985497
,2674,1,3,1.0
,2674,2,1,0.5349379
,2674,3,1,0.92179686
,2675,0,2,1.0
,2675,1,0,0.93990594
,2675,2,0,0.84253967
,2675,3,1,0.9216952
,2676,0,0,0.9964729
,2676,1,1,0.7240173
,2676,2,2,1.0
,2676,3,1,0.92172045
,2677,0,3,1.0
,2677,1,1,0.74335796
,2677,2,0,0.99847883
,2677,3,1,0.9218164
,2678,0,0,0.93990594
,2678,1,0,0.8065084
,2678,2,2,1.0
,2678,3,1,0.92169994
,2679,0,1,0.7240199
,2679,1,2,1.0
,2679,2,0,0.9964736
,2679,3,1,0.92172223
,2680,0,1,0.7433578
,2680,1,0,0.9984787
,2680,2,3,1.0
,2680,3,1,0.9218159
,2681,0,0,0.80651385
,2681,1,2,1.0
,2681,2,0,0.939914
,2681,3,1,0.92169464
,2682,0,2,1.0
,2682,1,0,0.99844134
,2682,2,1,0.7238798
,2682,3,1,0.92169166
,2683,0,0,0.9984399
,2683,1,2,1.0
,2683,2,1,0.74296844
,2683,3,1,0.9216773
,2684,0,2,1.0
,2684,1,0,0.976222
,2684,2,0,0.8067582
,2684,3,1,0.92164654
,2685,0,0,0.9442654
,2685,1,0,0.93092376
,2685,2,2,1.0
,2685,3,1,0.92164147
,2686,0,1,0.58038855
,2686,1,2,1.0
,2686,2,0,0.9984398
,2686,3,1,0.9216708
,2687,0,0,0.7023265
,2687,1,0,0.93265176
,2687,2,2,1.0
,2687,3,1,0.9216664
,2688,0,3,1.0
,2688,1,1,0.7658203
,2688,2,0,0.9984708
,2688,3,1,0.9217854
,2689,0,0,0.99854875
,2689,1,1,0.8690077
,2689,2,2,1.0
,2689,3,1,0.92170554
,2690,0,2,1.0
,2690,1,1,0.78797287
,2690,2,0,0.99844027
,2690,3,1,0.92168057
,2691,0,0,0.97622186
,2691,1,0,0.7989941
,2691,2,2,1.0
,2691,3,1,0.92164737
,2692,0,0,0.9309171
,2692,1,2,1.0
,2692,2,0,0.93253994
,2692,3,1,0.92164385
,2693,0,2,1.0
,2693,1,0,0.9964711
,2693,2,1,0.7676796
,2693,3,1,0.9216974
,2694,0,0,0.9965618
,2694,1,3,1.0
,2694,2,1,0.8754038
,2694,3,1,0.92174804
,2695,0,3,1.0
,2695,1,0,0.9985496
,2695,2,1,0.8175307
,2695,3,1,0.9212356
,2696,0,0,0.9369632
,2696,1,2,1.0
,2696,2,0,0.6362351
,2696,3,1,0.91815525
,2697,0,1,0.7746206
,2697,1,0,0.99847007
,2697,2,3,1.0
,2697,3,1,0.9010799
,2698,0,1,0.89864886
,2698,1,2,1.0
,2698,2,0,0.99733377
,2698,3,1,0.80148435
,2699,0,1,0.92672783
,2699,1,0,0.9193176
,2699,2,3,1.0
,2699,3,0,0.7750074
,2700,0,1,0.9241675
,2700,1,0,0.86776465
,2700,2,0,0.9774468
,2700,3,2,1.0
,2701,0,1,0.928335
,2701,1,3,1.0
,2701,2,0,0.92213225
,2701,3,0,0.6484431
,2702,0,1,0.9052258
,2702,1,0,0.9359172
,2702,2,2,1.0
,2702,3,0,0.86052406
,2703,0,1,0.81315494
,2703,1,1,0.78937685
,2703,2,0,0.9975549
,2703,3,2,1.0
,2704,0,0,0.7804321
,2704,1,1,0.90574336
,2704,2,2,1.0
,2704,3,0,0.9708403
,2705,0,2,1.0
,2705,1,1,0.9189693
,2705,2,0,0.976747
,2705,3,0,0.9299417
,2706,0,0,0.9346111
,2706,1,1,0.9209198
,2706,2,0,0.9310013
,2706,3,2,1.0
,2707,0,1,0.7342355
,2707,1,1,0.92006695
,2707,2,2,1.0
,2707,3,0,0.9970923
,2708,0,1,0.7701605
,2708,1,1,0.9108926
,2708,2,0,0.99774355
,2708,3,3,0.9999999
,2709,0,0,0.77633804
,2709,1,1,0.8039914
,2709,2,2,1.0
,2709,3,0,0.9358254
,2710,0,2,1.0
,2710,1,0,0.7792695
,2710,2,0,0.901878
,2710,3,1,0.7897933
,2711,0,0,0.9984867
,2711,1,2,1.0
,2711,2,1,0.5931437
,2711,3,1,0.89911604
,2712,0,2,1.0
,2712,1,0,0.94711757
,2712,2,0,0.69872695
,2712,3,1,0.91778123
,2713,0,0,0.99846923
,2713,1,1,0.5352207
,2713,2,3,1.0
,2713,3,1,0.921113
,2714,0,2,1.0
,2714,1,0,0.8426151
,2714,2,0,0.977979
,2714,3,1,0.9216207
,2715,0,0,0.9436887
,2715,1,2,1.0
,2715,2,0,0.9312258
,2715,3,1,0.9219732
,2716,0,1,0.5895059
,2716,1,0,0.9971766
,2716,2,2,1.0
,2716,3,1,0.9236799
,2717,0,0,0.6746102
,2717,1,3,1.0
,2717,2,1,0.5490274
,2717,3,1,0.9310878
,2718,0,3,1.0
,2718,1,0,0.9985508
,2718,2,1,0.6898266
,2718,3,1,0.9236888
,2719,0,0,0.9399136
,2719,1,2,1.0
,2719,2,0,0.815756
,2719,3,1,0.92202353
,2720,0,1,0.723904
,2720,1,0,0.99844134
,2720,2,2,1.0
,2720,3,1,0.921753
,2721,0,1,0.74304265
,2721,1,2,1.0
,2721,2,0,0.9964641
,2721,3,1,0.921714
,2722,0,0,0.8064149
,2722,1,0,0.9767385
,2722,2,3,0.9999995
,2722,3,1,0.9217712
,2723,0,2,1.0
,2723,1,0,0.9310436
,2723,2,0,0.97797966
,2723,3,1,0.92169124
,2724,0,0,0.945136
,2724,1,2,1.0
,2724,2,0,0.93123066
,2724,3,1,0.9217032
,2725,0,1,0.56588054
,2725,1,0,0.99843943
,2725,2,2,1.0
,2725,3,1,0.9220148
,2726,0,0,0.74711657
,2726,1,2,1.0
,2726,2,0,0.9704928
,2726,3,1,0.923657
,2727,0,3,1.0
,2727,1,0,0.65349406
,2727,2,0,0.83993673
,2727,3,1,0.93106556
,2728,0,0,0.9376088
,2728,1,0,0.8745443
,2728,2,3,1.0
,2728,3,1,0.92366296
,2729,0,1,0.76472545
,2729,1,2,1.0
,2729,2,0,0.9985486
,2729,3,1,0.9220416
,2730,0,1,0.8687929
,2730,1,0,0.99844
,2730,2,2,1.0
,2730,3,1,0.9217521
,2731,0,1,0.78797054
,2731,1,2,1.0
,2731,2,0,0.9964643
,2731,3,1,0.92171496
,2732,0,0,0.79863054
,2732,1,0,0.9721387
,2732,2,3,1.0
,2732,3,1,0.9217743
,2733,0,2,1.0
,2733,1,0,0.8560221
,2733,2,0,0.9509356
,2733,3,1,0.92172235
,2734,0,0,0.99654096
,2734,1,3,1.0
,2734,2,1,0.534175
,2734,3,1,0.92182136
,2735,0,3,1.0
,2735,1,0,0.97798526
,2735,2,0,0.84250575
,2735,3,1,0.9218121
,2736,0,0,0.9370224
,2736,1,0,0.9311967
,2736,2,2,1.0
,2736,3,1,0.92170286
,2737,0,1,0.773661
,2737,1,2,1.0
,2737,2,0,0.99647146
,2737,3,1,0.9217211
,2738,0,1,0.8963195
,2738,1,0,0.9984799
,2738,2,3,1.0
,2738,3,1,0.9218275
,2739,0,1,0.91731066
,2739,1,2,1.0
,2739,2,0,0.9985486
,2739,3,1,0.9217265
,2740,0,1,0.92089486
,2740,1,0,0.99844027
,2740,2,2,1.0
,2740,3,1,0.92175233
,2741,0,1,0.92132246
,2741,1,2,1.0
,2741,2,0,0.99844027
,2741,3,1,0.92202467
,2742,0,1,0.9202912
,2742,1,0,0.99807924
,2742,2,2,1.0
,2742,3,1,0.92362505
,2743,0,1,0.91163325
,2743,1,2,1.0
,2743,2,0,0.9874513
,2743,3,1,0.93076265
,2744,0,1,0.80163425
,2744,1,0,0.99849933
,2744,2,2,1.0
,2744,3,1,0.9234887
,2745,0,0,0.79649204
,2745,1,2,1.0
,2745,2,0,0.9323036
,2745,3,1,0.9222882
,2746,0,2,1.0
,2746,1,0,0.9971698
,2746,2,1,0.77125144
,2746,3,1,0.92371064
,2747,0,0,0.97228116
,2747,1,3,1.0
,2747,2,1,0.88359845
,2747,3,1,0.93095195
,2748,0,3,1.0
,2748,1,0,0.9985509
,2748,2,1,0.7934731
,2748,3,1,0.9237637
,2749,0,0,0.9367096
,2749,1,2,1.0
,2749,2,0,0.7978343
,2749,3,1,0.9224094
,2750,0,1,0.7790486
,2750,1,0,0.9980808
,2750,2,2,1.0
,2750,3,1,0.923983
,2751,0,1,0.9100311
,2751,1,2,1.0
,2751,2,0,0.9775626
,2751,3,1,0.93248814
,2752,0,1,0.9288393
,2752,1,0,0.98743117
,2752,2,3,1.0
,2752,3,1,0.9322893
,2753,0,1,0.9231243
,2753,1,2,1.0
,2753,2,0,0.99854934
,2753,3,1,0.9231139
,2754,0,1,0.9219412
,2754,1,0,0.9984416
,2754,2,2,1.0
,2754,3,1,0.91837376
,2755,0,1,0.9217309
,2755,1,2,1.0
,2755,2,0,0.99844027
,2755,3,1,0.90037954
,2756,0,1,0.9216853
,2756,1,0,0.99844027
,2756,2,2,1.0
,2756,3,1,0.79770976
,2757,0,1,0.9216493
,2757,1,2,1.0
,2757,2,0,0.97622645
,2757,3,0,0.7972643
,2758,0,1,0.9216454
,2758,1,0,0.9762438
,2758,2,0,0.9309722
,2758,3,2,1.0
,2759,0,1,0.9216374
,2759,1,0,0.9309266
,2759,2,2,1.0
,2759,3,0,0.932066
,2760,0,1,0.9216842
,2760,1,2,1.0
,2760,2,0,0.9984398
,2760,3,1,0.7744553
,2761,0,1,0.9217147
,2761,1,0,0.9964716
,2761,2,2,1.0
,2761,3,1,0.8963331
,2762,0,1,0.9218074
,2762,1,3,1.0
,2762,2,0,0.99848
,2762,3,1,0.91745347
,2763,0,1,0.9216071
,2763,1,0,0.9985486
,2763,2,2,1.0
,2763,3,1,0.92096263
,2764,0,1,0.9210588
,2764,1,2,1.0
,2764,2,0,0.99844027
,2764,3,1,0.9215647
,2765,0,1,0.9180028
,2765,1,0,0.99844027
,2765,2,2,1.0
,2765,3,1,0.92166793
,2766,0,1,0.9003055
,2766,1,2,1.0
,2766,2,0,0.99844027
,2766,3,1,0.9216833
,2767,0,1,0.7977003
,2767,1,0,0.9984406
,2767,2,2,1.0
,2767,3,1,0.92167544
,2768,0,0,0.79718304
,2768,1,2,1.0
,2768,2,0,0.93215805
,2768,3,1,0.9216425
,2769,0,2,1.0
,2769,1,0,0.99844146
,2769,2,1,0.7729174
,2769,3,1,0.9216854
,2770,0,0,0.99844
,2770,1,2,1.0
,2770,2,1,0.8915519
,2770,3,1,0.92168814
,2771,0,2,1.0
,2771,1,0,0.99844015
,2771,2,1,0.8948619
,2771,3,1,0.92168695
,2772,0,0,0.99844027
,2772,1,2,1.0
,2772,2,1,0.7959905
,2772,3,1,0.9216774
,2773,0,2,1.0
,2773,1,0,0.9762221
,2773,2,0,0.79760945
,2773,3,1,0.9216464
,2774,0,0,0.93267167
,2774,1,0,0.9309194
,2774,2,2,1.0
,2774,3,1,0.9216407
,2775,0,1,0.7655726
,2775,1,2,1.0
,2775,2,0,0.9984398
,2775,3,1,0.9216796
,2776,0,1,0.8689549
,2776,1,0,0.99844
,2776,2,2,1.0
,2776,3,1,0.92168486
,2777,0,1,0.7879647
,2777,1,2,1.0
,2777,2,0,0.99844027
,2777,3,1,0.9216772
,2778,0,0,0.7989477
,2778,1,0,0.97622645
,2778,2,2,1.0
,2778,3,1,0.92164785
,2779,0,2,1.0
,2779,1,0,0.9309722
,2779,2,0,0.9762437
,2779,3,1,0.921645
,2780,0,0,0.9320668
,2780,1,2,1.0
,2780,2,0,0.93092674
,2780,3,1,0.9216365
,2781,0,1,0.7744424
,2781,1,0,0.9984398
,2781,2,2,1.0
,2781,3,1,0.9216794
,2782,0,1,0.89629406
,2782,1,2,1.0
,2782,2,0,0.99844
,2782,3,1,0.9216876
,2783,0,1,0.9173101
,2783,1,0,0.99844027
,2783,2,2,1.0
,2783,3,1,0.9216897
,2784,0,1,0.92093486
,2784,1,2,1.0
,2784,2,0,0.99844027
,2784,3,1,0.92169017
,2785,0,1,0.92155993
,2785,1,0,0.99844027
,2785,2,2,1.0
,2785,3,1,0.9216902
,2786,0,1,0.92166793
,2786,1,2,1.0
,2786,2,0,0.99844027
,2786,3,1,0.92169034
,2787,0,1,0.9216875
,2787,1,0,0.99844027
,2787,2,2,1.0
,2787,3,1,0.92169136
,2788,0,1,0.9216962
,2788,1,2,1.0
,2788,2,0,0.99844027
,2788,3,1,0.92169684
,2789,0,1,0.92172784
,2789,1,0,0.99659014
,2789,2,2,1.0
,2789,3,1,0.92172796
,2790,0,1,0.9218696
,2790,1,3,0.939886
,2790,2,0,0.99848026
,2790,3,1,0.9218696
,2791,0,1,0.9219645
,2791,1,0,0.9985417
,2791,2,2,1.0
,2791,3,1,0.9219645
,2792,0,1,0.9231253
,2792,1,2,1.0
,2792,2,0,0.9969883
,2792,3,1,0.9231253
,2793,0,1,0.9283498
,2793,1,0,0.9984733
,2793,2,3,1.0
,2793,3,1,0.92834973
,2794,0,1,0.9229792
,2794,1,2,1.0
,2794,2,0,0.9985491
,2794,3,1,0.92297876
,2795,0,1,0.9219166
,2795,1,0,0.9984412
,2795,2,2,1.0
,2795,3,1,0.9219141
,2796,0,1,0.9217354
,2796,1,2,1.0
,2796,2,0,0.99844027
,2796,3,1,0.9217209
,2797,0,1,0.9217329
,2797,1,0,0.9964723
,2797,2,2,1.0
,2797,3,1,0.9216484
,2798,0,1,0.9218597
,2798,1,3,1.0
,2798,2,0,0.9965634
,2798,3,1,0.92136955
,2799,0,1,0.9218553
,2799,1,0,0.9985491
,2799,2,3,1.0
,2799,3,1,0.91901016
,2800,0,1,0.92172015
,2800,1,2,1.0
,2800,2,0,0.9985486
,2800,3,1,0.90519696
,2801,0,1,0.9216881
,2801,1,0,0.9984406
,2801,2,2,1.0
,2801,3,1,0.82585394
,2802,0,1,0.9216751
,2802,1,2,1.0
,2802,2,0,0.93520534
,2802,3,0,0.6340145
,2803,0,1,0.92181146
,2803,1,0,0.99653846
,2803,2,1,0.7252278
,2803,3,3,1.0
,2804,0,1,0.9218331
,2804,1,3,1.0
,2804,2,1,0.74371046
,2804,3,0,0.9985498
,2805,0,1,0.92168796
,2805,1,0,0.977979
,2805,2,0,0.80660653
,2805,3,2,1.0
,2806,0,1,0.9216481
,2806,1,0,0.93122286
,2806,2,2,1.0
,2806,3,0,0.93211794
,2807,0,1,0.9216817
,2807,1,2,1.0
,2807,2,0,0.9984398
,2807,3,1,0.77443427
,2808,0,1,0.9216894
,2808,1,0,0.99844
,2808,2,2,1.0
,2808,3,1,0.8962944
,2809,0,1,0.9216979
,2809,1,2,1.0
,2809,2,0,0.99844027
,2809,3,1,0.9173185
,2810,0,1,0.92173785
,2810,1,0,0.99844027
,2810,2,2,1.0
,2810,3,1,0.92098296
,2811,0,1,0.92196685
,2811,1,2,1.0
,2811,2,0,0.99844027
,2811,3,1,0.92183703
,2812,0,1,0.9232941
,2812,1,0,0.9981496
,2812,2,2,1.0
,2812,3,1,0.92327213
,2813,0,1,0.9292276
,2813,1,2,1.0
,2813,2,0,0.9974322
,2813,3,1,0.9292241
,2814,0,1,0.9232365
,2814,1,0,0.9965836
,2814,2,2,1.0
,2814,3,1,0.92323583
,2815,0,1,0.922428
,2815,1,3,0.9999707
,2815,2,0,0.9984817
,2815,3,1,0.9224279
,2816,0,1,0.92376757
,2816,1,0,0.9981995
,2816,2,2,1.0
,2816,3,1,0.92376757
,2817,0,1,0.9311162
,2817,1,2,1.0
,2817,2,0,0.8273584
,2817,3,1,0.9311165
,2818,0,1,0.9237628
,2818,1,0,0.9985594
,2818,2,3,1.0
,2818,3,1,0.9237648
,2819,0,1,0.9223569
,2819,1,2,1.0
,2819,2,0,0.9985486
,2819,3,1,0.9223689
,2820,0,1,0.92355174
,2820,1,0,0.9981496
,2820,2,2,1.0
,2820,3,1,0.9236218
,2821,0,1,0.93037605
,2821,1,2,1.0
,2821,2,0,0.9969163
,2821,3,1,0.93078095
,2822,0,1,0.928523
,2822,1,0,0.99776745
,2822,2,2,1.0
,2822,3,1,0.9310505
,2823,0,1,0.9073035
,2823,1,2,1.0
,2823,2,0,0.9984934
,2823,3,1,0.92346215
,2824,0,1,0.826565
,2824,1,0,0.9964687
,2824,2,2,1.0
,2824,3,1,0.92191344
,2825,0,0,0.6332788
,2825,1,3,1.0
,2825,2,0,0.97677237
,2825,3,1,0.9212182
,2826,0,3,1.0
,2826,1,0,0.9736416
,2826,2,0,0.9309323
,2826,3,1,0.91811234
,2827,0,0,0.9370083
,2827,1,0,0.8564506
,2827,2,2,1.0
,2827,3,1,0.90035605
,2828,0,1,0.7738298
,2828,1,3,1.0
,2828,2,0,0.99847317
,2828,3,1,0.7979475
,2829,0,1,0.89616203
,2829,1,0,0.9736247
,2829,2,2,1.0
,2829,3,0,0.7971778
,2830,0,1,0.9172733
,2830,1,0,0.85628545
,2830,2,0,0.9762569
,2830,3,2,1.0
,2831,0,1,0.92097884
,2831,1,3,1.0
,2831,2,0,0.9308444
,2831,3,0,0.9331776
,2832,0,1,0.92160445
,2832,1,0,0.99672186
,2832,2,2,1.0
,2832,3,1,0.7743101
,2833,0,1,0.9218374
,2833,1,3,0.9966215
,2833,2,0,0.99656266
,2833,3,1,0.89636993
,2834,0,1,0.921858
,2834,1,0,0.99854875
,2834,2,3,1.0
,2834,3,1,0.91697645
,2835,0,1,0.9217582
,2835,1,2,1.0
,2835,2,0,0.9967157
,2835,3,1,0.9181406
,2836,0,1,0.9218624
,2836,1,0,0.9965628
,2836,2,3,1.0
,2836,3,1,0.90523887
,2837,0,1,0.92185056
,2837,1,3,1.0
,2837,2,0,0.9985496
,2837,3,1,0.82618517
,2838,0,1,0.9217169
,2838,1,0,0.97797585
,2838,2,2,1.0
,2838,3,0,0.63359636
,2839,0,1,0.92174506
,2839,1,0,0.93116426
,2839,2,0,0.9766145
,2839,3,3,1.0
,2840,0,1,0.9216868
,2840,1,2,1.0
,2840,2,0,0.9309638
,2840,3,0,0.9370214
,2841,0,1,0.92171836
,2841,1,0,0.99647135
,2841,2,2,1.0
,2841,3,1,0.77366394
,2842,0,1,0.9218278
,2842,1,3,1.0
,2842,2,0,0.9984798
,2842,3,1,0.89632857
,2843,0,1,0.9217302
,2843,1,0,0.9967157
,2843,2,2,1.0
,2843,3,1,0.9173522
,2844,0,1,0.9217275
,2844,1,3,1.0
,2844,2,0,0.99847955
,2844,3,1,0.9210796
,2845,0,1,0.92110467
,2845,1,0,0.99854875
,2845,2,2,1.0
,2845,3,1,0.9216097
,2846,0,1,0.91801274
,2846,1,2,1.0
,2846,2,0,0.9984405
,2846,3,1,0.9216772
,2847,0,1,0.9003146
,2847,1,0,0.99844015
,2847,2,2,1.0
,2847,3,1,0.9216898
,2848,0,1,0.79774284
,2848,1,2,1.0
,2848,2,0,0.9964648
,2848,3,1,0.921704
,2849,0,0,0.79694974
,2849,1,0,0.9767363
,2849,2,3,1.0
,2849,3,1,0.9217694
,2850,0,2,1.0
,2850,1,0,0.9309902
,2850,2,0,0.95096576
,2850,3,1,0.9216885
,2851,0,0,0.99843955
,2851,1,2,1.0
,2851,2,1,0.53369313
,2851,3,1,0.92167574
,2852,0,2,1.0
,2852,1,0,0.97153467
,2852,2,0,0.8429044
,2852,3,1,0.9216494
,2853,0,0,0.9321268
,2853,1,0,0.855984
,2853,2,2,1.0
,2853,3,1,0.9216741
,2854,0,1,0.77478296
,2854,1,3,0.99921006
,2854,2,0,0.9965489
,2854,3,1,0.9218335
,2855,0,1,0.8965602
,2855,1,0,0.9967174
,2855,2,3,1.0
,2855,3,1,0.9218821
,2856,0,1,0.9174976
,2856,1,3,0.99996233
,2856,2,0,0.9985491
,2856,3,1,0.9218598
,2857,0,1,0.9209681
,2857,1,0,0.9985486
,2857,2,2,1.0
,2857,3,1,0.92172354
,2858,0,1,0.9215526
,2858,1,2,1.0
,2858,2,0,0.99844027
,2858,3,1,0.92170113
,2859,0,1,0.9215896
,2859,1,0,0.99647206
,2859,2,2,1.0
,2859,3,1,0.92172104
,2860,0,1,0.92118806
,2860,1,3,1.0
,2860,2,0,0.99848026
,2860,3,1,0.9218236
,2861,0,1,0.9180287
,2861,1,0,0.9985486
,2861,2,2,1.0
,2861,3,1,0.9216974
,2862,0,1,0.9003085
,2862,1,2,1.0
,2862,2,0,0.99844027
,2862,3,1,0.9215822
,2863,0,1,0.79768735
,2863,1,0,0.99844027
,2863,2,2,1.0
,2863,3,1,0.92104167
,2864,0,0,0.79727
,2864,1,2,1.0
,2864,2,0,0.97622645
,2864,3,1,0.9179554
,2865,0,2,1.0
,2865,1,0,0.97624576
,2865,2,0,0.9309771
,2865,3,1,0.9002421
,2866,0,0,0.9320355
,2866,1,0,0.93099177
,2866,2,2,1.0
,2866,3,1,0.79758006
,2867,0,1,0.7743445
,2867,1,2,1.0
,2867,2,0,0.94420886
,2867,3,0,0.79721946
,2868,0,1,0.8962707
,2868,1,0,0.9984412
,2868,2,1,0.5804173
,2868,3,2,1.0
,2869,0,1,0.91729045
,2869,1,2,1.0
,2869,2,0,0.70232236
,2869,3,0,0.93519306
,2870,0,1,0.9210589
,2870,1,0,0.9965417
,2870,2,3,1.0
,2870,3,1,0.7252385
,2871,0,1,0.92170346
,2871,1,3,0.9993317
,2871,2,0,0.9985498
,2871,3,1,0.7437161
,2872,0,1,0.92166585
,2872,1,0,0.97797805
,2872,2,2,1.0
,2872,3,0,0.80659384
,2873,0,1,0.921645
,2873,1,0,0.93122756
,2873,2,0,0.947116
,2873,3,2,1.0
,2874,0,1,0.92166704
,2874,1,2,1.0
,2874,2,1,0.5348828
,2874,3,0,0.9984393
,2875,0,1,0.9216437
,2875,1,0,0.97621876
,2875,2,0,0.84270686
,2875,3,2,1.0
,2876,0,1,0.92163926
,2876,1,0,0.93091977
,2876,2,2,1.0
,2876,3,0,0.9321042
,2877,0,1,0.92168003
,2877,1,2,1.0
,2877,2,0,0.9984398
,2877,3,1,0.7744362
,2878,0,1,0.92168796
,2878,1,0,0.99844
,2878,2,2,1.0
,2878,3,1,0.8962932
,2879,0,1,0.9216907
,2879,1,2,1.0
,2879,2,0,0.99844027
,2879,3,1,0.9173109
,2880,0,1,0.92169565
,2880,1,0,0.99844015
,2880,2,2,1.0
,2880,3,1,0.92094034
,2881,0,1,0.92172176
,2881,1,2,1.0
,2881,2,0,0.99647194
,2881,3,1,0.92159146
,2882,0,1,0.9218335
,2882,1,0,0.99848014
,2882,2,3,1.0
,2882,3,1,0.9218111
,2883,0,1,0.9217542
,2883,1,2,1.0
,2883,2,0,0.99671596
,2883,3,1,0.92175037
,2884,0,1,0.9218637
,2884,1,0,0.9965636
,2884,2,3,1.0
,2884,3,1,0.92186296
,2885,0,1,0.9218565
,2885,1,3,1.0
,2885,2,0,0.9985491
,2885,3,1,0.9218564
,2886,0,1,0.92172235
,2886,1,0,0.9985486
,2886,2,2,1.0
,2886,3,1,0.92172235
,2887,0,1,0.92169684
,2887,1,2,1.0
,2887,2,0,0.99844027
,2887,3,1,0.92169684
,2888,0,1,0.9216975
,2888,1,0,0.99844015
,2888,2,2,1.0
,2888,3,1,0.9216975
,2889,0,1,0.9217264
,2889,1,2,1.0
,2889,2,0,0.9964722
,2889,3,1,0.9217264
,2890,0,1,0.9218586
,2890,1,0,0.9965635
,2890,2,3,1.0
,2890,3,1,0.9218586
,2891,0,1,0.9218556
,2891,1,3,1.0
,2891,2,0,0.9985491
,2891,3,1,0.9218555
,2892,0,1,0.921722
,2892,1,0,0.9985486
,2892,2,2,1.0
,2892,3,1,0.92172146
,2893,0,1,0.92169577
,2893,1,2,1.0
,2893,2,0,0.99844027
,2893,3,1,0.92169243
,2894,0,1,0.92169124
,2894,1,0,0.99844027
,2894,2,2,1.0
,2894,3,1,0.9216722
,2895,0,1,0.92169034
,2895,1,2,1.0
,2895,2,0,0.99844027
,2895,3,1,0.92158073
,2896,0,1,0.92169034
,2896,1,0,0.99844027
,2896,2,2,1.0
,2896,3,1,0.9210544
,2897,0,1,0.9216906
,2897,1,2,1.0
,2897,2,0,0.99844027
,2897,3,1,0.9180033
,2898,0,1,0.92169267
,2898,1,0,0.9984404
,2898,2,2,1.0
,2898,3,1,0.90031344
,2899,0,1,0.92170453
,2899,1,2,1.0
,2899,2,0,0.9964648
,2899,3,1,0.7977422
,2900,0,1,0.92176926
,2900,1,0,0.97673905
,2900,2,3,0.9999852
,2900,3,0,0.79695165
,2901,0,1,0.9216876
,2901,1,0,0.9310372
,2901,2,0,0.97363657
,2901,3,2,1.0
,2902,0,1,0.9216807
,2902,1,2,1.0
,2902,2,0,0.8564808
,2902,3,0,0.94708824
,2903,0,1,0.92183334
,2903,1,0,0.9984722
,2903,2,3,1.0
,2903,3,1,0.5352787
,2904,0,1,0.9219686
,2904,1,2,1.0
,2904,2,0,0.97486997
,2904,3,0,0.8425565
,2905,0,1,0.9233232
,2905,1,0,0.9757898
,2905,2,0,0.8777165
,2905,3,2,1.0
,2906,0,1,0.92946965
,2906,1,0,0.92347896
,2906,2,3,1.0
,2906,3,0,0.95662713
,2907,0,1,0.92323893
,2907,1,2,1.0
,2907,2,0,0.97798526
,2907,3,0,0.85134405
,2908,0,1,0.9223443
,2908,1,0,0.97577584
,2908,2,0,0.9311525
,2908,3,3,1.0
,2909,0,1,0.9236712
,2909,1,0,0.916297
,2909,2,2,1.0
,2909,3,0,0.93539965
,2910,0,1,0.9308143
,2910,1,2,1.0
,2910,2,0,0.9723025
,2910,3,1,0.7950158
,2911,0,1,0.9236842
,2911,1,0,0.99856645
,2911,2,3,1.0
,2911,3,1,0.9003552
,2912,0,1,0.92204344
,2912,1,2,1.0
,2912,2,0,0.9985486
,2912,3,1,0.9180203
,2913,0,1,0.9217513
,2913,1,0,0.99844027
,2913,2,2,1.0
,2913,3,1,0.92105746
,2914,0,1,0.9217008
,2914,1,2,1.0
,2914,2,0,0.99844027
,2914,3,1,0.92158115
,2915,0,1,0.92169225
,2915,1,0,0.99844027
,2915,2,2,1.0
,2915,3,1,0.92167145
,2916,0,1,0.92169166
,2916,1,2,1.0
,2916,2,0,0.99844027
,2916,3,1,0.9216876
,2917,0,1,0.92169684
,2917,1,0,0.99844015
,2917,2,2,1.0
,2917,3,1,0.92169297
,2918,0,1,0.9217275
,2918,1,2,1.0
,2918,2,0,0.9964724
,2918,3,1,0.9217086
,2919,0,1,0.92186576
,2919,1,0,0.996564
,2919,2,3,1.0
,2919,3,1,0.92175674
,2920,0,1,0.9218953
,2920,1,3,1.0
,2920,2,0,0.9967179
,2920,3,1,0.9212626
,2921,0,1,0.9218941
,2921,1,0,0.9967174
,2921,2,3,1.0
,2921,3,1,0.91821975
,2922,0,1,0.9218586
,2922,1,3,1.0
,2922,2,0,0.99854934
,2922,3,1,0.90051913
,2923,0,1,0.92170894
,2923,1,0,0.99855006
,2923,2,2,1.0
,2923,3,1,0.7977731
,2924,0,1,0.92164916
,2924,1,2,1.0
,2924,2,0,0.9344854
,2924,3,0,0.79717183
,2925,0,1,0.92168874
,2925,1,0,0.99844134
,2925,2,1,0.73577976
,2925,3,2,1.0
,2926,0,1,0.92170554
,2926,1,2,1.0
,2926,2,1,0.776976
,2926,3,0,0.99646384
,2927,0,1,0.9217836
,2927,1,0,0.9481781
,2927,2,0,0.647248
,2927,3,3,1.0
,2928,0,1,0.92179406
,2928,1,1,0.534908
,2928,2,3,1.0
,2928,3,0,0.9985497
,2929,0,1,0.92167836
,2929,1,0,0.8426374
,2929,2,0,0.97798085
,2929,3,2,1.0
,2930,0,1,0.921633
,2930,1,2,1.0
,2930,2,0,0.9312593
,2930,3,0,0.9762426
,2931,0,1,0.92153543
,2931,1,0,0.97152424
,2931,2,2,1.0
,2931,3,0,0.93095595
,2932,0,1,0.92102706
,2932,1,0,0.85570717
,2932,2,0,0.97623575
,2932,3,2,1.0
,2933,0,1,0.9180436
,2933,1,3,1.0
,2933,2,0,0.93084574
,2933,3,0,0.9331893
,2934,0,1,0.90032184
,2934,1,0,0.99854875
,2934,2,2,1.0
,2934,3,1,0.77405393
,2935,0,1,0.79774445
,2935,1,2,1.0
,2935,2,0,0.99646264
,2935,3,1,0.89564264
,2936,0,0,0.79694104
,2936,1,0,0.94811815
,2936,2,3,1.0
,2936,3,1,0.91437817
,2937,0,2,1.0
,2937,1,1,0.53460246
,2937,2,0,0.9985503
,2937,3,1,0.9042661
,2938,0,0,0.9320287
,2938,1,0,0.84273267
,2938,2,2,1.0
,2938,3,1,0.82554793
,2939,0,1,0.7744203
,2939,1,2,1.0
,2939,2,0,0.97625387
,2939,3,0,0.63379633
,2940,0,1,0.8963536
,2940,1,0,0.97199094
,2940,2,0,0.9308635
,2940,3,3,1.0
,2941,0,1,0.9173308
,2941,1,0,0.8560055
,2941,2,2,1.0
,2941,3,0,0.9375226
,2942,0,1,0.92104894
,2942,1,3,1.0
,2942,2,0,0.9984739
,2942,3,1,0.76497746
,2943,0,1,0.92157906
,2943,1,0,0.99854875
,2943,2,2,1.0
,2943,3,1,0.8688365
,2944,0,1,0.9216607
,2944,1,2,1.0
,2944,2,0,0.99844027
,2944,3,1,0.78792816
,2945,0,1,0.9216552
,2945,1,0,0.97622526
,2945,2,2,1.0
,2945,3,0,0.79895324
,2946,0,1,0.92170554
,2946,1,0,0.9309534
,2946,2,0,0.97624665
,2946,3,2,1.0
,2947,0,1,0.92198616
,2947,1,2,1.0
,2947,2,0,0.9309578
,2947,3,0,0.9752768
,2948,0,1,0.92363816
,2948,1,0,0.97565126
,2948,2,2,1.0
,2948,3,0,0.91576385
,2949,0,1,0.9309867
,2949,1,0,0.92186946
,2949,2,0,0.65457463
,2949,3,2,1.0
,2950,0,1,0.9234281
,2950,1,2,1.0
,2950,2,0,0.87515277
,2950,3,0,0.9770295
,2951,0,1,0.9219507
,2951,1,0,0.9471313
,2951,2,2,1.0
,2951,3,0,0.9310623
,2952,0,1,0.9217195
,2952,1,1,0.5349105
,2952,2,0,0.99843955
,2952,3,2,1.0
,2953,0,1,0.92165375
,2953,1,0,0.8426049
,2953,2,2,1.0
,2953,3,0,0.9470574
,2954,0,1,0.92169464
,2954,1,2,1.0
,2954,2,0,0.9964636
,2954,3,1,0.53501296
,2955,0,1,0.9217519
,2955,1,0,0.9453091
,2955,2,3,1.0
,2955,3,0,0.84239227
,2956,0,1,0.9216964
,2956,1,1,0.58012193
,2956,2,0,0.9985498
,2956,3,2,1.0
,2957,0,1,0.9216721
,2957,1,0,0.702359
,2957,2,2,1.0
,2957,3,0,0.9470888
,2958,0,1,0.9217758
,2958,1,3,1.0
,2958,2,0,0.99846935
,2958,3,1,0.5352682
,2959,0,1,0.9216893
,2959,1,0,0.94831336
,2959,2,2,1.0
,2959,3,0,0.8424949
,2960,0,1,0.92170763
,2960,1,1,0.5793263
,2960,2,0,0.996465
,2960,3,2,1.0
,2961,0,1,0.921784
,2961,1,0,0.7023671
,2961,2,3,1.0
,2961,3,0,0.9339742
,2962,0,1,0.92182726
,2962,1,3,1.0
,2962,2,0,0.9967169
,2962,3,1,0.76568604
,2963,0,1,0.92176265
,2963,1,0,0.9985492
,2963,2,3,1.0
,2963,3,1,0.8691825
,2964,0,1,0.92121494
,2964,1,2,1.0
,2964,2,0,0.99855006
,2964,3,1,0.78805363
,2965,0,1,0.9187949
,2965,1,0,0.9470703
,2965,2,2,1.0
,2965,3,0,0.79886436
,2966,0,1,0.90513265
,2966,1,1,0.53490883
,2966,2,0,0.9984412
,2966,3,2,1.0
,2967,0,1,0.82575667
,2967,1,0,0.84270924
,2967,2,2,1.0
,2967,3,0,0.93202925
,2968,0,0,0.63397783
,2968,1,2,1.0
,2968,2,0,0.94712055
,2968,3,1,0.7743788
,2969,0,3,1.0
,2969,1,0,0.99846816
,2969,2,1,0.5352191
,2969,3,1,0.89628327
,2970,0,0,0.97798085
,2970,1,2,1.0
,2970,2,0,0.8425841
,2970,3,1,0.9167822
,2971,0,0,0.9312575
,2971,1,0,0.9762441
,2971,2,2,1.0
,2971,3,1,0.91801745
,2972,0,2,1.0
,2972,1,0,0.9309829
,2972,2,0,0.9762248
,2972,3,1,0.90494967
,2973,0,0,0.93203974
,2973,1,2,1.0
,2973,2,0,0.93096423
,2973,3,1,0.82574534
,2974,0,1,0.7744109
,2974,1,0,0.97623867
,2974,2,2,1.0
,2974,3,0,0.6337515
,2975,0,1,0.89635307
,2975,1,0,0.93086094
,2975,2,0,0.97199094
,2975,3,3,1.0
,2976,0,1,0.91733634
,2976,1,2,1.0
,2976,2,0,0.8560128
,2976,3,0,0.9370023
,2977,0,1,0.92108107
,2977,1,0,0.996549
,2977,2,3,1.0
,2977,3,1,0.7739302
,2978,0,1,0.9217195
,2978,1,3,1.0
,2978,2,0,0.9985491
,2978,3,1,0.8963726
,2979,0,1,0.92169607
,2979,1,0,0.9985486
,2979,2,2,1.0
,2979,3,1,0.91732717
,2980,0,1,0.92167807
,2980,1,2,1.0
,2980,2,0,0.99844027
,2980,3,1,0.9209387
,2981,0,1,0.9216115
,2981,1,0,0.99844015
,2981,2,2,1.0
,2981,3,1,0.921566
,2982,0,1,0.92123175
,2982,1,2,1.0
,2982,2,0,0.99647194
,2982,3,1,0.9216993
,2983,0,1,0.91899264
,2983,1,0,0.99848014
,2983,2,3,1.0
,2983,3,1,0.9218292
,2984,0,1,0.90526074
,2984,1,2,1.0
,2984,2,0,0.9967155
,2984,3,1,0.921752
,2985,0,1,0.8262129
,2985,1,0,0.99655867
,2985,2,3,1.0
,2985,3,1,0.92185825
,2986,0,0,0.63343686
,2986,1,3,1.0
,2986,2,0,0.9483088
,2986,3,1,0.92185813
,2987,0,3,1.0
,2987,1,0,0.996715
,2987,2,1,0.5796945
,2987,3,1,0.9218469
,2988,0,0,0.9370263
,2988,1,3,0.9999995
,2988,2,0,0.70214987
,2988,3,1,0.92185587
,2989,0,1,0.77390987
,2989,1,0,0.9967169
,2989,2,3,0.99999785
,2989,3,1,0.92185605
,2990,0,1,0.8963474
,2990,1,3,0.9999975
,2990,2,0,0.9985491
,2990,3,1,0.9218543
,2991,0,1,0.91721827
,2991,1,0,0.9985486
,2991,2,2,1.0
,2991,3,1,0.9217277
,2992,0,1,0.9203342
,2992,1,2,1.0
,2992,2,0,0.9964724
,2992,3,1,0.9217315
,2993,0,1,0.91804624
,2993,1,0,0.99656326
,2993,2,3,1.0
,2993,3,1,0.9218588
,2994,0,1,0.90047973
,2994,1,3,1.0
,2994,2,0,0.99854934
,2994,3,1,0.9218525
,2995,0,1,0.7977412
,2995,1,0,0.9985497
,2995,2,2,1.0
,2995,3,1,0.92170924
,2996,0,0,0.79729754
,2996,1,2,1.0
,2996,2,0,0.9762227
,2996,3,1,0.92165226
,2997,0,2,1.0
,2997,1,0,0.94426036
,2997,2,0,0.9309234
,2997,3,1,0.9216428
,2998,0,0,0.99843955
,2998,1,1,0.58049935
,2998,2,2,1.0
,2998,3,1,0.9216718
,2999,0,2,1.0
,2999,1,0,0.70198625
,2999,2,0,0.97623783
,2999,3,1,0.92166674
,3000,0,0,0.94507587
,3000,1,3,1.0
,3000,2,0,0.9308553
,3000,3,1,0.9217241
,3001,0,1,0.5802338
,3001,1,0,0.9985496
,3001,2,2,1.0
,3001,3,1,0.9216888
,3002,0,0,0.7021632
,3002,1,2,1.0
,3002,2,0,0.9715445
,3002,3,1,0.921676
,3003,0,3,1.0
,3003,1,0,0.97664595
,3003,2,0,0.85568434
,3003,3,1,0.92176604
,3004,0,0,0.9736354
,3004,1,0,0.9309009
,3004,2,3,1.0
,3004,3,1,0.921784
,3005,0,0,0.8563303
,3005,1,2,1.0
,3005,2,0,0.977975
,3005,3,1,0.9216875
,3006,0,3,1.0
,3006,1,0,0.976664
,3006,2,0,0.9311545
,3006,3,1,0.92164356
,3007,0,0,0.93702596
,3007,1,0,0.9309745
,3007,2,2,1.0
,3007,3,1,0.92104703
,3008,0,1,0.77358675
,3008,1,2,1.0
,3008,2,0,0.99844
,3008,3,1,0.9179995
,3009,0,1,0.8961427
,3009,1,0,0.99844
,3009,2,2,1.0
,3009,3,1,0.9003036
,3010,0,1,0.9172701
,3010,1,2,1.0
,3010,2,0,0.9984405
,3010,3,1,0.7976973
,3011,0,1,0.9208828
,3011,1,0,0.9470679
,3011,2,2,1.0
,3011,3,0,0.7971965
,3012,0,1,0.9215393
,3012,1,1,0.5349484
,3012,2,0,0.9984412
,3012,3,2,1.0
,3013,0,1,0.92161894
,3013,1,0,0.8425911
,3013,2,2,1.0
,3013,3,0,0.93260807
,3014,0,1,0.9216846
,3014,1,2,1.0
,3014,2,0,0.998441
,3014,3,1,0.7656166
,3015,0,1,0.92171466
,3015,1,0,0.99647063
,3015,2,2,1.0
,3015,3,1,0.86903197
,3016,0,1,0.921811
,3016,1,3,1.0
,3016,2,0,0.99847907
,3016,3,1,0.7882754
,3017,0,1,0.9216662
,3017,1,0,0.9779792
,3017,2,2,1.0
,3017,3,0,0.7988962
,3018,0,1,0.92153853
,3018,1,0,0.93122756
,3018,2,0,0.94711757
,3018,3,2,1.0
,3019,0,1,0.9210311
,3019,1,2,1.0
,3019,2,1,0.5348819
,3019,3,0,0.9984393
,3020,0,1,0.9179533
,3020,1,0,0.97621876
,3020,2,0,0.84270823
,3020,3,2,1.0
,3021,0,1,0.90024936
,3021,1,0,0.9309243
,3021,2,2,1.0
,3021,3,0,0.9320974
,3022,0,1,0.7977205
,3022,1,2,1.0
,3022,2,0,0.99646217
,3022,3,1,0.7744629
,3023,0,0,0.7969454
,3023,1,0,0.94810987
,3023,2,3,1.0
,3023,3,1,0.89637345
,3024,0,2,1.0
,3024,1,1,0.53463113
,3024,2,0,0.99855006
,3024,3,1,0.91731197
,3025,0,0,0.9442081
,3025,1,0,0.8426536
,3025,2,2,1.0
,3025,3,1,0.92087555
,3026,0,1,0.58051395
,3026,1,2,1.0
,3026,2,0,0.99844074
,3026,3,1,0.9214613
,3027,0,0,0.7020167
,3027,1,0,0.97154856
,3027,2,2,1.0
,3027,3,1,0.9211574
,3028,0,3,1.0
,3028,1,0,0.85576767
,3028,2,0,0.9479207
,3028,3,1,0.91890365
,3029,0,0,0.9985498
,3029,1,3,1.0
,3029,2,1,0.53501266
,3029,3,1,0.90528965
,3030,0,2,1.0
,3030,1,0,0.93709815
,3030,2,0,0.84264916
,3030,3,1,0.82584894
,3031,0,0,0.9345597
,3031,1,1,0.7723595
,3031,2,2,1.0
,3031,3,0,0.63399297
,3032,0,1,0.7360024
,3032,1,1,0.892588
,3032,2,0,0.9984696
,3032,3,3,1.0
,3033,0,1,0.77703446
,3033,1,1,0.8999425
,3033,2,2,1.0
,3033,3,0,0.99854994
,3034,0,0,0.6472667
,3034,1,1,0.8243288
,3034,2,0,0.9470783
,3034,3,2,1.0
,3035,0,3,1.0
,3035,1,0,0.6340559
,3035,2,1,0.53511316
,3035,3,0,0.9330552
,3036,0,0,0.9779862
,3036,1,3,1.0
,3036,2,0,0.8424055
,3036,3,1,0.77416503
,3037,0,0,0.93124855
,3037,1,0,0.9779821
,3037,2,2,1.0
,3037,3,1,0.8954471
,3038,0,2,1.0
,3038,1,0,0.93127584
,3038,2,0,0.9715364
,3038,3,1,0.91339976
,3039,0,0,0.9321853
,3039,1,2,1.0
,3039,2,0,0.8559122
,3039,3,1,0.89940494
,3040,0,1,0.77314717
,3040,1,0,0.99847305
,3040,2,3,1.0
,3040,3,1,0.79795486
,3041,0,1,0.8915841
,3041,1,2,1.0
,3041,2,0,0.9779776
,3041,3,0,0.7953803
,3042,0,1,0.89490175
,3042,1,0,0.97652346
,3042,2,0,0.9311967
,3042,3,2,0.99000204
,3043,0,1,0.795957
,3043,1,0,0.93100554
,3043,2,2,1.0
,3043,3,0,0.9323472
,3044,0,0,0.79757684
,3044,1,2,1.0
,3044,2,0,0.9762211
,3044,3,1,0.7743015
,3045,0,2,1.0
,3045,1,0,0.97154534
,3045,2,0,0.9309489
,3045,3,1,0.89622796
,3046,0,0,0.976236
,3046,1,0,0.85572463
,3046,2,2,1.0
,3046,3,1,0.91727996
,3047,0,0,0.9308451
,3047,1,3,1.0
,3047,2,0,0.94515574
,3047,3,1,0.92098
,3048,0,2,1.0
,3048,1,0,0.9967105
,3048,2,1,0.58023876
,3048,3,1,0.9215844
,3049,0,0,0.9335273
,3049,1,3,1.0
,3049,2,0,0.7021042
,3049,3,1,0.9217622
,3050,0,1,0.77295494
,3050,1,0,0.99854696
,3050,2,3,1.0
,3050,3,1,0.92182124
,3051,0,1,0.89164317
,3051,1,2,1.0
,3051,2,0,0.99854887
,3051,3,1,0.9217766
,3052,0,1,0.8948941
,3052,1,0,0.9984406
,3052,2,2,1.0
,3052,3,1,0.9217083
,3053,0,1,0.796063
,3053,1,2,1.0
,3053,2,0,0.99646455
,3053,3,1,0.921707
,3054,0,0,0.79723436
,3054,1,0,0.9721279
,3054,2,3,1.0
,3054,3,1,0.9217699
,3055,0,2,1.0
,3055,1,0,0.8558447
,3055,2,0,0.977975
,3055,3,1,0.9217042
,3056,0,0,0.9331831
,3056,1,3,1.0
,3056,2,0,0.93114537
,3056,3,1,0.9217375
,3057,0,1,0.7742681
,3057,1,0,0.9985486
,3057,2,2,1.0
,3057,3,1,0.9217044
,3058,0,1,0.8963018
,3058,1,2,1.0
,3058,2,0,0.99647146
,3058,3,1,0.92172253
,3059,0,1,0.9174523
,3059,1,0,0.99848
,3059,2,3,1.0
,3059,3,1,0.9218335
,3060,0,1,0.92098457
,3060,1,2,1.0
,3060,2,0,0.99671596
,3060,3,1,0.9217542
,3061,0,1,0.92164904
,3061,1,0,0.9965636
,3061,2,3,1.0
,3061,3,1,0.9218637
,3062,0,1,0.92134345
,3062,1,3,1.0
,3062,2,0,0.9985491
,3062,3,1,0.9218564
,3063,0,1,0.9188694
,3063,1,0,0.9985486
,3063,2,2,1.0
,3063,3,1,0.92172176
,3064,0,1,0.9051727
,3064,1,2,1.0
,3064,2,0,0.99844027
,3064,3,1,0.9216941
,3065,0,1,0.8258891
,3065,1,0,0.9984404
,3065,2,2,1.0
,3065,3,1,0.92168444
,3066,0,0,0.6337619
,3066,1,2,1.0
,3066,2,0,0.9715503
,3066,3,1,0.92167574
,3067,0,3,0.9999999
,3067,1,0,0.9766351
,3067,2,0,0.85568964
,3067,3,1,0.92176354
,3068,0,0,0.97798455
,3068,1,0,0.9309047
,3068,2,3,1.0
,3068,3,1,0.92178345
,3069,0,0,0.9312025
,3069,1,2,1.0
,3069,2,0,0.9374256
,3069,3,1,0.9216886
,3070,0,2,1.0
,3070,1,0,0.99844
,3070,2,1,0.76671016
,3070,3,1,0.92168796
,3071,0,0,0.99844
,3071,1,2,1.0
,3071,2,1,0.87495667
,3071,3,1,0.9216841
,3072,0,2,1.0
,3072,1,0,0.9984405
,3072,2,1,0.81712323
,3072,3,1,0.9216635
,3073,0,0,0.9470943
,3073,1,2,1.0
,3073,2,0,0.6364017
,3073,3,1,0.921565
,3074,0,1,0.5353208
,3074,1,0,0.9965319
,3074,2,3,1.0
,3074,3,1,0.92116433
,3075,0,0,0.84231174
,3075,1,3,1.0
,3075,2,0,0.9779895
,3075,3,1,0.91811925
,3076,0,2,1.0
,3076,1,0,0.9779822
,3076,2,0,0.93126905
,3076,3,1,0.9002896
,3077,0,0,0.93203914
,3077,1,0,0.93127626
,3077,2,2,1.0
,3077,3,1,0.7975756
,3078,0,1,0.7743497
,3078,1,2,1.0
,3078,2,0,0.9762167
,3078,3,0,0.7973386
,3079,0,1,0.89622915
,3079,1,0,0.9352072
,3079,2,0,0.9309176
,3079,3,2,1.0
,3080,0,1,0.9173059
,3080,1,1,0.72497123
,3080,2,2,1.0
,3080,3,0,0.9964698
,3081,0,1,0.9209478
,3081,1,1,0.74365276
,3081,2,0,0.99847883
,3081,3,3,1.0
,3082,0,1,0.9209276
,3082,1,0,0.8064601
,3082,2,2,1.0
,3082,3,0,0.9370252
,3083,0,1,0.9179834
,3083,1,2,1.0
,3083,2,0,0.99844146
,3083,3,1,0.77359855
,3084,0,1,0.90030056
,3084,1,0,0.99844
,3084,2,2,1.0
,3084,3,1,0.8961449
,3085,0,1,0.7976976
,3085,1,2,1.0
,3085,2,0,0.9984405
,3085,3,1,0.9172708
,3086,0,0,0.797189
,3086,1,0,0.9452496
,3086,2,2,1.0
,3086,3,1,0.920885
,3087,0,2,1.0
,3087,1,1,0.5639543
,3087,2,0,0.9964674
,3087,3,1,0.921554
,3088,0,0,0.97676235
,3088,1,0,0.75312674
,3088,2,3,1.0
,3088,3,1,0.92165995
,3089,0,0,0.9309453
,3089,1,3,0.63414645
,3089,2,0,0.9779862
,3089,3,1,0.9211285
,3090,0,2,1.0
,3090,1,0,0.977362
,3090,2,0,0.9312526
,3090,3,1,0.9179844
,3091,0,0,0.9715225
,3091,1,0,0.9311688
,3091,2,2,1.0
,3091,3,1,0.9002469
,3092,0,0,0.85572034
,3092,1,2,1.0
,3092,2,0,0.947065
,3092,3,1,0.7976158
,3093,0,3,0.99998784
,3093,1,0,0.94789064
,3093,2,1,0.53505933
,3093,3,0,0.7970906
,3094,0,0,0.9370482
,3094,1,1,0.5346321
,3094,2,0,0.84265804
,3094,3,2,1.0
,3095,0,1,0.7732227
,3095,1,0,0.84264326
,3095,2,2,1.0
,3095,3,0,0.93208325
,3096,0,1,0.89531994
,3096,1,2,1.0
,3096,2,0,0.99844074
,3096,3,1,0.7744593
,3097,0,1,0.91344273
,3097,1,0,0.99647135
,3097,2,2,1.0
,3097,3,1,0.89633286
,3098,0,1,0.8995308
,3098,1,3,1.0
,3098,2,0,0.99848
,3098,3,1,0.91745
,3099,0,1,0.79746455
,3099,1,0,0.99855006
,3099,2,2,1.0
,3099,3,1,0.92094857
,3100,0,0,0.7972366
,3100,1,2,1.0
,3100,2,0,0.9470684
,3100,3,1,0.92151755
,3101,0,2,1.0
,3101,1,0,0.9984412
,3101,2,1,0.5349482
,3101,3,1,0.9216488
,3102,0,0,0.932608
,3102,1,2,1.0
,3102,2,0,0.8425911
,3102,3,1,0.92163795
,3103,0,1,0.7656171
,3103,1,0,0.998441
,3103,2,2,1.0
,3103,3,1,0.92168796
,3104,0,1,0.8690334
,3104,1,2,1.0
,3104,2,0,0.99647075
,3104,3,1,0.92171574
,3105,0,1,0.78828204
,3105,1,0,0.9984792
,3105,2,3,1.0
,3105,3,1,0.9218145
,3106,0,0,0.7988589
,3106,1,2,1.0
,3106,2,0,0.977982
,3106,3,1,0.9216863
,3107,0,2,1.0
,3107,1,0,0.9762448
,3107,2,0,0.93127525
,3107,3,1,0.9216519
,3108,0,0,0.9320666
,3108,1,0,0.93092686
,3108,2,2,1.0
,3108,3,1,0.9216376
,3109,0,1,0.77444106
,3109,1,2,1.0
,3109,2,0,0.9984398
,3109,3,1,0.9216796
,3110,0,1,0.89628994
,3110,1,0,0.99844
,3110,2,2,1.0
,3110,3,1,0.9216877
,3111,0,1,0.91729057
,3111,1,2,1.0
,3111,2,0,0.99844027
,3111,3,1,0.9216898
,3112,0,1,0.9208255
,3112,1,0,0.99844027
,3112,2,2,1.0
,3112,3,1,0.92169124
,3113,0,1,0.920931
,3113,1,2,1.0
,3113,2,0,0.99844027
,3113,3,1,0.9216964
,3114,0,1,0.91802514
,3114,1,0,0.9964722
,3114,2,2,1.0
,3114,3,1,0.9217255
,3115,0,1,0.9005316
,3115,1,3,1.0
,3115,2,0,0.9965624
,3115,3,1,0.9218556
,3116,0,1,0.798071
,3116,1,0,0.9985498
,3116,2,3,1.0
,3116,3,1,0.92184484
,3117,0,0,0.79707223
,3117,1,2,1.0
,3117,2,0,0.9509639
,3117,3,1,0.92169785
,3118,0,2,1.0
,3118,1,0,0.9984411
,3118,2,1,0.5337133
,3118,3,1,0.9216817
,3119,0,0,0.9739204
,3119,1,2,1.0
,3119,2,0,0.8428915
,3119,3,1,0.9216471
,3120,0,0,0.8941998
,3120,1,0,0.94711715
,3120,2,2,1.0
,3120,3,1,0.9216528
,3121,0,2,0.5117132
,3121,1,1,0.53523606
,3121,2,0,0.9984708
,3121,3,1,0.9216932
,3122,0,0,0.9771108
,3122,1,0,0.8426207
,3122,2,2,1.0
,3122,3,1,0.9211851
,3123,0,0,0.9310744
,3123,1,2,1.0
,3123,2,0,0.93218005
,3123,3,1,0.91879535
,3124,0,2,1.0
,3124,1,0,0.9984398
,3124,2,1,0.7732569
,3124,3,1,0.9051646
,3125,0,0,0.99646527
,3125,1,2,1.0
,3125,2,1,0.8926596
,3125,3,1,0.8259338
,3126,0,3,1.0
,3126,1,0,0.9721707
,3126,2,1,0.9001107
,3126,3,0,0.633481
,3127,0,0,0.9370235
,3127,1,0,0.85585594
,3127,2,1,0.82461184
,3127,3,3,1.0
,3128,0,1,0.7738612
,3128,1,3,1.0
,3128,2,0,0.6339465
,3128,3,0,0.9399131
,3129,0,1,0.8963195
,3129,1,0,0.9985491
,3129,2,3,1.0
,3129,3,1,0.72416496
,3130,0,1,0.91732794
,3130,1,2,1.0
,3130,2,0,0.99671024
,3130,3,1,0.7431336
,3131,0,1,0.9210003
,3131,1,0,0.9481179
,3131,2,3,0.9999809
,3131,3,0,0.80638695
,3132,0,1,0.9215617
,3132,1,1,0.5346307
,3132,2,0,0.99855006
,3132,3,2,1.0
,3133,0,1,0.92162144
,3133,1,0,0.8426459
,3133,2,2,1.0
,3133,3,0,0.9320548
,3134,0,1,0.92167753
,3134,1,2,1.0
,3134,2,0,0.998441
,3134,3,1,0.77445334
,3135,0,1,0.92166907
,3135,1,0,0.99844
,3135,2,2,1.0
,3135,3,1,0.896296
,3136,0,1,0.9215801
,3136,1,2,1.0
,3136,2,0,0.99844027
,3136,3,1,0.9173105
,3137,0,1,0.92105395
,3137,1,0,0.99844027
,3137,2,2,1.0
,3137,3,1,0.92093474
,3138,0,1,0.91800195
,3138,1,2,1.0
,3138,2,0,0.99844027
,3138,3,1,0.9215593
,3139,0,1,0.900305
,3139,1,0,0.99844027
,3139,2,2,1.0
,3139,3,1,0.92166466
,3140,0,1,0.7976984
,3140,1,2,1.0
,3140,2,0,0.9984405
,3140,3,1,0.92167246
,3141,0,0,0.7971941
,3141,1,0,0.94422126
,3141,2,2,1.0
,3141,3,1,0.9216428
,3142,0,2,1.0
,3142,1,1,0.5803998
,3142,2,0,0.99844146
,3142,3,1,0.92167586
,3143,0,0,0.9320986
,3143,1,0,0.7023731
,3143,2,2,1.0
,3143,3,1,0.921667
,3144,0,1,0.7746754
,3144,1,3,0.9996163
,3144,2,0,0.9984708
,3144,3,1,0.9217832
,3145,0,1,0.8963378
,3145,1,0,0.9985486
,3145,2,2,1.0
,3145,3,1,0.9216906
,3146,0,1,0.9173198
,3146,1,2,1.0
,3146,2,0,0.99844027
,3146,3,1,0.9215891
,3147,0,1,0.9209475
,3147,1,0,0.99647206
,3147,2,2,1.0
,3147,3,1,0.9210859
,3148,0,1,0.9215865
,3148,1,3,1.0
,3148,2,0,0.99848026
,3148,3,1,0.9181445
,3149,0,1,0.92105484
,3149,1,0,0.99854875
,3149,2,2,1.0
,3149,3,1,0.90033793
,3150,0,1,0.91798604
,3150,1,2,1.0
,3150,2,0,0.9984405
,3150,3,1,0.7977073
,3151,0,1,0.90024346
,3151,1,0,0.9351676
,3151,2,2,1.0
,3151,3,0,0.7971991
,3152,0,1,0.79766566
,3152,1,1,0.7248013
,3152,2,0,0.9984417
,3152,3,2,1.0
,3153,0,0,0.7973162
,3153,1,1,0.7431445
,3153,2,2,1.0
,3153,3,0,0.9320223
,3154,0,2,1.0
,3154,1,0,0.8067317
,3154,2,0,0.976236
,3154,3,1,0.77436393
,3155,0,0,0.9321044
,3155,1,2,1.0
,3155,2,0,0.9309203
,3155,3,1,0.8962355
,3156,0,1,0.77451044
,3156,1,0,0.996471
,3156,2,2,1.0
,3156,3,1,0.91733015
,3157,0,1,0.8964741
,3157,1,3,1.0
,3157,2,0,0.9984798
,3157,3,1,0.9210749
,3158,0,1,0.91737664
,3158,1,0,0.9967157
,3158,2,2,1.0
,3158,3,1,0.92161804
,3159,0,1,0.92107964
,3159,1,3,1.0
,3159,2,0,0.99848026
,3159,3,1,0.9218102
,3160,0,1,0.92159325
,3160,1,0,0.9985486
,3160,2,2,1.0
,3160,3,1,0.92171913
,3161,0,1,0.9217032
,3161,1,2,1.0
,3161,2,0,0.9964722
,3161,3,1,0.9217243
,3162,0,1,0.92182475
,3162,1,0,0.99848014
,3162,2,3,1.0
,3162,3,1,0.9218253
,3163,0,1,0.92172176
,3163,1,2,1.0
,3163,2,0,0.9985486
,3163,3,1,0.9217035
,3164,0,1,0.9217251
,3164,1,0,0.99647206
,3164,2,2,1.0
,3164,3,1,0.9216158
,3165,0,1,0.9218276
,3165,1,3,1.0
,3165,2,0,0.99848026
,3165,3,1,0.9211925
,3166,0,1,0.9217165
,3166,1,0,0.9985486
,3166,2,2,1.0
,3166,3,1,0.9180295
,3167,0,1,0.921692
,3167,1,2,1.0
,3167,2,0,0.99844027
,3167,3,1,0.9003087
,3168,0,1,0.92167807
,3168,1,0,0.99844027
,3168,2,2,1.0
,3168,3,1,0.7976877
,3169,0,1,0.92164475
,3169,1,2,1.0
,3169,2,0,0.97622645
,3169,3,0,0.7972681
,3170,0,1,0.9216262
,3170,1,0,0.9762438
,3170,2,0,0.9309722
,3170,3,2,1.0
,3171,0,1,0.9215268
,3171,1,0,0.93092674
,3171,2,2,1.0
,3171,3,0,0.9320668
,3172,0,1,0.92104346
,3172,1,2,1.0
,3172,2,0,0.9984398
,3172,3,1,0.7744424
,3173,0,1,0.9180005
,3173,1,0,0.99844
,3173,2,2,1.0
,3173,3,1,0.8962942
,3174,0,1,0.9003122
,3174,1,2,1.0
,3174,2,0,0.99844027
,3174,3,1,0.9173113
,3175,0,1,0.79774326
,3175,1,0,0.99646324
,3175,2,2,1.0
,3175,3,1,0.9209454
,3176,0,0,0.79693913
,3176,1,3,1.0
,3176,2,0,0.94811845
,3176,3,1,0.921624
,3177,0,2,1.0
,3177,1,0,0.9985502
,3177,2,1,0.5346309
,3177,3,1,0.9216696
,3178,0,0,0.9351622
,3178,1,2,1.0
,3178,2,0,0.8426474
,3178,3,1,0.9216406
,3179,0,1,0.7248599
,3179,1,0,0.99844086
,3179,2,2,1.0
,3179,3,1,0.92168045
,3180,0,1,0.74329275
,3180,1,2,1.0
,3180,2,0,0.99844027
,3180,3,1,0.9216741
,3181,0,0,0.806597
,3181,1,0,0.9470689
,3181,2,2,1.0
,3181,3,1,0.92164224
,3182,0,2,1.0
,3182,1,1,0.53491634
,3182,2,0,0.99844074
,3182,3,1,0.9216682
,3183,0,0,0.9762198
,3183,1,0,0.84269136
,3183,2,2,1.0
,3183,3,1,0.92162573
,3184,0,0,0.9309251
,3184,1,2,1.0
,3184,2,0,0.94710267
,3184,3,1,0.92153007
,3185,0,2,1.0
,3185,1,0,0.9984398
,3185,2,1,0.5349208
,3185,3,1,0.92102814
,3186,0,0,0.93260854
,3186,1,2,1.0
,3186,2,0,0.8425977
,3186,3,1,0.9179487
,3187,0,1,0.76558083
,3187,1,0,0.998441
,3187,2,2,1.0
,3187,3,1,0.90029275
,3188,0,1,0.8689264
,3188,1,2,1.0
,3188,2,0,0.99844027
,3188,3,1,0.79767144
,3189,0,1,0.78784955
,3189,1,0,0.9321256
,3189,2,2,1.0
,3189,3,0,0.79732007
,3190,0,0,0.79900086
,3190,1,1,0.772832
,3190,2,0,0.9715515
,3190,3,2,1.0
,3191,0,2,1.0
,3191,1,1,0.89152396
,3191,2,0,0.8559198
,3191,3,0,0.9321384
,3192,0,0,0.99847364
,3192,1,1,0.89500046
,3192,2,3,1.0
,3192,3,1,0.77468354
,3193,0,2,1.0
,3193,1,1,0.7960582
,3193,2,0,0.99855006
,3193,3,1,0.89632326
,3194,0,0,0.9470636
,3194,1,0,0.7974746
,3194,2,2,1.0
,3194,3,1,0.9172736
,3195,0,1,0.5350122
,3195,1,2,1.0
,3195,2,0,0.9964662
,3195,3,1,0.92094386
,3196,0,0,0.8424039
,3196,1,0,0.9767351
,3196,2,3,1.0
,3196,3,1,0.9216353
,3197,0,2,1.0
,3197,1,0,0.93104804
,3197,2,0,0.9779794
,3197,3,1,0.9216541
,3198,0,0,0.93206936
,3198,1,2,1.0
,3198,2,0,0.93122643
,3198,3,1,0.9216243
,3199,0,1,0.77444404
,3199,1,0,0.9984398
,3199,2,2,1.0
,3199,3,1,0.921596
,3200,0,1,0.89630073
,3200,1,2,1.0
,3200,2,0,0.99844
,3200,3,1,0.921202
,3201,0,1,0.91734153
,3201,1,0,0.9964718
,3201,2,2,1.0
,3201,3,1,0.9188733
,3202,0,1,0.92107034
,3202,1,3,0.9999987
,3202,2,0,0.99848
,3202,3,1,0.90532184
,3203,0,1,0.92157805
,3203,1,0,0.99854994
,3203,2,2,1.0
,3203,3,1,0.8258967
,3204,0,1,0.9216508
,3204,1,2,1.0
,3204,2,0,0.9325395
,3204,3,0,0.6339982
,3205,0,1,0.9217801
,3205,1,0,0.99846995
,3205,2,1,0.76781595
,3205,3,3,1.0
,3206,0,1,0.92170554
,3206,1,2,1.0
,3206,2,1,0.8751924
,3206,3,0,0.99854875
,3207,0,1,0.9216852
,3207,1,0,0.99844027
,3207,2,1,0.81725144
,3207,3,2,1.0
,3208,0,1,0.9216691
,3208,1,2,1.0
,3208,2,0,0.6360295
,3208,3,0,0.97624224
,3209,0,1,0.9217209
,3209,1,0,0.93360054
,3209,2,3,1.0
,3209,3,0,0.93085504
,3210,0,1,0.9217006
,3210,1,1,0.765437
,3210,2,0,0.9985486
,3210,3,2,1.0
,3211,0,1,0.9217182
,3211,1,1,0.8690005
,3211,2,2,1.0
,3211,3,0,0.99647063
,3212,0,1,0.9218165
,3212,1,1,0.78829163
,3212,2,0,0.99847907
,3212,3,3,1.0
,3213,0,1,0.92169553
,3213,1,0,0.79874295
,3213,2,2,1.0
,3213,3,0,0.93702555
,3214,0,1,0.9216952
,3214,1,2,1.0
,3214,2,0,0.99844146
,3214,3,1,0.7735926
,3215,0,1,0.92169046
,3215,1,0,0.99844
,3215,2,2,1.0
,3215,3,1,0.89612466
,3216,0,1,0.92169017
,3216,1,2,1.0
,3216,2,0,0.99844027
,3216,3,1,0.91716975
,3217,0,1,0.92169005
,3217,1,0,0.99844027
,3217,2,2,1.0
,3217,3,1,0.9202887
,3218,0,1,0.92168957
,3218,1,2,1.0
,3218,2,0,0.99844027
,3218,3,1,0.9178647
,3219,0,1,0.92168736
,3219,1,0,0.99844027
,3219,2,2,1.0
,3219,3,1,0.9002736
,3220,0,1,0.92167753
,3220,1,2,1.0
,3220,2,0,0.99844027
,3220,3,1,0.7976708
,3221,0,1,0.92164665
,3221,1,0,0.9762227
,3221,2,2,1.0
,3221,3,0,0.7973073
,3222,0,1,0.92164123
,3222,1,0,0.93092465
,3222,2,0,0.9471149
,3222,3,2,1.0
,3223,0,1,0.9216643
,3223,1,2,1.0
,3223,2,1,0.53489006
,3223,3,0,0.9984398
,3224,0,1,0.9216351
,3224,1,0,0.9351576
,3224,2,0,0.84268314
,3224,3,2,1.0
,3225,0,1,0.9216632
,3225,1,1,0.7248391
,3225,2,2,1.0
,3225,3,0,0.9322982
,3226,0,1,0.92172927
,3226,1,1,0.7434259
,3226,2,2,1.0
,3226,3,1,0.7745093
,3227,0,1,0.9217238
,3227,1,0,0.80638903
,3227,2,2,1.0
,3227,3,1,0.8963396
,3228,0,1,0.9217066
,3228,1,2,1.0
,3228,2,0,0.9984431
,3228,3,1,0.91732913
,3229,0,1,0.9216986
,3229,1,0,0.99844027
,3229,2,2,1.0
,3229,3,1,0.9209436
,3230,0,1,0.9217221
,3230,1,2,1.0
,3230,2,0,0.99647194
,3230,3,1,0.92159194
,3231,0,1,0.92183286
,3231,1,0,0.99848014
,3231,2,3,1.0
,3231,3,1,0.9218103
,3232,0,1,0.9217496
,3232,1,2,1.0
,3232,2,0,0.9967157
,3232,3,1,0.9217452
,3233,0,1,0.9218376
,3233,1,0,0.99848014
,3233,2,3,1.0
,3233,3,1,0.92183363
,3234,0,1,0.9217495
,3234,1,2,1.0
,3234,2,0,0.9967157
,3234,3,1,0.92173046
,3235,0,1,0.9218321
,3235,1,0,0.99848026
,3235,2,3,1.0
,3235,3,1,0.92172253
,3236,0,1,0.9217177
,3236,1,2,1.0
,3236,2,0,0.9985486
,3236,3,1,0.92108184
,3237,0,1,0.9216944
,3237,1,0,0.99844027
,3237,2,2,1.0
,3237,3,1,0.91800654
,3238,0,1,0.92168814
,3238,1,2,1.0
,3238,2,0,0.99844027
,3238,3,1,0.9003039
,3239,0,1,0.92167795
,3239,1,0,0.99844027
,3239,2,2,1.0
,3239,3,1,0.79768616
,3240,0,1,0.92164797
,3240,1,2,1.0
,3240,2,0,0.97622645
,3240,3,0,0.7972684
,3241,0,1,0.9216452
,3241,1,0,0.9762438
,3241,2,0,0.9309722
,3241,3,2,1.0
,3242,0,1,0.9216374
,3242,1,0,0.9309266
,3242,2,2,1.0
,3242,3,0,0.9320827
,3243,0,1,0.92168456
,3243,1,2,1.0
,3243,2,0,0.9984398
,3243,3,1,0.7741898
,3244,0,1,0.9217168
,3244,1,0,0.9965964
,3244,2,2,1.0
,3244,3,1,0.895514
,3245,0,1,0.921821
,3245,1,3,0.9362423
,3245,2,0,0.99847883
,3245,3,1,0.9135794
,3246,0,1,0.92171276
,3246,1,0,0.99854183
,3246,2,2,1.0
,3246,3,1,0.8993993
,3247,0,1,0.9216808
,3247,1,2,1.0
,3247,2,0,0.9984405
,3247,3,1,0.7974172
,3248,0,1,0.92164385
,3248,1,0,0.94706804
,3248,2,2,1.0
,3248,3,0,0.7972449
,3249,0,1,0.9216705
,3249,1,1,0.5349484
,3249,2,0,0.9984412
,3249,3,2,1.0
,3250,0,1,0.92164093
,3250,1,0,0.84259105
,3250,2,2,1.0
,3250,3,0,0.9321505
,3251,0,1,0.92168474
,3251,1,2,1.0
,3251,2,0,0.998441
,3251,3,1,0.77292013
,3252,0,1,0.9216932
,3252,1,0,0.99844
,3252,2,2,1.0
,3252,3,1,0.8915655
,3253,0,1,0.92171705
,3253,1,2,1.0
,3253,2,0,0.99650425
,3253,3,1,0.89492714
,3254,0,1,0.92181396
,3254,1,0,0.9984787
,3254,2,3,0.98300546
,3254,3,1,0.79632044
,3255,0,1,0.9216898
,3255,1,2,1.0
,3255,2,0,0.94825363
,3255,3,0,0.79737264
,3256,0,1,0.9216661
,3256,1,0,0.9984416
,3256,2,1,0.5792559
,3256,3,2,1.0
,3257,0,1,0.92155915
,3257,1,2,1.0
,3257,2,0,0.70263535
,3257,3,0,0.9352015
,3258,0,1,0.921147
,3258,1,0,0.99847054
,3258,2,3,1.0
,3258,3,1,0.7251128
,3259,0,1,0.91800433
,3259,1,2,1.0
,3259,2,0,0.99855006
,3259,3,1,0.7433758
,3260,0,1,0.90025014
,3260,1,0,0.93248737
,3260,2,2,1.0
,3260,3,0,0.8065862
,3261,0,1,0.7976879
,3261,1,1,0.7675588
,3261,2,0,0.9984417
,3261,3,2,1.0
,3262,0,0,0.79719937
,3262,1,1,0.87505984
,3262,2,2,1.0
,3262,3,0,0.93206906
,3263,0,2,1.0
,3263,1,1,0.81715304
,3263,2,0,0.9984417
,3263,3,1,0.77417094
,3264,0,0,0.9321037
,3264,1,0,0.6364328
,3264,2,2,1.0
,3264,3,1,0.8954505
,3265,0,1,0.774666
,3265,1,3,1.0
,3265,2,0,0.9984698
,3265,3,1,0.9135358
,3266,0,1,0.89633167
,3266,1,0,0.99854875
,3266,2,2,1.0
,3266,3,1,0.89938855
,3267,0,1,0.91730213
,3267,1,2,1.0
,3267,2,0,0.9984405
,3267,3,1,0.7974136
,3268,0,1,0.9208853
,3268,1,0,0.9470678
,3268,2,2,1.0
,3268,3,0,0.79724544
,3269,0,1,0.92152214
,3269,1,1,0.53495
,3269,2,0,0.9984412
,3269,3,2,1.0
,3270,0,1,0.92151403
,3270,1,0,0.8425862
,3270,2,2,1.0
,3270,3,0,0.9320507
,3271,0,1,0.92107517
,3271,1,2,1.0
,3271,2,0,0.9967492
,3271,3,1,0.77451825
,3272,0,1,0.91814166
,3272,1,0,0.9984799
,3272,2,3,0.8595982
,3272,3,1,0.896445
,3273,0,1,0.9003377
,3273,1,2,1.0
,3273,2,0,0.9985336
,3273,3,1,0.9172252
,3274,0,1,0.7977099
,3274,1,0,0.9984406
,3274,2,2,1.0
,3274,3,1,0.9202845
,3275,0,0,0.7971837
,3275,1,2,1.0
,3275,2,0,0.9326155
,3275,3,1,0.9178184
,3276,0,2,1.0
,3276,1,0,0.99844134
,3276,2,1,0.76560175
,3276,3,1,0.9002764
,3277,0,0,0.99646145
,3277,1,2,1.0
,3277,2,1,0.86898553
,3277,3,1,0.7977163
,3278,0,3,1.0
,3278,1,0,0.93340856
,3278,2,1,0.7881011
,3278,3,0,0.79702175
,3279,0,0,0.9779792
,3279,1,1,0.7726336
,3279,2,0,0.7989339
,3279,3,2,1.0
,3280,0,0,0.93122435
,3280,1,1,0.89144796
,3280,2,2,1.0
,3280,3,0,0.93212974
,3281,0,2,1.0
,3281,1,1,0.8948384
,3281,2,0,0.9984398
,3281,3,1,0.77416176
,3282,0,0,0.99844
,3282,1,1,0.7959813
,3282,2,2,1.0
,3282,3,1,0.8954567
,3283,0,2,1.0
,3283,1,0,0.79761326
,3283,2,0,0.97622156
,3283,3,1,0.9133866
,3284,0,0,0.93210995
,3284,1,2,1.0
,3284,2,0,0.93092406
,3284,3,1,0.8993117
,3285,0,1,0.77446216
,3285,1,0,0.9964618
,3285,2,2,1.0
,3285,3,1,0.7974326
,3286,0,1,0.89637923
,3286,1,3,0.9999987
,3286,2,0,0.9364021
,3286,3,0,0.7969777
,3287,0,1,0.91736525
,3287,1,0,0.99687123
,3287,2,1,0.72476625
,3287,3,2,1.0
,3288,0,1,0.92109305
,3288,1,3,0.9147304
,3288,2,1,0.74363637
,3288,3,0,0.9965558
,3289,0,1,0.92169017
,3289,1,0,0.9735166
,3289,2,0,0.8062464
,3289,3,3,1.0
,3290,0,1,0.9216916
,3290,1,0,0.8562313
,3290,2,2,1.0
,3290,3,0,0.97797465
,3291,0,1,0.92174
,3291,1,3,1.0
,3291,2,0,0.9331934
,3291,3,0,0.93114126
,3292,0,1,0.9217309
,3292,1,0,0.99852157
,3292,2,1,0.7741281
,3292,3,2,1.0
,3293,0,1,0.921833
,3293,1,2,0.98757833
,3293,2,1,0.89581245
,3293,3,0,0.9984798
,3294,0,1,0.9217488
,3294,1,0,0.99647784
,3294,2,1,0.9143829
,3294,3,2,1.0
,3295,0,1,0.9218342
,3295,1,3,1.0
,3295,2,1,0.90444237
,3295,3,0,0.99848014
,3296,0,1,0.92173505
,3296,1,0,0.9967106
,3296,2,1,0.82570237
,3296,3,2,1.0
,3297,0,1,0.9217866
,3297,1,3,1.0
,3297,2,0,0.63373053
,3297,3,0,0.9335487
,3298,0,1,0.9218085
,3298,1,0,0.998549
,3298,2,3,1.0
,3298,3,1,0.77291054
,3299,0,1,0.9217169
,3299,1,2,1.0
,3299,2,0,0.9985486
,3299,3,1,0.891567
,3300,0,1,0.9217217
,3300,1,0,0.9964711
,3300,2,2,1.0
,3300,3,1,0.89492816
,3301,0,1,0.9218168
,3301,1,3,1.0
,3301,2,0,0.9984793
,3301,3,1,0.7963237
,3302,0,1,0.92169267
,3302,1,0,0.9509621
,3302,2,2,1.0
,3302,3,0,0.7973752
,3303,0,1,0.9216795
,3303,1,1,0.5337425
,3303,2,0,0.99844146
,3303,3,2,1.0
,3304,0,1,0.9216432
,3304,1,0,0.84279925
,3304,2,2,1.0
,3304,3,0,0.9320537
,3305,0,1,0.92168945
,3305,1,2,1.0
,3305,2,0,0.998441
,3305,3,1,0.7744661
,3306,0,1,0.92171884
,3306,1,0,0.9964716
,3306,2,2,1.0
,3306,3,1,0.8963346
,3307,0,1,0.9218258
,3307,1,3,1.0
,3307,2,0,0.99848
,3307,3,1,0.9174512
,3308,0,1,0.92171353
,3308,1,0,0.9985486
,3308,2,2,1.0
,3308,3,1,0.920948
,3309,0,1,0.921676
,3309,1,2,1.0
,3309,2,0,0.99844027
,3309,3,1,0.92148
,3310,0,1,0.92158115
,3310,1,0,0.99844027
,3310,2,2,1.0
,3310,3,1,0.9211771
,3311,0,1,0.9210535
,3311,1,2,1.0
,3311,2,0,0.99844027
,3311,3,1,0.9188371
,3312,0,1,0.9179983
,3312,1,0,0.99844027
,3312,2,2,1.0
,3312,3,1,0.90516925
,3313,0,1,0.9002877
,3313,1,2,1.0
,3313,2,0,0.9984405
,3313,3,1,0.8259061
,3314,0,1,0.79762733
,3314,1,0,0.9470798
,3314,2,2,1.0
,3314,3,0,0.6336444
,3315,0,0,0.7971117
,3315,1,1,0.53502184
,3315,2,0,0.94779325
,3315,3,3,1.0
,3316,0,2,1.0
,3316,1,0,0.8426647
,3316,2,1,0.53466314
,3316,3,0,0.93710136
,3317,0,0,0.93209624
,3317,1,2,1.0
,3317,2,0,0.8426337
,3317,3,1,0.77230936
,3318,0,1,0.7742536
,3318,1,0,0.996473
,3318,2,2,1.0
,3318,3,1,0.89250594
,3319,0,1,0.89564854
,3319,1,3,1.0
,3319,2,0,0.9984798
,3319,3,1,0.9001027
,3320,0,1,0.9134627
,3320,1,0,0.9985496
,3320,2,2,1.0
,3320,3,1,0.82445085
,3321,0,1,0.89936006
,3321,1,2,1.0
,3321,2,0,0.97154796
,3321,3,0,0.6340407
,3322,0,1,0.7975387
,3322,1,0,0.93544585
,3322,2,0,0.8557184
,3322,3,3,1.0
,3323,0,0,0.79692906
,3323,1,1,0.73577267
,3323,2,3,1.0
,3323,3,0,0.93755996
,3324,0,2,1.0
,3324,1,1,0.77691513
,3324,2,0,0.99855006
,3324,3,1,0.7647026
,3325,0,0,0.9320974
,3325,1,0,0.6476103
,3325,2,2,1.0
,3325,3,1,0.8687697
,3326,0,1,0.7746475
,3326,1,3,0.99998033
,3326,2,0,0.9984691
,3326,3,1,0.7881459
,3327,0,1,0.8963084
,3327,1,0,0.93754095
,3327,2,2,1.0
,3327,3,0,0.7987719
,3328,0,1,0.91731614
,3328,1,1,0.76471585
,3328,2,0,0.99844146
,3328,3,2,1.0
,3329,0,1,0.9209323
,3329,1,1,0.86877745
,3329,2,2,1.0
,3329,3,0,0.99844
,3330,0,1,0.9215472
,3330,1,1,0.78790337
,3330,2,0,0.99844027
,3330,3,2,1.0
,3331,0,1,0.9216241
,3331,1,0,0.7989945
,3331,2,2,1.0
,3331,3,0,0.9762226
,3332,0,1,0.92163754
,3332,1,2,1.0
,3332,2,0,0.9471131
,3332,3,0,0.93092453
,3333,0,1,0.9216648
,3333,1,0,0.99843967
,3333,2,1,0.5349151
,3333,3,2,1.0
,3334,0,1,0.92164016
,3334,1,2,1.0
,3334,2,0,0.84260696
,3334,3,0,0.9470616
,3335,0,1,0.9216688
,3335,1,0,0.99844074
,3335,2,2,1.0
,3335,3,1,0.5349429
,3336,0,1,0.92164093
,3336,1,2,1.0
,3336,2,0,0.9470621
,3336,3,0,0.84260225
,3337,0,1,0.9216686
,3337,1,0,0.99844086
,3337,2,1,0.534946
,3337,3,2,1.0
,3338,0,1,0.92164046
,3338,1,2,1.0
,3338,2,0,0.84259135
,3338,3,0,0.9320543
,3339,0,1,0.92168385
,3339,1,0,0.998441
,3339,2,2,1.0
,3339,3,1,0.77445346
,3340,0,1,0.9216884
,3340,1,2,1.0
,3340,2,0,0.99844
,3340,3,1,0.89629614
,3341,0,1,0.9216893
,3341,1,0,0.99844027
,3341,2,2,1.0
,3341,3,1,0.91731054
,3342,0,1,0.92168707
,3342,1,2,1.0
,3342,2,0,0.99844027
,3342,3,1,0.92093503
,3343,0,1,0.92167246
,3343,1,0,0.99844027
,3343,2,2,1.0
,3343,3,1,0.92156106
,3344,0,1,0.92158717
,3344,1,2,1.0
,3344,2,0,0.99844027
,3344,3,1,0.9216741
,3345,0,1,0.9210921
,3345,1,0,0.9964723
,3345,2,2,1.0
,3345,3,1,0.92172223
,3346,0,1,0.91818184
,3346,1,3,1.0
,3346,2,0,0.9965634
,3346,3,1,0.9218575
,3347,0,1,0.9005107
,3347,1,0,0.9985492
,3347,2,3,1.0
,3347,3,1,0.9218538
,3348,0,1,0.7977691
,3348,1,2,1.0
,3348,2,0,0.99855006
,3348,3,1,0.9217182
,3349,0,0,0.79718125
,3349,1,0,0.94513077
,3349,2,2,1.0
,3349,3,1,0.9217084
,3350,0,2,1.0
,3350,1,1,0.5658792
,3350,2,0,0.998441
,3350,3,1,0.9220205
,3351,0,0,0.97564936
,3351,1,0,0.747173
,3351,2,2,1.0
,3351,3,1,0.9236559
,3352,0,0,0.92173386
,3352,1,3,0.9996148
,3352,2,1,0.54862785
,3352,3,1,0.93103915
,3353,0,2,1.0
,3353,1,0,0.9985509
,3353,2,1,0.6891944
,3353,3,1,0.923473
,3354,0,0,0.9321033
,3354,1,2,1.0
,3354,2,0,0.8159266
,3354,3,1,0.92185
,3355,0,1,0.77444947
,3355,1,0,0.99844134
,3355,2,2,1.0
,3355,3,1,0.9211059
,3356,0,1,0.89630115
,3356,1,2,1.0
,3356,2,0,0.99844
,3356,3,1,0.91802
,3357,0,1,0.9173391
,3357,1,0,0.9964711
,3357,2,2,1.0
,3357,3,1,0.90036285
,3358,0,1,0.92106044
,3358,1,3,1.0
,3358,2,0,0.9984793
,3358,3,1,0.79799104
,3359,0,1,0.9215542
,3359,1,0,0.9779818
,3359,2,2,1.0
,3359,3,0,0.797188
,3360,0,1,0.92161804
,3360,1,0,0.93127126
,3360,2,0,0.9715617
,3360,3,2,1.0
,3361,0,1,0.9215771
,3361,1,2,1.0
,3361,2,0,0.8559308
,3361,3,0,0.9320938
,3362,0,1,0.9213039
,3362,1,0,0.99847376
,3362,2,3,1.0
,3362,3,1,0.77469873
,3363,0,1,0.9188597
,3363,1,2,1.0
,3363,2,0,0.9985486
,3363,3,1,0.8963411
,3364,0,1,0.9051631
,3364,1,0,0.99844015
,3364,2,2,1.0
,3364,3,1,0.91731626
,3365,0,1,0.82584333
,3365,1,2,1.0
,3365,2,0,0.9984405
,3365,3,1,0.92092794
,3366,0,0,0.63402206
,3366,1,0,0.9470982
,3366,2,2,1.0
,3366,3,1,0.9215397
,3367,0,3,0.99963194
,3367,1,1,0.5352588
,3367,2,0,0.9984684
,3367,3,1,0.9217499
,3368,0,0,0.93991095
,3368,1,0,0.84248865
,3368,2,2,1.0
,3368,3,1,0.9216825
,3369,0,1,0.7239025
,3369,1,2,1.0
,3369,2,0,0.998441
,3369,3,1,0.92169225
,3370,0,1,0.7430454
,3370,1,0,0.99646205
,3370,2,2,1.0
,3370,3,1,0.92169917
,3371,0,0,0.8063942
,3371,1,3,1.0
,3371,2,0,0.9339092
,3371,3,1,0.92175144
,3372,0,2,1.0
,3372,1,0,0.9985486
,3372,2,1,0.7653736
,3372,3,1,0.9217062
,3373,0,0,0.99844
,3373,1,2,1.0
,3373,2,1,0.86892587
,3373,3,1,0.9216902
,3374,0,2,1.0
,3374,1,0,0.9964631
,3374,2,1,0.78801167
,3374,3,1,0.9216821
,3375,0,0,0.9481197
,3375,1,3,1.0
,3375,2,0,0.7986218
,3375,3,1,0.92164475
,3376,0,1,0.53460896
,3376,1,0,0.9985497
,3376,2,2,1.0
,3376,3,1,0.9210569
,3377,0,0,0.8427169
,3377,1,2,1.0
,3377,2,0,0.97622365
,3377,3,1,0.91795695
,3378,0,2,1.0
,3378,1,0,0.9762397
,3378,2,0,0.93097734
,3378,3,1,0.9002389
,3379,0,0,0.9325922
,3379,1,0,0.93097526
,3379,2,2,1.0
,3379,3,1,0.79756707
,3380,0,1,0.76548374
,3380,1,2,1.0
,3380,2,0,0.9762211
,3380,3,0,0.7972958
,3381,0,1,0.8688718
,3381,1,0,0.97624165
,3381,2,0,0.9309767
,3381,3,2,1.0
,3382,0,1,0.78783846
,3382,1,0,0.93097556
,3382,2,2,1.0
,3382,3,0,0.9320349
,3383,0,0,0.79897344
,3383,1,2,1.0
,3383,2,0,0.9762199
,3383,3,1,0.77435374
,3384,0,2,1.0
,3384,1,0,0.9762442
,3384,2,0,0.93095225
,3384,3,1,0.8962336
,3385,0,0,0.9762276
,3385,1,0,0.9309627
,3385,2,2,1.0
,3385,3,1,0.9172552
,3386,0,0,0.93097234
,3386,1,2,1.0
,3386,2,0,0.9715364
,3386,3,1,0.92087173
,3387,0,2,1.0
,3387,1,0,0.9321095
,3387,2,0,0.85592675
,3387,3,1,0.9214485
,3388,0,0,0.99847376
,3388,1,1,0.77443683
,3388,2,3,0.99996305
,3388,3,1,0.9212837
,3389,0,2,1.0
,3389,1,1,0.8955327
,3389,2,0,0.9985486
,3389,3,1,0.9188685
,3390,0,0,0.99647135
,3390,1,1,0.9134897
,3390,2,2,1.0
,3390,3,1,0.9052353
,3391,0,3,1.0
,3391,1,1,0.89958894
,3391,2,0,0.9965575
,3391,3,1,0.826231
,3392,0,0,0.9509643
,3392,1,1,0.7977517
,3392,2,3,1.0
,3392,3,0,0.6332706
,3393,0,1,0.53398293
,3393,1,0,0.7969891
,3393,2,0,0.93755996
,3393,3,3,1.0
,3394,0,0,0.8427038
,3394,1,2,1.0
,3394,2,1,0.7646683
,3394,3,0,0.9370262
,3395,0,2,1.0
,3395,1,0,0.998441
,3395,2,1,0.868772
,3395,3,1,0.7735889
,3396,0,0,0.99844
,3396,1,2,1.0
,3396,2,1,0.78790194
,3396,3,1,0.8961321
,3397,0,2,1.0
,3397,1,0,0.97153234
,3397,2,0,0.79898494
,3397,3,1,0.9172424
,3398,0,0,0.94712514
,3398,1,0,0.85588884
,3398,2,2,1.0
,3398,3,1,0.9209097
,3399,0,1,0.53529143
,3399,1,3,1.0
,3399,2,0,0.9984722
,3399,3,1,0.92165357
,3400,0,0,0.84248275
,3400,1,0,0.9399137
,3400,2,2,1.0
,3400,3,1,0.9216653
,3401,0,2,1.0
,3401,1,1,0.72388494
,3401,2,0,0.998441
,3401,3,1,0.9216852
,3402,0,0,0.99844027
,3402,1,1,0.7429924
,3402,2,2,1.0
,3402,3,1,0.9216742
,3403,0,2,1.0
,3403,1,0,0.80663747
,3403,2,0,0.93207294
,3403,3,1,0.92163914
,3404,0,0,0.99844134
,3404,1,2,1.0
,3404,2,1,0.7742525
,3404,3,1,0.9216674
,3405,0,2,1.0
,3405,1,0,0.99844
,3405,2,1,0.8956717
,3405,3,1,0.92158467
,3406,0,0,0.9964718
,3406,1,2,1.0
,3406,2,1,0.9143541
,3406,3,1,0.9210859
,3407,0,3,1.0
,3407,1,0,0.99848
,3407,2,1,0.9044404
,3407,3,1,0.91814977
,3408,0,0,0.99671024
,3408,1,2,1.0
,3408,2,1,0.82572615
,3408,3,1,0.90037346
,3409,0,3,1.0
,3409,1,0,0.9364532
,3409,2,0,0.633576
,3409,3,1,0.797909
,3410,0,0,0.93993217
,3410,1,1,0.7247732
,3410,2,3,1.0
,3410,3,0,0.79689616
,3411,0,1,0.7238337
,3411,1,1,0.74325037
,3411,2,0,0.9985503
,3411,3,2,1.0
,3412,0,1,0.74286616
,3412,1,0,0.8067491
,3412,2,2,1.0
,3412,3,0,0.9320372
,3413,0,0,0.8066677
,3413,1,2,1.0
,3413,2,0,0.9470941
,3413,3,1,0.7740813
,3414,0,2,1.0
,3414,1,0,0.998441
,3414,2,1,0.5349573
,3414,3,1,0.8954206
,3415,0,0,0.9352536
,3415,1,2,1.0
,3415,2,0,0.84253144
,3415,3,1,0.9132667
,3416,0,1,0.72344935
,3416,1,0,0.9480757
,3416,2,2,1.0
,3416,3,1,0.89871764
,3417,0,1,0.73822236
,3417,1,1,0.5277744
,3417,2,3,1.0
,3417,3,1,0.7931494
,3418,0,0,1.0
,3418,1,3,0.5284617
,3418,2,0,1.0
,3418,3,0,1.0
,3419,0,1,0.7630171
,3419,1,0,0.99662924
,3419,2,2,1.0
,3419,3,1,0.76297045
,3420,0,1,0.89449245
,3420,1,3,1.0
,3420,2,0,0.99848026
,3420,3,1,0.89435107
,3421,0,1,0.9170167
,3421,1,0,0.9985486
,3421,2,2,1.0
,3421,3,1,0.91635555
,3422,0,1,0.9209623
,3422,1,2,1.0
,3422,2,0,0.9965496
,3422,3,1,0.91729295
,3423,0,1,0.9219764
,3423,1,0,0.99847955
,3423,2,3,0.9603349
,3423,3,1,0.9008657
,3424,0,1,0.92337954
,3424,1,2,1.0
,3424,2,0,0.9972541
,3424,3,1,0.8009815
,3425,0,1,0.92966294
,3425,1,0,0.91911477
,3425,2,3,1.0
,3425,3,0,0.7777748
,3426,0,1,0.9247926
,3426,1,1,0.549059
,3426,2,0,0.9972605
,3426,3,2,1.0
,3427,0,1,0.92958766
,3427,1,0,0.8251225
,3427,2,3,1.0
,3427,3,0,0.89685017
,3428,0,1,0.92315096
,3428,1,2,1.0
,3428,2,0,0.99854934
,3428,3,1,0.7809359
,3429,0,1,0.9215268
,3429,1,0,0.9984412
,3429,2,2,1.0
,3429,3,1,0.8974826
,3430,0,1,0.91923094
,3430,1,2,1.0
,3430,2,0,0.99844
,3430,3,1,0.91782695
,3431,0,1,0.9071625
,3431,1,0,0.9970942
,3431,2,2,1.0
,3431,3,1,0.92276907
,3432,0,1,0.83575803
,3432,1,3,1.0
,3432,2,0,0.99774736
,3432,3,1,0.9299728
,3433,0,0,0.67004514
,3433,1,0,0.9728692
,3433,2,2,1.0
,3433,3,1,0.92482376
,3434,0,3,1.0
,3434,1,0,0.8438532
,3434,2,0,0.9181368
,3434,3,1,0.9296072
,3435,0,0,0.9967174
,3435,1,3,1.0
,3435,2,1,0.5451563
,3435,3,1,0.9234671
,3436,0,3,1.0
,3436,1,0,0.93727285
,3436,2,0,0.8405089
,3436,3,1,0.9223981
,3437,0,0,0.9972924
,3437,1,1,0.7697241
,3437,2,2,1.0
,3437,3,1,0.9235108
,3438,0,3,1.0
,3438,1,1,0.881654
,3438,2,0,0.9977502
,3438,3,1,0.92985445
,3439,0,0,0.9985504
,3439,1,1,0.7922783
,3439,2,2,1.0
,3439,3,1,0.92325664
,3440,0,2,1.0
,3440,1,0,0.7982241
,3440,2,0,0.97155005
,3440,3,1,0.9219256
,3441,0,0,0.9442817
,3441,1,2,1.0
,3441,2,0,0.8558994
,3441,3,1,0.9217196
,3442,0,1,0.58076465
,3442,1,0,0.99847245
,3442,2,3,1.0
,3442,3,1,0.92180836
,3443,0,0,0.70214945
,3443,1,2,1.0
,3443,2,0,0.9369682
,3443,3,1,0.92177004
,3444,0,3,1.0
,3444,1,0,0.9984708
,3444,2,1,0.7745265
,3444,3,1,0.92209893
,3445,0,0,0.9972929
,3445,1,2,1.0
,3445,2,1,0.8983298
,3445,3,1,0.9234665
,3446,0,3,1.0
,3446,1,0,0.99497503
,3446,2,1,0.925316
,3446,3,1,0.9299072
,3447,0,0,0.9967208
,3447,1,3,1.0
,3447,2,1,0.91922426
,3447,3,1,0.9235421
,3448,0,3,1.0
,3448,1,0,0.9985492
,3448,2,1,0.90074426
,3448,3,1,0.9221566
,3449,0,0,0.9967117
,3449,1,2,1.0
,3449,2,1,0.7978856
,3449,3,1,0.92178905
,3450,0,3,1.0
,3450,1,0,0.9767401
,3450,2,0,0.7969265
,3450,3,1,0.92178375
,3451,0,0,0.97363794
,3451,1,0,0.9310414
,3451,2,2,1.0
,3451,3,1,0.9216885
,3452,0,0,0.8565039
,3452,1,2,1.0
,3452,2,0,0.93519884
,3452,3,1,0.92167234
,3453,0,3,1.0
,3453,1,0,0.9984735
,3453,2,1,0.72515947
,3453,3,1,0.9217976
,3454,0,0,0.9967099
,3454,1,2,1.0
,3454,2,1,0.7434461
,3454,3,1,0.9217221
,3455,0,3,1.0
,3455,1,0,0.9333615
,3455,2,0,0.80631447
,3455,3,1,0.92176133
,3456,0,0,0.9967156
,3456,1,1,0.77431804
,3456,2,2,1.0
,3456,3,1,0.92174155
,3457,0,3,1.0
,3457,1,1,0.8964521
,3457,2,0,0.9984798
,3457,3,1,0.92184407
,3458,0,0,0.9967157
,3458,1,1,0.9174241
,3458,2,2,1.0
,3458,3,1,0.92180187
,3459,0,3,1.0
,3459,1,1,0.921375
,3459,2,0,0.99848
,3459,3,1,0.9221394
,3460,0,0,0.9972929
,3460,1,1,0.9232968
,3460,2,2,1.0
,3460,3,1,0.9234989
,3461,0,3,1.0
,3461,1,1,0.92960066
,3461,2,0,0.9977523
,3461,3,1,0.9300526
,3462,0,0,0.99729484
,3462,1,1,0.9217793
,3462,2,2,1.0
,3462,3,1,0.92450446
,3463,0,3,1.0
,3463,1,1,0.911256
,3463,2,0,0.9977573
,3463,3,1,0.92723155
,3464,0,0,0.99830604
,3464,1,1,0.8040834
,3464,2,2,1.0
,3464,3,1,0.9051318
,3465,0,2,1.0
,3465,1,0,0.77976626
,3465,2,0,0.9051253
,3465,3,1,0.81373173
,3466,0,0,0.9335204
,3466,1,2,1.0
,3466,2,1,0.54819196
,3466,3,0,0.7943074
,3467,0,1,0.77409863
,3467,1,0,0.9352238
,3467,2,0,0.8402961
,3467,3,2,1.0
,3468,0,1,0.8962335
,3468,1,1,0.72484607
,3468,2,2,1.0
,3468,3,0,0.99844074
,3469,0,1,0.9172842
,3469,1,1,0.7432884
,3469,2,0,0.99844027
,3469,3,2,1.0
,3470,0,1,0.92088234
,3470,1,0,0.8065964
,3470,2,2,1.0
,3470,3,0,0.9442179
,3471,0,1,0.92152697
,3471,1,2,1.0
,3471,2,0,0.9984412
,3471,3,1,0.58043236
,3472,0,1,0.9215392
,3472,1,0,0.94708836
,3472,2,2,1.0
,3472,3,0,0.7022727
,3473,0,1,0.9211525
,3473,1,1,0.53527206
,3473,2,0,0.99846935
,3473,3,3,1.0
,3474,0,1,0.9180969
,3474,1,0,0.84248304
,3474,2,2,1.0
,3474,3,0,0.9369842
,3475,0,1,0.9008825
,3475,1,2,1.0
,3475,2,0,0.9984412
,3475,3,1,0.7742994
,3476,0,1,0.8010248
,3476,1,0,0.9970684
,3476,2,2,1.0
,3476,3,1,0.8983086
,3477,0,0,0.77749676
,3477,1,3,0.99999464
,3477,2,0,0.95727354
,3477,3,1,0.9255381
,3478,0,2,1.0
,3478,1,0,0.936991
,3478,2,0,0.8516459
,3478,3,1,0.9225825
,3479,0,0,0.9984753
,3479,1,1,0.77464384
,3479,2,3,1.0
,3479,3,1,0.92227155
,3480,0,2,1.0
,3480,1,1,0.8986139
,3480,2,0,0.99827796
,3480,3,1,0.92361
,3481,0,0,0.99691594
,3481,1,1,0.9268475
,3481,2,2,1.0
,3481,3,1,0.93079424
,3482,0,2,1.0
,3482,1,1,0.9305179
,3482,2,0,0.99500716
,3482,3,1,0.9311492
,3483,0,0,0.99856013
,3483,1,1,0.9239104
,3483,2,3,1.0
,3483,3,1,0.9240321
,3484,0,2,1.0
,3484,1,1,0.92384356
,3484,2,0,0.9982758
,3484,3,1,0.9239444
,3485,0,0,0.99533683
,3485,1,1,0.930521
,3485,2,2,1.0
,3485,3,1,0.9310032
,3486,0,3,1.0
,3486,1,1,0.92876625
,3486,2,0,0.9979617
,3486,3,1,0.93176186
,3487,0,0,0.99729407
,3487,1,1,0.9060324
,3487,2,2,1.0
,3487,3,1,0.92527735
,3488,0,3,1.0
,3488,1,1,0.8168491
,3488,2,0,0.9977521
,3488,3,1,0.9301397
,3489,0,0,0.9779916
,3489,1,0,0.7935557
,3489,2,2,1.0
,3489,3,1,0.9233283
,3490,0,0,0.93126106
,3490,1,2,1.0
,3490,2,0,0.9755682
,3490,3,1,0.9222394
,3491,0,2,1.0
,3491,1,0,0.97483164
,3491,2,0,0.9198622
,3491,3,1,0.9234887
,3492,0,0,0.94837904
,3492,1,0,0.90918636
,3492,2,2,1.0
,3492,3,1,0.9304366
,3493,0,0,0.8347004
,3493,1,2,1.0
,3493,2,0,0.8486779
,3493,3,1,0.93154067
,3494,0,3,1.0
,3494,1,0,0.99672306
,3494,2,1,0.5667358
,3494,3,1,0.9237803
,3495,0,0,0.97798645
,3495,1,3,1.0
,3495,2,0,0.83685523
,3495,3,1,0.92215383
,3496,0,0,0.93120545
,3496,1,0,0.94832057
,3496,2,2,1.0
,3496,3,1,0.92173684
,3497,0,2,1.0
,3497,1,1,0.5792179
,3497,2,0,0.99844
,3497,3,1,0.92158127
,3498,0,0,0.93211025
,3498,1,0,0.702653
,3498,2,2,1.0
,3498,3,1,0.9210341
,3499,0,1,0.77446896
,3499,1,3,1.0
,3499,2,0,0.9984708
,3499,3,1,0.91810197
,3500,0,1,0.89570045
,3500,1,0,0.99854875
,3500,2,2,1.0
,3500,3,1,0.90032417
,3501,0,1,0.9143078
,3501,1,2,1.0
,3501,2,0,0.99844027
,3501,3,1,0.7976841
,3502,0,1,0.9042137
,3502,1,0,0.97152144
,3502,2,2,1.0
,3502,3,0,0.79731685
,3503,0,1,0.8255498
,3503,1,0,0.8557397
,3503,2,0,0.9352169
,3503,3,2,1.0
,3504,0,0,0.63379604
,3504,1,3,1.0
,3504,2,1,0.7250642
,3504,3,0,0.933222
,3505,0,3,1.0
,3505,1,0,0.9985497
,3505,2,1,0.743588
,3505,3,1,0.7744554
,3506,0,0,0.97362936
,3506,1,2,1.0
,3506,2,0,0.80657595
,3506,3,1,0.8962708
,3507,0,0,0.8563654
,3507,1,0,0.9715665
,3507,2,2,1.0
,3507,3,1,0.9172983
,3508,0,3,1.0
,3508,1,0,0.8556775
,3508,2,0,0.9766839
,3508,3,1,0.921022
,3509,0,0,0.9399248
,3509,1,3,1.0
,3509,2,0,0.9308826
,3509,3,1,0.9216652
,3510,0,1,0.72400373
,3510,1,0,0.9967151
,3510,2,2,1.0
,3510,3,1,0.92171484
,3511,0,1,0.74332756
,3511,1,3,1.0
,3511,2,0,0.99847883
,3511,3,1,0.9218137
,3512,0,0,0.80664736
,3512,1,0,0.97363573
,3512,2,2,1.0
,3512,3,1,0.9216899
,3513,0,2,1.0
,3513,1,0,0.8564742
,3513,2,0,0.9471264
,3513,3,1,0.92167693
,3514,0,0,0.9984722
,3514,1,3,1.0
,3514,2,1,0.5352922
,3514,3,1,0.92178607
,3515,0,2,1.0
,3515,1,0,0.9371143
,3515,2,0,0.84248006
,3515,3,1,0.92168903
,3516,0,0,0.9984412
,3516,1,1,0.7720602
,3516,2,2,1.0
,3516,3,1,0.9216937
,3517,0,2,1.0
,3517,1,1,0.89141226
,3517,2,0,0.99844
,3517,3,1,0.9216949
,3518,0,0,0.9964711
,3518,1,1,0.8948971
,3518,2,2,1.0
,3518,3,1,0.92171806
,3519,0,3,1.0
,3519,1,1,0.7963186
,3519,2,0,0.9984793
,3519,3,1,0.9218177
,3520,0,0,0.9370206
,3520,1,0,0.7973495
,3520,2,2,1.0
,3520,3,1,0.92170113
,3521,0,1,0.7736767
,3521,1,2,1.0
,3521,2,0,0.996475
,3521,3,1,0.9217267
,3522,0,1,0.896332
,3522,1,0,0.9984798
,3522,2,3,1.0
,3522,3,1,0.9218334
,3523,0,1,0.91735756
,3523,1,2,1.0
,3523,2,0,0.99671596
,3523,3,1,0.92175406
,3524,0,1,0.9211062
,3524,1,0,0.9965636
,3524,2,3,1.0
,3524,3,1,0.92186373
,3525,0,1,0.9217246
,3525,1,3,1.0
,3525,2,0,0.9985491
,3525,3,1,0.9218575
,3526,0,1,0.92169136
,3526,1,0,0.9985486
,3526,2,2,1.0
,3526,3,1,0.9217284
,3527,0,1,0.9216433
,3527,1,2,1.0
,3527,2,0,0.9964724
,3527,3,1,0.92173177
,3528,0,1,0.92136884
,3528,1,0,0.9965635
,3528,2,3,1.0
,3528,3,1,0.92185944
,3529,0,1,0.9190103
,3529,1,3,1.0
,3529,2,0,0.9985491
,3529,3,1,0.9218553
,3530,0,1,0.9051983
,3530,1,0,0.99854875
,3530,2,2,1.0
,3530,3,1,0.92172
,3531,0,1,0.8258617
,3531,1,2,1.0
,3531,2,0,0.9984405
,3531,3,1,0.92168784
,3532,0,0,0.6339699
,3532,1,0,0.9442523
,3532,2,2,1.0
,3532,3,1,0.92167264
,3533,0,3,1.0
,3533,1,1,0.5807331
,3533,2,0,0.99846864
,3533,3,1,0.92178714
,3534,0,0,0.9369697
,3534,1,0,0.7021577
,3534,2,2,1.0
,3534,3,1,0.9217616
,3535,0,1,0.7745012
,3535,1,3,1.0
,3535,2,0,0.998471
,3535,3,1,0.9220709
,3536,0,1,0.89825654
,3536,1,0,0.99827796
,3536,2,2,1.0
,3536,3,1,0.92331135
,3537,0,1,0.9251867
,3537,1,2,1.0
,3537,2,0,0.9974317
,3537,3,1,0.92921543
,3538,0,1,0.92243475
,3538,1,0,0.99848896
,3538,2,2,1.0
,3538,3,1,0.92314667
,3539,0,1,0.92171574
,3539,1,2,1.0
,3539,2,0,0.9984412
,3539,3,1,0.92194474
,3540,0,1,0.92107767
,3540,1,0,0.99844027
,3540,2,2,1.0
,3540,3,1,0.9217341
,3541,0,1,0.91800606
,3541,1,2,1.0
,3541,2,0,0.99844027
,3541,3,1,0.9216974
,3542,0,1,0.9003059
,3542,1,0,0.99844027
,3542,2,2,1.0
,3542,3,1,0.9216899
,3543,0,1,0.7976986
,3543,1,2,1.0
,3543,2,0,0.9984405
,3543,3,1,0.9216853
,3544,0,0,0.7971939
,3544,1,0,0.9449989
,3544,2,2,1.0
,3544,3,1,0.9216941
,3545,0,2,1.0
,3545,1,1,0.56797796
,3545,2,0,0.9984412
,3545,3,1,0.9219687
,3546,0,0,0.9451882
,3546,1,0,0.74069726
,3546,2,2,1.0
,3546,3,1,0.92336273
,3547,0,1,0.5623537
,3547,1,3,1.0
,3547,2,0,0.9976936
,3547,3,1,0.92970914
,3548,0,0,0.837524
,3548,1,0,0.9509798
,3548,2,2,1.0
,3548,3,1,0.9232093
,3549,0,2,1.0
,3549,1,1,0.53381413
,3549,2,0,0.996466
,3549,3,1,0.92196715
,3550,0,0,0.9333517
,3550,1,0,0.8425857
,3550,2,3,1.0
,3550,3,1,0.9218021
,3551,0,1,0.77430505
,3551,1,2,1.0
,3551,2,0,0.9967157
,3551,3,1,0.92174494
,3552,0,1,0.8964145
,3552,1,0,0.9984799
,3552,2,3,1.0
,3552,3,1,0.92183024
,3553,0,1,0.91724837
,3553,1,2,1.0
,3553,2,0,0.9985486
,3553,3,1,0.9217174
,3554,0,1,0.9204436
,3554,1,0,0.99844027
,3554,2,2,1.0
,3554,3,1,0.9216949
,3555,0,1,0.9187055
,3555,1,2,1.0
,3555,2,0,0.99844027
,3555,3,1,0.9216906
,3556,0,1,0.90513396
,3556,1,0,0.99844027
,3556,2,2,1.0
,3556,3,1,0.9216884
,3557,0,1,0.82584304
,3557,1,2,1.0
,3557,2,0,0.9984405
,3557,3,1,0.921682
,3558,0,0,0.6339751
,3558,1,0,0.9442523
,3558,2,2,1.0
,3558,3,1,0.9216704
,3559,0,3,1.0
,3559,1,1,0.5807332
,3559,2,0,0.99846864
,3559,3,1,0.9217788
,3560,0,0,0.9370105
,3560,1,0,0.7021575
,3560,2,2,1.0
,3560,3,1,0.92171407
,3561,0,1,0.77379805
,3561,1,3,1.0
,3561,2,0,0.998471
,3561,3,1,0.92179596
,3562,0,1,0.8960899
,3562,1,0,0.9985486
,3562,2,2,1.0
,3562,3,1,0.9217156
,3563,0,1,0.91681063
,3563,1,2,1.0
,3563,2,0,0.99647194
,3563,3,1,0.921725
,3564,0,1,0.91821074
,3564,1,0,0.99848014
,3564,2,3,1.0
,3564,3,1,0.9218335
,3565,0,1,0.90510863
,3565,1,2,1.0
,3565,2,0,0.99748904
,3565,3,1,0.9217518
,3566,0,1,0.8261866
,3566,1,0,0.9965569
,3566,2,3,0.5770329
,3566,3,1,0.92185366
,3567,0,0,0.63331324
,3567,1,3,1.0
,3567,2,0,0.97751576
,3567,3,1,0.9218456
,3568,0,3,1.0
,3568,1,0,0.9779839
,3568,2,0,0.9310659
,3568,3,1,0.9217876
,3569,0,0,0.93742406
,3569,1,0,0.9312025
,3569,2,2,1.0
,3569,3,1,0.92169017
,3570,0,1,0.76673585
,3570,1,2,1.0
,3570,2,0,0.99844
,3570,3,1,0.92169386
,3571,0,1,0.8750352
,3571,1,0,0.99647087
,3571,2,2,1.0
,3571,3,1,0.9217178
,3572,0,1,0.81745756
,3572,1,3,1.0
,3572,2,0,0.9984793
,3572,3,1,0.9218201
,3573,0,0,0.6360137
,3573,1,0,0.9779756
,3573,2,2,1.0
,3573,3,1,0.92170906
,3574,0,3,1.0
,3574,1,0,0.93116105
,3574,2,0,0.9719896
,3574,3,1,0.92173016
,3575,0,0,0.97362393
,3575,1,2,1.0
,3575,2,0,0.85588264
,3575,3,1,0.9216193
,3576,0,0,0.8562732
,3576,1,0,0.9720751
,3576,2,3,1.0
,3576,3,1,0.921293
,3577,0,3,1.0
,3577,1,0,0.8558428
,3577,2,0,0.95095485
,3577,3,1,0.9189767
,3578,0,0,0.9985498
,3578,1,3,0.9999999
,3578,2,1,0.53408724
,3578,3,1,0.9053159
,3579,0,2,1.0
,3579,1,0,0.93711746
,3579,2,0,0.84277713
,3579,3,1,0.8259148
,3580,0,0,0.97156954
,3580,1,1,0.7720183
,3580,2,2,1.0
,3580,3,0,0.633639
,3581,0,0,0.85580724
,3581,1,1,0.8914773
,3581,2,0,0.9331865
,3581,3,3,1.0
,3582,0,3,1.0
,3582,1,1,0.8949947
,3582,2,1,0.77299386
,3582,3,0,0.9985491
,3583,0,0,0.94831353
,3583,1,1,0.7960571
,3583,2,1,0.89156824
,3583,3,2,1.0
,3584,0,1,0.5793604
,3584,1,0,0.7974773
,3584,2,1,0.8948781
,3584,3,2,1.0
,3585,0,0,0.7023907
,3585,1,2,1.0
,3585,2,1,0.7959708
,3585,3,0,0.932165
,3586,0,3,1.0
,3586,1,0,0.97661763
,3586,2,0,0.7973214
,3586,3,1,0.7745377
,3587,0,0,0.9736289
,3587,1,0,0.93100256
,3587,2,2,1.0
,3587,3,1,0.89626676
,3588,0,0,0.8563514
,3588,1,2,1.0
,3588,2,0,0.9762392
,3588,3,1,0.9171809
,3589,0,3,1.0
,3589,1,0,0.976665
,3589,2,0,0.9308553
,3589,3,1,0.92036384
,3590,0,0,0.9779827
,3590,1,0,0.9310215
,3590,2,2,1.0
,3590,3,1,0.91793275
,3591,0,0,0.9312886
,3591,1,2,1.0
,3591,2,0,0.9755305
,3591,3,1,0.90071815
,3592,0,2,1.0
,3592,1,0,0.9310564
,3592,2,0,0.919864
,3592,3,1,0.80049527
,3593,0,0,0.9500626
,3593,1,1,0.78444195
,3593,2,2,1.0
,3593,3,0,0.7798091
,3594,0,0,0.8497258
,3594,1,1,0.8786679
,3594,2,0,0.9337177
,3594,3,2,1.0
,3595,0,3,1.0
,3595,1,1,0.8184854
,3595,2,1,0.7744159
,3595,3,0,0.9984739
,3596,0,0,0.97797513
,3596,1,0,0.6356414
,3596,2,1,0.89629567
,3596,3,2,1.0
,3597,0,0,0.9311537
,3597,1,3,1.0
,3597,2,1,0.9174072
,3597,3,0,0.93300384
,3598,0,2,1.0
,3598,1,0,0.93895066
,3598,2,1,0.92129767
,3598,3,1,0.77513313
,3599,0,2,1.0
,3599,1,1,0.74048823
,3599,2,1,0.9235992
,3599,3,1,0.8988893
,3600,0,2,1.0
,3600,1,1,0.79176456
,3600,2,1,0.93135697
,3600,3,1,0.9274803
,3601,0,2,1.0
,3601,1,0,0.6615466
,3601,2,1,0.93288416
,3601,3,1,0.9322784
,3602,0,0,0.9979616
,3602,1,3,1.0
,3602,2,1,0.93179566
,3602,3,1,0.9317023
,3603,0,2,1.0
,3603,1,0,0.99854934
,3603,2,1,0.9235981
,3603,3,1,0.9236001
,3604,0,0,0.99844146
,3604,1,2,1.0
,3604,2,1,0.92191815
,3604,3,1,0.9220244
,3605,0,2,1.0
,3605,1,0,0.99844027
,3605,2,1,0.92111886
,3605,3,1,0.921753
,3606,0,0,0.99647194
,3606,1,2,1.0
,3606,2,1,0.91804767
,3606,3,1,0.92173016
,3607,0,3,1.0
,3607,1,0,0.99848
,3607,2,1,0.9004739
,3607,3,1,0.92182684
,3608,0,0,0.9985497
,3608,1,2,1.0
,3608,2,1,0.79773957
,3608,3,1,0.9217129
,3609,0,2,1.0
,3609,1,0,0.9762227
,3609,2,0,0.7972956
,3609,3,1,0.92170024
,3610,0,0,0.94679844
,3610,1,0,0.93092096
,3610,2,2,1.0
,3610,3,1,0.92192584
,3611,0,1,0.5399548
,3611,1,2,1.0
,3611,2,0,0.99705106
,3611,3,1,0.923309
,3612,0,0,0.826849
,3612,1,0,0.89653397
,3612,2,3,1.0
,3612,3,1,0.9293509
,3613,0,2,1.0
,3613,1,1,0.7810469
,3613,2,0,0.9967179
,3613,3,1,0.9232136
,3614,0,0,0.9984817
,3614,1,1,0.89760166
,3614,2,3,1.0
,3614,3,1,0.9220898
,3615,0,2,1.0
,3615,1,1,0.91754436
,3615,2,0,0.9985486
,3615,3,1,0.9217675
,3616,0,0,0.99647206
,3616,1,1,0.921005
,3616,2,2,1.0
,3616,3,1,0.9217331
,3617,0,3,1.0
,3617,1,1,0.9217041
,3617,2,0,0.99848026
,3617,3,1,0.92182946
,3618,0,0,0.9985486
,3618,1,1,0.92169815
,3618,2,2,1.0
,3618,3,1,0.9217198
,3619,0,2,1.0
,3619,1,1,0.9217056
,3619,2,0,0.99844027
,3619,3,1,0.92170924
,3620,0,0,0.99647206
,3620,1,1,0.9217731
,3620,2,2,1.0
,3620,3,1,0.92177373
,3621,0,3,1.0
,3621,1,1,0.92213017
,3621,2,0,0.99848
,3621,3,1,0.9221303
,3622,0,0,0.997293
,3622,1,1,0.9234737
,3622,2,2,1.0
,3622,3,1,0.9234738
,3623,0,3,1.0
,3623,1,1,0.9299118
,3623,2,0,0.99497443
,3623,3,1,0.9299118
,3624,0,0,0.9985502
,3624,1,1,0.9235642
,3624,2,3,1.0
,3624,3,1,0.9235646
,3625,0,2,1.0
,3625,1,1,0.9223594
,3625,2,0,0.9985486
,3625,3,1,0.922362
,3626,0,0,0.9971761
,3626,1,1,0.92376566
,3626,2,2,1.0
,3626,3,1,0.923781
,3627,0,3,1.0
,3627,1,1,0.9312042
,3627,2,0,0.9668749
,3627,3,1,0.93129224
,3628,0,0,0.99729544
,3628,1,1,0.9246633
,3628,2,2,1.0
,3628,3,1,0.925226
,3629,0,3,1.0
,3629,1,1,0.9268446
,3629,2,0,0.99775875
,3629,3,1,0.93015504
,3630,0,0,0.99671763
,3630,1,1,0.9024092
,3630,2,2,1.0
,3630,3,1,0.9233582
,3631,0,3,1.0
,3631,1,1,0.7987096
,3631,2,0,0.99656075
,3631,3,1,0.9221329
,3632,0,0,0.9370588
,3632,1,0,0.79665804
,3632,2,3,1.0
,3632,3,1,0.92187154
,3633,0,1,0.7733981
,3633,1,2,1.0
,3633,2,0,0.9985486
,3633,3,1,0.9217286
,3634,0,1,0.89551574
,3634,1,0,0.99844
,3634,2,2,1.0
,3634,3,1,0.9216962
,3635,0,1,0.9142889
,3635,1,2,1.0
,3635,2,0,0.99844027
,3635,3,1,0.9216907
,3636,0,1,0.90425736
,3636,1,0,0.99844027
,3636,2,2,1.0
,3636,3,1,0.9216884
,3637,0,1,0.8255915
,3637,1,2,1.0
,3637,2,0,0.9984405
,3637,3,1,0.921682
,3638,0,0,0.63403505
,3638,1,0,0.94709986
,3638,2,2,1.0
,3638,3,1,0.9216697
,3639,0,3,0.99999964
,3639,1,1,0.53523207
,3639,2,0,0.9984684
,3639,3,1,0.92177147
,3640,0,0,0.9736247
,3640,1,0,0.84257126
,3640,2,2,1.0
,3640,3,1,0.92168146
,3641,0,0,0.8562869
,3641,1,2,1.0
,3641,2,0,0.97625226
,3641,3,1,0.9216729
,3642,0,3,1.0
,3642,1,0,0.9331805
,3642,2,0,0.93084776
,3642,3,1,0.921731
,3643,0,0,0.9985486
,3643,1,1,0.77425027
,3643,2,2,1.0
,3643,3,1,0.9216989
,3644,0,2,1.0
,3644,1,1,0.89624566
,3644,2,0,0.99844
,3644,3,1,0.9216964
,3645,0,0,0.99647194
,3645,1,1,0.9172272
,3645,2,2,1.0
,3645,3,1,0.92172176
,3646,0,3,1.0
,3646,1,1,0.92046356
,3646,2,0,0.99848
,3646,3,1,0.9218339
,3647,0,0,0.9967156
,3647,1,1,0.91808075
,3647,2,2,1.0
,3647,3,1,0.92175615
,3648,0,3,1.0
,3648,1,1,0.9013189
,3648,2,0,0.99848
,3648,3,1,0.9218766
,3649,0,0,0.99854994
,3649,1,1,0.8027749
,3649,2,2,1.0
,3649,3,1,0.9219831
,3650,0,2,1.0
,3650,1,0,0.7680529
,3650,2,0,0.9452466
,3650,3,1,0.923266
,3651,0,0,0.9942402
,3651,1,2,1.0
,3651,2,1,0.56067157
,3651,3,1,0.9292789
,3652,0,3,1.0
,3652,1,0,0.9355637
,3652,2,0,0.8375369
,3652,3,1,0.92355293
,3653,0,0,0.99729276
,3653,1,1,0.7779752
,3653,2,2,1.0
,3653,3,1,0.9237584
,3654,0,3,1.0
,3654,1,1,0.9063397
,3654,2,0,0.9977511
,3654,3,1,0.9301732
,3655,0,0,0.99729484
,3655,1,1,0.9177286
,3655,2,2,1.0
,3655,3,1,0.92504364
,3656,0,3,1.0
,3656,1,1,0.91055703
,3656,2,0,0.99775684
,3656,3,1,0.9303625
,3657,0,0,0.9972611
,3657,1,1,0.8043183
,3657,2,2,1.0
,3657,3,1,0.9249177
,3658,0,3,1.0
,3658,1,0,0.77723354
,3658,2,0,0.8977919
,3658,3,1,0.9296268
,3659,0,0,0.9985492
,3659,1,2,1.0
,3659,2,1,0.77223843
,3659,3,1,0.9232356
,3660,0,2,1.0
,3660,1,0,0.99647325
,3660,2,1,0.8704001
,3660,3,1,0.92198575
,3661,0,0,0.9984792
,3661,1,3,1.0
,3661,2,1,0.788706
,3661,3,1,0.921858
,3662,0,2,1.0
,3662,1,0,0.9779817
,3662,2,0,0.7987853
,3662,3,1,0.9216755
,3663,0,0,0.9762455
,3663,1,0,0.9312705
,3663,2,2,1.0
,3663,3,1,0.9215438
,3664,0,0,0.9309323
,3664,1,2,1.0
,3664,2,0,0.94707245
,3664,3,1,0.9210018
,3665,0,2,1.0
,3665,1,0,0.99843967
,3665,2,1,0.5349273
,3665,3,1,0.917975
,3666,0,0,0.93214303
,3666,1,2,1.0
,3666,2,0,0.842604
,3666,3,1,0.90025043
,3667,0,1,0.77294296
,3667,1,0,0.9964648
,3667,2,2,1.0
,3667,3,1,0.7977285
,3668,0,1,0.89163387
,3668,1,3,1.0
,3668,2,0,0.94811165
,3668,3,0,0.79694617
,3669,0,1,0.89486015
,3669,1,0,0.9985503
,3669,2,1,0.5345979
,3669,3,2,1.0
,3670,0,1,0.7958921
,3670,1,2,1.0
,3670,2,0,0.84275067
,3670,3,0,0.9320247
,3671,0,0,0.7976117
,3671,1,0,0.97623223
,3671,2,2,1.0
,3671,3,1,0.7743596
,3672,0,2,1.0
,3672,1,0,0.9309265
,3672,2,0,0.9471092
,3672,3,1,0.8962286
,3673,0,0,0.9984393
,3673,1,2,1.0
,3673,2,1,0.53489786
,3673,3,1,0.91727996
,3674,0,2,1.0
,3674,1,0,0.97622186
,3674,2,0,0.8426651
,3674,3,1,0.92086995
,3675,0,0,0.9762419
,3675,1,0,0.93095297
,3675,2,2,1.0
,3675,3,1,0.9214046
,3676,0,0,0.9309593
,3676,1,2,1.0
,3676,2,0,0.9762271
,3676,3,1,0.92098194
,3677,0,2,1.0
,3677,1,0,0.9762277
,3677,2,0,0.9309576
,3677,3,1,0.91794336
,3678,0,0,0.9762261
,3678,1,0,0.93097657
,3678,2,2,1.0
,3678,3,1,0.90023047
,3679,0,0,0.9309911
,3679,1,2,1.0
,3679,2,0,0.9470528
,3679,3,1,0.7975545
,3680,0,2,1.0
,3680,1,0,0.9470232
,3680,2,1,0.5347536
,3680,3,0,0.79739594
,3681,0,0,0.9351504
,3681,1,1,0.53480834
,3681,2,0,0.8427619
,3681,3,2,1.0
,3682,0,1,0.7247559
,3682,1,0,0.84262323
,3682,2,2,1.0
,3682,3,0,0.93206847
,3683,0,1,0.7433121
,3683,1,2,1.0
,3683,2,0,0.99646574
,3683,3,1,0.774481
,3684,0,0,0.8063698
,3684,1,0,0.976734
,3684,2,3,0.9999995
,3684,3,1,0.8963893
,3685,0,2,1.0
,3685,1,0,0.93103015
,3685,2,0,0.9779813
,3685,3,1,0.9172839
,3686,0,0,0.97152704
,3686,1,2,1.0
,3686,2,0,0.9312586
,3686,3,1,0.92077655
,3687,0,0,0.85573095
,3687,1,0,0.9715468
,3687,2,2,1.0
,3687,3,1,0.92085
,3688,0,3,1.0
,3688,1,0,0.8557767
,3688,2,0,0.9365229
,3688,3,1,0.9177586
,3689,0,0,0.99854934
,3689,1,3,1.0
,3689,2,1,0.721112
,3689,3,1,0.8987352
,3690,0,2,1.0
,3690,1,0,0.9792486
,3690,2,1,0.7315668
,3690,3,1,0.78777677
,0,0,3,0.522992
,0,1,0,1.0
,0,2,0,1.0
,0,3,0,1.0
,1,0,0,0.92085284
,1,1,2,1.0
,1,2,0,0.6316507
,1,3,0,0.8366376
,2,0,0,0.62974113
,2,1,0,0.8988248
,2,2,0,0.828118
,2,3,2,1.0
,3,0,0,0.82806206
,3,1,0,0.6287225
,3,2,2,1.0
,3,3,0,0.8987089
,4,0,2,1.0
,4,1,0,0.8243233
,4,2,0,0.90249944
,4,3,0,0.6203122
,5,0,0,0.9016744
,5,1,3,1.0
,5,2,0,0.83395565
,5,3,0,0.6062045
,6,0,0,0.834905
,6,1,0,0.94345134
,6,2,2,1.0
,6,3,0,0.60714024
,7,0,2,1.0
,7,1,0,0.8360068
,7,2,0,0.89869356
,7,3,0,0.6077286
,8,0,0,0.96502477
,8,1,2,1.0
,8,2,0,0.6195008
,8,3,0,0.61645657
,9,0,2,1.0
,9,1,0,0.89878225
,9,2,0,0.6085198
,9,3,0,0.82782745
,10,0,0,0.96502465
,10,1,0,0.6194917
,10,2,0,0.6164887
,10,3,2,1.0
,11,0,2,1.0
,11,1,0,0.6082289
,11,2,0,0.8278219
,11,3,0,0.8988097
,12,0,0,0.9649916
,12,1,0,0.6095324
,12,2,2,1.0
,12,3,0,0.6211053
,13,0,2,1.0
,13,1,0,0.6614187
,13,2,0,0.95759606
,13,3,0,0.6453122
,14,0,1,0.5410746
,14,1,0,0.75553054
,14,2,3,1.0
,14,3,0,0.5060332
,15,0,0,0.72853786
,15,1,2,1.0
,15,2,0,0.94967747
,15,3,0,0.6368561
,16,0,2,1.0
,16,1,0,0.5870118
,16,2,0,0.5936492
,16,3,0,0.55432767
,17,0,1,0.55111045
,17,1,2,1.0
,17,2,0,0.7486487
,17,3,0,0.50279194
,18,0,0,0.59789914
,18,1,0,0.90136653
,18,2,2,1.0
,18,3,0,0.82310784
,19,0,0,0.6072808
,19,1,0,0.8349
,19,2,0,0.8986745
,19,3,2,1.0
,20,0,0,0.6164363
,20,1,2,1.0
,20,2,0,0.61947864
,20,3,0,0.96502525
,21,0,0,0.82789683
,21,1,0,0.90228546
,21,2,0,0.60810316
,21,3,2,1.0
,22,0,2,1.0
,22,1,0,0.8349621
,22,2,0,0.6074049
,22,3,0,0.89870274
,23,0,0,0.96500635
,23,1,2,1.0
,23,2,0,0.607187
,23,3,0,0.6195077
,24,0,2,1.0
,24,1,0,0.9650381
,24,2,0,0.60742474
,24,3,0,0.6079442
,25,0,0,0.9650312
,25,1,2,1.0
,25,2,0,0.60750294
,25,3,0,0.6075081
,26,0,2,1.0
,26,1,0,0.9641237
,26,2,0,0.60851026
,26,3,0,0.6081137
,27,0,0,0.96480554
,27,1,3,1.0
,27,2,0,0.6150136
,27,3,0,0.6056994
,28,0,2,1.0
,28,1,0,0.94142866
,28,2,0,0.8276451
,28,3,0,0.6074531
,29,0,0,0.96409845
,29,1,0,0.63118
,29,2,2,1.0
,29,3,0,0.60777897
,30,0,3,1.0
,30,1,0,0.8270923
,30,2,0,0.90176386
,30,3,0,0.60594684
,31,0,0,0.9434516
,31,1,2,1.0
,31,2,0,0.83491117
,31,3,0,0.607111
,32,0,0,0.8360745
,32,1,0,0.9021995
,32,2,2,1.0
,32,3,0,0.6073118
,33,0,2,1.0
,33,1,0,0.8349667
,33,2,0,0.89885145
,33,3,0,0.60736823
,34,0,0,0.96502435
,34,1,2,1.0
,34,2,0,0.6286646
,34,3,0,0.60716486
,35,0,2,1.0
,35,1,0,0.8988024
,35,2,0,0.8280902
,35,3,0,0.6076606
,36,0,0,0.96408856
,36,1,0,0.6201834
,36,2,2,1.0
,36,3,0,0.60788924
,37,0,3,1.0
,37,1,0,0.60622823
,37,2,0,0.9647735
,37,3,0,0.6060945
,38,0,0,0.9803601
,38,1,0,0.60715944
,38,2,2,1.0
,38,3,0,0.61641425
,39,0,2,1.0
,39,1,0,0.6080241
,39,2,0,0.8987904
,39,3,0,0.8278422
,40,0,0,0.96502477
,40,1,0,0.6164688
,40,2,0,0.61948884
,40,3,2,1.0
,41,0,2,1.0
,41,1,0,0.82781976
,41,2,0,0.6081343
,41,3,0,0.8987847
,42,0,0,0.9649979
,42,1,2,1.0
,42,2,0,0.60727525
,42,3,0,0.61955804
,43,0,2,1.0
,43,1,0,0.96412224
,43,2,0,0.60838705
,43,3,0,0.608659
,44,0,0,0.9647939
,44,1,3,1.0
,44,2,0,0.61252004
,44,3,0,0.6067548
,45,0,2,1.0
,45,1,0,0.94684553
,45,2,0,0.76820946
,45,3,0,0.63143706
,46,0,0,0.82912064
,46,1,0,0.574001
,46,2,2,1.0
,46,3,0,0.5448416
,47,0,3,1.0
,47,1,0,0.81974167
,47,2,0,0.8975231
,47,3,0,0.6009079
,48,0,0,0.9803427
,48,1,3,1.0
,48,2,0,0.6185652
,48,3,0,0.60583895
,49,0,2,1.0
,49,1,0,0.9678885
,49,2,0,0.63973176
,49,3,0,0.6398396
,50,0,0,0.72456896
,50,1,2,1.0
,50,2,0,0.52229273
,50,3,0,0.5322659
,51,0,3,1.0
,51,1,0,0.9007025
,51,2,0,0.59896934
,51,3,0,0.8179381
,52,0,0,0.9413594
,52,1,0,0.8335913
,52,2,0,0.6140769
,52,3,3,1.0
,53,0,0,0.62136555
,53,1,2,1.0
,53,2,0,0.82742846
,53,3,0,0.9414328
,54,0,0,0.60842884
,54,1,0,0.9640965
,54,2,2,1.0
,54,3,0,0.6311681
,55,0,0,0.6076866
,55,1,3,1.0
,55,2,0,0.89879596
,55,3,0,0.82703954
,56,0,0,0.64707005
,56,1,0,0.9677627
,56,2,0,0.65353966
,56,3,2,1.0
,57,0,0,0.64561534
,57,1,2,1.0
,57,2,0,0.5602505
,57,3,0,0.5070145
,58,0,2,1.0
,58,1,0,0.71389157
,58,2,1,0.5022761
,58,3,1,0.5019374
,59,0,0,0.91299546
,59,1,2,1.0
,59,2,0,0.6360451
,59,3,0,0.7305101
,60,0,0,0.6567589
,60,1,0,0.52036715
,60,2,0,0.55376935
,60,3,2,1.0
,61,0,2,1.0
,61,1,0,0.7423119
,61,2,1,0.50331205
,61,3,1,0.5479251
,62,0,0,0.96415067
,62,1,3,1.0
,62,2,0,0.60508555
,62,3,0,0.59371984
,63,0,2,1.0
,63,1,0,0.94141674
,63,2,0,0.82735586
,63,3,0,0.606785
,64,0,0,0.965014
,64,1,0,0.63029146
,64,2,2,1.0
,64,3,0,0.60715634
,65,0,2,1.0
,65,1,0,0.82447404
,65,2,0,0.899197
,65,3,0,0.6082905
,66,0,0,0.96477
,66,1,3,1.0
,66,2,0,0.6270986
,66,3,0,0.6054356
,67,0,2,1.0
,67,1,0,0.9413273
,67,2,0,0.82797885
,67,3,0,0.6074086
,68,0,0,0.96499705
,68,1,0,0.6213465
,68,2,2,1.0
,68,3,0,0.60760134
,69,0,2,1.0
,69,1,0,0.60902613
,69,2,0,0.96413445
,69,3,0,0.61744285
,70,0,0,0.89838547
,70,1,0,0.61534184
,70,2,3,1.0
,70,3,0,0.82676935
,71,0,0,0.6287003
,71,1,0,0.82761395
,71,2,0,0.94141144
,71,3,2,1.0
,72,0,0,0.82805103
,72,1,2,1.0
,72,2,0,0.6306231
,72,3,0,0.89871305
,73,0,2,1.0
,73,1,0,0.89932424
,73,2,0,0.827937
,73,3,0,0.6212985
,74,0,0,0.9575348
,74,1,0,0.65636724
,74,2,2,1.0
,74,3,0,0.64504695
,75,0,3,1.0
,75,1,0,0.50531363
,75,2,0,0.71433574
,75,3,0,0.50449073
,76,0,0,0.97983515
,76,1,0,0.5996461
,76,2,2,1.0
,76,3,0,0.59961164
,77,0,3,1.0
,77,1,0,0.6052711
,77,2,0,0.9647509
,77,3,0,0.6053004
,78,0,0,0.98032933
,78,1,0,0.60889214
,78,2,2,1.0
,78,3,0,0.6096185
,79,0,2,1.0
,79,1,0,0.6475066
,79,2,0,0.91331005
,79,3,0,0.6646894
,80,0,2,1.0
,80,1,1,0.50252354
,80,2,0,0.5173964
,80,3,0,0.7485983
,81,0,0,0.9570417
,81,1,0,0.6369448
,81,2,0,0.6377595
,81,3,2,1.0
,82,0,3,1.0
,82,1,0,0.5053123
,82,2,0,0.50513744
,82,3,0,0.71468943
,83,0,0,0.96767503
,83,1,0,0.6397628
,83,2,0,0.63454753
,83,3,2,1.0
,84,0,2,1.0
,84,1,0,0.6434313
,84,2,0,0.56160873
,84,3,0,0.51088583
,85,0,0,0.6706508
,85,1,2,1.0
,85,2,0,0.5374188
,85,3,0,0.5528061
,86,0,3,1.0
,86,1,1,0.5567176
,86,2,1,0.51472056
,86,3,0,0.7398292
,87,0,0,0.9803638
,87,1,0,0.59662896
,87,2,0,0.60769546
,87,3,2,1.0
,88,0,2,1.0
,88,1,0,0.60964304
,88,2,0,0.82754546
,88,3,0,0.8994461
,89,0,0,0.95658517
,89,1,0,0.66666603
,89,2,2,1.0
,89,3,0,0.6607574
,90,0,3,1.0
,90,1,0,0.7444372
,90,2,1,0.7668065
,90,3,1,0.508525
,91,0,0,0.9803583
,91,1,2,1.0
,91,2,0,0.58902335
,91,3,0,0.60435164
,92,0,2,1.0
,92,1,0,0.91113883
,92,2,0,0.6402344
,92,3,0,0.73856044
,93,0,0,0.7244482
,93,1,0,0.54075253
,93,2,0,0.5175967
,93,3,2,1.0
,94,0,2,1.0
,94,1,0,0.733318
,94,2,0,0.635062
,94,3,0,0.9101849
,95,0,0,0.72422594
,95,1,2,1.0
,95,2,0,0.5250725
,95,3,0,0.5342756
,96,0,2,1.0
,96,1,0,0.89783883
,96,2,0,0.8235483
,96,3,0,0.60199493
,97,0,0,0.9640893
,97,1,0,0.6200214
,97,2,2,1.0
,97,3,0,0.61688036
,98,0,3,1.0
,98,1,0,0.6069075
,98,2,0,0.8982458
,98,3,0,0.82658803
,99,0,0,0.98036045
,99,1,0,0.61616814
,99,2,0,0.6192288
,99,3,2,1.0
,100,0,2,1.0
,100,1,0,0.8279
,100,2,0,0.60811114
,100,3,0,0.9022904
,101,0,0,0.8987402
,101,1,2,1.0
,101,2,0,0.6074734
,101,3,0,0.834963
,102,0,0,0.6217953
,102,1,0,0.9649916
,102,2,0,0.6087951
,102,3,2,1.0
,103,0,0,0.6619075
,103,1,2,1.0
,103,2,0,0.6446899
,103,3,0,0.9575987
,104,0,0,0.7558358
,104,1,1,0.53700703
,104,2,0,0.5043833
,104,3,3,1.0
,105,0,2,1.0
,105,1,0,0.821868
,105,2,0,0.60248923
,105,3,0,0.94240373
,106,0,0,0.9144037
,106,1,2,1.0
,106,2,0,0.6617794
,106,3,0,0.72609186
,107,0,0,0.559853
,107,1,1,0.70746577
,107,2,0,0.70627105
,107,3,2,1.0
,108,0,1,0.5083501
,108,1,0,0.7158645
,108,2,3,1.0
,108,3,1,0.77292347
,109,0,0,0.81934386
,109,1,3,1.0
,109,2,0,0.9414929
,109,3,0,0.58394045
,110,0,2,1.0
,110,1,0,0.9422369
,110,2,0,0.6246915
,110,3,0,0.6162601
,111,0,2,1.0
,111,1,0,0.65397877
,111,2,0,0.64022505
,111,3,0,0.7931196
,112,0,0,0.71402764
,112,1,0,0.5098347
,112,2,0,0.5044399
,112,3,3,1.0
,113,0,2,1.0
,113,1,0,0.73105365
,113,2,0,0.6332345
,113,3,0,0.9521196
,114,0,1,0.5374478
,114,1,2,1.0
,114,2,0,0.51441556
,114,3,0,0.7792551
,115,0,0,0.5990516
,115,1,0,0.9647001
,115,2,0,0.6008847
,115,3,2,1.0
,116,0,0,0.6170385
,116,1,2,1.0
,116,2,0,0.6077792
,116,3,0,0.9641274
,117,0,0,0.8266864
,117,1,0,0.8987703
,117,2,0,0.60733724
,117,3,3,1.0
,118,0,2,1.0
,118,1,0,0.6515969
,118,2,0,0.63901865
,118,3,0,0.96787924
,119,0,0,0.7245815
,119,1,0,0.53309214
,119,2,0,0.52207834
,119,3,2,1.0
,120,0,3,1.0
,120,1,0,0.82177025
,120,2,0,0.5983221
,120,3,0,0.9004032
,121,0,0,0.9413217
,121,1,2,1.0
,121,2,0,0.6159667
,121,3,0,0.8348186
,122,0,0,0.6214694
,122,1,0,0.9022047
,122,2,0,0.8277209
,122,3,2,1.0
,123,0,0,0.6083413
,123,1,0,0.8349602
,123,2,2,1.0
,123,3,0,0.8987047
,124,0,0,0.61634004
,124,1,2,1.0
,124,2,0,0.9650189
,124,3,0,0.61991066
,125,0,0,0.8241401
,125,1,0,0.89905745
,125,2,2,1.0
,125,3,0,0.6180605
,126,0,3,1.0
,126,1,0,0.6193385
,126,2,0,0.8984581
,126,3,0,0.8227941
,127,0,0,0.9803499
,127,1,0,0.6147094
,127,2,0,0.6177912
,127,3,3,1.0
,128,0,2,1.0
,128,1,0,0.8277597
,128,2,0,0.61718297
,128,3,0,0.941334
,129,0,0,0.8993226
,129,1,2,1.0
,129,2,0,0.82758826
,129,3,0,0.623092
,130,0,0,0.65645075
,130,1,0,0.95753956
,130,2,2,1.0
,130,3,0,0.64518905
,131,0,0,0.5070017
,131,1,3,1.0
,131,2,0,0.71488947
,131,3,0,0.5059499
,132,0,0,0.6398471
,132,1,0,0.9676649
,132,2,2,1.0
,132,3,0,0.6346168
,133,0,0,0.6432057
,133,1,2,1.0
,133,2,0,0.50960314
,133,3,0,0.5617305
,134,0,2,1.0
,134,1,0,0.571831
,134,2,0,0.5352239
,134,3,0,0.5390358
,135,0,0,0.6669823
,135,1,2,1.0
,135,2,0,0.53109753
,135,3,0,0.53137976
,136,0,3,1.0
,136,1,0,0.70531386
,136,2,1,0.51584244
,136,3,1,0.51583874
,137,0,0,0.9798364
,137,1,2,1.0
,137,2,0,0.5987239
,137,3,0,0.59833133
,138,0,3,1.0
,138,1,0,0.96477276
,138,2,0,0.61427075
,138,3,0,0.60513216
,139,0,0,0.9414981
,139,1,2,1.0
,139,2,0,0.82395035
,139,3,0,0.6080792
,140,0,0,0.619779
,140,1,0,0.96473354
,140,2,3,1.0
,140,3,0,0.60548073
,141,0,0,0.6094024
,141,1,2,1.0
,141,2,0,0.98035645
,141,3,0,0.6085795
,142,0,0,0.6477295
,142,1,0,0.94307005
,142,2,2,1.0
,142,3,0,0.642505
,143,0,0,0.64431393
,143,1,2,1.0
,143,2,0,0.5153647
,143,3,0,0.5619834
,144,0,2,1.0
,144,1,1,0.5083439
,144,2,0,0.61441725
,144,3,0,0.53559136
,145,0,0,0.7116627
,145,1,1,0.5023777
,145,2,2,1.0
,145,3,1,0.50911874
,146,0,2,1.0
,146,1,0,0.8226655
,146,2,0,0.9012192
,146,3,0,0.5992301
,147,0,0,0.89867574
,147,1,2,1.0
,147,2,0,0.8348881
,147,3,0,0.6073219
,148,0,0,0.6198596
,148,1,0,0.9650256
,148,2,2,1.0
,148,3,0,0.6164356
,149,0,0,0.6172687
,149,1,2,1.0
,149,2,0,0.89879125
,149,3,0,0.8278729
,150,0,0,0.82398415
,150,1,0,0.89899355
,150,2,0,0.6204422
,150,3,2,1.0
,151,0,3,1.0
,151,1,0,0.61922276
,151,2,0,0.60730046
,151,3,0,0.96475446
,152,0,0,0.9678605
,152,1,0,0.63980395
,152,2,0,0.63931614
,152,3,2,1.0
,153,0,2,1.0
,153,1,0,0.5222025
,153,2,0,0.5221686
,153,3,0,0.72435355
,154,0,0,0.96418315
,154,1,0,0.5974111
,154,2,0,0.5973936
,154,3,3,1.0
,155,0,2,1.0
,155,1,0,0.6070632
,155,2,0,0.606687
,155,3,0,0.9803512
,156,0,0,0.9650609
,156,1,0,0.61669266
,156,2,0,0.60778874
,156,3,2,1.0
,157,0,2,1.0
,157,1,0,0.8279242
,157,2,0,0.6169102
,157,3,0,0.8987741
,158,0,0,0.90221256
,158,1,2,1.0
,158,2,0,0.82776093
,158,3,0,0.61967826
,159,0,0,0.8349551
,159,1,0,0.89869976
,159,2,2,1.0
,159,3,0,0.6079006
,160,0,2,1.0
,160,1,0,0.6195217
,160,2,0,0.96500766
,160,3,0,0.6075895
,161,0,0,0.9650511
,161,1,0,0.6083534
,161,2,2,1.0
,161,3,0,0.6165496
,162,0,2,1.0
,162,1,0,0.6176975
,162,2,0,0.8991755
,162,3,0,0.8241792
,163,0,0,0.8981577
,163,1,0,0.8266054
,163,2,0,0.6274019
,163,3,3,1.0
,164,0,0,0.6198643
,164,1,2,1.0
,164,2,0,0.8279003
,164,3,0,0.9434521
,165,0,0,0.6169922
,165,1,0,0.8987026
,165,2,2,1.0
,165,3,0,0.8360516
,166,0,0,0.8240278
,166,1,0,0.6207128
,166,2,0,0.9025018
,166,3,2,1.0
,167,0,3,1.0
,167,1,0,0.6155435
,167,2,0,0.83396995
,167,3,0,0.898137
,168,0,0,0.94345224
,168,1,0,0.8275976
,168,2,2,1.0
,168,3,0,0.6195102
,169,0,0,0.8360012
,169,1,2,1.0
,169,2,0,0.8986899
,169,3,0,0.6082415
,170,0,2,1.0
,170,1,0,0.9650255
,170,2,0,0.61948127
,170,3,0,0.616479
,171,0,0,0.90228534
,171,1,2,1.0
,171,2,0,0.60810417
,171,3,0,0.8278979
,172,0,0,0.83496153
,172,1,0,0.89870363
,172,2,0,0.6074234
,172,3,2,1.0
,173,0,2,1.0
,173,1,0,0.6195501
,173,2,0,0.6076194
,173,3,0,0.9649995
,174,0,0,0.9641294
,174,1,0,0.6086188
,174,2,0,0.6173247
,174,3,2,1.0
,175,0,3,1.0
,175,1,0,0.60669863
,175,2,0,0.82302815
,175,3,0,0.90207636
,176,0,0,0.94348836
,176,1,0,0.6056965
,176,2,3,1.0
,176,3,0,0.8337498
,177,0,0,0.83597744
,177,1,0,0.6163709
,177,2,0,0.941411
,177,3,2,1.0
,178,0,2,1.0
,178,1,0,0.8277511
,178,2,0,0.63063586
,178,3,0,0.8988386
,179,0,0,0.89869195
,179,1,2,1.0
,179,2,0,0.8281188
,179,3,0,0.6288608
,180,0,0,0.61966175
,180,1,0,0.90220964
,180,2,2,1.0
,180,3,0,0.8280631
,181,0,0,0.6078589
,181,1,0,0.8350285
,181,2,0,0.9022036
,181,3,2,1.0
,182,0,0,0.60743606
,182,1,2,1.0
,182,2,0,0.8349291
,182,3,0,0.89887065
,183,0,0,0.60780066
,183,1,0,0.9641013
,183,2,2,1.0
,183,3,0,0.62941486
,184,0,0,0.60596615
,184,1,3,1.0
,184,2,0,0.90176445
,184,3,0,0.8270483
,185,0,0,0.60749775
,185,1,0,0.943451
,185,2,0,0.83491397
,185,3,2,1.0
,186,0,0,0.6164824
,186,1,0,0.8360598
,186,2,2,1.0
,186,3,0,0.89885116
,187,0,0,0.82402027
,187,1,2,1.0
,187,2,0,0.89894664
,187,3,0,0.629632
,188,0,3,1.0
,188,1,0,0.90168244
,188,2,0,0.61815363
,188,3,0,0.8268861
,189,0,0,0.9414181
,189,1,0,0.83483183
,189,2,0,0.60764605
,189,3,2,1.0
,190,0,0,0.6302929
,190,1,2,1.0
,190,2,0,0.60719085
,190,3,0,0.96501535
,191,0,0,0.82451534
,191,1,0,0.9025747
,191,2,0,0.6082457
,191,3,2,1.0
,192,0,3,1.0
,192,1,0,0.8337937
,192,2,0,0.6057991
,192,3,0,0.8983313
,193,0,0,0.9798348
,193,1,2,1.0
,193,2,0,0.60748917
,193,3,0,0.6291591
,194,0,3,1.0
,194,1,0,0.90176404
,194,2,0,0.6063294
,194,3,0,0.82704765
,195,0,0,0.9413199
,195,1,0,0.83492553
,195,2,0,0.6164299
,195,3,2,1.0
,196,0,0,0.6214534
,196,1,2,1.0
,196,2,0,0.82773864
,196,3,0,0.9022063
,197,0,0,0.60792834
,197,1,0,0.90220404
,197,2,2,1.0
,197,3,0,0.8350322
,198,0,0,0.6073706
,198,1,0,0.8350347
,198,2,0,0.9022071
,198,3,2,1.0
,199,0,0,0.6073885
,199,1,2,1.0
,199,2,0,0.8349663
,199,3,0,0.898849
,200,0,0,0.60759807
,200,1,0,0.9650193
,200,2,2,1.0
,200,3,0,0.6285264
,201,0,0,0.61765873
,201,1,2,1.0
,201,2,0,0.8990231
,201,3,0,0.8244811
,202,0,0,0.826546
,202,1,0,0.90163773
,202,2,0,0.6182224
,202,3,3,1.0
,203,0,2,1.0
,203,1,0,0.8312356
,203,2,0,0.6083424
,203,3,0,0.9415014
,204,0,0,0.96473104
,204,1,3,1.0
,204,2,0,0.6054221
,204,3,0,0.61970186
,205,0,2,1.0
,205,1,0,0.9803456
,205,2,0,0.6071652
,205,3,0,0.60776913
,206,0,0,0.9641249
,206,1,2,1.0
,206,2,0,0.6081249
,206,3,0,0.6081504
,207,0,3,1.0
,207,1,0,0.96477425
,207,2,0,0.60573524
,207,3,0,0.6057363
,208,0,0,0.98035026
,208,1,2,1.0
,208,2,0,0.6071454
,208,3,0,0.6071455
,209,0,2,1.0
,209,1,0,0.96504146
,209,2,0,0.60744876
,209,3,0,0.6074487
,210,0,0,0.9650311
,210,1,2,1.0
,210,2,0,0.60748917
,210,3,0,0.6074885
,211,0,2,1.0
,211,1,0,0.9641227
,211,2,0,0.6081378
,211,3,0,0.60812175
,212,0,0,0.96477586
,212,1,3,1.0
,212,2,0,0.60612386
,212,3,0,0.6057468
,213,0,2,1.0
,213,1,0,0.98036075
,213,2,0,0.6164168
,213,3,0,0.6075116
,214,0,0,0.89877933
,214,1,2,1.0
,214,2,0,0.8279271
,214,3,0,0.61691433
,215,0,0,0.61967814
,215,1,0,0.9022126
,215,2,2,1.0
,215,3,0,0.82776123
,216,0,0,0.60788435
,216,1,0,0.8349551
,216,2,0,0.8987058
,216,3,2,1.0
,217,0,0,0.6072029
,217,1,2,1.0
,217,2,0,0.6198911
,217,3,0,0.9650078
,218,0,0,0.6073985
,218,1,0,0.9650564
,218,2,0,0.6172058
,218,3,2,1.0
,219,0,0,0.60762537
,219,1,2,1.0
,219,2,0,0.82785153
,219,3,0,0.89893484
,220,0,0,0.60717297
,220,1,0,0.96502465
,220,2,2,1.0
,220,3,0,0.6286695
,221,0,0,0.60760695
,221,1,2,1.0
,221,2,0,0.89893186
,221,3,0,0.828138
,222,0,0,0.6071697
,222,1,0,0.96502537
,222,2,0,0.62867063
,222,3,2,1.0
,223,0,0,0.6075834
,223,1,2,1.0
,223,2,0,0.8282081
,223,3,0,0.9022853
,224,0,0,0.60738385
,224,1,0,0.89870286
,224,2,2,1.0
,224,3,0,0.8349623
,225,0,0,0.6072021
,225,1,0,0.6195075
,225,2,0,0.9650065
,225,3,2,1.0
,226,0,0,0.60781014
,226,1,0,0.6079416
,226,2,2,1.0
,226,3,0,0.96503973
,227,0,0,0.616709
,227,1,0,0.60752445
,227,2,0,0.96505827
,227,3,2,1.0
,228,0,0,0.82788104
,228,1,0,0.60969853
,228,2,2,1.0
,228,3,0,0.900888
,229,0,2,1.0
,229,1,0,0.6566046
,229,2,0,0.9109292
,229,3,0,0.74879026
,230,0,1,0.5363586
,230,1,0,0.7647921
,230,2,0,0.5349374
,230,3,2,1.0
,231,0,0,0.5992678
,231,1,2,1.0
,231,2,0,0.60233486
,231,3,0,0.9637743
,232,0,0,0.6052337
,232,1,0,0.9647584
,232,2,0,0.6053644
,232,3,3,1.0
,233,0,0,0.6071372
,233,1,2,1.0
,233,2,0,0.6071263
,233,3,0,0.9803504
,234,0,0,0.60783374
,234,1,0,0.9650432
,234,2,0,0.6074415
,234,3,2,1.0
,235,0,0,0.6167118
,235,1,2,1.0
,235,2,0,0.60741556
,235,3,0,0.9650585
,236,0,0,0.82791233
,236,1,0,0.90228814
,236,2,0,0.6076023
,236,3,2,1.0
,237,0,2,1.0
,237,1,0,0.83500195
,237,2,0,0.6074037
,237,3,0,0.90215605
,238,0,0,0.89896816
,238,1,2,1.0
,238,2,0,0.6080631
,238,3,0,0.83136654
,239,0,0,0.61793274
,239,1,0,0.9647371
,239,2,0,0.6054515
,239,3,3,1.0
,240,0,0,0.60803795
,240,1,2,1.0
,240,2,0,0.6071186
,240,3,0,0.9803511
,241,0,0,0.6167352
,241,1,0,0.96505976
,241,2,0,0.6074209
,241,3,2,1.0
,242,0,0,0.82784
,242,1,2,1.0
,242,2,0,0.60762703
,242,3,0,0.898935
,243,0,2,1.0
,243,1,0,0.96502525
,243,2,0,0.6071732
,243,3,0,0.62866986
,244,0,0,0.9022337
,244,1,2,1.0
,244,2,0,0.6076413
,244,3,0,0.82817835
,245,0,0,0.83141875
,245,1,0,0.90249586
,245,2,0,0.6083991
,245,3,2,1.0
,246,0,3,1.0
,246,1,0,0.8339384
,246,2,0,0.6148922
,246,3,0,0.8981574
,247,0,0,0.943638
,247,1,2,1.0
,247,2,0,0.8238462
,247,3,0,0.62014663
,248,0,0,0.8349958
,248,1,0,0.90165913
,248,2,3,1.0
,248,3,0,0.6061538
,249,0,2,1.0
,249,1,0,0.83483136
,249,2,0,0.94132954
,249,3,0,0.6071507
,250,0,0,0.9650034
,250,1,2,1.0
,250,2,0,0.6213064
,250,3,0,0.60715324
,251,0,2,1.0
,251,1,0,0.9650396
,251,2,0,0.60840434
,251,3,0,0.6074154
,252,0,0,0.96505755
,252,1,2,1.0
,252,2,0,0.6167333
,252,3,0,0.60741645
,253,0,2,1.0
,253,1,0,0.89878666
,253,2,0,0.827833
,253,3,0,0.60763067
,254,0,0,0.96500635
,254,1,0,0.61951125
,254,2,2,1.0
,254,3,0,0.60719645
,255,0,2,1.0
,255,1,0,0.60794264
,255,2,0,0.96503824
,255,3,0,0.60742205
,256,0,0,0.9650395
,256,1,0,0.6074787
,256,2,2,1.0
,256,3,0,0.6074401
,257,0,2,1.0
,257,1,0,0.60783094
,257,2,0,0.965041
,257,3,0,0.60743773
,258,0,0,0.96505755
,258,1,0,0.61670977
,258,2,2,1.0
,258,3,0,0.60741854
,259,0,2,1.0
,259,1,0,0.82783276
,259,2,0,0.89878654
,259,3,0,0.607647
,260,0,0,0.9650079
,260,1,2,1.0
,260,2,0,0.6195073
,260,3,0,0.6075851
,261,0,2,1.0
,261,1,0,0.96505725
,261,2,0,0.6079156
,261,3,0,0.6166918
,262,0,0,0.902288
,262,1,2,1.0
,262,2,0,0.6076243
,262,3,0,0.8279087
,263,0,0,0.8349627
,263,1,0,0.89870274
,263,2,0,0.6074011
,263,3,2,1.0
,264,0,2,1.0
,264,1,0,0.6195046
,264,2,0,0.60757464
,264,3,0,0.9650078
,265,0,0,0.96505654
,265,1,0,0.6079344
,265,2,0,0.6166901
,265,3,2,1.0
,266,0,2,1.0
,266,1,0,0.6080402
,266,2,0,0.8278387
,266,3,0,0.89878494
,267,0,0,0.96502465
,267,1,0,0.6164691
,267,2,2,1.0
,267,3,0,0.61948806
,268,0,2,1.0
,268,1,0,0.8278207
,268,2,0,0.89878374
,268,3,0,0.6081322
,269,0,0,0.9650062
,269,1,2,1.0
,269,2,0,0.6195126
,269,3,0,0.60723597
,270,0,2,1.0
,270,1,0,0.9650318
,270,2,0,0.6079822
,270,3,0,0.60786
,271,0,0,0.96413445
,271,1,2,1.0
,271,2,0,0.60808736
,271,3,0,0.6174644
,272,0,3,1.0
,272,1,0,0.89842457
,272,2,0,0.6060753
,272,3,0,0.8265697
,273,0,0,0.97983444
,273,1,0,0.6291629
,273,2,0,0.6075081
,273,3,2,1.0
,274,0,3,1.0
,274,1,0,0.8269086
,274,2,0,0.60637724
,274,3,0,0.89824736
,275,0,0,0.98036
,275,1,2,1.0
,275,2,0,0.61614484
,275,3,0,0.6192319
,276,0,2,1.0
,276,1,0,0.898789
,276,2,0,0.8278225
,276,3,0,0.6081369
,277,0,0,0.9650065
,277,1,0,0.61951137
,277,2,2,1.0
,277,3,0,0.6072342
,278,0,2,1.0
,278,1,0,0.60794276
,278,2,0,0.96503985
,278,3,0,0.60781145
,279,0,0,0.96505815
,279,1,0,0.6075468
,279,2,2,1.0
,279,3,0,0.6167084
,280,0,2,1.0
,280,1,0,0.6102211
,280,2,0,0.9003196
,280,3,0,0.8278594
,281,0,0,0.91438633
,281,1,0,0.6687059
,281,2,0,0.7136945
,281,3,2,1.0
,282,0,0,0.5056042
,282,1,0,0.7409167
,282,2,2,1.0
,282,3,1,0.96213126
,283,0,0,0.6005115
,283,1,2,1.0
,283,2,0,0.963704
,283,3,0,0.58032924
,284,0,0,0.60527164
,284,1,0,0.96475816
,284,2,3,1.0
,284,3,0,0.6047964
,285,0,0,0.60720795
,285,1,2,1.0
,285,2,0,0.98036045
,285,3,0,0.6163574
,286,0,0,0.61022353
,286,1,0,0.8994977
,286,2,2,1.0
,286,3,0,0.82787335
,287,0,0,0.6688763
,287,1,0,0.6631639
,287,2,0,0.9562094
,287,3,2,1.0
,288,0,0,0.7407461
,288,1,1,0.50439113
,288,2,3,1.0
,288,3,1,0.962467
,289,0,2,1.0
,289,1,0,0.82268536
,289,2,0,0.9413715
,289,3,0,0.5892751
,290,0,0,0.89930934
,290,1,2,1.0
,290,2,0,0.6230685
,290,3,0,0.8269268
,291,0,0,0.6584587
,291,1,0,0.93596554
,291,2,0,0.6475503
,291,3,2,1.0
,292,0,0,0.5009286
,292,1,2,1.0
,292,2,0,0.50454295
,292,3,0,0.5008357
,293,0,0,0.6324101
,293,1,0,0.9153951
,293,2,0,0.73056734
,293,3,2,1.0
,294,0,0,0.51482546
,294,1,0,0.7777696
,294,2,2,1.0
,294,3,1,0.5274573
,295,0,0,0.609322
,295,1,2,1.0
,295,2,0,0.898613
,295,3,0,0.8225101
,296,0,0,0.79673296
,296,1,0,0.9125414
,296,2,0,0.65676844
,296,3,2,1.0
,297,0,3,1.0
,297,1,0,0.5286423
,297,2,0,0.5055778
,297,3,0,0.7139427
,298,0,0,0.9488183
,298,1,0,0.731713
,298,2,0,0.6332732
,298,3,2,1.0
,299,0,0,0.53668654
,299,1,2,1.0
,299,2,0,0.51470226
,299,3,0,0.7235879
,300,0,0,0.6026009
,300,1,0,0.9646511
,300,2,0,0.6016519
,300,3,2,1.0
,301,0,0,0.6392254
,301,1,2,1.0
,301,2,0,0.6391602
,301,3,0,0.94334394
,302,0,0,0.5210279
,302,1,0,0.7277446
,302,2,0,0.5206059
,302,3,2,1.0
,303,0,0,0.6100975
,303,1,2,1.0
,303,2,0,0.60074764
,303,3,0,0.9646828
,304,0,0,0.82762843
,304,1,0,0.898854
,304,2,0,0.60737014
,304,3,2,1.0
,305,0,2,1.0
,305,1,0,0.62498
,305,2,0,0.6092483
,305,3,0,0.9650172
,306,0,0,0.9110451
,306,1,0,0.7394428
,306,2,0,0.65683424
,306,3,2,1.0
,307,0,0,0.5365739
,307,1,2,1.0
,307,2,0,0.764689
,307,3,1,0.53397363
,308,0,0,0.63923335
,308,1,0,0.9571755
,308,2,2,1.0
,308,3,0,0.65311694
,309,0,0,0.50508934
,309,1,3,1.0
,309,2,1,0.5461633
,309,3,0,0.75510854
,310,0,0,0.6328496
,310,1,0,0.9731228
,310,2,0,0.6207569
,310,3,2,1.0
,311,0,0,0.76254547
,311,1,2,1.0
,311,2,0,0.58500856
,311,3,0,0.6556657
,312,0,3,1.0
,312,1,0,0.651262
,312,2,0,0.51600355
,312,3,0,0.7672171
,313,0,0,0.94159025
,313,1,0,0.82321835
,313,2,0,0.6016063
,313,3,2,1.0
,314,0,0,0.6250386
,314,1,3,1.0
,314,2,0,0.60640126
,314,3,0,0.96473217
,315,0,0,0.7389211
,315,1,0,0.9520306
,315,2,0,0.6408989
,315,3,2,1.0
,316,0,2,1.0
,316,1,0,0.77978384
,316,2,0,0.5176487
,316,3,1,0.5319994
,317,0,0,0.91372037
,317,1,2,1.0
,317,2,0,0.64459723
,317,3,0,0.7068627
,318,0,0,0.5576229
,318,1,1,0.55784816
,318,2,0,0.53709126
,318,3,2,1.0
,319,0,1,0.5087733
,319,1,3,1.0
,319,2,1,0.5146961
,319,3,0,0.7053339
,320,0,0,0.7295904
,320,1,0,0.9488726
,320,2,0,0.63233835
,320,3,2,1.0
,321,0,2,1.0
,321,1,0,0.53774613
,321,2,0,0.51568735
,321,3,0,0.71986175
,322,0,0,0.96412396
,322,1,0,0.59937793
,322,2,0,0.59911203
,322,3,3,1.0
,323,0,2,1.0
,323,1,0,0.64407915
,323,2,0,0.66066736
,323,3,0,0.9760933
,324,0,1,0.54507923
,324,1,0,0.5059028
,324,2,0,0.755576
,324,3,3,1.0
,325,0,0,0.63817936
,325,1,0,0.63543856
,325,2,2,1.0
,325,3,0,0.96770096
,326,0,0,0.6437022
,326,1,0,0.5675009
,326,2,0,0.5096701
,326,3,2,1.0
,327,0,2,1.0
,327,1,0,0.61707556
,327,2,0,0.53527343
,327,3,1,0.50563675
,328,0,0,0.5691002
,328,1,2,1.0
,328,2,0,0.53547037
,328,3,0,0.53109574
,329,0,2,1.0
,329,1,0,0.5683667
,329,2,0,0.5481227
,329,3,0,0.5296563
,330,0,1,0.5532853
,330,1,2,1.0
,330,2,0,0.7439761
,330,3,1,0.50162446
,331,0,0,0.5977839
,331,1,0,0.89782673
,331,2,2,1.0
,331,3,0,0.8228106
,332,0,0,0.6074352
,332,1,0,0.6201299
,332,2,0,0.964077
,332,3,2,1.0
,333,0,0,0.6073073
,333,1,0,0.60784954
,333,2,3,1.0
,333,3,0,0.96475273
,334,0,0,0.6446117
,334,1,0,0.6446345
,334,2,0,0.97608536
,334,3,2,1.0
,335,0,0,0.5063091
,335,1,0,0.5063219
,335,2,3,1.0
,335,3,0,0.7143005
,336,0,0,0.636689
,336,1,0,0.63693655
,336,2,0,0.97609025
,336,3,2,1.0
,337,0,0,0.5057636
,337,1,0,0.5094404
,337,2,3,1.0
,337,3,0,0.7147347
,338,0,0,0.64933366
,338,1,0,0.7308395
,338,2,0,0.94885117
,338,3,2,1.0
,339,0,0,0.7600548
,339,1,2,1.0
,339,2,0,0.53773355
,339,3,1,0.53614354
,340,0,3,1.0
,340,1,0,0.96419376
,340,2,0,0.5985376
,340,3,0,0.59488255
,341,0,0,0.98036057
,341,1,2,1.0
,341,2,0,0.6159862
,341,3,0,0.60654736
,342,0,2,1.0
,342,1,0,0.9022931
,342,2,0,0.8279038
,342,3,0,0.60759336
,343,0,0,0.9022074
,343,1,0,0.83504415
,343,2,2,1.0
,343,3,0,0.60774523
,344,0,0,0.8350496
,344,1,2,1.0
,344,2,0,0.89869076
,344,3,0,0.61665696
,345,0,2,1.0
,345,1,0,0.902213
,345,2,0,0.6196871
,345,3,0,0.82775855
,346,0,0,0.90220404
,346,1,0,0.8350361
,346,2,0,0.60824597
,346,3,2,1.0
,347,0,0,0.83504474
,347,1,2,1.0
,347,2,0,0.6166754
,347,3,0,0.8986925
,348,0,2,1.0
,348,1,0,0.89887613
,348,2,0,0.8276449
,348,3,0,0.6197429
,349,0,0,0.96409994
,349,1,0,0.6294058
,349,2,2,1.0
,349,3,0,0.6083107
,350,0,3,1.0
,350,1,0,0.82704765
,350,2,0,0.9017643
,350,3,0,0.60598755
,351,0,0,0.9434512
,351,1,2,1.0
,351,2,0,0.8349144
,351,3,0,0.6075043
,352,0,0,0.8360854
,352,1,0,0.8986838
,352,2,2,1.0
,352,3,0,0.61662203
,353,0,2,1.0
,353,1,0,0.6196997
,353,2,0,0.8988547
,353,3,0,0.827682
,354,0,0,0.96501595
,354,1,0,0.6077181
,354,2,0,0.6285194
,354,3,2,1.0
,355,0,2,1.0
,355,1,0,0.60832405
,355,2,0,0.8244239
,355,3,0,0.8990491
,356,0,0,0.96473825
,356,1,0,0.6054732
,356,2,3,1.0
,356,3,0,0.61792886
,357,0,2,1.0
,357,1,0,0.60714215
,357,2,0,0.98035014
,357,3,0,0.6076522
,358,0,0,0.96503526
,358,1,0,0.607882
,358,2,2,1.0
,358,3,0,0.60750777
,359,0,2,1.0
,359,1,0,0.6174666
,359,2,0,0.96413535
,359,3,0,0.60807776
,360,0,0,0.90171796
,360,1,0,0.8267181
,360,2,3,1.0
,360,3,0,0.6064228
,361,0,0,0.8313011
,361,1,2,1.0
,361,2,0,0.94148284
,361,3,0,0.61720306
,362,0,3,1.0
,362,1,0,0.90162194
,362,2,0,0.61999387
,362,3,0,0.826504
,363,0,0,0.9436125
,363,1,0,0.83125407
,363,2,0,0.6084261
,363,3,2,1.0
,364,0,0,0.83133096
,364,1,3,1.0
,364,2,0,0.6064358
,364,3,0,0.89842767
,365,0,3,1.0
,365,1,0,0.9803324
,365,2,0,0.6048946
,365,3,0,0.6174492
,366,0,0,0.9803457
,366,1,2,1.0
,366,2,0,0.6071577
,366,3,0,0.60770535
,367,0,2,1.0
,367,1,0,0.96412605
,367,2,0,0.6081163
,367,3,0,0.6085363
,368,0,0,0.9648059
,368,1,3,1.0
,368,2,0,0.605699
,368,3,0,0.6150165
,369,0,2,1.0
,369,1,0,0.9413266
,369,2,0,0.6074275
,369,3,0,0.8276781
,370,0,0,0.965005
,370,1,0,0.62130326
,370,2,0,0.6075539
,370,3,2,1.0
,371,0,2,1.0
,371,1,0,0.6083809
,371,2,0,0.6166886
,371,3,0,0.9650577
,372,0,0,0.898775
,372,1,0,0.6169334
,372,2,0,0.82792
,372,3,2,1.0
,373,0,0,0.61970073
,373,1,0,0.82769036
,373,2,2,1.0
,373,3,0,0.89885664
,374,0,0,0.60767156
,374,1,2,1.0
,374,2,0,0.965024
,374,3,0,0.6286582
,375,0,0,0.60762024
,375,1,0,0.90228516
,375,2,2,1.0
,375,3,0,0.82820785
,376,0,0,0.6077673
,376,1,0,0.8349685
,376,2,0,0.8987021
,376,3,2,1.0
,377,0,0,0.6163177
,377,1,2,1.0
,377,2,0,0.6195244
,377,3,0,0.9650186
,378,0,0,0.82415545
,378,1,0,0.9025755
,378,2,0,0.60878104
,378,3,2,1.0
,379,0,3,1.0
,379,1,0,0.83383936
,379,2,0,0.6061665
,379,3,0,0.89816594
,380,0,0,0.98036075
,380,1,2,1.0
,380,2,0,0.6161366
,380,3,0,0.61961234
,381,0,2,1.0
,381,1,0,0.89877635
,381,2,0,0.8279141
,381,3,0,0.6174116
,382,0,0,0.902213
,382,1,0,0.6196745
,382,2,2,1.0
,382,3,0,0.8277776
,383,0,0,0.8350332
,383,1,0,0.6078541
,383,2,0,0.90220445
,383,3,2,1.0
,384,0,2,1.0
,384,1,0,0.60736465
,384,2,0,0.8350382
,384,3,0,0.9022074
,385,0,0,0.90220714
,385,1,0,0.6073629
,385,2,2,1.0
,385,3,0,0.8350352
,386,0,0,0.83496714
,386,1,0,0.60776204
,386,2,0,0.898701
,386,3,2,1.0
,387,0,2,1.0
,387,1,0,0.6164588
,387,2,0,0.61948144
,387,3,0,0.9650255
,388,0,0,0.9022858
,388,1,0,0.82790124
,388,2,0,0.60810024
,388,3,2,1.0
,389,0,0,0.8350369
,389,1,2,1.0
,389,2,0,0.60737723
,389,3,0,0.90220714
,390,0,2,1.0
,390,1,0,0.8988513
,390,2,0,0.60737026
,390,3,0,0.8349666
,391,0,0,0.96502453
,391,1,0,0.6286658
,391,2,0,0.60716236
,391,3,2,1.0
,392,0,2,1.0
,392,1,0,0.82813114
,392,2,0,0.6076108
,392,3,0,0.8987836
,393,0,0,0.96500635
,393,1,2,1.0
,393,2,0,0.6071955
,393,3,0,0.6195111
,394,0,2,1.0
,394,1,0,0.96503836
,394,2,0,0.60742193
,394,3,0,0.60794264
,395,0,0,0.9650395
,395,1,2,1.0
,395,2,0,0.6074402
,395,3,0,0.6074787
,396,0,2,1.0
,396,1,0,0.965041
,396,2,0,0.60743815
,396,3,0,0.60783094
,397,0,0,0.9650585
,397,1,2,1.0
,397,2,0,0.60743105
,397,3,0,0.61671126
,398,0,2,1.0
,398,1,0,0.9022877
,398,2,0,0.6079863
,398,3,0,0.8279156
,399,0,0,0.8987097
,399,1,0,0.8350142
,399,2,0,0.6165291
,399,3,2,1.0
,400,0,0,0.6203935
,400,1,2,1.0
,400,2,0,0.8239678
,400,3,0,0.8991215
,401,0,0,0.6063233
,401,1,0,0.9647692
,401,2,3,1.0
,401,3,0,0.6270788
,402,0,0,0.61669284
,402,1,2,1.0
,402,2,0,0.9413181
,402,3,0,0.8280681
,403,0,0,0.82766384
,403,1,0,0.8987015
,403,2,0,0.62148446
,403,3,2,1.0
,404,0,2,1.0
,404,1,0,0.6194978
,404,2,0,0.6077708
,404,3,0,0.96500486
,405,0,0,0.96503836
,405,1,0,0.6079573
,405,2,0,0.60744554
,405,3,2,1.0
,406,0,2,1.0
,406,1,0,0.60785085
,406,2,0,0.60743743
,406,3,0,0.96504086
,407,0,0,0.9650584
,407,1,0,0.6167119
,407,2,0,0.60741574
,407,3,2,1.0
,408,0,2,1.0
,408,1,0,0.82790977
,408,2,0,0.6076191
,408,3,0,0.90228814
,409,0,0,0.8987015
,409,1,2,1.0
,409,2,0,0.6077728
,409,3,0,0.8349691
,410,0,0,0.6195006
,410,1,0,0.96502477
,410,2,0,0.6164578
,410,3,2,1.0
,411,0,0,0.60851973
,411,1,2,1.0
,411,2,0,0.82782745
,411,3,0,0.89878225
,412,0,0,0.61648875
,412,1,0,0.96502465
,412,2,2,1.0
,412,3,0,0.6194883
,413,0,0,0.82782155
,413,1,2,1.0
,413,2,0,0.89878374
,413,3,0,0.60814756
,414,0,2,1.0
,414,1,0,0.9650078
,414,2,0,0.619507
,414,3,0,0.6076058
,415,0,0,0.9650564
,415,1,2,1.0
,415,2,0,0.607918
,415,3,0,0.6166914
,416,0,2,1.0
,416,1,0,0.89893484
,416,2,0,0.60764736
,416,3,0,0.8278383
,417,0,0,0.96502465
,417,1,0,0.6286695
,417,2,0,0.6071741
,417,3,2,1.0
,418,0,2,1.0
,418,1,0,0.8281373
,418,2,0,0.6076092
,418,3,0,0.8989298
,419,0,0,0.9650181
,419,1,2,1.0
,419,2,0,0.60721517
,419,3,0,0.6285309
,420,0,2,1.0
,420,1,0,0.90253097
,420,2,0,0.6083018
,420,3,0,0.82445234
,421,0,0,0.9019862
,421,1,0,0.83036643
,421,2,0,0.60638446
,421,3,3,1.0
,422,0,0,0.8337353
,422,1,3,1.0
,422,2,0,0.6052796
,422,3,0,0.943489
,423,0,2,1.0
,423,1,0,0.94345176
,423,2,0,0.6070506
,423,3,0,0.83596027
,424,0,0,0.9022
,424,1,0,0.83607805
,424,2,0,0.60730684
,424,3,2,1.0
,425,0,0,0.8350352
,425,1,2,1.0
,425,2,0,0.6073445
,425,3,0,0.9022074
,426,0,2,1.0
,426,1,0,0.8988513
,426,2,0,0.6073688
,426,3,0,0.8349667
,427,0,0,0.96502537
,427,1,0,0.6286672
,427,2,0,0.6071593
,427,3,2,1.0
,428,0,2,1.0
,428,1,0,0.82821184
,428,2,0,0.6075798
,428,3,0,0.9022857
,429,0,0,0.90220714
,429,1,2,1.0
,429,2,0,0.60735565
,429,3,0,0.8350371
,430,0,0,0.8349666
,430,1,0,0.8988513
,430,2,0,0.60736936
,430,3,2,1.0
,431,0,2,1.0
,431,1,0,0.62866575
,431,2,0,0.60716236
,431,3,0,0.96502453
,432,0,0,0.8987899
,432,1,0,0.82813144
,432,2,0,0.6076105
,432,3,2,1.0
,433,0,0,0.6198952
,433,1,2,1.0
,433,2,0,0.60719156
,433,3,0,0.9650078
,434,0,0,0.61720735
,434,1,0,0.96505725
,434,2,0,0.6073953
,434,3,2,1.0
,435,0,0,0.82792574
,435,1,2,1.0
,435,2,0,0.60759854
,435,3,0,0.9022885
,436,0,2,1.0
,436,1,0,0.90220726
,436,2,0,0.6073558
,436,3,0,0.83504
,437,0,0,0.9021555
,437,1,0,0.83500546
,437,2,0,0.6073881
,437,3,2,1.0
,438,0,0,0.8314122
,438,1,2,1.0
,438,2,0,0.6080054
,438,3,0,0.90249705
,439,0,3,1.0
,439,1,0,0.89830774
,439,2,0,0.6057477
,439,3,0,0.8338319
,440,0,0,0.9803607
,440,1,0,0.62841076
,440,2,0,0.6072262
,440,3,2,1.0
,441,0,2,1.0
,441,1,0,0.8282229
,441,2,0,0.61689186
,441,3,0,0.89878356
,442,0,0,0.89871293
,442,1,2,1.0
,442,2,0,0.8276903
,442,3,0,0.62008965
,443,0,0,0.6198596
,443,1,0,0.96502477
,443,2,2,1.0
,443,3,0,0.61696494
,444,0,0,0.61740506
,444,1,2,1.0
,444,2,0,0.8989207
,444,3,0,0.82792795
,445,0,0,0.8277846
,445,1,0,0.8987031
,445,2,0,0.62887317
,445,3,2,1.0
,446,0,2,1.0
,446,1,0,0.6200764
,446,2,0,0.8279893
,446,3,0,0.8987094
,447,0,0,0.96502477
,447,1,0,0.61696434
,447,2,2,1.0
,447,3,0,0.6198595
,448,0,2,1.0
,448,1,0,0.82792544
,448,2,0,0.8987773
,448,3,0,0.6174062
,449,0,0,0.90221244
,449,1,2,1.0
,449,2,0,0.6200616
,449,3,0,0.8277806
,450,0,0,0.8350468
,450,1,0,0.89883703
,450,2,0,0.6171625
,450,3,2,1.0
,451,0,2,1.0
,451,1,0,0.62887084
,451,2,0,0.82778203
,451,3,0,0.8986956
,452,0,0,0.90220964
,452,1,0,0.8280634
,452,2,2,1.0
,452,3,0,0.61966234
,453,0,0,0.8350333
,453,1,2,1.0
,453,2,0,0.90220445
,453,3,0,0.6078699
,454,0,2,1.0
,454,1,0,0.9022071
,454,2,0,0.83504134
,454,3,0,0.6077561
,455,0,0,0.8987151
,455,1,0,0.83504844
,455,2,2,1.0
,455,3,0,0.61665684
,456,0,0,0.62116
,456,1,2,1.0
,456,2,0,0.89934814
,456,3,0,0.82772887
,457,0,0,0.6431535
,457,1,0,0.94299024
,457,2,0,0.65924275
,457,3,2,1.0
,458,0,0,0.56785244
,458,1,2,1.0
,458,2,0,0.64493376
,458,3,0,0.50990605
,459,0,0,0.61749434
,459,1,1,0.5059622
,459,2,2,1.0
,459,3,0,0.5408975
,460,0,2,1.0
,460,1,0,0.5276676
,460,2,1,0.51155925
,460,3,0,0.6126392
,461,0,0,0.7109602
,461,1,1,0.5099673
,461,2,1,0.51290554
,461,3,2,1.0
,462,0,2,1.0
,462,1,0,0.6007633
,462,2,0,0.599974
,462,3,0,0.9645947
,463,0,0,0.94343424
,463,1,0,0.65459263
,463,2,0,0.63898593
,463,3,2,1.0
,464,0,2,1.0
,464,1,0,0.7686488
,464,2,0,0.5206836
,464,3,1,0.52249974
,465,0,0,0.90011865
,465,1,2,1.0
,465,2,0,0.6031403
,465,3,0,0.82277155
,466,0,0,0.7470529
,466,1,0,0.91198033
,466,2,0,0.64349246
,466,3,2,1.0
,467,0,2,1.0
,467,1,0,0.57336265
,467,2,0,0.5555077
,467,3,0,0.5875247
,468,0,0,0.7121527
,468,1,1,0.505626
,468,2,0,0.5030492
,468,3,2,1.0
,469,0,2,1.0
,469,1,0,0.599408
,469,2,0,0.82277507
,469,3,0,0.9011674
,470,0,0,0.90246654
,470,1,0,0.60758054
,470,2,2,1.0
,470,3,0,0.8313317
,471,0,0,0.83382523
,471,1,0,0.60594225
,471,2,0,0.8981814
,471,3,3,1.0
,472,0,2,1.0
,472,1,0,0.6123294
,472,2,0,0.62078047
,472,3,0,0.9803532
,473,0,0,0.9121832
,473,1,0,0.7371457
,473,2,0,0.6447861
,473,3,2,1.0
,474,0,0,0.57669467
,474,1,2,1.0
,474,2,0,0.5581853
,474,3,0,0.5861232
,475,0,0,0.53800255
,475,1,0,0.56932455
,475,2,0,0.5365317
,475,3,2,1.0
,476,0,0,0.5339948
,476,1,2,1.0
,476,2,0,0.53247887
,476,3,0,0.5672336
,477,0,0,0.547753
,477,1,0,0.5680631
,477,2,0,0.5287538
,477,3,2,1.0
,478,0,0,0.7439196
,478,1,2,1.0
,478,2,1,0.5116933
,478,3,1,0.5434165
,479,0,2,1.0
,479,1,0,0.8978819
,479,2,0,0.5997038
,479,3,0,0.8215765
,480,0,0,0.90299284
,480,1,0,0.62170833
,480,2,0,0.6086896
,480,3,2,1.0
,481,0,0,0.83218724
,481,1,0,0.612029
,481,2,0,0.6021274
,481,3,2,1.0
,482,0,2,1.0
,482,1,0,0.8275372
,482,2,0,0.6072479
,482,3,0,0.8987411
,483,0,0,0.9650149
,483,1,2,1.0
,483,2,0,0.6101987
,483,3,0,0.6224956
,484,0,2,1.0
,484,1,0,0.92403495
,484,2,0,0.6796035
,484,3,0,0.6800788
,485,0,0,1.0
,485,1,0,1.0
,485,2,0,1.0
,485,3,3,0.530747
,486,0,0,0.63134027
,486,1,0,0.6225608
,486,2,2,1.0
,486,3,0,0.9730571
,487,0,0,0.8282359
,487,1,0,0.61734515
,487,2,0,0.8987827
,487,3,2,1.0
,488,0,2,1.0
,488,1,0,0.82403564
,488,2,0,0.62071
,488,3,0,0.90250105
,489,0,0,0.8981545
,489,1,3,1.0
,489,2,0,0.6154055
,489,3,0,0.8339332
,490,0,0,0.6201621
,490,1,0,0.943638
,490,2,0,0.8238596
,490,3,2,1.0
,491,0,0,0.60653824
,491,1,0,0.83500284
,491,2,3,1.0
,491,3,0,0.90165883
,492,0,0,0.6162973
,492,1,2,1.0
,492,2,0,0.94142246
,492,3,0,0.83489215
,493,0,0,0.8239971
,493,1,0,0.8989433
,493,2,0,0.631395
,493,3,2,1.0
,494,0,3,1.0
,494,1,0,0.6182424
,494,2,0,0.8267501
,494,3,0,0.8983333
,495,0,0,0.97983444
,495,1,0,0.60799485
,495,2,2,1.0
,495,3,0,0.6291479
,496,0,3,1.0
,496,1,0,0.6060159
,496,2,0,0.8983979
,496,3,0,0.8269075
,497,0,0,0.9803607
,497,1,0,0.6071411
,497,2,0,0.628416
,497,3,2,1.0
,498,0,2,1.0
,498,1,0,0.614586
,498,2,0,0.8282424
,498,3,0,0.8991686
,499,0,0,0.90956944
,499,1,0,0.77339745
,499,2,2,1.0
,499,3,0,0.6439497
,500,0,0,0.6908621
,500,1,2,1.0
,500,2,0,0.6511044
,500,3,0,0.59006613
,501,0,2,1.0
,501,1,0,0.57781607
,501,2,0,0.546682
,501,3,0,0.54229647
,502,0,0,0.71074504
,502,1,2,1.0
,502,2,1,0.5088804
,502,3,1,0.509205
,503,0,2,1.0
,503,1,0,0.9645755
,503,2,0,0.5987874
,503,3,0,0.59879
,504,0,0,0.9650303
,504,1,2,1.0
,504,2,0,0.60698825
,504,3,0,0.60738015
,505,0,2,1.0
,505,1,0,0.96505743
,505,2,0,0.6073968
,505,3,0,0.6166892
,506,0,0,0.89893496
,506,1,2,1.0
,506,2,0,0.6076255
,506,3,0,0.8278385
,507,0,0,0.6286709
,507,1,0,0.96502537
,507,2,0,0.6071703
,507,3,2,1.0
,508,0,0,0.8282119
,508,1,2,1.0
,508,2,0,0.607581
,508,3,0,0.9022857
,509,0,2,1.0
,509,1,0,0.90220714
,509,2,0,0.6073723
,509,3,0,0.8350372
,510,0,0,0.89870125
,510,1,0,0.83496714
,510,2,0,0.6077625
,510,3,2,1.0
,511,0,0,0.61948496
,511,1,2,1.0
,511,2,0,0.6164587
,511,3,0,0.9650255
,512,0,0,0.608185
,512,1,0,0.90228516
,512,2,0,0.8278993
,512,3,2,1.0
,513,0,0,0.6093583
,513,1,0,0.83496743
,513,2,2,1.0
,513,3,0,0.9002762
,514,0,0,0.65338296
,514,1,2,1.0
,514,2,0,0.91533667
,514,3,0,0.71584505
,515,0,0,0.5348028
,515,1,1,0.8553596
,515,2,0,0.55507934
,515,3,2,1.0
,516,0,0,0.51956457
,516,1,2,1.0
,516,2,0,0.52183926
,516,3,1,0.68143475
,517,0,1,0.5149965
,517,1,0,0.7076924
,517,2,1,0.5054417
,517,3,2,1.0
,518,0,0,0.6089144
,518,1,2,1.0
,518,2,0,0.81866413
,518,3,0,0.89795375
,519,0,0,0.8262046
,519,1,0,0.89890116
,519,2,3,1.0
,519,3,0,0.6234807
,520,0,2,1.0
,520,1,0,0.66813046
,520,2,0,0.94875634
,520,3,0,0.7387407
,521,0,1,0.5319354
,521,1,0,0.76525575
,521,2,0,0.53916764
,521,3,2,1.0
,522,0,0,0.7058499
,522,1,2,1.0
,522,2,0,0.6460208
,522,3,0,0.91390264
,523,0,2,1.0
,523,1,1,0.6720332
,523,2,0,0.5415043
,523,3,0,0.56165236
,524,0,1,0.6890176
,524,1,2,1.0
,524,2,0,0.52646595
,524,3,0,0.52801925
,525,0,2,1.0
,525,1,1,0.68906134
,525,2,0,0.5216727
,525,3,0,0.5217819
,526,0,1,0.5306664
,526,1,2,1.0
,526,2,1,0.5196732
,526,3,1,0.51980513
,527,0,2,1.0
,527,1,0,0.9341258
,527,2,0,0.6448304
,527,3,0,0.6417195
,528,0,1,0.7212556
,528,1,2,1.0
,528,2,0,0.6032937
,528,3,0,0.55836976
,529,0,1,0.5385486
,529,1,1,0.7692316
,529,2,2,1.0
,529,3,0,0.7336577
,530,0,0,0.5939684
,530,1,0,0.59303325
,530,2,0,0.96411604
,530,3,3,1.0
,531,0,0,0.6074902
,531,1,0,0.8233256
,531,2,2,1.0
,531,3,0,0.9414991
,532,0,0,0.6054049
,532,1,3,1.0
,532,2,0,0.96473205
,532,3,0,0.6197048
,533,0,0,0.60750663
,533,1,0,0.9803511
,533,2,2,1.0
,533,3,0,0.60773593
,534,0,0,0.61671335
,534,1,2,1.0
,534,2,0,0.96506125
,534,3,0,0.6078351
,535,0,0,0.8279245
,535,1,0,0.89886403
,535,2,2,1.0
,535,3,0,0.6169109
,536,0,2,1.0
,536,1,0,0.62518173
,536,2,0,0.89924264
,536,3,0,0.8277233
,537,0,0,0.91116965
,537,1,0,0.73909193
,537,2,0,0.652611
,537,3,2,1.0
,538,0,0,0.5447235
,538,1,2,1.0
,538,2,0,0.51684165
,538,3,0,0.72461134
,539,0,0,0.82419395
,539,1,0,0.90136147
,539,2,0,0.6008475
,539,3,2,1.0
,540,0,2,1.0
,540,1,0,0.8349449
,540,2,0,0.6083497
,540,3,0,0.8991846
,541,0,0,0.9432578
,541,1,2,1.0
,541,2,0,0.63934827
,541,3,0,0.6512404
,542,0,2,1.0
,542,1,0,0.7270453
,542,2,0,0.5210194
,542,3,0,0.5216671
,543,0,0,0.89901394
,543,1,2,1.0
,543,2,0,0.6083218
,543,3,0,0.60471123
,544,0,0,0.6483121
,544,1,2,1.0
,544,2,0,0.73420507
,544,3,0,0.6511765
,545,0,0,0.5264417
,545,1,1,0.5361387
,545,2,2,1.0
,545,3,0,0.7648994
,546,0,0,0.8240342
,546,1,0,0.608362
,546,2,0,0.8979904
,546,3,2,1.0
,547,0,2,1.0
,547,1,0,0.8274902
,547,2,0,0.6209165
,547,3,0,0.8994409
,548,0,0,0.9433741
,548,1,2,1.0
,548,2,0,0.6396938
,548,3,0,0.6664423
,549,0,2,1.0
,549,1,1,0.5225725
,549,2,0,0.52064127
,549,3,0,0.7691753
,550,0,0,0.9001418
,550,1,0,0.8227866
,550,2,0,0.60299766
,550,3,2,1.0
,551,0,0,0.7486734
,551,1,2,1.0
,551,2,0,0.64038384
,551,3,0,0.91641957
,552,0,2,1.0
,552,1,1,0.526652
,552,2,0,0.5159461
,552,3,0,0.7784349
,553,0,0,0.8980343
,553,1,0,0.8225805
,553,2,0,0.60137284
,553,3,2,1.0
,554,0,0,0.62179154
,554,1,2,1.0
,554,2,0,0.60853314
,554,3,0,0.9649997
,555,0,0,0.66507876
,555,1,0,0.9354766
,555,2,0,0.6472576
,555,3,2,1.0
,556,0,0,0.75026155
,556,1,2,1.0
,556,2,1,0.5036915
,556,3,1,0.7464833
,557,0,2,1.0
,557,1,0,0.89999324
,557,2,0,0.6015398
,557,3,0,0.8166406
,558,0,0,0.9163884
,558,1,0,0.74822515
,558,2,0,0.6411758
,558,3,2,1.0
,559,0,0,0.77470547
,559,1,2,1.0
,559,2,0,0.5271838
,559,3,1,0.5355087
,560,0,3,1.0
,560,1,0,0.8969773
,560,2,0,0.8215476
,560,3,0,0.59564424
,561,0,0,0.9803549
,561,1,0,0.6245515
,561,2,2,1.0
,561,3,0,0.6077017
,562,0,2,1.0
,562,1,0,0.7393808
,562,2,0,0.9112379
,562,3,0,0.64095384
,563,0,0,0.72468495
,563,1,2,1.0
,563,2,0,0.5448035
,563,3,0,0.5165259
,564,0,2,1.0
,564,1,0,0.89783496
,564,2,0,0.8241795
,564,3,0,0.6100013
,565,0,0,0.9024767
,565,1,0,0.6202101
,565,2,2,1.0
,565,3,0,0.82379204
,566,0,0,0.8339528
,566,1,0,0.60619557
,566,2,0,0.90167314
,566,3,3,1.0
,567,0,2,1.0
,567,1,0,0.60712355
,567,2,0,0.8349046
,567,3,0,0.94345134
,568,0,0,0.89870113
,568,1,0,0.6073393
,568,2,2,1.0
,568,3,0,0.8360003
,569,0,0,0.6198918
,569,1,0,0.60718066
,569,2,0,0.9650079
,569,3,2,1.0
,570,0,0,0.6172071
,570,1,0,0.6073951
,570,2,2,1.0
,570,3,0,0.96505725
,571,0,0,0.8279218
,571,1,0,0.60760164
,571,2,0,0.90228814
,571,3,2,1.0
,572,0,2,1.0
,572,1,0,0.607384
,572,2,0,0.8349623
,572,3,0,0.89870286
,573,0,0,0.96500635
,573,1,0,0.60718596
,573,2,2,1.0
,573,3,0,0.61950773
,574,0,2,1.0
,574,1,0,0.60742396
,574,2,0,0.965038
,574,3,0,0.6079442
,575,0,0,0.96503097
,575,1,0,0.60748667
,575,2,2,1.0
,575,3,0,0.6075087
,576,0,2,1.0
,576,1,0,0.6081214
,576,2,0,0.9641227
,576,3,0,0.608123
,577,0,0,0.96477425
,577,1,0,0.6057347
,577,2,3,1.0
,577,3,0,0.60575056
,578,0,2,1.0
,578,1,0,0.6071576
,578,2,0,0.9803511
,578,3,0,0.6075337
,579,0,0,0.9650611
,579,1,0,0.6078057
,579,2,2,1.0
,579,3,0,0.6167138
,580,0,2,1.0
,580,1,0,0.6167721
,580,2,0,0.89879125
,580,3,0,0.82789123
,581,0,0,0.90250254
,581,1,0,0.82401663
,581,2,0,0.6203331
,581,3,2,1.0
,582,0,0,0.83381915
,582,1,3,1.0
,582,2,0,0.60626984
,582,3,0,0.8981553
,583,0,2,1.0
,583,1,0,0.980351
,583,2,0,0.60726917
,583,3,0,0.6192451
,584,0,0,0.9650593
,584,1,2,1.0
,584,2,0,0.6166951
,584,3,0,0.6079208
,585,0,2,1.0
,585,1,0,0.90228826
,585,2,0,0.82791215
,585,3,0,0.6076233
,586,0,0,0.90215564
,586,1,0,0.83500785
,586,2,2,1.0
,586,3,0,0.607399
,587,0,0,0.8314152
,587,1,2,1.0
,587,2,0,0.90249705
,587,3,0,0.60799855
,588,0,3,1.0
,588,1,0,0.90167755
,588,2,0,0.8339612
,588,3,0,0.6056889
,589,0,0,0.9434516
,589,1,0,0.834908
,589,2,2,1.0
,589,3,0,0.60715693
,590,0,0,0.8360647
,590,1,2,1.0
,590,2,0,0.8994496
,590,3,0,0.6086612
,591,0,2,1.0
,591,1,0,0.94337714
,591,2,0,0.6664526
,591,3,0,0.6392002
,592,0,1,0.5225694
,592,1,2,1.0
,592,2,0,0.76916945
,592,3,0,0.5205505
,593,0,0,0.82273984
,593,1,0,0.8980242
,593,2,2,1.0
,593,3,0,0.6015962
,594,0,2,1.0
,594,1,0,0.6194687
,594,2,0,0.96499777
,594,3,0,0.60709894
,595,0,0,0.96504664
,595,1,0,0.60934246
,595,2,2,1.0
,595,3,0,0.6129416
,596,0,2,1.0
,596,1,0,0.64111894
,596,2,0,0.9110621
,596,3,0,0.7388957
,597,0,0,0.7244919
,597,1,0,0.5176924
,597,2,0,0.5366444
,597,3,2,1.0
,598,0,2,1.0
,598,1,0,0.6363193
,598,2,0,0.64197564
,598,3,0,0.9423499
,599,0,0,0.510257
,599,1,0,0.56707597
,599,2,0,0.6436959
,599,3,2,1.0
,600,0,0,0.55050147
,600,1,0,0.6185355
,600,2,2,1.0
,600,3,1,0.5091117
,601,0,0,0.7458799
,601,1,2,1.0
,601,2,1,0.54154897
,601,3,1,0.51228744
,602,0,2,1.0
,602,1,0,0.89783376
,602,2,0,0.82186025
,602,3,0,0.5995827
,603,0,0,0.9649947
,603,1,0,0.6194042
,603,2,2,1.0
,603,3,0,0.60676533
,604,0,2,1.0
,604,1,0,0.6083229
,604,2,0,0.9650396
,604,3,0,0.6074142
,605,0,0,0.9650589
,605,1,0,0.61673063
,605,2,2,1.0
,605,3,0,0.60780454
,606,0,2,1.0
,606,1,0,0.82792485
,606,2,0,0.8987741
,606,3,0,0.6169105
,607,0,0,0.90221256
,607,1,2,1.0
,607,2,0,0.6196779
,607,3,0,0.8277611
,608,0,0,0.8349614
,608,1,0,0.89884794
,608,2,0,0.60789675
,608,3,2,1.0
,609,0,2,1.0
,609,1,0,0.628666
,609,2,0,0.6075723
,609,3,0,0.965026
,610,0,0,0.8989206
,610,1,0,0.8282259
,610,2,0,0.61689097
,610,3,2,1.0
,611,0,0,0.6288747
,611,1,2,1.0
,611,2,0,0.82777554
,611,3,0,0.898702
,612,0,0,0.8280667
,612,1,0,0.9022092
,612,2,2,1.0
,612,3,0,0.62004936
,613,0,2,1.0
,613,1,0,0.83504045
,613,2,0,0.8986886
,613,3,0,0.61716187
,614,0,0,0.8988564
,614,1,2,1.0
,614,2,0,0.61971295
,614,3,0,0.8276962
,615,0,0,0.62865734
,615,1,0,0.96502465
,615,2,0,0.60806227
,615,3,2,1.0
,616,0,0,0.82821876
,616,1,2,1.0
,616,2,0,0.6169108
,616,3,0,0.8987722
,617,0,2,1.0
,617,1,0,0.8987082
,617,2,0,0.827683
,617,3,0,0.61970484
,618,0,0,0.965005
,618,1,0,0.61949915
,618,2,2,1.0
,618,3,0,0.6076968
,619,0,2,1.0
,619,1,0,0.60795736
,619,2,0,0.96503824
,619,3,0,0.6074425
,620,0,0,0.96504086
,620,1,0,0.60785085
,620,2,2,1.0
,620,3,0,0.60743755
,621,0,2,1.0
,621,1,0,0.6167106
,621,2,0,0.96505755
,621,3,0,0.6074178
,622,0,0,0.89878666
,622,1,0,0.82783246
,622,2,2,1.0
,622,3,0,0.6076314
,623,0,0,0.61951107
,623,1,2,1.0
,623,2,0,0.9650065
,623,3,0,0.6072124
,624,0,0,0.6079411
,624,1,0,0.9650396
,624,2,2,1.0
,624,3,0,0.60780495
,625,0,0,0.6074994
,625,1,2,1.0
,625,2,0,0.96505046
,625,3,0,0.6165692
,626,0,0,0.6087126
,626,1,0,0.8990486
,626,2,2,1.0
,626,3,0,0.8241257
,627,0,0,0.61475587
,627,1,0,0.617895
,627,2,0,0.96477
,627,3,3,1.0
,628,0,0,0.8276231
,628,1,0,0.6079664
,628,2,2,1.0
,628,3,0,0.9413384
,629,0,2,1.0
,629,1,0,0.6078799
,629,2,0,0.96408546
,629,3,0,0.621962
,630,0,0,0.9647731
,630,1,0,0.60609186
,630,2,3,1.0
,630,3,0,0.6063013
,631,0,2,1.0
,631,1,0,0.61641544
,631,2,0,0.98036045
,631,3,0,0.60714316
,632,0,0,0.90229374
,632,1,0,0.8279159
,632,2,2,1.0
,632,3,0,0.6076045
,633,0,0,0.8350373
,633,1,2,1.0
,633,2,0,0.90220726
,633,3,0,0.6073574
,634,0,2,1.0
,634,1,0,0.89870286
,634,2,0,0.83496034
,634,3,0,0.6073736
,635,0,0,0.96500635
,635,1,0,0.6195076
,635,2,2,1.0
,635,3,0,0.6071854
,636,0,2,1.0
,636,1,0,0.60794187
,636,2,0,0.96503824
,636,3,0,0.6074216
,637,0,0,0.9650395
,637,1,0,0.6074625
,637,2,2,1.0
,637,3,0,0.6074405
,638,0,2,1.0
,638,1,0,0.60744476
,638,2,0,0.9650394
,638,3,0,0.6074438
,639,0,0,0.9650311
,639,1,0,0.60748816
,639,2,2,1.0
,639,3,0,0.6074881
,640,0,2,1.0
,640,1,0,0.60812455
,640,2,0,0.9641225
,640,3,0,0.6081246
,641,0,0,0.964764
,641,1,0,0.6057826
,641,2,3,1.0
,641,3,0,0.60578334
,642,0,2,1.0
,642,1,0,0.60782325
,642,2,0,0.9798279
,642,3,0,0.6078397
,643,0,0,0.964776
,643,1,0,0.6057225
,643,2,3,1.0
,643,3,0,0.6061081
,644,0,2,1.0
,644,1,0,0.607167
,644,2,0,0.980356
,644,3,0,0.6162762
,645,0,0,0.899065
,645,1,0,0.60833
,645,2,2,1.0
,645,3,0,0.82412314
,646,0,0,0.6183654
,646,1,0,0.6055321
,646,2,0,0.9647307
,646,3,3,1.0
,647,0,0,0.6176708
,647,1,0,0.6081341
,647,2,2,1.0
,647,3,0,0.9798347
,648,0,0,0.82676905
,648,1,0,0.6153061
,648,2,0,0.89823705
,648,3,3,1.0
,649,0,2,1.0
,649,1,0,0.8275161
,649,2,0,0.61952823
,649,3,0,0.9413303
,650,0,0,0.965002
,650,1,2,1.0
,650,2,0,0.60766643
,650,3,0,0.6212971
,651,0,2,1.0
,651,1,0,0.9650396
,651,2,0,0.6074366
,651,3,0,0.6084036
,652,0,0,0.9650584
,652,1,2,1.0
,652,2,0,0.6074144
,652,3,0,0.61673486
,653,0,2,1.0
,653,1,0,0.90228856
,653,2,0,0.6075997
,653,3,0,0.8279138
,654,0,0,0.90220726
,654,1,0,0.8350372
,654,2,0,0.6073565
,654,3,2,1.0
,655,0,0,0.8349666
,655,1,2,1.0
,655,2,0,0.60736936
,655,3,0,0.8988513
,656,0,2,1.0
,656,1,0,0.96502453
,656,2,0,0.60716236
,656,3,0,0.6286658
,657,0,0,0.8987899
,657,1,2,1.0
,657,2,0,0.6076105
,657,3,0,0.82813144
,658,0,0,0.6198952
,658,1,0,0.9650078
,658,2,0,0.60719174
,658,3,2,1.0
,659,0,0,0.6172058
,659,1,2,1.0
,659,2,0,0.60739905
,659,3,0,0.9650564
,660,0,0,0.8278451
,660,1,0,0.8987864
,660,2,0,0.60764575
,660,3,2,1.0
,661,0,2,1.0
,661,1,0,0.6195076
,661,2,0,0.6075849
,661,3,0,0.9650078
,662,0,0,0.9650562
,662,1,0,0.6079208
,662,2,0,0.6166892
,662,3,2,1.0
,663,0,2,1.0
,663,1,0,0.60770065
,663,2,0,0.82779115
,663,3,0,0.8988115
,664,0,0,0.96408975
,664,1,0,0.6078823
,664,2,2,1.0
,664,3,0,0.62056804
,665,0,3,1.0
,665,1,0,0.60605776
,665,2,0,0.96480495
,665,3,0,0.6155079
,666,0,0,0.94131863
,666,1,0,0.616692
,666,2,2,1.0
,666,3,0,0.82777977
,667,0,0,0.6215556
,667,1,0,0.82766956
,667,2,0,0.89882725
,667,3,2,1.0
,668,0,0,0.6095359
,668,1,2,1.0
,668,2,0,0.6272559
,668,3,0,0.9650109
,669,0,0,0.649393
,669,1,0,0.9199558
,669,2,0,0.7939182
,669,3,2,1.0
,670,0,1,0.5102135
,670,1,0,0.75982046
,670,2,3,1.0
,670,3,1,0.76049984
,671,0,0,0.5993814
,671,1,2,1.0
,671,2,0,0.94136524
,671,3,0,0.8159057
,672,0,0,0.6067386
,672,1,0,0.96499026
,672,2,0,0.6211996
,672,3,2,1.0
,673,0,0,0.6077871
,673,1,2,1.0
,673,2,0,0.6080066
,673,3,0,0.96503925
,674,0,0,0.61670905
,674,1,0,0.9650584
,674,2,0,0.60745484
,674,3,2,1.0
,675,0,0,0.82791656
,675,1,2,1.0
,675,2,0,0.60799253
,675,3,0,0.90228814
,676,0,2,1.0
,676,1,0,0.89883816
,676,2,0,0.61666536
,676,3,0,0.83505374
,677,0,0,0.89871305
,677,1,0,0.62873375
,677,2,0,0.8277359
,677,3,2,1.0
,678,0,0,0.6203288
,678,1,0,0.8243238
,678,2,2,1.0
,678,3,0,0.9024993
,679,0,0,0.6065962
,679,1,3,1.0
,679,2,0,0.90167356
,679,3,0,0.8339611
,680,0,0,0.6164379
,680,1,0,0.94132125
,680,2,0,0.83491796
,680,3,2,1.0
,681,0,0,0.8276227
,681,1,0,0.6215294
,681,2,2,1.0
,681,3,0,0.89886767
,682,0,2,1.0
,682,1,0,0.60845745
,682,2,0,0.96409374
,682,3,0,0.62928855
,683,0,0,0.89853984
,683,1,0,0.60675925
,683,2,3,1.0
,683,3,0,0.82324034
,684,0,0,0.6178432
,684,1,0,0.60491914
,684,2,0,0.9803333
,684,3,3,1.0
,685,0,0,0.61677104
,685,1,0,0.60715187
,685,2,2,1.0
,685,3,0,0.980356
,686,0,0,0.82414144
,686,1,0,0.60871446
,686,2,0,0.899054
,686,3,2,1.0
,687,0,3,1.0
,687,1,0,0.6147603
,687,2,0,0.6178913
,687,3,0,0.9647709
,688,0,0,0.9434487
,688,1,0,0.8277432
,688,2,0,0.60788673
,688,3,2,1.0
,689,0,0,0.8360396
,689,1,2,1.0
,689,2,0,0.60739285
,689,3,0,0.9021484
,690,0,2,1.0
,690,1,0,0.89896816
,690,2,0,0.6080794
,690,3,0,0.83136684
,691,0,0,0.9647387
,691,1,0,0.61793137
,691,2,0,0.6058359
,691,3,3,1.0
,692,0,2,1.0
,692,1,0,0.6080624
,692,2,0,0.61625195
,692,3,0,0.98035705
,693,0,0,0.8990541
,693,1,0,0.6177031
,693,2,0,0.82417923
,693,3,2,1.0
,694,0,0,0.6195996
,694,1,0,0.82653165
,694,2,3,1.0
,694,3,0,0.9002791
,695,0,0,0.6409962
,695,1,2,1.0
,695,2,0,0.9520247
,695,3,0,0.74833596
,696,0,0,0.515759
,696,1,1,0.52684975
,696,2,0,0.78010553
,696,3,2,1.0
,697,0,0,0.6012947
,697,1,0,0.8225728
,697,2,2,1.0
,697,3,0,0.89800197
,698,0,0,0.6068482
,698,1,2,1.0
,698,2,0,0.964998
,698,3,0,0.6197923
,699,0,0,0.60738206
,699,1,0,0.9650562
,699,2,2,1.0
,699,3,0,0.6171998
,700,0,0,0.6076289
,700,1,2,1.0
,700,2,0,0.89878654
,700,3,0,0.82784474
,701,0,0,0.60719705
,701,1,0,0.96500635
,701,2,0,0.6195111
,701,3,2,1.0
,702,0,0,0.6074383
,702,1,2,1.0
,702,2,0,0.6079416
,702,3,0,0.96503836
,703,0,0,0.607829
,703,1,0,0.96504086
,703,2,0,0.6074585
,703,3,2,1.0
,704,0,0,0.61671114
,704,1,2,1.0
,704,2,0,0.60741574
,704,3,0,0.9650584
,705,0,0,0.8279133
,705,1,0,0.90228856
,705,2,0,0.6075997
,705,3,2,1.0
,706,0,2,1.0
,706,1,0,0.8350407
,706,2,0,0.60735375
,706,3,0,0.9022076
,707,0,0,0.90220714
,707,1,2,1.0
,707,2,0,0.60734606
,707,3,0,0.8350351
,708,0,0,0.8349666
,708,1,0,0.89885116
,708,2,0,0.6073691
,708,3,2,1.0
,709,0,2,1.0
,709,1,0,0.6286658
,709,2,0,0.6071631
,709,3,0,0.96502453
,710,0,0,0.89878386
,710,1,0,0.82813144
,710,2,0,0.6076269
,710,3,2,1.0
,711,0,0,0.61952543
,711,1,2,1.0
,711,2,0,0.6075784
,711,3,0,0.9650078
,712,0,0,0.60834944
,712,1,0,0.96505076
,712,2,0,0.61654913
,712,3,2,1.0
,713,0,0,0.6175803
,713,1,2,1.0
,713,2,0,0.82415587
,713,3,0,0.8990495
,714,0,0,0.82286483
,714,1,0,0.9019949
,714,2,3,1.0
,714,3,0,0.6188718
,715,0,3,1.0
,715,1,0,0.8336024
,715,2,0,0.9413702
,715,3,0,0.60624707
,716,0,0,0.9803603
,716,1,2,1.0
,716,2,0,0.6210275
,716,3,0,0.61610943
,717,0,2,1.0
,717,1,0,0.9022904
,717,2,0,0.6081801
,717,3,0,0.8279015
,718,0,0,0.90220714
,718,1,0,0.8350372
,718,2,0,0.60738647
,718,3,2,1.0
,719,0,0,0.83496433
,719,1,2,1.0
,719,2,0,0.6075009
,719,3,0,0.8987511
,720,0,2,1.0
,720,1,0,0.96501595
,720,2,0,0.61021775
,720,3,0,0.6225036
,721,0,0,0.9240351
,721,1,2,1.0
,721,2,0,0.6796045
,721,3,0,0.68007934
,722,0,0,1.0
,722,1,0,1.0
,722,2,3,0.523589
,722,3,0,1.0
,723,0,0,0.6240976
,723,1,0,0.6240976
,723,2,0,0.9242287
,723,3,2,1.0
,724,0,0,0.60257715
,724,1,0,0.60257715
,724,2,0,0.8325239
,724,3,2,1.0
,725,0,0,0.60699546
,725,1,0,0.60699546
,725,2,2,1.0
,725,3,0,0.96500003
,726,0,0,0.6090297
,726,1,0,0.6090297
,726,2,0,0.9650212
,726,3,2,1.0
,727,0,0,0.6447963
,727,1,0,0.6447964
,727,2,2,1.0
,727,3,0,0.95758146
,728,0,0,0.5045095
,728,1,0,0.5045095
,728,2,0,0.7145766
,728,3,3,1.0
,729,0,0,0.60048455
,729,1,0,0.60048425
,729,2,2,1.0
,729,3,0,0.9803588
,730,0,0,0.64236933
,730,1,0,0.6423629
,730,2,0,0.9428612
,730,3,2,1.0
,731,0,0,0.5624471
,731,1,0,0.5623447
,731,2,2,1.0
,731,3,0,0.5910324
,732,0,0,0.53881425
,732,1,0,0.53740793
,732,2,0,0.57015514
,732,3,2,1.0
,733,0,0,0.5501534
,733,1,0,0.5312262
,733,2,2,1.0
,733,3,0,0.66685
,734,0,0,0.73617315
,734,1,1,0.5143619
,734,2,1,0.5553593
,734,3,3,1.0
,735,0,3,1.0
,735,1,0,0.5952378
,735,2,0,0.5940725
,735,3,0,0.9803488
,736,0,0,0.9679632
,736,1,0,0.63844144
,736,2,0,0.65392137
,736,3,2,1.0
,737,0,2,1.0
,737,1,0,0.5211589
,737,2,0,0.76859033
,737,3,1,0.5314862
,738,0,0,0.96380913
,738,1,0,0.6018608
,738,2,2,1.0
,738,3,0,0.60905963
,739,0,3,1.0
,739,1,0,0.6057182
,739,2,0,0.89838934
,739,3,0,0.82628447
,740,0,0,0.97983503
,740,1,0,0.60786104
,740,2,0,0.6291566
,740,3,2,1.0
,741,0,3,1.0
,741,1,0,0.6152753
,741,2,0,0.8270614
,741,3,0,0.8983798
,742,0,0,0.94132215
,742,1,0,0.82760555
,742,2,2,1.0
,742,3,0,0.62869996
,743,0,0,0.62152916
,743,1,2,1.0
,743,2,0,0.8987291
,743,3,0,0.8279673
,744,0,0,0.6091185
,744,1,0,0.96501946
,744,2,0,0.62145394
,744,3,2,1.0
,745,0,0,0.64004314
,745,1,2,1.0
,745,2,0,0.6554818
,745,3,0,0.9434529
,746,0,0,0.5306076
,746,1,1,0.53234607
,746,2,0,0.7686906
,746,3,2,1.0
,747,0,0,0.8241462
,747,1,0,0.6008616
,747,2,2,1.0
,747,3,0,0.90011096
,748,0,2,1.0
,748,1,0,0.6436162
,748,2,0,0.91207254
,748,3,0,0.7469006
,749,0,0,0.58623874
,749,1,0,0.5579217
,749,2,0,0.5764928
,749,3,2,1.0
,750,0,2,1.0
,750,1,0,0.5332444
,750,2,0,0.53461605
,750,3,0,0.57002354
,751,0,0,0.7066792
,751,1,1,0.5095568
,751,2,1,0.50945455
,751,3,2,1.0
,752,0,3,1.0
,752,1,0,0.5948483
,752,2,0,0.5948529
,752,3,0,0.9640385
,753,0,0,0.9803504
,753,1,0,0.6065409
,753,2,0,0.6065411
,753,3,2,1.0
,754,0,2,1.0
,754,1,0,0.60746455
,754,2,0,0.60746396
,754,3,0,0.96503294
,755,0,0,0.9641227
,755,1,0,0.60813713
,755,2,0,0.6081204
,755,3,2,1.0
,756,0,3,1.0
,756,1,0,0.60612386
,756,2,0,0.60573065
,756,3,0,0.96477574
,757,0,0,0.98036
,757,1,0,0.6164148
,757,2,0,0.60712516
,757,3,2,1.0
,758,0,2,1.0
,758,1,0,0.8277947
,758,2,0,0.607683
,758,3,0,0.89881694
,759,0,0,0.96408975
,759,1,2,1.0
,759,2,0,0.6078664
,759,3,0,0.620569
,760,0,3,1.0
,760,1,0,0.9648036
,760,2,0,0.6056846
,760,3,0,0.6155087
,761,0,0,0.9434174
,761,1,2,1.0
,761,2,0,0.6078187
,761,3,0,0.82773787
,762,0,0,0.832477
,762,1,0,0.8989359
,762,2,0,0.61740166
,762,3,2,1.0
,763,0,3,1.0
,763,1,0,0.61820483
,763,2,0,0.8264419
,763,3,0,0.89831674
,764,0,0,0.9803603
,764,1,0,0.60735124
,764,2,2,1.0
,764,3,0,0.62840164
,765,0,2,1.0
,765,1,0,0.6076033
,765,2,0,0.9022905
,765,3,0,0.8282147
,766,0,0,0.9022074
,766,1,0,0.607357
,766,2,0,0.8350374
,766,3,2,1.0
,767,0,0,0.8349667
,767,1,0,0.6073693
,767,2,2,1.0
,767,3,0,0.8988513
,768,0,2,1.0
,768,1,0,0.6071595
,768,2,0,0.96502537
,768,3,0,0.6286672
,769,0,0,0.9022853
,769,1,0,0.6075826
,769,2,2,1.0
,769,3,0,0.82820827
,770,0,0,0.8349687
,770,1,0,0.6073789
,770,2,0,0.8988513
,770,3,2,1.0
,771,0,2,1.0
,771,1,0,0.6071597
,771,2,0,0.62866735
,771,3,0,0.96502537
,772,0,0,0.9022857
,772,1,0,0.60757995
,772,2,0,0.82821184
,772,3,2,1.0
,773,0,0,0.835037
,773,1,0,0.6073589
,773,2,2,1.0
,773,3,0,0.90220714
,774,0,2,1.0
,774,1,0,0.60744464
,774,2,0,0.89877516
,774,3,0,0.834963
,775,0,0,0.9650068
,775,1,0,0.60889906
,775,2,0,0.6239629
,775,3,2,1.0
,776,0,2,1.0
,776,1,0,0.64792544
,776,2,0,0.7145696
,776,3,0,0.91937035
,777,0,1,0.75794846
,777,1,1,0.50565046
,777,2,2,1.0
,777,3,0,0.76297855
,778,0,0,0.5988286
,778,1,0,0.60015804
,778,2,0,0.9637405
,778,3,2,1.0
,779,0,0,0.8260461
,779,1,0,0.60556954
,779,2,3,1.0
,779,3,0,0.8982212
,780,0,2,1.0
,780,1,0,0.60688823
,780,2,0,0.9803466
,780,3,0,0.61968046
,781,0,0,0.96413535
,781,1,0,0.60804945
,781,2,2,1.0
,781,3,0,0.6179666
,782,0,3,1.0
,782,1,0,0.60607964
,782,2,0,0.89828074
,782,3,0,0.826573
,783,0,0,0.97982883
,783,1,0,0.607541
,783,2,0,0.62030464
,783,3,2,1.0
,784,0,3,1.0
,784,1,0,0.605696
,784,2,0,0.6153591
,784,3,0,0.9647961
,785,0,0,0.94363344
,785,1,0,0.6080383
,785,2,0,0.8240295
,785,3,2,1.0
,786,0,0,0.8350082
,786,1,0,0.6056559
,786,2,3,1.0
,786,3,0,0.90166605
,787,0,2,1.0
,787,1,0,0.6071473
,787,2,0,0.9434204
,787,3,0,0.83487284
,788,0,0,0.90244704
,788,1,0,0.60804224
,788,2,0,0.8324457
,788,3,2,1.0
,789,0,0,0.8302739
,789,1,0,0.60651857
,789,2,3,1.0
,789,3,0,0.89846355
,790,0,3,1.0
,790,1,0,0.6062138
,790,2,0,0.9803431
,790,3,0,0.6187771
,791,0,0,0.96796244
,791,1,0,0.6390054
,791,2,2,1.0
,791,3,0,0.64014435
,792,0,2,1.0
,792,1,0,0.52121824
,792,2,0,0.7285404
,792,3,0,0.53122455
,793,0,0,0.8978885
,793,1,0,0.60117644
,793,2,2,1.0
,793,3,0,0.823863
,794,0,0,0.619782
,794,1,0,0.60683703
,794,2,0,0.9649973
,794,3,2,1.0
,795,0,0,0.61720073
,795,1,0,0.6073784
,795,2,2,1.0
,795,3,0,0.965057
,796,0,0,0.82792556
,796,1,0,0.6075977
,796,2,0,0.90228856
,796,3,2,1.0
,797,0,2,1.0
,797,1,0,0.60735345
,797,2,0,0.83504075
,797,3,0,0.9022076
,798,0,0,0.9022076
,798,1,0,0.6073431
,798,2,2,1.0
,798,3,0,0.83503866
,799,0,0,0.8350386
,799,1,0,0.6073426
,799,2,0,0.9022075
,799,3,2,1.0
,800,0,2,1.0
,800,1,0,0.60734296
,800,2,0,0.8350386
,800,3,0,0.9022075
,801,0,0,0.9022066
,801,1,0,0.60734856
,801,2,2,1.0
,801,3,0,0.8350337
,802,0,0,0.8349189
,802,1,0,0.60742515
,802,2,0,0.8987293
,802,3,2,1.0
,803,0,2,1.0
,803,1,0,0.607919
,803,2,0,0.62063426
,803,3,0,0.9640841
,804,0,0,0.9638799
,804,1,0,0.6063314
,804,2,0,0.61629397
,804,3,3,1.0
,805,0,3,1.0
,805,1,0,0.6056443
,805,2,0,0.82635915
,805,3,0,0.94137186
,806,0,0,0.980351
,806,1,0,0.60682184
,806,2,2,1.0
,806,3,0,0.6214374
,807,0,2,1.0
,807,1,0,0.60739523
,807,2,0,0.96505916
,807,3,0,0.61728686
,808,0,0,0.90228814
,808,1,0,0.60760164
,808,2,2,1.0
,808,3,0,0.82792425
,809,0,0,0.8349687
,809,1,0,0.6073799
,809,2,0,0.8988513
,809,3,2,1.0
,810,0,2,1.0
,810,1,0,0.6071628
,810,2,0,0.6286657
,810,3,0,0.96502453
,811,0,0,0.8987836
,811,1,0,0.60761076
,811,2,0,0.82813126
,811,3,2,1.0
,812,0,0,0.61951107
,812,1,0,0.60719556
,812,2,2,1.0
,812,3,0,0.96500635
,813,0,0,0.6079421
,813,1,0,0.6074221
,813,2,0,0.96503824
,813,3,2,1.0
,814,0,0,0.60746485
,814,1,0,0.6074428
,814,2,2,1.0
,814,3,0,0.96503925
,815,0,0,0.6074912
,815,1,0,0.60749024
,815,2,0,0.9650311
,815,3,2,1.0
,816,0,0,0.6081804
,816,1,0,0.6081804
,816,2,2,1.0
,816,3,0,0.9641232
,817,0,0,0.6071946
,817,1,0,0.6071948
,817,2,0,0.9647914
,817,3,3,1.0
,818,0,0,0.64231515
,818,1,0,0.6423184
,818,2,2,1.0
,818,3,0,0.96765774
,819,0,0,0.5626195
,819,1,0,0.5626718
,819,2,0,0.5917031
,819,3,2,1.0
,820,0,0,0.53420085
,820,1,0,0.5349185
,820,2,2,1.0
,820,3,0,0.5712257
,821,0,1,0.5104446
,821,1,1,0.5007617
,821,2,0,0.71046793
,821,3,2,1.0
,822,0,0,0.6072298
,822,1,0,0.822553
,822,2,2,1.0
,822,3,0,0.8982861
,823,0,0,0.7966646
,823,1,2,1.0
,823,2,0,0.91262394
,823,3,0,0.6566147
,824,0,3,1.0
,824,1,0,0.7142219
,824,2,0,0.5326941
,824,3,0,0.50398993
,825,0,0,0.94346124
,825,1,2,1.0
,825,2,0,0.823343
,825,3,0,0.59954506
,826,0,0,0.8323709
,826,1,0,0.89894897
,826,2,2,1.0
,826,3,0,0.60768276
,827,0,3,1.0
,827,1,0,0.6193416
,827,2,0,0.9647557
,827,3,0,0.60732615
,828,0,0,0.9677131
,828,1,0,0.64260995
,828,2,2,1.0
,828,3,0,0.6527362
,829,0,2,1.0
,829,1,0,0.5614612
,829,2,0,0.52792877
,829,3,0,0.729889
,830,0,1,0.5449191
,830,1,1,0.51109767
,830,2,0,0.7408163
,830,3,3,1.0
,831,0,0,0.8214576
,831,1,0,0.59918356
,831,2,2,1.0
,831,3,0,0.94145656
,832,0,2,1.0
,832,1,0,0.60708153
,832,2,0,0.96501017
,832,3,0,0.63034445
,833,0,0,0.8987699
,833,1,0,0.6168682
,833,2,2,1.0
,833,3,0,0.82826376
,834,0,0,0.61967427
,834,1,0,0.8277636
,834,2,0,0.90221286
,834,3,2,1.0
,835,0,0,0.6078571
,835,1,2,1.0
,835,2,0,0.8350296
,835,3,0,0.90220404
,836,0,0,0.6073926
,836,1,0,0.89885104
,836,2,2,1.0
,836,3,0,0.8349664
,837,0,0,0.60722136
,837,1,0,0.62866604
,837,2,0,0.9650251
,837,3,2,1.0
,838,0,0,0.60901713
,838,1,0,0.82816845
,838,2,2,1.0
,838,3,0,0.90088546
,839,0,0,0.6408467
,839,1,2,1.0
,839,2,0,0.91097265
,839,3,0,0.74868387
,840,0,0,0.5179778
,840,1,0,0.72455156
,840,2,0,0.53648615
,840,3,2,1.0
,841,0,0,0.6412129
,841,1,2,1.0
,841,2,0,0.63679373
,841,3,0,0.94232565
,842,0,0,0.64327294
,842,1,0,0.51490873
,842,2,0,0.5618008
,842,3,2,1.0
,843,0,2,1.0
,843,1,0,0.6134463
,843,2,0,0.54458064
,843,3,1,0.5057136
,844,0,1,0.508214
,844,1,2,1.0
,844,2,0,0.6117429
,844,3,0,0.5310701
,845,0,0,0.5303666
,845,1,0,0.5685542
,845,2,2,1.0
,845,3,0,0.5346691
,846,0,0,0.5289446
,846,1,2,1.0
,846,2,0,0.56819403
,846,3,0,0.54796916
,847,0,1,0.5098094
,847,1,1,0.5514463
,847,2,2,1.0
,847,3,0,0.7433441
,848,0,0,0.63679975
,848,1,0,0.63535064
,848,2,0,0.95707154
,848,3,2,1.0
,849,0,0,0.5052165
,849,1,0,0.50931764
,849,2,3,1.0
,849,3,0,0.7146693
,850,0,0,0.63640416
,850,1,0,0.7300766
,850,2,0,0.95054436
,850,3,2,1.0
,851,0,0,0.55747294
,851,1,2,1.0
,851,2,0,0.65808994
,851,3,0,0.5106787
,852,0,0,0.5506356
,852,1,1,0.5062365
,852,2,2,1.0
,852,3,0,0.6123486
,853,0,0,0.7046838
,853,1,0,0.52928424
,853,2,1,0.50951564
,853,3,2,1.0
,854,0,3,1.0
,854,1,1,0.5140187
,854,2,1,0.51271594
,854,3,0,0.7062288
,855,0,0,0.9505455
,855,1,0,0.6349284
,855,2,0,0.7292745
,855,3,2,1.0
,856,0,0,0.6593736
,856,1,0,0.5532003
,856,2,2,1.0
,856,3,0,0.5202993
,857,0,2,1.0
,857,1,1,0.5051599
,857,2,1,0.5394072
,857,3,0,0.74619454
,858,0,0,0.9013798
,858,1,0,0.59990335
,858,2,0,0.82203037
,858,3,2,1.0
,859,0,0,0.83493096
,859,1,0,0.60699314
,859,2,2,1.0
,859,3,0,0.902129
,860,0,2,1.0
,860,1,0,0.60804635
,860,2,0,0.8989683
,860,3,0,0.8313646
,861,0,0,0.9647377
,861,1,0,0.6055203
,861,2,0,0.6179856
,861,3,3,1.0
,862,0,2,1.0
,862,1,0,0.6087872
,862,2,0,0.6093218
,862,3,0,0.9803521
,863,0,0,0.9360347
,863,1,0,0.6469759
,863,2,0,0.6471912
,863,3,2,1.0
,864,0,2,1.0
,864,1,0,0.5006222
,864,2,0,0.50348395
,864,3,0,0.5006317
,865,0,0,0.91321933
,865,1,0,0.6421984
,865,2,0,0.7052766
,865,3,2,1.0
,866,0,0,0.5553372
,866,1,0,0.535684
,866,2,2,1.0
,866,3,1,0.66257286
,867,0,1,0.51050615
,867,1,1,0.5017025
,867,2,0,0.70510346
,867,3,2,1.0
,868,0,0,0.5953115
,868,1,0,0.8200641
,868,2,3,1.0
,868,3,0,0.9000365
,869,0,0,0.60651624
,869,1,2,1.0
,869,2,0,0.94345325
,869,3,0,0.83477175
,870,0,0,0.6076978
,870,1,0,0.89869183
,870,2,0,0.8360043
,870,3,2,1.0
,871,0,0,0.6164552
,871,1,0,0.61948425
,871,2,2,1.0
,871,3,0,0.96502477
,872,0,0,0.827827
,872,1,0,0.6081277
,872,2,0,0.89893204
,872,3,2,1.0
,873,0,2,1.0
,873,1,0,0.6072101
,873,2,0,0.62866896
,873,3,0,0.96502453
,874,0,0,0.8987829
,874,1,0,0.60799533
,874,2,0,0.8281376
,874,3,2,1.0
,875,0,0,0.61953527
,875,1,0,0.61632806
,875,2,2,1.0
,875,3,0,0.9650171
,876,0,0,0.60888207
,876,1,0,0.8240886
,876,2,0,0.89922553
,876,3,2,1.0
,877,0,0,0.6061199
,877,1,3,1.0
,877,2,0,0.62788004
,877,3,0,0.9638457
,878,0,0,0.60564137
,878,1,0,0.94137037
,878,2,0,0.8266427
,878,3,3,1.0
,879,0,0,0.60738635
,879,1,0,0.6212048
,879,2,2,1.0
,879,3,0,0.98033094
,880,0,0,0.61904734
,880,1,0,0.6099648
,880,2,0,0.8996203
,880,3,2,1.0
,881,0,0,0.82461345
,881,1,0,0.6023116
,881,2,0,0.6240664
,881,3,2,1.0
,882,0,2,1.0
,882,1,0,0.60775876
,882,2,0,0.8241765
,882,3,0,0.90248436
,883,0,0,0.9016749
,883,1,0,0.60606253
,883,2,3,1.0
,883,3,0,0.8339633
,884,0,0,0.83492315
,884,1,0,0.616418
,884,2,0,0.9413237
,884,3,2,1.0
,885,0,2,1.0
,885,1,0,0.8277414
,885,2,0,0.62184036
,885,3,0,0.9022059
,886,0,0,0.898687
,886,1,2,1.0
,886,2,0,0.61723685
,886,3,0,0.8350434
,887,0,0,0.6196711
,887,1,0,0.90221274
,887,2,0,0.82777256
,887,3,2,1.0
,888,0,0,0.60787606
,888,1,0,0.8350287
,888,2,2,1.0
,888,3,0,0.9022036
,889,0,0,0.60783416
,889,1,2,1.0
,889,2,0,0.89871883
,889,3,0,0.83492947
,890,0,0,0.61721367
,890,1,0,0.96410155
,890,2,0,0.620133
,890,3,2,1.0
,891,0,0,0.8267383
,891,1,3,1.0
,891,2,0,0.6068693
,891,3,0,0.90176404
,892,0,2,1.0
,892,1,0,0.9413214
,892,2,0,0.6164509
,892,3,0,0.8349216
,893,0,0,0.89878935
,893,1,0,0.62155515
,893,2,0,0.8276617
,893,3,2,1.0
,894,0,0,0.62493473
,894,1,0,0.60952264
,894,2,2,1.0
,894,3,0,0.9650128
,895,0,0,0.73847884
,895,1,0,0.6492367
,895,2,0,0.9119947
,895,3,2,1.0
,896,0,2,1.0
,896,1,0,0.64004445
,896,2,0,0.573474
,896,3,0,0.5209793
,897,0,1,0.5479869
,897,1,2,1.0
,897,2,1,0.5023935
,897,3,0,0.74223626
,898,0,0,0.5941112
,898,1,0,0.9641138
,898,2,0,0.5957419
,898,3,3,1.0
,899,0,0,0.61564374
,899,1,2,1.0
,899,2,0,0.6066099
,899,3,0,0.9803568
,900,0,0,0.8241554
,900,1,0,0.9025826
,900,2,0,0.60823554
,900,3,2,1.0
,901,0,3,1.0
,901,1,0,0.83396566
,901,2,0,0.6057124
,901,3,0,0.90167946
,902,0,0,0.941341
,902,1,2,1.0
,902,2,0,0.6071978
,902,3,0,0.83479244
,903,0,0,0.6219697
,903,1,0,0.96408665
,903,2,0,0.60821885
,903,3,2,1.0
,904,0,0,0.6066579
,904,1,3,1.0
,904,2,0,0.61498207
,904,3,0,0.96480465
,905,0,0,0.6167171
,905,1,0,0.941318
,905,2,0,0.82776624
,905,3,2,1.0
,906,0,0,0.82767135
,906,1,0,0.62148327
,906,2,2,1.0
,906,3,0,0.89884984
,907,0,2,1.0
,907,1,0,0.6078181
,907,2,0,0.9650235
,907,3,0,0.628655
,908,0,0,0.89970255
,908,1,0,0.609319
,908,2,2,1.0
,908,3,0,0.82814085
,909,0,0,0.67588454
,909,1,0,0.6470933
,909,2,0,0.9353806
,909,3,2,1.0
,910,0,0,0.7504701
,910,1,1,0.503775
,910,2,2,1.0
,910,3,1,0.75384414
,911,0,2,1.0
,911,1,0,0.5996882
,911,2,0,0.9646704
,911,3,0,0.5981515
,912,0,0,0.89918035
,912,1,0,0.60792464
,912,2,2,1.0
,912,3,0,0.82360977
,913,0,0,0.62709737
,913,1,0,0.6054141
,913,2,0,0.96477026
,913,3,3,1.0
,914,0,0,0.82805455
,914,1,0,0.6073619
,914,2,2,1.0
,914,3,0,0.9434487
,915,0,2,1.0
,915,1,0,0.60740465
,915,2,0,0.8987265
,915,3,0,0.836004
,916,0,0,0.9650208
,916,1,0,0.6085103
,916,2,0,0.6214673
,916,3,2,1.0
,917,0,2,1.0
,917,1,0,0.6394445
,917,2,0,0.65552104
,917,3,0,0.9434105
,918,0,1,0.53242636
,918,1,0,0.5206215
,918,2,0,0.76834375
,918,3,2,1.0
,919,0,0,0.59933525
,919,1,0,0.60122025
,919,2,2,1.0
,919,3,0,0.96472275
,920,0,0,0.616299
,920,1,0,0.6070991
,920,2,0,0.9650511
,920,3,2,1.0
,921,0,0,0.82786226
,921,1,0,0.6076378
,921,2,2,1.0
,921,3,0,0.90223676
,922,0,2,1.0
,922,1,0,0.60813105
,922,2,0,0.89899355
,922,3,0,0.831371
,923,0,0,0.9647563
,923,1,0,0.6068991
,923,2,0,0.6195621
,923,3,3,1.0
,924,0,2,1.0
,924,1,0,0.64204013
,924,2,0,0.64771396
,924,3,0,0.9677774
,925,0,0,0.5226669
,925,1,0,0.56274503
,925,2,0,0.64477307
,925,3,2,1.0
,926,0,0,0.70593774
,926,1,0,0.5375367
,926,2,2,1.0
,926,3,1,0.5064072
,927,0,3,1.0
,927,1,1,0.5147497
,927,2,0,0.7067734
,927,3,1,0.50811076
,928,0,0,0.94181377
,928,1,0,0.59993875
,928,2,2,1.0
,928,3,0,0.82212615
,929,0,0,0.6662817
,929,1,0,0.641869
,929,2,0,0.94286525
,929,3,2,1.0
,930,0,0,0.73006535
,930,1,0,0.56090796
,930,2,2,1.0
,930,3,0,0.5273359
,931,0,3,1.0
,931,1,1,0.5093375
,931,2,1,0.54618937
,931,3,0,0.740232
,932,0,0,0.95308995
,932,1,0,0.6370198
,932,2,0,0.78962475
,932,3,2,1.0
,933,0,0,0.7671604
,933,1,0,0.5033382
,933,2,3,1.0
,933,3,1,0.53702015
,934,0,3,1.0
,934,1,0,0.5970094
,934,2,0,0.943763
,934,3,0,0.8153752
,935,0,0,0.94169545
,935,1,0,0.6101346
,935,2,0,0.83458954
,935,3,3,1.0
,936,0,0,0.65425384
,936,1,0,0.7379944
,936,2,2,1.0
,936,3,0,0.952045
,937,0,0,0.5164859
,937,1,2,1.0
,937,2,1,0.5369201
,937,3,0,0.7796606
,938,0,0,0.6009522
,938,1,0,0.9647104
,938,2,0,0.59904206
,938,3,2,1.0
,939,0,0,0.60727805
,939,1,2,1.0
,939,2,0,0.61628354
,939,3,0,0.96505076
,940,0,0,0.6121969
,940,1,0,0.89943135
,940,2,0,0.8278296
,940,3,2,1.0
,941,0,0,0.7155928
,941,1,0,0.65907335
,941,2,2,1.0
,941,3,0,0.91323936
,942,0,2,1.0
,942,1,1,0.50273794
,942,2,1,0.50605655
,942,3,0,0.5162963
,943,0,0,0.96444
,943,1,0,0.5979734
,943,2,2,1.0
,943,3,0,0.5988046
,944,0,2,1.0
,944,1,0,0.60693157
,944,2,0,0.9650256
,944,3,0,0.60698324
,945,0,0,0.9650407
,945,1,0,0.60741365
,945,2,2,1.0
,945,3,0,0.6078076
,946,0,2,1.0
,946,1,0,0.60741395
,946,2,0,0.9650585
,946,3,0,0.61671007
,947,0,0,0.90228814
,947,1,0,0.60760283
,947,2,2,1.0
,947,3,0,0.82790935
,948,0,0,0.83496255
,948,1,0,0.6073872
,948,2,0,0.89870554
,948,3,2,1.0
,949,0,2,1.0
,949,1,0,0.607262
,949,2,0,0.619675
,949,3,0,0.96500695
,950,0,0,0.96504205
,950,1,0,0.60925394
,950,2,0,0.61197704
,950,3,2,1.0
,951,0,2,1.0
,951,1,0,0.65094674
,951,2,0,0.7031923
,951,3,0,0.9144874
,952,0,1,0.89506555
,952,1,1,0.5135476
,952,2,2,1.0
,952,3,0,0.5069398
,953,0,2,1.0
,953,1,0,0.5956116
,953,2,0,0.96419054
,953,3,0,0.59691733
,954,0,0,0.9641143
,954,1,0,0.607406
,954,2,2,1.0
,954,3,0,0.6168526
,955,0,3,1.0
,955,1,0,0.6059975
,955,2,0,0.8982557
,955,3,0,0.826589
,956,0,0,0.9803505
,956,1,0,0.6069417
,956,2,0,0.6194411
,956,3,2,1.0
,957,0,2,1.0
,957,1,0,0.6091358
,957,2,0,0.6124567
,957,3,0,0.9650411
,958,0,0,0.91937315
,958,1,0,0.6479069
,958,2,0,0.7142521
,958,3,2,1.0
,959,0,0,0.7634579
,959,1,1,0.50576675
,959,2,2,1.0
,959,3,1,0.7508279
,960,0,2,1.0
,960,1,0,0.5999716
,960,2,0,0.90141046
,960,3,0,0.8165722
,961,0,0,0.9021794
,961,1,0,0.60694236
,961,2,0,0.8349687
,961,3,2,1.0
,962,0,0,0.8350365
,962,1,0,0.60732365
,962,2,2,1.0
,962,3,0,0.9022067
,963,0,2,1.0
,963,1,0,0.60734767
,963,2,0,0.9022066
,963,3,0,0.8350337
,964,0,0,0.8987292
,964,1,0,0.6074253
,964,2,0,0.8349189
,964,3,2,1.0
,965,0,0,0.6206312
,965,1,0,0.6079236
,965,2,2,1.0
,965,3,0,0.96408385
,966,0,0,0.61617893
,966,1,0,0.60639924
,966,2,0,0.9638738
,966,3,3,1.0
,967,0,0,0.82269555
,967,1,0,0.6063727
,967,2,3,1.0
,967,3,0,0.9416505
,968,0,3,1.0
,968,1,0,0.6048132
,968,2,0,0.98034894
,968,3,0,0.6284209
,969,0,0,0.9413303
,969,1,0,0.60737437
,969,2,2,1.0
,969,3,0,0.8280201
,970,0,0,0.6216745
,970,1,0,0.6071766
,970,2,0,0.96500486
,970,3,2,1.0
,971,0,0,0.6172799
,971,1,0,0.6077847
,971,2,2,1.0
,971,3,0,0.9650577
,972,0,0,0.827939
,972,1,0,0.6169095
,972,2,0,0.8987801
,972,3,2,1.0
,973,0,2,1.0
,973,1,0,0.827768
,973,2,0,0.620062
,973,3,0,0.90221256
,974,0,0,0.8986936
,974,1,2,1.0
,974,2,0,0.61716354
,974,3,0,0.83504444
,975,0,0,0.620058
,975,1,0,0.90221244
,975,2,0,0.82777417
,975,3,2,1.0
,976,0,0,0.6171634
,976,1,0,0.8350444
,976,2,2,1.0
,976,3,0,0.8986936
,977,0,0,0.82777435
,977,1,2,1.0
,977,2,0,0.90221244
,977,3,0,0.6200578
,978,0,2,1.0
,978,1,0,0.89883703
,978,2,0,0.83504695
,978,3,0,0.6171624
,979,0,0,0.8986956
,979,1,0,0.62887067
,979,2,2,1.0
,979,3,0,0.82778186
,980,0,0,0.6196653
,980,1,0,0.8280598
,980,2,0,0.9022092
,980,3,2,1.0
,981,0,0,0.6078985
,981,1,2,1.0
,981,2,0,0.83496076
,981,3,0,0.8988458
,982,0,0,0.6076194
,982,1,0,0.96501917
,982,2,2,1.0
,982,3,0,0.62852585
,983,0,0,0.6176601
,983,1,2,1.0
,983,2,0,0.89903086
,983,3,0,0.8244787
,984,0,0,0.8264551
,984,1,0,0.89816886
,984,2,0,0.6186071
,984,3,3,1.0
,985,0,2,1.0
,985,1,0,0.6192157
,985,2,0,0.6166486
,985,3,0,0.98036045
,986,0,0,0.9022903
,986,1,0,0.6081236
,986,2,0,0.82791233
,986,3,2,1.0
,987,0,0,0.8349692
,987,1,0,0.6077943
,987,2,2,1.0
,987,3,0,0.89870155
,988,0,2,1.0
,988,1,0,0.6164588
,988,2,0,0.96502465
,988,3,0,0.6195006
,989,0,0,0.89878213
,989,1,0,0.8278276
,989,2,2,1.0
,989,3,0,0.60851973
,990,0,0,0.6194855
,990,1,2,1.0
,990,2,0,0.96502537
,990,3,0,0.6164902
,991,0,0,0.6081197
,991,1,0,0.90228546
,991,2,2,1.0
,991,3,0,0.8278986
,992,0,0,0.60779375
,992,1,0,0.8349688
,992,2,0,0.898701
,992,3,2,1.0
,993,0,0,0.61645854
,993,1,2,1.0
,993,2,0,0.61948526
,993,3,0,0.96502465
,994,0,0,0.8278198
,994,1,0,0.8987846
,994,2,0,0.6081497
,994,3,2,1.0
,995,0,2,1.0
,995,1,0,0.61955345
,995,2,0,0.6076499
,995,3,0,0.9649995
,996,0,0,0.9641294
,996,1,0,0.6086218
,996,2,0,0.617326
,996,3,2,1.0
,997,0,3,1.0
,997,1,0,0.6067639
,997,2,0,0.8230258
,997,3,0,0.90207523
,998,0,0,0.94178134
,998,1,0,0.607137
,998,2,3,1.0
,998,3,0,0.8335855
,999,0,0,0.6620188
,999,1,0,0.64844394
,999,2,0,0.97556055
,999,3,2,1.0
,1000,0,1,0.5070864
,1000,1,1,0.50812006
,1000,2,3,1.0
,1000,3,1,0.52107656
,1001,0,0,0.5969133
,1001,1,0,0.5968679
,1001,2,0,0.98035437
,1001,3,2,1.0
,1002,0,0,0.606893
,1002,1,0,0.60689104
,1002,2,2,1.0
,1002,3,0,0.96502626
,1003,0,0,0.6074161
,1003,1,0,0.60741603
,1003,2,0,0.96503913
,1003,3,2,1.0
,1004,0,0,0.6074406
,1004,1,0,0.6074406
,1004,2,2,1.0
,1004,3,0,0.9650395
,1005,0,0,0.60744435
,1005,1,0,0.60744435
,1005,2,0,0.9650396
,1005,3,2,1.0
,1006,0,0,0.6075099
,1006,1,0,0.6075099
,1006,2,2,1.0
,1006,3,0,0.9650395
,1007,0,0,0.60905915
,1007,1,0,0.6090591
,1007,2,0,0.96502215
,1007,3,2,1.0
,1008,0,0,0.64480543
,1008,1,0,0.6448054
,1008,2,2,1.0
,1008,3,0,0.9575802
,1009,0,0,0.50452656
,1009,1,0,0.50452584
,1009,2,0,0.714377
,1009,3,3,1.0
,1010,0,0,0.5996308
,1010,1,0,0.5996136
,1010,2,2,1.0
,1010,3,0,0.97983503
,1011,0,0,0.60563433
,1011,1,0,0.6052359
,1011,2,0,0.96474355
,1011,3,3,1.0
,1012,0,0,0.617145
,1012,1,0,0.6077394
,1012,2,2,1.0
,1012,3,0,0.9798341
,1013,0,0,0.826609
,1013,1,0,0.6060155
,1013,2,0,0.89840263
,1013,3,3,1.0
,1014,0,2,1.0
,1014,1,0,0.6068891
,1014,2,0,0.6282765
,1014,3,0,0.9803566
,1015,0,0,0.9025803
,1015,1,0,0.6082407
,1015,2,0,0.8244778
,1015,3,2,1.0
,1016,0,0,0.8339671
,1016,1,0,0.60572535
,1016,2,3,1.0
,1016,3,0,0.9016799
,1017,0,2,1.0
,1017,1,0,0.60752153
,1017,2,0,0.94132817
,1017,3,0,0.8348392
,1018,0,0,0.9650225
,1018,1,0,0.6164266
,1018,2,0,0.62126434
,1018,3,2,1.0
,1019,0,2,1.0
,1019,1,0,0.8278998
,1019,2,0,0.6081746
,1019,3,0,0.90228546
,1020,0,0,0.9022067
,1020,1,2,1.0
,1020,2,0,0.60738283
,1020,3,0,0.8350358
,1021,0,0,0.8349293
,1021,1,0,0.89887077
,1021,2,0,0.60741633
,1021,3,2,1.0
,1022,0,2,1.0
,1022,1,0,0.6294148
,1022,2,0,0.60779977
,1022,3,0,0.9641013
,1023,0,0,0.9017646
,1023,1,0,0.8270482
,1023,2,0,0.6059664
,1023,3,3,1.0
,1024,0,0,0.8349144
,1024,1,2,1.0
,1024,2,0,0.6075035
,1024,3,0,0.9434512
,1025,0,2,1.0
,1025,1,0,0.8986839
,1025,2,0,0.61662185
,1025,3,0,0.83608514
,1026,0,0,0.89870834
,1026,1,0,0.6197016
,1026,2,0,0.82767606
,1026,3,2,1.0
,1027,0,0,0.61949855
,1027,1,0,0.60769683
,1027,2,2,1.0
,1027,3,0,0.965005
,1028,0,0,0.6079442
,1028,1,0,0.60744715
,1028,2,0,0.96503824
,1028,3,2,1.0
,1029,0,0,0.60753673
,1029,1,0,0.6075467
,1029,2,2,1.0
,1029,3,0,0.96503997
,1030,0,0,0.6092254
,1030,1,0,0.6099568
,1030,2,0,0.96503574
,1030,3,2,1.0
,1031,0,0,0.6493996
,1031,1,0,0.6667416
,1031,2,2,1.0
,1031,3,0,0.9566194
,1032,0,1,0.50790113
,1032,1,0,0.7413198
,1032,2,1,0.76556396
,1032,3,3,1.0
,1033,0,0,0.59587115
,1033,1,3,1.0
,1033,2,0,0.5885866
,1033,3,0,0.980346
,1034,0,0,0.6403319
,1034,1,0,0.9487519
,1034,2,0,0.7374009
,1034,3,2,1.0
,1035,0,0,0.5160344
,1035,1,0,0.53747207
,1035,2,2,1.0
,1035,3,0,0.72342837
,1036,0,0,0.6021177
,1036,1,0,0.6030272
,1036,2,0,0.902061
,1036,3,2,1.0
,1037,0,0,0.60197604
,1037,1,0,0.60162157
,1037,2,0,0.83192366
,1037,3,2,1.0
,1038,0,0,0.61616033
,1038,1,0,0.60686356
,1038,2,2,1.0
,1038,3,0,0.96501905
,1039,0,0,0.8278905
,1039,1,0,0.6076411
,1039,2,0,0.9022849
,1039,3,2,1.0
,1040,0,2,1.0
,1040,1,0,0.6089984
,1040,2,0,0.83489007
,1040,3,0,0.8995877
,1041,0,0,0.9575564
,1041,1,0,0.64445615
,1041,2,2,1.0
,1041,3,0,0.6727472
,1042,0,3,1.0
,1042,1,0,0.50420856
,1042,2,1,0.5370532
,1042,3,0,0.75638443
,1043,0,0,0.941363
,1043,1,0,0.6001423
,1043,2,0,0.8218581
,1043,3,2,1.0
,1044,0,0,0.62121004
,1044,1,0,0.6067652
,1044,2,2,1.0
,1044,3,0,0.9649916
,1045,0,0,0.60802674
,1045,1,0,0.6074003
,1045,2,0,0.965038
,1045,3,2,1.0
,1046,0,0,0.6078536
,1046,1,0,0.6074357
,1046,2,2,1.0
,1046,3,0,0.96504086
,1047,0,0,0.6167107
,1047,1,0,0.6074202
,1047,2,0,0.96505755
,1047,3,2,1.0
,1048,0,0,0.82783586
,1048,1,0,0.60769016
,1048,2,2,1.0
,1048,3,0,0.898813
,1049,0,2,1.0
,1049,1,0,0.60864156
,1049,2,0,0.9650182
,1049,3,0,0.6211673
,1050,0,0,0.94316804
,1050,1,0,0.64216864
,1050,2,2,1.0
,1050,3,0,0.64813775
,1051,0,2,1.0
,1051,1,0,0.5590707
,1051,2,0,0.5249478
,1051,3,0,0.6458315
,1052,0,1,0.5387882
,1052,1,1,0.5039993
,1052,2,0,0.74704343
,1052,3,2,1.0
,1053,0,0,0.82206076
,1053,1,0,0.599987
,1053,2,2,1.0
,1053,3,0,0.9013864
,1054,0,2,1.0
,1054,1,0,0.6073332
,1054,2,0,0.90217996
,1054,3,0,0.8349727
,1055,0,0,0.89870685
,1055,1,0,0.6164983
,1055,2,0,0.8350155
,1055,3,2,1.0
,1056,0,0,0.62032163
,1056,1,0,0.82401276
,1056,2,2,1.0
,1056,3,0,0.90250266
,1057,0,0,0.6062069
,1057,1,3,1.0
,1057,2,0,0.90167373
,1057,3,0,0.8339537
,1058,0,0,0.60715294
,1058,1,0,0.9413293
,1058,2,0,0.8348318
,1058,3,2,1.0
,1059,0,0,0.60715365
,1059,1,0,0.6212903
,1059,2,2,1.0
,1059,3,0,0.96500325
,1060,0,0,0.60741985
,1060,1,0,0.60801613
,1060,2,0,0.96503824
,1060,3,2,1.0
,1061,0,0,0.60745656
,1061,1,0,0.60746586
,1061,2,2,1.0
,1061,3,0,0.9650395
,1062,0,0,0.6078299
,1062,1,0,0.6074551
,1062,2,0,0.965041
,1062,3,2,1.0
,1063,0,0,0.61671036
,1063,1,0,0.60780656
,1063,2,2,1.0
,1063,3,0,0.96505904
,1064,0,0,0.8279271
,1064,1,0,0.6169096
,1064,2,0,0.89892346
,1064,3,2,1.0
,1065,0,2,1.0
,1065,1,0,0.8277722
,1065,2,0,0.62887377
,1065,3,0,0.89870316
,1066,0,0,0.8987031
,1066,1,2,1.0
,1066,2,0,0.8279891
,1066,3,0,0.6200766
,1067,0,0,0.61947244
,1067,1,0,0.9650241
,1067,2,2,1.0
,1067,3,0,0.61696506
,1068,0,0,0.6081031
,1068,1,2,1.0
,1068,2,0,0.90228534
,1068,3,0,0.82791036
,1069,0,0,0.60741925
,1069,1,0,0.8988489
,1069,2,0,0.8349681
,1069,3,2,1.0
,1070,0,0,0.60759944
,1070,1,0,0.6285264
,1070,2,2,1.0
,1070,3,0,0.9650193
,1071,0,0,0.6176595
,1071,1,0,0.8244819
,1071,2,0,0.89902806
,1071,3,2,1.0
,1072,0,0,0.8265956
,1072,1,3,1.0
,1072,2,0,0.6185601
,1072,3,0,0.9016886
,1073,0,2,1.0
,1073,1,0,0.9413208
,1073,2,0,0.61693126
,1073,3,0,0.8349138
,1074,0,0,0.8988494
,1074,1,0,0.6214795
,1074,2,0,0.8276759
,1074,3,2,1.0
,1075,0,0,0.6286553
,1075,1,0,0.6077477
,1075,2,2,1.0
,1075,3,0,0.96502304
,1076,0,0,0.82813066
,1076,1,0,0.60763526
,1076,2,0,0.89878374
,1076,3,2,1.0
,1077,0,2,1.0
,1077,1,0,0.6071986
,1077,2,0,0.6195296
,1077,3,0,0.96500623
,1078,0,0,0.9650319
,1078,1,0,0.6074643
,1078,2,0,0.6083788
,1078,3,2,1.0
,1079,0,2,1.0
,1079,1,0,0.60811526
,1079,2,0,0.6174872
,1079,3,0,0.9641351
,1080,0,0,0.89900506
,1080,1,0,0.607347
,1080,2,0,0.8267115
,1080,3,3,1.0
,1081,0,0,0.6659793
,1081,1,0,0.6389837
,1081,2,2,1.0
,1081,3,0,0.96789956
,1082,0,0,0.76567614
,1082,1,0,0.5220194
,1082,2,1,0.5208418
,1082,3,2,1.0
,1083,0,3,1.0
,1083,1,0,0.598318
,1083,2,0,0.8205669
,1083,3,0,0.90052706
,1084,0,0,0.9434526
,1084,1,0,0.6066881
,1084,2,2,1.0
,1084,3,0,0.8348067
,1085,0,0,0.83596796
,1085,1,0,0.60775703
,1085,2,0,0.89871
,1085,3,2,1.0
,1086,0,2,1.0
,1086,1,0,0.61721087
,1086,2,0,0.6201328
,1086,3,0,0.96410155
,1087,0,0,0.90176374
,1087,1,0,0.8267374
,1087,2,0,0.6068639
,1087,3,3,1.0
,1088,0,0,0.8348872
,1088,1,2,1.0
,1088,2,0,0.61631393
,1088,3,0,0.9413356
,1089,0,2,1.0
,1089,1,0,0.8989629
,1089,2,0,0.8239482
,1089,3,0,0.6225519
,1090,0,0,0.96476734
,1090,1,0,0.61786866
,1090,2,3,0.9999995
,1090,3,0,0.6153234
,1091,0,2,1.0
,1091,1,0,0.607915
,1091,2,0,0.9413266
,1091,3,0,0.82767886
,1092,0,0,0.96500313
,1092,1,0,0.60718864
,1092,2,0,0.62129366
,1092,3,2,1.0
,1093,0,2,1.0
,1093,1,0,0.60746634
,1093,2,0,0.60807866
,1093,3,0,0.96502984
,1094,0,0,0.9641237
,1094,1,0,0.6081115
,1094,2,0,0.60853416
,1094,3,2,1.0
,1095,0,3,1.0
,1095,1,0,0.60569733
,1095,2,0,0.6150155
,1095,3,0,0.96480566
,1096,0,0,0.9413271
,1096,1,0,0.6074142
,1096,2,0,0.82767665
,1096,3,2,1.0
,1097,0,0,0.6213361
,1097,1,0,0.60722786
,1097,2,2,1.0
,1097,3,0,0.9649951
,1098,0,0,0.6086868
,1098,1,0,0.6084884
,1098,2,0,0.9641225
,1098,3,2,1.0
,1099,0,0,0.6057189
,1099,1,0,0.615015
,1099,2,3,1.0
,1099,3,0,0.964806
,1100,0,0,0.6073836
,1100,1,0,0.82775295
,1100,2,0,0.9434487
,1100,3,2,1.0
,1101,0,0,0.60736763
,1101,1,2,1.0
,1101,2,0,0.83600074
,1101,3,0,0.89869505
,1102,0,0,0.60757375
,1102,1,0,0.9650079
,1102,2,2,1.0
,1102,3,0,0.6195039
,1103,0,0,0.61669135
,1103,1,2,1.0
,1103,2,0,0.96505713
,1103,3,0,0.60791624
,1104,0,0,0.827908
,1104,1,0,0.9022877
,1104,2,2,1.0
,1104,3,0,0.6076425
,1105,0,2,1.0
,1105,1,0,0.83493215
,1105,2,0,0.89872503
,1105,3,0,0.6078246
,1106,0,0,0.9641019
,1106,1,2,1.0
,1106,2,0,0.6205074
,1106,3,0,0.61721104
,1107,0,3,1.0
,1107,1,0,0.8983778
,1107,2,0,0.61581016
,1107,3,0,0.82675153
,1108,0,0,0.94142324
,1108,1,0,0.6285619
,1108,2,0,0.82759184
,1108,3,2,1.0
,1109,0,0,0.63138664
,1109,1,0,0.8243128
,1109,2,2,1.0
,1109,3,0,0.89894235
,1110,0,0,0.8269377
,1110,1,3,1.0
,1110,2,0,0.9016815
,1110,3,0,0.6185364
,1111,0,2,1.0
,1111,1,0,0.9413209
,1111,2,0,0.8349132
,1111,3,0,0.6169299
,1112,0,0,0.8987073
,1112,1,0,0.62148404
,1112,2,2,1.0
,1112,3,0,0.82766956
,1113,0,0,0.61988103
,1113,1,0,0.60778326
,1113,2,0,0.96500623
,1113,3,2,1.0
,1114,0,0,0.6172055
,1114,1,0,0.6078109
,1114,2,2,1.0
,1114,3,0,0.9650578
,1115,0,0,0.8279368
,1115,1,0,0.6169105
,1115,2,0,0.8987739
,1115,3,2,1.0
,1116,0,2,1.0
,1116,1,0,0.8277608
,1116,2,0,0.6196784
,1116,3,0,0.90221256
,1117,0,0,0.8987004
,1117,1,2,1.0
,1117,2,0,0.60790336
,1117,3,0,0.8349542
,1118,0,0,0.6195475
,1118,1,0,0.9649997
,1118,2,0,0.60764384
,1118,3,2,1.0
,1119,0,0,0.60858005
,1119,1,2,1.0
,1119,2,0,0.6174473
,1119,3,0,0.9641334
,1120,0,0,0.60643995
,1120,1,0,0.8982591
,1120,2,0,0.82661647
,1120,3,3,1.0
,1121,0,0,0.6161476
,1121,1,0,0.61961126
,1121,2,2,1.0
,1121,3,0,0.9803607
,1122,0,0,0.8278812
,1122,1,0,0.6172726
,1122,2,0,0.8987934
,1122,3,2,1.0
,1123,0,2,1.0
,1123,1,0,0.82403296
,1123,2,0,0.6203277
,1123,3,0,0.90250266
,1124,0,0,0.9016742
,1124,1,3,1.0
,1124,2,0,0.6062619
,1124,3,0,0.83395654
,1125,0,0,0.83489573
,1125,1,0,0.9417867
,1125,2,0,0.6084779
,1125,3,2,1.0
,1126,0,2,1.0
,1126,1,0,0.6681691
,1126,2,0,0.63921875
,1126,3,0,0.94333166
,1127,0,1,0.5321173
,1127,1,0,0.7689207
,1127,2,0,0.520506
,1127,3,2,1.0
,1128,0,0,0.60829365
,1128,1,2,1.0
,1128,2,0,0.6012597
,1128,3,0,0.96474206
,1129,0,0,0.82764
,1129,1,0,0.8992771
,1129,2,0,0.6086491
,1129,3,2,1.0
,1130,0,2,1.0
,1130,1,0,0.6512044
,1130,2,0,0.63931
,1130,3,0,0.94327813
,1131,0,0,0.72751445
,1131,1,0,0.5214183
,1131,2,0,0.5206073
,1131,3,2,1.0
,1132,0,2,1.0
,1132,1,0,0.6014761
,1132,2,0,0.60143995
,1132,3,0,0.9637321
,1133,0,0,0.964776
,1133,1,0,0.6066497
,1133,2,0,0.6066216
,1133,3,3,0.9999999
,1134,0,2,1.0
,1134,1,0,0.6396428
,1134,2,0,0.6390164
,1134,3,0,0.9679625
,1135,0,0,0.7285404
,1135,1,0,0.5311906
,1135,2,0,0.5212193
,1135,3,2,1.0
,1136,0,2,1.0
,1136,1,0,0.8238607
,1136,2,0,0.6011795
,1136,3,0,0.8978831
,1137,0,0,0.9649868
,1137,1,2,1.0
,1137,2,0,0.60689116
,1137,3,0,0.61944765
,1138,0,2,1.0
,1138,1,0,0.96411514
,1138,2,0,0.6081556
,1138,3,0,0.6086857
,1139,0,0,0.9638606
,1139,1,3,1.0
,1139,2,0,0.6064504
,1139,3,0,0.60647297
,1140,0,3,1.0
,1140,1,0,0.98033273
,1140,2,0,0.6052078
,1140,3,0,0.6052087
,1141,0,0,0.98035014
,1141,1,2,1.0
,1141,2,0,0.60713965
,1141,3,0,0.60713965
,1142,0,2,1.0
,1142,1,0,0.9650333
,1142,2,0,0.6074926
,1142,3,0,0.6074926
,1143,0,0,0.9641227
,1143,1,2,1.0
,1143,2,0,0.6081221
,1143,3,0,0.6081221
,1144,0,3,1.0
,1144,1,0,0.96477413
,1144,2,0,0.6057351
,1144,3,0,0.6057344
,1145,0,0,0.98035026
,1145,1,2,1.0
,1145,2,0,0.60716397
,1145,3,0,0.6071479
,1146,0,2,1.0
,1146,1,0,0.9650354
,1146,2,0,0.6078831
,1146,3,0,0.6075024
,1147,0,0,0.9641357
,1147,1,2,1.0
,1147,2,0,0.61746424
,1147,3,0,0.608448
,1148,0,3,1.0
,1148,1,0,0.89825666
,1148,2,0,0.82672054
,1148,3,0,0.61518246
,1149,0,0,0.9416092
,1149,1,0,0.62029135
,1149,2,2,1.0
,1149,3,0,0.8237846
,1150,0,0,0.6296234
,1150,1,0,0.6069343
,1150,2,0,0.96383864
,1150,3,3,1.0
,1151,0,0,0.82684493
,1151,1,0,0.614923
,1151,2,3,1.0
,1151,3,0,0.9413539
,1152,0,2,1.0
,1152,1,0,0.8274456
,1152,2,0,0.94134235
,1152,3,0,0.62137616
,1153,0,0,0.96408385
,1153,1,2,1.0
,1153,2,0,0.6219514
,1153,3,0,0.60841906
,1154,0,3,1.0
,1154,1,0,0.9647714
,1154,2,0,0.6063035
,1154,3,0,0.6057414
,1155,0,0,0.9803511
,1155,1,2,1.0
,1155,2,0,0.6071648
,1155,3,0,0.6075327
,1156,0,2,1.0
,1156,1,0,0.9650605
,1156,2,0,0.6074228
,1156,3,0,0.6167147
,1157,0,0,0.90223676
,1157,1,2,1.0
,1157,2,0,0.60764533
,1157,3,0,0.82787937
,1158,0,0,0.8314142
,1158,1,0,0.90249705
,1158,2,0,0.60801613
,1158,3,2,1.0
,1159,0,3,1.0
,1159,1,0,0.83382314
,1159,2,0,0.6057383
,1159,3,0,0.89815944
,1160,0,0,0.9803455
,1160,1,2,1.0
,1160,2,0,0.60690486
,1160,3,0,0.61929566
,1161,0,2,1.0
,1161,1,0,0.9641236
,1161,2,0,0.608104
,1161,3,0,0.6086437
,1162,0,0,0.96477586
,1162,1,3,1.0
,1162,2,0,0.60572976
,1162,3,0,0.60614574
,1163,0,2,1.0
,1163,1,0,0.98036045
,1163,2,0,0.6071199
,1163,3,0,0.6164183
,1164,0,0,0.9022933
,1164,1,2,1.0
,1164,2,0,0.60760695
,1164,3,0,0.82791245
,1165,0,0,0.8349694
,1165,1,0,0.89885134
,1165,2,0,0.6073966
,1165,3,2,1.0
,1166,0,2,1.0
,1166,1,0,0.6286652
,1166,2,0,0.6075462
,1166,3,0,0.96502584
,1167,0,0,0.8987964
,1167,1,0,0.82818437
,1167,2,0,0.61675304
,1167,3,2,1.0
,1168,0,0,0.6207744
,1168,1,2,1.0
,1168,2,0,0.8239737
,1168,3,0,0.8989699
,1169,0,0,0.61525023
,1169,1,0,0.9647677
,1169,2,3,1.0
,1169,3,0,0.6178718
,1170,0,0,0.82767737
,1170,1,2,1.0
,1170,2,0,0.9413266
,1170,3,0,0.6079313
,1171,0,2,1.0
,1171,1,0,0.96500486
,1171,2,0,0.6212874
,1171,3,0,0.6075749
,1172,0,0,0.965057
,1172,1,2,1.0
,1172,2,0,0.608008
,1172,3,0,0.61668944
,1173,0,2,1.0
,1173,1,0,0.902236
,1173,2,0,0.60806054
,1173,3,0,0.82788044
,1174,0,0,0.8991171
,1174,1,0,0.8314044
,1174,2,0,0.6173137
,1174,3,2,1.0
,1175,0,0,0.62807715
,1175,1,3,1.0
,1175,2,0,0.8228337
,1175,3,0,0.89844084
,1176,0,0,0.82280785
,1176,1,0,0.941566
,1176,2,3,1.0
,1176,3,0,0.61860883
,1177,0,3,1.0
,1177,1,0,0.6192393
,1177,2,0,0.9803324
,1177,3,0,0.6053635
,1178,0,0,0.980351
,1178,1,0,0.6077151
,1178,2,2,1.0
,1178,3,0,0.60751206
,1179,0,2,1.0
,1179,1,0,0.60749525
,1179,2,0,0.96505207
,1179,3,0,0.6165743
,1180,0,0,0.8990867
,1180,1,0,0.60839796
,1180,2,2,1.0
,1180,3,0,0.8240942
,1181,0,0,0.61902916
,1181,1,0,0.606196
,1181,2,0,0.96382535
,1181,3,3,1.0
,1182,0,0,0.61499196
,1182,1,0,0.6055302
,1182,2,3,1.0
,1182,3,0,0.98035
,1183,0,0,0.82778066
,1183,1,0,0.6166819
,1183,2,0,0.94140655
,1183,3,2,1.0
,1184,0,2,1.0
,1184,1,0,0.82772404
,1184,2,0,0.63049877
,1184,3,0,0.89885616
,1185,0,0,0.89897794
,1185,1,2,1.0
,1185,2,0,0.8243492
,1185,3,0,0.6295083
,1186,0,0,0.6193176
,1186,1,0,0.89844537
,1186,2,3,1.0
,1186,3,0,0.8230833
,1187,0,0,0.61470896
,1187,1,0,0.6174029
,1187,2,0,0.9803492
,1187,3,3,1.0
,1188,0,0,0.82774675
,1188,1,0,0.6078946
,1188,2,2,1.0
,1188,3,0,0.94344866
,1189,0,2,1.0
,1189,1,0,0.60775566
,1189,2,0,0.8986944
,1189,3,0,0.8360064
,1190,0,0,0.96501744
,1190,1,0,0.6163186
,1190,2,0,0.61952883
,1190,3,2,1.0
,1191,0,2,1.0
,1191,1,0,0.8241085
,1191,2,0,0.6088231
,1191,3,0,0.8990494
,1192,0,0,0.964738
,1192,1,3,1.0
,1192,2,0,0.60549587
,1192,3,0,0.6179309
,1193,0,2,1.0
,1193,1,0,0.9803456
,1193,2,0,0.60717046
,1193,3,0,0.60769695
,1194,0,0,0.9641249
,1194,1,2,1.0
,1194,2,0,0.60812473
,1194,3,0,0.6081638
,1195,0,3,1.0
,1195,1,0,0.964776
,1195,2,0,0.6057315
,1195,3,0,0.606126
,1196,0,0,0.98036045
,1196,1,2,1.0
,1196,2,0,0.6071199
,1196,3,0,0.6164176
,1197,0,2,1.0
,1197,1,0,0.9022933
,1197,2,0,0.60760605
,1197,3,0,0.8279151
,1198,0,0,0.9021562
,1198,1,0,0.83500236
,1198,2,0,0.6074044
,1198,3,2,1.0
,1199,0,0,0.8313664
,1199,1,2,1.0
,1199,2,0,0.6080633
,1199,3,0,0.8989679
,1200,0,3,1.0
,1200,1,0,0.9647371
,1200,2,0,0.6054518
,1200,3,0,0.61791664
,1201,0,0,0.98035026
,1201,1,2,1.0
,1201,2,0,0.60712224
,1201,3,0,0.60764945
,1202,0,2,1.0
,1202,1,0,0.9650417
,1202,2,0,0.607445
,1202,3,0,0.6074673
,1203,0,0,0.9650394
,1203,1,2,1.0
,1203,2,0,0.6074445
,1203,3,0,0.6074455
,1204,0,2,1.0
,1204,1,0,0.9650311
,1204,2,0,0.607488
,1204,3,0,0.60748875
,1205,0,0,0.9641227
,1205,1,2,1.0
,1205,2,0,0.6081217
,1205,3,0,0.6081378
,1206,0,3,1.0
,1206,1,0,0.96477586
,1206,2,0,0.6057468
,1206,3,0,0.60612386
,1207,0,0,0.98036075
,1207,1,2,1.0
,1207,2,0,0.60751146
,1207,3,0,0.61641675
,1208,0,2,1.0
,1208,1,0,0.8989288
,1208,2,0,0.6169135
,1208,3,0,0.8279302
,1209,0,0,0.89884555
,1209,1,0,0.6288743
,1209,2,0,0.8277789
,1209,3,2,1.0
,1210,0,0,0.628861
,1210,1,0,0.8280705
,1210,2,2,1.0
,1210,3,0,0.89869356
,1211,0,0,0.8279816
,1211,1,2,1.0
,1211,2,0,0.8987049
,1211,3,0,0.61969227
,1212,0,2,1.0
,1212,1,0,0.96500474
,1212,2,0,0.6195005
,1212,3,0,0.60769856
,1213,0,0,0.96502984
,1213,1,2,1.0
,1213,2,0,0.60798746
,1213,3,0,0.6074892
,1214,0,2,1.0
,1214,1,0,0.9641226
,1214,2,0,0.60814226
,1214,3,0,0.60812134
,1215,0,0,0.9647739
,1215,1,3,1.0
,1215,2,0,0.60573745
,1215,3,0,0.6057366
,1216,0,2,1.0
,1216,1,0,0.9803456
,1216,2,0,0.6071913
,1216,3,0,0.607192
,1217,0,0,0.96412504
,1217,1,2,1.0
,1217,2,0,0.60812604
,1217,3,0,0.6081428
,1218,0,3,1.0
,1218,1,0,0.96477586
,1218,2,0,0.60573167
,1218,3,0,0.6061251
,1219,0,0,0.9803601
,1219,1,2,1.0
,1219,2,0,0.60712284
,1219,3,0,0.61641604
,1220,0,2,1.0
,1220,1,0,0.898792
,1220,2,0,0.6076346
,1220,3,0,0.82783526
,1221,0,0,0.96500635
,1221,1,0,0.61951196
,1221,2,0,0.6071971
,1221,3,2,1.0
,1222,0,2,1.0
,1222,1,0,0.6079422
,1222,2,0,0.60742223
,1222,3,0,0.96503836
,1223,0,0,0.96503925
,1223,1,0,0.60746473
,1223,2,0,0.6074428
,1223,3,2,1.0
,1224,0,2,1.0
,1224,1,0,0.6074888
,1224,2,0,0.60748786
,1224,3,0,0.9650311
,1225,0,0,0.9641226
,1225,1,0,0.6081216
,1225,2,0,0.6081216
,1225,3,2,1.0
,1226,0,3,1.0
,1226,1,0,0.60573494
,1226,2,0,0.6057342
,1226,3,0,0.96477413
,1227,0,0,0.9803504
,1227,1,0,0.60716146
,1227,2,0,0.60714483
,1227,3,2,1.0
,1228,0,2,1.0
,1228,1,0,0.6078348
,1228,2,0,0.6074424
,1228,3,0,0.9650432
,1229,0,0,0.9650585
,1229,1,0,0.61671185
,1229,2,0,0.60741544
,1229,3,2,1.0
,1230,0,2,1.0
,1230,1,0,0.8279133
,1230,2,0,0.6075997
,1230,3,0,0.90228856
,1231,0,0,0.90220714
,1231,1,2,1.0
,1231,2,0,0.6073558
,1231,3,0,0.83504
,1232,0,0,0.83500534
,1232,1,0,0.9021555
,1232,2,0,0.6073881
,1232,3,2,1.0
,1233,0,2,1.0
,1233,1,0,0.831412
,1233,2,0,0.60800517
,1233,3,0,0.90249705
,1234,0,0,0.8981588
,1234,1,3,1.0
,1234,2,0,0.60573554
,1234,3,0,0.83382416
,1235,0,0,0.61926776
,1235,1,0,0.98035014
,1235,2,0,0.60686105
,1235,3,2,1.0
,1236,0,0,0.6083799
,1236,1,2,1.0
,1236,2,0,0.6074676
,1236,3,0,0.96503365
,1237,0,0,0.6173657
,1237,1,0,0.96413064
,1237,2,0,0.6081191
,1237,3,2,1.0
,1238,0,0,0.8230292
,1238,1,3,1.0
,1238,2,0,0.6067025
,1238,3,0,0.9020762
,1239,0,3,1.0
,1239,1,0,0.94157106
,1239,2,0,0.6062534
,1239,3,0,0.83371264
,1240,0,0,0.97284263
,1240,1,0,0.64244866
,1240,2,0,0.62907934
,1240,3,2,1.0
,1241,0,2,1.0
,1241,1,0,0.55151093
,1241,2,0,0.5602882
,1241,3,0,0.8279075
,1242,0,0,0.9020476
,1242,1,0,0.60420203
,1242,2,0,0.82162166
,1242,3,2,1.0
,1243,0,0,0.83377254
,1243,1,0,0.6055663
,1243,2,3,1.0
,1243,3,0,0.89820707
,1244,0,2,1.0
,1244,1,0,0.60853815
,1244,2,0,0.9803513
,1244,3,0,0.6237724
,1245,0,0,0.9135412
,1245,1,0,0.64749354
,1245,2,2,1.0
,1245,3,0,0.71635544
,1246,0,0,0.5263627
,1246,1,1,0.50362784
,1246,2,1,0.5052473
,1246,3,2,1.0
,1247,0,0,0.8226708
,1247,1,0,0.59881103
,1247,2,2,1.0
,1247,3,0,0.89734626
,1248,0,2,1.0
,1248,1,0,0.6159541
,1248,2,0,0.9650097
,1248,3,0,0.61969304
,1249,0,0,0.8989198
,1249,1,0,0.8279006
,1249,2,2,1.0
,1249,3,0,0.61739564
,1250,0,0,0.62887317
,1250,1,2,1.0
,1250,2,0,0.89869696
,1250,3,0,0.8277841
,1251,0,0,0.8279889
,1251,1,0,0.89885306
,1251,2,0,0.6197042
,1251,3,2,1.0
,1252,0,2,1.0
,1252,1,0,0.6286573
,1252,2,0,0.60806185
,1252,3,0,0.96502465
,1253,0,0,0.8987771
,1253,1,0,0.8282229
,1253,2,0,0.6169121
,1253,3,2,1.0
,1254,0,0,0.6200619
,1254,1,2,1.0
,1254,2,0,0.827768
,1254,3,0,0.90221256
,1255,0,0,0.61716354
,1255,1,0,0.8986936
,1255,2,2,1.0
,1255,3,0,0.8350444
,1256,0,0,0.8277743
,1256,1,0,0.62005794
,1256,2,0,0.90221244
,1256,3,2,1.0
,1257,0,2,1.0
,1257,1,0,0.6171634
,1257,2,0,0.8350444
,1257,3,0,0.8986936
,1258,0,0,0.90221244
,1258,1,0,0.8277743
,1258,2,2,1.0
,1258,3,0,0.6200579
,1259,0,0,0.83504677
,1259,1,2,1.0
,1259,2,0,0.8988371
,1259,3,0,0.6171622
,1260,0,2,1.0
,1260,1,0,0.89869684
,1260,2,0,0.62886953
,1260,3,0,0.82777804
,1261,0,0,0.89870477
,1261,1,0,0.6196923
,1261,2,0,0.8279818
,1261,3,2,1.0
,1262,0,0,0.61949843
,1262,1,0,0.6076968
,1262,2,2,1.0
,1262,3,0,0.965005
,1263,0,0,0.60794395
,1263,1,0,0.60745656
,1263,2,0,0.96503824
,1263,3,2,1.0
,1264,0,0,0.6075341
,1264,1,0,0.60777074
,1264,2,2,1.0
,1264,3,0,0.9650407
,1265,0,0,0.60919845
,1265,1,0,0.6153006
,1265,2,0,0.96504605
,1265,3,2,1.0
,1266,0,0,0.6492074
,1266,1,0,0.79378825
,1266,2,2,1.0
,1266,3,0,0.91413045
,1267,0,1,0.5086884
,1267,1,3,1.0
,1267,2,1,0.5214273
,1267,3,0,0.5216583
,1268,0,0,0.5975436
,1268,1,0,0.9413869
,1268,2,2,1.0
,1268,3,0,0.822098
,1269,0,0,0.6066008
,1269,1,0,0.62116164
,1269,2,0,0.96498466
,1269,3,2,1.0
,1270,0,0,0.60739243
,1270,1,0,0.60800725
,1270,2,2,1.0
,1270,3,0,0.96503776
,1271,0,0,0.60743916
,1271,1,0,0.6074651
,1271,2,0,0.9650394
,1271,3,2,1.0
,1272,0,0,0.60744375
,1272,1,0,0.6074449
,1272,2,2,1.0
,1272,3,0,0.96503925
,1273,0,0,0.6074879
,1273,1,0,0.607488
,1273,2,0,0.9650311
,1273,3,2,1.0
,1274,0,0,0.60812163
,1274,1,0,0.60812163
,1274,2,2,1.0
,1274,3,0,0.9641226
,1275,0,0,0.60573655
,1275,1,0,0.6057366
,1275,2,0,0.9647739
,1275,3,3,1.0
,1276,0,0,0.6071913
,1276,1,0,0.6071913
,1276,2,2,1.0
,1276,3,0,0.9803456
,1277,0,0,0.60812646
,1277,1,0,0.6081264
,1277,2,0,0.96412504
,1277,3,2,1.0
,1278,0,0,0.6057355
,1278,1,0,0.6057355
,1278,2,3,1.0
,1278,3,0,0.96477425
,1279,0,0,0.60714775
,1279,1,0,0.60714763
,1279,2,0,0.98035014
,1279,3,2,1.0
,1280,0,0,0.60749334
,1280,1,0,0.6074926
,1280,2,2,1.0
,1280,3,0,0.9650333
,1281,0,0,0.60813844
,1281,1,0,0.60812163
,1281,2,0,0.9641227
,1281,3,2,1.0
,1282,0,0,0.606124
,1282,1,0,0.6057304
,1282,2,3,1.0
,1282,3,0,0.96477586
,1283,0,0,0.61641735
,1283,1,0,0.6071201
,1283,2,0,0.98036045
,1283,3,2,1.0
,1284,0,0,0.8279113
,1284,1,0,0.60760945
,1284,2,2,1.0
,1284,3,0,0.90229297
,1285,0,2,1.0
,1285,1,0,0.607443
,1285,2,0,0.89887077
,1285,3,0,0.83493215
,1286,0,0,0.9641018
,1286,1,0,0.608195
,1286,2,0,0.6294127
,1286,3,2,1.0
,1287,0,3,1.0
,1287,1,0,0.61528873
,1287,2,0,0.82706755
,1287,3,0,0.89837956
,1288,0,0,0.941321
,1288,1,0,0.82760966
,1288,2,2,1.0
,1288,3,0,0.628701
,1289,0,0,0.62146336
,1289,1,2,1.0
,1289,2,0,0.90220255
,1289,3,0,0.8280416
,1290,0,0,0.60834676
,1290,1,0,0.8987038
,1290,2,0,0.83496094
,1290,3,2,1.0
,1291,0,0,0.61648196
,1291,1,0,0.61986816
,1291,2,2,1.0
,1291,3,0,0.965026
,1292,0,0,0.82790816
,1292,1,0,0.61740446
,1292,2,0,0.8987735
,1292,3,2,1.0
,1293,0,2,1.0
,1293,1,0,0.82765377
,1293,2,0,0.6197537
,1293,3,0,0.89872706
,1294,0,0,0.9640868
,1294,1,2,1.0
,1294,2,0,0.60838836
,1294,3,0,0.62018555
,1295,0,3,1.0
,1295,1,0,0.9647422
,1295,2,0,0.6060035
,1295,3,0,0.60650796
,1296,0,0,0.9425336
,1296,1,2,1.0
,1296,2,0,0.61235684
,1296,3,0,0.61237806
,1297,0,0,0.68787885
,1297,1,2,1.0
,1297,2,0,0.67456293
,1297,3,0,0.6745637
,1298,0,3,0.5315401
,1298,1,0,1.0
,1298,2,0,1.0
,1298,3,0,1.0
,1299,0,0,0.9720696
,1299,1,3,0.99928856
,1299,2,0,0.61929643
,1299,3,0,0.6192963
,1300,0,3,1.0
,1300,1,0,0.98032165
,1300,2,0,0.60550755
,1300,3,0,0.60550684
,1301,0,0,0.9803504
,1301,1,2,1.0
,1301,2,0,0.6071593
,1301,3,0,0.6071427
,1302,0,2,1.0
,1302,1,0,0.9650432
,1302,2,0,0.6078348
,1302,3,0,0.6074425
,1303,0,0,0.96505827
,1303,1,2,1.0
,1303,2,0,0.61671084
,1303,3,0,0.60741776
,1304,0,2,1.0
,1304,1,0,0.90223664
,1304,2,0,0.82787895
,1304,3,0,0.607645
,1305,0,0,0.9024969
,1305,1,0,0.8314134
,1305,2,2,1.0
,1305,3,0,0.6080196
,1306,0,0,0.8337764
,1306,1,3,1.0
,1306,2,0,0.89817923
,1306,3,0,0.6057894
,1307,0,2,1.0
,1307,1,0,0.9798285
,1307,2,0,0.61997837
,1307,3,0,0.6075926
,1308,0,0,0.9647891
,1308,1,3,1.0
,1308,2,0,0.60767156
,1308,3,0,0.60714227
,1309,0,2,1.0
,1309,1,0,0.9676701
,1309,2,0,0.6421211
,1309,3,0,0.64209753
,1310,0,0,0.59250885
,1310,1,2,1.0
,1310,2,0,0.55967927
,1310,3,0,0.5596462
,1311,0,2,1.0
,1311,1,0,0.70901
,1311,2,1,0.5040376
,1311,3,1,0.50447136
,1312,0,0,0.96409434
,1312,1,3,1.0
,1312,2,0,0.60461575
,1312,3,0,0.59520644
,1313,0,2,1.0
,1313,1,0,0.94133985
,1313,2,0,0.8272884
,1313,3,0,0.60688716
,1314,0,0,0.96408504
,1314,1,0,0.6219593
,1314,2,2,1.0
,1314,3,0,0.6078145
,1315,0,3,1.0
,1315,1,0,0.6063076
,1315,2,0,0.96477115
,1315,3,0,0.60570234
,1316,0,0,0.9803457
,1316,1,0,0.6072243
,1316,2,2,1.0
,1316,3,0,0.6071913
,1317,0,2,1.0
,1317,1,0,0.60835874
,1317,2,0,0.9641257
,1317,3,0,0.6081816
,1318,0,0,0.9647921
,1318,1,0,0.61126345
,1318,2,3,1.0
,1318,3,0,0.6071361
,1319,0,2,1.0
,1319,1,0,0.73838174
,1319,2,0,0.9520345
,1319,3,0,0.640847
,1320,0,1,0.53677166
,1320,1,2,1.0
,1320,2,0,0.77961075
,1320,3,0,0.51571256
,1321,0,0,0.59969115
,1321,1,0,0.9637819
,1321,2,2,1.0
,1321,3,0,0.6015479
,1322,0,0,0.6145248
,1322,1,3,1.0
,1322,2,0,0.96479094
,1322,3,0,0.6052953
,1323,0,0,0.82773894
,1323,1,0,0.9434487
,1323,2,2,1.0
,1323,3,0,0.6073621
,1324,0,2,1.0
,1324,1,0,0.8360067
,1324,2,0,0.8988435
,1324,3,0,0.60734636
,1325,0,0,0.96502465
,1325,1,2,1.0
,1325,2,0,0.6286661
,1325,3,0,0.60716176
,1326,0,2,1.0
,1326,1,0,0.8989319
,1326,2,0,0.82813776
,1326,3,0,0.6076095
,1327,0,0,0.965025
,1327,1,0,0.628669
,1327,2,2,1.0
,1327,3,0,0.60724175
,1328,0,2,1.0
,1328,1,0,0.8281463
,1328,2,0,0.8994264
,1328,3,0,0.60927117
,1329,0,0,0.935978
,1329,1,2,1.0
,1329,2,0,0.6590292
,1329,3,0,0.64659154
,1330,0,2,1.0
,1330,1,0,0.50100666
,1330,2,0,0.5093529
,1330,3,1,0.50144964
,1331,0,0,0.9012107
,1331,1,2,1.0
,1331,2,0,0.81853205
,1331,3,0,0.5992212
,1332,0,0,0.8336328
,1332,1,0,0.8982587
,1332,2,3,1.0
,1332,3,0,0.6051914
,1333,0,2,1.0
,1333,1,0,0.6291498
,1333,2,0,0.9798347
,1333,3,0,0.60744
,1334,0,0,0.9017648
,1334,1,0,0.8270415
,1334,2,3,1.0
,1334,3,0,0.6059351
,1335,0,0,0.83491135
,1335,1,2,1.0
,1335,2,0,0.94345146
,1335,3,0,0.6071104
,1336,0,2,1.0
,1336,1,0,0.90219986
,1336,2,0,0.83607787
,1336,3,0,0.607309
,1337,0,0,0.9022074
,1337,1,0,0.8350352
,1337,2,2,1.0
,1337,3,0,0.60734475
,1338,0,0,0.8349661
,1338,1,2,1.0
,1338,2,0,0.8988491
,1338,3,0,0.60737103
,1339,0,2,1.0
,1339,1,0,0.965018
,1339,2,0,0.6285275
,1339,3,0,0.60720575
,1340,0,0,0.902533
,1340,1,2,1.0
,1340,2,0,0.8244471
,1340,3,0,0.6083133
,1341,0,0,0.8302845
,1341,1,0,0.8985955
,1341,2,3,1.0
,1341,3,0,0.606478
,1342,0,3,1.0
,1342,1,0,0.62662745
,1342,2,0,0.9803492
,1342,3,0,0.60486066
,1343,0,0,0.94344884
,1343,1,0,0.8280542
,1343,2,2,1.0
,1343,3,0,0.60734564
,1344,0,0,0.836075
,1344,1,2,1.0
,1344,2,0,0.90219975
,1344,3,0,0.60732275
,1345,0,2,1.0
,1345,1,0,0.89885145
,1345,2,0,0.8349669
,1345,3,0,0.60736847
,1346,0,0,0.96502537
,1346,1,0,0.6286671
,1346,2,2,1.0
,1346,3,0,0.6071596
,1347,0,2,1.0
,1347,1,0,0.8282069
,1347,2,0,0.9022847
,1347,3,0,0.6075856
,1348,0,0,0.8987246
,1348,1,2,1.0
,1348,2,0,0.83492273
,1348,3,0,0.6074349
,1349,0,0,0.62036735
,1349,1,0,0.96408904
,1349,2,2,1.0
,1349,3,0,0.60793316
,1350,0,0,0.6107393
,1350,1,3,1.0
,1350,2,0,0.96477944
,1350,3,0,0.6074181
,1351,0,0,0.71388716
,1351,1,0,0.9537274
,1351,2,2,1.0
,1351,3,0,0.64780176
,1352,0,2,1.0
,1352,1,0,0.7652678
,1352,2,1,0.756892
,1352,3,1,0.5044203
,1353,0,0,0.9427517
,1353,1,2,1.0
,1353,2,0,0.63747644
,1353,3,0,0.632192
,1354,0,2,1.0
,1354,1,1,0.5309895
,1354,2,0,0.76723534
,1354,3,0,0.521533
,1355,0,0,0.93543947
,1355,1,0,0.63881385
,1355,2,2,1.0
,1355,3,0,0.64098024
,1356,0,2,1.0
,1356,1,1,0.50075036
,1356,2,0,0.5005285
,1356,3,1,0.5005894
,1357,0,0,0.9422716
,1357,1,0,0.6308641
,1357,2,2,1.0
,1357,3,0,0.6308701
,1358,0,2,1.0
,1358,1,0,0.51932245
,1358,2,0,0.7271785
,1358,3,0,0.51931137
,1359,0,0,0.96466076
,1359,1,0,0.60101044
,1359,2,2,1.0
,1359,3,0,0.6007511
,1360,0,2,1.0
,1360,1,0,0.6149486
,1360,2,0,0.9650371
,1360,3,0,0.60884535
,1361,0,0,0.9138966
,1361,1,0,0.7937635
,1361,2,2,1.0
,1361,3,0,0.6492225
,1362,0,0,0.5116877
,1362,1,3,1.0
,1362,2,1,0.5224202
,1362,3,1,0.50849694
,1363,0,0,0.59769225
,1363,1,0,0.98035437
,1363,2,2,1.0
,1363,3,0,0.5968055
,1364,0,0,0.6069859
,1364,1,2,1.0
,1364,2,0,0.96501774
,1364,3,0,0.60693187
,1365,0,0,0.60845745
,1365,1,0,0.9641226
,1365,2,2,1.0
,1365,3,0,0.6080629
,1366,0,0,0.61420983
,1366,1,3,1.0
,1366,2,0,0.89801884
,1366,3,0,0.60500157
,1367,0,0,0.8288902
,1367,1,2,1.0
,1367,2,0,0.63038826
,1367,3,0,0.60899466
,1368,0,2,1.0
,1368,1,0,0.90225095
,1368,2,0,0.8281854
,1368,3,0,0.6076249
,1369,0,0,0.89933133
,1369,1,0,0.83487606
,1369,2,2,1.0
,1369,3,0,0.6090027
,1370,0,0,0.6569791
,1370,1,2,1.0
,1370,2,0,0.9575454
,1370,3,0,0.64449894
,1371,0,0,0.5152168
,1371,1,0,0.7151558
,1371,2,3,1.0
,1371,3,0,0.5042987
,1372,0,0,0.822877
,1372,1,2,1.0
,1372,2,0,0.94136995
,1372,3,0,0.59959817
,1373,0,2,1.0
,1373,1,0,0.9649816
,1373,2,0,0.62126076
,1373,3,0,0.60677606
,1374,0,0,0.9641221
,1374,1,2,1.0
,1374,2,0,0.60907793
,1374,3,0,0.6080728
,1375,0,3,1.0
,1375,1,0,0.96480626
,1375,2,0,0.61503893
,1375,3,0,0.6057645
,1376,0,0,0.94166005
,1376,1,2,1.0
,1376,2,0,0.82773334
,1376,3,0,0.6090877
,1377,0,0,0.65554476
,1377,1,0,0.94308287
,1377,2,2,1.0
,1377,3,0,0.64742947
,1378,0,0,0.55993265
,1378,1,2,1.0
,1378,2,0,0.5248655
,1378,3,0,0.645564
,1379,0,1,0.50350463
,1379,1,1,0.54869354
,1379,2,0,0.7466654
,1379,3,2,1.0
,1380,0,0,0.608944
,1380,1,0,0.5976663
,1380,2,2,1.0
,1380,3,0,0.9646703
,1381,0,0,0.8276014
,1381,1,0,0.6075428
,1381,2,0,0.89877003
,1381,3,2,1.0
,1382,0,2,1.0
,1382,1,0,0.61644685
,1382,2,0,0.6198697
,1382,3,0,0.96502596
,1383,0,0,0.8987724
,1383,1,0,0.8279083
,1383,2,0,0.61740565
,1383,3,2,1.0
,1384,0,0,0.6197046
,1384,1,2,1.0
,1384,2,0,0.8276954
,1384,3,0,0.898708
,1385,0,0,0.60769737
,1385,1,0,0.965005
,1385,2,2,1.0
,1385,3,0,0.61949843
,1386,0,0,0.6074591
,1386,1,2,1.0
,1386,2,0,0.96503824
,1386,3,0,0.6079409
,1387,0,0,0.60782975
,1387,1,0,0.96504086
,1387,2,2,1.0
,1387,3,0,0.6074612
,1388,0,0,0.6167096
,1388,1,2,1.0
,1388,2,0,0.965058
,1388,3,0,0.60748273
,1389,0,0,0.8278588
,1389,1,0,0.9008628
,1389,2,2,1.0
,1389,3,0,0.6091727
,1390,0,2,1.0
,1390,1,0,0.74697924
,1390,2,0,0.9158119
,1390,3,0,0.64392513
,1391,0,0,0.5042648
,1391,1,2,1.0
,1391,2,0,0.74019325
,1391,3,0,0.5564367
,1392,0,1,0.5152577
,1392,1,0,0.7070379
,1392,2,3,1.0
,1392,3,1,0.51175916
,1393,0,0,0.60788906
,1393,1,2,1.0
,1393,2,0,0.97984236
,1393,3,0,0.5986141
,1394,0,0,0.82635325
,1394,1,0,0.89894825
,1394,2,3,1.0
,1394,3,0,0.6067565
,1395,0,2,1.0
,1395,1,0,0.6660631
,1395,2,0,0.96795017
,1395,3,0,0.63878727
,1396,0,1,0.53155607
,1396,1,0,0.7691331
,1396,2,2,1.0
,1396,3,0,0.52110165
,1397,0,0,0.6090575
,1397,1,2,1.0
,1397,2,0,0.9638099
,1397,3,0,0.60184747
,1398,0,0,0.8264654
,1398,1,0,0.9017366
,1398,2,3,1.0
,1398,3,0,0.60560787
,1399,0,2,1.0
,1399,1,0,0.8349088
,1399,2,0,0.9434517
,1399,3,0,0.6070942
,1400,0,0,0.90219945
,1400,1,2,1.0
,1400,2,0,0.8360745
,1400,3,0,0.60732746
,1401,0,0,0.83496743
,1401,1,0,0.89870757
,1401,2,2,1.0
,1401,3,0,0.6077609
,1402,0,2,1.0
,1402,1,0,0.61986876
,1402,2,0,0.965026
,1402,3,0,0.6164578
,1403,0,0,0.89877325
,1403,1,0,0.6174047
,1403,2,2,1.0
,1403,3,0,0.8279078
,1404,0,0,0.6197494
,1404,1,0,0.8276617
,1404,2,0,0.8988744
,1404,3,2,1.0
,1405,0,0,0.6083723
,1405,1,2,1.0
,1405,2,0,0.62928516
,1405,3,0,0.9640951
,1406,0,0,0.60667485
,1406,1,0,0.90206975
,1406,2,0,0.8233281
,1406,3,3,1.0
,1407,0,0,0.6057443
,1407,1,0,0.833616
,1407,2,3,1.0
,1407,3,0,0.94136995
,1408,0,0,0.6160891
,1408,1,2,1.0
,1408,2,0,0.98036045
,1408,3,0,0.6210281
,1409,0,0,0.82790107
,1409,1,0,0.9022904
,1409,2,2,1.0
,1409,3,0,0.6081799
,1410,0,2,1.0
,1410,1,0,0.83504075
,1410,2,0,0.9022075
,1410,3,0,0.60738075
,1411,0,0,0.9022074
,1411,1,2,1.0
,1411,2,0,0.8350376
,1411,3,0,0.60740775
,1412,0,0,0.8350113
,1412,1,0,0.8994312
,1412,2,2,1.0
,1412,3,0,0.6088358
,1413,0,2,1.0
,1413,1,0,0.6646788
,1413,2,0,0.94289964
,1413,3,0,0.64234906
,1414,0,0,0.5273837
,1414,1,0,0.73
,1414,2,2,1.0
,1414,3,0,0.5609399
,1415,0,0,0.74054277
,1415,1,3,1.0
,1415,2,1,0.5527564
,1415,3,1,0.50972295
,1416,0,2,1.0
,1416,1,0,0.96784556
,1416,2,0,0.6449116
,1416,3,0,0.6312413
,1417,0,1,0.5211881
,1417,1,2,1.0
,1417,2,0,0.7643203
,1417,3,0,0.5210967
,1418,0,0,0.8204987
,1418,1,0,0.90046877
,1418,2,3,1.0
,1418,3,0,0.5983073
,1419,0,2,1.0
,1419,1,0,0.8311613
,1419,2,0,0.94361407
,1419,3,0,0.6073977
,1420,0,0,0.89842737
,1420,1,3,1.0
,1420,2,0,0.8313281
,1420,3,0,0.6063891
,1421,0,0,0.6175426
,1421,1,0,0.9803325
,1421,2,3,1.0
,1421,3,0,0.6049581
,1422,0,0,0.60995644
,1422,1,2,1.0
,1422,2,0,0.980342
,1422,3,0,0.6087264
,1423,0,0,0.6614589
,1423,1,0,0.9575993
,1423,2,2,1.0
,1423,3,0,0.64486253
,1424,0,0,0.7554145
,1424,1,3,1.0
,1424,2,1,0.54208905
,1424,3,0,0.50633067
,1425,0,2,1.0
,1425,1,0,0.9508085
,1425,2,0,0.7048478
,1425,3,0,0.64341503
,1426,0,1,0.6406655
,1426,1,0,0.55589235
,1426,2,2,1.0
,1426,3,0,0.53270525
,1427,0,2,1.0
,1427,1,0,0.55452245
,1427,2,0,0.7383688
,1427,3,0,0.5525583
,1428,0,1,0.9786961
,1428,1,0,0.5291392
,1428,2,2,1.0
,1428,3,0,0.5245648
,1429,0,2,1.0
,1429,1,0,0.5796939
,1429,2,1,0.7410051
,1429,3,0,0.52216303
,1430,0,1,0.9595264
,1430,1,2,1.0
,1430,2,1,0.5429328
,1430,3,1,0.5223976
,1431,0,2,1.0
,1431,1,0,0.9309418
,1431,2,0,0.63721734
,1431,3,0,0.63878185
,1432,0,1,0.7481192
,1432,1,2,1.0
,1432,2,1,0.51170295
,1432,3,1,0.501847
,1433,0,2,1.0
,1433,1,0,0.8970332
,1433,2,0,0.60629153
,1433,3,0,0.82128745
,1434,0,0,0.8994696
,1434,1,0,0.6235843
,1434,2,0,0.82732254
,1434,3,2,1.0
,1435,0,0,0.6691829
,1435,1,0,0.7056231
,1435,2,2,1.0
,1435,3,0,0.91533136
,1436,0,0,0.59575623
,1436,1,2,1.0
,1436,2,1,0.8803406
,1436,3,0,0.5551502
,1437,0,2,1.0
,1437,1,1,0.7363255
,1437,2,0,0.5552768
,1437,3,0,0.5295001
,1438,0,1,0.68733674
,1438,1,0,0.5023502
,1438,2,2,1.0
,1438,3,0,0.54245067
,1439,0,2,1.0
,1439,1,1,0.5224966
,1439,2,1,0.76919127
,1439,3,0,0.73501056
,1440,0,0,0.9115698
,1440,1,0,0.64100647
,1440,2,0,0.72110945
,1440,3,2,1.0
,1441,0,0,0.59062666
,1441,1,0,0.63863134
,1441,2,2,1.0
,1441,3,0,0.5019998
,1442,0,0,0.74624807
,1442,1,2,1.0
,1442,2,1,0.53812754
,1442,3,1,0.5075678
,1443,0,3,1.0
,1443,1,0,0.89669454
,1443,2,0,0.8195131
,1443,3,0,0.60543746
,1444,0,0,0.94155747
,1444,1,0,0.6200715
,1444,2,2,1.0
,1444,3,0,0.8234609
,1445,0,0,0.62513864
,1445,1,0,0.6073038
,1445,2,0,0.964747
,1445,3,3,1.0
,1446,0,0,0.7388752
,1446,1,0,0.64084363
,1446,2,2,1.0
,1446,3,0,0.9487387
,1447,0,2,1.0
,1447,1,0,0.5158898
,1447,2,0,0.72410214
,1447,3,0,0.53727424
,1448,0,0,0.9646416
,1448,1,0,0.6006147
,1448,2,2,1.0
,1448,3,0,0.6013625
,1449,0,2,1.0
,1449,1,0,0.6126081
,1449,2,0,0.96503896
,1449,3,0,0.60851735
,1450,0,0,0.9111525
,1450,1,0,0.73889226
,1450,2,2,1.0
,1450,3,0,0.6410873
,1451,0,0,0.5407013
,1451,1,2,1.0
,1451,2,0,0.72440743
,1451,3,0,0.517787
,1452,0,0,0.7316281
,1452,1,0,0.91126263
,1452,2,2,1.0
,1452,3,0,0.6374839
,1453,0,2,1.0
,1453,1,0,0.57286644
,1453,2,0,0.5867794
,1453,3,0,0.55386347
,1454,0,0,0.7119132
,1454,1,1,0.50429106
,1454,2,2,1.0
,1454,3,1,0.5057072
,1455,0,2,1.0
,1455,1,0,0.63194585
,1455,2,0,0.94253415
,1455,3,0,0.6316201
,1456,0,0,0.7274746
,1456,1,0,0.52542627
,1456,2,2,1.0
,1456,3,0,0.52122885
,1457,0,2,1.0
,1457,1,0,0.7313588
,1457,2,0,0.9151185
,1457,3,0,0.6378432
,1458,0,0,0.52305204
,1458,1,2,1.0
,1458,2,0,0.73993105
,1458,3,0,0.5556708
,1459,0,0,0.7398109
,1459,1,1,0.5536732
,1459,2,3,1.0
,1459,3,1,0.5104592
,1460,0,2,1.0
,1460,1,0,0.6332217
,1460,2,0,0.9676241
,1460,3,0,0.6342276
,1461,0,0,0.5916322
,1461,1,0,0.57423407
,1461,2,2,1.0
,1461,3,0,0.5618367
,1462,0,2,1.0
,1462,1,0,0.7076139
,1462,2,0,0.510699
,1462,3,0,0.5357031
,1463,0,1,0.546824
,1463,1,3,1.0
,1463,2,0,0.7379315
,1463,3,1,0.51508003
,1464,0,0,0.81754726
,1464,1,0,0.9416357
,1464,2,2,1.0
,1464,3,0,0.5995796
,1465,0,3,1.0
,1465,1,0,0.6287049
,1465,2,0,0.96474123
,1465,3,0,0.60483885
,1466,0,0,0.94141674
,1466,1,0,0.82802325
,1466,2,2,1.0
,1466,3,0,0.6073568
,1467,0,0,0.63043207
,1467,1,2,1.0
,1467,2,0,0.96502215
,1467,3,0,0.6071978
,1468,0,0,0.8282158
,1468,1,0,0.9008836
,1468,2,2,1.0
,1468,3,0,0.6090093
,1469,0,2,1.0
,1469,1,0,0.748627
,1469,2,0,0.9164473
,1469,3,0,0.6407462
,1470,0,1,0.5361004
,1470,1,2,1.0
,1470,2,0,0.7780252
,1470,3,0,0.5160138
,1471,0,0,0.60875475
,1471,1,0,0.96379614
,1471,2,2,1.0
,1471,3,0,0.60152036
,1472,0,0,0.82645243
,1472,1,3,1.0
,1472,2,0,0.9017344
,1472,3,0,0.6055916
,1473,0,2,1.0
,1473,1,0,0.941418
,1473,2,0,0.83483773
,1473,3,0,0.60712284
,1474,0,0,0.9650155
,1474,1,0,0.63029313
,1474,2,2,1.0
,1474,3,0,0.6071809
,1475,0,2,1.0
,1475,1,0,0.82451963
,1475,2,0,0.9025743
,1475,3,0,0.6085276
,1476,0,0,0.8985361
,1476,1,3,1.0
,1476,2,0,0.8339342
,1476,3,0,0.6125781
,1477,0,0,0.6429813
,1477,1,0,0.94666666
,1477,2,2,1.0
,1477,3,0,0.7687648
,1478,0,0,0.54612404
,1478,1,0,0.56473875
,1478,2,0,0.8316587
,1478,3,2,1.0
,1479,0,0,0.62822974
,1479,1,0,0.62896794
,1479,2,2,1.0
,1479,3,0,0.9504636
,1480,0,0,0.58189815
,1480,1,0,0.58126247
,1480,2,0,0.8045733
,1480,3,2,1.0
,1481,0,0,0.51928174
,1481,1,0,0.5092899
,1481,2,3,1.0
,1481,3,0,0.84891087
,1482,0,0,0.82361686
,1482,1,0,0.600635
,1482,2,0,0.9434809
,1482,3,2,1.0
,1483,0,2,1.0
,1483,1,0,0.6069795
,1483,2,0,0.836034
,1483,3,0,0.9021758
,1484,0,0,0.8987015
,1484,1,0,0.60773873
,1484,2,2,1.0
,1484,3,0,0.83496493
,1485,0,0,0.61952347
,1485,1,0,0.61631644
,1485,2,0,0.9650187
,1485,3,2,1.0
,1486,0,0,0.60876083
,1486,1,0,0.8241577
,1486,2,2,1.0
,1486,3,0,0.90257525
,1487,0,0,0.60578334
,1487,1,3,1.0
,1487,2,0,0.90162885
,1487,3,0,0.8339235
,1488,0,0,0.6079163
,1488,1,0,0.9415188
,1488,2,0,0.8312149
,1488,3,2,1.0
,1489,0,0,0.6064987
,1489,1,0,0.6204071
,1489,2,3,1.0
,1489,3,0,0.96381795
,1490,0,0,0.61431545
,1490,1,0,0.6057877
,1490,2,0,0.98034525
,1490,3,3,1.0
,1491,0,0,0.8240077
,1491,1,0,0.6080621
,1491,2,2,1.0
,1491,3,0,0.9436333
,1492,0,3,1.0
,1492,1,0,0.60569954
,1492,2,0,0.8982966
,1492,3,0,0.83488065
,1493,0,0,0.98036
,1493,1,0,0.60683846
,1493,2,0,0.62841004
,1493,3,2,1.0
,1494,0,2,1.0
,1494,1,0,0.607671
,1494,2,0,0.82813895
,1494,3,0,0.8988774
,1495,0,0,0.96501607
,1495,1,0,0.60862285
,1495,2,2,1.0
,1495,3,0,0.6249839
,1496,0,2,1.0
,1496,1,0,0.64157575
,1496,2,0,0.91651547
,1496,3,0,0.7393986
,1497,0,1,0.5366273
,1497,1,0,0.5258821
,1497,2,0,0.77839446
,1497,3,2,1.0
,1498,0,0,0.59919524
,1498,1,0,0.8240261
,1498,2,2,1.0
,1498,3,0,0.90151846
,1499,0,0,0.6114712
,1499,1,2,1.0
,1499,2,0,0.8996132
,1499,3,0,0.8349123
,1500,0,0,0.71397233
,1500,1,0,0.91341794
,1500,2,0,0.67659676
,1500,3,2,1.0
,1501,0,2,1.0
,1501,1,0,0.51628363
,1501,2,0,0.74899274
,1501,3,1,0.7549016
,1502,0,0,0.9133676
,1502,1,0,0.6441921
,1502,2,2,1.0
,1502,3,0,0.68933535
,1503,0,0,0.5085534
,1503,1,1,0.5020337
,1503,2,1,0.7504694
,1503,3,2,1.0
,1504,0,0,0.5977626
,1504,1,0,0.8211857
,1504,2,2,1.0
,1504,3,0,0.90046436
,1505,0,0,0.6074428
,1505,1,2,1.0
,1505,2,0,0.9024467
,1505,3,0,0.83127755
,1506,0,0,0.6057546
,1506,1,0,0.8981757
,1506,2,0,0.83377033
,1506,3,3,1.0
,1507,0,0,0.60753536
,1507,1,0,0.61992306
,1507,2,2,1.0
,1507,3,0,0.97982824
,1508,0,0,0.6057663
,1508,1,0,0.606296
,1508,2,0,0.9647723
,1508,3,3,1.0
,1509,0,0,0.6089404
,1509,1,0,0.6089628
,1509,2,2,1.0
,1509,3,0,0.98035085
,1510,0,0,0.6500006
,1510,1,0,0.65000147
,1510,2,0,0.93251705
,1510,3,2,1.0
,1511,0,1,0.5108506
,1511,1,1,0.51085067
,1511,2,2,1.0
,1511,3,1,0.7482262
,1512,0,0,0.596469
,1512,1,0,0.5964677
,1512,2,0,0.96428686
,1512,3,2,1.0
,1513,0,0,0.6086406
,1513,1,0,0.6086101
,1513,2,2,1.0
,1513,3,0,0.9650173
,1514,0,0,0.6498064
,1514,1,0,0.64908266
,1514,2,0,0.9566844
,1514,3,2,1.0
,1515,0,0,0.50359625
,1515,1,1,0.5068346
,1515,2,3,1.0
,1515,3,1,0.5223993
,1516,0,0,0.81917226
,1516,1,0,0.5942183
,1516,2,0,0.9414489
,1516,3,3,1.0
,1517,0,2,1.0
,1517,1,0,0.606166
,1517,2,0,0.62090373
,1517,3,0,0.98035073
,1518,0,0,0.9650624
,1518,1,0,0.6082933
,1518,2,0,0.60891575
,1518,3,2,1.0
,1519,0,2,1.0
,1519,1,0,0.6299946
,1519,2,0,0.6300401
,1519,3,0,0.9525967
,1520,0,0,0.75748533
,1520,1,0,0.58324593
,1520,2,0,0.58360547
,1520,3,2,1.0
,1521,0,2,1.0
,1521,1,0,0.56213945
,1521,2,0,0.56782067
,1521,3,0,0.7686584
,1522,0,0,0.66819036
,1522,1,0,0.56321776
,1522,2,0,0.65076035
,1522,3,2,1.0
,1523,0,0,0.5050852
,1523,1,1,0.50257134
,1523,2,2,1.0
,1523,3,0,0.7143154
,1524,0,0,0.60024655
,1524,1,0,0.59988743
,1524,2,0,0.96366197
,1524,3,2,1.0
,1525,0,0,0.60719645
,1525,1,0,0.6065354
,1525,2,3,1.0
,1525,3,0,0.9647747
,1526,0,0,0.65446573
,1526,1,0,0.63918376
,1526,2,0,0.96791464
,1526,3,2,1.0
,1527,0,0,0.7651707
,1527,1,0,0.52212715
,1527,2,2,1.0
,1527,3,1,0.52076024
,1528,0,3,1.0
,1528,1,0,0.5983276
,1528,2,0,0.90052736
,1528,3,0,0.82056886
,1529,0,0,0.9413308
,1529,1,0,0.60669833
,1529,2,0,0.83473426
,1529,3,2,1.0
,1530,0,0,0.6212874
,1530,1,0,0.607131
,1530,2,2,1.0
,1530,3,0,0.96500295
,1531,0,0,0.60801893
,1531,1,0,0.6074205
,1531,2,0,0.965038
,1531,3,2,1.0
,1532,0,0,0.60752785
,1532,1,0,0.60748607
,1532,2,2,1.0
,1532,3,0,0.9650311
,1533,0,0,0.608506
,1533,1,0,0.60811526
,1533,2,0,0.9641236
,1533,3,2,1.0
,1534,0,0,0.61487633
,1534,1,0,0.6057417
,1534,2,3,1.0
,1534,3,0,0.9647975
,1535,0,0,0.8239698
,1535,1,0,0.608074
,1535,2,0,0.9415807
,1535,3,2,1.0
,1536,0,3,1.0
,1536,1,0,0.604686
,1536,2,0,0.62806237
,1536,3,0,0.8977713
,1537,0,2,1.0
,1537,1,0,0.6090142
,1537,2,0,0.8291633
,1537,3,0,0.621626
,1538,0,0,0.9650428
,1538,1,0,0.6074663
,1538,2,2,1.0
,1538,3,0,0.61716944
,1539,0,2,1.0
,1539,1,0,0.61004066
,1539,2,0,0.8994371
,1539,3,0,0.8278543
,1540,0,0,0.9354003
,1540,1,0,0.6644056
,1540,2,0,0.65950894
,1540,3,2,1.0
,1541,0,2,1.0
,1541,1,0,0.75012887
,1541,2,0,0.5070658
,1541,3,1,0.7541066
,1542,0,0,0.9013952
,1542,1,2,1.0
,1542,2,0,0.82328194
,1542,3,0,0.5892416
,1543,0,0,0.83489734
,1543,1,0,0.89867777
,1543,2,2,1.0
,1543,3,0,0.6065479
,1544,0,2,1.0
,1544,1,0,0.619501
,1544,2,0,0.96500766
,1544,3,0,0.6075365
,1545,0,0,0.9650564
,1545,1,0,0.6079179
,1545,2,2,1.0
,1545,3,0,0.6166885
,1546,0,2,1.0
,1546,1,0,0.6076502
,1546,2,0,0.8989327
,1546,3,0,0.8278376
,1547,0,0,0.96501744
,1547,1,0,0.60723495
,1547,2,0,0.6285319
,1547,3,2,1.0
,1548,0,2,1.0
,1548,1,0,0.6086923
,1548,2,0,0.82442945
,1548,3,0,0.89904565
,1549,0,0,0.96477044
,1549,1,0,0.6147571
,1549,2,3,1.0
,1549,3,0,0.61789197
,1550,0,2,1.0
,1550,1,0,0.82770944
,1550,2,0,0.9434179
,1550,3,0,0.6079289
,1551,0,0,0.90248966
,1551,1,2,1.0
,1551,2,0,0.8324723
,1551,3,0,0.6079979
,1552,0,0,0.8339588
,1552,1,0,0.90167654
,1552,2,3,1.0
,1552,3,0,0.60570467
,1553,0,2,1.0
,1553,1,0,0.8348389
,1553,2,0,0.94132817
,1553,3,0,0.60752034
,1554,0,0,0.96502167
,1554,1,2,1.0
,1554,2,0,0.6212673
,1554,3,0,0.616425
,1555,0,2,1.0
,1555,1,0,0.89878345
,1555,2,0,0.6082055
,1555,3,0,0.827819
,1556,0,0,0.96500623
,1556,1,0,0.6195108
,1556,2,0,0.6072204
,1556,3,2,1.0
,1557,0,2,1.0
,1557,1,0,0.6079443
,1557,2,0,0.60742545
,1557,3,0,0.9650381
,1558,0,0,0.9650311
,1558,1,0,0.6075087
,1558,2,0,0.60748684
,1558,3,2,1.0
,1559,0,2,1.0
,1559,1,0,0.60812235
,1559,2,0,0.6081214
,1559,3,0,0.9641226
,1560,0,0,0.96477413
,1560,1,0,0.60573435
,1560,2,0,0.6057342
,1560,3,3,1.0
,1561,0,2,1.0
,1561,1,0,0.60714525
,1561,2,0,0.60714525
,1561,3,0,0.98035026
,1562,0,0,0.9650417
,1562,1,0,0.6074471
,1562,2,0,0.6074463
,1562,3,2,1.0
,1563,0,2,1.0
,1563,1,0,0.60746086
,1563,2,0,0.6074441
,1563,3,0,0.9650394
,1564,0,0,0.96503305
,1564,1,0,0.60787874
,1564,2,0,0.6074818
,1564,3,2,1.0
,1565,0,2,1.0
,1565,1,0,0.61746633
,1565,2,0,0.6080633
,1565,3,0,0.9641347
,1566,0,0,0.898404
,1566,1,0,0.8266167
,1566,2,0,0.60602504
,1566,3,3,1.0
,1567,0,0,0.6284163
,1567,1,2,1.0
,1567,2,0,0.6068476
,1567,3,0,0.9803603
,1568,0,0,0.8282117
,1568,1,0,0.9022903
,1568,2,0,0.6075852
,1568,3,2,1.0
,1569,0,2,1.0
,1569,1,0,0.834969
,1569,2,0,0.6073797
,1569,3,0,0.89885134
,1570,0,0,0.96502453
,1570,1,2,1.0
,1570,2,0,0.6071628
,1570,3,0,0.6286658
,1571,0,2,1.0
,1571,1,0,0.8987836
,1571,2,0,0.6076108
,1571,3,0,0.82813114
,1572,0,0,0.96500635
,1572,1,0,0.6195112
,1572,2,0,0.6071956
,1572,3,2,1.0
,1573,0,2,1.0
,1573,1,0,0.60794455
,1573,2,0,0.60742456
,1573,3,0,0.9650381
,1574,0,0,0.96503067
,1574,1,0,0.6075127
,1574,2,0,0.6074908
,1574,3,2,1.0
,1575,0,2,1.0
,1575,1,0,0.6081933
,1575,2,0,0.6081923
,1575,3,0,0.96411663
,1576,0,0,0.9638606
,1576,1,0,0.606456
,1576,2,0,0.6064559
,1576,3,3,1.0
,1577,0,3,1.0
,1577,1,0,0.6052598
,1577,2,0,0.6052597
,1577,3,0,0.9803269
,1578,0,0,0.9798246
,1578,1,0,0.60788625
,1578,2,0,0.60788625
,1578,3,2,1.0
,1579,0,3,1.0
,1579,1,0,0.606443
,1579,2,0,0.60644376
,1579,3,0,0.96386117
,1580,0,0,0.9803326
,1580,1,0,0.6052095
,1580,2,0,0.6052264
,1580,3,3,1.0
,1581,0,2,1.0
,1581,1,0,0.6071772
,1581,2,0,0.60757434
,1581,3,0,0.9803466
,1582,0,0,0.96413696
,1582,1,0,0.60806835
,1582,2,0,0.61747104
,1582,3,2,1.0
,1583,0,3,1.0
,1583,1,0,0.6060284
,1583,2,0,0.82661647
,1583,3,0,0.8984021
,1584,0,0,0.98035586
,1584,1,0,0.6068943
,1584,2,2,1.0
,1584,3,0,0.62827724
,1585,0,2,1.0
,1585,1,0,0.6082963
,1585,2,0,0.8992026
,1585,3,0,0.8244328
,1586,0,0,0.9647707
,1586,1,0,0.6054337
,1586,2,0,0.6271021
,1586,3,3,1.0
,1587,0,2,1.0
,1587,1,0,0.6073581
,1587,2,0,0.8280586
,1587,3,0,0.94344896
,1588,0,0,0.90220016
,1588,1,0,0.60733646
,1588,2,2,1.0
,1588,3,0,0.8360786
,1589,0,0,0.8350419
,1589,1,0,0.6077345
,1589,2,0,0.90220726
,1589,3,2,1.0
,1590,0,2,1.0
,1590,1,0,0.6166565
,1590,2,0,0.83504975
,1590,3,0,0.8986905
,1591,0,0,0.90221286
,1591,1,0,0.82775825
,1591,2,2,1.0
,1591,3,0,0.6196732
,1592,0,0,0.8350319
,1592,1,2,1.0
,1592,2,0,0.9022043
,1592,3,0,0.60791254
,1593,0,2,1.0
,1593,1,0,0.8992237
,1593,2,0,0.8350111
,1593,3,0,0.6087345
,1594,0,0,0.9432096
,1594,1,0,0.6519805
,1594,2,2,1.0
,1594,3,0,0.6394606
,1595,0,2,1.0
,1595,1,0,0.5325679
,1595,2,0,0.72417724
,1595,3,0,0.52155316
,1596,0,0,0.90039504
,1596,1,0,0.8217393
,1596,2,3,0.9999993
,1596,3,0,0.59827286
,1597,0,0,0.83481544
,1597,1,2,1.0
,1597,2,0,0.9413383
,1597,3,0,0.6159603
,1598,0,2,1.0
,1598,1,0,0.9017429
,1598,2,0,0.6231133
,1598,3,0,0.8276045
,1599,0,0,0.91812044
,1599,1,0,0.80519474
,1599,2,0,0.64633375
,1599,3,2,1.0
,1600,0,0,0.7656004
,1600,1,3,1.0
,1600,2,0,0.51467466
,1600,3,1,0.54649067
,1601,0,3,1.0
,1601,1,0,0.941781
,1601,2,0,0.82054675
,1601,3,0,0.59951824
,1602,0,0,0.95048285
,1602,1,0,0.65716076
,1602,2,2,1.0
,1602,3,0,0.73635834
,1603,0,0,0.658144
,1603,1,0,0.5583105
,1603,2,0,0.5051932
,1603,3,2,1.0
,1604,0,2,1.0
,1604,1,0,0.5350904
,1604,2,0,0.53116333
,1604,3,0,0.5720296
,1605,0,0,0.7069199
,1605,1,1,0.50870776
,1605,2,1,0.5094232
,1605,3,2,1.0
,1606,0,3,1.0
,1606,1,0,0.60414594
,1606,2,0,0.5949062
,1606,3,0,0.96406907
,1607,0,0,0.94160676
,1607,1,0,0.82358426
,1607,2,0,0.60757387
,1607,3,2,1.0
,1608,0,0,0.6296377
,1608,1,3,1.0
,1608,2,0,0.6060146
,1608,3,0,0.9638391
,1609,0,0,0.8266906
,1609,1,0,0.9413683
,1609,2,0,0.60562366
,1609,3,3,1.0
,1610,0,2,1.0
,1610,1,0,0.6210499
,1610,2,0,0.6072126
,1610,3,0,0.980351
,1611,0,0,0.9650584
,1611,1,0,0.6079984
,1611,2,0,0.6166901
,1611,3,2,1.0
,1612,0,2,0.9999969
,1612,1,0,0.60765105
,1612,2,0,0.8278385
,1612,3,0,0.89893496
,1613,0,0,0.96502465
,1613,1,0,0.60717446
,1613,2,2,1.0
,1613,3,0,0.6286694
,1614,0,2,1.0
,1614,1,0,0.60761374
,1614,2,0,0.8987846
,1614,3,0,0.82813025
,1615,0,0,0.9649979
,1615,1,0,0.60724187
,1615,2,0,0.6195569
,1615,3,2,1.0
,1616,0,2,1.0
,1616,1,0,0.60810184
,1616,2,0,0.60862166
,1616,3,0,0.96412146
,1617,0,0,0.964774
,1617,1,0,0.6057331
,1617,2,0,0.6057553
,1617,3,3,1.0
,1618,0,2,1.0
,1618,1,0,0.60715353
,1618,2,0,0.60715437
,1618,3,0,0.9803499
,1619,0,0,0.96500635
,1619,1,0,0.60760343
,1619,2,0,0.60760343
,1619,3,2,1.0
,1620,0,2,1.0
,1620,1,0,0.60940605
,1620,2,0,0.60940677
,1620,3,0,0.90311146
,1621,0,2,1.0
,1621,1,0,0.6022069
,1621,2,0,0.6022234
,1621,3,0,0.83211553
,1622,0,0,0.96500236
,1622,1,0,0.60692024
,1622,2,0,0.60730743
,1622,3,2,0.9999882
,1623,0,2,1.0
,1623,1,0,0.6075153
,1623,2,0,0.616681
,1623,3,0,0.96505755
,1624,0,0,0.8999396
,1624,1,0,0.6106628
,1624,2,0,0.827874
,1624,3,2,1.0
,1625,0,0,0.69060004
,1625,1,0,0.6793983
,1625,2,2,1.0
,1625,3,0,0.9239731
,1626,0,0,1.0
,1626,1,0,1.0
,1626,2,0,1.0
,1626,3,3,0.530748
,1627,0,0,0.62221664
,1627,1,0,0.6222006
,1627,2,2,1.0
,1627,3,0,0.97304153
,1628,0,0,0.6084009
,1628,1,0,0.6080163
,1628,2,0,0.9650348
,1628,3,2,1.0
,1629,0,0,0.61659247
,1629,1,0,0.6074801
,1629,2,2,1.0
,1629,3,0,0.96505135
,1630,0,0,0.82417107
,1630,1,0,0.60825837
,1630,2,0,0.9025782
,1630,3,2,1.0
,1631,0,3,1.0
,1631,1,0,0.6057122
,1631,2,0,0.8339652
,1631,3,0,0.9016792
,1632,0,0,0.94134164
,1632,1,0,0.6071847
,1632,2,2,1.0
,1632,3,0,0.8347921
,1633,0,0,0.6220369
,1633,1,0,0.6079058
,1633,2,0,0.96408594
,1633,3,2,1.0
,1634,0,0,0.60813284
,1634,1,0,0.60752904
,1634,2,3,1.0
,1634,3,0,0.96477574
,1635,0,0,0.6504186
,1635,1,0,0.6503851
,1635,2,0,0.9753589
,1635,3,2,1.0
,1636,0,1,0.5123413
,1636,1,1,0.51247317
,1636,2,3,1.0
,1636,3,1,0.75641584
,1637,0,0,0.6000109
,1637,1,0,0.59717906
,1637,2,0,0.9803555
,1637,3,2,1.0
,1638,0,0,0.7136746
,1638,1,0,0.6473048
,1638,2,2,1.0
,1638,3,0,0.9193389
,1639,0,2,1.0
,1639,1,1,0.5057436
,1639,2,1,0.75085
,1639,3,0,0.7634423
,1640,0,0,0.8985168
,1640,1,0,0.6016752
,1640,2,0,0.8164956
,1640,3,2,1.0
,1641,0,0,0.65835917
,1641,1,0,0.64630646
,1641,2,2,1.0
,1641,3,0,0.93594116
,1642,0,0,0.5008186
,1642,1,1,0.500077
,1642,2,1,0.5021659
,1642,3,2,1.0
,1643,0,0,0.5949212
,1643,1,0,0.5948813
,1643,2,3,1.0
,1643,3,0,0.9639714
,1644,0,0,0.60720396
,1644,1,0,0.60720223
,1644,2,0,0.97982836
,1644,3,2,1.0
,1645,0,0,0.6056904
,1645,1,0,0.60569036
,1645,2,3,1.0
,1645,3,0,0.9647736
,1646,0,0,0.6071456
,1646,1,0,0.6071456
,1646,2,0,0.98035014
,1646,3,2,1.0
,1647,0,0,0.60749394
,1647,1,0,0.60749394
,1647,2,2,1.0
,1647,3,0,0.9650334
,1648,0,0,0.6081565
,1648,1,0,0.6081565
,1648,2,0,0.9641232
,1648,3,2,1.0
,1649,0,0,0.60661596
,1649,1,0,0.6066159
,1649,2,3,1.0
,1649,3,0,0.96479625
,1650,0,0,0.6289087
,1650,1,0,0.6289087
,1650,2,0,0.97285134
,1650,3,2,1.0
,1651,0,0,0.5521595
,1651,1,0,0.5521595
,1651,2,2,1.0
,1651,3,0,0.82786477
,1652,0,0,0.6356113
,1652,1,0,0.6356113
,1652,2,0,0.94294053
,1652,3,2,1.0
,1653,0,0,0.5200961
,1653,1,0,0.5200961
,1653,2,2,1.0
,1653,3,0,0.7275161
,1654,0,0,0.60079473
,1654,1,0,0.6007947
,1654,2,0,0.9646612
,1654,3,2,1.0
,1655,0,0,0.6087073
,1655,1,0,0.6087073
,1655,2,2,1.0
,1655,3,0,0.96501327
,1656,0,0,0.6447895
,1656,1,0,0.6447896
,1656,2,0,0.9575801
,1656,3,2,1.0
,1657,0,0,0.5045246
,1657,1,0,0.5045246
,1657,2,3,1.0
,1657,3,0,0.71437675
,1658,0,0,0.59961414
,1658,1,0,0.59961414
,1658,2,0,0.9798349
,1658,3,2,1.0
,1659,0,0,0.6052422
,1659,1,0,0.6052422
,1659,2,3,1.0
,1659,3,0,0.96474123
,1660,0,0,0.60779953
,1660,1,0,0.60779935
,1660,2,0,0.9798279
,1660,3,2,1.0
,1661,0,0,0.6057783
,1661,1,0,0.6057742
,1661,2,3,1.0
,1661,3,0,0.96476436
,1662,0,0,0.6079965
,1662,1,0,0.60790235
,1662,2,0,0.9798281
,1662,3,2,1.0
,1663,0,0,0.6098634
,1663,1,0,0.60765815
,1663,2,3,1.0
,1663,3,0,0.9647846
,1664,0,0,0.7052221
,1664,1,0,0.6531224
,1664,2,0,0.9522131
,1664,3,2,1.0
,1665,0,2,1.0
,1665,1,0,0.531219
,1665,2,0,0.6174538
,1665,3,1,0.8753969
,1666,0,1,0.76764214
,1666,1,1,0.5190885
,1666,2,2,1.0
,1666,3,0,0.71054417
,1667,0,0,0.696798
,1667,1,0,0.6396354
,1667,2,0,0.9185079
,1667,3,2,1.0
,1668,0,2,1.0
,1668,1,1,0.504648
,1668,2,0,0.76285076
,1668,3,1,0.75532585
,1669,0,0,0.913721
,1669,1,0,0.6436362
,1669,2,2,1.0
,1669,3,0,0.6974075
,1670,0,0,0.5591471
,1670,1,0,0.538833
,1670,2,1,0.6750457
,1670,3,2,1.0
,1671,0,1,0.52137774
,1671,1,1,0.5229589
,1671,2,2,1.0
,1671,3,1,0.89670765
,1672,0,0,0.59534496
,1672,1,0,0.5952751
,1672,2,0,0.9642041
,1672,3,2,1.0
,1673,0,0,0.6086035
,1673,1,0,0.6086005
,1673,2,2,1.0
,1673,3,0,0.9650224
,1674,0,0,0.65075684
,1674,1,0,0.6507568
,1674,2,0,0.9563375
,1674,3,2,1.0
,1675,0,1,0.51058674
,1675,1,1,0.51058674
,1675,2,3,1.0
,1675,3,1,0.75623196
,1676,0,0,0.63975674
,1676,1,0,0.6397566
,1676,2,0,0.9753298
,1676,3,2,1.0
,1677,0,1,0.5145126
,1677,1,1,0.5145134
,1677,2,3,1.0
,1677,3,1,0.8965188
,1678,0,0,0.5947735
,1678,1,0,0.5947566
,1678,2,0,0.9803506
,1678,3,2,1.0
,1679,0,0,0.6078239
,1679,1,0,0.6074293
,1679,2,2,1.0
,1679,3,0,0.9641044
,1680,0,0,0.6149785
,1680,1,0,0.6057387
,1680,2,0,0.9648052
,1680,3,3,1.0
,1681,0,0,0.82767916
,1681,1,0,0.6092511
,1681,2,2,1.0
,1681,3,0,0.94236934
,1682,0,2,1.0
,1682,1,0,0.65070045
,1682,2,0,0.9182699
,1682,3,0,0.72632396
,1683,0,1,0.7223446
,1683,1,0,0.5403435
,1683,2,0,0.7219391
,1683,3,2,1.0
,1684,0,1,0.5410211
,1684,1,1,0.52056146
,1684,2,3,1.0
,1684,3,1,0.897102
,1685,0,0,0.64092946
,1685,1,0,0.64179415
,1685,2,0,0.96093655
,1685,3,2,1.0
,1686,0,0,0.5292245
,1686,1,0,0.5292917
,1686,2,2,1.0
,1686,3,1,0.91154623
,1687,0,1,0.5201241
,1687,1,1,0.52011895
,1687,2,1,0.53477377
,1687,3,3,1.0
,1688,0,0,0.64280325
,1688,1,0,0.6428035
,1688,2,2,1.0
,1688,3,0,0.96142423
,1689,0,0,0.53571326
,1689,1,0,0.5357133
,1689,2,1,0.8551286
,1689,3,2,1.0
,1690,0,0,0.5240233
,1690,1,0,0.5240231
,1690,2,2,1.0
,1690,3,1,0.86031765
,1691,0,0,0.52551633
,1691,1,0,0.52551377
,1691,2,1,0.6933324
,1691,3,2,1.0
,1692,0,0,0.5198917
,1692,1,0,0.51985806
,1692,2,2,1.0
,1692,3,1,0.9446909
,1693,0,1,0.5239814
,1693,1,1,0.52441394
,1693,2,1,0.89695174
,1693,3,2,1.0
,1694,0,0,0.6052273
,1694,1,0,0.59577525
,1694,2,2,1.0
,1694,3,0,0.9632775
,1695,0,0,0.82616323
,1695,1,0,0.60703176
,1695,2,0,0.8991449
,1695,3,3,1.0
,1696,0,2,1.0
,1696,1,0,0.6503844
,1696,2,0,0.6798304
,1696,3,0,0.960907
,1697,0,1,0.961649
,1697,1,1,0.5128426
,1697,2,0,0.74198985
,1697,3,2,1.0
,1698,0,0,0.62437546
,1698,1,0,0.642883
,1698,2,2,1.0
,1698,3,0,0.9307767
,1699,0,1,0.5153954
,1699,1,1,0.5139591
,1699,2,1,0.8945775
,1699,3,2,1.0
,1700,0,0,0.5969011
,1700,1,0,0.5969586
,1700,2,2,1.0
,1700,3,0,0.9642188
,1701,0,0,0.63914657
,1701,1,0,0.63901013
,1701,2,0,0.94334346
,1701,3,2,1.0
,1702,0,0,0.52494097
,1702,1,0,0.52273375
,1702,2,2,1.0
,1702,3,0,0.72783107
,1703,0,0,0.6972495
,1703,1,0,0.648022
,1703,2,0,0.9149372
,1703,3,2,1.0
,1704,0,2,1.0
,1704,1,0,0.53374654
,1704,2,0,0.55868095
,1704,3,1,0.9437877
,1705,0,1,0.9551392
,1705,1,0,0.52410716
,1705,2,0,0.5800569
,1705,3,2,1.0
,1706,0,1,0.5140868
,1706,1,0,0.52324367
,1706,2,2,1.0
,1706,3,1,0.94457984
,1707,0,0,0.5167848
,1707,1,0,0.51969516
,1707,2,1,0.9136914
,1707,3,2,1.0
,1708,0,1,0.5244803
,1708,1,1,0.5242536
,1708,2,3,1.0
,1708,3,1,0.8974244
,1709,0,0,0.59438217
,1709,1,0,0.59439224
,1709,2,0,0.9803562
,1709,3,2,1.0
,1710,0,0,0.60858154
,1710,1,0,0.60858196
,1710,2,2,1.0
,1710,3,0,0.9650295
,1711,0,0,0.65132654
,1711,1,0,0.651326
,1711,2,0,0.9562128
,1711,3,2,1.0
,1712,0,1,0.51274556
,1712,1,1,0.5127533
,1712,2,3,1.0
,1712,3,1,0.9847823
,1713,0,0,0.5938128
,1713,1,0,0.5936463
,1713,2,0,0.980342
,1713,3,3,1.0
,1714,0,0,0.6563735
,1714,1,0,0.6524874
,1714,2,2,1.0
,1714,3,0,0.9614102
,1715,0,0,0.5917879
,1715,1,0,0.53642464
,1715,2,1,0.8803374
,1715,3,2,1.0
,1716,0,2,1.0
,1716,1,0,0.5243723
,1716,2,1,0.5033562
,1716,3,1,0.8595191
,1717,0,1,0.7353458
,1717,1,0,0.52451503
,1717,2,0,0.5822393
,1717,3,2,1.0
,1718,0,0,0.56604266
,1718,1,0,0.52549654
,1718,2,2,1.0
,1718,3,1,0.7354128
,1719,0,2,1.0
,1719,1,0,0.5225053
,1719,2,1,0.6872789
,1719,3,0,0.522177
,1720,0,1,0.7723401
,1720,1,1,0.52139837
,1720,2,2,1.0
,1720,3,0,0.7338298
,1721,0,0,0.6207848
,1721,1,0,0.63127345
,1721,2,0,0.9426144
,1721,3,2,1.0
,1722,0,0,0.5208439
,1722,1,0,0.52155966
,1722,2,2,1.0
,1722,3,0,0.7273408
,1723,0,0,0.6426816
,1723,1,0,0.6427067
,1723,2,0,0.9562208
,1723,3,2,1.0
,1724,0,1,0.5065526
,1724,1,1,0.50661385
,1724,2,3,1.0
,1724,3,1,0.52105254
,1725,0,0,0.6446786
,1725,1,0,0.6432832
,1725,2,0,0.96142787
,1725,3,2,1.0
,1726,0,0,0.5517887
,1726,1,0,0.5321383
,1726,2,2,1.0
,1726,3,1,0.85504436
,1727,0,0,0.73047495
,1727,1,1,0.52287674
,1727,2,1,0.90026075
,1727,3,2,1.0
,1728,0,3,1.0
,1728,1,0,0.59603894
,1728,2,0,0.8056365
,1728,3,0,0.90051097
,1729,0,0,0.94178605
,1729,1,0,0.6064071
,1729,2,3,1.0
,1729,3,0,0.83338785
,1730,0,0,0.6621416
,1730,1,0,0.6485385
,1730,2,0,0.97556096
,1730,3,2,1.0
,1731,0,1,0.5051323
,1731,1,1,0.5061684
,1731,2,3,1.0
,1731,3,1,0.52114594
,1732,0,0,0.6389452
,1732,1,0,0.63890165
,1732,2,0,0.97557515
,1732,3,2,1.0
,1733,0,1,0.50892675
,1733,1,1,0.5089287
,1733,2,3,1.0
,1733,3,1,0.52149934
,1734,0,0,0.59851164
,1734,1,0,0.59854144
,1734,2,0,0.98035645
,1734,3,2,1.0
,1735,0,0,0.6463619
,1735,1,0,0.64706504
,1735,2,2,1.0
,1735,3,0,0.9360388
,1736,0,1,0.5001578
,1736,1,0,0.5101966
,1736,2,1,0.5015703
,1736,3,2,1.0
,1737,0,0,0.5955128
,1737,1,0,0.8200262
,1737,2,3,1.0
,1737,3,0,0.8963692
,1738,0,0,0.606279
,1738,1,2,1.0
,1738,2,0,0.9803466
,1738,3,0,0.61943597
,1739,0,0,0.60801244
,1739,1,0,0.9641356
,1739,2,2,1.0
,1739,3,0,0.6179528
,1740,0,0,0.60602856
,1740,1,3,1.0
,1740,2,0,0.9017189
,1740,3,0,0.82671964
,1741,0,0,0.6078409
,1741,1,0,0.9415019
,1741,2,0,0.83124363
,1741,3,2,1.0
,1742,0,0,0.60545033
,1742,1,0,0.6197513
,1742,2,3,1.0
,1742,3,0,0.96472114
,1743,0,0,0.60787106
,1743,1,0,0.6084756
,1743,2,0,0.9798281
,1743,3,2,1.0
,1744,0,0,0.60750306
,1744,1,0,0.6075289
,1744,2,3,1.0
,1744,3,0,0.96477056
,1745,0,0,0.64889383
,1745,1,0,0.64889485
,1745,2,0,0.97556096
,1745,3,2,1.0
,1746,0,1,0.5061373
,1746,1,1,0.50613725
,1746,2,3,1.0
,1746,3,1,0.5207398
,1747,0,0,0.64050376
,1747,1,0,0.64050376
,1747,2,0,0.9631541
,1747,3,2,1.0
,1748,0,0,0.53939545
,1748,1,0,0.53939545
,1748,2,2,1.0
,1748,3,1,0.6658788
,1749,0,1,0.5200026
,1749,1,1,0.5200026
,1749,2,1,0.529471
,1749,3,2,1.0
,1750,0,0,0.5969651
,1750,1,0,0.5969651
,1750,2,2,1.0
,1750,3,0,0.9643921
,1751,0,0,0.60763603
,1751,1,0,0.607636
,1751,2,0,0.96410114
,1751,3,2,1.0
,1752,0,0,0.6065296
,1752,1,0,0.6065296
,1752,2,3,1.0
,1752,3,0,0.963854
,1753,0,0,0.60685
,1753,1,0,0.60685
,1753,2,0,0.98013884
,1753,3,3,1.0
,1754,0,0,0.6298667
,1754,1,0,0.6298667
,1754,2,2,1.0
,1754,3,0,0.9497509
,1755,0,0,0.5428248
,1755,1,0,0.5428248
,1755,2,3,1.0
,1755,3,0,0.7971573
,1756,0,0,0.6023627
,1756,1,0,0.6023627
,1756,2,0,0.980352
,1756,3,2,1.0
,1757,0,0,0.60719717
,1757,1,0,0.60719717
,1757,2,2,1.0
,1757,3,0,0.96503574
,1758,0,0,0.60743374
,1758,1,0,0.60743374
,1758,2,0,0.9650394
,1758,3,2,1.0
,1759,0,0,0.6075158
,1759,1,0,0.6075158
,1759,2,2,1.0
,1759,3,0,0.9650401
,1760,0,0,0.6092373
,1760,1,0,0.6092373
,1760,2,0,0.9650428
,1760,3,2,1.0
,1761,0,0,0.6500685
,1761,1,0,0.6500685
,1761,2,2,1.0
,1761,3,0,0.93578625
,1762,0,0,0.54212105
,1762,1,0,0.54212105
,1762,2,1,0.55218375
,1762,3,2,1.0
,1763,0,1,0.518717
,1763,1,1,0.518717
,1763,2,3,1.0
,1763,3,1,0.53320324
,1764,0,0,0.64073104
,1764,1,0,0.64073104
,1764,2,0,0.9607196
,1764,3,2,1.0
,1765,0,1,0.5131117
,1765,1,1,0.5131117
,1765,2,2,1.0
,1765,3,1,0.9846974
,1766,0,0,0.639638
,1766,1,0,0.639638
,1766,2,0,0.9551925
,1766,3,2,1.0
,1767,0,1,0.51470566
,1767,1,1,0.51470566
,1767,2,3,1.0
,1767,3,1,0.95965064
,1768,0,0,0.5964405
,1768,1,0,0.5964405
,1768,2,0,0.98035854
,1768,3,2,1.0
,1769,0,0,0.65360034
,1769,1,0,0.65360034
,1769,2,2,1.0
,1769,3,0,0.93119556
,1770,0,0,0.53020805
,1770,1,0,0.53020805
,1770,2,1,0.96619165
,1770,3,2,1.0
,1771,0,1,0.52152723
,1771,1,1,0.5215272
,1771,2,3,1.0
,1771,3,1,0.95974547
,1772,0,0,0.6387882
,1772,1,0,0.6387882
,1772,2,0,0.97531843
,1772,3,2,1.0
,1773,0,1,0.5128812
,1773,1,1,0.5128812
,1773,2,3,1.0
,1773,3,1,0.95967126
,1774,0,0,0.6366862
,1774,1,0,0.6366862
,1774,2,0,0.9755817
,1774,3,2,1.0
,1775,0,1,0.50716937
,1775,1,1,0.50716937
,1775,2,3,1.0
,1775,3,1,0.5213219
,1776,0,0,0.6445347
,1776,1,0,0.6445347
,1776,2,0,0.9607663
,1776,3,2,1.0
,1777,0,0,0.53215766
,1777,1,0,0.53215766
,1777,2,2,1.0
,1777,3,1,0.9785538
,1778,0,0,0.52529407
,1778,1,0,0.52529407
,1778,2,1,0.6907693
,1778,3,2,1.0
,1779,0,0,0.5259215
,1779,1,0,0.5259215
,1779,2,2,1.0
,1779,3,1,0.69259083
,1780,0,0,0.5199316
,1780,1,0,0.5199316
,1780,2,1,0.91356397
,1780,3,2,1.0
,1781,0,1,0.522217
,1781,1,1,0.522217
,1781,2,3,1.0
,1781,3,1,0.76109135
,1782,0,0,0.6361725
,1782,1,0,0.6361725
,1782,2,0,0.96290934
,1782,3,2,1.0
,1783,0,1,0.5021474
,1783,1,1,0.5021474
,1783,2,2,1.0
,1783,3,1,0.7465943
,1784,0,0,0.591385
,1784,1,0,0.591385
,1784,2,2,1.0
,1784,3,0,0.8092584
,1785,0,0,0.6500248
,1785,1,0,0.6500248
,1785,2,0,0.9561663
,1785,3,2,1.0
,1786,0,1,0.51164705
,1786,1,1,0.51164705
,1786,2,3,1.0
,1786,3,1,0.8963382
,1787,0,0,0.6423344
,1787,1,0,0.6423344
,1787,2,0,0.96092325
,1787,3,2,1.0
,1788,0,0,0.5323684
,1788,1,0,0.5323684
,1788,2,2,1.0
,1788,3,1,0.94291645
,1789,0,0,0.5216892
,1789,1,0,0.5216891
,1789,2,1,0.69009656
,1789,3,2,1.0
,1790,0,1,0.5198785
,1790,1,1,0.51987857
,1790,2,2,1.0
,1790,3,1,0.5307415
,1791,0,0,0.6406389
,1791,1,0,0.6406382
,1791,2,0,0.9341067
,1791,3,2,1.0
,1792,0,0,0.54265046
,1792,1,0,0.5426409
,1792,2,2,1.0
,1792,3,1,0.66650385
,1793,0,0,0.52507555
,1793,1,0,0.52495044
,1793,2,1,0.5803572
,1793,3,2,1.0
,1794,0,1,0.5195381
,1794,1,1,0.5211449
,1794,2,3,1.0
,1794,3,1,0.89718896
,1795,0,0,0.6918292
,1795,1,0,0.6567856
,1795,2,0,0.9510086
,1795,3,2,1.0
,1796,0,2,1.0
,1796,1,0,0.73711056
,1796,2,0,0.5199992
,1796,3,1,0.9619313
,1797,0,0,0.8966024
,1797,1,3,1.0
,1797,2,0,0.820997
,1797,3,0,0.5854297
,1798,0,0,0.6193356
,1798,1,0,0.94133246
,1798,2,2,1.0
,1798,3,0,0.8266627
,1799,0,0,0.6076999
,1799,1,0,0.62132245
,1799,2,0,0.96499294
,1799,3,2,1.0
,1800,0,0,0.6081197
,1800,1,0,0.60869473
,1800,2,2,1.0
,1800,3,0,0.9641212
,1801,0,0,0.6057358
,1801,1,0,0.6057604
,1801,2,0,0.9647739
,1801,3,3,1.0
,1802,0,0,0.6071914
,1802,1,0,0.60719246
,1802,2,2,1.0
,1802,3,0,0.9803456
,1803,0,0,0.6081295
,1803,1,0,0.6081295
,1803,2,0,0.9641248
,1803,3,2,1.0
,1804,0,0,0.60578376
,1804,1,0,0.6057837
,1804,2,3,1.0
,1804,3,0,0.9647641
,1805,0,0,0.6078243
,1805,1,0,0.6078236
,1805,2,0,0.9798279
,1805,3,2,1.0
,1806,0,0,0.6057401
,1806,1,0,0.60572386
,1806,2,3,1.0
,1806,3,0,0.9647745
,1807,0,0,0.6075279
,1807,1,0,0.6071432
,1807,2,0,0.9803511
,1807,3,2,1.0
,1808,0,0,0.61657506
,1808,1,0,0.6074666
,1808,2,2,1.0
,1808,3,0,0.9650526
,1809,0,0,0.8241258
,1809,1,0,0.6083143
,1809,2,0,0.89920044
,1809,3,2,1.0
,1810,0,3,1.0
,1810,1,0,0.6054363
,1810,2,0,0.6270992
,1810,3,0,0.96477014
,1811,0,0,0.9413273
,1811,1,0,0.60739225
,1811,2,0,0.82797843
,1811,3,2,1.0
,1812,0,0,0.6213367
,1812,1,0,0.60721076
,1812,2,2,1.0
,1812,3,0,0.96499485
,1813,0,0,0.6086957
,1813,1,0,0.6080995
,1813,2,0,0.96412134
,1813,3,2,1.0
,1814,0,0,0.6057581
,1814,1,0,0.6057325
,1814,2,3,1.0
,1814,3,0,0.964774
,1815,0,0,0.60714614
,1815,1,0,0.60714513
,1815,2,0,0.9803504
,1815,3,2,1.0
,1816,0,0,0.6074463
,1816,1,0,0.6074469
,1816,2,2,1.0
,1816,3,0,0.9650417
,1817,0,0,0.60744184
,1817,1,0,0.60745835
,1817,2,0,0.9650396
,1817,3,2,1.0
,1818,0,0,0.60743773
,1818,1,0,0.60783005
,1818,2,2,1.0
,1818,3,0,0.965041
,1819,0,0,0.6074171
,1819,1,0,0.61671025
,1819,2,0,0.96505827
,1819,3,2,1.0
,1820,0,0,0.6076447
,1820,1,0,0.82787895
,1820,2,2,1.0
,1820,3,0,0.90223664
,1821,0,0,0.6080155
,1821,1,2,1.0
,1821,2,0,0.90249705
,1821,3,0,0.8314147
,1822,0,0,0.60573184
,1822,1,0,0.8983079
,1822,2,0,0.8338318
,1822,3,3,0.9998647
,1823,0,0,0.6068342
,1823,1,0,0.62841165
,1823,2,2,1.0
,1823,3,0,0.9803583
,1824,0,0,0.6075818
,1824,1,0,0.8282152
,1824,2,0,0.90229076
,1824,3,2,1.0
,1825,0,0,0.6073558
,1825,1,2,1.0
,1825,2,0,0.83504
,1825,3,0,0.90220726
,1826,0,0,0.6073934
,1826,1,0,0.90215605
,1826,2,2,1.0
,1826,3,0,0.83499986
,1827,0,0,0.60806346
,1827,1,0,0.83136654
,1827,2,0,0.89896786
,1827,3,2,1.0
,1828,0,0,0.60546815
,1828,1,3,1.0
,1828,2,0,0.61791635
,1828,3,0,0.9647371
,1829,0,0,0.60751104
,1829,1,0,0.9803511
,1829,2,0,0.60764647
,1829,3,2,1.0
,1830,0,0,0.6167131
,1830,1,2,1.0
,1830,2,0,0.6074598
,1830,3,0,0.9650599
,1831,0,0,0.8278397
,1831,1,0,0.8987851
,1831,2,0,0.60802096
,1831,3,2,1.0
,1832,0,2,1.0
,1832,1,0,0.61948806
,1832,2,0,0.61646825
,1832,3,0,0.96502465
,1833,0,0,0.89878374
,1833,1,0,0.6081314
,1833,2,0,0.8278207
,1833,3,2,1.0
,1834,0,0,0.61951077
,1834,1,0,0.6072172
,1834,2,2,1.0
,1834,3,0,0.96500623
,1835,0,0,0.607942
,1835,1,0,0.60742295
,1835,2,0,0.96503824
,1835,3,2,1.0
,1836,0,0,0.6074623
,1836,1,0,0.60744107
,1836,2,2,1.0
,1836,3,0,0.9650395
,1837,0,0,0.6074421
,1837,1,0,0.60745776
,1837,2,0,0.9650396
,1837,3,2,1.0
,1838,0,0,0.60743773
,1838,1,0,0.60783005
,1838,2,2,1.0
,1838,3,0,0.965041
,1839,0,0,0.6074171
,1839,1,0,0.6167102
,1839,2,0,0.96505827
,1839,3,2,1.0
,1840,0,0,0.60764474
,1840,1,0,0.82787895
,1840,2,2,1.0
,1840,3,0,0.90223664
,1841,0,0,0.60801613
,1841,1,2,1.0
,1841,2,0,0.90249705
,1841,3,0,0.8314141
,1842,0,0,0.60573584
,1842,1,0,0.8981585
,1842,2,0,0.8338242
,1842,3,3,1.0
,1843,0,0,0.60685885
,1843,1,0,0.6192494
,1843,2,2,1.0
,1843,3,0,0.98035014
,1844,0,0,0.60742444
,1844,1,0,0.6079475
,1844,2,0,0.96504056
,1844,3,2,1.0
,1845,0,0,0.60744095
,1845,1,0,0.607463
,1845,2,2,1.0
,1845,3,0,0.9650395
,1846,0,0,0.6074415
,1846,1,0,0.60744244
,1846,2,0,0.9650394
,1846,3,2,1.0
,1847,0,0,0.6074417
,1847,1,0,0.60744166
,1847,2,2,1.0
,1847,3,0,0.9650395
,1848,0,0,0.60744464
,1848,1,0,0.60744387
,1848,2,0,0.9650394
,1848,3,2,1.0
,1849,0,0,0.60750407
,1849,1,0,0.60748726
,1849,2,2,1.0
,1849,3,0,0.9650312
,1850,0,0,0.6085103
,1850,1,0,0.60811275
,1850,2,0,0.96412385
,1850,3,2,1.0
,1851,0,0,0.61501455
,1851,1,0,0.6056972
,1851,2,3,1.0
,1851,3,0,0.96480566
,1852,0,0,0.8276778
,1852,1,0,0.60741115
,1852,2,0,0.9413266
,1852,3,2,1.0
,1853,0,2,1.0
,1853,1,0,0.60716504
,1853,2,0,0.621307
,1853,3,0,0.9650035
,1854,0,0,0.9650396
,1854,1,0,0.607416
,1854,2,0,0.60840434
,1854,3,2,1.0
,1855,0,2,1.0
,1855,1,0,0.6074165
,1855,2,0,0.6167333
,1855,3,0,0.96505755
,1856,0,0,0.89878666
,1856,1,0,0.60763067
,1856,2,0,0.827833
,1856,3,2,1.0
,1857,0,0,0.6195112
,1857,1,0,0.6071971
,1857,2,2,1.0
,1857,3,0,0.96500635
,1858,0,0,0.60794175
,1858,1,0,0.6074383
,1858,2,0,0.9650385
,1858,3,2,1.0
,1859,0,0,0.60745865
,1859,1,0,0.6078288
,1859,2,2,1.0
,1859,3,0,0.96504086
,1860,0,0,0.6074208
,1860,1,0,0.6167087
,1860,2,0,0.9650573
,1860,3,2,1.0
,1861,0,0,0.607673
,1861,1,0,0.8278002
,1861,2,2,1.0
,1861,3,0,0.89895445
,1862,0,0,0.60781646
,1862,1,2,1.0
,1862,2,0,0.9641009
,1862,3,0,0.6294178
,1863,0,0,0.60599625
,1863,1,0,0.8983979
,1863,2,3,0.9998462
,1863,3,0,0.8269143
,1864,0,0,0.6068493
,1864,1,0,0.6284147
,1864,2,0,0.98035765
,1864,3,2,1.0
,1865,0,0,0.6076255
,1865,1,0,0.8281415
,1865,2,2,1.0
,1865,3,0,0.898937
,1866,0,0,0.6075619
,1866,1,2,1.0
,1866,2,0,0.965026
,1866,3,0,0.6286704
,1867,0,0,0.6168903
,1867,1,0,0.8987723
,1867,2,2,1.0
,1867,3,0,0.8282193
,1868,0,0,0.8276826
,1868,1,0,0.61970484
,1868,2,0,0.8987081
,1868,3,2,1.0
,1869,0,2,1.0
,1869,1,0,0.6076968
,1869,2,0,0.61949843
,1869,3,0,0.965005
,1870,0,0,0.96503824
,1870,1,0,0.6074428
,1870,2,0,0.6079412
,1870,3,2,1.0
,1871,0,2,1.0
,1871,1,0,0.6074413
,1871,2,0,0.60746235
,1871,3,0,0.9650395
,1872,0,0,0.9650395
,1872,1,0,0.6074415
,1872,2,0,0.6074431
,1872,3,2,1.0
,1873,0,2,1.0
,1873,1,0,0.60744137
,1873,2,0,0.6074576
,1873,3,0,0.9650396
,1874,0,0,0.96504074
,1874,1,0,0.60743994
,1874,2,0,0.6078244
,1874,3,2,1.0
,1875,0,2,1.0
,1875,1,0,0.6074619
,1875,2,0,0.6165704
,1875,3,0,0.96505046
,1876,0,0,0.8992003
,1876,1,0,0.6083135
,1876,2,0,0.8241256
,1876,3,2,1.0
,1877,0,0,0.6271014
,1877,1,0,0.605434
,1877,2,3,1.0
,1877,3,0,0.96477056
,1878,0,0,0.8280576
,1878,1,0,0.60736
,1878,2,0,0.9434487
,1878,3,2,1.0
,1879,0,2,1.0
,1879,1,0,0.60737026
,1879,2,0,0.8360398
,1879,3,0,0.90214854
,1880,0,0,0.89896804
,1880,1,0,0.6080624
,1880,2,2,1.0
,1880,3,0,0.8313666
,1881,0,0,0.6179175
,1881,1,0,0.6054518
,1881,2,0,0.9647371
,1881,3,3,1.0
,1882,0,0,0.6076681
,1882,1,0,0.60712427
,1882,2,2,1.0
,1882,3,0,0.98035026
,1883,0,0,0.6079044
,1883,1,0,0.6074851
,1883,2,0,0.96503526
,1883,3,2,1.0
,1884,0,0,0.61746776
,1884,1,0,0.60806394
,1884,2,2,1.0
,1884,3,0,0.9641347
,1885,0,0,0.8266166
,1885,1,0,0.6060252
,1885,2,0,0.8984039
,1885,3,3,1.0
,1886,0,2,1.0
,1886,1,0,0.60685045
,1886,2,0,0.628415
,1886,3,0,0.98036
,1887,0,0,0.8987891
,1887,1,0,0.6076134
,1887,2,0,0.8281346
,1887,3,2,1.0
,1888,0,0,0.61952776
,1888,1,0,0.6071958
,1888,2,2,1.0
,1888,3,0,0.9650065
,1889,0,0,0.60833037
,1889,1,0,0.60741824
,1889,2,0,0.96503985
,1889,3,2,1.0
,1890,0,0,0.6167305
,1890,1,0,0.60741645
,1890,2,2,1.0
,1890,3,0,0.96505755
,1891,0,0,0.8278396
,1891,1,0,0.6076265
,1891,2,0,0.89893484
,1891,3,2,1.0
,1892,0,2,1.0
,1892,1,0,0.60717344
,1892,2,0,0.62866944
,1892,3,0,0.96502453
,1893,0,0,0.8987846
,1893,1,0,0.6076137
,1893,2,0,0.82813025
,1893,3,2,1.0
,1894,0,0,0.61955696
,1894,1,0,0.60724187
,1894,2,2,1.0
,1894,3,0,0.9649979
,1895,0,0,0.6086223
,1895,1,0,0.6081019
,1895,2,0,0.96412134
,1895,3,2,1.0
,1896,0,0,0.6057713
,1896,1,0,0.60573244
,1896,2,3,1.0
,1896,3,0,0.96477413
,1897,0,0,0.6075347
,1897,1,0,0.60714144
,1897,2,0,0.9803511
,1897,3,2,1.0
,1898,0,0,0.6167145
,1898,1,0,0.6074222
,1898,2,2,1.0
,1898,3,0,0.9650599
,1899,0,0,0.8278395
,1899,1,0,0.607627
,1899,2,0,0.898935
,1899,3,2,1.0
,1900,0,2,1.0
,1900,1,0,0.6071705
,1900,2,0,0.62867075
,1900,3,0,0.96502537
,1901,0,0,0.90228534
,1901,1,0,0.60758317
,1901,2,0,0.82820827
,1901,3,2,1.0
,1902,0,0,0.83496803
,1902,1,0,0.60738134
,1902,2,2,1.0
,1902,3,0,0.8988491
,1903,0,2,1.0
,1903,1,0,0.6072073
,1903,2,0,0.9650173
,1903,3,0,0.62852824
,1904,0,0,0.8990495
,1904,1,0,0.6083029
,1904,2,2,1.0
,1904,3,0,0.8244243
,1905,0,0,0.6179474
,1905,1,0,0.60547346
,1905,2,0,0.96473825
,1905,3,3,1.0
,1906,0,0,0.608087
,1906,1,0,0.60716295
,1906,2,2,1.0
,1906,3,0,0.98034674
,1907,0,0,0.6174924
,1907,1,0,0.6080606
,1907,2,0,0.9641377
,1907,3,2,1.0
,1908,0,0,0.82675064
,1908,1,0,0.6059832
,1908,2,3,1.0
,1908,3,0,0.9017704
,1909,0,2,1.0
,1909,1,0,0.60716295
,1909,2,0,0.94342065
,1909,3,0,0.8348722
,1910,0,0,0.89895993
,1910,1,0,0.6080288
,1910,2,0,0.8324237
,1910,3,2,1.0
,1911,0,0,0.61791575
,1911,1,0,0.60544974
,1911,2,3,1.0
,1911,3,0,0.964737
,1912,0,0,0.60764945
,1912,1,0,0.6071223
,1912,2,0,0.9803504
,1912,3,2,1.0
,1913,0,0,0.6074673
,1913,1,0,0.60744506
,1913,2,2,1.0
,1913,3,0,0.9650417
,1914,0,0,0.6074455
,1914,1,0,0.60744447
,1914,2,0,0.9650394
,1914,3,2,1.0
,1915,0,0,0.60748875
,1915,1,0,0.607488
,1915,2,2,1.0
,1915,3,0,0.9650311
,1916,0,0,0.60813785
,1916,1,0,0.60812104
,1916,2,0,0.9641227
,1916,3,2,1.0
,1917,0,0,0.6061239
,1917,1,0,0.6057306
,1917,2,3,1.0
,1917,3,0,0.96477586
,1918,0,0,0.6164159
,1918,1,0,0.6071228
,1918,2,0,0.98036
,1918,3,2,1.0
,1919,0,0,0.82783556
,1919,1,0,0.60763425
,1919,2,2,1.0
,1919,3,0,0.8987982
,1920,0,2,1.0
,1920,1,0,0.6071931
,1920,2,0,0.9650079
,1920,3,0,0.61989594
,1921,0,0,0.96505725
,1921,1,0,0.60739565
,1921,2,2,1.0
,1921,3,0,0.6172073
,1922,0,2,1.0
,1922,1,0,0.6076043
,1922,2,0,0.9022877
,1922,3,0,0.82792073
,1923,0,0,0.89872164
,1923,1,0,0.60743296
,1923,2,0,0.83492255
,1923,3,2,1.0
,1924,0,0,0.6201803
,1924,1,0,0.60786325
,1924,2,2,1.0
,1924,3,0,0.96408844
,1925,0,0,0.6062318
,1925,1,0,0.6057043
,1925,2,0,0.9647716
,1925,3,3,1.0
,1926,0,0,0.6071819
,1926,1,0,0.6071431
,1926,2,2,1.0
,1926,3,0,0.9803504
,1927,0,0,0.60783565
,1927,1,0,0.6074423
,1927,2,0,0.96504307
,1927,3,2,1.0
,1928,0,0,0.61671084
,1928,1,0,0.60741776
,1928,2,2,1.0
,1928,3,0,0.96505827
,1929,0,0,0.82787895
,1929,1,0,0.60764474
,1929,2,0,0.90223676
,1929,3,2,1.0
,1930,0,2,1.0
,1930,1,0,0.60801613
,1930,2,0,0.8314141
,1930,3,0,0.90249705
,1931,0,0,0.89815944
,1931,1,0,0.60573834
,1931,2,3,1.0
,1931,3,0,0.83382314
,1932,0,0,0.61929506
,1932,1,0,0.60690504
,1932,2,0,0.9803455
,1932,3,2,1.0
,1933,0,0,0.60862756
,1933,1,0,0.6081046
,1933,2,2,1.0
,1933,3,0,0.9641236
,1934,0,0,0.6057585
,1934,1,0,0.60573614
,1934,2,0,0.9647739
,1934,3,3,1.0
,1935,0,0,0.6071924
,1935,1,0,0.60719144
,1935,2,2,1.0
,1935,3,0,0.9803456
,1936,0,0,0.6081296
,1936,1,0,0.6081295
,1936,2,0,0.9641248
,1936,3,2,1.0
,1937,0,0,0.60578376
,1937,1,0,0.60578376
,1937,2,3,1.0
,1937,3,0,0.9647641
,1938,0,0,0.60782367
,1938,1,0,0.60782367
,1938,2,0,0.9798279
,1938,3,2,1.0
,1939,0,0,0.605724
,1939,1,0,0.60572404
,1939,2,3,1.0
,1939,3,0,0.9647745
,1940,0,0,0.60714483
,1940,1,0,0.60714483
,1940,2,0,0.9803504
,1940,3,2,1.0
,1941,0,0,0.6074462
,1941,1,0,0.6074462
,1941,2,2,1.0
,1941,3,0,0.9650417
,1942,0,0,0.60744214
,1942,1,0,0.60744214
,1942,2,0,0.9650396
,1942,3,2,1.0
,1943,0,0,0.6074416
,1943,1,0,0.6074416
,1943,2,2,1.0
,1943,3,0,0.9650395
,1944,0,0,0.6074415
,1944,1,0,0.6074415
,1944,2,0,0.9650394
,1944,3,2,1.0
,1945,0,0,0.6074415
,1945,1,0,0.6074415
,1945,2,2,1.0
,1945,3,0,0.9650395
,1946,0,0,0.6074415
,1946,1,0,0.6074415
,1946,2,0,0.9650394
,1946,3,2,1.0
,1947,0,0,0.6074415
,1947,1,0,0.6074415
,1947,2,2,1.0
,1947,3,0,0.9650395
,1948,0,0,0.6074415
,1948,1,0,0.6074415
,1948,2,0,0.9650394
,1948,3,2,1.0
,1949,0,0,0.6074415
,1949,1,0,0.6074415
,1949,2,2,1.0
,1949,3,0,0.9650395
,1950,0,0,0.6074415
,1950,1,0,0.6074415
,1950,2,0,0.9650394
,1950,3,2,1.0
,1951,0,0,0.60744166
,1951,1,0,0.60744166
,1951,2,2,1.0
,1951,3,0,0.9650395
,1952,0,0,0.60744387
,1952,1,0,0.607444
,1952,2,0,0.9650394
,1952,3,2,1.0
,1953,0,0,0.6074879
,1953,1,0,0.6074879
,1953,2,2,1.0
,1953,3,0,0.9650311
,1954,0,0,0.60812145
,1954,1,0,0.60812145
,1954,2,0,0.9641227
,1954,3,2,1.0
,1955,0,0,0.6057344
,1955,1,0,0.6057344
,1955,2,3,1.0
,1955,3,0,0.96477413
,1956,0,0,0.6071476
,1956,1,0,0.6071476
,1956,2,0,0.98035014
,1956,3,2,1.0
,1957,0,0,0.6074928
,1957,1,0,0.6074928
,1957,2,2,1.0
,1957,3,0,0.9650333
,1958,0,0,0.60812515
,1958,1,0,0.60812515
,1958,2,0,0.9641225
,1958,3,2,1.0
,1959,0,0,0.60578287
,1959,1,0,0.60578287
,1959,2,3,1.0
,1959,3,0,0.964764
,1960,0,0,0.60782665
,1960,1,0,0.6078266
,1960,2,0,0.9798279
,1960,3,2,1.0
,1961,0,0,0.60577327
,1961,1,0,0.6057725
,1961,2,3,1.0
,1961,3,0,0.96476436
,1962,0,0,0.6078427
,1962,1,0,0.60782564
,1962,2,0,0.9798279
,1962,3,2,1.0
,1963,0,0,0.60616434
,1963,1,0,0.60576576
,1963,2,3,1.0
,1963,3,0,0.9647667
,1964,0,0,0.6171723
,1964,1,0,0.6077598
,1964,2,0,0.97983444
,1964,3,2,1.0
,1965,0,0,0.8267444
,1965,1,0,0.6059695
,1965,2,3,1.0
,1965,3,0,0.90177125
,1966,0,2,1.0
,1966,1,0,0.6071153
,1966,2,0,0.9434512
,1966,3,0,0.83490777
,1967,0,0,0.89869493
,1967,1,0,0.60733944
,1967,2,0,0.83600014
,1967,3,2,1.0
,1968,0,0,0.61950785
,1968,1,0,0.60718465
,1968,2,2,1.0
,1968,3,0,0.96500635
,1969,0,0,0.60794425
,1969,1,0,0.60742396
,1969,2,0,0.965038
,1969,3,2,1.0
,1970,0,0,0.6075087
,1970,1,0,0.6074868
,1970,2,2,1.0
,1970,3,0,0.96503097
,1971,0,0,0.60812235
,1971,1,0,0.6081214
,1971,2,0,0.9641227
,1971,3,2,1.0
,1972,0,0,0.6057342
,1972,1,0,0.6057342
,1972,2,3,1.0
,1972,3,0,0.96477413
,1973,0,0,0.6071452
,1973,1,0,0.6071452
,1973,2,0,0.9803504
,1973,3,2,1.0
,1974,0,0,0.6074462
,1974,1,0,0.6074462
,1974,2,2,1.0
,1974,3,0,0.9650417
,1975,0,0,0.60744214
,1975,1,0,0.60744214
,1975,2,0,0.9650396
,1975,3,2,1.0
,1976,0,0,0.6074416
,1976,1,0,0.6074416
,1976,2,2,1.0
,1976,3,0,0.9650395
,1977,0,0,0.6074415
,1977,1,0,0.6074415
,1977,2,0,0.9650394
,1977,3,2,1.0
,1978,0,0,0.60744166
,1978,1,0,0.60744166
,1978,2,2,1.0
,1978,3,0,0.9650395
,1979,0,0,0.6074441
,1979,1,0,0.6074441
,1979,2,0,0.9650394
,1979,3,2,1.0
,1980,0,0,0.60749185
,1980,1,0,0.60749185
,1980,2,2,1.0
,1980,3,0,0.96503067
,1981,0,0,0.60819227
,1981,1,0,0.60819227
,1981,2,0,0.96411675
,1981,3,2,1.0
,1982,0,0,0.60645264
,1982,1,0,0.60645264
,1982,2,3,1.0
,1982,3,0,0.9638607
,1983,0,0,0.6052085
,1983,1,0,0.6052078
,1983,2,0,0.9803326
,1983,3,3,1.0
,1984,0,0,0.60715353
,1984,1,0,0.60713696
,1984,2,2,1.0
,1984,3,0,0.9803504
,1985,0,0,0.60783476
,1985,1,0,0.6074427
,1985,2,0,0.9650433
,1985,3,2,1.0
,1986,0,0,0.61670935
,1986,1,0,0.60742056
,1986,2,2,1.0
,1986,3,0,0.96505743
,1987,0,0,0.8278002
,1987,1,0,0.60767305
,1987,2,0,0.8989546
,1987,3,2,1.0
,1988,0,2,1.0
,1988,1,0,0.60781693
,1988,2,0,0.6294178
,1988,3,0,0.96410066
,1989,0,0,0.8982486
,1989,1,0,0.6060002
,1989,2,0,0.82690644
,1989,3,3,1.0
,1990,0,0,0.6192539
,1990,1,0,0.60687083
,1990,2,2,1.0
,1990,3,0,0.98035014
,1991,0,0,0.60795015
,1991,1,0,0.6074273
,1991,2,0,0.9650403
,1991,3,2,1.0
,1992,0,0,0.6075094
,1992,1,0,0.60748726
,1992,2,2,1.0
,1992,3,0,0.9650311
,1993,0,0,0.6081224
,1993,1,0,0.6081214
,1993,2,0,0.9641227
,1993,3,2,1.0
,1994,0,0,0.60573435
,1994,1,0,0.6057342
,1994,2,3,1.0
,1994,3,0,0.96477413
,1995,0,0,0.6071453
,1995,1,0,0.6071453
,1995,2,0,0.9803504
,1995,3,2,1.0
,1996,0,0,0.6074486
,1996,1,0,0.6074486
,1996,2,2,1.0
,1996,3,0,0.9650416
,1997,0,0,0.6074886
,1997,1,0,0.6074886
,1997,2,0,0.9650311
,1997,3,2,1.0
,1998,0,0,0.60812163
,1998,1,0,0.6081217
,1998,2,2,1.0
,1998,3,0,0.9641226
,1999,0,0,0.6057366
,1999,1,0,0.6057366
,1999,2,0,0.9647739
,1999,3,3,1.0
,2000,0,0,0.60719144
,2000,1,0,0.6071914
,2000,2,2,1.0
,2000,3,0,0.9803456
,2001,0,0,0.60813016
,2001,1,0,0.60812944
,2001,2,0,0.9641248
,2001,3,2,1.0
,2002,0,0,0.6058
,2002,1,0,0.60578316
,2002,2,3,1.0
,2002,3,0,0.96476424
,2003,0,0,0.6082126
,2003,1,0,0.607815
,2003,2,0,0.9798286
,2003,3,2,1.0
,2004,0,0,0.61500454
,2004,1,0,0.60569006
,2004,2,3,1.0
,2004,3,0,0.96480614
,2005,0,0,0.82768464
,2005,1,0,0.60748446
,2005,2,0,0.94140184
,2005,3,2,1.0
,2006,0,2,1.0
,2006,1,0,0.60898876
,2006,2,0,0.6289433
,2006,3,0,0.9650226
,2007,0,0,0.9146401
,2007,1,0,0.6513891
,2007,2,0,0.7924854
,2007,3,2,1.0
,2008,0,0,0.50836635
,2008,1,1,0.5121406
,2008,2,3,1.0
,2008,3,1,0.9596113
,2009,0,0,0.63556874
,2009,1,0,0.63469225
,2009,2,0,0.96356475
,2009,3,2,1.0
,2010,0,1,0.501035
,2010,1,1,0.5011001
,2010,2,2,1.0
,2010,3,1,0.5026103
,2011,0,0,0.59486544
,2011,1,0,0.59486246
,2011,2,0,0.9639834
,2011,3,3,1.0
,2012,0,0,0.60832846
,2012,1,0,0.6083284
,2012,2,2,1.0
,2012,3,0,0.980351
,2013,0,0,0.650095
,2013,1,0,0.650095
,2013,2,0,0.932519
,2013,3,2,1.0
,2014,0,1,0.5090612
,2014,1,1,0.5090612
,2014,2,2,1.0
,2014,3,1,0.74810654
,2015,0,0,0.63638586
,2015,1,0,0.63638586
,2015,2,0,0.934607
,2015,3,2,1.0
,2016,0,1,0.5025943
,2016,1,1,0.5025943
,2016,2,2,1.0
,2016,3,1,0.5006354
,2017,0,0,0.59808844
,2017,1,0,0.59808844
,2017,2,0,0.9644531
,2017,3,2,1.0
,2018,0,0,0.60698587
,2018,1,0,0.60698587
,2018,2,2,1.0
,2018,3,0,0.96501744
,2019,0,0,0.60810095
,2019,1,0,0.60810095
,2019,2,0,0.96412224
,2019,3,2,1.0
,2020,0,0,0.60578156
,2020,1,0,0.60578156
,2020,2,3,1.0
,2020,3,0,0.964764
,2021,0,0,0.60782343
,2021,1,0,0.60782355
,2021,2,0,0.9798279
,2021,3,2,1.0
,2022,0,0,0.605724
,2022,1,0,0.605724
,2022,2,3,1.0
,2022,3,0,0.9647745
,2023,0,0,0.60714483
,2023,1,0,0.60714483
,2023,2,0,0.9803504
,2023,3,2,1.0
,2024,0,0,0.6074462
,2024,1,0,0.6074462
,2024,2,2,1.0
,2024,3,0,0.9650417
,2025,0,0,0.60744214
,2025,1,0,0.60744214
,2025,2,0,0.9650396
,2025,3,2,1.0
,2026,0,0,0.6074416
,2026,1,0,0.6074416
,2026,2,2,1.0
,2026,3,0,0.9650395
,2027,0,0,0.6074415
,2027,1,0,0.6074415
,2027,2,0,0.9650394
,2027,3,2,1.0
,2028,0,0,0.6074416
,2028,1,0,0.60744166
,2028,2,2,1.0
,2028,3,0,0.9650395
,2029,0,0,0.60744387
,2029,1,0,0.60744387
,2029,2,0,0.9650394
,2029,3,2,1.0
,2030,0,0,0.6074879
,2030,1,0,0.6074879
,2030,2,2,1.0
,2030,3,0,0.9650311
,2031,0,0,0.60812145
,2031,1,0,0.60812145
,2031,2,0,0.9641227
,2031,3,2,1.0
,2032,0,0,0.6057342
,2032,1,0,0.6057342
,2032,2,3,1.0
,2032,3,0,0.96477413
,2033,0,0,0.6071453
,2033,1,0,0.6071453
,2033,2,0,0.9803504
,2033,3,2,1.0
,2034,0,0,0.6074486
,2034,1,0,0.6074486
,2034,2,2,1.0
,2034,3,0,0.96504146
,2035,0,0,0.6074886
,2035,1,0,0.6074885
,2035,2,0,0.9650311
,2035,3,2,1.0
,2036,0,0,0.60812145
,2036,1,0,0.60812145
,2036,2,2,1.0
,2036,3,0,0.9641226
,2037,0,0,0.6057344
,2037,1,0,0.6057344
,2037,2,0,0.96477413
,2037,3,3,1.0
,2038,0,0,0.60714835
,2038,1,0,0.60714835
,2038,2,2,1.0
,2038,3,0,0.9803504
,2039,0,0,0.60752285
,2039,1,0,0.6075229
,2039,2,0,0.9650424
,2039,3,2,1.0
,2040,0,0,0.6092825
,2040,1,0,0.60928243
,2040,2,2,1.0
,2040,3,0,0.9650432
,2041,0,0,0.6511387
,2041,1,0,0.6511387
,2041,2,0,0.93122464
,2041,3,2,1.0
,2042,0,1,0.51391363
,2042,1,1,0.5139137
,2042,2,2,1.0
,2042,3,1,0.9592566
,2043,0,0,0.59591067
,2043,1,0,0.59591055
,2043,2,0,0.963223
,2043,3,2,1.0
,2044,0,0,0.60488313
,2044,1,0,0.60488313
,2044,2,3,1.0
,2044,3,0,0.9647318
,2045,0,0,0.60710317
,2045,1,0,0.60710317
,2045,2,0,0.98035014
,2045,3,2,1.0
,2046,0,0,0.6074908
,2046,1,0,0.6074908
,2046,2,2,1.0
,2046,3,0,0.9650333
,2047,0,0,0.6081251
,2047,1,0,0.60812503
,2047,2,0,0.9641225
,2047,3,2,1.0
,2048,0,0,0.6057827
,2048,1,0,0.6057827
,2048,2,3,1.0
,2048,3,0,0.964764
,2049,0,0,0.60782355
,2049,1,0,0.60782355
,2049,2,0,0.9798279
,2049,3,2,1.0
,2050,0,0,0.60572416
,2050,1,0,0.60572416
,2050,2,3,1.0
,2050,3,0,0.9647745
,2051,0,0,0.6071472
,2051,1,0,0.6071472
,2051,2,0,0.98035014
,2051,3,2,1.0
,2052,0,0,0.6074926
,2052,1,0,0.6074926
,2052,2,2,1.0
,2052,3,0,0.9650333
,2053,0,0,0.6081221
,2053,1,0,0.6081221
,2053,2,0,0.9641227
,2053,3,2,1.0
,2054,0,0,0.6057347
,2054,1,0,0.6057347
,2054,2,3,1.0
,2054,3,0,0.96477413
,2055,0,0,0.6071536
,2055,1,0,0.6071536
,2055,2,0,0.9803499
,2055,3,2,1.0
,2056,0,0,0.6076035
,2056,1,0,0.6076035
,2056,2,2,1.0
,2056,3,0,0.96500635
,2057,0,0,0.6094063
,2057,1,0,0.6094063
,2057,2,0,0.9031114
,2057,3,2,1.0
,2058,0,0,0.6022093
,2058,1,0,0.60220927
,2058,2,0,0.8321141
,2058,3,2,1.0
,2059,0,0,0.60696507
,2059,1,0,0.60696507
,2059,2,2,1.0
,2059,3,0,0.96499246
,2060,0,0,0.60809517
,2060,1,0,0.60809517
,2060,2,0,0.9641216
,2060,3,2,1.0
,2061,0,0,0.6057812
,2061,1,0,0.6057812
,2061,2,3,1.0
,2061,3,0,0.9647639
,2062,0,0,0.60782635
,2062,1,0,0.60782635
,2062,2,0,0.9798279
,2062,3,2,1.0
,2063,0,0,0.60579264
,2063,1,0,0.60579264
,2063,2,3,1.0
,2063,3,0,0.9647745
,2064,0,0,0.60876197
,2064,1,0,0.60876197
,2064,2,0,0.98034054
,2064,3,2,1.0
,2065,0,0,0.64480275
,2065,1,0,0.6448027
,2065,2,2,1.0
,2065,3,0,0.9575843
,2066,0,0,0.5045124
,2066,1,0,0.5045118
,2066,2,0,0.7145788
,2066,3,3,1.0
,2067,0,0,0.6005001
,2067,1,0,0.6004881
,2067,2,2,1.0
,2067,3,0,0.9803595
,2068,0,0,0.64278793
,2068,1,0,0.6425063
,2068,2,0,0.9430408
,2068,3,2,1.0
,2069,0,0,0.5726745
,2069,1,0,0.56821823
,2069,2,2,1.0
,2069,3,0,0.57067966
,2070,0,0,0.5813834
,2070,1,0,0.5232251
,2070,2,1,0.9519727
,2070,3,2,1.0
,2071,0,2,1.0
,2071,1,1,0.52547884
,2071,2,0,0.7025846
,2071,3,1,0.9612931
,2072,0,0,0.89804506
,2072,1,0,0.5995244
,2072,2,2,1.0
,2072,3,0,0.8067742
,2073,0,0,0.6177765
,2073,1,0,0.6049708
,2073,2,0,0.9647056
,2073,3,3,1.0
,2074,0,0,0.6083153
,2074,1,0,0.6077739
,2074,2,2,1.0
,2074,3,0,0.979828
,2075,0,0,0.6057442
,2075,1,0,0.60572106
,2075,2,0,0.96477437
,2075,3,3,1.0
,2076,0,0,0.607148
,2076,1,0,0.6071471
,2076,2,2,1.0
,2076,3,0,0.98035026
,2077,0,0,0.6074927
,2077,1,0,0.6074926
,2077,2,0,0.9650334
,2077,3,2,1.0
,2078,0,0,0.6081223
,2078,1,0,0.6081222
,2078,2,2,1.0
,2078,3,0,0.9641227
,2079,0,0,0.6057367
,2079,1,0,0.6057367
,2079,2,0,0.9647739
,2079,3,3,1.0
,2080,0,0,0.6071915
,2080,1,0,0.60719144
,2080,2,2,1.0
,2080,3,0,0.9803456
,2081,0,0,0.6081295
,2081,1,0,0.6081295
,2081,2,0,0.9641248
,2081,3,2,1.0
,2082,0,0,0.60578376
,2082,1,0,0.60578376
,2082,2,3,1.0
,2082,3,0,0.9647641
,2083,0,0,0.60782385
,2083,1,0,0.60782385
,2083,2,0,0.9798279
,2083,3,2,1.0
,2084,0,0,0.6057264
,2084,1,0,0.6057264
,2084,2,3,1.0
,2084,3,0,0.96477425
,2085,0,0,0.6071911
,2085,1,0,0.607191
,2085,2,0,0.9803457
,2085,3,2,1.0
,2086,0,0,0.6081295
,2086,1,0,0.6081295
,2086,2,2,1.0
,2086,3,0,0.9641248
,2087,0,0,0.60578376
,2087,1,0,0.60578376
,2087,2,0,0.964764
,2087,3,3,1.0
,2088,0,0,0.60782385
,2088,1,0,0.60782385
,2088,2,2,1.0
,2088,3,0,0.9798279
,2089,0,0,0.6057264
,2089,1,0,0.6057264
,2089,2,0,0.96477413
,2089,3,3,1.0
,2090,0,0,0.60719097
,2090,1,0,0.60719085
,2090,2,2,1.0
,2090,3,0,0.9803456
,2091,0,0,0.60812646
,2091,1,0,0.60812646
,2091,2,0,0.96412504
,2091,3,2,1.0
,2092,0,0,0.6057361
,2092,1,0,0.6057354
,2092,2,3,1.0
,2092,3,0,0.96477425
,2093,0,0,0.6071615
,2093,1,0,0.6071451
,2093,2,0,0.9803504
,2093,3,2,1.0
,2094,0,0,0.60783476
,2094,1,0,0.6074425
,2094,2,2,1.0
,2094,3,0,0.9650432
,2095,0,0,0.6167105
,2095,1,0,0.60741824
,2095,2,0,0.9650578
,2095,3,2,1.0
,2096,0,0,0.8278383
,2096,1,0,0.6076288
,2096,2,2,1.0
,2096,3,0,0.8989328
,2097,0,2,1.0
,2097,1,0,0.607218
,2097,2,0,0.9650173
,2097,3,0,0.62853193
,2098,0,0,0.89904916
,2098,1,0,0.6083033
,2098,2,2,1.0
,2098,3,0,0.8244244
,2099,0,0,0.6179312
,2099,1,0,0.60547394
,2099,2,0,0.964738
,2099,3,3,1.0
,2100,0,0,0.6076963
,2100,1,0,0.60716957
,2100,2,2,1.0
,2100,3,0,0.9803456
,2101,0,0,0.6081474
,2101,1,0,0.60812515
,2101,2,0,0.9641248
,2101,3,2,1.0
,2102,0,0,0.6057363
,2102,1,0,0.6057354
,2102,2,3,1.0
,2102,3,0,0.96477425
,2103,0,0,0.60714775
,2103,1,0,0.60714763
,2103,2,0,0.98035014
,2103,3,2,1.0
,2104,0,0,0.60749286
,2104,1,0,0.60749286
,2104,2,2,1.0
,2104,3,0,0.9650333
,2105,0,0,0.6081258
,2105,1,0,0.6081251
,2105,2,0,0.9641225
,2105,3,2,1.0
,2106,0,0,0.60579896
,2106,1,0,0.60578215
,2106,2,3,1.0
,2106,3,0,0.9647641
,2107,0,0,0.6082126
,2107,1,0,0.60781485
,2107,2,0,0.9798286
,2107,3,2,1.0
,2108,0,0,0.6150067
,2108,1,0,0.6056847
,2108,2,3,1.0
,2108,3,0,0.96480656
,2109,0,0,0.8277566
,2109,1,0,0.6073786
,2109,2,0,0.94344896
,2109,3,2,1.0
,2110,0,2,1.0
,2110,1,0,0.6073241
,2110,2,0,0.8360745
,2110,3,0,0.90219975
,2111,0,0,0.898703
,2111,1,0,0.6073728
,2111,2,2,1.0
,2111,3,0,0.83496034
,2112,0,0,0.6195078
,2112,1,0,0.6071855
,2112,2,0,0.96500623
,2112,3,2,1.0
,2113,0,0,0.6079451
,2113,1,0,0.6074248
,2113,2,2,1.0
,2113,3,0,0.96503836
,2114,0,0,0.60753846
,2114,1,0,0.6075165
,2114,2,0,0.9650401
,2114,3,2,1.0
,2115,0,0,0.6092686
,2115,1,0,0.60926765
,2115,2,2,1.0
,2115,3,0,0.9650418
,2116,0,0,0.65074295
,2116,1,0,0.65074295
,2116,2,0,0.9563382
,2116,3,2,1.0
,2117,0,1,0.5111948
,2117,1,1,0.5111948
,2117,2,3,1.0
,2117,3,1,0.75675905
,2118,0,0,0.59222573
,2118,1,0,0.59222573
,2118,2,0,0.9803366
,2118,3,3,1.0
,2119,0,0,0.6063942
,2119,1,0,0.6063942
,2119,2,2,1.0
,2119,3,0,0.9803505
,2120,0,0,0.60741067
,2120,1,0,0.60741067
,2120,2,0,0.9650412
,2120,3,2,1.0
,2121,0,0,0.60744077
,2121,1,0,0.6074407
,2121,2,2,1.0
,2121,3,0,0.9650395
,2122,0,0,0.60744464
,2122,1,0,0.60744387
,2122,2,0,0.9650394
,2122,3,2,1.0
,2123,0,0,0.60750407
,2123,1,0,0.60748726
,2123,2,2,1.0
,2123,3,0,0.9650312
,2124,0,0,0.6085103
,2124,1,0,0.60811275
,2124,2,0,0.96412385
,2124,3,2,1.0
,2125,0,0,0.6150147
,2125,1,0,0.60569704
,2125,2,3,1.0
,2125,3,0,0.9648058
,2126,0,0,0.82768357
,2126,1,0,0.6074091
,2126,2,0,0.94141525
,2126,3,2,1.0
,2127,0,2,1.0
,2127,1,0,0.6071871
,2127,2,0,0.6302946
,2127,3,0,0.96501434
,2128,0,0,0.89905006
,2128,1,0,0.608304
,2128,2,0,0.82446873
,2128,3,2,1.0
,2129,0,0,0.61797684
,2129,1,0,0.60551995
,2129,2,3,1.0
,2129,3,0,0.964728
,2130,0,0,0.6083315
,2130,1,0,0.60780495
,2130,2,0,0.9798279
,2130,3,2,1.0
,2131,0,0,0.6057973
,2131,1,0,0.60577476
,2131,2,3,1.0
,2131,3,0,0.9647637
,2132,0,0,0.6078945
,2132,1,0,0.6078935
,2132,2,0,0.9798246
,2132,3,2,1.0
,2133,0,0,0.6064426
,2133,1,0,0.6064426
,2133,2,3,1.0
,2133,3,0,0.96386105
,2134,0,0,0.6052099
,2134,1,0,0.6052099
,2134,2,0,0.9803326
,2134,3,3,1.0
,2135,0,0,0.60718346
,2135,1,0,0.60718346
,2135,2,2,1.0
,2135,3,0,0.9803456
,2136,0,0,0.6081295
,2136,1,0,0.6081295
,2136,2,0,0.9641248
,2136,3,2,1.0
,2137,0,0,0.60578364
,2137,1,0,0.60578364
,2137,2,3,1.0
,2137,3,0,0.9647641
,2138,0,0,0.6078222
,2138,1,0,0.6078222
,2138,2,0,0.9798286
,2138,3,2,1.0
,2139,0,0,0.60572827
,2139,1,0,0.60572827
,2139,2,3,0.99854267
,2139,3,0,0.9647751
,2140,0,0,0.6071541
,2140,1,0,0.6071541
,2140,2,0,0.9803275
,2140,3,2,1.0
,2141,0,0,0.6076091
,2141,1,0,0.6076091
,2141,2,2,1.0
,2141,3,0,0.9650056
,2142,0,0,0.6095013
,2142,1,0,0.6095013
,2142,2,0,0.9030771
,2142,3,2,1.0
,2143,0,0,0.60287553
,2143,1,0,0.60287553
,2143,2,0,0.828401
,2143,3,2,1.0
,2144,0,0,0.60585535
,2144,1,0,0.6058554
,2144,2,3,1.0
,2144,3,0,0.963812
,2145,0,0,0.60516506
,2145,1,0,0.60516506
,2145,2,0,0.9803326
,2145,3,3,1.0
,2146,0,0,0.6071811
,2146,1,0,0.607181
,2146,2,2,1.0
,2146,3,0,0.9803456
,2147,0,0,0.60812944
,2147,1,0,0.60812944
,2147,2,0,0.9641248
,2147,3,2,1.0
,2148,0,0,0.60578376
,2148,1,0,0.60578376
,2148,2,3,1.0
,2148,3,0,0.9647641
,2149,0,0,0.60782385
,2149,1,0,0.60782385
,2149,2,0,0.9798279
,2149,3,2,1.0
,2150,0,0,0.6057264
,2150,1,0,0.6057264
,2150,2,3,1.0
,2150,3,0,0.96477425
,2151,0,0,0.60719097
,2151,1,0,0.60719085
,2151,2,0,0.9803457
,2151,3,2,1.0
,2152,0,0,0.60812646
,2152,1,0,0.60812646
,2152,2,2,1.0
,2152,3,0,0.9641249
,2153,0,0,0.6057361
,2153,1,0,0.6057354
,2153,2,0,0.96477437
,2153,3,3,1.0
,2154,0,0,0.6071615
,2154,1,0,0.60714513
,2154,2,2,1.0
,2154,3,0,0.9803504
,2155,0,0,0.6078347
,2155,1,0,0.6074457
,2155,2,0,0.96504307
,2155,3,2,1.0
,2156,0,0,0.61670935
,2156,1,0,0.6074957
,2156,2,2,1.0
,2156,3,0,0.965058
,2157,0,0,0.82782805
,2157,1,0,0.60947835
,2157,2,0,0.90049624
,2157,3,2,1.0
,2158,0,2,1.0
,2158,1,0,0.6507883
,2158,2,0,0.7241472
,2158,3,0,0.91597986
,2159,0,1,0.7245104
,2159,1,0,0.53797483
,2159,2,2,1.0
,2159,3,0,0.6222783
,2160,0,1,0.5291471
,2160,1,1,0.5189822
,2160,2,1,0.5254201
,2160,3,2,1.0
,2161,0,0,0.8210758
,2161,1,0,0.599534
,2161,2,2,1.0
,2161,3,0,0.89887667
,2162,0,2,1.0
,2162,1,0,0.65289193
,2162,2,0,0.9153088
,2162,3,0,0.71568674
,2163,0,1,0.85531634
,2163,1,0,0.53527635
,2163,2,0,0.5555345
,2163,3,2,1.0
,2164,0,2,1.0
,2164,1,0,0.5265121
,2164,2,0,0.52810436
,2164,3,1,0.6925956
,2165,0,1,0.86137694
,2165,1,0,0.524008
,2165,2,0,0.52448094
,2165,3,2,1.0
,2166,0,2,1.0
,2166,1,0,0.5236421
,2166,2,0,0.5281673
,2166,3,1,0.8618796
,2167,0,1,0.95573497
,2167,1,0,0.5197992
,2167,2,0,0.5777591
,2167,3,2,1.0
,2168,0,1,0.5593355
,2168,1,1,0.5223267
,2168,2,2,1.0
,2168,3,1,0.8965089
,2169,0,0,0.6406382
,2169,1,0,0.64189434
,2169,2,0,0.9308218
,2169,3,2,1.0
,2170,0,0,0.5396926
,2170,1,0,0.5355724
,2170,2,2,1.0
,2170,3,1,0.85535187
,2171,0,0,0.5791636
,2171,1,0,0.52451277
,2171,2,1,0.8854333
,2171,3,2,1.0
,2172,0,2,1.0
,2172,1,0,0.5198278
,2172,2,0,0.5075624
,2172,3,1,0.91339463
,2173,0,1,0.9040144
,2173,1,1,0.5235073
,2173,2,0,0.7271182
,2173,3,3,1.0
,2174,0,0,0.5785938
,2174,1,0,0.59554833
,2174,2,3,1.0
,2174,3,0,0.9803428
,2175,0,0,0.64972883
,2175,1,0,0.6504133
,2175,2,0,0.9607386
,2175,3,2,1.0
,2176,0,1,0.51234907
,2176,1,1,0.51229584
,2176,2,2,1.0
,2176,3,1,0.9591759
,2177,0,0,0.63538116
,2177,1,0,0.6353834
,2177,2,0,0.93438804
,2177,3,2,1.0
,2178,0,1,0.50264823
,2178,1,1,0.5026482
,2178,2,2,1.0
,2178,3,1,0.50080186
,2179,0,0,0.60006696
,2179,1,0,0.6000645
,2179,2,0,0.96445817
,2179,3,2,1.0
,2180,0,0,0.6535834
,2180,1,0,0.6535268
,2180,2,2,1.0
,2180,3,0,0.93148714
,2181,0,0,0.5316179
,2181,1,0,0.5308164
,2181,2,1,0.9116936
,2181,3,2,1.0
,2182,0,1,0.51339805
,2182,1,1,0.52370435
,2182,2,3,1.0
,2182,3,1,0.9596331
,2183,0,0,0.81995565
,2183,1,0,0.5949985
,2183,2,0,0.94149923
,2183,3,2,1.0
,2184,0,2,1.0
,2184,1,0,0.60641617
,2184,2,0,0.63025725
,2184,3,0,0.96499604
,2185,0,0,0.89878184
,2185,1,0,0.60757375
,2185,2,0,0.82816815
,2185,3,2,1.0
,2186,0,0,0.6195109
,2186,1,0,0.6071939
,2186,2,2,1.0
,2186,3,0,0.96500635
,2187,0,0,0.607942
,2187,1,0,0.60742193
,2187,2,0,0.96503824
,2187,3,2,1.0
,2188,0,0,0.60746235
,2188,1,0,0.6074404
,2188,2,2,1.0
,2188,3,0,0.9650395
,2189,0,0,0.60744244
,2189,1,0,0.6074415
,2189,2,0,0.9650396
,2189,3,2,1.0
,2190,0,0,0.6074416
,2190,1,0,0.6074415
,2190,2,2,1.0
,2190,3,0,0.9650395
,2191,0,0,0.6074415
,2191,1,0,0.6074415
,2191,2,0,0.9650394
,2191,3,2,1.0
,2192,0,0,0.6074415
,2192,1,0,0.6074415
,2192,2,2,1.0
,2192,3,0,0.9650395
,2193,0,0,0.6074416
,2193,1,0,0.6074415
,2193,2,0,0.9650394
,2193,3,2,1.0
,2194,0,0,0.6074417
,2194,1,0,0.6074417
,2194,2,2,1.0
,2194,3,0,0.9650395
,2195,0,0,0.6074447
,2195,1,0,0.6074447
,2195,2,0,0.9650396
,2195,3,2,1.0
,2196,0,0,0.6075177
,2196,1,0,0.6075177
,2196,2,2,1.0
,2196,3,0,0.96503997
,2197,0,0,0.6092679
,2197,1,0,0.6092679
,2197,2,0,0.96504074
,2197,3,2,1.0
,2198,0,0,0.650696
,2198,1,0,0.650696
,2198,2,2,1.0
,2198,3,0,0.935405
,2199,0,0,0.545106
,2199,1,0,0.545106
,2199,2,1,0.66948164
,2199,3,2,1.0
,2200,0,0,0.5204577
,2200,1,0,0.52045774
,2200,2,2,1.0
,2200,3,1,0.9786932
,2201,0,1,0.5210633
,2201,1,1,0.5210634
,2201,2,1,0.5345706
,2201,3,2,1.0
,2202,0,0,0.5933802
,2202,1,0,0.5933802
,2202,2,3,1.0
,2202,3,0,0.9638999
,2203,0,0,0.60712504
,2203,1,0,0.607125
,2203,2,0,0.97982836
,2203,3,2,1.0
,2204,0,0,0.6056887
,2204,1,0,0.6056887
,2204,2,3,1.0
,2204,3,0,0.96477324
,2205,0,0,0.6071892
,2205,1,0,0.6071891
,2205,2,0,0.9803457
,2205,3,2,1.0
,2206,0,0,0.60812646
,2206,1,0,0.60812646
,2206,2,2,1.0
,2206,3,0,0.9641249
,2207,0,0,0.6057385
,2207,1,0,0.6057386
,2207,2,0,0.96477437
,2207,3,3,1.0
,2208,0,0,0.60722184
,2208,1,0,0.60722184
,2208,2,2,1.0
,2208,3,0,0.9803506
,2209,0,0,0.6092835
,2209,1,0,0.6092835
,2209,2,0,0.9650442
,2209,3,2,1.0
,2210,0,0,0.6510202
,2210,1,0,0.6510202
,2210,2,2,1.0
,2210,3,0,0.93150455
,2211,0,1,0.51141983
,2211,1,1,0.51141983
,2211,2,1,0.8944598
,2211,3,2,1.0
,2212,0,0,0.6398952
,2212,1,0,0.6398952
,2212,2,2,1.0
,2212,3,0,0.9552657
,2213,0,1,0.5144303
,2213,1,1,0.5144303
,2213,2,1,0.8965141
,2213,3,3,1.0
,2214,0,0,0.5965799
,2214,1,0,0.5965799
,2214,2,2,1.0
,2214,3,0,0.98035705
,2215,0,0,0.6502716
,2215,1,0,0.6502715
,2215,2,0,0.9314671
,2215,3,2,1.0
,2216,0,1,0.5128868
,2216,1,1,0.5128878
,2216,2,2,1.0
,2216,3,1,0.89503217
,2217,0,0,0.5990465
,2217,1,0,0.5990259
,2217,2,0,0.90037686
,2217,3,2,1.0
,2218,0,0,0.643373
,2218,1,0,0.6429052
,2218,2,0,0.7982277
,2218,3,2,1.0
,2219,0,1,0.50044316
,2219,1,1,0.50712216
,2219,2,3,1.0
,2219,3,1,0.52180815
,2220,0,0,0.7862933
,2220,1,0,0.639518
,2220,2,0,0.9541132
,2220,3,2,1.0
,2221,0,3,1.0
,2221,1,1,0.51102436
,2221,2,0,0.7611828
,2221,3,1,0.76808053
,2222,0,0,0.9803498
,2222,1,0,0.5987537
,2222,2,2,1.0
,2222,3,0,0.5880253
,2223,0,2,1.0
,2223,1,0,0.6076396
,2223,2,0,0.96412754
,2223,3,0,0.6165802
,2224,0,0,0.8982542
,2224,1,0,0.6060094
,2224,2,3,1.0
,2224,3,0,0.8265849
,2225,0,0,0.6192542
,2225,1,0,0.6068713
,2225,2,0,0.98035014
,2225,3,2,1.0
,2226,0,0,0.60794777
,2226,1,0,0.607425
,2226,2,2,1.0
,2226,3,0,0.96504045
,2227,0,0,0.607463
,2227,1,0,0.60744095
,2227,2,0,0.9650396
,2227,3,2,1.0
,2228,0,0,0.6074425
,2228,1,0,0.6074415
,2228,2,2,1.0
,2228,3,0,0.9650395
,2229,0,0,0.60744226
,2229,1,0,0.60744226
,2229,2,0,0.9650394
,2229,3,2,1.0
,2230,0,0,0.6074555
,2230,1,0,0.60745555
,2230,2,2,1.0
,2230,3,0,0.9650387
,2231,0,0,0.6077325
,2231,1,0,0.6077325
,2231,2,0,0.96500444
,2231,3,2,1.0
,2232,0,0,0.61258096
,2232,1,0,0.61258096
,2232,2,2,1.0
,2232,3,0,0.9006763
,2233,0,0,0.67464685
,2233,1,0,0.67464685
,2233,2,2,1.0
,2233,3,0,0.6862586
,2234,0,3,0.5316014
,2234,1,0,1.0
,2234,2,0,1.0
,2234,3,0,1.0
,2235,0,0,0.972779
,2235,1,0,0.6186265
,2235,2,3,1.0
,2235,3,0,0.6190078
,2236,0,2,1.0
,2236,1,0,0.6076006
,2236,2,0,0.980356
,2236,3,0,0.61670625
,2237,0,0,0.89905787
,2237,1,0,0.60834545
,2237,2,2,1.0
,2237,3,0,0.82413226
,2238,0,0,0.61797816
,2238,1,0,0.6055228
,2238,2,0,0.9647281
,2238,3,3,1.0
,2239,0,0,0.60833144
,2239,1,0,0.60780483
,2239,2,2,1.0
,2239,3,0,0.9798279
,2240,0,0,0.60579324
,2240,1,0,0.6057707
,2240,2,0,0.96476424
,2240,3,3,1.0
,2241,0,0,0.607824
,2241,1,0,0.6078231
,2241,2,2,1.0
,2241,3,0,0.9798279
,2242,0,0,0.60572416
,2242,1,0,0.60572416
,2242,2,0,0.96477437
,2242,3,3,1.0
,2243,0,0,0.6071472
,2243,1,0,0.6071472
,2243,2,2,1.0
,2243,3,0,0.98035026
,2244,0,0,0.6074926
,2244,1,0,0.6074926
,2244,2,0,0.9650334
,2244,3,2,1.0
,2245,0,0,0.6081221
,2245,1,0,0.6081221
,2245,2,2,1.0
,2245,3,0,0.9641227
,2246,0,0,0.6057344
,2246,1,0,0.6057344
,2246,2,0,0.96477413
,2246,3,3,1.0
,2247,0,0,0.6071476
,2247,1,0,0.6071475
,2247,2,2,1.0
,2247,3,0,0.9803504
,2248,0,0,0.60750175
,2248,1,0,0.60750175
,2248,2,0,0.9650424
,2248,3,2,1.0
,2249,0,0,0.608787
,2249,1,0,0.6087858
,2249,2,2,1.0
,2249,3,0,0.96505046
,2250,0,0,0.6397876
,2250,1,0,0.6397606
,2250,2,0,0.94322026
,2250,3,2,1.0
,2251,0,0,0.5221516
,2251,1,0,0.5217231
,2251,2,2,1.0
,2251,3,0,0.72387457
,2252,0,0,0.60733324
,2252,1,0,0.59798664
,2252,2,0,0.96326685
,2252,3,3,1.0
,2253,0,0,0.8223736
,2253,1,0,0.605765
,2253,2,3,1.0
,2253,3,0,0.9436673
,2254,0,3,1.0
,2254,1,0,0.6059508
,2254,2,0,0.9436699
,2254,3,0,0.8311747
,2255,0,0,0.9415821
,2255,1,0,0.6060499
,2255,2,0,0.83111763
,2255,3,3,1.0
,2256,0,0,0.6208493
,2256,1,0,0.60643697
,2256,2,3,1.0
,2256,3,0,0.980322
,2257,0,0,0.64504224
,2257,1,0,0.6444556
,2257,2,0,0.97608536
,2257,3,2,1.0
,2258,0,0,0.5045281
,2258,1,0,0.5044855
,2258,2,3,1.0
,2258,3,0,0.71460515
,2259,0,0,0.59904325
,2259,1,0,0.5990407
,2259,2,0,0.9803485
,2259,3,2,1.0
,2260,0,0,0.60771203
,2260,1,0,0.60769516
,2260,2,2,1.0
,2260,3,0,0.9641138
,2261,0,0,0.6061028
,2261,1,0,0.6057093
,2261,2,0,0.9647755
,2261,3,3,1.0
,2262,0,0,0.61641514
,2262,1,0,0.60712147
,2262,2,2,1.0
,2262,3,0,0.9803601
,2263,0,0,0.82784176
,2263,1,0,0.6076303
,2263,2,0,0.8989402
,2263,3,2,1.0
,2264,0,2,1.0
,2264,1,0,0.607174
,2264,2,0,0.62867004
,2264,3,0,0.96502465
,2265,0,0,0.89879084
,2265,1,0,0.60761327
,2265,2,0,0.82813066
,2265,3,2,1.0
,2266,0,0,0.6199433
,2266,1,0,0.60723567
,2266,2,2,1.0
,2266,3,0,0.9649998
,2267,0,0,0.61796194
,2267,1,0,0.60804415
,2267,2,0,0.96413326
,2267,3,2,1.0
,2268,0,0,0.8266213
,2268,1,0,0.606028
,2268,2,3,1.0
,2268,3,0,0.89825493
,2269,0,2,1.0
,2269,1,0,0.6068741
,2269,2,0,0.98035014
,2269,3,0,0.61927277
,2270,0,0,0.965034
,2270,1,0,0.60746527
,2270,2,2,1.0
,2270,3,0,0.60838467
,2271,0,2,1.0
,2271,1,0,0.6080667
,2271,2,0,0.96413445
,2271,3,0,0.61748666
,2272,0,0,0.89827627
,2272,1,0,0.60608494
,2272,2,3,1.0
,2272,3,0,0.82655716
,2273,0,0,0.6199951
,2273,1,0,0.60761774
,2273,2,0,0.97982484
,2273,3,2,1.0
,2274,0,0,0.60694236
,2274,1,0,0.606413
,2274,2,3,1.0
,2274,3,0,0.9638582
,2275,0,0,0.60527617
,2275,1,0,0.60525274
,2275,2,0,0.98032725
,2275,3,3,1.0
,2276,0,0,0.6078327
,2276,1,0,0.60781527
,2276,2,2,1.0
,2276,3,0,0.9798279
,2277,0,0,0.6061085
,2277,1,0,0.6057228
,2277,2,0,0.9647762
,2277,3,3,1.0
,2278,0,0,0.61627537
,2278,1,0,0.60716534
,2278,2,2,1.0
,2278,3,0,0.98035645
,2279,0,0,0.82414997
,2279,1,0,0.6083309
,2279,2,0,0.90253943
,2279,3,2,1.0
,2280,0,3,1.0
,2280,1,0,0.60646415
,2280,2,0,0.83033746
,2280,3,0,0.9019442
,2281,0,0,0.9415651
,2281,1,0,0.60606587
,2281,2,3,1.0
,2281,3,0,0.83004904
,2282,0,0,0.6192497
,2282,1,0,0.6048193
,2282,2,0,0.9803324
,2282,3,3,1.0
,2283,0,0,0.60771966
,2283,1,0,0.6071094
,2283,2,2,1.0
,2283,3,0,0.98035014
,2284,0,0,0.60751677
,2284,1,0,0.6074916
,2284,2,0,0.9650332
,2284,3,2,1.0
,2285,0,0,0.60812336
,2285,1,0,0.6081384
,2285,2,2,1.0
,2285,3,0,0.9641227
,2286,0,0,0.60574687
,2286,1,0,0.60612386
,2286,2,0,0.964776
,2286,3,3,1.0
,2287,0,0,0.6075115
,2287,1,0,0.61641675
,2287,2,2,1.0
,2287,3,0,0.98036075
,2288,0,0,0.61691356
,2288,1,0,0.8279302
,2288,2,0,0.8989288
,2288,3,2,1.0
,2289,0,0,0.8277788
,2289,1,2,1.0
,2289,2,0,0.6288742
,2289,3,0,0.89884555
,2290,0,2,1.0
,2290,1,0,0.89869463
,2290,2,0,0.82806945
,2290,3,0,0.6288599
,2291,0,0,0.89872366
,2291,1,0,0.6197408
,2291,2,2,1.0
,2291,3,0,0.82794005
,2292,0,0,0.6201739
,2292,1,0,0.60837626
,2292,2,0,0.96408707
,2292,3,2,1.0
,2293,0,0,0.60627836
,2293,1,0,0.6057738
,2293,2,3,1.0
,2293,3,0,0.9647614
,2294,0,0,0.60784394
,2294,1,0,0.6078226
,2294,2,0,0.9798279
,2294,3,2,1.0
,2295,0,0,0.6057249
,2295,1,0,0.6057239
,2295,2,3,1.0
,2295,3,0,0.9647745
,2296,0,0,0.60714495
,2296,1,0,0.60714495
,2296,2,0,0.9803504
,2296,3,2,1.0
,2297,0,0,0.6074488
,2297,1,0,0.6074488
,2297,2,2,1.0
,2297,3,0,0.96504146
,2298,0,0,0.6074925
,2298,1,0,0.6074925
,2298,2,0,0.96503067
,2298,3,2,1.0
,2299,0,0,0.60819227
,2299,1,0,0.6081923
,2299,2,2,1.0
,2299,3,0,0.96411663
,2300,0,0,0.60645264
,2300,1,0,0.60645264
,2300,2,0,0.9638607
,2300,3,3,1.0
,2301,0,0,0.6052078
,2301,1,0,0.6052078
,2301,2,3,1.0
,2301,3,0,0.98033273
,2302,0,0,0.6071374
,2302,1,0,0.6071373
,2302,2,0,0.9803504
,2302,3,2,1.0
,2303,0,0,0.6074487
,2303,1,0,0.6074487
,2303,2,2,1.0
,2303,3,0,0.9650416
,2304,0,0,0.6074886
,2304,1,0,0.6074886
,2304,2,0,0.9650311
,2304,3,2,1.0
,2305,0,0,0.60812163
,2305,1,0,0.60812163
,2305,2,2,1.0
,2305,3,0,0.9641226
,2306,0,0,0.6057366
,2306,1,0,0.60573655
,2306,2,0,0.9647739
,2306,3,3,1.0
,2307,0,0,0.6071914
,2307,1,0,0.6071913
,2307,2,2,1.0
,2307,3,0,0.9803456
,2308,0,0,0.6081271
,2308,1,0,0.6081264
,2308,2,0,0.96412504
,2308,3,2,1.0
,2309,0,0,0.60575163
,2309,1,0,0.60573506
,2309,2,3,1.0
,2309,3,0,0.96477437
,2310,0,0,0.607534
,2310,1,0,0.60714144
,2310,2,0,0.9803511
,2310,3,2,1.0
,2311,0,0,0.6167157
,2311,1,0,0.6074195
,2311,2,2,1.0
,2311,3,0,0.96506053
,2312,0,0,0.8279136
,2312,1,0,0.60760033
,2312,2,0,0.90228856
,2312,3,2,1.0
,2313,0,2,1.0
,2313,1,0,0.6073568
,2313,2,0,0.835037
,2313,3,0,0.90220714
,2314,0,0,0.89870286
,2314,1,0,0.60737354
,2314,2,2,1.0
,2314,3,0,0.8349602
,2315,0,0,0.6195076
,2315,1,0,0.60718614
,2315,2,0,0.96500623
,2315,3,2,1.0
,2316,0,0,0.60794157
,2316,1,0,0.6074378
,2316,2,2,1.0
,2316,3,0,0.96503836
,2317,0,0,0.60745853
,2317,1,0,0.6078289
,2317,2,0,0.965041
,2317,3,2,1.0
,2318,0,0,0.60741836
,2318,1,0,0.61671007
,2318,2,2,1.0
,2318,3,0,0.96505827
,2319,0,0,0.6076543
,2319,1,0,0.82787925
,2319,2,0,0.9022365
,2319,3,2,1.0
,2320,0,0,0.6082469
,2320,1,2,1.0
,2320,2,0,0.8314171
,2320,3,0,0.9024965
,2321,0,0,0.6112428
,2321,1,0,0.8987571
,2321,2,3,1.0
,2321,3,0,0.83390105
,2322,0,0,0.7374319
,2322,1,0,0.65636694
,2322,2,0,0.95046663
,2322,3,2,1.0
,2323,0,2,1.0
,2323,1,0,0.573675
,2323,2,0,0.6599901
,2323,3,0,0.5021797
,2324,0,1,0.53938764
,2324,1,0,0.74922353
,2324,2,2,1.0
,2324,3,1,0.5088665
,2325,0,0,0.8219713
,2325,1,2,1.0
,2325,2,0,0.8980047
,2325,3,0,0.59980285
,2326,0,2,1.0
,2326,1,0,0.9650062
,2326,2,0,0.6284133
,2326,3,0,0.6068145
,2327,0,0,0.8990459
,2327,1,2,1.0
,2327,2,0,0.8244253
,2327,3,0,0.60867256
,2328,0,0,0.6179507
,2328,1,0,0.9647707
,2328,2,3,1.0
,2328,3,0,0.61475563
,2329,0,0,0.60933995
,2329,1,2,1.0
,2329,2,0,0.94260156
,2329,3,0,0.8277019
,2330,0,0,0.6412675
,2330,1,0,0.9109674
,2330,2,0,0.75013983
,2330,3,2,1.0
,2331,0,0,0.5249122
,2331,1,0,0.5367583
,2331,2,2,1.0
,2331,3,0,0.7242996
,2332,0,0,0.7922289
,2332,1,0,0.6396428
,2332,2,0,0.9116521
,2332,3,2,1.0
,2333,0,3,1.0
,2333,1,0,0.50841975
,2333,2,0,0.52409184
,2333,3,0,0.7137081
,2334,0,0,0.94968796
,2334,1,0,0.72968096
,2334,2,0,0.6369752
,2334,3,2,1.0
,2335,0,0,0.59358805
,2335,1,2,1.0
,2335,2,0,0.5535773
,2335,3,0,0.58681864
,2336,0,0,0.748135
,2336,1,1,0.55099714
,2336,2,1,0.5071239
,2336,3,2,1.0
,2337,0,2,1.0
,2337,1,0,0.5981455
,2337,2,0,0.60004663
,2337,3,0,0.9637125
,2338,0,0,0.96475667
,2338,1,0,0.605222
,2338,2,0,0.6054767
,2338,3,3,1.0
,2339,0,2,1.0
,2339,1,0,0.6085333
,2339,2,0,0.61263853
,2339,3,0,0.98035437
,2340,0,0,0.91111124
,2340,1,0,0.6412409
,2340,2,0,0.73840034
,2340,3,2,1.0
,2341,0,0,0.53593326
,2341,1,0,0.51717037
,2341,2,2,1.0
,2341,3,0,0.7205749
,2342,0,0,0.5977165
,2342,1,0,0.5968867
,2342,2,0,0.9641466
,2342,3,3,1.0
,2343,0,0,0.6066834
,2343,1,0,0.60664827
,2343,2,2,1.0
,2343,3,0,0.9803505
,2344,0,0,0.6074923
,2344,1,0,0.60749084
,2344,2,0,0.96504146
,2344,3,2,1.0
,2345,0,0,0.6090593
,2345,1,0,0.609058
,2345,2,2,1.0
,2345,3,0,0.96502215
,2346,0,0,0.6448201
,2346,1,0,0.64479196
,2346,2,0,0.9575817
,2346,3,2,1.0
,2347,0,0,0.5048615
,2347,1,0,0.50443804
,2347,2,3,1.0
,2347,3,0,0.7145948
,2348,0,0,0.60835344
,2348,1,0,0.59898156
,2348,2,0,0.9803639
,2348,3,2,1.0
,2349,0,0,0.8276606
,2349,1,0,0.607183
,2349,2,2,1.0
,2349,3,0,0.90226847
,2350,0,2,1.0
,2350,1,0,0.6073982
,2350,2,0,0.9022066
,2350,3,0,0.83503777
,2351,0,0,0.89926434
,2351,1,0,0.60884655
,2351,2,0,0.8350015
,2351,3,2,1.0
,2352,0,0,0.6543394
,2352,1,0,0.64249766
,2352,2,2,1.0
,2352,3,0,0.9427663
,2353,0,0,0.5615653
,2353,1,0,0.56076276
,2353,2,0,0.68501717
,2353,3,2,1.0
,2354,0,1,0.5101501
,2354,1,1,0.5101825
,2354,2,3,1.0
,2354,3,0,0.707521
,2355,0,0,0.6305617
,2355,1,0,0.63118106
,2355,2,0,0.9678715
,2355,3,2,1.0
,2356,0,0,0.5200816
,2356,1,0,0.52986056
,2356,2,2,1.0
,2356,3,0,0.7279626
,2357,0,0,0.60183215
,2357,1,0,0.8200372
,2357,2,0,0.89826447
,2357,3,2,1.0
,2358,0,0,0.6066586
,2358,1,3,1.0
,2358,2,0,0.62570655
,2358,3,0,0.9647202
,2359,0,0,0.64498574
,2359,1,0,0.9496343
,2359,2,0,0.79726607
,2359,3,2,1.0
,2360,0,0,0.5032477
,2360,1,0,0.52549595
,2360,2,3,1.0
,2360,3,0,0.71333545
,2361,0,0,0.59955484
,2361,1,0,0.60052174
,2361,2,0,0.9798319
,2361,3,2,1.0
,2362,0,0,0.6059698
,2362,1,0,0.60601115
,2362,2,3,1.0
,2362,3,0,0.96383667
,2363,0,0,0.6068011
,2363,1,0,0.6068029
,2363,2,0,0.9803223
,2363,3,3,1.0
,2364,0,0,0.6445555
,2364,1,0,0.64455557
,2364,2,2,1.0
,2364,3,0,0.97608757
,2365,0,0,0.50587815
,2365,1,0,0.50587815
,2365,2,0,0.71499616
,2365,3,3,1.0
,2366,0,0,0.63162446
,2366,1,0,0.63162446
,2366,2,2,1.0
,2366,3,0,0.9678668
,2367,0,0,0.521538
,2367,1,0,0.521538
,2367,2,0,0.72795707
,2367,3,2,1.0
,2368,0,0,0.6333488
,2368,1,0,0.6333488
,2368,2,2,1.0
,2368,3,0,0.9426799
,2369,0,0,0.52134657
,2369,1,0,0.52134657
,2369,2,0,0.7275734
,2369,3,2,1.0
,2370,0,0,0.63643837
,2370,1,0,0.6364384
,2370,2,2,1.0
,2370,3,0,0.94213045
,2371,0,0,0.5598864
,2371,1,0,0.5598864
,2371,2,0,0.6846983
,2371,3,2,1.0
,2372,0,1,0.5116593
,2372,1,1,0.5116594
,2372,2,3,1.0
,2372,3,0,0.70709354
,2373,0,0,0.5980197
,2373,1,0,0.5980198
,2373,2,0,0.98034877
,2373,3,2,1.0
,2374,0,0,0.6077046
,2374,1,0,0.6077046
,2374,2,2,1.0
,2374,3,0,0.9641133
,2375,0,0,0.6071716
,2375,1,0,0.6071716
,2375,2,0,0.96479046
,2375,3,3,1.0
,2376,0,0,0.6423046
,2376,1,0,0.6423046
,2376,2,2,1.0
,2376,3,0,0.96762705
,2377,0,0,0.56141394
,2377,1,0,0.56141406
,2377,2,0,0.68541956
,2377,3,2,1.0
,2378,0,1,0.50982577
,2378,1,1,0.5098257
,2378,2,3,1.0
,2378,3,0,0.7042926
,2379,0,0,0.5952479
,2379,1,0,0.5952479
,2379,2,0,0.9803455
,2379,3,3,1.0
,2380,0,0,0.6416921
,2380,1,0,0.64169204
,2380,2,2,1.0
,2380,3,0,0.9676245
,2381,0,0,0.56135064
,2381,1,0,0.5613506
,2381,2,0,0.685404
,2381,3,2,1.0
,2382,0,1,0.50988954
,2382,1,1,0.50988954
,2382,2,3,1.0
,2382,3,0,0.7042821
,2383,0,0,0.59381914
,2383,1,0,0.59381914
,2383,2,0,0.98033637
,2383,3,3,1.0
,2384,0,0,0.60797113
,2384,1,0,0.60797113
,2384,2,2,1.0
,2384,3,0,0.9803556
,2385,0,0,0.64274013
,2385,1,0,0.64274013
,2385,2,0,0.9428751
,2385,3,2,1.0
,2386,0,0,0.56226027
,2386,1,0,0.5622602
,2386,2,2,1.0
,2386,3,0,0.5909481
,2387,0,0,0.5356307
,2387,1,0,0.5356307
,2387,2,0,0.66905576
,2387,3,2,1.0
,2388,0,1,0.5152715
,2388,1,1,0.5152714
,2388,2,3,1.0
,2388,3,0,0.705493
,2389,0,0,0.59843874
,2389,1,0,0.59843874
,2389,2,0,0.9798358
,2389,3,2,1.0
,2390,0,0,0.60675895
,2390,1,0,0.60675895
,2390,2,3,1.0
,2390,3,0,0.9647301
,2391,0,0,0.64468455
,2391,1,0,0.64468455
,2391,2,0,0.97607285
,2391,3,2,1.0
,2392,0,0,0.50599694
,2392,1,0,0.50599694
,2392,2,3,1.0
,2392,3,0,0.7113487
,2393,0,0,0.5956294
,2393,1,0,0.5956294
,2393,2,0,0.9798297
,2393,3,3,1.0
,2394,0,0,0.60605246
,2394,1,0,0.60605246
,2394,2,3,1.0
,2394,3,0,0.9803224
,2395,0,0,0.64445657
,2395,1,0,0.64445657
,2395,2,0,0.97608495
,2395,3,2,1.0
,2396,0,0,0.5045636
,2396,1,0,0.5045636
,2396,2,3,1.0
,2396,3,0,0.7144258
,2397,0,0,0.5996177
,2397,1,0,0.5996177
,2397,2,0,0.97983515
,2397,3,2,1.0
,2398,0,0,0.6052552
,2398,1,0,0.60525525
,2398,2,3,1.0
,2398,3,0,0.9647522
,2399,0,0,0.6085918
,2399,1,0,0.6085918
,2399,2,0,0.98035526
,2399,3,2,1.0
,2400,0,0,0.6427397
,2400,1,0,0.6427397
,2400,2,2,1.0
,2400,3,0,0.94283
,2401,0,0,0.5609066
,2401,1,0,0.5609066
,2401,2,0,0.6849788
,2401,3,2,1.0
,2402,0,1,0.5099767
,2402,1,1,0.50997674
,2402,2,3,1.0
,2402,3,0,0.7042434
,2403,0,0,0.59375066
,2403,1,0,0.59375066
,2403,2,0,0.9803361
,2403,3,3,1.0
,2404,0,0,0.6064977
,2404,1,0,0.6064977
,2404,2,2,1.0
,2404,3,0,0.9803504
,2405,0,0,0.60746217
,2405,1,0,0.60746217
,2405,2,0,0.96503294
,2405,3,2,1.0
,2406,0,0,0.60812074
,2406,1,0,0.60812074
,2406,2,2,1.0
,2406,3,0,0.9641227
,2407,0,0,0.6057342
,2407,1,0,0.6057342
,2407,2,0,0.96477413
,2407,3,3,1.0
,2408,0,0,0.6071452
,2408,1,0,0.6071452
,2408,2,2,1.0
,2408,3,0,0.98035026
,2409,0,0,0.6074462
,2409,1,0,0.6074462
,2409,2,0,0.9650417
,2409,3,2,1.0
,2410,0,0,0.60744226
,2410,1,0,0.6074423
,2410,2,2,1.0
,2410,3,0,0.9650395
,2411,0,0,0.6074441
,2411,1,0,0.60744417
,2411,2,0,0.9650394
,2411,3,2,1.0
,2412,0,0,0.60749185
,2412,1,0,0.60749185
,2412,2,2,1.0
,2412,3,0,0.96503067
,2413,0,0,0.60819215
,2413,1,0,0.60819215
,2413,2,0,0.96411675
,2413,3,2,1.0
,2414,0,0,0.60645264
,2414,1,0,0.60645264
,2414,2,3,1.0
,2414,3,0,0.9638607
,2415,0,0,0.6052079
,2415,1,0,0.6052079
,2415,2,0,0.9803326
,2415,3,3,1.0
,2416,0,0,0.60713965
,2416,1,0,0.60713965
,2416,2,2,1.0
,2416,3,0,0.98035014
,2417,0,0,0.6074926
,2417,1,0,0.6074926
,2417,2,0,0.9650334
,2417,3,2,1.0
,2418,0,0,0.6081223
,2418,1,0,0.6081223
,2418,2,2,1.0
,2418,3,0,0.9641227
,2419,0,0,0.6057367
,2419,1,0,0.6057367
,2419,2,0,0.9647739
,2419,3,3,1.0
,2420,0,0,0.6071913
,2420,1,0,0.6071913
,2420,2,2,1.0
,2420,3,0,0.9803456
,2421,0,0,0.60812646
,2421,1,0,0.60812646
,2421,2,0,0.96412504
,2421,3,2,1.0
,2422,0,0,0.6057353
,2422,1,0,0.6057354
,2422,2,3,1.0
,2422,3,0,0.96477425
,2423,0,0,0.60714525
,2423,1,0,0.60714525
,2423,2,0,0.9803504
,2423,3,2,1.0
,2424,0,0,0.6074463
,2424,1,0,0.6074462
,2424,2,2,1.0
,2424,3,0,0.9650417
,2425,0,0,0.6074423
,2425,1,0,0.6074423
,2425,2,0,0.9650396
,2425,3,2,1.0
,2426,0,0,0.60744447
,2426,1,0,0.60744447
,2426,2,2,1.0
,2426,3,0,0.9650395
,2427,0,0,0.6075099
,2427,1,0,0.60750985
,2427,2,0,0.9650394
,2427,3,2,1.0
,2428,0,0,0.6090587
,2428,1,0,0.6090586
,2428,2,2,1.0
,2428,3,0,0.965022
,2429,0,0,0.6447945
,2429,1,0,0.6447945
,2429,2,0,0.9575812
,2429,3,2,1.0
,2430,0,0,0.5044485
,2430,1,0,0.5044485
,2430,2,3,1.0
,2430,3,0,0.7145579
,2431,0,0,0.59903693
,2431,1,0,0.59903693
,2431,2,0,0.9803485
,2431,3,2,1.0
,2432,0,0,0.6076983
,2432,1,0,0.60769826
,2432,2,2,1.0
,2432,3,0,0.96411365
,2433,0,0,0.6057822
,2433,1,0,0.6057822
,2433,2,0,0.96477365
,2433,3,3,1.0
,2434,0,0,0.608771
,2434,1,0,0.608771
,2434,2,2,1.0
,2434,3,0,0.9803402
,2435,0,0,0.6450054
,2435,1,0,0.6450054
,2435,2,0,0.9575639
,2435,3,2,1.0
,2436,0,0,0.50589633
,2436,1,0,0.50589633
,2436,2,3,1.0
,2436,3,0,0.7114283
,2437,0,0,0.59641325
,2437,1,0,0.59641325
,2437,2,0,0.9803455
,2437,3,3,1.0
,2438,0,0,0.641545
,2438,1,0,0.641545
,2438,2,2,1.0
,2438,3,0,0.9676674
,2439,0,0,0.5595944
,2439,1,0,0.5595944
,2439,2,0,0.592482
,2439,3,2,1.0
,2440,0,1,0.5044622
,2440,1,1,0.5044622
,2440,2,2,1.0
,2440,3,0,0.70898813
,2441,0,0,0.5952162
,2441,1,0,0.5952162
,2441,2,0,0.9640563
,2441,3,3,1.0
,2442,0,0,0.6065576
,2442,1,0,0.6065576
,2442,2,2,1.0
,2442,3,0,0.9803505
,2443,0,0,0.6074185
,2443,1,0,0.6074185
,2443,2,0,0.9650412
,2443,3,2,1.0
,2444,0,0,0.60744333
,2444,1,0,0.60744333
,2444,2,2,1.0
,2444,3,0,0.9650394
,2445,0,0,0.6074879
,2445,1,0,0.6074879
,2445,2,0,0.9650311
,2445,3,2,1.0
,2446,0,0,0.60812145
,2446,1,0,0.60812145
,2446,2,2,1.0
,2446,3,0,0.9641226
,2447,0,0,0.6057342
,2447,1,0,0.60573435
,2447,2,0,0.96477413
,2447,3,3,1.0
,2448,0,0,0.6071452
,2448,1,0,0.6071452
,2448,2,2,1.0
,2448,3,0,0.98035026
,2449,0,0,0.6074462
,2449,1,0,0.6074462
,2449,2,0,0.9650417
,2449,3,2,1.0
,2450,0,0,0.60744226
,2450,1,0,0.6074423
,2450,2,2,1.0
,2450,3,0,0.9650395
,2451,0,0,0.607444
,2451,1,0,0.607444
,2451,2,0,0.9650394
,2451,3,2,1.0
,2452,0,0,0.6074881
,2452,1,0,0.6074881
,2452,2,2,1.0
,2452,3,0,0.9650311
,2453,0,0,0.60812455
,2453,1,0,0.60812455
,2453,2,0,0.9641225
,2453,3,2,1.0
,2454,0,0,0.60578287
,2454,1,0,0.60578287
,2454,2,3,1.0
,2454,3,0,0.964764
,2455,0,0,0.6078266
,2455,1,0,0.60782665
,2455,2,0,0.9798279
,2455,3,2,1.0
,2456,0,0,0.60577244
,2456,1,0,0.60577244
,2456,2,3,1.0
,2456,3,0,0.96476436
,2457,0,0,0.6078233
,2457,1,0,0.6078233
,2457,2,0,0.9798279
,2457,3,2,1.0
,2458,0,0,0.60572654
,2458,1,0,0.60572654
,2458,2,3,1.0
,2458,3,0,0.9647745
,2459,0,0,0.60720587
,2459,1,0,0.60720587
,2459,2,0,0.9803506
,2459,3,2,1.0
,2460,0,0,0.60891974
,2460,1,0,0.60891974
,2460,2,2,1.0
,2460,3,0,0.96505123
,2461,0,0,0.6427665
,2461,1,0,0.6427665
,2461,2,0,0.94287175
,2461,3,2,1.0
,2462,0,0,0.562259
,2462,1,0,0.562259
,2462,2,2,1.0
,2462,3,0,0.59094733
,2463,0,0,0.53562576
,2463,1,0,0.53562576
,2463,2,0,0.6690596
,2463,3,2,1.0
,2464,0,1,0.5153036
,2464,1,1,0.5153036
,2464,2,3,1.0
,2464,3,0,0.7057003
,2465,0,0,0.5992471
,2465,1,0,0.5992471
,2465,2,0,0.980359
,2465,3,2,1.0
,2466,0,0,0.6422518
,2466,1,0,0.64225185
,2466,2,2,1.0
,2466,3,0,0.94282025
,2467,0,0,0.56072104
,2467,1,0,0.56072176
,2467,2,0,0.68505734
,2467,3,2,1.0
,2468,0,1,0.51149637
,2468,1,1,0.5114858
,2468,2,3,1.0
,2468,3,0,0.70714587
,2469,0,0,0.59944415
,2469,1,0,0.5996767
,2469,2,0,0.98036045
,2469,3,2,1.0
,2470,0,0,0.64174515
,2470,1,0,0.6472096
,2470,2,2,1.0
,2470,3,0,0.9431518
,2471,0,0,0.55915403
,2471,1,0,0.6457205
,2471,2,0,0.52493656
,2471,3,2,1.0
,2472,0,1,0.5024379
,2472,1,2,1.0
,2472,2,0,0.7468404
,2472,3,1,0.54282117
,2473,0,0,0.6338717
,2473,1,0,0.91575295
,2473,2,2,1.0
,2473,3,0,0.7299211
,2474,0,0,0.5157735
,2474,1,0,0.7742063
,2474,2,1,0.5259544
,2474,3,2,1.0
,2475,0,0,0.59780544
,2475,1,3,1.0
,2475,2,0,0.820267
,2475,3,0,0.9004501
,2476,0,0,0.60672086
,2476,1,0,0.94134325
,2476,2,2,1.0
,2476,3,0,0.83468777
,2477,0,0,0.6078763
,2477,1,0,0.62202764
,2477,2,0,0.96408504
,2477,3,2,1.0
,2478,0,0,0.6073279
,2478,1,0,0.6079323
,2478,2,3,1.0
,2478,3,0,0.964753
,2479,0,0,0.64461255
,2479,1,0,0.6446371
,2479,2,0,0.97608536
,2479,3,2,1.0
,2480,0,0,0.50630784
,2480,1,0,0.5063096
,2480,2,3,1.0
,2480,3,0,0.7142988
,2481,0,0,0.6366516
,2481,1,0,0.6366516
,2481,2,0,0.97608936
,2481,3,2,1.0
,2482,0,0,0.5050845
,2482,1,0,0.5050845
,2482,2,3,1.0
,2482,3,0,0.71467996
,2483,0,0,0.63449854
,2483,1,0,0.6344985
,2483,2,0,0.9675988
,2483,3,2,1.0
,2484,0,0,0.5584696
,2484,1,0,0.55846953
,2484,2,2,1.0
,2484,3,0,0.5922331
,2485,0,1,0.5058768
,2485,1,1,0.5058767
,2485,2,0,0.71211153
,2485,3,2,1.0
,2486,0,0,0.5996047
,2486,1,0,0.5996047
,2486,2,2,1.0
,2486,3,0,0.96364963
,2487,0,0,0.6052484
,2487,1,0,0.6052484
,2487,2,0,0.9647422
,2487,3,3,1.0
,2488,0,0,0.6077968
,2488,1,0,0.6077968
,2488,2,2,1.0
,2488,3,0,0.9798279
,2489,0,0,0.6057252
,2489,1,0,0.6057252
,2489,2,0,0.96477413
,2489,3,3,1.0
,2490,0,0,0.60719377
,2490,1,0,0.60719377
,2490,2,2,1.0
,2490,3,0,0.9803457
,2491,0,0,0.60819584
,2491,1,0,0.60819584
,2491,2,0,0.96412504
,2491,3,2,1.0
,2492,0,0,0.60735905
,2492,1,0,0.60735905
,2492,2,3,1.0
,2492,3,0,0.9647557
,2493,0,0,0.6445034
,2493,1,0,0.6445034
,2493,2,0,0.97608495
,2493,3,2,1.0
,2494,0,0,0.5045662
,2494,1,0,0.50456613
,2494,2,3,1.0
,2494,3,0,0.7144247
,2495,0,0,0.5996183
,2495,1,0,0.5996183
,2495,2,0,0.9798349
,2495,3,2,1.0
,2496,0,0,0.6052424
,2496,1,0,0.6052431
,2496,2,3,1.0
,2496,3,0,0.96474123
,2497,0,0,0.6077957
,2497,1,0,0.60781246
,2497,2,0,0.9798279
,2497,3,2,1.0
,2498,0,0,0.60571903
,2498,1,0,0.6061125
,2498,2,3,0.99998045
,2498,3,0,0.9647761
,2499,0,0,0.6071221
,2499,1,0,0.6164156
,2499,2,0,0.98035973
,2499,3,2,1.0
,2500,0,0,0.6076326
,2500,1,0,0.82784116
,2500,2,2,1.0
,2500,3,0,0.8989382
,2501,0,0,0.60721856
,2501,1,2,1.0
,2501,2,0,0.9650173
,2501,3,0,0.6285326
,2502,0,0,0.60830337
,2502,1,0,0.89904916
,2502,2,2,1.0
,2502,3,0,0.8244244
,2503,0,0,0.60547394
,2503,1,0,0.6179319
,2503,2,0,0.964738
,2503,3,3,1.0
,2504,0,0,0.60716885
,2504,1,0,0.60771245
,2504,2,2,1.0
,2504,3,0,0.9803457
,2505,0,0,0.6081165
,2505,1,0,0.6085362
,2505,2,0,0.96412593
,2505,3,2,1.0
,2506,0,0,0.6056983
,2506,1,0,0.6150165
,2506,2,3,1.0
,2506,3,0,0.9648058
,2507,0,0,0.6074116
,2507,1,0,0.8276778
,2507,2,0,0.9413266
,2507,3,2,1.0
,2508,0,0,0.6071751
,2508,1,2,1.0
,2508,2,0,0.6212932
,2508,3,0,0.9650035
,2509,0,0,0.60765177
,2509,1,0,0.9650391
,2509,2,0,0.6080736
,2509,3,2,1.0
,2510,0,0,0.61297816
,2510,1,2,1.0
,2510,2,0,0.6088678
,2510,3,0,0.96504825
,2511,0,0,0.73897463
,2511,1,0,0.91123736
,2511,2,0,0.64099884
,2511,3,2,1.0
,2512,0,2,1.0
,2512,1,0,0.5447988
,2512,2,0,0.51652396
,2512,3,0,0.72468126
,2513,0,0,0.897836
,2513,1,0,0.8241792
,2513,2,0,0.610001
,2513,3,2,1.0
,2514,0,0,0.6202769
,2514,1,2,1.0
,2514,2,0,0.82379085
,2514,3,0,0.9024766
,2515,0,0,0.6077362
,2515,1,0,0.8987053
,2515,2,3,1.0
,2515,3,0,0.8338986
,2516,0,0,0.64291185
,2516,1,0,0.6536384
,2516,2,0,0.96771854
,2516,3,2,1.0
,2517,0,0,0.57804394
,2517,1,0,0.5603991
,2517,2,2,1.0
,2517,3,0,0.59340304
,2518,0,0,0.74854255
,2518,1,1,0.50569093
,2518,2,1,0.5403714
,2518,3,2,1.0
,2519,0,2,1.0
,2519,1,0,0.6014583
,2519,2,0,0.82194084
,2519,3,0,0.8999395
,2520,0,0,0.9120475
,2520,1,0,0.643566
,2520,2,2,1.0
,2520,3,0,0.74678993
,2521,0,0,0.57517713
,2521,1,0,0.55658877
,2521,2,0,0.6814756
,2521,3,2,1.0
,2522,0,1,0.5094284
,2522,1,1,0.51082873
,2522,2,3,1.0
,2522,3,0,0.7071269
,2523,0,0,0.63360167
,2523,1,0,0.63354284
,2523,2,0,0.967593
,2523,3,2,1.0
,2524,0,0,0.5583595
,2524,1,0,0.55835545
,2524,2,2,1.0
,2524,3,0,0.5922052
,2525,0,1,0.5059676
,2525,1,1,0.505968
,2525,2,0,0.7122703
,2525,3,2,1.0
,2526,0,0,0.59897345
,2526,1,0,0.5989734
,2526,2,2,1.0
,2526,3,0,0.9645828
,2527,0,0,0.60700464
,2527,1,0,0.6070047
,2527,2,0,0.96502906
,2527,3,2,1.0
,2528,0,0,0.6075028
,2528,1,0,0.6075028
,2528,2,2,1.0
,2528,3,0,0.96503884
,2529,0,0,0.60934854
,2529,1,0,0.60934854
,2529,2,0,0.9649998
,2529,3,2,1.0
,2530,0,0,0.65054154
,2530,1,0,0.65054154
,2530,2,2,1.0
,2530,3,0,0.9161518
,2531,0,0,0.5390712
,2531,1,0,0.53907126
,2531,2,2,1.0
,2531,3,0,0.6343085
,2532,0,0,0.5301175
,2532,1,0,0.53011745
,2532,2,0,0.5686019
,2532,3,2,1.0
,2533,0,1,0.51140034
,2533,1,1,0.5114003
,2533,2,2,1.0
,2533,3,0,0.7097875
,2534,0,0,0.598644
,2534,1,0,0.598644
,2534,2,0,0.9645706
,2534,3,2,1.0
,2535,0,0,0.6070316
,2535,1,0,0.6070316
,2535,2,2,1.0
,2535,3,0,0.9650203
,2536,0,0,0.6081004
,2536,1,0,0.6081004
,2536,2,0,0.9641225
,2536,3,2,1.0
,2537,0,0,0.60573334
,2537,1,0,0.60573334
,2537,2,3,1.0
,2537,3,0,0.96477413
,2538,0,0,0.60714525
,2538,1,0,0.60714525
,2538,2,0,0.9803504
,2538,3,2,1.0
,2539,0,0,0.6074486
,2539,1,0,0.6074486
,2539,2,2,1.0
,2539,3,0,0.96504146
,2540,0,0,0.6074886
,2540,1,0,0.6074885
,2540,2,0,0.9650311
,2540,3,2,1.0
,2541,0,0,0.6081222
,2541,1,0,0.60812145
,2541,2,2,1.0
,2541,3,0,0.9641226
,2542,0,0,0.60575056
,2542,1,0,0.60573393
,2542,2,0,0.96477413
,2542,3,3,1.0
,2543,0,0,0.6075338
,2543,1,0,0.6071422
,2543,2,2,1.0
,2543,3,0,0.9803511
,2544,0,0,0.6167144
,2544,1,0,0.60743874
,2544,2,0,0.9650599
,2544,3,2,1.0
,2545,0,0,0.8278398
,2545,1,0,0.60802007
,2545,2,2,1.0
,2545,3,0,0.89878535
,2546,0,2,1.0
,2546,1,0,0.6164683
,2546,2,0,0.96502465
,2546,3,0,0.6195042
,2547,0,0,0.89878225
,2547,1,0,0.82782763
,2547,2,2,1.0
,2547,3,0,0.6085199
,2548,0,0,0.61949015
,2548,1,2,1.0
,2548,2,0,0.9650244
,2548,3,0,0.61648756
,2549,0,0,0.6081806
,2549,1,0,0.8988026
,2549,2,2,1.0
,2549,3,0,0.82778
,2550,0,0,0.6078979
,2550,1,0,0.62018675
,2550,2,0,0.96408826
,2550,3,2,1.0
,2551,0,0,0.6057581
,2551,1,0,0.60628366
,2551,2,3,1.0
,2551,3,0,0.964761
,2552,0,0,0.60789216
,2552,1,0,0.6079143
,2552,2,0,0.9798246
,2552,3,2,1.0
,2553,0,0,0.6064424
,2553,1,0,0.60644335
,2553,2,3,1.0
,2553,3,0,0.96386105
,2554,0,0,0.6052075
,2554,1,0,0.60520756
,2554,2,0,0.9803326
,2554,3,3,1.0
,2555,0,0,0.6071372
,2555,1,0,0.6071372
,2555,2,2,1.0
,2555,3,0,0.98035026
,2556,0,0,0.60744643
,2556,1,0,0.60744643
,2556,2,0,0.9650417
,2556,3,2,1.0
,2557,0,0,0.6074445
,2557,1,0,0.60744464
,2557,2,2,1.0
,2557,3,0,0.9650394
,2558,0,0,0.60748816
,2558,1,0,0.60748816
,2558,2,0,0.9650311
,2558,3,2,1.0
,2559,0,0,0.60812455
,2559,1,0,0.60812455
,2559,2,2,1.0
,2559,3,0,0.9641225
,2560,0,0,0.6057826
,2560,1,0,0.6057827
,2560,2,0,0.964764
,2560,3,3,1.0
,2561,0,0,0.60782367
,2561,1,0,0.60782367
,2561,2,2,1.0
,2561,3,0,0.9798279
,2562,0,0,0.6057264
,2562,1,0,0.6057264
,2562,2,0,0.96477413
,2562,3,3,1.0
,2563,0,0,0.60719097
,2563,1,0,0.60719097
,2563,2,2,1.0
,2563,3,0,0.9803456
,2564,0,0,0.60812646
,2564,1,0,0.60812646
,2564,2,0,0.96412504
,2564,3,2,1.0
,2565,0,0,0.6057355
,2565,1,0,0.60573554
,2565,2,3,1.0
,2565,3,0,0.96477425
,2566,0,0,0.60714763
,2566,1,0,0.60714835
,2566,2,0,0.98035014
,2566,3,2,1.0
,2567,0,0,0.60749197
,2567,1,0,0.6075088
,2567,2,2,1.0
,2567,3,0,0.9650334
,2568,0,0,0.6081133
,2568,1,0,0.608511
,2568,2,0,0.96412385
,2568,3,2,1.0
,2569,0,0,0.6056951
,2569,1,0,0.6150168
,2569,2,3,1.0
,2569,3,0,0.96480626
,2570,0,0,0.60738134
,2570,1,0,0.8277559
,2570,2,0,0.9434487
,2570,3,2,1.0
,2571,0,0,0.6073712
,2571,1,2,1.0
,2571,2,0,0.8360398
,2571,3,0,0.90214854
,2572,0,0,0.60806245
,2572,1,0,0.89896804
,2572,2,2,1.0
,2572,3,0,0.8313666
,2573,0,0,0.6054518
,2573,1,0,0.61791664
,2573,2,0,0.9647371
,2573,3,3,1.0
,2574,0,0,0.6071223
,2574,1,0,0.60764945
,2574,2,2,1.0
,2574,3,0,0.98035026
,2575,0,0,0.6074449
,2575,1,0,0.60746723
,2575,2,0,0.9650417
,2575,3,2,1.0
,2576,0,0,0.6074421
,2576,1,0,0.6074437
,2576,2,2,1.0
,2576,3,0,0.9650395
,2577,0,0,0.6074413
,2577,1,0,0.60745794
,2577,2,0,0.9650396
,2577,3,2,1.0
,2578,0,0,0.6074378
,2578,1,0,0.60783005
,2578,2,2,1.0
,2578,3,0,0.96504086
,2579,0,0,0.6074179
,2579,1,0,0.61670965
,2579,2,0,0.96505755
,2579,3,2,1.0
,2580,0,0,0.60763305
,2580,1,0,0.8278315
,2580,2,2,1.0
,2580,3,0,0.8987878
,2581,0,0,0.6072421
,2581,1,2,1.0
,2581,2,0,0.964998
,2581,3,0,0.619573
,2582,0,0,0.60809314
,2582,1,0,0.9641225
,2582,2,2,1.0
,2582,3,0,0.6090103
,2583,0,0,0.6056959
,2583,1,3,1.0
,2583,2,0,0.96480566
,2583,3,0,0.6150351
,2584,0,0,0.60741335
,2584,1,0,0.9413271
,2584,2,2,1.0
,2584,3,0,0.8276783
,2585,0,0,0.6072205
,2585,1,0,0.62134534
,2585,2,0,0.9650042
,2585,3,2,1.0
,2586,0,0,0.6087561
,2586,1,0,0.60935175
,2586,2,2,1.0
,2586,3,0,0.96505
,2587,0,0,0.63963294
,2587,1,0,0.63965726
,2587,2,0,0.94335765
,2587,3,2,1.0
,2588,0,0,0.5224394
,2588,1,0,0.5224411
,2588,2,2,1.0
,2588,3,0,0.727451
,2589,0,0,0.6384102
,2589,1,0,0.6384102
,2589,2,0,0.95710164
,2589,3,2,1.0
,2590,0,0,0.50550663
,2590,1,0,0.50550663
,2590,2,3,1.0
,2590,3,0,0.7140316
,2591,0,0,0.6365268
,2591,1,0,0.6365268
,2591,2,0,0.9760873
,2591,3,2,1.0
,2592,0,0,0.50361747
,2592,1,0,0.50361747
,2592,2,3,1.0
,2592,3,0,0.71433634
,2593,0,0,0.6005745
,2593,1,0,0.60057455
,2593,2,0,0.9803431
,2593,3,2,1.0
,2594,0,0,0.6443571
,2594,1,0,0.6443576
,2594,2,2,1.0
,2594,3,0,0.95745546
,2595,0,0,0.50448895
,2595,1,0,0.50449646
,2595,2,0,0.71462363
,2595,3,3,0.99383235
,2596,0,0,0.59906405
,2596,1,0,0.59923136
,2596,2,2,1.0
,2596,3,0,0.9802562
,2597,0,0,0.6085592
,2597,1,0,0.6124935
,2597,2,0,0.9650371
,2597,3,2,1.0
,2598,0,0,0.64415056
,2598,1,0,0.7373196
,2598,2,2,1.0
,2598,3,0,0.91255015
,2599,0,0,0.5570573
,2599,1,2,1.0
,2599,2,0,0.6816561
,2599,3,0,0.59390485
,2600,0,1,0.5065451
,2600,1,1,0.5542103
,2600,2,3,1.0
,2600,3,0,0.74355614
,2601,0,0,0.73090255
,2601,1,0,0.6310069
,2601,2,0,0.94893575
,2601,3,2,1.0
,2602,0,2,1.0
,2602,1,0,0.5146293
,2602,2,0,0.546508
,2602,3,0,0.723891
,2603,0,0,0.898076
,2603,1,0,0.6013507
,2603,2,0,0.82035697
,2603,3,2,1.0
,2604,0,0,0.6177901
,2604,1,0,0.6050627
,2604,2,3,1.0
,2604,3,0,0.96470743
,2605,0,0,0.6083193
,2605,1,0,0.6077812
,2605,2,0,0.9798279
,2605,3,2,1.0
,2606,0,0,0.6057925
,2606,1,0,0.6057695
,2606,2,3,1.0
,2606,3,0,0.96476424
,2607,0,0,0.6078241
,2607,1,0,0.6078232
,2607,2,0,0.9798279
,2607,3,2,1.0
,2608,0,0,0.6057263
,2608,1,0,0.6057263
,2608,2,3,1.0
,2608,3,0,0.9647745
,2609,0,0,0.60719997
,2609,1,0,0.6072001
,2609,2,0,0.9803506
,2609,3,2,1.0
,2610,0,0,0.60878253
,2610,1,0,0.60878265
,2610,2,2,1.0
,2610,3,0,0.96505344
,2611,0,0,0.6396345
,2611,1,0,0.6396345
,2611,2,0,0.9433579
,2611,3,2,1.0
,2612,0,0,0.52243763
,2612,1,0,0.52243763
,2612,2,2,1.0
,2612,3,0,0.72745293
,2613,0,0,0.63837117
,2613,1,0,0.63837117
,2613,2,0,0.95710576
,2613,3,2,1.0
,2614,0,0,0.5052237
,2614,1,0,0.5052237
,2614,2,3,1.0
,2614,3,0,0.71469027
,2615,0,0,0.63450295
,2615,1,0,0.6345028
,2615,2,0,0.9675992
,2615,3,2,1.0
,2616,0,0,0.55846244
,2616,1,0,0.55846244
,2616,2,2,1.0
,2616,3,0,0.5922508
,2617,0,1,0.50595367
,2617,1,1,0.50595367
,2617,2,0,0.71227473
,2617,3,2,1.0
,2618,0,0,0.5989766
,2618,1,0,0.5989766
,2618,2,2,1.0
,2618,3,0,0.9645827
,2619,0,0,0.6070519
,2619,1,0,0.6070519
,2619,2,0,0.96502006
,2619,3,2,1.0
,2620,0,0,0.6081774
,2620,1,0,0.60817754
,2620,2,2,1.0
,2620,3,0,0.96411604
,2621,0,0,0.6065315
,2621,1,0,0.6065315
,2621,2,0,0.96385336
,2621,3,3,1.0
,2622,0,0,0.6060446
,2622,1,0,0.6060446
,2622,2,3,1.0
,2622,3,0,0.9798201
,2623,0,0,0.6082099
,2623,1,0,0.6082099
,2623,2,0,0.980342
,2623,3,3,1.0
,2624,0,0,0.67938423
,2624,1,0,0.6793842
,2624,2,2,1.0
,2624,3,0,0.9564836
,2625,0,0,1.0
,2625,1,0,1.0
,2625,2,0,1.0
,2625,3,3,0.52200735
,2626,0,0,0.5769322
,2626,1,0,0.65456915
,2626,2,2,1.0
,2626,3,0,0.6177978
,2627,0,0,0.5397783
,2627,1,2,1.0
,2627,2,0,0.5527784
,2627,3,0,0.5427858
,2628,0,1,0.5208425
,2628,1,1,0.8964838
,2628,2,2,1.0
,2628,3,1,0.5206004
,2629,0,0,0.6393539
,2629,1,2,1.0
,2629,2,0,0.9299848
,2629,3,0,0.63953793
,2630,0,1,0.5123466
,2630,1,1,0.89458436
,2630,2,2,1.0
,2630,3,1,0.5099152
,2631,0,0,0.63964117
,2631,1,2,1.0
,2631,2,0,0.91289985
,2631,3,0,0.6927244
,2632,0,1,0.5146434
,2632,1,1,0.8948993
,2632,2,0,0.51682293
,2632,3,2,1.0
,2633,0,0,0.596114
,2633,1,2,1.0
,2633,2,0,0.8212445
,2633,3,0,0.8967568
,2634,0,0,0.6065273
,2634,1,0,0.96498317
,2634,2,2,1.0
,2634,3,0,0.61925983
,2635,0,0,0.60739183
,2635,1,2,1.0
,2635,2,0,0.9650375
,2635,3,0,0.6079294
,2636,0,0,0.6074843
,2636,1,0,0.96503097
,2636,2,2,1.0
,2636,3,0,0.607507
,2637,0,0,0.6080955
,2637,1,2,1.0
,2637,2,0,0.96412224
,2637,3,0,0.6080965
,2638,0,0,0.60507387
,2638,1,0,0.89805216
,2638,2,3,1.0
,2638,3,0,0.605074
,2639,0,0,0.61090916
,2639,1,0,0.6326191
,2639,2,2,1.0
,2639,3,0,0.61090904
,2640,0,0,0.6027982
,2640,1,0,0.82520837
,2640,2,2,1.0
,2640,3,0,0.6027982
,2641,0,0,0.60695034
,2641,1,2,1.0
,2641,2,0,0.9650019
,2641,3,0,0.60695034
,2642,0,0,0.60741377
,2642,1,0,0.9650386
,2642,2,2,1.0
,2642,3,0,0.60741377
,2643,0,0,0.6074403
,2643,1,2,1.0
,2643,2,0,0.9650394
,2643,3,0,0.6074403
,2644,0,0,0.6074414
,2644,1,0,0.9650395
,2644,2,2,1.0
,2644,3,0,0.6074415
,2645,0,0,0.6074415
,2645,1,2,1.0
,2645,2,0,0.9650394
,2645,3,0,0.6074415
,2646,0,0,0.6074415
,2646,1,0,0.9650395
,2646,2,2,1.0
,2646,3,0,0.6074416
,2647,0,0,0.6074416
,2647,1,2,1.0
,2647,2,0,0.9650394
,2647,3,0,0.6074416
,2648,0,0,0.6074416
,2648,1,0,0.9650395
,2648,2,2,1.0
,2648,3,0,0.60744226
,2649,0,0,0.6074413
,2649,1,2,1.0
,2649,2,0,0.9650396
,2649,3,0,0.6074579
,2650,0,0,0.6074379
,2650,1,0,0.96504086
,2650,2,2,1.0
,2650,3,0,0.60783
,2651,0,0,0.60742
,2651,1,2,1.0
,2651,2,0,0.9650573
,2651,3,0,0.6167087
,2652,0,0,0.6076732
,2652,1,0,0.8989546
,2652,2,2,1.0
,2652,3,0,0.8278002
,2653,0,0,0.6078203
,2653,1,0,0.6294171
,2653,2,0,0.9641004
,2653,3,2,1.0
,2654,0,0,0.60605156
,2654,1,0,0.826857
,2654,2,3,1.0
,2654,3,0,0.89826864
,2655,0,0,0.6075454
,2655,1,2,1.0
,2655,2,0,0.97982836
,2655,3,0,0.6199409
,2656,0,0,0.60569066
,2656,1,0,0.9647735
,2656,2,3,1.0
,2656,3,0,0.60661066
,2657,0,0,0.60718423
,2657,1,2,1.0
,2657,2,0,0.9803602
,2657,3,0,0.6164357
,2658,0,0,0.60917056
,2658,1,0,0.90087086
,2658,2,2,1.0
,2658,3,0,0.82786083
,2659,0,0,0.64377356
,2659,1,0,0.74713093
,2659,2,0,0.9120095
,2659,3,2,1.0
,2660,0,0,0.55496967
,2660,1,2,1.0
,2660,2,0,0.5736973
,2660,3,0,0.58746785
,2661,0,1,0.5048291
,2661,1,0,0.71184576
,2661,2,1,0.50122315
,2661,3,2,1.0
,2662,0,0,0.64600545
,2662,1,2,1.0
,2662,2,0,0.6956691
,2662,3,0,0.91456634
,2663,0,0,0.5298864
,2663,1,1,0.9437957
,2663,2,2,1.0
,2663,3,0,0.5507754
,2664,0,1,0.5236488
,2664,1,2,1.0
,2664,2,1,0.896866
,2664,3,1,0.5220225
,2665,0,0,0.5970275
,2665,1,0,0.96420777
,2665,2,2,1.0
,2665,3,0,0.59709907
,2666,0,0,0.65024537
,2666,1,2,1.0
,2666,2,0,0.9314676
,2666,3,0,0.6502469
,2667,0,1,0.5133937
,2667,1,1,0.894566
,2667,2,2,1.0
,2667,3,1,0.5134124
,2668,0,0,0.5961803
,2668,1,2,1.0
,2668,2,0,0.9641632
,2668,3,0,0.59576637
,2669,0,0,0.6184182
,2669,1,0,0.89941645
,2669,2,2,1.0
,2669,3,0,0.6087285
,2670,0,0,0.82451373
,2670,1,0,0.61497045
,2670,2,2,1.0
,2670,3,0,0.6022104
,2671,0,2,1.0
,2671,1,0,0.6078357
,2671,2,0,0.965001
,2671,3,0,0.6069042
,2672,0,0,0.96505666
,2672,1,0,0.6167026
,2672,2,2,1.0
,2672,3,0,0.6073875
,2673,0,2,1.0
,2673,1,0,0.8278387
,2673,2,0,0.89893484
,2673,3,0,0.60762525
,2674,0,0,0.96502435
,2674,1,2,1.0
,2674,2,0,0.62866825
,2674,3,0,0.60717577
,2675,0,2,1.0
,2675,1,0,0.8988086
,2675,2,0,0.8280908
,2675,3,0,0.6076597
,2676,0,0,0.96408963
,2676,1,0,0.6205681
,2676,2,2,1.0
,2676,3,0,0.6078644
,2677,0,3,1.0
,2677,1,0,0.6155062
,2677,2,0,0.9648029
,2677,3,0,0.60567033
,2678,0,0,0.941342
,2678,1,0,0.82764876
,2678,2,2,1.0
,2678,3,0,0.6074579
,2679,0,0,0.62234646
,2679,1,2,1.0
,2679,2,0,0.96408665
,2679,3,0,0.6078338
,2680,0,0,0.61558056
,2680,1,0,0.96480304
,2680,2,3,1.0
,2680,3,0,0.60566425
,2681,0,0,0.8276921
,2681,1,2,1.0
,2681,2,0,0.94133043
,2681,3,0,0.60740876
,2682,0,2,1.0
,2682,1,0,0.96500486
,2682,2,0,0.6216743
,2682,3,0,0.60716134
,2683,0,0,0.96505713
,2683,1,2,1.0
,2683,2,0,0.6172807
,2683,3,0,0.60739315
,2684,0,2,1.0
,2684,1,0,0.902288
,2684,2,0,0.82792395
,2684,3,0,0.6076013
,2685,0,0,0.8988513
,2685,1,0,0.8349687
,2685,2,2,1.0
,2685,3,0,0.6073798
,2686,0,0,0.62866575
,2686,1,2,1.0
,2686,2,0,0.96502465
,2686,3,0,0.6071627
,2687,0,0,0.82813114
,2687,1,0,0.898784
,2687,2,2,1.0
,2687,3,0,0.6076108
,2688,0,2,1.0
,2688,1,0,0.61952716
,2688,2,0,0.9650065
,2688,3,0,0.6071952
,2689,0,0,0.96503973
,2689,1,0,0.60833037
,2689,2,2,1.0
,2689,3,0,0.60741806
,2690,0,2,1.0
,2690,1,0,0.6167317
,2690,2,0,0.96505827
,2690,3,0,0.6074138
,2691,0,0,0.90228814
,2691,1,0,0.8279098
,2691,2,2,1.0
,2691,3,0,0.6076028
,2692,0,0,0.8349614
,2692,1,2,1.0
,2692,2,0,0.89870405
,2692,3,0,0.60738647
,2693,0,2,1.0
,2693,1,0,0.964998
,2693,2,0,0.6195695
,2693,3,0,0.6072316
,2694,0,0,0.9641225
,2694,1,2,1.0
,2694,2,0,0.6090101
,2694,3,0,0.6080929
,2695,0,3,1.0
,2695,1,0,0.96480566
,2695,2,0,0.6150351
,2695,3,0,0.6057002
,2696,0,0,0.9413438
,2696,1,2,1.0
,2696,2,0,0.8276804
,2696,3,0,0.6075168
,2697,0,0,0.6230482
,2697,1,0,0.9649998
,2697,2,2,1.0
,2697,3,0,0.60968965
,2698,0,0,0.6499024
,2698,1,2,1.0
,2698,2,0,0.95662785
,2698,3,0,0.66691345
,2699,0,1,0.50774735
,2699,1,1,0.7607774
,2699,2,3,1.0
,2699,3,0,0.7449595
,2700,0,0,0.64313555
,2700,1,0,0.77851903
,2700,2,0,0.95447445
,2700,3,2,1.0
,2701,0,1,0.51488847
,2701,1,3,1.0
,2701,2,0,0.7583271
,2701,3,1,0.9614913
,2702,0,0,0.6245609
,2702,1,0,0.94680804
,2702,2,2,1.0
,2702,3,0,0.75105387
,2703,0,0,0.58960587
,2703,1,0,0.5935072
,2703,2,0,0.7638662
,2703,3,2,1.0
,2704,0,0,0.7762654
,2704,1,0,0.5322241
,2704,2,2,1.0
,2704,3,0,0.6358127
,2705,0,2,1.0
,2705,1,0,0.6023528
,2705,2,0,0.9016245
,2705,3,0,0.8270917
,2706,0,0,0.89919657
,2706,1,0,0.6084378
,2706,2,0,0.8349669
,2706,3,2,1.0
,2707,0,0,0.6515214
,2707,1,0,0.6393947
,2707,2,2,1.0
,2707,3,0,0.94331527
,2708,0,0,0.5273116
,2708,1,0,0.5228167
,2708,2,0,0.72791004
,2708,3,2,1.0
,2709,0,0,0.73308206
,2709,1,0,0.65083283
,2709,2,2,1.0
,2709,3,0,0.9102281
,2710,0,2,1.0
,2710,1,0,0.76415724
,2710,2,1,0.5365646
,2710,3,0,0.5342302
,2711,0,0,0.96472144
,2711,1,2,1.0
,2711,2,0,0.6079421
,2711,3,0,0.60163456
,2712,0,2,1.0
,2712,1,0,0.8989166
,2712,2,0,0.8275806
,2712,3,0,0.6073267
,2713,0,0,0.9650251
,2713,1,0,0.6286683
,2713,2,2,1.0
,2713,3,0,0.6071591
,2714,0,2,1.0
,2714,1,0,0.8282107
,2714,2,0,0.90228534
,2714,3,0,0.60765857
,2715,0,0,0.8996883
,2715,1,2,1.0
,2715,2,0,0.8349994
,2715,3,0,0.6092092
,2716,0,0,0.6802349
,2716,1,0,0.9562088
,2716,2,2,1.0
,2716,3,0,0.6507612
,2717,0,0,0.74095505
,2717,1,3,1.0
,2717,2,1,0.9624448
,2717,3,1,0.5151688
,2718,0,2,1.0
,2718,1,0,0.980364
,2718,2,0,0.5886203
,2718,3,0,0.5984834
,2719,0,0,0.89877766
,2719,1,2,1.0
,2719,2,0,0.82708526
,2719,3,0,0.6072065
,2720,0,0,0.6199385
,2720,1,0,0.9649999
,2720,2,2,1.0
,2720,3,0,0.607214
,2721,0,0,0.6179279
,2721,1,2,1.0
,2721,2,0,0.96422684
,2721,3,0,0.6080072
,2722,0,0,0.82681507
,2722,1,0,0.9017944
,2722,2,3,0.8518902
,2722,3,0,0.6060531
,2723,0,2,1.0
,2723,1,0,0.83491296
,2723,2,0,0.9373349
,2723,3,0,0.6071283
,2724,0,0,0.8988192
,2724,1,2,1.0
,2724,2,0,0.83585125
,2724,3,0,0.60741407
,2725,0,0,0.6271801
,2725,1,0,0.96502477
,2725,2,2,1.0
,2725,3,0,0.6089992
,2726,0,0,0.79252493
,2726,1,2,1.0
,2726,2,0,0.9205443
,2726,3,0,0.6511433
,2727,0,3,1.0
,2727,1,1,0.9608186
,2727,2,0,0.7529812
,2727,3,1,0.5137876
,2728,0,0,0.94143337
,2728,1,0,0.8074653
,2728,2,3,1.0
,2728,3,0,0.5953254
,2729,0,0,0.6209061
,2729,1,2,1.0
,2729,2,0,0.9803504
,2729,3,0,0.606202
,2730,0,0,0.60839957
,2730,1,0,0.9650411
,2730,2,2,1.0
,2730,3,0,0.60738736
,2731,0,0,0.6167338
,2731,1,2,1.0
,2731,2,0,0.96505827
,2731,3,0,0.6074154
,2732,0,0,0.82787216
,2732,1,0,0.9022372
,2732,2,2,1.0
,2732,3,0,0.60765314
,2733,0,2,1.0
,2733,1,0,0.8313492
,2733,2,0,0.89914423
,2733,3,0,0.608132
,2734,0,0,0.96384495
,2734,1,3,1.0
,2734,2,0,0.62787044
,2734,3,0,0.60607207
,2735,0,3,1.0
,2735,1,0,0.94348556
,2735,2,0,0.82678264
,2735,3,0,0.6055654
,2736,0,0,0.9413412
,2736,1,0,0.8358443
,2736,2,2,1.0
,2736,3,0,0.6071446
,2737,0,0,0.6219626
,2737,1,2,1.0
,2737,2,0,0.96408546
,2737,3,0,0.6078288
,2738,0,0,0.6063053
,2738,1,0,0.9647714
,2738,2,3,1.0
,2738,3,0,0.6057009
,2739,0,0,0.6071718
,2739,1,2,1.0
,2739,2,0,0.9803504
,2739,3,0,0.60714614
,2740,0,0,0.6075222
,2740,1,0,0.9650423
,2740,2,2,1.0
,2740,3,0,0.607521
,2741,0,0,0.60924035
,2741,1,2,1.0
,2741,2,0,0.96504074
,2741,3,0,0.60923904
,2742,0,0,0.6500245
,2742,1,0,0.93251324
,2742,2,2,1.0
,2742,3,0,0.64999473
,2743,0,1,0.5104397
,2743,1,2,1.0
,2743,2,1,0.7481878
,2743,3,1,0.51086503
,2744,0,0,0.60578424
,2744,1,0,0.96430993
,2744,2,2,1.0
,2744,3,0,0.5964678
,2745,0,0,0.8274758
,2745,1,2,1.0
,2745,2,0,0.89943004
,2745,3,0,0.6088369
,2746,0,2,1.0
,2746,1,0,0.9324497
,2746,2,0,0.661507
,2746,3,0,0.6497309
,2747,0,1,0.74822783
,2747,1,2,1.0
,2747,2,1,0.5095668
,2747,3,1,0.5108953
,2748,0,2,1.0
,2748,1,0,0.9643099
,2748,2,0,0.6058209
,2748,3,0,0.5964704
,2749,0,0,0.89947927
,2749,1,2,1.0
,2749,2,0,0.82748115
,2749,3,0,0.60896736
,2750,0,0,0.66456205
,2750,1,0,0.93241864
,2750,2,2,1.0
,2750,3,0,0.6528665
,2751,0,0,0.53420645
,2751,1,2,1.0
,2751,2,1,0.7842775
,2751,3,0,0.5333066
,2752,0,1,0.5228976
,2752,1,1,0.76106966
,2752,2,3,1.0
,2752,3,1,0.5229676
,2753,0,0,0.5949534
,2753,1,2,1.0
,2753,2,0,0.98035526
,2753,3,0,0.594951
,2754,0,0,0.60678136
,2754,1,0,0.9650227
,2754,2,2,1.0
,2754,3,0,0.6067979
,2755,0,0,0.6074068
,2755,1,2,1.0
,2755,2,0,0.96504056
,2755,3,0,0.60779935
,2756,0,0,0.6074135
,2756,1,0,0.9650584
,2756,2,2,1.0
,2756,3,0,0.6167099
,2757,0,0,0.6075997
,2757,1,2,1.0
,2757,2,0,0.90228856
,2757,3,0,0.8279131
,2758,0,0,0.60735685
,2758,1,0,0.90220714
,2758,2,0,0.8350368
,2758,3,2,1.0
,2759,0,0,0.607376
,2759,1,0,0.8349593
,2759,2,2,1.0
,2759,3,0,0.8987037
,2760,0,0,0.60723174
,2760,1,2,1.0
,2760,2,0,0.96499777
,2760,3,0,0.61955345
,2761,0,0,0.6081014
,2761,1,0,0.96412146
,2761,2,2,1.0
,2761,3,0,0.6086215
,2762,0,0,0.6057328
,2762,1,3,1.0
,2762,2,0,0.96477413
,2762,3,0,0.605755
,2763,0,0,0.60714513
,2763,1,0,0.9803504
,2763,2,2,1.0
,2763,3,0,0.6071461
,2764,0,0,0.607447
,2764,1,2,1.0
,2764,2,0,0.9650417
,2764,3,0,0.6074463
,2765,0,0,0.6074585
,2765,1,0,0.9650396
,2765,2,2,1.0
,2765,3,0,0.60744184
,2766,0,0,0.6078301
,2766,1,2,1.0
,2766,2,0,0.965041
,2766,3,0,0.6074378
,2767,0,0,0.6167097
,2767,1,0,0.96505755
,2767,2,2,1.0
,2767,3,0,0.6074178
,2768,0,0,0.82783246
,2768,1,2,1.0
,2768,2,0,0.8987867
,2768,3,0,0.60763067
,2769,0,2,1.0
,2769,1,0,0.96500635
,2769,2,0,0.61951184
,2769,3,0,0.6071964
,2770,0,0,0.96503836
,2770,1,2,1.0
,2770,2,0,0.6079583
,2770,3,0,0.60742176
,2771,0,2,1.0
,2771,1,0,0.96504086
,2771,2,0,0.6078509
,2771,3,0,0.60743654
,2772,0,0,0.9650584
,2772,1,2,1.0
,2772,2,0,0.616712
,2772,3,0,0.607415
,2773,0,2,1.0
,2773,1,0,0.90228814
,2773,2,0,0.82790935
,2773,3,0,0.6076028
,2774,0,0,0.89870316
,2774,1,0,0.8349623
,2774,2,2,1.0
,2774,3,0,0.607384
,2775,0,0,0.6195237
,2775,1,2,1.0
,2775,2,0,0.9650065
,2775,3,0,0.6071856
,2776,0,0,0.60833025
,2776,1,0,0.96503973
,2776,2,2,1.0
,2776,3,0,0.6074177
,2777,0,0,0.6167318
,2777,1,2,1.0
,2777,2,0,0.96505827
,2777,3,0,0.6074137
,2778,0,0,0.8279137
,2778,1,0,0.90228856
,2778,2,2,1.0
,2778,3,0,0.6075997
,2779,0,2,1.0
,2779,1,0,0.835037
,2779,2,0,0.9022071
,2779,3,0,0.6073567
,2780,0,0,0.89870286
,2780,1,2,1.0
,2780,2,0,0.83496016
,2780,3,0,0.60737354
,2781,0,0,0.6195076
,2781,1,0,0.96500635
,2781,2,2,1.0
,2781,3,0,0.6071854
,2782,0,0,0.60794187
,2782,1,2,1.0
,2782,2,0,0.96503824
,2782,3,0,0.6074216
,2783,0,0,0.60746235
,2783,1,0,0.9650395
,2783,2,2,1.0
,2783,3,0,0.6074404
,2784,0,0,0.6074424
,2784,1,2,1.0
,2784,2,0,0.9650396
,2784,3,0,0.6074414
,2785,0,0,0.6074416
,2785,1,0,0.9650395
,2785,2,2,1.0
,2785,3,0,0.6074415
,2786,0,0,0.6074416
,2786,1,2,1.0
,2786,2,0,0.9650394
,2786,3,0,0.6074416
,2787,0,0,0.6074415
,2787,1,0,0.9650395
,2787,2,2,1.0
,2787,3,0,0.6074416
,2788,0,0,0.60744166
,2788,1,2,1.0
,2788,2,0,0.9650394
,2788,3,0,0.60744166
,2789,0,0,0.60744405
,2789,1,0,0.9650395
,2789,2,2,1.0
,2789,3,0,0.60744405
,2790,0,0,0.6075001
,2790,1,2,1.0
,2790,2,0,0.96503896
,2790,3,0,0.6075001
,2791,0,0,0.6087931
,2791,1,0,0.96499866
,2791,2,2,1.0
,2791,3,0,0.60879314
,2792,0,0,0.63734245
,2792,1,2,1.0
,2792,2,0,0.9590691
,2792,3,0,0.63734245
,2793,0,0,0.5263318
,2793,1,0,0.8416812
,2793,2,3,1.0
,2793,3,0,0.52633184
,2794,0,0,0.6011906
,2794,1,2,1.0
,2794,2,0,0.98035246
,2794,3,0,0.60119057
,2795,0,0,0.6071375
,2795,1,0,0.9650344
,2795,2,2,1.0
,2795,3,0,0.6071375
,2796,0,0,0.6074303
,2796,1,2,1.0
,2796,2,0,0.96503913
,2796,3,0,0.6074303
,2797,0,0,0.6074873
,2797,1,0,0.9650311
,2797,2,2,1.0
,2797,3,0,0.6074873
,2798,0,0,0.6081214
,2798,1,2,1.0
,2798,2,0,0.9641227
,2798,3,0,0.6081221
,2799,0,0,0.6057341
,2799,1,0,0.96477425
,2799,2,3,1.0
,2799,3,0,0.6057503
,2800,0,0,0.6071439
,2800,1,2,1.0
,2800,2,0,0.9803511
,2800,3,0,0.6075283
,2801,0,0,0.60747117
,2801,1,0,0.96505207
,2801,2,2,1.0
,2801,3,0,0.61657506
,2802,0,0,0.6083963
,2802,1,2,1.0
,2802,2,0,0.8990868
,2802,3,0,0.8240942
,2803,0,0,0.60617936
,2803,1,0,0.96382535
,2803,2,0,0.6190295
,2803,3,3,1.0
,2804,0,0,0.605138
,2804,1,3,1.0
,2804,2,0,0.6149932
,2804,3,0,0.9803494
,2805,0,0,0.6073709
,2805,1,0,0.94344854
,2805,2,0,0.82776016
,2805,3,2,1.0
,2806,0,0,0.60735124
,2806,1,0,0.83600056
,2806,2,2,1.0
,2806,3,0,0.89869523
,2807,0,0,0.60718507
,2807,1,2,1.0
,2807,2,0,0.9650065
,2807,3,0,0.6195078
,2808,0,0,0.60742164
,2808,1,0,0.96503836
,2808,2,2,1.0
,2808,3,0,0.6079419
,2809,0,0,0.6074427
,2809,1,2,1.0
,2809,2,0,0.9650394
,2809,3,0,0.6074646
,2810,0,0,0.6074964
,2810,1,0,0.9650402
,2810,2,2,1.0
,2810,3,0,0.60749733
,2811,0,0,0.6087731
,2811,1,2,1.0
,2811,2,0,0.96505135
,2811,3,0,0.6087732
,2812,0,0,0.6395198
,2812,1,0,0.94335866
,2812,2,2,1.0
,2812,3,0,0.63951975
,2813,0,0,0.5206466
,2813,1,2,1.0
,2813,2,0,0.7277245
,2813,3,0,0.5206465
,2814,0,0,0.60083514
,2814,1,0,0.9646628
,2814,2,2,1.0
,2814,3,0,0.60083514
,2815,0,0,0.60893446
,2815,1,2,1.0
,2815,2,0,0.9650343
,2815,3,0,0.60893446
,2816,0,0,0.65119
,2816,1,0,0.93122375
,2816,2,2,1.0
,2816,3,0,0.65119
,2817,0,1,0.5129827
,2817,1,2,1.0
,2817,2,1,0.9592294
,2817,3,1,0.5129827
,2818,0,0,0.5928622
,2818,1,0,0.96379864
,2818,2,3,1.0
,2818,3,0,0.5928622
,2819,0,0,0.60786766
,2819,1,2,1.0
,2819,2,0,0.98035574
,2819,3,0,0.60786766
,2820,0,0,0.6424754
,2820,1,0,0.9429173
,2820,2,2,1.0
,2820,3,0,0.64247537
,2821,0,0,0.55901134
,2821,1,2,1.0
,2821,2,0,0.5922506
,2821,3,0,0.5590101
,2822,0,1,0.50589633
,2822,1,0,0.71226996
,2822,2,2,1.0
,2822,3,1,0.505914
,2823,0,0,0.5994109
,2823,1,2,1.0
,2823,2,0,0.9645754
,2823,3,0,0.59901816
,2824,0,0,0.6169076
,2824,1,0,0.96411973
,2824,2,2,1.0
,2824,3,0,0.60767704
,2825,0,0,0.8230151
,2825,1,3,1.0
,2825,2,0,0.90207565
,2825,3,0,0.60664
,2826,0,3,1.0
,2826,1,0,0.9434885
,2826,2,0,0.8337419
,2826,3,0,0.60532033
,2827,0,0,0.9413284
,2827,1,0,0.8358911
,2827,2,2,1.0
,2827,3,0,0.60747296
,2828,0,0,0.6212647
,2828,1,2,1.0
,2828,2,0,0.9650226
,2828,3,0,0.6164249
,2829,0,0,0.6081745
,2829,1,0,0.90228546
,2829,2,2,1.0
,2829,3,0,0.8278998
,2830,0,0,0.60738075
,2830,1,0,0.8350366
,2830,2,0,0.9022071
,2830,3,2,1.0
,2831,0,0,0.607377
,2831,1,2,1.0
,2831,2,0,0.8349593
,2831,3,0,0.8987037
,2832,0,0,0.607232
,2832,1,0,0.9649979
,2832,2,2,1.0
,2832,3,0,0.61955357
,2833,0,0,0.60810465
,2833,1,2,1.0
,2833,2,0,0.96412134
,2833,3,0,0.6086248
,2834,0,0,0.6057851
,2834,1,0,0.96476334
,2834,2,3,1.0
,2834,3,0,0.6058081
,2835,0,0,0.6078931
,2835,1,2,1.0
,2835,2,0,0.9798246
,2835,3,0,0.60791075
,2836,0,0,0.60643595
,2836,1,0,0.9638623
,2836,2,3,1.0
,2836,3,0,0.6068277
,2837,0,0,0.6052143
,2837,1,3,1.0
,2837,2,0,0.98034525
,2837,3,0,0.6143553
,2838,0,0,0.60803515
,2838,1,0,0.9436331
,2838,2,2,1.0
,2838,3,0,0.82401174
,2839,0,0,0.60570866
,2839,1,0,0.8349654
,2839,2,0,0.9016151
,2839,3,3,1.0
,2840,0,0,0.6078951
,2840,1,2,1.0
,2840,2,0,0.83122045
,2840,3,0,0.9415183
,2841,0,0,0.6061188
,2841,1,0,0.9638175
,2841,2,3,0.9977592
,2841,3,0,0.6204186
,2842,0,0,0.6051687
,2842,1,3,1.0
,2842,2,0,0.9802978
,2842,3,0,0.6057823
,2843,0,0,0.6071347
,2843,1,0,0.98035026
,2843,2,2,1.0
,2843,3,0,0.6071606
,2844,0,0,0.6074462
,2844,1,2,1.0
,2844,2,0,0.9650417
,2844,3,0,0.6074473
,2845,0,0,0.607443
,2845,1,0,0.9650396
,2845,2,2,1.0
,2845,3,0,0.6074423
,2846,0,0,0.6074603
,2846,1,2,1.0
,2846,2,0,0.9650394
,2846,3,0,0.6074435
,2847,0,0,0.6078786
,2847,1,0,0.96503305
,2847,2,2,1.0
,2847,3,0,0.60748124
,2848,0,0,0.6174668
,2848,1,2,1.0
,2848,2,0,0.96413535
,2848,3,0,0.60805696
,2849,0,0,0.82674843
,2849,1,0,0.9017699
,2849,2,3,1.0
,2849,3,0,0.6059817
,2850,0,2,1.0
,2850,1,0,0.8348413
,2850,2,0,0.9414193
,2850,3,0,0.60714024
,2851,0,0,0.9650224
,2851,1,2,1.0
,2851,2,0,0.6304326
,2851,3,0,0.60712755
,2852,0,2,1.0
,2852,1,0,0.9022845
,2852,2,0,0.8282511
,2852,3,0,0.6075831
,2853,0,0,0.89872164
,2853,1,0,0.83492243
,2853,2,2,1.0
,2853,3,0,0.607432
,2854,0,0,0.6201802
,2854,1,2,1.0
,2854,2,0,0.96408844
,2854,3,0,0.6078632
,2855,0,0,0.6062311
,2855,1,0,0.9647716
,2855,2,3,1.0
,2855,3,0,0.60570437
,2856,0,0,0.6071656
,2856,1,2,1.0
,2856,2,0,0.9803504
,2856,3,0,0.6071433
,2857,0,0,0.60744715
,2857,1,0,0.9650417
,2857,2,2,1.0
,2857,3,0,0.6074462
,2858,0,0,0.60744226
,2858,1,2,1.0
,2858,2,0,0.9650396
,2858,3,0,0.60744214
,2859,0,0,0.6074416
,2859,1,0,0.9650395
,2859,2,2,1.0
,2859,3,0,0.6074416
,2860,0,0,0.60744226
,2860,1,2,1.0
,2860,2,0,0.9650394
,2860,3,0,0.6074415
,2861,0,0,0.6074579
,2861,1,0,0.9650396
,2861,2,2,1.0
,2861,3,0,0.60744125
,2862,0,0,0.60783005
,2862,1,2,1.0
,2862,2,0,0.965041
,2862,3,0,0.6074377
,2863,0,0,0.6167112
,2863,1,0,0.9650584
,2863,2,2,1.0
,2863,3,0,0.60741544
,2864,0,0,0.8279135
,2864,1,2,1.0
,2864,2,0,0.90228856
,2864,3,0,0.60761607
,2865,0,2,1.0
,2865,1,0,0.90220714
,2865,2,0,0.8350438
,2865,3,0,0.6077459
,2866,0,0,0.8986917
,2866,1,0,0.83504605
,2866,2,2,1.0
,2866,3,0,0.6166558
,2867,0,0,0.61969954
,2867,1,2,1.0
,2867,2,0,0.8988545
,2867,3,0,0.8276825
,2868,0,0,0.6077181
,2868,1,0,0.96501595
,2868,2,0,0.62851924
,2868,3,2,1.0
,2869,0,0,0.6083236
,2869,1,2,1.0
,2869,2,0,0.82442415
,2869,3,0,0.8990553
,2870,0,0,0.6054686
,2870,1,0,0.96474
,2870,2,3,1.0
,2870,3,0,0.61831397
,2871,0,0,0.6070982
,2871,1,2,1.0
,2871,2,0,0.98036045
,2871,3,0,0.616918
,2872,0,0,0.60760504
,2872,1,0,0.9022932
,2872,2,2,1.0
,2872,3,0,0.82792485
,2873,0,0,0.60738033
,2873,1,0,0.8349692
,2873,2,0,0.89885145
,2873,3,2,1.0
,2874,0,0,0.60716
,2874,1,2,1.0
,2874,2,0,0.6286672
,2874,3,0,0.96502537
,2875,0,0,0.6075829
,2875,1,0,0.9022853
,2875,2,0,0.8282081
,2875,3,2,1.0
,2876,0,0,0.60738313
,2876,1,0,0.83496225
,2876,2,2,1.0
,2876,3,0,0.89870286
,2877,0,0,0.6071859
,2877,1,2,1.0
,2877,2,0,0.96500623
,2877,3,0,0.6195076
,2878,0,0,0.6074216
,2878,1,0,0.96503836
,2878,2,2,1.0
,2878,3,0,0.60794187
,2879,0,0,0.6074404
,2879,1,2,1.0
,2879,2,0,0.9650394
,2879,3,0,0.60746235
,2880,0,0,0.6074415
,2880,1,0,0.9650395
,2880,2,2,1.0
,2880,3,0,0.6074424
,2881,0,0,0.6074416
,2881,1,2,1.0
,2881,2,0,0.9650394
,2881,3,0,0.60744166
,2882,0,0,0.60744387
,2882,1,0,0.96503925
,2882,2,2,1.0
,2882,3,0,0.60744387
,2883,0,0,0.6074879
,2883,1,2,1.0
,2883,2,0,0.9650311
,2883,3,0,0.6074879
,2884,0,0,0.60812145
,2884,1,0,0.9641226
,2884,2,2,1.0
,2884,3,0,0.60812145
,2885,0,0,0.60573435
,2885,1,3,1.0
,2885,2,0,0.96477413
,2885,3,0,0.60573435
,2886,0,0,0.6071452
,2886,1,0,0.98035026
,2886,2,2,1.0
,2886,3,0,0.60714525
,2887,0,0,0.6074462
,2887,1,2,1.0
,2887,2,0,0.9650417
,2887,3,0,0.6074462
,2888,0,0,0.60744214
,2888,1,0,0.9650395
,2888,2,2,1.0
,2888,3,0,0.60744214
,2889,0,0,0.6074416
,2889,1,2,1.0
,2889,2,0,0.9650396
,2889,3,0,0.6074416
,2890,0,0,0.6074415
,2890,1,0,0.9650395
,2890,2,2,1.0
,2890,3,0,0.6074415
,2891,0,0,0.6074415
,2891,1,2,1.0
,2891,2,0,0.9650394
,2891,3,0,0.6074416
,2892,0,0,0.6074416
,2892,1,0,0.9650395
,2892,2,2,1.0
,2892,3,0,0.6074416
,2893,0,0,0.6074416
,2893,1,2,1.0
,2893,2,0,0.9650394
,2893,3,0,0.6074416
,2894,0,0,0.6074415
,2894,1,0,0.9650395
,2894,2,2,1.0
,2894,3,0,0.6074415
,2895,0,0,0.6074415
,2895,1,2,1.0
,2895,2,0,0.9650394
,2895,3,0,0.6074416
,2896,0,0,0.6074416
,2896,1,0,0.9650395
,2896,2,2,1.0
,2896,3,0,0.60744226
,2897,0,0,0.6074413
,2897,1,2,1.0
,2897,2,0,0.9650396
,2897,3,0,0.6074579
,2898,0,0,0.6074376
,2898,1,0,0.965041
,2898,2,2,1.0
,2898,3,0,0.6078301
,2899,0,0,0.6074148
,2899,1,2,1.0
,2899,2,0,0.9650585
,2899,3,0,0.61671114
,2900,0,0,0.60759974
,2900,1,0,0.90228856
,2900,2,2,1.0
,2900,3,0,0.8279132
,2901,0,0,0.60735655
,2901,1,0,0.8350372
,2901,2,0,0.90220726
,2901,3,2,1.0
,2902,0,0,0.60737187
,2902,1,2,1.0
,2902,2,0,0.8349667
,2902,3,0,0.89885116
,2903,0,0,0.6072201
,2903,1,0,0.9650251
,2903,2,2,1.0
,2903,3,0,0.6286662
,2904,0,0,0.6090088
,2904,1,2,1.0
,2904,2,0,0.90088576
,2904,3,0,0.8281726
,2905,0,0,0.6407023
,2905,1,0,0.91643745
,2905,2,0,0.74875546
,2905,3,2,1.0
,2906,0,0,0.5160334
,2906,1,0,0.77836365
,2906,2,2,1.0
,2906,3,1,0.52677655
,2907,0,0,0.6019904
,2907,1,2,1.0
,2907,2,0,0.9018099
,2907,3,0,0.81883186
,2908,0,0,0.60716265
,2908,1,0,0.8997076
,2908,2,0,0.83378446
,2908,3,3,1.0
,2909,0,0,0.64975727
,2909,1,0,0.7161995
,2909,2,2,1.0
,2909,3,0,0.9506689
,2910,0,1,0.5102939
,2910,1,2,1.0
,2910,2,1,0.75151557
,2910,3,0,0.5129028
,2911,0,0,0.5933503
,2911,1,0,0.9638522
,2911,2,3,1.0
,2911,3,0,0.5943919
,2912,0,0,0.60643727
,2912,1,2,1.0
,2912,2,0,0.9803504
,2912,3,0,0.6064814
,2913,0,0,0.60741234
,2913,1,0,0.9650412
,2913,2,2,1.0
,2913,3,0,0.6074142
,2914,0,0,0.60744065
,2914,1,2,1.0
,2914,2,0,0.9650396
,2914,3,0,0.60744077
,2915,0,0,0.6074415
,2915,1,0,0.9650395
,2915,2,2,1.0
,2915,3,0,0.6074415
,2916,0,0,0.6074416
,2916,1,2,1.0
,2916,2,0,0.9650394
,2916,3,0,0.6074416
,2917,0,0,0.6074416
,2917,1,0,0.9650395
,2917,2,2,1.0
,2917,3,0,0.6074416
,2918,0,0,0.6074415
,2918,1,2,1.0
,2918,2,0,0.9650394
,2918,3,0,0.6074415
,2919,0,0,0.6074415
,2919,1,0,0.9650395
,2919,2,2,1.0
,2919,3,0,0.6074416
,2920,0,0,0.6074416
,2920,1,2,1.0
,2920,2,0,0.9650394
,2920,3,0,0.60744226
,2921,0,0,0.6074413
,2921,1,0,0.9650396
,2921,2,2,1.0
,2921,3,0,0.6074579
,2922,0,0,0.6074378
,2922,1,2,1.0
,2922,2,0,0.965041
,2922,3,0,0.6078301
,2923,0,0,0.60741776
,2923,1,0,0.96505755
,2923,2,2,1.0
,2923,3,0,0.6167097
,2924,0,0,0.6076304
,2924,1,2,1.0
,2924,2,0,0.89879274
,2924,3,0,0.82783276
,2925,0,0,0.6071926
,2925,1,0,0.9650078
,2925,2,0,0.6198953
,2925,3,2,1.0
,2926,0,0,0.60739803
,2926,1,2,1.0
,2926,2,0,0.6172059
,2926,3,0,0.9650564
,2927,0,0,0.6076252
,2927,1,0,0.89893484
,2927,2,0,0.82785153
,2927,3,2,1.0
,2928,0,0,0.6071702
,2928,1,0,0.6286709
,2928,2,2,1.0
,2928,3,0,0.96502537
,2929,0,0,0.6075801
,2929,1,0,0.828212
,2929,2,0,0.9022858
,2929,3,2,1.0
,2930,0,0,0.60735273
,2930,1,2,1.0
,2930,2,0,0.83504057
,2930,3,0,0.9022076
,2931,0,0,0.6073432
,2931,1,0,0.9022075
,2931,2,2,1.0
,2931,3,0,0.8350385
,2932,0,0,0.60734653
,2932,1,0,0.8350348
,2932,2,0,0.9022071
,2932,3,2,1.0
,2933,0,0,0.6073893
,2933,1,2,1.0
,2933,2,0,0.8349605
,2933,3,0,0.8987026
,2934,0,0,0.60757405
,2934,1,0,0.9650078
,2934,2,2,1.0
,2934,3,0,0.6195039
,2935,0,0,0.61669016
,2935,1,2,1.0
,2935,2,0,0.9650564
,2935,3,0,0.60791856
,2936,0,0,0.8278386
,2936,1,0,0.8989347
,2936,2,2,1.0
,2936,3,0,0.6076634
,2937,0,2,1.0
,2937,1,0,0.62866896
,2937,2,0,0.96502584
,2937,3,0,0.60755754
,2938,0,0,0.89878803
,2938,1,0,0.8281899
,2938,2,2,1.0
,2938,3,0,0.61675227
,2939,0,0,0.6203252
,2939,1,2,1.0
,2939,2,0,0.90250266
,2939,3,0,0.8240195
,2940,0,0,0.60620713
,2940,1,0,0.90167373
,2940,2,0,0.8339537
,2940,3,3,1.0
,2941,0,0,0.60715294
,2941,1,0,0.8348318
,2941,2,2,1.0
,2941,3,0,0.9413294
,2942,0,0,0.6071533
,2942,1,2,1.0
,2942,2,0,0.9650035
,2942,3,0,0.6213064
,2943,0,0,0.6074152
,2943,1,0,0.9650396
,2943,2,2,1.0
,2943,3,0,0.6084044
,2944,0,0,0.60741365
,2944,1,2,1.0
,2944,2,0,0.96505827
,2944,3,0,0.61673486
,2945,0,0,0.60760283
,2945,1,0,0.90228856
,2945,2,2,1.0
,2945,3,0,0.8279139
,2946,0,0,0.607433
,2946,1,0,0.8350391
,2946,2,0,0.9022071
,2946,3,2,1.0
,2947,0,0,0.6092023
,2947,1,2,1.0
,2947,2,0,0.83497846
,2947,3,0,0.90023834
,2948,0,0,0.65059334
,2948,1,0,0.92049485
,2948,2,2,1.0
,2948,3,0,0.7136835
,2949,0,1,0.51513094
,2949,1,0,0.7569062
,2949,2,1,0.9606839
,2949,3,2,1.0
,2950,0,0,0.59950644
,2950,1,2,1.0
,2950,2,0,0.8110391
,2950,3,0,0.9013904
,2951,0,0,0.60694194
,2951,1,0,0.89881986
,2951,2,2,1.0
,2951,3,0,0.834892
,2952,0,0,0.6071437
,2952,1,0,0.6286611
,2952,2,0,0.965024
,2952,3,2,1.0
,2953,0,0,0.6076521
,2953,1,0,0.8280989
,2953,2,2,1.0
,2953,3,0,0.8989515
,2954,0,0,0.6078158
,2954,1,2,1.0
,2954,2,0,0.96410066
,2954,3,0,0.6294178
,2955,0,0,0.6059981
,2955,1,0,0.89839566
,2955,2,3,1.0
,2955,3,0,0.82691336
,2956,0,0,0.6068927
,2956,1,0,0.6282767
,2956,2,0,0.980356
,2956,3,2,1.0
,2957,0,0,0.60829645
,2957,1,0,0.8244327
,2957,2,2,1.0
,2957,3,0,0.8992026
,2958,0,0,0.6054357
,2958,1,3,1.0
,2958,2,0,0.96477026
,2958,3,0,0.6271
,2959,0,0,0.60738575
,2959,1,0,0.9414166
,2959,2,2,1.0
,2959,3,0,0.82798594
,2960,0,0,0.6071439
,2960,1,0,0.63043064
,2960,2,0,0.96502143
,2960,3,2,1.0
,2961,0,0,0.6076579
,2961,1,0,0.8281344
,2961,2,2,1.0
,2961,3,0,0.8988023
,2962,0,0,0.60787237
,2962,1,2,1.0
,2962,2,0,0.96408844
,2962,3,0,0.62019986
,2963,0,0,0.605701
,2963,1,0,0.96477336
,2963,2,3,1.0
,2963,3,0,0.60662085
,2964,0,0,0.6071212
,2964,1,2,1.0
,2964,2,0,0.98036
,2964,3,0,0.61643636
,2965,0,0,0.60764635
,2965,1,0,0.8989402
,2965,2,2,1.0
,2965,3,0,0.82784265
,2966,0,0,0.60755736
,2966,1,0,0.6286695
,2966,2,0,0.96502584
,2966,3,2,1.0
,2967,0,0,0.6167535
,2967,1,0,0.8281845
,2967,2,2,1.0
,2967,3,0,0.89878994
,2968,0,0,0.82397354
,2968,1,2,1.0
,2968,2,0,0.89912176
,2968,3,0,0.6203807
,2969,0,3,1.0
,2969,1,0,0.96476805
,2969,2,0,0.6270804
,2969,3,0,0.6059313
,2970,0,0,0.94344896
,2970,1,2,1.0
,2970,2,0,0.8280576
,2970,3,0,0.6073785
,2971,0,0,0.8360786
,2971,1,0,0.90220016
,2971,2,2,1.0
,2971,3,0,0.607337
,2972,0,2,1.0
,2972,1,0,0.83504117
,2972,2,0,0.9022071
,2972,3,0,0.60772896
,2973,0,0,0.89870757
,2973,1,2,1.0
,2973,2,0,0.83501726
,2973,3,0,0.61651707
,2974,0,0,0.6203248
,2974,1,0,0.90250236
,2974,2,2,1.0
,2974,3,0,0.82401276
,2975,0,0,0.6062552
,2975,1,0,0.8339139
,2975,2,0,0.90162283
,2975,3,3,1.0
,2976,0,0,0.6078461
,2976,1,2,1.0
,2976,2,0,0.8312411
,2976,3,0,0.94150114
,2977,0,0,0.60539913
,2977,1,0,0.9647312
,2977,2,3,1.0
,2977,3,0,0.6197002
,2978,0,0,0.6071184
,2978,1,2,1.0
,2978,2,0,0.9803504
,2978,3,0,0.6077231
,2979,0,0,0.6074447
,2979,1,0,0.9650417
,2979,2,2,1.0
,2979,3,0,0.6074703
,2980,0,0,0.60744214
,2980,1,2,1.0
,2980,2,0,0.9650396
,2980,3,0,0.6074433
,2981,0,0,0.6074416
,2981,1,0,0.9650395
,2981,2,2,1.0
,2981,3,0,0.6074416
,2982,0,0,0.60744226
,2982,1,2,1.0
,2982,2,0,0.9650394
,2982,3,0,0.6074416
,2983,0,0,0.6074579
,2983,1,0,0.9650396
,2983,2,2,1.0
,2983,3,0,0.6074413
,2984,0,0,0.60783005
,2984,1,2,1.0
,2984,2,0,0.965041
,2984,3,0,0.60743773
,2985,0,0,0.61670977
,2985,1,0,0.9650577
,2985,2,2,1.0
,2985,3,0,0.6074175
,2986,0,0,0.827839
,2986,1,2,1.0
,2986,2,0,0.89893484
,2986,3,0,0.60762656
,2987,0,2,1.0
,2987,1,0,0.96502453
,2987,2,0,0.62866944
,2987,3,0,0.60717326
,2988,0,0,0.8987836
,2988,1,2,1.0
,2988,2,0,0.82813126
,2988,3,0,0.60761124
,2989,0,0,0.6195111
,2989,1,0,0.96500635
,2989,2,2,1.0
,2989,3,0,0.60719556
,2990,0,0,0.60794216
,2990,1,2,1.0
,2990,2,0,0.96503824
,2990,3,0,0.6074222
,2991,0,0,0.60746473
,2991,1,0,0.96503925
,2991,2,2,1.0
,2991,3,0,0.6074428
,2992,0,0,0.60748947
,2992,1,2,1.0
,2992,2,0,0.9650311
,2992,3,0,0.60748786
,2993,0,0,0.60813785
,2993,1,0,0.9641227
,2993,2,2,1.0
,2993,3,0,0.60812104
,2994,0,0,0.6061239
,2994,1,3,1.0
,2994,2,0,0.96477574
,2994,3,0,0.60573035
,2995,0,0,0.6164174
,2995,1,0,0.98036045
,2995,2,2,1.0
,2995,3,0,0.60712
,2996,0,0,0.82791245
,2996,1,2,1.0
,2996,2,0,0.9022933
,2996,3,0,0.60760635
,2997,0,2,1.0
,2997,1,0,0.89885134
,2997,2,0,0.8349693
,2997,3,0,0.60738033
,2998,0,0,0.96502537
,2998,1,0,0.6286672
,2998,2,2,1.0
,2998,3,0,0.60716
,2999,0,2,1.0
,2999,1,0,0.82820827
,2999,2,0,0.90228534
,2999,3,0,0.60758275
,3000,0,0,0.8988491
,3000,1,2,1.0
,3000,2,0,0.8349681
,3000,3,0,0.60738117
,3001,0,0,0.6285275
,3001,1,0,0.9650181
,3001,2,2,1.0
,3001,3,0,0.6072055
,3002,0,0,0.8244521
,3002,1,2,1.0
,3002,2,0,0.9025311
,3002,3,0,0.6083015
,3003,0,3,1.0
,3003,1,0,0.90198594
,3003,2,0,0.8303658
,3003,3,0,0.60638744
,3004,0,0,0.94345844
,3004,1,0,0.8336968
,3004,2,3,1.0
,3004,3,0,0.60532534
,3005,0,0,0.832358
,3005,1,2,1.0
,3005,2,0,0.9436375
,3005,3,0,0.60770965
,3006,0,3,1.0
,3006,1,0,0.9016618
,3006,2,0,0.8350006
,3006,3,0,0.60563
,3007,0,0,0.9413293
,3007,1,0,0.83483166
,3007,2,2,1.0
,3007,3,0,0.6071296
,3008,0,0,0.6212901
,3008,1,2,1.0
,3008,2,0,0.9650035
,3008,3,0,0.60716885
,3009,0,0,0.60801226
,3009,1,0,0.9650396
,3009,2,2,1.0
,3009,3,0,0.6078076
,3010,0,0,0.6074414
,3010,1,2,1.0
,3010,2,0,0.96505755
,3010,3,0,0.6167085
,3011,0,0,0.6076276
,3011,1,0,0.89893496
,3011,2,2,1.0
,3011,3,0,0.827839
,3012,0,0,0.6071733
,3012,1,0,0.62866944
,3012,2,0,0.96502465
,3012,3,2,1.0
,3013,0,0,0.60761124
,3013,1,0,0.82813126
,3013,2,2,1.0
,3013,3,0,0.89878386
,3014,0,0,0.6071952
,3014,1,2,1.0
,3014,2,0,0.9650065
,3014,3,0,0.61952716
,3015,0,0,0.60741806
,3015,1,0,0.96503973
,3015,2,2,1.0
,3015,3,0,0.6083303
,3016,0,0,0.6074138
,3016,1,2,1.0
,3016,2,0,0.96505827
,3016,3,0,0.6167317
,3017,0,0,0.6076024
,3017,1,0,0.90228814
,3017,2,2,1.0
,3017,3,0,0.8279101
,3018,0,0,0.6073798
,3018,1,0,0.8349688
,3018,2,0,0.8988513
,3018,3,2,1.0
,3019,0,0,0.6071606
,3019,1,2,1.0
,3019,2,0,0.62866706
,3019,3,0,0.96502537
,3020,0,0,0.6075992
,3020,1,0,0.9022853
,3020,2,0,0.82820827
,3020,3,2,1.0
,3021,0,0,0.607772
,3021,1,0,0.834969
,3021,2,2,1.0
,3021,3,0,0.89870125
,3022,0,0,0.6164578
,3022,1,2,1.0
,3022,2,0,0.96502465
,3022,3,0,0.6194842
,3023,0,0,0.82782704
,3023,1,0,0.89893204
,3023,2,2,1.0
,3023,3,0,0.60812706
,3024,0,2,1.0
,3024,1,0,0.628669
,3024,2,0,0.96502465
,3024,3,0,0.6071939
,3025,0,0,0.8989298
,3025,1,0,0.8281373
,3025,2,2,1.0
,3025,3,0,0.6076101
,3026,0,0,0.6285309
,3026,1,2,1.0
,3026,2,0,0.965018
,3026,3,0,0.607216
,3027,0,0,0.82444733
,3027,1,0,0.902533
,3027,2,2,1.0
,3027,3,0,0.6083144
,3028,0,3,1.0
,3028,1,0,0.8302847
,3028,2,0,0.8985954
,3028,3,0,0.6064943
,3029,0,0,0.9803498
,3029,1,3,1.0
,3029,2,0,0.6266249
,3029,3,0,0.6052478
,3030,0,2,1.0
,3030,1,0,0.9413291
,3030,2,0,0.8280286
,3030,3,0,0.61652404
,3031,0,0,0.898973
,3031,1,0,0.6221692
,3031,2,2,1.0
,3031,3,0,0.82394946
,3032,0,0,0.61828506
,3032,1,0,0.6060588
,3032,2,0,0.9647371
,3032,3,3,1.0
,3033,0,0,0.6167735
,3033,1,0,0.6075555
,3033,2,2,1.0
,3033,3,0,0.98035693
,3034,0,0,0.82417405
,3034,1,0,0.61756027
,3034,2,0,0.8992073
,3034,3,2,1.0
,3035,0,3,1.0
,3035,1,0,0.82287747
,3035,2,0,0.6282021
,3035,3,0,0.8984144
,3036,0,0,0.94349
,3036,1,3,1.0
,3036,2,0,0.8266163
,3036,3,0,0.6178232
,3037,0,0,0.8359533
,3037,1,0,0.9434517
,3037,2,2,1.0
,3037,3,0,0.60757387
,3038,0,2,1.0
,3038,1,0,0.83604
,3038,2,0,0.9021483
,3038,3,0,0.60739464
,3039,0,0,0.8989645
,3039,1,2,1.0
,3039,2,0,0.83137167
,3039,3,0,0.6084519
,3040,0,0,0.61787826
,3040,1,0,0.96476954
,3040,2,3,1.0
,3040,3,0,0.6147386
,3041,0,0,0.6078998
,3041,1,2,1.0
,3041,2,0,0.94344896
,3041,3,0,0.82774365
,3042,0,0,0.6077342
,3042,1,0,0.9021996
,3042,2,0,0.83608127
,3042,3,2,1.0
,3043,0,0,0.6166571
,3043,1,0,0.83504975
,3043,2,2,1.0
,3043,3,0,0.89869064
,3044,0,0,0.82775825
,3044,1,2,1.0
,3044,2,0,0.90221286
,3044,3,0,0.61967075
,3045,0,2,1.0
,3045,1,0,0.90220445
,3045,2,0,0.835033
,3045,3,0,0.6078541
,3046,0,0,0.9022071
,3046,1,0,0.8350348
,3046,2,2,1.0
,3046,3,0,0.6073667
,3047,0,0,0.8349666
,3047,1,2,1.0
,3047,2,0,0.8988513
,3047,3,0,0.6073699
,3048,0,2,1.0
,3048,1,0,0.96502453
,3048,2,0,0.6286658
,3048,3,0,0.60716236
,3049,0,0,0.8987836
,3049,1,2,1.0
,3049,2,0,0.82813126
,3049,3,0,0.6076108
,3050,0,0,0.6195118
,3050,1,0,0.96500635
,3050,2,2,1.0
,3050,3,0,0.6071955
,3051,0,0,0.60795826
,3051,1,2,1.0
,3051,2,0,0.9650385
,3051,3,0,0.60742176
,3052,0,0,0.60785085
,3052,1,0,0.96504086
,3052,2,2,1.0
,3052,3,0,0.6074364
,3053,0,0,0.616712
,3053,1,2,1.0
,3053,2,0,0.9650585
,3053,3,0,0.6074148
,3054,0,0,0.8279132
,3054,1,0,0.90228856
,3054,2,2,1.0
,3054,3,0,0.60759974
,3055,0,2,1.0
,3055,1,0,0.8350369
,3055,2,0,0.9022071
,3055,3,0,0.6073568
,3056,0,0,0.89870286
,3056,1,2,1.0
,3056,2,0,0.83496034
,3056,3,0,0.60737354
,3057,0,0,0.6195076
,3057,1,0,0.96500635
,3057,2,2,1.0
,3057,3,0,0.6071854
,3058,0,0,0.60794187
,3058,1,2,1.0
,3058,2,0,0.96503824
,3058,3,0,0.6074216
,3059,0,0,0.60746235
,3059,1,0,0.9650395
,3059,2,2,1.0
,3059,3,0,0.6074404
,3060,0,0,0.6074424
,3060,1,2,1.0
,3060,2,0,0.9650396
,3060,3,0,0.6074415
,3061,0,0,0.6074416
,3061,1,0,0.9650395
,3061,2,2,1.0
,3061,3,0,0.6074415
,3062,0,0,0.60744226
,3062,1,2,1.0
,3062,2,0,0.9650396
,3062,3,0,0.6074416
,3063,0,0,0.6074579
,3063,1,0,0.9650396
,3063,2,2,1.0
,3063,3,0,0.6074413
,3064,0,0,0.60783005
,3064,1,2,1.0
,3064,2,0,0.965041
,3064,3,0,0.60743773
,3065,0,0,0.6167102
,3065,1,0,0.96505827
,3065,2,2,1.0
,3065,3,0,0.6074171
,3066,0,0,0.82787925
,3066,1,2,1.0
,3066,2,0,0.90223676
,3066,3,0,0.6076442
,3067,0,2,1.0
,3067,1,0,0.9024972
,3067,2,0,0.83141726
,3067,3,0,0.608009
,3068,0,0,0.9016768
,3068,1,0,0.83395904
,3068,2,3,1.0
,3068,3,0,0.6056894
,3069,0,0,0.8348321
,3069,1,2,1.0
,3069,2,0,0.94132954
,3069,3,0,0.60713136
,3070,0,2,1.0
,3070,1,0,0.9650034
,3070,2,0,0.6213064
,3070,3,0,0.6071524
,3071,0,0,0.9650396
,3071,1,2,1.0
,3071,2,0,0.60840434
,3071,3,0,0.6074153
,3072,0,2,1.0
,3072,1,0,0.96505755
,3072,2,0,0.6167335
,3072,3,0,0.6074162
,3073,0,0,0.89893496
,3073,1,2,1.0
,3073,2,0,0.8278397
,3073,3,0,0.6076263
,3074,0,0,0.6286709
,3074,1,0,0.96502537
,3074,2,2,1.0
,3074,3,0,0.60717094
,3075,0,0,0.8282122
,3075,1,2,1.0
,3075,2,0,0.9022858
,3075,3,0,0.60759664
,3076,0,2,1.0
,3076,1,0,0.90220714
,3076,2,0,0.8350438
,3076,3,0,0.607745
,3077,0,0,0.89869064
,3077,1,0,0.8350495
,3077,2,2,1.0
,3077,3,0,0.6166568
,3078,0,0,0.61967653
,3078,1,2,1.0
,3078,2,0,0.902212
,3078,3,0,0.82775325
,3079,0,0,0.6079327
,3079,1,0,0.8987245
,3079,2,0,0.83491534
,3079,3,2,1.0
,3080,0,0,0.6078753
,3080,1,0,0.62056416
,3080,2,2,1.0
,3080,3,0,0.96408963
,3081,0,0,0.60566825
,3081,1,0,0.6155071
,3081,2,0,0.96480334
,3081,3,3,1.0
,3082,0,0,0.60741
,3082,1,0,0.8276899
,3082,2,2,1.0
,3082,3,0,0.9413265
,3083,0,0,0.60718155
,3083,1,2,1.0
,3083,2,0,0.9650035
,3083,3,0,0.6212907
,3084,0,0,0.60780823
,3084,1,0,0.9650396
,3084,2,2,1.0
,3084,3,0,0.6080123
,3085,0,0,0.61670864
,3085,1,2,1.0
,3085,2,0,0.96505755
,3085,3,0,0.6074414
,3086,0,0,0.8278391
,3086,1,0,0.89893496
,3086,2,2,1.0
,3086,3,0,0.6076274
,3087,0,2,1.0
,3087,1,0,0.6286709
,3087,2,0,0.96502537
,3087,3,0,0.6071704
,3088,0,0,0.9022857
,3088,1,0,0.828212
,3088,2,2,1.0
,3088,3,0,0.6075801
,3089,0,0,0.8350407
,3089,1,2,1.0
,3089,2,0,0.9022077
,3089,3,0,0.6073534
,3090,0,2,1.0
,3090,1,0,0.9022076
,3090,2,0,0.8350388
,3090,3,0,0.60735947
,3091,0,0,0.90220714
,3091,1,0,0.8350419
,3091,2,2,1.0
,3091,3,0,0.60773486
,3092,0,0,0.83505243
,3092,1,2,1.0
,3092,2,0,0.8988401
,3092,3,0,0.6166555
,3093,0,2,1.0
,3093,1,0,0.8988454
,3093,2,0,0.6288701
,3093,3,0,0.827772
,3094,0,0,0.89869356
,3094,1,0,0.628861
,3094,2,0,0.82807046
,3094,3,2,1.0
,3095,0,0,0.61969215
,3095,1,0,0.82798153
,3095,2,2,1.0
,3095,3,0,0.89870477
,3096,0,0,0.60769683
,3096,1,2,1.0
,3096,2,0,0.96500486
,3096,3,0,0.6194982
,3097,0,0,0.607459
,3097,1,0,0.96503836
,3097,2,2,1.0
,3097,3,0,0.60794085
,3098,0,0,0.6078298
,3098,1,2,1.0
,3098,2,0,0.965041
,3098,3,0,0.60745853
,3099,0,0,0.61670977
,3099,1,0,0.9650577
,3099,2,2,1.0
,3099,3,0,0.6074184
,3100,0,0,0.827839
,3100,1,2,1.0
,3100,2,0,0.89893484
,3100,3,0,0.60762656
,3101,0,2,1.0
,3101,1,0,0.96502453
,3101,2,0,0.62866944
,3101,3,0,0.6071735
,3102,0,0,0.8987848
,3102,1,2,1.0
,3102,2,0,0.82813025
,3102,3,0,0.6076137
,3103,0,0,0.61957294
,3103,1,0,0.964998
,3103,2,2,1.0
,3103,3,0,0.6072413
,3104,0,0,0.60901034
,3104,1,2,1.0
,3104,2,0,0.9641225
,3104,3,0,0.60809296
,3105,0,0,0.6150373
,3105,1,0,0.96480614
,3105,2,3,1.0
,3105,3,0,0.60569346
,3106,0,0,0.82775736
,3106,1,2,1.0
,3106,2,0,0.94344896
,3106,3,0,0.6073788
,3107,0,2,1.0
,3107,1,0,0.90219975
,3107,2,0,0.8360747
,3107,3,0,0.6073241
,3108,0,0,0.898703
,3108,1,0,0.83496034
,3108,2,2,1.0
,3108,3,0,0.6073727
,3109,0,0,0.6195077
,3109,1,2,1.0
,3109,2,0,0.96500623
,3109,3,0,0.6071854
,3110,0,0,0.60794187
,3110,1,0,0.96503836
,3110,2,2,1.0
,3110,3,0,0.6074216
,3111,0,0,0.6074624
,3111,1,2,1.0
,3111,2,0,0.9650394
,3111,3,0,0.6074406
,3112,0,0,0.607445
,3112,1,0,0.96503925
,3112,2,2,1.0
,3112,3,0,0.60744405
,3113,0,0,0.60749257
,3113,1,2,1.0
,3113,2,0,0.96503067
,3113,3,0,0.6074918
,3114,0,0,0.60820836
,3114,1,0,0.96411675
,3114,2,2,1.0
,3114,3,0,0.6081913
,3115,0,0,0.6068432
,3115,1,3,1.0
,3115,2,0,0.96386206
,3115,3,0,0.6064438
,3116,0,0,0.61449426
,3116,1,0,0.9803492
,3116,2,3,1.0
,3116,3,0,0.6051731
,3117,0,0,0.82767934
,3117,1,2,1.0
,3117,2,0,0.9414164
,3117,3,0,0.6073978
,3118,0,2,1.0
,3118,1,0,0.9650225
,3118,2,0,0.6304335
,3118,3,0,0.6071394
,3119,0,0,0.9022849
,3119,1,2,1.0
,3119,2,0,0.8282525
,3119,3,0,0.6075807
,3120,0,0,0.8349687
,3120,1,0,0.8988513
,3120,2,2,1.0
,3120,3,0,0.6073788
,3121,0,2,1.0
,3121,1,0,0.6286672
,3121,2,0,0.96502537
,3121,3,0,0.60716
,3122,0,0,0.9022853
,3122,1,0,0.82820797
,3122,2,2,1.0
,3122,3,0,0.60758364
,3123,0,0,0.8349617
,3123,1,2,1.0
,3123,2,0,0.89870363
,3123,3,0,0.6074017
,3124,0,2,1.0
,3124,1,0,0.9649996
,3124,2,0,0.6195507
,3124,3,0,0.6076185
,3125,0,0,0.9641294
,3125,1,2,1.0
,3125,2,0,0.6086345
,3125,3,0,0.6173244
,3126,0,3,1.0
,3126,1,0,0.90207446
,3126,2,0,0.6070732
,3126,3,0,0.8230309
,3127,0,0,0.9413677
,3127,1,0,0.83372086
,3127,2,0,0.61451906
,3127,3,3,1.0
,3128,0,0,0.6220144
,3128,1,2,1.0
,3128,2,0,0.82376903
,3128,3,0,0.9415062
,3129,0,0,0.60599005
,3129,1,0,0.9647312
,3129,2,3,1.0
,3129,3,0,0.6200734
,3130,0,0,0.6071203
,3130,1,2,1.0
,3130,2,0,0.98036
,3130,3,0,0.6169881
,3131,0,0,0.60762984
,3131,1,0,0.8989401
,3131,2,2,1.0
,3131,3,0,0.82785606
,3132,0,0,0.6071739
,3132,1,0,0.62867004
,3132,2,0,0.96502465
,3132,3,2,1.0
,3133,0,0,0.60761124
,3133,1,0,0.82813126
,3133,2,2,1.0
,3133,3,0,0.8987836
,3134,0,0,0.60719556
,3134,1,2,1.0
,3134,2,0,0.96500623
,3134,3,0,0.6195111
,3135,0,0,0.60742205
,3135,1,0,0.96503836
,3135,2,2,1.0
,3135,3,0,0.607942
,3136,0,0,0.6074404
,3136,1,2,1.0
,3136,2,0,0.9650394
,3136,3,0,0.60746235
,3137,0,0,0.60744226
,3137,1,0,0.9650395
,3137,2,2,1.0
,3137,3,0,0.6074424
,3138,0,0,0.6074579
,3138,1,2,1.0
,3138,2,0,0.9650396
,3138,3,0,0.6074413
,3139,0,0,0.60783005
,3139,1,0,0.965041
,3139,2,2,1.0
,3139,3,0,0.60743773
,3140,0,0,0.61670977
,3140,1,2,1.0
,3140,2,0,0.96505755
,3140,3,0,0.6074175
,3141,0,0,0.827839
,3141,1,0,0.89893496
,3141,2,2,1.0
,3141,3,0,0.60762656
,3142,0,2,1.0
,3142,1,0,0.6286694
,3142,2,0,0.96502465
,3142,3,0,0.60717326
,3143,0,0,0.8987836
,3143,1,0,0.82813126
,3143,2,2,1.0
,3143,3,0,0.60761124
,3144,0,0,0.6195112
,3144,1,2,1.0
,3144,2,0,0.96500623
,3144,3,0,0.6071956
,3145,0,0,0.6079443
,3145,1,0,0.9650381
,3145,2,2,1.0
,3145,3,0,0.60742444
,3146,0,0,0.6075087
,3146,1,2,1.0
,3146,2,0,0.9650311
,3146,3,0,0.60748684
,3147,0,0,0.60812235
,3147,1,0,0.9641226
,3147,2,2,1.0
,3147,3,0,0.6081221
,3148,0,0,0.60573405
,3148,1,3,1.0
,3148,2,0,0.96477413
,3148,3,0,0.60575056
,3149,0,0,0.60714215
,3149,1,0,0.9803511
,3149,2,2,1.0
,3149,3,0,0.6075338
,3150,0,0,0.60743874
,3150,1,2,1.0
,3150,2,0,0.9650599
,3150,3,0,0.6167144
,3151,0,0,0.6080198
,3151,1,0,0.8987914
,3151,2,2,1.0
,3151,3,0,0.8278401
,3152,0,0,0.6164689
,3152,1,0,0.6198724
,3152,2,0,0.965026
,3152,3,2,1.0
,3153,0,0,0.82791275
,3153,1,0,0.61740696
,3153,2,2,1.0
,3153,3,0,0.8987712
,3154,0,2,1.0
,3154,1,0,0.8277722
,3154,2,0,0.902212
,3154,3,0,0.6196797
,3155,0,0,0.8987184
,3155,1,2,1.0
,3155,2,0,0.834915
,3155,3,0,0.60793346
,3156,0,0,0.6201798
,3156,1,0,0.96408844
,3156,2,2,1.0
,3156,3,0,0.60788405
,3157,0,0,0.6062311
,3157,1,3,1.0
,3157,2,0,0.9647716
,3157,3,0,0.60570514
,3158,0,0,0.6071657
,3158,1,0,0.98035026
,3158,2,2,1.0
,3158,3,0,0.60714346
,3159,0,0,0.60744953
,3159,1,2,1.0
,3159,2,0,0.96504146
,3159,3,0,0.6074485
,3160,0,0,0.60748863
,3160,1,0,0.9650311
,3160,2,2,1.0
,3160,3,0,0.6074886
,3161,0,0,0.60812163
,3161,1,2,1.0
,3161,2,0,0.9641227
,3161,3,0,0.60812163
,3162,0,0,0.60573655
,3162,1,0,0.9647739
,3162,2,3,1.0
,3162,3,0,0.6057366
,3163,0,0,0.6071913
,3163,1,2,1.0
,3163,2,0,0.9803457
,3163,3,0,0.6071913
,3164,0,0,0.60812646
,3164,1,0,0.9641249
,3164,2,2,1.0
,3164,3,0,0.60812646
,3165,0,0,0.6057353
,3165,1,3,1.0
,3165,2,0,0.96477413
,3165,3,0,0.6057361
,3166,0,0,0.6071451
,3166,1,0,0.9803504
,3166,2,2,1.0
,3166,3,0,0.6071615
,3167,0,0,0.6074424
,3167,1,2,1.0
,3167,2,0,0.96504307
,3167,3,0,0.6078348
,3168,0,0,0.6074155
,3168,1,0,0.9650585
,3168,2,2,1.0
,3168,3,0,0.6167118
,3169,0,0,0.6075998
,3169,1,2,1.0
,3169,2,0,0.90228856
,3169,3,0,0.8279132
,3170,0,0,0.6073568
,3170,1,0,0.90220714
,3170,2,0,0.835037
,3170,3,2,1.0
,3171,0,0,0.60737354
,3171,1,0,0.8349602
,3171,2,2,1.0
,3171,3,0,0.89870286
,3172,0,0,0.60718626
,3172,1,2,1.0
,3172,2,0,0.96500623
,3172,3,0,0.6195077
,3173,0,0,0.60744035
,3173,1,0,0.96503824
,3173,2,2,1.0
,3173,3,0,0.60794383
,3174,0,0,0.6078775
,3174,1,2,1.0
,3174,2,0,0.96503294
,3174,3,0,0.6075024
,3175,0,0,0.6174662
,3175,1,0,0.9641347
,3175,2,2,1.0
,3175,3,0,0.60806423
,3176,0,0,0.82661647
,3176,1,3,1.0
,3176,2,0,0.8984039
,3176,3,0,0.60602516
,3177,0,2,1.0
,3177,1,0,0.98036
,3177,2,0,0.628415
,3177,3,0,0.6068504
,3178,0,0,0.898795
,3178,1,2,1.0
,3178,2,0,0.828135
,3178,3,0,0.6076131
,3179,0,0,0.6198958
,3179,1,0,0.9650079
,3179,2,2,1.0
,3179,3,0,0.6071924
,3180,0,0,0.6172059
,3180,1,2,1.0
,3180,2,0,0.9650564
,3180,3,0,0.60739803
,3181,0,0,0.82785153
,3181,1,0,0.89893484
,3181,2,2,1.0
,3181,3,0,0.6076252
,3182,0,2,1.0
,3182,1,0,0.62867075
,3182,2,0,0.96502537
,3182,3,0,0.60717046
,3183,0,0,0.90228534
,3183,1,0,0.8282084
,3183,2,2,1.0
,3183,3,0,0.6075831
,3184,0,0,0.8349686
,3184,1,2,1.0
,3184,2,0,0.8988513
,3184,3,0,0.6073791
,3185,0,2,1.0
,3185,1,0,0.96502453
,3185,2,0,0.6286657
,3185,3,0,0.6071634
,3186,0,0,0.89878374
,3186,1,2,1.0
,3186,2,0,0.82813144
,3186,3,0,0.60762703
,3187,0,0,0.6195234
,3187,1,0,0.9650079
,3187,2,2,1.0
,3187,3,0,0.60758406
,3188,0,0,0.6083069
,3188,1,2,1.0
,3188,2,0,0.9650578
,3188,3,0,0.61669105
,3189,0,0,0.61693126
,3189,1,0,0.898774
,3189,2,2,1.0
,3189,3,0,0.8279238
,3190,0,0,0.82776135
,3190,1,0,0.61967826
,3190,2,0,0.90221244
,3190,3,2,1.0
,3191,0,2,1.0
,3191,1,0,0.60790086
,3191,2,0,0.83495516
,3191,3,0,0.8986995
,3192,0,0,0.9650078
,3192,1,0,0.6075952
,3192,2,2,1.0
,3192,3,0,0.61950344
,3193,0,2,1.0
,3193,1,0,0.61668986
,3193,2,0,0.9650562
,3193,3,0,0.60792017
,3194,0,0,0.89895433
,3194,1,0,0.8277998
,3194,2,2,1.0
,3194,3,0,0.60769343
,3195,0,0,0.62941843
,3195,1,2,1.0
,3195,2,0,0.9641013
,3195,3,0,0.6078109
,3196,0,0,0.8270479
,3196,1,0,0.90176445
,3196,2,3,1.0
,3196,3,0,0.60595053
,3197,0,2,1.0
,3197,1,0,0.8349074
,3197,2,0,0.9434512
,3197,3,0,0.6071142
,3198,0,0,0.89869493
,3198,1,2,1.0
,3198,2,0,0.83599997
,3198,3,0,0.60733926
,3199,0,0,0.6195078
,3199,1,0,0.96500635
,3199,2,2,1.0
,3199,3,0,0.60718465
,3200,0,0,0.60794187
,3200,1,2,1.0
,3200,2,0,0.96503824
,3200,3,0,0.60742223
,3201,0,0,0.60746217
,3201,1,0,0.9650395
,3201,2,2,1.0
,3201,3,0,0.60745645
,3202,0,0,0.60744077
,3202,1,2,1.0
,3202,2,0,0.96504074
,3202,3,0,0.6078244
,3203,0,0,0.6074625
,3203,1,0,0.96505034
,3203,2,2,1.0
,3203,3,0,0.6165705
,3204,0,0,0.60832274
,3204,1,2,1.0
,3204,2,0,0.8990525
,3204,3,0,0.8241207
,3205,0,0,0.60547256
,3205,1,0,0.96473837
,3205,2,0,0.6179451
,3205,3,3,1.0
,3206,0,0,0.60712177
,3206,1,2,1.0
,3206,2,0,0.608033
,3206,3,0,0.9803511
,3207,0,0,0.607461
,3207,1,0,0.9650537
,3207,2,0,0.6165951
,3207,3,2,1.0
,3208,0,0,0.608265
,3208,1,2,1.0
,3208,2,0,0.82416826
,3208,3,0,0.9025784
,3209,0,0,0.6057559
,3209,1,0,0.8981619
,3209,2,3,1.0
,3209,3,0,0.8338316
,3210,0,0,0.6068598
,3210,1,0,0.619266
,3210,2,0,0.98035014
,3210,3,2,1.0
,3211,0,0,0.60742074
,3211,1,0,0.60833585
,3211,2,2,1.0
,3211,3,0,0.96504194
,3212,0,0,0.60741717
,3212,1,0,0.616731
,3212,2,0,0.96505755
,3212,3,2,1.0
,3213,0,0,0.60763067
,3213,1,0,0.827833
,3213,2,2,1.0
,3213,3,0,0.89878666
,3214,0,0,0.60719645
,3214,1,2,1.0
,3214,2,0,0.96500623
,3214,3,0,0.6195112
,3215,0,0,0.6074221
,3215,1,0,0.96503836
,3215,2,2,1.0
,3215,3,0,0.607942
,3216,0,0,0.6074404
,3216,1,2,1.0
,3216,2,0,0.9650394
,3216,3,0,0.60746235
,3217,0,0,0.6074415
,3217,1,0,0.9650395
,3217,2,2,1.0
,3217,3,0,0.6074431
,3218,0,0,0.6074413
,3218,1,2,1.0
,3218,2,0,0.9650396
,3218,3,0,0.6074579
,3219,0,0,0.6074376
,3219,1,0,0.965041
,3219,2,2,1.0
,3219,3,0,0.60783005
,3220,0,0,0.607415
,3220,1,2,1.0
,3220,2,0,0.9650585
,3220,3,0,0.616711
,3221,0,0,0.6076026
,3221,1,0,0.90228814
,3221,2,2,1.0
,3221,3,0,0.8279096
,3222,0,0,0.6073809
,3222,1,0,0.8349685
,3222,2,0,0.89885104
,3222,3,2,1.0
,3223,0,0,0.6071836
,3223,1,2,1.0
,3223,2,0,0.6286559
,3223,3,0,0.9650227
,3224,0,0,0.60801256
,3224,1,0,0.8989477
,3224,2,0,0.82779604
,3224,3,2,1.0
,3225,0,0,0.6127504
,3225,1,0,0.62566084
,3225,2,2,1.0
,3225,3,0,0.9007609
,3226,0,0,0.62013113
,3226,1,0,0.6348723
,3226,2,2,1.0
,3226,3,0,0.63308024
,3227,0,0,0.54157954
,3227,1,0,0.78315544
,3227,2,3,1.0
,3227,3,0,0.54238164
,3228,0,0,0.60225254
,3228,1,2,1.0
,3228,2,0,0.980352
,3228,3,0,0.602287
,3229,0,0,0.6071912
,3229,1,0,0.9650355
,3229,2,2,1.0
,3229,3,0,0.6071927
,3230,0,0,0.6074327
,3230,1,2,1.0
,3230,2,0,0.96503913
,3230,3,0,0.60743284
,3231,0,0,0.6074876
,3231,1,0,0.9650311
,3231,2,2,1.0
,3231,3,0,0.60748756
,3232,0,0,0.60812455
,3232,1,2,1.0
,3232,2,0,0.9641225
,3232,3,0,0.60812455
,3233,0,0,0.6057827
,3233,1,0,0.964764
,3233,2,3,1.0
,3233,3,0,0.6057827
,3234,0,0,0.6078236
,3234,1,2,1.0
,3234,2,0,0.9798279
,3234,3,0,0.6078236
,3235,0,0,0.60572404
,3235,1,0,0.9647745
,3235,2,3,1.0
,3235,3,0,0.60572416
,3236,0,0,0.60714483
,3236,1,2,1.0
,3236,2,0,0.9803504
,3236,3,0,0.6071455
,3237,0,0,0.6074459
,3237,1,0,0.9650418
,3237,2,2,1.0
,3237,3,0,0.6074625
,3238,0,0,0.60743827
,3238,1,2,1.0
,3238,2,0,0.965041
,3238,3,0,0.6078307
,3239,0,0,0.60741484
,3239,1,0,0.9650584
,3239,2,2,1.0
,3239,3,0,0.6167112
,3240,0,0,0.6075998
,3240,1,2,1.0
,3240,2,0,0.90228856
,3240,3,0,0.8279132
,3241,0,0,0.6073568
,3241,1,0,0.90220714
,3241,2,0,0.835037
,3241,3,2,1.0
,3242,0,0,0.60737354
,3242,1,0,0.8349602
,3242,2,2,1.0
,3242,3,0,0.89870286
,3243,0,0,0.6071854
,3243,1,2,1.0
,3243,2,0,0.96500623
,3243,3,0,0.6195077
,3244,0,0,0.6074215
,3244,1,0,0.96503836
,3244,2,2,1.0
,3244,3,0,0.6079425
,3245,0,0,0.6074401
,3245,1,2,1.0
,3245,2,0,0.9650396
,3245,3,0,0.6074787
,3246,0,0,0.6074377
,3246,1,0,0.96504086
,3246,2,2,1.0
,3246,3,0,0.60783094
,3247,0,0,0.6074175
,3247,1,2,1.0
,3247,2,0,0.96505755
,3247,3,0,0.6167099
,3248,0,0,0.60762656
,3248,1,0,0.89893496
,3248,2,2,1.0
,3248,3,0,0.827839
,3249,0,0,0.60717326
,3249,1,0,0.62866944
,3249,2,0,0.96502465
,3249,3,2,1.0
,3250,0,0,0.60761124
,3250,1,0,0.82813126
,3250,2,2,1.0
,3250,3,0,0.8987836
,3251,0,0,0.60719556
,3251,1,2,1.0
,3251,2,0,0.96500623
,3251,3,0,0.6195118
,3252,0,0,0.60742176
,3252,1,0,0.96503836
,3252,2,2,1.0
,3252,3,0,0.60795826
,3253,0,0,0.60743666
,3253,1,2,1.0
,3253,2,0,0.96504074
,3253,3,0,0.6078509
,3254,0,0,0.6074176
,3254,1,0,0.9650577
,3254,2,2,1.0
,3254,3,0,0.61671066
,3255,0,0,0.6076287
,3255,1,2,1.0
,3255,2,0,0.89893293
,3255,3,0,0.8278384
,3256,0,0,0.60721785
,3256,1,0,0.9650173
,3256,2,0,0.628532
,3256,3,2,1.0
,3257,0,0,0.60830283
,3257,1,2,1.0
,3257,2,0,0.8244247
,3257,3,0,0.8990554
,3258,0,0,0.6054685
,3258,1,0,0.96474
,3258,2,3,1.0
,3258,3,0,0.618314
,3259,0,0,0.60711724
,3259,1,2,1.0
,3259,2,0,0.98036
,3259,3,0,0.6169168
,3260,0,0,0.60802203
,3260,1,0,0.8987905
,3260,2,2,1.0
,3260,3,0,0.8278548
,3261,0,0,0.6164689
,3261,1,0,0.61950487
,3261,2,0,0.9650249
,3261,3,2,1.0
,3262,0,0,0.82782775
,3262,1,0,0.60852
,3262,2,2,1.0
,3262,3,0,0.89878213
,3263,0,2,1.0
,3263,1,0,0.6164888
,3263,2,0,0.96502465
,3263,3,0,0.61948764
,3264,0,0,0.89878386
,3264,1,0,0.82782125
,3264,2,2,1.0
,3264,3,0,0.60813206
,3265,0,0,0.6195105
,3265,1,2,1.0
,3265,2,0,0.96500623
,3265,3,0,0.6072335
,3266,0,0,0.6079382
,3266,1,0,0.96503973
,3266,2,2,1.0
,3266,3,0,0.60781145
,3267,0,0,0.6074384
,3267,1,2,1.0
,3267,2,0,0.96505755
,3267,3,0,0.61670876
,3268,0,0,0.6076274
,3268,1,0,0.89893496
,3268,2,2,1.0
,3268,3,0,0.827839
,3269,0,0,0.6071733
,3269,1,0,0.62866944
,3269,2,0,0.96502465
,3269,3,2,1.0
,3270,0,0,0.60761124
,3270,1,0,0.82813126
,3270,2,2,1.0
,3270,3,0,0.8987836
,3271,0,0,0.6071962
,3271,1,2,1.0
,3271,2,0,0.96500623
,3271,3,0,0.6195111
,3272,0,0,0.60743827
,3272,1,0,0.96503836
,3272,2,2,1.0
,3272,3,0,0.60794175
,3273,0,0,0.607829
,3273,1,2,1.0
,3273,2,0,0.96504074
,3273,3,0,0.60745865
,3274,0,0,0.6167096
,3274,1,0,0.96505755
,3274,2,2,1.0
,3274,3,0,0.6074195
,3275,0,0,0.82783186
,3275,1,2,1.0
,3275,2,0,0.8987876
,3275,3,0,0.6076495
,3276,0,2,1.0
,3276,1,0,0.9649999
,3276,2,0,0.6195668
,3276,3,0,0.60763335
,3277,0,0,0.9641346
,3277,1,2,1.0
,3277,2,0,0.60895234
,3277,3,0,0.6174452
,3278,0,3,1.0
,3278,1,0,0.8982353
,3278,2,0,0.61534053
,3278,3,0,0.82676405
,3279,0,0,0.94345224
,3279,1,0,0.61950004
,3279,2,0,0.8275928
,3279,3,2,1.0
,3280,0,0,0.8359948
,3280,1,0,0.60786927
,3280,2,2,1.0
,3280,3,0,0.8986915
,3281,0,2,1.0
,3281,1,0,0.60759455
,3281,2,0,0.9650079
,3281,3,0,0.61950344
,3282,0,0,0.96505725
,3282,1,0,0.61669225
,3282,2,2,1.0
,3282,3,0,0.60791606
,3283,0,2,1.0
,3283,1,0,0.82790905
,3283,2,0,0.90228814
,3283,3,0,0.60763985
,3284,0,0,0.89870125
,3284,1,2,1.0
,3284,2,0,0.8349691
,3284,3,0,0.6077738
,3285,0,0,0.6194845
,3285,1,0,0.96502465
,3285,2,2,1.0
,3285,3,0,0.61645776
,3286,0,0,0.60813093
,3286,1,2,1.0
,3286,2,0,0.89878994
,3286,3,0,0.8278207
,3287,0,0,0.60721326
,3287,1,0,0.9650078
,3287,2,0,0.6198948
,3287,3,2,1.0
,3288,0,0,0.6073962
,3288,1,2,1.0
,3288,2,0,0.6172073
,3288,3,0,0.96505725
,3289,0,0,0.60759866
,3289,1,0,0.9022885
,3289,2,0,0.82792556
,3289,3,2,1.0
,3290,0,0,0.60735667
,3290,1,0,0.835037
,3290,2,2,1.0
,3290,3,0,0.90220714
,3291,0,0,0.60737365
,3291,1,2,1.0
,3291,2,0,0.89870274
,3291,3,0,0.8349602
,3292,0,0,0.6071878
,3292,1,0,0.9650062
,3292,2,0,0.61950994
,3292,3,2,1.0
,3293,0,0,0.60746795
,3293,1,2,1.0
,3293,2,0,0.6079889
,3293,3,0,0.96502984
,3294,0,0,0.60811996
,3294,1,0,0.9641227
,3294,2,0,0.6081584
,3294,3,2,1.0
,3295,0,0,0.6057327
,3295,1,3,1.0
,3295,2,0,0.6061192
,3295,3,0,0.9647756
,3296,0,0,0.6071671
,3296,1,0,0.980356
,3296,2,0,0.6162765
,3296,3,2,1.0
,3297,0,0,0.608327
,3297,1,2,1.0
,3297,2,0,0.8241236
,3297,3,0,0.8990576
,3298,0,0,0.60547614
,3298,1,0,0.96473825
,3298,2,3,1.0
,3298,3,0,0.61793333
,3299,0,0,0.6071691
,3299,1,2,1.0
,3299,2,0,0.9803457
,3299,3,0,0.6077125
,3300,0,0,0.6081164
,3300,1,0,0.96412605
,3300,2,2,1.0
,3300,3,0,0.6085362
,3301,0,0,0.605698
,3301,1,3,1.0
,3301,2,0,0.9648059
,3301,3,0,0.61501676
,3302,0,0,0.60740703
,3302,1,0,0.9414165
,3302,2,2,1.0
,3302,3,0,0.82768434
,3303,0,0,0.6071424
,3303,1,0,0.63043183
,3303,2,0,0.96502167
,3303,3,2,1.0
,3304,0,0,0.60761136
,3304,1,0,0.8281745
,3304,2,2,1.0
,3304,3,0,0.89878416
,3305,0,0,0.60724175
,3305,1,2,1.0
,3305,2,0,0.96499777
,3305,3,0,0.6195569
,3306,0,0,0.60810184
,3306,1,0,0.96412146
,3306,2,2,1.0
,3306,3,0,0.6086216
,3307,0,0,0.60573274
,3307,1,3,1.0
,3307,2,0,0.96477413
,3307,3,0,0.605755
,3308,0,0,0.60714513
,3308,1,0,0.9803504
,3308,2,2,1.0
,3308,3,0,0.60714597
,3309,0,0,0.6074463
,3309,1,2,1.0
,3309,2,0,0.9650417
,3309,3,0,0.6074464
,3310,0,0,0.60744226
,3310,1,0,0.9650396
,3310,2,2,1.0
,3310,3,0,0.6074428
,3311,0,0,0.607442
,3311,1,2,1.0
,3311,2,0,0.9650396
,3311,3,0,0.6074579
,3312,0,0,0.60745406
,3312,1,0,0.965041
,3312,2,2,1.0
,3312,3,0,0.6078299
,3313,0,0,0.60780644
,3313,1,2,1.0
,3313,2,0,0.96505916
,3313,3,0,0.61671036
,3314,0,0,0.6169098
,3314,1,0,0.8989236
,3314,2,2,1.0
,3314,3,0,0.8279274
,3315,0,0,0.8277785
,3315,1,0,0.6288737
,3315,2,0,0.8988455
,3315,3,2,1.0
,3316,0,2,1.0
,3316,1,0,0.82807064
,3316,2,0,0.628861
,3316,3,0,0.89869356
,3317,0,0,0.89870477
,3317,1,2,1.0
,3317,2,0,0.8279816
,3317,3,0,0.61969274
,3318,0,0,0.61949813
,3318,1,0,0.9650051
,3318,2,2,1.0
,3318,3,0,0.60771227
,3319,0,0,0.60794014
,3319,1,2,1.0
,3319,2,0,0.9650396
,3319,3,0,0.60782564
,3320,0,0,0.6074981
,3320,1,0,0.96505123
,3320,2,2,1.0
,3320,3,0,0.6165692
,3321,0,0,0.6087234
,3321,1,2,1.0
,3321,2,0,0.90253276
,3321,3,0,0.8241507
,3322,0,0,0.615851
,3322,1,0,0.89841354
,3322,2,0,0.83037484
,3322,3,3,1.0
,3323,0,0,0.82616895
,3323,1,0,0.618271
,3323,2,3,1.0
,3323,3,0,0.9413711
,3324,0,2,1.0
,3324,1,0,0.6166023
,3324,2,0,0.98036
,3324,3,0,0.6210364
,3325,0,0,0.89878684
,3325,1,0,0.82784
,3325,2,2,1.0
,3325,3,0,0.60859865
,3326,0,0,0.61948824
,3326,1,2,1.0
,3326,2,0,0.96502465
,3326,3,0,0.6164925
,3327,0,0,0.6081314
,3327,1,0,0.8987841
,3327,2,2,1.0
,3327,3,0,0.8278213
,3328,0,0,0.6072169
,3328,1,0,0.61952686
,3328,2,0,0.96500623
,3328,3,2,1.0
,3329,0,0,0.607419
,3329,1,0,0.6083303
,3329,2,2,1.0
,3329,3,0,0.96503973
,3330,0,0,0.6074138
,3330,1,0,0.6167317
,3330,2,0,0.96505827
,3330,3,2,1.0
,3331,0,0,0.6076024
,3331,1,0,0.8279101
,3331,2,2,1.0
,3331,3,0,0.90228814
,3332,0,0,0.6073799
,3332,1,2,1.0
,3332,2,0,0.8988513
,3332,3,0,0.8349687
,3333,0,0,0.6071625
,3333,1,0,0.96502453
,3333,2,0,0.628666
,3333,3,2,1.0
,3334,0,0,0.60760665
,3334,1,2,1.0
,3334,2,0,0.82813776
,3334,3,0,0.8989319
,3335,0,0,0.60717213
,3335,1,0,0.96502465
,3335,2,2,1.0
,3335,3,0,0.62866944
,3336,0,0,0.60760707
,3336,1,2,1.0
,3336,2,0,0.89893186
,3336,3,0,0.8281379
,3337,0,0,0.6071725
,3337,1,0,0.96502453
,3337,2,0,0.62866926
,3337,3,2,1.0
,3338,0,0,0.60761124
,3338,1,2,1.0
,3338,2,0,0.82813126
,3338,3,0,0.8987836
,3339,0,0,0.60719556
,3339,1,0,0.96500635
,3339,2,2,1.0
,3339,3,0,0.6195111
,3340,0,0,0.60742205
,3340,1,2,1.0
,3340,2,0,0.96503824
,3340,3,0,0.6079421
,3341,0,0,0.6074404
,3341,1,0,0.9650395
,3341,2,2,1.0
,3341,3,0,0.60746235
,3342,0,0,0.6074415
,3342,1,2,1.0
,3342,2,0,0.9650396
,3342,3,0,0.6074424
,3343,0,0,0.6074416
,3343,1,0,0.9650395
,3343,2,2,1.0
,3343,3,0,0.6074416
,3344,0,0,0.6074416
,3344,1,2,1.0
,3344,2,0,0.9650394
,3344,3,0,0.6074416
,3345,0,0,0.60744226
,3345,1,0,0.9650395
,3345,2,2,1.0
,3345,3,0,0.6074416
,3346,0,0,0.6074579
,3346,1,2,1.0
,3346,2,0,0.9650396
,3346,3,0,0.6074413
,3347,0,0,0.60783005
,3347,1,0,0.965041
,3347,2,2,1.0
,3347,3,0,0.6074379
,3348,0,0,0.6167097
,3348,1,2,1.0
,3348,2,0,0.96505755
,3348,3,0,0.6074209
,3349,0,0,0.8278356
,3349,1,0,0.89885116
,3349,2,2,1.0
,3349,3,0,0.6077064
,3350,0,2,1.0
,3350,1,0,0.62349933
,3350,2,0,0.9650111
,3350,3,0,0.60902375
,3351,0,0,0.92055285
,3351,1,0,0.7036066
,3351,2,2,1.0
,3351,3,0,0.650834
,3352,0,0,0.75655806
,3352,1,2,1.0
,3352,2,1,0.96209586
,3352,3,1,0.514991
,3353,0,2,1.0
,3353,1,0,0.9646657
,3353,2,0,0.58927083
,3353,3,0,0.5990571
,3354,0,0,0.89876705
,3354,1,2,1.0
,3354,2,0,0.8270955
,3354,3,0,0.6072181
,3355,0,0,0.61950827
,3355,1,0,0.96500605
,3355,2,2,1.0
,3355,3,0,0.6071773
,3356,0,0,0.60794157
,3356,1,2,1.0
,3356,2,0,0.9650385
,3356,3,0,0.6074374
,3357,0,0,0.6074585
,3357,1,0,0.96504086
,3357,2,2,1.0
,3357,3,0,0.6078289
,3358,0,0,0.6074158
,3358,1,2,1.0
,3358,2,0,0.9650585
,3358,3,0,0.616711
,3359,0,0,0.60760224
,3359,1,0,0.90228814
,3359,2,2,1.0
,3359,3,0,0.8279122
,3360,0,0,0.6074039
,3360,1,0,0.83500195
,3360,2,0,0.90215605
,3360,3,2,1.0
,3361,0,0,0.6080633
,3361,1,2,1.0
,3361,2,0,0.83136654
,3361,3,0,0.89896786
,3362,0,0,0.6054525
,3362,1,0,0.9647371
,3362,2,3,1.0
,3362,3,0,0.61791664
,3363,0,0,0.6071387
,3363,1,2,1.0
,3363,2,0,0.9803504
,3363,3,0,0.6076492
,3364,0,0,0.6078335
,3364,1,0,0.96504307
,3364,2,2,1.0
,3364,3,0,0.6074634
,3365,0,0,0.61671036
,3365,1,2,1.0
,3365,2,0,0.9650578
,3365,3,0,0.6074191
,3366,0,0,0.827839
,3366,1,0,0.89893496
,3366,2,2,1.0
,3366,3,0,0.6076266
,3367,0,2,1.0
,3367,1,0,0.62866944
,3367,2,0,0.96502465
,3367,3,0,0.6071733
,3368,0,0,0.8987899
,3368,1,0,0.82813156
,3368,2,2,1.0
,3368,3,0,0.6076109
,3369,0,0,0.6198951
,3369,1,2,1.0
,3369,2,0,0.9650079
,3369,3,0,0.60719186
,3370,0,0,0.6172058
,3370,1,0,0.9650564
,3370,2,2,1.0
,3370,3,0,0.60739833
,3371,0,0,0.8278449
,3371,1,2,1.0
,3371,2,0,0.8987867
,3371,3,0,0.6076296
,3372,0,2,1.0
,3372,1,0,0.96500635
,3372,2,0,0.6195272
,3372,3,0,0.60719603
,3373,0,0,0.96503973
,3373,1,2,1.0
,3373,2,0,0.60833037
,3373,3,0,0.60741824
,3374,0,2,1.0
,3374,1,0,0.96505755
,3374,2,0,0.6167304
,3374,3,0,0.60741645
,3375,0,0,0.89893496
,3375,1,2,1.0
,3375,2,0,0.8278397
,3375,3,0,0.6076263
,3376,0,0,0.6286709
,3376,1,0,0.96502537
,3376,2,2,1.0
,3376,3,0,0.60717094
,3377,0,0,0.8282122
,3377,1,2,1.0
,3377,2,0,0.9022858
,3377,3,0,0.60759664
,3378,0,2,1.0
,3378,1,0,0.90220714
,3378,2,0,0.8350438
,3378,3,0,0.607745
,3379,0,0,0.89869076
,3379,1,0,0.8350496
,3379,2,2,1.0
,3379,3,0,0.61665696
,3380,0,0,0.6196871
,3380,1,2,1.0
,3380,2,0,0.90221286
,3380,3,0,0.82775855
,3381,0,0,0.608246
,3381,1,0,0.90220404
,3381,2,0,0.8350362
,3381,3,2,1.0
,3382,0,0,0.6166776
,3382,1,0,0.83504933
,3382,2,2,1.0
,3382,3,0,0.89869034
,3383,0,0,0.8277588
,3383,1,2,1.0
,3383,2,0,0.90221286
,3383,3,0,0.61967075
,3384,0,2,1.0
,3384,1,0,0.90220445
,3384,2,0,0.8350332
,3384,3,0,0.6078539
,3385,0,0,0.9022075
,3385,1,0,0.8350382
,3385,2,2,1.0
,3385,3,0,0.60736406
,3386,0,0,0.8350348
,3386,1,2,1.0
,3386,2,0,0.9022071
,3386,3,0,0.60734665
,3387,0,2,1.0
,3387,1,0,0.89870286
,3387,2,0,0.83496034
,3387,3,0,0.6073732
,3388,0,0,0.96500635
,3388,1,0,0.6195077
,3388,2,2,1.0
,3388,3,0,0.6071861
,3389,0,2,1.0
,3389,1,0,0.6079422
,3389,2,0,0.9650385
,3389,3,0,0.6074378
,3390,0,0,0.965041
,3390,1,0,0.60747486
,3390,2,2,1.0
,3390,3,0,0.60782874
,3391,0,2,1.0
,3391,1,0,0.6078074
,3391,2,0,0.96505916
,3391,3,0,0.61671036
,3392,0,0,0.8989236
,3392,1,0,0.61690974
,3392,2,2,1.0
,3392,3,0,0.82792723
,3393,0,0,0.6288736
,3393,1,0,0.8277719
,3393,2,0,0.8986972
,3393,3,2,1.0
,3394,0,0,0.8279823
,3394,1,2,1.0
,3394,2,0,0.6197085
,3394,3,0,0.8987047
,3395,0,2,1.0
,3395,1,0,0.9650065
,3395,2,0,0.60808456
,3395,3,0,0.6194945
,3396,0,0,0.965057
,3396,1,2,1.0
,3396,2,0,0.61671144
,3396,3,0,0.60791695
,3397,0,2,1.0
,3397,1,0,0.90223706
,3397,2,0,0.82787347
,3397,3,0,0.60767007
,3398,0,0,0.89911616
,3398,1,0,0.8313734
,3398,2,2,1.0
,3398,3,0,0.60806555
,3399,0,0,0.6270868
,3399,1,3,1.0
,3399,2,0,0.9647688
,3399,3,0,0.60541576
,3400,0,0,0.82797927
,3400,1,0,0.94133043
,3400,2,2,1.0
,3400,3,0,0.60738844
,3401,0,2,1.0
,3401,1,0,0.62167424
,3401,2,0,0.96500486
,3401,3,0,0.6071606
,3402,0,0,0.9650563
,3402,1,0,0.61727923
,3402,2,2,1.0
,3402,3,0,0.60739595
,3403,0,2,1.0
,3403,1,0,0.8278467
,3403,2,0,0.89878654
,3403,3,0,0.60762954
,3404,0,0,0.9650062
,3404,1,2,1.0
,3404,2,0,0.61951363
,3404,3,0,0.60719866
,3405,0,2,1.0
,3405,1,0,0.96502984
,3405,2,0,0.6079892
,3405,3,0,0.6074686
,3406,0,0,0.9641225
,3406,1,2,1.0
,3406,2,0,0.60816145
,3406,3,0,0.60812366
,3407,0,3,1.0
,3407,1,0,0.96476597
,3407,2,0,0.6061707
,3407,3,0,0.60579604
,3408,0,0,0.9798321
,3408,1,2,1.0
,3408,2,0,0.6170473
,3408,3,0,0.60822195
,3409,0,3,1.0
,3409,1,0,0.89850765
,3409,2,0,0.8230309
,3409,3,0,0.61611277
,3410,0,0,0.94137454
,3410,1,0,0.61828524
,3410,2,3,1.0
,3410,3,0,0.8261833
,3411,0,0,0.6214044
,3411,1,0,0.6166038
,3411,2,0,0.9803607
,3411,3,2,1.0
,3412,0,0,0.617484
,3412,1,0,0.8279214
,3412,2,2,1.0
,3412,3,0,0.898777
,3413,0,0,0.8277033
,3413,1,2,1.0
,3413,2,0,0.898856
,3413,3,0,0.6197056
,3414,0,2,1.0
,3414,1,0,0.96501464
,3414,2,0,0.62861156
,3414,3,0,0.6077729
,3415,0,0,0.8995194
,3415,1,2,1.0
,3415,2,0,0.8265676
,3415,3,0,0.60955983
,3416,0,0,0.6462852
,3416,1,0,0.9086994
,3416,2,2,1.0
,3416,3,0,0.6342038
,3417,0,0,0.61915267
,3417,1,0,0.6346435
,3417,2,3,1.0
,3417,3,0,0.61843944
,3418,0,0,1.0
,3418,1,3,0.53066367
,3418,2,0,1.0
,3418,3,0,1.0
,3419,0,0,0.62285274
,3419,1,0,0.9723294
,3419,2,2,1.0
,3419,3,0,0.62285274
,3420,0,0,0.60625035
,3420,1,3,1.0
,3420,2,0,0.9647592
,3420,3,0,0.60625035
,3421,0,0,0.6071665
,3421,1,0,0.9803504
,3421,2,2,1.0
,3421,3,0,0.6071678
,3422,0,0,0.6075149
,3422,1,2,1.0
,3422,2,0,0.96504194
,3422,3,0,0.6075445
,3423,0,0,0.6090567
,3423,1,0,0.9650249
,3423,2,2,1.0
,3423,3,0,0.60975647
,3424,0,0,0.64486116
,3424,1,2,1.0
,3424,2,0,0.9575938
,3424,3,0,0.66142774
,3425,0,0,0.50614727
,3425,1,1,0.54434127
,3425,2,3,1.0
,3425,3,0,0.7550654
,3426,0,0,0.63710666
,3426,1,0,0.6518968
,3426,2,0,0.97609353
,3426,3,2,1.0
,3427,0,0,0.5035842
,3427,1,0,0.7545623
,3427,2,3,1.0
,3427,3,1,0.547059
,3428,0,0,0.59952575
,3428,1,2,1.0
,3428,2,0,0.9803532
,3428,3,0,0.5973353
,3429,0,0,0.60710895
,3429,1,0,0.9650334
,3429,2,2,1.0
,3429,3,0,0.60701585
,3430,0,0,0.60876966
,3430,1,2,1.0
,3430,2,0,0.96505135
,3430,3,0,0.60875416
,3431,0,0,0.6398592
,3431,1,0,0.9433851
,3431,2,2,1.0
,3431,3,0,0.63958454
,3432,0,0,0.5265736
,3432,1,2,1.0
,3432,2,0,0.7279204
,3432,3,0,0.5222115
,3433,0,0,0.7323457
,3433,1,0,0.9157846
,3433,2,2,1.0
,3433,3,0,0.63503283
,3434,0,2,1.0
,3434,1,0,0.77396107
,3434,2,1,0.53550345
,3434,3,0,0.5160601
,3435,0,0,0.9632945
,3435,1,3,1.0
,3435,2,0,0.60508555
,3435,3,0,0.5978867
,3436,0,3,1.0
,3436,1,0,0.941673
,3436,2,0,0.8260284
,3436,3,0,0.6063901
,3437,0,0,0.9679223
,3437,1,0,0.65256387
,3437,2,2,1.0
,3437,3,0,0.63878834
,3438,0,2,1.0
,3438,1,0,0.52241
,3438,2,0,0.728094
,3438,3,0,0.5210553
,3439,0,0,0.96468526
,3439,1,0,0.61017096
,3439,2,2,1.0
,3439,3,0,0.6007773
,3440,0,2,1.0
,3440,1,0,0.827667
,3440,2,0,0.902217
,3440,3,0,0.6073054
,3441,0,0,0.8991155
,3441,1,2,1.0
,3441,2,0,0.83137167
,3441,3,0,0.6080483
,3442,0,0,0.6270867
,3442,1,0,0.9647688
,3442,2,3,1.0
,3442,3,0,0.6054178
,3443,0,0,0.82797885
,3443,1,2,1.0
,3443,2,0,0.94134253
,3443,3,0,0.6074572
,3444,0,2,1.0
,3444,1,0,0.9649858
,3444,2,0,0.6228866
,3444,3,0,0.6087821
,3445,0,0,0.9575795
,3445,1,2,1.0
,3445,2,0,0.6453461
,3445,3,0,0.644773
,3446,0,3,0.9999999
,3446,1,0,0.71456045
,3446,2,0,0.50448424
,3446,3,0,0.5044418
,3447,0,0,0.9803533
,3447,1,2,1.0
,3447,2,0,0.5990122
,3447,3,0,0.5989934
,3448,0,2,1.0
,3448,1,0,0.9650244
,3448,2,0,0.6074538
,3448,3,0,0.6070562
,3449,0,0,0.9641351
,3449,1,2,1.0
,3449,2,0,0.6174476
,3449,3,0,0.6080375
,3450,0,3,1.0
,3450,1,0,0.9017705
,3450,2,0,0.8267501
,3450,3,0,0.60597885
,3451,0,0,0.94345134
,3451,1,0,0.8349077
,3451,2,2,1.0
,3451,3,0,0.60711575
,3452,0,0,0.8359994
,3452,1,2,1.0
,3452,2,0,0.8987021
,3452,3,0,0.60734147
,3453,0,2,1.0
,3453,1,0,0.9649998
,3453,2,0,0.61994004
,3453,3,0,0.6072248
,3454,0,0,0.9641332
,3454,1,2,1.0
,3454,2,0,0.61796117
,3454,3,0,0.608047
,3455,0,3,1.0
,3455,1,0,0.8982744
,3455,2,0,0.82657176
,3455,3,0,0.60607946
,3456,0,0,0.9798281
,3456,1,0,0.61992836
,3456,2,2,1.0
,3456,3,0,0.6075504
,3457,0,3,1.0
,3457,1,0,0.6062716
,3457,2,0,0.96476173
,3457,3,0,0.6057423
,3458,0,0,0.97982824
,3458,1,0,0.6078966
,3458,2,2,1.0
,3458,3,0,0.60787416
,3459,0,3,1.0
,3459,1,0,0.60704833
,3459,2,0,0.96479416
,3459,3,0,0.6070473
,3460,0,0,0.9679367
,3460,1,0,0.63920283
,3460,2,2,1.0
,3460,3,0,0.63920265
,3461,0,2,1.0
,3461,1,0,0.5229751
,3461,2,0,0.727872
,3461,3,0,0.52297294
,3462,0,0,0.95710945
,3462,1,0,0.6384439
,3462,2,2,1.0
,3462,3,0,0.63839805
,3463,0,3,1.0
,3463,1,0,0.5057739
,3463,2,0,0.7147923
,3463,3,0,0.505092
,3464,0,0,0.96791214
,3464,1,0,0.6471841
,3464,2,2,1.0
,3464,3,0,0.63206494
,3465,0,2,1.0
,3465,1,0,0.7682951
,3465,2,1,0.53200006
,3465,3,0,0.53006756
,3466,0,0,0.8980094
,3466,1,2,1.0
,3466,2,0,0.6086622
,3466,3,0,0.8242044
,3467,0,0,0.6196143
,3467,1,0,0.89869356
,3467,2,0,0.8274324
,3467,3,2,1.0
,3468,0,0,0.60768694
,3468,1,0,0.6198796
,3468,2,2,1.0
,3468,3,0,0.9650062
,3469,0,0,0.60741854
,3469,1,0,0.6172049
,3469,2,0,0.9650564
,3469,3,2,1.0
,3470,0,0,0.6076262
,3470,1,0,0.8278514
,3470,2,2,1.0
,3470,3,0,0.89893484
,3471,0,0,0.60717297
,3471,1,2,1.0
,3471,2,0,0.96502465
,3471,3,0,0.6286695
,3472,0,0,0.6076072
,3472,1,0,0.8989319
,3472,2,2,1.0
,3472,3,0,0.8281379
,3473,0,0,0.6071759
,3473,1,0,0.62866926
,3473,2,0,0.96502465
,3473,3,2,1.0
,3474,0,0,0.60769314
,3474,1,0,0.82813513
,3474,2,2,1.0
,3474,3,0,0.8988042
,3475,0,0,0.6091767
,3475,1,2,1.0
,3475,2,0,0.965021
,3475,3,0,0.62081796
,3476,0,0,0.6549945
,3476,1,0,0.94344974
,3476,2,2,1.0
,3476,3,0,0.6399004
,3477,0,0,0.76866704
,3477,1,2,1.0
,3477,2,1,0.52249235
,3477,3,0,0.52068853
,3478,0,2,1.0
,3478,1,0,0.8980469
,3478,2,0,0.8227457
,3478,3,0,0.6016542
,3479,0,0,0.9650068
,3479,1,0,0.62085736
,3479,2,2,1.0
,3479,3,0,0.6083306
,3480,0,2,1.0
,3480,1,0,0.6429835
,3480,2,0,0.9429111
,3480,3,0,0.6424735
,3481,0,0,0.5922475
,3481,1,0,0.55904347
,3481,2,2,1.0
,3481,3,0,0.5590088
,3482,0,2,1.0
,3482,1,1,0.50585186
,3482,2,0,0.7122853
,3482,3,1,0.5058544
,3483,0,0,0.9645942
,3483,1,0,0.6004561
,3483,2,2,1.0
,3483,3,0,0.600456
,3484,0,2,1.0
,3484,1,0,0.6420954
,3484,2,0,0.942896
,3484,3,0,0.6420952
,3485,0,0,0.59223974
,3485,1,0,0.5591083
,3485,2,2,1.0
,3485,3,0,0.5591061
,3486,0,2,1.0
,3486,1,1,0.5040771
,3486,2,0,0.71196216
,3486,3,1,0.50410765
,3487,0,0,0.95700985
,3487,1,0,0.6371871
,3487,2,2,1.0
,3487,3,0,0.63650966
,3488,0,3,1.0
,3488,1,0,0.51348644
,3488,2,0,0.7149459
,3488,3,0,0.5034235
,3489,0,0,0.94349104
,3489,1,0,0.8229151
,3489,2,2,1.0
,3489,3,0,0.59958917
,3490,0,0,0.8359735
,3490,1,2,1.0
,3490,2,0,0.90074664
,3490,3,0,0.6084628
,3491,0,2,1.0
,3491,1,0,0.9135166
,3491,2,0,0.7473272
,3491,3,0,0.64390486
,3492,0,0,0.52575415
,3492,1,0,0.641217
,3492,2,2,1.0
,3492,3,0,0.5586146
,3493,0,0,0.7324473
,3493,1,2,1.0
,3493,2,1,0.7670724
,3493,3,1,0.5158676
,3494,0,3,1.0
,3494,1,0,0.96317625
,3494,2,0,0.5939625
,3494,3,0,0.59548783
,3495,0,0,0.94348866
,3495,1,3,1.0
,3495,2,0,0.8257612
,3495,3,0,0.6048859
,3496,0,0,0.8358867
,3496,1,0,0.94141966
,3496,2,2,1.0
,3496,3,0,0.60705525
,3497,0,2,1.0
,3497,1,0,0.6304315
,3497,2,0,0.96502167
,3497,3,0,0.60712683
,3498,0,0,0.8987833
,3498,1,0,0.8281755
,3498,2,2,1.0
,3498,3,0,0.607609
,3499,0,0,0.61951077
,3499,1,2,1.0
,3499,2,0,0.9650065
,3499,3,0,0.6072117
,3500,0,0,0.6079389
,3500,1,0,0.96503973
,3500,2,2,1.0
,3500,3,0,0.6078105
,3501,0,0,0.60745454
,3501,1,2,1.0
,3501,2,0,0.96505827
,3501,3,0,0.616709
,3502,0,0,0.60804206
,3502,1,0,0.9022361
,3502,2,2,1.0
,3502,3,0,0.8278825
,3503,0,0,0.6174341
,3503,1,0,0.83142185
,3503,2,0,0.89895004
,3503,3,2,1.0
,3504,0,0,0.82644355
,3504,1,3,1.0
,3504,2,0,0.6185956
,3504,3,0,0.89816594
,3505,0,2,1.0
,3505,1,0,0.9803603
,3505,2,0,0.616647
,3505,3,0,0.61921674
,3506,0,0,0.9022388
,3506,1,2,1.0
,3506,2,0,0.82788175
,3506,3,0,0.60814875
,3507,0,0,0.8314174
,3507,1,0,0.9024972
,3507,2,2,1.0
,3507,3,0,0.60803056
,3508,0,3,1.0
,3508,1,0,0.83395785
,3508,2,0,0.90167636
,3508,3,0,0.6056929
,3509,0,0,0.9413447
,3509,1,2,1.0
,3509,2,0,0.83479214
,3509,3,0,0.6071799
,3510,0,0,0.62234586
,3510,1,0,0.96408665
,3510,2,2,1.0
,3510,3,0,0.60782117
,3511,0,0,0.61558276
,3511,1,3,1.0
,3511,2,0,0.96480334
,3511,3,0,0.6056617
,3512,0,0,0.82776725
,3512,1,0,0.9434487
,3512,2,2,1.0
,3512,3,0,0.6073795
,3513,0,2,1.0
,3513,1,0,0.8360067
,3513,2,0,0.8988435
,3513,3,0,0.60734713
,3514,0,0,0.96502465
,3514,1,2,1.0
,3514,2,0,0.628666
,3514,3,0,0.607162
,3515,0,2,1.0
,3515,1,0,0.8987836
,3515,2,0,0.82813126
,3515,3,0,0.6076108
,3516,0,0,0.96500635
,3516,1,0,0.6195118
,3516,2,2,1.0
,3516,3,0,0.6071955
,3517,0,2,1.0
,3517,1,0,0.60795826
,3517,2,0,0.9650385
,3517,3,0,0.60742176
,3518,0,0,0.96504086
,3518,1,0,0.60785085
,3518,2,2,1.0
,3518,3,0,0.6074368
,3519,0,2,1.0
,3519,1,0,0.61670935
,3519,2,0,0.9650573
,3519,3,0,0.60742027
,3520,0,0,0.8988055
,3520,1,0,0.8277912
,3520,2,2,1.0
,3520,3,0,0.60767996
,3521,0,0,0.6201869
,3521,1,2,1.0
,3521,2,0,0.96408844
,3521,3,0,0.60787684
,3522,0,0,0.6062797
,3522,1,0,0.9647615
,3522,2,3,1.0
,3522,3,0,0.6057532
,3523,0,0,0.60784394
,3523,1,2,1.0
,3523,2,0,0.9798279
,3523,3,0,0.6078217
,3524,0,0,0.605725
,3524,1,0,0.9647745
,3524,2,3,1.0
,3524,3,0,0.605724
,3525,0,0,0.6071473
,3525,1,2,1.0
,3525,2,0,0.98035014
,3525,3,0,0.6071472
,3526,0,0,0.6074926
,3526,1,0,0.9650333
,3526,2,2,1.0
,3526,3,0,0.6074926
,3527,0,0,0.6081222
,3527,1,2,1.0
,3527,2,0,0.9641227
,3527,3,0,0.6081221
,3528,0,0,0.60573506
,3528,1,0,0.96477413
,3528,2,3,1.0
,3528,3,0,0.6057342
,3529,0,0,0.60716146
,3529,1,2,1.0
,3529,2,0,0.9803504
,3529,3,0,0.6071449
,3530,0,0,0.6078348
,3530,1,0,0.9650432
,3530,2,2,1.0
,3530,3,0,0.60744244
,3531,0,0,0.6167105
,3531,1,2,1.0
,3531,2,0,0.9650578
,3531,3,0,0.6074182
,3532,0,0,0.827839
,3532,1,0,0.89893496
,3532,2,2,1.0
,3532,3,0,0.6076266
,3533,0,2,1.0
,3533,1,0,0.62866944
,3533,2,0,0.96502465
,3533,3,0,0.6071756
,3534,0,0,0.89880455
,3534,1,0,0.8281344
,3534,2,2,1.0
,3534,3,0,0.6076661
,3535,0,0,0.62082744
,3535,1,2,1.0
,3535,2,0,0.9650182
,3535,3,0,0.6085279
,3536,0,0,0.64000434
,3536,1,0,0.943356
,3536,2,2,1.0
,3536,3,0,0.6395018
,3537,0,0,0.5206733
,3537,1,2,1.0
,3537,2,0,0.72772175
,3537,3,0,0.520639
,3538,0,0,0.6007588
,3538,1,0,0.96466213
,3538,2,2,1.0
,3538,3,0,0.60075736
,3539,0,0,0.6070907
,3539,1,2,1.0
,3539,2,0,0.9650309
,3539,3,0,0.60709065
,3540,0,0,0.6074259
,3540,1,0,0.96503925
,3540,2,2,1.0
,3540,3,0,0.6074252
,3541,0,0,0.6074569
,3541,1,2,1.0
,3541,2,0,0.9650396
,3541,3,0,0.60744065
,3542,0,0,0.6078244
,3542,1,0,0.96504074
,3542,2,2,1.0
,3542,3,0,0.60744
,3543,0,0,0.6165704
,3543,1,2,1.0
,3543,2,0,0.96505046
,3543,3,0,0.607465
,3544,0,0,0.8241236
,3544,1,0,0.89918137
,3544,2,2,1.0
,3544,3,0,0.60838705
,3545,0,3,1.0
,3545,1,0,0.6258815
,3545,2,0,0.96473986
,3545,3,0,0.6070858
,3546,0,0,0.94976294
,3546,1,0,0.79730636
,3546,2,2,1.0
,3546,3,0,0.6449514
,3547,0,0,0.53534514
,3547,1,3,1.0
,3547,2,0,0.71415985
,3547,3,0,0.50307703
,3548,0,0,0.82333004
,3548,1,0,0.9414723
,3548,2,2,1.0
,3548,3,0,0.599519
,3549,0,2,1.0
,3549,1,0,0.6310858
,3549,2,0,0.9640836
,3549,3,0,0.60734665
,3550,0,0,0.8982661
,3550,1,0,0.8268957
,3550,2,3,1.0
,3550,3,0,0.6060243
,3551,0,0,0.6199245
,3551,1,2,1.0
,3551,2,0,0.97982836
,3551,3,0,0.60754436
,3552,0,0,0.60622114
,3552,1,0,0.96477187
,3552,2,3,1.0
,3552,3,0,0.6056917
,3553,0,0,0.6071652
,3553,1,2,1.0
,3553,2,0,0.9803504
,3553,3,0,0.6071428
,3554,0,0,0.6074478
,3554,1,0,0.9650417
,3554,2,2,1.0
,3554,3,0,0.60744613
,3555,0,0,0.6074585
,3555,1,2,1.0
,3555,2,0,0.9650396
,3555,3,0,0.60744184
,3556,0,0,0.6078301
,3556,1,0,0.96504086
,3556,2,2,1.0
,3556,3,0,0.6074378
,3557,0,0,0.6167099
,3557,1,2,1.0
,3557,2,0,0.96505755
,3557,3,0,0.6074177
,3558,0,0,0.8278383
,3558,1,0,0.8989328
,3558,2,2,1.0
,3558,3,0,0.6076287
,3559,0,2,1.0
,3559,1,0,0.62853193
,3559,2,0,0.9650173
,3559,3,0,0.6072179
,3560,0,0,0.89904916
,3560,1,0,0.8244244
,3560,2,2,1.0
,3560,3,0,0.60830337
,3561,0,0,0.6179312
,3561,1,3,1.0
,3561,2,0,0.964738
,3561,3,0,0.605474
,3562,0,0,0.60769653
,3562,1,0,0.9803456
,3562,2,2,1.0
,3562,3,0,0.60716975
,3563,0,0,0.6081514
,3563,1,2,1.0
,3563,2,0,0.9641248
,3563,3,0,0.6081284
,3564,0,0,0.6058047
,3564,1,0,0.9647638
,3564,2,3,1.0
,3564,3,0,0.6057869
,3565,0,0,0.6082792
,3565,1,2,1.0
,3565,2,0,0.97982556
,3565,3,0,0.6078836
,3566,0,0,0.61567324
,3566,1,0,0.96387774
,3566,2,3,1.0
,3566,3,0,0.6064091
,3567,0,0,0.82276607
,3567,1,3,1.0
,3567,2,0,0.9436888
,3567,3,0,0.606278
,3568,0,3,1.0
,3568,1,0,0.943489
,3568,2,0,0.83479255
,3568,3,0,0.60523075
,3569,0,0,0.9413303
,3569,1,0,0.835883
,3569,2,2,1.0
,3569,3,0,0.6070828
,3570,0,0,0.6213525
,3570,1,2,1.0
,3570,2,0,0.96499497
,3570,3,0,0.6071966
,3571,0,0,0.60908437
,3571,1,0,0.96412235
,3571,2,2,1.0
,3571,3,0,0.60809004
,3572,0,0,0.6150404
,3572,1,3,1.0
,3572,2,0,0.96480614
,3572,3,0,0.6056932
,3573,0,0,0.8277575
,3573,1,0,0.94344884
,3573,2,2,1.0
,3573,3,0,0.6073787
,3574,0,2,1.0
,3574,1,0,0.8360776
,3574,2,0,0.90219975
,3574,3,0,0.6073233
,3575,0,0,0.90215576
,3575,1,2,1.0
,3575,2,0,0.8350055
,3575,3,0,0.6073872
,3576,0,0,0.8314122
,3576,1,0,0.90249705
,3576,2,2,1.0
,3576,3,0,0.60800534
,3577,0,3,1.0
,3577,1,0,0.8338319
,3577,2,0,0.89830774
,3577,3,0,0.6057474
,3578,0,0,0.9803607
,3578,1,2,1.0
,3578,2,0,0.62840974
,3578,3,0,0.6072206
,3579,0,2,1.0
,3579,1,0,0.8987949
,3579,2,0,0.82819086
,3579,3,0,0.6167538
,3580,0,0,0.90246046
,3580,1,0,0.6204032
,3580,2,2,1.0
,3580,3,0,0.8239919
,3581,0,0,0.8302642
,3581,1,0,0.60701257
,3581,2,0,0.8984435
,3581,3,3,1.0
,3582,0,3,1.0
,3582,1,0,0.6054673
,3582,2,0,0.61758673
,3582,3,0,0.98031694
,3583,0,0,0.9418909
,3583,1,0,0.618817
,3583,2,0,0.6096727
,3583,3,2,1.0
,3584,0,0,0.6258348
,3584,1,0,0.82456154
,3584,2,0,0.6026195
,3584,3,2,1.0
,3585,0,0,0.82422835
,3585,1,2,1.0
,3585,2,0,0.61716413
,3585,3,0,0.8989268
,3586,0,3,1.0
,3586,1,0,0.9016843
,3586,2,0,0.82656664
,3586,3,0,0.6181569
,3587,0,0,0.9434205
,3587,1,0,0.83486915
,3587,2,2,1.0
,3587,3,0,0.60766083
,3588,0,0,0.8324719
,3588,1,2,1.0
,3588,2,0,0.9024893
,3588,3,0,0.6079851
,3589,0,3,1.0
,3589,1,0,0.9016773
,3589,2,0,0.83396083
,3589,3,0,0.60568905
,3590,0,0,0.94345134
,3590,1,0,0.83490837
,3590,2,2,1.0
,3590,3,0,0.60718817
,3591,0,0,0.8360482
,3591,1,2,1.0
,3591,2,0,0.9008001
,3591,3,0,0.609405
,3592,0,2,1.0
,3592,1,0,0.9109132
,3592,2,0,0.7489225
,3592,3,0,0.65656334
,3593,0,1,0.5266133
,3593,1,0,0.53496313
,3593,2,2,1.0
,3593,3,0,0.76516926
,3594,0,0,0.8187537
,3594,1,0,0.603124
,3594,2,0,0.8982353
,3594,3,2,1.0
,3595,0,3,1.0
,3595,1,0,0.6143877
,3595,2,0,0.6177328
,3595,3,0,0.9647533
,3596,0,0,0.94344765
,3596,1,0,0.82772326
,3596,2,0,0.6078919
,3596,3,2,1.0
,3597,0,0,0.8358079
,3597,1,2,1.0
,3597,2,0,0.60765225
,3597,3,0,0.8988024
,3598,0,2,1.0
,3598,1,0,0.9002894
,3598,2,0,0.6114918
,3598,3,0,0.6237782
,3599,0,2,1.0
,3599,1,0,0.6576435
,3599,2,0,0.6450174
,3599,3,0,0.64553696
,3600,0,2,1.0
,3600,1,0,0.5474457
,3600,2,0,0.54047376
,3600,3,0,0.54051286
,3601,0,2,1.0
,3601,1,0,0.60105526
,3601,2,0,0.5216353
,3601,3,0,0.52163833
,3602,0,0,0.70956075
,3602,1,2,1.0
,3602,2,1,0.51234263
,3602,3,1,0.51234233
,3603,0,2,1.0
,3603,1,0,0.96457005
,3603,2,0,0.5985943
,3603,3,0,0.59859425
,3604,0,0,0.96502846
,3604,1,2,1.0
,3604,2,0,0.60698545
,3604,3,0,0.6069854
,3605,0,2,1.0
,3605,1,0,0.9650309
,3605,2,0,0.6074674
,3605,3,0,0.6074667
,3606,0,0,0.9641227
,3606,1,2,1.0
,3606,2,0,0.6081368
,3606,3,0,0.6081201
,3607,0,3,1.0
,3607,1,0,0.96477586
,3607,2,0,0.60612386
,3607,3,0,0.6057304
,3608,0,0,0.98036045
,3608,1,2,1.0
,3608,2,0,0.6164173
,3608,3,0,0.60712284
,3609,0,2,1.0
,3609,1,0,0.90229225
,3609,2,0,0.82791156
,3609,3,0,0.6076754
,3610,0,0,0.8995881
,3610,1,0,0.8348895
,3610,2,2,1.0
,3610,3,0,0.6090033
,3611,0,0,0.67274946
,3611,1,2,1.0
,3611,2,0,0.95754856
,3611,3,0,0.6445087
,3612,0,0,0.7556915
,3612,1,1,0.5468404
,3612,2,3,1.0
,3612,3,0,0.5043615
,3613,0,2,1.0
,3613,1,0,0.59797555
,3613,2,0,0.9798342
,3613,3,0,0.60019076
,3614,0,0,0.9647552
,3614,1,0,0.60515684
,3614,2,3,1.0
,3614,3,0,0.60525167
,3615,0,2,1.0
,3615,1,0,0.60716313
,3615,2,0,0.9803457
,3615,3,0,0.6071672
,3616,0,0,0.9641249
,3616,1,0,0.60812527
,3616,2,2,1.0
,3616,3,0,0.6081254
,3617,0,3,1.0
,3617,1,0,0.6057354
,3617,2,0,0.96477413
,3617,3,0,0.6057355
,3618,0,0,0.98035026
,3618,1,0,0.6071478
,3618,2,2,1.0
,3618,3,0,0.6071478
,3619,0,2,1.0
,3619,1,0,0.60749555
,3619,2,0,0.9650334
,3619,3,0,0.6074956
,3620,0,0,0.9641227
,3620,1,0,0.6081915
,3620,2,2,1.0
,3620,3,0,0.6081916
,3621,0,3,1.0
,3621,1,0,0.6073575
,3621,2,0,0.9647557
,3621,3,0,0.60735744
,3622,0,0,0.9760855
,3622,1,0,0.6444924
,3622,2,2,1.0
,3622,3,0,0.6444924
,3623,0,3,1.0
,3623,1,0,0.5044889
,3623,2,0,0.7146105
,3623,3,0,0.5044889
,3624,0,0,0.98035365
,3624,1,0,0.59907305
,3624,2,2,1.0
,3624,3,0,0.59907305
,3625,0,2,1.0
,3625,1,0,0.6088547
,3625,2,0,0.9650371
,3625,3,0,0.6088547
,3626,0,0,0.95624554
,3626,1,0,0.6511756
,3626,2,2,1.0
,3626,3,0,0.6511755
,3627,0,3,1.0
,3627,1,1,0.512311
,3627,2,1,0.896232
,3627,3,1,0.512311
,3628,0,0,0.96777517
,3628,1,0,0.62775564
,3628,2,2,1.0
,3628,3,0,0.62775445
,3629,0,2,1.0
,3629,1,0,0.5192913
,3629,2,0,0.72731084
,3629,3,0,0.5192736
,3630,0,0,0.9646618
,3630,1,0,0.60107464
,3630,2,2,1.0
,3630,3,0,0.6006798
,3631,0,2,1.0
,3631,1,0,0.6163589
,3631,2,0,0.96504885
,3631,3,0,0.6070638
,3632,0,0,0.8987862
,3632,1,0,0.8278226
,3632,2,2,1.0
,3632,3,0,0.6076144
,3633,0,0,0.6195112
,3633,1,2,1.0
,3633,2,0,0.96500623
,3633,3,0,0.60719573
,3634,0,0,0.60794276
,3634,1,0,0.96503836
,3634,2,2,1.0
,3634,3,0,0.60742205
,3635,0,0,0.6074787
,3635,1,2,1.0
,3635,2,0,0.9650396
,3635,3,0,0.6074401
,3636,0,0,0.60783094
,3636,1,0,0.965041
,3636,2,2,1.0
,3636,3,0,0.6074377
,3637,0,0,0.6167099
,3637,1,2,1.0
,3637,2,0,0.96505755
,3637,3,0,0.6074175
,3638,0,0,0.8278391
,3638,1,0,0.89893496
,3638,2,2,1.0
,3638,3,0,0.6076263
,3639,0,2,1.0
,3639,1,0,0.6286709
,3639,2,0,0.96502537
,3639,3,0,0.6071703
,3640,0,0,0.9022857
,3640,1,0,0.8282119
,3640,2,2,1.0
,3640,3,0,0.60758036
,3641,0,0,0.8350369
,3641,1,2,1.0
,3641,2,0,0.9022071
,3641,3,0,0.6073559
,3642,0,2,1.0
,3642,1,0,0.89870286
,3642,2,0,0.83496016
,3642,3,0,0.6073736
,3643,0,0,0.9650062
,3643,1,0,0.61950994
,3643,2,2,1.0
,3643,3,0,0.6071878
,3644,0,2,1.0
,3644,1,0,0.6079882
,3644,2,0,0.96502995
,3644,3,0,0.607468
,3645,0,0,0.9641226
,3645,1,0,0.60814226
,3645,2,2,1.0
,3645,3,0,0.6081203
,3646,0,3,1.0
,3646,1,0,0.60573554
,3646,2,0,0.96477413
,3646,3,0,0.60573435
,3647,0,0,0.9803504
,3647,1,0,0.60715497
,3647,2,2,1.0
,3647,3,0,0.6071476
,3648,0,2,1.0
,3648,1,0,0.6076777
,3648,2,0,0.9650426
,3648,3,0,0.60750425
,3649,0,0,0.96504754
,3649,1,0,0.6129646
,3649,2,2,1.0
,3649,3,0,0.60885394
,3650,0,2,1.0
,3650,1,0,0.7385689
,3650,2,0,0.9113157
,3650,3,0,0.6411823
,3651,0,0,0.7208402
,3651,1,2,1.0
,3651,2,0,0.54609054
,3651,3,0,0.51722187
,3652,0,3,1.0
,3652,1,0,0.8973851
,3652,2,0,0.8216739
,3652,3,0,0.5991298
,3653,0,0,0.9760846
,3653,1,0,0.656034
,3653,2,2,1.0
,3653,3,0,0.64385515
,3654,0,3,1.0
,3654,1,0,0.50707406
,3654,2,0,0.71424377
,3654,3,0,0.5061865
,3655,0,0,0.97608757
,3655,1,0,0.63676643
,3655,2,2,1.0
,3655,3,0,0.6366779
,3656,0,3,1.0
,3656,1,0,0.5061203
,3656,2,0,0.71408474
,3656,3,0,0.50535285
,3657,0,0,0.97609305
,3657,1,0,0.65339935
,3657,2,2,1.0
,3657,3,0,0.6364992
,3658,0,3,1.0
,3658,1,0,0.75458527
,3658,2,1,0.5471184
,3658,3,0,0.50347006
,3659,0,0,0.9803483
,3659,1,2,1.0
,3659,2,0,0.5973904
,3659,3,0,0.5995616
,3660,0,2,1.0
,3660,1,0,0.96411675
,3660,2,0,0.6080289
,3660,3,0,0.60772336
,3661,0,0,0.9648059
,3661,1,3,1.0
,3661,2,0,0.61499435
,3661,3,0,0.6056761
,3662,0,2,1.0
,3662,1,0,0.94344884
,3662,2,0,0.8277562
,3662,3,0,0.60737807
,3663,0,0,0.90219975
,3663,1,0,0.83607477
,3663,2,2,1.0
,3663,3,0,0.6073238
,3664,0,0,0.8349667
,3664,1,2,1.0
,3664,2,0,0.89885145
,3664,3,0,0.6073693
,3665,0,2,1.0
,3665,1,0,0.96502465
,3665,2,0,0.6286658
,3665,3,0,0.60717857
,3666,0,0,0.898782
,3666,1,2,1.0
,3666,2,0,0.8281382
,3666,3,0,0.60799956
,3667,0,0,0.61948836
,3667,1,0,0.96502477
,3667,2,2,1.0
,3667,3,0,0.61646754
,3668,0,0,0.60814345
,3668,1,2,1.0
,3668,2,0,0.89893204
,3668,3,0,0.82782763
,3669,0,0,0.6075829
,3669,1,0,0.965026
,3669,2,0,0.62866956
,3669,3,2,1.0
,3670,0,0,0.6168923
,3670,1,2,1.0
,3670,2,0,0.82822305
,3670,3,0,0.898771
,3671,0,0,0.82776064
,3671,1,0,0.90221256
,3671,2,2,1.0
,3671,3,0,0.61967707
,3672,0,2,1.0
,3672,1,0,0.83496124
,3672,2,0,0.89884806
,3672,3,0,0.60788035
,3673,0,0,0.96502537
,3673,1,2,1.0
,3673,2,0,0.62866676
,3673,3,0,0.60718054
,3674,0,2,1.0
,3674,1,0,0.9022857
,3674,2,0,0.82821184
,3674,3,0,0.60758054
,3675,0,0,0.9022076
,3675,1,0,0.8350407
,3675,2,2,1.0
,3675,3,0,0.6073528
,3676,0,0,0.83503866
,3676,1,2,1.0
,3676,2,0,0.9022075
,3676,3,0,0.6073437
,3677,0,2,1.0
,3677,1,0,0.9022076
,3677,2,0,0.8350388
,3677,3,0,0.60735905
,3678,0,0,0.90220714
,3678,1,0,0.8350419
,3678,2,2,1.0
,3678,3,0,0.6077348
,3679,0,0,0.83505243
,3679,1,2,1.0
,3679,2,0,0.8988401
,3679,3,0,0.6166555
,3680,0,2,1.0
,3680,1,0,0.8988454
,3680,2,0,0.6288701
,3680,3,0,0.827772
,3681,0,0,0.89869976
,3681,1,0,0.62886107
,3681,2,0,0.8280708
,3681,3,2,1.0
,3682,0,0,0.62007636
,3682,1,0,0.82798874
,3682,2,2,1.0
,3682,3,0,0.8987031
,3683,0,0,0.6169652
,3683,1,2,1.0
,3683,2,0,0.96502423
,3683,3,0,0.6194722
,3684,0,0,0.827914
,3684,1,0,0.9022858
,3684,2,2,1.0
,3684,3,0,0.60809934
,3685,0,2,1.0
,3685,1,0,0.83504045
,3685,2,0,0.9022075
,3685,3,0,0.6073743
,3686,0,0,0.9022075
,3686,1,2,1.0
,3686,2,0,0.8350386
,3686,3,0,0.6073443
,3687,0,0,0.835035
,3687,1,0,0.90220714
,3687,2,2,1.0
,3687,3,0,0.60735106
,3688,0,2,1.0
,3688,1,0,0.83496433
,3688,2,0,0.89875096
,3688,3,0,0.60749936
,3689,0,0,0.96501595
,3689,1,2,1.0
,3689,2,0,0.6225036
,3689,3,0,0.61021763
,3690,0,2,1.0
,3690,1,0,0.9240351
,3690,2,0,0.6800794
,3690,3,0,0.6796045
