iter,t,j,argmax_state,max_prob
,0,0,2,0.5191257
,0,1,0,1.0
,0,2,0,1.0
,0,3,0,1.0
,1,0,0,0.95166117
,1,1,3,1.0
,1,2,1,0.5513172
,1,3,0,0.88440794
,2,0,1,0.5636565
,2,1,0,0.9492797
,2,2,0,0.77440095
,2,3,3,1.0
,3,0,0,0.77187485
,3,1,1,0.5233352
,3,2,3,1.0
,3,3,0,0.9377135
,4,0,3,1.0
,4,1,0,0.92062277
,4,2,0,0.970745
,4,3,1,0.74060273
,5,0,0,0.9710826
,5,1,2,1.0
,5,2,0,0.878512
,5,3,1,0.85906607
,6,0,0,0.8787463
,6,1,0,0.9753538
,6,2,3,1.0
,6,3,1,0.87705857
,7,0,3,1.0
,7,1,0,0.8795141
,7,2,0,0.9381044
,7,3,1,0.86513937
,8,0,0,0.99681324
,8,1,3,1.0
,8,2,1,0.7329324
,8,3,1,0.77715236
,9,0,3,1.0
,9,1,0,0.93767583
,9,2,1,0.8311856
,9,3,0,0.7290865
,10,0,0,0.9968167
,10,1,1,0.7398053
,10,2,1,0.73889697
,10,3,3,1.0
,11,0,3,1.0
,11,1,1,0.8557443
,11,2,0,0.9030444
,11,3,0,0.9376324
,12,0,0,0.9968559
,12,1,1,0.8613609
,12,2,2,1.0
,12,3,1,0.7408403
,13,0,3,1.0
,13,1,1,0.77717733
,13,2,0,0.999214
,13,3,1,0.8586868
,14,0,0,0.93078923
,14,1,0,0.7088838
,14,2,2,1.0
,14,3,1,0.8894443
,15,0,0,0.837524
,15,1,3,1.0
,15,2,0,0.9551139
,15,3,1,0.8823108
,16,0,3,1.0
,16,1,0,0.9896438
,16,2,1,0.58956254
,16,3,1,0.87678325
,17,0,0,0.8676057
,17,1,3,1.0
,17,2,0,0.74824023
,17,3,1,0.7959864
,18,0,1,0.74765754
,18,1,0,0.97147083
,18,2,3,1.0
,18,3,0,0.72502154
,19,0,1,0.83996606
,19,1,0,0.87872005
,19,2,0,0.9377741
,19,3,3,1.0
,20,0,1,0.77054447
,20,1,3,1.0
,20,2,1,0.7408368
,20,3,0,0.99681276
,21,0,0,0.7305846
,21,1,0,0.97068805
,21,2,1,0.8596134
,21,3,3,1.0
,22,0,3,1.0
,22,1,0,0.8785598
,22,2,1,0.8804067
,22,3,0,0.93774015
,23,0,0,0.99681145
,23,1,3,1.0
,23,2,1,0.88397604
,23,3,1,0.7408469
,24,0,3,1.0
,24,1,0,0.99680686
,24,2,1,0.88399667
,24,3,1,0.85965025
,25,0,0,0.9968064
,25,1,3,1.0
,25,2,1,0.88062084
,25,3,1,0.8804526
,26,0,3,1.0
,26,1,0,0.9990683
,26,2,1,0.86073947
,26,3,1,0.88409203
,27,0,0,0.9968553
,27,1,2,1.0
,27,2,1,0.7472485
,27,3,1,0.8848596
,28,0,3,1.0
,28,1,0,0.95529985
,28,2,0,0.9023488
,28,3,1,0.88483936
,29,0,0,0.9990824
,29,1,1,0.56315726
,29,2,2,1.0
,29,3,1,0.88499063
,30,0,2,1.0
,30,1,0,0.7717225
,30,2,0,0.9790822
,30,3,1,0.8849936
,31,0,0,0.97535527
,31,1,3,1.0
,31,2,0,0.9616367
,31,3,1,0.8848836
,32,0,0,0.87943023
,32,1,0,0.97543645
,32,2,2,1.0
,32,3,1,0.8849602
,33,0,3,1.0
,33,1,0,0.96134126
,33,2,0,0.95529974
,33,3,1,0.8848478
,34,0,0,0.99685556
,34,1,2,1.0
,34,2,1,0.563166
,34,3,1,0.8848687
,35,0,3,1.0
,35,1,0,0.947318
,35,2,0,0.7717963
,35,3,1,0.88413274
,36,0,0,0.9990707
,36,1,1,0.73898953
,36,2,3,1.0
,36,3,1,0.8806647
,37,0,2,1.0
,37,1,1,0.8588328
,37,2,0,0.99685615
,37,3,1,0.8608885
,38,0,0,0.9973209
,38,1,1,0.8770211
,38,2,3,1.0
,38,3,1,0.7470519
,39,0,3,1.0
,39,1,1,0.86512613
,39,2,0,0.93761873
,39,3,0,0.90237993
,40,0,0,0.99685603
,40,1,1,0.77735335
,40,2,1,0.7409396
,40,3,2,1.0
,41,0,3,1.0
,41,1,0,0.7289866
,41,2,1,0.8590377
,41,3,0,0.9473089
,42,0,0,0.9968149
,42,1,3,1.0
,42,2,1,0.8773087
,42,3,1,0.73918414
,43,0,3,1.0
,43,1,0,0.99906844
,43,2,1,0.86646223
,43,3,1,0.85933584
,44,0,0,0.9968553
,44,1,2,1.0
,44,2,1,0.78463095
,44,3,1,0.8804378
,45,0,3,1.0
,45,1,0,0.957022
,45,2,0,0.6874968
,45,3,1,0.8835573
,46,0,0,0.9982934
,46,1,1,0.54037654
,46,2,3,1.0
,46,3,1,0.89129657
,47,0,2,1.0
,47,1,0,0.91901475
,47,2,0,0.9398004
,47,3,1,0.88557553
,48,0,0,0.997319
,48,1,2,1.0
,48,2,1,0.74033797
,48,3,1,0.88114786
,49,0,3,1.0
,49,1,0,0.9964894
,49,2,1,0.8581509
,49,3,1,0.8614325
,50,0,0,0.99770904
,50,1,3,1.0
,50,2,1,0.8864409
,50,3,1,0.7636826
,51,0,2,1.0
,51,1,0,0.97200257
,51,2,1,0.86741984
,51,3,0,0.9006648
,52,0,0,0.94736373
,52,1,0,0.8787343
,52,2,1,0.7779167
,52,3,2,1.0
,53,0,1,0.7381588
,53,1,3,1.0
,53,2,0,0.72885597
,53,3,0,0.95530283
,54,0,1,0.85591143
,54,1,0,0.99907035
,54,2,3,1.0
,54,3,1,0.56286186
,55,0,1,0.86328167
,55,1,2,1.0
,55,2,0,0.9384659
,55,3,0,0.7717952
,56,0,1,0.78844905
,56,1,0,0.99656874
,56,2,1,0.7392432
,56,3,3,1.0
,57,0,0,0.64659137
,57,1,3,1.0
,57,2,1,0.8684044
,57,3,0,0.867143
,58,0,3,1.0
,58,1,0,0.9931592
,58,2,1,0.89208347
,58,3,1,0.62580496
,59,0,0,0.969393
,59,1,3,1.0
,59,2,1,0.8849222
,59,3,0,0.7112394
,60,0,0,0.8310665
,60,1,0,0.93917096
,60,2,1,0.88932407
,60,3,3,1.0
,61,0,3,1.0
,61,1,0,0.9538339
,61,2,1,0.8735993
,61,3,0,0.868258
,62,0,0,0.99697953
,62,1,2,1.0
,62,2,1,0.7514133
,62,3,1,0.75393933
,63,0,3,1.0
,63,1,0,0.9571846
,63,2,0,0.90200293
,63,3,1,0.8619152
,64,0,0,0.9968552
,64,1,1,0.52156186
,64,2,2,1.0
,64,3,1,0.8809624
,65,0,3,1.0
,65,1,0,0.92077315
,65,2,0,0.9571841
,65,3,1,0.8840603
,66,0,0,0.9968551
,66,1,2,1.0
,66,2,1,0.52156115
,66,3,1,0.8842946
,67,0,3,1.0
,67,1,0,0.947672
,67,2,0,0.9207728
,67,3,1,0.8815487
,68,0,0,0.9968564
,68,1,1,0.73148185
,68,2,2,1.0
,68,3,1,0.86618906
,69,0,3,1.0
,69,1,1,0.83094263
,69,2,0,0.99921757
,69,3,1,0.7773924
,70,0,0,0.9476488
,70,1,1,0.7389322
,70,2,2,1.0
,70,3,0,0.72895336
,71,0,1,0.5647837
,71,1,0,0.90301716
,71,2,0,0.95530045
,71,3,3,1.0
,72,0,0,0.7714338
,72,1,2,1.0
,72,2,1,0.5630374
,72,3,0,0.9383799
,73,0,3,1.0
,73,1,0,0.9473782
,73,2,0,0.7717472
,73,3,1,0.7404418
,74,0,0,0.99906725
,74,1,1,0.7377275
,74,2,3,1.0
,74,3,1,0.85871464
,75,0,2,1.0
,75,1,1,0.8709648
,75,2,0,0.9929248
,75,3,1,0.8903926
,76,0,0,0.9992178
,76,1,1,0.88265365
,76,2,3,1.0
,76,3,1,0.8855026
,77,0,2,1.0
,77,1,1,0.88460314
,77,2,0,0.99907464
,77,3,1,0.88195455
,78,0,0,0.99732184
,78,1,1,0.8848552
,78,2,2,0.99588597
,78,3,1,0.86638427
,79,0,3,1.0
,79,1,1,0.88427526
,79,2,0,0.9475056
,79,3,1,0.77809393
,80,0,3,1.0
,80,1,1,0.890393
,80,2,1,0.75220424
,80,3,0,0.71557873
,81,0,0,0.99908537
,81,1,1,0.8826802
,81,2,1,0.8609716
,81,3,3,1.0
,82,0,2,1.0
,82,1,1,0.8793987
,82,2,1,0.89071715
,82,3,0,0.9929362
,83,0,0,0.9965659
,83,1,1,0.79291373
,83,2,1,0.88524485
,83,3,3,1.0
,84,0,3,1.0
,84,1,0,0.6451143
,84,2,1,0.8919233
,84,3,0,0.8690821
,85,0,0,0.99800986
,85,1,3,1.0
,85,2,1,0.89271003
,85,3,1,0.61426663
,86,0,2,1.0
,86,1,0,0.88006276
,86,2,1,0.87982315
,86,3,0,0.7410021
,87,0,0,0.9973217
,87,1,1,0.7438445
,87,2,1,0.78142405
,87,3,3,1.0
,88,0,3,1.0
,88,1,1,0.83315223
,88,2,0,0.7281982
,88,3,0,0.93801594
,89,0,0,0.99906546
,89,1,1,0.73834
,89,2,3,1.0
,89,3,1,0.7341015
,90,0,2,1.0
,90,1,0,0.89302087
,90,2,0,0.7546953
,90,3,1,0.85371035
,91,0,0,0.99732125
,91,1,2,1.0
,91,2,1,0.77344495
,91,3,1,0.78468144
,92,0,3,1.0
,92,1,0,0.9569636
,92,2,1,0.8639866
,92,3,0,0.67197627
,93,0,0,0.9923212
,93,1,1,0.5475271
,93,2,1,0.8876796
,93,3,3,1.0
,94,0,3,1.0
,94,1,0,0.918169
,94,2,1,0.8678199
,94,3,0,0.9397024
,95,0,0,0.992935
,95,1,2,1.0
,95,2,1,0.79443246
,95,3,1,0.75589204
,96,0,3,1.0
,96,1,0,0.94761103
,96,2,0,0.72513855
,96,3,1,0.84184533
,97,0,0,0.99907106
,97,1,1,0.73298454
,97,2,3,1.0
,97,3,1,0.7711072
,98,0,2,1.0
,98,1,1,0.83723235
,98,2,0,0.938393
,98,3,0,0.73009336
,99,0,0,0.9973202
,99,1,1,0.7698407
,99,2,1,0.7407398
,99,3,3,1.0
,100,0,3,1.0
,100,1,0,0.73072326
,100,2,1,0.8595921
,100,3,0,0.9706883
,101,0,0,0.93956435
,101,1,3,1.0
,101,2,1,0.88038194
,101,3,0,0.8785614
,102,0,1,0.70662403
,102,1,0,0.99681085
,102,2,1,0.8838508
,102,3,3,1.0
,103,0,1,0.73685
,103,1,3,1.0
,103,2,1,0.8832966
,103,3,0,0.99906415
,104,0,0,0.71733886
,104,1,0,0.9345803
,104,2,1,0.8902114
,104,3,2,1.0
,105,0,3,1.0
,105,1,0,0.87116575
,105,2,1,0.8627221
,105,3,0,0.97367287
,106,0,0,0.93982536
,106,1,3,1.0
,106,2,1,0.74655646
,106,3,0,0.8421824
,107,0,1,0.73126954
,107,1,0,0.8881358
,107,2,0,0.89213985
,107,3,3,1.0
,108,0,1,0.7632906
,108,1,0,0.948415
,108,2,2,1.0
,108,3,0,0.7657099
,109,0,0,0.73042786
,109,1,2,1.0
,109,2,0,0.9473906
,109,3,1,0.73258984
,110,0,3,1.0
,110,1,0,0.94880384
,110,2,1,0.73867446
,110,3,1,0.71158636
,111,0,3,1.0
,111,1,1,0.71497035
,111,2,1,0.86201525
,111,3,0,0.90219945
,112,0,0,0.9931362
,112,1,1,0.7661677
,112,2,1,0.891153
,112,3,2,1.0
,113,0,3,1.0
,113,1,0,0.68054193
,113,2,1,0.8855167
,113,3,0,0.97918344
,114,0,0,0.8553929
,114,1,3,1.0
,114,2,1,0.89340633
,114,3,0,0.957891
,115,0,1,0.7236365
,115,1,0,0.9991159
,115,2,1,0.8867903
,115,3,2,1.0
,116,0,1,0.7404503
,116,1,2,1.0
,116,2,1,0.8852976
,116,3,0,0.9992177
,117,0,0,0.73609644
,117,1,0,0.94885874
,117,2,1,0.88482285
,117,3,2,1.0
,118,0,3,1.0
,118,1,1,0.7052719
,118,2,1,0.88360935
,118,3,0,0.99921376
,119,0,0,0.997948
,119,1,1,0.7541893
,119,2,1,0.89155614
,119,3,2,1.0
,120,0,2,1.0
,120,1,0,0.7328885
,120,2,1,0.8684613
,120,3,0,0.9790952
,121,0,0,0.94767326
,121,1,3,1.0
,121,2,1,0.7780061
,121,3,0,0.9616351
,122,0,1,0.7313931
,122,1,0,0.97108585
,122,2,0,0.7287706
,122,3,2,1.0
,123,0,1,0.83092594
,123,1,0,0.878633
,123,2,3,1.0
,123,3,0,0.9493121
,124,0,1,0.73880726
,124,1,3,1.0
,124,2,0,0.99681336
,124,3,1,0.69499147
,125,0,0,0.9030572
,125,1,0,0.9394321
,125,2,3,1.0
,125,3,1,0.7011734
,126,0,2,1.0
,126,1,1,0.7064654
,126,2,0,0.94020337
,126,3,0,0.90603083
,127,0,0,0.9973203
,127,1,1,0.73588175
,127,2,1,0.7064252
,127,3,2,1.0
,128,0,3,1.0
,128,1,0,0.7374878
,128,2,1,0.7356557
,128,3,0,0.94731927
,129,0,0,0.938104
,129,1,3,1.0
,129,2,0,0.7372509
,129,3,1,0.7388396
,130,0,1,0.7343448
,130,1,0,0.99906737
,130,2,3,1.0
,130,3,1,0.85842836
,131,0,1,0.85295045
,131,1,2,1.0
,131,2,0,0.9929265
,131,3,1,0.8903082
,132,0,1,0.7861535
,132,1,0,0.9965722
,132,2,3,1.0
,132,3,1,0.8852513
,133,0,0,0.64708525
,133,1,3,1.0
,133,2,0,0.84907776
,133,3,1,0.8922954
,134,0,3,1.0
,134,1,0,0.9907711
,134,2,1,0.7750879
,134,3,1,0.8953319
,135,0,0,0.99803483
,135,1,3,1.0
,135,2,1,0.8759105
,135,3,1,0.89603585
,136,0,2,1.0
,136,1,0,0.9936508
,136,2,1,0.8903269
,136,3,1,0.89734983
,137,0,0,0.9992178
,137,1,3,1.0
,137,2,1,0.8629599
,137,3,1,0.8872897
,138,0,2,1.0
,138,1,0,0.9968584
,138,2,1,0.74787605
,138,3,1,0.88542676
,139,0,0,0.94756246
,139,1,3,1.0
,139,2,0,0.9022974
,139,3,1,0.88493603
,140,0,1,0.73390293
,140,1,0,0.99685663
,140,2,2,1.0
,140,3,1,0.8849917
,141,0,1,0.8396088
,141,1,3,1.0
,141,2,0,0.997319
,141,3,1,0.8847535
,142,0,1,0.7819249
,142,1,0,0.99589574
,142,2,3,1.0
,142,3,1,0.88406146
,143,0,0,0.6506942
,143,1,3,1.0
,143,2,0,0.92046094
,143,3,1,0.89227456
,144,0,3,1.0
,144,1,0,0.89224905
,144,2,0,0.81470937
,144,3,1,0.8949494
,145,0,0,0.9932433
,145,1,1,0.56747603
,145,2,3,1.0
,145,3,1,0.89617336
,146,0,3,1.0
,146,1,0,0.91687214
,146,2,0,0.97138745
,146,3,1,0.883878
,147,0,0,0.9407435
,147,1,2,0.99999213
,147,2,0,0.87860566
,147,3,1,0.86658275
,148,0,1,0.69669884
,148,1,0,0.997321
,148,2,3,1.0
,148,3,1,0.7774894
,149,0,1,0.70165795
,149,1,3,1.0
,149,2,0,0.93759775
,149,3,0,0.72921854
,150,0,0,0.90606844
,150,1,0,0.9377596
,150,2,1,0.74074954
,150,3,3,1.0
,151,0,2,1.0
,151,1,1,0.7408364
,151,2,1,0.8596488
,151,3,0,0.99685675
,152,0,0,0.99648523
,152,1,1,0.8587338
,152,2,1,0.87972206
,152,3,3,1.0
,153,0,3,1.0
,153,1,1,0.88909847
,153,2,1,0.8929538
,153,3,0,0.9977201
,154,0,0,0.996973
,154,1,1,0.8828946
,154,2,1,0.88618284
,154,3,2,1.0
,155,0,3,1.0
,155,1,1,0.8663035
,155,2,1,0.8819149
,155,3,0,0.9973184
,156,0,0,0.99680865
,156,1,1,0.7774111
,156,2,1,0.8661012
,156,3,3,1.0
,157,0,3,1.0
,157,1,0,0.72917724
,157,2,1,0.77729565
,157,3,0,0.93767375
,158,0,0,0.97075194
,158,1,3,1.0
,158,2,0,0.7291954
,158,3,1,0.7394373
,159,0,0,0.8785376
,159,1,0,0.93807375
,159,2,3,1.0
,159,3,1,0.85462445
,160,0,3,1.0
,160,1,1,0.7346877
,160,2,0,0.99681574
,160,3,1,0.85556185
,161,0,0,0.9990239
,161,1,1,0.8374657
,161,2,3,1.0
,161,3,1,0.74558
,162,0,2,0.9806542
,162,1,1,0.77002674
,162,2,0,0.9498308
,162,3,0,0.9024056
,163,0,0,0.94915605
,163,1,0,0.730364
,163,2,1,0.5235094
,163,3,2,1.0
,164,0,1,0.69502
,164,1,3,1.0
,164,2,0,0.9206007
,164,3,0,0.97535574
,165,0,1,0.70141596
,165,1,0,0.9406787
,165,2,2,0.99999
,165,3,0,0.87945783
,166,0,0,0.9060852
,166,1,1,0.69668996
,166,2,0,0.97535515
,166,3,3,1.0
,167,0,2,1.0
,167,1,1,0.7018753
,167,2,0,0.87945634
,167,3,0,0.93877125
,168,0,0,0.9753532
,168,1,0,0.9060468
,168,2,3,1.0
,168,3,1,0.732764
,169,0,0,0.8794055
,169,1,2,1.0
,169,2,0,0.9383952
,169,3,1,0.8313043
,170,0,3,1.0
,170,1,0,0.9973203
,170,2,1,0.74047583
,170,3,1,0.73890525
,171,0,0,0.97068053
,171,1,3,1.0
,171,2,1,0.8587115
,171,3,0,0.90304
,172,0,0,0.8784605
,172,1,0,0.93839186
,172,2,1,0.87615716
,172,3,2,1.0
,173,0,3,1.0
,173,1,1,0.74053335
,173,2,1,0.8598434
,173,3,0,0.997318
,174,0,0,0.99906796
,174,1,1,0.8589376
,174,2,1,0.74676263
,174,3,3,1.0
,175,0,2,1.0
,175,1,1,0.8771305
,175,2,0,0.9022976
,175,3,0,0.9710701
,176,0,0,0.9753637
,176,1,1,0.86528975
,176,2,2,1.0
,176,3,0,0.8785712
,177,0,0,0.8796041
,177,1,1,0.7771221
,177,2,0,0.95530474
,177,3,3,1.0
,178,0,3,1.0
,178,1,0,0.7292868
,178,2,1,0.56270057
,178,3,0,0.9492708
,179,0,0,0.9377173
,179,1,3,1.0
,179,2,0,0.7720624
,179,3,1,0.5233431
,180,0,1,0.7407831
,180,1,0,0.970745
,180,2,3,1.0
,180,3,0,0.9206221
,181,0,1,0.8597213
,181,1,0,0.87850964
,181,2,0,0.9710765
,181,3,2,1.0
,182,0,1,0.88032734
,182,1,3,1.0
,182,2,0,0.8786289
,182,3,0,0.9553032
,183,0,1,0.8833609
,183,1,0,0.9990693
,183,2,3,1.0
,183,3,1,0.562827
,184,0,1,0.8805978
,184,1,2,1.0
,184,2,0,0.97108364
,184,3,0,0.77181304
,185,0,1,0.86071515
,185,1,0,0.9790777
,185,2,0,0.8787431
,185,3,3,1.0
,186,0,1,0.7469565
,186,1,0,0.96164703
,186,2,3,1.0
,186,3,0,0.94926095
,187,0,0,0.90229696
,187,1,2,0.9999999
,187,2,0,0.9383388
,187,3,1,0.5235777
,188,0,2,1.0
,188,1,0,0.97535783
,188,2,1,0.74091595
,188,3,0,0.9205219
,189,0,0,0.9571977
,189,1,0,0.8793711
,189,2,1,0.8597796
,189,3,2,1.0
,190,0,1,0.52121603
,190,1,3,1.0
,190,2,1,0.88045937
,190,3,0,0.99921745
,191,0,0,0.9207245
,191,1,0,0.97106934
,191,2,1,0.8840816
,191,3,2,1.0
,192,0,2,1.0
,192,1,0,0.8785114
,192,2,1,0.88427365
,192,3,0,0.9553126
,193,0,0,0.99921745
,193,1,3,1.0
,193,2,1,0.88157433
,193,3,1,0.5628098
,194,0,2,1.0
,194,1,0,0.9710797
,194,2,1,0.8661437
,194,3,0,0.77182674
,195,0,0,0.94731045
,195,1,0,0.8787081
,195,2,1,0.7773692
,195,3,3,1.0
,196,0,1,0.7390706
,196,1,3,1.0
,196,2,0,0.72914916
,196,3,0,0.9707319
,197,0,1,0.8591846
,197,1,0,0.9707559
,197,2,3,1.0
,197,3,0,0.87864923
,198,0,1,0.87961835
,198,1,0,0.8786831
,198,2,0,0.9707214
,198,3,3,1.0
,199,0,1,0.87980795
,199,1,3,1.0
,199,2,0,0.8785939
,199,3,0,0.94928324
,200,0,1,0.8605663
,200,1,0,0.99681264
,200,2,3,1.0
,200,3,1,0.52341694
,201,0,1,0.74689084
,201,1,3,1.0
,201,2,0,0.93759143
,201,3,0,0.9206371
,202,0,0,0.9022841
,202,1,0,0.975435
,202,2,1,0.741023
,202,3,2,1.0
,203,0,2,1.0
,203,1,0,0.9612955
,203,2,1,0.8597931
,203,3,0,0.9473239
,204,0,0,0.99731827
,204,1,2,1.0
,204,2,1,0.880612
,204,3,1,0.7394165
,205,0,3,1.0
,205,1,0,0.9973178
,205,2,1,0.8841288
,205,3,1,0.8594044
,206,0,0,0.9990683
,206,1,3,1.0
,206,2,1,0.8847353
,206,3,1,0.88040584
,207,0,2,1.0
,207,1,0,0.9968558
,207,2,1,0.88497496
,207,3,1,0.8842201
,208,0,0,0.9973177
,208,1,3,1.0
,208,2,1,0.88486755
,208,3,1,0.8847494
,209,0,3,1.0
,209,1,0,0.9990683
,209,2,1,0.88476735
,209,3,1,0.8848274
,210,0,0,0.99685556
,210,1,2,1.0
,210,2,1,0.88442355
,210,3,1,0.88489497
,211,0,3,1.0
,211,1,0,0.99921745
,211,2,1,0.8815914
,211,3,1,0.8843075
,212,0,0,0.9968558
,212,1,2,1.0
,212,2,1,0.8661927
,212,3,1,0.8817091
,213,0,3,1.0
,213,1,0,0.9973209
,213,2,1,0.7773777
,213,3,1,0.86605835
,214,0,0,0.9375984
,214,1,3,1.0
,214,2,0,0.729185
,214,3,1,0.7772846
,215,0,1,0.74083114
,215,1,0,0.97075343
,215,2,3,1.0
,215,3,0,0.72919565
,216,0,1,0.8596273
,216,1,0,0.87857383
,216,2,0,0.93958664
,216,3,3,1.0
,217,0,1,0.8804636
,217,1,3,1.0
,217,2,1,0.7062869
,217,3,0,0.99681157
,218,0,1,0.88409805
,218,1,0,0.99680865
,218,2,1,0.7356328
,218,3,3,1.0
,219,0,1,0.8847017
,219,1,3,1.0
,219,2,0,0.7373877
,219,3,0,0.9470101
,220,0,1,0.88485944
,220,1,0,0.996816
,220,2,3,1.0
,220,3,1,0.5650226
,221,0,1,0.8848311
,221,1,3,1.0
,221,2,0,0.94701326
,221,3,0,0.7714768
,222,0,1,0.88486004
,222,1,0,0.9990701
,222,2,1,0.5650136
,222,3,3,1.0
,223,0,1,0.8848613
,223,1,2,1.0
,223,2,0,0.77136856
,223,3,0,0.97107774
,224,0,1,0.88430643
,224,1,0,0.9473195
,224,2,3,1.0
,224,3,0,0.8786041
,225,0,1,0.88158876
,225,1,1,0.73897207
,225,2,0,0.99906987
,225,3,3,1.0
,226,0,1,0.8662039
,226,1,1,0.8588333
,226,2,2,1.0
,226,3,0,0.9990825
,227,0,1,0.77757883
,227,1,1,0.8771858
,227,2,0,0.9973202
,227,3,2,0.9998406
,228,0,0,0.72921365
,228,1,1,0.8653372
,228,2,3,1.0
,228,3,0,0.9740387
,229,0,3,1.0
,229,1,1,0.77808875
,229,2,0,0.9380509
,229,3,0,0.8505349
,230,0,0,0.8493368
,230,1,0,0.71088606
,230,2,1,0.7586367
,230,3,3,1.0
,231,0,1,0.75660086
,231,1,3,1.0
,231,2,1,0.86304426
,231,3,0,0.99909467
,232,0,1,0.86193264
,232,1,0,0.9968589
,232,2,1,0.88119125
,232,3,2,1.0
,233,0,1,0.87757283
,233,1,3,1.0
,233,2,1,0.8842184
,233,3,0,0.99921745
,234,0,1,0.86541176
,234,1,0,0.9968558
,234,2,1,0.8848876
,234,3,2,1.0
,235,0,1,0.77717537
,235,1,3,1.0
,235,2,1,0.8848699
,235,3,0,0.99732006
,236,0,0,0.7292065
,236,1,0,0.9706927
,236,2,1,0.8848441
,236,3,3,1.0
,237,0,3,1.0
,237,1,0,0.8786651
,237,2,1,0.88485867
,237,3,0,0.9751544
,238,0,0,0.9380203
,238,1,3,1.0
,238,2,1,0.88483316
,238,3,0,0.96132475
,239,0,1,0.7349341
,239,1,0,0.9990831
,239,2,1,0.88499415
,239,3,2,1.0
,240,0,1,0.83768195
,240,1,2,1.0
,240,2,1,0.8850161
,240,3,0,0.9973192
,241,0,1,0.7699538
,241,1,0,0.99732053
,241,2,1,0.8848703
,241,3,3,1.0
,242,0,0,0.7305253
,242,1,3,1.0
,242,2,1,0.8847112
,242,3,0,0.9470116
,243,0,3,1.0
,243,1,0,0.9968155
,243,2,1,0.88414466
,243,3,1,0.5649807
,244,0,0,0.97510326
,244,1,3,1.0
,244,2,1,0.8806215
,244,3,0,0.7716228
,245,0,0,0.96131635
,245,1,0,0.9707399
,245,2,1,0.86071795
,245,3,3,1.0
,246,0,2,1.0
,246,1,0,0.8785326
,246,2,1,0.74714464
,246,3,0,0.9383522
,247,0,0,0.9753549
,247,1,3,1.0
,247,2,0,0.9023501
,247,3,1,0.7406814
,248,0,0,0.8794312
,248,1,0,0.9710759
,248,2,2,1.0
,248,3,1,0.859729
,249,0,3,1.0
,249,1,0,0.87861323
,249,2,0,0.94759125
,249,3,1,0.880457
,250,0,0,0.99906987
,250,1,3,1.0
,250,2,1,0.7329612
,250,3,1,0.88410693
,251,0,2,1.0
,251,1,0,0.99685615
,251,2,1,0.8373053
,251,3,1,0.88486904
,252,0,0,0.99732065
,252,1,3,1.0
,252,2,1,0.76986015
,252,3,1,0.8848666
,253,0,3,1.0
,253,1,0,0.93762857
,253,2,0,0.7305203
,253,3,1,0.8848338
,254,0,0,0.996815
,254,1,1,0.7406979
,254,2,3,1.0
,254,3,1,0.8848861
,255,0,3,1.0
,255,1,1,0.858975
,255,2,0,0.996807
,255,3,1,0.8848711
,256,0,0,0.99680674
,256,1,1,0.8770524
,256,2,3,1.0
,256,3,1,0.8848537
,257,0,3,1.0
,257,1,1,0.8651774
,257,2,0,0.99680674
,257,3,1,0.8847697
,258,0,0,0.9968085
,258,1,1,0.7772066
,258,2,3,1.0
,258,3,1,0.88429105
,259,0,3,1.0
,259,1,0,0.7286973
,259,2,0,0.9376158
,259,3,1,0.8815326
,260,0,0,0.99684
,260,1,3,0.999961
,260,2,1,0.74099666
,260,3,1,0.8661321
,261,0,3,1.0
,261,1,0,0.9968076
,261,2,1,0.8595593
,261,3,1,0.7773563
,262,0,0,0.97068554
,262,1,3,1.0
,262,2,1,0.87983614
,262,3,0,0.7292246
,263,0,0,0.87854725
,263,1,0,0.9377993
,263,2,1,0.8807613
,263,3,3,1.0
,264,0,3,1.0
,264,1,1,0.739751
,264,2,1,0.865916
,264,3,0,0.99906975
,265,0,0,0.9990825
,265,1,1,0.8559062
,265,2,1,0.77757365
,265,3,2,1.0
,266,0,2,1.0
,266,1,1,0.86117506
,266,2,0,0.7287353
,266,3,0,0.9473294
,267,0,0,0.99921757
,267,1,1,0.7761433
,267,2,3,1.0
,267,3,1,0.7389808
,268,0,2,1.0
,268,1,0,0.7290669
,268,2,0,0.9383961
,268,3,1,0.8587653
,269,0,0,0.99731815
,269,1,3,1.0
,269,2,1,0.7407391
,269,3,1,0.8770336
,270,0,3,1.0
,270,1,0,0.99680674
,270,2,1,0.8596103
,270,3,1,0.8651645
,271,0,0,0.99906796
,271,1,3,1.0
,271,2,1,0.88034123
,271,3,1,0.7771522
,272,0,2,1.0
,272,1,0,0.94767666
,272,2,1,0.8835948
,272,3,0,0.7288746
,273,0,0,0.99921757
,273,1,1,0.56485605
,273,2,1,0.881464
,273,3,3,1.0
,274,0,2,1.0
,274,1,0,0.77133924
,274,2,1,0.86611545
,274,3,0,0.93839914
,275,0,0,0.99921757
,275,1,3,1.0
,275,2,1,0.77742904
,275,3,1,0.7405393
,276,0,2,1.0
,276,1,0,0.93840516
,276,2,0,0.7288101
,276,3,1,0.8590387
,277,0,0,0.99731815
,277,1,1,0.7405576
,277,2,3,1.0
,277,3,1,0.8770811
,278,0,3,1.0
,278,1,1,0.85895824
,278,2,0,0.996807
,278,3,1,0.8651659
,279,0,0,0.99680793
,279,1,1,0.8770882
,279,2,3,1.0
,279,3,1,0.777104
,280,0,3,1.0
,280,1,1,0.8653829
,280,2,0,0.9750887
,280,3,0,0.7292847
,281,0,0,0.938275
,281,1,1,0.77851796
,281,2,0,0.96110517
,281,3,3,1.0
,282,0,1,0.7658708
,282,1,0,0.70314425
,282,2,2,1.0
,282,3,1,0.694347
,283,0,1,0.86428607
,283,1,3,1.0
,283,2,0,0.99921805
,283,3,1,0.848041
,284,0,1,0.8808474
,284,1,0,0.99685997
,284,2,2,1.0
,284,3,1,0.8596888
,285,0,1,0.880995
,285,1,3,1.0
,285,2,0,0.99732065
,285,3,1,0.7757077
,286,0,1,0.86612564
,286,1,0,0.939417
,286,2,3,1.0
,286,3,0,0.7293525
,287,0,1,0.77872866
,287,1,1,0.7071776
,287,2,0,0.9990651
,287,3,3,1.0
,288,0,0,0.7033974
,288,1,1,0.7581619
,288,2,2,1.0
,288,3,1,0.6577301
,289,0,3,1.0
,289,1,0,0.7324529
,289,2,0,0.9475874
,289,3,1,0.7234847
,290,0,0,0.93789476
,290,1,3,1.0
,290,2,1,0.73356944
,290,3,0,0.73974913
,291,0,1,0.7390165
,291,1,0,0.9956343
,291,2,1,0.8395121
,291,3,3,1.0
,292,0,1,0.8710935
,292,1,3,1.0
,292,2,1,0.7972587
,292,3,0,0.98427075
,293,0,1,0.87809944
,293,1,0,0.97126776
,293,2,0,0.67172253
,293,3,3,1.0
,294,0,1,0.87050533
,294,1,0,0.86717397
,294,2,3,1.0
,294,3,0,0.9287131
,295,0,1,0.7500634
,295,1,3,1.0
,295,2,0,0.9389885
,295,3,0,0.8700372
,296,0,0,0.90169656
,296,1,0,0.9462159
,296,2,1,0.73907226
,296,3,3,1.0
,297,0,2,1.0
,297,1,1,0.60694444
,297,2,1,0.87103266
,297,3,0,0.9929177
,298,0,0,0.94769824
,298,1,0,0.7119446
,298,2,1,0.88192165
,298,3,3,1.0
,299,0,1,0.75893724
,299,1,3,1.0
,299,2,1,0.89364
,299,3,0,0.9977928
,300,0,1,0.86263233
,300,1,0,0.9969767
,300,2,1,0.88674444
,300,3,2,1.0
,301,0,1,0.877224
,301,1,3,1.0
,301,2,1,0.88450325
,301,3,0,0.99649256
,302,0,1,0.87545884
,302,1,0,0.9921036
,302,2,1,0.8936811
,302,3,3,1.0
,303,0,1,0.7801711
,303,1,3,1.0
,303,2,1,0.8860705
,303,3,0,0.99688554
,304,0,0,0.7284822
,304,1,0,0.94924676
,304,2,1,0.8818941
,304,3,3,1.0
,305,0,3,1.0
,305,1,1,0.5235441
,305,2,1,0.8663096
,305,3,0,0.996816
,306,0,0,0.93810576
,306,1,0,0.9203019
,306,2,1,0.77842283
,306,3,3,1.0
,307,0,1,0.75928724
,307,1,2,1.0
,307,2,0,0.7087357
,307,3,0,0.8831866
,308,0,1,0.8580086
,308,1,0,0.99921435
,308,2,3,1.0
,308,3,1,0.5837408
,309,0,1,0.8673009
,309,1,2,1.0
,309,2,0,0.8637411
,309,3,0,0.749861
,310,0,1,0.74870616
,310,1,0,0.9968357
,310,2,1,0.7532821
,310,3,3,1.0
,311,0,0,0.89678943
,311,1,3,1.0
,311,2,1,0.86779404
,311,3,0,0.9340926
,312,0,2,1.0
,312,1,0,0.96598595
,312,2,1,0.890179
,312,3,0,0.86017084
,313,0,0,0.9546998
,313,1,0,0.9604931
,313,2,1,0.8859437
,313,3,3,1.0
,314,0,1,0.5767613
,314,1,2,1.0
,314,2,1,0.88507366
,314,3,0,0.9968584
,315,0,0,0.72316194
,315,1,0,0.97522205
,315,2,1,0.8842011
,315,3,3,1.0
,316,0,3,1.0
,316,1,0,0.8680668
,316,2,1,0.8932366
,316,3,0,0.92325675
,317,0,0,0.940924
,317,1,3,1.0
,317,2,1,0.8855349
,317,3,0,0.8289475
,318,0,1,0.73447067
,318,1,0,0.9954009
,318,2,1,0.89481795
,318,3,3,1.0
,319,0,1,0.7730982
,319,1,2,1.0
,319,2,1,0.896987
,319,3,0,0.9936761
,320,0,0,0.6733293
,320,1,0,0.94769484
,320,2,1,0.88599694
,320,3,3,1.0
,321,0,3,1.0
,321,1,1,0.75911784
,321,2,1,0.8914078
,321,3,0,0.9977979
,322,0,0,0.99697644
,322,1,1,0.8631624
,322,2,1,0.86865664
,322,3,2,1.0
,323,0,3,1.0
,323,1,1,0.87988335
,323,2,1,0.7790701
,323,3,0,0.999214
,324,0,0,0.8811254
,324,1,1,0.89072764
,324,2,0,0.70883626
,324,3,2,1.0
,325,0,1,0.5989562
,325,1,1,0.87044555
,325,2,3,1.0
,325,3,0,0.99658513
,326,0,0,0.695563
,326,1,1,0.80369663
,326,2,0,0.8476102
,326,3,3,1.0
,327,0,3,1.0
,327,1,0,0.6386281
,327,2,1,0.7698229
,327,3,0,0.8707358
,328,0,0,0.990973
,328,1,3,1.0
,328,2,1,0.8582293
,328,3,1,0.767289
,329,0,3,1.0
,329,1,0,0.9909143
,329,2,1,0.79341674
,329,3,1,0.8573758
,330,0,0,0.869311
,330,1,3,1.0
,330,2,0,0.7051525
,330,3,1,0.7914857
,331,0,1,0.75319684
,331,1,0,0.93923527
,331,2,3,1.0
,331,3,0,0.7256836
,332,0,1,0.86181056
,332,1,1,0.7405393
,332,2,0,0.99907154
,332,3,3,1.0
,333,0,1,0.8808089
,333,1,1,0.8595053
,333,2,2,1.0
,333,3,0,0.99685556
,334,0,1,0.88327056
,334,1,1,0.87917554
,334,2,0,0.99921376
,334,3,3,1.0
,335,0,1,0.8936986
,335,1,1,0.89111465
,335,2,2,1.0
,335,3,0,0.9929182
,336,0,1,0.88212246
,336,1,1,0.87003195
,336,2,0,0.999214
,336,3,3,1.0
,337,0,1,0.8724212
,337,1,1,0.8032819
,337,2,2,1.0
,337,3,0,0.99292743
,338,0,1,0.74970216
,338,1,0,0.6720701
,338,2,0,0.94791055
,338,3,3,1.0
,339,0,0,0.89429873
,339,1,3,1.0
,339,2,1,0.75143135
,339,3,0,0.8514618
,340,0,2,1.0
,340,1,0,0.999116
,340,2,1,0.8413162
,340,3,1,0.7566364
,341,0,0,0.9973202
,341,1,2,1.0
,341,2,1,0.77111554
,341,3,1,0.86193365
,342,0,3,1.0
,342,1,0,0.9753583
,342,2,0,0.73041093
,342,3,1,0.8775591
,343,0,0,0.97075135
,343,1,0,0.87960815
,343,2,3,1.0
,343,3,1,0.8652494
,344,0,0,0.8786722
,344,1,3,1.0
,344,2,0,0.93799394
,344,3,1,0.7770956
,345,0,3,1.0
,345,1,0,0.97073156
,345,2,1,0.73461604
,345,3,0,0.7292089
,346,0,0,0.97075355
,346,1,0,0.8786838
,346,2,1,0.8374383
,346,3,3,1.0
,347,0,0,0.87869155
,347,1,3,1.0
,347,2,1,0.7698582
,347,3,0,0.9376739
,348,0,3,1.0
,348,1,0,0.9470773
,348,2,0,0.73049736
,348,3,1,0.7405915
,349,0,0,0.99907035
,349,1,1,0.565002
,349,2,3,1.0
,349,3,1,0.85897523
,350,0,2,1.0
,350,1,0,0.77137595
,350,2,0,0.97543913
,350,3,1,0.8771496
,351,0,0,0.97535515
,351,1,3,1.0
,351,2,0,0.96134007
,351,3,1,0.86518615
,352,0,0,0.8794465
,352,1,0,0.9383604
,352,2,2,1.0
,352,3,1,0.7772733
,353,0,3,1.0
,353,1,1,0.7406886
,353,2,0,0.95718795
,353,3,0,0.72901386
,354,0,0,0.99681634
,354,1,1,0.8596236
,354,2,1,0.5212648
,354,3,3,1.0
,355,0,3,1.0
,355,1,1,0.88030165
,355,2,0,0.9208084
,355,3,0,0.9376223
,356,0,0,0.9990831
,356,1,1,0.88364065
,356,2,2,1.0
,356,3,1,0.7410774
,357,0,2,1.0
,357,1,1,0.8815881
,357,2,0,0.997319
,357,3,1,0.85969734
,358,0,0,0.997318
,358,1,1,0.8660438
,358,2,3,1.0
,358,3,1,0.8797208
,359,0,3,1.0
,359,1,1,0.77736336
,359,2,0,0.99906796
,359,3,1,0.8798477
,360,0,0,0.97543514
,360,1,0,0.72892296
,360,2,2,1.0
,360,3,1,0.8606766
,361,0,0,0.96133965
,361,1,3,1.0
,361,2,0,0.94731295
,361,3,1,0.7469859
,362,0,2,1.0
,362,1,0,0.97543806
,362,2,1,0.7393243
,362,3,0,0.9022753
,363,0,0,0.9790834
,363,1,0,0.96129644
,363,2,1,0.8594956
,363,3,2,1.0
,364,0,0,0.9615936
,364,1,2,1.0
,364,2,1,0.88052344
,364,3,0,0.9473733
,365,0,2,1.0
,365,1,0,0.99731886
,365,2,1,0.8842357
,365,3,1,0.7383269
,366,0,0,0.9973178
,366,1,3,1.0
,366,2,1,0.8847382
,366,3,1,0.85549146
,367,0,3,1.0
,367,1,0,0.9990683
,367,2,1,0.88474476
,367,3,1,0.8609824
,368,0,0,0.99685556
,368,1,2,1.0
,368,2,1,0.88441706
,368,3,1,0.77626824
,369,0,3,1.0
,369,1,0,0.94759
,369,2,1,0.88157624
,369,3,0,0.72920835
,370,0,0,0.99681526
,370,1,1,0.73298234
,370,2,1,0.8660665
,370,3,3,1.0
,371,0,3,1.0
,371,1,1,0.83712655
,371,2,1,0.777344
,371,3,0,0.996809
,372,0,0,0.93761146
,372,1,1,0.76975757
,372,2,0,0.72922724
,372,3,3,1.0
,373,0,1,0.7405696
,373,1,0,0.7305235
,373,2,3,1.0
,373,3,0,0.94712776
,374,0,1,0.85879165
,374,1,3,1.0
,374,2,0,0.996816
,374,3,1,0.56494135
,375,0,1,0.8760633
,375,1,0,0.97068816
,375,2,3,1.0
,375,3,0,0.77167034
,376,0,1,0.8597941
,376,1,0,0.8785752
,376,2,0,0.93778104
,376,3,3,1.0
,377,0,1,0.7467767
,377,1,3,1.0
,377,2,1,0.7397563
,377,3,0,0.99681264
,378,0,0,0.90239733
,378,1,0,0.9706815
,378,2,1,0.8557092
,378,3,3,1.0
,379,0,2,1.0
,379,1,0,0.87847203
,379,2,1,0.8610989
,379,3,0,0.940204
,380,0,0,0.997321
,380,1,3,1.0
,380,2,1,0.7760666
,380,3,1,0.7061406
,381,0,3,1.0
,381,1,0,0.9376021
,381,2,0,0.72944546
,381,3,1,0.7355066
,382,0,0,0.97075844
,382,1,1,0.74079734
,382,2,3,1.0
,382,3,0,0.7374998
,383,0,0,0.87865
,383,1,1,0.859519
,383,2,0,0.9707545
,383,3,3,1.0
,384,0,3,1.0
,384,1,1,0.8798404
,384,2,0,0.878665
,384,3,0,0.9751313
,385,0,0,0.9707174
,385,1,1,0.8807565
,385,2,3,1.0
,385,3,0,0.96132094
,386,0,0,0.8784766
,386,1,1,0.8659698
,386,2,0,0.9383791
,386,3,2,0.9999999
,387,0,3,1.0
,387,1,1,0.77733976
,387,2,1,0.7407243
,387,3,0,0.9973202
,388,0,0,0.97069395
,388,1,0,0.72918063
,388,2,1,0.85959804
,388,3,3,1.0
,389,0,0,0.87866163
,389,1,3,1.0
,389,2,1,0.8804378
,389,3,0,0.97074884
,390,0,3,1.0
,390,1,0,0.94706726
,390,2,1,0.88407105
,390,3,0,0.8785947
,391,0,0,0.99681276
,391,1,1,0.5649905
,391,2,1,0.8847401
,391,3,3,1.0
,392,0,3,1.0
,392,1,0,0.7714602
,392,2,1,0.88480955
,392,3,0,0.9376324
,393,0,0,0.9990706
,393,1,3,1.0
,393,2,1,0.88487047
,393,3,1,0.74068224
,394,0,2,1.0
,394,1,0,0.999083
,394,2,1,0.8849787
,394,3,1,0.8591281
,395,0,0,0.997319
,395,1,2,1.0
,395,2,1,0.88489157
,395,3,1,0.87721133
,396,0,3,1.0
,396,1,0,0.99731827
,396,2,1,0.88415414
,396,3,1,0.8651871
,397,0,0,0.99680793
,397,1,3,1.0
,397,2,1,0.880645
,397,3,1,0.77710754
,398,0,3,1.0
,398,1,0,0.9706905
,398,2,1,0.86069745
,398,3,0,0.72929555
,399,0,0,0.9380435
,399,1,0,0.87867427
,399,2,1,0.7469724
,399,3,3,1.0
,400,0,1,0.7345806
,400,1,3,1.0
,400,2,0,0.9023746
,400,3,0,0.94928026
,401,0,1,0.8376115
,401,1,0,0.9968552
,401,2,2,1.0
,401,3,1,0.5237407
,402,0,1,0.7699179
,402,1,3,1.0
,402,2,0,0.94731003
,402,3,0,0.9205991
,403,0,0,0.7303086
,403,1,0,0.93845975
,403,2,1,0.73931056
,403,3,2,1.0
,404,0,3,1.0
,404,1,1,0.7396572
,404,2,1,0.85940087
,404,3,0,0.99731815
,405,0,0,0.996807
,405,1,1,0.85573035
,405,2,1,0.8803937
,405,3,3,1.0
,406,0,3,1.0
,406,1,1,0.86101073
,406,2,1,0.88398826
,406,3,0,0.99680674
,407,0,0,0.99680793
,407,1,1,0.77601993
,407,2,1,0.88415474
,407,3,3,1.0
,408,0,3,1.0
,408,1,0,0.72949404
,408,2,1,0.88152283
,408,3,0,0.9706867
,409,0,0,0.93806624
,409,1,3,1.0
,409,2,1,0.86601734
,409,3,0,0.87857103
,410,0,1,0.73465955
,410,1,0,0.99681336
,410,2,1,0.7773831
,410,3,3,1.0
,411,0,1,0.8374144
,411,1,3,1.0
,411,2,0,0.729036
,411,3,0,0.9376772
,412,0,1,0.76993036
,412,1,0,0.9968168
,412,2,3,1.0
,412,3,1,0.73979735
,413,0,0,0.73050755
,413,1,3,1.0
,413,2,0,0.9376232
,413,3,1,0.8557133
,414,0,3,1.0
,414,1,0,0.99681515
,414,2,1,0.7408875
,414,3,1,0.86103976
,415,0,0,0.99680877
,415,1,3,1.0
,415,2,1,0.85965645
,415,3,1,0.77606153
,416,0,3,1.0
,416,1,0,0.9470108
,416,2,1,0.88042057
,416,3,0,0.7293047
,417,0,0,0.9968161
,417,1,1,0.56501645
,417,2,1,0.8841109
,417,3,3,1.0
,418,0,3,1.0
,418,1,0,0.77150166
,418,2,1,0.8847049
,418,3,0,0.94923127
,419,0,0,0.99681455
,419,1,3,1.0
,419,2,1,0.8848566
,419,3,1,0.52345157
,420,0,3,1.0
,420,1,0,0.97510046
,420,2,1,0.8848348
,420,3,0,0.9206253
,421,0,0,0.9710737
,421,1,0,0.9612742
,421,2,1,0.88494647
,421,3,2,1.0
,422,0,0,0.87856287
,422,1,2,1.0
,422,2,1,0.8849859
,422,3,0,0.97536224
,423,0,3,1.0
,423,1,0,0.97907746
,423,2,1,0.8848825
,423,3,0,0.8795718
,424,0,0,0.97504944
,424,1,0,0.961639
,424,2,1,0.88485
,424,3,3,1.0
,425,0,0,0.9597406
,425,1,2,0.999961
,425,2,1,0.8849492
,425,3,0,0.9710723
,426,0,2,0.9815175
,426,1,0,0.9553133
,426,2,1,0.8849851
,426,3,0,0.87852126
,427,0,0,0.9973107
,427,1,1,0.56277996
,427,2,1,0.8848977
,427,3,3,1.0
,428,0,3,1.0
,428,1,0,0.77206004
,428,2,1,0.88485
,428,3,0,0.9751024
,429,0,0,0.97073954
,429,1,3,1.0
,429,2,1,0.88485086
,429,3,0,0.96131307
,430,0,0,0.8784817
,430,1,0,0.94767326
,430,2,1,0.88494706
,430,3,2,0.9999658
,431,0,3,1.0
,431,1,1,0.56481576
,431,2,1,0.88489074
,431,3,0,0.99732065
,432,0,0,0.93946505
,432,1,0,0.77152115
,432,2,1,0.8848389
,432,3,3,1.0
,433,0,1,0.7063192
,433,1,3,1.0
,433,2,1,0.8848851
,433,3,0,0.9968142
,434,0,1,0.73561525
,434,1,0,0.9968082
,434,2,1,0.88487196
,434,3,3,1.0
,435,0,0,0.73751897
,435,1,3,1.0
,435,2,1,0.88484204
,435,3,0,0.97069144
,436,0,3,1.0
,436,1,0,0.9707522
,436,2,1,0.88484097
,436,3,0,0.8786376
,437,0,0,0.97513115
,437,1,0,0.87866414
,437,2,1,0.8847526
,437,3,3,1.0
,438,0,0,0.9613208
,438,1,3,1.0
,438,2,1,0.884268
,438,3,0,0.970718
,439,0,2,1.0
,439,1,0,0.9476744
,439,2,1,0.8816506
,439,3,0,0.8784792
,440,0,0,0.9973209
,440,1,1,0.5647618
,440,2,1,0.86606467
,440,3,3,1.0
,441,0,3,1.0
,441,1,0,0.77171534
,441,2,1,0.77731895
,441,3,0,0.93944484
,442,0,0,0.9395769
,442,1,3,1.0
,442,2,0,0.7290181
,442,3,1,0.7062364
,443,0,1,0.7062906
,443,1,0,0.9968168
,443,2,3,1.0
,443,3,1,0.7356212
,444,0,1,0.7355403
,444,1,3,1.0
,444,2,0,0.94699657
,444,3,0,0.73759246
,445,0,0,0.7375581
,445,1,0,0.93956125
,445,2,1,0.5649242
,445,3,3,1.0
,446,0,3,1.0
,446,1,1,0.7062215
,446,2,0,0.7714828
,446,3,0,0.93958944
,447,0,0,0.9968162
,447,1,1,0.7356255
,447,2,3,1.0
,447,3,1,0.7062826
,448,0,3,1.0
,448,1,0,0.7375307
,448,2,0,0.93944865
,448,3,1,0.7355343
,449,0,0,0.9707566
,449,1,3,1.0
,449,2,1,0.7062586
,449,3,0,0.73755014
,450,0,0,0.87869847
,450,1,0,0.94710034
,450,2,1,0.73557246
,450,3,3,1.0
,451,0,3,1.0
,451,1,1,0.56484026
,451,2,0,0.73751885
,451,3,0,0.937725
,452,0,0,0.9707582
,452,1,0,0.7716111
,452,2,3,1.0
,452,3,1,0.7397314
,453,0,0,0.87865824
,453,1,3,1.0
,453,2,0,0.9707506
,453,3,1,0.8557324
,454,0,3,1.0
,454,1,0,0.9707244
,454,2,0,0.8786983
,454,3,1,0.86099434
,455,0,0,0.9379507
,455,1,0,0.8786878
,455,2,3,1.0
,455,3,1,0.77599686
,456,0,1,0.73538285
,456,1,3,1.0
,456,2,0,0.94618344
,456,3,0,0.7293611
,457,0,1,0.8402624
,457,1,0,0.99593574
,457,2,1,0.5816757
,457,3,3,1.0
,458,0,1,0.7958776
,458,1,3,1.0
,458,2,0,0.7002581
,458,3,0,0.864516
,459,0,0,0.64357585
,459,1,0,0.8689643
,459,2,3,1.0
,459,3,1,0.6293348
,460,0,3,1.0
,460,1,1,0.7708129
,460,2,0,0.8731472
,460,3,0,0.6802513
,461,0,0,0.99331266
,461,1,1,0.87351775
,461,2,1,0.77330756
,461,3,3,1.0
,462,0,3,1.0
,462,1,1,0.86491466
,462,2,1,0.8654854
,462,3,0,0.99689704
,463,0,0,0.9958917
,463,1,1,0.777958
,463,2,1,0.88080037
,463,3,3,1.0
,464,0,3,1.0
,464,1,0,0.71107835
,464,2,1,0.8925166
,464,3,0,0.9262283
,465,0,0,0.9697058
,465,1,3,1.0
,465,2,1,0.8857659
,465,3,0,0.86952543
,466,0,0,0.8464859
,466,1,0,0.9382218
,466,2,1,0.8814041
,466,3,3,1.0
,467,0,3,1.0
,467,1,1,0.75886726
,467,2,1,0.8767368
,467,3,0,0.9895808
,468,0,0,0.9930948
,468,1,1,0.8745024
,468,2,1,0.7969147
,468,3,3,1.0
,469,0,3,1.0
,469,1,1,0.8827325
,469,2,0,0.7248359
,469,3,0,0.9757046
,470,0,0,0.970762
,470,1,1,0.88158876
,470,2,3,1.0
,470,3,0,0.9613623
,471,0,0,0.8784845
,471,1,1,0.8678476
,471,2,0,0.93839765
,471,3,2,1.0
,472,0,3,1.0
,472,1,1,0.78751045
,472,2,1,0.74043316
,472,3,0,0.9973204
,473,0,0,0.9381923
,473,1,0,0.67125
,473,2,1,0.8585475
,473,3,3,1.0
,474,0,1,0.7580411
,474,1,3,1.0
,474,2,1,0.88891196
,474,3,0,0.989708
,475,0,1,0.8706149
,475,1,0,0.99071455
,475,2,1,0.894707
,475,3,3,1.0
,476,0,1,0.876143
,476,1,3,1.0
,476,2,1,0.89576185
,476,3,0,0.9908317
,477,0,1,0.7978763
,477,1,0,0.99086916
,477,2,1,0.8960314
,477,3,3,1.0
,478,0,0,0.7037607
,478,1,3,1.0
,478,2,1,0.8964893
,478,3,0,0.93753344
,479,0,3,1.0
,479,1,0,0.94104433
,479,2,1,0.8870449
,479,3,0,0.8714671
,480,0,0,0.97098154
,480,1,1,0.7064001
,480,2,1,0.88499033
,480,3,3,1.0
,481,0,0,0.87499994
,481,1,1,0.7411764
,481,2,1,0.887047
,481,3,3,1.0
,482,0,3,1.0
,482,1,0,0.7361256
,482,2,1,0.88083166
,482,3,0,0.94064337
,483,0,0,0.9968161
,483,1,3,1.0
,483,2,1,0.85866684
,483,3,1,0.69292796
,484,0,3,1.0
,484,1,0,0.9766727
,484,2,1,0.7344432
,484,3,1,0.6878339
,485,0,0,1.0
,485,1,0,1.0
,485,2,0,1.0
,485,3,2,0.520978
,486,0,1,0.50974554
,486,1,1,0.68514913
,486,2,3,1.0
,486,3,0,0.9970986
,487,0,0,0.9217512
,487,1,1,0.6984598
,487,2,0,0.9399532
,487,3,3,1.0
,488,0,2,1.0
,488,1,0,0.906244
,488,2,1,0.697067
,488,3,0,0.9710706
,489,0,0,0.94767946
,489,1,2,1.0
,489,2,1,0.70202786
,489,3,0,0.8785684
,490,0,1,0.731164
,490,1,0,0.9753555
,490,2,0,0.9060332
,490,3,3,1.0
,491,0,1,0.8310007
,491,1,0,0.8794449
,491,2,2,1.0
,491,3,0,0.97108066
,492,0,1,0.73878926
,492,1,3,1.0
,492,2,0,0.9553025
,492,3,0,0.87876195
,493,0,0,0.90305
,493,1,0,0.9376678
,493,2,1,0.56273746
,493,3,3,1.0
,494,0,2,1.0
,494,1,1,0.74082446
,494,2,0,0.7717606
,494,3,0,0.94768625
,495,0,0,0.99921745
,495,1,1,0.8590424
,495,2,3,1.0
,495,3,1,0.5648427
,496,0,2,1.0
,496,1,1,0.8773198
,496,2,0,0.94768184
,496,3,0,0.7713587
,497,0,0,0.997321
,497,1,1,0.8661919
,497,2,1,0.5647717
,497,3,3,1.0
,498,0,3,1.0
,498,1,1,0.7827555
,498,2,0,0.7717418
,498,3,0,0.93765485
,499,0,0,0.96872175
,499,1,0,0.696763
,499,2,3,1.0
,499,3,1,0.7397548
,500,0,0,0.83567214
,500,1,3,1.0
,500,2,0,0.86095953
,500,3,1,0.864899
,501,0,3,1.0
,501,1,0,0.99032027
,501,2,1,0.7727499
,501,3,1,0.89052314
,502,0,0,0.9931636
,502,1,3,1.0
,502,2,1,0.8769346
,502,3,1,0.8953766
,503,0,3,1.0
,503,1,0,0.9968949
,503,2,1,0.8837223
,503,3,1,0.8837955
,504,0,0,0.9968084
,504,1,3,1.0
,504,2,1,0.8846743
,504,3,1,0.8664842
,505,0,3,1.0
,505,1,0,0.9968103
,505,2,1,0.88483715
,505,3,1,0.7774903
,506,0,0,0.949233
,506,1,3,1.0
,506,2,1,0.88481504
,506,3,0,0.7290219
,507,0,1,0.5234573
,507,1,0,0.9968154
,507,2,1,0.8847804
,507,3,3,1.0
,508,0,0,0.9206256
,508,1,3,1.0
,508,2,1,0.88426185
,508,3,0,0.9706854
,509,0,2,1.0
,509,1,0,0.97542727
,509,2,1,0.8816626
,509,3,0,0.87849844
,510,0,0,0.94731337
,510,1,0,0.9612126
,510,2,1,0.8660558
,510,3,3,1.0
,511,0,1,0.73940784
,511,1,2,0.9984518
,511,2,1,0.7775646
,511,3,0,0.99685603
,512,0,1,0.8593371
,512,1,0,0.9753504
,512,2,0,0.7291241
,512,3,3,1.0
,513,0,1,0.880188
,513,1,0,0.87959087
,513,2,3,1.0
,513,3,0,0.9685516
,514,0,1,0.88289404
,514,1,3,1.0
,514,2,0,0.93864495
,514,3,0,0.8373438
,515,0,1,0.89444476
,515,1,0,0.9467815
,515,2,1,0.75679535
,515,3,3,1.0
,516,0,1,0.8941579
,516,1,3,1.0
,516,2,1,0.851915
,516,3,0,0.9955033
,517,0,1,0.88058597
,517,1,0,0.9981768
,517,2,1,0.76452446
,517,3,2,1.0
,518,0,1,0.781892
,518,1,2,1.0
,518,2,0,0.9005343
,518,3,0,0.95472085
,519,0,0,0.72798395
,519,1,0,0.9552516
,519,2,2,1.0
,519,3,1,0.5767428
,520,0,3,1.0
,520,1,1,0.5641441
,520,2,0,0.94765496
,520,3,0,0.72297317
,521,0,0,0.9235352
,521,1,0,0.7552788
,521,2,1,0.75749934
,521,3,3,1.0
,522,0,0,0.8292684
,522,1,3,1.0
,522,2,1,0.86162627
,522,3,0,0.93963504
,523,0,3,1.0
,523,1,0,0.97833675
,523,2,1,0.89068466
,523,3,1,0.7613976
,524,0,0,0.9787563
,524,1,3,1.0
,524,2,1,0.89559716
,524,3,1,0.87509465
,525,0,3,1.0
,525,1,0,0.99549514
,525,2,1,0.89461315
,525,3,1,0.89303786
,526,0,0,0.9847979
,526,1,2,1.0
,526,2,1,0.8833937
,526,3,1,0.8938805
,527,0,3,1.0
,527,1,0,0.9963546
,527,2,1,0.7953207
,527,3,1,0.8641484
,528,0,0,0.7523132
,528,1,3,1.0
,528,2,0,0.6338889
,528,3,1,0.7656575
,529,0,1,0.79409176
,529,1,0,0.7945928
,529,2,3,1.0
,529,3,0,0.89029145
,530,0,1,0.86944956
,530,1,1,0.5674391
,530,2,0,0.99699736
,530,3,2,1.0
,531,0,1,0.8815813
,531,1,0,0.91702145
,531,2,3,1.0
,531,3,0,0.9473624
,532,0,1,0.8812269
,532,1,2,1.0
,532,2,0,0.9968564
,532,3,1,0.73833615
,533,0,1,0.86597884
,533,1,0,0.99921745
,533,2,3,1.0
,533,3,1,0.8554876
,534,0,1,0.77753085
,534,1,2,1.0
,534,2,0,0.99685544
,534,3,1,0.86111265
,535,0,0,0.7291947
,535,1,0,0.9571835
,535,2,3,1.0
,535,3,1,0.77602786
,536,0,3,1.0
,536,1,1,0.5212552
,536,2,0,0.93779826
,536,3,0,0.7294185
,537,0,0,0.94698846
,537,1,0,0.92044896
,537,2,1,0.73932534
,537,3,3,1.0
,538,0,1,0.59244037
,538,1,2,1.0
,538,2,1,0.87118715
,538,3,0,0.99291664
,539,0,0,0.76577604
,539,1,0,0.9753627
,539,2,1,0.882564
,539,3,3,1.0
,540,0,3,1.0
,540,1,0,0.8794944
,540,2,1,0.88385713
,540,3,0,0.9379012
,541,0,0,0.9958284
,541,1,3,1.0
,541,2,1,0.88131416
,541,3,1,0.7382124
,542,0,3,1.0
,542,1,0,0.99209917
,542,2,1,0.8778115
,542,3,1,0.865544
,543,0,0,0.94159305
,543,1,3,1.0
,543,2,1,0.7904343
,543,3,1,0.85810465
,544,0,1,0.7132874
,544,1,3,1.0
,544,2,0,0.6666188
,544,3,1,0.7507169
,545,0,1,0.75420505
,545,1,0,0.87727684
,545,2,3,1.0
,545,3,0,0.89383394
,546,0,0,0.73301095
,546,1,1,0.58408964
,546,2,0,0.9402076
,546,3,2,1.0
,547,0,3,1.0
,547,1,0,0.76765287
,547,2,1,0.74018747
,547,3,0,0.9572434
,548,0,0,0.99590033
,548,1,3,1.0
,548,2,1,0.8587981
,548,3,1,0.52004373
,549,0,3,1.0
,549,1,0,0.9260543
,549,2,1,0.8889764
,549,3,0,0.91438395
,550,0,0,0.9704109
,550,1,0,0.8692395
,550,2,1,0.885832
,550,3,2,1.0
,551,0,0,0.8486914
,551,1,3,1.0
,551,2,1,0.8843824
,551,3,0,0.97522473
,552,0,3,1.0
,552,1,0,0.9275536
,552,2,1,0.8933594
,552,3,0,0.8681738
,553,0,0,0.94125336
,553,1,0,0.86971027
,553,2,1,0.88648295
,553,3,3,1.0
,554,0,1,0.69627863
,554,1,3,1.0
,554,2,1,0.8850024
,554,3,0,0.9968131
,555,0,1,0.70044076
,555,1,0,0.9990631
,555,2,1,0.8839328
,555,3,3,1.0
,556,0,0,0.89634335
,556,1,2,1.0
,556,2,1,0.8948331
,556,3,0,0.8714618
,557,0,2,1.0
,557,1,0,0.9740769
,557,2,1,0.8831252
,557,3,0,0.8581912
,558,0,0,0.9791734
,558,1,0,0.8508272
,558,2,1,0.86177623
,558,3,3,1.0
,559,0,0,0.9579924
,559,1,3,1.0
,559,2,1,0.76238495
,559,3,0,0.84806406
,560,0,2,1.0
,560,1,0,0.9484102
,560,2,0,0.90080225
,560,3,1,0.7569297
,561,0,0,0.99731994
,561,1,1,0.57925725
,561,2,2,1.0
,561,3,1,0.8617163
,562,0,3,1.0
,562,1,0,0.7195387
,562,2,0,0.9551581
,562,3,1,0.876163
,563,0,0,0.99230546
,563,1,3,1.0
,563,2,1,0.5884965
,563,3,1,0.87065786
,564,0,3,1.0
,564,1,0,0.9388447
,564,2,0,0.7666074
,564,3,1,0.7500177
,565,0,0,0.97075725
,565,1,1,0.7406009
,565,2,3,1.0
,565,3,0,0.90211326
,566,0,0,0.87851405
,566,1,1,0.8597156
,566,2,0,0.971083
,566,3,2,1.0
,567,0,3,1.0
,567,1,1,0.88045645
,567,2,0,0.8787441
,567,3,0,0.97907746
,568,0,0,0.9395313
,568,1,1,0.8840621
,568,2,3,1.0
,568,3,0,0.96164495
,569,0,1,0.70659715
,569,1,1,0.88485783
,569,2,0,0.999083
,569,3,2,1.0
,570,0,1,0.73595154
,570,1,1,0.88498867
,570,2,2,1.0
,570,3,0,0.9992177
,571,0,0,0.73715854
,571,1,1,0.88499403
,571,2,0,0.9753582
,571,3,2,1.0
,572,0,3,1.0
,572,1,1,0.8848922
,572,2,0,0.87947124
,572,3,0,0.9473103
,573,0,0,0.99681157
,573,1,1,0.88488716
,573,2,3,1.0
,573,3,1,0.7391661
,574,0,3,1.0
,574,1,1,0.88487
,574,2,0,0.996807
,574,3,1,0.859336
,575,0,0,0.9968064
,575,1,1,0.884847
,575,2,3,1.0
,575,3,1,0.8802967
,576,0,3,1.0
,576,1,1,0.8847364
,576,2,0,0.99906844
,576,3,1,0.8835032
,577,0,0,0.9968558
,577,1,1,0.8842614
,577,2,2,1.0
,577,3,1,0.88156664
,578,0,3,1.0
,578,1,1,0.88066334
,578,2,0,0.99731827
,578,3,1,0.86603653
,579,0,0,0.99680865
,579,1,1,0.8607269
,579,2,3,1.0
,579,3,1,0.7773386
,580,0,3,1.0
,580,1,1,0.74694747
,580,2,0,0.9376536
,580,3,0,0.72920525
,581,0,0,0.9707457
,581,1,0,0.90236676
,581,2,1,0.7397289
,581,3,3,1.0
,582,0,0,0.8784719
,582,1,2,1.0
,582,2,1,0.85583776
,582,3,0,0.93838805
,583,0,3,1.0
,583,1,0,0.997318
,583,2,1,0.861048
,583,3,1,0.74072325
,584,0,0,0.9990681
,584,1,3,1.0
,584,2,1,0.7760627
,584,3,1,0.85962254
,585,0,2,1.0
,585,1,0,0.9710819
,585,2,0,0.72916496
,585,3,1,0.88054276
,586,0,0,0.97907794
,586,1,0,0.8787098
,586,2,3,1.0
,586,3,1,0.88411325
,587,0,0,0.9616427
,587,1,3,1.0
,587,2,0,0.97072184
,587,3,1,0.8847146
,588,0,2,1.0
,588,1,0,0.97108006
,588,2,0,0.8785081
,588,3,1,0.8849291
,589,0,0,0.9753528
,589,1,0,0.8787384
,589,2,3,1.0
,589,3,1,0.8848488
,590,0,0,0.879492
,590,1,3,1.0
,590,2,0,0.9469875
,590,3,1,0.8847012
,591,0,3,1.0
,591,1,0,0.999065
,591,2,1,0.56652075
,591,3,1,0.88404685
,592,0,0,0.9345742
,592,1,2,0.99990726
,592,2,0,0.7530913
,592,3,1,0.8937019
,593,0,0,0.8710359
,593,1,0,0.9473345
,593,2,3,1.0
,593,3,1,0.8837724
,594,0,3,1.0
,594,1,1,0.7391007
,594,2,0,0.9968141
,594,3,1,0.86820763
,595,0,0,0.99680865
,595,1,1,0.85906583
,595,2,3,1.0
,595,3,1,0.78760856
,596,0,3,1.0
,596,1,1,0.8789182
,596,2,0,0.9395837
,596,3,0,0.6711114
,597,0,0,0.99235004
,597,1,1,0.88934475
,597,2,1,0.7312224
,597,3,3,1.0
,598,0,3,1.0
,598,1,1,0.8630906
,598,2,1,0.7545459
,598,3,0,0.99601823
,599,0,0,0.86701274
,599,1,1,0.76172906
,599,2,0,0.6584106
,599,3,3,1.0
,600,0,1,0.6132587
,600,1,0,0.8916401
,600,2,3,1.0
,600,3,0,0.8696341
,601,0,0,0.7411
,601,1,2,0.99999964
,601,2,0,0.9418064
,601,3,1,0.7741457
,602,0,3,1.0
,602,1,0,0.94761753
,602,2,0,0.8724254
,602,3,1,0.86567384
,603,0,0,0.9968142
,603,1,1,0.73297125
,603,2,3,1.0
,603,3,1,0.88095796
,604,0,3,1.0
,604,1,1,0.83712524
,604,2,0,0.996807
,604,3,1,0.8809774
,605,0,0,0.99680865
,605,1,1,0.76978785
,605,2,3,1.0
,605,3,1,0.86591905
,606,0,3,1.0
,606,1,0,0.7307013
,606,2,0,0.9376572
,606,3,1,0.77724993
,607,0,0,0.970754
,607,1,3,1.0
,607,2,1,0.7397434
,607,3,0,0.72919434
,608,0,0,0.8785862
,608,1,0,0.94712186
,608,2,1,0.85572696
,608,3,3,1.0
,609,0,3,1.0
,609,1,1,0.56490976
,609,2,1,0.8610197
,609,3,0,0.99681276
,610,0,0,0.9492151
,610,1,0,0.77170366
,610,2,1,0.77597725
,610,3,3,1.0
,611,0,1,0.5233535
,611,1,3,1.0
,611,2,0,0.72944736
,611,3,0,0.93954545
,612,0,0,0.92062116
,612,1,0,0.9707481
,612,2,3,1.0
,612,3,1,0.70625466
,613,0,2,1.0
,613,1,0,0.8785253
,613,2,0,0.93868655
,613,3,1,0.73577416
,614,0,0,0.95530295
,614,1,3,1.0
,614,2,1,0.73451096
,614,3,0,0.73728764
,615,0,1,0.5628539
,615,1,0,0.9990702
,615,2,1,0.8374652
,615,3,3,1.0
,616,0,0,0.77182
,616,1,2,0.9999999
,616,2,1,0.77004707
,616,3,0,0.9383668
,617,0,3,1.0
,617,1,0,0.9473608
,617,2,0,0.7303838
,617,3,1,0.74070364
,618,0,0,0.9990516
,618,1,1,0.7380939
,618,2,3,1.0
,618,3,1,0.85964566
,619,0,2,0.99141467
,619,1,1,0.8556152
,619,2,0,0.999083
,619,3,1,0.8805844
,620,0,0,0.9973152
,620,1,1,0.86114377
,620,2,2,0.9999852
,620,3,1,0.884226
,621,0,3,1.0
,621,1,1,0.77608746
,621,2,0,0.99732065
,621,3,1,0.8846281
,622,0,0,0.93762845
,622,1,0,0.7292759
,622,2,3,1.0
,622,3,1,0.88407445
,623,0,1,0.740698
,623,1,3,1.0
,623,2,0,0.996815
,623,3,1,0.8806564
,624,0,1,0.8589748
,624,1,0,0.9968071
,624,2,3,1.0
,624,3,1,0.86073345
,625,0,1,0.8770494
,625,1,3,1.0
,625,2,0,0.9968084
,625,3,1,0.7470137
,626,0,1,0.8651339
,626,1,0,0.9376221
,626,2,3,1.0
,626,3,0,0.9023826
,627,0,1,0.77737474
,627,1,1,0.74092317
,627,2,0,0.9990825
,627,3,2,1.0
,628,0,0,0.7287507
,628,1,1,0.8591355
,628,2,2,1.0
,628,3,0,0.9473213
,629,0,3,1.0
,629,1,1,0.87709695
,629,2,0,0.99921757
,629,3,1,0.7391745
,630,0,0,0.9968563
,630,1,1,0.8653207
,630,2,2,1.0
,630,3,1,0.8595157
,631,0,3,1.0
,631,1,1,0.77715164
,631,2,0,0.9973202
,631,3,1,0.88042676
,632,0,0,0.9706927
,632,1,0,0.72921133
,632,2,3,1.0
,632,3,1,0.8840661
,633,0,0,0.87866557
,633,1,3,1.0
,633,2,0,0.9751543
,633,3,1,0.8847228
,634,0,3,1.0
,634,1,0,0.9376891
,634,2,0,0.961325
,634,3,1,0.8848111
,635,0,0,0.9968564
,635,1,1,0.7411117
,635,2,2,1.0
,635,3,1,0.8849933
,636,0,3,1.0
,636,1,1,0.85969365
,636,2,0,0.997318
,636,3,1,0.8848898
,637,0,0,0.9968066
,637,1,1,0.8804616
,637,2,3,1.0
,637,3,1,0.8848732
,638,0,3,1.0
,638,1,1,0.8840983
,638,2,0,0.99680674
,638,3,1,0.8848669
,639,0,0,0.99680626
,639,1,1,0.8847337
,639,2,3,1.0
,639,3,1,0.8848463
,640,0,3,1.0
,640,1,1,0.8848418
,640,2,0,0.99906844
,640,3,1,0.8847361
,641,0,0,0.99685556
,641,1,1,0.88499475
,641,2,2,1.0
,641,3,1,0.8842606
,642,0,3,1.0
,642,1,1,0.88488126
,642,2,0,0.99921757
,642,3,1,0.8806623
,643,0,0,0.9968558
,643,1,1,0.884986
,643,2,2,1.0
,643,3,1,0.86088645
,644,0,3,1.0
,644,1,1,0.8847874
,644,2,0,0.9973209
,644,3,1,0.74705136
,645,0,0,0.93945616
,645,1,1,0.88425267
,645,2,3,1.0
,645,3,0,0.9023793
,646,0,1,0.70658445
,646,1,1,0.88170266
,646,2,0,0.99685615
,646,3,2,1.0
,647,0,1,0.7357025
,647,1,1,0.8660722
,647,2,3,1.0
,647,3,0,0.99921745
,648,0,0,0.7372552
,648,1,1,0.77751184
,648,2,0,0.9383619
,648,3,2,1.0
,649,0,3,1.0
,649,1,0,0.72891414
,649,2,1,0.7407123
,649,3,0,0.947592
,650,0,0,0.9968155
,650,1,3,1.0
,650,2,1,0.8596548
,650,3,1,0.73298347
,651,0,3,1.0
,651,1,0,0.9968071
,651,2,1,0.88045585
,651,3,1,0.83712775
,652,0,0,0.99680793
,652,1,3,1.0
,652,2,1,0.8840964
,652,3,1,0.7697888
,653,0,3,1.0
,653,1,0,0.9706927
,653,2,1,0.8847091
,653,3,0,0.7306906
,654,0,0,0.9707479
,654,1,0,0.8786613
,654,2,1,0.8848348
,654,3,3,1.0
,655,0,0,0.87858284
,655,1,3,1.0
,655,2,1,0.88483906
,655,3,0,0.9470674
,656,0,3,1.0
,656,1,0,0.99906915
,656,2,1,0.8848684
,656,3,1,0.565006
,657,0,0,0.9402161
,657,1,2,0.99999046
,657,2,1,0.88492894
,657,3,0,0.77129215
,658,0,1,0.7061944
,658,1,0,0.99921745
,658,2,1,0.88479435
,658,3,3,1.0
,659,0,1,0.7358587
,659,1,2,1.0
,659,2,1,0.88442653
,659,3,0,0.9968558
,660,0,0,0.73728794
,660,1,0,0.94731003
,660,2,1,0.88157916
,660,3,3,1.0
,661,0,3,1.0
,661,1,1,0.73915833
,661,2,1,0.86607355
,661,3,0,0.99681515
,662,0,0,0.9968089
,662,1,1,0.8592392
,662,2,1,0.77738476
,662,3,3,1.0
,663,0,3,1.0
,663,1,1,0.8797686
,663,2,0,0.7289948
,663,3,0,0.93946534
,664,0,0,0.9990708
,664,1,1,0.88078713
,664,2,3,1.0
,664,3,1,0.7063449
,665,0,2,1.0
,665,1,1,0.86603636
,665,2,0,0.9968559
,665,3,1,0.73586035
,666,0,0,0.94730943
,666,1,1,0.7773379
,666,2,3,1.0
,666,3,0,0.7374815
,667,0,1,0.73906285
,667,1,0,0.7290118
,667,2,0,0.949334
,667,3,3,1.0
,668,0,1,0.85918444
,668,1,3,1.0
,668,2,1,0.5235376
,668,3,0,0.9968156
,669,0,1,0.8794566
,669,1,0,0.9704853
,669,2,0,0.92024106
,669,3,3,1.0
,670,0,1,0.8946896
,670,1,0,0.86386824
,670,2,2,1.0
,670,3,0,0.8714885
,671,0,1,0.8862695
,671,1,3,1.0
,671,2,0,0.9473421
,671,3,0,0.85837895
,672,0,1,0.88194937
,672,1,0,0.9968148
,672,2,1,0.73899454
,672,3,3,1.0
,673,0,1,0.866118
,673,1,3,1.0
,673,2,1,0.8586738
,673,3,0,0.99680674
,674,0,1,0.7773837
,674,1,0,0.99906796
,674,2,1,0.8769923
,674,3,3,1.0
,675,0,0,0.72891814
,675,1,2,1.0
,675,2,1,0.8652525
,675,3,0,0.9710814
,676,0,3,1.0
,676,1,0,0.9571895
,676,2,1,0.77713794
,676,3,0,0.8787467
,677,0,0,0.9379937
,677,1,1,0.5211354
,677,2,0,0.72922254
,677,3,3,1.0
,678,0,1,0.7346235
,678,1,0,0.9208012
,678,2,3,1.0
,678,3,0,0.9707512
,679,0,1,0.83757174
,679,1,2,1.0
,679,2,0,0.9710797
,679,3,0,0.87852156
,680,0,1,0.7699202
,680,1,0,0.9473082
,680,2,0,0.8787347
,680,3,3,1.0
,681,0,0,0.730491
,681,1,1,0.73908865
,681,2,3,1.0
,681,3,0,0.94929576
,682,0,3,1.0
,682,1,1,0.85933954
,682,2,0,0.9990701
,682,3,1,0.52343726
,683,0,0,0.9407062
,683,1,1,0.8803704
,683,2,2,1.0
,683,3,0,0.9205502
,684,0,1,0.69699514
,684,1,1,0.8836489
,684,2,0,0.9973192
,684,3,2,1.0
,685,0,1,0.7018041
,685,1,1,0.8814541
,685,2,3,1.0
,685,3,0,0.9973209
,686,0,0,0.9060732
,686,1,1,0.8659839
,686,2,0,0.9376116
,686,3,3,1.0
,687,0,2,1.0
,687,1,1,0.7775486
,687,2,1,0.7410749
,687,3,0,0.99685615
,688,0,0,0.97535795
,688,1,0,0.72911394
,688,2,1,0.859523
,688,3,3,1.0
,689,0,0,0.87959766
,689,1,3,1.0
,689,2,1,0.87968767
,689,3,0,0.97515494
,690,0,3,1.0
,690,1,0,0.9380175
,690,2,1,0.87981415
,690,3,0,0.96132505
,691,0,0,0.9968564
,691,1,1,0.7349289
,691,2,1,0.8607194
,691,3,2,1.0
,692,0,3,1.0
,692,1,1,0.83749783
,692,2,1,0.7470048
,692,3,0,0.997321
,693,0,0,0.93760264
,693,1,1,0.7698395
,693,2,0,0.9023873
,693,3,3,1.0
,694,0,1,0.7408149
,694,1,0,0.7304258
,694,2,2,1.0
,694,3,0,0.9694825
,695,0,1,0.85887796
,695,1,3,1.0
,695,2,0,0.9791777
,695,3,0,0.84831727
,696,0,1,0.8892318
,696,1,0,0.9383537
,696,2,0,0.9578146
,696,3,3,1.0
,697,0,1,0.88596666
,697,1,0,0.9581597
,697,2,2,1.0
,697,3,0,0.9419594
,698,0,1,0.8851946
,698,1,2,1.0
,698,2,0,0.997319
,698,3,1,0.7061135
,699,0,1,0.88490164
,699,1,0,0.99921745
,699,2,3,1.0
,699,3,1,0.73559815
,700,0,1,0.88485426
,700,1,2,1.0
,700,2,0,0.93838894
,700,3,0,0.7371791
,701,0,1,0.8843259
,701,1,0,0.9973178
,701,2,1,0.7407425
,701,3,3,1.0
,702,0,1,0.8815783
,702,1,3,1.0
,702,2,1,0.8596273
,702,3,0,0.9990681
,703,0,1,0.8661905
,703,1,0,0.9968558
,703,2,1,0.8805858
,703,3,2,0.99984145
,704,0,1,0.77737755
,704,1,3,1.0
,704,2,1,0.8841164
,704,3,0,0.99732006
,705,0,0,0.7291735
,705,1,0,0.9706913
,705,2,1,0.88471186
,705,3,3,1.0
,706,0,3,1.0
,706,1,0,0.8786419
,706,2,1,0.8848319
,706,3,0,0.970754
,707,0,0,0.97072047
,707,1,3,1.0
,707,2,1,0.8848264
,707,3,0,0.8786824
,708,0,0,0.87858033
,708,1,0,0.9492848
,708,2,1,0.88471293
,708,3,3,1.0
,709,0,3,1.0
,709,1,1,0.5234125
,709,2,1,0.8841307
,709,3,0,0.99906915
,710,0,0,0.93879914
,710,1,0,0.92055297
,710,2,1,0.8807168
,710,3,2,1.0
,711,0,1,0.7330617
,711,1,2,1.0
,711,2,1,0.86089176
,711,3,0,0.9973191
,712,0,1,0.83125377
,712,1,0,0.99739736
,712,2,1,0.7470454
,712,3,3,1.0
,713,0,1,0.73899084
,713,1,3,0.95562017
,713,2,0,0.90229243
,713,3,0,0.93873477
,714,0,0,0.9029214
,714,1,0,0.9712991
,714,2,2,1.0
,714,3,1,0.7330075
,715,0,2,1.0
,715,1,0,0.8785636
,715,2,0,0.9473218
,715,3,1,0.8313875
,716,0,0,0.9973203
,716,1,3,1.0
,716,2,1,0.73910946
,716,3,1,0.73892945
,717,0,3,1.0
,717,1,0,0.9706841
,717,2,1,0.8591458
,717,3,0,0.9030373
,718,0,0,0.97107327
,718,1,0,0.87849885
,718,2,1,0.8796539
,718,3,2,1.0
,719,0,0,0.87862015
,719,1,3,1.0
,719,2,1,0.87945616
,719,3,0,0.9494865
,720,0,3,1.0
,720,1,0,0.9990693
,720,2,1,0.85839176
,720,3,1,0.69114697
,721,0,0,0.9770004
,721,1,2,0.9998504
,721,2,1,0.7345948
,721,3,1,0.68758464
,722,0,0,1.0
,722,1,0,1.0
,722,2,2,0.5200439
,722,3,0,1.0
,723,0,1,0.7300072
,723,1,1,0.7300072
,723,2,0,0.9734769
,723,3,3,1.0
,724,0,1,0.8613741
,724,1,1,0.8613741
,724,2,0,0.8752736
,724,3,3,1.0
,725,0,1,0.8808183
,725,1,1,0.8808184
,725,2,3,1.0
,725,3,0,0.99683785
,726,0,1,0.884027
,726,1,1,0.88402754
,726,2,0,0.9968065
,726,3,3,1.0
,727,0,1,0.88396454
,727,1,1,0.88396746
,727,2,3,1.0
,727,3,0,0.99906474
,728,0,1,0.8945158
,728,1,1,0.89453286
,728,2,0,0.9929215
,728,3,2,1.0
,729,0,1,0.88653314
,729,1,1,0.88663715
,729,2,3,1.0
,729,3,0,0.997319
,730,0,1,0.8837521
,730,1,1,0.88435274
,730,2,0,0.995829
,730,3,3,1.0
,731,0,1,0.889439
,731,1,1,0.89287245
,731,2,3,1.0
,731,3,0,0.98938453
,732,0,1,0.87457573
,732,1,1,0.8953302
,732,2,0,0.9906685
,732,3,3,1.0
,733,0,1,0.76837635
,733,1,1,0.8959875
,733,2,3,1.0
,733,3,0,0.9980168
,734,0,0,0.89074975
,734,1,1,0.8969601
,734,2,0,0.8825823
,734,3,2,1.0
,735,0,2,1.0
,735,1,1,0.88736
,735,2,1,0.7187245
,735,3,0,0.99732125
,736,0,0,0.9965754
,736,1,1,0.8846654
,736,2,1,0.7398667
,736,3,3,1.0
,737,0,3,1.0
,737,1,1,0.89292693
,737,2,0,0.7192255
,737,3,0,0.8681961
,738,0,0,0.99909323
,738,1,1,0.8859526
,738,2,3,1.0
,738,3,1,0.5861804
,739,0,2,1.0
,739,1,1,0.8819591
,739,2,0,0.9477182
,739,3,0,0.7670646
,740,0,0,0.99921745
,740,1,1,0.8661369
,740,2,1,0.56481105
,740,3,3,1.0
,741,0,2,1.0
,741,1,1,0.7774972
,741,2,0,0.77144766
,741,3,0,0.94765633
,742,0,0,0.94735724
,742,1,0,0.72913855
,742,2,3,1.0
,742,3,1,0.56479955
,743,0,1,0.73804164
,743,1,3,1.0
,743,2,0,0.9395806
,743,3,0,0.77148694
,744,0,1,0.8555442
,744,1,0,0.9968142
,744,2,1,0.7066305
,744,3,3,1.0
,745,0,1,0.8613714
,745,1,3,1.0
,745,2,1,0.73681885
,745,3,0,0.9990639
,746,0,1,0.7917002
,746,1,0,0.86297256
,746,2,0,0.7178543
,746,3,2,1.0
,747,0,0,0.7258441
,747,1,1,0.7540825
,747,2,3,1.0
,747,3,0,0.973911
,748,0,3,1.0
,748,1,1,0.8609908
,748,2,0,0.93829274
,748,3,0,0.847425
,749,0,0,0.98958385
,749,1,1,0.88923174
,749,2,1,0.75865805
,749,3,3,1.0
,750,0,3,1.0
,750,1,1,0.89488
,750,2,1,0.87373924
,750,3,0,0.9906928
,751,0,0,0.99803215
,751,1,1,0.8966451
,751,2,1,0.89324784
,751,3,3,1.0
,752,0,2,1.0
,752,1,1,0.88740385
,752,2,1,0.886833
,752,3,0,0.9991224
,753,0,0,0.997319
,753,1,1,0.8853284
,753,2,1,0.88535357
,753,3,2,1.0
,754,0,3,1.0
,754,1,1,0.88423055
,754,2,1,0.8849507
,754,3,0,0.9973177
,755,0,0,0.9990683
,755,1,1,0.8806621
,755,2,1,0.8848777
,755,3,3,1.0
,756,0,2,1.0
,756,1,1,0.8609031
,756,2,1,0.88499624
,756,3,0,0.99908274
,757,0,0,0.9973202
,757,1,1,0.7472865
,757,2,1,0.8849918
,757,3,2,1.0
,758,0,3,1.0
,758,1,0,0.9023456
,758,2,1,0.88473654
,758,3,0,0.9493114
,759,0,0,0.999083
,759,1,2,1.0
,759,2,1,0.8842612
,759,3,1,0.6953217
,760,0,2,1.0
,760,1,0,0.9973203
,760,2,1,0.88079345
,760,3,1,0.70159715
,761,0,0,0.97907805
,761,1,3,1.0
,761,2,1,0.8607391
,761,3,0,0.9060795
,762,0,0,0.9616061
,762,1,0,0.93835217
,762,2,1,0.747138
,762,3,2,1.0
,763,0,2,1.0
,763,1,1,0.74091285
,763,2,0,0.9022539
,763,3,0,0.957194
,764,0,0,0.9973203
,764,1,1,0.8598068
,764,2,2,1.0
,764,3,1,0.5215475
,765,0,3,1.0
,765,1,1,0.88045365
,765,2,0,0.9790783
,765,3,0,0.920776
,766,0,0,0.9710717
,766,1,1,0.88417953
,766,2,0,0.9615991
,766,3,2,1.0
,767,0,0,0.8785116
,767,1,1,0.8848499
,767,2,2,1.0
,767,3,0,0.9553124
,768,0,3,1.0
,768,1,1,0.8848689
,768,2,0,0.99921757
,768,3,1,0.56281465
,769,0,0,0.97543794
,769,1,1,0.88496155
,769,2,2,1.0
,769,3,0,0.7718069
,770,0,0,0.96133846
,770,1,1,0.88487715
,770,2,0,0.9553027
,770,3,3,1.0
,771,0,2,1.0
,771,1,1,0.88500017
,771,2,1,0.5631159
,771,3,0,0.9968558
,772,0,0,0.9753577
,772,1,1,0.88487524
,772,2,0,0.77197796
,772,3,3,1.0
,773,0,0,0.87959653
,773,1,1,0.88485825
,773,2,3,1.0
,773,3,0,0.9707426
,774,0,3,1.0
,774,1,1,0.88482
,774,2,0,0.9461798
,774,3,0,0.87859195
,775,0,0,0.9968123
,775,1,1,0.8847302
,775,2,1,0.5816055
,775,3,3,1.0
,776,0,3,1.0
,776,1,1,0.8840092
,776,2,0,0.71183354
,776,3,0,0.9704869
,777,0,0,0.7826006
,777,1,1,0.8950877
,777,2,3,1.0
,777,3,0,0.864337
,778,0,1,0.60861915
,778,1,1,0.88692117
,778,2,0,0.9990973
,778,3,3,1.0
,779,0,0,0.7625508
,779,1,1,0.8853128
,779,2,2,1.0
,779,3,0,0.9402679
,780,0,3,1.0
,780,1,1,0.88495857
,780,2,0,0.99921757
,780,3,1,0.7061904
,781,0,0,0.9990825
,781,1,1,0.885012
,781,2,2,1.0
,781,3,1,0.7358787
,782,0,2,1.0
,782,1,1,0.8849961
,782,2,0,0.9493209
,782,3,0,0.7370598
,783,0,0,0.99921745
,783,1,1,0.88490605
,783,2,1,0.6950467
,783,3,3,1.0
,784,0,2,1.0
,784,1,1,0.8850033
,784,2,1,0.7015306
,784,3,0,0.99685556
,785,0,0,0.9753545
,785,1,1,0.88486767
,785,2,0,0.90608335
,785,3,3,1.0
,786,0,0,0.8794327
,786,1,1,0.8849608
,786,2,2,1.0
,786,3,0,0.975435
,787,0,3,1.0
,787,1,1,0.88486934
,787,2,0,0.97907877
,787,3,0,0.96134204
,788,0,0,0.97543585
,788,1,1,0.8849494
,788,2,0,0.9615982
,788,3,2,1.0
,789,0,0,0.9612957
,789,1,1,0.8849543
,789,2,2,1.0
,789,3,0,0.9475987
,790,0,2,1.0
,790,1,1,0.8848806
,790,2,0,0.99731827
,790,3,1,0.73334885
,791,0,0,0.99921376
,791,1,1,0.88411945
,791,2,3,1.0
,791,3,1,0.8376794
,792,0,2,1.0
,792,1,1,0.8945625
,792,2,0,0.9929099
,792,3,1,0.7869189
,793,0,0,0.9489011
,793,1,1,0.8867538
,793,2,3,1.0
,793,3,0,0.7266237
,794,0,1,0.70452446
,794,1,1,0.8852243
,794,2,0,0.99907154
,794,3,3,1.0
,795,0,1,0.7353915
,795,1,1,0.8850617
,795,2,2,1.0
,795,3,0,0.9968559
,796,0,0,0.7375473
,796,1,1,0.8848866
,796,2,0,0.9753568
,796,3,3,1.0
,797,0,3,1.0
,797,1,1,0.8848663
,797,2,0,0.8795742
,797,3,0,0.97075266
,798,0,0,0.9707251
,798,1,1,0.88485444
,798,2,3,1.0
,798,3,0,0.87866414
,799,0,0,0.8786588
,799,1,1,0.88485235
,799,2,0,0.9707249
,799,3,3,1.0
,800,0,3,1.0
,800,1,1,0.88485193
,800,2,0,0.8786593
,800,3,0,0.970726
,801,0,0,0.97071886
,801,1,1,0.8848515
,801,2,3,1.0
,801,3,0,0.878683
,802,0,0,0.87856454
,802,1,1,0.8848398
,802,2,0,0.9395273
,802,3,3,1.0
,803,0,3,1.0
,803,1,1,0.8848718
,803,2,1,0.7063251
,803,3,0,0.99906975
,804,0,0,0.9990825
,804,1,1,0.88499665
,804,2,1,0.73591363
,804,3,2,1.0
,805,0,2,1.0
,805,1,1,0.8849935
,805,2,0,0.73705286
,805,3,0,0.94932103
,806,0,0,0.99921745
,806,1,1,0.88490564
,806,2,3,1.0
,806,3,1,0.69504666
,807,0,2,1.0
,807,1,1,0.8850034
,807,2,0,0.9968557
,807,3,1,0.7015305
,808,0,0,0.9753527
,808,1,1,0.8848684
,808,2,3,1.0
,808,3,0,0.906084
,809,0,0,0.87940466
,809,1,1,0.8849499
,809,2,0,0.9476721
,809,3,2,1.0
,810,0,3,1.0
,810,1,1,0.8848913
,810,2,1,0.5648167
,810,3,0,0.9973208
,811,0,0,0.9376194
,811,1,1,0.8848385
,811,2,0,0.7715176
,811,3,3,1.0
,812,0,1,0.7408834
,812,1,1,0.88488525
,812,2,3,1.0
,812,3,0,0.9968142
,813,0,1,0.85965693
,813,1,1,0.8848737
,813,2,0,0.996807
,813,3,3,1.0
,814,0,1,0.88045424
,814,1,1,0.88486975
,814,2,3,1.0
,814,3,0,0.9968066
,815,0,1,0.88409054
,815,1,1,0.88486195
,815,2,0,0.99680626
,815,3,3,1.0
,816,0,1,0.8847009
,816,1,1,0.88482535
,816,2,3,1.0
,816,3,0,0.9990683
,817,0,1,0.884809
,817,1,1,0.88476944
,817,2,0,0.9968559
,817,3,2,1.0
,818,0,1,0.8839238
,818,1,1,0.8835665
,818,2,3,1.0
,818,3,0,0.9964933
,819,0,1,0.89225066
,819,1,1,0.89018863
,819,2,0,0.9893726
,819,3,3,1.0
,820,0,1,0.89194244
,820,1,1,0.8794775
,820,2,3,1.0
,820,3,0,0.9977457
,821,0,1,0.8753638
,821,1,1,0.79867965
,821,2,0,0.9936327
,821,3,2,0.96548426
,822,0,1,0.75149083
,822,1,0,0.7244354
,822,2,3,1.0
,822,3,0,0.9471197
,823,0,0,0.9015716
,823,1,3,1.0
,823,2,0,0.947018
,823,3,1,0.73766166
,824,0,2,1.0
,824,1,0,0.99291724
,824,2,1,0.59243435
,824,3,1,0.87080175
,825,0,0,0.9790856
,825,1,3,1.0
,825,2,0,0.7657784
,825,3,1,0.8818692
,826,0,0,0.96164143
,826,1,0,0.9377785
,826,2,3,1.0
,826,3,1,0.88019294
,827,0,2,1.0
,827,1,1,0.7408307
,827,2,0,0.9968571
,827,3,1,0.86065465
,828,0,0,0.9965476
,828,1,1,0.85871935
,828,2,3,1.0
,828,3,1,0.74618715
,829,0,3,1.0
,829,1,1,0.88819456
,829,2,0,0.9260478
,829,3,0,0.8941561
,830,0,0,0.94971925
,830,1,1,0.8952003
,830,2,0,0.8551889
,830,3,2,1.0
,831,0,0,0.95914066
,831,1,1,0.88374496
,831,2,3,1.0
,831,3,0,0.9553216
,832,0,2,1.0
,832,1,1,0.86661583
,832,2,0,0.99685854
,832,3,1,0.5631331
,833,0,0,0.94730717
,833,1,1,0.77746725
,833,2,3,1.0
,833,3,0,0.77196836
,834,0,1,0.7391259
,834,1,0,0.7291091
,834,2,0,0.9707545
,834,3,3,1.0
,835,0,1,0.8593374
,835,1,3,1.0
,835,2,0,0.87867147
,835,3,0,0.9751565
,836,0,1,0.8803487
,836,1,0,0.94706714
,836,2,3,1.0
,836,3,0,0.9613245
,837,0,1,0.8841041
,837,1,1,0.56525654
,837,2,0,0.99685544
,837,3,2,1.0
,838,0,1,0.884131
,838,1,0,0.77157617
,838,2,3,1.0
,838,3,0,0.9738958
,839,0,1,0.8813702
,839,1,3,1.0
,839,2,0,0.93821263
,839,3,0,0.84735686
,840,0,1,0.8782336
,840,1,0,0.9922571
,840,2,1,0.75931364
,840,3,3,1.0
,841,0,1,0.7919403
,841,1,3,1.0
,841,2,1,0.85943615
,841,3,0,0.9959933
,842,0,0,0.64909405
,842,1,0,0.9207262
,842,2,1,0.8738678
,842,3,3,1.0
,843,0,3,1.0
,843,1,0,0.81690663
,843,2,1,0.80694425
,843,3,0,0.86992395
,844,0,0,0.8723933
,844,1,3,1.0
,844,2,0,0.63726
,844,3,1,0.7664538
,845,0,1,0.77185327
,845,1,0,0.9909746
,845,2,3,1.0
,845,3,1,0.8577013
,846,0,1,0.87604064
,846,1,3,1.0
,846,2,0,0.9980269
,846,3,1,0.79366034
,847,0,1,0.89365906
,847,1,0,0.8825053
,847,2,2,1.0
,847,3,0,0.7029315
,848,0,1,0.8858321
,848,1,1,0.7214367
,848,2,0,0.99921423
,848,3,3,1.0
,849,0,1,0.89415085
,849,1,1,0.7675012
,849,2,2,1.0
,849,3,0,0.9929345
,850,0,1,0.8823185
,850,1,0,0.6791617
,850,2,0,0.9736591
,850,3,3,1.0
,851,0,1,0.87162167
,851,1,3,1.0
,851,2,0,0.8323897
,851,3,0,0.9230044
,852,0,1,0.76651007
,852,1,0,0.8686176
,852,2,3,1.0
,852,3,0,0.8174051
,853,0,0,0.89098614
,853,1,1,0.7715967
,853,2,0,0.88818234
,853,3,3,1.0
,854,0,2,1.0
,854,1,1,0.877236
,854,2,1,0.6222571
,854,3,0,0.9936231
,855,0,0,0.97361404
,855,1,1,0.88295287
,855,2,0,0.712054
,855,3,3,1.0
,856,0,0,0.8312798
,856,1,1,0.8925375
,856,2,3,1.0
,856,3,0,0.92801386
,857,0,3,1.0
,857,1,1,0.89585155
,857,2,0,0.93692154
,857,3,0,0.8565078
,858,0,0,0.9714499
,858,1,1,0.88699234
,858,2,0,0.8716193
,858,3,3,1.0
,859,0,0,0.87882
,859,1,1,0.88523114
,859,2,3,1.0
,859,3,0,0.9751461
,860,0,3,1.0
,860,1,1,0.8848932
,860,2,0,0.9377412
,860,3,0,0.96132416
,861,0,0,0.9990831
,861,1,1,0.8849764
,861,2,1,0.740161
,861,3,2,1.0
,862,0,2,1.0
,862,1,1,0.8848515
,862,2,1,0.8564477
,862,3,0,0.997319
,863,0,0,0.99632406
,863,1,1,0.88391805
,863,2,1,0.8635257
,863,3,3,1.0
,864,0,3,1.0
,864,1,1,0.89446366
,864,2,1,0.8051378
,864,3,0,0.984271
,865,0,0,0.9396874
,865,1,1,0.88231915
,865,2,0,0.6570922
,865,3,3,1.0
,866,0,1,0.7619256
,866,1,1,0.8743121
,866,2,3,1.0
,866,3,0,0.97893417
,867,0,1,0.8752373
,867,1,1,0.77041334
,867,2,0,0.99804735
,867,3,3,1.0
,868,0,1,0.8830349
,868,1,0,0.89371055
,868,2,2,1.0
,868,3,0,0.97214127
,869,0,1,0.88146526
,869,1,2,0.9634768
,869,2,0,0.9753593
,869,3,0,0.87876636
,870,0,1,0.8660303
,870,1,0,0.9469727
,870,2,0,0.87949514
,870,3,3,1.0
,871,0,1,0.77746457
,871,1,1,0.7389808
,871,2,3,1.0
,871,3,0,0.9968131
,872,0,0,0.7285641
,872,1,1,0.85844076
,872,2,0,0.9492236
,872,3,3,1.0
,873,0,3,0.99998486
,873,1,1,0.87613356
,873,2,1,0.5236758
,873,3,0,0.9990789
,874,0,0,0.9385092
,874,1,1,0.8599502
,874,2,0,0.9205182
,874,3,2,1.0
,875,0,1,0.7409131
,875,1,1,0.74702615
,875,2,2,0.99999976
,875,3,0,0.9973202
,876,0,1,0.85951316
,876,1,0,0.9023669
,876,2,0,0.9552986
,876,3,3,1.0
,877,0,1,0.87998563
,877,1,2,1.0
,877,2,1,0.56318384
,877,3,0,0.9990824
,878,0,1,0.88090956
,878,1,0,0.94732165
,878,2,0,0.77162755
,878,3,2,1.0
,879,0,1,0.8659321
,879,1,1,0.73914653
,879,2,3,1.0
,879,3,0,0.9973197
,880,0,1,0.77729356
,880,1,1,0.8592137
,880,2,0,0.94929963
,880,3,3,1.0
,881,0,0,0.7291033
,881,1,1,0.879805
,881,2,1,0.5233987
,881,3,2,1.0
,882,0,3,1.0
,882,1,1,0.8807651
,882,2,0,0.9206126
,882,3,0,0.979079
,883,0,0,0.9710738
,883,1,1,0.86598825
,883,2,2,1.0
,883,3,0,0.96159923
,884,0,0,0.87856495
,884,1,1,0.77748716
,884,2,0,0.9493207
,884,3,2,1.0
,885,0,3,1.0
,885,1,0,0.7291793
,885,2,1,0.6949599
,885,3,0,0.9753575
,886,0,0,0.93777555
,886,1,3,1.0
,886,2,1,0.70121926
,886,3,0,0.8795885
,887,0,1,0.73968905
,887,1,0,0.9707214
,887,2,0,0.90607363
,887,3,3,1.0
,888,0,1,0.8558465
,888,1,0,0.8785065
,888,2,2,0.9998033
,888,3,0,0.97107536
,889,0,1,0.8610292
,889,1,3,1.0
,889,2,0,0.947589
,889,3,0,0.87862486
,890,0,1,0.7760766
,890,1,0,0.9990694
,890,2,1,0.7329568
,890,3,3,1.0
,891,0,0,0.7291774
,891,1,2,1.0
,891,2,1,0.8372488
,891,3,0,0.97108275
,892,0,3,1.0
,892,1,0,0.9476715
,892,2,1,0.7698477
,892,3,0,0.87872684
,893,0,0,0.94634485
,893,1,1,0.73109305
,893,2,0,0.7305242
,893,3,3,1.0
,894,0,1,0.5787563
,894,1,1,0.83071953
,894,2,3,1.0
,894,3,0,0.9968168
,895,0,0,0.7221451
,895,1,1,0.7378383
,895,2,0,0.93806165
,895,3,3,1.0
,896,0,3,1.0
,896,1,0,0.89458555
,896,2,1,0.7581089
,896,3,0,0.93956614
,897,0,0,0.8815632
,897,1,2,0.99989784
,897,2,1,0.8746532
,897,3,0,0.9535382
,898,0,1,0.7096013
,898,1,0,0.9973203
,898,2,1,0.88356704
,898,3,2,1.0
,899,0,1,0.70529175
,899,1,3,1.0
,899,2,1,0.8846174
,899,3,0,0.99921745
,900,0,0,0.9056856
,900,1,0,0.97107023
,900,2,1,0.8847819
,900,3,2,1.0
,901,0,2,1.0
,901,1,0,0.87856054
,901,2,1,0.8842403
,901,3,0,0.97535783
,902,0,0,0.9476702
,902,1,3,1.0
,902,2,1,0.8806561
,902,3,0,0.8794714
,903,0,1,0.73121727
,903,1,0,0.99906975
,903,2,1,0.86076206
,903,3,3,1.0
,904,0,1,0.8310584
,904,1,2,1.0
,904,2,1,0.74725455
,904,3,0,0.99685556
,905,0,1,0.7387732
,905,1,0,0.94731116
,905,2,0,0.902354
,905,3,3,1.0
,906,0,0,0.9029557
,906,1,1,0.7392879
,906,2,2,1.0
,906,3,0,0.9476715
,907,0,2,0.9999995
,907,1,1,0.85949177
,907,2,0,0.99921757
,907,3,1,0.5651476
,908,0,0,0.9552337
,908,1,1,0.8803887
,908,2,2,1.0
,908,3,0,0.7712691
,909,0,1,0.56455564
,909,1,1,0.88329303
,909,2,0,0.99635124
,909,3,3,1.0
,910,0,0,0.75168383
,910,1,1,0.8948428
,910,2,3,1.0
,910,3,0,0.7892699
,911,0,3,1.0
,911,1,1,0.88688755
,911,2,0,0.9969096
,911,3,1,0.56827724
,912,0,0,0.9493349
,912,1,1,0.88520265
,912,2,3,1.0
,912,3,0,0.91695493
,913,0,1,0.5237234
,913,1,1,0.8850524
,913,2,0,0.9968547
,913,3,2,1.0
,914,0,0,0.920599
,914,1,1,0.88487333
,914,2,3,1.0
,914,3,0,0.97535217
,915,0,2,1.0
,915,1,1,0.8849262
,915,2,0,0.94019103
,915,3,0,0.8793946
,916,0,0,0.997318
,916,1,1,0.8847649
,916,2,1,0.70649695
,916,3,3,1.0
,917,0,3,1.0
,917,1,1,0.8841443
,917,2,1,0.7368234
,917,3,0,0.9990639
,918,0,0,0.8671592
,918,1,1,0.89397883
,918,2,0,0.7176038
,918,3,2,1.0
,919,0,1,0.7208907
,919,1,1,0.88671196
,919,2,3,1.0
,919,3,0,0.9973192
,920,0,1,0.739423
,920,1,1,0.8851964
,920,2,0,0.99680984
,920,3,3,1.0
,921,0,0,0.7368005
,921,1,1,0.8848978
,921,2,3,1.0
,921,3,0,0.9751022
,922,0,3,1.0
,922,1,1,0.8848259
,922,2,0,0.9393839
,922,3,0,0.9613174
,923,0,0,0.996857
,923,1,1,0.8848585
,923,2,1,0.7102891
,923,3,2,1.0
,924,0,3,1.0
,924,1,1,0.8840736
,924,2,1,0.7490681
,924,3,0,0.9965489
,925,0,0,0.9373422
,925,1,1,0.892356
,925,2,0,0.65819603
,925,3,3,1.0
,926,0,0,0.9533688
,926,1,1,0.8950364
,926,2,3,1.0
,926,3,0,0.88844967
,927,0,2,1.0
,927,1,1,0.89711833
,927,2,0,0.9936137
,927,3,1,0.6092842
,928,0,0,0.957255
,928,1,1,0.88708663
,928,2,3,1.0
,928,3,0,0.7622384
,929,0,1,0.52015376
,929,1,1,0.88449705
,929,2,0,0.9958955
,929,3,3,1.0
,930,0,0,0.9139503
,930,1,1,0.8924886
,930,2,3,1.0
,930,3,0,0.9261013
,931,0,2,1.0
,931,1,1,0.89620966
,931,2,0,0.9496906
,931,3,0,0.8551781
,932,0,0,0.9791972
,932,1,1,0.8858958
,932,2,0,0.9589566
,932,3,3,1.0
,933,0,0,0.9573907
,933,1,1,0.8918086
,933,2,2,1.0
,933,3,0,0.9444723
,934,0,2,1.0
,934,1,1,0.8700362
,934,2,0,0.97537494
,934,3,0,0.958633
,935,0,0,0.94738364
,935,1,1,0.7873627
,935,2,0,0.87942535
,935,3,2,1.0
,936,0,1,0.73770535
,936,1,0,0.6762616
,936,2,3,1.0
,936,3,0,0.97917527
,937,0,1,0.8686936
,937,1,3,1.0
,937,2,0,0.85503864
,937,3,0,0.9579011
,938,0,1,0.8796043
,938,1,0,0.99911577
,938,2,1,0.7236867
,938,3,2,0.9999995
,939,0,1,0.8678222
,939,1,2,0.999982
,939,2,1,0.74039996
,939,3,0,0.9973203
,940,0,1,0.78912514
,940,1,0,0.9473807
,940,2,0,0.73656833
,940,3,3,1.0
,941,0,0,0.66130555
,941,1,1,0.73749125
,941,2,3,1.0
,941,3,0,0.93827575
,942,0,3,1.0
,942,1,1,0.87187195
,942,2,0,0.9843347
,942,3,1,0.7633716
,943,0,0,0.9990966
,943,1,1,0.8828535
,943,2,3,1.0
,943,3,1,0.86308336
,944,0,2,1.0
,944,1,1,0.8846565
,944,2,0,0.996859
,944,3,1,0.8770338
,945,0,0,0.9992172
,945,1,1,0.88482493
,945,2,3,1.0
,945,3,1,0.8601407
,946,0,2,0.999876
,946,1,1,0.88498825
,946,2,0,0.9968552
,946,3,1,0.7477655
,947,0,0,0.9790777
,947,1,1,0.88486373
,947,2,3,1.0
,947,3,0,0.89826983
,948,0,0,0.9616046
,948,1,1,0.8849305
,948,2,0,0.94068676
,948,3,2,0.97640103
,949,0,2,1.0
,949,1,1,0.8849803
,949,2,1,0.69702595
,949,3,0,0.9973083
,950,0,0,0.9973209
,950,1,1,0.88472354
,950,2,1,0.70190233
,950,3,3,1.0
,951,0,3,1.0
,951,1,1,0.88388264
,951,2,0,0.9055905
,951,3,0,0.9384447
,952,0,0,0.96924233
,952,1,1,0.8962695
,952,2,2,1.0
,952,3,1,0.7599111
,953,0,2,1.0
,953,1,1,0.88738924
,953,2,0,0.9973204
,953,3,1,0.8430707
,954,0,0,0.99921745
,954,1,1,0.88531077
,954,2,3,1.0
,954,3,1,0.7713936
,955,0,2,1.0
,955,1,1,0.8850188
,955,2,0,0.9400231
,955,3,0,0.7300038
,956,0,0,0.99921745
,956,1,1,0.88488513
,956,2,1,0.7098437
,956,3,3,1.0
,957,0,2,1.0
,957,1,1,0.8848595
,957,2,1,0.74893665
,957,3,0,0.9968559
,958,0,0,0.9751889
,958,1,1,0.884036
,958,2,0,0.67210734
,958,3,3,1.0
,959,0,0,0.8654243
,959,1,1,0.8951572
,959,2,3,1.0
,959,3,0,0.8698463
,960,0,3,1.0
,960,1,1,0.8868862
,960,2,0,0.9757899
,960,3,0,0.8581821
,961,0,0,0.9707453
,961,1,1,0.885208
,961,2,0,0.96137124
,961,3,3,1.0
,962,0,0,0.87851256
,962,1,1,0.8850201
,962,2,2,1.0
,962,3,0,0.971081
,963,0,3,1.0
,963,1,1,0.8848892
,963,2,0,0.9753528
,963,3,0,0.8787434
,964,0,0,0.940032
,964,1,1,0.8848466
,964,2,0,0.8794914
,964,3,3,1.0
,965,0,1,0.69688535
,965,1,1,0.8848721
,965,2,3,1.0
,965,3,0,0.99906963
,966,0,1,0.7020361
,966,1,1,0.8849917
,966,2,0,0.99908227
,966,3,2,1.0
,967,0,0,0.9059397
,967,1,1,0.8849676
,967,2,2,1.0
,967,3,0,0.95530945
,968,0,2,1.0
,968,1,1,0.8849129
,968,2,0,0.9973202
,968,3,1,0.56314343
,969,0,0,0.9488813
,969,1,1,0.88429916
,969,2,3,1.0
,969,3,0,0.77182657
,970,0,1,0.70448774
,970,1,1,0.8815943
,970,2,0,0.9968143
,970,3,3,1.0
,971,0,1,0.7351354
,971,1,1,0.86603886
,971,2,3,1.0
,971,3,0,0.9968089
,972,0,0,0.7376304
,972,1,1,0.77727664
,972,2,0,0.93994963
,972,3,3,1.0
,973,0,3,1.0
,973,1,0,0.7292203
,973,2,1,0.69682825
,973,3,0,0.97075415
,974,0,0,0.94006324
,974,1,3,1.0
,974,2,1,0.70172966
,974,3,0,0.8786672
,975,0,1,0.6967942
,975,1,0,0.9751285
,975,2,0,0.906065
,975,3,3,1.0
,976,0,1,0.70189136
,976,1,0,0.96128327
,976,2,2,1.0
,976,3,0,0.9401764
,977,0,0,0.9059533
,977,1,2,1.0
,977,2,0,0.979022
,977,3,1,0.70638144
,978,0,2,1.0
,978,1,0,0.9553117
,978,2,0,0.9602426
,978,3,1,0.7358409
,979,0,0,0.9473686
,979,1,1,0.5630302
,979,2,2,0.9835967
,979,3,0,0.7371829
,980,0,1,0.7380564
,980,1,0,0.7719862
,980,2,0,0.97527957
,980,3,3,1.0
,981,0,1,0.8554252
,981,1,3,1.0
,981,2,0,0.8794958
,981,3,0,0.94932395
,982,0,1,0.86096567
,982,1,0,0.99681264
,982,2,3,1.0
,982,3,1,0.523406
,983,0,1,0.77599216
,983,1,3,1.0
,983,2,0,0.9394377
,983,3,0,0.9206379
,984,0,0,0.72910064
,984,1,0,0.93845046
,984,2,1,0.7064671
,984,3,2,1.0
,985,0,3,1.0
,985,1,1,0.73964673
,985,2,1,0.7357133
,985,3,0,0.9992145
,986,0,0,0.9710798
,986,1,1,0.8558404
,986,2,0,0.73723245
,986,3,2,0.99838364
,987,0,0,0.87862754
,987,1,1,0.8610399
,987,2,3,1.0
,987,3,0,0.9475761
,988,0,3,1.0
,988,1,1,0.7760837
,988,2,0,0.9968136
,988,3,1,0.7329593
,989,0,0,0.93769294
,989,1,0,0.72929466
,989,2,3,1.0
,989,3,1,0.8370758
,990,0,1,0.7395048
,990,1,3,1.0
,990,2,0,0.9968162
,990,3,1,0.7698045
,991,0,1,0.85467464
,991,1,0,0.970689
,991,2,3,1.0
,991,3,0,0.7307353
,992,0,1,0.85576606
,992,1,0,0.8785736
,992,2,0,0.9378101
,992,3,3,1.0
,993,0,1,0.74699545
,993,1,3,1.0
,993,2,1,0.7394475
,993,3,0,0.99681324
,994,0,0,0.89454466
,994,1,0,0.93761605
,994,2,1,0.85459787
,994,3,3,1.0
,995,0,2,0.9542499
,995,1,1,0.7411157
,995,2,1,0.8556845
,995,3,0,0.9968557
,996,0,0,0.99921066
,996,1,1,0.85967946
,996,2,1,0.74560785
,996,3,3,1.0
,997,0,2,1.0
,997,1,1,0.8805156
,997,2,0,0.90239185
,997,3,0,0.9710658
,998,0,0,0.94739616
,998,1,1,0.88405824
,998,2,2,1.0
,998,3,0,0.8784896
,999,0,1,0.737494
,999,1,1,0.8838814
,999,2,0,0.9992133
,999,3,3,1.0
,1000,0,1,0.87223506
,1000,1,1,0.8956273
,1000,2,2,1.0
,1000,3,0,0.9845298
,1001,0,1,0.88291126
,1001,1,1,0.8869996
,1001,2,0,0.9973185
,1001,3,3,1.0
,1002,0,1,0.8845286
,1002,1,1,0.88524455
,1002,2,3,1.0
,1002,3,0,0.9990689
,1003,0,1,0.8849418
,1003,1,1,0.88506716
,1003,2,0,0.9968559
,1003,3,2,1.0
,1004,0,1,0.8848781
,1004,1,1,0.88490015
,1004,2,3,1.0
,1004,3,0,0.9973178
,1005,0,1,0.88486266
,1005,1,1,0.884867
,1005,2,0,0.999062
,1005,3,3,1.0
,1006,0,1,0.88497376
,1006,1,1,0.8849773
,1006,2,2,0.9971963
,1006,3,0,0.99685556
,1007,0,1,0.88473624
,1007,1,1,0.8847527
,1007,2,0,0.9973157
,1007,3,3,1.0
,1008,0,1,0.8840052
,1008,1,1,0.8840987
,1008,2,3,1.0
,1008,3,0,0.99906474
,1009,0,1,0.8940434
,1009,1,1,0.89457625
,1009,2,0,0.99292076
,1009,3,2,1.0
,1010,0,1,0.8835404
,1010,1,1,0.8867852
,1010,2,3,1.0
,1010,3,0,0.9992178
,1011,0,1,0.8665864
,1011,1,1,0.8853425
,1011,2,0,0.99685854
,1011,3,2,1.0
,1012,0,1,0.77751714
,1012,1,1,0.8849415
,1012,2,3,1.0
,1012,3,0,0.99921745
,1013,0,0,0.7288044
,1013,1,1,0.88494474
,1013,2,0,0.9498715
,1013,3,2,1.0
,1014,0,3,1.0
,1014,1,1,0.88479507
,1014,2,1,0.5232637
,1014,3,0,0.99921745
,1015,0,0,0.9710728
,1015,1,1,0.88438034
,1015,2,0,0.920557
,1015,3,2,1.0
,1016,0,0,0.87856233
,1016,1,1,0.88169384
,1016,2,2,1.0
,1016,3,0,0.9753582
,1017,0,3,1.0
,1017,1,1,0.8660599
,1017,2,0,0.9473098
,1017,3,0,0.87948054
,1018,0,0,0.9990687
,1018,1,1,0.7773934
,1018,2,1,0.73916054
,1018,3,3,1.0
,1019,0,2,0.99968284
,1019,1,0,0.728898
,1019,2,1,0.85946053
,1019,3,0,0.9710852
,1020,0,0,0.97535235
,1020,1,3,1.0
,1020,2,1,0.880405
,1020,3,0,0.87872857
,1021,0,0,0.87950236
,1021,1,0,0.94707006
,1021,2,1,0.8839655
,1021,3,3,1.0
,1022,0,3,1.0
,1022,1,1,0.5649766
,1022,2,1,0.88415855
,1022,3,0,0.9990693
,1023,0,0,0.971084
,1023,1,0,0.77138287
,1023,2,1,0.88164264
,1023,3,2,1.0
,1024,0,0,0.87874645
,1024,1,3,1.0
,1024,2,1,0.8660568
,1024,3,0,0.97535866
,1025,0,3,1.0
,1025,1,0,0.9376665
,1025,2,1,0.77733624
,1025,3,0,0.8796175
,1026,0,0,0.93769485
,1026,1,1,0.7407363
,1026,2,0,0.7290014
,1026,3,3,1.0
,1027,0,1,0.7408747
,1027,1,1,0.8595109
,1027,2,3,1.0
,1027,3,0,0.99681526
,1028,0,1,0.8596505
,1028,1,1,0.8796866
,1028,2,0,0.996807
,1028,3,3,1.0
,1029,0,1,0.88042736
,1029,1,1,0.8798107
,1029,2,3,1.0
,1029,3,0,0.99680674
,1030,0,1,0.8839422
,1030,1,1,0.86036927
,1030,2,0,0.9968065
,1030,3,3,1.0
,1031,0,1,0.8838563
,1031,1,1,0.7458248
,1031,2,3,1.0
,1031,3,0,0.9990631
,1032,0,1,0.89540064
,1032,1,0,0.8923446
,1032,2,0,0.79268026
,1032,3,2,1.0
,1033,0,1,0.88705146
,1033,1,2,1.0
,1033,2,1,0.56798667
,1033,3,0,0.9973209
,1034,0,1,0.8843901
,1034,1,0,0.9476964
,1034,2,0,0.91661316
,1034,3,3,1.0
,1035,0,1,0.894151
,1035,1,1,0.7604696
,1035,2,2,1.0
,1035,3,0,0.9979568
,1036,0,1,0.8838136
,1036,1,1,0.863637
,1036,2,0,0.9753752
,1036,3,2,1.0
,1037,0,1,0.86666614
,1037,1,1,0.88132375
,1037,2,0,0.87930036
,1037,3,2,1.0
,1038,0,1,0.7775159
,1038,1,1,0.88425404
,1038,2,3,1.0
,1038,3,0,0.9973202
,1039,0,0,0.729181
,1039,1,1,0.8847145
,1039,2,0,0.97068644
,1039,3,3,1.0
,1040,0,3,1.0
,1040,1,1,0.88470006
,1040,2,0,0.8785487
,1040,3,0,0.9470353
,1041,0,0,0.99906534
,1041,1,1,0.8841292
,1041,2,3,1.0
,1041,3,1,0.56650954
,1042,0,2,1.0
,1042,1,1,0.8941867
,1042,2,0,0.93457806
,1042,3,0,0.753092
,1043,0,0,0.947381
,1043,1,1,0.88671595
,1043,2,0,0.8710349
,1043,3,3,1.0
,1044,0,1,0.73809105
,1044,1,1,0.88521326
,1044,2,3,1.0
,1044,3,0,0.9968141
,1045,0,1,0.85545343
,1045,1,1,0.88492924
,1045,2,0,0.9968065
,1045,3,3,1.0
,1046,0,1,0.86097676
,1046,1,1,0.884874
,1046,2,3,1.0
,1046,3,0,0.9990683
,1047,0,1,0.77628267
,1047,1,1,0.88499254
,1047,2,0,0.9990825
,1047,3,2,1.0
,1048,0,0,0.7289947
,1048,1,1,0.8849702
,1048,2,2,1.0
,1048,3,0,0.94933337
,1049,0,3,1.0
,1049,1,1,0.8847693
,1049,2,0,0.997319
,1049,3,1,0.6947648
,1050,0,0,0.99588525
,1050,1,1,0.88405305
,1050,2,3,1.0
,1050,3,1,0.7003324
,1051,0,3,1.0
,1051,1,1,0.8923313
,1051,2,0,0.9260228
,1051,3,0,0.89817667
,1052,0,0,0.94091636
,1052,1,1,0.8957016
,1052,2,0,0.8552193
,1052,3,2,1.0
,1053,0,0,0.87239385
,1053,1,1,0.8829514
,1053,2,3,1.0
,1053,3,0,0.97537005
,1054,0,3,1.0
,1054,1,1,0.8611759
,1054,2,0,0.9707427
,1054,3,0,0.87961584
,1055,0,0,0.93765974
,1055,1,1,0.7470892
,1055,2,0,0.8786767
,1055,3,3,1.0
,1056,0,1,0.7407844
,1056,1,0,0.90236175
,1056,2,3,1.0
,1056,3,0,0.97072107
,1057,0,1,0.85974354
,1057,1,2,1.0
,1057,2,0,0.9710758
,1057,3,0,0.87850505
,1058,0,1,0.88044345
,1058,1,0,0.9473108
,1058,2,0,0.8786258
,1058,3,3,1.0
,1059,0,1,0.8840087
,1059,1,1,0.73913527
,1059,2,3,1.0
,1059,3,0,0.9968112
,1060,0,1,0.8841561
,1060,1,1,0.85923177
,1060,2,0,0.99906844
,1060,3,3,1.0
,1061,0,1,0.881683
,1061,1,1,0.8799416
,1061,2,2,1.0
,1061,3,0,0.9968558
,1062,0,1,0.8660575
,1062,1,1,0.8807924
,1062,2,0,0.99731827
,1062,3,3,1.0
,1063,0,1,0.77733463
,1063,1,1,0.86588264
,1063,2,3,1.0
,1063,3,0,0.9968085
,1064,0,0,0.72925913
,1064,1,1,0.77724093
,1064,2,0,0.9469934
,1064,3,3,1.0
,1065,0,3,1.0
,1065,1,0,0.7292258
,1065,2,1,0.5649328
,1065,3,0,0.93956304
,1066,0,0,0.9377607
,1066,1,3,1.0
,1066,2,0,0.7714565
,1066,3,1,0.70622766
,1067,0,1,0.74066114
,1067,1,0,0.9990702
,1067,2,3,1.0
,1067,3,1,0.735656
,1068,0,1,0.8590767
,1068,1,2,1.0
,1068,2,0,0.97108114
,1068,3,0,0.7372418
,1069,0,1,0.8770682
,1069,1,0,0.9571887
,1069,2,0,0.87863624
,1069,3,3,1.0
,1070,0,1,0.865174
,1070,1,1,0.5212363
,1070,2,3,1.0
,1070,3,0,0.99681276
,1071,0,1,0.7770729
,1071,1,0,0.9208144
,1071,2,0,0.9394395
,1071,3,3,1.0
,1072,0,0,0.7289773
,1072,1,2,1.0
,1072,2,1,0.70649594
,1072,3,0,0.9710835
,1073,0,3,1.0
,1073,1,0,0.94730866
,1073,2,1,0.7356901
,1073,3,0,0.878726
,1074,0,0,0.9470791
,1074,1,1,0.7390968
,1074,2,0,0.73735166
,1074,3,3,1.0
,1075,0,1,0.56500685
,1075,1,1,0.85936695
,1075,2,3,1.0
,1075,3,0,0.99681634
,1076,0,0,0.7714794
,1076,1,1,0.8803679
,1076,2,0,0.93795186
,1076,3,3,1.0
,1077,0,3,1.0
,1077,1,1,0.8841015
,1077,2,1,0.73470044
,1077,3,0,0.9968142
,1078,0,0,0.99680674
,1078,1,1,0.8847313
,1078,2,1,0.8374692
,1078,3,3,1.0
,1079,0,3,1.0
,1079,1,1,0.8848182
,1079,2,1,0.76992
,1079,3,0,0.99906796
,1080,0,0,0.9499424
,1080,1,1,0.88481057
,1080,2,0,0.73030436
,1080,3,2,1.0
,1081,0,1,0.52195424
,1081,1,1,0.8841315
,1081,2,3,1.0
,1081,3,0,0.9992139
,1082,0,0,0.9133589
,1082,1,1,0.8940432
,1082,2,0,0.93445843
,1082,3,2,1.0
,1083,0,2,1.0
,1083,1,1,0.88617295
,1083,2,0,0.8708445
,1083,3,0,0.9753781
,1084,0,0,0.9753538
,1084,1,1,0.8810103
,1084,2,3,1.0
,1084,3,0,0.879595
,1085,0,0,0.87950397
,1085,1,1,0.8607734
,1085,2,0,0.93810505
,1085,3,3,1.0
,1086,0,3,1.0
,1086,1,1,0.7470416
,1086,2,1,0.73293275
,1086,3,0,0.9990693
,1087,0,0,0.97106934
,1087,1,0,0.90227515
,1087,2,1,0.83136
,1087,3,2,1.0
,1088,0,0,0.8785676
,1088,1,2,1.0
,1088,2,1,0.7390874
,1088,3,0,0.9488906
,1089,0,3,1.0
,1089,1,0,0.94731295
,1089,2,0,0.9030059
,1089,3,1,0.7044442
,1090,0,0,0.9968565
,1090,1,1,0.7394211
,1090,2,2,1.0
,1090,3,1,0.73541087
,1091,0,3,1.0
,1091,1,1,0.8593755
,1091,2,0,0.9473588
,1091,3,0,0.73734957
,1092,0,0,0.99859005
,1092,1,1,0.88042444
,1092,2,1,0.73809475
,1092,3,3,1.0
,1093,0,2,0.78783894
,1093,1,1,0.88422
,1093,2,1,0.85561454
,1093,3,0,0.9968558
,1094,0,0,0.9991858
,1094,1,1,0.88473135
,1094,2,1,0.86100245
,1094,3,3,1.0
,1095,0,2,1.0
,1095,1,1,0.8848759
,1095,2,1,0.7762739
,1095,3,0,0.99685544
,1096,0,0,0.9473089
,1096,1,1,0.88429284
,1096,2,0,0.7292034
,1096,3,3,1.0
,1097,0,1,0.7391836
,1097,1,1,0.8815976
,1097,2,3,1.0
,1097,3,0,0.9968149
,1098,0,1,0.8593345
,1098,1,1,0.8660564
,1098,2,0,0.99906844
,1098,3,3,1.0
,1099,0,1,0.8804308
,1099,1,1,0.77755576
,1099,2,2,1.0
,1099,3,0,0.9968557
,1100,0,1,0.8835132
,1100,1,0,0.7291678
,1100,2,0,0.97535217
,1100,3,3,1.0
,1101,0,1,0.88141716
,1101,1,3,1.0
,1101,2,0,0.87948066
,1101,3,0,0.93775254
,1102,0,1,0.86603534
,1102,1,0,0.99906975
,1102,2,3,1.0
,1102,3,1,0.7406484
,1103,0,1,0.77755153
,1103,1,2,1.0
,1103,2,0,0.9968559
,1103,3,1,0.8591197
,1104,0,0,0.7291691
,1104,1,0,0.9753527
,1104,2,3,1.0
,1104,3,1,0.87705725
,1105,0,3,1.0
,1105,1,0,0.8794935
,1105,2,0,0.9395813
,1105,3,1,0.8651469
,1106,0,0,0.9990693
,1106,1,3,1.0
,1106,2,1,0.7062849
,1106,3,1,0.7771485
,1107,0,2,1.0
,1107,1,0,0.94985193
,1107,2,1,0.73574626
,1107,3,0,0.7289915
,1108,0,0,0.9553043
,1108,1,1,0.5232312
,1108,2,0,0.73751163
,1108,3,3,1.0
,1109,0,1,0.5627348
,1109,1,0,0.9206387
,1109,2,3,1.0
,1109,3,0,0.93955874
,1110,0,0,0.77183974
,1110,1,2,1.0
,1110,2,0,0.9710855
,1110,3,1,0.70647496
,1111,0,3,1.0
,1111,1,0,0.947358
,1111,2,0,0.87873286
,1111,3,1,0.73568493
,1112,0,0,0.940046
,1112,1,1,0.73800105
,1112,2,3,1.0
,1112,3,0,0.73733354
,1113,0,1,0.6968815
,1113,1,1,0.85546094
,1113,2,0,0.996815
,1113,3,3,1.0
,1114,0,1,0.70177835
,1114,1,1,0.86095744
,1114,2,3,1.0
,1114,3,0,0.99680877
,1115,0,0,0.9060787
,1115,1,1,0.77597344
,1115,2,0,0.9376498
,1115,3,3,1.0
,1116,0,2,1.0
,1116,1,0,0.7291755
,1116,2,1,0.7399538
,1116,3,0,0.97108066
,1117,0,0,0.94736046
,1117,1,3,1.0
,1117,2,1,0.85578614
,1117,3,0,0.8786033
,1118,0,1,0.73807144
,1118,1,0,0.99906987
,1118,2,1,0.86105704
,1118,3,3,1.0
,1119,0,1,0.85560507
,1119,1,2,1.0
,1119,2,1,0.7763016
,1119,3,0,0.9990825
,1120,0,1,0.8611097
,1120,1,0,0.9493218
,1120,2,0,0.72901064
,1120,3,2,1.0
,1121,0,1,0.7760843
,1121,1,1,0.6950091
,1121,2,3,1.0
,1121,3,0,0.997321
,1122,0,0,0.7294534
,1122,1,1,0.7011908
,1122,2,0,0.93759817
,1122,3,3,1.0
,1123,0,3,1.0
,1123,1,0,0.90610147
,1123,2,1,0.740808
,1123,3,0,0.9707495
,1124,0,0,0.9710792
,1124,1,2,1.0
,1124,2,1,0.8597296
,1124,3,0,0.87851155
,1125,0,0,0.8786745
,1125,1,0,0.95524156
,1125,2,1,0.88034815
,1125,3,3,1.0
,1126,0,3,1.0
,1126,1,1,0.564151
,1126,2,1,0.8834539
,1126,3,0,0.99592185
,1127,0,0,0.8682061
,1127,1,0,0.7559457
,1127,2,1,0.8928192
,1127,3,3,1.0
,1128,0,1,0.5861621
,1128,1,3,1.0
,1128,2,1,0.88646054
,1128,3,0,0.9968918
,1129,0,0,0.76717895
,1129,1,0,0.9377323
,1129,2,1,0.8849836
,1129,3,3,1.0
,1130,0,3,1.0
,1130,1,1,0.73939365
,1130,2,1,0.88416046
,1130,3,0,0.9990558
,1131,0,0,0.9929235
,1131,1,1,0.8711289
,1131,2,1,0.8945861
,1131,3,2,0.99661624
,1132,0,3,1.0
,1132,1,1,0.8821321
,1132,2,1,0.8867666
,1132,3,0,0.99921745
,1133,0,0,0.99685866
,1133,1,1,0.88139737
,1133,2,1,0.88522077
,1133,3,2,1.0
,1134,0,3,1.0
,1134,1,1,0.86638814
,1134,2,1,0.8842395
,1134,3,0,0.99648917
,1135,0,0,0.99751353
,1135,1,1,0.792643
,1135,2,1,0.89375013
,1135,3,3,1.0
,1136,0,2,0.9649852
,1136,1,0,0.72520375
,1136,2,1,0.8867706
,1136,3,0,0.9402342
,1137,0,0,0.9973002
,1137,1,3,1.0
,1137,2,1,0.8852275
,1137,3,1,0.74043465
,1138,0,3,1.0
,1138,1,0,0.99906844
,1138,2,1,0.8849277
,1138,3,1,0.85957146
,1139,0,0,0.99908286
,1139,1,2,1.0
,1139,2,1,0.88500977
,1139,3,1,0.880574
,1140,0,2,1.0
,1140,1,0,0.997319
,1140,2,1,0.88502175
,1140,3,1,0.88424623
,1141,0,0,0.997318
,1141,1,3,1.0
,1141,2,1,0.88489115
,1141,3,1,0.88475764
,1142,0,3,1.0
,1142,1,0,0.99680626
,1142,2,1,0.88485533
,1142,3,1,0.8848452
,1143,0,0,0.9990683
,1143,1,3,1.0
,1143,2,1,0.8847656
,1143,3,1,0.8848397
,1144,0,2,1.0
,1144,1,0,0.9968558
,1144,2,1,0.8844244
,1144,3,1,0.884871
,1145,0,0,0.997318
,1145,1,3,1.0
,1145,2,1,0.8815947
,1145,3,1,0.88415086
,1146,0,3,1.0
,1146,1,0,0.9968065
,1146,2,1,0.8660481
,1146,3,1,0.8806473
,1147,0,0,0.99906784
,1147,1,3,1.0
,1147,2,1,0.7773657
,1147,3,1,0.8607362
,1148,0,2,1.0
,1148,1,0,0.93868333
,1148,2,0,0.72893554
,1148,3,1,0.7471501
,1149,0,0,0.95718634
,1149,1,1,0.7345188
,1149,2,3,1.0
,1149,3,0,0.9023396
,1150,0,1,0.5215608
,1150,1,1,0.83761615
,1150,2,0,0.99908227
,1150,3,2,1.0
,1151,0,0,0.9206897
,1151,1,1,0.7701285
,1151,2,2,1.0
,1151,3,0,0.9473315
,1152,0,2,1.0
,1152,1,0,0.73019636
,1152,2,0,0.9473213
,1152,3,1,0.7391699
,1153,0,0,0.99921745
,1153,1,3,1.0
,1153,2,1,0.73917484
,1153,3,1,0.85872376
,1154,0,2,1.0
,1154,1,0,0.9968563
,1154,2,1,0.85951626
,1154,3,1,0.8771449
,1155,0,0,0.99731827
,1155,1,3,1.0
,1155,2,1,0.88042814
,1155,3,1,0.8651765
,1156,0,3,1.0
,1156,1,0,0.9968078
,1156,2,1,0.8840911
,1156,3,1,0.77711606
,1157,0,0,0.9751024
,1157,1,3,1.0
,1157,2,1,0.88470846
,1157,3,0,0.7292266
,1158,0,0,0.9613151
,1158,1,0,0.9707452
,1158,2,1,0.88482785
,1158,3,3,1.0
,1159,0,2,1.0
,1159,1,0,0.8784709
,1159,2,1,0.88493925
,1159,3,0,0.9384592
,1160,0,0,0.9973178
,1160,1,3,1.0
,1160,2,1,0.8848899
,1160,3,1,0.7393303
,1161,0,3,1.0
,1161,1,0,0.9990683
,1161,2,1,0.8848659
,1161,3,1,0.85462606
,1162,0,0,0.9968557
,1162,1,2,1.0
,1162,2,1,0.8849773
,1162,3,1,0.8556898
,1163,0,3,1.0
,1163,1,0,0.99921745
,1163,2,1,0.8847532
,1163,3,1,0.7456086
,1164,0,0,0.971067
,1164,1,2,1.0
,1164,2,1,0.8842142
,1164,3,0,0.90239197
,1165,0,0,0.87851685
,1165,1,0,0.9571976
,1165,2,1,0.8807636
,1165,3,2,1.0
,1166,0,3,1.0
,1166,1,1,0.52121603
,1166,2,1,0.8607649
,1166,3,0,0.99921745
,1167,0,0,0.94066894
,1167,1,0,0.9207366
,1167,2,1,0.7471452
,1167,3,2,1.0
,1168,0,1,0.6969548
,1168,1,2,1.0
,1168,2,0,0.9022539
,1168,3,0,0.9473737
,1169,0,1,0.70204633
,1169,1,0,0.9992177
,1169,2,2,1.0
,1169,3,1,0.73830897
,1170,0,0,0.9059385
,1170,1,2,1.0
,1170,2,0,0.94738704
,1170,3,1,0.8556062
,1171,0,2,1.0
,1171,1,0,0.9973191
,1171,2,1,0.73801786
,1171,3,1,0.8611368
,1172,0,0,0.99732006
,1172,1,3,1.0
,1172,2,1,0.85438454
,1172,3,1,0.77604735
,1173,0,3,1.0
,1173,1,0,0.9751002
,1173,2,1,0.855452
,1173,3,0,0.72949547
,1174,0,0,0.94930506
,1174,1,0,0.9613191
,1174,2,1,0.7455174
,1174,3,3,1.0
,1175,0,1,0.5235664
,1175,1,2,1.0
,1175,2,0,0.90241444
,1175,3,0,0.9384142
,1176,0,0,0.9205215
,1176,1,0,0.9473241
,1176,2,2,1.0
,1176,3,1,0.7395231
,1177,0,2,1.0
,1177,1,1,0.7394125
,1177,2,0,0.997319
,1177,3,1,0.8548205
,1178,0,0,0.9973184
,1178,1,1,0.85937566
,1178,2,3,1.0
,1178,3,1,0.85556996
,1179,0,3,1.0
,1179,1,1,0.8803018
,1179,2,0,0.9968084
,1179,3,1,0.745588
,1180,0,0,0.93996036
,1180,1,1,0.88346285
,1180,2,3,1.0
,1180,3,0,0.9024981
,1181,0,1,0.6971859
,1181,1,1,0.8815608
,1181,2,0,0.999083
,1181,3,2,1.0
,1182,0,1,0.70211166
,1182,1,1,0.8661775
,1182,2,2,1.0
,1182,3,0,0.9973204
,1183,0,0,0.9060336
,1183,1,1,0.7773567
,1183,2,0,0.9571852
,1183,3,3,1.0
,1184,0,2,0.99996793
,1184,1,0,0.728963
,1184,2,1,0.52142227
,1184,3,0,0.9498425
,1185,0,0,0.94888306
,1185,1,3,1.0
,1185,2,0,0.92077565
,1185,3,1,0.52321553
,1186,0,1,0.7046288
,1186,1,0,0.9384627
,1186,2,2,1.0
,1186,3,0,0.92056835
,1187,0,1,0.73540163
,1187,1,1,0.7395783
,1187,2,0,0.9973202
,1187,3,2,1.0
,1188,0,0,0.7375941
,1188,1,1,0.8546495
,1188,2,3,1.0
,1188,3,0,0.9753533
,1189,0,3,1.0
,1189,1,1,0.8555192
,1189,2,0,0.9377352
,1189,3,0,0.87950623
,1190,0,0,0.99681324
,1190,1,1,0.74559724
,1190,2,1,0.74084014
,1190,3,3,1.0
,1191,0,3,1.0
,1191,1,0,0.9024976
,1191,2,1,0.8595958
,1191,3,0,0.9376269
,1192,0,0,0.99685615
,1192,1,2,1.0
,1192,2,1,0.8805801
,1192,3,1,0.74093026
,1193,0,3,1.0
,1193,1,0,0.99921745
,1193,2,1,0.8841096
,1193,3,1,0.8590044
,1194,0,0,0.99908286
,1194,1,2,1.0
,1194,2,1,0.8848665
,1194,3,1,0.8771945
,1195,0,2,1.0
,1195,1,0,0.9973192
,1195,2,1,0.88499707
,1195,3,1,0.8653339
,1196,0,0,0.99732006
,1196,1,3,1.0
,1196,2,1,0.8848888
,1196,3,1,0.7771547
,1197,0,3,1.0
,1197,1,0,0.9706927
,1197,2,1,0.8848475
,1197,3,0,0.7292107
,1198,0,0,0.9751544
,1198,1,0,0.87866557
,1198,2,1,0.88485974
,1198,3,3,1.0
,1199,0,0,0.961325
,1199,1,3,1.0
,1199,2,1,0.88483506
,1199,3,0,0.9376891
,1200,0,2,1.0
,1200,1,0,0.9968564
,1200,2,1,0.8849975
,1200,3,1,0.74111074
,1201,0,0,0.997318
,1201,1,3,1.0
,1201,2,1,0.88489014
,1201,3,1,0.85968995
,1202,0,3,1.0
,1202,1,0,0.9968066
,1202,2,1,0.88487095
,1202,3,1,0.88044333
,1203,0,0,0.9968066
,1203,1,3,1.0
,1203,2,1,0.8848532
,1203,3,1,0.88399667
,1204,0,3,1.0
,1204,1,0,0.99680626
,1204,2,1,0.8847678
,1204,3,1,0.88415647
,1205,0,0,0.9990683
,1205,1,3,1.0
,1205,2,1,0.8842876
,1205,3,1,0.88154817
,1206,0,2,1.0
,1206,1,0,0.99908286
,1206,2,1,0.88170636
,1206,3,1,0.866196
,1207,0,0,0.9973203
,1207,1,2,1.0
,1207,2,1,0.866203
,1207,3,1,0.7775826
,1208,0,3,1.0
,1208,1,0,0.9571877
,1208,2,1,0.7773438
,1208,3,0,0.72917664
,1209,0,0,0.94709504
,1209,1,1,0.52116376
,1209,2,0,0.7292333
,1209,3,3,1.0
,1210,0,1,0.5649119
,1210,1,0,0.92080826
,1210,2,3,1.0
,1210,3,0,0.9377152
,1211,0,0,0.77130276
,1211,1,2,1.0
,1211,2,0,0.9384037
,1211,3,1,0.7409867
,1212,0,3,1.0
,1212,1,0,0.99921745
,1212,2,1,0.74072623
,1212,3,1,0.8596861
,1213,0,0,0.999083
,1213,1,2,1.0
,1213,2,1,0.8597831
,1213,3,1,0.8805904
,1214,0,2,1.0
,1214,1,0,0.9992177
,1214,2,1,0.8806051
,1214,3,1,0.884228
,1215,0,0,0.997319
,1215,1,2,1.0
,1215,2,1,0.8842513
,1215,3,1,0.88478726
,1216,0,3,1.0
,1216,1,0,0.9973177
,1216,2,1,0.8847574
,1216,3,1,0.88429284
,1217,0,0,0.9990683
,1217,1,3,1.0
,1217,2,1,0.88484454
,1217,3,1,0.8815736
,1218,0,2,1.0
,1218,1,0,0.99908286
,1218,2,1,0.88499475
,1218,3,1,0.86620814
,1219,0,0,0.99732006
,1219,1,2,1.0
,1219,2,1,0.8850161
,1219,3,1,0.7776267
,1220,0,3,1.0
,1220,1,0,0.94730854
,1220,2,1,0.88487685
,1220,3,0,0.7289334
,1221,0,0,0.99681515
,1221,1,1,0.73919255
,1221,2,1,0.8848947
,1221,3,3,1.0
,1222,0,3,1.0
,1222,1,1,0.8593605
,1222,2,1,0.88487554
,1222,3,0,0.996807
,1223,0,0,0.9968066
,1223,1,1,0.8804001
,1223,2,1,0.88487136
,1223,3,3,1.0
,1224,0,3,1.0
,1224,1,1,0.88406885
,1224,2,1,0.88486904
,1224,3,0,0.99680626
,1225,0,0,0.9990683
,1225,1,1,0.8846277
,1225,2,1,0.8848659
,1225,3,3,1.0
,1226,0,2,1.0
,1226,1,1,0.88440025
,1226,2,1,0.8850011
,1226,3,0,0.9968558
,1227,0,0,0.997318
,1227,1,1,0.8815899
,1227,2,1,0.884891
,1227,3,3,1.0
,1228,0,3,1.0
,1228,1,1,0.8660442
,1228,2,1,0.8848741
,1228,3,0,0.99680674
,1229,0,0,0.99680793
,1229,1,1,0.7773435
,1229,2,1,0.88487005
,1229,3,3,1.0
,1230,0,3,1.0
,1230,1,0,0.72917986
,1230,2,1,0.88484454
,1230,3,0,0.97069144
,1231,0,0,0.9707533
,1231,1,3,1.0
,1231,2,1,0.8848589
,1231,3,0,0.8786371
,1232,0,0,0.87866443
,1232,1,0,0.97513115
,1232,2,1,0.8848536
,1232,3,3,1.0
,1233,0,3,1.0
,1233,1,0,0.96132094
,1233,2,1,0.88484496
,1233,3,0,0.97071713
,1234,0,0,0.93880194
,1234,1,2,1.0
,1234,2,1,0.8849418
,1234,3,0,0.8784662
,1235,0,1,0.73280394
,1235,1,0,0.99731815
,1235,2,1,0.88488865
,1235,3,3,1.0
,1236,0,1,0.8312031
,1236,1,3,1.0
,1236,2,1,0.88485086
,1236,3,0,0.9968066
,1237,0,1,0.738855
,1237,1,0,0.99906784
,1237,2,1,0.88473696
,1237,3,3,1.0
,1238,0,0,0.9029437
,1238,1,2,1.0
,1238,2,1,0.88422495
,1238,3,0,0.971067
,1239,0,2,1.0
,1239,1,0,0.94736105
,1239,2,1,0.8808428
,1239,3,0,0.87851024
,1240,0,0,0.9967613
,1240,1,1,0.7382489
,1240,2,1,0.8612235
,1240,3,3,1.0
,1241,0,3,1.0
,1241,1,1,0.86685544
,1241,2,1,0.7587842
,1241,3,0,0.9936323
,1242,0,0,0.97111654
,1242,1,1,0.8818077
,1242,2,0,0.90130323
,1242,3,3,1.0
,1243,0,0,0.87854546
,1243,1,1,0.8843761
,1243,2,2,1.0
,1243,3,0,0.94679487
,1244,0,3,1.0
,1244,1,1,0.88455766
,1244,2,0,0.9973204
,1244,3,1,0.58184326
,1245,0,0,0.9468358
,1245,1,1,0.88344055
,1245,2,3,1.0
,1245,3,0,0.71043015
,1246,0,1,0.5947319
,1246,1,1,0.89228255
,1246,2,0,0.98434836
,1246,3,3,1.0
,1247,0,0,0.765155
,1247,1,1,0.86833006
,1247,2,3,1.0
,1247,3,0,0.9409109
,1248,0,3,1.0
,1248,1,1,0.7779707
,1248,2,0,0.9968181
,1248,3,1,0.70603883
,1249,0,0,0.9469971
,1249,1,0,0.72913235
,1249,2,3,1.0
,1249,3,1,0.735477
,1250,0,1,0.5649231
,1250,1,3,1.0
,1250,2,0,0.93805027
,1250,3,0,0.73755884
,1251,0,0,0.771484
,1251,1,0,0.9471265
,1251,2,1,0.73460555
,1251,3,3,1.0
,1252,0,3,1.0
,1252,1,1,0.56494665
,1252,2,1,0.83746004
,1252,3,0,0.99681586
,1253,0,0,0.93944824
,1253,1,0,0.77163917
,1253,2,1,0.7698097
,1253,3,3,1.0
,1254,0,1,0.7062512
,1254,1,3,1.0
,1254,2,0,0.73071194
,1254,3,0,0.97074914
,1255,0,1,0.7355561
,1255,1,0,0.93956494
,1255,2,3,1.0
,1255,3,0,0.87866336
,1256,0,0,0.73756915
,1256,1,1,0.7062142
,1256,2,0,0.97072786
,1256,3,3,1.0
,1257,0,3,1.0
,1257,1,1,0.7355472
,1257,2,0,0.8786595
,1257,3,0,0.93956226
,1258,0,0,0.9707298
,1258,1,0,0.73756343
,1258,2,3,1.0
,1258,3,1,0.7062155
,1259,0,0,0.8786939
,1259,1,3,1.0
,1259,2,0,0.94709706
,1259,3,1,0.7355521
,1260,0,3,1.0
,1260,1,0,0.93767875
,1260,2,1,0.5648831
,1260,3,0,0.73756874
,1261,0,0,0.93775165
,1261,1,1,0.74055237
,1261,2,0,0.77146775
,1261,3,3,1.0
,1262,0,1,0.7408572
,1262,1,1,0.8587892
,1262,2,3,1.0
,1262,3,0,0.9968141
,1263,0,1,0.85964227
,1263,1,1,0.87609285
,1263,2,0,0.9990596
,1263,3,3,1.0
,1264,0,1,0.88056123
,1264,1,1,0.85998875
,1264,2,2,0.9961719
,1264,3,0,0.9968558
,1265,0,1,0.8839604
,1265,1,1,0.74688166
,1265,2,0,0.9973185
,1265,3,3,1.0
,1266,0,1,0.88381815
,1266,1,0,0.90192735
,1266,2,3,1.0
,1266,3,0,0.9468185
,1267,0,1,0.8956097
,1267,1,2,1.0
,1267,2,0,0.98453796
,1267,3,1,0.5956902
,1268,0,1,0.8869639
,1268,1,0,0.9473329
,1268,2,3,1.0
,1268,3,0,0.76485187
,1269,0,1,0.8852598
,1269,1,1,0.7391896
,1269,2,0,0.9990713
,1269,3,3,1.0
,1270,0,1,0.8850698
,1270,1,1,0.8595171
,1270,2,2,1.0
,1270,3,0,0.99685603
,1271,0,1,0.8848973
,1271,1,1,0.8804225
,1271,2,0,0.99921757
,1271,3,3,1.0
,1272,0,1,0.8850062
,1272,1,1,0.8842234
,1272,2,2,1.0
,1272,3,0,0.9968558
,1273,0,1,0.88489014
,1273,1,1,0.8847531
,1273,2,0,0.9973178
,1273,3,3,1.0
,1274,0,1,0.88486934
,1274,1,1,0.8848454
,1274,2,3,1.0
,1274,3,0,0.9990683
,1275,0,1,0.8850013
,1275,1,1,0.8849972
,1275,2,0,0.9968559
,1275,3,2,1.0
,1276,0,1,0.88488865
,1276,1,1,0.88488865
,1276,2,3,1.0
,1276,3,0,0.9973177
,1277,0,1,0.88486534
,1277,1,1,0.8848691
,1277,2,0,0.99906844
,1277,3,3,1.0
,1278,0,1,0.88497907
,1278,1,1,0.8850016
,1278,2,2,1.0
,1278,3,0,0.9968558
,1279,0,1,0.88476133
,1279,1,1,0.8848906
,1279,2,0,0.997318
,1279,3,3,1.0
,1280,0,1,0.88413304
,1280,1,1,0.88487154
,1280,2,3,1.0
,1280,3,0,0.99680626
,1281,0,1,0.8806447
,1281,1,1,0.8848615
,1281,2,0,0.99906844
,1281,3,3,1.0
,1282,0,1,0.86089945
,1282,1,1,0.88498044
,1282,2,2,1.0
,1282,3,0,0.99908274
,1283,0,1,0.7472852
,1283,1,1,0.88491404
,1283,2,0,0.9973202
,1283,3,2,1.0
,1284,0,0,0.90234905
,1284,1,1,0.88429326
,1284,2,3,1.0
,1284,3,0,0.97535235
,1285,0,2,1.0
,1285,1,1,0.88165545
,1285,2,0,0.947673
,1285,3,0,0.87939805
,1286,0,0,0.99921745
,1286,1,1,0.8660699
,1286,2,1,0.5648011
,1286,3,3,1.0
,1287,0,2,1.0
,1287,1,1,0.777487
,1287,2,0,0.77144915
,1287,3,0,0.94765776
,1288,0,0,0.9475905
,1288,1,0,0.7290963
,1288,2,3,1.0
,1288,3,1,0.5647465
,1289,0,1,0.73292005
,1289,1,3,1.0
,1289,2,0,0.9707561
,1289,3,0,0.77166986
,1290,0,1,0.8370896
,1290,1,0,0.93957084
,1290,2,0,0.8785881
,1290,3,3,1.0
,1291,0,1,0.76979196
,1291,1,1,0.70628256
,1291,2,3,1.0
,1291,3,0,0.99681336
,1292,0,0,0.73074573
,1292,1,1,0.7355799
,1292,2,0,0.9376145
,1292,3,3,1.0
,1293,0,3,1.0
,1293,1,0,0.73731035
,1293,2,1,0.7405387
,1293,3,0,0.93783426
,1294,0,0,0.99907094
,1294,1,3,1.0
,1294,2,1,0.8587099
,1294,3,1,0.7393393
,1295,0,2,1.0
,1295,1,0,0.9968563
,1295,2,1,0.87583303
,1295,3,1,0.85435826
,1296,0,0,0.95793056
,1296,1,3,1.0
,1296,2,1,0.85763013
,1296,3,1,0.85329676
,1297,0,1,0.50486994
,1297,1,2,1.0
,1297,2,1,0.73419964
,1297,3,1,0.7329812
,1298,0,2,0.52092487
,1298,1,0,1.0
,1298,2,0,1.0
,1298,3,0,1.0
,1299,0,0,0.999164
,1299,1,2,0.9959665
,1299,2,1,0.7304728
,1299,3,1,0.7306677
,1300,0,2,1.0
,1300,1,0,0.9973171
,1300,2,1,0.85734147
,1300,3,1,0.8580315
,1301,0,0,0.997318
,1301,1,3,1.0
,1301,2,1,0.87675565
,1301,3,1,0.88016796
,1302,0,3,1.0
,1302,1,0,0.9968064
,1302,2,1,0.8651069
,1302,3,1,0.8840455
,1303,0,0,0.99906796
,1303,1,3,1.0
,1303,2,1,0.777122
,1303,3,1,0.8847206
,1304,0,2,1.0
,1304,1,0,0.97543746
,1304,2,0,0.72895306
,1304,3,1,0.88493556
,1305,0,0,0.9753526
,1305,1,0,0.9613388
,1305,2,3,1.0
,1305,3,1,0.88487554
,1306,0,0,0.87938297
,1306,1,2,1.0
,1306,2,0,0.938393
,1306,3,1,0.88494235
,1307,0,3,1.0
,1307,1,0,0.99921745
,1307,2,1,0.7406385
,1307,3,1,0.88486224
,1308,0,0,0.99685615
,1308,1,2,1.0
,1308,2,1,0.8595087
,1308,3,1,0.88485944
,1309,0,3,1.0
,1309,1,0,0.9964941
,1309,2,1,0.8790964
,1309,3,1,0.88405514
,1310,0,0,0.98937744
,1310,1,3,1.0
,1310,2,1,0.8893783
,1310,3,1,0.8929622
,1311,0,3,1.0
,1311,1,0,0.9979992
,1311,2,1,0.87891597
,1311,3,1,0.89621407
,1312,0,0,0.99698496
,1312,1,2,1.0
,1312,2,1,0.78154683
,1312,3,1,0.88733447
,1313,0,3,1.0
,1313,1,0,0.947318
,1313,2,0,0.72810876
,1313,3,1,0.88528866
,1314,0,0,0.99907094
,1314,1,1,0.7390111
,1314,2,3,1.0
,1314,3,1,0.8849627
,1315,0,2,1.0
,1315,1,1,0.8588928
,1315,2,0,0.99685615
,1315,3,1,0.8850184
,1316,0,0,0.9973178
,1316,1,1,0.877315
,1316,2,3,1.0
,1316,3,1,0.88488895
,1317,0,3,1.0
,1317,1,1,0.86679083
,1317,2,0,0.9990682
,1317,3,1,0.8848497
,1318,0,0,0.99685615
,1318,1,1,0.7865623
,1318,2,2,1.0
,1318,3,1,0.88488346
,1319,0,3,1.0
,1319,1,0,0.67646456
,1319,2,0,0.97521544
,1319,3,1,0.8842099
,1320,0,0,0.85613143
,1320,1,3,1.0
,1320,2,0,0.86813384
,1320,3,1,0.89318556
,1321,0,1,0.7141147
,1321,1,0,0.99909276
,1321,2,3,1.0
,1321,3,1,0.8865442
,1322,0,1,0.7068058
,1322,1,2,1.0
,1322,2,0,0.9968583
,1322,3,1,0.88529706
,1323,0,0,0.9056531
,1323,1,0,0.9753528
,1323,2,3,1.0
,1323,3,1,0.8849199
,1324,0,2,1.0
,1324,1,0,0.87940675
,1324,2,0,0.94986653
,1324,3,1,0.88495934
,1325,0,0,0.99732065
,1325,1,3,1.0
,1325,2,1,0.5232481
,1325,3,1,0.8848896
,1326,0,3,1.0
,1326,1,0,0.9470005
,1326,2,0,0.9206457
,1326,3,1,0.8848259
,1327,0,0,0.99908227
,1327,1,1,0.5653474
,1327,2,2,1.0
,1327,3,1,0.8849627
,1328,0,2,1.0
,1328,1,0,0.7711987
,1328,2,0,0.9492639
,1328,3,1,0.88484573
,1329,0,0,0.99632454
,1329,1,3,1.0
,1329,2,1,0.696293
,1329,3,1,0.88406307
,1330,0,3,1.0
,1330,1,0,0.9842655
,1330,2,1,0.72302204
,1330,3,1,0.8952048
,1331,0,0,0.9757299
,1331,1,3,1.0
,1331,2,0,0.9041457
,1331,3,1,0.886866
,1332,0,0,0.9613261
,1332,1,0,0.94989866
,1332,2,2,1.0
,1332,3,1,0.8852969
,1333,0,2,1.0
,1333,1,1,0.5235634
,1333,2,0,0.99921757
,1333,3,1,0.88506174
,1334,0,0,0.9753599
,1334,1,0,0.9204833
,1334,2,2,1.0
,1334,3,1,0.8849979
,1335,0,0,0.8794197
,1335,1,2,0.99972385
,1335,2,0,0.9753626
,1335,3,1,0.8849954
,1336,0,3,1.0
,1336,1,0,0.97907656
,1336,2,0,0.8795769
,1336,3,1,0.8848843
,1337,0,0,0.9707184
,1337,1,0,0.9616429
,1337,2,3,1.0
,1337,3,1,0.88485044
,1338,0,0,0.87847936
,1338,1,2,1.0
,1338,2,0,0.94986653
,1338,3,1,0.8849473
,1339,0,3,1.0
,1339,1,0,0.9973202
,1339,2,1,0.5232475
,1339,3,1,0.88488865
,1340,0,0,0.9750989
,1340,1,3,1.0
,1340,2,0,0.9206427
,1340,3,1,0.88484025
,1341,0,0,0.9612774
,1341,1,0,0.94985986
,1341,2,2,1.0
,1341,3,1,0.8849373
,1342,0,2,1.0
,1342,1,1,0.52356774
,1342,2,0,0.9973202
,1342,3,1,0.88500255
,1343,0,0,0.9753544
,1343,1,0,0.92061114
,1343,2,3,1.0
,1343,3,1,0.88486797
,1344,0,0,0.87943274
,1344,1,2,1.0
,1344,2,0,0.9710751
,1344,3,1,0.88496006
,1345,0,3,1.0
,1345,1,0,0.95718807
,1345,2,0,0.878644
,1345,3,1,0.8848778
,1346,0,0,0.99681205
,1346,1,1,0.52123606
,1346,2,3,1.0
,1346,3,1,0.8848802
,1347,0,3,1.0
,1347,1,0,0.92080784
,1347,2,0,0.97068065
,1347,3,1,0.8848379
,1348,0,0,0.94001585
,1348,1,2,1.0
,1348,2,0,0.8784511
,1348,3,1,0.8849354
,1349,0,1,0.70980394
,1349,1,0,0.99921745
,1349,2,3,1.0
,1349,3,1,0.8848603
,1350,0,1,0.74886227
,1350,1,2,1.0
,1350,2,0,0.9968559
,1350,3,1,0.88485193
,1351,0,0,0.67245054
,1351,1,0,0.97518134
,1351,2,3,1.0
,1351,3,1,0.8840172
,1352,0,3,1.0
,1352,1,0,0.86530447
,1352,2,0,0.7824076
,1352,3,1,0.89498276
,1353,0,0,0.9990935
,1353,1,3,1.0
,1353,2,1,0.61007696
,1353,3,1,0.8861854
,1354,0,2,1.0
,1354,1,0,0.863976
,1354,2,0,0.7441523
,1354,3,1,0.894197
,1355,0,0,0.9963225
,1355,1,1,0.75265723
,1355,2,3,1.0
,1355,3,1,0.8859171
,1356,0,3,1.0
,1356,1,1,0.87390465
,1356,2,0,0.98426175
,1356,3,1,0.895421
,1357,0,0,0.9959412
,1357,1,1,0.8818333
,1357,2,3,1.0
,1357,3,1,0.8862847
,1358,0,3,1.0
,1358,1,1,0.8895409
,1358,2,0,0.9921342
,1358,3,1,0.8940885
,1359,0,0,0.99688506
,1359,1,1,0.862766
,1359,2,3,1.0
,1359,3,1,0.88666743
,1360,0,3,1.0
,1360,1,1,0.7476615
,1360,2,0,0.9968101
,1360,3,1,0.8850376
,1361,0,0,0.93814343
,1361,1,0,0.90186393
,1361,2,3,1.0
,1361,3,1,0.8840048
,1362,0,1,0.7641022
,1362,1,2,1.0
,1362,2,0,0.98453003
,1362,3,1,0.8956503
,1363,0,1,0.8633807
,1363,1,0,0.9992178
,1363,2,3,1.0
,1363,3,1,0.8870014
,1364,0,1,0.8779958
,1364,1,2,1.0
,1364,2,0,0.9968588
,1364,3,1,0.88537455
,1365,0,1,0.86541283
,1365,1,0,0.99921745
,1365,2,3,1.0
,1365,3,1,0.88491017
,1366,0,1,0.7778263
,1366,1,2,1.0
,1366,2,0,0.95043695
,1366,3,1,0.8848625
,1367,0,0,0.7227342
,1367,1,3,1.0
,1367,2,1,0.53158915
,1367,3,1,0.8879237
,1368,0,3,1.0
,1368,1,0,0.97096896
,1368,2,0,0.9198995
,1368,3,1,0.8854346
,1369,0,0,0.94018775
,1369,1,0,0.8784799
,1369,2,2,1.0
,1369,3,1,0.884914
,1370,0,1,0.706938
,1370,1,3,1.0
,1370,2,0,0.99921376
,1370,3,1,0.884131
,1371,0,1,0.75462455
,1371,1,0,0.9979479
,1371,2,2,1.0
,1371,3,1,0.8945922
,1372,0,0,0.7326724
,1372,1,2,1.0
,1372,2,0,0.9476335
,1372,3,1,0.88696843
,1373,0,3,1.0
,1373,1,0,0.9973179
,1373,2,1,0.73298776
,1373,3,1,0.8851379
,1374,0,0,0.9990683
,1374,1,3,1.0
,1374,2,1,0.8371452
,1374,3,1,0.8841928
,1375,0,2,1.0
,1375,1,0,0.99685556
,1375,2,1,0.77003366
,1375,3,1,0.8807613
,1376,0,0,0.94741863
,1376,1,3,1.0
,1376,2,0,0.7305195
,1376,3,1,0.8605937
,1377,0,1,0.7367274
,1377,1,0,0.99589837
,1377,2,3,1.0
,1377,3,1,0.7462134
,1378,0,1,0.86499757
,1378,1,3,1.0
,1378,2,0,0.9258268
,1378,3,0,0.8941859
,1379,0,1,0.8746257
,1379,1,0,0.8772806
,1379,2,0,0.855287
,1379,3,2,0.9999988
,1380,0,1,0.7800359
,1380,1,1,0.7460225
,1380,2,3,1.0
,1380,3,0,0.9973216
,1381,0,0,0.72847885
,1381,1,1,0.8396305
,1381,2,0,0.93999916
,1381,3,3,1.0
,1382,0,3,1.0
,1382,1,1,0.77050257
,1382,2,1,0.696901
,1382,3,0,0.99907035
,1383,0,0,0.93837184
,1383,1,0,0.7303049
,1383,2,1,0.7019348
,1383,3,2,1.0
,1384,0,1,0.7405015
,1384,1,3,1.0
,1384,2,0,0.90603065
,1384,3,0,0.9473151
,1385,0,1,0.85909903
,1385,1,0,0.9990832
,1385,2,2,1.0
,1385,3,1,0.73942775
,1386,0,1,0.877207
,1386,1,2,1.0
,1386,2,0,0.997319
,1386,3,1,0.8595542
,1387,0,1,0.8651877
,1387,1,0,0.99731827
,1387,2,3,1.0
,1387,3,1,0.8804304
,1388,0,1,0.7771154
,1388,1,3,1.0
,1388,2,0,0.99680793
,1388,3,1,0.884068
,1389,0,0,0.7292504
,1389,1,0,0.9691108
,1389,2,3,1.0
,1389,3,1,0.88456833
,1390,0,3,1.0
,1390,1,0,0.84903437
,1390,2,0,0.9752438
,1390,3,1,0.8840333
,1391,0,0,0.85548216
,1391,1,3,1.0
,1391,2,0,0.9573639
,1391,3,1,0.89237976
,1392,0,1,0.7459823
,1392,1,0,0.9935282
,1392,2,2,1.0
,1392,3,1,0.8966117
,1393,0,1,0.7464364
,1393,1,3,1.0
,1393,2,0,0.9992178
,1393,3,1,0.8871356
,1394,0,0,0.735075
,1394,1,0,0.94764555
,1394,2,2,1.0
,1394,3,1,0.8852459
,1395,0,3,1.0
,1395,1,1,0.56615955
,1395,2,0,0.9965753
,1395,3,1,0.88432086
,1396,0,0,0.8682196
,1396,1,0,0.75548613
,1396,2,3,1.0
,1396,3,1,0.89296114
,1397,0,1,0.5861456
,1397,1,3,1.0
,1397,2,0,0.99909276
,1397,3,1,0.88649094
,1398,0,0,0.76713127
,1398,1,0,0.9754575
,1398,2,2,1.0
,1398,3,1,0.8851549
,1399,0,3,1.0
,1399,1,0,0.9613408
,1399,2,0,0.9753554
,1399,3,1,0.8843541
,1400,0,0,0.97107613
,1400,1,2,1.0
,1400,2,0,0.8794335
,1400,3,1,0.8816765
,1401,0,0,0.8786398
,1401,1,0,0.9488817
,1401,2,3,1.0
,1401,3,1,0.86605173
,1402,0,3,1.0
,1402,1,1,0.7044695
,1402,2,0,0.99681336
,1402,3,1,0.7773608
,1403,0,0,0.9376107
,1403,1,1,0.73509985
,1403,2,3,1.0
,1403,3,0,0.72922033
,1404,0,1,0.74062115
,1404,1,0,0.73743623
,1404,2,0,0.9493408
,1404,3,3,1.0
,1405,0,1,0.8589781
,1405,1,3,1.0
,1405,2,1,0.52342314
,1405,3,0,0.9990702
,1406,0,1,0.87714005
,1406,1,0,0.97107035
,1406,2,0,0.92054385
,1406,3,2,1.0
,1407,0,1,0.8652983
,1407,1,0,0.87850726
,1407,2,2,1.0
,1407,3,0,0.9473204
,1408,0,1,0.7771874
,1408,1,3,1.0
,1408,2,0,0.99921757
,1408,3,1,0.7391498
,1409,0,0,0.72893685
,1409,1,0,0.9754395
,1409,2,2,1.0
,1409,3,1,0.85946226
,1410,0,3,1.0
,1410,1,0,0.9613386
,1410,2,0,0.9753554
,1410,3,1,0.8804111
,1411,0,0,0.9710781
,1411,1,2,1.0
,1411,2,0,0.8794327
,1411,3,1,0.88415706
,1412,0,0,0.87866735
,1412,1,0,0.95723766
,1412,2,3,1.0
,1412,3,1,0.8846022
,1413,0,3,1.0
,1413,1,1,0.5201237
,1413,2,0,0.9958924
,1413,3,1,0.8840524
,1414,0,0,0.9258756
,1414,1,0,0.91397864
,1414,2,3,1.0
,1414,3,1,0.89241254
,1415,0,0,0.8552029
,1415,1,2,1.0
,1415,2,0,0.8989535
,1415,3,1,0.8961534
,1416,0,3,1.0
,1416,1,0,0.99921423
,1416,2,1,0.536697
,1416,3,1,0.88638157
,1417,0,0,0.9442313
,1417,1,2,1.0
,1417,2,0,0.9120123
,1417,3,1,0.89458156
,1418,0,0,0.9568732
,1418,1,0,0.97909594
,1418,2,2,1.0
,1418,3,1,0.8869664
,1419,0,2,0.9800669
,1419,1,0,0.96159154
,1419,2,0,0.97908366
,1419,3,1,0.88533926
,1420,0,0,0.94742835
,1420,1,2,1.0
,1420,2,0,0.9615936
,1420,3,1,0.8850424
,1421,0,1,0.7333043
,1421,1,0,0.997319
,1421,2,2,1.0
,1421,3,1,0.88500637
,1422,0,1,0.8374005
,1422,1,3,1.0
,1422,2,0,0.9973178
,1422,3,1,0.88475966
,1423,0,1,0.7709392
,1423,1,0,0.999064
,1423,2,3,1.0
,1423,3,1,0.88410187
,1424,0,0,0.71018815
,1424,1,2,1.0
,1424,2,0,0.93001807
,1424,3,1,0.89400506
,1425,0,3,1.0
,1425,1,0,0.94800115
,1425,2,0,0.83069366
,1425,3,1,0.88574415
,1426,0,0,0.98003256
,1426,1,1,0.7562178
,1426,2,3,1.0
,1426,3,1,0.8948474
,1427,0,3,1.0
,1427,1,1,0.8557735
,1427,2,0,0.99413645
,1427,3,1,0.89391977
,1428,0,0,0.70360917
,1428,1,1,0.8079799
,1428,2,3,1.0
,1428,3,1,0.89700514
,1429,0,3,1.0
,1429,1,0,0.623548
,1429,2,0,0.75972706
,1429,3,1,0.8965451
,1430,0,0,0.7668414
,1430,1,3,1.0
,1430,2,1,0.7932251
,1430,3,1,0.89486635
,1431,0,3,1.0
,1431,1,0,0.99910194
,1431,2,1,0.86502105
,1431,3,1,0.86472386
,1432,0,0,0.9609896
,1432,1,2,1.0
,1432,2,1,0.8760736
,1432,3,1,0.76904035
,1433,0,3,1.0
,1433,1,0,0.9544886
,1433,2,1,0.7803647
,1433,3,0,0.9003547
,1434,0,0,0.9466337
,1434,1,1,0.58140844
,1434,2,0,0.7283039
,1434,3,2,1.0
,1435,0,1,0.5850717
,1435,1,0,0.7060419
,1435,2,3,1.0
,1435,3,0,0.94805336
,1436,0,0,0.6827248
,1436,1,3,1.0
,1436,2,0,0.7089835
,1436,3,1,0.7568858
,1437,0,3,1.0
,1437,1,0,0.75996965
,1437,2,0,0.7552691
,1437,3,1,0.8570861
,1438,0,0,0.9955033
,1438,1,1,0.7876681
,1438,2,3,1.0
,1438,3,1,0.79522514
,1439,0,2,1.0
,1439,1,1,0.86420465
,1439,2,0,0.8677614
,1439,3,0,0.7009242
,1440,0,0,0.9570662
,1440,1,1,0.7887059
,1440,2,0,0.8257675
,1440,3,3,1.0
,1441,0,1,0.54365283
,1441,1,0,0.64847857
,1441,2,3,1.0
,1441,3,0,0.85548913
,1442,0,0,0.9111493
,1442,1,3,1.0
,1442,2,0,0.9371508
,1442,3,1,0.73580134
,1443,0,2,1.0
,1443,1,0,0.9403788
,1443,2,0,0.87142754
,1443,3,1,0.7132563
,1444,0,0,0.9571812
,1444,1,1,0.740267
,1444,2,3,1.0
,1444,3,0,0.9051084
,1445,0,1,0.52166116
,1445,1,1,0.85945016
,1445,2,0,0.99685496
,1445,3,2,1.0
,1446,0,0,0.9204183
,1446,1,1,0.8791395
,1446,2,3,1.0
,1446,3,0,0.94769233
,1447,0,2,1.0
,1447,1,1,0.89109576
,1447,2,0,0.9929343
,1447,3,1,0.76039773
,1448,0,0,0.9973191
,1448,1,1,0.8698383
,1448,2,3,1.0
,1448,3,1,0.863308
,1449,0,3,1.0
,1449,1,1,0.7879999
,1449,2,0,0.9968101
,1449,3,1,0.88096815
,1450,0,0,0.9461196
,1450,1,0,0.6712035
,1450,2,3,1.0
,1450,3,1,0.88342667
,1451,0,1,0.6049916
,1451,1,3,1.0
,1451,2,0,0.9923301
,1451,3,1,0.8936843
,1452,0,0,0.7129926
,1452,1,0,0.939462
,1452,2,3,1.0
,1452,3,1,0.8857453
,1453,0,3,1.0
,1453,1,1,0.758074
,1453,2,0,0.9897095
,1453,3,1,0.8934762
,1454,0,0,0.9931122
,1454,1,1,0.8714709
,1454,2,3,1.0
,1454,3,1,0.8961926
,1455,0,3,1.0
,1455,1,1,0.86627954
,1455,2,0,0.9959373
,1455,3,1,0.88638604
,1456,0,0,0.9921187
,1456,1,1,0.8012473
,1456,2,3,1.0
,1456,3,1,0.8939553
,1457,0,3,1.0
,1457,1,0,0.67073554
,1457,2,0,0.9757392
,1457,3,1,0.8858327
,1458,0,0,0.9284313
,1458,1,3,1.0
,1458,2,0,0.9572605
,1458,3,1,0.89300394
,1459,0,0,0.85576797
,1459,1,0,0.88148975
,1459,2,2,1.0
,1459,3,1,0.8962362
,1460,0,3,1.0
,1460,1,1,0.70988643
,1460,2,0,0.9965026
,1460,3,1,0.88630265
,1461,0,0,0.9894172
,1461,1,1,0.7224172
,1461,2,3,1.0
,1461,3,1,0.89317894
,1462,0,3,1.0
,1462,1,0,0.89501894
,1462,2,0,0.9360668
,1462,3,1,0.89515793
,1463,0,0,0.9504806
,1463,1,2,1.0
,1463,2,0,0.85711074
,1463,3,1,0.89695615
,1464,0,0,0.95920175
,1464,1,0,0.95532024
,1464,2,3,1.0
,1464,3,1,0.88720375
,1465,0,2,1.0
,1465,1,1,0.56316984
,1465,2,0,0.99685854
,1465,3,1,0.88541436
,1466,0,0,0.9553037
,1466,1,0,0.7718404
,1466,2,3,1.0
,1466,3,1,0.88494414
,1467,0,1,0.5628024
,1467,1,3,1.0
,1467,2,0,0.996815
,1467,3,1,0.8848818
,1468,0,0,0.7720854
,1468,1,0,0.96912396
,1468,2,3,1.0
,1468,3,1,0.8847356
,1469,0,3,1.0
,1469,1,0,0.8492652
,1469,2,0,0.9705615
,1469,3,1,0.8841963
,1470,0,0,0.87060475
,1470,1,3,1.0
,1470,2,0,0.86728936
,1470,3,1,0.89310783
,1471,0,1,0.58549833
,1471,1,0,0.99909157
,1471,2,3,1.0
,1471,3,1,0.8865025
,1472,0,0,0.76726073
,1472,1,2,0.99990296
,1472,2,0,0.9711001
,1472,3,1,0.8851278
,1473,0,3,1.0
,1473,1,0,0.95718795
,1473,2,0,0.8786398
,1473,3,1,0.88419795
,1474,0,0,0.99681216
,1474,1,1,0.5212364
,1474,2,3,1.0
,1474,3,1,0.88066703
,1475,0,3,1.0
,1475,1,0,0.92080826
,1475,2,0,0.97067976
,1475,3,1,0.8607164
,1476,0,0,0.93842417
,1476,1,2,1.0
,1476,2,0,0.87846845
,1476,3,1,0.74719787
,1477,0,1,0.7394012
,1477,1,0,0.9476122
,1477,2,3,1.0
,1477,3,0,0.902006
,1478,0,1,0.8680702
,1478,1,1,0.75568104
,1478,2,0,0.99523443
,1478,3,2,1.0
,1479,0,1,0.87858003
,1479,1,1,0.8617614
,1479,2,3,1.0
,1479,3,0,0.99672675
,1480,0,1,0.8734838
,1480,1,1,0.88710064
,1480,2,0,0.9982694
,1480,3,3,1.0
,1481,0,1,0.7939705
,1481,1,1,0.89387536
,1481,2,2,1.0
,1481,3,0,0.99613094
,1482,0,0,0.7254646
,1482,1,1,0.88590294
,1482,2,0,0.9753668
,1482,3,3,1.0
,1483,0,3,1.0
,1483,1,1,0.8809586
,1483,2,0,0.87959725
,1483,3,0,0.970763
,1484,0,0,0.93768346
,1484,1,1,0.8607646
,1484,2,3,1.0
,1484,3,0,0.87859774
,1485,0,1,0.7408071
,1485,1,1,0.7470445
,1485,2,0,0.99681264
,1485,3,3,1.0
,1486,0,1,0.85945654
,1486,1,0,0.9023746
,1486,2,3,1.0
,1486,3,0,0.9706847
,1487,0,1,0.87977713
,1487,1,2,1.0
,1487,2,0,0.9754345
,1487,3,0,0.87849647
,1488,0,1,0.87984926
,1488,1,0,0.9473141
,1488,2,0,0.9613408
,1488,3,3,1.0
,1489,0,1,0.8607437
,1489,1,1,0.73942465
,1489,2,2,1.0
,1489,3,0,0.9990831
,1490,0,1,0.7472431
,1490,1,1,0.8595472
,1490,2,0,0.9973202
,1490,3,2,1.0
,1491,0,0,0.9023524
,1491,1,1,0.8804054
,1491,2,3,1.0
,1491,3,0,0.97535235
,1492,0,2,1.0
,1492,1,1,0.88414603
,1492,2,0,0.94767255
,1492,3,0,0.8793964
,1493,0,0,0.99921745
,1493,1,1,0.88462305
,1493,2,1,0.564826
,1493,3,3,1.0
,1494,0,2,1.0
,1494,1,1,0.88420737
,1494,2,0,0.7713592
,1494,3,0,0.94698596
,1495,0,0,0.99732065
,1495,1,1,0.8807713
,1495,2,3,1.0
,1495,3,1,0.5779275
,1496,0,3,1.0
,1496,1,1,0.8612876
,1496,2,0,0.9705173
,1496,3,0,0.724544
,1497,0,0,0.85344285
,1497,1,1,0.76248205
,1497,2,0,0.8674633
,1497,3,3,1.0
,1498,0,1,0.72682375
,1498,1,0,0.90094346
,1498,2,3,1.0
,1498,3,0,0.97132736
,1499,0,1,0.75318116
,1499,1,2,0.9999846
,1499,2,0,0.9475987
,1499,3,0,0.87864053
,1500,0,0,0.67106235
,1500,1,0,0.9480354
,1500,2,1,0.56643456
,1500,3,3,1.0
,1501,0,3,1.0
,1501,1,1,0.75442284
,1501,2,0,0.75120527
,1501,3,0,0.86117005
,1502,0,0,0.9398423
,1502,1,1,0.8366477
,1502,2,3,1.0
,1502,3,0,0.8114365
,1503,0,1,0.76470566
,1503,1,1,0.76140434
,1503,2,0,0.96125436
,1503,3,3,1.0
,1504,0,1,0.8640775
,1504,1,0,0.9009843
,1504,2,3,1.0
,1504,3,0,0.9758024
,1505,0,1,0.88132113
,1505,1,2,1.0
,1505,2,0,0.9710959
,1505,3,0,0.9613284
,1506,0,1,0.8843485
,1506,1,0,0.9473212
,1506,2,0,0.8785005
,1506,3,2,1.0
,1507,0,1,0.88477904
,1507,1,1,0.7391438
,1507,2,3,1.0
,1507,3,0,0.99921745
,1508,0,1,0.884959
,1508,1,1,0.85947853
,1508,2,0,0.99685615
,1508,3,2,1.0
,1509,0,1,0.8847256
,1509,1,1,0.88026154
,1509,2,3,1.0
,1509,3,0,0.99731815
,1510,0,1,0.88394094
,1510,1,1,0.8831693
,1510,2,0,0.99552184
,1510,3,3,1.0
,1511,0,1,0.8958259
,1511,1,1,0.89578605
,1511,2,3,1.0
,1511,3,0,0.9612577
,1512,0,1,0.8865251
,1512,1,1,0.88702947
,1512,2,0,0.99909896
,1512,3,3,1.0
,1513,0,1,0.88219416
,1513,1,1,0.8852383
,1513,2,2,1.0
,1513,3,0,0.996859
,1514,0,1,0.86661094
,1514,1,1,0.8840732
,1514,2,0,0.9992133
,1514,3,3,1.0
,1515,0,1,0.79599875
,1515,1,1,0.8956512
,1515,2,2,1.0
,1515,3,0,0.9954783
,1516,0,0,0.7243048
,1516,1,1,0.8872084
,1516,2,0,0.94736445
,1516,3,2,1.0
,1517,0,3,1.0
,1517,1,1,0.88529146
,1517,2,1,0.73900986
,1517,3,0,0.99731815
,1518,0,0,0.9968071
,1518,1,1,0.8848454
,1518,2,1,0.8586908
,1518,3,3,1.0
,1519,0,3,1.0
,1519,1,1,0.88429356
,1519,2,1,0.8770617
,1519,3,0,0.99614793
,1520,0,0,0.99203485
,1520,1,1,0.8904825
,1520,2,1,0.87455976
,1520,3,3,1.0
,1521,0,3,1.0
,1521,1,1,0.8925761
,1521,2,1,0.8027867
,1521,3,0,0.993691
,1522,0,0,0.89286137
,1522,1,1,0.8922095
,1522,2,0,0.64747494
,1522,3,3,1.0
,1523,0,1,0.768203
,1523,1,1,0.8960037
,1523,2,3,1.0
,1523,3,0,0.9930277
,1524,0,1,0.8600687
,1524,1,1,0.8870322
,1524,2,0,0.9990944
,1524,3,3,1.0
,1525,0,1,0.85663104
,1525,1,1,0.8852766
,1525,2,2,1.0
,1525,3,0,0.9968594
,1526,0,1,0.7450019
,1526,1,1,0.88429123
,1526,2,0,0.9965539
,1526,3,3,1.0
,1527,0,0,0.89477485
,1527,1,1,0.8931529
,1527,2,3,1.0
,1527,3,0,0.92598253
,1528,0,2,1.0
,1528,1,1,0.8866755
,1528,2,0,0.9719557
,1528,3,0,0.8692087
,1529,0,0,0.94732183
,1529,1,1,0.8851832
,1529,2,0,0.87877995
,1529,3,3,1.0
,1530,0,1,0.7389196
,1530,1,1,0.88493454
,1530,2,3,1.0
,1530,3,0,0.99906987
,1531,0,1,0.85863703
,1531,1,1,0.88501364
,1531,2,0,0.99685615
,1531,3,2,0.9999999
,1532,0,1,0.8760618
,1532,1,1,0.88489115
,1532,2,3,1.0
,1532,3,0,0.9973178
,1533,0,1,0.859829
,1533,1,1,0.88486725
,1533,2,0,0.9990682
,1533,3,3,1.0
,1534,0,1,0.7469976
,1534,1,1,0.8849842
,1534,2,2,1.0
,1534,3,0,0.9968552
,1535,0,0,0.9023656
,1535,1,1,0.8848
,1535,2,0,0.9552763
,1535,3,3,1.0
,1536,0,2,1.0
,1536,1,1,0.88471437
,1536,2,1,0.5638266
,1536,3,0,0.9410704
,1537,0,3,1.0
,1537,1,1,0.88724506
,1537,2,0,0.7659283
,1537,3,1,0.713175
,1538,0,0,0.99684405
,1538,1,1,0.8812666
,1538,2,3,1.0
,1538,3,1,0.7376043
,1539,0,3,1.0
,1539,1,1,0.8606333
,1539,2,0,0.9399109
,1539,3,0,0.7370182
,1540,0,0,0.9956697
,1540,1,1,0.7459754
,1540,2,1,0.6981087
,1540,3,3,1.0
,1541,0,3,1.0
,1541,1,0,0.8929002
,1541,2,1,0.7228792
,1541,3,0,0.75060016
,1542,0,0,0.9721423
,1542,1,2,1.0
,1542,2,0,0.90396786
,1542,3,1,0.7734029
,1543,0,0,0.8787077
,1543,1,0,0.9473228
,1543,2,2,1.0
,1543,3,1,0.86189234
,1544,0,3,1.0
,1544,1,1,0.7391208
,1544,2,0,0.99731827
,1544,3,1,0.8622277
,1545,0,0,0.9968085
,1545,1,1,0.8592003
,1545,2,3,1.0
,1545,3,1,0.7763701
,1546,0,3,1.0
,1546,1,1,0.87960327
,1546,2,0,0.94922924
,1546,3,0,0.72924876
,1547,0,0,0.9968161
,1547,1,1,0.87985003
,1547,2,1,0.52345896
,1547,3,3,1.0
,1548,0,3,1.0
,1548,1,1,0.86054057
,1548,2,0,0.92063016
,1548,3,0,0.93761563
,1549,0,0,0.9968559
,1549,1,1,0.7472014
,1549,2,2,1.0
,1549,3,1,0.7410789
,1550,0,3,1.0
,1550,1,0,0.9023231
,1550,2,0,0.9790783
,1550,3,1,0.8595448
,1551,0,0,0.9710692
,1551,1,2,0.99981487
,1551,2,0,0.96159863
,1551,3,1,0.879947
,1552,0,0,0.8783965
,1552,1,0,0.9753576
,1552,2,2,1.0
,1552,3,1,0.8808998
,1553,0,3,0.9999999
,1553,1,0,0.8794352
,1553,2,0,0.9473141
,1553,3,1,0.8659684
,1554,0,0,0.99681276
,1554,1,3,1.0
,1554,2,1,0.73916334
,1554,3,1,0.77737135
,1555,0,3,1.0
,1555,1,0,0.9376223
,1555,2,1,0.8593122
,1555,3,0,0.7290166
,1556,0,0,0.99681467
,1556,1,1,0.7408844
,1556,2,1,0.8804166
,1556,3,3,1.0
,1557,0,3,1.0
,1557,1,1,0.8596518
,1557,2,1,0.88408667
,1557,3,0,0.99906844
,1558,0,0,0.99685556
,1558,1,1,0.8805883
,1558,2,1,0.8848633
,1558,3,2,1.0
,1559,0,3,1.0
,1559,1,1,0.88410956
,1559,2,1,0.88486123
,1559,3,0,0.99921745
,1560,0,0,0.9968558
,1560,1,1,0.8848515
,1560,2,1,0.8850002
,1560,3,2,1.0
,1561,0,3,1.0
,1561,1,1,0.8847668
,1561,2,1,0.88489074
,1561,3,0,0.997318
,1562,0,0,0.9968066
,1562,1,1,0.88429284
,1562,2,1,0.8848741
,1562,3,3,1.0
,1563,0,3,1.0
,1563,1,1,0.8815742
,1563,2,1,0.8848711
,1563,3,0,0.9968066
,1564,0,0,0.9968065
,1564,1,1,0.86604697
,1564,2,1,0.88486946
,1564,3,3,1.0
,1565,0,3,1.0
,1565,1,1,0.77738035
,1565,2,1,0.88486546
,1565,3,0,0.99906796
,1566,0,0,0.94767934
,1566,1,0,0.72884256
,1566,2,1,0.8849494
,1566,3,2,1.0
,1567,0,1,0.5647905
,1567,1,3,1.0
,1567,2,1,0.88490045
,1567,3,0,0.99732006
,1568,0,0,0.77168673
,1568,1,0,0.97510266
,1568,2,1,0.88485
,1568,3,3,1.0
,1569,0,3,1.0
,1569,1,0,0.9613174
,1569,2,1,0.88484013
,1569,3,0,0.94710046
,1570,0,0,0.9990824
,1570,1,2,1.0
,1570,2,1,0.88499075
,1570,3,1,0.56532514
,1571,0,2,1.0
,1571,1,0,0.9473203
,1571,2,1,0.8849939
,1571,3,0,0.77119434
,1572,0,0,0.99731815
,1572,1,1,0.7391795
,1572,2,1,0.8849099
,1572,3,3,1.0
,1573,0,3,1.0
,1573,1,1,0.85935855
,1573,2,1,0.8848781
,1573,3,0,0.99680686
,1574,0,0,0.9968066
,1574,1,1,0.8804028
,1574,2,1,0.88487154
,1574,3,3,1.0
,1575,0,3,1.0
,1575,1,1,0.88408655
,1575,2,1,0.8848686
,1575,3,0,0.99680626
,1576,0,0,0.9990683
,1576,1,1,0.88472843
,1576,2,1,0.8848625
,1576,3,3,1.0
,1577,0,2,1.0
,1577,1,1,0.88497514
,1577,2,1,0.88498145
,1577,3,0,0.99685556
,1578,0,0,0.99921745
,1578,1,1,0.88487893
,1578,2,1,0.8847823
,1578,3,3,1.0
,1579,0,2,1.0
,1579,1,1,0.885001
,1579,2,1,0.8844257
,1579,3,0,0.99908286
,1580,0,0,0.997319
,1580,1,1,0.8850205
,1580,2,1,0.88172823
,1580,3,2,1.0
,1581,0,3,1.0
,1581,1,1,0.8848929
,1581,2,1,0.8660737
,1581,3,0,0.997318
,1582,0,0,0.99906796
,1582,1,1,0.8848692
,1582,2,1,0.7773859
,1582,3,3,1.0
,1583,0,2,1.0
,1583,1,1,0.8849502
,1583,2,0,0.7288469
,1583,3,0,0.9498706
,1584,0,0,0.9973208
,1584,1,1,0.8848957
,1584,2,3,1.0
,1584,3,1,0.52327347
,1585,0,3,1.0
,1585,1,1,0.88481605
,1585,2,0,0.9470038
,1585,3,0,0.92064387
,1586,0,0,0.9968553
,1586,1,1,0.88489056
,1586,2,1,0.56528205
,1586,3,2,1.0
,1587,0,3,1.0
,1587,1,1,0.8842971
,1587,2,0,0.7715374
,1587,3,0,0.9753567
,1588,0,0,0.97514975
,1588,1,1,0.8815671
,1588,2,3,1.0
,1588,3,0,0.87957335
,1589,0,0,0.96132094
,1589,1,1,0.8660287
,1589,2,0,0.97512895
,1589,3,3,1.0
,1590,0,2,0.9999857
,1590,1,1,0.7774841
,1590,2,0,0.961283
,1590,3,0,0.93835884
,1591,0,0,0.9790822
,1591,1,0,0.72885567
,1591,2,2,1.0
,1591,3,1,0.74091786
,1592,0,0,0.9616361
,1592,1,3,1.0
,1592,2,0,0.97535306
,1592,3,1,0.8596136
,1593,0,2,1.0
,1593,1,0,0.94065326
,1593,2,0,0.8793951
,1593,3,1,0.8803102
,1594,0,0,0.9964894
,1594,1,1,0.6978233
,1594,2,3,1.0
,1594,3,1,0.88286394
,1595,0,3,1.0
,1595,1,1,0.72033936
,1595,2,0,0.9977095
,1595,3,1,0.89054394
,1596,0,0,0.97200316
,1596,1,0,0.9042136
,1596,2,2,1.0
,1596,3,1,0.86821145
,1597,0,0,0.8787363
,1597,1,2,1.0
,1597,2,0,0.9475953
,1597,3,1,0.77809674
,1598,0,3,1.0
,1598,1,0,0.97907037
,1598,2,1,0.73304945
,1598,3,0,0.728975
,1599,0,0,0.97528553
,1599,1,0,0.96147245
,1599,2,1,0.8375802
,1599,3,3,1.0
,1600,0,0,0.9571721
,1600,1,2,1.0
,1600,2,1,0.78587204
,1600,3,0,0.8811317
,1601,0,2,1.0
,1601,1,0,0.94742733
,1601,2,0,0.7265954
,1601,3,1,0.59597117
,1602,0,0,0.9735474
,1602,1,1,0.7374109
,1602,2,3,1.0
,1602,3,0,0.7197544
,1603,0,0,0.83025044
,1603,1,1,0.8675882
,1603,2,0,0.85263854
,1603,3,3,1.0
,1604,0,3,1.0
,1604,1,1,0.88783675
,1604,2,1,0.7748233
,1604,3,0,0.99072707
,1605,0,0,0.9980323
,1605,1,1,0.87406313
,1605,2,1,0.8773359
,1605,3,3,1.0
,1606,0,2,1.0
,1606,1,1,0.75157493
,1606,2,1,0.8840209
,1606,3,0,0.99698615
,1607,0,0,0.9552993
,1607,1,0,0.9019893
,1607,2,1,0.88457435
,1607,3,3,1.0
,1608,0,1,0.56318474
,1608,1,2,1.0
,1608,2,1,0.8842281
,1608,3,0,0.9990824
,1609,0,0,0.7716256
,1609,1,0,0.9473203
,1609,2,1,0.8807666
,1609,3,2,1.0
,1610,0,3,1.0
,1610,1,1,0.739176
,1610,2,1,0.86077356
,1610,3,0,0.99731815
,1611,0,0,0.99906796
,1611,1,1,0.85934967
,1611,2,1,0.74702066
,1611,3,3,1.0
,1612,0,2,1.0
,1612,1,1,0.8804726
,1612,2,0,0.9022836
,1612,3,0,0.94766015
,1613,0,0,0.9992177
,1613,1,1,0.88421977
,1613,2,2,1.0
,1613,3,1,0.5651607
,1614,0,2,1.0
,1614,1,1,0.88485855
,1614,2,0,0.9473204
,1614,3,0,0.7712272
,1615,0,0,0.9973178
,1615,1,1,0.88488454
,1615,2,1,0.73917603
,1615,3,3,1.0
,1616,0,3,1.0
,1616,1,1,0.8848688
,1616,2,1,0.85935193
,1616,3,0,0.99906844
,1617,0,0,0.9968558
,1617,1,1,0.88499993
,1617,2,1,0.8805333
,1617,3,2,1.0
,1618,0,3,1.0
,1618,1,1,0.8848806
,1618,2,1,0.88408226
,1618,3,0,0.99731755
,1619,0,0,0.99678904
,1619,1,1,0.8848218
,1619,2,1,0.88459057
,1619,3,3,1.0
,1620,0,3,0.99976325
,1620,1,1,0.8848414
,1620,2,1,0.88427913
,1620,3,0,0.9758377
,1621,0,3,1.0
,1621,1,1,0.8878159
,1621,2,1,0.8847359
,1621,3,0,0.96005535
,1622,0,0,0.9968954
,1622,1,1,0.8848451
,1622,2,1,0.8669315
,1622,3,2,1.0
,1623,0,3,1.0
,1623,1,1,0.88039464
,1623,2,1,0.7776037
,1623,3,0,0.9992029
,1624,0,0,0.9507252
,1624,1,1,0.8586494
,1624,2,0,0.7288304
,1624,3,2,0.99237967
,1625,0,1,0.5068911
,1625,1,1,0.73448294
,1625,2,3,1.0
,1625,3,0,0.98035175
,1626,0,0,1.0
,1626,1,0,1.0
,1626,2,0,1.0
,1626,3,2,0.52097213
,1627,0,1,0.7220943
,1627,1,1,0.7302103
,1627,2,3,1.0
,1627,3,0,0.99709684
,1628,0,1,0.82908744
,1628,1,1,0.85778606
,1628,2,0,0.9990687
,1628,3,3,1.0
,1629,0,1,0.73851484
,1629,1,1,0.8802583
,1629,2,2,1.0
,1629,3,0,0.99685544
,1630,0,0,0.9030643
,1630,1,1,0.88403547
,1630,2,0,0.9790783
,1630,3,3,1.0
,1631,0,2,1.0
,1631,1,1,0.8848053
,1631,2,0,0.9615991
,1631,3,0,0.97107106
,1632,0,0,0.94733024
,1632,1,1,0.8849539
,1632,2,2,1.0
,1632,3,0,0.8784958
,1633,0,1,0.73894304
,1633,1,1,0.8848618
,1633,2,0,0.99921757
,1633,3,3,1.0
,1634,0,1,0.8587598
,1634,1,1,0.8848416
,1634,2,2,1.0
,1634,3,0,0.9968559
,1635,0,1,0.87668633
,1635,1,1,0.88395345
,1635,2,0,0.99921304
,1635,3,3,1.0
,1636,0,1,0.8799671
,1636,1,1,0.89606977
,1636,2,2,1.0
,1636,3,0,0.98352456
,1637,0,1,0.7928315
,1637,1,1,0.88719517
,1637,2,0,0.9973216
,1637,3,2,0.8242434
,1638,0,0,0.6617589
,1638,1,1,0.884451
,1638,2,3,1.0
,1638,3,0,0.974377
,1639,0,3,1.0
,1639,1,1,0.8952031
,1639,2,0,0.86983544
,1639,3,0,0.8653149
,1640,0,0,0.93929327
,1640,1,1,0.8867315
,1640,2,0,0.8581032
,1640,3,3,1.0
,1641,0,1,0.73899746
,1641,1,1,0.8843914
,1641,2,3,1.0
,1641,3,0,0.9956282
,1642,0,1,0.87196547
,1642,1,1,0.89528614
,1642,2,0,0.9954003
,1642,3,3,1.0
,1643,0,1,0.88312805
,1643,1,1,0.88719547
,1643,2,2,1.0
,1643,3,0,0.9969926
,1644,0,1,0.8845637
,1644,1,1,0.88527596
,1644,2,0,0.99921757
,1644,3,3,1.0
,1645,0,1,0.8849443
,1645,1,1,0.88506895
,1645,2,2,1.0
,1645,3,0,0.9968755
,1646,0,1,0.88500595
,1646,1,1,0.8850277
,1646,2,0,0.99921757
,1646,3,3,0.9867923
,1647,0,1,0.8850166
,1647,1,1,0.8850204
,1647,2,2,1.0
,1647,3,0,0.9968602
,1648,0,1,0.8848692
,1648,1,1,0.8848699
,1648,2,0,0.99921757
,1648,3,3,1.0
,1649,0,1,0.8848959
,1649,1,1,0.88489604
,1649,2,2,1.0
,1649,3,0,0.99685425
,1650,0,1,0.88429105
,1650,1,1,0.88429105
,1650,2,0,0.9992145
,1650,3,3,1.0
,1651,0,1,0.89239544
,1651,1,1,0.89239544
,1651,2,2,1.0
,1651,3,0,0.99520373
,1652,0,1,0.8856689
,1652,1,1,0.8856689
,1652,2,0,0.9964845
,1652,3,3,1.0
,1653,0,1,0.8940268
,1653,1,1,0.8940268
,1653,2,3,1.0
,1653,3,0,0.9977254
,1654,0,1,0.8869004
,1654,1,1,0.88690054
,1654,2,0,0.99697334
,1654,3,2,1.0
,1655,0,1,0.8850969
,1655,1,1,0.8850969
,1655,2,3,1.0
,1655,3,0,0.9973172
,1656,0,1,0.88415897
,1656,1,1,0.8841594
,1656,2,0,0.9990646
,1656,3,3,1.0
,1657,0,1,0.8945836
,1657,1,1,0.89458615
,1657,2,2,1.0
,1657,3,0,0.99292076
,1658,0,1,0.8867717
,1658,1,1,0.886787
,1658,2,0,0.9992178
,1658,3,3,1.0
,1659,0,1,0.8852546
,1659,1,1,0.8853431
,1659,2,2,1.0
,1659,3,0,0.9968584
,1660,0,1,0.8844374
,1660,1,1,0.88494414
,1660,2,0,0.99921757
,1660,3,3,1.0
,1661,0,1,0.88211215
,1661,1,1,0.88500756
,1661,2,2,1.0
,1661,3,0,0.99685556
,1662,0,1,0.8683059
,1662,1,1,0.88485444
,1662,2,0,0.99921757
,1662,3,3,1.0
,1663,0,1,0.79029953
,1663,1,1,0.88481367
,1663,2,2,1.0
,1663,3,0,0.99685544
,1664,0,0,0.656361
,1664,1,1,0.88380355
,1664,2,0,0.97919804
,1664,3,3,1.0
,1665,0,3,1.0
,1665,1,1,0.89517707
,1665,2,0,0.9562648
,1665,3,0,0.7244596
,1666,0,0,0.8911789
,1666,1,1,0.8976559
,1666,2,2,1.0
,1666,3,0,0.81094044
,1667,0,0,0.95411134
,1667,1,1,0.8865025
,1667,2,0,0.9751933
,1667,3,3,1.0
,1668,0,2,1.0
,1668,1,1,0.89575714
,1668,2,0,0.86483735
,1668,3,0,0.8634951
,1669,0,0,0.94782466
,1669,1,1,0.8860474
,1669,2,3,1.0
,1669,3,0,0.81484455
,1670,0,1,0.7603787
,1670,1,1,0.8948224
,1670,2,0,0.9953937
,1670,3,3,1.0
,1671,0,1,0.8767712
,1671,1,1,0.89811105
,1671,2,2,1.0
,1671,3,0,0.89980763
,1672,0,1,0.88372475
,1672,1,1,0.88745356
,1672,2,0,0.9992178
,1672,3,3,1.0
,1673,0,1,0.88464826
,1673,1,1,0.8853017
,1673,2,2,0.9999862
,1673,3,0,0.9968595
,1674,0,1,0.8838972
,1674,1,1,0.8840148
,1674,2,0,0.99921304
,1674,3,3,1.0
,1675,0,1,0.895942
,1675,1,1,0.8959751
,1675,2,2,1.0
,1675,3,0,0.9609395
,1676,0,1,0.886079
,1676,1,1,0.8861727
,1676,2,0,0.9992135
,1676,3,3,1.0
,1677,0,1,0.89615166
,1677,1,1,0.8966755
,1677,2,2,1.0
,1677,3,0,0.900652
,1678,0,1,0.8839936
,1678,1,1,0.88722837
,1678,2,0,0.99731874
,1678,3,3,1.0
,1679,0,1,0.8665309
,1679,1,1,0.8852806
,1679,2,3,1.0
,1679,3,0,0.99906904
,1680,0,1,0.7776887
,1680,1,1,0.8850413
,1680,2,0,0.9968557
,1680,3,2,1.0
,1681,0,0,0.7290897
,1681,1,1,0.88471514
,1681,2,3,1.0
,1681,3,0,0.97367674
,1682,0,3,1.0
,1682,1,1,0.8838789
,1682,2,0,0.9752826
,1682,3,0,0.84251636
,1683,0,0,0.753069
,1683,1,1,0.894129
,1683,2,0,0.9564173
,1683,3,3,1.0
,1684,0,1,0.79498476
,1684,1,1,0.89783806
,1684,2,2,1.0
,1684,3,0,0.8998478
,1685,0,1,0.8683022
,1685,1,1,0.8863932
,1685,2,0,0.9962061
,1685,3,3,1.0
,1686,0,1,0.8928712
,1686,1,1,0.8957651
,1686,2,3,1.0
,1686,3,0,0.9694202
,1687,0,1,0.8973293
,1687,1,1,0.89779073
,1687,2,0,0.9848014
,1687,3,2,1.0
,1688,0,1,0.8862646
,1688,1,1,0.88634765
,1688,2,3,1.0
,1688,3,0,0.996239
,1689,0,1,0.8953174
,1689,1,1,0.89534175
,1689,2,0,0.9463506
,1689,3,3,1.0
,1690,0,1,0.8970224
,1690,1,1,0.8970939
,1690,2,3,1.0
,1690,3,0,0.94623
,1691,0,1,0.89658976
,1691,1,1,0.8970223
,1691,2,0,0.9784818
,1691,3,3,1.0
,1692,0,1,0.89493155
,1692,1,1,0.8976232
,1692,2,3,1.0
,1692,3,0,0.86457497
,1693,0,1,0.88168323
,1693,1,1,0.8985037
,1693,2,0,0.9690043
,1693,3,3,1.0
,1694,0,1,0.78238595
,1694,1,1,0.88776696
,1694,2,2,0.99997234
,1694,3,0,0.99912715
,1695,0,0,0.7277509
,1695,1,1,0.88532597
,1695,2,0,0.9552221
,1695,3,2,1.0
,1696,0,3,1.0
,1696,1,1,0.8840105
,1696,2,1,0.564852
,1696,3,0,0.99921304
,1697,0,1,0.6951539
,1697,1,1,0.8962595
,1697,2,0,0.7485951
,1697,3,2,1.0
,1698,0,1,0.8508277
,1698,1,1,0.8862563
,1698,2,3,1.0
,1698,3,0,0.9992135
,1699,0,1,0.8906047
,1699,1,1,0.8966672
,1699,2,0,0.90064806
,1699,3,2,1.0
,1700,0,1,0.8834375
,1700,1,1,0.8870926
,1700,2,3,1.0
,1700,3,0,0.99731827
,1701,0,1,0.86891407
,1701,1,1,0.884488
,1701,2,0,0.99906534
,1701,3,3,1.0
,1702,0,1,0.8064317
,1702,1,1,0.89444786
,1702,2,2,1.0
,1702,3,0,0.9929119
,1703,0,0,0.6502533
,1703,1,1,0.8856592
,1703,2,0,0.9542317
,1703,3,3,1.0
,1704,0,3,1.0
,1704,1,1,0.8955658
,1704,2,1,0.6165022
,1704,3,0,0.86559665
,1705,0,1,0.6938453
,1705,1,1,0.89729065
,1705,2,0,0.67026466
,1705,3,3,1.0
,1706,0,1,0.86502755
,1706,1,1,0.8975515
,1706,2,3,1.0
,1706,3,0,0.8643497
,1707,0,1,0.8924978
,1707,1,1,0.89769393
,1707,2,0,0.9688299
,1707,3,3,1.0
,1708,0,1,0.8977486
,1708,1,1,0.89857537
,1708,2,2,1.0
,1708,3,0,0.89974064
,1709,0,1,0.8873791
,1709,1,1,0.88753664
,1709,2,0,0.9973192
,1709,3,3,1.0
,1710,0,1,0.8850758
,1710,1,1,0.8851793
,1710,2,3,1.0
,1710,3,0,0.996809
,1711,0,1,0.8835306
,1711,1,1,0.8839831
,1711,2,0,0.9990627
,1711,3,3,1.0
,1712,0,1,0.89383966
,1712,1,1,0.89639646
,1712,2,2,1.0
,1712,3,0,0.80783874
,1713,0,1,0.8714624
,1713,1,1,0.8872348
,1713,2,0,0.9973204
,1713,3,2,1.0
,1714,0,1,0.79269135
,1714,1,1,0.8842266
,1714,2,3,1.0
,1714,3,0,0.99622834
,1715,0,0,0.6284092
,1715,1,1,0.89507633
,1715,2,0,0.5830304
,1715,3,3,1.0
,1716,0,3,1.0
,1716,1,1,0.89708245
,1716,2,1,0.7030166
,1716,3,0,0.9463391
,1717,0,0,0.8632975
,1717,1,1,0.8969614
,1717,2,0,0.6541867
,1717,3,3,1.0
,1718,0,0,0.79349136
,1718,1,1,0.8969568
,1718,2,3,1.0
,1718,3,0,0.7866458
,1719,0,3,1.0
,1719,1,1,0.8971606
,1719,2,0,0.99550116
,1719,3,1,0.63751584
,1720,0,0,0.75888383
,1720,1,1,0.8979616
,1720,2,2,1.0
,1720,3,0,0.7340903
,1721,0,1,0.771448
,1721,1,1,0.88675636
,1721,2,0,0.99649024
,1721,3,3,1.0
,1722,0,1,0.8751583
,1722,1,1,0.894032
,1722,2,3,1.0
,1722,3,0,0.9921399
,1723,0,1,0.8818778
,1723,1,1,0.88581496
,1723,2,0,0.9990873
,1723,3,3,1.0
,1724,0,1,0.8916317
,1724,1,1,0.895777
,1724,2,2,1.0
,1724,3,0,0.9845342
,1725,0,1,0.8637527
,1725,1,1,0.8860079
,1725,2,0,0.9962396
,1725,3,3,1.0
,1726,0,1,0.76735544
,1726,1,1,0.89542884
,1726,2,3,1.0
,1726,3,0,0.94633776
,1727,0,0,0.889618
,1727,1,1,0.8980429
,1727,2,0,0.7563453
,1727,3,3,1.0
,1728,0,2,1.0
,1728,1,1,0.88759506
,1728,2,0,0.94319594
,1728,3,0,0.9722801
,1729,0,0,0.94739944
,1729,1,1,0.8853052
,1729,2,2,1.0
,1729,3,0,0.8787178
,1730,0,1,0.7374465
,1730,1,1,0.88407403
,1730,2,0,0.9992133
,1730,3,3,1.0
,1731,0,1,0.8720634
,1731,1,1,0.89550257
,1731,2,2,1.0
,1731,3,0,0.98452556
,1732,0,1,0.88201207
,1732,1,1,0.8860359
,1732,2,0,0.99921376
,1732,3,3,1.0
,1733,0,1,0.8953143
,1733,1,1,0.89540696
,1733,2,2,1.0
,1733,3,0,0.9954817
,1734,0,1,0.88705176
,1734,1,1,0.88368493
,1734,2,0,0.99731994
,1734,3,2,1.0
,1735,0,1,0.8844008
,1735,1,1,0.8642274
,1735,2,3,1.0
,1735,3,0,0.9992133
,1736,0,1,0.8957014
,1736,1,1,0.7802229
,1736,2,0,0.9954779
,1736,3,2,1.0
,1737,0,1,0.8872086
,1737,1,0,0.8217103
,1737,2,2,1.0
,1737,3,0,0.94892865
,1738,0,1,0.8854058
,1738,1,2,0.55496716
,1738,2,0,0.997319
,1738,3,1,0.70473266
,1739,0,1,0.8849555
,1739,1,0,0.99915075
,1739,2,3,1.0
,1739,3,1,0.7352208
,1740,0,1,0.88497597
,1740,1,2,1.0
,1740,2,0,0.9754373
,1740,3,0,0.73732686
,1741,0,1,0.88487977
,1741,1,0,0.9473145
,1741,2,0,0.96133757
,1741,3,3,1.0
,1742,0,1,0.88499993
,1742,1,1,0.7394176
,1742,2,2,1.0
,1742,3,0,0.9968565
,1743,0,1,0.88485813
,1743,1,1,0.8593588
,1743,2,0,0.99921757
,1743,3,3,1.0
,1744,0,1,0.8848441
,1744,1,1,0.880379
,1744,2,2,1.0
,1744,3,0,0.99685544
,1745,0,1,0.88398015
,1745,1,1,0.88319373
,1745,2,0,0.9992133
,1745,3,3,1.0
,1746,0,1,0.89548725
,1746,1,1,0.89536136
,1746,2,2,1.0
,1746,3,0,0.9845293
,1747,0,1,0.88602823
,1747,1,1,0.8860061
,1747,2,0,0.99632394
,1747,3,3,1.0
,1748,0,1,0.8947457
,1748,1,1,0.8947421
,1748,2,3,1.0
,1748,3,0,0.97826046
,1749,0,1,0.89753383
,1749,1,1,0.8975333
,1749,2,0,0.9846326
,1749,3,3,1.0
,1750,0,1,0.8873479
,1750,1,1,0.88734776
,1750,2,3,1.0
,1750,3,0,0.99690455
,1751,0,1,0.8853043
,1751,1,1,0.8853043
,1751,2,0,0.9990689
,1751,3,3,1.0
,1752,0,1,0.8850757
,1752,1,1,0.8850757
,1752,2,2,1.0
,1752,3,0,0.999083
,1753,0,1,0.88503367
,1753,1,1,0.88503367
,1753,2,0,0.997319
,1753,3,2,1.0
,1754,0,1,0.8848956
,1754,1,1,0.8848956
,1754,2,3,1.0
,1754,3,0,0.9753538
,1755,0,1,0.88487965
,1755,1,1,0.88487965
,1755,2,2,1.0
,1755,3,0,0.87947625
,1756,0,1,0.88487124
,1756,1,1,0.88487124
,1756,2,0,0.99921757
,1756,3,3,1.0
,1757,0,1,0.8849994
,1757,1,1,0.8849994
,1757,2,2,1.0
,1757,3,0,0.99684924
,1758,0,1,0.88497865
,1758,1,1,0.88497865
,1758,2,0,0.9973185
,1758,3,3,0.9998418
,1759,0,1,0.8848522
,1759,1,1,0.8848522
,1759,2,3,1.0
,1759,3,0,0.9990681
,1760,0,1,0.88482875
,1760,1,1,0.88482875
,1760,2,0,0.9968557
,1760,3,2,1.0
,1761,0,1,0.8838896
,1761,1,1,0.8838896
,1761,2,3,1.0
,1761,3,0,0.9963187
,1762,0,1,0.89438605
,1762,1,1,0.89438605
,1762,2,0,0.99537635
,1762,3,3,1.0
,1763,0,1,0.8975473
,1763,1,1,0.8975473
,1763,2,2,1.0
,1763,3,0,0.98477626
,1764,0,1,0.8863993
,1764,1,1,0.8863993
,1764,2,0,0.9992133
,1764,3,3,1.0
,1765,0,1,0.89668405
,1765,1,1,0.89668405
,1765,2,2,1.0
,1765,3,0,0.54645395
,1766,0,1,0.88640326
,1766,1,1,0.88640326
,1766,2,0,0.9992135
,1766,3,3,1.0
,1767,0,1,0.8967743
,1767,1,1,0.8967744
,1767,2,2,1.0
,1767,3,0,0.7675253
,1768,0,1,0.8871042
,1768,1,1,0.8871042
,1768,2,0,0.9973192
,1768,3,3,1.0
,1769,0,1,0.88419247
,1769,1,1,0.88419247
,1769,2,3,1.0
,1769,3,0,0.9954646
,1770,0,1,0.89552504
,1770,1,1,0.89552504
,1770,2,0,0.92035514
,1770,3,3,1.0
,1771,0,1,0.8981238
,1771,1,1,0.8981238
,1771,2,2,1.0
,1771,3,0,0.7665798
,1772,0,1,0.8865866
,1772,1,1,0.8865866
,1772,2,0,0.9992135
,1772,3,3,1.0
,1773,0,1,0.89669067
,1773,1,1,0.89669067
,1773,2,2,1.0
,1773,3,0,0.7674695
,1774,0,1,0.8864082
,1774,1,1,0.8864082
,1774,2,0,0.99921376
,1774,3,3,1.0
,1775,0,1,0.89586616
,1775,1,1,0.89586616
,1775,2,2,1.0
,1775,3,0,0.984536
,1776,0,1,0.8859616
,1776,1,1,0.8859616
,1776,2,0,0.99618214
,1776,3,3,1.0
,1777,0,1,0.8957798
,1777,1,1,0.8957798
,1777,2,3,1.0
,1777,3,0,0.703905
,1778,0,1,0.89691424
,1778,1,1,0.89691424
,1778,2,0,0.97889507
,1778,3,3,1.0
,1779,0,1,0.8969622
,1779,1,1,0.89696234
,1779,2,3,1.0
,1779,3,0,0.9784728
,1780,0,1,0.8975717
,1780,1,1,0.8975717
,1780,2,0,0.96889293
,1780,3,3,1.0
,1781,0,1,0.8983325
,1781,1,1,0.8983325
,1781,2,2,1.0
,1781,3,0,0.9605981
,1782,0,1,0.88665813
,1782,1,1,0.88665813
,1782,2,0,0.99921376
,1782,3,3,1.0
,1783,0,1,0.8959711
,1783,1,1,0.8959711
,1783,2,2,1.0
,1783,3,0,0.8718686
,1784,0,1,0.8872028
,1784,1,1,0.8872028
,1784,2,2,1.0
,1784,3,0,0.85803246
,1785,0,1,0.88434905
,1785,1,1,0.88434905
,1785,2,0,0.99921304
,1785,3,3,1.0
,1786,0,1,0.8962116
,1786,1,1,0.8962117
,1786,2,2,1.0
,1786,3,0,0.90066886
,1787,0,1,0.8860845
,1787,1,1,0.88608474
,1787,2,0,0.9961994
,1787,3,3,1.0
,1788,0,1,0.8956762
,1788,1,1,0.8956774
,1788,2,3,1.0
,1788,3,0,0.86772734
,1789,0,1,0.8969684
,1789,1,1,0.89697593
,1789,2,0,0.9955081
,1789,3,3,1.0
,1790,0,1,0.8979228
,1790,1,1,0.89796907
,1790,2,2,1.0
,1790,3,0,0.9847948
,1791,0,1,0.886066
,1791,1,1,0.886355
,1791,2,0,0.99632394
,1791,3,3,1.0
,1792,0,1,0.89242965
,1792,1,1,0.8941047
,1792,2,3,1.0
,1792,3,0,0.9782559
,1793,0,1,0.8829237
,1793,1,1,0.8931818
,1793,2,0,0.99548596
,1793,3,3,1.0
,1794,0,1,0.8128862
,1794,1,1,0.8765666
,1794,2,2,1.0
,1794,3,0,0.899883
,1795,0,0,0.6479728
,1795,1,1,0.7506936
,1795,2,0,0.95515037
,1795,3,3,1.0
,1796,0,3,1.0
,1796,1,0,0.89096624
,1796,2,1,0.59580004
,1796,3,1,0.65698487
,1797,0,0,0.9407907
,1797,1,2,1.0
,1797,2,0,0.76456654
,1797,3,1,0.7236126
,1798,0,1,0.74030095
,1798,1,0,0.94731134
,1798,2,3,1.0
,1798,3,0,0.739676
,1799,0,1,0.8595805
,1799,1,1,0.73919016
,1799,2,0,0.996815
,1799,3,3,1.0
,1800,0,1,0.8804363
,1800,1,1,0.85935366
,1800,2,3,1.0
,1800,3,0,0.99906844
,1801,0,1,0.88422304
,1801,1,1,0.8805356
,1801,2,0,0.999083
,1801,3,2,1.0
,1802,0,1,0.88487923
,1802,1,1,0.884238
,1802,2,2,1.0
,1802,3,0,0.99731874
,1803,0,1,0.8848415
,1803,1,1,0.8847512
,1803,2,0,0.99921757
,1803,3,3,1.0
,1804,0,1,0.88486975
,1804,1,1,0.88497937
,1804,2,2,1.0
,1804,3,0,0.99685556
,1805,0,1,0.8841455
,1805,1,1,0.8848815
,1805,2,0,0.99921757
,1805,3,3,1.0
,1806,0,1,0.88078105
,1806,1,1,0.88500375
,1806,2,2,1.0
,1806,3,0,0.9968558
,1807,0,1,0.8607545
,1807,1,1,0.8848913
,1807,2,0,0.99731827
,1807,3,3,1.0
,1808,0,1,0.74701905
,1808,1,1,0.884871
,1808,2,3,1.0
,1808,3,0,0.9968083
,1809,0,0,0.90238076
,1809,1,1,0.8848283
,1809,2,0,0.94699836
,1809,3,3,1.0
,1810,0,2,1.0
,1810,1,1,0.8849902
,1810,2,1,0.56532514
,1810,3,0,0.9968553
,1811,0,0,0.94730866
,1811,1,1,0.8848721
,1811,2,0,0.77138513
,1811,3,3,1.0
,1812,0,1,0.7391848
,1812,1,1,0.88488936
,1812,2,3,1.0
,1812,3,0,0.99681395
,1813,0,1,0.8593547
,1813,1,1,0.88486713
,1813,2,0,0.99906844
,1813,3,3,1.0
,1814,0,1,0.8805384
,1814,1,1,0.8849843
,1814,2,2,1.0
,1814,3,0,0.9968558
,1815,0,1,0.88410956
,1815,1,1,0.88479
,1815,2,0,0.997318
,1815,3,3,1.0
,1816,0,1,0.88473725
,1816,1,1,0.8842967
,1816,2,3,1.0
,1816,3,0,0.9968066
,1817,0,1,0.8848474
,1817,1,1,0.8815739
,1817,2,0,0.99680674
,1817,3,3,1.0
,1818,0,1,0.8848666
,1818,1,1,0.8660412
,1818,2,3,1.0
,1818,3,0,0.99680674
,1819,0,1,0.8848685
,1819,1,1,0.7773423
,1819,2,0,0.99680793
,1819,3,3,1.0
,1820,0,1,0.88484466
,1820,1,0,0.729181
,1820,2,3,1.0
,1820,3,0,0.9751024
,1821,0,1,0.8848515
,1821,1,3,1.0
,1821,2,0,0.9707459
,1821,3,0,0.961315
,1822,0,1,0.8849462
,1822,1,0,0.94986916
,1822,2,0,0.8784762
,1822,3,2,1.0
,1823,0,1,0.88488305
,1823,1,1,0.5232395
,1823,2,3,1.0
,1823,3,0,0.99921745
,1824,0,1,0.8849513
,1824,1,0,0.9205541
,1824,2,0,0.97107184
,1824,3,2,1.0
,1825,0,1,0.8849698
,1825,1,2,0.99996483
,1825,2,0,0.8785629
,1825,3,0,0.9753637
,1826,0,1,0.8847818
,1826,1,0,0.97907734
,1826,2,3,1.0
,1826,3,0,0.87960064
,1827,0,1,0.88426214
,1827,1,0,0.9616452
,1827,2,0,0.93769854
,1827,3,3,1.0
,1828,0,1,0.88170475
,1828,1,2,1.0
,1828,2,1,0.74092144
,1828,3,0,0.9968564
,1829,0,1,0.86606866
,1829,1,0,0.99731827
,1829,2,1,0.8590102
,1829,3,3,1.0
,1830,0,1,0.77737486
,1830,1,3,1.0
,1830,2,1,0.8770548
,1830,3,0,0.9968085
,1831,0,0,0.7290384
,1831,1,0,0.93761617
,1831,2,1,0.86512893
,1831,3,3,1.0
,1832,0,3,1.0
,1832,1,1,0.7408839
,1832,2,1,0.7771702
,1832,3,0,0.9968168
,1833,0,0,0.93762386
,1833,1,1,0.8596106
,1833,2,0,0.72905684
,1833,3,3,1.0
,1834,0,1,0.740887
,1834,1,1,0.8804526
,1834,2,3,1.0
,1834,3,0,0.996815
,1835,0,1,0.8596559
,1835,1,1,0.88399774
,1835,2,0,0.9968065
,1835,3,3,1.0
,1836,0,1,0.88045067
,1836,1,1,0.8841537
,1836,2,3,1.0
,1836,3,0,0.9990683
,1837,0,1,0.88422877
,1837,1,1,0.8816828
,1837,2,0,0.9968559
,1837,3,2,1.0
,1838,0,1,0.88475573
,1838,1,1,0.8660595
,1838,2,3,1.0
,1838,3,0,0.99731827
,1839,0,1,0.88484895
,1839,1,1,0.7773468
,1839,2,0,0.9968077
,1839,3,3,1.0
,1840,0,1,0.88484114
,1840,1,0,0.72918046
,1840,2,3,1.0
,1840,3,0,0.9751024
,1841,0,1,0.884851
,1841,1,3,1.0
,1841,2,0,0.9707448
,1841,3,0,0.9613151
,1842,0,1,0.8849421
,1842,1,0,0.93838704
,1842,2,0,0.87846154
,1842,3,2,1.0
,1843,0,1,0.88488704
,1843,1,1,0.74071616
,1843,2,3,1.0
,1843,3,0,0.99921745
,1844,0,1,0.885005
,1844,1,1,0.85978526
,1844,2,0,0.99685615
,1844,3,2,1.0
,1845,0,1,0.88488877
,1845,1,1,0.8804752
,1845,2,3,1.0
,1845,3,0,0.997318
,1846,0,1,0.8848566
,1846,1,1,0.8841008
,1846,2,0,0.9968065
,1846,3,3,1.0
,1847,0,1,0.8847703
,1847,1,1,0.8847358
,1847,2,3,1.0
,1847,3,0,0.9968066
,1848,0,1,0.8842937
,1848,1,1,0.88484675
,1848,2,0,0.99680674
,1848,3,3,1.0
,1849,0,1,0.8815755
,1849,1,1,0.8848648
,1849,2,3,1.0
,1849,3,0,0.9968064
,1850,0,1,0.86605793
,1850,1,1,0.884865
,1850,2,0,0.9990682
,1850,3,3,1.0
,1851,0,1,0.777594
,1851,1,1,0.8849972
,1851,2,2,1.0
,1851,3,0,0.99685556
,1852,0,0,0.7289397
,1852,1,1,0.8848732
,1852,2,0,0.9475899
,1852,3,3,1.0
,1853,0,3,1.0
,1853,1,1,0.8848918
,1853,2,1,0.73298603
,1853,3,0,0.9968148
,1854,0,0,0.9990683
,1854,1,1,0.88486755
,1854,2,1,0.8371472
,1854,3,3,1.0
,1855,0,2,1.0
,1855,1,1,0.8849806
,1855,2,1,0.7700463
,1855,3,0,0.99685556
,1856,0,0,0.94730854
,1856,1,1,0.8847727
,1856,2,0,0.7304487
,1856,3,3,1.0
,1857,0,1,0.7391926
,1857,1,1,0.884317
,1857,2,3,1.0
,1857,3,0,0.99681515
,1858,0,1,0.85936123
,1858,1,1,0.8815793
,1858,2,0,0.996807
,1858,3,3,1.0
,1859,0,1,0.8804036
,1859,1,1,0.8660472
,1859,2,3,1.0
,1859,3,0,0.99680686
,1860,0,1,0.8840864
,1860,1,1,0.77737117
,1860,2,0,0.9968084
,1860,3,3,1.0
,1861,0,1,0.88469565
,1861,1,0,0.7290261
,1861,2,3,1.0
,1861,3,0,0.9492304
,1862,0,1,0.8848366
,1862,1,3,1.0
,1862,2,0,0.9990701
,1862,3,1,0.5234536
,1863,0,1,0.884838
,1863,1,0,0.94766605
,1863,2,2,1.0
,1863,3,0,0.9205476
,1864,0,1,0.88442844
,1864,1,1,0.56513023
,1864,2,0,0.9973202
,1864,3,2,1.0
,1865,0,1,0.8815791
,1865,1,0,0.77145237
,1865,2,3,1.0
,1865,3,0,0.95530385
,1866,0,1,0.86606383
,1866,1,3,1.0
,1866,2,0,0.99681574
,1866,3,1,0.56279874
,1867,0,1,0.77732325
,1867,1,0,0.9376001
,1867,2,3,1.0
,1867,3,0,0.77210575
,1868,0,0,0.728991
,1868,1,1,0.7408042
,1868,2,0,0.93773925
,1868,3,3,1.0
,1869,0,3,1.0
,1869,1,1,0.8596703
,1869,2,1,0.74086136
,1869,3,0,0.99681526
,1870,0,0,0.996807
,1870,1,1,0.88045853
,1870,2,1,0.85962796
,1870,3,3,1.0
,1871,0,3,1.0
,1871,1,1,0.8840982
,1871,2,1,0.8803211
,1871,3,0,0.99680674
,1872,0,0,0.9968066
,1872,1,1,0.8847354
,1872,2,1,0.8833528
,1872,3,3,1.0
,1873,0,3,1.0
,1873,1,1,0.884847
,1873,2,1,0.8805037
,1873,3,0,0.9968066
,1874,0,0,0.99680674
,1874,1,1,0.88486636
,1874,2,1,0.8607019
,1874,3,3,1.0
,1875,0,3,1.0
,1875,1,1,0.88486683
,1875,2,1,0.7470048
,1875,3,0,0.9968083
,1876,0,0,0.949217
,1876,1,1,0.884828
,1876,2,0,0.9023817
,1876,3,3,1.0
,1877,0,1,0.5237578
,1877,1,1,0.88498783
,1877,2,2,1.0
,1877,3,0,0.99685496
,1878,0,0,0.92059547
,1878,1,1,0.88486385
,1878,2,0,0.9790783
,1878,3,3,1.0
,1879,0,2,1.0
,1879,1,1,0.88495195
,1879,2,0,0.9615982
,1879,3,0,0.975435
,1880,0,0,0.94738805
,1880,1,1,0.8849764
,1880,2,2,1.0
,1880,3,0,0.9612955
,1881,0,1,0.73801297
,1881,1,1,0.88501406
,1881,2,0,0.99921757
,1881,3,2,1.0
,1882,0,1,0.8545468
,1882,1,1,0.88502306
,1882,2,2,1.0
,1882,3,0,0.997319
,1883,0,1,0.8555133
,1883,1,1,0.88489306
,1883,2,0,0.997318
,1883,3,3,1.0
,1884,0,1,0.7455675
,1884,1,1,0.88486767
,1884,2,3,1.0
,1884,3,0,0.99906784
,1885,0,0,0.9023995
,1885,1,1,0.8849402
,1885,2,0,0.9476595
,1885,3,2,1.0
,1886,0,2,0.99998164
,1886,1,1,0.88500524
,1886,2,1,0.56513983
,1886,3,0,0.99732006
,1887,0,0,0.9476686
,1887,1,1,0.8848746
,1887,2,0,0.7714232
,1887,3,3,1.0
,1888,0,1,0.73123914
,1888,1,1,0.8848903
,1888,2,3,1.0
,1888,3,0,0.99681395
,1889,0,1,0.83090955
,1889,1,1,0.88487
,1889,2,0,0.99906844
,1889,3,3,1.0
,1890,0,1,0.73901767
,1890,1,1,0.88499606
,1890,2,2,1.0
,1890,3,0,0.9968553
,1891,0,0,0.90302116
,1891,1,1,0.8848649
,1891,2,0,0.9552991
,1891,3,3,1.0
,1892,0,2,1.0
,1892,1,1,0.8849972
,1892,2,1,0.5631594
,1892,3,0,0.99685556
,1893,0,0,0.9473197
,1893,1,1,0.88487333
,1893,2,0,0.77181816
,1893,3,3,1.0
,1894,0,1,0.7389392
,1894,1,1,0.8848898
,1894,2,3,1.0
,1894,3,0,0.99681395
,1895,0,1,0.85847616
,1895,1,1,0.8848685
,1895,2,0,0.99906844
,1895,3,3,1.0
,1896,0,1,0.87617564
,1896,1,1,0.8849994
,1896,2,2,1.0
,1896,3,0,0.99908286
,1897,0,1,0.8599868
,1897,1,1,0.8850201
,1897,2,0,0.9973192
,1897,3,2,1.0
,1898,0,1,0.7468025
,1898,1,1,0.8848911
,1898,2,3,1.0
,1898,3,0,0.99732065
,1899,0,0,0.9023985
,1899,1,1,0.8848318
,1899,2,0,0.9470004
,1899,3,3,1.0
,1900,0,2,1.0
,1900,1,1,0.8849913
,1900,2,1,0.56527233
,1900,3,0,0.9968553
,1901,0,0,0.97535354
,1901,1,1,0.8848744
,1901,2,0,0.77157587
,1901,3,3,1.0
,1902,0,0,0.87951005
,1902,1,1,0.8848548
,1902,2,3,1.0
,1902,3,0,0.94932055
,1903,0,3,1.0
,1903,1,1,0.8848758
,1903,2,0,0.99681264
,1903,3,1,0.5234083
,1904,0,0,0.938039
,1904,1,1,0.8848274
,1904,2,3,1.0
,1904,3,0,0.92063373
,1905,0,1,0.73320854
,1905,1,1,0.8849955
,1905,2,0,0.9968564
,1905,3,2,1.0
,1906,0,1,0.8312803
,1906,1,1,0.8848885
,1906,2,3,1.0
,1906,3,0,0.997318
,1907,0,1,0.7388761
,1907,1,1,0.8848666
,1907,2,0,0.99906796
,1907,3,3,1.0
,1908,0,0,0.9029418
,1908,1,1,0.88495046
,1908,2,2,1.0
,1908,3,0,0.97106975
,1909,0,2,0.9999995
,1909,1,1,0.88498515
,1909,2,0,0.97908205
,1909,3,0,0.8785607
,1910,0,0,0.9473132
,1910,1,1,0.8848741
,1910,2,0,0.96163857
,1910,3,3,1.0
,1911,0,1,0.7394281
,1911,1,1,0.8850049
,1911,2,2,1.0
,1911,3,0,0.99685663
,1912,0,1,0.8593939
,1912,1,1,0.88489157
,1912,2,0,0.997318
,1912,3,3,1.0
,1913,0,1,0.88038486
,1913,1,1,0.8848725
,1913,2,3,1.0
,1913,3,0,0.99680626
,1914,0,1,0.8839542
,1914,1,1,0.8848662
,1914,2,0,0.99906844
,1914,3,3,1.0
,1915,0,1,0.88412315
,1915,1,1,0.8849995
,1915,2,2,1.0
,1915,3,0,0.99685556
,1916,0,1,0.8806372
,1916,1,1,0.88488483
,1916,2,0,0.99921757
,1916,3,3,1.0
,1917,0,1,0.86087966
,1917,1,1,0.8850025
,1917,2,2,1.0
,1917,3,0,0.99685556
,1918,0,1,0.74704236
,1918,1,1,0.88488334
,1918,2,0,0.99921757
,1918,3,3,1.0
,1919,0,0,0.90228385
,1919,1,1,0.8849403
,1919,2,2,1.0
,1919,3,0,0.94020075
,1920,0,2,1.0
,1920,1,1,0.88501036
,1920,2,0,0.9973192
,1920,3,1,0.7064202
,1921,0,0,0.9973202
,1921,1,1,0.8848913
,1921,2,3,1.0
,1921,3,1,0.7356269
,1922,0,3,1.0
,1922,1,1,0.88484794
,1922,2,0,0.97068506
,1922,3,0,0.73756254
,1923,0,0,0.9377496
,1923,1,1,0.884847
,1923,2,0,0.8785462
,1923,3,3,1.0
,1924,0,1,0.74064934
,1924,1,1,0.88487524
,1924,2,3,1.0
,1924,3,0,0.99906975
,1925,0,1,0.8591241
,1925,1,1,0.8850033
,1925,2,0,0.99685615
,1925,3,2,1.0
,1926,0,1,0.8770746
,1926,1,1,0.8848898
,1926,2,3,1.0
,1926,3,0,0.9973178
,1927,0,1,0.8651766
,1927,1,1,0.88486934
,1927,2,0,0.99897796
,1927,3,3,1.0
,1928,0,1,0.7773329
,1928,1,1,0.8849979
,1928,2,2,0.9601856
,1928,3,0,0.99685544
,1929,0,0,0.72916895
,1929,1,1,0.8848744
,1929,2,0,0.9789198
,1929,3,3,1.0
,1930,0,3,1.0
,1930,1,1,0.8848572
,1930,2,0,0.96162665
,1930,3,0,0.9707458
,1931,0,0,0.9383857
,1931,1,1,0.88494456
,1931,2,2,1.0
,1931,3,0,0.878471
,1932,0,1,0.74072313
,1932,1,1,0.8848915
,1932,2,0,0.9973178
,1932,3,3,1.0
,1933,0,1,0.85962355
,1933,1,1,0.8848702
,1933,2,3,1.0
,1933,3,0,0.99906844
,1934,0,1,0.88058513
,1934,1,1,0.8850016
,1934,2,0,0.9968559
,1934,3,2,1.0
,1935,0,1,0.884116
,1935,1,1,0.88488936
,1935,2,3,1.0
,1935,3,0,0.9973177
,1936,0,1,0.8847335
,1936,1,1,0.88486904
,1936,2,0,0.99906844
,1936,3,3,1.0
,1937,0,1,0.8849764
,1937,1,1,0.88500005
,1937,2,2,1.0
,1937,3,0,0.99685556
,1938,0,1,0.88488096
,1938,1,1,0.88488513
,1938,2,0,0.99921757
,1938,3,3,1.0
,1939,0,1,0.8850036
,1939,1,1,0.88500434
,1939,2,2,1.0
,1939,3,0,0.9968558
,1940,0,1,0.8848914
,1940,1,1,0.8848915
,1940,2,0,0.997318
,1940,3,3,1.0
,1941,0,1,0.88487417
,1941,1,1,0.88487417
,1941,2,3,1.0
,1941,3,0,0.9968066
,1942,0,1,0.88487136
,1942,1,1,0.88487136
,1942,2,0,0.99680674
,1942,3,3,1.0
,1943,0,1,0.8848708
,1943,1,1,0.8848708
,1943,2,3,1.0
,1943,3,0,0.9968066
,1944,0,1,0.8848707
,1944,1,1,0.8848707
,1944,2,0,0.99680674
,1944,3,3,1.0
,1945,0,1,0.8848707
,1945,1,1,0.8848707
,1945,2,3,1.0
,1945,3,0,0.9968066
,1946,0,1,0.8848707
,1946,1,1,0.8848707
,1946,2,0,0.99680674
,1946,3,3,1.0
,1947,0,1,0.8848707
,1947,1,1,0.8848707
,1947,2,3,1.0
,1947,3,0,0.9968066
,1948,0,1,0.8848707
,1948,1,1,0.8848707
,1948,2,0,0.99680674
,1948,3,3,1.0
,1949,0,1,0.8848707
,1949,1,1,0.8848707
,1949,2,3,1.0
,1949,3,0,0.9968066
,1950,0,1,0.8848707
,1950,1,1,0.8848707
,1950,2,0,0.99680674
,1950,3,3,1.0
,1951,0,1,0.8848706
,1951,1,1,0.8848706
,1951,2,3,1.0
,1951,3,0,0.9968066
,1952,0,1,0.8848703
,1952,1,1,0.8848703
,1952,2,0,0.99680674
,1952,3,3,1.0
,1953,0,1,0.8848689
,1953,1,1,0.8848689
,1953,2,3,1.0
,1953,3,0,0.99680626
,1954,0,1,0.8848659
,1954,1,1,0.8848659
,1954,2,0,0.99906844
,1954,3,3,1.0
,1955,0,1,0.8850011
,1955,1,1,0.8850011
,1955,2,2,1.0
,1955,3,0,0.9968558
,1956,0,1,0.88489056
,1956,1,1,0.8848906
,1956,2,0,0.997318
,1956,3,3,1.0
,1957,0,1,0.8848718
,1957,1,1,0.8848723
,1957,2,3,1.0
,1957,3,0,0.99680626
,1958,0,1,0.884863
,1958,1,1,0.88486606
,1958,2,0,0.99906844
,1958,3,3,1.0
,1959,0,1,0.8849819
,1959,1,1,0.8849995
,1959,2,2,1.0
,1959,3,0,0.99685556
,1960,0,1,0.8847838
,1960,1,1,0.8848847
,1960,2,0,0.99921757
,1960,3,3,1.0
,1961,0,1,0.88442653
,1961,1,1,0.8850027
,1961,2,2,1.0
,1961,3,0,0.99685556
,1962,0,1,0.8815925
,1962,1,1,0.8848854
,1962,2,0,0.99921757
,1962,3,3,1.0
,1963,0,1,0.8661963
,1963,1,1,0.8850028
,1963,2,2,1.0
,1963,3,0,0.99685556
,1964,0,1,0.77740073
,1964,1,1,0.88488483
,1964,2,0,0.99921757
,1964,3,3,1.0
,1965,0,0,0.7288989
,1965,1,1,0.88496345
,1965,2,2,1.0
,1965,3,0,0.9710825
,1966,0,3,1.0
,1966,1,1,0.88488865
,1966,2,0,0.9753538
,1966,3,0,0.878734
,1967,0,0,0.9376864
,1967,1,1,0.88484836
,1967,2,0,0.8795025
,1967,3,3,1.0
,1968,0,1,0.74085563
,1968,1,1,0.88487947
,1968,2,3,1.0
,1968,3,0,0.99681133
,1969,0,1,0.8596518
,1969,1,1,0.8848725
,1969,2,0,0.99680674
,1969,3,3,1.0
,1970,0,1,0.8804528
,1970,1,1,0.88486934
,1970,2,3,1.0
,1970,3,0,0.9968064
,1971,0,1,0.88409245
,1971,1,1,0.8848659
,1971,2,0,0.99906844
,1971,3,3,1.0
,1972,0,1,0.8848655
,1972,1,1,0.88500077
,1972,2,2,1.0
,1972,3,0,0.9968558
,1973,0,1,0.8848655
,1973,1,1,0.8848892
,1973,2,0,0.9973178
,1973,3,3,1.0
,1974,0,1,0.8848648
,1974,1,1,0.8848689
,1974,2,3,1.0
,1974,3,0,0.9990681
,1975,0,1,0.8849993
,1975,1,1,0.88500005
,1975,2,0,0.9968557
,1975,3,2,0.99990964
,1976,0,1,0.88488466
,1976,1,1,0.88488483
,1976,2,3,1.0
,1976,3,0,0.99921745
,1977,0,1,0.8850027
,1977,1,1,0.8850027
,1977,2,0,0.99685544
,1977,3,2,1.0
,1978,0,1,0.8848854
,1978,1,1,0.8848855
,1978,2,3,1.0
,1978,3,0,0.99921745
,1979,0,1,0.8850035
,1979,1,1,0.88500404
,1979,2,0,0.9968557
,1979,3,2,1.0
,1980,0,1,0.88488644
,1980,1,1,0.8848895
,1980,2,3,1.0
,1980,3,0,0.9973177
,1981,0,1,0.88484985
,1981,1,1,0.88486755
,1981,2,0,0.99906844
,1981,3,3,1.0
,1982,0,1,0.88489825
,1982,1,1,0.8849991
,1982,2,2,1.0
,1982,3,0,0.99908286
,1983,0,1,0.8844441
,1983,1,1,0.8850201
,1983,2,0,0.997319
,1983,3,2,1.0
,1984,0,1,0.88159966
,1984,1,1,0.8848922
,1984,2,3,1.0
,1984,3,0,0.9973178
,1985,0,1,0.86606354
,1985,1,1,0.88486797
,1985,2,0,0.9990682
,1985,3,3,1.0
,1986,0,1,0.7776084
,1986,1,1,0.88499564
,1986,2,2,1.0
,1986,3,0,0.9990824
,1987,0,0,0.72874206
,1987,1,1,0.8849938
,1987,2,0,0.9571975
,1987,3,2,1.0
,1988,0,3,1.0
,1988,1,1,0.88490224
,1988,2,1,0.52124405
,1988,3,0,0.99921757
,1989,0,0,0.93838346
,1989,1,1,0.884944
,1989,2,0,0.92073
,1989,3,2,1.0
,1990,0,1,0.74097955
,1990,1,1,0.88501155
,1990,2,2,1.0
,1990,3,0,0.99731886
,1991,0,1,0.85967
,1991,1,1,0.88489264
,1991,2,0,0.997318
,1991,3,3,1.0
,1992,0,1,0.88045585
,1992,1,1,0.88487273
,1992,2,3,1.0
,1992,3,0,0.99680626
,1993,0,1,0.884093
,1993,1,1,0.8848665
,1993,2,0,0.99906844
,1993,3,3,1.0
,1994,0,1,0.88486564
,1994,1,1,0.8850009
,1994,2,2,1.0
,1994,3,0,0.9968558
,1995,0,1,0.8848655
,1995,1,1,0.8848892
,1995,2,0,0.9973178
,1995,3,3,1.0
,1996,0,1,0.8848647
,1996,1,1,0.8848689
,1996,2,3,1.0
,1996,3,0,0.9990683
,1997,0,1,0.8849987
,1997,1,1,0.88500005
,1997,2,0,0.9968557
,1997,3,2,1.0
,1998,0,1,0.88488096
,1998,1,1,0.8848851
,1998,2,3,1.0
,1998,3,0,0.99921745
,1999,0,1,0.8849814
,1999,1,1,0.88500404
,1999,2,0,0.9968557
,1999,3,2,1.0
,2000,0,1,0.8847604
,2000,1,1,0.8848898
,2000,2,3,1.0
,2000,3,0,0.9973178
,2001,0,1,0.8841301
,2001,1,1,0.88486904
,2001,2,0,0.99906844
,2001,3,3,1.0
,2002,0,1,0.8807801
,2002,1,1,0.8849998
,2002,2,2,1.0
,2002,3,0,0.99685556
,2003,0,1,0.860767
,2003,1,1,0.8848839
,2003,2,0,0.99921757
,2003,3,3,1.0
,2004,0,1,0.7472558
,2004,1,1,0.8849932
,2004,2,2,1.0
,2004,3,0,0.9968552
,2005,0,0,0.9023487
,2005,1,1,0.88483524
,2005,2,0,0.95717883
,2005,3,3,1.0
,2006,0,2,1.0
,2006,1,1,0.8848233
,2006,2,1,0.52167857
,2006,3,0,0.9968552
,2007,0,0,0.94778794
,2007,1,1,0.883884
,2007,2,0,0.9203554
,2007,3,3,1.0
,2008,0,1,0.76416856
,2008,1,1,0.89627194
,2008,2,2,1.0
,2008,3,0,0.7675392
,2009,0,1,0.8631927
,2009,1,1,0.8863869
,2009,2,0,0.99631965
,2009,3,3,1.0
,2010,0,1,0.8918974
,2010,1,1,0.89561725
,2010,2,3,1.0
,2010,3,0,0.9954033
,2011,0,1,0.8865792
,2011,1,1,0.88722813
,2011,2,0,0.9969928
,2011,3,2,1.0
,2012,0,1,0.8850165
,2012,1,1,0.88513035
,2012,2,3,1.0
,2012,3,0,0.99731815
,2013,0,1,0.883985
,2013,1,1,0.884005
,2013,2,0,0.9955221
,2013,3,3,1.0
,2014,0,1,0.8957901
,2014,1,1,0.8957933
,2014,2,3,1.0
,2014,3,0,0.96127075
,2015,0,1,0.886243
,2015,1,1,0.8862435
,2015,2,0,0.9957594
,2015,3,3,1.0
,2016,0,1,0.8955834
,2016,1,1,0.8955835
,2016,2,3,1.0
,2016,3,0,0.98425776
,2017,0,1,0.8869937
,2017,1,1,0.8869937
,2017,2,0,0.9990961
,2017,3,3,1.0
,2018,0,1,0.88538057
,2018,1,1,0.88538057
,2018,2,2,1.0
,2018,3,0,0.9968589
,2019,0,1,0.8849516
,2019,1,1,0.8849516
,2019,2,0,0.99921757
,2019,3,3,1.0
,2020,0,1,0.8850144
,2020,1,1,0.8850144
,2020,2,2,1.0
,2020,3,0,0.99685556
,2021,0,1,0.8848877
,2021,1,1,0.8848877
,2021,2,0,0.99921757
,2021,3,3,1.0
,2022,0,1,0.8850048
,2022,1,1,0.8850048
,2022,2,2,1.0
,2022,3,0,0.9968558
,2023,0,1,0.88489157
,2023,1,1,0.88489157
,2023,2,0,0.997318
,2023,3,3,1.0
,2024,0,1,0.88487417
,2024,1,1,0.88487417
,2024,2,3,1.0
,2024,3,0,0.9968066
,2025,0,1,0.88487136
,2025,1,1,0.88487136
,2025,2,0,0.99680674
,2025,3,3,1.0
,2026,0,1,0.8848708
,2026,1,1,0.8848708
,2026,2,3,1.0
,2026,3,0,0.9968066
,2027,0,1,0.8848707
,2027,1,1,0.8848707
,2027,2,0,0.99680674
,2027,3,3,1.0
,2028,0,1,0.8848706
,2028,1,1,0.8848706
,2028,2,3,1.0
,2028,3,0,0.9968066
,2029,0,1,0.8848703
,2029,1,1,0.8848703
,2029,2,0,0.99680674
,2029,3,3,1.0
,2030,0,1,0.8848685
,2030,1,1,0.8848685
,2030,2,3,1.0
,2030,3,0,0.99680626
,2031,0,1,0.8848636
,2031,1,1,0.8848636
,2031,2,0,0.99906844
,2031,3,3,1.0
,2032,0,1,0.8849965
,2032,1,1,0.88499653
,2032,2,2,1.0
,2032,3,0,0.99908286
,2033,0,1,0.8850143
,2033,1,1,0.8850143
,2033,2,0,0.99921757
,2033,3,2,1.0
,2034,0,1,0.8850186
,2034,1,1,0.8850186
,2034,2,2,1.0
,2034,3,0,0.9992177
,2035,0,1,0.8850221
,2035,1,1,0.8850221
,2035,2,0,0.99731874
,2035,3,2,1.0
,2036,0,1,0.88488865
,2036,1,1,0.88488865
,2036,2,3,1.0
,2036,3,0,0.99921745
,2037,0,1,0.88500416
,2037,1,1,0.88500404
,2037,2,0,0.9968557
,2037,3,2,1.0
,2038,0,1,0.8848865
,2038,1,1,0.8848865
,2038,2,3,1.0
,2038,3,0,0.997318
,2039,0,1,0.88484466
,2039,1,1,0.88484466
,2039,2,0,0.9968065
,2039,3,3,1.0
,2040,0,1,0.8847027
,2040,1,1,0.8847027
,2040,2,3,1.0
,2040,3,0,0.9968066
,2041,0,1,0.88390803
,2041,1,1,0.88390803
,2041,2,0,0.9954549
,2041,3,3,1.0
,2042,0,1,0.89637923
,2042,1,1,0.89637923
,2042,2,3,1.0
,2042,3,0,0.7684414
,2043,0,1,0.8872345
,2043,1,1,0.8872344
,2043,2,0,0.99910706
,2043,3,3,1.0
,2044,0,1,0.8854263
,2044,1,1,0.8854263
,2044,2,2,1.0
,2044,3,0,0.9968602
,2045,0,1,0.88495976
,2045,1,1,0.88495976
,2045,2,0,0.99921757
,2045,3,3,1.0
,2046,0,1,0.8850158
,2046,1,1,0.8850158
,2046,2,2,1.0
,2046,3,0,0.99685556
,2047,0,1,0.8848876
,2047,1,1,0.8848876
,2047,2,0,0.99921757
,2047,3,3,1.0
,2048,0,1,0.8850032
,2048,1,1,0.8850032
,2048,2,2,1.0
,2048,3,0,0.99685556
,2049,0,1,0.88488567
,2049,1,1,0.88488567
,2049,2,0,0.99921757
,2049,3,3,1.0
,2050,0,1,0.88500434
,2050,1,1,0.88500434
,2050,2,2,1.0
,2050,3,0,0.9968558
,2051,0,1,0.88489115
,2051,1,1,0.88489115
,2051,2,0,0.997318
,2051,3,3,1.0
,2052,0,1,0.88487196
,2052,1,1,0.88487196
,2052,2,3,1.0
,2052,3,0,0.99680626
,2053,0,1,0.88486403
,2053,1,1,0.88486403
,2053,2,0,0.99906844
,2053,3,3,1.0
,2054,0,1,0.88499564
,2054,1,1,0.88499564
,2054,2,2,1.0
,2054,3,0,0.99908286
,2055,0,1,0.8850087
,2055,1,1,0.8850087
,2055,2,0,0.99921757
,2055,3,2,1.0
,2056,0,1,0.884984
,2056,1,1,0.884984
,2056,2,2,1.0
,2056,3,0,0.9973138
,2057,0,1,0.8847491
,2057,1,1,0.8847491
,2057,2,0,0.97531193
,2057,3,3,1.0
,2058,0,1,0.8877999
,2058,1,1,0.8877999
,2058,2,0,0.87569463
,2058,3,3,1.0
,2059,0,1,0.8854644
,2059,1,1,0.8854644
,2059,2,3,1.0
,2059,3,0,0.99683714
,2060,0,1,0.88497156
,2060,1,1,0.88497156
,2060,2,0,0.99906844
,2060,3,3,1.0
,2061,0,1,0.88501734
,2061,1,1,0.88501734
,2061,2,2,1.0
,2061,3,0,0.99685556
,2062,0,1,0.8848836
,2062,1,1,0.884884
,2062,2,0,0.99921757
,2062,3,3,1.0
,2063,0,1,0.8849783
,2063,1,1,0.8849805
,2063,2,2,1.0
,2063,3,0,0.9968558
,2064,0,1,0.8847395
,2064,1,1,0.8847526
,2064,2,0,0.9973171
,2064,3,3,1.0
,2065,0,1,0.88401985
,2065,1,1,0.8840948
,2065,2,3,1.0
,2065,3,0,0.99906474
,2066,0,1,0.8941253
,2066,1,1,0.8945526
,2066,2,0,0.9929215
,2066,3,2,1.0
,2067,0,1,0.88403356
,2067,1,1,0.8866362
,2067,2,3,1.0
,2067,3,0,0.997319
,2068,0,1,0.8692846
,2068,1,1,0.8843274
,2068,2,0,0.9958292
,2068,3,3,1.0
,2069,0,1,0.8067297
,2069,1,1,0.89272135
,2069,2,3,1.0
,2069,3,0,0.9888114
,2070,0,0,0.6226858
,2070,1,1,0.89696085
,2070,2,1,0.51115215
,2070,3,3,1.0
,2071,0,3,1.0
,2071,1,1,0.8984806
,2071,2,0,0.7603207
,2071,3,0,0.53206414
,2072,0,0,0.9395088
,2072,1,1,0.8874799
,2072,2,3,1.0
,2072,3,0,0.9249698
,2073,0,1,0.74080694
,2073,1,1,0.88546544
,2073,2,0,0.9990842
,2073,3,2,1.0
,2074,0,1,0.85978967
,2074,1,1,0.8850969
,2074,2,2,1.0
,2074,3,0,0.9992177
,2075,0,1,0.88060445
,2075,1,1,0.8850318
,2075,2,0,0.99907273
,2075,3,2,1.0
,2076,0,1,0.8842462
,2076,1,1,0.88502073
,2076,2,2,0.9240805
,2076,3,0,0.9992177
,2077,0,1,0.884887
,2077,1,1,0.8850225
,2077,2,0,0.99728334
,2077,3,2,1.0
,2078,0,1,0.8848651
,2078,1,1,0.8848888
,2078,2,3,1.0
,2078,3,0,0.99921745
,2079,0,1,0.8850006
,2079,1,1,0.8850047
,2079,2,0,0.9968557
,2079,3,2,1.0
,2080,0,1,0.8848892
,2080,1,1,0.8848898
,2080,2,3,1.0
,2080,3,0,0.9973177
,2081,0,1,0.8848689
,2081,1,1,0.88486904
,2081,2,0,0.99906844
,2081,3,3,1.0
,2082,0,1,0.88500005
,2082,1,1,0.88500005
,2082,2,2,1.0
,2082,3,0,0.99685556
,2083,0,1,0.8848851
,2083,1,1,0.8848851
,2083,2,0,0.99921757
,2083,3,3,1.0
,2084,0,1,0.88500404
,2084,1,1,0.88500404
,2084,2,2,1.0
,2084,3,0,0.9968558
,2085,0,1,0.8848897
,2085,1,1,0.8848897
,2085,2,0,0.9973178
,2085,3,3,1.0
,2086,0,1,0.8848689
,2086,1,1,0.8848689
,2086,2,3,1.0
,2086,3,0,0.9990683
,2087,0,1,0.88499963
,2087,1,1,0.88499975
,2087,2,0,0.9968557
,2087,3,2,1.0
,2088,0,1,0.88488275
,2088,1,1,0.8848833
,2088,2,3,1.0
,2088,3,0,0.99921745
,2089,0,1,0.8849984
,2089,1,1,0.8850014
,2089,2,0,0.999083
,2089,3,2,1.0
,2090,0,1,0.8850016
,2090,1,1,0.88501936
,2090,2,2,1.0
,2090,3,0,0.99731874
,2091,0,1,0.8847874
,2091,1,1,0.88488835
,2091,2,0,0.99921757
,2091,3,3,1.0
,2092,0,1,0.8844282
,2092,1,1,0.8850049
,2092,2,2,1.0
,2092,3,0,0.9968558
,2093,0,1,0.8815958
,2093,1,1,0.8848917
,2093,2,0,0.997318
,2093,3,3,1.0
,2094,0,1,0.8660502
,2094,1,1,0.8848743
,2094,2,3,1.0
,2094,3,0,0.99680674
,2095,0,1,0.7773719
,2095,1,1,0.88486975
,2095,2,0,0.9968084
,2095,3,3,1.0
,2096,0,0,0.7290264
,2096,1,1,0.8848358
,2096,2,3,1.0
,2096,3,0,0.9492304
,2097,0,3,1.0
,2097,1,1,0.8848784
,2097,2,0,0.9990701
,2097,3,1,0.52345383
,2098,0,0,0.93838423
,2098,1,1,0.8849399
,2098,2,2,1.0
,2098,3,0,0.9205494
,2099,0,1,0.7409787
,2099,1,1,0.8850105
,2099,2,0,0.997319
,2099,3,2,1.0
,2100,0,1,0.8596676
,2100,1,1,0.88489074
,2100,2,3,1.0
,2100,3,0,0.9973177
,2101,0,1,0.88044995
,2101,1,1,0.8848677
,2101,2,0,0.99906844
,2101,3,3,1.0
,2102,0,1,0.88422245
,2102,1,1,0.8849991
,2102,2,2,1.0
,2102,3,0,0.99908286
,2103,0,1,0.88486224
,2103,1,1,0.8850201
,2103,2,0,0.997319
,2103,3,2,1.0
,2104,0,1,0.8847391
,2104,1,1,0.884892
,2104,2,3,1.0
,2104,3,0,0.9973177
,2105,0,1,0.8841251
,2105,1,1,0.88486767
,2105,2,0,0.99906844
,2105,3,3,1.0
,2106,0,1,0.8807804
,2106,1,1,0.8849972
,2106,2,2,1.0
,2106,3,0,0.99908286
,2107,0,1,0.86091816
,2107,1,1,0.88501394
,2107,2,0,0.99921757
,2107,3,2,1.0
,2108,0,1,0.74728507
,2108,1,1,0.8850135
,2108,2,2,1.0
,2108,3,0,0.9992177
,2109,0,0,0.902244
,2109,1,1,0.88498884
,2109,2,0,0.9753598
,2109,3,2,1.0
,2110,0,2,1.0
,2110,1,1,0.88499224
,2110,2,0,0.8794184
,2110,3,0,0.9790821
,2111,0,0,0.94731337
,2111,1,1,0.8848747
,2111,2,3,1.0
,2111,3,0,0.96163857
,2112,0,1,0.73942405
,2112,1,1,0.88500226
,2112,2,0,0.9968564
,2112,3,2,1.0
,2113,0,1,0.8593839
,2113,1,1,0.88487923
,2113,2,3,1.0
,2113,3,0,0.99921745
,2114,0,1,0.8805125
,2114,1,1,0.88497335
,2114,2,0,0.999083
,2114,3,2,1.0
,2115,0,1,0.88407594
,2115,1,1,0.8848571
,2115,2,2,0.9999964
,2115,3,0,0.99731874
,2116,0,1,0.8838222
,2116,1,1,0.8839598
,2116,2,0,0.99921304
,2116,3,3,1.0
,2117,0,1,0.8960708
,2117,1,1,0.89609283
,2117,2,2,1.0
,2117,3,0,0.98839337
,2118,0,1,0.88734686
,2118,1,1,0.88735116
,2118,2,0,0.9973202
,2118,3,2,1.0
,2119,0,1,0.88530004
,2119,1,1,0.88530374
,2119,2,3,1.0
,2119,3,0,0.99921745
,2120,0,1,0.88505757
,2120,1,1,0.8850753
,2120,2,0,0.999083
,2120,3,2,1.0
,2121,0,1,0.88493115
,2121,1,1,0.8850318
,2121,2,2,1.0
,2121,3,0,0.99731874
,2122,0,1,0.88431287
,2122,1,1,0.8848884
,2122,2,0,0.99921757
,2122,3,3,1.0
,2123,0,1,0.8817137
,2123,1,1,0.885001
,2123,2,2,1.0
,2123,3,0,0.99908286
,2124,0,1,0.86622787
,2124,1,1,0.8850165
,2124,2,0,0.99921757
,2124,3,2,1.0
,2125,0,1,0.77762556
,2125,1,1,0.8850198
,2125,2,2,1.0
,2125,3,0,0.99732006
,2126,0,0,0.72896814
,2126,1,1,0.8848778
,2126,2,0,0.957187
,2126,3,3,1.0
,2127,0,3,1.0
,2127,1,1,0.88488907
,2127,2,1,0.52126354
,2127,3,0,0.9968161
,2128,0,0,0.93762
,2128,1,1,0.8848278
,2128,2,0,0.9208084
,2128,3,3,1.0
,2129,0,1,0.7411169
,2129,1,1,0.884992
,2129,2,2,1.0
,2129,3,0,0.9990831
,2130,0,1,0.85984534
,2130,1,1,0.88501537
,2130,2,0,0.99921757
,2130,3,2,1.0
,2131,0,1,0.880618
,2131,1,1,0.88502127
,2131,2,2,1.0
,2131,3,0,0.99731874
,2132,0,1,0.88411576
,2132,1,1,0.88488686
,2132,2,0,0.99921757
,2132,3,3,1.0
,2133,0,1,0.8848674
,2133,1,1,0.8850024
,2133,2,2,1.0
,2133,3,0,0.99908286
,2134,0,1,0.88499707
,2134,1,1,0.8850206
,2134,2,0,0.997319
,2134,3,2,1.0
,2135,0,1,0.884888
,2135,1,1,0.8848921
,2135,2,3,1.0
,2135,3,0,0.9973177
,2136,0,1,0.8848669
,2136,1,1,0.88486767
,2136,2,0,0.99906844
,2136,3,3,1.0
,2137,0,1,0.8849973
,2137,1,1,0.8849974
,2137,2,2,1.0
,2137,3,0,0.99908286
,2138,0,1,0.88501567
,2138,1,1,0.88501567
,2138,2,0,0.99921757
,2138,3,2,1.0
,2139,0,1,0.8850203
,2139,1,1,0.8850203
,2139,2,2,1.0
,2139,3,0,0.99731874
,2140,0,1,0.88488126
,2140,1,1,0.88488126
,2140,2,0,0.99921757
,2140,3,3,1.0
,2141,0,1,0.88496536
,2141,1,1,0.88496536
,2141,2,2,1.0
,2141,3,0,0.99685055
,2142,0,1,0.88474405
,2142,1,1,0.88474405
,2142,2,0,0.9791152
,2142,3,3,1.0
,2143,0,1,0.8877859
,2143,1,1,0.8877859
,2143,2,0,0.9603921
,2143,3,3,1.0
,2144,0,1,0.88561255
,2144,1,1,0.88561255
,2144,2,2,1.0
,2144,3,0,0.9990943
,2145,0,1,0.88512695
,2145,1,1,0.88512695
,2145,2,0,0.99921757
,2145,3,2,1.0
,2146,0,1,0.88504076
,2146,1,1,0.88504076
,2146,2,2,1.0
,2146,3,0,0.99731874
,2147,0,1,0.88489
,2147,1,1,0.88489
,2147,2,0,0.99921757
,2147,3,3,1.0
,2148,0,1,0.8850012
,2148,1,1,0.8850013
,2148,2,2,1.0
,2148,3,0,0.99908286
,2149,0,1,0.8850162
,2149,1,1,0.8850168
,2149,2,0,0.99921757
,2149,3,2,0.99999666
,2150,0,1,0.8850199
,2150,1,1,0.88502306
,2150,2,2,1.0
,2150,3,0,0.997319
,2151,0,1,0.88487494
,2151,1,1,0.88489264
,2151,2,0,0.9973178
,2151,3,3,1.0
,2152,0,1,0.8847671
,2152,1,1,0.8848681
,2152,2,3,1.0
,2152,3,0,0.9990683
,2153,0,1,0.88442296
,2153,1,1,0.8849991
,2153,2,0,0.999083
,2153,3,2,1.0
,2154,0,1,0.88172686
,2154,1,1,0.88501966
,2154,2,2,0.9999988
,2154,3,0,0.997319
,2155,0,1,0.86606777
,2155,1,1,0.88488907
,2155,2,0,0.99731827
,2155,3,3,1.0
,2156,0,1,0.77734834
,2156,1,1,0.8848434
,2156,2,3,1.0
,2156,3,0,0.99680793
,2157,0,0,0.7291862
,2157,1,1,0.8846732
,2157,2,0,0.96869355
,2157,3,3,1.0
,2158,0,3,1.0
,2158,1,1,0.88387895
,2158,2,0,0.84121215
,2158,3,0,0.9683139
,2159,0,0,0.78172505
,2159,1,1,0.8942343
,2159,2,3,1.0
,2159,3,0,0.82106084
,2160,0,1,0.63682413
,2160,1,1,0.8974478
,2160,2,0,0.9846713
,2160,3,3,1.0
,2161,0,0,0.75684863
,2161,1,1,0.887097
,2161,2,3,1.0
,2161,3,0,0.96932834
,2162,0,3,1.0
,2162,1,1,0.88419515
,2162,2,0,0.9384574
,2162,3,0,0.8375157
,2163,0,0,0.9468392
,2163,1,1,0.8950535
,2163,2,1,0.76205313
,2163,3,3,1.0
,2164,0,3,1.0
,2164,1,1,0.89666975
,2164,2,1,0.87165195
,2164,3,0,0.9785746
,2165,0,0,0.94569594
,2165,1,1,0.8972687
,2165,2,1,0.8731243
,2165,3,3,1.0
,2166,0,3,1.0
,2166,1,1,0.8973804
,2166,2,1,0.7704375
,2166,3,0,0.94534504
,2167,0,1,0.6931796
,2167,1,1,0.89770085
,2167,2,0,0.88860786
,2167,3,3,1.0
,2168,0,1,0.86310303
,2168,1,1,0.898415
,2168,2,2,1.0
,2168,3,0,0.8997385
,2169,0,1,0.86563194
,2169,1,1,0.8864946
,2169,2,0,0.99623936
,2169,3,3,1.0
,2170,0,1,0.8094633
,2170,1,1,0.8953577
,2170,2,3,1.0
,2170,3,0,0.94629544
,2171,0,0,0.622758
,2171,1,1,0.89711344
,2171,2,0,0.5958107
,2171,3,3,1.0
,2172,0,3,1.0
,2172,1,1,0.8976251
,2172,2,1,0.64777493
,2172,3,0,0.9688266
,2173,0,0,0.5429266
,2173,1,1,0.8984611
,2173,2,0,0.9002161
,2173,3,2,1.0
,2174,0,1,0.81056017
,2174,1,1,0.8876116
,2174,2,2,1.0
,2174,3,0,0.9973203
,2175,0,1,0.8708278
,2175,1,1,0.8844032
,2175,2,0,0.99921304
,2175,3,3,1.0
,2176,0,1,0.89419574
,2176,1,1,0.89635426
,2176,2,2,1.0
,2176,3,0,0.76756245
,2177,0,1,0.88600856
,2177,1,1,0.8864007
,2177,2,0,0.99632275
,2177,3,3,1.0
,2178,0,1,0.8954442
,2178,1,1,0.89558333
,2178,2,3,1.0
,2178,3,0,0.98426324
,2179,0,1,0.8863202
,2179,1,1,0.8868112
,2179,2,0,0.99689966
,2179,3,3,1.0
,2180,0,1,0.88137406
,2180,1,1,0.88415647
,2180,2,3,1.0
,2180,3,0,0.9954845
,2181,0,1,0.8795014
,2181,1,1,0.8953952
,2181,2,0,0.9694438
,2181,3,3,1.0
,2182,0,1,0.8005043
,2182,1,1,0.8982559
,2182,2,2,1.0
,2182,3,0,0.76680934
,2183,0,0,0.7237209
,2183,1,1,0.8875126
,2183,2,0,0.95532846
,2183,3,3,1.0
,2184,0,3,1.0
,2184,1,1,0.88536125
,2184,2,1,0.5628751
,2184,3,0,0.99681956
,2185,0,0,0.9376228
,2185,1,1,0.88492125
,2185,2,0,0.77190506
,2185,3,3,1.0
,2186,0,1,0.74088204
,2186,1,1,0.8848994
,2186,2,3,1.0
,2186,3,0,0.9968142
,2187,0,1,0.8596546
,2187,1,1,0.8848743
,2187,2,0,0.9968065
,2187,3,3,1.0
,2188,0,1,0.8804483
,2188,1,1,0.8848648
,2188,2,3,1.0
,2188,3,0,0.9990683
,2189,0,1,0.8842244
,2189,1,1,0.88499707
,2189,2,0,0.999083
,2189,3,2,1.0
,2190,0,1,0.88488096
,2190,1,1,0.8850161
,2190,2,2,1.0
,2190,3,0,0.9992177
,2191,0,1,0.88499963
,2191,1,1,0.88502324
,2191,2,0,0.997319
,2191,3,2,1.0
,2192,0,1,0.88489044
,2192,1,1,0.88489455
,2192,2,3,1.0
,2192,3,0,0.997318
,2193,0,1,0.88487345
,2193,1,1,0.88487417
,2193,2,0,0.9968065
,2193,3,3,1.0
,2194,0,1,0.8848682
,2194,1,1,0.88486826
,2194,2,3,1.0
,2194,3,0,0.99680626
,2195,0,1,0.88485867
,2195,1,1,0.88485867
,2195,2,0,0.99906844
,2195,3,3,1.0
,2196,0,1,0.8849672
,2196,1,1,0.8849672
,2196,2,2,1.0
,2196,3,0,0.99908286
,2197,0,1,0.8848414
,2197,1,1,0.8848414
,2197,2,0,0.997319
,2197,3,2,1.0
,2198,0,1,0.8838707
,2198,1,1,0.8838707
,2198,2,3,1.0
,2198,3,0,0.99632335
,2199,0,1,0.8942035
,2199,1,1,0.8942035
,2199,2,0,0.97784513
,2199,3,3,1.0
,2200,0,1,0.89723325
,2200,1,1,0.89723325
,2200,2,3,1.0
,2200,3,0,0.91944444
,2201,0,1,0.8981921
,2201,1,1,0.8981921
,2201,2,0,0.9955615
,2201,3,2,1.0
,2202,0,1,0.887717
,2202,1,1,0.887717
,2202,2,2,1.0
,2202,3,0,0.9973202
,2203,0,1,0.8853696
,2203,1,1,0.8853696
,2203,2,0,0.99921757
,2203,3,3,1.0
,2204,0,1,0.8850891
,2204,1,1,0.8850891
,2204,2,2,1.0
,2204,3,0,0.9968559
,2205,0,1,0.88490456
,2205,1,1,0.88490456
,2205,2,0,0.9973178
,2205,3,3,1.0
,2206,0,1,0.884871
,2206,1,1,0.884871
,2206,2,3,1.0
,2206,3,0,0.9990683
,2207,0,1,0.884997
,2207,1,1,0.884997
,2207,2,0,0.9968559
,2207,3,2,1.0
,2208,0,1,0.8848613
,2208,1,1,0.8848613
,2208,2,3,1.0
,2208,3,0,0.997318
,2209,0,1,0.8847035
,2209,1,1,0.8847035
,2209,2,0,0.99680674
,2209,3,3,1.0
,2210,0,1,0.88389665
,2210,1,1,0.88389665
,2210,2,3,1.0
,2210,3,0,0.99547625
,2211,0,1,0.89608204
,2211,1,1,0.8960821
,2211,2,0,0.901594
,2211,3,3,1.0
,2212,0,1,0.8862248
,2212,1,1,0.88622534
,2212,2,3,1.0
,2212,3,0,0.9990966
,2213,0,1,0.89661545
,2213,1,1,0.8966184
,2213,2,0,0.9244551
,2213,3,2,1.0
,2214,0,1,0.88726443
,2214,1,1,0.88728285
,2214,2,3,0.65032065
,2214,3,0,0.9973204
,2215,0,1,0.8842657
,2215,1,1,0.88437253
,2215,2,0,0.99573714
,2215,3,3,1.0
,2216,0,1,0.89556944
,2216,1,1,0.89617985
,2216,2,3,1.0
,2216,3,0,0.9695786
,2217,0,1,0.8834396
,2217,1,1,0.887202
,2217,2,0,0.9772182
,2217,3,2,0.9994676
,2218,0,1,0.86576015
,2218,1,1,0.88760823
,2218,2,0,0.959919
,2218,3,3,1.0
,2219,0,1,0.7687012
,2219,1,1,0.8961971
,2219,2,2,1.0
,2219,3,0,0.98461205
,2220,0,0,0.8999246
,2220,1,1,0.88623464
,2220,2,0,0.9773478
,2220,3,3,1.0
,2221,0,2,1.0
,2221,1,1,0.89581126
,2221,2,0,0.9141828
,2221,3,0,0.7622114
,2222,0,0,0.9973203
,2222,1,1,0.88727033
,2222,2,2,0.54071474
,2222,3,1,0.7333731
,2223,0,3,1.0
,2223,1,1,0.88528824
,2223,2,0,0.99914896
,2223,3,1,0.71185637
,2224,0,0,0.93838054
,2224,1,1,0.8850088
,2224,2,2,1.0
,2224,3,0,0.90515816
,2225,0,1,0.7409699
,2225,1,1,0.88501716
,2225,2,0,0.99921757
,2225,3,2,1.0
,2226,0,1,0.859819
,2226,1,1,0.8850191
,2226,2,2,1.0
,2226,3,0,0.9992177
,2227,0,1,0.88061106
,2227,1,1,0.88501966
,2227,2,0,0.997319
,2227,3,2,1.0
,2228,0,1,0.8840982
,2228,1,1,0.8848703
,2228,2,3,1.0
,2228,3,0,0.997318
,2229,0,1,0.88459915
,2229,1,1,0.88473445
,2229,2,0,0.9968065
,2229,3,3,1.0
,2230,0,1,0.88404644
,2230,1,1,0.8840702
,2230,2,3,1.0
,2230,3,0,0.99680614
,2231,0,1,0.8802984
,2231,1,1,0.8803026
,2231,2,0,0.99906844
,2231,3,3,1.0
,2232,0,1,0.8590344
,2232,1,1,0.8590353
,2232,2,2,1.0
,2232,3,0,0.9513111
,2233,0,1,0.74046546
,2233,1,1,0.7404657
,2233,2,3,1.0
,2233,3,1,0.515461
,2234,0,2,0.5208618
,2234,1,0,1.0
,2234,2,0,1.0
,2234,3,0,1.0
,2235,0,0,0.9971337
,2235,1,1,0.73066473
,2235,2,2,1.0
,2235,3,1,0.68567646
,2236,0,3,1.0
,2236,1,1,0.85786575
,2236,2,0,0.9973209
,2236,3,1,0.6986894
,2237,0,0,0.93761384
,2237,1,1,0.8800952
,2237,2,3,1.0
,2237,3,0,0.9063267
,2238,0,1,0.7411211
,2238,1,1,0.8841665
,2238,2,0,0.99685615
,2238,3,2,1.0
,2239,0,1,0.8596884
,2239,1,1,0.8847391
,2239,2,3,1.0
,2239,3,0,0.99921745
,2240,0,1,0.880595
,2240,1,1,0.8849773
,2240,2,0,0.99685544
,2240,3,2,1.0
,2241,0,1,0.88411343
,2241,1,1,0.88488084
,2241,2,3,1.0
,2241,3,0,0.99921745
,2242,0,1,0.8848677
,2242,1,1,0.885002
,2242,2,0,0.99685544
,2242,3,2,1.0
,2243,0,1,0.88486165
,2243,1,1,0.88488513
,2243,2,3,1.0
,2243,3,0,0.99921745
,2244,0,1,0.88499856
,2244,1,1,0.8850028
,2244,2,0,0.99685544
,2244,3,2,1.0
,2245,0,1,0.8848841
,2245,1,1,0.8848855
,2245,2,3,1.0
,2245,3,0,0.99921745
,2246,0,1,0.88499993
,2246,1,1,0.88500386
,2246,2,0,0.9968557
,2246,3,2,1.0
,2247,0,1,0.8848666
,2247,1,1,0.8848877
,2247,2,3,1.0
,2247,3,0,0.997318
,2248,0,1,0.88473135
,2248,1,1,0.88485223
,2248,2,0,0.9968065
,2248,3,3,1.0
,2249,0,1,0.8840558
,2249,1,1,0.88474596
,2249,2,3,1.0
,2249,3,0,0.9968066
,2250,0,1,0.8802134
,2250,1,1,0.88415444
,2250,2,0,0.99581593
,2250,3,3,1.0
,2251,0,1,0.87128
,2251,1,1,0.8937608
,2251,2,3,1.0
,2251,3,0,0.99771905
,2252,0,1,0.75073725
,2252,1,1,0.88686866
,2252,2,0,0.99911684
,2252,3,2,1.0
,2253,0,0,0.90195286
,2253,1,1,0.88532186
,2253,2,2,1.0
,2253,3,0,0.9790838
,2254,0,2,1.0
,2254,1,1,0.8850391
,2254,2,0,0.9790834
,2254,3,0,0.9615943
,2255,0,0,0.94733596
,2255,1,1,0.8849702
,2255,2,0,0.9615936
,2255,3,2,1.0
,2256,0,1,0.7391509
,2256,1,1,0.8848833
,2256,2,2,1.0
,2256,3,0,0.99731815
,2257,0,1,0.8584569
,2257,1,1,0.8841185
,2257,2,0,0.99921376
,2257,3,3,1.0
,2258,0,1,0.89034694
,2258,1,1,0.8945806
,2258,2,2,1.0
,2258,3,0,0.9929215
,2259,0,1,0.8854933
,2259,1,1,0.8867874
,2259,2,0,0.9973185
,2259,3,3,1.0
,2260,0,1,0.8817934
,2260,1,1,0.88520473
,2260,2,3,1.0
,2260,3,0,0.9990689
,2261,0,1,0.86625177
,2261,1,1,0.8850564
,2261,2,0,0.99908274
,2261,3,2,1.0
,2262,0,1,0.7776466
,2262,1,1,0.8850231
,2262,2,2,1.0
,2262,3,0,0.9992177
,2263,0,0,0.728744
,2263,1,1,0.88499993
,2263,2,0,0.95531183
,2263,3,2,1.0
,2264,0,3,1.0
,2264,1,1,0.88491017
,2264,2,1,0.56284803
,2264,3,0,0.9973208
,2265,0,0,0.9394657
,2265,1,1,0.8848422
,2265,2,0,0.7719139
,2265,3,3,1.0
,2266,0,1,0.7063307
,2266,1,1,0.8848843
,2266,2,3,1.0
,2266,3,0,0.99681383
,2267,0,1,0.7356622
,2267,1,1,0.8848685
,2267,2,0,0.99906796
,2267,3,3,1.0
,2268,0,0,0.737167
,2268,1,1,0.8849469
,2268,2,2,1.0
,2268,3,0,0.9387161
,2269,0,3,1.0
,2269,1,1,0.88490266
,2269,2,0,0.997318
,2269,3,1,0.734561
,2270,0,0,0.99680674
,2270,1,1,0.8848755
,2270,2,3,1.0
,2270,3,1,0.83744246
,2271,0,3,1.0
,2271,1,1,0.8848662
,2271,2,0,0.99906796
,2271,3,1,0.7699154
,2272,0,0,0.9383938
,2272,1,1,0.8849443
,2272,2,2,1.0
,2272,3,0,0.73029566
,2273,0,1,0.7406901
,2273,1,1,0.8848955
,2273,2,0,0.99921757
,2273,3,3,1.0
,2274,0,1,0.8596327
,2274,1,1,0.8850048
,2274,2,2,1.0
,2274,3,0,0.999083
,2275,0,1,0.87984484
,2275,1,1,0.88501996
,2275,2,0,0.99731874
,2275,3,2,1.0
,2276,0,1,0.8798687
,2276,1,1,0.8848884
,2276,2,3,1.0
,2276,3,0,0.99921745
,2277,0,1,0.8607279
,2277,1,1,0.88500434
,2277,2,0,0.9968557
,2277,3,2,1.0
,2278,0,1,0.7470068
,2278,1,1,0.88488823
,2278,2,3,1.0
,2278,3,0,0.9973202
,2279,0,0,0.9023771
,2279,1,1,0.88483906
,2279,2,0,0.9750985
,2279,3,3,1.0
,2280,0,2,1.0
,2280,1,1,0.88494706
,2280,2,0,0.9612732
,2280,3,0,0.9754345
,2281,0,0,0.9473242
,2281,1,1,0.8849739
,2281,2,2,1.0
,2281,3,0,0.9612956
,2282,0,1,0.7394067
,2282,1,1,0.88499886
,2282,2,0,0.99731874
,2282,3,2,1.0
,2283,0,1,0.8593625
,2283,1,1,0.88478696
,2283,2,3,1.0
,2283,3,0,0.99921745
,2284,0,1,0.8804088
,2284,1,1,0.88442713
,2284,2,0,0.99685544
,2284,3,2,1.0
,2285,0,1,0.8833597
,2285,1,1,0.88159263
,2285,2,3,1.0
,2285,3,0,0.99921745
,2286,0,1,0.8806413
,2286,1,1,0.86620426
,2286,2,0,0.99908274
,2286,3,2,1.0
,2287,0,1,0.86087453
,2287,1,1,0.7775834
,2287,2,2,1.0
,2287,3,0,0.9973204
,2288,0,1,0.74703723
,2288,1,0,0.7291837
,2288,2,0,0.9553025
,2288,3,3,1.0
,2289,0,0,0.9022574
,2289,1,3,1.0
,2289,2,1,0.56274253
,2289,3,0,0.94708675
,2290,0,2,0.9993504
,2290,1,0,0.9383624
,2290,2,0,0.7718438
,2290,3,1,0.56516945
,2291,0,0,0.947305
,2291,1,1,0.74070525
,2291,2,3,1.0
,2291,3,0,0.7713602
,2292,0,1,0.7391823
,2292,1,1,0.85964566
,2292,2,0,0.9990708
,2292,3,3,1.0
,2293,0,1,0.85951525
,2293,1,1,0.88058853
,2293,2,2,1.0
,2293,3,0,0.99685603
,2294,0,1,0.88042
,2294,1,1,0.8841105
,2294,2,0,0.99921757
,2294,3,3,1.0
,2295,0,1,0.88421935
,2295,1,1,0.8848649
,2295,2,2,1.0
,2295,3,0,0.9990817
,2296,0,1,0.8848799
,2296,1,1,0.88499284
,2296,2,0,0.99921757
,2296,3,2,0.9994466
,2297,0,1,0.8849991
,2297,1,1,0.8850188
,2297,2,2,1.0
,2297,3,0,0.9973186
,2298,0,1,0.8848884
,2298,1,1,0.8848919
,2298,2,0,0.9973178
,2298,3,3,1.0
,2299,0,1,0.8848673
,2299,1,1,0.88486797
,2299,2,3,1.0
,2299,3,0,0.9990683
,2300,0,1,0.8849991
,2300,1,1,0.8849992
,2300,2,0,0.999083
,2300,3,2,1.0
,2301,0,1,0.8850205
,2301,1,1,0.8850205
,2301,2,2,1.0
,2301,3,0,0.997319
,2302,0,1,0.88489413
,2302,1,1,0.88489413
,2302,2,0,0.997318
,2302,3,3,1.0
,2303,0,1,0.88487417
,2303,1,1,0.8848743
,2303,2,3,1.0
,2303,3,0,0.9968066
,2304,0,1,0.88486904
,2304,1,1,0.88486964
,2304,2,0,0.99680626
,2304,3,3,1.0
,2305,0,1,0.8848628
,2305,1,1,0.8848659
,2305,2,3,1.0
,2305,3,0,0.9990683
,2306,0,1,0.8849832
,2306,1,1,0.88500077
,2306,2,0,0.9968559
,2306,3,2,1.0
,2307,0,1,0.8847882
,2307,1,1,0.88488925
,2307,2,3,1.0
,2307,3,0,0.9973177
,2308,0,1,0.8842924
,2308,1,1,0.8848692
,2308,2,0,0.99906844
,2308,3,3,1.0
,2309,0,1,0.8817076
,2309,1,1,0.8850017
,2309,2,2,1.0
,2309,3,0,0.9968558
,2310,0,1,0.86606455
,2310,1,1,0.884891
,2310,2,0,0.99731827
,2310,3,3,1.0
,2311,0,1,0.77734953
,2311,1,1,0.8848721
,2311,2,3,1.0
,2311,3,0,0.9968078
,2312,0,0,0.7291717
,2312,1,1,0.88484204
,2312,2,0,0.97510266
,2312,3,3,1.0
,2313,0,3,1.0
,2313,1,1,0.8848343
,2313,2,0,0.96131444
,2313,3,0,0.9751544
,2314,0,0,0.9383888
,2314,1,1,0.88483477
,2314,2,2,1.0
,2314,3,0,0.961283
,2315,0,1,0.74097025
,2315,1,1,0.8844322
,2315,2,0,0.99731874
,2315,3,2,1.0
,2316,0,1,0.85964394
,2316,1,1,0.88159305
,2316,2,3,1.0
,2316,3,0,0.99921745
,2317,0,1,0.88049656
,2317,1,1,0.866193
,2317,2,0,0.9968557
,2317,3,2,1.0
,2318,0,1,0.8835864
,2318,1,1,0.77737725
,2318,2,3,1.0
,2318,3,0,0.99732006
,2319,0,1,0.8816947
,2319,1,0,0.729177
,2319,2,0,0.97510195
,2319,3,3,1.0
,2320,0,1,0.8676089
,2320,1,3,1.0
,2320,2,0,0.96131533
,2320,3,0,0.97074777
,2321,0,1,0.78662646
,2321,1,0,0.9401349
,2321,2,2,1.0
,2321,3,0,0.8785463
,2322,0,0,0.6767787
,2322,1,1,0.70708734
,2322,2,0,0.97361475
,2322,3,3,1.0
,2323,0,3,1.0
,2323,1,1,0.7528367
,2323,2,0,0.83189356
,2323,3,0,0.8511435
,2324,0,0,0.9367142
,2324,1,0,0.7134747
,2324,2,3,1.0
,2324,3,1,0.77554494
,2325,0,0,0.8715
,2325,1,3,1.0
,2325,2,0,0.9505598
,2325,3,1,0.86533314
,2326,0,3,1.0
,2326,1,0,0.9968149
,2326,2,1,0.52308357
,2326,3,1,0.8782022
,2327,0,0,0.93768644
,2327,1,3,1.0
,2327,2,0,0.9206607
,2327,3,1,0.8653505
,2328,0,1,0.7397613
,2328,1,0,0.99685615
,2328,2,2,1.0
,2328,3,1,0.777376
,2329,0,1,0.85481
,2329,1,3,1.0
,2329,2,0,0.973901
,2329,3,0,0.72919065
,2330,0,1,0.8561965
,2330,1,0,0.9384356
,2330,2,0,0.84746873
,2330,3,3,1.0
,2331,0,1,0.7625655
,2331,1,1,0.75507504
,2331,2,3,1.0
,2331,3,0,0.9922371
,2332,0,0,0.9005204
,2332,1,1,0.84390426
,2332,2,0,0.9394081
,2332,3,3,1.0
,2333,0,2,1.0
,2333,1,1,0.7976917
,2333,2,1,0.7614736
,2333,3,0,0.9929366
,2334,0,0,0.9551061
,2334,1,0,0.6690339
,2334,2,1,0.8625506
,2334,3,3,1.0
,2335,0,1,0.5899422
,2335,1,3,1.0
,2335,2,1,0.8895766
,2335,3,0,0.9897553
,2336,0,0,0.74774474
,2336,1,0,0.8675363
,2336,2,1,0.8946656
,2336,3,3,1.0
,2337,0,3,1.0
,2337,1,1,0.75364906
,2337,2,1,0.8839986
,2337,3,0,0.99909776
,2338,0,0,0.9968594
,2338,1,1,0.8620329
,2338,2,1,0.86840004
,2338,3,2,1.0
,2339,0,3,1.0
,2339,1,1,0.8807394
,2339,2,1,0.78773123
,2339,3,0,0.9973203
,2340,0,0,0.9380723
,2340,1,1,0.88339746
,2340,2,0,0.6706333
,2340,3,3,1.0
,2341,0,1,0.76068443
,2341,1,1,0.8938905
,2341,2,3,1.0
,2341,3,0,0.9977911
,2342,0,1,0.8636654
,2342,1,1,0.8869093
,2342,2,0,0.999119
,2342,3,2,1.0
,2343,0,1,0.88127416
,2343,1,1,0.8853566
,2343,2,2,1.0
,2343,3,0,0.9992177
,2344,0,1,0.88425046
,2344,1,1,0.8850557
,2344,2,0,0.99921757
,2344,3,2,1.0
,2345,0,1,0.884237
,2345,1,1,0.88489646
,2345,2,2,1.0
,2345,3,0,0.99731815
,2346,0,1,0.88104284
,2346,1,1,0.8841205
,2346,2,0,0.99921376
,2346,3,3,1.0
,2347,0,1,0.87714195
,2347,1,1,0.8945771
,2347,2,2,1.0
,2347,3,0,0.9929189
,2348,0,1,0.7806304
,2348,1,1,0.886781
,2348,2,0,0.9992178
,2348,3,3,1.0
,2349,0,0,0.7282389
,2349,1,1,0.8852972
,2349,2,2,1.0
,2349,3,0,0.9711055
,2350,0,3,1.0
,2350,1,1,0.8849186
,2350,2,0,0.9753538
,2350,3,0,0.87873805
,2351,0,0,0.93777347
,2351,1,1,0.8846898
,2351,2,0,0.879501
,2351,3,3,1.0
,2352,0,1,0.7392362
,2352,1,1,0.88391656
,2352,2,3,1.0
,2352,3,0,0.9958131
,2353,0,1,0.86940175
,2353,1,1,0.8924501
,2353,2,0,0.99772877
,2353,3,3,1.0
,2354,0,1,0.89286023
,2354,1,1,0.8930508
,2354,2,2,1.0
,2354,3,0,0.99356836
,2355,0,1,0.88577193
,2355,1,1,0.8641571
,2355,2,0,0.99921423
,2355,3,3,1.0
,2356,0,1,0.8948404
,2356,1,1,0.7659818
,2356,2,2,1.0
,2356,3,0,0.99292445
,2357,0,1,0.886771
,2357,1,0,0.9006372
,2357,2,0,0.95719635
,2357,3,3,1.0
,2358,0,1,0.88520306
,2358,1,2,1.0
,2358,2,1,0.5216737
,2358,3,0,0.9968571
,2359,0,1,0.8841535
,2359,1,0,0.9476922
,2359,2,0,0.92041725
,2359,3,3,1.0
,2360,0,1,0.89459884
,2360,1,1,0.76040095
,2360,2,2,1.0
,2360,3,0,0.9929337
,2361,0,1,0.88678455
,2361,1,1,0.8633244
,2361,2,0,0.9992178
,2361,3,3,1.0
,2362,0,1,0.8853184
,2362,1,1,0.88121396
,2362,2,2,1.0
,2362,3,0,0.9990838
,2363,0,1,0.8849394
,2363,1,1,0.8842207
,2363,2,0,0.997318
,2363,3,2,1.0
,2364,0,1,0.88410807
,2364,1,1,0.8839816
,2364,2,3,1.0
,2364,3,0,0.99921376
,2365,0,1,0.8944638
,2365,1,1,0.8944434
,2365,2,0,0.99292123
,2365,3,2,1.0
,2366,0,1,0.8860689
,2366,1,1,0.8860653
,2366,2,3,1.0
,2366,3,0,0.99649096
,2367,0,1,0.8939377
,2367,1,1,0.89393705
,2367,2,0,0.9921304
,2367,3,3,1.0
,2368,0,1,0.8859625
,2368,1,1,0.8859624
,2368,2,3,1.0
,2368,3,0,0.9959227
,2369,0,1,0.89390063
,2369,1,1,0.89390063
,2369,2,0,0.9921299
,2369,3,3,1.0
,2370,0,1,0.8858396
,2370,1,1,0.8858396
,2370,2,3,1.0
,2370,3,0,0.9959081
,2371,0,1,0.8933813
,2371,1,1,0.8933813
,2371,2,0,0.997734
,2371,3,3,1.0
,2372,0,1,0.8968291
,2372,1,1,0.8968291
,2372,2,2,1.0
,2372,3,0,0.9935727
,2373,0,1,0.88719434
,2373,1,1,0.88719434
,2373,2,0,0.9973185
,2373,3,3,1.0
,2374,0,1,0.88525295
,2374,1,1,0.88525295
,2374,2,3,1.0
,2374,3,0,0.9990689
,2375,0,1,0.88492334
,2375,1,1,0.88492334
,2375,2,0,0.9968557
,2375,3,2,1.0
,2376,0,1,0.8840462
,2376,1,1,0.8840462
,2376,2,3,1.0
,2376,3,0,0.9964777
,2377,0,1,0.89306045
,2377,1,1,0.89306045
,2377,2,0,0.9977285
,2377,3,3,1.0
,2378,0,1,0.8967652
,2378,1,1,0.8967652
,2378,2,2,1.0
,2378,3,0,0.9981385
,2379,0,1,0.88729924
,2379,1,1,0.88729924
,2379,2,0,0.9973202
,2379,3,2,1.0
,2380,0,1,0.884473
,2380,1,1,0.884473
,2380,2,3,1.0
,2380,3,0,0.9964777
,2381,0,1,0.89313424
,2381,1,1,0.89313424
,2381,2,0,0.99772877
,2381,3,3,1.0
,2382,0,1,0.8967963
,2382,1,1,0.8967963
,2382,2,2,1.0
,2382,3,0,0.9981385
,2383,0,1,0.8874229
,2383,1,1,0.8874229
,2383,2,0,0.9973202
,2383,3,2,1.0
,2384,0,1,0.8851776
,2384,1,1,0.8851776
,2384,2,3,1.0
,2384,3,0,0.99731815
,2385,0,1,0.88409024
,2385,1,1,0.88409024
,2385,2,0,0.9958243
,2385,3,3,1.0
,2386,0,1,0.8928514
,2386,1,1,0.8928514
,2386,2,3,1.0
,2386,3,0,0.98937464
,2387,0,1,0.8955027
,2387,1,1,0.8955027
,2387,2,0,0.9980012
,2387,3,3,1.0
,2388,0,1,0.8972494
,2388,1,1,0.8972494
,2388,2,2,1.0
,2388,3,0,0.9936413
,2389,0,1,0.8872495
,2389,1,1,0.8872495
,2389,2,0,0.9992178
,2389,3,3,1.0
,2390,0,1,0.8852918
,2390,1,1,0.8852917
,2390,2,2,1.0
,2390,3,0,0.99685806
,2391,0,1,0.88418335
,2391,1,1,0.88418335
,2391,2,0,0.99921376
,2391,3,3,1.0
,2392,0,1,0.8946155
,2392,1,1,0.8946155
,2392,2,2,1.0
,2392,3,0,0.9979529
,2393,0,1,0.8870173
,2393,1,1,0.8870173
,2393,2,0,0.9992183
,2393,3,2,1.0
,2394,0,1,0.8852516
,2394,1,1,0.8852516
,2394,2,2,1.0
,2394,3,0,0.99731815
,2395,0,1,0.8841829
,2395,1,1,0.8841829
,2395,2,0,0.99921376
,2395,3,3,1.0
,2396,0,1,0.89458895
,2396,1,1,0.89458895
,2396,2,2,1.0
,2396,3,0,0.9929204
,2397,0,1,0.8867834
,2397,1,1,0.8867834
,2397,2,0,0.9992178
,2397,3,3,1.0
,2398,0,1,0.8853188
,2398,1,1,0.8853188
,2398,2,2,1.0
,2398,3,0,0.99685866
,2399,0,1,0.8848011
,2399,1,1,0.8848011
,2399,2,0,0.997318
,2399,3,3,1.0
,2400,0,1,0.8840271
,2400,1,1,0.8840271
,2400,2,3,1.0
,2400,3,0,0.9958068
,2401,0,1,0.8930625
,2401,1,1,0.8930625
,2401,2,0,0.99772877
,2401,3,3,1.0
,2402,0,1,0.8967886
,2402,1,1,0.8967886
,2402,2,2,1.0
,2402,3,0,0.9981385
,2403,0,1,0.8874451
,2403,1,1,0.8874451
,2403,2,0,0.99731994
,2403,3,2,1.0
,2404,0,1,0.885321
,2404,1,1,0.885321
,2404,2,3,1.0
,2404,3,0,0.99921745
,2405,0,1,0.88507897
,2405,1,1,0.88507897
,2405,2,0,0.9968557
,2405,3,2,1.0
,2406,0,1,0.88489705
,2406,1,1,0.88489705
,2406,2,3,1.0
,2406,3,0,0.99921745
,2407,0,1,0.88500386
,2407,1,1,0.88500386
,2407,2,0,0.999083
,2407,3,2,1.0
,2408,0,1,0.8850198
,2408,1,1,0.88501966
,2408,2,2,1.0
,2408,3,0,0.99731874
,2409,0,1,0.8848884
,2409,1,1,0.8848884
,2409,2,0,0.99921757
,2409,3,3,1.0
,2410,0,1,0.8850049
,2410,1,1,0.8850049
,2410,2,2,1.0
,2410,3,0,0.9968558
,2411,0,1,0.8848913
,2411,1,1,0.8848913
,2411,2,0,0.997318
,2411,3,3,1.0
,2412,0,1,0.8848721
,2412,1,1,0.8848721
,2412,2,3,1.0
,2412,3,0,0.99680626
,2413,0,1,0.8848643
,2413,1,1,0.8848643
,2413,2,0,0.99906844
,2413,3,3,1.0
,2414,0,1,0.8849969
,2414,1,1,0.8849969
,2414,2,2,1.0
,2414,3,0,0.99908286
,2415,0,1,0.88501596
,2415,1,1,0.88501596
,2415,2,0,0.99921757
,2415,3,2,1.0
,2416,0,1,0.8850228
,2416,1,1,0.8850228
,2416,2,2,1.0
,2416,3,0,0.997319
,2417,0,1,0.8848925
,2417,1,1,0.8848925
,2417,2,0,0.9973178
,2417,3,3,1.0
,2418,0,1,0.88486797
,2418,1,1,0.88486797
,2418,2,3,1.0
,2418,3,0,0.9990683
,2419,0,1,0.88499886
,2419,1,1,0.88499886
,2419,2,0,0.999083
,2419,3,2,1.0
,2420,0,1,0.8850188
,2420,1,1,0.8850188
,2420,2,2,1.0
,2420,3,0,0.99731874
,2421,0,1,0.88488823
,2421,1,1,0.88488823
,2421,2,0,0.99921757
,2421,3,3,1.0
,2422,0,1,0.8850049
,2422,1,1,0.8850049
,2422,2,2,1.0
,2422,3,0,0.9968558
,2423,0,1,0.88489157
,2423,1,1,0.88489157
,2423,2,0,0.997318
,2423,3,3,1.0
,2424,0,1,0.8848741
,2424,1,1,0.8848741
,2424,2,3,1.0
,2424,3,0,0.9968066
,2425,0,1,0.8848706
,2425,1,1,0.88487047
,2425,2,0,0.99680674
,2425,3,3,1.0
,2426,0,1,0.8848665
,2426,1,1,0.8848665
,2426,2,3,1.0
,2426,3,0,0.9968066
,2427,0,1,0.88484645
,2427,1,1,0.88484645
,2427,2,0,0.99680674
,2427,3,3,1.0
,2428,0,1,0.8847323
,2428,1,1,0.8847323
,2428,2,3,1.0
,2428,3,0,0.99680567
,2429,0,1,0.88409555
,2429,1,1,0.88409555
,2429,2,0,0.9990646
,2429,3,3,1.0
,2430,0,1,0.8945768
,2430,1,1,0.8945768
,2430,2,2,1.0
,2430,3,0,0.9929215
,2431,0,1,0.88678646
,2431,1,1,0.88678646
,2431,2,0,0.9973185
,2431,3,3,1.0
,2432,0,1,0.8852024
,2432,1,1,0.8852024
,2432,2,3,1.0
,2432,3,0,0.9990689
,2433,0,1,0.88503635
,2433,1,1,0.88503635
,2433,2,0,0.9968559
,2433,3,2,1.0
,2434,0,1,0.8847612
,2434,1,1,0.8847612
,2434,2,3,1.0
,2434,3,0,0.9973171
,2435,0,1,0.88409036
,2435,1,1,0.88409036
,2435,2,0,0.99906486
,2435,3,3,1.0
,2436,0,1,0.89458287
,2436,1,1,0.89458287
,2436,2,2,1.0
,2436,3,0,0.99795276
,2437,0,1,0.88689506
,2437,1,1,0.88689506
,2437,2,0,0.9973202
,2437,3,2,1.0
,2438,0,1,0.8844205
,2438,1,1,0.8844205
,2438,2,3,1.0
,2438,3,0,0.9964939
,2439,0,1,0.89302295
,2439,1,1,0.89302295
,2439,2,0,0.98937875
,2439,3,3,1.0
,2440,0,1,0.89622515
,2440,1,1,0.89622515
,2440,2,3,1.0
,2440,3,0,0.99800014
,2441,0,1,0.8873473
,2441,1,1,0.8873473
,2441,2,0,0.999122
,2441,3,2,1.0
,2442,0,1,0.8854421
,2442,1,1,0.8854421
,2442,2,2,1.0
,2442,3,0,0.99731874
,2443,0,1,0.8849626
,2443,1,1,0.8849626
,2443,2,0,0.99921757
,2443,3,3,1.0
,2444,0,1,0.88501763
,2444,1,1,0.88501763
,2444,2,2,1.0
,2444,3,0,0.9968558
,2445,0,1,0.8848922
,2445,1,1,0.8848922
,2445,2,0,0.9973178
,2445,3,3,1.0
,2446,0,1,0.88486975
,2446,1,1,0.88486975
,2446,2,3,1.0
,2446,3,0,0.9990683
,2447,0,1,0.8850017
,2447,1,1,0.8850017
,2447,2,0,0.9968559
,2447,3,2,1.0
,2448,0,1,0.88489074
,2448,1,1,0.88489074
,2448,2,3,1.0
,2448,3,0,0.997318
,2449,0,1,0.8848723
,2449,1,1,0.8848723
,2449,2,0,0.99680626
,2449,3,3,1.0
,2450,0,1,0.88486636
,2450,1,1,0.88486636
,2450,2,3,1.0
,2450,3,0,0.9990683
,2451,0,1,0.8850009
,2451,1,1,0.8850009
,2451,2,0,0.9968559
,2451,3,2,1.0
,2452,0,1,0.8848892
,2452,1,1,0.8848892
,2452,2,3,1.0
,2452,3,0,0.9973177
,2453,0,1,0.8848689
,2453,1,1,0.8848689
,2453,2,0,0.99906844
,2453,3,3,1.0
,2454,0,1,0.88500005
,2454,1,1,0.88500005
,2454,2,2,1.0
,2454,3,0,0.99685556
,2455,0,1,0.8848847
,2455,1,1,0.8848847
,2455,2,0,0.99921757
,2455,3,3,1.0
,2456,0,1,0.88500226
,2456,1,1,0.88500226
,2456,2,2,1.0
,2456,3,0,0.99685556
,2457,0,1,0.8848829
,2457,1,1,0.8848829
,2457,2,0,0.99921757
,2457,3,3,1.0
,2458,0,1,0.8849972
,2458,1,1,0.8849972
,2458,2,2,1.0
,2458,3,0,0.99908286
,2459,0,1,0.8849947
,2459,1,1,0.8849947
,2459,2,0,0.997319
,2459,3,2,0.99999905
,2460,0,1,0.8847437
,2460,1,1,0.8847437
,2460,2,3,1.0
,2460,3,0,0.99731815
,2461,0,1,0.8840134
,2461,1,1,0.8840134
,2461,2,0,0.9958243
,2461,3,3,1.0
,2462,0,1,0.89283776
,2462,1,1,0.89283776
,2462,2,3,1.0
,2462,3,0,0.9893743
,2463,0,1,0.8954962
,2463,1,1,0.8954959
,2463,2,0,0.9980022
,2463,3,3,1.0
,2464,0,1,0.89724004
,2464,1,1,0.897238
,2464,2,2,1.0
,2464,3,0,0.9981588
,2465,0,1,0.88738537
,2465,1,1,0.8873722
,2465,2,0,0.9973202
,2465,3,2,1.0
,2466,0,1,0.88448906
,2466,1,1,0.88441294
,2466,2,3,1.0
,2466,3,0,0.9964782
,2467,0,1,0.893134
,2467,1,1,0.8926986
,2467,2,0,0.99772733
,2467,3,3,1.0
,2468,0,1,0.896767
,2468,1,1,0.8941321
,2468,2,2,1.0
,2468,3,0,0.99357104
,2469,0,1,0.88705707
,2469,1,1,0.8707564
,2469,2,0,0.9973197
,2469,3,3,1.0
,2470,0,1,0.8844861
,2470,1,1,0.7900247
,2470,2,3,1.0
,2470,3,0,0.9958918
,2471,0,1,0.8925
,2471,1,0,0.6477264
,2471,2,0,0.9257765
,2471,3,3,1.0
,2472,0,1,0.8958002
,2472,1,3,1.0
,2472,2,0,0.8558941
,2472,3,0,0.94658154
,2473,0,1,0.88627326
,2473,1,0,0.9759012
,2473,2,3,1.0
,2473,3,0,0.95859015
,2474,0,1,0.89453447
,2474,1,0,0.9571196
,2474,2,0,0.93467593
,2474,3,2,0.99900126
,2475,0,1,0.886966
,2475,1,2,1.0
,2475,2,0,0.8708842
,2475,3,0,0.97536886
,2476,0,1,0.8852308
,2476,1,0,0.9473131
,2476,2,3,1.0
,2476,3,0,0.8794613
,2477,0,1,0.8849186
,2477,1,1,0.7391172
,2477,2,0,0.99906987
,2477,3,3,1.0
,2478,0,1,0.88487357
,2478,1,1,0.85934544
,2478,2,2,1.0
,2478,3,0,0.9968553
,2479,0,1,0.8840942
,2479,1,1,0.87960154
,2479,2,0,0.99921376
,2479,3,3,1.0
,2480,0,1,0.89444923
,2480,1,1,0.8937237
,2480,2,2,1.0
,2480,3,0,0.99291843
,2481,0,1,0.88600963
,2481,1,1,0.88588226
,2481,2,0,0.999214
,2481,3,3,1.0
,2482,0,1,0.8947731
,2482,1,1,0.89475256
,2482,2,2,1.0
,2482,3,0,0.99293804
,2483,0,1,0.88602144
,2483,1,1,0.88601786
,2483,2,0,0.9964935
,2483,3,3,1.0
,2484,0,1,0.8933082
,2484,1,1,0.89330757
,2484,2,3,1.0
,2484,3,0,0.98941475
,2485,0,1,0.896249
,2485,1,1,0.8962489
,2485,2,0,0.9930853
,2485,3,3,1.0
,2486,0,1,0.8870951
,2486,1,1,0.8870951
,2486,2,3,1.0
,2486,3,0,0.99909455
,2487,0,1,0.88539773
,2487,1,1,0.88539773
,2487,2,0,0.9968588
,2487,3,2,1.0
,2488,0,1,0.8849548
,2488,1,1,0.8849548
,2488,2,3,1.0
,2488,3,0,0.99921745
,2489,0,1,0.88501555
,2489,1,1,0.88501555
,2489,2,0,0.9968557
,2489,3,2,1.0
,2490,0,1,0.8848877
,2490,1,1,0.8848877
,2490,2,3,1.0
,2490,3,0,0.9973177
,2491,0,1,0.8848455
,2491,1,1,0.8848454
,2491,2,0,0.99906844
,2491,3,3,1.0
,2492,0,1,0.88486373
,2492,1,1,0.8848632
,2492,2,2,1.0
,2492,3,0,0.99685496
,2493,0,1,0.8841146
,2493,1,1,0.88411176
,2493,2,0,0.99921376
,2493,3,3,1.0
,2494,0,1,0.8945786
,2494,1,1,0.8945623
,2494,2,2,1.0
,2494,3,0,0.9929204
,2495,0,1,0.8867856
,2495,1,1,0.8866864
,2495,2,0,0.9992178
,2495,3,3,1.0
,2496,0,1,0.88534266
,2496,1,1,0.8847686
,2496,2,2,1.0
,2496,3,0,0.9968584
,2497,0,1,0.8849433
,2497,1,1,0.8816553
,2497,2,0,0.99921757
,2497,3,3,1.0
,2498,0,1,0.88501036
,2498,1,1,0.86622435
,2498,2,2,1.0
,2498,3,0,0.99908286
,2499,0,1,0.88501513
,2499,1,1,0.77763844
,2499,2,0,0.99921757
,2499,3,2,1.0
,2500,0,1,0.88499844
,2500,1,0,0.72875154
,2500,2,2,1.0
,2500,3,0,0.95719683
,2501,0,1,0.8849076
,2501,1,3,1.0
,2501,2,0,0.9973209
,2501,3,1,0.5212527
,2502,0,1,0.8848329
,2502,1,0,0.9376748
,2502,2,3,1.0
,2502,3,0,0.9208098
,2503,0,1,0.88499606
,2503,1,1,0.7400378
,2503,2,0,0.9968564
,2503,3,2,1.0
,2504,0,1,0.884886
,2504,1,1,0.85579735
,2504,2,3,1.0
,2504,3,0,0.9973178
,2505,0,1,0.88485307
,2505,1,1,0.861042
,2505,2,0,0.9990682
,2505,3,3,1.0
,2506,0,1,0.8849065
,2506,1,1,0.77628446
,2506,2,2,1.0
,2506,3,0,0.99685556
,2507,0,1,0.88435084
,2507,1,0,0.72920185
,2507,2,0,0.9473107
,2507,3,3,1.0
,2508,0,1,0.88190776
,2508,1,3,1.0
,2508,2,1,0.7391454
,2508,3,0,0.99681515
,2509,0,1,0.8678191
,2509,1,0,0.9968071
,2509,2,1,0.85919154
,2509,3,3,1.0
,2510,0,1,0.7874655
,2510,1,3,1.0
,2510,2,1,0.87955743
,2510,3,0,0.9968083
,2511,0,0,0.67138803
,2511,1,0,0.9468619
,2511,2,1,0.87936115
,2511,3,3,1.0
,2512,0,3,1.0
,2512,1,1,0.59061575
,2512,2,1,0.8712765
,2512,3,0,0.9923242
,2513,0,0,0.938919
,2513,1,0,0.76618403
,2513,2,1,0.75018924
,2513,3,3,1.0
,2514,0,1,0.7392335
,2514,1,3,1.0
,2514,2,0,0.90209997
,2514,3,0,0.97075367
,2515,0,1,0.85479313
,2515,1,0,0.93847317
,2515,2,2,1.0
,2515,3,0,0.8784734
,2516,0,1,0.856025
,2516,1,1,0.7391289
,2516,2,0,0.99648595
,2516,3,3,1.0
,2517,0,1,0.7613403
,2517,1,1,0.8693366
,2517,2,3,1.0
,2517,3,0,0.9977076
,2518,0,0,0.89137805
,2518,1,1,0.89267236
,2518,2,0,0.9412371
,2518,3,2,1.0
,2519,0,2,1.0
,2519,1,1,0.88652563
,2519,2,0,0.87214583
,2519,3,0,0.97389483
,2520,0,0,0.94773537
,2520,1,1,0.8843194
,2520,2,3,1.0
,2520,3,0,0.8468106
,2521,0,1,0.7575351
,2521,1,1,0.89324015
,2521,2,0,0.99777067
,2521,3,3,1.0
,2522,0,1,0.87492454
,2522,1,1,0.89669025
,2522,2,2,1.0
,2522,3,0,0.993583
,2523,0,1,0.88255036
,2523,1,1,0.88637453
,2523,2,0,0.99649256
,2523,3,3,1.0
,2524,0,1,0.8927444
,2524,1,1,0.89336926
,2524,2,3,1.0
,2524,3,0,0.9894133
,2525,0,1,0.89618427
,2525,1,1,0.8962849
,2525,2,0,0.99800074
,2525,3,3,1.0
,2526,0,1,0.8873351
,2526,1,1,0.88735265
,2526,2,2,1.0
,2526,3,0,0.9969865
,2527,0,1,0.8852976
,2527,1,1,0.88530064
,2527,2,0,0.99921757
,2527,3,3,1.0
,2528,0,1,0.8850512
,2528,1,1,0.8850517
,2528,2,2,1.0
,2528,3,0,0.9968559
,2529,0,1,0.8847531
,2529,1,1,0.8847532
,2529,2,0,0.997319
,2529,3,3,1.0
,2530,0,1,0.88399804
,2530,1,1,0.88399804
,2530,2,3,1.0
,2530,3,0,0.96860313
,2531,0,1,0.8929705
,2531,1,1,0.8929705
,2531,2,2,1.0
,2531,3,0,0.82833
,2532,0,1,0.89545166
,2532,1,1,0.89545166
,2532,2,0,0.9742326
,2532,3,3,1.0
,2533,0,1,0.89672583
,2533,1,1,0.89672583
,2533,2,3,1.0
,2533,3,0,0.9932009
,2534,0,1,0.88718224
,2534,1,1,0.88718224
,2534,2,0,0.9968954
,2534,3,3,1.0
,2535,0,1,0.8852787
,2535,1,1,0.8852788
,2535,2,3,1.0
,2535,3,0,0.9968083
,2536,0,1,0.88493556
,2536,1,1,0.8849357
,2536,2,0,0.99906844
,2536,3,3,1.0
,2537,0,1,0.8850087
,2537,1,1,0.8850094
,2537,2,2,1.0
,2537,3,0,0.99908286
,2538,0,1,0.8850142
,2538,1,1,0.8850181
,2538,2,0,0.99921757
,2538,3,2,1.0
,2539,0,1,0.88500065
,2539,1,1,0.8850227
,2539,2,2,1.0
,2539,3,0,0.997319
,2540,0,1,0.88476354
,2540,1,1,0.8848898
,2540,2,0,0.9973178
,2540,3,3,1.0
,2541,0,1,0.8841306
,2541,1,1,0.88485193
,2541,2,3,1.0
,2541,3,0,0.9990683
,2542,0,1,0.8807802
,2542,1,1,0.8848993
,2542,2,0,0.9968557
,2542,3,2,1.0
,2543,0,1,0.860767
,2543,1,1,0.8843085
,2543,2,3,1.0
,2543,3,0,0.99921745
,2544,0,1,0.7472556
,2544,1,1,0.88170743
,2544,2,0,0.9968552
,2544,3,2,1.0
,2545,0,0,0.9023488
,2545,1,1,0.8660565
,2545,2,3,1.0
,2545,3,0,0.9475929
,2546,0,2,1.0
,2546,1,1,0.7775935
,2546,2,0,0.9968564
,2546,3,1,0.73321587
,2547,0,0,0.9473082
,2547,1,0,0.72896
,2547,2,3,1.0
,2547,3,1,0.8371565
,2548,0,1,0.7391883
,2548,1,3,1.0
,2548,2,0,0.99681693
,2548,3,1,0.7698686
,2549,0,1,0.85931516
,2549,1,0,0.93762565
,2549,2,3,1.0
,2549,3,0,0.7304919
,2550,0,1,0.8804142
,2550,1,1,0.7408793
,2550,2,0,0.9990708
,2550,3,3,1.0
,2551,0,1,0.8842217
,2551,1,1,0.85981214
,2551,2,2,1.0
,2551,3,0,0.99685603
,2552,0,1,0.8847471
,2552,1,1,0.8804724
,2552,2,0,0.99921757
,2552,3,3,1.0
,2553,0,1,0.8849779
,2553,1,1,0.88423014
,2553,2,2,1.0
,2553,3,0,0.99908286
,2554,0,1,0.8850168
,2554,1,1,0.884886
,2554,2,0,0.997319
,2554,3,2,1.0
,2555,0,1,0.8848936
,2555,1,1,0.8848706
,2555,2,3,1.0
,2555,3,0,0.997318
,2556,0,1,0.8848745
,2556,1,1,0.8848704
,2556,2,0,0.9968065
,2556,3,3,1.0
,2557,0,1,0.88487095
,2557,1,1,0.8848703
,2557,2,3,1.0
,2557,3,0,0.9968066
,2558,0,1,0.8848686
,2558,1,1,0.8848685
,2558,2,0,0.99680626
,2558,3,3,1.0
,2559,0,1,0.88486373
,2559,1,1,0.8848636
,2559,2,3,1.0
,2559,3,0,0.9990683
,2560,0,1,0.8849969
,2560,1,1,0.8849968
,2560,2,0,0.999083
,2560,3,2,1.0
,2561,0,1,0.88501596
,2561,1,1,0.88501585
,2561,2,2,1.0
,2561,3,0,0.9992177
,2562,0,1,0.88502294
,2562,1,1,0.8850222
,2562,2,0,0.997319
,2562,3,2,1.0
,2563,0,1,0.8848925
,2563,1,1,0.88488865
,2563,2,3,1.0
,2563,3,0,0.9973177
,2564,0,1,0.8848681
,2564,1,1,0.8848454
,2564,2,0,0.99906844
,2564,3,3,1.0
,2565,0,1,0.8849992
,2565,1,1,0.8848699
,2565,2,2,1.0
,2565,3,0,0.99908286
,2566,0,1,0.8850202
,2566,1,1,0.88428134
,2566,2,0,0.997319
,2566,3,2,1.0
,2567,0,1,0.88489246
,2567,1,1,0.88066924
,2567,2,3,1.0
,2567,3,0,0.9973178
,2568,0,1,0.8848696
,2568,1,1,0.86074895
,2568,2,0,0.9990682
,2568,3,3,1.0
,2569,0,1,0.88499624
,2569,1,1,0.7472508
,2569,2,2,1.0
,2569,3,0,0.9968553
,2570,0,1,0.8848663
,2570,1,0,0.9023511
,2570,2,0,0.9753545
,2570,3,3,1.0
,2571,0,1,0.88496006
,2571,1,2,1.0
,2571,2,0,0.8794297
,2571,3,0,0.975435
,2572,0,1,0.88486755
,2572,1,0,0.9473144
,2572,2,3,1.0
,2572,3,0,0.9613408
,2573,0,1,0.88500154
,2573,1,1,0.7394203
,2573,2,0,0.9990349
,2573,3,2,1.0
,2574,0,1,0.8850209
,2574,1,1,0.8595331
,2574,2,2,0.97836286
,2574,3,0,0.997319
,2575,0,1,0.8848922
,2575,1,1,0.8803283
,2575,2,0,0.99730664
,2575,3,3,1.0
,2576,0,1,0.8848677
,2576,1,1,0.8835077
,2576,2,3,1.0
,2576,3,0,0.9990683
,2577,0,1,0.8849975
,2577,1,1,0.8815702
,2577,2,0,0.999083
,2577,3,2,1.0
,2578,0,1,0.88501585
,2578,1,1,0.86620104
,2578,2,2,1.0
,2578,3,0,0.9992177
,2579,0,1,0.8850195
,2579,1,1,0.7776244
,2579,2,0,0.9973202
,2579,3,2,1.0
,2580,0,1,0.884877
,2580,1,0,0.72893405
,2580,2,3,1.0
,2580,3,0,0.94758964
,2581,0,1,0.88489264
,2581,1,3,1.0
,2581,2,0,0.9968148
,2581,3,1,0.7329893
,2582,0,1,0.8848688
,2582,1,0,0.9990683
,2582,2,3,1.0
,2582,3,1,0.8371594
,2583,0,1,0.88499415
,2583,1,2,1.0
,2583,2,0,0.99908227
,2583,3,1,0.77011395
,2584,0,1,0.8849855
,2584,1,0,0.947324
,2584,2,2,0.99999714
,2584,3,0,0.7299478
,2585,0,1,0.88493687
,2585,1,1,0.73924464
,2585,2,0,0.9973185
,2585,3,3,1.0
,2586,0,1,0.8847433
,2586,1,1,0.8592075
,2586,2,3,1.0
,2586,3,0,0.9968053
,2587,0,1,0.88407487
,2587,1,1,0.87958103
,2587,2,0,0.9990646
,2587,3,3,1.0
,2588,0,1,0.8944466
,2588,1,1,0.89372087
,2588,2,2,1.0
,2588,3,0,0.99291867
,2589,0,1,0.88601005
,2589,1,1,0.88588256
,2589,2,0,0.999214
,2589,3,3,1.0
,2590,0,1,0.8947807
,2590,1,1,0.8947597
,2590,2,2,1.0
,2590,3,0,0.99293524
,2591,0,1,0.88608766
,2591,1,1,0.88608164
,2591,2,0,0.999214
,2591,3,3,1.0
,2592,0,1,0.8948977
,2592,1,1,0.89488345
,2592,2,2,1.0
,2592,3,0,0.99293816
,2593,0,1,0.8867262
,2593,1,1,0.88664263
,2593,2,0,0.997319
,2593,3,3,1.0
,2594,0,1,0.884512
,2594,1,1,0.8840292
,2594,2,3,1.0
,2594,3,0,0.9958256
,2595,0,1,0.89376026
,2595,1,1,0.89100003
,2595,2,0,0.992107
,2595,3,3,1.0
,2596,0,1,0.8865341
,2596,1,1,0.86981905
,2596,2,3,1.0
,2596,3,0,0.9968848
,2597,0,1,0.8845793
,2597,1,1,0.78805894
,2597,2,0,0.9968101
,2597,3,3,1.0
,2598,0,1,0.8814377
,2598,1,0,0.6708195
,2598,2,3,1.0
,2598,3,0,0.94677985
,2599,0,1,0.8784327
,2599,1,3,1.0
,2599,2,0,0.99776924
,2599,3,1,0.59247035
,2600,0,1,0.80678564
,2600,1,0,0.877894
,2600,2,2,1.0
,2600,3,0,0.745935
,2601,0,0,0.6661236
,2601,1,1,0.75049925
,2601,2,0,0.9569878
,2601,3,3,1.0
,2602,0,3,1.0
,2602,1,1,0.8722767
,2602,2,1,0.5475176
,2602,3,0,0.99235374
,2603,0,0,0.9388843
,2603,1,1,0.882808
,2603,2,0,0.9185287
,2603,3,3,1.0
,2604,0,1,0.7409127
,2604,1,1,0.8846474
,2604,2,2,1.0
,2604,3,0,0.99685854
,2605,0,1,0.8596521
,2605,1,1,0.88482344
,2605,2,0,0.99921757
,2605,3,3,1.0
,2606,0,1,0.88058853
,2606,1,1,0.88499194
,2606,2,2,1.0
,2606,3,0,0.99685556
,2607,0,1,0.8841119
,2607,1,1,0.8848829
,2607,2,0,0.99921757
,2607,3,3,1.0
,2608,0,1,0.8848648
,2608,1,1,0.88499975
,2608,2,2,1.0
,2608,3,0,0.9968558
,2609,0,1,0.8848429
,2609,1,1,0.8848665
,2609,2,0,0.997318
,2609,3,3,1.0
,2610,0,1,0.8847276
,2610,1,1,0.88473177
,2610,2,3,1.0
,2610,3,0,0.99680567
,2611,0,1,0.8840721
,2611,1,1,0.8840728
,2611,2,0,0.9990646
,2611,3,3,1.0
,2612,0,1,0.89444596
,2612,1,1,0.8944461
,2612,2,2,1.0
,2612,3,0,0.99291855
,2613,0,1,0.8860091
,2613,1,1,0.8860091
,2613,2,0,0.999214
,2613,3,3,1.0
,2614,0,1,0.894773
,2614,1,1,0.894773
,2614,2,2,1.0
,2614,3,0,0.99293804
,2615,0,1,0.88602155
,2615,1,1,0.88602144
,2615,2,0,0.9964935
,2615,3,3,1.0
,2616,0,1,0.89330834
,2616,1,1,0.89330834
,2616,2,3,1.0
,2616,3,0,0.98941475
,2617,0,1,0.8962493
,2617,1,1,0.8962493
,2617,2,0,0.9930865
,2617,3,3,1.0
,2618,0,1,0.88709015
,2618,1,1,0.88709015
,2618,2,3,1.0
,2618,3,0,0.9968938
,2619,0,1,0.8852342
,2619,1,1,0.8852342
,2619,2,0,0.9990689
,2619,3,3,1.0
,2620,0,1,0.88492495
,2620,1,1,0.88492495
,2620,2,2,1.0
,2620,3,0,0.999083
,2621,0,1,0.88422114
,2621,1,1,0.88422114
,2621,2,0,0.99921757
,2621,3,2,1.0
,2622,0,1,0.88041687
,2622,1,1,0.88041687
,2622,2,2,1.0
,2622,3,0,0.9992177
,2623,0,1,0.8587055
,2623,1,1,0.8587055
,2623,2,0,0.99731946
,2623,3,2,1.0
,2624,0,1,0.734463
,2624,1,1,0.734463
,2624,2,3,1.0
,2624,3,0,0.98037887
,2625,0,0,1.0
,2625,1,0,1.0
,2625,2,0,1.0
,2625,3,2,0.55023426
,2626,0,1,0.74877214
,2626,1,0,0.83503354
,2626,2,3,1.0
,2626,3,0,0.7819929
,2627,0,1,0.87210464
,2627,1,3,1.0
,2627,2,0,0.9904009
,2627,3,1,0.7854834
,2628,0,1,0.8943128
,2628,1,0,0.90033513
,2628,2,3,1.0
,2628,3,1,0.87790984
,2629,0,1,0.88589895
,2629,1,3,1.0
,2629,2,0,0.9956384
,2629,3,1,0.86820555
,2630,0,1,0.89640695
,2630,1,0,0.90177447
,2630,2,3,1.0
,2630,3,1,0.8090246
,2631,0,1,0.8862218
,2631,1,3,1.0
,2631,2,0,0.94840944
,2631,3,0,0.64969105
,2632,0,1,0.89663005
,2632,1,0,0.90150696
,2632,2,1,0.5971462
,2632,3,3,1.0
,2633,0,1,0.8871555
,2633,1,3,1.0
,2633,2,0,0.7645615
,2633,3,0,0.9394304
,2634,0,1,0.8852973
,2634,1,0,0.9968168
,2634,2,3,1.0
,2634,3,1,0.74057996
,2635,0,1,0.8849421
,2635,1,3,1.0
,2635,2,0,0.99680674
,2635,3,1,0.85959953
,2636,0,1,0.88486534
,2636,1,0,0.9990682
,2636,2,3,1.0
,2636,3,1,0.88042694
,2637,0,1,0.8849384
,2637,1,2,0.9999292
,2637,2,0,0.99908346
,2637,3,1,0.8841617
,2638,0,1,0.8848262
,2638,1,0,0.95523053
,2638,2,2,1.0
,2638,3,1,0.8846902
,2639,0,1,0.888554
,2639,1,1,0.5742643
,2639,2,3,1.0
,2639,3,1,0.8885308
,2640,0,1,0.88916546
,2640,1,0,0.7627111
,2640,2,3,1.0
,2640,3,1,0.8891615
,2641,0,1,0.88573325
,2641,1,3,1.0
,2641,2,0,0.9968481
,2641,3,1,0.88573253
,2642,0,1,0.8850242
,2642,1,0,0.9968076
,2642,2,3,1.0
,2642,3,1,0.8850241
,2643,0,1,0.8848976
,2643,1,3,1.0
,2643,2,0,0.99680674
,2643,3,1,0.88489753
,2644,0,1,0.88487536
,2644,1,0,0.9968066
,2644,2,3,1.0
,2644,3,1,0.8848748
,2645,0,1,0.8848711
,2645,1,3,1.0
,2645,2,0,0.99680674
,2645,3,1,0.88486797
,2646,0,1,0.8848687
,2646,1,0,0.99680626
,2646,2,3,1.0
,2646,3,1,0.8848511
,2647,0,1,0.884864
,2647,1,3,1.0
,2647,2,0,0.99906844
,2647,3,1,0.88476324
,2648,0,1,0.88499814
,2648,1,0,0.99908286
,2648,2,2,1.0
,2648,3,1,0.8844226
,2649,0,1,0.8850184
,2649,1,2,1.0
,2649,2,0,0.99731874
,2649,3,1,0.88172895
,2650,0,1,0.88488644
,2650,1,0,0.99921745
,2650,2,3,1.0
,2650,3,1,0.8660846
,2651,0,1,0.8849987
,2651,1,2,1.0
,2651,2,0,0.99908227
,2651,3,1,0.7776147
,2652,0,1,0.88499445
,2652,1,0,0.955311
,2652,2,2,1.0
,2652,3,0,0.72873485
,2653,0,1,0.88490427
,2653,1,1,0.56286913
,2653,2,0,0.99921757
,2653,3,3,1.0
,2654,0,1,0.88495195
,2654,1,0,0.7717167
,2654,2,2,1.0
,2654,3,0,0.93872035
,2655,0,1,0.8848957
,2655,1,3,1.0
,2655,2,0,0.99921757
,2655,3,1,0.73454976
,2656,0,1,0.88500255
,2656,1,0,0.99685615
,2656,2,2,1.0
,2656,3,1,0.83760756
,2657,0,1,0.88486403
,2657,1,3,1.0
,2657,2,0,0.9973202
,2657,3,1,0.76990634
,2658,0,1,0.8846943
,2658,1,0,0.96893334
,2658,2,3,1.0
,2658,3,0,0.7306883
,2659,0,1,0.8839796
,2659,1,0,0.8457172
,2659,2,0,0.9396572
,2659,3,3,1.0
,2660,0,1,0.8931719
,2660,1,3,1.0
,2660,2,1,0.73219234
,2660,3,0,0.9977685
,2661,0,1,0.89662826
,2661,1,0,0.9935779
,2661,2,1,0.77507144
,2661,3,2,1.0
,2662,0,1,0.8860872
,2662,1,3,1.0
,2662,2,0,0.65770817
,2662,3,0,0.9478659
,2663,0,1,0.895791
,2663,1,0,0.8657606
,2663,2,3,1.0
,2663,3,1,0.7624854
,2664,0,1,0.89821094
,2664,1,3,1.0
,2664,2,0,0.90003866
,2664,3,1,0.8770588
,2665,0,1,0.88726795
,2665,1,0,0.99692154
,2665,2,3,1.0
,2665,3,1,0.8836564
,2666,0,1,0.883876
,2666,1,3,1.0
,2666,2,0,0.99548596
,2666,3,1,0.88374513
,2667,0,1,0.89326555
,2667,1,0,0.9696266
,2667,2,3,1.0
,2667,3,1,0.89614236
,2668,0,1,0.8689951
,2668,1,2,1.0
,2668,2,0,0.9970012
,2668,3,1,0.88734597
,2669,0,1,0.77858174
,2669,1,0,0.9477723
,2669,2,3,1.0
,2669,3,1,0.8851702
,2670,0,0,0.7225362
,2670,1,1,0.7376974
,2670,2,3,1.0
,2670,3,1,0.88789433
,2671,0,3,1.0
,2671,1,1,0.83231294
,2671,2,0,0.9968424
,2671,3,1,0.8854945
,2672,0,0,0.9990681
,2672,1,1,0.7391662
,2672,2,3,1.0
,2672,3,1,0.88497525
,2673,0,2,1.0
,2673,1,0,0.90292555
,2673,2,0,0.9476597
,2673,3,1,0.8849591
,2674,0,0,0.99732006
,2674,1,2,1.0
,2674,2,1,0.56514484
,2674,3,1,0.8850083
,2675,0,3,1.0
,2675,1,0,0.9488803
,2675,2,0,0.77140445
,2675,3,1,0.88487387
,2676,0,0,0.9990706
,2676,1,1,0.7045214
,2676,2,3,1.0
,2676,3,1,0.8848873
,2677,0,2,1.0
,2677,1,1,0.7354266
,2677,2,0,0.9968559
,2677,3,1,0.8850016
,2678,0,0,0.94888055
,2678,1,0,0.7373517
,2678,2,3,1.0
,2678,3,1,0.8848728
,2679,0,1,0.7045243
,2679,1,3,1.0
,2679,2,0,0.9990708
,2679,3,1,0.88488907
,2680,0,1,0.73542285
,2680,1,0,0.9968559
,2680,2,2,1.0
,2680,3,1,0.8850024
,2681,0,0,0.7373765
,2681,1,3,1.0
,2681,2,0,0.94888145
,2681,3,1,0.8848746
,2682,0,3,1.0
,2682,1,0,0.996815
,2682,2,1,0.7044904
,2682,3,1,0.8848936
,2683,0,0,0.9968082
,2683,1,3,1.0
,2683,2,1,0.73513114
,2683,3,1,0.884874
,2684,0,3,1.0
,2684,1,0,0.9706875
,2684,2,0,0.73764914
,2684,3,1,0.8848454
,2685,0,0,0.9493285
,2685,1,0,0.8785754
,2685,2,3,1.0
,2685,3,1,0.8848511
,2686,0,1,0.5234065
,2686,1,3,1.0
,2686,2,0,0.99681264
,2686,3,1,0.88487524
,2687,0,0,0.920634
,2687,1,0,0.9379465
,2687,2,3,1.0
,2687,3,1,0.8848274
,2688,0,2,1.0
,2688,1,1,0.73494196
,2688,2,0,0.9968564
,2688,3,1,0.8849958
,2689,0,0,0.99731827
,2689,1,1,0.83750314
,2689,2,3,1.0
,2689,3,1,0.88489044
,2690,0,3,1.0
,2690,1,1,0.7698786
,2690,2,0,0.99680793
,2690,3,1,0.8848726
,2691,0,0,0.97068566
,2691,1,0,0.73071784
,2691,2,3,1.0
,2691,3,1,0.88484424
,2692,0,0,0.878546
,2692,1,3,1.0
,2692,2,0,0.938163
,2692,3,1,0.8848434
,2693,0,3,1.0
,2693,1,0,0.99906975
,2693,2,1,0.7329301
,2693,3,1,0.8848559
,2694,0,0,0.99908286
,2694,1,2,1.0
,2694,2,1,0.83143073
,2694,3,1,0.8849007
,2695,0,2,1.0
,2695,1,0,0.9973202
,2695,2,1,0.7391542
,2695,3,1,0.88444537
,2696,0,0,0.9473257
,2696,1,3,1.0
,2696,2,0,0.90300995
,2696,3,1,0.8816126
,2697,0,1,0.7391237
,2697,1,0,0.9968563
,2697,2,2,1.0
,2697,3,1,0.8664147
,2698,0,1,0.8583111
,2698,1,3,1.0
,2698,2,0,0.9992133
,2698,3,1,0.7786566
,2699,0,1,0.89116883
,2699,1,0,0.88914853
,2699,2,2,1.0
,2699,3,0,0.7054559
,2700,0,1,0.8848082
,2700,1,0,0.9539276
,2700,2,0,0.9751768
,2700,3,3,1.0
,2701,0,1,0.893682
,2701,1,2,1.0
,2701,2,0,0.8635084
,2701,3,1,0.5193763
,2702,0,1,0.86909825
,2702,1,0,0.9476214
,2702,2,3,1.0
,2702,3,0,0.7470782
,2703,0,1,0.7898905
,2703,1,1,0.7523499
,2703,2,0,0.9925473
,2703,3,3,1.0
,2704,0,0,0.71187407
,2704,1,1,0.86986536
,2704,2,3,1.0
,2704,3,0,0.9494764
,2705,0,3,1.0
,2705,1,1,0.8822822
,2705,2,0,0.97127354
,2705,3,0,0.8742248
,2706,0,0,0.93936884
,2706,1,1,0.8837462
,2706,2,0,0.87864715
,2706,3,3,1.0
,2707,0,1,0.70984167
,2707,1,1,0.8810003
,2707,2,3,1.0
,2707,3,0,0.9990662
,2708,0,1,0.76455444
,2708,1,1,0.8772714
,2708,2,0,0.9929127
,2708,3,2,0.9999988
,2709,0,0,0.68033785
,2709,1,1,0.78154457
,2709,2,3,1.0
,2709,3,0,0.94765335
,2710,0,3,1.0
,2710,1,0,0.7097709
,2710,2,0,0.87812567
,2710,3,1,0.75755453
,2711,0,0,0.9968962
,2711,1,3,1.0
,2711,2,1,0.5436687
,2711,3,1,0.8628515
,2712,0,3,1.0
,2712,1,0,0.94703
,2712,2,0,0.9189758
,2712,3,1,0.8809753
,2713,0,0,0.99685544
,2713,1,1,0.56526524
,2713,2,2,1.0
,2713,3,1,0.88431174
,2714,0,3,1.0
,2714,1,0,0.7715767
,2714,2,0,0.97535306
,2714,3,1,0.88472664
,2715,0,0,0.94940907
,2715,1,3,1.0
,2715,2,0,0.8794979
,2715,3,1,0.88466483
,2716,0,1,0.5217709
,2716,1,0,0.9990638
,2716,2,3,1.0
,2716,3,1,0.8839105
,2717,0,0,0.9114356
,2717,1,2,1.0
,2717,2,1,0.6577598
,2717,3,1,0.8963768
,2718,0,2,1.0
,2718,1,0,0.9973216
,2718,2,1,0.72399044
,2718,3,1,0.88740546
,2719,0,0,0.9488819
,2719,1,3,1.0
,2719,2,0,0.73964375
,2719,3,1,0.8853034
,2720,0,1,0.70449966
,2720,1,0,0.9968149
,2720,2,3,1.0
,2720,3,1,0.8849676
,2721,0,1,0.73516595
,2721,1,3,1.0
,2721,2,0,0.99906796
,2721,3,1,0.88488275
,2722,0,0,0.7373448
,2722,1,0,0.9710825
,2722,2,2,0.99999976
,2722,3,1,0.8849624
,2723,0,3,1.0
,2723,1,0,0.8787276
,2723,2,0,0.9753545
,2723,3,1,0.88488317
,2724,0,0,0.949279
,2724,1,3,1.0
,2724,2,0,0.87951696
,2724,3,1,0.88482153
,2725,0,1,0.5235337
,2725,1,0,0.9968117
,2725,2,3,1.0
,2725,3,1,0.88470745
,2726,0,0,0.9202083
,2726,1,3,1.0
,2726,2,0,0.9752603
,2726,3,1,0.8838822
,2727,0,2,1.0
,2727,1,1,0.5090424
,2727,2,0,0.9559509
,2727,3,1,0.89636534
,2728,0,0,0.9476397
,2728,1,0,0.78176934
,2728,2,2,1.0
,2728,3,1,0.8873615
,2729,0,1,0.73298657
,2729,1,3,1.0
,2729,2,0,0.99731827
,2729,3,1,0.88533497
,2730,0,1,0.83713233
,2730,1,0,0.99680674
,2730,2,3,1.0
,2730,3,1,0.8849512
,2731,0,1,0.769815
,2731,1,3,1.0
,2731,2,0,0.99906796
,2731,3,1,0.88487905
,2732,0,0,0.730408
,2732,1,0,0.9754376
,2732,2,2,1.0
,2732,3,1,0.8849626
,2733,0,3,1.0
,2733,1,0,0.96133745
,2733,2,0,0.9553016
,2733,3,1,0.8848777
,2734,0,0,0.9990824
,2734,1,2,1.0
,2734,2,1,0.56315994
,2734,3,1,0.88499814
,2735,0,2,1.0
,2735,1,0,0.9753576
,2735,2,0,0.771717
,2735,3,1,0.88499564
,2736,0,0,0.9473108
,2736,1,0,0.87946004
,2736,2,3,1.0
,2736,3,1,0.8848892
,2737,0,1,0.7391631
,2737,1,3,1.0
,2737,2,0,0.99906987
,2737,3,1,0.88488287
,2738,0,1,0.8595096
,2738,1,0,0.99685615
,2738,2,2,1.0
,2738,3,1,0.88500416
,2739,0,1,0.88040596
,2739,1,3,1.0
,2739,2,0,0.997318
,2739,3,1,0.88488686
,2740,0,1,0.88397104
,2740,1,0,0.9968066
,2740,2,3,1.0
,2740,3,1,0.88484615
,2741,0,1,0.8840443
,2741,1,3,1.0
,2741,2,0,0.99680674
,2741,3,1,0.8847109
,2742,0,1,0.8809079
,2742,1,0,0.9955221
,2742,2,3,1.0
,2742,3,1,0.8839536
,2743,0,1,0.87867963
,2743,1,3,1.0
,2743,2,0,0.96127707
,2743,3,1,0.8959123
,2744,0,1,0.78112906
,2744,1,0,0.9969096
,2744,2,3,1.0
,2744,3,1,0.8870454
,2745,0,0,0.7282395
,2745,1,3,1.0
,2745,2,0,0.9380518
,2745,3,1,0.8850623
,2746,0,3,1.0
,2746,1,0,0.9990656
,2746,2,1,0.73348844
,2746,3,1,0.88402176
,2747,0,0,0.98839337
,2747,1,2,1.0
,2747,2,1,0.8526817
,2747,3,1,0.8960988
,2748,0,2,1.0
,2748,1,0,0.9973215
,2748,2,1,0.7747583
,2748,3,1,0.887315
,2749,0,0,0.94740045
,2749,1,3,1.0
,2749,2,0,0.7294983
,2749,3,1,0.8851069
,2750,0,1,0.73717844
,2750,1,0,0.995535
,2750,2,3,1.0
,2750,3,1,0.8838999
,2751,0,1,0.871539
,2751,1,3,1.0
,2751,2,0,0.98843354
,2751,3,1,0.8950565
,2752,0,1,0.8943261
,2752,1,0,0.96062046
,2752,2,2,1.0
,2752,3,1,0.89797366
,2753,0,1,0.8867986
,2753,1,3,1.0
,2753,2,0,0.997319
,2753,3,1,0.88688576
,2754,0,1,0.88521445
,2754,1,0,0.996809
,2754,2,3,1.0
,2754,3,1,0.8820429
,2755,0,1,0.884931
,2755,1,3,1.0
,2755,2,0,0.99680674
,2755,3,1,0.8661327
,2756,0,1,0.88488
,2756,1,0,0.99680793
,2756,2,3,1.0
,2756,3,1,0.7773664
,2757,0,1,0.88484645
,2757,1,3,1.0
,2757,2,0,0.97069293
,2757,3,0,0.72917646
,2758,0,1,0.8848593
,2758,1,0,0.97074777
,2758,2,0,0.87866706
,2758,3,3,1.0
,2759,0,1,0.8848425
,2759,1,0,0.8785814
,2759,2,3,1.0
,2759,3,0,0.9376854
,2760,0,1,0.88487643
,2760,1,3,1.0
,2760,2,0,0.996811
,2760,3,1,0.74085295
,2761,0,1,0.8848647
,2761,1,0,0.99906844
,2761,2,3,1.0
,2761,3,1,0.8596466
,2762,0,1,0.8849839
,2762,1,2,1.0
,2762,2,0,0.9968559
,2762,3,1,0.88058954
,2763,0,1,0.88479
,2763,1,0,0.997318
,2763,2,3,1.0
,2763,3,1,0.8841184
,2764,0,1,0.88429683
,2764,1,3,1.0
,2764,2,0,0.9968065
,2764,3,1,0.88473874
,2765,0,1,0.88157487
,2765,1,0,0.9968066
,2765,2,3,1.0
,2765,3,1,0.8848476
,2766,0,1,0.86604655
,2766,1,3,1.0
,2766,2,0,0.99680674
,2766,3,1,0.8848667
,2767,0,1,0.77737284
,2767,1,0,0.99680865
,2767,2,3,1.0
,2767,3,1,0.8848687
,2768,0,0,0.72901815
,2768,1,3,1.0
,2768,2,0,0.9376773
,2768,3,1,0.8848344
,2769,0,3,1.0
,2769,1,0,0.996815
,2769,2,1,0.7398009
,2769,3,1,0.88488686
,2770,0,0,0.996807
,2770,1,3,1.0
,2770,2,1,0.85575616
,2770,3,1,0.8848743
,2771,0,3,1.0
,2771,1,0,0.99680674
,2771,2,1,0.861016
,2771,3,1,0.8848714
,2772,0,0,0.99680793
,2772,1,3,1.0
,2772,2,1,0.77602166
,2772,3,1,0.88486964
,2773,0,3,1.0
,2773,1,0,0.9706863
,2773,2,0,0.729491
,2773,3,1,0.88484466
,2774,0,0,0.93806964
,2774,1,0,0.8785598
,2774,2,3,1.0
,2774,3,1,0.8848485
,2775,0,1,0.7346616
,2775,1,3,1.0
,2775,2,0,0.99681145
,2775,3,1,0.8848799
,2776,0,1,0.83745384
,2776,1,0,0.996807
,2776,2,3,1.0
,2776,3,1,0.8848728
,2777,0,1,0.7698739
,2777,1,3,1.0
,2777,2,0,0.99680793
,2777,3,1,0.8848699
,2778,0,0,0.7306737
,2778,1,0,0.97069305
,2778,2,3,1.0
,2778,3,1,0.8848448
,2779,0,3,1.0
,2779,1,0,0.8786672
,2779,2,0,0.97074753
,2779,3,1,0.884859
,2780,0,0,0.93768513
,2780,1,3,1.0
,2780,2,0,0.8785816
,2780,3,1,0.884843
,2781,0,1,0.74085623
,2781,1,0,0.99681145
,2781,2,3,1.0
,2781,3,1,0.8848787
,2782,0,1,0.8596522
,2782,1,3,1.0
,2782,2,0,0.996807
,2782,3,1,0.8848726
,2783,0,1,0.88045454
,2783,1,0,0.9968066
,2783,2,3,1.0
,2783,3,1,0.8848711
,2784,0,1,0.8840974
,2784,1,3,1.0
,2784,2,0,0.99680674
,2784,3,1,0.8848707
,2785,0,1,0.8847353
,2785,1,0,0.9968066
,2785,2,3,1.0
,2785,3,1,0.8848707
,2786,0,1,0.88484687
,2786,1,3,1.0
,2786,2,0,0.99680674
,2786,3,1,0.8848706
,2787,0,1,0.88486606
,2787,1,0,0.9968066
,2787,2,3,1.0
,2787,3,1,0.8848703
,2788,0,1,0.88486767
,2788,1,3,1.0
,2788,2,0,0.99680626
,2788,3,1,0.8848684
,2789,0,1,0.8848625
,2789,1,0,0.9990221
,2789,2,3,1.0
,2789,3,1,0.8848626
,2790,0,1,0.8849825
,2790,1,2,0.97964907
,2790,2,0,0.9968557
,2790,3,1,0.8849825
,2791,0,1,0.8847853
,2791,1,0,0.99730605
,2791,2,3,1.0
,2791,3,1,0.8847853
,2792,0,1,0.88429534
,2792,1,3,1.0
,2792,2,0,0.99906653
,2792,3,1,0.88429534
,2793,0,1,0.8925119
,2793,1,0,0.9952047
,2793,2,2,1.0
,2793,3,1,0.8925117
,2794,0,1,0.8863779
,2794,1,3,1.0
,2794,2,0,0.99731874
,2794,3,1,0.88637716
,2795,0,1,0.88513803
,2795,1,0,0.99680805
,2795,2,3,1.0
,2795,3,1,0.88513404
,2796,0,1,0.88491553
,2796,1,3,1.0
,2796,2,0,0.99680626
,2796,3,1,0.8848929
,2797,0,1,0.8848723
,2797,1,0,0.9990683
,2797,2,3,1.0
,2797,3,1,0.88474286
,2798,0,1,0.88499993
,2798,1,2,1.0
,2798,2,0,0.999083
,2798,3,1,0.88426113
,2799,0,1,0.8850206
,2799,1,0,0.997319
,2799,2,2,1.0
,2799,3,1,0.880798
,2800,0,1,0.884894
,2800,1,3,1.0
,2800,2,0,0.99731827
,2800,3,1,0.86075765
,2801,0,1,0.8848711
,2801,1,0,0.9968084
,2801,2,3,1.0
,2801,3,1,0.74702
,2802,0,1,0.8848247
,2802,1,3,1.0
,2802,2,0,0.93945783
,2802,3,0,0.9023813
,2803,0,1,0.88499254
,2803,1,0,0.999083
,2803,2,1,0.7066014
,2803,3,2,1.0
,2804,0,1,0.88501626
,2804,1,2,1.0
,2804,2,1,0.7359157
,2804,3,0,0.9973202
,2805,0,1,0.8848785
,2805,1,0,0.9753527
,2805,2,0,0.7374888
,2805,3,3,1.0
,2806,0,1,0.88485414
,2806,1,0,0.87949264
,2806,2,3,1.0
,2806,3,0,0.93773913
,2807,0,1,0.8848806
,2807,1,3,1.0
,2807,2,0,0.99681145
,2807,3,1,0.7408467
,2808,0,1,0.8848724
,2808,1,0,0.99680686
,2808,2,3,1.0
,2808,3,1,0.8596499
,2809,0,1,0.8848673
,2809,1,3,1.0
,2809,2,0,0.99680674
,2809,3,1,0.88045037
,2810,0,1,0.8848491
,2810,1,0,0.9968066
,2810,2,3,1.0
,2810,3,1,0.8840755
,2811,0,1,0.88474655
,2811,1,3,1.0
,2811,2,0,0.99680674
,2811,3,1,0.88461095
,2812,0,1,0.88416064
,2812,1,0,0.9958231
,2812,2,3,1.0
,2812,3,1,0.88413686
,2813,0,1,0.89371413
,2813,1,3,1.0
,2813,2,0,0.992106
,2813,3,1,0.8937103
,2814,0,1,0.88659865
,2814,1,0,0.9990913
,2814,2,3,1.0
,2814,3,1,0.886598
,2815,0,1,0.885149
,2815,1,2,0.99984145
,2815,2,0,0.99685854
,2815,3,1,0.88514894
,2816,0,1,0.8839869
,2816,1,0,0.99618816
,2816,2,3,1.0
,2816,3,1,0.88398695
,2817,0,1,0.8963249
,2817,1,3,1.0
,2817,2,0,0.9209324
,2817,3,1,0.8963254
,2818,0,1,0.88739264
,2818,1,0,0.99700767
,2818,2,2,1.0
,2818,3,1,0.88739604
,2819,0,1,0.88515896
,2819,1,3,1.0
,2819,2,0,0.99731827
,2819,3,1,0.8851783
,2820,0,1,0.88400286
,2820,1,0,0.9958262
,2820,2,3,1.0
,2820,3,1,0.8841146
,2821,0,1,0.8923346
,2821,1,3,1.0
,2821,2,0,0.98938346
,2821,3,1,0.8929721
,2822,0,1,0.89233756
,2822,1,0,0.99308366
,2822,2,3,1.0
,2822,3,1,0.8961899
,2823,0,1,0.86333674
,2823,1,3,1.0
,2823,2,0,0.9968937
,2823,3,1,0.88706666
,2824,0,1,0.747736
,2824,1,0,0.99906844
,2824,2,3,1.0
,2824,3,1,0.88515586
,2825,0,0,0.9022179
,2825,1,2,1.0
,2825,2,0,0.97107023
,2825,3,1,0.88444304
,2826,0,2,1.0
,2826,1,0,0.9790821
,2826,2,0,0.8785625
,2826,3,1,0.8817055
,2827,0,0,0.94731283
,2827,1,0,0.9616388
,2827,2,3,1.0
,2827,3,1,0.8660644
,2828,0,1,0.73942184
,2828,1,2,1.0
,2828,2,0,0.9968564
,2828,3,1,0.7775693
,2829,0,1,0.85937846
,2829,1,0,0.97907734
,2829,2,3,1.0
,2829,3,0,0.72912085
,2830,0,1,0.8803917
,2830,1,0,0.9616396
,2830,2,0,0.97074544
,2830,3,3,1.0
,2831,0,1,0.8841614
,2831,1,2,1.0
,2831,2,0,0.8784611
,2831,3,0,0.9383897
,2832,0,1,0.8847487
,2832,1,0,0.99921376
,2832,2,3,1.0
,2832,3,1,0.74066997
,2833,0,1,0.8849784
,2833,1,2,0.9980721
,2833,2,0,0.999083
,2833,3,1,0.8596284
,2834,0,1,0.885015
,2834,1,0,0.9973178
,2834,2,2,1.0
,2834,3,1,0.87984437
,2835,0,1,0.8848859
,2835,1,3,1.0
,2835,2,0,0.99921757
,2835,3,1,0.8798701
,2836,0,1,0.8850016
,2836,1,0,0.99908274
,2836,2,2,1.0
,2836,3,1,0.86074483
,2837,0,1,0.88501555
,2837,1,2,1.0
,2837,2,0,0.9973202
,2837,3,1,0.74724257
,2838,0,1,0.8848699
,2838,1,0,0.9753544
,2838,2,3,1.0
,2838,3,0,0.9023519
,2839,0,1,0.88495994
,2839,1,0,0.87943214
,2839,2,0,0.97107345
,2839,3,2,1.0
,2840,0,1,0.8848755
,2840,1,3,1.0
,2840,2,0,0.8786124
,2840,3,0,0.9473101
,2841,0,1,0.8848796
,2841,1,0,0.99906987
,2841,2,3,1.0
,2841,3,1,0.73916364
,2842,0,1,0.8849995
,2842,1,2,1.0
,2842,2,0,0.9968559
,2842,3,1,0.8595116
,2843,0,1,0.8848663
,2843,1,0,0.99921745
,2843,2,3,1.0
,2843,3,1,0.88041985
,2844,0,1,0.8849011
,2844,1,2,1.0
,2844,2,0,0.9985079
,2844,3,1,0.8842211
,2845,0,1,0.8844381
,2845,1,0,0.99731886
,2845,2,2,0.74292487
,2845,3,1,0.8848781
,2846,0,1,0.88159716
,2846,1,3,1.0
,2846,2,0,0.99718636
,2846,3,1,0.8848691
,2847,0,1,0.86604905
,2847,1,0,0.9968064
,2847,2,3,1.0
,2847,3,1,0.8848688
,2848,0,1,0.777369
,2848,1,3,1.0
,2848,2,0,0.99906796
,2848,3,1,0.884865
,2849,0,0,0.7289013
,2849,1,0,0.9710775
,2849,2,2,1.0
,2849,3,1,0.88495976
,2850,0,3,1.0
,2850,1,0,0.87862986
,2850,2,0,0.9553057
,2850,3,1,0.884887
,2851,0,0,0.9968123
,2851,1,3,1.0
,2851,2,1,0.56277996
,2851,3,1,0.8848839
,2852,0,3,1.0
,2852,1,0,0.9750941
,2852,2,0,0.7720976
,2852,3,1,0.8848471
,2853,0,0,0.9377332
,2853,1,0,0.9611635
,2853,2,3,1.0
,2853,3,1,0.88483685
,2854,0,1,0.7410983
,2854,1,2,0.9981417
,2854,2,0,0.9990832
,2854,3,1,0.88499415
,2855,0,1,0.8598425
,2855,1,0,0.99921733
,2855,2,2,1.0
,2855,3,1,0.8850161
,2856,0,1,0.8806189
,2856,1,2,0.9999573
,2856,2,0,0.997319
,2856,3,1,0.88502324
,2857,0,1,0.8841201
,2857,1,0,0.997318
,2857,2,3,1.0
,2857,3,1,0.88489443
,2858,0,1,0.8847202
,2858,1,3,1.0
,2858,2,0,0.99680626
,2858,3,1,0.8848729
,2859,0,1,0.88474184
,2859,1,0,0.9990683
,2859,2,3,1.0
,2859,3,1,0.88486594
,2860,0,1,0.8844203
,2860,1,2,1.0
,2860,2,0,0.9968559
,2860,3,1,0.88499814
,2861,0,1,0.88159347
,2861,1,0,0.997318
,2861,2,3,1.0
,2861,3,1,0.88487333
,2862,0,1,0.8660448
,2862,1,3,1.0
,2862,2,0,0.99680674
,2862,3,1,0.884773
,2863,0,1,0.7773431
,2863,1,0,0.99680793
,2863,2,3,1.0
,2863,3,1,0.8842926
,2864,0,0,0.72918373
,2864,1,3,1.0
,2864,2,0,0.9706934
,2864,3,1,0.8815469
,2865,0,3,1.0
,2865,1,0,0.9707518
,2865,2,0,0.8786767
,2865,3,1,0.86602956
,2866,0,0,0.93766356
,2866,1,0,0.8786902
,2866,2,3,1.0
,2866,3,1,0.77732325
,2867,0,1,0.7407855
,2867,1,3,1.0
,2867,2,0,0.94929236
,2867,3,0,0.7290334
,2868,0,1,0.85966
,2868,1,0,0.9968162
,2868,2,1,0.52344334
,2868,3,3,1.0
,2869,0,1,0.8804091
,2869,1,3,1.0
,2869,2,0,0.92063034
,2869,3,0,0.93946254
,2870,0,1,0.8842201
,2870,1,0,0.999082
,2870,2,2,1.0
,2870,3,1,0.70660114
,2871,0,1,0.884881
,2871,1,2,0.999618
,2871,2,0,0.9973202
,2871,3,1,0.7359175
,2872,0,1,0.8848549
,2872,1,0,0.9753516
,2872,2,3,1.0
,2872,3,0,0.73747826
,2873,0,1,0.8848526
,2873,1,0,0.87950456
,2873,2,0,0.94711715
,2873,3,3,1.0
,2874,0,1,0.8848777
,2874,1,3,1.0
,2874,2,1,0.56491756
,2874,3,0,0.99681216
,2875,0,1,0.8848463
,2875,1,0,0.9706869
,2875,2,0,0.77167284
,2875,3,3,1.0
,2876,0,1,0.88484675
,2876,1,0,0.8785619
,2876,2,3,1.0
,2876,3,0,0.93772715
,2877,0,1,0.88487947
,2877,1,3,1.0
,2877,2,0,0.99681145
,2877,3,1,0.7408491
,2878,0,1,0.88487273
,2878,1,0,0.99680686
,2878,2,3,1.0
,2878,3,1,0.8596509
,2879,0,1,0.8848707
,2879,1,3,1.0
,2879,2,0,0.99680674
,2879,3,1,0.88045406
,2880,0,1,0.8848689
,2880,1,0,0.99680626
,2880,2,3,1.0
,2880,3,1,0.88409555
,2881,0,1,0.8848655
,2881,1,3,1.0
,2881,2,0,0.99906844
,2881,3,1,0.88473
,2882,0,1,0.8849991
,2882,1,0,0.99685556
,2882,2,2,1.0
,2882,3,1,0.88497543
,2883,0,1,0.88488317
,2883,1,3,1.0
,2883,2,0,0.99921757
,2883,3,1,0.88487905
,2884,0,1,0.8850017
,2884,1,0,0.99908286
,2884,2,2,1.0
,2884,3,1,0.885001
,2885,0,1,0.8850209
,2885,1,2,1.0
,2885,2,0,0.997319
,2885,3,1,0.88502085
,2886,0,1,0.88489425
,2886,1,0,0.997318
,2886,2,3,1.0
,2886,3,1,0.88489425
,2887,0,1,0.8848743
,2887,1,3,1.0
,2887,2,0,0.9968065
,2887,3,1,0.8848743
,2888,0,1,0.8848692
,2888,1,0,0.99680626
,2888,2,3,1.0
,2888,3,1,0.8848692
,2889,0,1,0.88486415
,2889,1,3,1.0
,2889,2,0,0.99906844
,2889,3,1,0.88486415
,2890,0,1,0.88499856
,2890,1,0,0.99908286
,2890,2,2,1.0
,2890,3,1,0.88499856
,2891,0,1,0.8850204
,2891,1,2,1.0
,2891,2,0,0.997319
,2891,3,1,0.8850203
,2892,0,1,0.88489425
,2892,1,0,0.997318
,2892,2,3,1.0
,2892,3,1,0.8848936
,2893,0,1,0.8848746
,2893,1,3,1.0
,2893,2,0,0.9968065
,2893,3,1,0.88487154
,2894,0,1,0.88487136
,2894,1,0,0.9968066
,2894,2,3,1.0
,2894,3,1,0.8848536
,2895,0,1,0.8848708
,2895,1,3,1.0
,2895,2,0,0.99680674
,2895,3,1,0.88476974
,2896,0,1,0.8848707
,2896,1,0,0.9968066
,2896,2,3,1.0
,2896,3,1,0.8842934
,2897,0,1,0.8848704
,2897,1,3,1.0
,2897,2,0,0.99680674
,2897,3,1,0.8815739
,2898,0,1,0.88486934
,2898,1,0,0.9968065
,2898,2,3,1.0
,2898,3,1,0.8660448
,2899,0,1,0.8848651
,2899,1,3,1.0
,2899,2,0,0.99906796
,2899,3,1,0.77736723
,2900,0,1,0.88495976
,2900,1,0,0.9710826
,2900,2,2,0.9999964
,2900,3,0,0.728905
,2901,0,1,0.884886
,2901,1,0,0.87872875
,2901,2,0,0.9790778
,2901,3,3,1.0
,2902,0,1,0.88483834
,2902,1,3,1.0
,2902,2,0,0.96164453
,2902,3,0,0.94706714
,2903,0,1,0.8849702
,2903,1,0,0.99685544
,2903,2,2,1.0
,2903,3,1,0.56526977
,2904,0,1,0.88474226
,2904,1,3,1.0
,2904,2,0,0.97906965
,2904,3,0,0.77152777
,2905,0,1,0.8841108
,2905,1,0,0.9705807
,2905,2,0,0.9614682
,2905,3,3,1.0
,2906,0,1,0.8942131
,2906,1,0,0.8658231
,2906,2,2,1.0
,2906,3,0,0.94435036
,2907,0,1,0.8866738
,2907,1,3,1.0
,2907,2,0,0.9753647
,2907,3,0,0.9587126
,2908,0,1,0.8851256
,2908,1,0,0.96892756
,2908,2,0,0.8794228
,2908,3,2,1.0
,2909,0,1,0.88401604
,2909,1,0,0.8374828
,2909,2,3,1.0
,2909,3,0,0.94775695
,2910,0,1,0.89594275
,2910,1,3,1.0
,2910,2,0,0.9884755
,2910,3,1,0.7633811
,2911,0,1,0.88733923
,2911,1,0,0.9970026
,2911,2,2,1.0
,2911,3,1,0.86422384
,2912,0,1,0.8853094
,2912,1,3,1.0
,2912,2,0,0.997318
,2912,3,1,0.88126177
,2913,0,1,0.8849475
,2913,1,0,0.99680674
,2913,2,3,1.0
,2913,3,1,0.8842388
,2914,0,1,0.8848841
,2914,1,3,1.0
,2914,2,0,0.99680674
,2914,3,1,0.88475996
,2915,0,1,0.88487303
,2915,1,0,0.9968066
,2915,2,3,1.0
,2915,3,1,0.8848512
,2916,0,1,0.8848707
,2916,1,3,1.0
,2916,2,0,0.99680674
,2916,3,1,0.88486636
,2917,0,1,0.8848686
,2917,1,0,0.99680626
,2917,2,3,1.0
,2917,3,1,0.8848648
,2918,0,1,0.8848636
,2918,1,3,1.0
,2918,2,0,0.99906844
,2918,3,1,0.8848459
,2919,0,1,0.88499653
,2919,1,0,0.99908286
,2919,2,2,1.0
,2919,3,1,0.8848958
,2920,0,1,0.8850144
,2920,1,2,1.0
,2920,2,0,0.99921757
,2920,3,1,0.8844389
,2921,0,1,0.88501894
,2921,1,0,0.9992177
,2921,2,2,1.0
,2921,3,1,0.88172936
,2922,0,1,0.8850236
,2922,1,2,1.0
,2922,2,0,0.9973192
,2922,3,1,0.86622006
,2923,0,1,0.8848935
,2923,1,0,0.99732065
,2923,2,3,1.0
,2923,3,1,0.77741283
,2924,0,1,0.8848389
,2924,1,3,1.0
,2924,2,0,0.9399676
,2924,3,0,0.7290148
,2925,0,1,0.8848856
,2925,1,0,0.99681467
,2925,2,1,0.6968939
,2925,3,3,1.0
,2926,0,1,0.8848669
,2926,1,3,1.0
,2926,2,1,0.70177716
,2926,3,0,0.99906796
,2927,0,1,0.8849402
,2927,1,0,0.9476624
,2927,2,0,0.9059801
,2927,3,2,1.0
,2928,0,1,0.8850051
,2928,1,1,0.5650956
,2928,2,2,1.0
,2928,3,0,0.9973202
,2929,0,1,0.88487357
,2929,1,0,0.77158177
,2929,2,0,0.9753566
,2929,3,3,1.0
,2930,0,1,0.88484496
,2930,1,3,1.0
,2930,2,0,0.8795717
,2930,3,0,0.9707474
,2931,0,1,0.8847531
,2931,1,0,0.9751308
,2931,2,3,1.0
,2931,3,0,0.8786635
,2932,0,1,0.88426816
,2932,1,0,0.96132094
,2932,2,0,0.970717
,2932,3,3,1.0
,2933,0,1,0.88164824
,2933,1,2,1.0
,2933,2,0,0.8784672
,2933,3,0,0.938396
,2934,0,1,0.866072
,2934,1,0,0.997318
,2934,2,3,1.0
,2934,3,1,0.7404798
,2935,0,1,0.7773866
,2935,1,3,1.0
,2935,2,0,0.99906796
,2935,3,1,0.8587469
,2936,0,0,0.728846
,2936,1,0,0.9476787
,2936,2,2,1.0
,2936,3,1,0.8761672
,2937,0,3,1.0
,2937,1,1,0.5647959
,2937,2,0,0.9973211
,2937,3,1,0.85984975
,2938,0,0,0.93759716
,2938,1,0,0.77167606
,2938,2,3,1.0
,2938,3,1,0.7467059
,2939,0,1,0.7408096
,2939,1,3,1.0
,2939,2,0,0.97074294
,2939,3,0,0.9023872
,2940,0,1,0.85975266
,2940,1,0,0.97543705
,2940,2,0,0.878507
,2940,3,2,1.0
,2941,0,1,0.8804548
,2941,1,0,0.961341
,2941,2,3,1.0
,2941,3,0,0.9475944
,2942,0,1,0.8842318
,2942,1,2,1.0
,2942,2,0,0.99685663
,2942,3,1,0.7332223
,2943,0,1,0.88475645
,2943,1,0,0.99731827
,2943,2,3,1.0
,2943,3,1,0.8371702
,2944,0,1,0.8848485
,2944,1,3,1.0
,2944,2,0,0.99680793
,2944,3,1,0.7697997
,2945,0,1,0.8848359
,2945,1,0,0.9706918
,2945,2,3,1.0
,2945,3,0,0.7306876
,2946,0,1,0.8848289
,2946,1,0,0.87864435
,2946,2,0,0.9707522
,2946,3,3,1.0
,2947,0,1,0.8846842
,2947,1,3,1.0
,2947,2,0,0.8786534
,2947,3,0,0.96843183
,2948,0,1,0.8838969
,2948,1,0,0.9705132
,2948,2,3,1.0
,2948,3,0,0.83563846
,2949,0,1,0.8963486
,2949,1,0,0.86263275
,2949,2,1,0.5078171
,2949,3,3,1.0
,2950,0,1,0.8871207
,2950,1,3,1.0
,2950,2,0,0.78259546
,2950,3,0,0.97158194
,2951,0,1,0.88525456
,2951,1,0,0.9471453
,2951,2,3,1.0
,2951,3,0,0.8787448
,2952,0,1,0.8849479
,2952,1,1,0.5649632
,2952,2,0,0.99681264
,2952,3,3,1.0
,2953,0,1,0.8848495
,2953,1,0,0.7714901
,2953,2,3,1.0
,2953,3,0,0.9470115
,2954,0,1,0.8848807
,2954,1,3,1.0
,2954,2,0,0.9990701
,2954,3,1,0.5650294
,2955,0,1,0.88495344
,2955,1,0,0.94987345
,2955,2,2,1.0
,2955,3,0,0.77132255
,2956,0,1,0.88489705
,2956,1,1,0.5232668
,2956,2,0,0.99732065
,2956,3,3,1.0
,2957,0,1,0.8848334
,2957,1,0,0.9206444
,2957,2,3,1.0
,2957,3,0,0.9470014
,2958,0,1,0.884991
,2958,1,2,1.0
,2958,2,0,0.9968552
,2958,3,1,0.56532097
,2959,0,1,0.8848714
,2959,1,0,0.9571876
,2959,2,3,1.0
,2959,3,0,0.77139753
,2960,0,1,0.8848818
,2960,1,1,0.52125216
,2960,2,0,0.99906987
,2960,3,3,1.0
,2961,0,1,0.8849351
,2961,1,0,0.9207289
,2961,2,2,1.0
,2961,3,0,0.9387118
,2962,0,1,0.884984
,2962,1,2,1.0
,2962,2,0,0.99921757
,2962,3,1,0.73479605
,2963,0,1,0.88489234
,2963,1,0,0.9973192
,2963,2,2,1.0
,2963,3,1,0.8376547
,2964,0,1,0.8841528
,2964,1,3,1.0
,2964,2,0,0.99732065
,2964,3,1,0.76994574
,2965,0,1,0.8806123
,2965,1,0,0.9470117
,2965,2,3,1.0
,2965,3,0,0.73053163
,2966,0,1,0.86074126
,2966,1,1,0.56496954
,2966,2,0,0.99681646
,2966,3,3,1.0
,2967,0,1,0.74695307
,2967,1,0,0.77167183
,2967,2,3,1.0
,2967,3,0,0.93759954
,2968,0,0,0.9023711
,2968,1,3,1.0
,2968,2,0,0.9471036
,2968,3,1,0.7407497
,2969,0,2,1.0
,2969,1,0,0.9968557
,2969,2,1,0.5652567
,2969,3,1,0.8596408
,2970,0,0,0.97535694
,2970,1,3,1.0
,2970,2,0,0.77154976
,2970,3,1,0.8796965
,2971,0,0,0.8795784
,2971,1,0,0.97074884
,2971,2,3,1.0
,2971,3,1,0.8798364
,2972,0,3,1.0
,2972,1,0,0.87869984
,2972,2,0,0.9707228
,2972,3,1,0.8605468
,2973,0,0,0.9376596
,2973,1,3,1.0
,2973,2,0,0.8786727
,2973,3,1,0.74691546
,2974,0,1,0.7407847
,2974,1,0,0.97072107
,2974,2,3,1.0
,2974,3,0,0.9023757
,2975,0,1,0.85974765
,2975,1,0,0.8785025
,2975,2,0,0.97543657
,2975,3,2,1.0
,2976,0,1,0.88045204
,2976,1,3,1.0
,2976,2,0,0.9613408
,2976,3,0,0.9473141
,2977,0,1,0.88422906
,2977,1,0,0.9990832
,2977,2,2,1.0
,2977,3,1,0.73942626
,2978,0,1,0.8848856
,2978,1,2,1.0
,2978,2,0,0.997319
,2978,3,1,0.85955465
,2979,0,1,0.8848667
,2979,1,0,0.997318
,2979,2,3,1.0
,2979,3,1,0.88043463
,2980,0,1,0.8848475
,2980,1,3,1.0
,2980,2,0,0.9968065
,2980,3,1,0.8840934
,2981,0,1,0.8847394
,2981,1,0,0.99680626
,2981,2,3,1.0
,2981,3,1,0.88473284
,2982,0,1,0.8841265
,2982,1,3,1.0
,2982,2,0,0.99906844
,2982,3,1,0.8848416
,2983,0,1,0.88077915
,2983,1,0,0.99685556
,2983,2,2,1.0
,2983,3,1,0.884995
,2984,0,1,0.86076516
,2984,1,3,1.0
,2984,2,0,0.99921757
,2984,3,1,0.8848822
,2985,0,1,0.74725336
,2985,1,0,0.99908227
,2985,2,2,1.0
,2985,3,1,0.88499564
,2986,0,0,0.9022449
,2986,1,2,1.0
,2986,2,0,0.95719457
,2986,3,1,0.8849837
,2987,0,2,1.0
,2987,1,0,0.9992177
,2987,2,1,0.521541
,2987,3,1,0.8850068
,2988,0,0,0.94732493
,2988,1,2,0.9999999
,2988,2,0,0.9206859
,2988,3,1,0.8849855
,2989,0,1,0.73940456
,2989,1,0,0.9992177
,2989,2,2,0.99999
,2989,3,1,0.88501567
,2990,0,1,0.8595302
,2990,1,2,0.99999166
,2990,2,0,0.997319
,2990,3,1,0.88502336
,2991,0,1,0.8803277
,2991,1,0,0.9973177
,2991,2,3,1.0
,2991,3,1,0.88489276
,2992,0,1,0.8835072
,2992,1,3,1.0
,2992,2,0,0.99906844
,2992,3,1,0.8848681
,2993,0,1,0.881568
,2993,1,0,0.99908286
,2993,2,2,1.0
,2993,3,1,0.8849993
,2994,0,1,0.86618286
,2994,1,2,1.0
,2994,2,0,0.9973192
,2994,3,1,0.8850204
,2995,0,1,0.7773694
,2995,1,0,0.99732006
,2995,2,3,1.0
,2995,3,1,0.88489306
,2996,0,0,0.72920924
,2996,1,3,1.0
,2996,2,0,0.9706869
,2996,3,1,0.88484854
,2997,0,3,1.0
,2997,1,0,0.9493304
,2997,2,0,0.87857425
,2997,3,1,0.88485193
,2998,0,0,0.9968119
,2998,1,1,0.5234049
,2998,2,3,1.0
,2998,3,1,0.88487566
,2999,0,3,1.0
,2999,1,0,0.9206306
,2999,2,0,0.970682
,2999,3,1,0.8848381
,3000,0,0,0.94986504
,3000,1,2,1.0
,3000,2,0,0.87847245
,3000,3,1,0.88494486
,3001,0,1,0.5232478
,3001,1,0,0.9973202
,3001,2,3,1.0
,3001,3,1,0.8848881
,3002,0,0,0.9206422
,3002,1,3,1.0
,3002,2,0,0.9750996
,3002,3,1,0.8848399
,3003,0,2,1.0
,3003,1,0,0.9710737
,3003,2,0,0.9612741
,3003,3,1,0.8849465
,3004,0,0,0.9790821
,3004,1,0,0.8785642
,3004,2,2,1.0
,3004,3,1,0.884982
,3005,0,0,0.9616397
,3005,1,3,1.0
,3005,2,0,0.9753549
,3005,3,1,0.8848585
,3006,0,2,1.0
,3006,1,0,0.971075
,3006,2,0,0.87943226
,3006,3,1,0.8848607
,3007,0,0,0.9473091
,3007,1,0,0.8786263
,3007,2,3,1.0
,3007,3,1,0.8843004
,3008,0,1,0.7391721
,3008,1,3,1.0
,3008,2,0,0.9968117
,3008,3,1,0.88158906
,3009,0,1,0.8593575
,3009,1,0,0.996807
,3009,2,3,1.0
,3009,3,1,0.8660492
,3010,0,1,0.8804017
,3010,1,3,1.0
,3010,2,0,0.9968084
,3010,3,1,0.7773689
,3011,0,1,0.8840544
,3011,1,0,0.94701
,3011,2,3,1.0
,3011,3,0,0.72904366
,3012,0,1,0.8847472
,3012,1,1,0.56502455
,3012,2,0,0.9968162
,3012,3,3,1.0
,3013,0,1,0.8848133
,3013,1,0,0.77147555
,3013,2,3,1.0
,3013,3,0,0.9379516
,3014,0,1,0.8848792
,3014,1,3,1.0
,3014,2,0,0.99681383
,3014,3,1,0.73469996
,3015,0,1,0.8848677
,3015,1,0,0.9990683
,3015,2,3,1.0
,3015,3,1,0.8374732
,3016,0,1,0.88499516
,3016,1,2,1.0
,3016,2,0,0.9968557
,3016,3,1,0.7700946
,3017,0,1,0.88485795
,3017,1,0,0.9753533
,3017,2,3,1.0
,3017,3,0,0.7306483
,3018,0,1,0.8847553
,3018,1,0,0.8795047
,3018,2,0,0.9471187
,3018,3,3,1.0
,3019,0,1,0.88430107
,3019,1,3,1.0
,3019,2,1,0.5649166
,3019,3,0,0.99681216
,3020,0,1,0.8815494
,3020,1,0,0.9706867
,3020,2,0,0.7716749
,3020,3,3,1.0
,3021,0,1,0.8660215
,3021,1,0,0.8785611
,3021,2,3,1.0
,3021,3,0,0.93772525
,3022,0,1,0.7773953
,3022,1,3,1.0
,3022,2,0,0.9990694
,3022,3,1,0.7408397
,3023,0,0,0.72883874
,3023,1,0,0.9476815
,3023,2,2,1.0
,3023,3,1,0.8597445
,3024,0,3,1.0
,3024,1,1,0.56483287
,3024,2,0,0.99732065
,3024,3,1,0.8804836
,3025,0,0,0.9492306
,3025,1,0,0.77153873
,3025,2,3,1.0
,3025,3,1,0.88404727
,3026,0,1,0.52345186
,3026,1,3,1.0
,3026,2,0,0.99681455
,3026,3,1,0.8846159
,3027,0,0,0.92062575
,3027,1,0,0.9750996
,3027,2,3,1.0
,3027,3,1,0.88407594
,3028,0,2,1.0
,3028,1,0,0.96127784
,3028,2,0,0.9476685
,3028,3,1,0.8807103
,3029,0,0,0.9973204
,3029,1,2,1.0
,3029,2,1,0.56508005
,3029,3,1,0.86088336
,3030,0,3,1.0
,3030,1,0,0.9473709
,3030,2,0,0.7716283
,3030,3,1,0.7470211
,3031,0,0,0.9400776
,3031,1,1,0.7376898
,3031,2,3,1.0
,3031,3,0,0.9023662
,3032,0,1,0.69713354
,3032,1,1,0.8544942
,3032,2,0,0.99685663
,3032,3,2,1.0
,3033,0,1,0.7018416
,3033,1,1,0.85549545
,3033,2,3,1.0
,3033,3,0,0.997321
,3034,0,0,0.9060738
,3034,1,1,0.74549437
,3034,2,0,0.9469776
,3034,3,3,1.0
,3035,0,2,1.0
,3035,1,0,0.9024155
,3035,2,1,0.56516355
,3035,3,0,0.9383554
,3036,0,0,0.97536224
,3036,1,2,1.0
,3036,2,0,0.7713167
,3036,3,1,0.74074453
,3037,0,0,0.87956214
,3037,1,0,0.9753589
,3037,2,3,1.0
,3037,3,1,0.8589822
,3038,0,3,1.0
,3038,1,0,0.87960964
,3038,2,0,0.97513056
,3038,3,1,0.87703717
,3039,0,0,0.93774194
,3039,1,3,1.0
,3039,2,0,0.9613234
,3039,3,1,0.8651376
,3040,0,1,0.74001807
,3040,1,0,0.99685615
,3040,2,2,1.0
,3040,3,1,0.7773336
,3041,0,1,0.85577196
,3041,1,3,1.0
,3041,2,0,0.97535795
,3041,3,0,0.7291239
,3042,0,1,0.8610194
,3042,1,0,0.97077847
,3042,2,0,0.87959415
,3042,3,3,1.0
,3043,0,1,0.7759949
,3043,1,0,0.8786752
,3043,2,3,1.0
,3043,3,0,0.9376745
,3044,0,0,0.72941655
,3044,1,3,1.0
,3044,2,0,0.9707304
,3044,3,1,0.74079925
,3045,0,3,1.0
,3045,1,0,0.9751565
,3045,2,0,0.87864864
,3045,3,1,0.8596341
,3046,0,0,0.9707185
,3046,1,0,0.9613228
,3046,2,3,1.0
,3046,3,1,0.8804279
,3047,0,0,0.8784719
,3047,1,2,1.0
,3047,2,0,0.94986767
,3047,3,1,0.88417196
,3048,0,3,1.0
,3048,1,0,0.99921745
,3048,2,1,0.5232396
,3048,3,1,0.8847478
,3049,0,0,0.9384405
,3049,1,2,1.0
,3049,2,0,0.9205669
,3049,3,1,0.8849151
,3050,0,1,0.7398873
,3050,1,0,0.99912155
,3050,2,2,1.0
,3050,3,1,0.8850027
,3051,0,1,0.8559209
,3051,1,2,0.94962573
,3051,2,0,0.997319
,3051,3,1,0.88501555
,3052,0,1,0.8610497
,3052,1,0,0.9972923
,3052,2,3,1.0
,3052,3,1,0.8848919
,3053,0,1,0.77606183
,3053,1,3,1.0
,3053,2,0,0.99906796
,3053,3,1,0.8848687
,3054,0,0,0.7291651
,3054,1,0,0.97543746
,3054,2,2,1.0
,3054,3,1,0.8849617
,3055,0,3,1.0
,3055,1,0,0.9613388
,3055,2,0,0.97535306
,3055,3,1,0.88488114
,3056,0,0,0.9383874
,3056,1,2,1.0
,3056,2,0,0.8793922
,3056,3,1,0.88494897
,3057,0,1,0.74072224
,3057,1,0,0.9973178
,3057,2,3,1.0
,3057,3,1,0.884892
,3058,0,1,0.8596223
,3058,1,3,1.0
,3058,2,0,0.99906844
,3058,3,1,0.88487
,3059,0,1,0.8805793
,3059,1,0,0.99685556
,3059,2,2,1.0
,3059,3,1,0.88500005
,3060,0,1,0.8840871
,3060,1,3,1.0
,3060,2,0,0.99921757
,3060,3,1,0.88488334
,3061,0,1,0.88473696
,3061,1,0,0.99908286
,3061,2,2,1.0
,3061,3,1,0.8850017
,3062,0,1,0.88425773
,3062,1,2,1.0
,3062,2,0,0.997319
,3062,3,1,0.8850209
,3063,0,1,0.88066334
,3063,1,0,0.99731815
,3063,2,3,1.0
,3063,3,1,0.8848943
,3064,0,1,0.8607336
,3064,1,3,1.0
,3064,2,0,0.99680674
,3064,3,1,0.8848744
,3065,0,1,0.7470128
,3065,1,0,0.9968077
,3065,2,3,1.0
,3065,3,1,0.8848681
,3066,0,0,0.9023765
,3066,1,3,1.0
,3066,2,0,0.9750985
,3066,3,1,0.88483614
,3067,0,2,0.99999905
,3067,1,0,0.97107357
,3067,2,0,0.9612741
,3067,3,1,0.8849465
,3068,0,0,0.9753583
,3068,1,0,0.87856126
,3068,2,2,1.0
,3068,3,1,0.8849858
,3069,0,0,0.8794827
,3069,1,3,1.0
,3069,2,0,0.9476696
,3069,3,1,0.8848821
,3070,0,3,1.0
,3070,1,0,0.99681157
,3070,2,1,0.7312194
,3070,3,1,0.88488525
,3071,0,0,0.996807
,3071,1,3,1.0
,3071,2,1,0.83088917
,3071,3,1,0.88487047
,3072,0,3,1.0
,3072,1,0,0.9968083
,3072,2,1,0.7387742
,3072,3,1,0.88485
,3073,0,0,0.94699985
,3073,1,3,1.0
,3073,2,0,0.90305346
,3073,3,1,0.88472515
,3074,0,1,0.56532234
,3074,1,0,0.99908227
,3074,2,2,1.0
,3074,3,1,0.8844116
,3075,0,0,0.77129096
,3075,1,2,1.0
,3075,2,0,0.975364
,3075,3,1,0.8816996
,3076,0,3,1.0
,3076,1,0,0.9753576
,3076,2,0,0.8796008
,3076,3,1,0.86606175
,3077,0,0,0.9376648
,3077,1,0,0.8795928
,3077,2,3,1.0
,3077,3,1,0.7773009
,3078,0,1,0.74079955
,3078,1,3,1.0
,3078,2,0,0.9707239
,3078,3,0,0.7292091
,3079,0,1,0.85961604
,3079,1,0,0.93958557
,3079,2,0,0.878555
,3079,3,3,1.0
,3080,0,1,0.88043934
,3080,1,1,0.70631075
,3080,2,3,1.0
,3080,3,0,0.99906975
,3081,0,1,0.88412523
,3081,1,1,0.73588943
,3081,2,0,0.9968557
,3081,3,2,1.0
,3082,0,1,0.884161
,3082,1,0,0.73727924
,3082,2,3,1.0
,3082,3,0,0.94730854
,3083,0,1,0.88157374
,3083,1,3,1.0
,3083,2,0,0.996815
,3083,3,1,0.7391919
,3084,0,1,0.8660469
,3084,1,0,0.9968071
,3084,2,3,1.0
,3084,3,1,0.85936093
,3085,0,1,0.7773714
,3085,1,3,1.0
,3085,2,0,0.9968084
,3085,3,1,0.88040143
,3086,0,0,0.7290247
,3086,1,0,0.94888496
,3086,2,3,1.0
,3086,3,1,0.88405
,3087,0,3,1.0
,3087,1,1,0.52993053
,3087,2,0,0.9990701
,3087,3,1,0.8847235
,3088,0,0,0.9710734
,3088,1,0,0.89729303
,3088,2,2,1.0
,3088,3,1,0.8848289
,3089,0,0,0.87856334
,3089,1,2,0.84469163
,3089,2,0,0.97536236
,3089,3,1,0.884406
,3090,0,3,1.0
,3090,1,0,0.9746437
,3090,2,0,0.87957233
,3090,3,1,0.881586
,3091,0,0,0.97512907
,3091,1,0,0.8794706
,3091,2,3,1.0
,3091,3,1,0.8660275
,3092,0,0,0.96132326
,3092,1,3,1.0
,3092,2,0,0.94704694
,3092,3,1,0.77731377
,3093,0,2,0.99998367
,3093,1,0,0.94765246
,3093,2,1,0.5651268
,3093,3,0,0.7289557
,3094,0,0,0.94731736
,3094,1,1,0.5648068
,3094,2,0,0.7715781
,3094,3,3,1.0
,3095,0,1,0.73891395
,3095,1,0,0.77148503
,3095,2,3,1.0
,3095,3,0,0.937744
,3096,0,1,0.8586841
,3096,1,3,1.0
,3096,2,0,0.9968141
,3096,3,1,0.74086004
,3097,0,1,0.87699765
,3097,1,0,0.99906844
,3097,2,3,1.0
,3097,3,1,0.8596481
,3098,0,1,0.8653043
,3098,1,2,1.0
,3098,2,0,0.9968559
,3098,3,1,0.88058966
,3099,0,1,0.77717006
,3099,1,0,0.99732053
,3099,2,3,1.0
,3099,3,1,0.88411725
,3100,0,0,0.7290836
,3100,1,3,1.0
,3100,2,0,0.9470092
,3100,3,1,0.8847051
,3101,0,3,1.0
,3101,1,0,0.99681634
,3101,2,1,0.5650247
,3101,3,1,0.8848611
,3102,0,0,0.9379516
,3102,1,3,1.0
,3102,2,0,0.77147543
,3102,3,1,0.8848333
,3103,0,1,0.7347003
,3103,1,0,0.99681383
,3103,2,3,1.0
,3103,3,1,0.88488275
,3104,0,1,0.8374745
,3104,1,3,1.0
,3104,2,0,0.99906844
,3104,3,1,0.8848689
,3105,0,1,0.7701012
,3105,1,0,0.99685556
,3105,2,2,1.0
,3105,3,1,0.88499844
,3106,0,0,0.7306113
,3106,1,3,1.0
,3106,2,0,0.97535795
,3106,3,1,0.88487566
,3107,0,3,1.0
,3107,1,0,0.97074825
,3107,2,0,0.87959915
,3107,3,1,0.88486457
,3108,0,0,0.9376846
,3108,1,0,0.8785819
,3108,2,3,1.0
,3108,3,1,0.8848438
,3109,0,1,0.7408553
,3109,1,3,1.0
,3109,2,0,0.99681145
,3109,3,1,0.8848788
,3110,0,1,0.85964864
,3110,1,0,0.99680686
,3110,2,3,1.0
,3110,3,1,0.88487273
,3111,0,1,0.8804363
,3111,1,3,1.0
,3111,2,0,0.99680674
,3111,3,1,0.884871
,3112,0,1,0.88399553
,3112,1,0,0.9968066
,3112,2,3,1.0
,3112,3,1,0.8848704
,3113,0,1,0.88415635
,3113,1,3,1.0
,3113,2,0,0.99680626
,3113,3,1,0.8848686
,3114,0,1,0.88154924
,3114,1,0,0.9990683
,3114,2,3,1.0
,3114,3,1,0.88486403
,3115,0,1,0.8662026
,3115,1,2,1.0
,3115,2,0,0.99908274
,3115,3,1,0.88499814
,3116,0,1,0.7776205
,3116,1,0,0.99732006
,3116,2,2,1.0
,3116,3,1,0.8850168
,3117,0,0,0.7289621
,3117,1,3,1.0
,3117,2,0,0.95530385
,3117,3,1,0.8848773
,3118,0,3,1.0
,3118,1,0,0.99681574
,3118,2,1,0.56280804
,3118,3,1,0.88489074
,3119,0,0,0.97427434
,3119,1,3,1.0
,3119,2,0,0.7720834
,3119,3,1,0.88484496
,3120,0,0,0.94576925
,3120,1,0,0.94710326
,3120,2,3,1.0
,3120,3,1,0.88481915
,3121,0,2,0.8129052
,3121,1,1,0.56523997
,3121,2,0,0.9968552
,3121,3,1,0.8848628
,3122,0,0,0.9744849
,3122,1,0,0.7715943
,3122,2,3,1.0
,3122,3,1,0.8841341
,3123,0,0,0.879323
,3123,1,3,1.0
,3123,2,0,0.9378021
,3123,3,1,0.880624
,3124,0,3,1.0
,3124,1,0,0.9968112
,3124,2,1,0.73945314
,3124,3,1,0.8607393
,3125,0,0,0.99906796
,3125,1,3,1.0
,3125,2,1,0.8546463
,3125,3,1,0.74700993
,3126,0,2,1.0
,3126,1,0,0.97542876
,3126,2,1,0.8556511
,3126,3,0,0.90227646
,3127,0,0,0.9473231
,3127,1,0,0.9612978
,3127,2,1,0.7457785
,3127,3,2,1.0
,3128,0,1,0.739344
,3128,1,2,1.0
,3128,2,0,0.9023639
,3128,3,0,0.94889456
,3129,0,1,0.8595399
,3129,1,0,0.997319
,3129,2,2,1.0
,3129,3,1,0.70474595
,3130,0,1,0.88042593
,3130,1,3,1.0
,3130,2,0,0.99921685
,3130,3,1,0.7352357
,3131,0,1,0.88417256
,3131,1,0,0.94767594
,3131,2,2,0.9997032
,3131,3,0,0.73727405
,3132,0,1,0.88476425
,3132,1,1,0.564841
,3132,2,0,0.99732065
,3132,3,3,1.0
,3133,0,1,0.884816
,3133,1,0,0.7715124
,3133,2,3,1.0
,3133,3,0,0.93762064
,3134,0,1,0.8848783
,3134,1,3,1.0
,3134,2,0,0.9968141
,3134,3,1,0.74088323
,3135,0,1,0.8848556
,3135,1,0,0.996807
,3135,2,3,1.0
,3135,3,1,0.85965717
,3136,0,1,0.8847701
,3136,1,3,1.0
,3136,2,0,0.99680674
,3136,3,1,0.8804555
,3137,0,1,0.8842935
,3137,1,0,0.9968066
,3137,2,3,1.0
,3137,3,1,0.8840975
,3138,0,1,0.88157415
,3138,1,3,1.0
,3138,2,0,0.99680674
,3138,3,1,0.8847354
,3139,0,1,0.8660454
,3139,1,0,0.99680674
,3139,2,3,1.0
,3139,3,1,0.8848471
,3140,0,1,0.7773669
,3140,1,3,1.0
,3140,2,0,0.9968084
,3140,3,1,0.8848652
,3141,0,0,0.729049
,3141,1,0,0.949229
,3141,2,3,1.0
,3141,3,1,0.88483655
,3142,0,3,1.0
,3142,1,1,0.5234607
,3142,2,0,0.996816
,3142,3,1,0.8848818
,3143,0,0,0.9376177
,3143,1,0,0.9206243
,3143,2,3,1.0
,3143,3,1,0.8848281
,3144,0,1,0.7411234
,3144,1,2,0.9999651
,3144,2,0,0.9968564
,3144,3,1,0.88499296
,3145,0,1,0.85969466
,3145,1,0,0.997318
,3145,2,3,1.0
,3145,3,1,0.8848724
,3146,0,1,0.8804571
,3146,1,3,1.0
,3146,2,0,0.99680626
,3146,3,1,0.88477135
,3147,0,1,0.884076
,3147,1,0,0.9990683
,3147,2,3,1.0
,3147,3,1,0.8842898
,3148,0,1,0.8847649
,3148,1,2,1.0
,3148,2,0,0.9968559
,3148,3,1,0.88170785
,3149,0,1,0.88429
,3149,1,0,0.99731827
,3149,2,3,1.0
,3149,3,1,0.8660688
,3150,0,1,0.881571
,3150,1,3,1.0
,3150,2,0,0.99680865
,3150,3,1,0.7773741
,3151,0,1,0.8660032
,3151,1,0,0.93946224
,3151,2,3,1.0
,3151,3,0,0.72904235
,3152,0,1,0.7773689
,3152,1,1,0.70631164
,3152,2,0,0.99681693
,3152,3,3,1.0
,3153,0,0,0.7291856
,3153,1,1,0.7355431
,3153,2,3,1.0
,3153,3,0,0.9376024
,3154,0,3,1.0
,3154,1,0,0.7375382
,3154,2,0,0.97075266
,3154,3,1,0.74082977
,3155,0,0,0.93774426
,3155,1,3,1.0
,3155,2,0,0.87855875
,3155,3,1,0.85962415
,3156,0,1,0.7408383
,3156,1,0,0.99906987
,3156,2,3,1.0
,3156,3,1,0.8804585
,3157,0,1,0.8598049
,3157,1,2,1.0
,3157,2,0,0.9968559
,3157,3,1,0.88422936
,3158,0,1,0.88047284
,3158,1,0,0.99921745
,3158,2,3,1.0
,3158,3,1,0.8847501
,3159,0,1,0.8842322
,3159,1,2,1.0
,3159,2,0,0.9968557
,3159,3,1,0.88498044
,3160,0,1,0.8847546
,3160,1,0,0.9973177
,3160,2,3,1.0
,3160,3,1,0.8848856
,3161,0,1,0.8848456
,3161,1,3,1.0
,3161,2,0,0.99906844
,3161,3,1,0.88486797
,3162,0,1,0.8849973
,3162,1,0,0.9968558
,3162,2,2,1.0
,3162,3,1,0.88499814
,3163,0,1,0.88488865
,3163,1,3,1.0
,3163,2,0,0.9973178
,3163,3,1,0.88487166
,3164,0,1,0.8848691
,3164,1,0,0.9990683
,3164,2,3,1.0
,3164,3,1,0.8847683
,3165,0,1,0.8850017
,3165,1,2,1.0
,3165,2,0,0.9968559
,3165,3,1,0.8844249
,3166,0,1,0.88489115
,3166,1,0,0.997318
,3166,2,3,1.0
,3166,3,1,0.8815943
,3167,0,1,0.8848741
,3167,1,3,1.0
,3167,2,0,0.99680674
,3167,3,1,0.866045
,3168,0,1,0.8848696
,3168,1,0,0.99680793
,3168,2,3,1.0
,3168,3,1,0.7773435
,3169,0,1,0.8848416
,3169,1,3,1.0
,3169,2,0,0.9706932
,3169,3,0,0.729181
,3170,0,1,0.8848414
,3170,1,0,0.97074777
,3170,2,0,0.87866706
,3170,3,3,1.0
,3171,0,1,0.88474184
,3171,1,0,0.8785817
,3171,2,3,1.0
,3171,3,0,0.93768513
,3172,0,1,0.8843015
,3172,1,3,1.0
,3172,2,0,0.99681145
,3172,3,1,0.7408562
,3173,0,1,0.88157636
,3173,1,0,0.99680686
,3173,2,3,1.0
,3173,3,1,0.85965204
,3174,0,1,0.8660474
,3174,1,3,1.0
,3174,2,0,0.9968065
,3174,3,1,0.8804532
,3175,0,1,0.7773802
,3175,1,0,0.99906796
,3175,2,3,1.0
,3175,3,1,0.88409203
,3176,0,0,0.7288438
,3176,1,2,1.0
,3176,2,0,0.94767666
,3176,3,1,0.88481426
,3177,0,3,1.0
,3177,1,0,0.9973208
,3177,2,1,0.5648407
,3177,3,1,0.88487715
,3178,0,0,0.9394658
,3178,1,3,1.0
,3178,2,0,0.7715157
,3178,3,1,0.8848366
,3179,0,1,0.70632696
,3179,1,0,0.9968142
,3179,2,3,1.0
,3179,3,1,0.8848847
,3180,0,1,0.7356436
,3180,1,3,1.0
,3180,2,0,0.99680865
,3180,3,1,0.8848723
,3181,0,0,0.7373848
,3181,1,0,0.94701284
,3181,2,3,1.0
,3181,3,1,0.884837
,3182,0,3,1.0
,3182,1,1,0.5649719
,3182,2,0,0.9968155
,3182,3,1,0.88488096
,3183,0,0,0.9706885
,3183,1,0,0.7716525
,3183,2,3,1.0
,3183,3,1,0.88483
,3184,0,0,0.87857497
,3184,1,3,1.0
,3184,2,0,0.94710404
,3184,3,1,0.88474846
,3185,0,3,1.0
,3185,1,0,0.9968129
,3185,2,1,0.5649739
,3185,3,1,0.8842997
,3186,0,0,0.9379501
,3186,1,3,1.0
,3186,2,0,0.7714891
,3186,3,1,0.8815387
,3187,0,1,0.7346968
,3187,1,0,0.9968143
,3187,2,3,1.0
,3187,3,1,0.86605763
,3188,0,1,0.8374534
,3188,1,3,1.0
,3188,2,0,0.9968089
,3188,3,1,0.7773491
,3189,0,1,0.76980996
,3189,1,0,0.9376578
,3189,2,3,1.0
,3189,3,0,0.7291822
,3190,0,0,0.7306893
,3190,1,1,0.73974526
,3190,2,0,0.9751594
,3190,3,3,1.0
,3191,0,3,1.0
,3191,1,1,0.8557198
,3191,2,0,0.9613218
,3191,3,0,0.9377477
,3192,0,0,0.99685663
,3192,1,1,0.86117095
,3192,2,2,1.0
,3192,3,1,0.7411017
,3193,0,3,1.0
,3193,1,1,0.77609485
,3193,2,0,0.99732065
,3193,3,1,0.85969007
,3194,0,0,0.94701093
,3194,1,0,0.72927487
,3194,2,3,1.0
,3194,3,1,0.88042474
,3195,0,1,0.565019
,3195,1,3,1.0
,3195,2,0,0.99907035
,3195,3,1,0.8841078
,3196,0,0,0.77137136
,3196,1,0,0.97108483
,3196,2,2,1.0
,3196,3,1,0.8848277
,3197,0,3,1.0
,3197,1,0,0.8787369
,3197,2,0,0.97535354
,3197,3,1,0.884859
,3198,0,0,0.93768615
,3198,1,3,1.0
,3198,2,0,0.8795025
,3198,3,1,0.884821
,3199,0,1,0.74085516
,3199,1,0,0.99681133
,3199,2,3,1.0
,3199,3,1,0.8847489
,3200,0,1,0.8596502
,3200,1,3,1.0
,3200,2,0,0.9968065
,3200,3,1,0.8841314
,3201,0,1,0.88044965
,3201,1,0,0.9990683
,3201,2,3,1.0
,3201,3,1,0.8806429
,3202,0,1,0.8842281
,3202,1,2,0.9999994
,3202,2,0,0.9968559
,3202,3,1,0.86088276
,3203,0,1,0.88475245
,3203,1,0,0.9973208
,3203,2,3,1.0
,3203,3,1,0.7470504
,3204,0,1,0.8848053
,3204,1,3,1.0
,3204,2,0,0.93803483
,3204,3,0,0.9023794
,3205,0,1,0.88499194
,3205,1,0,0.9968563
,3205,2,1,0.7332097
,3205,3,2,1.0
,3206,0,1,0.8848895
,3206,1,3,1.0
,3206,2,1,0.8312825
,3206,3,0,0.9973184
,3207,0,1,0.88487095
,3207,1,0,0.9968078
,3207,2,1,0.738882
,3207,3,3,1.0
,3208,0,1,0.88483673
,3208,1,3,1.0
,3208,2,0,0.90304226
,3208,3,0,0.9706794
,3209,0,1,0.8849406
,3209,1,0,0.9387086
,3209,2,2,1.0
,3209,3,0,0.8784586
,3210,0,1,0.88489074
,3210,1,1,0.7345436
,3210,2,0,0.9973178
,3210,3,3,1.0
,3211,0,1,0.88487
,3211,1,1,0.8374497
,3211,2,3,1.0
,3211,3,0,0.9990683
,3212,0,1,0.88499814
,3212,1,1,0.77012527
,3212,2,0,0.99685544
,3212,3,2,1.0
,3213,0,1,0.88487375
,3213,1,0,0.730433
,3213,2,3,1.0
,3213,3,0,0.9473088
,3214,0,1,0.88489413
,3214,1,3,1.0
,3214,2,0,0.99681526
,3214,3,1,0.7391867
,3215,0,1,0.88487554
,3215,1,0,0.996807
,3215,2,3,1.0
,3215,3,1,0.85934013
,3216,0,1,0.88487166
,3216,1,3,1.0
,3216,2,0,0.99680674
,3216,3,1,0.88029915
,3217,0,1,0.88487095
,3217,1,0,0.9968066
,3217,2,3,1.0
,3217,3,1,0.8835076
,3218,0,1,0.8848707
,3218,1,3,1.0
,3218,2,0,0.99680674
,3218,3,1,0.8814328
,3219,0,1,0.8848708
,3219,1,0,0.99680674
,3219,2,3,1.0
,3219,3,1,0.8660127
,3220,0,1,0.88486946
,3220,1,3,1.0
,3220,2,0,0.99680793
,3220,3,1,0.77732897
,3221,0,1,0.8848444
,3221,1,0,0.97068727
,3221,2,3,1.0
,3221,3,0,0.7292197
,3222,0,1,0.8848496
,3222,1,0,0.8785723
,3222,2,0,0.9471115
,3222,3,3,1.0
,3223,0,1,0.88487
,3223,1,3,1.0
,3223,2,1,0.5650403
,3223,3,0,0.99681276
,3224,0,1,0.88479507
,3224,1,0,0.9394587
,3224,2,0,0.7712397
,3224,3,3,1.0
,3225,0,1,0.8847086
,3225,1,1,0.70670843
,3225,2,3,1.0
,3225,3,0,0.9384499
,3226,0,1,0.8879562
,3226,1,1,0.74162245
,3226,2,3,1.0
,3226,3,1,0.74735504
,3227,0,1,0.88549066
,3227,1,0,0.73597705
,3227,2,2,1.0
,3227,3,1,0.8608847
,3228,0,1,0.8849961
,3228,1,3,1.0
,3228,2,0,0.997318
,3228,3,1,0.8806879
,3229,0,1,0.8848913
,3229,1,0,0.9968064
,3229,2,3,1.0
,3229,3,1,0.88413674
,3230,0,1,0.88486946
,3230,1,3,1.0
,3230,2,0,0.99906844
,3230,3,1,0.88473725
,3231,0,1,0.88500017
,3231,1,0,0.99685556
,3231,2,2,1.0
,3231,3,1,0.8849769
,3232,0,1,0.88488483
,3232,1,3,1.0
,3232,2,0,0.99921757
,3232,3,1,0.8848802
,3233,0,1,0.8850027
,3233,1,0,0.99685556
,3233,2,2,1.0
,3233,3,1,0.88499886
,3234,0,1,0.8848856
,3234,1,3,1.0
,3234,2,0,0.99921757
,3234,3,1,0.8848677
,3235,0,1,0.88500446
,3235,1,0,0.9968558
,3235,2,2,1.0
,3235,3,1,0.88490343
,3236,0,1,0.88489157
,3236,1,3,1.0
,3236,2,0,0.997318
,3236,3,1,0.88431424
,3237,0,1,0.8848743
,3237,1,0,0.9968066
,3237,2,3,1.0
,3237,3,1,0.88157696
,3238,0,1,0.88487136
,3238,1,3,1.0
,3238,2,0,0.99680674
,3238,3,1,0.86604184
,3239,0,1,0.8848696
,3239,1,0,0.99680793
,3239,2,3,1.0
,3239,3,1,0.7773427
,3240,0,1,0.88484466
,3240,1,3,1.0
,3240,2,0,0.97069293
,3240,3,0,0.72918123
,3241,0,1,0.884859
,3241,1,0,0.97074765
,3241,2,0,0.87866706
,3241,3,3,1.0
,3242,0,1,0.88484263
,3242,1,0,0.8785814
,3242,2,3,1.0
,3242,3,0,0.9376955
,3243,0,1,0.8848769
,3243,1,3,1.0
,3243,2,0,0.996811
,3243,3,1,0.7406627
,3244,0,1,0.88486785
,3244,1,0,0.99904346
,3244,2,3,1.0
,3244,3,1,0.85896367
,3245,0,1,0.8850014
,3245,1,2,0.9890028
,3245,2,0,0.9968557
,3245,3,1,0.8771871
,3246,0,1,0.88489115
,3246,1,0,0.9973127
,3246,2,3,1.0
,3246,3,1,0.8651891
,3247,0,1,0.8848729
,3247,1,3,1.0
,3247,2,0,0.9968084
,3247,3,1,0.77714396
,3248,0,1,0.88483757
,3248,1,0,0.94701
,3248,2,3,1.0
,3248,3,0,0.72908866
,3249,0,1,0.8848843
,3249,1,1,0.56502455
,3249,2,0,0.9968162
,3249,3,3,1.0
,3250,0,1,0.88483757
,3250,1,0,0.77147555
,3250,2,3,1.0
,3250,3,0,0.9376795
,3251,0,1,0.88488483
,3251,1,3,1.0
,3251,2,0,0.9968141
,3251,3,1,0.73979646
,3252,0,1,0.8848722
,3252,1,0,0.9968066
,3252,2,3,1.0
,3252,3,1,0.85575765
,3253,0,1,0.88486636
,3253,1,3,1.0
,3253,2,0,0.9990432
,3253,3,1,0.8610333
,3254,0,1,0.8849961
,3254,1,0,0.9968552
,3254,2,2,0.9889165
,3254,3,1,0.77627474
,3255,0,1,0.8848707
,3255,1,3,1.0
,3255,2,0,0.9570996
,3255,3,0,0.7292381
,3256,0,1,0.8848708
,3256,1,0,0.9968161
,3256,2,1,0.52128756
,3256,3,3,1.0
,3257,0,1,0.8847276
,3257,1,3,1.0
,3257,2,0,0.9208064
,3257,3,0,0.93946165
,3258,0,1,0.88441706
,3258,1,0,0.99881387
,3258,2,2,1.0
,3258,3,1,0.7066098
,3259,0,1,0.88171285
,3259,1,2,0.87962455
,3259,2,0,0.9973202
,3259,3,1,0.7359365
,3260,0,1,0.86605227
,3260,1,0,0.946522
,3260,2,3,1.0
,3260,3,0,0.7372932
,3261,0,1,0.77740693
,3261,1,1,0.731441
,3261,2,0,0.99681693
,3261,3,3,1.0
,3262,0,0,0.7290352
,3262,1,1,0.83088785
,3262,2,3,1.0
,3262,3,0,0.93762994
,3263,0,3,1.0
,3263,1,1,0.7388149
,3263,2,0,0.9968167
,3263,3,1,0.7406901
,3264,0,0,0.9376177
,3264,1,0,0.90305096
,3264,2,3,1.0
,3264,3,1,0.85892034
,3265,0,1,0.7411238
,3265,1,2,1.0
,3265,2,0,0.9968564
,3265,3,1,0.8771811
,3266,0,1,0.8596958
,3266,1,0,0.99731827
,3266,2,3,1.0
,3266,3,1,0.86518824
,3267,0,1,0.88046026
,3267,1,3,1.0
,3267,2,0,0.9968084
,3267,3,1,0.7771438
,3268,0,1,0.8840616
,3268,1,0,0.9470097
,3268,2,3,1.0
,3268,3,0,0.7290887
,3269,0,1,0.88473094
,3269,1,1,0.5650308
,3269,2,0,0.9968162
,3269,3,3,1.0
,3270,0,1,0.88471115
,3270,1,0,0.77145267
,3270,2,3,1.0
,3270,3,0,0.93762356
,3271,0,1,0.8842998
,3271,1,3,1.0
,3271,2,0,0.9990706
,3271,3,1,0.7408698
,3272,0,1,0.88171095
,3272,1,0,0.9968563
,3272,2,2,1.0
,3272,3,1,0.85979277
,3273,0,1,0.8660701
,3273,1,3,1.0
,3273,2,0,0.99731827
,3273,3,1,0.880376
,3274,0,1,0.7773782
,3274,1,0,0.9968085
,3274,2,3,1.0
,3274,3,1,0.88351977
,3275,0,0,0.7290202
,3275,1,3,1.0
,3275,2,0,0.93794894
,3275,3,1,0.8813995
,3276,0,3,1.0
,3276,1,0,0.9968148
,3276,2,1,0.7347034
,3276,3,1,0.86603606
,3277,0,0,0.99906796
,3277,1,3,1.0
,3277,2,1,0.837466
,3277,3,1,0.77736515
,3278,0,2,1.0
,3278,1,0,0.93841994
,3278,2,1,0.7700032
,3278,3,0,0.72892773
,3279,0,0,0.9753538
,3279,1,1,0.73962814
,3279,2,0,0.7306353
,3279,3,3,1.0
,3280,0,0,0.8794932
,3280,1,1,0.8557039
,3280,2,3,1.0
,3280,3,0,0.9377552
,3281,0,3,1.0
,3281,1,1,0.8610209
,3281,2,0,0.99681145
,3281,3,1,0.7406554
,3282,0,0,0.9968082
,3282,1,1,0.7760235
,3282,2,3,1.0
,3282,3,1,0.8589653
,3283,0,3,1.0
,3283,1,0,0.729493
,3283,2,0,0.9706862
,3283,3,1,0.8770215
,3284,0,0,0.9377381
,3284,1,3,1.0
,3284,2,0,0.87855875
,3284,3,1,0.8651437
,3285,0,1,0.74083704
,3285,1,0,0.9990694
,3285,2,3,1.0
,3285,3,1,0.77717304
,3286,0,1,0.85973924
,3286,1,2,0.9999993
,3286,2,0,0.9402197
,3286,3,0,0.7288457
,3287,0,1,0.8804822
,3287,1,0,0.999211
,3287,2,1,0.706196
,3287,3,3,1.0
,3288,0,1,0.8842293
,3288,1,2,0.9966101
,3288,2,1,0.7358571
,3288,3,0,0.9990825
,3289,0,1,0.8848607
,3289,1,0,0.97907
,3289,2,0,0.737184
,3289,3,2,1.0
,3290,0,1,0.88486314
,3290,1,0,0.9616355
,3290,2,3,1.0
,3290,3,0,0.9753526
,3291,0,1,0.88494474
,3291,1,2,1.0
,3291,2,0,0.93840146
,3291,3,0,0.87938476
,3292,0,1,0.88488835
,3292,1,0,0.9973113
,3292,2,1,0.74047303
,3292,3,3,1.0
,3293,0,1,0.8849787
,3293,1,3,0.99924546
,3293,2,1,0.8588777
,3293,3,0,0.99684644
,3294,0,1,0.8848818
,3294,1,0,0.9990681
,3294,2,1,0.87610185
,3294,3,3,1.0
,3295,0,1,0.88500196
,3295,1,2,1.0
,3295,2,1,0.8599748
,3295,3,0,0.99685556
,3296,0,1,0.88488317
,3296,1,0,0.99921745
,3296,2,1,0.74679273
,3296,3,3,1.0
,3297,0,1,0.8849396
,3297,1,2,1.0
,3297,2,0,0.90230453
,3297,3,0,0.9384338
,3298,0,1,0.8850105
,3298,1,0,0.99731886
,3298,2,2,1.0
,3298,3,1,0.73989445
,3299,0,1,0.8848911
,3299,1,3,1.0
,3299,2,0,0.9973178
,3299,3,1,0.85577136
,3300,0,1,0.8848696
,3300,1,0,0.9990683
,3300,2,3,1.0
,3300,3,1,0.86103606
,3301,0,1,0.88499814
,3301,1,2,1.0
,3301,2,0,0.99685544
,3301,3,1,0.77627796
,3302,0,1,0.8848744
,3302,1,0,0.95530134
,3302,2,3,1.0
,3302,3,0,0.7292314
,3303,0,1,0.8848911
,3303,1,1,0.56285983
,3303,2,0,0.99681646
,3303,3,3,1.0
,3304,0,1,0.8848385
,3304,1,0,0.7719078
,3304,2,3,1.0
,3304,3,0,0.9376219
,3305,0,1,0.8848836
,3305,1,3,1.0
,3305,2,0,0.99681383
,3305,3,1,0.7408795
,3306,0,1,0.88486904
,3306,1,0,0.99906844
,3306,2,3,1.0
,3306,3,1,0.8596506
,3307,0,1,0.8850012
,3307,1,2,1.0
,3307,2,0,0.9968559
,3307,3,1,0.8805863
,3308,0,1,0.884888
,3308,1,0,0.997318
,3308,2,3,1.0
,3308,3,1,0.8840957
,3309,0,1,0.88485646
,3309,1,3,1.0
,3309,2,0,0.9968065
,3309,3,1,0.88460904
,3310,0,1,0.8847702
,3310,1,0,0.9968066
,3310,2,3,1.0
,3310,3,1,0.88410723
,3311,0,1,0.8842934
,3311,1,3,1.0
,3311,2,0,0.99680674
,3311,3,1,0.8806391
,3312,0,1,0.8815731
,3312,1,0,0.99680686
,3312,2,3,1.0
,3312,3,1,0.8607289
,3313,0,1,0.8660375
,3313,1,3,1.0
,3313,2,0,0.9968084
,3313,3,1,0.74701136
,3314,0,1,0.7772987
,3314,1,0,0.9469837
,3314,2,3,1.0
,3314,3,0,0.9023861
,3315,0,0,0.72895926
,3315,1,1,0.5651427
,3315,2,0,0.9476509
,3315,3,2,1.0
,3316,0,3,1.0
,3316,1,0,0.7715745
,3316,2,1,0.5648132
,3316,3,0,0.9473723
,3317,0,0,0.93775547
,3317,1,3,1.0
,3317,2,0,0.7714629
,3317,3,1,0.7377042
,3318,0,1,0.74066556
,3318,1,0,0.9990707
,3318,2,3,1.0
,3318,3,1,0.8543601
,3319,0,1,0.859127
,3319,1,2,1.0
,3319,2,0,0.99685615
,3319,3,1,0.85563993
,3320,0,1,0.87707305
,3320,1,0,0.9973202
,3320,2,3,1.0
,3320,3,1,0.74560195
,3321,0,1,0.8651438
,3321,1,3,1.0
,3321,2,0,0.97509617
,3321,3,0,0.90249306
,3322,0,1,0.777268
,3322,1,0,0.94067913
,3322,2,0,0.9612803
,3322,3,2,1.0
,3323,0,0,0.7288167
,3323,1,1,0.6969492
,3323,2,2,1.0
,3323,3,0,0.9476013
,3324,0,3,1.0
,3324,1,1,0.7018399
,3324,2,0,0.9973209
,3324,3,1,0.7329712
,3325,0,0,0.93761384
,3325,1,0,0.90604866
,3325,2,3,1.0
,3325,3,1,0.8370903
,3326,0,1,0.7411163
,3326,1,2,0.99987316
,3326,2,0,0.99685615
,3326,3,1,0.7700339
,3327,0,1,0.85967445
,3327,1,0,0.94758886
,3327,2,3,1.0
,3327,3,0,0.7304511
,3328,0,1,0.8804822
,3328,1,1,0.7329819
,3328,2,0,0.99681526
,3328,3,3,1.0
,3329,0,1,0.884103
,3329,1,1,0.83712614
,3329,2,3,1.0
,3329,3,0,0.9968071
,3330,0,1,0.88473505
,3330,1,1,0.76978207
,3330,2,0,0.99680793
,3330,3,3,1.0
,3331,0,1,0.8848211
,3331,1,0,0.7307276
,3331,2,3,1.0
,3331,3,0,0.97068727
,3332,0,1,0.88484675
,3332,1,3,1.0
,3332,2,0,0.9471151
,3332,3,0,0.87857234
,3333,0,1,0.8848767
,3333,1,0,0.99681276
,3333,2,1,0.56496525
,3333,3,3,1.0
,3334,0,1,0.8848385
,3334,1,3,1.0
,3334,2,0,0.77150893
,3334,3,0,0.9470115
,3335,0,1,0.8848824
,3335,1,0,0.9968154
,3335,2,3,1.0
,3335,3,1,0.56501144
,3336,0,1,0.8848397
,3336,1,3,1.0
,3336,2,0,0.94701195
,3336,3,0,0.77149963
,3337,0,1,0.8848825
,3337,1,0,0.9968155
,3337,2,1,0.5650182
,3337,3,3,1.0
,3338,0,1,0.88483727
,3338,1,3,1.0
,3338,2,0,0.77147675
,3338,3,0,0.9376213
,3339,0,1,0.8848851
,3339,1,0,0.9968142
,3339,2,3,1.0
,3339,3,1,0.7408832
,3340,0,1,0.88487387
,3340,1,3,1.0
,3340,2,0,0.996807
,3340,3,1,0.85965717
,3341,0,1,0.8848708
,3341,1,0,0.9968066
,3341,2,3,1.0
,3341,3,1,0.8804555
,3342,0,1,0.88486767
,3342,1,3,1.0
,3342,2,0,0.99680674
,3342,3,1,0.8840974
,3343,0,1,0.88485265
,3343,1,0,0.9968066
,3343,2,3,1.0
,3343,3,1,0.88473487
,3344,0,1,0.88476765
,3344,1,3,1.0
,3344,2,0,0.99680626
,3344,3,1,0.88484484
,3345,0,1,0.8842879
,3345,1,0,0.9990683
,3345,2,3,1.0
,3345,3,1,0.88485986
,3346,0,1,0.88170826
,3346,1,2,1.0
,3346,2,0,0.999083
,3346,3,1,0.8849976
,3347,0,1,0.8662154
,3347,1,0,0.9973192
,3347,2,2,1.0
,3347,3,1,0.88501924
,3348,0,1,0.77740717
,3348,1,3,1.0
,3348,2,0,0.99732065
,3348,3,1,0.8848878
,3349,0,0,0.7290395
,3349,1,0,0.94922155
,3349,2,3,1.0
,3349,3,1,0.88481176
,3350,0,3,1.0
,3350,1,1,0.5235816
,3350,2,0,0.9968155
,3350,3,1,0.88471544
,3351,0,0,0.97045815
,3351,1,0,0.9201843
,3351,2,3,1.0
,3351,3,1,0.8838834
,3352,0,0,0.8624163
,3352,1,2,0.9999033
,3352,2,1,0.6577474
,3352,3,1,0.89638525
,3353,0,3,1.0
,3353,1,0,0.9973217
,3353,2,1,0.7235154
,3353,3,1,0.8871522
,3354,0,0,0.9376573
,3354,1,3,1.0
,3354,2,0,0.73977375
,3354,3,1,0.88514215
,3355,0,1,0.74088097
,3355,1,0,0.996815
,3355,2,3,1.0
,3355,3,1,0.8843815
,3356,0,1,0.8596549
,3356,1,3,1.0
,3356,2,0,0.99680674
,3356,3,1,0.8815911
,3357,0,1,0.88045025
,3357,1,0,0.9990683
,3357,2,3,1.0
,3357,3,1,0.86605597
,3358,0,1,0.88422465
,3358,1,2,1.0
,3358,2,0,0.9968557
,3358,3,1,0.7775649
,3359,0,1,0.8847359
,3359,1,0,0.97535795
,3359,2,3,1.0
,3359,3,0,0.72911155
,3360,0,1,0.88481826
,3360,1,0,0.8795976
,3360,2,0,0.97515494
,3360,3,3,1.0
,3361,0,1,0.88470215
,3361,1,3,1.0
,3361,2,0,0.961325
,3361,3,0,0.93768847
,3362,0,1,0.8842573
,3362,1,0,0.9968564
,3362,2,2,1.0
,3362,3,1,0.7411119
,3363,0,1,0.8806639
,3363,1,3,1.0
,3363,2,0,0.997318
,3363,3,1,0.8596937
,3364,0,1,0.860734
,3364,1,0,0.99680674
,3364,2,3,1.0
,3364,3,1,0.8804615
,3365,0,1,0.7470138
,3365,1,3,1.0
,3365,2,0,0.9968084
,3365,3,1,0.88409543
,3366,0,0,0.9023801
,3366,1,0,0.94699836
,3366,2,3,1.0
,3366,3,1,0.88469243
,3367,0,2,0.99999404
,3367,1,1,0.56532395
,3367,2,0,0.9968552
,3367,3,1,0.8849665
,3368,0,0,0.9488808
,3368,1,0,0.77138937
,3368,2,3,1.0
,3368,3,1,0.8848682
,3369,0,1,0.7045
,3369,1,3,1.0
,3369,2,0,0.9968141
,3369,3,1,0.88488925
,3370,0,1,0.7351841
,3370,1,0,0.99906796
,3370,2,3,1.0
,3370,3,1,0.88486946
,3371,0,0,0.7372627
,3371,1,2,1.0
,3371,2,0,0.9387161
,3371,3,1,0.8849469
,3372,0,3,1.0
,3372,1,0,0.99731815
,3372,2,1,0.73456055
,3372,3,1,0.8849021
,3373,0,0,0.99680674
,3373,1,3,1.0
,3373,2,1,0.83744085
,3373,3,1,0.8848724
,3374,0,3,1.0
,3374,1,0,0.99906796
,3374,2,1,0.76990736
,3374,3,1,0.8848489
,3375,0,0,0.9476789
,3375,1,2,1.0
,3375,2,0,0.7303376
,3375,3,1,0.88484865
,3376,0,1,0.56479853
,3376,1,0,0.9973202
,3376,2,3,1.0
,3376,3,1,0.8843233
,3377,0,0,0.77165866
,3377,1,3,1.0
,3377,2,0,0.97069407
,3377,3,1,0.881552
,3378,0,3,1.0
,3378,1,0,0.97074443
,3378,2,0,0.8786788
,3378,3,1,0.8660241
,3379,0,0,0.93799436
,3379,1,0,0.8786707
,3379,2,3,1.0
,3379,3,1,0.77729815
,3380,0,1,0.7346143
,3380,1,3,1.0
,3380,2,0,0.97073156
,3380,3,0,0.72916836
,3381,0,1,0.8374321
,3381,1,0,0.97075254
,3381,2,0,0.8786834
,3381,3,3,1.0
,3382,0,1,0.7698281
,3382,1,0,0.878672
,3382,2,3,1.0
,3382,3,0,0.93766457
,3383,0,0,0.73065734
,3383,1,3,1.0
,3383,2,0,0.9707302
,3383,3,1,0.7408011
,3384,0,3,1.0
,3384,1,0,0.9707545
,3384,2,0,0.8786484
,3384,3,1,0.85963315
,3385,0,0,0.97072697
,3385,1,0,0.87866044
,3385,2,3,1.0
,3385,3,1,0.8804312
,3386,0,0,0.878683
,3386,1,3,1.0
,3386,2,0,0.97512937
,3386,3,1,0.88405555
,3387,0,3,1.0
,3387,1,0,0.9376981
,3387,2,0,0.9613126
,3387,3,1,0.88456845
,3388,0,0,0.9968564
,3388,1,1,0.7409211
,3388,2,2,0.9998734
,3388,3,1,0.884234
,3389,0,3,1.0
,3389,1,1,0.8590089
,3389,2,0,0.9973178
,3389,3,1,0.88066095
,3390,0,0,0.9990683
,3390,1,1,0.8770549
,3390,2,3,1.0
,3390,3,1,0.86074567
,3391,0,2,1.0
,3391,1,1,0.86531997
,3391,2,0,0.99908227
,3391,3,1,0.74724704
,3392,0,0,0.95530933
,3392,1,1,0.77734095
,3392,2,2,1.0
,3392,3,0,0.9022503
,3393,0,1,0.56308395
,3393,1,0,0.7288784
,3393,2,0,0.94760096
,3393,3,2,1.0
,3394,0,0,0.7717971
,3394,1,3,1.0
,3394,2,1,0.7329352
,3394,3,0,0.94731045
,3395,0,3,1.0
,3395,1,0,0.99681467
,3395,2,1,0.8371448
,3395,3,1,0.7391891
,3396,0,0,0.9968082
,3396,1,3,1.0
,3396,2,1,0.7697882
,3396,3,1,0.85935867
,3397,0,3,1.0
,3397,1,0,0.97510207
,3397,2,0,0.73072445
,3397,3,1,0.88037646
,3398,0,0,0.94711137
,3398,1,0,0.9613167
,3398,2,3,1.0
,3398,3,1,0.8840602
,3399,0,1,0.5652959
,3399,1,2,1.0
,3399,2,0,0.99685544
,3399,3,1,0.88485646
,3400,0,0,0.7713953
,3400,1,0,0.9488809
,3400,2,3,1.0
,3400,3,1,0.8848492
,3401,0,3,1.0
,3401,1,1,0.70449764
,3401,2,0,0.9968143
,3401,3,1,0.8848873
,3402,0,0,0.99680877
,3402,1,1,0.73517066
,3402,2,3,1.0
,3402,3,1,0.8848723
,3403,0,3,1.0
,3403,1,0,0.7374561
,3403,2,0,0.9376324
,3403,3,1,0.884832
,3404,0,0,0.9968149
,3404,1,3,1.0
,3404,2,1,0.7406427
,3404,3,1,0.8848685
,3405,0,3,1.0
,3405,1,0,0.9968066
,3405,2,1,0.8587801
,3405,3,1,0.8847716
,3406,0,0,0.9990683
,3406,1,3,1.0
,3406,2,1,0.8760876
,3406,3,1,0.88428986
,3407,0,2,1.0
,3407,1,0,0.9968557
,3407,2,1,0.85997194
,3407,3,1,0.881708
,3408,0,0,0.99921745
,3408,1,3,1.0
,3408,2,1,0.7467911
,3408,3,1,0.8660723
,3409,0,2,1.0
,3409,1,0,0.9401733
,3409,2,0,0.9023088
,3409,3,1,0.7775084
,3410,0,0,0.94889253
,3410,1,1,0.7063739
,3410,2,2,1.0
,3410,3,0,0.7287672
,3411,0,1,0.7044816
,3411,1,1,0.7356577
,3411,2,0,0.9973209
,3411,3,3,1.0
,3412,0,1,0.7350997
,3412,1,0,0.7375562
,3412,2,3,1.0
,3412,3,0,0.9376148
,3413,0,0,0.737455
,3413,1,3,1.0
,3413,2,0,0.94712436
,3413,3,1,0.74054646
,3414,0,3,1.0
,3414,1,0,0.99681646
,3414,2,1,0.56496674
,3414,3,1,0.8587113
,3415,0,0,0.94017464
,3415,1,3,1.0
,3415,2,0,0.77158636
,3415,3,1,0.8756558
,3416,0,1,0.69297475
,3416,1,0,0.9502815
,3416,2,3,1.0
,3416,3,1,0.85759854
,3417,0,1,0.68789995
,3417,1,1,0.5070209
,3417,2,2,1.0
,3417,3,1,0.734191
,3418,0,0,1.0
,3418,1,2,0.52105063
,3418,2,0,1.0
,3418,3,0,1.0
,3419,0,1,0.7302082
,3419,1,0,0.99915326
,3419,2,3,1.0
,3419,3,1,0.7301746
,3420,0,1,0.8579518
,3420,1,2,1.0
,3420,2,0,0.9968578
,3420,3,1,0.8578331
,3421,0,1,0.8801486
,3421,1,0,0.9973178
,3421,2,3,1.0
,3421,3,1,0.8795617
,3422,0,1,0.88401645
,3422,1,3,1.0
,3422,2,0,0.9989782
,3422,3,1,0.88075954
,3423,0,1,0.88472253
,3423,1,0,0.9968552
,3423,2,2,0.96033716
,3423,3,1,0.86621857
,3424,0,1,0.88410974
,3424,1,3,1.0
,3424,2,0,0.99920803
,3424,3,1,0.778453
,3425,0,1,0.8938971
,3425,1,0,0.8829121
,3425,2,2,1.0
,3425,3,0,0.7087775
,3426,0,1,0.88599306
,3426,1,1,0.58385706
,3426,2,0,0.9992145
,3426,3,3,1.0
,3427,0,1,0.8942778
,3427,1,0,0.74966097
,3427,2,2,1.0
,3427,3,0,0.863724
,3428,0,1,0.8866423
,3428,1,3,1.0
,3428,2,0,0.997319
,3428,3,1,0.75427634
,3429,0,1,0.88449115
,3429,1,0,0.99680877
,3429,2,3,1.0
,3429,3,1,0.8619808
,3430,0,1,0.8808256
,3430,1,3,1.0
,3430,2,0,0.9968058
,3430,3,1,0.88072175
,3431,0,1,0.8614483
,3431,1,0,0.9990646
,3431,2,3,1.0
,3431,3,1,0.8833711
,3432,0,1,0.76529306
,3432,1,2,1.0
,3432,2,0,0.99290633
,3432,3,1,0.8943216
,3433,0,0,0.90029544
,3433,1,0,0.9791933
,3433,2,3,1.0
,3433,3,1,0.886005
,3434,0,2,1.0
,3434,1,0,0.95748764
,3434,2,0,0.88329786
,3434,3,1,0.89432096
,3435,0,0,0.99921817
,3435,1,2,1.0
,3435,2,1,0.5828341
,3435,3,1,0.8869383
,3436,0,2,1.0
,3436,1,0,0.94764954
,3436,2,0,0.7676168
,3436,3,1,0.8852114
,3437,0,0,0.99921376
,3437,1,1,0.7319708
,3437,2,3,1.0
,3437,3,1,0.88419795
,3438,0,2,1.0
,3438,1,1,0.85027164
,3438,2,0,0.99292314
,3438,3,1,0.8945948
,3439,0,0,0.9973208
,3439,1,1,0.7735865
,3439,2,3,1.0
,3439,3,1,0.8867878
,3440,0,3,1.0
,3440,1,0,0.7299543
,3440,2,0,0.9751145
,3440,3,1,0.88518476
,3441,0,0,0.94932646
,3441,1,3,1.0
,3441,2,0,0.9613176
,3441,3,1,0.88490206
,3442,0,1,0.52372944
,3442,1,0,0.9968551
,3442,2,2,1.0
,3442,3,1,0.8849969
,3443,0,0,0.92059565
,3443,1,3,1.0
,3443,2,0,0.9473258
,3443,3,1,0.88484114
,3444,0,2,1.0
,3444,1,0,0.9968557
,3444,2,1,0.7391281
,3444,3,1,0.88486385
,3445,0,0,0.99921376
,3445,1,3,1.0
,3445,2,1,0.8583371
,3445,3,1,0.8841088
,3446,0,2,1.0
,3446,1,0,0.997953
,3446,2,1,0.8898078
,3446,3,1,0.8946076
,3447,0,0,0.99921817
,3447,1,2,1.0
,3447,2,1,0.8823835
,3447,3,1,0.88703865
,3448,0,2,1.0
,3448,1,0,0.9973191
,3448,2,1,0.8625907
,3448,3,1,0.88538677
,3449,0,0,0.99921745
,3449,1,3,1.0
,3449,2,1,0.7551539
,3449,3,1,0.8849502
,3450,0,2,1.0
,3450,1,0,0.9743869
,3450,2,0,0.85640925
,3450,3,1,0.8849662
,3451,0,0,0.9790832
,3451,1,0,0.94146633
,3451,2,2,0.7363608
,3451,3,1,0.8849768
,3452,0,0,0.9615956
,3452,1,2,0.7612319
,3452,2,0,0.94664013
,3452,3,1,0.8849781
,3453,0,2,1.0
,3453,1,0,0.9972081
,3453,2,1,0.70518565
,3453,3,1,0.8850165
,3454,0,0,0.99921745
,3454,1,3,1.0
,3454,2,1,0.7353587
,3454,3,1,0.88488716
,3455,0,2,1.0
,3455,1,0,0.9383905
,3455,2,0,0.73721
,3455,3,1,0.88494813
,3456,0,0,0.99921745
,3456,1,1,0.74073356
,3456,2,3,1.0
,3456,3,1,0.88489664
,3457,0,2,1.0
,3457,1,1,0.8597814
,3457,2,0,0.9968559
,3457,3,1,0.8850016
,3458,0,0,0.99921745
,3458,1,1,0.88044137
,3458,2,3,1.0
,3458,3,1,0.8848609
,3459,0,2,1.0
,3459,1,1,0.88407403
,3459,2,0,0.99685496
,3459,3,1,0.8848599
,3460,0,0,0.99921376
,3460,1,1,0.88387066
,3460,2,3,1.0
,3460,3,1,0.884078
,3461,0,2,1.0
,3461,1,1,0.89394015
,3461,2,0,0.9929182
,3461,3,1,0.8943679
,3462,0,0,0.9992141
,3462,1,1,0.88304263
,3462,2,3,1.0
,3462,3,1,0.8855168
,3463,0,2,1.0
,3463,1,1,0.87765944
,3463,2,0,0.99293876
,3463,3,1,0.8919226
,3464,0,0,0.99657774
,3464,1,1,0.7815657
,3464,2,3,1.0
,3464,3,1,0.8686181
,3465,0,3,1.0
,3465,1,0,0.71096426
,3465,2,0,0.86807114
,3465,3,1,0.7917678
,3466,0,0,0.9389445
,3466,1,3,1.0
,3466,2,1,0.5860187
,3466,3,0,0.72595376
,3467,0,1,0.7405833
,3467,1,0,0.9396228
,3467,2,0,0.76723623
,3467,3,3,1.0
,3468,0,1,0.85962915
,3468,1,1,0.706299
,3468,2,3,1.0
,3468,3,0,0.99681467
,3469,0,1,0.88044924
,3469,1,1,0.7356352
,3469,2,0,0.99680865
,3469,3,3,1.0
,3470,0,1,0.88406
,3470,1,0,0.7373919
,3470,2,3,1.0
,3470,3,0,0.94922924
,3471,0,1,0.8847286
,3471,1,3,1.0
,3471,2,0,0.99681574
,3471,3,1,0.52345794
,3472,0,1,0.8847072
,3472,1,0,0.9470005
,3472,2,3,1.0
,3472,3,0,0.9206286
,3473,0,1,0.8844149
,3473,1,1,0.56537044
,3473,2,0,0.9968552
,3473,3,2,1.0
,3474,0,1,0.8816068
,3474,1,0,0.7712142
,3474,2,3,1.0
,3474,3,0,0.9473208
,3475,0,1,0.8662969
,3475,1,3,1.0
,3475,2,0,0.9968267
,3475,3,1,0.73900986
,3476,0,1,0.7784735
,3476,1,0,0.9990639
,3476,2,3,1.0
,3476,3,1,0.8584814
,3477,0,0,0.7085039
,3477,1,2,0.9999659
,3477,2,0,0.94436264
,3477,3,1,0.8900651
,3478,0,3,1.0
,3478,1,0,0.9473484
,3478,2,0,0.95870423
,3478,3,1,0.8859671
,3479,0,0,0.9968597
,3479,1,1,0.73916554
,3479,2,2,1.0
,3479,3,1,0.8850624
,3480,0,3,1.0
,3480,1,1,0.8584081
,3480,2,0,0.996494
,3480,3,1,0.8840905
,3481,0,0,0.9893784
,3481,1,1,0.8887671
,3481,2,3,1.0
,3481,3,1,0.8929652
,3482,0,3,1.0
,3482,1,1,0.8955154
,3482,2,0,0.998
,3482,3,1,0.89619374
,3483,0,0,0.9969866
,3483,1,1,0.8870632
,3483,2,2,1.0
,3483,3,1,0.88719517
,3484,0,3,1.0
,3484,1,1,0.88435084
,3484,2,0,0.9964783
,3484,3,1,0.8844526
,3485,0,0,0.99772733
,3485,1,1,0.89264524
,3485,2,3,1.0
,3485,3,1,0.89311135
,3486,0,2,1.0
,3486,1,1,0.89386266
,3486,2,0,0.99356776
,3486,3,1,0.89666265
,3487,0,0,0.9992141
,3487,1,1,0.8691215
,3487,2,3,1.0
,3487,3,1,0.8864397
,3488,0,2,1.0
,3488,1,1,0.7947119
,3488,2,0,0.9929283
,3488,3,1,0.8949541
,3489,0,0,0.9753671
,3489,1,0,0.7252681
,3489,2,3,1.0
,3489,3,1,0.88680136
,3490,0,0,0.87958163
,3490,1,3,1.0
,3490,2,0,0.9691475
,3490,3,1,0.88506705
,3491,0,3,1.0
,3491,1,0,0.9683793
,3491,2,0,0.84821117
,3491,3,1,0.88408995
,3492,0,0,0.93879646
,3492,1,0,0.8251217
,3492,2,3,1.0
,3492,3,1,0.89257467
,3493,0,0,0.95311177
,3493,1,3,1.0
,3493,2,0,0.7861537
,3493,3,1,0.89695066
,3494,0,2,1.0
,3494,1,0,0.9991243
,3494,2,1,0.60831225
,3494,3,1,0.8874968
,3495,0,0,0.9753597
,3495,1,2,1.0
,3495,2,0,0.76266277
,3495,3,1,0.88544273
,3496,0,0,0.87949073
,3496,1,0,0.9571886
,3496,2,3,1.0
,3496,3,1,0.8849535
,3497,0,3,1.0
,3497,1,1,0.52123725
,3497,2,0,0.99681264
,3497,3,1,0.8847955
,3498,0,0,0.93762946
,3498,1,0,0.920811
,3498,2,3,1.0
,3498,3,1,0.8842539
,3499,0,1,0.74087954
,3499,1,2,1.0
,3499,2,0,0.9968564
,3499,3,1,0.88170195
,3500,0,1,0.8588192
,3500,1,0,0.99731827
,3500,2,3,1.0
,3500,3,1,0.86606145
,3501,0,1,0.87609255
,3501,1,3,1.0
,3501,2,0,0.99680793
,3501,3,1,0.77733594
,3502,0,1,0.85978794
,3502,1,0,0.97510034
,3502,2,3,1.0
,3502,3,0,0.72924876
,3503,0,1,0.7467105
,3503,1,0,0.9613198
,3503,2,0,0.9395553
,3503,3,3,1.0
,3504,0,0,0.9023107
,3504,1,2,1.0
,3504,2,1,0.7064437
,3504,3,0,0.9383823
,3505,0,2,1.0
,3505,1,0,0.99732006
,3505,2,1,0.7358861
,3505,3,1,0.7409724
,3506,0,0,0.97907734
,3506,1,3,1.0
,3506,2,0,0.7374422
,3506,3,1,0.85964936
,3507,0,0,0.9616388
,3507,1,0,0.97515494
,3507,2,3,1.0
,3507,3,1,0.88043904
,3508,0,2,1.0
,3508,1,0,0.96127844
,3508,2,0,0.9710721
,3508,3,1,0.8841772
,3509,0,0,0.9488922
,3509,1,2,1.0
,3509,2,0,0.87849844
,3509,3,1,0.88484895
,3510,0,1,0.7044786
,3510,1,0,0.99921745
,3510,2,3,1.0
,3510,3,1,0.8848711
,3511,0,1,0.7353711
,3511,1,2,1.0
,3511,2,0,0.9968557
,3511,3,1,0.884999
,3512,0,0,0.737588
,3512,1,0,0.9790771
,3512,2,3,1.0
,3512,3,1,0.8848744
,3513,0,3,1.0
,3513,1,0,0.9616413
,3513,2,0,0.9471106
,3513,3,1,0.8848478
,3514,0,0,0.99685556
,3514,1,2,1.0
,3514,2,1,0.5652971
,3514,3,1,0.88499427
,3515,0,3,1.0
,3515,1,0,0.9473579
,3515,2,0,0.7713912
,3515,3,1,0.88487315
,3516,0,0,0.9968143
,3516,1,1,0.7380969
,3516,2,3,1.0
,3516,3,1,0.8848915
,3517,0,3,1.0
,3517,1,1,0.8554543
,3517,2,0,0.9968065
,3517,3,1,0.88487333
,3518,0,0,0.9990683
,3518,1,1,0.8609762
,3518,2,3,1.0
,3518,3,1,0.8848665
,3519,0,2,1.0
,3519,1,1,0.77627164
,3519,2,0,0.99685544
,3519,3,1,0.8849972
,3520,0,0,0.94730943
,3520,1,0,0.7291789
,3520,2,3,1.0
,3520,3,1,0.88487184
,3521,0,1,0.7391847
,3521,1,3,1.0
,3521,2,0,0.9990708
,3521,3,1,0.88488925
,3522,0,1,0.8595157
,3522,1,0,0.99685603
,3522,2,2,1.0
,3522,3,1,0.8850046
,3523,0,1,0.8804203
,3523,1,3,1.0
,3523,2,0,0.99921757
,3523,3,1,0.88488424
,3524,0,1,0.8842203
,3524,1,0,0.99908286
,3524,2,2,1.0
,3524,3,1,0.88500184
,3525,0,1,0.88488007
,3525,1,2,1.0
,3525,2,0,0.997319
,3525,3,1,0.8850206
,3526,0,1,0.8848456
,3526,1,0,0.9973177
,3526,2,3,1.0
,3526,3,1,0.8848922
,3527,0,1,0.88473445
,3527,1,3,1.0
,3527,2,0,0.99906844
,3527,3,1,0.88486797
,3528,0,1,0.88425964
,3528,1,0,0.99908286
,3528,2,2,1.0
,3528,3,1,0.8849992
,3529,0,1,0.8807976
,3529,1,2,1.0
,3529,2,0,0.997319
,3529,3,1,0.8850205
,3530,0,1,0.8607575
,3530,1,0,0.9973184
,3530,2,3,1.0
,3530,3,1,0.884894
,3531,0,1,0.7470198
,3531,1,3,1.0
,3531,2,0,0.9968082
,3531,3,1,0.88487136
,3532,0,0,0.90238047
,3532,1,0,0.949217
,3532,2,3,1.0
,3532,3,1,0.884828
,3533,0,2,1.0
,3533,1,1,0.5237582
,3533,2,0,0.99685496
,3533,3,1,0.8849839
,3534,0,0,0.94732267
,3534,1,0,0.9205935
,3534,2,3,1.0
,3534,3,1,0.8848417
,3535,0,1,0.73919445
,3535,1,2,1.0
,3535,2,0,0.99685663
,3535,3,1,0.88487893
,3536,0,1,0.85855865
,3536,1,0,0.9964921
,3536,2,3,1.0
,3536,3,1,0.88418365
,3537,0,1,0.8895539
,3537,1,3,1.0
,3537,2,0,0.992106
,3537,3,1,0.8937228
,3538,0,1,0.8858836
,3538,1,0,0.9968848
,3538,2,3,1.0
,3538,3,1,0.8866295
,3539,0,1,0.884955
,3539,1,3,1.0
,3539,2,0,0.9968084
,3539,3,1,0.8851834
,3540,0,1,0.88432604
,3540,1,0,0.99680674
,3540,2,3,1.0
,3540,3,1,0.88492554
,3541,0,1,0.88157994
,3541,1,3,1.0
,3541,2,0,0.99680674
,3541,3,1,0.8848802
,3542,0,1,0.86604655
,3542,1,0,0.99680674
,3542,2,3,1.0
,3542,3,1,0.88487166
,3543,0,1,0.77736753
,3543,1,3,1.0
,3543,2,0,0.9968084
,3543,3,1,0.8848655
,3544,0,0,0.7290472
,3544,1,0,0.9492237
,3544,2,3,1.0
,3544,3,1,0.8848133
,3545,0,3,1.0
,3545,1,1,0.523556
,3545,2,0,0.99681526
,3545,3,1,0.88474584
,3546,0,0,0.9468675
,3546,1,0,0.920275
,3546,2,3,1.0
,3546,3,1,0.8840616
,3547,0,1,0.5925128
,3547,1,2,1.0
,3547,2,0,0.99291295
,3547,3,1,0.89455676
,3548,0,0,0.76556796
,3548,1,0,0.95531833
,3548,2,3,1.0
,3548,3,1,0.8867535
,3549,0,3,1.0
,3549,1,1,0.5628879
,3549,2,0,0.9990706
,3549,3,1,0.8852198
,3550,0,0,0.938396
,3550,1,0,0.771712
,3550,2,2,1.0
,3550,3,1,0.88500744
,3551,0,1,0.74072343
,3551,1,3,1.0
,3551,2,0,0.99921757
,3551,3,1,0.88490623
,3552,0,1,0.8597613
,3552,1,0,0.99685615
,3552,2,2,1.0
,3552,3,1,0.8850092
,3553,0,1,0.8803418
,3553,1,3,1.0
,3553,2,0,0.997318
,3553,3,1,0.88489246
,3554,0,1,0.8833564
,3554,1,0,0.9968066
,3554,2,3,1.0
,3554,3,1,0.8848744
,3555,0,1,0.8805042
,3555,1,3,1.0
,3555,2,0,0.99680674
,3555,3,1,0.88487136
,3556,0,1,0.86070216
,3556,1,0,0.99680674
,3556,2,3,1.0
,3556,3,1,0.8848706
,3557,0,1,0.7470048
,3557,1,3,1.0
,3557,2,0,0.9968084
,3557,3,1,0.88486755
,3558,0,0,0.9023816
,3558,1,0,0.949217
,3558,2,3,1.0
,3558,3,1,0.884828
,3559,0,2,1.0
,3559,1,1,0.5237581
,3559,2,0,0.99685496
,3559,3,1,0.8849875
,3560,0,0,0.94731396
,3560,1,0,0.9205935
,3560,2,3,1.0
,3560,3,1,0.8848632
,3561,0,1,0.7393856
,3561,1,2,1.0
,3561,2,0,0.99685663
,3561,3,1,0.8850025
,3562,0,1,0.85924345
,3562,1,0,0.9973177
,3562,2,3,1.0
,3562,3,1,0.8848898
,3563,0,1,0.879641
,3563,1,3,1.0
,3563,2,0,0.99906844
,3563,3,1,0.88486904
,3564,0,1,0.879974
,3564,1,0,0.99685556
,3564,2,2,1.0
,3564,3,1,0.8849998
,3565,0,1,0.86060405
,3565,1,3,1.0
,3565,2,0,0.9987696
,3565,3,1,0.8848833
,3566,0,1,0.74720323
,3566,1,0,0.9990819
,3566,2,2,0.7654351
,3566,3,1,0.8849933
,3567,0,0,0.9022507
,3567,1,2,1.0
,3567,2,0,0.9743634
,3567,3,1,0.8849855
,3568,0,2,1.0
,3568,1,0,0.9753583
,3568,2,0,0.8792188
,3568,3,1,0.88499296
,3569,0,0,0.9476695
,3569,1,0,0.87948245
,3569,2,3,1.0
,3569,3,1,0.88488305
,3570,0,1,0.73122257
,3570,1,3,1.0
,3570,2,0,0.9968112
,3570,3,1,0.8848843
,3571,0,1,0.83090603
,3571,1,0,0.9990683
,3571,2,3,1.0
,3571,3,1,0.8848687
,3572,0,1,0.7390163
,3572,1,2,1.0
,3572,2,0,0.99685544
,3572,3,1,0.8849955
,3573,0,0,0.9030232
,3573,1,0,0.9753545
,3573,2,3,1.0
,3573,3,1,0.8848625
,3574,0,2,1.0
,3574,1,0,0.8794327
,3574,2,0,0.97543514
,3574,3,1,0.884938
,3575,0,0,0.9790789
,3575,1,3,1.0
,3575,2,0,0.9613419
,3575,3,1,0.88474065
,3576,0,0,0.9615982
,3576,1,0,0.97543573
,3576,2,2,1.0
,3576,3,1,0.88421506
,3577,0,2,1.0
,3577,1,0,0.96129596
,3577,2,0,0.95531136
,3577,3,1,0.8807583
,3578,0,0,0.9973204
,3578,1,2,1.0
,3578,2,1,0.56309915
,3578,3,1,0.8608936
,3579,0,3,1.0
,3579,1,0,0.947357
,3579,2,0,0.7719807
,3579,3,1,0.747023
,3580,0,0,0.9751501
,3580,1,1,0.7380244
,3580,2,3,1.0
,3580,3,0,0.9023607
,3581,0,0,0.96128243
,3581,1,1,0.85553735
,3581,2,0,0.93845135
,3581,3,2,1.0
,3582,0,2,1.0
,3582,1,1,0.86118144
,3582,2,1,0.7398418
,3582,3,0,0.99731416
,3583,0,0,0.95711935
,3583,1,1,0.776462
,3583,2,1,0.8556815
,3583,3,3,1.0
,3584,0,1,0.52935076
,3584,1,0,0.7234021
,3584,2,1,0.8644228
,3584,3,3,1.0
,3585,0,0,0.9200944
,3585,1,3,1.0
,3585,2,1,0.77701175
,3585,3,0,0.93814176
,3586,0,2,1.0
,3586,1,0,0.9710944
,3586,2,0,0.72896594
,3586,3,1,0.7409435
,3587,0,0,0.97907794
,3587,1,0,0.8787117
,3587,2,3,1.0
,3587,3,1,0.8596482
,3588,0,0,0.9616427
,3588,1,3,1.0
,3588,2,0,0.9707221
,3588,3,1,0.8803306
,3589,0,2,1.0
,3589,1,0,0.9710793
,3589,2,0,0.87850785
,3589,3,1,0.8836092
,3590,0,0,0.97535914
,3590,1,0,0.8787233
,3590,2,3,1.0
,3590,3,1,0.8814717
,3591,0,0,0.8796257
,3591,1,3,1.0
,3591,2,0,0.969096
,3591,3,1,0.8661641
,3592,0,3,1.0
,3592,1,0,0.9384272
,3592,2,0,0.8481566
,3592,3,1,0.77825403
,3593,0,0,0.938553
,3593,1,1,0.75181586
,3593,2,3,1.0
,3593,3,0,0.71059966
,3594,0,0,0.9582505
,3594,1,1,0.83524853
,3594,2,0,0.9390449
,3594,3,3,1.0
,3595,0,2,1.0
,3595,1,1,0.7402303
,3595,2,1,0.7408746
,3595,3,0,0.99685854
,3596,0,0,0.97534317
,3596,1,0,0.9029245
,3596,2,1,0.8596138
,3596,3,3,1.0
,3597,0,0,0.879196
,3597,1,2,1.0
,3597,2,1,0.88047343
,3597,3,0,0.93842924
,3598,0,3,1.0
,3598,1,0,0.94934195
,3598,2,1,0.8838881
,3598,3,1,0.74030596
,3599,0,3,1.0
,3599,1,1,0.70191187
,3599,2,1,0.8868199
,3599,3,1,0.8621169
,3600,0,3,1.0
,3600,1,1,0.715307
,3600,2,1,0.89089763
,3600,3,1,0.8867718
,3601,0,3,1.0
,3601,1,0,0.8978158
,3601,2,1,0.8925517
,3601,3,1,0.8918689
,3602,0,0,0.9934557
,3602,1,2,1.0
,3602,2,1,0.89655364
,3602,3,1,0.89644676
,3603,0,3,1.0
,3603,1,0,0.99731886
,3603,2,1,0.8871318
,3603,3,1,0.88713
,3604,0,0,0.99680865
,3604,1,3,1.0
,3604,2,1,0.8851739
,3604,3,1,0.8852712
,3605,0,3,1.0
,3605,1,0,0.9968064
,3605,2,1,0.88436323
,3605,3,1,0.88493925
,3606,0,0,0.9990683
,3606,1,3,1.0
,3606,2,1,0.8815842
,3606,3,1,0.8848781
,3607,0,2,1.0
,3607,1,0,0.9968558
,3607,2,1,0.8661904
,3607,3,1,0.8850024
,3608,0,0,0.99732006
,3608,1,3,1.0
,3608,2,1,0.7773712
,3608,3,1,0.8848862
,3609,0,3,1.0
,3609,1,0,0.97068596
,3609,2,0,0.7292107
,3609,3,1,0.8848256
,3610,0,0,0.9470338
,3610,1,0,0.8785575
,3610,2,3,1.0
,3610,3,1,0.8847228
,3611,0,1,0.5665233
,3611,1,3,1.0
,3611,2,0,0.9990651
,3611,3,1,0.88414866
,3612,0,0,0.75332177
,3612,1,0,0.8633494
,3612,2,2,1.0
,3612,3,1,0.89397156
,3613,0,3,1.0
,3613,1,1,0.7543427
,3613,2,0,0.9992178
,3613,3,1,0.8867052
,3614,0,0,0.99685913
,3614,1,1,0.86217844
,3614,2,2,1.0
,3614,3,1,0.8853316
,3615,0,3,1.0
,3615,1,1,0.88089275
,3615,2,0,0.9973178
,3615,3,1,0.8849474
,3616,0,0,0.9990683
,3616,1,1,0.8841694
,3616,2,3,1.0
,3616,3,1,0.88487935
,3617,0,2,1.0
,3617,1,1,0.8848792
,3617,2,0,0.9968559
,3617,3,1,0.8850033
,3618,0,0,0.997318
,3618,1,1,0.8848686
,3618,2,3,1.0
,3618,3,1,0.8848903
,3619,0,3,1.0
,3619,1,1,0.8848643
,3619,2,0,0.99680626
,3619,3,1,0.8848682
,3620,0,0,0.9990683
,3620,1,1,0.88484126
,3620,2,3,1.0
,3620,3,1,0.8848419
,3621,0,2,1.0
,3621,1,1,0.88486177
,3621,2,0,0.99685496
,3621,3,1,0.8848618
,3622,0,0,0.99921376
,3622,1,1,0.88410765
,3622,2,3,1.0
,3622,3,1,0.88410777
,3623,0,2,1.0
,3623,1,1,0.89460355
,3623,2,0,0.99795264
,3623,3,1,0.89460367
,3624,0,0,0.9973202
,3624,1,1,0.88700956
,3624,2,2,1.0
,3624,3,1,0.88701
,3625,0,3,1.0
,3625,1,1,0.8850819
,3625,2,0,0.997318
,3625,3,1,0.88508457
,3626,0,0,0.99906284
,3626,1,1,0.8839486
,3626,2,3,1.0
,3626,3,1,0.88396347
,3627,0,2,1.0
,3627,1,1,0.8961148
,3627,2,0,0.9006092
,3627,3,1,0.8961998
,3628,0,0,0.99921423
,3628,1,1,0.88589376
,3628,2,3,1.0
,3628,3,1,0.88641804
,3629,0,2,1.0
,3629,1,1,0.8919413
,3629,2,0,0.9929428
,3629,3,1,0.89497507
,3630,0,0,0.9992178
,3630,1,1,0.86832696
,3630,2,3,1.0
,3630,3,1,0.8868538
,3631,0,2,1.0
,3631,1,1,0.77821565
,3631,2,0,0.9990832
,3631,3,1,0.8853509
,3632,0,0,0.9473315
,3632,1,0,0.7286008
,3632,2,2,1.0
,3632,3,1,0.8850572
,3633,0,1,0.738939
,3633,1,3,1.0
,3633,2,0,0.997318
,3633,3,1,0.8849232
,3634,0,1,0.85848147
,3634,1,0,0.99680686
,3634,2,3,1.0
,3634,3,1,0.88488054
,3635,0,1,0.876035
,3635,1,3,1.0
,3635,2,0,0.99680674
,3635,3,1,0.8848725
,3636,0,1,0.85980964
,3636,1,0,0.99680686
,3636,2,3,1.0
,3636,3,1,0.8848708
,3637,0,1,0.74675846
,3637,1,3,1.0
,3637,2,0,0.9968084
,3637,3,1,0.88486755
,3638,0,0,0.9024015
,3638,1,0,0.94700074
,3638,2,3,1.0
,3638,3,1,0.8848278
,3639,0,2,0.9999975
,3639,1,1,0.56527984
,3639,2,0,0.99685544
,3639,3,1,0.88499045
,3640,0,0,0.9790772
,3640,1,0,0.7715481
,3640,2,3,1.0
,3640,3,1,0.88487315
,3641,0,0,0.9616404
,3641,1,3,1.0
,3641,2,0,0.9707394
,3641,3,1,0.8848551
,3642,0,2,1.0
,3642,1,0,0.93838537
,3642,2,0,0.8784702
,3642,3,1,0.8849443
,3643,0,0,0.997318
,3643,1,1,0.7407207
,3643,2,3,1.0
,3643,3,1,0.88489276
,3644,0,3,1.0
,3644,1,1,0.8596083
,3644,2,0,0.9968065
,3644,3,1,0.88487315
,3645,0,0,0.9990683
,3645,1,1,0.8803509
,3645,2,3,1.0
,3645,3,1,0.8848662
,3646,0,2,1.0
,3646,1,1,0.88370156
,3646,2,0,0.9968557
,3646,3,1,0.884999
,3647,0,0,0.99921745
,3647,1,1,0.8817651
,3647,2,3,1.0
,3647,3,1,0.88488114
,3648,0,2,1.0
,3648,1,1,0.86794955
,3648,2,0,0.9968557
,3648,3,1,0.8849816
,3649,0,0,0.9973203
,3649,1,1,0.78756416
,3649,2,3,1.0
,3649,3,1,0.88476133
,3650,0,3,1.0
,3650,1,0,0.67096645
,3650,2,0,0.9468602
,3650,3,1,0.8841078
,3651,0,0,0.9977786
,3651,1,3,1.0
,3651,2,1,0.59087294
,3651,3,1,0.89394677
,3652,0,2,1.0
,3652,1,0,0.9404129
,3652,2,0,0.765543
,3652,3,1,0.88668257
,3653,0,0,0.99921376
,3653,1,1,0.73875576
,3653,2,3,1.0
,3653,3,1,0.8844403
,3654,0,2,1.0
,3654,1,1,0.8704317
,3654,2,0,0.9929224
,3654,3,1,0.89451027
,3655,0,0,0.9992141
,3655,1,1,0.87884295
,3655,2,3,1.0
,3655,3,1,0.88602334
,3656,0,2,1.0
,3656,1,1,0.87693954
,3656,2,0,0.9929355
,3656,3,1,0.89478916
,3657,0,0,0.99921435
,3657,1,1,0.78161573
,3657,2,3,1.0
,3657,3,1,0.8861254
,3658,0,2,1.0
,3658,1,0,0.7081547
,3658,2,0,0.8643653
,3658,3,1,0.89431715
,3659,0,0,0.9973186
,3659,1,3,1.0
,3659,2,1,0.7483241
,3659,3,1,0.8867715
,3660,0,3,1.0
,3660,1,0,0.9990689
,3660,2,1,0.84013224
,3660,3,1,0.8852043
,3661,0,0,0.9968557
,3661,1,2,1.0
,3661,2,1,0.77079535
,3661,3,1,0.8850543
,3662,0,3,1.0
,3662,1,0,0.9753577
,3662,2,0,0.73047245
,3662,3,1,0.88486826
,3663,0,0,0.97074914
,3663,1,0,0.8795935
,3663,2,3,1.0
,3663,3,1,0.8847653
,3664,0,0,0.8785952
,3664,1,3,1.0
,3664,2,0,0.947067
,3664,3,1,0.88426936
,3665,0,3,1.0
,3665,1,0,0.99681276
,3665,2,1,0.5649844
,3665,3,1,0.88157994
,3666,0,0,0.9376766
,3666,1,3,1.0
,3666,2,0,0.7714824
,3666,3,1,0.8660101
,3667,0,1,0.7397874
,3667,1,0,0.9990702
,3667,2,3,1.0
,3667,3,1,0.77740395
,3668,0,1,0.8558514
,3668,1,2,1.0
,3668,2,0,0.9476839
,3668,3,0,0.72883976
,3669,0,1,0.8610501
,3669,1,0,0.997321
,3669,2,1,0.5647976
,3669,3,3,1.0
,3670,0,1,0.7759779
,3670,1,3,1.0
,3670,2,0,0.7716662
,3670,3,0,0.9376006
,3671,0,0,0.7294519
,3671,1,0,0.97074753
,3671,2,3,1.0
,3671,3,1,0.74082637
,3672,0,3,1.0
,3672,1,0,0.87858295
,3672,2,0,0.9471212
,3672,3,1,0.85962826
,3673,0,0,0.9968123
,3673,1,3,1.0
,3673,2,1,0.5649289
,3673,3,1,0.88045794
,3674,0,3,1.0
,3674,1,0,0.97069234
,3674,2,0,0.7716296
,3674,3,1,0.88405496
,3675,0,0,0.97074664
,3675,1,0,0.8786441
,3675,2,3,1.0
,3675,3,1,0.88462067
,3676,0,0,0.87866306
,3676,1,3,1.0
,3676,2,0,0.97072536
,3676,3,1,0.8842514
,3677,0,3,1.0
,3677,1,0,0.97072613
,3677,2,0,0.87866056
,3677,3,1,0.88154894
,3678,0,0,0.9707245
,3678,1,0,0.8786882
,3678,2,3,1.0
,3678,3,1,0.86601424
,3679,0,0,0.8786972
,3679,1,3,1.0
,3679,2,0,0.94705254
,3679,3,1,0.777287
,3680,0,3,1.0
,3680,1,0,0.9470511
,3680,2,1,0.5648446
,3680,3,0,0.72924936
,3681,0,0,0.93956405
,3681,1,1,0.5649179
,3681,2,0,0.7716681
,3681,3,3,1.0
,3682,0,1,0.706223
,3682,1,0,0.7714629
,3682,2,3,1.0
,3682,3,0,0.9377376
,3683,0,1,0.7356544
,3683,1,3,1.0
,3683,2,0,0.99907035
,3683,3,1,0.74085236
,3684,0,0,0.7372439
,3684,1,0,0.9710847
,3684,2,2,0.9999995
,3684,3,1,0.85975546
,3685,0,3,1.0
,3685,1,0,0.87870497
,3685,2,0,0.9753577
,3685,3,1,0.88044924
,3686,0,0,0.9751317
,3686,1,3,1.0
,3686,2,0,0.8795801
,3686,3,1,0.88394356
,3687,0,0,0.9613205
,3687,1,0,0.97512984
,3687,2,3,1.0
,3687,3,1,0.8839029
,3688,0,2,1.0
,3688,1,0,0.9612808
,3688,2,0,0.9409122
,3688,3,1,0.8803041
,3689,0,0,0.99731946
,3689,1,2,1.0
,3689,2,1,0.69311804
,3689,3,1,0.8586831
,3690,0,3,1.0
,3690,1,0,0.98037887
,3690,2,1,0.68789697
,3690,3,1,0.7344566
