iter,t,j,argmax_state,max_prob
,0,0,2,0.5093352
,0,1,0,1.0
,0,2,0,1.0
,0,3,0,1.0
,1,0,0,0.81751806
,1,1,2,1.0
,1,2,0,0.7596407
,1,3,0,0.71279263
,2,0,0,0.75837976
,2,1,0,0.7831968
,2,2,0,0.71065074
,2,3,2,1.0
,3,0,0,0.7106451
,3,1,0,0.7582422
,3,2,2,1.0
,3,3,0,0.7831944
,4,0,2,1.0
,4,1,0,0.73252726
,4,2,0,0.7813393
,4,3,0,0.75770044
,5,0,1,0.8614404
,5,1,3,1.0
,5,2,1,0.5714043
,5,3,1,0.5111851
,6,0,0,0.6861949
,6,1,0,0.8526003
,6,2,2,1.0
,6,3,0,0.7521274
,7,0,2,1.0
,7,1,1,0.5570709
,7,2,1,0.855254
,7,3,0,0.5012679
,8,0,0,0.72514504
,8,1,2,1.0
,8,2,0,0.7496995
,8,3,0,0.7523098
,9,0,2,1.0
,9,1,1,0.8561342
,9,2,1,0.5006284
,9,3,1,0.57654816
,10,0,1,0.88415855
,10,1,1,0.5174119
,10,2,1,0.50911105
,10,3,2,1.0
,11,0,2,1.0
,11,1,0,0.75394356
,11,2,0,0.6950459
,11,3,0,0.7821848
,12,0,1,0.74557436
,12,1,0,0.55553335
,12,2,2,1.0
,12,3,0,0.55621666
,13,0,2,1.0
,13,1,0,0.75329965
,13,2,0,0.75876296
,13,3,0,0.75449073
,14,0,1,0.86154443
,14,1,1,0.5723516
,14,2,3,1.0
,14,3,1,0.5115034
,15,0,0,0.68621206
,15,1,2,1.0
,15,2,0,0.8533559
,15,3,0,0.7521068
,16,0,2,1.0
,16,1,1,0.889551
,16,2,0,0.5016178
,16,3,0,0.50056475
,17,0,1,0.8571466
,17,1,2,1.0
,17,2,1,0.5700513
,17,3,1,0.5100928
,18,0,0,0.7505659
,18,1,0,0.7819762
,18,2,2,1.0
,18,3,0,0.706452
,19,0,0,0.7572654
,19,1,0,0.6971671
,19,2,0,0.78239304
,19,3,2,1.0
,20,0,0,0.5016694
,20,1,2,1.0
,20,2,0,0.5030552
,20,3,1,0.8826425
,21,0,0,0.7064469
,21,1,0,0.78188455
,21,2,0,0.75453013
,21,3,2,1.0
,22,0,2,1.0
,22,1,0,0.6997973
,22,2,0,0.7578816
,22,3,0,0.7829075
,23,0,1,0.7455791
,23,1,2,1.0
,23,2,0,0.5557055
,23,3,0,0.556295
,24,0,2,1.0
,24,1,0,0.72522926
,24,2,0,0.7544294
,24,3,0,0.754436
,25,0,1,0.88950694
,25,1,2,1.0
,25,2,0,0.50075555
,25,3,0,0.50075597
,26,0,2,1.0
,26,1,1,0.9091366
,26,2,1,0.5091414
,26,3,1,0.50913286
,27,0,0,0.7359074
,27,1,3,1.0
,27,2,0,0.7517469
,27,3,0,0.7522996
,28,0,2,1.0
,28,1,0,0.8538905
,28,2,0,0.709187
,28,3,0,0.75698423
,29,0,0,0.68425447
,29,1,0,0.75851184
,29,2,2,1.0
,29,3,0,0.7579648
,30,0,3,1.0
,30,1,0,0.70568264
,30,2,0,0.7789423
,30,3,0,0.7539043
,31,0,0,0.8535256
,31,1,2,1.0
,31,2,0,0.7095256
,31,3,0,0.7569742
,32,0,0,0.7118398
,32,1,0,0.7826981
,32,2,2,1.0
,32,3,0,0.75823
,33,0,2,1.0
,33,1,0,0.7109535
,33,2,0,0.78319854
,33,3,0,0.7582532
,34,0,0,0.7388337
,34,1,2,1.0
,34,2,0,0.7578767
,34,3,0,0.75827974
,35,0,2,1.0
,35,1,0,0.78240114
,35,2,0,0.6968364
,35,3,0,0.75737697
,36,0,1,0.90785354
,36,1,0,0.5023076
,36,2,2,1.0
,36,3,0,0.50166225
,37,0,3,1.0
,37,1,0,0.75244004
,37,2,0,0.7359352
,37,3,0,0.7524263
,38,0,0,0.8206553
,38,1,0,0.75726604
,38,2,2,1.0
,38,3,0,0.75672525
,39,0,2,1.0
,39,1,0,0.75827634
,39,2,0,0.7832404
,39,3,0,0.710669
,40,0,0,0.73884356
,40,1,0,0.7577493
,40,2,0,0.75857145
,40,3,2,1.0
,41,0,2,1.0
,41,1,0,0.71065515
,41,2,0,0.75827324
,41,3,0,0.78321964
,42,0,0,0.738827
,42,1,2,1.0
,42,2,0,0.758293
,42,3,0,0.7585757
,43,0,2,1.0
,43,1,0,0.68426096
,43,2,0,0.7580005
,43,3,0,0.75801146
,44,0,0,0.734519
,44,1,3,1.0
,44,2,0,0.7532954
,44,3,0,0.75397104
,45,0,2,1.0
,45,1,0,0.8537234
,45,2,0,0.6979669
,45,3,0,0.75663656
,46,0,1,0.7926988
,46,1,0,0.5553779
,46,2,2,1.0
,46,3,0,0.55471003
,47,0,3,1.0
,47,1,0,0.64629847
,47,2,0,0.77994114
,47,3,0,0.75211143
,48,0,0,0.82065773
,48,1,3,1.0
,48,2,0,0.75270516
,48,3,0,0.75237834
,49,0,2,1.0
,49,1,0,0.81081086
,49,2,0,0.7564798
,49,3,0,0.7564448
,50,0,1,0.90770704
,50,1,2,1.0
,50,2,0,0.5017885
,50,3,0,0.500149
,51,0,3,1.0
,51,1,0,0.7796393
,51,2,0,0.7517532
,51,3,0,0.6460347
,52,0,0,0.85394305
,52,1,0,0.7037578
,52,2,0,0.7513104
,52,3,3,1.0
,53,0,0,0.7581048
,53,1,2,1.0
,53,2,0,0.7091366
,53,3,0,0.85389084
,54,0,0,0.757977
,54,1,0,0.6842525
,54,2,2,1.0
,54,3,0,0.7585117
,55,0,0,0.7538815
,55,1,3,1.0
,55,2,0,0.7794457
,55,3,0,0.7057016
,56,0,0,0.75495386
,56,1,0,0.8107776
,56,2,0,0.7566928
,56,3,2,1.0
,57,0,1,0.57634276
,57,1,2,1.0
,57,2,1,0.5002822
,57,3,1,0.85608083
,58,0,2,1.0
,58,1,1,0.88416004
,58,2,1,0.5082045
,58,3,1,0.5183576
,59,0,0,0.7802748
,59,1,2,1.0
,59,2,0,0.75342566
,59,3,0,0.69216335
,60,0,1,0.5759358
,60,1,1,0.85660625
,60,2,1,0.5006206
,60,3,2,1.0
,61,0,2,1.0
,61,1,1,0.5517841
,61,2,1,0.5097499
,61,3,1,0.8573482
,62,0,1,0.88758
,62,1,3,1.0
,62,2,1,0.518206
,62,3,1,0.526571
,63,0,2,1.0
,63,1,0,0.85389215
,63,2,0,0.70457494
,63,3,0,0.75273913
,64,0,0,0.7388024
,64,1,0,0.7581691
,64,2,2,1.0
,64,3,0,0.75821227
,65,0,2,1.0
,65,1,0,0.65277076
,65,2,0,0.782903
,65,3,0,0.7579068
,66,0,0,0.7346912
,66,1,3,1.0
,66,2,0,0.75387937
,66,3,0,0.7541382
,67,0,2,1.0
,67,1,0,0.85389245
,67,2,0,0.709232
,67,3,0,0.7569978
,68,0,0,0.73884296
,68,1,0,0.7593553
,68,2,2,1.0
,68,3,0,0.7582445
,69,0,2,1.0
,69,1,0,0.75744075
,69,2,0,0.75936455
,69,3,0,0.7562689
,70,0,1,0.8610913
,70,1,1,0.51215863
,70,2,3,1.0
,70,3,1,0.5722596
,71,0,0,0.748526
,71,1,0,0.7048493
,71,2,0,0.8538958
,71,3,2,1.0
,72,0,0,0.7105005
,72,1,2,1.0
,72,2,0,0.75878453
,72,3,0,0.78319275
,73,0,2,1.0
,73,1,0,0.783195
,73,2,0,0.7106521
,73,3,0,0.7585245
,74,0,0,0.75922734
,74,1,0,0.7577213
,74,2,2,1.0
,74,3,0,0.75744116
,75,0,3,1.0
,75,1,1,0.510867
,75,2,1,0.88772255
,75,3,1,0.5108744
,76,0,0,0.7784183
,76,1,0,0.75328827
,76,2,2,1.0
,76,3,0,0.75328815
,77,0,3,1.0
,77,1,0,0.7535956
,77,2,0,0.7342319
,77,3,0,0.75359553
,78,0,0,0.82067597
,78,1,0,0.7572769
,78,2,2,1.0
,78,3,0,0.7572682
,79,0,2,1.0
,79,1,0,0.759051
,79,2,0,0.78392434
,79,3,0,0.758289
,80,0,2,1.0
,80,1,0,0.6835046
,80,2,0,0.6839112
,80,3,0,0.62838066
,81,0,0,0.7590447
,81,1,0,0.7563903
,81,2,0,0.7563952
,81,3,2,1.0
,82,0,3,1.0
,82,1,1,0.5109393
,82,2,1,0.51091665
,82,3,1,0.887726
,83,0,0,0.8107871
,83,1,0,0.7509163
,83,2,0,0.75237876
,83,3,2,1.0
,84,0,2,1.0
,84,1,1,0.5764663
,84,2,1,0.5004452
,84,3,1,0.856114
,85,0,1,0.8728603
,85,1,2,1.0
,85,2,1,0.5094459
,85,3,1,0.5202436
,86,0,3,1.0
,86,1,1,0.85999274
,86,2,1,0.51596075
,86,3,1,0.5769056
,87,0,0,0.82066333
,87,1,0,0.74944043
,87,2,0,0.7528333
,87,3,2,1.0
,88,0,2,1.0
,88,1,0,0.7581682
,88,2,0,0.7106206
,88,3,0,0.7832291
,89,0,0,0.7593464
,89,1,0,0.75625205
,89,2,2,1.0
,89,3,0,0.7577094
,90,0,3,1.0
,90,1,1,0.57222295
,90,2,1,0.8610837
,90,3,1,0.51141065
,91,0,0,0.8206571
,91,1,2,1.0
,91,2,0,0.74941516
,91,3,0,0.7527242
,92,0,2,1.0
,92,1,0,0.78241354
,92,2,0,0.757309
,92,3,0,0.69683474
,93,0,1,0.88265157
,93,1,0,0.5020975
,93,2,0,0.5023894
,93,3,2,1.0
,94,0,2,1.0
,94,1,0,0.6925416
,94,2,0,0.7535945
,94,3,0,0.78167105
,95,0,1,0.88265175
,95,1,2,1.0
,95,2,0,0.50155044
,95,3,0,0.5030124
,96,0,2,1.0
,96,1,0,0.7825058
,96,2,0,0.7064358
,96,3,0,0.7545304
,97,0,0,0.6842575
,97,1,0,0.75825864
,97,2,2,1.0
,97,3,0,0.75738686
,98,0,3,1.0
,98,1,0,0.7538919
,98,2,0,0.7794513
,98,3,0,0.7056876
,99,0,0,0.8125282
,99,1,0,0.75555813
,99,2,0,0.75720286
,99,3,2,1.0
,100,0,2,1.0
,100,1,1,0.52731067
,100,2,0,0.5491748
,100,3,1,0.699702
,101,0,1,0.8575751
,101,1,2,1.0
,101,2,1,0.50895035
,101,3,1,0.5910018
,102,0,1,0.5184245
,102,1,1,0.8898916
,102,2,1,0.50935215
,102,3,2,1.0
,103,0,0,0.5341532
,103,1,2,1.0
,103,2,0,0.53595483
,103,3,1,0.72622967
,104,0,1,0.57621086
,104,1,1,0.86065394
,104,2,1,0.5154471
,104,3,3,1.0
,105,0,2,1.0
,105,1,0,0.7003647
,105,2,0,0.7530288
,105,3,0,0.8534279
,106,0,0,0.7823565
,106,1,2,1.0
,106,2,0,0.7566541
,106,3,0,0.698067
,107,0,0,0.50140476
,107,1,1,0.85718226
,107,2,1,0.5315977
,107,3,2,1.0
,108,0,1,0.51969004
,108,1,1,0.65034825
,108,2,3,1.0
,108,3,1,0.86143905
,109,0,0,0.7004508
,109,1,3,1.0
,109,2,0,0.8539373
,109,3,0,0.7451743
,110,0,2,1.0
,110,1,0,0.8540936
,110,2,0,0.75906676
,110,3,0,0.7573983
,111,0,2,1.0
,111,1,0,0.66485125
,111,2,0,0.66320115
,111,3,0,0.6332324
,112,0,1,0.88777673
,112,1,1,0.5143564
,112,2,1,0.5134533
,112,3,3,1.0
,113,0,2,1.0
,113,1,0,0.6905651
,113,2,0,0.7519206
,113,3,0,0.852602
,114,0,1,0.855245
,114,1,2,1.0
,114,2,0,0.5013038
,114,3,1,0.55705065
,115,0,0,0.7506592
,115,1,0,0.73818856
,115,2,0,0.7547206
,115,3,2,1.0
,116,0,0,0.75736344
,116,1,2,1.0
,116,2,0,0.757964
,116,3,0,0.6842801
,117,0,0,0.7056877
,117,1,0,0.7794462
,117,2,0,0.7538986
,117,3,3,1.0
,118,0,2,1.0
,118,1,0,0.756722
,118,2,0,0.75644445
,118,3,0,0.8108126
,119,0,1,0.9077885
,119,1,0,0.5010712
,119,2,0,0.50181276
,119,3,2,1.0
,120,0,3,1.0
,120,1,0,0.7039311
,120,2,0,0.7523409
,120,3,0,0.780019
,121,0,0,0.8533804
,121,1,2,1.0
,121,2,0,0.7548702
,121,3,0,0.69565135
,122,0,0,0.503937
,122,1,1,0.8556025
,122,2,1,0.5595164
,122,3,2,1.0
,123,0,0,0.75468946
,123,1,0,0.7020746
,123,2,2,1.0
,123,3,0,0.7826285
,124,0,0,0.7579816
,124,1,2,1.0
,124,2,0,0.7388466
,124,3,0,0.75852185
,125,0,0,0.7351774
,125,1,0,0.78234893
,125,2,2,1.0
,125,3,0,0.7549383
,126,0,3,1.0
,126,1,1,0.520867
,126,2,1,0.94520986
,126,3,1,0.64430994
,127,0,0,0.82064307
,127,1,0,0.7490776
,127,2,0,0.744661
,127,3,3,1.0
,128,0,2,1.0
,128,1,0,0.7091886
,128,2,0,0.7562209
,128,3,0,0.8538873
,129,0,0,0.7823653
,129,1,2,1.0
,129,2,0,0.6968316
,129,3,0,0.7584233
,130,0,0,0.5017999
,130,1,1,0.86951447
,130,2,2,1.0
,130,3,0,0.50118387
,131,0,1,0.5270418
,131,1,3,1.0
,131,2,1,0.9562393
,131,3,1,0.5270353
,132,0,0,0.7504414
,132,1,0,0.81014824
,132,2,2,1.0
,132,3,0,0.7519317
,133,0,1,0.5940227
,133,1,2,1.0
,133,2,1,0.9438924
,133,3,1,0.51850075
,134,0,2,1.0
,134,1,1,0.8913503
,134,2,1,0.5217292
,134,3,1,0.5107037
,135,0,1,0.95094997
,135,1,2,1.0
,135,2,1,0.5266933
,135,3,1,0.5264018
,136,0,3,1.0
,136,1,1,0.8866317
,136,2,1,0.5153832
,136,3,1,0.51537526
,137,0,0,0.83612275
,137,1,2,1.0
,137,2,0,0.7521539
,137,3,0,0.75218624
,138,0,3,1.0
,138,1,1,0.8879156
,138,2,1,0.5130897
,138,3,1,0.5114446
,139,0,0,0.8539296
,139,1,2,1.0
,139,2,0,0.6459052
,139,3,0,0.7523496
,140,0,0,0.755259
,140,1,0,0.73472124
,140,2,3,1.0
,140,3,0,0.7540797
,141,0,0,0.75642383
,141,1,2,1.0
,141,2,0,0.81081945
,141,3,0,0.75644773
,142,0,1,0.5011228
,142,1,1,0.8894972
,142,2,2,1.0
,142,3,0,0.5008456
,143,0,1,0.5870091
,143,1,2,1.0
,143,2,1,0.8589971
,143,3,1,0.5112156
,144,0,2,1.0
,144,1,1,0.85800946
,144,2,1,0.59655094
,144,3,1,0.5114323
,145,0,1,0.9555757
,145,1,1,0.5352151
,145,2,2,1.0
,145,3,1,0.5251139
,146,0,2,1.0
,146,1,0,0.691913
,146,2,0,0.78051853
,146,3,0,0.75320214
,147,0,1,0.8552509
,147,1,2,1.0
,147,2,1,0.5588904
,147,3,0,0.5013158
,148,0,0,0.7506462
,148,1,0,0.7382039
,148,2,2,1.0
,148,3,0,0.7541701
,149,0,0,0.75698537
,149,1,2,1.0
,149,2,0,0.7832155
,149,3,0,0.71057135
,150,0,0,0.6527295
,150,1,0,0.7828928
,150,2,0,0.7581722
,150,3,2,1.0
,151,0,3,1.0
,151,1,0,0.7544231
,151,2,0,0.7541359
,151,3,0,0.7347101
,152,0,0,0.81084013
,152,1,0,0.756459
,152,2,0,0.75645566
,152,3,2,1.0
,153,0,2,1.0
,153,1,0,0.5013814
,153,2,0,0.5013813
,153,3,1,0.8712193
,154,0,1,0.88677055
,154,1,1,0.5150243
,154,2,1,0.5150241
,154,3,3,1.0
,155,0,2,1.0
,155,1,0,0.752383
,155,2,0,0.7523969
,155,3,0,0.8108501
,156,0,1,0.88257307
,156,1,0,0.5017233
,156,2,0,0.5024536
,156,3,2,1.0
,157,0,2,1.0
,157,1,0,0.7064558
,157,2,0,0.75398076
,157,3,0,0.7825018
,158,0,0,0.7825568
,158,1,2,1.0
,158,2,0,0.7105687
,158,3,0,0.7585133
,159,0,0,0.6971791
,159,1,0,0.78239584
,159,2,2,1.0
,159,3,0,0.7573722
,160,0,2,1.0
,160,1,0,0.5030588
,160,2,1,0.8826406
,160,3,0,0.50237757
,161,0,0,0.7249183
,161,1,0,0.7536122
,161,2,2,1.0
,161,3,0,0.7512197
,162,0,2,1.0
,162,1,1,0.501463
,162,2,1,0.8561972
,162,3,1,0.62560904
,163,0,0,0.7799131
,163,1,0,0.70290846
,163,2,0,0.7466063
,163,3,3,1.0
,164,0,0,0.7563405
,164,1,2,1.0
,164,2,0,0.69521576
,164,3,0,0.85259324
,165,0,0,0.50103813
,165,1,1,0.8552427
,165,2,2,1.0
,165,3,1,0.55702806
,166,0,0,0.72870827
,166,1,0,0.7497557
,166,2,0,0.7807758
,166,3,2,1.0
,167,0,3,1.0
,167,1,1,0.5123289
,167,2,1,0.571408
,167,3,1,0.8609833
,168,0,0,0.8526003
,168,1,0,0.69081044
,168,2,2,1.0
,168,3,0,0.74811083
,169,0,1,0.5570647
,169,1,2,1.0
,169,2,1,0.8552509
,169,3,0,0.5011752
,170,0,2,1.0
,170,1,0,0.7251871
,170,2,0,0.74973524
,170,3,0,0.7526345
,171,0,1,0.85558724
,171,1,2,1.0
,171,2,0,0.5012971
,171,3,1,0.55954015
,172,0,0,0.70206594
,172,1,0,0.7826215
,172,2,0,0.7546535
,172,3,2,1.0
,173,0,2,1.0
,173,1,0,0.7576682
,173,2,0,0.75728935
,173,3,0,0.72590435
,174,0,1,0.8710408
,174,1,0,0.5011428
,174,2,1,0.5020904
,174,3,2,1.0
,175,0,3,1.0
,175,1,1,0.5169265
,175,2,1,0.6398884
,175,3,1,0.86091304
,176,0,0,0.8535692
,176,1,0,0.7491712
,176,2,3,1.0
,176,3,0,0.69588405
,177,0,0,0.7104611
,177,1,0,0.75636256
,177,2,0,0.85388887
,177,3,2,1.0
,178,0,2,1.0
,178,1,0,0.7106043
,178,2,0,0.75878847
,178,3,0,0.78318924
,179,0,0,0.7831949
,179,1,2,1.0
,179,2,0,0.7106328
,179,3,0,0.75783825
,180,0,0,0.75763506
,180,1,0,0.78130865
,180,2,2,1.0
,180,3,0,0.6968008
,181,0,0,0.5014565
,181,1,1,0.55885744
,181,2,1,0.8556078
,181,3,2,1.0
,182,0,0,0.75466686
,182,1,2,1.0
,182,2,0,0.7020513
,182,3,0,0.7826255
,183,0,0,0.75794184
,183,1,0,0.68425804
,183,2,2,1.0
,183,3,0,0.757705
,184,0,0,0.753904
,184,1,3,1.0
,184,2,0,0.7789423
,184,3,0,0.7056723
,185,0,0,0.7569607
,185,1,0,0.85352534
,185,2,0,0.70952505
,185,3,2,1.0
,186,0,0,0.7570353
,186,1,0,0.7118076
,186,2,2,1.0
,186,3,0,0.7831907
,187,0,0,0.65275633
,187,1,2,1.0
,187,2,0,0.78289145
,187,3,0,0.7576166
,188,0,3,1.0
,188,1,0,0.77908593
,188,2,0,0.75435996
,188,3,0,0.705857
,189,0,0,0.8538835
,189,1,0,0.70953023
,189,2,0,0.75697994
,189,3,2,1.0
,190,0,0,0.75817394
,190,1,2,1.0
,190,2,0,0.75826496
,190,3,0,0.73880666
,191,0,0,0.6527925
,191,1,0,0.78239405
,191,2,0,0.7579056
,191,3,2,1.0
,192,0,3,1.0
,192,1,0,0.7062034
,192,2,0,0.75407386
,192,3,0,0.779593
,193,0,0,0.77843016
,193,1,2,1.0
,193,2,0,0.7572877
,193,3,0,0.75702226
,194,0,3,1.0
,194,1,0,0.77851135
,194,2,0,0.75354296
,194,3,0,0.7052832
,195,0,0,0.8533597
,195,1,0,0.6955791
,195,2,0,0.7545537
,195,3,2,1.0
,196,0,0,0.5020021
,196,1,2,1.0
,196,2,1,0.57659423
,196,3,1,0.8569412
,197,0,1,0.5089876
,197,1,1,0.85735834
,197,2,2,1.0
,197,3,1,0.57884645
,198,0,0,0.75452805
,198,1,0,0.7020295
,198,2,0,0.7821133
,198,3,2,1.0
,199,0,0,0.7582059
,199,1,2,1.0
,199,2,0,0.71094054
,199,3,0,0.7831982
,200,0,0,0.7582655
,200,1,0,0.7388493
,200,2,2,1.0
,200,3,0,0.7582802
,201,0,0,0.7562593
,201,1,2,1.0
,201,2,0,0.7824408
,201,3,0,0.7325469
,202,0,1,0.5720841
,202,1,1,0.86176896
,202,2,1,0.51052773
,202,3,3,1.0
,203,0,2,1.0
,203,1,0,0.6411937
,203,2,0,0.7525429
,203,3,0,0.8539281
,204,0,0,0.73474103
,204,1,3,1.0
,204,2,0,0.7541066
,204,3,0,0.755284
,205,0,2,1.0
,205,1,0,0.82064164
,205,2,0,0.7572852
,205,3,0,0.7572987
,206,0,0,0.6842861
,206,1,2,1.0
,206,2,0,0.758022
,206,3,0,0.7580222
,207,0,3,1.0
,207,1,0,0.7345488
,207,2,0,0.7539698
,207,3,0,0.75396997
,208,0,0,0.8108411
,208,1,2,1.0
,208,2,0,0.75647676
,208,3,0,0.75647676
,209,0,2,1.0
,209,1,1,0.88255686
,209,2,0,0.50260407
,209,3,0,0.50260407
,210,0,0,0.7380418
,210,1,2,1.0
,210,2,0,0.754583
,210,3,0,0.7545831
,211,0,2,1.0
,211,1,0,0.68425566
,211,2,0,0.75796384
,211,3,0,0.757964
,212,0,0,0.7345528
,212,1,3,1.0
,212,2,0,0.7539716
,212,3,0,0.7539777
,213,0,2,1.0
,213,1,0,0.8206552
,213,2,0,0.75673723
,213,3,0,0.7572703
,214,0,0,0.7832303
,214,1,2,1.0
,214,2,0,0.71065277
,214,3,0,0.75758487
,215,0,0,0.7576163
,215,1,0,0.7810592
,215,2,2,1.0
,215,3,0,0.69675946
,216,0,0,0.5003238
,216,1,1,0.5731081
,216,2,1,0.855779
,216,3,2,1.0
,217,0,0,0.5393144
,217,1,2,1.0
,217,2,0,0.5307523
,217,3,1,0.74673843
,218,0,0,0.75514275
,218,1,0,0.73819995
,218,2,0,0.75450116
,218,3,2,1.0
,219,0,0,0.7582248
,219,1,2,1.0
,219,2,0,0.7106028
,219,3,0,0.7831987
,220,0,0,0.75740266
,220,1,0,0.725864
,220,2,2,1.0
,220,3,0,0.7565323
,221,0,0,0.50150555
,221,1,2,1.0
,221,2,1,0.8552262
,221,3,1,0.55942804
,222,0,0,0.75380397
,222,1,0,0.72518617
,222,2,0,0.748555
,222,3,2,1.0
,223,0,0,0.50140196
,223,1,2,1.0
,223,2,1,0.55964375
,223,3,1,0.85558724
,224,0,0,0.7546554
,224,1,0,0.7826214
,224,2,2,1.0
,224,3,0,0.7020659
,225,0,0,0.7573474
,225,1,0,0.7576654
,225,2,0,0.7258851
,225,3,2,1.0
,226,0,0,0.5008428
,226,1,0,0.5008701
,226,2,2,1.0
,226,3,1,0.88948447
,227,0,1,0.5092368
,227,1,1,0.50849813
,227,2,1,0.8842808
,227,3,2,1.0
,228,0,0,0.70629543
,228,1,0,0.75436705
,228,2,2,1.0
,228,3,0,0.78184885
,229,0,2,1.0
,229,1,0,0.75582504
,229,2,0,0.78234434
,229,3,0,0.6970645
,230,0,1,0.8561624
,230,1,1,0.57654667
,230,2,0,0.5001771
,230,3,2,1.0
,231,0,1,0.5180538
,231,1,2,1.0
,231,2,1,0.508817
,231,3,1,0.90903646
,232,0,0,0.752201
,232,1,0,0.73593134
,232,2,0,0.7523076
,232,3,3,1.0
,233,0,0,0.75726604
,233,1,2,1.0
,233,2,0,0.7572673
,233,3,0,0.82065696
,234,0,0,0.758314
,234,1,0,0.73888814
,234,2,0,0.7583203
,234,3,2,1.0
,235,0,0,0.7577668
,235,1,2,1.0
,235,2,0,0.75830615
,235,3,0,0.7388601
,236,0,0,0.7106502
,236,1,0,0.7827182
,236,2,0,0.75826854
,236,3,2,1.0
,237,0,2,1.0
,237,1,0,0.71091807
,237,2,0,0.75825083
,237,3,0,0.7820982
,238,0,0,0.7828943
,238,1,2,1.0
,238,2,0,0.75789046
,238,3,0,0.6530831
,239,0,0,0.7544303
,239,1,0,0.7347129
,239,2,0,0.75414
,239,3,3,1.0
,240,0,0,0.7572806
,240,1,2,1.0
,240,2,0,0.7572834
,240,3,0,0.82065696
,241,0,0,0.75777876
,241,1,0,0.73888355
,241,2,0,0.75831807
,241,3,2,1.0
,242,0,0,0.71065557
,242,1,2,1.0
,242,2,0,0.75827056
,242,3,0,0.78321415
,243,0,2,1.0
,243,1,0,0.73884314
,243,2,0,0.7582886
,243,3,0,0.75803196
,244,0,0,0.78211284
,244,1,2,1.0
,244,2,0,0.75826746
,244,3,0,0.710623
,245,0,0,0.65311325
,245,1,0,0.78237885
,245,2,0,0.7578749
,245,3,2,1.0
,246,0,3,1.0
,246,1,0,0.70613366
,246,2,0,0.75284714
,246,3,0,0.77958965
,247,0,0,0.85354376
,247,1,2,1.0
,247,2,0,0.65106994
,247,3,0,0.7568112
,248,0,0,0.70708686
,248,1,0,0.7789367
,248,2,3,1.0
,248,3,0,0.75404483
,249,0,2,1.0
,249,1,0,0.6956925
,249,2,0,0.853388
,249,3,0,0.7560671
,250,0,1,0.88262886
,250,1,2,1.0
,250,2,0,0.5049142
,250,3,0,0.5024075
,251,0,2,1.0
,251,1,0,0.7380627
,251,2,0,0.75460047
,251,3,0,0.7545782
,252,0,0,0.7388582
,252,1,2,1.0
,252,2,0,0.7577226
,252,3,0,0.7582617
,253,0,2,1.0
,253,1,0,0.78321975
,253,2,0,0.710655
,253,3,0,0.75826985
,254,0,0,0.7388483
,254,1,0,0.7585734
,254,2,2,1.0
,254,3,0,0.75829077
,255,0,2,1.0
,255,1,0,0.75831115
,255,2,0,0.7388649
,255,3,0,0.7583079
,256,0,0,0.73886496
,256,1,0,0.7583082
,256,2,2,1.0
,256,3,0,0.75830823
,257,0,2,1.0
,257,1,0,0.7583021
,257,2,0,0.7388647
,257,3,0,0.75830823
,258,0,0,0.73886013
,258,1,0,0.7577665
,258,2,2,1.0
,258,3,0,0.75830597
,259,0,2,1.0
,259,1,0,0.7106555
,259,2,0,0.78321964
,259,3,0,0.75827026
,260,0,0,0.7388481
,260,1,2,1.0
,260,2,0,0.7585734
,260,3,0,0.7582846
,261,0,2,1.0
,261,1,0,0.7388599
,261,2,0,0.7583089
,261,3,0,0.7577663
,262,0,0,0.78271824
,262,1,2,1.0
,262,2,0,0.75826836
,262,3,0,0.7106507
,263,0,0,0.71094483
,263,1,0,0.7831982
,263,2,0,0.7582454
,263,3,2,1.0
,264,0,2,1.0
,264,1,0,0.7577051
,264,2,0,0.7574076
,264,3,0,0.72591555
,265,0,1,0.8826178
,265,1,0,0.50248295
,265,2,0,0.501737
,265,3,2,1.0
,266,0,2,1.0
,266,1,0,0.7545227
,266,2,0,0.7064617
,266,3,0,0.782504
,267,0,0,0.7388398
,267,1,0,0.757703
,267,2,2,1.0
,267,3,0,0.7585594
,268,0,2,1.0
,268,1,0,0.7106546
,268,2,0,0.78321964
,268,3,0,0.75827307
,269,0,0,0.7388417
,269,1,2,1.0
,269,2,0,0.75857145
,269,3,0,0.75828874
,270,0,2,1.0
,270,1,0,0.72836876
,270,2,0,0.75798947
,270,3,0,0.7579733
,271,0,1,0.7928584
,271,1,2,1.0
,271,2,0,0.55499566
,271,3,0,0.5542546
,272,0,3,1.0
,272,1,0,0.78045005
,272,2,0,0.7527299
,272,3,0,0.7043722
,273,0,0,0.8312566
,273,1,0,0.7556817
,273,2,0,0.75650346
,273,3,2,1.0
,274,0,3,1.0
,274,1,1,0.54523116
,274,2,0,0.51593924
,274,3,1,0.7014164
,275,0,0,0.82066274
,275,1,2,1.0
,275,2,0,0.75326294
,275,3,0,0.7513212
,276,0,2,1.0
,276,1,0,0.7832315
,276,2,0,0.7106147
,276,3,0,0.75820535
,277,0,0,0.7258917
,277,1,0,0.75767213
,277,2,2,1.0
,277,3,0,0.75738674
,278,0,2,1.0
,278,1,0,0.50060934
,278,2,1,0.8898413
,278,3,0,0.50055
,279,0,1,0.9583764
,279,1,1,0.52616924
,279,2,2,1.0
,279,3,1,0.5281322
,280,0,2,1.0
,280,1,1,0.51225835
,280,2,1,0.8591237
,280,3,1,0.58798987
,281,0,1,0.8579035
,281,1,1,0.5128475
,281,2,1,0.595757
,281,3,2,1.0
,282,0,1,0.5183787
,282,1,1,0.57018226
,282,2,2,1.0
,282,3,1,0.8570233
,283,0,0,0.75412977
,283,1,2,1.0
,283,2,0,0.68346214
,283,3,0,0.75026953
,284,0,0,0.75393385
,284,1,0,0.73455346
,284,2,3,1.0
,284,3,0,0.75388277
,285,0,0,0.7572774
,285,1,2,1.0
,285,2,0,0.8206553
,285,3,0,0.7567364
,286,0,0,0.75825864
,286,1,0,0.7832303
,286,2,2,1.0
,286,3,0,0.71067184
,287,0,0,0.75625235
,287,1,0,0.75769514
,287,2,0,0.75934917
,287,3,2,1.0
,288,0,1,0.5722599
,288,1,1,0.51215184
,288,2,3,1.0
,288,3,1,0.8610913
,289,0,2,1.0
,289,1,0,0.70484954
,289,2,0,0.8539001
,289,3,0,0.7485259
,290,0,0,0.78318727
,290,1,2,1.0
,290,2,0,0.759316
,290,3,0,0.7104969
,291,0,0,0.75767434
,291,1,0,0.72588617
,291,2,0,0.7573659
,291,3,2,1.0
,292,0,0,0.5007474
,292,1,2,1.0
,292,2,1,0.5012285
,292,3,1,0.88954514
,293,0,1,0.5111605
,293,1,1,0.8587717
,293,2,1,0.58696216
,293,3,2,1.0
,294,0,1,0.50939626
,294,1,1,0.578955
,294,2,2,1.0
,294,3,1,0.85738677
,295,0,0,0.7542274
,295,1,2,1.0
,295,2,0,0.78260535
,295,3,0,0.7020355
,296,0,0,0.7323454
,296,1,0,0.7824159
,296,2,0,0.7577002
,296,3,2,1.0
,297,0,3,1.0
,297,1,1,0.510952
,297,2,1,0.51065373
,297,3,1,0.88765675
,298,0,0,0.8533784
,298,1,0,0.690633
,298,2,0,0.7519385
,298,3,2,1.0
,299,0,0,0.5032601
,299,1,2,1.0
,299,2,0,0.50064534
,299,3,1,0.88951236
,300,0,1,0.50843257
,300,1,1,0.8842785
,300,2,1,0.5085003
,300,3,2,1.0
,301,0,0,0.7535458
,301,1,2,1.0
,301,2,0,0.75354546
,301,3,0,0.72507703
,302,0,0,0.50234497
,302,1,1,0.8826221
,302,2,0,0.5023629
,302,3,2,1.0
,303,0,0,0.7524908
,303,1,2,1.0
,303,2,0,0.75365794
,303,3,0,0.7250321
,304,0,1,0.55953276
,304,1,1,0.8552242
,304,2,0,0.5014048
,304,3,2,1.0
,305,0,2,1.0
,305,1,0,0.74994993
,305,2,0,0.7546937
,305,3,0,0.7381936
,306,0,0,0.7823922
,306,1,0,0.6967158
,306,2,0,0.7561711
,306,3,2,1.0
,307,0,0,0.50208604
,307,1,2,1.0
,307,2,1,0.5594805
,307,3,1,0.8552562
,308,0,0,0.7538578
,308,1,0,0.75874686
,308,2,2,1.0
,308,3,0,0.7485872
,309,0,1,0.51152134
,309,1,3,1.0
,309,2,1,0.8610876
,309,3,1,0.5724293
,310,0,0,0.75235593
,310,1,0,0.8126341
,310,2,0,0.7491052
,310,3,2,1.0
,311,0,0,0.5097025
,311,1,2,1.0
,311,2,0,0.5520741
,311,3,1,0.69870746
,312,0,3,1.0
,312,1,1,0.7014776
,312,2,0,0.51299995
,312,3,1,0.5543831
,313,0,0,0.853275
,313,1,0,0.72467357
,313,2,0,0.7526556
,313,3,2,1.0
,314,0,1,0.5090442
,314,1,3,1.0
,314,2,1,0.5107342
,314,3,1,0.88763756
,315,0,0,0.6905899
,315,1,0,0.8523836
,315,2,0,0.75191736
,315,3,2,1.0
,316,0,2,1.0
,316,1,1,0.57421374
,316,2,1,0.500695
,316,3,1,0.8571695
,317,0,1,0.8578648
,317,1,2,1.0
,317,2,1,0.51088434
,317,3,1,0.5955584
,318,0,1,0.51875466
,318,1,1,0.8729611
,318,2,1,0.50974333
,318,3,2,1.0
,319,0,1,0.5165386
,319,1,3,1.0
,319,2,1,0.5153574
,319,3,1,0.8868027
,320,0,0,0.6905551
,320,1,0,0.85339075
,320,2,0,0.75191003
,320,3,2,1.0
,321,0,2,1.0
,321,1,0,0.5041233
,321,2,0,0.5015061
,321,3,1,0.90785813
,322,0,0,0.7359282
,322,1,0,0.7524503
,322,2,0,0.7524064
,322,3,3,1.0
,323,0,2,1.0
,323,1,0,0.75625116
,323,2,0,0.7550734
,323,3,0,0.83619726
,324,0,1,0.8612735
,324,1,1,0.5118388
,324,2,1,0.5726404
,324,3,3,1.0
,325,0,0,0.7470544
,325,1,0,0.7525146
,325,2,2,1.0
,325,3,0,0.8107837
,326,0,1,0.57664895
,326,1,1,0.502041
,326,2,1,0.8561041
,326,3,2,1.0
,327,0,2,1.0
,327,1,1,0.56981516
,327,2,1,0.5182713
,327,3,1,0.85699654
,328,0,0,0.7251979
,328,1,2,1.0
,328,2,0,0.7535178
,328,3,0,0.7496905
,329,0,2,1.0
,329,1,1,0.889552
,329,2,1,0.5013459
,329,3,0,0.5004825
,330,0,1,0.85801363
,330,1,2,1.0
,330,2,1,0.5869823
,330,3,1,0.5127597
,331,0,1,0.51838607
,331,1,1,0.85702616
,331,2,2,1.0
,331,3,1,0.5701322
,332,0,0,0.7536264
,332,1,0,0.7497664
,332,2,0,0.7586183
,332,3,2,1.0
,333,0,1,0.51099443
,333,1,1,0.5110956
,333,2,3,1.0
,333,3,1,0.88772815
,334,0,0,0.75222766
,334,1,0,0.75222653
,334,2,0,0.83611757
,334,3,2,1.0
,335,0,1,0.51143754
,335,1,1,0.51143783
,335,2,3,1.0
,335,3,1,0.8878794
,336,0,0,0.7522205
,336,1,0,0.75220275
,336,2,0,0.8361203
,336,3,2,1.0
,337,0,1,0.51148427
,337,1,1,0.51239556
,337,2,3,1.0
,337,3,1,0.8878994
,338,0,0,0.7494805
,338,1,0,0.6904546
,338,2,0,0.85337293
,338,3,2,1.0
,339,0,1,0.6257207
,339,1,2,1.0
,339,2,0,0.5018312
,339,3,1,0.8562098
,340,0,3,1.0
,340,1,0,0.73509157
,340,2,0,0.751553
,340,3,0,0.74741036
,341,0,0,0.8206552
,341,1,2,1.0
,341,2,0,0.7567125
,341,3,0,0.7572062
,342,0,2,1.0
,342,1,0,0.78273904
,342,2,0,0.710664
,342,3,0,0.7582799
,343,0,0,0.78270406
,343,1,0,0.71094894
,343,2,2,1.0
,343,3,0,0.7582456
,344,0,0,0.71094805
,344,1,2,1.0
,344,2,0,0.7832036
,344,3,0,0.7577114
,345,0,2,1.0
,345,1,0,0.7827036
,345,2,0,0.7585335
,345,3,0,0.7106308
,346,0,0,0.7827039
,346,1,0,0.71094817
,346,2,0,0.7582465
,346,3,2,1.0
,347,0,0,0.71093756
,347,1,2,1.0
,347,2,0,0.75755644
,347,3,0,0.7831954
,348,0,2,1.0
,348,1,0,0.7823453
,348,2,0,0.69684833
,348,3,0,0.7576289
,349,0,1,0.87122935
,349,1,0,0.5002062
,349,2,2,1.0
,349,3,0,0.5011594
,350,0,3,1.0
,350,1,1,0.57640845
,350,2,1,0.86044425
,350,3,1,0.5156663
,351,0,0,0.85260016
,351,1,2,1.0
,351,2,0,0.68621093
,351,3,0,0.7520651
,352,0,1,0.5570769
,352,1,1,0.8552553
,352,2,2,1.0
,352,3,0,0.5005474
,353,0,2,1.0
,353,1,0,0.7506128
,353,2,0,0.78263146
,353,3,0,0.7066191
,354,0,0,0.73884666
,354,1,0,0.75818974
,354,2,0,0.7582691
,354,3,2,1.0
,355,0,2,1.0
,355,1,0,0.757445
,355,2,0,0.7324129
,355,3,0,0.7824517
,356,0,1,0.88763356
,356,1,1,0.51063675
,356,2,3,1.0
,356,3,1,0.50998133
,357,0,2,1.0
,357,1,0,0.75326484
,357,2,0,0.82066685
,357,3,0,0.75327235
,358,0,0,0.7388647
,358,1,0,0.7582687
,358,2,2,1.0
,358,3,0,0.7582751
,359,0,2,1.0
,359,1,0,0.75745106
,359,2,0,0.68428683
,359,3,0,0.75800604
,360,0,0,0.7783216
,360,1,0,0.7056267
,360,2,3,1.0
,360,3,0,0.75389403
,361,0,0,0.65142953
,361,1,2,1.0
,361,2,0,0.85392106
,361,3,0,0.75595784
,362,0,3,1.0
,362,1,0,0.77846265
,362,2,0,0.7551742
,362,3,0,0.7057859
,363,0,0,0.85309774
,363,1,0,0.6517113
,363,2,0,0.75653917
,363,3,2,1.0
,364,0,0,0.6492191
,364,1,3,1.0
,364,2,0,0.7533743
,364,3,0,0.77901065
,365,0,3,1.0
,365,1,0,0.8206609
,365,2,0,0.7523815
,365,3,0,0.75268227
,366,0,0,0.82064134
,366,1,2,1.0
,366,2,0,0.7572933
,366,3,0,0.75729656
,367,0,2,1.0
,367,1,0,0.68428826
,367,2,0,0.75802237
,367,3,0,0.75801605
,368,0,0,0.7345296
,368,1,3,1.0
,368,2,0,0.7539748
,368,3,0,0.75342494
,369,0,2,1.0
,369,1,0,0.85388756
,369,2,0,0.7569875
,369,3,0,0.7092166
,370,0,0,0.7259073
,370,1,0,0.7584999
,370,2,0,0.7573852
,370,3,2,1.0
,371,0,2,1.0
,371,1,0,0.50249517
,371,2,0,0.5017364
,371,3,1,0.8826179
,372,0,0,0.7825017
,372,1,0,0.7539811
,372,2,0,0.706456
,372,3,2,1.0
,373,0,0,0.7585236
,373,1,0,0.7105838
,373,2,2,1.0
,373,3,0,0.78319603
,374,0,0,0.7582913
,374,1,2,1.0
,374,2,0,0.7388432
,374,3,0,0.75803185
,375,0,0,0.7582681
,375,1,0,0.78271836
,375,2,2,1.0
,375,3,0,0.71065396
,376,0,0,0.7582399
,376,1,0,0.71095306
,376,2,0,0.78320545
,376,3,2,1.0
,377,0,0,0.7570946
,377,1,2,1.0
,377,2,0,0.7585698
,377,3,0,0.73881435
,378,0,0,0.65277743
,378,1,0,0.782394
,378,2,0,0.7579089
,378,3,2,1.0
,379,0,3,1.0
,379,1,0,0.70620406
,379,2,0,0.75406575
,379,3,0,0.7795984
,380,0,0,0.8206498
,380,1,2,1.0
,380,2,0,0.75659055
,380,3,0,0.7575352
,381,0,2,1.0
,381,1,0,0.7829065
,381,2,0,0.69932777
,381,3,0,0.7568427
,382,0,1,0.6974923
,382,1,0,0.55268973
,382,2,2,1.0
,382,3,1,0.50892806
,383,0,0,0.704219
,383,1,0,0.75536424
,383,2,0,0.782228
,383,3,2,1.0
,384,0,2,1.0
,384,1,0,0.7582149
,384,2,0,0.71093816
,384,3,0,0.7827008
,385,0,0,0.7827042
,385,1,0,0.75825095
,385,2,2,1.0
,385,3,0,0.71094865
,386,0,0,0.7109534
,386,1,0,0.75824714
,386,2,0,0.78320545
,386,3,2,1.0
,387,0,2,1.0
,387,1,0,0.7577491
,387,2,0,0.7585711
,387,3,0,0.7388435
,388,0,0,0.78271824
,388,1,0,0.71065015
,388,2,0,0.7582713
,388,3,2,1.0
,389,0,0,0.71093833
,389,1,2,1.0
,389,2,0,0.7582431
,389,3,0,0.78256047
,390,0,2,1.0
,390,1,0,0.7823831
,390,2,0,0.75737005
,390,3,0,0.69717866
,391,0,1,0.8826423
,391,1,0,0.5023167
,391,2,0,0.5024108
,391,3,2,1.0
,392,0,2,1.0
,392,1,0,0.7064691
,392,2,0,0.7545278
,392,3,0,0.78250384
,393,0,0,0.7388447
,393,1,2,1.0
,393,2,0,0.7582447
,393,3,0,0.75856155
,394,0,2,1.0
,394,1,0,0.7388649
,394,2,0,0.7583074
,394,3,0,0.75831103
,395,0,0,0.73886496
,395,1,2,1.0
,395,2,0,0.7583082
,395,3,0,0.7583082
,396,0,2,1.0
,396,1,0,0.7388648
,396,2,0,0.7583082
,396,3,0,0.7583021
,397,0,0,0.73885995
,397,1,2,1.0
,397,2,0,0.7583056
,397,3,0,0.7577664
,398,0,2,1.0
,398,1,0,0.78257316
,398,2,0,0.7582326
,398,3,0,0.7106387
,399,0,0,0.7823464
,399,1,0,0.6970057
,399,2,0,0.7549395
,399,3,2,1.0
,400,0,0,0.50000787
,400,1,2,1.0
,400,2,1,0.6255723
,400,3,1,0.8562087
,401,0,0,0.7515075
,401,1,0,0.73505527
,401,2,3,1.0
,401,3,0,0.7466734
,402,0,0,0.7546421
,402,1,2,1.0
,402,2,0,0.85322934
,402,3,0,0.6943407
,403,0,1,0.57766247
,403,1,1,0.94357526
,403,2,1,0.51449037
,403,3,2,1.0
,404,0,2,1.0
,404,1,0,0.7487051
,404,2,0,0.7536005
,404,3,0,0.72519934
,405,0,1,0.8826158
,405,1,0,0.50225127
,405,2,0,0.5023777
,405,3,2,1.0
,406,0,2,1.0
,406,1,0,0.7545552
,406,2,0,0.7545699
,406,3,0,0.7380543
,407,0,0,0.72587925
,407,1,0,0.7562213
,407,2,0,0.75737673
,407,3,2,1.0
,408,0,2,1.0
,408,1,1,0.55943304
,408,2,0,0.5015106
,408,3,1,0.85557956
,409,0,0,0.7826291
,409,1,2,1.0
,409,2,0,0.75465894
,409,3,0,0.702075
,410,0,0,0.75855976
,410,1,0,0.7388389
,410,2,0,0.7577034
,410,3,2,1.0
,411,0,0,0.7582669
,411,1,2,1.0
,411,2,0,0.7106545
,411,3,0,0.78321964
,412,0,0,0.75774914
,412,1,0,0.7388435
,412,2,2,1.0
,412,3,0,0.75857115
,413,0,0,0.7106552
,413,1,2,1.0
,413,2,0,0.78321964
,413,3,0,0.758273
,414,0,2,1.0
,414,1,0,0.7388396
,414,2,0,0.7585655
,414,3,0,0.7582697
,415,0,0,0.72588164
,415,1,2,1.0
,415,2,0,0.75742406
,415,3,0,0.7562658
,416,0,2,1.0
,416,1,1,0.85521513
,416,2,0,0.5015194
,416,3,1,0.55942005
,417,0,0,0.73820424
,417,1,0,0.7501094
,417,2,0,0.7547174
,417,3,2,1.0
,418,0,2,1.0
,418,1,0,0.7105561
,418,2,0,0.75822824
,418,3,0,0.78320605
,419,0,0,0.738814
,419,1,2,1.0
,419,2,0,0.75828683
,419,3,0,0.7573815
,420,0,2,1.0
,420,1,0,0.78178537
,420,2,0,0.7579085
,420,3,0,0.6530609
,421,0,0,0.7784862
,421,1,0,0.64840144
,421,2,0,0.7533923
,421,3,3,1.0
,422,0,0,0.70372486
,422,1,3,1.0
,422,2,0,0.7518668
,422,3,0,0.8535732
,423,0,2,1.0
,423,1,0,0.85342056
,423,2,0,0.75693154
,423,3,0,0.71045643
,424,0,0,0.78130376
,424,1,0,0.69804096
,424,2,0,0.757331
,424,3,2,1.0
,425,0,1,0.5588555
,425,1,2,1.0
,425,2,0,0.5014505
,425,3,1,0.8556068
,426,0,2,1.0
,426,1,0,0.78262365
,426,2,0,0.7546647
,426,3,0,0.7020749
,427,0,0,0.73883873
,427,1,0,0.75802076
,427,2,0,0.7582431
,427,3,2,1.0
,428,0,2,1.0
,428,1,0,0.7106536
,428,2,0,0.75826764
,428,3,0,0.78271836
,429,0,0,0.78270406
,429,1,2,1.0
,429,2,0,0.75825155
,429,3,0,0.71094877
,430,0,0,0.71095335
,430,1,0,0.78319985
,430,2,0,0.7582534
,430,3,2,1.0
,431,0,2,1.0
,431,1,0,0.75803214
,431,2,0,0.75828844
,431,3,0,0.7388437
,432,0,0,0.7832196
,432,1,0,0.7106588
,432,2,0,0.75827
,432,3,2,1.0
,433,0,0,0.7585673
,433,1,2,1.0
,433,2,0,0.75829077
,433,3,0,0.7388481
,434,0,0,0.75776947
,434,1,0,0.73885995
,434,2,0,0.7583056
,434,3,2,1.0
,435,0,0,0.71065056
,435,1,2,1.0
,435,2,0,0.75826854
,435,3,0,0.78271836
,436,0,2,1.0
,436,1,0,0.7827038
,436,2,0,0.75825155
,436,3,0,0.71094835
,437,0,0,0.7820985
,437,1,0,0.71091783
,437,2,0,0.75825065
,437,3,2,1.0
,438,0,0,0.6531069
,438,1,2,1.0
,438,2,0,0.7578886
,438,3,0,0.7823795
,439,0,3,1.0
,439,1,0,0.7795913
,439,2,0,0.75407153
,439,3,0,0.70620215
,440,0,0,0.8206554
,440,1,0,0.75700986
,440,2,0,0.7572534
,440,3,2,1.0
,441,0,2,1.0
,441,1,0,0.71066725
,441,2,0,0.7577405
,441,3,0,0.7832382
,442,0,0,0.78319746
,442,1,2,1.0
,442,2,0,0.71062666
,442,3,0,0.75851476
,443,0,0,0.75766814
,443,1,0,0.7258626
,443,2,2,1.0
,443,3,0,0.7562503
,444,0,0,0.50055015
,444,1,2,1.0
,444,2,1,0.85523725
,444,3,1,0.5594644
,445,0,0,0.69264513
,445,1,0,0.7817869
,445,2,0,0.7484854
,445,3,2,1.0
,446,0,2,1.0
,446,1,0,0.5020544
,446,2,1,0.559701
,446,3,1,0.8552503
,447,0,0,0.7382038
,447,1,0,0.7541784
,447,2,2,1.0
,447,3,0,0.7506532
,448,0,2,1.0
,448,1,0,0.7106028
,448,2,0,0.7832165
,448,3,0,0.75764024
,449,0,0,0.78255945
,449,1,2,1.0
,449,2,0,0.7585119
,449,3,0,0.7106188
,450,0,0,0.69712245
,450,1,0,0.782366
,450,2,0,0.7561989
,450,3,2,1.0
,451,0,2,1.0
,451,1,0,0.50134563
,451,2,1,0.5595041
,451,3,1,0.85524756
,452,0,0,0.7821312
,452,1,0,0.7066228
,452,2,2,1.0
,452,3,0,0.7506098
,453,0,0,0.7109376
,453,1,2,1.0
,453,2,0,0.78270125
,453,3,0,0.7581614
,454,0,2,1.0
,454,1,0,0.7825601
,454,2,0,0.7109376
,454,3,0,0.7582286
,455,0,0,0.78237927
,455,1,0,0.69712347
,455,2,2,1.0
,455,3,0,0.7561959
,456,0,0,0.50208706
,456,1,2,1.0
,456,2,1,0.8552572
,456,3,1,0.55949783
,457,0,0,0.7537355
,457,1,0,0.7251403
,457,2,0,0.74822205
,457,3,2,1.0
,458,0,1,0.5025912
,458,1,2,1.0
,458,2,1,0.5768076
,458,3,1,0.8562178
,459,0,1,0.5867641
,459,1,1,0.85789824
,459,2,2,1.0
,459,3,1,0.5221471
,460,0,2,1.0
,460,1,1,0.5201761
,460,2,1,0.8578731
,460,3,1,0.5871706
,461,0,1,0.8841746
,461,1,1,0.508766
,461,2,1,0.5175117
,461,3,2,1.0
,462,0,2,1.0
,462,1,0,0.7534744
,462,2,0,0.75341254
,462,3,0,0.72504795
,463,0,1,0.88955116
,463,1,1,0.50136966
,463,2,0,0.5006124
,463,3,2,1.0
,464,0,2,1.0
,464,1,1,0.5878458
,464,2,1,0.51143765
,464,3,1,0.85910934
,465,0,1,0.94478583
,465,1,2,1.0
,465,2,1,0.52680105
,465,3,1,0.6108661
,466,0,1,0.5980636
,466,1,1,0.85799325
,466,2,1,0.5118486
,466,3,2,1.0
,467,0,2,1.0
,467,1,1,0.519125
,467,2,1,0.51020575
,467,3,1,0.8909566
,468,0,1,0.8911102
,468,1,1,0.5107207
,468,2,1,0.51245815
,468,3,2,1.0
,469,0,2,1.0
,469,1,1,0.5115744
,469,2,1,0.5874328
,469,3,1,0.8596253
,470,0,1,0.8582124
,470,1,1,0.51122034
,470,2,2,1.0
,470,3,1,0.64373744
,471,0,0,0.6983736
,471,1,0,0.7513672
,471,2,0,0.7799621
,471,3,3,1.0
,472,0,2,1.0
,472,1,0,0.7565301
,472,2,0,0.75754374
,472,3,0,0.820649
,473,0,0,0.7824049
,473,1,0,0.69685906
,473,2,0,0.75737435
,473,3,2,1.0
,474,0,0,0.5014009
,474,1,2,1.0
,474,2,0,0.50075567
,474,3,1,0.8895205
,475,0,1,0.5100647
,475,1,1,0.8910466
,475,2,1,0.51008034
,475,3,2,1.0
,476,0,1,0.5104546
,476,1,2,1.0
,476,2,1,0.5104142
,476,3,1,0.8910663
,477,0,1,0.5120095
,477,1,1,0.8910861
,477,2,1,0.5104334
,477,3,2,1.0
,478,0,1,0.5704581
,478,1,2,1.0
,478,2,1,0.5096986
,478,3,1,0.857632
,479,0,2,1.0
,479,1,0,0.7817946
,479,2,0,0.7536159
,479,3,0,0.6880269
,480,0,1,0.8548665
,480,1,0,0.50365514
,480,2,0,0.50293994
,480,3,2,1.0
,481,0,0,0.7074322
,481,1,0,0.7587026
,481,2,0,0.75935495
,481,3,2,1.0
,482,0,2,1.0
,482,1,0,0.69951236
,482,2,0,0.75794667
,482,3,0,0.7829162
,483,0,1,0.74558055
,483,1,2,1.0
,483,2,0,0.555403
,483,3,0,0.5559911
,484,0,2,1.0
,484,1,0,0.7655401
,484,2,0,0.7367631
,484,3,0,0.7367701
,485,0,0,1.0
,485,1,0,1.0
,485,2,0,1.0
,485,3,2,0.5213349
,486,0,1,0.5134045
,486,1,1,0.51149136
,486,2,2,1.0
,486,3,1,0.89107347
,487,0,1,0.6022811
,487,1,1,0.5301612
,487,2,1,0.9444262
,487,3,2,1.0
,488,0,2,1.0
,488,1,1,0.63594496
,488,2,1,0.5226709
,488,3,1,0.8582928
,489,0,0,0.77993613
,489,1,3,1.0
,489,2,0,0.7499866
,489,3,0,0.69827753
,490,0,0,0.75681293
,490,1,0,0.85354376
,490,2,0,0.65102696
,490,3,2,1.0
,491,0,0,0.75403816
,491,1,0,0.7070868
,491,2,3,1.0
,491,3,0,0.7789367
,492,0,0,0.75547767
,492,1,2,1.0
,492,2,0,0.8533477
,492,3,0,0.69568145
,493,0,1,0.5285394
,493,1,1,0.85556006
,493,2,0,0.50172794
,493,3,2,1.0
,494,0,3,1.0
,494,1,1,0.5374584
,494,2,1,0.58834386
,494,3,1,0.9450865
,495,0,0,0.83620673
,495,1,0,0.7520625
,495,2,2,1.0
,495,3,0,0.7461734
,496,0,3,1.0
,496,1,1,0.5119457
,496,2,1,0.86126524
,496,3,1,0.5728706
,497,0,0,0.8206632
,497,1,0,0.75341326
,497,2,0,0.7488683
,497,3,2,1.0
,498,0,2,1.0
,498,1,0,0.7575667
,498,2,0,0.71055245
,498,3,0,0.7832341
,499,0,0,0.78157824
,499,1,0,0.6991765
,499,2,2,1.0
,499,3,0,0.7581213
,500,0,1,0.52705264
,500,1,2,1.0
,500,2,1,0.69809103
,500,3,0,0.54878026
,501,0,2,1.0
,501,1,1,0.89102703
,501,2,1,0.5144217
,501,3,1,0.5080309
,502,0,1,0.95560193
,502,1,2,1.0
,502,2,1,0.5252874
,502,3,1,0.5251183
,503,0,2,1.0
,503,1,0,0.7250137
,503,2,0,0.7532899
,503,3,0,0.75329167
,504,0,1,0.88261634
,504,1,2,1.0
,504,2,0,0.5023687
,504,3,0,0.5023604
,505,0,2,1.0
,505,1,0,0.73805773
,505,2,0,0.75457525
,505,3,0,0.75403017
,506,0,0,0.7832123
,506,1,2,1.0
,506,2,0,0.7582259
,506,3,0,0.71060556
,507,0,0,0.75803214
,507,1,0,0.7388433
,507,2,0,0.7582881
,507,3,2,1.0
,508,0,0,0.7106538
,508,1,2,1.0
,508,2,0,0.7582682
,508,3,0,0.78271836
,509,0,2,1.0
,509,1,0,0.78270406
,509,2,0,0.75825137
,509,3,0,0.71094877
,510,0,0,0.78320557
,510,1,0,0.71095335
,510,2,0,0.7582472
,510,3,2,1.0
,511,0,0,0.7585711
,511,1,2,1.0
,511,2,0,0.7577488
,511,3,0,0.7388433
,512,0,0,0.7582624
,512,1,0,0.78257394
,512,2,0,0.71063924
,512,3,2,1.0
,513,0,0,0.757312
,513,1,0,0.6970832
,513,2,2,1.0
,513,3,0,0.7809904
,514,0,1,0.5007933
,514,1,2,1.0
,514,2,1,0.8563243
,514,3,1,0.57704306
,515,0,1,0.5315907
,515,1,1,0.9847292
,515,2,1,0.5410499
,515,3,2,1.0
,516,0,1,0.5270862
,516,1,2,1.0
,516,2,1,0.5273784
,516,3,1,0.958395
,517,0,1,0.5095811
,517,1,1,0.8844305
,517,2,1,0.51121026
,517,3,2,1.0
,518,0,0,0.7533734
,518,1,2,1.0
,518,2,0,0.6478783
,518,3,0,0.78211236
,519,0,0,0.70581913
,519,1,0,0.77960306
,519,2,3,1.0
,519,3,0,0.7538172
,520,0,2,1.0
,520,1,0,0.7567234
,520,2,0,0.8538929
,520,3,0,0.70920086
,521,0,0,0.78254324
,521,1,0,0.7105989
,521,2,0,0.75931513
,521,3,2,1.0
,522,0,0,0.69624496
,522,1,2,1.0
,522,2,0,0.7571281
,522,3,0,0.78216046
,523,0,2,1.0
,523,1,1,0.95811516
,523,2,1,0.51819277
,523,3,1,0.51753193
,524,0,1,0.95852894
,524,1,2,1.0
,524,2,1,0.5269798
,524,3,1,0.5269623
,525,0,2,1.0
,525,1,1,0.9585296
,525,2,1,0.52718186
,525,3,1,0.52718085
,526,0,1,0.9556296
,526,1,2,1.0
,526,2,1,0.52574307
,526,3,1,0.52572143
,527,0,2,1.0
,527,1,0,0.7249133
,527,2,0,0.75174904
,527,3,0,0.7531596
,528,0,1,0.8563058
,528,1,2,1.0
,528,2,1,0.5776065
,528,3,1,0.504134
,529,0,1,0.5350947
,529,1,1,0.9442505
,529,2,2,1.0
,529,3,1,0.64875907
,530,0,0,0.7511589
,530,1,0,0.74517787
,530,2,0,0.7350642
,530,3,3,1.0
,531,0,0,0.7565104
,531,1,0,0.650964
,531,2,2,1.0
,531,3,0,0.8539201
,532,0,0,0.75411206
,532,1,3,1.0
,532,2,0,0.73470557
,532,3,0,0.75524354
,533,0,0,0.75646454
,533,1,0,0.8108405
,533,2,2,1.0
,533,3,0,0.75649136
,534,0,0,0.50184673
,534,1,2,1.0
,534,2,1,0.8825659
,534,3,0,0.5025775
,535,0,0,0.7064573
,535,1,0,0.7824946
,535,2,2,1.0
,535,3,0,0.7539822
,536,0,2,1.0
,536,1,0,0.7578272
,536,2,0,0.78319186
,536,3,0,0.7105681
,537,0,0,0.78237844
,537,1,0,0.69685453
,537,2,0,0.75765216
,537,3,2,1.0
,538,0,0,0.5020948
,538,1,2,1.0
,538,2,0,0.5023974
,538,3,1,0.8826521
,539,0,0,0.69244015
,539,1,0,0.7802811
,539,2,0,0.75355446
,539,3,2,1.0
,540,0,2,1.0
,540,1,1,0.5759409
,540,2,1,0.5006126
,540,3,1,0.8561847
,541,0,1,0.8909132
,541,1,2,1.0
,541,2,1,0.5097376
,541,3,1,0.5189509
,542,0,2,1.0
,542,1,1,0.88428473
,542,2,1,0.5088216
,542,3,1,0.5090502
,543,0,0,0.78269744
,543,1,2,1.0
,543,2,0,0.7539554
,543,3,0,0.7546135
,544,0,0,0.76172334
,544,1,2,1.0
,544,2,0,0.7015012
,544,3,0,0.7600144
,545,0,1,0.50192416
,545,1,1,0.856169
,545,2,2,1.0
,545,3,1,0.5764423
,546,0,1,0.5698187
,546,1,1,0.5190129
,546,2,1,0.8569977
,546,3,2,1.0
,547,0,2,1.0
,547,1,0,0.7063462
,547,2,0,0.7505719
,547,3,0,0.7826042
,548,0,0,0.72586054
,548,1,2,1.0
,548,2,0,0.7573126
,548,3,0,0.7565223
,549,0,2,1.0
,549,1,1,0.8555797
,549,2,0,0.50150883
,549,3,1,0.55942583
,550,0,0,0.78198165
,550,1,0,0.7020583
,550,2,0,0.7546537
,550,3,2,1.0
,551,0,0,0.697067
,551,1,2,1.0
,551,2,0,0.75726694
,551,3,0,0.78099024
,552,0,2,1.0
,552,1,1,0.85728484
,552,2,1,0.5007591
,552,3,1,0.576825
,553,0,1,0.9443601
,553,1,1,0.61073184
,553,2,1,0.5264727
,553,3,2,1.0
,554,0,1,0.521615
,554,1,2,1.0
,554,2,1,0.5107411
,554,3,1,0.8910281
,555,0,1,0.51254237
,555,1,1,0.89142257
,555,2,1,0.5106602
,555,3,2,1.0
,556,0,1,0.5859035
,556,1,2,1.0
,556,2,1,0.52550393
,556,3,1,0.94423914
,557,0,2,1.0
,557,1,0,0.7819418
,557,2,0,0.75429827
,557,3,0,0.7008743
,558,0,0,0.7817882
,558,1,0,0.69714296
,558,2,0,0.7572592
,558,3,2,1.0
,559,0,1,0.53132296
,559,1,2,1.0
,559,2,1,0.5007972
,559,3,1,0.85558456
,560,0,3,1.0
,560,1,1,0.8609509
,560,2,1,0.57850397
,560,3,1,0.52717483
,561,0,0,0.82065696
,561,1,0,0.7487121
,561,2,2,1.0
,561,3,0,0.7532367
,562,0,2,1.0
,562,1,0,0.69675314
,562,2,0,0.7823757
,562,3,0,0.75732344
,563,0,1,0.8895433
,563,1,2,1.0
,563,2,1,0.5001913
,563,3,0,0.5007294
,564,0,2,1.0
,564,1,1,0.8571498
,564,2,1,0.5700758
,564,3,1,0.50970125
,565,0,0,0.7806759
,565,1,0,0.74965733
,565,2,2,1.0
,565,3,0,0.7311472
,566,0,1,0.58119506
,566,1,1,0.52140576
,566,2,1,0.94528645
,566,3,3,1.0
,567,0,2,1.0
,567,1,0,0.7517549
,567,2,0,0.6841345
,567,3,0,0.85225344
,568,0,1,0.9437529
,568,1,1,0.517831
,568,2,2,1.0
,568,3,1,0.5888282
,569,0,0,0.52801263
,569,1,0,0.5382633
,569,2,1,0.7468077
,569,3,2,1.0
,570,0,0,0.7544688
,570,1,0,0.75512975
,570,2,2,1.0
,570,3,0,0.73819876
,571,0,0,0.7106069
,571,1,0,0.75823075
,571,2,0,0.78271693
,571,3,2,1.0
,572,0,2,1.0
,572,1,0,0.7582529
,572,2,0,0.7109536
,572,3,0,0.78320545
,573,0,0,0.73884845
,573,1,0,0.7582907
,573,2,2,1.0
,573,3,0,0.75857335
,574,0,2,1.0
,574,1,0,0.7583059
,574,2,0,0.7388584
,574,3,0,0.7583091
,575,0,0,0.72837126
,575,1,0,0.75798714
,575,2,2,1.0
,575,3,0,0.75798714
,576,0,2,1.0
,576,1,0,0.5550439
,576,2,1,0.7928731
,576,3,0,0.55504376
,577,0,0,0.7356973
,577,1,0,0.7527976
,577,2,3,1.0
,577,3,0,0.7527975
,578,0,2,1.0
,578,1,0,0.7564675
,578,2,0,0.8108405
,578,3,0,0.75645363
,579,0,1,0.8825659
,579,1,0,0.5025809
,579,2,2,1.0
,579,3,0,0.5018467
,580,0,2,1.0
,580,1,0,0.7542336
,580,2,0,0.78249377
,580,3,0,0.7064645
,581,0,0,0.78133696
,581,1,0,0.7324723
,581,2,0,0.7576892
,581,3,2,1.0
,582,0,1,0.5713537
,582,1,3,1.0
,582,2,1,0.5111697
,582,3,1,0.8609806
,583,0,2,1.0
,583,1,0,0.8206589
,583,2,0,0.753414
,583,3,0,0.74942166
,584,0,0,0.7259042
,584,1,2,1.0
,584,2,0,0.7562329
,584,3,0,0.7573429
,585,0,2,1.0
,585,1,1,0.85568595
,585,2,1,0.55945086
,585,3,0,0.5014943
,586,0,0,0.781194
,586,1,0,0.6880101
,586,2,2,1.0
,586,3,0,0.7537176
,587,0,1,0.53134185
,587,1,2,1.0
,587,2,1,0.85637397
,587,3,0,0.5006966
,588,0,3,1.0
,588,1,1,0.8613048
,588,2,1,0.58764726
,588,3,1,0.5178388
,589,0,0,0.8535328
,589,1,0,0.70035666
,589,2,2,1.0
,589,3,0,0.75300795
,590,0,0,0.71182936
,590,1,2,1.0
,590,2,0,0.7831754
,590,3,0,0.7581734
,591,0,2,1.0
,591,1,0,0.7258638
,591,2,0,0.75653213
,591,3,0,0.7574023
,592,0,1,0.8556932
,592,1,2,1.0
,592,2,1,0.5594434
,592,3,0,0.50149184
,593,0,0,0.68708235
,593,1,0,0.78156734
,593,2,2,1.0
,593,3,0,0.7534962
,594,0,2,1.0
,594,1,1,0.51731
,594,2,1,0.9579774
,594,3,1,0.5181021
,595,0,1,0.8911956
,595,1,1,0.5109138
,595,2,2,1.0
,595,3,1,0.5128997
,596,0,2,1.0
,596,1,1,0.5115252
,596,2,1,0.8580347
,596,3,1,0.5872722
,597,0,1,0.8909515
,597,1,1,0.5101335
,597,2,1,0.51916265
,597,3,2,1.0
,598,0,2,1.0
,598,1,1,0.5105399
,598,2,1,0.51268965
,598,3,1,0.8911106
,599,0,1,0.8580848
,599,1,1,0.5135483
,599,2,1,0.5873782
,599,3,2,1.0
,600,0,1,0.5218088
,600,1,1,0.58704174
,600,2,2,1.0
,600,3,1,0.8578982
,601,0,1,0.5703786
,601,1,2,1.0
,601,2,1,0.8573838
,601,3,1,0.51837623
,602,0,2,1.0
,602,1,0,0.7826189
,602,2,0,0.7020384
,602,3,0,0.7544268
,603,0,0,0.73883545
,603,1,0,0.7585533
,603,2,2,1.0
,603,3,0,0.7582344
,604,0,2,1.0
,604,1,0,0.75737476
,604,2,0,0.72590363
,604,3,0,0.7574076
,605,0,1,0.88954586
,605,1,1,0.50122964
,605,2,2,1.0
,605,3,0,0.50069827
,606,0,2,1.0
,606,1,1,0.58697987
,606,2,1,0.85801363
,606,3,1,0.5127547
,607,0,1,0.85748833
,607,1,2,1.0
,607,2,1,0.5183929
,607,3,1,0.5701645
,608,0,0,0.68796235
,608,1,0,0.7817328
,608,2,0,0.7534788
,608,3,2,1.0
,609,0,2,1.0
,609,1,1,0.5002385
,609,2,0,0.50058496
,609,3,1,0.8895548
,610,0,1,0.8571642
,610,1,1,0.57012004
,610,2,1,0.5103115
,610,3,2,1.0
,611,0,0,0.74844915
,611,1,2,1.0
,611,2,0,0.6924869
,611,3,0,0.7817753
,612,0,1,0.5597146
,612,1,1,0.8556191
,612,2,2,1.0
,612,3,0,0.5020462
,613,0,2,1.0
,613,1,0,0.70206827
,613,2,0,0.78262645
,613,3,0,0.75412333
,614,0,0,0.7831952
,614,1,2,1.0
,614,2,0,0.7585239
,614,3,0,0.7105846
,615,0,0,0.75803185
,615,1,0,0.7388432
,615,2,0,0.75828516
,615,3,2,1.0
,616,0,0,0.71065336
,616,1,2,1.0
,616,2,0,0.7577282
,616,3,0,0.78321767
,617,0,2,1.0
,617,1,0,0.7831977
,617,2,0,0.710627
,617,3,0,0.75852764
,618,0,0,0.7259163
,618,1,0,0.75770515
,618,2,2,1.0
,618,3,0,0.75742495
,619,0,2,1.0
,619,1,0,0.50250113
,619,2,1,0.88260883
,619,3,0,0.50249404
,620,0,0,0.7380543
,620,1,0,0.754558
,620,2,2,1.0
,620,3,0,0.7545712
,621,0,2,1.0
,621,1,0,0.7562215
,621,2,0,0.7258797
,621,3,0,0.75737673
,622,0,1,0.85521096
,622,1,1,0.55942094
,622,2,2,1.0
,622,3,0,0.50151813
,623,0,0,0.7506631
,623,1,2,1.0
,623,2,0,0.73820955
,623,3,0,0.7547199
,624,0,0,0.7582203
,624,1,0,0.7388631
,624,2,2,1.0
,624,3,0,0.75825274
,625,0,0,0.75830364
,625,1,2,1.0
,625,2,0,0.73883104
,625,3,0,0.75711143
,626,0,0,0.75790167
,626,1,0,0.7829089
,626,2,2,1.0
,626,3,0,0.6527561
,627,0,0,0.75358844
,627,1,0,0.7544287
,627,2,0,0.734691
,627,3,3,1.0
,628,0,0,0.7092049
,628,1,0,0.7570035
,628,2,2,1.0
,628,3,0,0.85389477
,629,0,2,1.0
,629,1,0,0.75796705
,629,2,0,0.6842291
,629,3,0,0.75906694
,630,0,0,0.73455274
,630,1,0,0.75397146
,630,2,3,1.0
,630,3,0,0.75399053
,631,0,2,1.0
,631,1,0,0.7567373
,631,2,0,0.8206553
,631,3,0,0.7572783
,632,0,0,0.78273904
,632,1,0,0.7106643
,632,2,2,1.0
,632,3,0,0.75828075
,633,0,0,0.71094906
,633,1,2,1.0
,633,2,0,0.78270406
,633,3,0,0.7582517
,634,0,2,1.0
,634,1,0,0.78320545
,634,2,0,0.7109536
,634,3,0,0.7582532
,635,0,0,0.7388405
,635,1,0,0.75856286
,635,2,2,1.0
,635,3,0,0.7582802
,636,0,2,1.0
,636,1,0,0.7572183
,636,2,0,0.72505903
,636,3,0,0.75721514
,637,0,1,0.95517015
,637,1,1,0.51662654
,637,2,2,1.0
,637,3,1,0.5166266
,638,0,2,1.0
,638,1,0,0.7542931
,638,2,0,0.73799694
,638,3,0,0.7542931
,639,0,0,0.7388415
,639,1,0,0.7582629
,639,2,2,1.0
,639,3,0,0.7582629
,640,0,2,1.0
,640,1,0,0.7580079
,640,2,0,0.684258
,640,3,0,0.7580079
,641,0,0,0.7345524
,641,1,0,0.75397885
,641,2,3,1.0
,641,3,0,0.75397885
,642,0,2,1.0
,642,1,0,0.7573091
,642,2,0,0.77840555
,642,3,0,0.757309
,643,0,0,0.7342358
,643,1,0,0.75364655
,643,2,3,1.0
,643,3,0,0.75364333
,644,0,2,1.0
,644,1,0,0.7572645
,644,2,0,0.8206586
,644,3,0,0.7569802
,645,0,0,0.7824721
,645,1,0,0.75745827
,645,2,2,1.0
,645,3,0,0.73242265
,646,0,1,0.50998867
,646,1,1,0.5106357
,646,2,1,0.8876341
,646,3,3,1.0
,647,0,0,0.75273263
,647,1,0,0.7532799
,647,2,2,1.0
,647,3,0,0.778443
,648,0,0,0.7052226
,648,1,0,0.75280833
,648,2,0,0.77915645
,648,3,3,1.0
,649,0,2,1.0
,649,1,0,0.69534534
,649,2,0,0.7563509
,649,3,0,0.8533878
,650,0,1,0.8826352
,650,1,2,1.0
,650,2,0,0.5024011
,650,3,0,0.5049002
,651,0,2,1.0
,651,1,0,0.7250838
,651,2,0,0.7536777
,651,3,0,0.75368804
,652,0,1,0.8826338
,652,1,2,1.0
,652,2,0,0.5023387
,652,3,0,0.5013891
,653,0,2,1.0
,653,1,0,0.7803586
,653,2,0,0.7533716
,653,3,0,0.6915753
,654,0,1,0.9437349
,654,1,1,0.5770071
,654,2,1,0.517131
,654,3,2,1.0
,655,0,0,0.7009046
,655,1,2,1.0
,655,2,0,0.75441176
,655,3,0,0.7825885
,656,0,2,1.0
,656,1,0,0.7388385
,656,2,0,0.7582396
,656,3,0,0.7580199
,657,0,0,0.7832196
,657,1,2,1.0
,657,2,0,0.7582694
,657,3,0,0.7106586
,658,0,0,0.75856733
,658,1,0,0.73884815
,658,2,0,0.75829077
,658,3,2,1.0
,659,0,0,0.75776947
,659,1,2,1.0
,659,2,0,0.7583056
,659,3,0,0.73886013
,660,0,0,0.71065557
,660,1,0,0.78321975
,660,2,0,0.7582702
,660,3,2,1.0
,661,0,2,1.0
,661,1,0,0.75857335
,661,2,0,0.758283
,661,3,0,0.738848
,662,0,0,0.7388501
,662,1,0,0.7583002
,662,2,0,0.7576108
,662,3,2,1.0
,663,0,2,1.0
,663,1,0,0.75737727
,663,2,0,0.6968329
,663,3,0,0.7824011
,664,0,1,0.9078526
,664,1,0,0.5016617
,664,2,2,1.0
,664,3,0,0.5022964
,665,0,3,1.0
,665,1,0,0.7524027
,665,2,0,0.73589975
,665,3,0,0.7517243
,666,0,0,0.8533598
,666,1,0,0.75457025
,666,2,2,1.0
,666,3,0,0.6952611
,667,0,0,0.5020398
,667,1,1,0.5765214
,667,2,1,0.85615325
,667,3,2,1.0
,668,0,1,0.5081315
,668,1,2,1.0
,668,2,1,0.51775265
,668,3,1,0.88414264
,669,0,0,0.75349224
,669,1,0,0.78055286
,669,2,0,0.73089695
,669,3,2,1.0
,670,0,1,0.52129966
,670,1,1,0.5811981
,670,2,3,1.0
,670,3,1,0.9452832
,671,0,0,0.751999
,671,1,2,1.0
,671,2,0,0.85339534
,671,3,0,0.68510926
,672,0,0,0.5022675
,672,1,1,0.8826424
,672,2,0,0.5048794
,672,3,2,1.0
,673,0,0,0.7545703
,673,1,2,1.0
,673,2,0,0.75460625
,673,3,0,0.73806256
,674,0,0,0.75772214
,674,1,0,0.73885804
,674,2,0,0.75826186
,674,3,2,1.0
,675,0,0,0.7106499
,675,1,2,1.0
,675,2,0,0.75826186
,675,3,0,0.78271836
,676,0,2,1.0
,676,1,0,0.78319097
,676,2,0,0.75771123
,676,3,0,0.71094763
,677,0,0,0.7832022
,677,1,0,0.7573401
,677,2,0,0.7105987
,677,3,2,1.0
,678,0,0,0.7581702
,678,1,0,0.6527613
,678,2,2,1.0
,678,3,0,0.78237784
,679,0,0,0.75405043
,679,1,3,1.0
,679,2,0,0.7789391
,679,3,0,0.7061655
,680,0,0,0.7548869
,680,1,0,0.85338014
,680,2,0,0.69563395
,680,3,2,1.0
,681,0,1,0.5594981
,681,1,0,0.50392723
,681,2,2,1.0
,681,3,1,0.8552609
,682,0,2,1.0
,682,1,0,0.75378454
,682,2,0,0.7611719
,682,3,0,0.7472377
,683,0,1,0.9452351
,683,1,1,0.5216879
,683,2,3,1.0
,683,3,1,0.64456445
,684,0,0,0.74466026
,684,1,0,0.7496296
,684,2,0,0.8206559
,684,3,3,1.0
,685,0,0,0.75600433
,685,1,0,0.757257
,685,2,2,1.0
,685,3,0,0.8206368
,686,0,0,0.6527725
,686,1,0,0.75791556
,686,2,0,0.7829312
,686,3,2,1.0
,687,0,3,1.0
,687,1,0,0.753589
,687,2,0,0.75442904
,687,3,0,0.73469126
,688,0,0,0.85352516
,688,1,0,0.70922524
,688,2,0,0.75700176
,688,3,2,1.0
,689,0,0,0.711809
,689,1,2,1.0
,689,2,0,0.7582295
,689,3,0,0.78209215
,690,0,2,1.0
,690,1,0,0.78289455
,690,2,0,0.75789046
,690,3,0,0.6530833
,691,0,0,0.73471266
,691,1,0,0.7544301
,691,2,0,0.75413555
,691,3,3,1.0
,692,0,2,1.0
,692,1,0,0.75726575
,692,2,0,0.7569054
,692,3,0,0.8206548
,693,0,0,0.78269875
,693,1,0,0.7565634
,693,2,0,0.7251318
,693,3,2,1.0
,694,0,0,0.518371
,694,1,1,0.5434914
,694,2,3,1.0
,694,3,1,0.7019923
,695,0,0,0.7525501
,695,1,2,1.0
,695,2,0,0.85259974
,695,3,0,0.6883929
,696,0,0,0.5013129
,696,1,1,0.85561335
,696,2,1,0.5570624
,696,3,2,1.0
,697,0,0,0.7546636
,697,1,0,0.70207566
,697,2,2,1.0
,697,3,0,0.7826296
,698,0,0,0.7582372
,698,1,2,1.0
,698,2,0,0.7388349
,698,3,0,0.7585409
,699,0,0,0.75742036
,699,1,0,0.72588164
,699,2,2,1.0
,699,3,0,0.7562689
,700,0,0,0.5015193
,700,1,2,1.0
,700,2,1,0.85521096
,700,3,1,0.5594197
,701,0,0,0.7547181
,701,1,0,0.7382031
,701,2,0,0.750661
,701,3,2,1.0
,702,0,0,0.75795424
,702,1,2,1.0
,702,2,0,0.75790834
,702,3,0,0.7284133
,703,0,0,0.5558957
,703,1,1,0.74554926
,703,2,0,0.55590284
,703,3,2,1.0
,704,0,0,0.75480795
,704,1,2,1.0
,704,2,0,0.7553518
,704,3,0,0.73821944
,705,0,0,0.7106111
,705,1,0,0.78271693
,705,2,0,0.7582333
,705,3,2,1.0
,706,0,2,1.0
,706,1,0,0.7109486
,706,2,0,0.758251
,706,3,0,0.78270406
,707,0,0,0.7827042
,707,1,2,1.0
,707,2,0,0.75825137
,707,3,0,0.71094865
,708,0,0,0.7109534
,708,1,0,0.78319985
,708,2,0,0.7582534
,708,3,2,1.0
,709,0,2,1.0
,709,1,0,0.75803214
,709,2,0,0.75828844
,709,3,0,0.73884356
,710,0,0,0.78321964
,710,1,0,0.7106588
,710,2,0,0.75826967
,710,3,2,1.0
,711,0,0,0.75856483
,711,1,2,1.0
,711,2,0,0.7582557
,711,3,0,0.73883873
,712,0,0,0.75735605
,712,1,0,0.72576916
,712,2,0,0.75501454
,712,3,2,1.0
,713,0,1,0.50226206
,713,1,2,1.0
,713,2,1,0.62524295
,713,3,1,0.85619223
,714,0,0,0.6448275
,714,1,0,0.7788268
,714,2,3,1.0
,714,3,0,0.74663705
,715,0,3,1.0
,715,1,0,0.7037739
,715,2,0,0.8539414
,715,3,0,0.7518019
,716,0,0,0.8206556
,716,1,2,1.0
,716,2,0,0.758385
,716,3,0,0.75667995
,717,0,2,1.0
,717,1,0,0.78273886
,717,2,0,0.75829315
,717,3,0,0.7106634
,718,0,0,0.78270406
,718,1,0,0.71094906
,718,2,0,0.7582517
,718,3,2,1.0
,719,0,0,0.71094435
,719,1,2,1.0
,719,2,0,0.75824
,719,3,0,0.78319335
,720,0,2,1.0
,720,1,0,0.7258611
,720,2,0,0.7569406
,720,3,0,0.75722444
,721,0,1,0.8669221
,721,1,2,1.0
,721,2,1,0.52295685
,721,3,1,0.5229495
,722,0,0,1.0
,722,1,0,1.0
,722,2,2,0.5094453
,722,3,0,1.0
,723,0,0,0.7604132
,723,1,0,0.7604132
,723,2,0,0.8171817
,723,3,2,1.0
,724,0,0,0.76231474
,724,1,0,0.76231474
,724,2,0,0.7159091
,724,3,2,1.0
,725,0,0,0.7583434
,725,1,0,0.75834334
,725,2,2,1.0
,725,3,0,0.73885477
,726,0,0,0.7574169
,726,1,0,0.7574169
,726,2,0,0.7259322
,726,3,2,1.0
,727,0,0,0.5012722
,727,1,0,0.5012722
,727,2,2,1.0
,727,3,1,0.87127554
,728,0,1,0.5150154
,728,1,1,0.5150154
,728,2,1,0.8867681
,728,3,3,1.0
,729,0,0,0.75322187
,729,1,0,0.75322187
,729,2,2,1.0
,729,3,0,0.82066673
,730,0,0,0.7582641
,730,1,0,0.7582641
,730,2,0,0.73887795
,730,3,2,1.0
,731,0,0,0.75740993
,731,1,0,0.75741076
,731,2,2,1.0
,731,3,0,0.7259071
,732,0,0,0.50080174
,732,1,0,0.50084436
,732,2,1,0.8895035
,732,3,2,1.0
,733,0,1,0.5108088
,733,1,1,0.5091669
,733,2,2,1.0
,733,3,1,0.9090502
,734,0,0,0.6456683
,734,1,0,0.7516256
,734,2,0,0.7801571
,734,3,3,1.0
,735,0,3,1.0
,735,1,0,0.75238603
,735,2,0,0.75271446
,735,3,0,0.8206605
,736,0,0,0.820655
,736,1,0,0.75728846
,736,2,0,0.7567511
,736,3,2,1.0
,737,0,2,1.0
,737,1,0,0.7582851
,737,2,0,0.7106465
,737,3,0,0.78323674
,738,0,0,0.68426174
,738,1,0,0.7579879
,738,2,2,1.0
,738,3,0,0.7577172
,739,0,3,1.0
,739,1,0,0.75390804
,739,2,0,0.77944887
,739,3,0,0.7056961
,740,0,0,0.7784295
,740,1,0,0.75727886
,740,2,0,0.7570198
,740,3,2,1.0
,741,0,3,1.0
,741,1,0,0.75301874
,741,2,0,0.70529664
,741,3,0,0.7791635
,742,0,0,0.8538929
,742,1,0,0.70918876
,742,2,2,1.0
,742,3,0,0.75671667
,743,0,0,0.7593283
,743,1,2,1.0
,743,2,0,0.783198
,743,3,0,0.7106141
,744,0,0,0.75830257
,744,1,0,0.738848
,744,2,0,0.7585669
,744,3,2,1.0
,745,0,0,0.75829965
,745,1,2,1.0
,745,2,0,0.7577694
,745,3,0,0.7388599
,746,0,0,0.7577286
,746,1,0,0.7832178
,746,2,0,0.7106501
,746,3,2,1.0
,747,0,0,0.710631
,747,1,0,0.75853366
,747,2,2,1.0
,747,3,0,0.7827036
,748,0,2,1.0
,748,1,0,0.75825626
,748,2,0,0.7832053
,748,3,0,0.71095335
,749,0,0,0.73884016
,749,1,0,0.7582827
,749,2,0,0.7585655
,749,3,2,1.0
,750,0,2,1.0
,750,1,0,0.7574292
,750,2,0,0.75743234
,750,3,0,0.72589564
,751,0,1,0.9078341
,751,1,0,0.50172615
,751,2,0,0.50172627
,751,3,2,1.0
,752,0,3,1.0
,752,1,0,0.7524335
,752,2,0,0.7524335
,752,3,0,0.7359356
,753,0,0,0.82065696
,753,1,0,0.75726885
,753,2,0,0.7572687
,753,3,2,1.0
,754,0,2,1.0
,754,1,0,0.75832254
,754,2,0,0.7583224
,754,3,0,0.7388669
,755,0,0,0.68425816
,755,1,0,0.75800854
,755,2,0,0.75800866
,755,3,2,1.0
,756,0,3,1.0
,756,1,0,0.7539721
,756,2,0,0.75397843
,756,3,0,0.7345528
,757,0,0,0.8206553
,757,1,0,0.7567371
,757,2,0,0.7572783
,757,3,2,1.0
,758,0,2,1.0
,758,1,0,0.7106464
,758,2,0,0.7582848
,758,3,0,0.7832425
,759,0,0,0.6842406
,759,1,2,1.0
,759,2,0,0.7579902
,759,3,0,0.7582671
,760,0,3,1.0
,760,1,0,0.73452944
,760,2,0,0.75397444
,760,3,0,0.75342757
,761,0,0,0.85308295
,761,1,2,1.0
,761,2,0,0.75699186
,761,3,0,0.70919544
,762,0,0,0.654093
,762,1,0,0.78288716
,762,2,0,0.7573137
,762,3,2,0.9999999
,763,0,3,1.0
,763,1,0,0.754358
,763,2,0,0.7058721
,763,3,0,0.7795878
,764,0,0,0.8206555
,764,1,0,0.7572626
,764,2,2,1.0
,764,3,0,0.7570097
,765,0,2,1.0
,765,1,0,0.7582805
,765,2,0,0.782739
,765,3,0,0.71066767
,766,0,0,0.7827042
,766,1,0,0.7582517
,766,2,0,0.7109492
,766,3,2,1.0
,767,0,0,0.7109534
,767,1,0,0.7582533
,767,2,2,1.0
,767,3,0,0.78319985
,768,0,2,1.0
,768,1,0,0.75828844
,768,2,0,0.73884356
,768,3,0,0.75803214
,769,0,0,0.78271836
,769,1,0,0.7582682
,769,2,2,1.0
,769,3,0,0.71065396
,770,0,0,0.7109535
,770,1,0,0.7582534
,770,2,0,0.78319985
,770,3,2,1.0
,771,0,2,1.0
,771,1,0,0.7582883
,771,2,0,0.75803196
,771,3,0,0.7388434
,772,0,0,0.78257436
,772,1,0,0.7582596
,772,2,0,0.7106431
,772,3,2,1.0
,773,0,0,0.6971246
,773,1,0,0.75735235
,773,2,2,1.0
,773,3,0,0.7813092
,774,0,2,1.0
,774,1,0,0.5014433
,774,2,1,0.8552566
,774,3,1,0.55886006
,775,0,0,0.7251431
,775,1,0,0.7537679
,775,2,0,0.7482242
,775,3,2,1.0
,776,0,2,1.0
,776,1,1,0.50053775
,776,2,1,0.57672155
,776,3,1,0.85692644
,777,0,1,0.8570107
,777,1,1,0.50906295
,777,2,2,1.0
,777,3,1,0.5788325
,778,0,0,0.74855185
,778,1,0,0.7537161
,778,2,0,0.758733
,778,3,2,1.0
,779,0,1,0.57242465
,779,1,1,0.5115094
,779,2,3,1.0
,779,3,1,0.8610859
,780,0,2,1.0
,780,1,0,0.7534324
,780,2,0,0.82064945
,780,3,0,0.74942327
,781,0,0,0.6843075
,781,1,0,0.7579746
,781,2,2,1.0
,781,3,0,0.75737464
,782,0,3,1.0
,782,1,0,0.75390804
,782,2,0,0.7794548
,782,3,0,0.705692
,783,0,0,0.77841085
,783,1,0,0.75728786
,783,2,0,0.7575649
,783,3,2,1.0
,784,0,3,1.0
,784,1,0,0.7536365
,784,2,0,0.7524231
,784,3,0,0.7341718
,785,0,0,0.85354364
,785,1,0,0.7565351
,785,2,0,0.6510887
,785,3,2,1.0
,786,0,0,0.7071003
,786,1,0,0.7540512
,786,2,3,1.0
,786,3,0,0.7790839
,787,0,2,1.0
,787,1,0,0.75696623
,787,2,0,0.8536957
,787,3,0,0.70953286
,788,0,0,0.78019214
,788,1,0,0.7573764
,788,2,0,0.73395026
,788,3,2,1.0
,789,0,1,0.6351653
,789,1,1,0.51227355
,789,2,3,1.0
,789,3,1,0.8614683
,790,0,3,1.0
,790,1,0,0.7497265
,790,2,0,0.8206565
,790,3,0,0.74564075
,791,0,0,0.82065666
,791,1,0,0.7572629
,791,2,2,1.0
,791,3,0,0.75721014
,792,0,2,1.0
,792,1,0,0.7583179
,792,2,0,0.73888355
,792,3,0,0.75777805
,793,0,0,0.78321975
,793,1,0,0.75827056
,793,2,2,1.0
,793,3,0,0.71065575
,794,0,0,0.7585673
,794,1,0,0.75829077
,794,2,0,0.73884815
,794,3,2,1.0
,795,0,0,0.75776947
,795,1,0,0.7583057
,795,2,2,1.0
,795,3,0,0.73885995
,796,0,0,0.71065056
,796,1,0,0.7582685
,796,2,0,0.78271824
,796,3,2,1.0
,797,0,2,1.0
,797,1,0,0.7582515
,797,2,0,0.71094865
,797,3,0,0.78270406
,798,0,0,0.7827042
,798,1,0,0.7582515
,798,2,2,1.0
,798,3,0,0.7109486
,799,0,0,0.7109486
,799,1,0,0.75825137
,799,2,0,0.78270423
,799,3,2,1.0
,800,0,2,1.0
,800,1,0,0.75825137
,800,2,0,0.71094847
,800,3,0,0.7827042
,801,0,0,0.7827039
,801,1,0,0.7582515
,801,2,2,1.0
,801,3,0,0.71094865
,802,0,0,0.7109306
,802,1,0,0.7582556
,802,2,0,0.7832077
,802,3,2,1.0
,803,0,2,1.0
,803,1,0,0.7579949
,803,2,0,0.75827163
,803,3,0,0.6844727
,804,0,0,0.6800351
,804,1,0,0.75339484
,804,2,0,0.75282973
,804,3,3,1.0
,805,0,3,1.0
,805,1,0,0.75165343
,805,2,0,0.7031755
,805,3,0,0.8539376
,806,0,0,0.8108408
,806,1,0,0.7564161
,806,2,2,1.0
,806,3,0,0.75757056
,807,0,2,1.0
,807,1,0,0.50258416
,807,2,1,0.8825659
,807,3,0,0.5018755
,808,0,0,0.78200144
,808,1,0,0.75452805
,808,2,2,1.0
,808,3,0,0.70645875
,809,0,0,0.7109402
,809,1,0,0.7582072
,809,2,0,0.7831965
,809,3,2,1.0
,810,0,2,1.0
,810,1,0,0.75828797
,810,2,0,0.75803214
,810,3,0,0.73884356
,811,0,0,0.78321964
,811,1,0,0.7582701
,811,2,0,0.71065885
,811,3,2,1.0
,812,0,0,0.7585734
,812,1,0,0.75829077
,812,2,2,1.0
,812,3,0,0.7388483
,813,0,0,0.75831115
,813,1,0,0.758308
,813,2,0,0.7388649
,813,3,2,1.0
,814,0,0,0.75830835
,814,1,0,0.75830823
,814,2,2,1.0
,814,3,0,0.7388649
,815,0,0,0.7583105
,815,1,0,0.7583105
,815,2,0,0.73884356
,815,3,2,1.0
,816,0,0,0.7580084
,816,1,0,0.7580084
,816,2,2,1.0
,816,3,0,0.68425804
,817,0,0,0.75397843
,817,1,0,0.75397843
,817,2,0,0.73455316
,817,3,3,1.0
,818,0,0,0.75728095
,818,1,0,0.75728095
,818,2,2,1.0
,818,3,0,0.8206571
,819,0,0,0.7583203
,819,1,0,0.7583203
,819,2,0,0.7388883
,819,3,2,1.0
,820,0,0,0.75830823
,820,1,0,0.7583023
,820,2,2,1.0
,820,3,0,0.7388649
,821,0,0,0.7582925
,821,1,0,0.75776625
,821,2,0,0.7388596
,821,3,2,1.0
,822,0,0,0.7570737
,822,1,0,0.7106186
,822,2,2,1.0
,822,3,0,0.78321683
,823,0,0,0.65273285
,823,1,2,1.0
,823,2,0,0.78288716
,823,3,0,0.75817245
,824,0,3,1.0
,824,1,0,0.734691
,824,2,0,0.75387883
,824,3,0,0.7541413
,825,0,0,0.8530828
,825,1,2,1.0
,825,2,0,0.70920205
,825,3,0,0.75700057
,826,0,0,0.6540693
,826,1,0,0.782889
,826,2,2,1.0
,826,3,0,0.75787
,827,0,3,1.0
,827,1,0,0.75442713
,827,2,0,0.7347092
,827,3,0,0.75412285
,828,0,0,0.820637
,828,1,0,0.7572817
,828,2,2,1.0
,828,3,0,0.7560828
,829,0,2,1.0
,829,1,0,0.7579203
,829,2,0,0.78241616
,829,3,0,0.6527971
,830,0,0,0.77908695
,830,1,0,0.7540709
,830,2,0,0.70618033
,830,3,3,1.0
,831,0,0,0.70953083
,831,1,0,0.7569768
,831,2,2,1.0
,831,3,0,0.8538886
,832,0,2,1.0
,832,1,0,0.7582601
,832,2,0,0.73883563
,832,3,0,0.7588263
,833,0,0,0.78321767
,833,1,0,0.7577279
,833,2,2,1.0
,833,3,0,0.71066326
,834,0,0,0.75853366
,834,1,0,0.71063083
,834,2,0,0.7827035
,834,3,2,1.0
,835,0,0,0.75825447
,835,1,2,1.0
,835,2,0,0.71094847
,835,3,0,0.782704
,836,0,0,0.7582533
,836,1,0,0.78319985
,836,2,2,1.0
,836,3,0,0.7109534
,837,0,0,0.75828844
,837,1,0,0.75803214
,837,2,0,0.73884356
,837,3,2,1.0
,838,0,0,0.7582682
,838,1,0,0.71065396
,838,2,2,1.0
,838,3,0,0.78271836
,839,0,0,0.7582531
,839,1,2,1.0
,839,2,0,0.7832053
,839,3,0,0.7109536
,840,0,0,0.75826967
,840,1,0,0.7388397
,840,2,0,0.7585653
,840,3,2,1.0
,841,0,0,0.7562656
,841,1,2,1.0
,841,2,0,0.7574239
,841,3,0,0.7258813
,842,0,1,0.5594325
,842,1,1,0.8555798
,842,2,0,0.50150084
,842,3,2,1.0
,843,0,2,1.0
,843,1,0,0.7020583
,843,2,0,0.7539498
,843,3,0,0.78261626
,844,0,0,0.78218305
,844,1,2,1.0
,844,2,0,0.69587314
,844,3,0,0.7574168
,845,0,1,0.5159996
,845,1,1,0.9551788
,845,2,2,1.0
,845,3,1,0.5166715
,846,0,0,0.7533776
,846,1,2,1.0
,846,2,0,0.7249617
,846,3,0,0.7522014
,847,0,0,0.5013961
,847,1,1,0.8552196
,847,2,2,1.0
,847,3,1,0.5595758
,848,0,0,0.7543677
,848,1,0,0.75029653
,848,2,0,0.68347794
,848,3,2,1.0
,849,0,0,0.75393295
,849,1,0,0.75333565
,849,2,3,1.0
,849,3,0,0.73453015
,850,0,0,0.75699526
,850,1,0,0.70922166
,850,2,0,0.85352534
,850,3,2,1.0
,851,0,0,0.7582167
,851,1,2,1.0
,851,2,0,0.71183914
,851,3,0,0.78269774
,852,0,0,0.75705665
,852,1,0,0.78320295
,852,2,2,1.0
,852,3,0,0.7109169
,853,0,0,0.6527328
,853,1,0,0.75817245
,853,2,0,0.78288734
,853,3,2,1.0
,854,0,3,1.0
,854,1,0,0.7541413
,854,2,0,0.7538792
,854,3,0,0.7346912
,855,0,0,0.85352534
,855,1,0,0.75699836
,855,2,0,0.7092293
,855,3,2,1.0
,856,0,0,0.71183956
,856,1,0,0.75823015
,856,2,2,1.0
,856,3,0,0.782698
,857,0,2,1.0
,857,1,0,0.7582515
,857,2,0,0.7827044
,857,3,0,0.71094877
,858,0,0,0.7827039
,858,1,0,0.7582515
,858,2,0,0.71094835
,858,3,2,1.0
,859,0,0,0.710918
,859,1,0,0.75825065
,859,2,2,1.0
,859,3,0,0.7820983
,860,0,2,1.0
,860,1,0,0.75789046
,860,2,0,0.78289425
,860,3,0,0.6530831
,861,0,0,0.73471284
,861,1,0,0.75413984
,861,2,0,0.7544303
,861,3,3,1.0
,862,0,2,1.0
,862,1,0,0.75727504
,862,2,0,0.75727797
,862,3,0,0.8206512
,863,0,0,0.7259312
,863,1,0,0.757418
,863,2,0,0.7573801
,863,3,2,1.0
,864,0,2,1.0
,864,1,0,0.5005448
,864,2,1,0.5014517
,864,3,1,0.88986915
,865,0,1,0.94439584
,865,1,1,0.52653885
,865,2,1,0.60177815
,865,3,2,1.0
,866,0,1,0.52152973
,866,1,1,0.51071775
,866,2,2,1.0
,866,3,1,0.8910287
,867,0,1,0.50978154
,867,1,1,0.51024956
,867,2,1,0.90914875
,867,3,2,1.0
,868,0,0,0.7522236
,868,1,0,0.7037916
,868,2,3,1.0
,868,3,0,0.7801603
,869,0,0,0.7569586
,869,1,2,1.0
,869,2,0,0.8535256
,869,3,0,0.70954555
,870,0,0,0.758207
,870,1,0,0.78319186
,870,2,0,0.711835
,870,3,2,1.0
,871,0,0,0.7559254
,871,1,0,0.75765204
,871,2,2,1.0
,871,3,0,0.7258222
,872,0,1,0.57647383
,872,1,1,0.5004333
,872,2,1,0.8561714
,872,3,2,1.0
,873,0,2,1.0
,873,1,1,0.5100035
,873,2,1,0.52081966
,873,3,1,0.89128286
,874,0,1,0.94408286
,874,1,1,0.5255035
,874,2,1,0.58611107
,874,3,2,1.0
,875,0,0,0.7495998
,875,1,0,0.75315887
,875,2,2,1.0
,875,3,0,0.73813
,876,0,0,0.75781256
,876,1,0,0.65293807
,876,2,0,0.7829062
,876,3,2,1.0
,877,0,0,0.7535691
,877,1,3,1.0
,877,2,0,0.7532938
,877,3,0,0.68022746
,878,0,0,0.7516641
,878,1,0,0.8539431
,878,2,0,0.7031864
,878,3,3,1.0
,879,0,0,0.7572135
,879,1,0,0.75838506
,879,2,2,1.0
,879,3,0,0.82066655
,880,0,0,0.7579553
,880,1,0,0.7584954
,880,2,0,0.7833989
,880,3,2,1.0
,881,0,0,0.71514547
,881,1,0,0.7622968
,881,2,0,0.7613941
,881,3,2,1.0
,882,0,2,1.0
,882,1,0,0.75794905
,882,2,0,0.6528368
,882,3,0,0.7823919
,883,0,0,0.7790866
,883,1,0,0.7540647
,883,2,3,1.0
,883,3,0,0.7061794
,884,0,0,0.70952463
,884,1,0,0.7564323
,884,2,0,0.85389274
,884,3,2,1.0
,885,0,2,1.0
,885,1,0,0.7105945
,885,2,0,0.75930136
,885,3,0,0.7825523
,886,0,0,0.7823465
,886,1,2,1.0
,886,2,0,0.75588375
,886,3,0,0.6970765
,887,0,0,0.5001013
,887,1,1,0.8571654
,887,2,1,0.5766283
,887,3,2,1.0
,888,0,1,0.5108694
,888,1,1,0.5956265
,888,2,2,1.0
,888,3,1,0.858633
,889,0,1,0.50942016
,889,1,2,1.0
,889,2,1,0.8570339
,889,3,1,0.57894635
,890,0,0,0.75252587
,890,1,0,0.75873524
,890,2,0,0.7497488
,890,3,2,1.0
,891,0,1,0.57237375
,891,1,3,1.0
,891,2,1,0.5116473
,891,3,1,0.8615453
,892,0,2,1.0
,892,1,0,0.8533876
,892,2,0,0.7509415
,892,3,0,0.6861828
,893,0,1,0.8552542
,893,1,0,0.50391227
,893,2,1,0.55963606
,893,3,2,1.0
,894,0,0,0.7499492
,894,1,0,0.7547218
,894,2,2,1.0
,894,3,0,0.7381932
,895,0,0,0.69671446
,895,1,0,0.7561703
,895,2,0,0.7823923
,895,3,2,1.0
,896,0,2,1.0
,896,1,1,0.5595503
,896,2,0,0.50208104
,896,3,1,0.85605466
,897,0,0,0.7822561
,897,1,2,1.0
,897,2,0,0.7542296
,897,3,0,0.6432043
,898,0,0,0.7544425
,898,1,0,0.73474485
,898,2,0,0.75413084
,898,3,3,1.0
,899,0,0,0.7560865
,899,1,2,1.0
,899,2,0,0.7572787
,899,3,0,0.820637
,900,0,0,0.6527973
,900,1,0,0.78241616
,900,2,0,0.75792027
,900,3,2,1.0
,901,0,3,1.0
,901,1,0,0.7061802
,901,2,0,0.754071
,901,3,0,0.7790867
,902,0,0,0.853895
,902,1,2,1.0
,902,2,0,0.75697887
,902,3,0,0.70950776
,903,0,0,0.75906706
,903,1,0,0.68423146
,903,2,0,0.75796074
,903,3,2,1.0
,904,0,0,0.7539806
,904,1,3,1.0
,904,2,0,0.7534242
,904,3,0,0.73452926
,905,0,0,0.7564514
,905,1,0,0.85389274
,905,2,0,0.70921946
,905,3,2,1.0
,906,0,0,0.71061057
,906,1,0,0.7593284
,906,2,2,1.0
,906,3,0,0.7831925
,907,0,2,1.0
,907,1,0,0.75830036
,907,2,0,0.7388434
,907,3,0,0.7580318
,908,0,0,0.78321403
,908,1,0,0.7582702
,908,2,2,1.0
,908,3,0,0.7106586
,909,0,0,0.75803214
,909,1,0,0.75828844
,909,2,0,0.73884356
,909,3,2,1.0
,910,0,0,0.71064913
,910,1,0,0.7582594
,910,2,2,1.0
,910,3,0,0.7831845
,911,0,2,1.0
,911,1,0,0.75716984
,911,2,0,0.72497725
,911,3,0,0.75504667
,912,0,1,0.9438148
,912,1,1,0.51765966
,912,2,2,1.0
,912,3,1,0.6413827
,913,0,0,0.7458402
,913,1,0,0.75133926
,913,2,0,0.7350777
,913,3,3,1.0
,914,0,0,0.70912915
,914,1,0,0.75696856
,914,2,2,1.0
,914,3,0,0.85352534
,915,0,2,1.0
,915,1,0,0.7582316
,915,2,0,0.7831993
,915,3,0,0.71184456
,916,0,0,0.73884004
,916,1,0,0.7582827
,916,2,0,0.7585526
,916,3,2,1.0
,917,0,2,1.0
,917,1,0,0.7574206
,917,2,0,0.7562688
,917,3,0,0.7258816
,918,0,1,0.8552197
,918,1,0,0.5015016
,918,2,1,0.559433
,918,3,2,1.0
,919,0,0,0.74943805
,919,1,0,0.75352484
,919,2,2,1.0
,919,3,0,0.72408396
,920,0,1,0.52379
,920,1,1,0.52294374
,920,2,1,0.98356247
,920,3,2,1.0
,921,0,0,0.7059937
,921,1,0,0.7541413
,921,2,2,1.0
,921,3,0,0.7813131
,922,0,2,1.0
,922,1,0,0.757839
,922,2,0,0.78288996
,922,3,0,0.6530666
,923,0,0,0.7347088
,923,1,0,0.75412655
,923,2,0,0.75440025
,923,3,3,1.0
,924,0,2,1.0
,924,1,0,0.7561455
,924,2,0,0.7546517
,924,3,0,0.8099299
,925,0,1,0.97933054
,925,1,1,0.5245682
,925,2,1,0.6007134
,925,3,2,1.0
,926,0,1,0.57674897
,926,1,1,0.53213537
,926,2,2,1.0
,926,3,1,0.979312
,927,0,3,1.0
,927,1,1,0.51807284
,927,2,1,0.8875888
,927,3,1,0.53053325
,928,0,0,0.8538913
,928,1,0,0.7528282
,928,2,2,1.0
,928,3,0,0.7044078
,929,0,0,0.75784665
,929,1,0,0.75731695
,929,2,0,0.72588354
,929,3,2,1.0
,930,0,1,0.5318508
,930,1,0,0.50088125
,930,2,2,1.0
,930,3,1,0.85633147
,931,0,3,1.0
,931,1,1,0.5178415
,931,2,1,0.8611369
,931,3,1,0.58762914
,932,0,0,0.85165507
,932,1,0,0.7522021
,932,2,0,0.7230579
,932,3,2,1.0
,933,0,1,0.63282394
,933,1,1,0.5123404
,933,2,3,1.0
,933,3,1,0.86223125
,934,0,3,1.0
,934,1,0,0.7483252
,934,2,0,0.85359335
,934,3,0,0.6368249
,935,0,0,0.85393786
,935,1,0,0.75112516
,935,2,0,0.7047332
,935,3,3,1.0
,936,0,0,0.7571641
,936,1,0,0.6952225
,936,2,2,1.0
,936,3,0,0.85241175
,937,0,0,0.5003263
,937,1,2,1.0
,937,2,1,0.85577244
,937,3,1,0.57129884
,938,0,0,0.5393212
,938,1,1,0.7467376
,938,2,0,0.5307595
,938,3,2,1.0
,939,0,0,0.7551349
,939,1,2,1.0
,939,2,0,0.75450116
,939,3,0,0.73819965
,940,0,0,0.7575358
,940,1,0,0.7832084
,940,2,0,0.7105962
,940,3,2,1.0
,941,0,0,0.6968522
,941,1,0,0.75765294
,941,2,2,1.0
,941,3,0,0.78239536
,942,0,2,1.0
,942,1,0,0.5024226
,942,2,1,0.88263977
,942,3,0,0.50305986
,943,0,0,0.7250853
,943,1,0,0.75367856
,943,2,2,1.0
,943,3,0,0.75368583
,944,0,2,1.0
,944,1,0,0.5023672
,944,2,1,0.88262147
,944,3,0,0.50236714
,945,0,0,0.7250842
,945,1,0,0.7536776
,945,2,2,1.0
,945,3,0,0.75365967
,946,0,2,1.0
,946,1,0,0.5023425
,946,2,1,0.88263386
,946,3,0,0.50140274
,947,0,0,0.78058124
,947,1,0,0.7535896
,947,2,2,1.0
,947,3,0,0.69247705
,948,0,1,0.5588864
,948,1,0,0.5013363
,948,2,1,0.8552499
,948,3,2,1.0
,949,0,2,1.0
,949,1,0,0.75470746
,949,2,0,0.7506383
,949,3,0,0.73820114
,950,0,0,0.7250343
,950,1,0,0.75716233
,950,2,0,0.75593746
,950,3,2,1.0
,951,0,2,1.0
,951,1,1,0.5170017
,951,2,1,0.57760197
,951,3,1,0.9435672
,952,0,0,0.73817116
,952,1,0,0.75446975
,952,2,2,1.0
,952,3,0,0.74961716
,953,0,2,1.0
,953,1,0,0.7582657
,953,2,0,0.738842
,953,3,0,0.7582044
,954,0,0,0.6842817
,954,1,0,0.7580056
,954,2,2,1.0
,954,3,0,0.7574507
,955,0,3,1.0
,955,1,0,0.7538992
,955,2,0,0.7794463
,955,3,0,0.705689
,956,0,0,0.8108403
,956,1,0,0.7564546
,956,2,0,0.7567284
,956,3,2,1.0
,957,0,2,1.0
,957,1,0,0.5025615
,957,2,0,0.50161886
,957,3,1,0.88257515
,958,0,0,0.7803586
,958,1,0,0.7533742
,958,2,0,0.6915786
,958,3,2,1.0
,959,0,1,0.57702225
,959,1,1,0.51714283
,959,2,2,1.0
,959,3,1,0.9437805
,960,0,2,1.0
,960,1,0,0.7534386
,960,2,0,0.7803717
,960,3,0,0.6867238
,961,0,1,0.8569601
,961,1,1,0.50061905
,961,2,1,0.57598585
,961,3,2,1.0
,962,0,1,0.57886463
,962,1,1,0.5090741
,962,2,2,1.0
,962,3,1,0.8574706
,963,0,2,1.0
,963,1,0,0.75337464
,963,2,0,0.78047276
,963,3,0,0.68702394
,964,0,1,0.9435817
,964,1,1,0.5171482
,964,2,1,0.57699233
,964,3,2,1.0
,965,0,0,0.748631
,965,1,0,0.75352615
,965,2,2,1.0
,965,3,0,0.76104546
,966,0,1,0.5230298
,966,1,1,0.52124506
,966,2,1,0.96620756
,966,3,3,1.0
,967,0,0,0.6431771
,967,1,0,0.7495883
,967,2,3,1.0
,967,3,0,0.8539566
,968,0,3,1.0
,968,1,0,0.75235325
,968,2,0,0.82064766
,968,3,0,0.75302726
,969,0,0,0.85389215
,969,1,0,0.75700665
,969,2,2,1.0
,969,3,0,0.70925343
,970,0,0,0.75935847
,970,1,0,0.7582685
,970,2,0,0.7388404
,970,3,2,1.0
,971,0,0,0.7576227
,971,1,0,0.7582835
,971,2,2,1.0
,971,3,0,0.73884976
,972,0,0,0.696817
,972,1,0,0.756213
,972,2,0,0.7823932
,972,3,2,1.0
,973,0,2,1.0
,973,1,1,0.5595144
,973,2,0,0.50205487
,973,3,1,0.8557155
,974,0,0,0.78174764
,974,1,2,1.0
,974,2,0,0.7522405
,974,3,0,0.6879253
,975,0,0,0.50008774
,975,1,1,0.85696006
,975,2,1,0.5766928
,975,3,2,1.0
,976,0,1,0.51000357
,976,1,1,0.5788774
,976,2,2,1.0
,976,3,1,0.8570101
,977,0,0,0.69248897
,977,1,2,1.0
,977,2,0,0.78070134
,977,3,0,0.74961513
,978,0,2,1.0
,978,1,1,0.85526335
,978,2,1,0.5589055
,978,3,0,0.50047827
,979,0,0,0.7826197
,979,1,0,0.7498841
,979,2,2,1.0
,979,3,0,0.7066008
,980,0,0,0.75729215
,980,1,0,0.6954133
,980,2,0,0.78069514
,980,3,2,1.0
,981,0,1,0.52615625
,981,1,2,1.0
,981,2,1,0.60078126
,981,3,1,0.99238557
,982,0,1,0.5109111
,982,1,1,0.8911346
,982,2,2,1.0
,982,3,1,0.526203
,983,0,1,0.5122485
,983,1,2,1.0
,983,2,1,0.8579782
,983,3,1,0.635966
,984,0,0,0.7028396
,984,1,0,0.7799491
,984,2,0,0.74733436
,984,3,3,1.0
,985,0,2,1.0
,985,1,0,0.7575546
,985,2,0,0.756642
,985,3,0,0.8206554
,986,0,0,0.78273904
,986,1,0,0.75828373
,986,2,0,0.7106631
,986,3,2,1.0
,987,0,0,0.7109538
,987,1,0,0.7582475
,987,2,2,1.0
,987,3,0,0.78320545
,988,0,2,1.0
,988,1,0,0.7577489
,988,2,0,0.73884356
,988,3,0,0.7585709
,989,0,0,0.7832119
,989,1,0,0.71064556
,989,2,2,1.0
,989,3,0,0.7582484
,990,0,0,0.75764763
,990,1,2,1.0
,990,2,0,0.7258226
,990,3,0,0.7559082
,991,0,1,0.5006482
,991,1,1,0.85704434
,991,2,2,1.0
,991,3,1,0.5773754
,992,0,1,0.5251236
,992,1,1,0.5946487
,992,2,1,0.9440387
,992,3,2,1.0
,993,0,0,0.75382024
,993,1,2,1.0
,993,2,0,0.74959975
,993,3,0,0.7381573
,994,0,0,0.7106037
,994,1,0,0.78321844
,994,2,0,0.75817
,994,3,2,1.0
,995,0,2,1.0
,995,1,0,0.7585757
,995,2,0,0.75827813
,995,3,0,0.7388264
,996,0,0,0.68455243
,996,1,0,0.758011
,996,2,0,0.75679296
,996,3,2,1.0
,997,0,3,1.0
,997,1,0,0.7532115
,997,2,0,0.6478202
,997,3,0,0.778329
,998,0,0,0.8539339
,998,1,0,0.75185436
,998,2,3,1.0
,998,3,0,0.70374113
,999,0,0,0.757294
,999,1,0,0.7561268
,999,2,0,0.83784604
,999,3,2,1.0
,1000,0,1,0.52121496
,1000,1,1,0.5212459
,1000,2,3,1.0
,1000,3,1,0.95651907
,1001,0,0,0.75223
,1001,1,0,0.75222975
,1001,2,0,0.8108322
,1001,3,2,1.0
,1002,0,0,0.5008434
,1002,1,0,0.5008434
,1002,2,2,1.0
,1002,3,1,0.8894425
,1003,0,1,0.50849473
,1003,1,1,0.50849473
,1003,2,1,0.8842783
,1003,3,2,1.0
,1004,0,0,0.7535167
,1004,1,0,0.75351673
,1004,2,2,1.0
,1004,3,0,0.7250504
,1005,0,0,0.5007467
,1005,1,0,0.5007467
,1005,2,1,0.88949007
,1005,3,2,1.0
,1006,0,1,0.5084857
,1006,1,1,0.5084857
,1006,2,2,1.0
,1006,3,1,0.88427293
,1007,0,0,0.7544353
,1007,1,0,0.7544353
,1007,2,0,0.7380578
,1007,3,2,1.0
,1008,0,0,0.7574097
,1008,1,0,0.7574097
,1008,2,2,1.0
,1008,3,0,0.7592411
,1009,0,1,0.5108752
,1009,1,1,0.5108752
,1009,2,1,0.88772273
,1009,3,3,1.0
,1010,0,0,0.75328815
,1010,1,0,0.75328815
,1010,2,2,1.0
,1010,3,0,0.77841836
,1011,0,0,0.7535897
,1011,1,0,0.7535961
,1011,2,0,0.7342308
,1011,3,3,1.0
,1012,0,0,0.75674444
,1012,1,0,0.757301
,1012,2,2,1.0
,1012,3,0,0.77842736
,1013,0,0,0.70531875
,1013,1,0,0.7535736
,1013,2,0,0.77915996
,1013,3,3,1.0
,1014,0,2,1.0
,1014,1,0,0.7572499
,1014,2,0,0.7563467
,1014,3,0,0.8206372
,1015,0,0,0.78241616
,1015,1,0,0.7579199
,1015,2,0,0.65280086
,1015,3,2,1.0
,1016,0,0,0.70618033
,1016,1,0,0.7540708
,1016,2,3,1.0
,1016,3,0,0.77908695
,1017,0,2,1.0
,1017,1,0,0.75697064
,1017,2,0,0.85389274
,1017,3,0,0.70953083
,1018,0,0,0.73883575
,1018,1,0,0.75772667
,1018,2,0,0.7593642
,1018,3,2,1.0
,1019,0,2,1.0
,1019,1,0,0.7106498
,1019,2,0,0.7582803
,1019,3,0,0.78271824
,1020,0,0,0.7827039
,1020,1,2,1.0
,1020,2,0,0.7582517
,1020,3,0,0.71094865
,1021,0,0,0.71093047
,1021,1,0,0.7832018
,1021,2,0,0.75825554
,1021,3,2,1.0
,1022,0,2,1.0
,1022,1,0,0.75771666
,1022,2,0,0.7579877
,1022,3,0,0.6842637
,1023,0,0,0.7789421
,1023,1,0,0.7056723
,1023,2,0,0.75390434
,1023,3,3,1.0
,1024,0,0,0.70951533
,1024,1,2,1.0
,1024,2,0,0.75695306
,1024,3,0,0.85342056
,1025,0,2,1.0
,1025,1,0,0.78237325
,1025,2,0,0.7561745
,1025,3,0,0.69803977
,1026,0,1,0.8552451
,1026,1,0,0.5020898
,1026,2,1,0.55949557
,1026,3,2,1.0
,1027,0,0,0.7497548
,1027,1,0,0.7538307
,1027,2,2,1.0
,1027,3,0,0.72523993
,1028,0,0,0.5022797
,1028,1,0,0.50238466
,1028,2,1,0.8826154
,1028,3,2,1.0
,1029,0,0,0.7545685
,1029,1,0,0.75456905
,1029,2,2,1.0
,1029,3,0,0.73805475
,1030,0,0,0.75736845
,1030,1,0,0.75730675
,1030,2,0,0.72593236
,1030,3,2,1.0
,1031,0,0,0.5011158
,1031,1,1,0.5021392
,1031,2,2,1.0
,1031,3,1,0.86943185
,1032,0,1,0.5276464
,1032,1,1,0.64992726
,1032,2,1,0.9449708
,1032,3,3,1.0
,1033,0,0,0.7495743
,1033,1,3,1.0
,1033,2,0,0.74397594
,1033,3,0,0.82063556
,1034,0,0,0.7560684
,1034,1,0,0.8533875
,1034,2,0,0.695294
,1034,3,2,1.0
,1035,0,0,0.5024071
,1035,1,0,0.5049138
,1035,2,2,1.0
,1035,3,1,0.8826202
,1036,0,0,0.75477797
,1036,1,0,0.75480646
,1036,2,0,0.782225
,1036,3,2,1.0
,1037,0,0,0.7622452
,1037,1,0,0.7622533
,1037,2,0,0.71547586
,1037,3,2,1.0
,1038,0,0,0.7576432
,1038,1,0,0.7583371
,1038,2,2,1.0
,1038,3,0,0.738848
,1039,0,0,0.6959231
,1039,1,0,0.7571536
,1039,2,0,0.7811016
,1039,3,2,1.0
,1040,0,2,1.0
,1040,1,1,0.51703656
,1040,2,1,0.57697064
,1040,3,1,0.94358146
,1041,0,0,0.7587126
,1041,1,0,0.753601
,1041,2,2,1.0
,1041,3,0,0.7475362
,1042,0,3,1.0
,1042,1,1,0.51151544
,1042,2,1,0.8614426
,1042,3,1,0.572483
,1043,0,0,0.8538999
,1043,1,0,0.7530865
,1043,2,0,0.7003645
,1043,3,2,1.0
,1044,0,0,0.759361
,1044,1,0,0.75821894
,1044,2,2,1.0
,1044,3,0,0.7388354
,1045,0,0,0.7583199
,1045,1,0,0.75830704
,1045,2,0,0.7388649
,1045,3,2,1.0
,1046,0,0,0.75830215
,1046,1,0,0.7583082
,1046,2,2,1.0
,1046,3,0,0.7388648
,1047,0,0,0.7577666
,1047,1,0,0.75830597
,1047,2,0,0.73886013
,1047,3,2,1.0
,1048,0,0,0.7106555
,1048,1,0,0.75827026
,1048,2,2,1.0
,1048,3,0,0.7832196
,1049,0,2,1.0
,1049,1,0,0.75828284
,1049,2,0,0.7388395
,1049,3,0,0.7585524
,1050,0,0,0.7258812
,1050,1,0,0.7574208
,1050,2,2,1.0
,1050,3,0,0.7562688
,1051,0,2,1.0
,1051,1,0,0.50151193
,1051,2,1,0.8555795
,1051,3,1,0.5594319
,1052,0,0,0.7821264
,1052,1,0,0.754663
,1052,2,0,0.7020697
,1052,3,2,1.0
,1053,0,0,0.7109359
,1053,1,0,0.7582059
,1053,2,2,1.0
,1053,3,0,0.78269994
,1054,0,2,1.0
,1054,1,0,0.75824755
,1054,2,0,0.78270423
,1054,3,0,0.7109486
,1055,0,0,0.7831951
,1055,1,0,0.75795984
,1055,2,0,0.7109546
,1055,3,2,1.0
,1056,0,0,0.7577009
,1056,1,0,0.73252314
,1056,2,2,1.0
,1056,3,0,0.78133965
,1057,0,1,0.51117206
,1057,1,3,1.0
,1057,2,1,0.8613375
,1057,3,1,0.5713861
,1058,0,0,0.7530917
,1058,1,0,0.8538999
,1058,2,0,0.7003673
,1058,3,2,1.0
,1059,0,0,0.75821894
,1059,1,0,0.759361
,1059,2,2,1.0
,1059,3,0,0.7388354
,1060,0,0,0.75830704
,1060,1,0,0.75832
,1060,2,0,0.7388649
,1060,3,2,1.0
,1061,0,0,0.7583082
,1061,1,0,0.75830835
,1061,2,2,1.0
,1061,3,0,0.73886496
,1062,0,0,0.7583021
,1062,1,0,0.7583082
,1062,2,0,0.7388649
,1062,3,2,1.0
,1063,0,0,0.7577664
,1063,1,0,0.7582981
,1063,2,2,1.0
,1063,3,0,0.7388599
,1064,0,0,0.71063906
,1064,1,0,0.7575728
,1064,2,0,0.78319764
,1064,3,2,1.0
,1065,0,2,1.0
,1065,1,0,0.69679683
,1065,2,0,0.75648
,1065,3,0,0.7823786
,1066,0,1,0.8552398
,1066,1,2,1.0
,1066,2,1,0.5594762
,1066,3,0,0.5020923
,1067,0,0,0.7506597
,1067,1,0,0.7382039
,1067,2,2,1.0
,1067,3,0,0.75417894
,1068,0,0,0.7581719
,1068,1,2,1.0
,1068,2,0,0.78257364
,1068,3,0,0.71059316
,1069,0,0,0.7573685
,1069,1,0,0.7823668
,1069,2,0,0.69717675
,1069,3,2,1.0
,1070,0,0,0.5023723
,1070,1,0,0.50139374
,1070,2,2,1.0
,1070,3,1,0.88267154
,1071,0,0,0.75352025
,1071,1,0,0.64806765
,1071,2,0,0.7821267
,1071,3,2,1.0
,1072,0,0,0.70582104
,1072,1,3,1.0
,1072,2,0,0.7543605
,1072,3,0,0.7790995
,1073,0,2,1.0
,1073,1,0,0.85389286
,1073,2,0,0.75643545
,1073,3,0,0.7095248
,1074,0,0,0.7831787
,1074,1,0,0.75932056
,1074,2,0,0.7106013
,1074,3,2,1.0
,1075,0,0,0.7565322
,1075,1,0,0.7574152
,1075,2,2,1.0
,1075,3,0,0.725864
,1076,0,1,0.5594131
,1076,1,0,0.50151914
,1076,2,1,0.85521096
,1076,3,2,1.0
,1077,0,2,1.0
,1077,1,0,0.7547202
,1077,2,0,0.750663
,1077,3,0,0.7382094
,1078,0,0,0.73884207
,1078,1,0,0.7582685
,1078,2,0,0.7582163
,1078,3,2,1.0
,1079,0,2,1.0
,1079,1,0,0.7580056
,1079,2,0,0.75745076
,1079,3,0,0.68428177
,1080,0,0,0.77941704
,1080,1,0,0.7538953
,1080,2,0,0.7056887
,1080,3,3,1.0
,1081,0,0,0.7540131
,1081,1,0,0.75614303
,1081,2,2,1.0
,1081,3,0,0.8099248
,1082,0,1,0.646449
,1082,1,1,0.5232094
,1082,2,1,0.9792286
,1082,3,2,1.0
,1083,0,3,1.0
,1083,1,0,0.75119114
,1083,2,0,0.69673204
,1083,3,0,0.7794151
,1084,0,0,0.85341376
,1084,1,0,0.7569304
,1084,2,2,1.0
,1084,3,0,0.70952034
,1085,0,0,0.69717
,1085,1,0,0.7570653
,1085,2,0,0.7821565
,1085,3,2,1.0
,1086,0,2,1.0
,1086,1,1,0.5196575
,1086,2,1,0.51739043
,1086,3,1,0.94972014
,1087,0,1,0.94493526
,1087,1,1,0.5880944
,1087,2,1,0.5276407
,1087,3,3,1.0
,1088,0,0,0.69922113
,1088,1,2,1.0
,1088,2,0,0.75165784
,1088,3,0,0.85390294
,1089,0,2,1.0
,1089,1,0,0.78288007
,1089,2,0,0.65263855
,1089,3,0,0.75895405
,1090,0,0,0.73469144
,1090,1,0,0.7544285
,1090,2,3,0.9999988
,1090,3,0,0.7536011
,1091,0,2,1.0
,1091,1,0,0.7570014
,1091,2,0,0.8538923
,1091,3,0,0.70922846
,1092,0,0,0.7388405
,1092,1,0,0.75826865
,1092,2,0,0.75936633
,1092,3,2,1.0
,1093,0,2,1.0
,1093,1,0,0.75830984
,1093,2,0,0.75832224
,1093,3,0,0.7388435
,1094,0,0,0.6842603
,1094,1,0,0.7580084
,1094,2,0,0.7580023
,1094,3,2,1.0
,1095,0,3,1.0
,1095,1,0,0.75397456
,1095,2,0,0.75342476
,1095,3,0,0.7345296
,1096,0,0,0.85388744
,1096,1,0,0.7569876
,1096,2,0,0.7092164
,1096,3,2,1.0
,1097,0,0,0.75848997
,1097,1,0,0.7573889
,1097,2,2,1.0
,1097,3,0,0.7258701
,1098,0,0,0.50175333
,1098,1,0,0.50171643
,1098,2,1,0.90783334
,1098,3,2,1.0
,1099,0,0,0.7524308
,1099,1,0,0.7518783
,1099,2,3,1.0
,1099,3,0,0.735913
,1100,0,0,0.75697595
,1100,1,0,0.70919985
,1100,2,0,0.85342056
,1100,3,2,1.0
,1101,0,0,0.7573489
,1101,1,2,1.0
,1101,2,0,0.6980957
,1101,3,0,0.78239036
,1102,0,0,0.5024214
,1102,1,1,0.88263303
,1102,2,2,1.0
,1102,3,0,0.50307477
,1103,0,0,0.75403064
,1103,1,2,1.0
,1103,2,0,0.7380575
,1103,3,0,0.754583
,1104,0,0,0.71060085
,1104,1,0,0.7827164
,1104,2,2,1.0
,1104,3,0,0.7582242
,1105,0,2,1.0
,1105,1,0,0.7109305
,1105,2,0,0.78320754
,1105,3,0,0.75824887
,1106,0,0,0.684264
,1106,1,2,1.0
,1106,2,0,0.7582646
,1106,3,0,0.757433
,1107,0,3,1.0
,1107,1,0,0.7794385
,1107,2,0,0.7533567
,1107,3,0,0.705667
,1108,0,0,0.8538913
,1108,1,0,0.75606346
,1108,2,0,0.7091613
,1108,3,2,1.0
,1109,0,0,0.75841177
,1109,1,0,0.6527316
,1109,2,2,1.0
,1109,3,0,0.7828836
,1110,0,0,0.70586705
,1110,1,3,1.0
,1110,2,0,0.7790859
,1110,3,0,0.7543536
,1111,0,2,1.0
,1111,1,0,0.8538929
,1111,2,0,0.7095246
,1111,3,0,0.75643545
,1112,0,0,0.783198
,1112,1,0,0.7593284
,1112,2,2,1.0
,1112,3,0,0.7106107
,1113,0,0,0.75854826
,1113,1,0,0.7582939
,1113,2,0,0.73883915
,1113,3,2,1.0
,1114,0,0,0.7559452
,1114,1,0,0.75735617
,1114,2,2,1.0
,1114,3,0,0.7258374
,1115,0,1,0.57653236
,1115,1,1,0.5020249
,1115,2,1,0.8561541
,1115,3,2,1.0
,1116,0,2,1.0
,1116,1,1,0.56981266
,1116,2,1,0.51826626
,1116,3,1,0.857355
,1117,0,0,0.7826118
,1117,1,2,1.0
,1117,2,0,0.7544202
,1117,3,0,0.7020301
,1118,0,0,0.75768304
,1118,1,0,0.7258723
,1118,2,0,0.75734854
,1118,3,2,1.0
,1119,0,0,0.5017145
,1119,1,2,1.0
,1119,2,0,0.5009573
,1119,3,1,0.9078302
,1120,0,0,0.75235844
,1120,1,0,0.7806749
,1120,2,0,0.7039669
,1120,3,3,1.0
,1121,0,0,0.7567021
,1121,1,0,0.75756276
,1121,2,2,1.0
,1121,3,0,0.8206555
,1122,0,0,0.7106737
,1122,1,0,0.75802994
,1122,2,0,0.78322804
,1122,3,2,1.0
,1123,0,2,1.0
,1123,1,0,0.7359002
,1123,2,0,0.7575907
,1123,3,0,0.7812196
,1124,0,1,0.97947615
,1124,1,3,1.0
,1124,2,1,0.5244062
,1124,3,1,0.58430725
,1125,0,0,0.69881207
,1125,1,0,0.8538959
,1125,2,0,0.7529065
,1125,3,2,1.0
,1126,0,2,1.0
,1126,1,0,0.75882035
,1126,2,0,0.75821394
,1126,3,0,0.7388299
,1127,0,0,0.7831975
,1127,1,0,0.71065974
,1127,2,0,0.75825864
,1127,3,2,1.0
,1128,0,0,0.75629246
,1128,1,2,1.0
,1128,2,0,0.7571864
,1128,3,0,0.72501814
,1129,0,1,0.57760483
,1129,1,1,0.94356966
,1129,2,1,0.5170119
,1129,3,2,1.0
,1130,0,2,1.0
,1130,1,0,0.74870545
,1130,2,0,0.75357205
,1130,3,0,0.7251992
,1131,0,1,0.8826305
,1131,1,0,0.5022513
,1131,2,0,0.5023767
,1131,3,2,1.0
,1132,0,2,1.0
,1132,1,0,0.75421554
,1132,2,0,0.75421697
,1132,3,0,0.68330175
,1133,0,0,0.7345492
,1133,1,0,0.7539227
,1133,2,0,0.7539229
,1133,3,3,0.9999994
,1134,0,2,1.0
,1134,1,0,0.75624096
,1134,2,0,0.75625527
,1134,3,0,0.81016004
,1135,0,1,0.95515925
,1135,1,1,0.51735026
,1135,2,1,0.51661205
,1135,3,2,1.0
,1136,0,2,1.0
,1136,1,0,0.7061408
,1136,2,0,0.7542418
,1136,3,0,0.782445
,1137,0,0,0.7388472
,1137,1,2,1.0
,1137,2,0,0.7582304
,1137,3,0,0.75855
,1138,0,2,1.0
,1138,1,0,0.7593377
,1138,2,0,0.75745004
,1138,3,0,0.75745356
,1139,0,1,0.91160303
,1139,1,3,1.0
,1139,2,1,0.5112528
,1139,3,1,0.51125276
,1140,0,3,1.0
,1140,1,0,0.8206468
,1140,2,0,0.75074476
,1140,3,0,0.75074476
,1141,0,0,0.82065666
,1141,1,2,1.0
,1141,2,0,0.75727725
,1141,3,0,0.7572773
,1142,0,2,1.0
,1142,1,0,0.738867
,1142,2,0,0.7583226
,1142,3,0,0.7583226
,1143,0,0,0.6842584
,1143,1,2,1.0
,1143,2,0,0.75800866
,1143,3,0,0.75800854
,1144,0,3,1.0
,1144,1,0,0.7345486
,1144,2,0,0.75396943
,1144,3,0,0.75396943
,1145,0,0,0.81082165
,1145,1,2,1.0
,1145,2,0,0.7564473
,1145,3,0,0.7564478
,1146,0,2,1.0
,1146,1,1,0.8894541
,1146,2,0,0.500933
,1146,3,0,0.50095236
,1147,0,1,0.9091318
,1147,1,2,1.0
,1147,2,1,0.5098903
,1147,3,1,0.5091455
,1148,0,3,1.0
,1148,1,0,0.78065777
,1148,2,0,0.7038105
,1148,3,0,0.7519717
,1149,0,0,0.8531538
,1149,1,0,0.75637937
,1149,2,2,1.0
,1149,3,0,0.73455817
,1150,0,1,0.5225244
,1150,1,1,0.5243589
,1150,2,1,0.9875184
,1150,3,3,1.0
,1151,0,0,0.70172256
,1151,1,0,0.7496434
,1151,2,3,1.0
,1151,3,0,0.85392356
,1152,0,2,1.0
,1152,1,0,0.69530725
,1152,2,0,0.8533707
,1152,3,0,0.7571753
,1153,0,1,0.86871564
,1153,1,2,1.0
,1153,2,0,0.50365055
,1153,3,0,0.5011737
,1154,0,3,1.0
,1154,1,1,0.99403083
,1154,2,1,0.5321434
,1154,3,1,0.53221
,1155,0,0,0.8108345
,1155,1,2,1.0
,1155,2,0,0.7520703
,1155,3,0,0.7520385
,1156,0,2,1.0
,1156,1,1,0.88995
,1156,2,0,0.5005075
,1156,3,1,0.5011042
,1157,0,1,0.9923744
,1157,1,2,1.0
,1157,2,1,0.53202903
,1157,3,1,0.59221536
,1158,0,0,0.7226353
,1158,1,0,0.7807239
,1158,2,0,0.75339675
,1158,3,2,1.0
,1159,0,3,1.0
,1159,1,1,0.5713226
,1159,2,1,0.5112345
,1159,3,1,0.8609593
,1160,0,0,0.8206696
,1160,1,2,1.0
,1160,2,0,0.7534217
,1160,3,0,0.7494173
,1161,0,2,1.0
,1161,1,0,0.76246315
,1161,2,0,0.757305
,1161,3,0,0.75725937
,1162,0,1,0.9838139
,1162,1,3,1.0
,1162,2,1,0.52435994
,1162,3,1,0.5243695
,1163,0,2,1.0
,1163,1,0,0.8206658
,1163,2,0,0.75302446
,1163,3,0,0.75247717
,1164,0,0,0.782737
,1164,1,2,1.0
,1164,2,0,0.75823003
,1164,3,0,0.7106077
,1165,0,0,0.7109536
,1165,1,0,0.7831982
,1165,2,0,0.75825244
,1165,3,2,1.0
,1166,0,2,1.0
,1166,1,0,0.7578754
,1166,2,0,0.75825244
,1166,3,0,0.7388324
,1167,0,0,0.78236085
,1167,1,0,0.6967029
,1167,2,0,0.7549566
,1167,3,2,1.0
,1168,0,1,0.5000006
,1168,1,2,1.0
,1168,2,1,0.6255735
,1168,3,1,0.8562035
,1169,0,0,0.7509806
,1169,1,0,0.7350683
,1169,2,3,1.0
,1169,3,0,0.74740636
,1170,0,0,0.70918846
,1170,1,2,1.0
,1170,2,0,0.85388726
,1170,3,0,0.75691485
,1171,0,2,1.0
,1171,1,0,0.72587943
,1171,2,0,0.7584709
,1171,3,0,0.75733924
,1172,0,1,0.8895207
,1172,1,2,1.0
,1172,2,0,0.5008304
,1172,3,1,0.50077534
,1173,0,2,1.0
,1173,1,1,0.85794175
,1173,2,1,0.5093684
,1173,3,1,0.5701564
,1174,0,0,0.7822305
,1174,1,0,0.64346796
,1174,2,0,0.75286114
,1174,3,2,1.0
,1175,0,0,0.75246066
,1175,1,3,1.0
,1175,2,0,0.6483622
,1175,3,0,0.77903914
,1176,0,0,0.64494175
,1176,1,0,0.8539759
,1176,2,3,1.0
,1176,3,0,0.7513246
,1177,0,3,1.0
,1177,1,0,0.75356275
,1177,2,0,0.82066077
,1177,3,0,0.75235814
,1178,0,0,0.8206501
,1178,1,0,0.757296
,1178,2,2,1.0
,1178,3,0,0.7572553
,1179,0,2,1.0
,1179,1,0,0.7573983
,1179,2,0,0.72579634
,1179,3,0,0.75502723
,1180,0,1,0.8561737
,1180,1,1,0.5005732
,1180,2,2,1.0
,1180,3,1,0.6252831
,1181,0,0,0.74683607
,1181,1,0,0.75097704
,1181,2,0,0.6804865
,1181,3,3,1.0
,1182,0,0,0.7515583
,1182,1,0,0.75215316
,1182,2,3,1.0
,1182,3,0,0.82064956
,1183,0,0,0.7092274
,1183,1,0,0.75645924
,1183,2,0,0.8538834
,1183,3,2,1.0
,1184,0,2,1.0
,1184,1,0,0.7105735
,1184,2,0,0.75813895
,1184,3,0,0.7831827
,1185,0,0,0.78289276
,1185,1,2,1.0
,1185,2,0,0.6530462
,1185,3,0,0.7569564
,1186,0,0,0.75367546
,1186,1,0,0.77901083
,1186,2,3,1.0
,1186,3,0,0.6478471
,1187,0,0,0.7518341
,1187,1,0,0.75268346
,1187,2,0,0.8206479
,1187,3,3,1.0
,1188,0,0,0.70923567
,1188,1,0,0.75701034
,1188,2,2,1.0
,1188,3,0,0.85352504
,1189,0,2,1.0
,1189,1,0,0.75820386
,1189,2,0,0.78319687
,1189,3,0,0.7118352
,1190,0,0,0.7279213
,1190,1,0,0.7556095
,1190,2,0,0.7581449
,1190,3,2,1.0
,1191,0,2,1.0
,1191,1,1,0.5804583
,1191,2,0,0.5463732
,1191,3,1,0.6975719
,1192,0,0,0.7350502
,1192,1,3,1.0
,1192,2,0,0.75203246
,1192,3,0,0.74920505
,1193,0,2,1.0
,1193,1,0,0.82064164
,1193,2,0,0.75726354
,1193,3,0,0.7572312
,1194,0,0,0.6842859
,1194,1,2,1.0
,1194,2,0,0.75802183
,1194,3,0,0.7580215
,1195,0,3,1.0
,1195,1,0,0.7345529
,1195,2,0,0.7539786
,1195,3,0,0.7539723
,1196,0,0,0.8206552
,1196,1,2,1.0
,1196,2,0,0.75727814
,1196,3,0,0.75673723
,1197,0,2,1.0
,1197,1,0,0.7825852
,1197,2,0,0.7582694
,1197,3,0,0.7106533
,1198,0,0,0.7799323
,1198,1,0,0.69618684
,1198,2,0,0.75712055
,1198,3,2,1.0
,1199,0,1,0.6407983
,1199,1,2,1.0
,1199,2,1,0.51767915
,1199,3,1,0.94381964
,1200,0,3,1.0
,1200,1,0,0.7350941
,1200,2,0,0.7513312
,1200,3,0,0.7463934
,1201,0,0,0.810841
,1201,1,2,1.0
,1201,2,0,0.75644934
,1201,3,0,0.7563929
,1202,0,2,1.0
,1202,1,1,0.8825629
,1202,2,0,0.5025902
,1202,3,0,0.50258875
,1203,0,0,0.725086
,1203,1,2,1.0
,1203,2,0,0.75368077
,1203,3,0,0.7536809
,1204,0,2,1.0
,1204,1,1,0.882614
,1204,2,0,0.50236523
,1204,3,0,0.5023652
,1205,0,0,0.75849116
,1205,1,2,1.0
,1205,2,0,0.7537243
,1205,3,0,0.75372416
,1206,0,3,1.0
,1206,1,1,0.88772404
,1206,2,1,0.5109769
,1206,3,1,0.5109852
,1207,0,0,0.8206649
,1207,1,2,1.0
,1207,2,0,0.7532493
,1207,3,0,0.7527099
,1208,0,2,1.0
,1208,1,0,0.7832194
,1208,2,0,0.7575642
,1208,3,0,0.7106003
,1209,0,0,0.78280175
,1209,1,0,0.7567694
,1209,2,0,0.6991697
,1209,3,2,1.0
,1210,0,0,0.54773307
,1210,1,1,0.527775
,1210,2,2,1.0
,1210,3,1,0.6980807
,1211,0,1,0.5679173
,1211,1,2,1.0
,1211,2,1,0.856704
,1211,3,1,0.5135243
,1212,0,2,1.0
,1212,1,0,0.72520316
,1212,2,0,0.7496984
,1212,3,0,0.7536134
,1213,0,1,0.889508
,1213,1,2,1.0
,1213,2,0,0.5006309
,1213,3,0,0.50073177
,1214,0,2,1.0
,1214,1,1,0.90913737
,1214,2,1,0.5091361
,1214,3,1,0.5091335
,1215,0,0,0.73593
,1215,1,3,1.0
,1215,2,0,0.75230235
,1215,3,0,0.75230235
,1216,0,2,1.0
,1216,1,0,0.8206592
,1216,2,0,0.7572566
,1216,3,0,0.75725657
,1217,0,0,0.7592649
,1217,1,2,1.0
,1217,2,0,0.7574674
,1217,3,0,0.7574671
,1218,0,3,1.0
,1218,1,1,0.88772243
,1218,2,1,0.5108744
,1218,3,1,0.51088285
,1219,0,0,0.82066506
,1219,1,2,1.0
,1219,2,0,0.7532583
,1219,3,0,0.75271124
,1220,0,2,1.0
,1220,1,0,0.7832384
,1220,2,0,0.75823474
,1220,3,0,0.7106157
,1221,0,0,0.7388402
,1221,1,0,0.75856584
,1221,2,0,0.75828266
,1221,3,2,1.0
,1222,0,2,1.0
,1222,1,0,0.7574427
,1222,2,0,0.75743955
,1222,3,0,0.72593385
,1223,0,1,0.88260883
,1223,1,0,0.5024945
,1223,2,0,0.50249434
,1223,3,2,1.0
,1224,0,2,1.0
,1224,1,0,0.754567
,1224,2,0,0.754567
,1224,3,0,0.7380682
,1225,0,0,0.76166
,1225,1,0,0.75732046
,1225,2,0,0.7573204
,1225,3,2,1.0
,1226,0,3,1.0
,1226,1,1,0.52108145
,1226,2,1,0.5210815
,1226,3,1,0.9564811
,1227,0,0,0.81085134
,1227,1,0,0.7522605
,1227,2,0,0.7522609
,1227,3,2,1.0
,1228,0,2,1.0
,1228,1,0,0.5024393
,1228,2,0,0.50246173
,1228,3,1,0.8825711
,1229,0,0,0.7249885
,1229,1,0,0.75216484
,1229,2,0,0.75362384
,1229,3,2,1.0
,1230,0,2,1.0
,1230,1,1,0.57662344
,1230,2,1,0.5005416
,1230,3,1,0.85692686
,1231,0,1,0.85735893
,1231,1,2,1.0
,1231,2,1,0.50905424
,1231,3,1,0.57884735
,1232,0,0,0.7019972
,1232,1,0,0.7815061
,1232,2,0,0.75452596
,1232,3,2,1.0
,1233,0,2,1.0
,1233,1,0,0.653092
,1233,2,0,0.7578411
,1233,3,0,0.782375
,1234,0,0,0.7795971
,1234,1,3,1.0
,1234,2,0,0.754071
,1234,3,0,0.70620227
,1235,0,0,0.7575528
,1235,1,0,0.82065725
,1235,2,0,0.75726223
,1235,3,2,1.0
,1236,0,0,0.75828546
,1236,1,2,1.0
,1236,2,0,0.75830907
,1236,3,0,0.7388901
,1237,0,0,0.7550412
,1237,1,0,0.7596168
,1237,2,0,0.7574229
,1237,3,2,1.0
,1238,0,1,0.63576293
,1238,1,3,1.0
,1238,2,1,0.51247823
,1238,3,1,0.86192274
,1239,0,3,1.0
,1239,1,0,0.85393214
,1239,2,0,0.7491892
,1239,3,0,0.6958522
,1240,0,0,0.81082165
,1240,1,0,0.7575546
,1240,2,0,0.75634164
,1240,3,2,1.0
,1241,0,2,1.0
,1241,1,0,0.50094426
,1241,2,0,0.5000651
,1241,3,1,0.8894496
,1242,0,1,0.85828686
,1242,1,1,0.5100466
,1242,2,1,0.54276466
,1242,3,2,1.0
,1243,0,1,0.5876176
,1243,1,1,0.51807004
,1243,2,3,1.0
,1243,3,1,0.8609318
,1244,0,2,1.0
,1244,1,0,0.75333667
,1244,2,0,0.8206569
,1244,3,0,0.74870795
,1245,0,0,0.7823757
,1245,1,0,0.7573247
,1245,2,2,1.0
,1245,3,0,0.69675314
,1246,0,1,0.50019115
,1246,1,0,0.5007387
,1246,2,1,0.8895431
,1246,3,2,1.0
,1247,0,1,0.5700786
,1247,1,1,0.5093444
,1247,2,2,1.0
,1247,3,1,0.85713995
,1248,0,2,1.0
,1248,1,0,0.7540361
,1248,2,0,0.7381917
,1248,3,0,0.75061893
,1249,0,0,0.7832109
,1249,1,0,0.7106009
,1249,2,2,1.0
,1249,3,0,0.75763994
,1250,0,0,0.757994
,1250,1,2,1.0
,1250,2,0,0.7832028
,1250,3,0,0.7106293
,1251,0,0,0.71062946
,1251,1,0,0.783182
,1251,2,0,0.75852656
,1251,3,2,1.0
,1252,0,2,1.0
,1252,1,0,0.7562088
,1252,2,0,0.7573413
,1252,3,0,0.72581977
,1253,0,1,0.8561542
,1253,1,1,0.57652575
,1253,2,1,0.5020253
,1253,3,2,1.0
,1254,0,1,0.5182771
,1254,1,2,1.0
,1254,2,1,0.56981325
,1254,3,1,0.85735506
,1255,0,0,0.7537229
,1255,1,0,0.7826085
,1255,2,2,1.0
,1255,3,0,0.70202166
,1256,0,0,0.69674045
,1256,1,0,0.7576049
,1256,2,0,0.7813037
,1256,3,2,1.0
,1257,0,2,1.0
,1257,1,0,0.50047326
,1257,2,1,0.5588893
,1257,3,1,0.8552586
,1258,0,0,0.78049284
,1258,1,0,0.691744
,1258,2,2,1.0
,1258,3,0,0.7494313
,1259,0,1,0.57700706
,1259,1,2,1.0
,1259,2,1,0.94358104
,1259,3,1,0.5179759
,1260,0,2,1.0
,1260,1,0,0.78259754
,1260,2,0,0.74901056
,1260,3,0,0.70633125
,1261,0,0,0.783202
,1261,1,0,0.75852513
,1261,2,0,0.71052146
,1261,3,2,1.0
,1262,0,0,0.7585653
,1262,1,0,0.7582857
,1262,2,2,1.0
,1262,3,0,0.73884004
,1263,0,0,0.7574427
,1263,1,0,0.75743955
,1263,2,0,0.7259339
,1263,3,2,1.0
,1264,0,0,0.50249445
,1264,1,0,0.50249
,1264,2,2,1.0
,1264,3,1,0.88260883
,1265,0,0,0.7545678
,1265,1,0,0.75428134
,1265,2,0,0.73806417
,1265,3,2,1.0
,1266,0,0,0.7574017
,1266,1,0,0.73236674
,1266,2,2,1.0
,1266,3,0,0.78243345
,1267,0,1,0.5106527
,1267,1,3,1.0
,1267,2,1,0.88765544
,1267,3,1,0.5109108
,1268,0,0,0.7525086
,1268,1,0,0.8537377
,1268,2,2,1.0
,1268,3,0,0.6932719
,1269,0,0,0.5533557
,1269,1,0,0.5557467
,1269,2,1,0.7580092
,1269,3,2,1.0
,1270,0,1,0.5063464
,1270,1,1,0.5062845
,1270,2,2,1.0
,1270,3,1,0.8839792
,1271,0,0,0.7535718
,1271,1,0,0.7535725
,1271,2,0,0.72507876
,1271,3,2,1.0
,1272,0,0,0.5023771
,1272,1,0,0.50237715
,1272,2,2,1.0
,1272,3,1,0.8826157
,1273,0,0,0.75456727
,1273,1,0,0.75456727
,1273,2,0,0.7380659
,1273,3,2,1.0
,1274,0,0,0.75741094
,1274,1,0,0.75741094
,1274,2,2,1.0
,1274,3,0,0.75924146
,1275,0,1,0.510888
,1275,1,1,0.510888
,1275,2,1,0.88772506
,1275,3,3,1.0
,1276,0,0,0.752426
,1276,1,0,0.752426
,1276,2,2,1.0
,1276,3,0,0.8108227
,1277,0,0,0.5017096
,1277,1,0,0.50170964
,1277,2,1,0.9077991
,1277,3,2,1.0
,1278,0,0,0.7524336
,1278,1,0,0.7524336
,1278,2,3,1.0
,1278,3,0,0.7359359
,1279,0,0,0.75726885
,1279,1,0,0.75726885
,1279,2,0,0.8206571
,1279,3,2,1.0
,1280,0,0,0.75832254
,1280,1,0,0.75832254
,1280,2,2,1.0
,1280,3,0,0.738867
,1281,0,0,0.75800854
,1281,1,0,0.75800866
,1281,2,0,0.68425816
,1281,3,2,1.0
,1282,0,0,0.7539721
,1282,1,0,0.7539783
,1282,2,3,1.0
,1282,3,0,0.7345528
,1283,0,0,0.7567373
,1283,1,0,0.7572782
,1283,2,0,0.8206553
,1283,3,2,1.0
,1284,0,0,0.71066445
,1284,1,0,0.7582807
,1284,2,2,1.0
,1284,3,0,0.78273916
,1285,0,2,1.0
,1285,1,0,0.75824106
,1285,2,0,0.7831817
,1285,3,0,0.710959
,1286,0,0,0.76168865
,1286,1,0,0.75732523
,1286,2,0,0.75643885
,1286,3,2,1.0
,1287,0,3,1.0
,1287,1,1,0.5220137
,1287,2,1,0.5818861
,1287,3,1,0.94511646
,1288,0,0,0.8539002
,1288,1,0,0.7046963
,1288,2,2,1.0
,1288,3,0,0.747536
,1289,0,0,0.7593136
,1289,1,2,1.0
,1289,2,0,0.78254956
,1289,3,0,0.71047777
,1290,0,0,0.757318
,1290,1,0,0.7823645
,1290,2,0,0.69715095
,1290,3,2,1.0
,1291,0,1,0.50107175
,1291,1,0,0.50115573
,1291,2,2,1.0
,1291,3,1,0.8898809
,1292,0,1,0.5855935
,1292,1,1,0.5259132
,1292,2,1,0.9440783
,1292,3,2,1.0
,1293,0,2,1.0
,1293,1,0,0.7062055
,1293,2,0,0.74955577
,1293,3,0,0.7825964
,1294,0,0,0.6842344
,1294,1,2,1.0
,1294,2,0,0.75788754
,1294,3,0,0.7582625
,1295,0,3,1.0
,1295,1,0,0.7345535
,1295,2,0,0.7539741
,1295,3,0,0.7539785
,1296,0,0,0.8537279
,1296,1,2,1.0
,1296,2,0,0.7570505
,1296,3,0,0.7570505
,1297,0,0,0.7452516
,1297,1,2,1.0
,1297,2,0,0.7441296
,1297,3,0,0.7441295
,1298,0,2,0.53852785
,1298,1,0,1.0
,1298,2,0,1.0
,1298,3,0,1.0
,1299,0,1,0.80037963
,1299,1,2,1.0
,1299,2,0,0.50826776
,1299,3,0,0.50826776
,1300,0,3,1.0
,1300,1,0,0.7354794
,1300,2,0,0.75203586
,1300,3,0,0.7520358
,1301,0,0,0.82065696
,1301,1,2,1.0
,1301,2,0,0.7572624
,1301,3,0,0.7572624
,1302,0,2,1.0
,1302,1,0,0.73888814
,1302,2,0,0.75831395
,1302,3,0,0.7583201
,1303,0,0,0.7388598
,1303,1,2,1.0
,1303,2,0,0.7577665
,1303,3,0,0.75830626
,1304,0,2,0.9999994
,1304,1,0,0.78211284
,1304,2,0,0.71061975
,1304,3,0,0.7582678
,1305,0,0,0.78237945
,1305,1,0,0.6531073
,1305,2,2,1.0
,1305,3,0,0.7578886
,1306,0,0,0.70619524
,1306,1,3,1.0
,1306,2,0,0.77958757
,1306,3,0,0.7540612
,1307,0,2,1.0
,1307,1,0,0.83610666
,1307,2,0,0.7565496
,1307,3,0,0.7562579
,1308,0,1,0.8878744
,1308,1,3,1.0
,1308,2,1,0.5113123
,1308,3,1,0.51132
,1309,0,2,1.0
,1309,1,0,0.8108316
,1309,2,0,0.75240123
,1309,3,0,0.7524011
,1310,0,1,0.889444
,1310,1,2,1.0
,1310,2,0,0.50081366
,1310,3,0,0.5008143
,1311,0,2,1.0
,1311,1,1,0.8730702
,1311,2,1,0.5097312
,1311,3,1,0.509706
,1312,0,1,0.8868015
,1312,1,3,1.0
,1312,2,1,0.5163227
,1312,3,1,0.5153606
,1313,0,2,1.0
,1313,1,0,0.8531614
,1313,2,0,0.68922347
,1313,3,0,0.7515917
,1314,0,1,0.9993822
,1314,1,1,0.5233616
,1314,2,2,1.0
,1314,3,1,0.5260725
,1315,0,3,1.0
,1315,1,0,0.752338
,1315,2,0,0.73612595
,1315,3,0,0.75230676
,1316,0,0,0.8108129
,1316,1,0,0.75645363
,1316,2,2,1.0
,1316,3,0,0.75645345
,1317,0,2,1.0
,1317,1,0,0.5018201
,1317,2,1,0.90779245
,1317,3,0,0.501831
,1318,0,0,0.7359009
,1318,1,0,0.75171983
,1318,2,3,1.0
,1318,3,0,0.7524223
,1319,0,2,1.0
,1319,1,0,0.6953144
,1319,2,0,0.85259306
,1319,3,0,0.75606024
,1320,0,1,0.8552401
,1320,1,2,1.0
,1320,2,1,0.55702055
,1320,3,0,0.50142246
,1321,0,0,0.74978083
,1321,1,0,0.7586333
,1321,2,2,1.0
,1321,3,0,0.7538645
,1322,0,1,0.51205075
,1322,1,3,1.0
,1322,2,1,0.8877473
,1322,3,1,0.5109971
,1323,0,0,0.69059545
,1323,1,0,0.85260177
,1323,2,2,1.0
,1323,3,0,0.75194865
,1324,0,2,1.0
,1324,1,1,0.5570659
,1324,2,1,0.85526276
,1324,3,0,0.5012908
,1325,0,0,0.72514486
,1325,1,2,1.0
,1325,2,0,0.7482261
,1325,3,0,0.7537674
,1326,0,2,1.0
,1326,1,1,0.85614336
,1326,2,1,0.57665
,1326,3,1,0.50049937
,1327,0,1,0.8841518
,1327,1,1,0.5181415
,1327,2,2,1.0
,1327,3,1,0.5081933
,1328,0,2,1.0
,1328,1,0,0.7061912
,1328,2,0,0.7824901
,1328,3,0,0.7543918
,1329,0,0,0.7259096
,1329,1,2,1.0
,1329,2,0,0.7576617
,1329,3,0,0.7573734
,1330,0,2,1.0
,1330,1,1,0.88264704
,1330,2,0,0.5008208
,1330,3,0,0.5024446
,1331,0,0,0.781613
,1331,1,2,1.0
,1331,2,0,0.64805806
,1331,3,0,0.75408185
,1332,0,0,0.70621103
,1332,1,0,0.77960676
,1332,2,3,1.0
,1332,3,0,0.7540455
,1333,0,2,1.0
,1333,1,0,0.7570226
,1333,2,0,0.77842915
,1333,3,0,0.7572876
,1334,0,0,0.7786599
,1334,1,0,0.70529807
,1334,2,3,1.0
,1334,3,0,0.7535702
,1335,0,0,0.7095206
,1335,1,2,1.0
,1335,2,0,0.8535256
,1335,3,0,0.7569693
,1336,0,2,1.0
,1336,1,0,0.7826981
,1336,2,0,0.7118396
,1336,3,0,0.75823
,1337,0,0,0.78270435
,1337,1,0,0.71094894
,1337,2,2,1.0
,1337,3,0,0.75825137
,1338,0,0,0.710953
,1338,1,2,1.0
,1338,2,0,0.7831932
,1338,3,0,0.7582534
,1339,0,2,1.0
,1339,1,0,0.7388142
,1339,2,0,0.75738144
,1339,3,0,0.75828725
,1340,0,0,0.7817831
,1340,1,2,1.0
,1340,2,0,0.65305895
,1340,3,0,0.75790834
,1341,0,0,0.64820564
,1341,1,0,0.7790071
,1341,2,3,1.0
,1341,3,0,0.7533932
,1342,0,3,1.0
,1342,1,0,0.75212973
,1342,2,0,0.8206479
,1342,3,0,0.7523809
,1343,0,0,0.85352516
,1343,1,0,0.7092393
,1343,2,2,1.0
,1343,3,0,0.75700724
,1344,0,0,0.71183974
,1344,1,2,1.0
,1344,2,0,0.7826981
,1344,3,0,0.7582302
,1345,0,2,1.0
,1345,1,0,0.78318626
,1345,2,0,0.7109444
,1345,3,0,0.75824535
,1346,0,0,0.72586393
,1346,1,0,0.7565323
,1346,2,2,1.0
,1346,3,0,0.7574032
,1347,0,2,1.0
,1347,1,1,0.5594252
,1347,2,1,0.8555795
,1347,3,0,0.5015112
,1348,0,0,0.78261906
,1348,1,2,1.0
,1348,2,0,0.7020782
,1348,3,0,0.75465447
,1349,0,0,0.75769114
,1349,1,0,0.75922716
,1349,2,2,1.0
,1349,3,0,0.75739217
,1350,0,1,0.51185286
,1350,1,3,1.0
,1350,2,1,0.8877454
,1350,3,1,0.51090354
,1351,0,0,0.6896966
,1351,1,0,0.8524351
,1351,2,2,1.0
,1351,3,0,0.75173366
,1352,0,2,1.0
,1352,1,1,0.5751552
,1352,2,1,0.9435821
,1352,3,1,0.51717955
,1353,0,0,0.72514665
,1353,1,2,1.0
,1353,2,0,0.74750257
,1353,3,0,0.7535505
,1354,0,2,1.0
,1354,1,1,0.85522544
,1354,2,1,0.55967337
,1354,3,0,0.50138885
,1355,0,0,0.7252399
,1355,1,0,0.7497548
,1355,2,2,1.0
,1355,3,0,0.7538225
,1356,0,2,1.0
,1356,1,0,0.5022663
,1356,2,1,0.88262147
,1356,3,0,0.502371
,1357,0,0,0.72505885
,1357,1,0,0.7536481
,1357,2,2,1.0
,1357,3,0,0.75364935
,1358,0,2,1.0
,1358,1,0,0.5007503
,1358,2,1,0.88949007
,1358,3,0,0.5007505
,1359,0,1,0.884273
,1359,1,1,0.50849
,1359,2,2,1.0
,1359,3,1,0.5084856
,1360,0,2,1.0
,1360,1,0,0.7541478
,1360,2,0,0.73805624
,1360,3,0,0.7544345
,1361,0,0,0.78245
,1361,1,0,0.7323609
,1361,2,2,1.0
,1361,3,0,0.75740045
,1362,0,1,0.50998104
,1362,1,3,1.0
,1362,2,1,0.88763344
,1362,3,1,0.5106376
,1363,0,0,0.75327235
,1363,1,0,0.82066673
,1363,2,2,1.0
,1363,3,0,0.7532649
,1364,0,0,0.758275
,1364,1,2,1.0
,1364,2,0,0.7388649
,1364,3,0,0.758275
,1365,0,0,0.757997
,1365,1,0,0.6841166
,1365,2,2,1.0
,1365,3,0,0.7580047
,1366,0,0,0.7536216
,1366,1,3,1.0
,1366,2,0,0.77976954
,1366,3,0,0.75429434
,1367,0,0,0.70287
,1367,1,2,1.0
,1367,2,0,0.76148665
,1367,3,0,0.7626277
,1368,0,2,1.0
,1368,1,1,0.8569166
,1368,2,1,0.57636744
,1368,3,1,0.5002875
,1369,0,1,0.8570013
,1369,1,1,0.5788309
,1369,2,2,1.0
,1369,3,1,0.5090555
,1370,0,0,0.7497485
,1370,1,2,1.0
,1370,2,0,0.7586176
,1370,3,0,0.7537294
,1371,0,1,0.5118344
,1371,1,1,0.88773924
,1371,2,3,1.0
,1371,3,1,0.5109859
,1372,0,0,0.70464474
,1372,1,2,1.0
,1372,2,0,0.8538962
,1372,3,0,0.7529067
,1373,0,2,1.0
,1373,1,0,0.7258655
,1373,2,0,0.7584853
,1373,3,0,0.75733817
,1374,0,1,0.90783346
,1374,1,2,1.0
,1374,2,0,0.50174457
,1374,3,0,0.5017236
,1375,0,3,1.0
,1375,1,0,0.7359131
,1375,2,0,0.75187886
,1375,3,0,0.75243044
,1376,0,0,0.85389245
,1376,1,2,1.0
,1376,2,0,0.7092118
,1376,3,0,0.7569775
,1377,0,0,0.759364
,1377,1,0,0.73883563
,1377,2,2,1.0
,1377,3,0,0.75772667
,1378,0,0,0.7582802
,1378,1,2,1.0
,1378,2,0,0.78271824
,1378,3,0,0.71064997
,1379,0,0,0.7582474
,1379,1,0,0.78320545
,1379,2,0,0.7109534
,1379,3,2,1.0
,1380,0,0,0.7577491
,1380,1,0,0.7585711
,1380,2,2,1.0
,1380,3,0,0.73884356
,1381,0,0,0.710655
,1381,1,0,0.7582671
,1381,2,0,0.78321964
,1381,3,2,1.0
,1382,0,2,1.0
,1382,1,0,0.75774896
,1382,2,0,0.7585633
,1382,3,0,0.7388432
,1383,0,0,0.78320986
,1383,1,0,0.71063924
,1383,2,0,0.75757647
,1383,3,2,1.0
,1384,0,0,0.75765324
,1384,1,2,1.0
,1384,2,0,0.69685286
,1384,3,0,0.78239554
,1385,0,0,0.5024355
,1385,1,1,0.8826338
,1385,2,2,1.0
,1385,3,0,0.5030729
,1386,0,0,0.75456977
,1386,1,2,1.0
,1386,2,0,0.73805445
,1386,3,0,0.75457746
,1387,0,0,0.75732744
,1387,1,0,0.72590184
,1387,2,2,1.0
,1387,3,0,0.7573648
,1388,0,1,0.501231
,1388,1,2,1.0
,1388,2,1,0.88954544
,1388,3,0,0.50073785
,1389,0,1,0.587015
,1389,1,1,0.8589867
,1389,2,2,1.0
,1389,3,1,0.5112143
,1390,0,2,1.0
,1390,1,1,0.5956887
,1390,2,1,0.8583144
,1390,3,1,0.5112329
,1391,0,1,0.85738176
,1391,1,2,1.0
,1391,2,1,0.55190617
,1391,3,1,0.5100791
,1392,0,1,0.5265707
,1392,1,1,0.8875651
,1392,2,3,1.0
,1392,3,1,0.5174614
,1393,0,0,0.75254506
,1393,1,2,1.0
,1393,2,0,0.7784405
,1393,3,0,0.7532124
,1394,0,0,0.70525455
,1394,1,0,0.77914846
,1394,2,3,1.0
,1394,3,0,0.75351286
,1395,0,2,1.0
,1395,1,0,0.75556576
,1395,2,0,0.8108069
,1395,3,0,0.75642955
,1396,0,1,0.8551674
,1396,1,1,0.55930626
,1396,2,2,1.0
,1396,3,0,0.50160855
,1397,0,0,0.74858785
,1397,1,2,1.0
,1397,2,0,0.7587494
,1397,3,0,0.75385296
,1398,0,1,0.5724737
,1398,1,1,0.86154526
,1398,2,3,1.0
,1398,3,1,0.5115213
,1399,0,2,1.0
,1399,1,0,0.68619156
,1399,2,0,0.85260016
,1399,3,0,0.7521226
,1400,0,1,0.85572207
,1400,1,2,1.0
,1400,2,1,0.5570855
,1400,3,0,0.50128114
,1401,0,0,0.6880307
,1401,1,0,0.78179824
,1401,2,2,1.0
,1401,3,0,0.75372833
,1402,0,2,1.0
,1402,1,0,0.5029725
,1402,2,1,0.88266337
,1402,3,0,0.50132805
,1403,0,0,0.7816532
,1403,1,0,0.7524274
,1403,2,2,1.0
,1403,3,0,0.69247407
,1404,0,0,0.50205827
,1404,1,1,0.5596372
,1404,2,1,0.8552599
,1404,3,2,1.0
,1405,0,0,0.7543731
,1405,1,2,1.0
,1405,2,0,0.74905986
,1405,3,0,0.683769
,1406,0,0,0.7531691
,1406,1,0,0.77832913
,1406,2,0,0.6477093
,1406,3,3,1.0
,1407,0,0,0.75186
,1407,1,0,0.7037463
,1407,2,3,1.0
,1407,3,0,0.8539415
,1408,0,0,0.75668037
,1408,1,2,1.0
,1408,2,0,0.8206555
,1408,3,0,0.7583847
,1409,0,0,0.71065295
,1409,1,0,0.7825855
,1409,2,2,1.0
,1409,3,0,0.75828195
,1410,0,2,1.0
,1410,1,0,0.6962294
,1410,2,0,0.7810867
,1410,3,0,0.75713634
,1411,0,1,0.9437321
,1411,1,2,1.0
,1411,2,1,0.57698065
,1411,3,1,0.51702374
,1412,0,0,0.70089567
,1412,1,0,0.78257996
,1412,2,2,1.0
,1412,3,0,0.75440466
,1413,0,2,1.0
,1413,1,0,0.75704235
,1413,2,0,0.725891
,1413,3,0,0.7573422
,1414,0,1,0.85633147
,1414,1,1,0.5318722
,1414,2,2,1.0
,1414,3,0,0.50088173
,1415,0,1,0.58761793
,1415,1,3,1.0
,1415,2,1,0.86096936
,1415,3,1,0.51783866
,1416,0,2,1.0
,1416,1,0,0.81073874
,1416,2,0,0.7460954
,1416,3,0,0.75246716
,1417,0,1,0.8565032
,1417,1,2,1.0
,1417,2,1,0.6256062
,1417,3,1,0.5006105
,1418,0,0,0.69826984
,1418,1,0,0.7787908
,1418,2,3,1.0
,1418,3,0,0.75143975
,1419,0,2,1.0
,1419,1,0,0.65171367
,1419,2,0,0.85309774
,1419,3,0,0.7564946
,1420,0,0,0.77901065
,1420,1,3,1.0
,1420,2,0,0.64921916
,1420,3,0,0.75337374
,1421,0,0,0.752682
,1421,1,0,0.8206609
,1421,2,3,1.0
,1421,3,0,0.7523814
,1422,0,0,0.7572703
,1422,1,2,1.0
,1422,2,0,0.8206586
,1422,3,0,0.75728023
,1423,0,0,0.75628155
,1423,1,0,0.75938624
,1423,2,2,1.0
,1423,3,0,0.75745517
,1424,0,1,0.5722719
,1424,1,3,1.0
,1424,2,1,0.8615429
,1424,3,1,0.51142216
,1425,0,2,1.0
,1425,1,0,0.8533762
,1425,2,0,0.6862142
,1425,3,0,0.7521082
,1426,0,1,0.8895269
,1426,1,0,0.5032026
,1426,2,2,1.0
,1426,3,0,0.50059366
,1427,0,2,1.0
,1427,1,1,0.51029885
,1427,2,1,0.8913874
,1427,3,1,0.51031333
,1428,0,1,0.95851463
,1428,1,1,0.52871746
,1428,2,2,1.0
,1428,3,1,0.52671176
,1429,0,2,1.0
,1429,1,1,0.6034332
,1429,2,1,0.9444775
,1429,3,1,0.52758265
,1430,0,1,0.9555927
,1430,1,2,1.0
,1430,2,1,0.5366337
,1430,3,1,0.5256076
,1431,0,2,1.0
,1431,1,0,0.7241385
,1431,2,0,0.752934
,1431,3,0,0.7530417
,1432,0,1,0.9551779
,1432,1,2,1.0
,1432,2,1,0.5167867
,1432,3,1,0.51771474
,1433,0,2,1.0
,1433,1,0,0.78137827
,1433,2,0,0.7518878
,1433,3,0,0.6912405
,1434,0,1,0.94358146
,1434,1,1,0.51713324
,1434,2,1,0.57774407
,1434,3,2,1.0
,1435,0,0,0.74901
,1435,1,0,0.7063413
,1435,2,2,1.0
,1435,3,0,0.78259706
,1436,0,0,0.7105062
,1436,1,2,1.0
,1436,2,0,0.78254735
,1436,3,0,0.75851154
,1437,0,2,1.0
,1437,1,0,0.7821652
,1437,2,0,0.69624335
,1437,3,0,0.75709355
,1438,0,1,0.9579813
,1438,1,1,0.51727325
,1438,2,2,1.0
,1438,3,1,0.51950896
,1439,0,2,1.0
,1439,1,1,0.51013845
,1439,2,1,0.85774076
,1439,3,1,0.57088476
,1440,0,0,0.7816772
,1440,1,0,0.7520829
,1440,2,0,0.6878771
,1440,3,2,1.0
,1441,0,1,0.50323826
,1441,1,1,0.5768889
,1441,2,2,1.0
,1441,3,1,0.85624176
,1442,0,1,0.6350661
,1442,1,2,1.0
,1442,2,1,0.8581816
,1442,3,1,0.52012825
,1443,0,3,1.0
,1443,1,0,0.77993417
,1443,2,0,0.69827646
,1443,3,0,0.7500136
,1444,0,0,0.8539149
,1444,1,0,0.75681245
,1444,2,2,1.0
,1444,3,0,0.6510015
,1445,0,0,0.754542
,1445,1,0,0.75411075
,1445,2,0,0.7346737
,1445,3,3,1.0
,1446,0,0,0.6953955
,1446,1,0,0.7560881
,1446,2,2,1.0
,1446,3,0,0.8533876
,1447,0,2,1.0
,1447,1,0,0.5023942
,1447,2,1,0.88263494
,1447,3,0,0.5049007
,1448,0,0,0.7250838
,1448,1,0,0.75365937
,1448,2,2,1.0
,1448,3,0,0.7537062
,1449,0,2,1.0
,1449,1,0,0.50138867
,1449,2,1,0.88263345
,1449,3,0,0.50233954
,1450,0,0,0.7814499
,1450,1,0,0.6916005
,1450,2,2,1.0
,1450,3,0,0.75338244
,1451,0,1,0.5167596
,1451,1,2,1.0
,1451,2,1,0.9551813
,1451,3,1,0.51676273
,1452,0,0,0.70613915
,1452,1,0,0.7824376
,1452,2,2,1.0
,1452,3,0,0.754232
,1453,0,2,1.0
,1453,1,0,0.75769264
,1453,2,0,0.7259123
,1453,3,0,0.75737214
,1454,0,1,0.88260895
,1454,1,0,0.5025006
,1454,2,2,1.0
,1454,3,0,0.50249255
,1455,0,2,1.0
,1455,1,0,0.7545544
,1455,2,0,0.738054
,1455,3,0,0.7545708
,1456,0,0,0.7258373
,1456,1,0,0.7558989
,1456,2,2,1.0
,1456,3,0,0.757342
,1457,0,2,1.0
,1457,1,1,0.5764692
,1457,2,1,0.8565667
,1457,3,1,0.5004379
,1458,0,1,0.858137
,1458,1,2,1.0
,1458,2,1,0.55162543
,1458,3,1,0.5097498
,1459,0,1,0.587574
,1459,1,1,0.8609123
,1459,2,3,1.0
,1459,3,1,0.5180278
,1460,0,2,1.0
,1460,1,0,0.7484963
,1460,2,0,0.81082565
,1460,3,0,0.7524952
,1461,0,1,0.8895467
,1461,1,1,0.50264335
,1461,2,2,1.0
,1461,3,0,0.500689
,1462,0,2,1.0
,1462,1,1,0.6353308
,1462,2,1,0.85831684
,1462,3,1,0.5111326
,1463,0,0,0.77880996
,1463,1,3,1.0
,1463,2,0,0.6982763
,1463,3,0,0.751344
,1464,0,0,0.65140986
,1464,1,0,0.8539149
,1464,2,2,1.0
,1464,3,0,0.75648713
,1465,0,3,1.0
,1465,1,0,0.75453967
,1465,2,0,0.7346716
,1465,3,0,0.7541046
,1466,0,0,0.85334283
,1466,1,0,0.69536364
,1466,2,2,1.0
,1466,3,0,0.7560575
,1467,0,0,0.5011932
,1467,1,2,1.0
,1467,2,1,0.8895641
,1467,3,0,0.5006536
,1468,0,1,0.58695513
,1468,1,1,0.8589876
,1468,2,2,1.0
,1468,3,1,0.5112172
,1469,0,2,1.0
,1469,1,1,0.5957838
,1469,2,1,0.8588751
,1469,3,1,0.51127607
,1470,0,1,0.8579182
,1470,1,2,1.0
,1470,2,1,0.59567547
,1470,3,1,0.5112334
,1471,0,1,0.5203676
,1471,1,1,0.87289023
,1471,2,2,1.0
,1471,3,1,0.50980085
,1472,0,1,0.5769421
,1472,1,3,1.0
,1472,2,1,0.86035234
,1472,3,1,0.5159658
,1473,0,2,1.0
,1473,1,0,0.8538975
,1473,2,0,0.7003831
,1473,3,0,0.75303936
,1474,0,0,0.73883635
,1474,1,0,0.75906867
,1474,2,2,1.0
,1474,3,0,0.75820684
,1475,0,2,1.0
,1475,1,0,0.73255676
,1475,2,0,0.7813536
,1475,3,0,0.757416
,1476,0,1,0.860987
,1476,1,3,1.0
,1476,2,1,0.571407
,1476,3,1,0.5121041
,1477,0,0,0.7487049
,1477,1,0,0.85375524
,1477,2,2,1.0
,1477,3,0,0.69353235
,1478,0,0,0.55544287
,1478,1,0,0.5579176
,1478,2,1,0.74558365
,1478,3,2,1.0
,1479,0,0,0.75499
,1479,1,0,0.75501853
,1479,2,2,1.0
,1479,3,0,0.7277059
,1480,0,0,0.5538359
,1480,1,0,0.55385584
,1480,2,1,0.72501737
,1480,3,2,1.0
,1481,0,1,0.5150568
,1481,1,1,0.51431257
,1481,2,3,1.0
,1481,3,1,0.88702977
,1482,0,0,0.7046168
,1482,1,0,0.7528831
,1482,2,0,0.8535341
,1482,3,2,1.0
,1483,0,2,1.0
,1483,1,0,0.7581786
,1483,2,0,0.71183485
,1483,3,0,0.7826941
,1484,0,0,0.7831981
,1484,1,0,0.7582175
,1484,2,2,1.0
,1484,3,0,0.7109435
,1485,0,0,0.7576505
,1485,1,0,0.7549921
,1485,2,0,0.7257536
,1485,3,2,1.0
,1486,0,1,0.5005799
,1486,1,1,0.62548876
,1486,2,2,1.0
,1486,3,1,0.8565507
,1487,0,0,0.7514392
,1487,1,3,1.0
,1487,2,0,0.77878946
,1487,3,0,0.69826823
,1488,0,0,0.7564933
,1488,1,0,0.8539241
,1488,2,0,0.6516461
,1488,3,2,1.0
,1489,0,0,0.7535445
,1489,1,0,0.75468343
,1489,2,3,1.0
,1489,3,0,0.68002856
,1490,0,0,0.75189275
,1490,1,0,0.7521948
,1490,2,0,0.82065415
,1490,3,3,1.0
,1491,0,0,0.7312139
,1491,1,0,0.75619644
,1491,2,2,1.0
,1491,3,0,0.8524765
,1492,0,3,1.0
,1492,1,1,0.51118815
,1492,2,1,0.8609755
,1492,3,1,0.5695119
,1493,0,0,0.82066333
,1493,1,0,0.7534326
,1493,2,0,0.74887484
,1493,3,2,1.0
,1494,0,2,1.0
,1494,1,0,0.7582291
,1494,2,0,0.71055806
,1494,3,0,0.7832162
,1495,0,0,0.7258203
,1495,1,0,0.7573668
,1495,2,2,1.0
,1495,3,0,0.75620866
,1496,0,2,1.0
,1496,1,1,0.5005171
,1496,2,1,0.8571079
,1496,3,1,0.5765611
,1497,0,1,0.85757583
,1497,1,1,0.5121516
,1497,2,1,0.59324634
,1497,3,2,1.0
,1498,0,0,0.52397746
,1498,1,1,0.5440792
,1498,2,2,1.0
,1498,3,1,0.70064163
,1499,0,1,0.5088751
,1499,1,2,1.0
,1499,2,1,0.85678774
,1499,3,1,0.5743998
,1500,0,0,0.6925057
,1500,1,0,0.7817754
,1500,2,0,0.74845344
,1500,3,2,1.0
,1501,0,2,1.0
,1501,1,0,0.5020384
,1501,2,1,0.5597325
,1501,3,1,0.8557254
,1502,0,0,0.78176963
,1502,1,0,0.75368553
,1502,2,2,1.0
,1502,3,0,0.6879981
,1503,0,0,0.50127524
,1503,1,1,0.50141865
,1503,2,1,0.8895796
,1503,3,2,1.0
,1504,0,1,0.5112125
,1504,1,1,0.5871058
,1504,2,2,1.0
,1504,3,1,0.8596028
,1505,0,1,0.5112098
,1505,1,2,1.0
,1505,2,1,0.8582119
,1505,3,1,0.64373547
,1506,0,0,0.7513691
,1506,1,0,0.7799564
,1506,2,0,0.6983637
,1506,3,3,1.0
,1507,0,0,0.7565174
,1507,1,0,0.75684404
,1507,2,2,1.0
,1507,3,0,0.8308766
,1508,0,0,0.51804477
,1508,1,0,0.51805294
,1508,2,1,0.7499061
,1508,3,3,1.0
,1509,0,0,0.7528797
,1509,1,0,0.7528798
,1509,2,2,1.0
,1509,3,0,0.81083
,1510,0,0,0.5008196
,1510,1,0,0.5008196
,1510,2,1,0.88945466
,1510,3,2,1.0
,1511,0,1,0.5100333
,1511,1,1,0.5100333
,1511,2,2,1.0
,1511,3,1,0.8910329
,1512,0,1,0.508818
,1512,1,1,0.508818
,1512,2,1,0.8842931
,1512,3,2,1.0
,1513,0,0,0.75442964
,1513,1,0,0.7544298
,1513,2,2,1.0
,1513,3,0,0.7380601
,1514,0,0,0.7573034
,1514,1,0,0.75731814
,1514,2,0,0.7616842
,1514,3,2,1.0
,1515,0,1,0.5219003
,1515,1,1,0.5211454
,1515,2,3,1.0
,1515,3,1,0.966249
,1516,0,0,0.7016906
,1516,1,0,0.75032437
,1516,2,0,0.85392183
,1516,3,3,1.0
,1517,0,2,1.0
,1517,1,0,0.7563772
,1517,2,0,0.75756073
,1517,3,0,0.81082195
,1518,0,1,0.88944894
,1518,1,0,0.50092566
,1518,2,0,0.5009561
,1518,3,2,1.0
,1519,0,2,1.0
,1519,1,1,0.5100306
,1519,2,1,0.5100304
,1519,3,1,0.891033
,1520,0,1,0.8842994
,1520,1,1,0.5088315
,1520,2,1,0.5088539
,1520,3,2,1.0
,1521,0,2,1.0
,1521,1,0,0.7534857
,1521,2,0,0.7520271
,1521,3,0,0.72498035
,1522,0,1,0.8561555
,1522,1,1,0.50055104
,1522,2,1,0.57658803
,1522,3,2,1.0
,1523,0,1,0.5189852
,1523,1,1,0.5097708
,1523,2,2,1.0
,1523,3,1,0.89091516
,1524,0,1,0.51027274
,1524,1,1,0.5100338
,1524,2,1,0.873095
,1524,3,2,1.0
,1525,0,1,0.51536465
,1525,1,1,0.5153498
,1525,2,3,1.0
,1525,3,1,0.8867807
,1526,0,0,0.75179815
,1526,1,0,0.752362
,1526,2,0,0.81084555
,1526,3,2,1.0
,1527,0,1,0.52844423
,1527,1,0,0.5009241
,1527,2,2,1.0
,1527,3,1,0.8562668
,1528,0,3,1.0
,1528,1,1,0.5279813
,1528,2,1,0.94523466
,1528,3,1,0.5975988
,1529,0,0,0.85389507
,1529,1,0,0.7528575
,1529,2,0,0.6992429
,1529,3,2,1.0
,1530,0,0,0.7584943
,1530,1,0,0.7573463
,1530,2,2,1.0
,1530,3,0,0.72590214
,1531,0,0,0.5025046
,1531,1,0,0.50247496
,1531,2,1,0.88261473
,1531,3,2,1.0
,1532,0,0,0.75342864
,1532,1,0,0.75342906
,1532,2,2,1.0
,1532,3,0,0.7242078
,1533,0,1,0.5180018
,1533,1,1,0.5179588
,1533,2,1,0.95047885
,1533,3,2,1.0
,1534,0,1,0.51680064
,1534,1,1,0.51515406
,1534,2,3,1.0
,1534,3,1,0.88666564
,1535,0,0,0.64571893
,1535,1,0,0.75231475
,1535,2,0,0.85392207
,1535,3,2,1.0
,1536,0,3,1.0
,1536,1,0,0.7544043
,1536,2,0,0.75493497
,1536,3,0,0.7799367
,1537,0,2,1.0
,1537,1,0,0.7631924
,1537,2,0,0.7055487
,1537,3,0,0.7634602
,1538,0,1,0.745557
,1538,1,0,0.5559834
,1538,2,2,1.0
,1538,3,0,0.5552613
,1539,0,2,1.0
,1539,1,0,0.75528324
,1539,2,0,0.7826384
,1539,3,0,0.707325
,1540,0,0,0.7250147
,1540,1,0,0.755971
,1540,2,0,0.7574462
,1540,3,2,1.0
,1541,0,2,1.0
,1541,1,1,0.577611
,1541,2,1,0.5177368
,1541,3,1,0.9435693
,1542,0,0,0.782097
,1542,1,2,1.0
,1542,2,0,0.7063347
,1542,3,0,0.7495636
,1543,0,0,0.71094215
,1543,1,0,0.78320265
,1543,2,2,1.0
,1543,3,0,0.7581514
,1544,0,2,1.0
,1544,1,0,0.75857323
,1544,2,0,0.73884815
,1544,3,0,0.7582816
,1545,0,0,0.73885036
,1545,1,0,0.7582972
,1545,2,2,1.0
,1545,3,0,0.7576005
,1546,0,2,1.0
,1546,1,0,0.75713336
,1546,2,0,0.7821161
,1546,3,0,0.69593674
,1547,0,1,0.95813113
,1547,1,1,0.51820016
,1547,2,1,0.52080154
,1547,3,2,1.0
,1548,0,2,1.0
,1548,1,1,0.5263408
,1548,2,1,0.64933884
,1548,3,1,0.94431424
,1549,0,0,0.73510396
,1549,1,0,0.7507121
,1549,2,3,1.0
,1549,3,0,0.7464239
,1550,0,2,1.0
,1550,1,0,0.70916426
,1550,2,0,0.8530831
,1550,3,0,0.75691503
,1551,0,0,0.78237414
,1551,1,2,1.0
,1551,2,0,0.6540952
,1551,3,0,0.7578675
,1552,0,0,0.7061744
,1552,1,0,0.7790827
,1552,2,3,1.0
,1552,3,0,0.75406533
,1553,0,2,1.0
,1553,1,0,0.7095308
,1553,2,0,0.85389274
,1553,3,0,0.7569705
,1554,0,0,0.73883593
,1554,1,2,1.0
,1554,2,0,0.759364
,1554,3,0,0.7577267
,1555,0,2,1.0
,1555,1,0,0.7832196
,1555,2,0,0.7582821
,1555,3,0,0.7106548
,1556,0,0,0.73884016
,1556,1,0,0.75856555
,1556,2,0,0.758283
,1556,3,2,1.0
,1557,0,2,1.0
,1557,1,0,0.75744253
,1557,2,0,0.7574394
,1557,3,0,0.72593385
,1558,0,1,0.8826101
,1558,1,0,0.5024849
,1558,2,0,0.50248486
,1558,3,2,1.0
,1559,0,2,1.0
,1559,1,0,0.75398856
,1559,2,0,0.7539885
,1559,3,0,0.7512608
,1560,0,1,0.7497716
,1560,1,0,0.5191525
,1560,2,0,0.5191526
,1560,3,3,1.0
,1561,0,2,1.0
,1561,1,0,0.753747
,1561,2,0,0.7537471
,1561,3,0,0.82066536
,1562,0,0,0.73888654
,1562,1,0,0.7582784
,1562,2,0,0.7582785
,1562,3,2,1.0
,1563,0,2,1.0
,1563,1,0,0.75829947
,1563,2,0,0.7582998
,1563,3,0,0.73885685
,1564,0,0,0.7259299
,1564,1,0,0.7573855
,1564,2,0,0.75741553
,1564,3,2,1.0
,1565,0,2,1.0
,1565,1,1,0.5003713
,1565,2,0,0.50121826
,1565,3,1,0.8712038
,1566,0,1,0.8599955
,1566,1,1,0.576379
,1566,2,1,0.51565945
,1566,3,3,1.0
,1567,0,0,0.7474068
,1567,1,2,1.0
,1567,2,0,0.75254256
,1567,3,0,0.81081414
,1568,0,1,0.5595637
,1568,1,1,0.85563403
,1568,2,0,0.50148314
,1568,3,2,1.0
,1569,0,2,1.0
,1569,1,0,0.68803173
,1569,2,0,0.75374836
,1569,3,0,0.78178537
,1570,0,1,0.8826539
,1570,1,2,1.0
,1570,2,0,0.5022876
,1570,3,0,0.5022714
,1571,0,2,1.0
,1571,1,0,0.78249633
,1571,2,0,0.7545181
,1571,3,0,0.70645946
,1572,0,0,0.72588855
,1572,1,0,0.75767756
,1572,2,0,0.75735956
,1572,3,2,1.0
,1573,0,2,1.0
,1573,1,0,0.5015364
,1573,2,0,0.5015282
,1573,3,1,0.88843036
,1574,0,1,0.7592317
,1574,1,0,0.5362436
,1574,2,0,0.53624344
,1574,3,2,1.0
,1575,0,2,1.0
,1575,1,1,0.5081404
,1575,2,1,0.5081403
,1575,3,1,0.8727369
,1576,0,1,0.9108607
,1576,1,1,0.5157371
,1576,2,1,0.51573706
,1576,3,3,1.0
,1577,0,3,1.0
,1577,1,0,0.75069976
,1577,2,0,0.7506997
,1577,3,0,0.8206462
,1578,0,0,0.778597
,1578,1,0,0.75730854
,1578,2,0,0.75730866
,1578,3,2,1.0
,1579,0,3,1.0
,1579,1,0,0.7530438
,1579,2,0,0.7530437
,1579,3,0,0.67946684
,1580,0,0,0.82065994
,1580,1,0,0.75217825
,1580,2,0,0.7521779
,1580,3,3,1.0
,1581,0,2,1.0
,1581,1,0,0.7564599
,1581,2,0,0.7564297
,1581,3,0,0.8108383
,1582,0,1,0.8711476
,1582,1,0,0.501328
,1582,2,1,0.5002616
,1582,3,2,1.0
,1583,0,3,1.0
,1583,1,1,0.5156562
,1583,2,1,0.576375
,1583,3,1,0.8599914
,1584,0,0,0.81083643
,1584,1,0,0.7525328
,1584,2,2,1.0
,1584,3,0,0.74794114
,1585,0,2,1.0
,1585,1,0,0.5008996
,1585,2,1,0.8554895
,1585,3,1,0.5321469
,1586,0,1,0.88761365
,1586,1,1,0.5172746
,1586,2,1,0.527357
,1586,3,3,1.0
,1587,0,2,1.0
,1587,1,0,0.7528456
,1587,2,0,0.70445466
,1587,3,0,0.8535342
,1588,0,0,0.7826941
,1588,1,0,0.75817853
,1588,2,2,1.0
,1588,3,0,0.7118346
,1589,0,0,0.71094865
,1589,1,0,0.7582447
,1589,2,0,0.78270423
,1589,3,2,1.0
,1590,0,2,1.0
,1590,1,0,0.7577114
,1590,2,0,0.710948
,1590,3,0,0.7832036
,1591,0,0,0.7827036
,1591,1,0,0.7106308
,1591,2,2,1.0
,1591,3,0,0.75853366
,1592,0,0,0.7109484
,1592,1,2,1.0
,1592,2,0,0.7827039
,1592,3,0,0.75825435
,1593,0,2,1.0
,1593,1,0,0.7831957
,1593,2,0,0.71094495
,1593,3,0,0.7582428
,1594,0,0,0.7250318
,1594,1,0,0.75746405
,1594,2,2,1.0
,1594,3,0,0.75719494
,1595,0,2,1.0
,1595,1,1,0.5175471
,1595,2,1,0.96536434
,1595,3,1,0.5168067
,1596,0,0,0.78027296
,1596,1,0,0.70384574
,1596,2,3,0.99999857
,1596,3,0,0.7522673
,1597,0,0,0.7095329
,1597,1,2,1.0
,1597,2,0,0.8538877
,1597,3,0,0.75625926
,1598,0,2,1.0
,1598,1,0,0.78184724
,1598,2,0,0.75841755
,1598,3,0,0.69681615
,1599,0,1,0.8571678
,1599,1,1,0.5277547
,1599,2,0,0.50085354
,1599,3,2,1.0
,1600,0,1,0.6589553
,1600,1,3,1.0
,1600,2,1,0.52907693
,1600,3,1,0.9452071
,1601,0,3,1.0
,1601,1,0,0.85393184
,1601,2,0,0.7002696
,1601,3,0,0.74345917
,1602,0,0,0.8522109
,1602,1,0,0.75694203
,1602,2,2,1.0
,1602,3,0,0.69424886
,1603,0,1,0.59148693
,1603,1,1,0.51841193
,1603,2,1,0.9439093
,1603,3,2,1.0
,1604,0,2,1.0
,1604,1,1,0.5104519
,1604,2,1,0.52148074
,1604,3,1,0.8910155
,1605,0,1,0.9091538
,1605,1,1,0.5094832
,1605,2,1,0.50976473
,1605,3,2,1.0
,1606,0,3,1.0
,1606,1,0,0.75199807
,1606,2,0,0.7522839
,1606,3,0,0.73591626
,1607,0,0,0.8532678
,1607,1,0,0.73116267
,1607,2,0,0.7561767
,1607,3,2,1.0
,1608,0,1,0.50925285
,1608,1,3,1.0
,1608,2,1,0.51104236
,1608,3,1,0.9114669
,1609,0,0,0.70166284
,1609,1,0,0.8539235
,1609,2,0,0.7502699
,1609,3,3,1.0
,1610,0,2,1.0
,1610,1,0,0.7575893
,1610,2,0,0.7563913
,1610,3,0,0.8108408
,1611,0,1,0.8825659
,1611,1,0,0.5026144
,1611,2,0,0.5018452
,1611,3,2,1.0
,1612,0,2,0.99999666
,1612,1,0,0.75453055
,1612,2,0,0.7064634
,1612,3,0,0.78249854
,1613,0,0,0.73884016
,1613,1,0,0.75824255
,1613,2,2,1.0
,1613,3,0,0.7580204
,1614,0,2,1.0
,1614,1,0,0.7582694
,1614,2,0,0.78321946
,1614,3,0,0.7106586
,1615,0,0,0.73885345
,1615,1,0,0.7582785
,1615,2,0,0.75856113
,1615,3,2,1.0
,1616,0,2,1.0
,1616,1,0,0.7573647
,1616,2,0,0.75736785
,1616,3,0,0.7616616
,1617,0,1,0.95648
,1617,1,1,0.5210691
,1617,2,1,0.521069
,1617,3,3,1.0
,1618,0,2,1.0
,1618,1,0,0.7530867
,1618,2,0,0.75308675
,1618,3,0,0.82066745
,1619,0,0,0.7388988
,1619,1,0,0.7582689
,1619,2,0,0.7582689
,1619,3,2,1.0
,1620,0,2,1.0
,1620,1,0,0.7584629
,1620,2,0,0.7584629
,1620,3,0,0.7831273
,1621,0,2,1.0
,1621,1,0,0.76142275
,1621,2,0,0.7614224
,1621,3,0,0.7369517
,1622,0,1,0.8876397
,1622,1,1,0.5105531
,1622,2,1,0.51057106
,1622,3,3,1.0
,1623,0,2,1.0
,1623,1,0,0.7524142
,1623,2,0,0.7512485
,1623,3,0,0.810816
,1624,0,1,0.85530484
,1624,1,0,0.50120735
,1624,2,1,0.55945617
,1624,3,2,1.0
,1625,0,0,0.73184025
,1625,1,0,0.73609644
,1625,2,2,1.0
,1625,3,0,0.7655233
,1626,0,0,1.0
,1626,1,0,1.0
,1626,2,0,1.0
,1626,3,2,0.5154255
,1627,0,0,0.75946265
,1627,1,0,0.75946283
,1627,2,2,1.0
,1627,3,0,0.7666905
,1628,0,0,0.5007465
,1628,1,0,0.5007568
,1628,2,1,0.8898127
,1628,3,2,1.0
,1629,0,1,0.52526164
,1629,1,1,0.5248761
,1629,2,2,1.0
,1629,3,1,0.9555953
,1630,0,0,0.7281482
,1630,1,0,0.7533178
,1630,2,0,0.78058684
,1630,3,2,1.0
,1631,0,3,1.0
,1631,1,1,0.51126707
,1631,2,1,0.57138574
,1631,3,1,0.86132854
,1632,0,0,0.8538926
,1632,1,0,0.75308007
,1632,2,2,1.0
,1632,3,0,0.7003706
,1633,0,0,0.75851065
,1633,1,0,0.75736606
,1633,2,0,0.75921553
,1633,3,2,1.0
,1634,0,1,0.5108641
,1634,1,1,0.5108941
,1634,2,3,1.0
,1634,3,1,0.8877246
,1635,0,0,0.7521167
,1635,1,0,0.75211656
,1635,2,0,0.8384138
,1635,3,2,1.0
,1636,0,1,0.5245556
,1636,1,1,0.52454484
,1636,2,3,1.0
,1636,3,1,0.9838213
,1637,0,0,0.75230587
,1637,1,0,0.75300986
,1637,2,0,0.8206592
,1637,3,2,1.0
,1638,0,0,0.695863
,1638,1,0,0.75708234
,1638,2,2,1.0
,1638,3,0,0.780809
,1639,0,2,1.0
,1639,1,1,0.5186867
,1639,2,1,0.9443928
,1639,3,1,0.59421426
,1640,0,1,0.9444408
,1640,1,1,0.5272832
,1640,2,1,0.6138854
,1640,3,2,1.0
,1641,0,1,0.53810376
,1641,1,1,0.5270718
,1641,2,2,1.0
,1641,3,1,0.9584988
,1642,0,1,0.52614105
,1642,1,1,0.5258491
,1642,2,1,0.9657163
,1642,3,2,1.0
,1643,0,0,0.7522372
,1643,1,0,0.7522405
,1643,2,3,1.0
,1643,3,0,0.7360546
,1644,0,0,0.7572952
,1644,1,0,0.7572952
,1644,2,0,0.77840537
,1644,3,2,1.0
,1645,0,0,0.75364655
,1645,1,0,0.75364655
,1645,2,3,1.0
,1645,3,0,0.734236
,1646,0,0,0.7572762
,1646,1,0,0.7572762
,1646,2,0,0.8206571
,1646,3,2,1.0
,1647,0,0,0.7583226
,1647,1,0,0.7583226
,1647,2,2,1.0
,1647,3,0,0.738867
,1648,0,0,0.75800866
,1648,1,0,0.75800866
,1648,2,0,0.6842583
,1648,3,2,1.0
,1649,0,0,0.75397587
,1649,1,0,0.75397587
,1649,2,3,1.0
,1649,3,0,0.73454994
,1650,0,0,0.757026
,1650,1,0,0.757026
,1650,2,0,0.81273824
,1650,3,2,1.0
,1651,0,0,0.55620116
,1651,1,0,0.5562011
,1651,2,2,1.0
,1651,3,1,0.74551976
,1652,0,0,0.75446534
,1652,1,0,0.75446534
,1652,2,0,0.7252575
,1652,3,2,1.0
,1653,0,0,0.502404
,1653,1,0,0.502404
,1653,2,2,1.0
,1653,3,1,0.8826142
,1654,0,0,0.75457823
,1654,1,0,0.75457823
,1654,2,0,0.7380631
,1654,3,2,1.0
,1655,0,0,0.7582533
,1655,1,0,0.7582533
,1655,2,2,1.0
,1655,3,0,0.7388658
,1656,0,0,0.757455
,1656,1,0,0.757455
,1656,2,0,0.7592429
,1656,3,2,1.0
,1657,0,1,0.510874
,1657,1,1,0.510874
,1657,2,3,1.0
,1657,3,1,0.8877227
,1658,0,0,0.7532881
,1658,1,0,0.7532881
,1658,2,0,0.77841854
,1658,3,2,1.0
,1659,0,0,0.7535852
,1659,1,0,0.7535852
,1659,2,3,1.0
,1659,3,0,0.73422503
,1660,0,0,0.7562716
,1660,1,0,0.7562716
,1660,2,0,0.8361062
,1660,3,2,1.0
,1661,0,1,0.5113067
,1661,1,1,0.5113066
,1661,2,3,1.0
,1661,3,1,0.8878721
,1662,0,0,0.7532738
,1662,1,0,0.7532821
,1662,2,0,0.77842116
,1662,3,2,1.0
,1663,0,0,0.7528672
,1663,1,0,0.7535775
,1663,2,3,1.0
,1663,3,0,0.7341959
,1664,0,0,0.6941355
,1664,1,0,0.75575495
,1664,2,0,0.8521431
,1664,3,2,1.0
,1665,0,2,1.0
,1665,1,1,0.52448356
,1665,2,1,0.59797424
,1665,3,1,0.9793846
,1666,0,1,0.9442808
,1666,1,1,0.5258674
,1666,2,2,1.0
,1666,3,1,0.5979222
,1667,0,0,0.68584055
,1667,1,0,0.7531447
,1667,2,0,0.78043985
,1667,3,2,1.0
,1668,0,2,1.0
,1668,1,1,0.5171551
,1668,2,1,0.5770218
,1668,3,1,0.9437843
,1669,0,0,0.7815249
,1669,1,0,0.7532349
,1669,2,2,1.0
,1669,3,0,0.68587863
,1670,0,1,0.51762116
,1670,1,1,0.51836807
,1670,2,1,0.95817614
,1670,3,2,1.0
,1671,0,1,0.53245795
,1671,1,1,0.53247786
,1671,2,2,1.0
,1671,3,1,0.9940088
,1672,0,0,0.7540806
,1672,1,0,0.7540804
,1672,2,0,0.7379661
,1672,3,2,1.0
,1673,0,0,0.75824517
,1673,1,0,0.7582452
,1673,2,2,1.0
,1673,3,0,0.73886883
,1674,0,0,0.7573376
,1674,1,0,0.7573375
,1674,2,0,0.76244295
,1674,3,2,1.0
,1675,0,1,0.52437204
,1675,1,1,0.52437204
,1675,2,3,1.0
,1675,3,1,0.9838145
,1676,0,0,0.75199324
,1676,1,0,0.75199324
,1676,2,0,0.83611834
,1676,3,2,1.0
,1677,0,1,0.51144224
,1677,1,1,0.51144224
,1677,2,3,1.0
,1677,3,1,0.88787824
,1678,0,0,0.75240535
,1678,1,0,0.75240576
,1678,2,0,0.8108498
,1678,3,2,1.0
,1679,0,0,0.50123876
,1679,1,0,0.50125825
,1679,2,2,1.0
,1679,3,1,0.8712253
,1680,0,1,0.5157704
,1680,1,1,0.5150262
,1680,2,1,0.88678396
,1680,3,3,1.0
,1681,0,0,0.70460004
,1681,1,0,0.7528658
,1681,2,2,1.0
,1681,3,0,0.8534223
,1682,0,2,1.0
,1682,1,0,0.7570423
,1682,2,0,0.78164816
,1682,3,0,0.69716144
,1683,0,1,0.9437734
,1683,1,1,0.5181867
,1683,2,1,0.5453535
,1683,3,2,1.0
,1684,0,1,0.5441716
,1684,1,1,0.5328187
,1684,2,3,1.0
,1684,3,1,0.9940379
,1685,0,0,0.7519432
,1685,1,0,0.7520737
,1685,2,0,0.810856
,1685,3,2,1.0
,1686,0,0,0.5011965
,1686,1,0,0.50119984
,1686,2,2,1.0
,1686,3,1,0.86943847
,1687,0,1,0.5270361
,1687,1,1,0.52703595
,1687,2,1,0.95623904
,1687,3,3,1.0
,1688,0,0,0.751873
,1688,1,0,0.751873
,1688,2,2,1.0
,1688,3,0,0.80994767
,1689,0,1,0.5244916
,1689,1,1,0.5244916
,1689,2,1,0.9846753
,1689,3,2,1.0
,1690,0,1,0.5323157
,1690,1,1,0.5323157
,1690,2,2,1.0
,1690,3,1,0.9847416
,1691,0,1,0.527488
,1691,1,1,0.527488
,1691,2,1,0.9585982
,1691,3,2,1.0
,1692,0,1,0.53382677
,1692,1,1,0.53382653
,1692,2,2,1.0
,1692,3,1,0.99439126
,1693,0,1,0.50984013
,1693,1,1,0.5098316
,1693,2,1,0.8844577
,1693,3,2,1.0
,1694,0,0,0.7535048
,1694,1,0,0.75406516
,1694,2,2,1.0
,1694,3,0,0.68331397
,1695,0,0,0.7056384
,1695,1,0,0.75384915
,1695,2,0,0.7794299
,1695,3,3,1.0
,1696,0,2,1.0
,1696,1,0,0.7561316
,1696,2,0,0.75523436
,1696,3,0,0.80986136
,1697,0,1,0.9923452
,1697,1,1,0.52503425
,1697,2,1,0.58542883
,1697,3,2,1.0
,1698,0,0,0.74813133
,1698,1,0,0.7534634
,1698,2,2,1.0
,1698,3,0,0.72518265
,1699,0,0,0.50223625
,1699,1,0,0.5023735
,1699,2,1,0.882616
,1699,3,2,1.0
,1700,0,0,0.75456816
,1700,1,0,0.75456995
,1700,2,2,1.0
,1700,3,0,0.7380548
,1701,0,0,0.75737655
,1701,1,0,0.7573946
,1701,2,0,0.72593045
,1701,3,2,1.0
,1702,0,0,0.5014946
,1702,1,0,0.5024494
,1702,2,2,1.0
,1702,3,1,0.88262653
,1703,0,0,0.6911562
,1703,1,0,0.75325215
,1703,2,0,0.7813052
,1703,3,2,1.0
,1704,0,2,1.0
,1704,1,1,0.52720696
,1704,2,1,0.52844316
,1704,3,1,0.99924475
,1705,0,1,0.8583668
,1705,1,1,0.5126549
,1705,2,1,0.5892541
,1705,3,2,1.0
,1706,0,1,0.54304415
,1706,1,1,0.5338294
,1706,2,2,1.0
,1706,3,1,0.9944196
,1707,0,1,0.5351616
,1707,1,1,0.53491575
,1707,2,1,0.9991047
,1707,3,2,1.0
,1708,0,1,0.5153242
,1708,1,1,0.51531774
,1708,2,3,1.0
,1708,3,1,0.8865289
,1709,0,0,0.75322
,1709,1,0,0.7532201
,1709,2,0,0.8206667
,1709,3,2,1.0
,1710,0,0,0.75825906
,1710,1,0,0.75825906
,1710,2,2,1.0
,1710,3,0,0.7388929
,1711,0,0,0.7573266
,1711,1,0,0.7573266
,1711,2,0,0.76283336
,1711,3,2,1.0
,1712,0,1,0.52597517
,1712,1,1,0.5259749
,1712,2,3,1.0
,1712,3,1,0.9993815
,1713,0,0,0.7508091
,1713,1,0,0.7508264
,1713,2,0,0.8206418
,1713,3,3,1.0
,1714,0,0,0.7546445
,1714,1,0,0.75614154
,1714,2,2,1.0
,1714,3,0,0.8099296
,1715,0,1,0.60071176
,1715,1,1,0.52457213
,1715,2,1,0.9792643
,1715,3,2,1.0
,1716,0,2,1.0
,1716,1,1,0.5322815
,1716,2,1,0.54637474
,1716,3,1,0.98473704
,1717,0,1,0.9449211
,1717,1,1,0.5278133
,1717,2,1,0.6039481
,1717,3,2,1.0
,1718,0,1,0.61391073
,1718,1,1,0.52753663
,1718,2,2,1.0
,1718,3,1,0.94445384
,1719,0,2,1.0
,1719,1,1,0.5270937
,1719,2,1,0.9585033
,1719,3,1,0.5397117
,1720,0,1,0.94411814
,1720,1,1,0.5260412
,1720,2,2,1.0
,1720,3,1,0.5866951
,1721,0,0,0.7484324
,1721,1,0,0.75320566
,1721,2,0,0.7243097
,1721,3,2,1.0
,1722,0,1,0.51840526
,1722,1,1,0.51827925
,1722,2,2,1.0
,1722,3,1,0.9581099
,1723,0,1,0.52685237
,1723,1,1,0.526849
,1723,2,1,0.95023096
,1723,3,2,1.0
,1724,0,1,0.52765363
,1724,1,1,0.5276533
,1724,2,3,1.0
,1724,3,1,0.9562029
,1725,0,0,0.75185084
,1725,1,0,0.7518662
,1725,2,0,0.80994767
,1725,3,2,1.0
,1726,0,1,0.52526677
,1726,1,1,0.5244935
,1726,2,2,1.0
,1726,3,1,0.98467565
,1727,0,1,0.56135386
,1727,1,1,0.53234386
,1727,2,1,0.9795922
,1727,3,2,1.0
,1728,0,3,1.0
,1728,1,1,0.5291953
,1728,2,1,0.66192085
,1728,3,1,0.9453606
,1729,0,0,0.8539294
,1729,1,0,0.74907005
,1729,2,3,1.0
,1729,3,0,0.6948499
,1730,0,0,0.75729215
,1730,1,0,0.7560932
,1730,2,0,0.83784604
,1730,3,2,1.0
,1731,0,1,0.52121913
,1731,1,1,0.521251
,1731,2,3,1.0
,1731,3,1,0.9565192
,1732,0,0,0.7519627
,1732,1,0,0.7519623
,1732,2,0,0.83785605
,1732,3,2,1.0
,1733,0,1,0.52134854
,1733,1,1,0.52134854
,1733,2,3,1.0
,1733,3,1,0.95651907
,1734,0,0,0.7530723
,1734,1,0,0.75307214
,1734,2,0,0.8206618
,1734,3,2,1.0
,1735,0,0,0.7571755
,1735,1,0,0.75716096
,1735,2,2,1.0
,1735,3,0,0.72507155
,1736,0,1,0.51680714
,1736,1,1,0.51755464
,1736,2,1,0.9653646
,1736,3,2,1.0
,1737,0,0,0.75227773
,1737,1,0,0.70386976
,1737,2,3,1.0
,1737,3,0,0.78078216
,1738,0,0,0.7572473
,1738,1,2,1.0
,1738,2,0,0.82064164
,1738,3,0,0.7575659
,1739,0,0,0.75801927
,1739,1,0,0.6843101
,1739,2,2,1.0
,1739,3,0,0.75746864
,1740,0,0,0.7538967
,1740,1,3,1.0
,1740,2,0,0.7791761
,1740,3,0,0.70567894
,1741,0,0,0.756173
,1741,1,0,0.8532808
,1741,2,0,0.7313594
,1741,3,2,1.0
,1742,0,1,0.510669
,1742,1,1,0.5081239
,1742,2,3,1.0
,1742,3,1,0.8876299
,1743,0,0,0.75214326
,1743,1,0,0.7521725
,1743,2,0,0.83785546
,1743,3,2,1.0
,1744,0,1,0.521359
,1744,1,1,0.52135825
,1744,2,3,1.0
,1744,3,1,0.9565201
,1745,0,0,0.7519609
,1745,1,0,0.7519609
,1745,2,0,0.83785605
,1745,3,2,1.0
,1746,0,1,0.5213637
,1746,1,1,0.52136374
,1746,2,3,1.0
,1746,3,1,0.95651996
,1747,0,0,0.7520057
,1747,1,0,0.7520057
,1747,2,0,0.8101657
,1747,3,2,1.0
,1748,0,1,0.5182622
,1748,1,1,0.5182622
,1748,2,2,1.0
,1748,3,1,0.95809907
,1749,0,1,0.52673066
,1749,1,1,0.5267307
,1749,2,1,0.9583886
,1749,3,2,1.0
,1750,0,1,0.5110842
,1750,1,1,0.51108426
,1750,2,2,1.0
,1750,3,1,0.8911652
,1751,0,1,0.50949246
,1751,1,1,0.50949246
,1751,2,1,0.90907985
,1751,3,2,1.0
,1752,0,0,0.7518031
,1752,1,0,0.75180304
,1752,2,3,1.0
,1752,3,0,0.68148226
,1753,0,0,0.7521793
,1753,1,0,0.7521793
,1753,2,0,0.8206496
,1753,3,3,1.0
,1754,0,0,0.75731975
,1754,1,0,0.75731975
,1754,2,2,1.0
,1754,3,0,0.853543
,1755,0,0,0.66031253
,1755,1,0,0.66031253
,1755,2,3,1.0
,1755,3,0,0.6052218
,1756,0,0,0.75588506
,1756,1,0,0.75588506
,1756,2,0,0.8206604
,1756,3,2,1.0
,1757,0,0,0.7583038
,1757,1,0,0.7583038
,1757,2,2,1.0
,1757,3,0,0.7388876
,1758,0,0,0.75830823
,1758,1,0,0.75830823
,1758,2,0,0.7388651
,1758,3,2,1.0
,1759,0,0,0.75830805
,1759,1,0,0.75830805
,1759,2,2,1.0
,1759,3,0,0.73886496
,1760,0,0,0.7582974
,1760,1,0,0.7582974
,1760,2,0,0.738857
,1760,3,2,1.0
,1761,0,0,0.75718796
,1761,1,0,0.75718796
,1761,2,2,1.0
,1761,3,0,0.7250589
,1762,0,1,0.51801133
,1762,1,1,0.5180113
,1762,2,1,0.94972384
,1762,3,2,1.0
,1763,0,1,0.5274142
,1763,1,1,0.5274142
,1763,2,3,1.0
,1763,3,1,0.9562013
,1764,0,0,0.75186557
,1764,1,0,0.75186557
,1764,2,0,0.8098382
,1764,3,2,1.0
,1765,0,1,0.52610266
,1765,1,1,0.52610266
,1765,2,2,1.0
,1765,3,1,0.9991928
,1766,0,0,0.7531764
,1766,1,0,0.7531764
,1766,2,0,0.76196975
,1766,3,2,1.0
,1767,0,1,0.52598023
,1767,1,1,0.52598023
,1767,2,3,1.0
,1767,3,1,0.99780846
,1768,0,0,0.7521366
,1768,1,0,0.7521366
,1768,2,0,0.8108361
,1768,3,2,1.0
,1769,0,0,0.50050133
,1769,1,0,0.5005014
,1769,2,2,1.0
,1769,3,1,0.8899478
,1770,0,1,0.5340771
,1770,1,1,0.53407705
,1770,2,1,0.9975045
,1770,3,2,1.0
,1771,0,1,0.53360456
,1771,1,1,0.5336045
,1771,2,3,1.0
,1771,3,1,0.9978068
,1772,0,0,0.75175685
,1772,1,0,0.75175685
,1772,2,0,0.83866847
,1772,3,2,1.0
,1773,0,1,0.52602786
,1773,1,1,0.52602786
,1773,2,3,1.0
,1773,3,1,0.9978087
,1774,0,0,0.7518754
,1774,1,0,0.7518754
,1774,2,0,0.8378565
,1774,3,2,1.0
,1775,0,1,0.521368
,1775,1,1,0.521368
,1775,2,3,1.0
,1775,3,1,0.9565197
,1776,0,0,0.75190556
,1776,1,0,0.75190556
,1776,2,0,0.8098475
,1776,3,2,1.0
,1777,0,1,0.52721554
,1777,1,1,0.52721554
,1777,2,2,1.0
,1777,3,1,0.9979487
,1778,0,1,0.5272732
,1778,1,1,0.5272732
,1778,2,1,0.95854264
,1778,3,2,1.0
,1779,0,1,0.52733165
,1779,1,1,0.52733165
,1779,2,2,1.0
,1779,3,1,0.95858973
,1780,0,1,0.534109
,1780,1,1,0.534109
,1780,2,1,0.9932492
,1780,3,2,1.0
,1781,0,1,0.52776563
,1781,1,1,0.52776563
,1781,2,3,1.0
,1781,3,1,0.9561806
,1782,0,0,0.75196856
,1782,1,0,0.75196856
,1782,2,0,0.8101775
,1782,3,2,1.0
,1783,0,1,0.51659983
,1783,1,1,0.51659983
,1783,2,2,1.0
,1783,3,1,0.9435144
,1784,0,0,0.75912046
,1784,1,0,0.75912046
,1784,2,2,1.0
,1784,3,0,0.7063409
,1785,0,0,0.7573342
,1785,1,0,0.7573341
,1785,2,0,0.7627022
,1785,3,2,1.0
,1786,0,1,0.52547944
,1786,1,1,0.52547944
,1786,2,3,1.0
,1786,3,1,0.99403876
,1787,0,0,0.7521469
,1787,1,0,0.7521469
,1787,2,0,0.81083393
,1787,3,2,1.0
,1788,0,0,0.50057584
,1788,1,0,0.50057584
,1788,2,2,1.0
,1788,3,1,0.88979894
,1789,0,1,0.5263442
,1789,1,1,0.5263441
,1789,2,1,0.95850015
,1789,3,2,1.0
,1790,0,1,0.52570105
,1790,1,1,0.525701
,1790,2,2,1.0
,1790,3,1,0.95562917
,1791,0,0,0.75302863
,1791,1,0,0.75302863
,1791,2,0,0.7241303
,1791,3,2,1.0
,1792,0,1,0.5182866
,1792,1,1,0.518286
,1792,2,2,1.0
,1792,3,1,0.9581097
,1793,0,1,0.52693963
,1793,1,1,0.5269143
,1793,2,1,0.9499023
,1793,3,2,1.0
,1794,0,1,0.5339024
,1794,1,1,0.53295296
,1794,2,3,1.0
,1794,3,1,0.9940305
,1795,0,0,0.68891805
,1795,1,0,0.7506846
,1795,2,0,0.8531303
,1795,3,2,1.0
,1796,0,2,1.0
,1796,1,1,0.55572075
,1796,2,1,0.52542466
,1796,3,1,0.9923858
,1797,0,1,0.9450857
,1797,1,3,1.0
,1797,2,1,0.58907825
,1797,3,1,0.54183173
,1798,0,0,0.7480919
,1798,1,0,0.8538999
,1798,2,2,1.0
,1798,3,0,0.70444584
,1799,0,0,0.7581532
,1799,1,0,0.75935185
,1799,2,0,0.7388397
,1799,3,2,1.0
,1800,0,0,0.75745374
,1800,1,0,0.7574674
,1800,2,2,1.0
,1800,3,0,0.7592428
,1801,0,1,0.51087487
,1801,1,1,0.51087457
,1801,2,1,0.8877223
,1801,3,3,1.0
,1802,0,0,0.7532507
,1802,1,0,0.7532507
,1802,2,2,1.0
,1802,3,0,0.820669
,1803,0,0,0.7574195
,1803,1,0,0.7574195
,1803,2,0,0.75926334
,1803,3,2,1.0
,1804,0,1,0.51088434
,1804,1,1,0.51088434
,1804,2,3,1.0
,1804,3,1,0.8877279
,1805,0,0,0.75251734
,1805,1,0,0.75251734
,1805,2,0,0.83089036
,1805,3,2,1.0
,1806,0,0,0.5179312
,1806,1,0,0.5179313
,1806,2,3,1.0
,1806,3,1,0.74990463
,1807,0,0,0.7537268
,1807,1,0,0.75373
,1807,2,0,0.8206655
,1807,3,2,1.0
,1808,0,0,0.75798345
,1808,1,0,0.7582669
,1808,2,2,1.0
,1808,3,0,0.7388878
,1809,0,0,0.7324127
,1809,1,0,0.7574459
,1809,2,0,0.7824384
,1809,3,2,1.0
,1810,0,3,1.0
,1810,1,1,0.51064533
,1810,2,1,0.51073444
,1810,3,1,0.88764876
,1811,0,0,0.8539014
,1811,1,0,0.75291955
,1811,2,0,0.70466864
,1811,3,2,1.0
,1812,0,0,0.7593642
,1812,1,0,0.7582202
,1812,2,2,1.0
,1812,3,0,0.7388149
,1813,0,0,0.7580203
,1813,1,0,0.7580073
,1813,2,0,0.6842578
,1813,3,2,1.0
,1814,0,0,0.7539785
,1814,1,0,0.7539783
,1814,2,3,1.0
,1814,3,0,0.73455316
,1815,0,0,0.7572808
,1815,1,0,0.7572808
,1815,2,0,0.8206571
,1815,3,2,1.0
,1816,0,0,0.75831246
,1816,1,0,0.7583124
,1816,2,2,1.0
,1816,3,0,0.7388802
,1817,0,0,0.7574401
,1817,1,0,0.75743985
,1817,2,0,0.7259341
,1817,3,2,1.0
,1818,0,0,0.5024942
,1818,1,0,0.5024836
,1818,2,2,1.0
,1818,3,1,0.88260907
,1819,0,0,0.7545674
,1819,1,0,0.753873
,1819,2,0,0.7380466
,1819,3,2,1.0
,1820,0,0,0.75729024
,1820,1,0,0.69665045
,1820,2,2,1.0
,1820,3,0,0.7801598
,1821,0,1,0.5006446
,1821,1,2,1.0
,1821,2,1,0.8565757
,1821,3,1,0.62493056
,1822,0,0,0.7514429
,1822,1,0,0.7799098
,1822,2,0,0.6983321
,1822,3,3,0.99986994
,1823,0,0,0.75722784
,1823,1,0,0.7570118
,1823,2,2,1.0
,1823,3,0,0.82064474
,1824,0,0,0.7582801
,1824,1,0,0.71066767
,1824,2,0,0.782739
,1824,3,2,1.0
,1825,0,0,0.7582517
,1825,1,2,1.0
,1825,2,0,0.71094865
,1825,3,0,0.7827039
,1826,0,0,0.7582508
,1826,1,0,0.7820983
,1826,2,2,1.0
,1826,3,0,0.710918
,1827,0,0,0.75789034
,1827,1,0,0.6530832
,1827,2,0,0.78289425
,1827,3,2,1.0
,1828,0,0,0.75412834
,1828,1,3,1.0
,1828,2,0,0.75441897
,1828,3,0,0.734709
,1829,0,0,0.75624377
,1829,1,0,0.8101601
,1829,2,0,0.7562616
,1829,3,2,1.0
,1830,0,1,0.5173502
,1830,1,2,1.0
,1830,2,1,0.51661205
,1830,3,1,0.95515925
,1831,0,0,0.7061407
,1831,1,0,0.7824452
,1831,2,0,0.7542357
,1831,3,2,1.0
,1832,0,2,1.0
,1832,1,0,0.75855833
,1832,2,0,0.7576993
,1832,3,0,0.7388395
,1833,0,0,0.7832089
,1833,1,0,0.75826144
,1833,2,0,0.71064633
,1833,3,2,1.0
,1834,0,0,0.75738555
,1834,1,0,0.75710195
,1834,2,2,1.0
,1834,3,0,0.7247577
,1835,0,1,0.52397895
,1835,1,1,0.5239866
,1835,2,1,0.9846049
,1835,3,2,1.0
,1836,0,1,0.5095309
,1836,1,1,0.50953114
,1836,2,2,1.0
,1836,3,1,0.884426
,1837,0,0,0.75442535
,1837,1,0,0.75442517
,1837,2,0,0.73804605
,1837,3,2,1.0
,1838,0,0,0.7573934
,1838,1,0,0.7573794
,1838,2,2,1.0
,1838,3,0,0.72593087
,1839,0,0,0.5024751
,1839,1,0,0.5017358
,1839,2,1,0.8826181
,1839,3,2,1.0
,1840,0,0,0.75452507
,1840,1,0,0.7064246
,1840,2,2,1.0
,1840,3,0,0.7813936
,1841,0,0,0.7578422
,1841,1,2,1.0
,1841,2,0,0.7823759
,1841,3,0,0.65309197
,1842,0,0,0.7540712
,1842,1,0,0.7795971
,1842,2,0,0.7062024
,1842,3,3,1.0
,1843,0,0,0.75726223
,1843,1,0,0.75755316
,1843,2,2,1.0
,1843,3,0,0.82065725
,1844,0,0,0.75832
,1844,1,0,0.7583233
,1844,2,0,0.73888814
,1844,3,2,1.0
,1845,0,0,0.7583084
,1845,1,0,0.7583084
,1845,2,2,1.0
,1845,3,0,0.7388651
,1846,0,0,0.75830823
,1846,1,0,0.75830823
,1846,2,0,0.7388649
,1846,3,2,1.0
,1847,0,0,0.7583082
,1847,1,0,0.7583082
,1847,2,2,1.0
,1847,3,0,0.73886496
,1848,0,0,0.7583002
,1848,1,0,0.7583002
,1848,2,0,0.7388568
,1848,3,2,1.0
,1849,0,0,0.75742924
,1849,1,0,0.7574295
,1849,2,2,1.0
,1849,3,0,0.72589576
,1850,0,0,0.5017174
,1850,1,0,0.501726
,1850,2,1,0.9078336
,1850,3,2,1.0
,1851,0,0,0.7518785
,1851,1,0,0.7524306
,1851,2,3,1.0
,1851,3,0,0.7359131
,1852,0,0,0.709212
,1852,1,0,0.7569837
,1852,2,0,0.85389256
,1852,3,2,1.0
,1853,0,2,1.0
,1853,1,0,0.75826836
,1853,2,0,0.75936615
,1853,3,0,0.7388406
,1854,0,0,0.7388647
,1854,1,0,0.7583076
,1854,2,0,0.75831395
,1854,3,2,1.0
,1855,0,2,1.0
,1855,1,0,0.7583058
,1855,2,0,0.75776666
,1855,3,0,0.73886013
,1856,0,0,0.78321004
,1856,1,0,0.7582598
,1856,2,0,0.710647
,1856,3,2,1.0
,1857,0,0,0.7574812
,1857,1,0,0.7571976
,1857,2,2,1.0
,1857,3,0,0.72504157
,1858,0,1,0.51661956
,1858,1,1,0.51662713
,1858,2,1,0.95517015
,1858,3,2,1.0
,1859,0,0,0.75429314
,1859,1,0,0.7542868
,1859,2,2,1.0
,1859,3,0,0.73799676
,1860,0,0,0.75825834
,1860,1,0,0.75771856
,1860,2,0,0.73885787
,1860,3,2,1.0
,1861,0,0,0.75827205
,1861,1,0,0.7106318
,1861,2,2,1.0
,1861,3,0,0.7832161
,1862,0,0,0.75798774
,1862,1,2,1.0
,1862,2,0,0.6842668
,1862,3,0,0.757717
,1863,0,0,0.75390846
,1863,1,0,0.77944934
,1863,2,3,0.999897
,1863,3,0,0.70569795
,1864,0,0,0.757257
,1864,1,0,0.75700766
,1864,2,0,0.82064706
,1864,3,2,1.0
,1865,0,0,0.7582741
,1865,1,0,0.71066326
,1865,2,2,1.0
,1865,3,0,0.78322077
,1866,0,0,0.75738925
,1866,1,2,1.0
,1866,2,0,0.72586334
,1866,3,0,0.7565325
,1867,0,0,0.50076294
,1867,1,1,0.8552191
,1867,2,2,1.0
,1867,3,1,0.55943495
,1868,0,0,0.70662093
,1868,1,0,0.7506126
,1868,2,0,0.7826339
,1868,3,2,1.0
,1869,0,2,1.0
,1869,1,0,0.75820094
,1869,2,0,0.75856364
,1869,3,0,0.7388452
,1870,0,0,0.738857
,1870,1,0,0.7582964
,1870,2,0,0.75830054
,1870,3,2,1.0
,1871,0,2,1.0
,1871,1,0,0.7572154
,1871,2,0,0.7572155
,1871,3,0,0.7250591
,1872,0,1,0.95517015
,1872,1,1,0.5166266
,1872,2,1,0.5166266
,1872,3,2,1.0
,1873,0,2,1.0
,1873,1,0,0.7542931
,1873,2,0,0.7542929
,1873,3,0,0.73799694
,1874,0,0,0.7388623
,1874,1,0,0.7582606
,1874,2,0,0.758247
,1874,3,2,1.0
,1875,0,2,1.0
,1875,1,0,0.7583042
,1875,2,0,0.7571113
,1875,3,0,0.73883104
,1876,0,0,0.782903
,1876,1,0,0.757908
,1876,2,0,0.6527562
,1876,3,2,1.0
,1877,0,0,0.7538794
,1877,1,0,0.75413823
,1877,2,3,1.0
,1877,3,0,0.7346912
,1878,0,0,0.70922893
,1878,1,0,0.75699836
,1878,2,0,0.85352516
,1878,3,2,1.0
,1879,0,2,1.0
,1879,1,0,0.75822943
,1879,2,0,0.7118091
,1879,3,0,0.78209215
,1880,0,0,0.78289455
,1880,1,0,0.75789046
,1880,2,2,1.0
,1880,3,0,0.6530833
,1881,0,0,0.7544303
,1881,1,0,0.75413984
,1881,2,0,0.7347127
,1881,3,3,1.0
,1882,0,0,0.7572785
,1882,1,0,0.7572752
,1882,2,2,1.0
,1882,3,0,0.8206512
,1883,0,0,0.75742775
,1883,1,0,0.7574418
,1883,2,0,0.72591954
,1883,3,2,1.0
,1884,0,0,0.50096
,1884,1,0,0.501709
,1884,2,2,1.0
,1884,3,1,0.90783
,1885,0,0,0.7039669
,1885,1,0,0.7523647
,1885,2,0,0.7806691
,1885,3,3,1.0
,1886,0,2,1.0
,1886,1,0,0.75724304
,1886,2,0,0.75702524
,1886,3,0,0.8206555
,1887,0,0,0.7832404
,1887,1,0,0.7582821
,1887,2,0,0.7106729
,1887,3,2,1.0
,1888,0,0,0.7585737
,1888,1,0,0.75829095
,1888,2,2,1.0
,1888,3,0,0.73884845
,1889,0,0,0.7583051
,1889,1,0,0.758308
,1889,2,0,0.7388647
,1889,3,2,1.0
,1890,0,0,0.7577666
,1890,1,0,0.75830597
,1890,2,2,1.0
,1890,3,0,0.73886013
,1891,0,0,0.71065533
,1891,1,0,0.7582704
,1891,2,0,0.78321403
,1891,3,2,1.0
,1892,0,2,1.0
,1892,1,0,0.7582885
,1892,2,0,0.75803214
,1892,3,0,0.7388435
,1893,0,0,0.78321964
,1893,1,0,0.7582701
,1893,2,0,0.7106587
,1893,3,2,1.0
,1894,0,0,0.7585757
,1894,1,0,0.75829303
,1894,2,2,1.0
,1894,3,0,0.73882693
,1895,0,0,0.75801134
,1895,1,0,0.7580082
,1895,2,0,0.684258
,1895,3,2,1.0
,1896,0,0,0.7539783
,1896,1,0,0.75397843
,1896,2,3,1.0
,1896,3,0,0.73455316
,1897,0,0,0.757273
,1897,1,0,0.7572808
,1897,2,0,0.8206569
,1897,3,2,1.0
,1898,0,0,0.7576236
,1898,1,0,0.7583094
,1898,2,2,1.0
,1898,3,0,0.7388736
,1899,0,0,0.6968728
,1899,1,0,0.7573876
,1899,2,0,0.7823975
,1899,3,2,1.0
,1900,0,2,1.0
,1900,1,0,0.5024107
,1900,2,0,0.5023165
,1900,3,1,0.8826426
,1901,0,0,0.78200096
,1901,1,0,0.7545256
,1901,2,0,0.70646393
,1901,3,2,1.0
,1902,0,0,0.71093976
,1902,1,0,0.7582072
,1902,2,2,1.0
,1902,3,0,0.7831897
,1903,0,2,1.0
,1903,1,0,0.75828665
,1903,2,0,0.73881453
,1903,3,0,0.7573779
,1904,0,0,0.7829088
,1904,1,0,0.7579076
,1904,2,2,1.0
,1904,3,0,0.65275764
,1905,0,0,0.7544296
,1905,1,0,0.7541393
,1905,2,0,0.73471117
,1905,3,3,1.0
,1906,0,0,0.7570091
,1906,1,0,0.75701874
,1906,2,2,1.0
,1906,3,0,0.8127051
,1907,0,0,0.55456465
,1907,1,0,0.55530584
,1907,2,1,0.7928245
,1907,3,2,1.0
,1908,0,0,0.70436394
,1908,1,0,0.7527384
,1908,2,3,1.0
,1908,3,0,0.7799591
,1909,0,2,1.0
,1909,1,0,0.7569535
,1909,2,0,0.8536924
,1909,3,0,0.7095472
,1910,0,0,0.7824309
,1910,1,0,0.75740695
,1910,2,0,0.7335439
,1910,3,2,1.0
,1911,0,1,0.5099885
,1911,1,1,0.5106444
,1911,2,3,1.0
,1911,3,1,0.887636
,1912,0,0,0.7532722
,1912,1,0,0.7532647
,1912,2,0,0.82066685
,1912,3,2,1.0
,1913,0,0,0.7582728
,1913,1,0,0.7582727
,1913,2,2,1.0
,1913,3,0,0.73888624
,1914,0,0,0.7583079
,1914,1,0,0.7583079
,1914,2,0,0.7388651
,1914,3,2,1.0
,1915,0,0,0.7583105
,1915,1,0,0.7583105
,1915,2,2,1.0
,1915,3,0,0.7388437
,1916,0,0,0.75800836
,1916,1,0,0.7580084
,1916,2,0,0.684258
,1916,3,2,1.0
,1917,0,0,0.7539721
,1917,1,0,0.7539783
,1917,2,3,1.0
,1917,3,0,0.7345528
,1918,0,0,0.7567373
,1918,1,0,0.7572782
,1918,2,0,0.8206553
,1918,3,2,1.0
,1919,0,0,0.7106693
,1919,1,0,0.75828254
,1919,2,2,1.0
,1919,3,0,0.7832403
,1920,0,2,1.0
,1920,1,0,0.75829095
,1920,2,0,0.7388483
,1920,3,0,0.75856763
,1921,0,0,0.73885995
,1921,1,0,0.7583057
,1921,2,2,1.0
,1921,3,0,0.75776947
,1922,0,2,1.0
,1922,1,0,0.7582685
,1922,2,0,0.78271806
,1922,3,0,0.71065056
,1923,0,0,0.7832076
,1923,1,0,0.7582556
,1923,2,0,0.7109307
,1923,3,2,1.0
,1924,0,0,0.75827307
,1924,1,0,0.7579898
,1924,2,2,1.0
,1924,3,0,0.6842383
,1925,0,0,0.75398135
,1925,1,0,0.7539781
,1925,2,0,0.734553
,1925,3,3,1.0
,1926,0,0,0.75728077
,1926,1,0,0.7572808
,1926,2,2,1.0
,1926,3,0,0.8206571
,1927,0,0,0.7582964
,1927,1,0,0.7583098
,1927,2,0,0.73887986
,1927,3,2,1.0
,1928,0,0,0.7560254
,1928,1,0,0.7572048
,1928,2,2,1.0
,1928,3,0,0.72503555
,1929,0,1,0.5776477
,1929,1,1,0.5170014
,1929,2,1,0.94391495
,1929,3,2,1.0
,1930,0,2,1.0
,1930,1,0,0.7539629
,1930,2,0,0.64193434
,1930,3,0,0.7817005
,1931,0,0,0.77962947
,1931,1,0,0.75406355
,1931,2,3,1.0
,1931,3,0,0.7062354
,1932,0,0,0.75755596
,1932,1,0,0.7572646
,1932,2,0,0.8206418
,1932,3,2,1.0
,1933,0,0,0.75802505
,1933,1,0,0.75802183
,1933,2,2,1.0
,1933,3,0,0.6842857
,1934,0,0,0.75397867
,1934,1,0,0.7539786
,1934,2,0,0.734553
,1934,3,3,1.0
,1935,0,0,0.7572832
,1935,1,0,0.7572832
,1935,2,2,1.0
,1935,3,0,0.82064164
,1936,0,0,0.75802207
,1936,1,0,0.75802207
,1936,2,0,0.6842859
,1936,3,2,1.0
,1937,0,0,0.753979
,1937,1,0,0.753979
,1937,2,3,1.0
,1937,3,0,0.73455244
,1938,0,0,0.7573091
,1938,1,0,0.7573091
,1938,2,0,0.77840555
,1938,3,2,1.0
,1939,0,0,0.7536466
,1939,1,0,0.7536466
,1939,2,3,1.0
,1939,3,0,0.7342359
,1940,0,0,0.75727606
,1940,1,0,0.75727606
,1940,2,0,0.8206571
,1940,3,2,1.0
,1941,0,0,0.7583203
,1941,1,0,0.7583203
,1941,2,2,1.0
,1941,3,0,0.7388883
,1942,0,0,0.7583084
,1942,1,0,0.7583084
,1942,2,0,0.7388651
,1942,3,2,1.0
,1943,0,0,0.75830823
,1943,1,0,0.75830823
,1943,2,2,1.0
,1943,3,0,0.73886496
,1944,0,0,0.75830823
,1944,1,0,0.75830823
,1944,2,0,0.7388651
,1944,3,2,1.0
,1945,0,0,0.75830823
,1945,1,0,0.75830823
,1945,2,2,1.0
,1945,3,0,0.73886496
,1946,0,0,0.7583082
,1946,1,0,0.7583082
,1946,2,0,0.7388649
,1946,3,2,1.0
,1947,0,0,0.7583003
,1947,1,0,0.7583003
,1947,2,2,1.0
,1947,3,0,0.73885685
,1948,0,0,0.75743985
,1948,1,0,0.75743985
,1948,2,0,0.7259339
,1948,3,2,1.0
,1949,0,0,0.5024945
,1949,1,0,0.5024945
,1949,2,2,1.0
,1949,3,1,0.88260883
,1950,0,0,0.7545713
,1950,1,0,0.7545713
,1950,2,0,0.7380548
,1950,3,2,1.0
,1951,0,0,0.7573954
,1951,1,0,0.7573954
,1951,2,2,1.0
,1951,3,0,0.7259318
,1952,0,0,0.5024932
,1952,1,0,0.5024932
,1952,2,1,0.88260883
,1952,3,2,1.0
,1953,0,0,0.754567
,1953,1,0,0.7545669
,1953,2,2,1.0
,1953,3,0,0.7380682
,1954,0,0,0.7573204
,1954,1,0,0.7573204
,1954,2,0,0.76165986
,1954,3,2,1.0
,1955,0,1,0.5210818
,1955,1,1,0.5210818
,1955,2,3,1.0
,1955,3,1,0.9564812
,1956,0,0,0.75223124
,1956,1,0,0.75223124
,1956,2,0,0.8108322
,1956,3,2,1.0
,1957,0,0,0.50080913
,1957,1,0,0.5008091
,1957,2,2,1.0
,1957,3,1,0.8894443
,1958,0,1,0.5097052
,1958,1,1,0.50970525
,1958,2,1,0.8730727
,1958,3,2,1.0
,1959,0,1,0.5153427
,1959,1,1,0.51534265
,1959,2,3,1.0
,1959,3,1,0.8867818
,1960,0,0,0.75218564
,1960,1,0,0.75218564
,1960,2,0,0.8361173
,1960,3,2,1.0
,1961,0,1,0.51144165
,1961,1,1,0.51144165
,1961,2,3,1.0
,1961,3,1,0.88787735
,1962,0,0,0.7521016
,1962,1,0,0.75210196
,1962,2,0,0.8386017
,1962,3,2,1.0
,1963,0,1,0.5256555
,1963,1,1,0.52563715
,1963,2,3,1.0
,1963,3,1,0.9940402
,1964,0,0,0.7507631
,1964,1,0,0.7519553
,1964,2,0,0.83621067
,1964,3,2,1.0
,1965,0,1,0.5728033
,1965,1,1,0.5119646
,1965,2,3,1.0
,1965,3,1,0.8617205
,1966,0,2,1.0
,1966,1,0,0.75208324
,1966,2,0,0.8523835
,1966,3,0,0.6861442
,1967,0,1,0.8561607
,1967,1,1,0.5006012
,1967,2,1,0.5740902
,1967,3,2,1.0
,1968,0,1,0.51738447
,1968,1,1,0.5081764
,1968,2,2,1.0
,1968,3,1,0.8841425
,1969,0,0,0.75433517
,1969,1,0,0.7544399
,1969,2,0,0.73804814
,1969,3,2,1.0
,1970,0,0,0.75714415
,1970,1,0,0.75714546
,1970,2,2,1.0
,1970,3,0,0.7250547
,1971,0,1,0.5178542
,1971,1,1,0.5178542
,1971,2,1,0.9504791
,1971,3,2,1.0
,1972,0,1,0.5151354
,1972,1,1,0.5151355
,1972,2,3,1.0
,1972,3,1,0.886625
,1973,0,0,0.75236803
,1973,1,0,0.75236803
,1973,2,0,0.8108316
,1973,3,2,1.0
,1974,0,0,0.5008483
,1974,1,0,0.5008483
,1974,2,2,1.0
,1974,3,1,0.889442
,1975,0,1,0.50848156
,1975,1,1,0.50848156
,1975,2,1,0.8842724
,1975,3,2,1.0
,1976,0,0,0.754446
,1976,1,0,0.754446
,1976,2,2,1.0
,1976,3,0,0.7380551
,1977,0,0,0.7582519
,1977,1,0,0.7582519
,1977,2,0,0.738855
,1977,3,2,1.0
,1978,0,0,0.75721484
,1978,1,0,0.75721484
,1978,2,2,1.0
,1978,3,0,0.7250591
,1979,0,1,0.51662934
,1979,1,1,0.51662934
,1979,2,1,0.955172
,1979,3,2,1.0
,1980,0,0,0.75394857
,1980,1,0,0.75394857
,1980,2,2,1.0
,1980,3,0,0.7274604
,1981,0,0,0.5548947
,1981,1,0,0.5548947
,1981,2,1,0.7927245
,1981,3,2,1.0
,1982,0,0,0.7522954
,1982,1,0,0.7522954
,1982,2,3,1.0
,1982,3,0,0.6812098
,1983,0,0,0.75218016
,1983,1,0,0.75218016
,1983,2,0,0.82066274
,1983,3,3,1.0
,1984,0,0,0.75728804
,1984,1,0,0.75728816
,1984,2,2,1.0
,1984,3,0,0.8206568
,1985,0,0,0.7583144
,1985,1,0,0.75832045
,1985,2,0,0.73888814
,1985,3,2,1.0
,1986,0,0,0.7577665
,1986,1,0,0.75830626
,1986,2,2,1.0
,1986,3,0,0.73886013
,1987,0,0,0.7106324
,1987,1,0,0.75827265
,1987,2,0,0.7832161
,1987,3,2,1.0
,1988,0,2,1.0
,1988,1,0,0.75798774
,1988,2,0,0.757717
,1988,3,0,0.68426156
,1989,0,0,0.77945435
,1989,1,0,0.75390756
,1989,2,0,0.7056971
,1989,3,3,1.0
,1990,0,0,0.75755066
,1990,1,0,0.75725955
,1990,2,2,1.0
,1990,3,0,0.82065725
,1991,0,0,0.75831276
,1991,1,0,0.7583094
,1991,2,0,0.7388802
,1991,3,2,1.0
,1992,0,0,0.7572131
,1992,1,0,0.7572131
,1992,2,2,1.0
,1992,3,0,0.7250498
,1993,0,1,0.5168009
,1993,1,1,0.5168009
,1993,2,1,0.96536684
,1993,3,2,1.0
,1994,0,0,0.7523368
,1994,1,0,0.7523368
,1994,2,3,1.0
,1994,3,0,0.7360525
,1995,0,0,0.7564293
,1995,1,0,0.7564293
,1995,2,0,0.8108252
,1995,3,2,1.0
,1996,0,0,0.5006786
,1996,1,0,0.5006786
,1996,2,2,1.0
,1996,3,1,0.88992757
,1997,0,1,0.5319743
,1997,1,1,0.5319743
,1997,2,1,0.9940077
,1997,3,2,1.0
,1998,0,0,0.7531477
,1998,1,0,0.7531477
,1998,2,2,1.0
,1998,3,0,0.7608297
,1999,0,1,0.52118254
,1999,1,1,0.5211826
,1999,2,1,0.9564805
,1999,3,3,1.0
,2000,0,0,0.7530875
,2000,1,0,0.7530875
,2000,2,2,1.0
,2000,3,0,0.8206519
,2001,0,0,0.75797206
,2001,1,0,0.75797206
,2001,2,0,0.68428326
,2001,3,2,1.0
,2002,0,0,0.75397843
,2002,1,0,0.7539785
,2002,2,3,1.0
,2002,3,0,0.7345524
,2003,0,0,0.75730276
,2003,1,0,0.7573091
,2003,2,0,0.77840745
,2003,3,2,1.0
,2004,0,0,0.7530924
,2004,1,0,0.7536428
,2004,2,3,1.0
,2004,3,0,0.73421216
,2005,0,0,0.7092199
,2005,1,0,0.7569905
,2005,2,0,0.8538905
,2005,3,2,1.0
,2006,0,2,1.0
,2006,1,0,0.7582548
,2006,2,0,0.7591153
,2006,3,0,0.73884606
,2007,0,0,0.78232926
,2007,1,0,0.75731784
,2007,2,0,0.7363043
,2007,3,2,1.0
,2008,0,1,0.5252019
,2008,1,1,0.52586937
,2008,2,3,1.0
,2008,3,1,0.99780834
,2009,0,0,0.7519576
,2009,1,0,0.7519499
,2009,2,0,0.8101644
,2009,3,2,1.0
,2010,0,1,0.51690143
,2010,1,1,0.5169017
,2010,2,2,1.0
,2010,3,1,0.9653582
,2011,0,0,0.7523446
,2011,1,0,0.7523446
,2011,2,0,0.736057
,2011,3,3,1.0
,2012,0,0,0.7572566
,2012,1,0,0.75725675
,2012,2,2,1.0
,2012,3,0,0.8206516
,2013,0,0,0.7571546
,2013,1,0,0.7571546
,2013,2,0,0.72480273
,2013,3,2,1.0
,2014,0,1,0.52285737
,2014,1,1,0.5228574
,2014,2,2,1.0
,2014,3,1,0.98356235
,2015,0,0,0.75306845
,2015,1,0,0.75306845
,2015,2,0,0.72411543
,2015,3,2,1.0
,2016,0,1,0.51675344
,2016,1,1,0.5167535
,2016,2,2,1.0
,2016,3,1,0.9551744
,2017,0,0,0.7533895
,2017,1,0,0.7533895
,2017,2,0,0.72501546
,2017,3,2,1.0
,2018,0,0,0.5023713
,2018,1,0,0.5023713
,2018,2,2,1.0
,2018,3,1,0.8826308
,2019,0,0,0.7542169
,2019,1,0,0.7542169
,2019,2,0,0.6833017
,2019,3,2,1.0
,2020,0,0,0.7539222
,2020,1,0,0.7539222
,2020,2,3,1.0
,2020,3,0,0.73454833
,2021,0,0,0.75618374
,2021,1,0,0.75618374
,2021,2,0,0.8378457
,2021,3,2,1.0
,2022,0,1,0.5212329
,2022,1,1,0.5212329
,2022,2,3,1.0
,2022,3,1,0.956518
,2023,0,0,0.75308454
,2023,1,0,0.75308454
,2023,2,0,0.82066745
,2023,3,2,1.0
,2024,0,0,0.75827056
,2024,1,0,0.75827056
,2024,2,2,1.0
,2024,3,0,0.73888606
,2025,0,0,0.7583078
,2025,1,0,0.7583078
,2025,2,0,0.7388651
,2025,3,2,1.0
,2026,0,0,0.7583003
,2026,1,0,0.7583003
,2026,2,2,1.0
,2026,3,0,0.7388568
,2027,0,0,0.75743985
,2027,1,0,0.75743985
,2027,2,0,0.7259339
,2027,3,2,1.0
,2028,0,0,0.50249463
,2028,1,0,0.50249463
,2028,2,2,1.0
,2028,3,1,0.88260883
,2029,0,0,0.7545795
,2029,1,0,0.7545794
,2029,2,0,0.7380629
,2029,3,2,1.0
,2030,0,0,0.7582662
,2030,1,0,0.7582662
,2030,2,2,1.0
,2030,3,0,0.73884165
,2031,0,0,0.7580079
,2031,1,0,0.7580079
,2031,2,0,0.684258
,2031,3,2,1.0
,2032,0,0,0.75397843
,2032,1,0,0.75397843
,2032,2,3,1.0
,2032,3,0,0.73455316
,2033,0,0,0.75728095
,2033,1,0,0.75728095
,2033,2,0,0.8206571
,2033,3,2,1.0
,2034,0,0,0.75832033
,2034,1,0,0.75832033
,2034,2,2,1.0
,2034,3,0,0.7388882
,2035,0,0,0.7583107
,2035,1,0,0.7583107
,2035,2,0,0.73884374
,2035,3,2,1.0
,2036,0,0,0.7580084
,2036,1,0,0.7580084
,2036,2,2,1.0
,2036,3,0,0.684258
,2037,0,0,0.75397843
,2037,1,0,0.75397843
,2037,2,0,0.73455316
,2037,3,3,1.0
,2038,0,0,0.75728095
,2038,1,0,0.75728095
,2038,2,2,1.0
,2038,3,0,0.8206571
,2039,0,0,0.75832015
,2039,1,0,0.75832015
,2039,2,0,0.7388883
,2039,3,2,1.0
,2040,0,0,0.75829655
,2040,1,0,0.75829655
,2040,2,2,1.0
,2040,3,0,0.7388577
,2041,0,0,0.7571098
,2041,1,0,0.7571098
,2041,2,0,0.724651
,2041,3,2,1.0
,2042,0,1,0.5256746
,2042,1,1,0.5256746
,2042,2,2,1.0
,2042,3,1,0.9978009
,2043,0,0,0.75378543
,2043,1,0,0.75378543
,2043,2,0,0.6831816
,2043,3,2,1.0
,2044,0,0,0.75392044
,2044,1,0,0.75392044
,2044,2,3,1.0
,2044,3,0,0.7345486
,2045,0,0,0.7564759
,2045,1,0,0.7564759
,2045,2,0,0.8108411
,2045,3,2,1.0
,2046,0,0,0.5025888
,2046,1,0,0.5025888
,2046,2,2,1.0
,2046,3,1,0.8825553
,2047,0,0,0.7537269
,2047,1,0,0.75372696
,2047,2,0,0.7584917
,2047,3,2,1.0
,2048,0,1,0.51099116
,2048,1,1,0.51099116
,2048,2,3,1.0
,2048,3,1,0.8877279
,2049,0,0,0.7522278
,2049,1,0,0.7522278
,2049,2,0,0.83611757
,2049,3,2,1.0
,2050,0,1,0.51143545
,2050,1,1,0.51143545
,2050,2,3,1.0
,2050,3,1,0.887878
,2051,0,0,0.75239974
,2051,1,0,0.75239974
,2051,2,0,0.8108316
,2051,3,2,1.0
,2052,0,0,0.5008143
,2052,1,0,0.5008143
,2052,2,2,1.0
,2052,3,1,0.889444
,2053,0,1,0.5097047
,2053,1,1,0.5097047
,2053,2,1,0.8730729
,2053,3,2,1.0
,2054,0,1,0.51532805
,2054,1,1,0.51532805
,2054,2,3,1.0
,2054,3,1,0.8867775
,2055,0,0,0.7532183
,2055,1,0,0.7532183
,2055,2,0,0.8206667
,2055,3,2,1.0
,2056,0,0,0.75827056
,2056,1,0,0.75827056
,2056,2,2,1.0
,2056,3,0,0.7388988
,2057,0,0,0.75846004
,2057,1,0,0.75846004
,2057,2,0,0.78275406
,2057,3,2,1.0
,2058,0,0,0.76127565
,2058,1,0,0.76127565
,2058,2,0,0.7010312
,2058,3,2,1.0
,2059,0,1,0.51805896
,2059,1,1,0.518059
,2059,2,2,1.0
,2059,3,1,0.95810956
,2060,0,1,0.52667785
,2060,1,1,0.52667785
,2060,2,1,0.9509762
,2060,3,2,1.0
,2061,0,1,0.51536745
,2061,1,1,0.5153675
,2061,2,3,1.0
,2061,3,1,0.88662803
,2062,0,0,0.7532456
,2062,1,0,0.7532456
,2062,2,0,0.7784182
,2062,3,2,1.0
,2063,0,0,0.75359505
,2063,1,0,0.75359505
,2063,2,3,1.0
,2063,3,0,0.73423177
,2064,0,0,0.7572648
,2064,1,0,0.7572648
,2064,2,0,0.8206592
,2064,3,2,1.0
,2065,0,0,0.7574674
,2065,1,0,0.7574674
,2065,2,2,1.0
,2065,3,0,0.75926477
,2066,0,1,0.51087445
,2066,1,1,0.5108745
,2066,2,1,0.8877223
,2066,3,3,1.0
,2067,0,0,0.7532527
,2067,1,0,0.75325304
,2067,2,2,1.0
,2067,3,0,0.820661
,2068,0,0,0.7573368
,2068,1,0,0.7573741
,2068,2,0,0.72592646
,2068,3,2,1.0
,2069,0,1,0.5012289
,2069,1,0,0.50074
,2069,2,2,1.0
,2069,3,1,0.889545
,2070,0,1,0.5869632
,2070,1,1,0.5111609
,2070,2,1,0.8587723
,2070,3,2,1.0
,2071,0,2,1.0
,2071,1,1,0.50940186
,2071,2,1,0.5790068
,2071,3,1,0.85782737
,2072,0,0,0.7822422
,2072,1,0,0.75408196
,2072,2,2,1.0
,2072,3,0,0.6431584
,2073,0,0,0.75445664
,2073,1,0,0.7541297
,2073,2,0,0.73474497
,2073,3,3,1.0
,2074,0,0,0.7573152
,2074,1,0,0.7573115
,2074,2,2,1.0
,2074,3,0,0.77840555
,2075,0,0,0.75364673
,2075,1,0,0.75364673
,2075,2,0,0.7342359
,2075,3,3,1.0
,2076,0,0,0.757276
,2076,1,0,0.757276
,2076,2,2,1.0
,2076,3,0,0.8206571
,2077,0,0,0.7583096
,2077,1,0,0.7583096
,2077,2,0,0.7388911
,2077,3,2,1.0
,2078,0,0,0.7574555
,2078,1,0,0.7574555
,2078,2,2,1.0
,2078,3,0,0.75924325
,2079,0,1,0.5108868
,2079,1,1,0.5108868
,2079,2,1,0.8877249
,2079,3,3,1.0
,2080,0,0,0.75242615
,2080,1,0,0.75242615
,2080,2,2,1.0
,2080,3,0,0.8108227
,2081,0,0,0.5017094
,2081,1,0,0.5017094
,2081,2,1,0.90779895
,2081,3,2,1.0
,2082,0,0,0.75242317
,2082,1,0,0.75242317
,2082,2,3,1.0
,2082,3,0,0.7359293
,2083,0,0,0.7562649
,2083,1,0,0.7562649
,2083,2,0,0.83610636
,2083,3,2,1.0
,2084,0,1,0.5113112
,2084,1,1,0.5113112
,2084,2,3,1.0
,2084,3,1,0.8878736
,2085,0,0,0.7529592
,2085,1,0,0.7529592
,2085,2,0,0.8127204
,2085,3,2,1.0
,2086,0,0,0.55413204
,2086,1,0,0.5541321
,2086,2,2,1.0
,2086,3,1,0.724982
,2087,0,1,0.51431
,2087,1,1,0.51431
,2087,2,1,0.88701636
,2087,3,3,1.0
,2088,0,0,0.7521073
,2088,1,0,0.7521073
,2088,2,2,1.0
,2088,3,0,0.83785534
,2089,0,1,0.52134454
,2089,1,1,0.52134454
,2089,2,1,0.95651907
,2089,3,3,1.0
,2090,0,0,0.7530724
,2090,1,0,0.7530724
,2090,2,2,1.0
,2090,3,0,0.8206695
,2091,0,0,0.75741726
,2091,1,0,0.75741726
,2091,2,0,0.759263
,2091,3,2,1.0
,2092,0,1,0.5108913
,2092,1,1,0.5108913
,2092,2,3,1.0
,2092,3,1,0.8877246
,2093,0,0,0.7522147
,2093,1,0,0.7522152
,2093,2,0,0.81017053
,2093,3,2,1.0
,2094,0,1,0.5167532
,2094,1,1,0.5167308
,2094,2,2,1.0
,2094,3,1,0.95516104
,2095,0,0,0.7518741
,2095,1,0,0.75333345
,2095,2,0,0.72491884
,2095,3,2,1.0
,2096,0,1,0.5766006
,2096,1,1,0.50055987
,2096,2,2,1.0
,2096,3,1,0.8561992
,2097,0,2,1.0
,2097,1,1,0.5098846
,2097,2,1,0.89101106
,2097,3,1,0.52232665
,2098,0,1,0.85796994
,2098,1,1,0.5114519
,2098,2,2,1.0
,2098,3,1,0.63588494
,2099,0,0,0.74741864
,2099,1,0,0.75143325
,2099,2,0,0.73511887
,2099,3,3,1.0
,2100,0,0,0.75719833
,2100,1,0,0.7572441
,2100,2,2,1.0
,2100,3,0,0.8206592
,2101,0,0,0.7574667
,2101,1,0,0.7574671
,2101,2,0,0.75926495
,2101,3,2,1.0
,2102,0,1,0.5108745
,2102,1,1,0.51087445
,2102,2,3,1.0
,2102,3,1,0.8877222
,2103,0,0,0.75325316
,2103,1,0,0.75325316
,2103,2,0,0.820661
,2103,3,2,1.0
,2104,0,0,0.75738126
,2104,1,0,0.7573813
,2104,2,2,1.0
,2104,3,0,0.7259546
,2105,0,0,0.50127155
,2105,1,0,0.50127155
,2105,2,1,0.8712754
,2105,3,2,1.0
,2106,0,1,0.5150148
,2106,1,1,0.51501477
,2106,2,3,1.0
,2106,3,1,0.8867684
,2107,0,0,0.7532422
,2107,1,0,0.7532486
,2107,2,0,0.77842003
,2107,3,2,1.0
,2108,0,0,0.7530409
,2108,1,0,0.7535913
,2108,2,3,1.0
,2108,3,0,0.73420817
,2109,0,0,0.7092164
,2109,1,0,0.7569902
,2109,2,0,0.85352534
,2109,3,2,1.0
,2110,0,2,1.0
,2110,1,0,0.75821894
,2110,2,0,0.7118294
,2110,3,0,0.78254473
,2111,0,0,0.78218824
,2111,1,0,0.7571458
,2111,2,2,1.0
,2111,3,0,0.6962536
,2112,0,1,0.51599896
,2112,1,1,0.5166602
,2112,2,1,0.95517856
,2112,3,2,1.0
,2113,0,0,0.7533979
,2113,1,0,0.7533904
,2113,2,2,1.0
,2113,3,0,0.72501564
,2114,0,0,0.50237155
,2114,1,0,0.5023714
,2114,2,1,0.882616
,2114,3,2,1.0
,2115,0,0,0.75456494
,2115,1,0,0.754565
,2115,2,2,1.0
,2115,3,0,0.7380692
,2116,0,0,0.7572943
,2116,1,0,0.7572943
,2116,2,0,0.76244587
,2116,3,2,1.0
,2117,0,1,0.524356
,2117,1,1,0.524356
,2117,2,3,1.0
,2117,3,1,0.9875316
,2118,0,0,0.7508132
,2118,1,0,0.7508132
,2118,2,0,0.8206418
,2118,3,3,1.0
,2119,0,0,0.75647503
,2119,1,0,0.75647503
,2119,2,2,1.0
,2119,3,0,0.8108408
,2120,0,0,0.5026044
,2120,1,0,0.5026044
,2120,2,1,0.8825567
,2120,3,2,1.0
,2121,0,0,0.75458086
,2121,1,0,0.75458086
,2121,2,2,1.0
,2121,3,0,0.73806334
,2122,0,0,0.758256
,2122,1,0,0.758256
,2122,2,0,0.7388548
,2122,3,2,1.0
,2123,0,0,0.7574287
,2123,1,0,0.7574289
,2123,2,2,1.0
,2123,3,0,0.72589576
,2124,0,0,0.5017173
,2124,1,0,0.5017259
,2124,2,1,0.9078336
,2124,3,2,1.0
,2125,0,0,0.7518784
,2125,1,0,0.75243056
,2125,2,3,1.0
,2125,3,0,0.7359131
,2126,0,0,0.7092019
,2126,1,0,0.75697553
,2126,2,0,0.8538689
,2126,3,2,1.0
,2127,0,2,1.0
,2127,1,0,0.7573446
,2127,2,0,0.7560775
,2127,3,0,0.72574574
,2128,0,1,0.85617715
,2128,1,1,0.50058174
,2128,2,1,0.62549525
,2128,3,2,1.0
,2129,0,0,0.7474109
,2129,1,0,0.7515314
,2129,2,3,1.0
,2129,3,0,0.73509073
,2130,0,0,0.7572369
,2130,1,0,0.7572838
,2130,2,0,0.7784057
,2130,3,2,1.0
,2131,0,0,0.75363535
,2131,1,0,0.7536359
,2131,2,3,1.0
,2131,3,0,0.7342291
,2132,0,0,0.75626695
,2132,1,0,0.75626683
,2132,2,0,0.83617574
,2132,3,2,1.0
,2133,0,1,0.51167434
,2133,1,1,0.51167434
,2133,2,3,1.0
,2133,3,1,0.91172034
,2134,0,0,0.7507388
,2134,1,0,0.7507388
,2134,2,0,0.8206469
,2134,3,3,1.0
,2135,0,0,0.75726646
,2135,1,0,0.75726646
,2135,2,2,1.0
,2135,3,0,0.8206589
,2136,0,0,0.75746745
,2136,1,0,0.75746745
,2136,2,0,0.75926495
,2136,3,2,1.0
,2137,0,1,0.5108736
,2137,1,1,0.5108736
,2137,2,3,1.0
,2137,3,1,0.8877227
,2138,0,0,0.7532881
,2138,1,0,0.75328815
,2138,2,0,0.7784325
,2138,3,2,1.0
,2139,0,0,0.75358915
,2139,1,0,0.75358915
,2139,2,3,0.9996529
,2139,3,0,0.7342296
,2140,0,0,0.7564716
,2140,1,0,0.7564716
,2140,2,0,0.8108115
,2140,3,2,1.0
,2141,0,0,0.50260353
,2141,1,0,0.50260353
,2141,2,2,1.0
,2141,3,1,0.88254815
,2142,0,0,0.75477195
,2142,1,0,0.75477195
,2142,2,0,0.78245014
,2142,3,2,1.0
,2143,0,0,0.76137716
,2143,1,0,0.7613773
,2143,2,0,0.73704547
,2143,3,2,1.0
,2144,0,1,0.51092637
,2144,1,1,0.51092637
,2144,2,3,1.0
,2144,3,1,0.9115358
,2145,0,0,0.7507488
,2145,1,0,0.7507488
,2145,2,0,0.8206469
,2145,3,3,1.0
,2146,0,0,0.7572666
,2146,1,0,0.7572667
,2146,2,2,1.0
,2146,3,0,0.8206589
,2147,0,0,0.75746745
,2147,1,0,0.75746745
,2147,2,0,0.75926495
,2147,3,2,1.0
,2148,0,1,0.51087356
,2148,1,1,0.51087356
,2148,2,3,1.0
,2148,3,1,0.8877227
,2149,0,0,0.7532881
,2149,1,0,0.75328815
,2149,2,0,0.77841854
,2149,3,2,1.0
,2150,0,0,0.7535868
,2150,1,0,0.7535868
,2150,2,3,1.0
,2150,3,0,0.7342273
,2151,0,0,0.75646067
,2151,1,0,0.75646067
,2151,2,0,0.81081307
,2151,3,2,1.0
,2152,0,0,0.5018314
,2152,1,0,0.5018314
,2152,2,2,1.0
,2152,3,1,0.9077935
,2153,0,0,0.752435
,2153,1,0,0.752435
,2153,2,0,0.7359359
,2153,3,3,1.0
,2154,0,0,0.75726855
,2154,1,0,0.7572687
,2154,2,2,1.0
,2154,3,0,0.82065696
,2155,0,0,0.7582991
,2155,1,0,0.7583122
,2155,2,0,0.7388797
,2155,3,2,1.0
,2156,0,0,0.75626576
,2156,1,0,0.75742096
,2156,2,2,1.0
,2156,3,0,0.72588116
,2157,0,1,0.5594508
,2157,1,0,0.50149214
,2157,2,1,0.8556935
,2157,3,2,1.0
,2158,0,2,1.0
,2158,1,0,0.75347894
,2158,2,0,0.6870499
,2158,3,0,0.7801744
,2159,0,1,0.9439634
,2159,1,1,0.51873744
,2159,2,2,1.0
,2159,3,1,0.59420186
,2160,0,1,0.53733367
,2160,1,1,0.52535206
,2160,2,1,0.9555893
,2160,3,2,1.0
,2161,0,0,0.7058684
,2161,1,0,0.7541257
,2161,2,2,1.0
,2161,3,0,0.7817836
,2162,0,2,1.0
,2162,1,0,0.75699335
,2162,2,0,0.7820902
,2162,3,0,0.6959386
,2163,0,1,0.98466134
,2163,1,1,0.5242947
,2163,2,1,0.52362746
,2163,3,2,1.0
,2164,0,2,1.0
,2164,1,1,0.5272562
,2164,2,1,0.5272399
,2164,3,1,0.9585823
,2165,0,1,0.9847575
,2165,1,1,0.53245515
,2165,2,1,0.5325074
,2165,3,2,1.0
,2166,0,2,1.0
,2166,1,1,0.5322985
,2166,2,1,0.5342824
,2166,3,1,0.9846928
,2167,0,1,0.85832953
,2167,1,1,0.5127075
,2167,2,1,0.58936256
,2167,3,2,1.0
,2168,0,1,0.5415356
,2168,1,1,0.53231907
,2168,2,2,1.0
,2168,3,1,0.99400723
,2169,0,0,0.7527043
,2169,1,0,0.75284934
,2169,2,0,0.72382474
,2169,3,2,1.0
,2170,0,1,0.52648443
,2170,1,1,0.5244827
,2170,2,2,1.0
,2170,3,1,0.98467916
,2171,0,1,0.6071929
,2171,1,1,0.53220993
,2171,2,1,0.9793449
,2171,3,2,1.0
,2172,0,2,1.0
,2172,1,1,0.51072943
,2172,2,1,0.5255669
,2172,3,1,0.87074125
,2173,0,1,0.9793924
,2173,1,1,0.53141606
,2173,2,1,0.65364826
,2173,3,3,1.0
,2174,0,0,0.7442976
,2174,1,0,0.7495378
,2174,2,3,1.0
,2174,3,0,0.8206542
,2175,0,0,0.75607324
,2175,1,0,0.7561331
,2175,2,0,0.80983645
,2175,3,2,1.0
,2176,0,1,0.5257155
,2176,1,1,0.5257139
,2176,2,2,1.0
,2176,3,1,0.99780065
,2177,0,0,0.7532166
,2177,1,0,0.7532166
,2177,2,0,0.7249544
,2177,3,2,1.0
,2178,0,0,0.50051415
,2178,1,0,0.50051415
,2178,2,2,1.0
,2178,3,1,0.8898425
,2179,0,1,0.5248814
,2179,1,1,0.52488136
,2179,2,1,0.95559746
,2179,3,2,1.0
,2180,0,0,0.7530386
,2180,1,0,0.7530391
,2180,2,2,1.0
,2180,3,0,0.7241395
,2181,0,1,0.51821774
,2181,1,1,0.5181922
,2181,2,1,0.94936234
,2181,3,2,1.0
,2182,0,1,0.5341316
,2182,1,1,0.53317773
,2182,2,3,1.0
,2182,3,1,0.99780726
,2183,0,0,0.6893017
,2183,1,0,0.7513612
,2183,2,0,0.8531994
,2183,3,2,1.0
,2184,0,2,1.0
,2184,1,1,0.5181451
,2184,2,1,0.51743793
,2184,3,1,0.957991
,2185,0,1,0.85825354
,2185,1,1,0.5121786
,2185,2,1,0.58847994
,2185,3,2,1.0
,2186,0,1,0.5355445
,2186,1,1,0.5263925
,2186,2,2,1.0
,2186,3,1,0.95833707
,2187,0,1,0.5116355
,2187,1,1,0.5113982
,2187,2,1,0.8916395
,2187,3,2,1.0
,2188,0,1,0.533393
,2188,1,1,0.5333867
,2188,2,2,1.0
,2188,3,1,0.9943904
,2189,0,1,0.5098202
,2189,1,1,0.50982004
,2189,2,1,0.88444316
,2189,3,2,1.0
,2190,0,0,0.75442994
,2190,1,0,0.75442994
,2190,2,2,1.0
,2190,3,0,0.7380543
,2191,0,0,0.758254
,2191,1,0,0.758254
,2191,2,0,0.73885465
,2191,3,2,1.0
,2192,0,0,0.7574047
,2192,1,0,0.7574047
,2192,2,2,1.0
,2192,3,0,0.72591203
,2193,0,0,0.5005717
,2193,1,0,0.5005717
,2193,2,1,0.88997585
,2193,3,2,1.0
,2194,0,1,0.53197014
,2194,1,1,0.53197014
,2194,2,2,1.0
,2194,3,1,0.99400806
,2195,0,0,0.75318277
,2195,1,0,0.75318277
,2195,2,0,0.72498316
,2195,3,2,1.0
,2196,0,0,0.5023654
,2196,1,0,0.5023654
,2196,2,2,1.0
,2196,3,1,0.88261634
,2197,0,0,0.75456685
,2197,1,0,0.75456685
,2197,2,0,0.738055
,2197,3,2,1.0
,2198,0,0,0.75713897
,2198,1,0,0.75713897
,2198,2,2,1.0
,2198,3,0,0.7250504
,2199,0,1,0.5182796
,2199,1,1,0.5182796
,2199,2,1,0.9581729
,2199,3,2,1.0
,2200,0,1,0.5344554
,2200,1,1,0.5344554
,2200,2,2,1.0
,2200,3,1,0.9979511
,2201,0,1,0.5260889
,2201,1,1,0.5260889
,2201,2,1,0.9657262
,2201,3,2,1.0
,2202,0,0,0.75222677
,2202,1,0,0.75222677
,2202,2,3,1.0
,2202,3,0,0.73604864
,2203,0,0,0.75626284
,2203,1,0,0.75626284
,2203,2,0,0.83610636
,2203,3,2,1.0
,2204,0,1,0.5113231
,2204,1,1,0.5113231
,2204,2,3,1.0
,2204,3,1,0.887874
,2205,0,0,0.7522068
,2205,1,0,0.7522068
,2205,2,0,0.8101636
,2205,3,2,1.0
,2206,0,1,0.51689434
,2206,1,1,0.51689434
,2206,2,2,1.0
,2206,3,1,0.96535814
,2207,0,0,0.7523449
,2207,1,0,0.7523449
,2207,2,0,0.736057
,2207,3,3,1.0
,2208,0,0,0.75726813
,2208,1,0,0.75726813
,2208,2,2,1.0
,2208,3,0,0.82065696
,2209,0,0,0.7583084
,2209,1,0,0.7583084
,2209,2,0,0.73888093
,2209,3,2,1.0
,2210,0,0,0.7571179
,2210,1,0,0.7571179
,2210,2,2,1.0
,2210,3,0,0.7246841
,2211,0,1,0.5249602
,2211,1,1,0.5249602
,2211,2,1,0.99399376
,2211,3,2,1.0
,2212,0,0,0.75319606
,2212,1,0,0.75319606
,2212,2,2,1.0
,2212,3,0,0.76188
,2213,0,1,0.5255789
,2213,1,1,0.5255789
,2213,2,1,0.99403876
,2213,3,3,1.0
,2214,0,0,0.7529939
,2214,1,0,0.7529939
,2214,2,2,1.0
,2214,3,0,0.82066244
,2215,0,0,0.7570525
,2215,1,0,0.7570525
,2215,2,0,0.7247051
,2215,3,2,1.0
,2216,0,1,0.5263117
,2216,1,1,0.52631176
,2216,2,2,1.0
,2216,3,1,0.9943975
,2217,0,1,0.5256447
,2217,1,1,0.5256446
,2217,2,1,0.9440455
,2217,3,2,1.0
,2218,0,0,0.758032
,2218,1,0,0.7580388
,2218,2,0,0.73085517
,2218,3,2,1.0
,2219,0,1,0.5213235
,2219,1,1,0.5209758
,2219,2,3,1.0
,2219,3,1,0.95645654
,2220,0,0,0.72929686
,2220,1,0,0.75187725
,2220,2,0,0.85239244
,2220,3,2,1.0
,2221,0,3,1.0
,2221,1,1,0.52132726
,2221,2,1,0.5792948
,2221,3,1,0.9450824
,2222,0,0,0.82066894
,2222,1,0,0.7532846
,2222,2,2,1.0
,2222,3,0,0.74841803
,2223,0,2,1.0
,2223,1,0,0.7573222
,2223,2,0,0.76172346
,2223,3,0,0.7560821
,2224,0,1,0.94511396
,2224,1,1,0.52127117
,2224,2,3,1.0
,2224,3,1,0.5818657
,2225,0,0,0.74844265
,2225,1,0,0.7532963
,2225,2,0,0.8206655
,2225,3,2,1.0
,2226,0,0,0.75821877
,2226,1,0,0.7582737
,2226,2,2,1.0
,2226,3,0,0.73888683
,2227,0,0,0.7583072
,2227,1,0,0.7583079
,2227,2,0,0.7388651
,2227,3,2,1.0
,2228,0,0,0.7583082
,2228,1,0,0.75830823
,2228,2,2,1.0
,2228,3,0,0.73886496
,2229,0,0,0.7583082
,2229,1,0,0.7583082
,2229,2,0,0.7388649
,2229,3,2,1.0
,2230,0,0,0.7583082
,2230,1,0,0.7583082
,2230,2,2,1.0
,2230,3,0,0.73886496
,2231,0,0,0.75830436
,2231,1,0,0.75830436
,2231,2,0,0.7388776
,2231,3,2,1.0
,2232,0,0,0.7582689
,2232,1,0,0.7582689
,2232,2,2,1.0
,2232,3,0,0.7832036
,2233,0,0,0.7441453
,2233,1,0,0.7441453
,2233,2,2,1.0
,2233,3,0,0.7444347
,2234,0,2,0.51316
,2234,1,0,1.0
,2234,2,0,1.0
,2234,3,0,1.0
,2235,0,0,0.7750432
,2235,1,0,0.7539824
,2235,2,3,1.0
,2235,3,0,0.7539687
,2236,0,2,1.0
,2236,1,0,0.75728256
,2236,2,0,0.8206371
,2236,3,0,0.7560865
,2237,0,0,0.7829311
,2237,1,0,0.75792205
,2237,2,2,1.0
,2237,3,0,0.65277135
,2238,0,0,0.7544331
,2238,1,0,0.75414264
,2238,2,0,0.734714
,2238,3,3,1.0
,2239,0,0,0.7573148
,2239,1,0,0.75731146
,2239,2,2,1.0
,2239,3,0,0.77840555
,2240,0,0,0.7536472
,2240,1,0,0.7536472
,2240,2,0,0.7342352
,2240,3,3,1.0
,2241,0,0,0.75730425
,2241,1,0,0.75730425
,2241,2,2,1.0
,2241,3,0,0.77840555
,2242,0,0,0.75364655
,2242,1,0,0.75364655
,2242,2,0,0.7342359
,2242,3,3,1.0
,2243,0,0,0.757276
,2243,1,0,0.757276
,2243,2,2,1.0
,2243,3,0,0.8206571
,2244,0,0,0.7583096
,2244,1,0,0.7583096
,2244,2,0,0.7388911
,2244,3,2,1.0
,2245,0,0,0.7574557
,2245,1,0,0.7574557
,2245,2,2,1.0
,2245,3,0,0.7592431
,2246,0,1,0.5108747
,2246,1,1,0.5108747
,2246,2,1,0.88772213
,2246,3,3,1.0
,2247,0,0,0.75326157
,2247,1,0,0.75326157
,2247,2,2,1.0
,2247,3,0,0.82066673
,2248,0,0,0.7582725
,2248,1,0,0.7582725
,2248,2,0,0.73888624
,2248,3,2,1.0
,2249,0,0,0.7582998
,2249,1,0,0.7582998
,2249,2,2,1.0
,2249,3,0,0.7388568
,2250,0,0,0.75742906
,2250,1,0,0.7574295
,2250,2,0,0.7258955
,2250,3,2,1.0
,2251,0,0,0.50170857
,2251,1,0,0.5017279
,2251,2,2,1.0
,2251,3,1,0.90775734
,2252,0,0,0.75069135
,2252,1,0,0.751938
,2252,2,0,0.68200874
,2252,3,3,1.0
,2253,0,0,0.6451957
,2253,1,0,0.75079453
,2253,2,3,1.0
,2253,3,0,0.85315263
,2254,0,3,1.0
,2254,1,0,0.75100535
,2254,2,0,0.8531463
,2254,3,0,0.64695066
,2255,0,0,0.8539759
,2255,1,0,0.75098985
,2255,2,0,0.64639413
,2255,3,3,1.0
,2256,0,0,0.7535463
,2256,1,0,0.75233805
,2256,2,3,1.0
,2256,3,0,0.8206565
,2257,0,0,0.75630075
,2257,1,0,0.7562869
,2257,2,0,0.8361062
,2257,3,2,1.0
,2258,0,1,0.51131827
,2258,1,1,0.5113187
,2258,2,3,1.0
,2258,3,1,0.8878743
,2259,0,0,0.7524201
,2259,1,0,0.7524201
,2259,2,0,0.8108227
,2259,3,2,1.0
,2260,0,0,0.5017093
,2260,1,0,0.5017094
,2260,2,2,1.0
,2260,3,1,0.907799
,2261,0,0,0.7524274
,2261,1,0,0.7524336
,2261,2,0,0.73593575
,2261,3,3,1.0
,2262,0,0,0.75672525
,2262,1,0,0.75726604
,2262,2,2,1.0
,2262,3,0,0.8206553
,2263,0,0,0.710669
,2263,1,0,0.7582825
,2263,2,0,0.7832348
,2263,3,2,1.0
,2264,0,2,1.0
,2264,1,0,0.7582888
,2264,2,0,0.7580325
,2264,3,0,0.73884356
,2265,0,0,0.7832194
,2265,1,0,0.7582699
,2265,2,0,0.71065885
,2265,3,2,1.0
,2266,0,0,0.7585494
,2266,1,0,0.75828004
,2266,2,2,1.0
,2266,3,0,0.7388508
,2267,0,0,0.75627315
,2267,1,0,0.7574431
,2267,2,0,0.759362
,2267,3,2,1.0
,2268,0,1,0.57222193
,2268,1,1,0.5114068
,2268,2,3,1.0
,2268,3,1,0.8610837
,2269,0,2,1.0
,2269,1,0,0.7534315
,2269,2,0,0.82066506
,2269,3,0,0.7494275
,2270,0,0,0.7388892
,2270,1,0,0.7582645
,2270,2,2,1.0
,2270,3,0,0.75820583
,2271,0,2,1.0
,2271,1,0,0.7574427
,2271,2,0,0.7593624
,2271,3,0,0.75626916
,2272,0,1,0.8610905
,2272,1,1,0.51142114
,2272,2,3,1.0
,2272,3,1,0.5722319
,2273,0,0,0.7483803
,2273,1,0,0.7523967
,2273,2,0,0.8361849
,2273,3,2,1.0
,2274,0,1,0.51189053
,2274,1,1,0.5117851
,2274,2,3,1.0
,2274,3,1,0.91172314
,2275,0,0,0.7507369
,2275,1,0,0.75073814
,2275,2,0,0.8206463
,2275,3,3,1.0
,2276,0,0,0.7573053
,2276,1,0,0.7573054
,2276,2,2,1.0
,2276,3,0,0.77840513
,2277,0,0,0.7536434
,2277,1,0,0.7536466
,2277,2,0,0.7342359
,2277,3,3,1.0
,2278,0,0,0.75698507
,2278,1,0,0.75726444
,2278,2,2,1.0
,2278,3,0,0.82065827
,2279,0,0,0.7328328
,2279,1,0,0.7574278
,2279,2,0,0.78024375
,2279,3,2,1.0
,2280,0,3,1.0
,2280,1,1,0.5122604
,2280,2,1,0.6346079
,2280,3,1,0.8622582
,2281,0,0,0.85397196
,2281,1,0,0.7483378
,2281,2,3,1.0
,2281,3,0,0.6366243
,2282,0,0,0.7535994
,2282,1,0,0.7523604
,2282,2,0,0.8206606
,2282,3,3,1.0
,2283,0,0,0.757305
,2283,1,0,0.75729084
,2283,2,2,1.0
,2283,3,0,0.8206568
,2284,0,0,0.75832295
,2284,1,0,0.7583228
,2284,2,0,0.738867
,2284,3,2,1.0
,2285,0,0,0.75800866
,2285,1,0,0.75800866
,2285,2,2,1.0
,2285,3,0,0.68425816
,2286,0,0,0.75397813
,2286,1,0,0.7539703
,2286,2,0,0.7345528
,2286,3,3,1.0
,2287,0,0,0.7572561
,2287,1,0,0.756581
,2287,2,2,1.0
,2287,3,0,0.82064855
,2288,0,0,0.7562262
,2288,1,0,0.69683146
,2288,2,0,0.782402
,2288,3,2,1.0
,2289,0,1,0.5595038
,2289,1,2,1.0
,2289,2,0,0.50134623
,2289,3,1,0.85525185
,2290,0,2,1.0
,2290,1,0,0.78263146
,2290,2,0,0.70662206
,2290,3,0,0.75005794
,2291,0,0,0.78320444
,2291,1,0,0.75852793
,2291,2,2,1.0
,2291,3,0,0.7105121
,2292,0,0,0.75827265
,2292,1,0,0.7579926
,2292,2,0,0.6842384
,2292,3,2,1.0
,2293,0,0,0.75397086
,2293,1,0,0.75396764
,2293,2,3,1.0
,2293,3,0,0.73454636
,2294,0,0,0.7562771
,2294,1,0,0.7562771
,2294,2,0,0.8361062
,2294,3,2,1.0
,2295,0,1,0.51130706
,2295,1,1,0.51130706
,2295,2,3,1.0
,2295,3,1,0.8878717
,2296,0,0,0.75325555
,2296,1,0,0.75325555
,2296,2,0,0.82066685
,2296,3,2,1.0
,2297,0,0,0.75827265
,2297,1,0,0.75827265
,2297,2,2,1.0
,2297,3,0,0.7388861
,2298,0,0,0.7583102
,2298,1,0,0.7583102
,2298,2,0,0.73884374
,2298,3,2,1.0
,2299,0,0,0.7580135
,2299,1,0,0.7580135
,2299,2,2,1.0
,2299,3,0,0.68449014
,2300,0,0,0.7533971
,2300,1,0,0.7533971
,2300,2,0,0.6798432
,2300,3,3,1.0
,2301,0,0,0.75219196
,2301,1,0,0.75219196
,2301,2,3,1.0
,2301,3,0,0.82066274
,2302,0,0,0.7572883
,2302,1,0,0.7572883
,2302,2,0,0.8206569
,2302,3,2,1.0
,2303,0,0,0.7583205
,2303,1,0,0.7583205
,2303,2,2,1.0
,2303,3,0,0.7388883
,2304,0,0,0.7583107
,2304,1,0,0.7583107
,2304,2,0,0.73884374
,2304,3,2,1.0
,2305,0,0,0.7580084
,2305,1,0,0.7580084
,2305,2,2,1.0
,2305,3,0,0.684258
,2306,0,0,0.75397843
,2306,1,0,0.75397843
,2306,2,0,0.734553
,2306,3,3,1.0
,2307,0,0,0.7572832
,2307,1,0,0.7572832
,2307,2,2,1.0
,2307,3,0,0.82064164
,2308,0,0,0.75802207
,2308,1,0,0.75802207
,2308,2,0,0.6842859
,2308,3,2,1.0
,2309,0,0,0.7539785
,2309,1,0,0.7539786
,2309,2,3,1.0
,2309,3,0,0.73455316
,2310,0,0,0.7572731
,2310,1,0,0.7572808
,2310,2,0,0.8206569
,2310,3,2,1.0
,2311,0,0,0.7576231
,2311,1,0,0.7583093
,2311,2,2,1.0
,2311,3,0,0.73887324
,2312,0,0,0.69681853
,2312,1,0,0.75737005
,2312,2,0,0.78132397
,2312,3,2,1.0
,2313,0,2,1.0
,2313,1,0,0.50144964
,2313,2,1,0.55885684
,2313,3,1,0.8556076
,2314,0,0,0.78262925
,2314,1,0,0.75466454
,2314,2,2,1.0
,2314,3,0,0.70207506
,2315,0,0,0.75855416
,2315,1,0,0.75823736
,2315,2,0,0.73883545
,2315,3,2,1.0
,2316,0,0,0.75744265
,2316,1,0,0.75743884
,2316,2,2,1.0
,2316,3,0,0.72593385
,2317,0,0,0.5024945
,2317,1,0,0.502486
,2317,2,1,0.88260907
,2317,3,2,1.0
,2318,0,0,0.75457656
,2318,1,0,0.7540316
,2318,2,2,1.0
,2318,3,0,0.73805773
,2319,0,0,0.7582145
,2319,1,0,0.71060693
,2319,2,0,0.7829465
,2319,3,2,1.0
,2320,0,0,0.75739866
,2320,1,2,1.0
,2320,2,0,0.73282874
,2320,3,0,0.78133917
,2321,0,1,0.5121494
,2321,1,1,0.8609928
,2321,2,3,1.0
,2321,3,1,0.57141364
,2322,0,0,0.6907663
,2322,1,0,0.7480456
,2322,2,0,0.8523825
,2322,3,2,1.0
,2323,0,2,1.0
,2323,1,1,0.5023345
,2323,2,1,0.57417774
,2323,3,1,0.8561859
,2324,0,1,0.8573536
,2324,1,1,0.5698176
,2324,2,2,1.0
,2324,3,1,0.51826406
,2325,0,0,0.70203865
,2325,1,2,1.0
,2325,2,0,0.78260666
,2325,3,0,0.7544285
,2326,0,2,1.0
,2326,1,0,0.73880976
,2326,2,0,0.7573664
,2326,3,0,0.7582389
,2327,0,0,0.78290874
,2327,1,2,1.0
,2327,2,0,0.6527607
,2327,3,0,0.75789905
,2328,0,0,0.75441825
,2328,1,0,0.7346782
,2328,2,3,1.0
,2328,3,0,0.7534285
,2329,0,0,0.7560405
,2329,1,2,1.0
,2329,2,0,0.85236436
,2329,3,0,0.69528913
,2330,0,1,0.5007208
,2330,1,1,0.85626686
,2330,2,1,0.5749619
,2330,3,2,1.0
,2331,0,1,0.52519035
,2331,1,1,0.534206
,2331,2,2,1.0
,2331,3,1,0.9555627
,2332,0,0,0.72802204
,2332,1,0,0.75320554
,2332,2,0,0.7816881
,2332,3,2,1.0
,2333,0,3,1.0
,2333,1,1,0.51169705
,2333,2,1,0.51000446
,2333,3,1,0.8876491
,2334,0,0,0.8533575
,2334,1,0,0.6906207
,2334,2,0,0.75194496
,2334,3,2,1.0
,2335,0,0,0.50162274
,2335,1,2,1.0
,2335,2,0,0.5005853
,2335,3,1,0.8895487
,2336,0,1,0.5700657
,2336,1,1,0.85713947
,2336,2,1,0.5093393
,2336,3,2,1.0
,2337,0,2,1.0
,2337,1,0,0.7502671
,2337,2,0,0.7542316
,2337,3,0,0.683461
,2338,0,0,0.7345533
,2338,1,0,0.7538888
,2338,2,0,0.753927
,2338,3,3,1.0
,2339,0,2,1.0
,2339,1,0,0.75726813
,2339,2,0,0.7565812
,2339,3,0,0.82064897
,2340,0,0,0.7824104
,2340,1,0,0.75737727
,2340,2,0,0.6968864
,2340,3,2,1.0
,2341,0,0,0.50185204
,2341,1,0,0.50120723
,2341,2,2,1.0
,2341,3,1,0.87130237
,2342,0,1,0.5150002
,2342,1,1,0.5150171
,2342,2,1,0.8867681
,2342,3,3,1.0
,2343,0,0,0.75322217
,2343,1,0,0.753222
,2343,2,2,1.0
,2343,3,0,0.82066673
,2344,0,0,0.75827205
,2344,1,0,0.75827205
,2344,2,0,0.73888624
,2344,3,2,1.0
,2345,0,0,0.7582972
,2345,1,0,0.7582972
,2345,2,2,1.0
,2345,3,0,0.7388679
,2346,0,0,0.75745493
,2346,1,0,0.7574553
,2346,2,0,0.75924325
,2346,3,2,1.0
,2347,0,1,0.5109051
,2347,1,1,0.51088697
,2347,2,3,1.0
,2347,3,1,0.8877253
,2348,0,0,0.7512439
,2348,1,0,0.752415
,2348,2,0,0.810816
,2348,3,2,1.0
,2349,0,1,0.5594675
,2349,1,0,0.5014754
,2349,2,2,1.0
,2349,3,1,0.85564166
,2350,0,2,1.0
,2350,1,0,0.7535114
,2350,2,0,0.78048617
,2350,3,0,0.68706685
,2351,0,1,0.94358045
,2351,1,1,0.5171387
,2351,2,1,0.57701117
,2351,3,2,1.0
,2352,0,0,0.7486814
,2352,1,0,0.7535471
,2352,2,2,1.0
,2352,3,0,0.7251979
,2353,0,0,0.5010287
,2353,1,0,0.501154
,2353,2,1,0.87128294
,2353,3,2,1.0
,2354,0,1,0.5150379
,2354,1,1,0.51503474
,2354,2,3,1.0
,2354,3,1,0.88677055
,2355,0,0,0.75217533
,2355,1,0,0.7521677
,2355,2,0,0.81017035
,2355,3,2,1.0
,2356,0,1,0.51673675
,2356,1,1,0.517125
,2356,2,2,1.0
,2356,3,1,0.95515865
,2357,0,0,0.7534248
,2357,1,0,0.72811866
,2357,2,0,0.7816823
,2357,3,2,1.0
,2358,0,1,0.5107387
,2358,1,3,1.0
,2358,2,1,0.51038957
,2358,3,1,0.8876348
,2359,0,0,0.7521311
,2359,1,0,0.85328954
,2359,2,0,0.726743
,2359,3,2,1.0
,2360,0,1,0.51075
,2360,1,1,0.50809884
,2360,2,3,1.0
,2360,3,1,0.88762265
,2361,0,0,0.7522259
,2361,1,0,0.7522564
,2361,2,0,0.8361867
,2361,3,2,1.0
,2362,0,1,0.51179004
,2362,1,1,0.51178926
,2362,2,3,1.0
,2362,3,1,0.91172314
,2363,0,0,0.75072706
,2363,1,0,0.75072706
,2363,2,0,0.8206424
,2363,3,3,1.0
,2364,0,0,0.75627357
,2364,1,0,0.75627357
,2364,2,2,1.0
,2364,3,0,0.83610606
,2365,0,1,0.5113189
,2365,1,1,0.5113189
,2365,2,1,0.8878743
,2365,3,3,1.0
,2366,0,0,0.7524309
,2366,1,0,0.7524309
,2366,2,2,1.0
,2366,3,0,0.81085074
,2367,0,0,0.5024683
,2367,1,0,0.5024683
,2367,2,1,0.88257015
,2367,3,2,1.0
,2368,0,0,0.7536795
,2368,1,0,0.7536795
,2368,2,2,1.0
,2368,3,0,0.7250858
,2369,0,0,0.5023669
,2369,1,0,0.5023669
,2369,2,1,0.8826217
,2369,3,2,1.0
,2370,0,0,0.75365454
,2370,1,0,0.75365454
,2370,2,2,1.0
,2370,3,0,0.72508377
,2371,0,0,0.5011575
,2371,1,0,0.50115746
,2371,2,1,0.8712827
,2371,3,2,1.0
,2372,0,1,0.51503086
,2372,1,1,0.51503086
,2372,2,3,1.0
,2372,3,1,0.88677096
,2373,0,0,0.7523864
,2373,1,0,0.7523864
,2373,2,0,0.81082255
,2373,3,2,1.0
,2374,0,0,0.5017085
,2374,1,0,0.5017085
,2374,2,2,1.0
,2374,3,1,0.90779895
,2375,0,0,0.7524249
,2375,1,0,0.7524249
,2375,2,0,0.7359315
,2375,3,3,1.0
,2376,0,0,0.75645417
,2376,1,0,0.75645417
,2376,2,2,1.0
,2376,3,0,0.8108128
,2377,0,0,0.50183344
,2377,1,0,0.5018334
,2377,2,1,0.9077182
,2377,3,2,1.0
,2378,0,0,0.7519404
,2378,1,0,0.7519404
,2378,2,3,1.0
,2378,3,0,0.68148905
,2379,0,0,0.75216734
,2379,1,0,0.75216734
,2379,2,0,0.8206598
,2379,3,3,1.0
,2380,0,0,0.7564605
,2380,1,0,0.7564605
,2380,2,2,1.0
,2380,3,0,0.8108398
,2381,0,0,0.5013712
,2381,1,0,0.5013712
,2381,2,1,0.87115204
,2381,3,2,1.0
,2382,0,1,0.51546645
,2382,1,1,0.5154665
,2382,2,3,1.0
,2382,3,1,0.91085416
,2383,0,0,0.75070226
,2383,1,0,0.75070226
,2383,2,0,0.8206467
,2383,3,3,1.0
,2384,0,0,0.7572689
,2384,1,0,0.75726885
,2384,2,2,1.0
,2384,3,0,0.820651
,2385,0,0,0.7574523
,2385,1,0,0.7574523
,2385,2,0,0.72595865
,2385,3,2,1.0
,2386,0,0,0.5024801
,2386,1,0,0.5024801
,2386,2,2,1.0
,2386,3,1,0.88260716
,2387,0,0,0.7537257
,2387,1,0,0.7537257
,2387,2,0,0.75849116
,2387,3,2,1.0
,2388,0,1,0.510976
,2388,1,1,0.510976
,2388,2,3,1.0
,2388,3,1,0.8877242
,2389,0,0,0.7532869
,2389,1,0,0.7532869
,2389,2,0,0.77841854
,2389,3,2,1.0
,2390,0,0,0.7535851
,2390,1,0,0.7535851
,2390,2,3,1.0
,2390,3,0,0.734225
,2391,0,0,0.75626636
,2391,1,0,0.75626636
,2391,2,0,0.83617574
,2391,3,2,1.0
,2392,0,1,0.5116735
,2392,1,1,0.5116735
,2392,2,3,1.0
,2392,3,1,0.9117175
,2393,0,0,0.75076324
,2393,1,0,0.75076324
,2393,2,0,0.77898145
,2393,3,3,1.0
,2394,0,0,0.7517566
,2394,1,0,0.7517566
,2394,2,3,1.0
,2394,3,0,0.82066214
,2395,0,0,0.7562786
,2395,1,0,0.7562786
,2395,2,0,0.8361062
,2395,3,2,1.0
,2396,0,1,0.5113212
,2396,1,1,0.5113212
,2396,2,3,1.0
,2396,3,1,0.88787556
,2397,0,0,0.7522232
,2397,1,0,0.7522232
,2397,2,0,0.8361173
,2397,3,2,1.0
,2398,0,1,0.5114233
,2398,1,1,0.5114233
,2398,2,3,1.0
,2398,3,1,0.88787526
,2399,0,0,0.7532458
,2399,1,0,0.7532458
,2399,2,0,0.820661
,2399,3,2,1.0
,2400,0,0,0.75738096
,2400,1,0,0.75738096
,2400,2,2,1.0
,2400,3,0,0.72595435
,2401,0,0,0.50126076
,2401,1,0,0.50126076
,2401,2,1,0.87120813
,2401,3,2,1.0
,2402,0,1,0.51547
,2402,1,1,0.5154701
,2402,2,3,1.0
,2402,3,1,0.9108544
,2403,0,0,0.7507024
,2403,1,0,0.75070226
,2403,2,0,0.8206467
,2403,3,3,1.0
,2404,0,0,0.7572767
,2404,1,0,0.7572767
,2404,2,2,1.0
,2404,3,0,0.8206568
,2405,0,0,0.75830966
,2405,1,0,0.75830966
,2405,2,0,0.7388911
,2405,3,2,1.0
,2406,0,0,0.7574557
,2406,1,0,0.7574557
,2406,2,2,1.0
,2406,3,0,0.7592431
,2407,0,1,0.5108748
,2407,1,1,0.51087475
,2407,2,1,0.8877223
,2407,3,3,1.0
,2408,0,0,0.7532534
,2408,1,0,0.7532534
,2408,2,2,1.0
,2408,3,0,0.820661
,2409,0,0,0.7574047
,2409,1,0,0.7574047
,2409,2,0,0.72595644
,2409,3,2,1.0
,2410,0,0,0.50249404
,2410,1,0,0.50249404
,2410,2,2,1.0
,2410,3,1,0.88260865
,2411,0,0,0.7545794
,2411,1,0,0.7545794
,2411,2,0,0.7380631
,2411,3,2,1.0
,2412,0,0,0.75826627
,2412,1,0,0.75826627
,2412,2,2,1.0
,2412,3,0,0.73884165
,2413,0,0,0.75801307
,2413,1,0,0.75801307
,2413,2,0,0.6844903
,2413,3,2,1.0
,2414,0,0,0.7533971
,2414,1,0,0.7533971
,2414,2,3,1.0
,2414,3,0,0.6798432
,2415,0,0,0.75219196
,2415,1,0,0.75219196
,2415,2,0,0.82066274
,2415,3,3,1.0
,2416,0,0,0.75728834
,2416,1,0,0.75728834
,2416,2,2,1.0
,2416,3,0,0.8206568
,2417,0,0,0.7583228
,2417,1,0,0.7583228
,2417,2,0,0.738867
,2417,3,2,1.0
,2418,0,0,0.75800866
,2418,1,0,0.75800866
,2418,2,2,1.0
,2418,3,0,0.68425816
,2419,0,0,0.7539783
,2419,1,0,0.75397825
,2419,2,0,0.73455316
,2419,3,3,1.0
,2420,0,0,0.7572703
,2420,1,0,0.7572703
,2420,2,2,1.0
,2420,3,0,0.8206592
,2421,0,0,0.7574672
,2421,1,0,0.7574672
,2421,2,0,0.7592652
,2421,3,2,1.0
,2422,0,1,0.51088667
,2422,1,1,0.51088667
,2422,2,3,1.0
,2422,3,1,0.887725
,2423,0,0,0.75240695
,2423,1,0,0.75240695
,2423,2,0,0.8108314
,2423,3,2,1.0
,2424,0,0,0.50080514
,2424,1,0,0.50080514
,2424,2,2,1.0
,2424,3,1,0.8894556
,2425,0,1,0.510034
,2425,1,1,0.510034
,2425,2,1,0.891033
,2425,3,2,1.0
,2426,0,1,0.50883085
,2426,1,1,0.5088309
,2426,2,2,1.0
,2426,3,1,0.88429886
,2427,0,0,0.7535121
,2427,1,0,0.7535121
,2427,2,0,0.72505003
,2427,3,2,1.0
,2428,0,0,0.500712
,2428,1,0,0.500712
,2428,2,2,1.0
,2428,3,1,0.889492
,2429,0,1,0.50970864
,2429,1,1,0.50970864
,2429,2,1,0.8730735
,2429,3,2,1.0
,2430,0,1,0.5153283
,2430,1,1,0.5153283
,2430,2,3,1.0
,2430,3,1,0.8867775
,2431,0,0,0.7532075
,2431,1,0,0.7532075
,2431,2,0,0.8206688
,2431,3,2,1.0
,2432,0,0,0.75741917
,2432,1,0,0.75741917
,2432,2,2,1.0
,2432,3,0,0.7592629
,2433,0,1,0.51087576
,2433,1,1,0.51087576
,2433,2,1,0.88772213
,2433,3,3,1.0
,2434,0,0,0.753249
,2434,1,0,0.753249
,2434,2,2,1.0
,2434,3,0,0.82067066
,2435,0,0,0.75732815
,2435,1,0,0.75732815
,2435,2,0,0.7617049
,2435,3,2,1.0
,2436,0,1,0.521146
,2436,1,1,0.521146
,2436,2,3,1.0
,2436,3,1,0.96627367
,2437,0,0,0.7507829
,2437,1,0,0.7507829
,2437,2,0,0.82064277
,2437,3,3,1.0
,2438,0,0,0.7562292
,2438,1,0,0.7562292
,2438,2,2,1.0
,2438,3,0,0.81015414
,2439,0,1,0.5178749
,2439,1,1,0.5178749
,2439,2,1,0.95795774
,2439,3,2,1.0
,2440,0,1,0.5099081
,2440,1,1,0.5099081
,2440,2,2,1.0
,2440,3,1,0.9092265
,2441,0,0,0.75229305
,2441,1,0,0.7522931
,2441,2,0,0.7359296
,2441,3,3,1.0
,2442,0,0,0.75726724
,2442,1,0,0.75726724
,2442,2,2,1.0
,2442,3,0,0.82065696
,2443,0,0,0.75832015
,2443,1,0,0.75832015
,2443,2,0,0.7388883
,2443,3,2,1.0
,2444,0,0,0.7583084
,2444,1,0,0.7583084
,2444,2,2,1.0
,2444,3,0,0.73886496
,2445,0,0,0.7583105
,2445,1,0,0.7583105
,2445,2,0,0.73884356
,2445,3,2,1.0
,2446,0,0,0.7580084
,2446,1,0,0.7580084
,2446,2,2,1.0
,2446,3,0,0.68425804
,2447,0,0,0.7539783
,2447,1,0,0.7539783
,2447,2,0,0.734553
,2447,3,3,1.0
,2448,0,0,0.757273
,2448,1,0,0.757273
,2448,2,2,1.0
,2448,3,0,0.8206513
,2449,0,0,0.75745255
,2449,1,0,0.75745255
,2449,2,0,0.72595865
,2449,3,2,1.0
,2450,0,0,0.50249535
,2450,1,0,0.5024953
,2450,2,2,1.0
,2450,3,1,0.88260865
,2451,0,0,0.7545794
,2451,1,0,0.7545794
,2451,2,0,0.7380629
,2451,3,2,1.0
,2452,0,0,0.7582662
,2452,1,0,0.7582662
,2452,2,2,1.0
,2452,3,0,0.73884165
,2453,0,0,0.7580079
,2453,1,0,0.7580079
,2453,2,0,0.684258
,2453,3,2,1.0
,2454,0,0,0.75397885
,2454,1,0,0.75397885
,2454,2,3,1.0
,2454,3,0,0.7345524
,2455,0,0,0.7573091
,2455,1,0,0.7573091
,2455,2,0,0.77840555
,2455,3,2,1.0
,2456,0,0,0.7536472
,2456,1,0,0.7536472
,2456,2,3,1.0
,2456,3,0,0.7342352
,2457,0,0,0.75730425
,2457,1,0,0.75730425
,2457,2,0,0.77840555
,2457,3,2,1.0
,2458,0,0,0.75364643
,2458,1,0,0.75364643
,2458,2,3,1.0
,2458,3,0,0.7342358
,2459,0,0,0.75726783
,2459,1,0,0.7572678
,2459,2,0,0.8206512
,2459,3,2,1.0
,2460,0,0,0.7574231
,2460,1,0,0.7574231
,2460,2,2,1.0
,2460,3,0,0.72593176
,2461,0,0,0.5008139
,2461,1,0,0.5008139
,2461,2,1,0.88949645
,2461,3,2,1.0
,2462,0,1,0.51030236
,2462,1,1,0.51030236
,2462,2,2,1.0
,2462,3,1,0.89138323
,2463,0,1,0.5265539
,2463,1,1,0.5265539
,2463,2,1,0.950204
,2463,3,2,1.0
,2464,0,1,0.5276288
,2464,1,1,0.5276287
,2464,2,3,1.0
,2464,3,1,0.956202
,2465,0,0,0.753007
,2465,1,0,0.753007
,2465,2,0,0.82066154
,2465,3,2,1.0
,2466,0,0,0.75737834
,2466,1,0,0.75737834
,2466,2,2,1.0
,2466,3,0,0.7259544
,2467,0,0,0.5012711
,2467,1,0,0.5012711
,2467,2,1,0.87127525
,2467,3,2,1.0
,2468,0,1,0.5150281
,2468,1,1,0.51502866
,2468,2,3,1.0
,2468,3,1,0.88677084
,2469,0,0,0.7523659
,2469,1,0,0.75232804
,2469,2,0,0.8108291
,2469,3,2,1.0
,2470,0,0,0.5007241
,2470,1,1,0.50124484
,2470,2,2,1.0
,2470,3,1,0.8895035
,2471,0,1,0.51116043
,2471,1,1,0.5869619
,2471,2,1,0.85877144
,2471,3,2,1.0
,2472,0,1,0.50940686
,2472,1,2,1.0
,2472,2,1,0.57897407
,2472,3,1,0.85749286
,2473,0,0,0.753552
,2473,1,0,0.7795288
,2473,2,2,1.0
,2473,3,0,0.68781155
,2474,0,1,0.50076795
,2474,1,1,0.6249758
,2474,2,1,0.8565882
,2474,3,2,1.0
,2475,0,0,0.7514283
,2475,1,3,1.0
,2475,2,0,0.69829327
,2475,3,0,0.77925724
,2476,0,0,0.7560113
,2476,1,0,0.85337234
,2476,2,2,1.0
,2476,3,0,0.69569206
,2477,0,0,0.5011839
,2477,1,0,0.50369173
,2477,2,1,0.87129706
,2477,3,2,1.0
,2478,0,1,0.5150319
,2478,1,1,0.51496637
,2478,2,3,1.0
,2478,3,1,0.886772
,2479,0,0,0.7521892
,2479,1,0,0.75219
,2479,2,0,0.83611757
,2479,3,2,1.0
,2480,0,1,0.5114384
,2480,1,1,0.5114384
,2480,2,3,1.0
,2480,3,1,0.88787925
,2481,0,0,0.7522216
,2481,1,0,0.7522216
,2481,2,0,0.83611757
,2481,3,2,1.0
,2482,0,1,0.51143557
,2482,1,1,0.5114356
,2482,2,3,1.0
,2482,3,1,0.887878
,2483,0,0,0.7524004
,2483,1,0,0.7524004
,2483,2,0,0.8108316
,2483,3,2,1.0
,2484,0,0,0.5008486
,2484,1,0,0.5008486
,2484,2,2,1.0
,2484,3,1,0.889442
,2485,0,1,0.5084967
,2485,1,1,0.5084967
,2485,2,1,0.8842709
,2485,3,2,1.0
,2486,0,0,0.75359184
,2486,1,0,0.75359184
,2486,2,2,1.0
,2486,3,0,0.7584839
,2487,0,1,0.51099473
,2487,1,1,0.51099473
,2487,2,1,0.88772786
,2487,3,3,1.0
,2488,0,0,0.75222796
,2488,1,0,0.75222796
,2488,2,2,1.0
,2488,3,0,0.83611727
,2489,0,1,0.51142323
,2489,1,1,0.5114232
,2489,2,1,0.8878754
,2489,3,3,1.0
,2490,0,0,0.7532434
,2490,1,0,0.7532434
,2490,2,2,1.0
,2490,3,0,0.820669
,2491,0,0,0.75741935
,2491,1,0,0.75741935
,2491,2,0,0.75926316
,2491,3,2,1.0
,2492,0,1,0.51089
,2492,1,1,0.51088995
,2492,2,3,1.0
,2492,3,1,0.88772637
,2493,0,0,0.7522292
,2493,1,0,0.7522292
,2493,2,0,0.8361173
,2493,3,2,1.0
,2494,0,1,0.5114224
,2494,1,1,0.5114224
,2494,2,3,1.0
,2494,3,1,0.8878757
,2495,0,0,0.7532809
,2495,1,0,0.7532809
,2495,2,0,0.77841836
,2495,3,2,1.0
,2496,0,0,0.75359607
,2496,1,0,0.75359607
,2496,2,3,1.0
,2496,3,0,0.7342311
,2497,0,0,0.7573036
,2497,1,0,0.7573036
,2497,2,0,0.7784057
,2497,3,2,1.0
,2498,0,0,0.7536466
,2498,1,0,0.7536404
,2498,2,3,0.9999945
,2498,3,0,0.7342357
,2499,0,0,0.75727326
,2499,1,0,0.75673234
,2499,2,0,0.8206549
,2499,3,2,1.0
,2500,0,0,0.75827426
,2500,1,0,0.71065897
,2500,2,2,1.0
,2500,3,0,0.7832078
,2501,0,0,0.75736743
,2501,1,2,1.0
,2501,2,0,0.72575396
,2501,3,0,0.75527734
,2502,0,1,0.5005815
,2502,1,1,0.8561773
,2502,2,2,1.0
,2502,3,1,0.6255144
,2503,0,0,0.751522
,2503,1,0,0.74740136
,2503,2,0,0.735087
,2503,3,3,1.0
,2504,0,0,0.75642806
,2504,1,0,0.7563805
,2504,2,2,1.0
,2504,3,0,0.81084
,2505,0,0,0.50137967
,2505,1,0,0.5013537
,2505,2,1,0.87121683
,2505,3,2,1.0
,2506,0,1,0.5150391
,2506,1,1,0.5159851
,2506,2,3,1.0
,2506,3,1,0.8867923
,2507,0,0,0.75189114
,2507,1,0,0.6905776
,2507,2,0,0.8533752
,2507,3,2,1.0
,2508,0,0,0.5004205
,2508,1,2,1.0
,2508,2,0,0.50303686
,2508,3,1,0.889864
,2509,0,1,0.5249069
,2509,1,1,0.9555977
,2509,2,1,0.52481467
,2509,3,2,1.0
,2510,0,0,0.7515236
,2510,1,2,1.0
,2510,2,0,0.75302356
,2510,3,0,0.7240983
,2511,0,1,0.5949079
,2511,1,1,0.94395524
,2511,2,1,0.5187275
,2511,3,2,1.0
,2512,0,2,1.0
,2512,1,1,0.53733426
,2512,2,1,0.52537054
,2512,3,1,0.95558953
,2513,0,0,0.7824395
,2513,1,0,0.7058449
,2513,2,0,0.752929
,2513,3,2,1.0
,2514,0,0,0.7581572
,2514,1,2,1.0
,2514,2,0,0.6526911
,2514,3,0,0.78237414
,2515,0,0,0.7540673
,2515,1,0,0.7795904
,2515,2,3,1.0
,2515,3,0,0.7061997
,2516,0,0,0.7563936
,2516,1,0,0.7567156
,2516,2,0,0.81082237
,2516,3,2,1.0
,2517,0,1,0.50090104
,2517,1,0,0.5007087
,2517,2,2,1.0
,2517,3,1,0.8898096
,2518,0,1,0.585586
,2518,1,1,0.52518487
,2518,2,1,0.9442325
,2518,3,2,1.0
,2519,0,2,1.0
,2519,1,0,0.7543025
,2519,2,0,0.70087475
,2519,3,0,0.781942
,2520,0,0,0.7823699
,2520,1,0,0.75729674
,2520,2,2,1.0
,2520,3,0,0.69716334
,2521,0,0,0.5018507
,2521,1,0,0.50120485
,2521,2,1,0.871302
,2521,3,2,1.0
,2522,0,1,0.5150129
,2522,1,1,0.5150298
,2522,2,3,1.0
,2522,3,1,0.88677084
,2523,0,0,0.7523675
,2523,1,0,0.7523673
,2523,2,0,0.81083125
,2523,3,2,1.0
,2524,0,0,0.5008042
,2524,1,0,0.5008042
,2524,2,2,1.0
,2524,3,1,0.8894556
,2525,0,1,0.510034
,2525,1,1,0.510034
,2525,2,1,0.891033
,2525,3,2,1.0
,2526,0,1,0.5088304
,2526,1,1,0.5088305
,2526,2,2,1.0
,2526,3,1,0.88429874
,2527,0,0,0.7535418
,2527,1,0,0.7535418
,2527,2,0,0.72507703
,2527,3,2,1.0
,2528,0,0,0.50237644
,2528,1,0,0.50237644
,2528,2,2,1.0
,2528,3,1,0.88261557
,2529,0,0,0.75457925
,2529,1,0,0.75457925
,2529,2,0,0.73809284
,2529,3,2,1.0
,2530,0,0,0.75903356
,2530,1,0,0.75903356
,2530,2,2,1.0
,2530,3,0,0.7829901
,2531,0,0,0.6660041
,2531,1,0,0.6660041
,2531,2,2,1.0
,2531,3,0,0.59531367
,2532,0,1,0.5027955
,2532,1,1,0.50279546
,2532,2,1,0.88995993
,2532,3,2,1.0
,2533,0,1,0.5086036
,2533,1,1,0.5086036
,2533,2,2,1.0
,2533,3,1,0.8842839
,2534,0,0,0.7535445
,2534,1,0,0.7535445
,2534,2,0,0.72507703
,2534,3,2,1.0
,2535,0,0,0.5023763
,2535,1,0,0.5023763
,2535,2,2,1.0
,2535,3,1,0.8826304
,2536,0,0,0.75421715
,2536,1,0,0.7542171
,2536,2,0,0.6833013
,2536,3,2,1.0
,2537,0,0,0.75393426
,2537,1,0,0.75393426
,2537,2,3,1.0
,2537,3,0,0.7345531
,2538,0,0,0.7572804
,2538,1,0,0.7572804
,2538,2,0,0.8206571
,2538,3,2,1.0
,2539,0,0,0.75832033
,2539,1,0,0.75832033
,2539,2,2,1.0
,2539,3,0,0.7388882
,2540,0,0,0.7583107
,2540,1,0,0.7583107
,2540,2,0,0.73884356
,2540,3,2,1.0
,2541,0,0,0.7580084
,2541,1,0,0.7580084
,2541,2,2,1.0
,2541,3,0,0.684258
,2542,0,0,0.7539783
,2542,1,0,0.75397843
,2542,2,0,0.734553
,2542,3,3,1.0
,2543,0,0,0.7572748
,2543,1,0,0.75728095
,2543,2,2,1.0
,2543,3,0,0.82065696
,2544,0,0,0.7577787
,2544,1,0,0.758318
,2544,2,0,0.73888355
,2544,3,2,1.0
,2545,0,0,0.71065557
,2545,1,0,0.7582644
,2545,2,2,1.0
,2545,3,0,0.7832199
,2546,0,2,1.0
,2546,1,0,0.75774914
,2546,2,0,0.73884356
,2546,3,0,0.75857115
,2547,0,0,0.78321964
,2547,1,0,0.71065503
,2547,2,2,1.0
,2547,3,0,0.7582671
,2548,0,0,0.75857127
,2548,1,2,1.0
,2548,2,0,0.7388434
,2548,3,0,0.7577489
,2549,0,0,0.7582755
,2549,1,0,0.7832218
,2549,2,2,1.0
,2549,3,0,0.71063226
,2550,0,0,0.75798994
,2550,1,0,0.75827307
,2550,2,0,0.6842384
,2550,3,2,1.0
,2551,0,0,0.75397867
,2551,1,0,0.7539819
,2551,2,3,1.0
,2551,3,0,0.7345522
,2552,0,0,0.7573127
,2552,1,0,0.7573127
,2552,2,0,0.7785975
,2552,3,2,1.0
,2553,0,0,0.7530438
,2553,1,0,0.7530438
,2553,2,3,1.0
,2553,3,0,0.6794664
,2554,0,0,0.75218713
,2554,1,0,0.75218713
,2554,2,0,0.82066274
,2554,3,3,1.0
,2555,0,0,0.7572803
,2555,1,0,0.7572803
,2555,2,2,1.0
,2555,3,0,0.820651
,2556,0,0,0.7574525
,2556,1,0,0.7574525
,2556,2,0,0.7259585
,2556,3,2,1.0
,2557,0,0,0.50248206
,2557,1,0,0.50248206
,2557,2,2,1.0
,2557,3,1,0.88261473
,2558,0,0,0.75366884
,2558,1,0,0.75366884
,2558,2,0,0.7250473
,2558,3,2,1.0
,2559,0,0,0.5016121
,2559,1,0,0.5016121
,2559,2,2,1.0
,2559,3,1,0.9078394
,2560,0,0,0.7524327
,2560,1,0,0.7524327
,2560,2,0,0.73593503
,2560,3,3,1.0
,2561,0,0,0.7572968
,2561,1,0,0.7572968
,2561,2,2,1.0
,2561,3,0,0.7784057
,2562,0,0,0.75363773
,2562,1,0,0.75363773
,2562,2,0,0.73423135
,2562,3,3,1.0
,2563,0,0,0.7564613
,2563,1,0,0.7564613
,2563,2,2,1.0
,2563,3,0,0.81081307
,2564,0,0,0.5018315
,2564,1,0,0.5018315
,2564,2,1,0.9077935
,2564,3,2,1.0
,2565,0,0,0.752435
,2565,1,0,0.752435
,2565,2,3,1.0
,2565,3,0,0.7359359
,2566,0,0,0.75726676
,2566,1,0,0.75726676
,2566,2,0,0.82065237
,2566,3,2,1.0
,2567,0,0,0.7579996
,2567,1,0,0.7579995
,2567,2,2,1.0
,2567,3,0,0.7283957
,2568,0,0,0.5550446
,2568,1,0,0.5550361
,2568,2,1,0.7928717
,2568,3,2,1.0
,2569,0,0,0.7528032
,2569,1,0,0.7522516
,2569,2,3,1.0
,2569,3,0,0.7356789
,2570,0,0,0.7569872
,2570,1,0,0.7092129
,2570,2,0,0.85352516
,2570,3,2,1.0
,2571,0,0,0.7582293
,2571,1,2,1.0
,2571,2,0,0.7118091
,2571,3,0,0.78209215
,2572,0,0,0.75789046
,2572,1,0,0.78289455
,2572,2,2,1.0
,2572,3,0,0.6530833
,2573,0,0,0.75413984
,2573,1,0,0.7544302
,2573,2,0,0.7347127
,2573,3,3,1.0
,2574,0,0,0.75727284
,2574,1,0,0.75727606
,2574,2,2,1.0
,2574,3,0,0.8206514
,2575,0,0,0.75722814
,2575,1,0,0.7572282
,2575,2,0,0.72508377
,2575,3,2,1.0
,2576,0,1,0.51662606
,2576,1,1,0.51662606
,2576,2,2,1.0
,2576,3,1,0.95517015
,2577,0,0,0.7542931
,2577,1,0,0.75429296
,2577,2,0,0.73799694
,2577,3,2,1.0
,2578,0,0,0.7582604
,2578,1,0,0.7582526
,2578,2,2,1.0
,2578,3,0,0.7388626
,2579,0,0,0.7582967
,2579,1,0,0.757611
,2579,2,0,0.7388505
,2579,3,2,1.0
,2580,0,0,0.75738764
,2580,1,0,0.6968733
,2580,2,2,1.0
,2580,3,0,0.78241074
,2581,0,0,0.5024287
,2581,1,2,1.0
,2581,2,1,0.8826484
,2581,3,0,0.50307316
,2582,0,0,0.75421745
,2582,1,0,0.6833044
,2582,2,2,1.0
,2582,3,0,0.75421673
,2583,0,0,0.7539206
,2583,1,3,1.0
,2583,2,0,0.7345169
,2583,3,0,0.75322145
,2584,0,0,0.75608546
,2584,1,0,0.8533878
,2584,2,2,1.0
,2584,3,0,0.69537765
,2585,0,0,0.5024073
,2585,1,0,0.50491357
,2585,2,1,0.88262904
,2585,3,2,1.0
,2586,0,0,0.75457007
,2586,1,0,0.75459856
,2586,2,2,1.0
,2586,3,0,0.7380546
,2587,0,0,0.75739515
,2587,1,0,0.7573954
,2587,2,0,0.7259318
,2587,3,2,1.0
,2588,0,0,0.5024781
,2588,1,0,0.5024782
,2588,2,2,1.0
,2588,3,1,0.8826073
,2589,0,0,0.75372535
,2589,1,0,0.75372535
,2589,2,0,0.7584915
,2589,3,2,1.0
,2590,0,1,0.51099116
,2590,1,1,0.5109912
,2590,2,3,1.0
,2590,3,1,0.8877279
,2591,0,0,0.752228
,2591,1,0,0.752228
,2591,2,0,0.8361173
,2591,3,2,1.0
,2592,0,1,0.51142323
,2592,1,1,0.51142323
,2592,2,3,1.0
,2592,3,1,0.88787526
,2593,0,0,0.75324345
,2593,1,0,0.75324345
,2593,2,0,0.8206688
,2593,3,2,1.0
,2594,0,0,0.75741816
,2594,1,0,0.75741816
,2594,2,2,1.0
,2594,3,0,0.7586039
,2595,0,1,0.51072466
,2595,1,1,0.51072496
,2595,2,1,0.8876635
,2595,3,3,0.98166263
,2596,0,0,0.7524578
,2596,1,0,0.7524398
,2596,2,2,1.0
,2596,3,0,0.8092575
,2597,0,0,0.50244176
,2597,1,0,0.50150293
,2597,2,1,0.88258296
,2597,3,2,1.0
,2598,0,0,0.753585
,2598,1,0,0.692531
,2598,2,2,1.0
,2598,3,0,0.78162116
,2599,0,0,0.50100607
,2599,1,2,1.0
,2599,2,1,0.87123823
,2599,3,0,0.5001631
,2600,0,1,0.5166239
,2600,1,1,0.85999316
,2600,2,3,1.0
,2600,3,1,0.5764178
,2601,0,0,0.6907809
,2601,1,0,0.7481051
,2601,2,0,0.85336196
,2601,3,2,1.0
,2602,0,2,1.0
,2602,1,0,0.5002733
,2602,2,0,0.5021182
,2602,3,1,0.8898731
,2603,0,1,0.9442733
,2603,1,1,0.52624726
,2603,2,1,0.5589219
,2603,3,2,1.0
,2604,0,1,0.5289315
,2604,1,1,0.5179766
,2604,2,3,1.0
,2604,3,1,0.8875969
,2605,0,0,0.7520245
,2605,1,0,0.7521505
,2605,2,0,0.83611757
,2605,3,2,1.0
,2606,0,1,0.5114429
,2606,1,1,0.51143956
,2606,2,3,1.0
,2606,3,1,0.88787925
,2607,0,0,0.75222147
,2607,1,0,0.7522216
,2607,2,0,0.83611757
,2607,3,2,1.0
,2608,0,1,0.51143515
,2608,1,1,0.5114352
,2608,2,3,1.0
,2608,3,1,0.8878779
,2609,0,0,0.75242954
,2609,1,0,0.7524295
,2609,2,0,0.81085074
,2609,3,2,1.0
,2610,0,0,0.5024683
,2610,1,0,0.5024683
,2610,2,2,1.0
,2610,3,1,0.88257
,2611,0,0,0.75367945
,2611,1,0,0.75367945
,2611,2,0,0.7250858
,2611,3,2,1.0
,2612,0,0,0.5023652
,2612,1,0,0.5023652
,2612,2,2,1.0
,2612,3,1,0.882614
,2613,0,0,0.7537241
,2613,1,0,0.7537241
,2613,2,0,0.75849134
,2613,3,2,1.0
,2614,0,1,0.5109891
,2614,1,1,0.5109891
,2614,2,3,1.0
,2614,3,1,0.88772655
,2615,0,0,0.75240666
,2615,1,0,0.75240666
,2615,2,0,0.81083184
,2615,3,2,1.0
,2616,0,0,0.50084925
,2616,1,0,0.50084925
,2616,2,2,1.0
,2616,3,1,0.889442
,2617,0,1,0.5084815
,2617,1,1,0.5084815
,2617,2,1,0.8842724
,2617,3,2,1.0
,2618,0,0,0.7544462
,2618,1,0,0.7544462
,2618,2,2,1.0
,2618,3,0,0.738055
,2619,0,0,0.7582648
,2619,1,0,0.7582648
,2619,2,0,0.73884165
,2619,3,2,1.0
,2620,0,0,0.75801295
,2620,1,0,0.75801295
,2620,2,2,1.0
,2620,3,0,0.68449014
,2621,0,0,0.7533977
,2621,1,0,0.7533977
,2621,2,0,0.67985225
,2621,3,3,1.0
,2622,0,0,0.75221056
,2622,1,0,0.75221056
,2622,2,3,1.0
,2622,3,0,0.779005
,2623,0,0,0.75155705
,2623,1,0,0.75155705
,2623,2,0,0.8206553
,2623,3,3,1.0
,2624,0,0,0.7386394
,2624,1,0,0.7386394
,2624,2,2,1.0
,2624,3,0,0.84129065
,2625,0,0,1.0
,2625,1,0,1.0
,2625,2,0,1.0
,2625,3,2,0.50920177
,2626,0,1,0.5117707
,2626,1,1,0.58815473
,2626,2,2,1.0
,2626,3,1,0.8573978
,2627,0,1,0.526372
,2627,1,2,1.0
,2627,2,1,0.95834315
,2627,3,1,0.53551257
,2628,0,1,0.5095277
,2628,1,1,0.88440216
,2628,2,2,1.0
,2628,3,1,0.50976515
,2629,0,0,0.75349796
,2629,1,2,1.0
,2629,2,0,0.72504884
,2629,3,0,0.753457
,2630,0,0,0.50042593
,2630,1,1,0.8898756
,2630,2,2,1.0
,2630,3,1,0.50157064
,2631,0,1,0.5265424
,2631,1,2,1.0
,2631,2,1,0.9444048
,2631,3,1,0.6017833
,2632,0,1,0.5107355
,2632,1,1,0.89104444
,2632,2,1,0.523141
,2632,3,2,1.0
,2633,0,1,0.50969356
,2633,1,2,1.0
,2633,2,1,0.57072747
,2633,3,1,0.8571671
,2634,0,0,0.7542162
,2634,1,0,0.72765756
,2634,2,2,1.0
,2634,3,0,0.7502586
,2635,0,0,0.5535329
,2635,1,2,1.0
,2635,2,1,0.75801027
,2635,3,0,0.5534394
,2636,0,1,0.5079103
,2636,1,1,0.8907715
,2636,2,2,1.0
,2636,3,1,0.50791264
,2637,0,1,0.5094018
,2637,1,2,1.0
,2637,2,1,0.90919644
,2637,3,1,0.50940186
,2638,0,0,0.7525771
,2638,1,0,0.7809546
,2638,2,3,1.0
,2638,3,0,0.7525771
,2639,0,0,0.7633475
,2639,1,0,0.7631402
,2639,2,2,1.0
,2639,3,0,0.7633475
,2640,0,0,0.76234376
,2640,1,0,0.71523523
,2640,2,2,1.0
,2640,3,0,0.76234376
,2641,0,0,0.757455
,2641,1,2,1.0
,2641,2,0,0.7259052
,2641,3,0,0.757455
,2642,0,0,0.5008657
,2642,1,1,0.88948375
,2642,2,2,1.0
,2642,3,0,0.5008657
,2643,0,1,0.5084823
,2643,1,2,1.0
,2643,2,1,0.8842728
,2643,3,1,0.5084822
,2644,0,0,0.75443774
,2644,1,0,0.73804665
,2644,2,2,1.0
,2644,3,0,0.75443774
,2645,0,0,0.75736463
,2645,1,2,1.0
,2645,2,0,0.7259048
,2645,3,0,0.75736463
,2646,0,0,0.5008192
,2646,1,1,0.8894973
,2646,2,2,1.0
,2646,3,0,0.5008192
,2647,0,1,0.5100343
,2647,1,2,1.0
,2647,2,1,0.8910332
,2647,3,1,0.5100343
,2648,0,1,0.5088178
,2648,1,1,0.88429296
,2648,2,2,1.0
,2648,3,1,0.5088178
,2649,0,0,0.7544423
,2649,1,2,1.0
,2649,2,0,0.738055
,2649,3,0,0.75444216
,2650,0,0,0.7582624
,2650,1,0,0.73886275
,2650,2,2,1.0
,2650,3,0,0.75825626
,2651,0,0,0.75830525
,2651,1,2,1.0
,2651,2,0,0.73886013
,2651,3,0,0.75776607
,2652,0,0,0.75825804
,2652,1,0,0.783196
,2652,2,2,1.0
,2652,3,0,0.7106606
,2653,0,0,0.7573399
,2653,1,0,0.7564394
,2653,2,0,0.76168764
,2653,3,2,1.0
,2654,0,1,0.52127
,2654,1,1,0.58185744
,2654,2,3,1.0
,2654,3,1,0.94511384
,2655,0,0,0.7533232
,2655,1,2,1.0
,2655,2,0,0.7784165
,2655,3,0,0.7484694
,2656,0,0,0.75358844
,2656,1,0,0.73422796
,2656,2,3,1.0
,2656,3,0,0.7535185
,2657,0,0,0.75645113
,2657,1,2,1.0
,2657,2,0,0.8108061
,2657,3,0,0.7552923
,2658,0,0,0.5015971
,2658,1,1,0.8556333
,2658,2,2,1.0
,2658,3,1,0.5593467
,2659,0,0,0.75349456
,2659,1,0,0.6870844
,2659,2,0,0.7815632
,2659,3,2,1.0
,2660,0,1,0.51825887
,2660,1,2,1.0
,2660,2,1,0.5175428
,2660,3,1,0.95811653
,2661,0,1,0.52548593
,2661,1,1,0.95562994
,2661,2,1,0.526414
,2661,3,2,1.0
,2662,0,0,0.75296515
,2662,1,2,1.0
,2662,2,0,0.6911418
,2662,3,0,0.7813774
,2663,0,1,0.51806104
,2663,1,1,0.9579764
,2663,2,2,1.0
,2663,3,1,0.51731086
,2664,0,1,0.51081973
,2664,1,2,1.0
,2664,2,1,0.8911394
,2664,3,1,0.5108003
,2665,0,1,0.50885427
,2665,1,1,0.8843
,2665,2,2,1.0
,2665,3,1,0.5088538
,2666,0,0,0.7535415
,2666,1,2,1.0
,2666,2,0,0.72507703
,2666,3,0,0.75354165
,2667,0,0,0.50237626
,2667,1,1,0.88261557
,2667,2,2,1.0
,2667,3,0,0.50237644
,2668,0,0,0.754567
,2668,1,2,1.0
,2668,2,0,0.73809445
,2668,3,0,0.75457895
,2669,0,0,0.7580128
,2669,1,0,0.7839521
,2669,2,2,1.0
,2669,3,0,0.7590543
,2670,0,0,0.5877664
,2670,1,0,0.65991133
,2670,2,2,1.0
,2670,3,0,0.6594674
,2671,0,2,1.0
,2671,1,1,0.501438
,2671,2,1,0.8831521
,2671,3,1,0.50144106
,2672,0,0,0.7380551
,2672,1,0,0.7539841
,2672,2,2,1.0
,2672,3,0,0.75452894
,2673,0,2,1.0
,2673,1,0,0.71060485
,2673,2,0,0.7832105
,2673,3,0,0.7582253
,2674,0,0,0.7388338
,2674,1,2,1.0
,2674,2,0,0.75786644
,2674,3,0,0.7582767
,2675,0,2,1.0
,2675,1,0,0.7822002
,2675,2,0,0.69594014
,2675,3,0,0.7571606
,2676,0,1,0.9653714
,2676,1,1,0.5161725
,2676,2,2,1.0
,2676,3,1,0.5168228
,2677,0,3,1.0
,2677,1,0,0.7516274
,2677,2,0,0.73602223
,2677,3,0,0.7523302
,2678,0,0,0.8532311
,2678,1,0,0.6944267
,2678,2,2,1.0
,2678,3,0,0.755848
,2679,0,1,0.5142916
,2679,1,2,1.0
,2679,2,1,0.9653703
,2679,3,1,0.5168526
,2680,0,0,0.75166
,2680,1,0,0.7360219
,2680,2,3,1.0
,2680,3,0,0.7523325
,2681,0,0,0.69536424
,2681,1,2,1.0
,2681,2,0,0.8533872
,2681,3,0,0.7560733
,2682,0,2,1.0
,2682,1,1,0.8826356
,2682,2,0,0.5048728
,2682,3,0,0.5023892
,2683,0,0,0.7241699
,2683,1,2,1.0
,2683,2,0,0.75193727
,2683,3,0,0.7534061
,2684,0,2,1.0
,2684,1,1,0.9443828
,2684,2,1,0.59493476
,2684,3,1,0.51876223
,2685,0,1,0.9443835
,2685,1,1,0.6129963
,2685,2,2,1.0
,2685,3,1,0.5269888
,2686,0,1,0.52072173
,2686,1,2,1.0
,2686,2,1,0.88426185
,2686,3,1,0.50917035
,2687,0,0,0.70616674
,2687,1,0,0.78249735
,2687,2,2,1.0
,2687,3,0,0.7543882
,2688,0,2,1.0
,2688,1,0,0.7585614
,2688,2,0,0.73884463
,2688,3,0,0.7582431
,2689,0,0,0.7388647
,2689,1,0,0.7583049
,2689,2,2,1.0
,2689,3,0,0.75830734
,2690,0,2,1.0
,2690,1,0,0.7577665
,2690,2,0,0.73885995
,2690,3,0,0.7583059
,2691,0,0,0.78271836
,2691,1,0,0.7106507
,2691,2,2,1.0
,2691,3,0,0.7582685
,2692,0,0,0.7109536
,2692,1,2,1.0
,2692,2,0,0.78320545
,2692,3,0,0.7582534
,2693,0,2,1.0
,2693,1,0,0.7388271
,2693,2,0,0.7585756
,2693,3,0,0.758293
,2694,0,0,0.68426126
,2694,1,2,1.0
,2694,2,0,0.7580034
,2694,3,0,0.75800806
,2695,0,3,1.0
,2695,1,0,0.7345169
,2695,2,0,0.7532656
,2695,3,0,0.75396466
,2696,0,0,0.8533876
,2696,1,2,1.0
,2696,2,0,0.69537824
,2696,3,0,0.7560853
,2697,0,0,0.50489604
,2697,1,1,0.8826263
,2697,2,2,1.0
,2697,3,0,0.5023714
,2698,0,0,0.7536583
,2698,1,2,1.0
,2698,2,0,0.76096016
,2698,3,0,0.7524327
,2699,0,1,0.52138245
,2699,1,1,0.945198
,2699,2,3,1.0
,2699,3,1,0.58197886
,2700,0,0,0.7521574
,2700,1,0,0.72171634
,2700,2,0,0.8524841
,2700,3,2,1.0
,2701,0,1,0.5112512
,2701,1,3,1.0
,2701,2,1,0.56949896
,2701,3,1,0.86130804
,2702,0,0,0.75308365
,2702,1,0,0.8538998
,2702,2,2,1.0
,2702,3,0,0.70036834
,2703,0,0,0.75751126
,2703,1,0,0.7593475
,2703,2,0,0.7388205
,2703,3,2,1.0
,2704,0,0,0.69592106
,2704,1,0,0.75716513
,2704,2,2,1.0
,2704,3,0,0.7811012
,2705,0,2,1.0
,2705,1,1,0.51702315
,2705,2,1,0.9437322
,2705,3,1,0.5769805
,2706,0,0,0.7825842
,2706,1,0,0.75440234
,2706,2,0,0.70089597
,2706,3,2,1.0
,2707,0,0,0.75744987
,2707,1,0,0.7571476
,2707,2,2,1.0
,2707,3,0,0.7250356
,2708,0,1,0.5175919
,2708,1,1,0.51666915
,2708,2,1,0.95517606
,2708,3,2,1.0
,2709,0,0,0.6912424
,2709,1,0,0.7518892
,2709,2,2,1.0
,2709,3,0,0.7813915
,2710,0,2,1.0
,2710,1,1,0.5777463
,2710,2,1,0.94358486
,2710,3,1,0.51640475
,2711,0,0,0.7242995
,2711,1,2,1.0
,2711,2,0,0.7472567
,2711,3,0,0.75334024
,2712,0,2,1.0
,2712,1,1,0.9435717
,2712,2,1,0.57783157
,2712,3,1,0.51710886
,2713,0,0,0.7381553
,2713,1,0,0.7489022
,2713,2,2,1.0
,2713,3,0,0.7544565
,2714,0,2,1.0
,2714,1,0,0.69670326
,2714,2,0,0.7813229
,2714,3,0,0.7573243
,2715,0,1,0.85525674
,2715,1,2,1.0
,2715,2,1,0.5588382
,2715,3,0,0.50143874
,2716,0,0,0.7484936
,2716,1,0,0.7610957
,2716,2,2,1.0
,2716,3,0,0.7537692
,2717,0,1,0.5820634
,2717,1,3,1.0
,2717,2,1,0.94511634
,2717,3,1,0.5213671
,2718,0,2,1.0
,2718,1,0,0.82066363
,2718,2,0,0.7478849
,2718,3,0,0.7532918
,2719,0,0,0.783239
,2719,1,2,1.0
,2719,2,0,0.7105552
,2719,3,0,0.7582358
,2720,0,0,0.7585675
,2720,1,0,0.73884827
,2720,2,2,1.0
,2720,3,0,0.7582904
,2721,0,0,0.7577694
,2721,1,2,1.0
,2721,2,0,0.73885995
,2721,3,0,0.7583056
,2722,0,0,0.71063983
,2722,1,0,0.78257436
,2722,2,2,1.0
,2722,3,0,0.7582599
,2723,0,2,1.0
,2723,1,0,0.6971248
,2723,2,0,0.7813095
,2723,3,0,0.75735253
,2724,0,1,0.8552411
,2724,1,2,1.0
,2724,2,1,0.5588447
,2724,3,0,0.5014569
,2725,0,0,0.75036657
,2725,1,0,0.7382102
,2725,2,2,1.0
,2725,3,0,0.7547079
,2726,0,0,0.73272455
,2726,1,2,1.0
,2726,2,0,0.7802157
,2726,3,0,0.7573736
,2727,0,3,1.0
,2727,1,1,0.8618279
,2727,2,1,0.6349551
,2727,3,1,0.51226604
,2728,0,0,0.8539376
,2728,1,0,0.6958542
,2728,2,3,1.0
,2728,3,0,0.7491972
,2729,0,0,0.7583773
,2729,1,2,1.0
,2729,2,0,0.8206516
,2729,3,0,0.75718397
,2730,0,0,0.75740564
,2730,1,0,0.7259296
,2730,2,2,1.0
,2730,3,0,0.75742185
,2731,0,1,0.5007717
,2731,1,2,1.0
,2731,2,1,0.8895202
,2731,3,0,0.5008041
,2732,0,1,0.5700921
,2732,1,1,0.85733706
,2732,2,2,1.0
,2732,3,1,0.5093505
,2733,0,2,1.0
,2733,1,0,0.72430587
,2733,2,0,0.78184575
,2733,3,0,0.75370973
,2734,0,1,0.91146046
,2734,1,3,1.0
,2734,2,1,0.5111049
,2734,3,1,0.51108587
,2735,0,3,1.0
,2735,1,0,0.8535607
,2735,2,0,0.70162296
,2735,3,0,0.750279
,2736,0,0,0.85388553
,2736,1,0,0.7104766
,2736,2,2,1.0
,2736,3,0,0.7569147
,2737,0,0,0.75851655
,2737,1,2,1.0
,2737,2,0,0.7592206
,2737,3,0,0.75741553
,2738,0,1,0.5108504
,2738,1,1,0.8877242
,2738,2,3,1.0
,2738,3,1,0.5108793
,2739,0,0,0.75296247
,2739,1,2,1.0
,2739,2,0,0.8127065
,2739,3,0,0.7529621
,2740,0,0,0.5538241
,2740,1,1,0.7579704
,2740,2,2,1.0
,2740,3,0,0.5538241
,2741,0,1,0.50821203
,2741,1,2,1.0
,2741,2,1,0.8912108
,2741,3,1,0.508212
,2742,0,1,0.5319165
,2742,1,1,0.98475254
,2742,2,2,1.0
,2742,3,1,0.5319152
,2743,0,1,0.5323035
,2743,1,2,1.0
,2743,2,1,0.98468846
,2743,3,1,0.532254
,2744,0,1,0.5133106
,2744,1,1,0.89123386
,2744,2,2,1.0
,2744,3,1,0.5113949
,2745,0,1,0.58459604
,2745,1,2,1.0
,2745,2,1,0.8576776
,2745,3,1,0.5108016
,2746,0,2,1.0
,2746,1,1,0.7598315
,2746,2,0,0.52828896
,2746,3,0,0.53664094
,2747,0,1,0.9555306
,2747,1,2,1.0
,2747,2,1,0.5239194
,2747,3,1,0.52368784
,2748,0,2,1.0
,2748,1,0,0.73797995
,2748,2,0,0.7534921
,2748,3,0,0.7541961
,2749,0,0,0.78217316
,2749,1,2,1.0
,2749,2,0,0.69588244
,2749,3,0,0.7570847
,2750,0,1,0.517529
,2750,1,1,0.9581139
,2750,2,2,1.0
,2750,3,1,0.5181914
,2751,0,1,0.52682894
,2751,1,2,1.0
,2751,2,1,0.95023096
,2751,3,1,0.52684647
,2752,0,1,0.5276477
,2752,1,1,0.95620316
,2752,2,3,1.0
,2752,3,1,0.5276482
,2753,0,0,0.7521603
,2753,1,2,1.0
,2753,2,0,0.8108322
,2753,3,0,0.7521603
,2754,0,0,0.50084156
,2754,1,1,0.8894425
,2754,2,2,1.0
,2754,3,0,0.50084114
,2755,0,1,0.50849485
,2755,1,2,1.0
,2755,2,1,0.8842787
,2755,3,1,0.5085128
,2756,0,0,0.7535254
,2756,1,0,0.72502315
,2756,2,2,1.0
,2756,3,0,0.7523577
,2757,0,0,0.5013942
,2757,1,2,1.0
,2757,2,1,0.8555876
,2757,3,1,0.5595482
,2758,0,0,0.75466156
,2758,1,0,0.7821264
,2758,2,0,0.7020697
,2758,3,2,1.0
,2759,0,0,0.7582078
,2759,1,0,0.7109408
,2759,2,2,1.0
,2759,3,0,0.78320134
,2760,0,0,0.7582925
,2760,1,2,1.0
,2760,2,0,0.738827
,2760,3,0,0.7585756
,2761,0,0,0.7580082
,2761,1,0,0.68425786
,2761,2,2,1.0
,2761,3,0,0.75801134
,2762,0,0,0.75397843
,2762,1,3,1.0
,2762,2,0,0.73455316
,2762,3,0,0.75397843
,2763,0,0,0.75728095
,2763,1,0,0.8206571
,2763,2,2,1.0
,2763,3,0,0.75728095
,2764,0,0,0.7583203
,2764,1,2,1.0
,2764,2,0,0.7388883
,2764,3,0,0.7583203
,2765,0,0,0.75830835
,2765,1,0,0.7388651
,2765,2,2,1.0
,2765,3,0,0.7583084
,2766,0,0,0.75830036
,2766,1,2,1.0
,2766,2,0,0.7388647
,2766,3,0,0.7583082
,2767,0,0,0.7576114
,2767,1,0,0.73885036
,2767,2,2,1.0
,2767,3,0,0.7582973
,2768,0,0,0.69687355
,2768,1,2,1.0
,2768,2,0,0.78241074
,2768,3,0,0.75738764
,2769,0,2,1.0
,2769,1,1,0.8826337
,2769,2,0,0.50307345
,2769,3,0,0.50242895
,2770,0,0,0.7380629
,2770,1,2,1.0
,2770,2,0,0.7545857
,2770,3,0,0.7545784
,2771,0,2,1.0
,2771,1,0,0.7388629
,2771,2,0,0.75825787
,2771,3,0,0.7582638
,2772,0,0,0.7388601
,2772,1,2,1.0
,2772,2,0,0.75776595
,2772,3,0,0.75830543
,2773,0,2,1.0
,2773,1,0,0.78271836
,2773,2,0,0.71065056
,2773,3,0,0.7582685
,2774,0,0,0.7832054
,2774,1,0,0.71095365
,2774,2,2,1.0
,2774,3,0,0.7582534
,2775,0,0,0.7585732
,2775,1,2,1.0
,2775,2,0,0.7388483
,2775,3,0,0.7582906
,2776,0,0,0.75829
,2776,1,0,0.73885626
,2776,2,2,1.0
,2776,3,0,0.75829995
,2777,0,0,0.75626594
,2777,1,2,1.0
,2777,2,0,0.7258813
,2777,3,0,0.7574211
,2778,0,1,0.55943215
,2778,1,1,0.85557956
,2778,2,2,1.0
,2778,3,0,0.5015119
,2779,0,2,1.0
,2779,1,0,0.7020612
,2779,2,0,0.78201
,2779,3,0,0.7546603
,2780,0,0,0.78290665
,2780,1,2,1.0
,2780,2,0,0.69979763
,2780,3,0,0.75788206
,2781,0,0,0.5562955
,2781,1,1,0.74557894
,2781,2,2,1.0
,2781,3,0,0.5557061
,2782,0,0,0.7544653
,2782,1,2,1.0
,2782,2,0,0.7252563
,2782,3,0,0.75445855
,2783,0,0,0.502404
,2783,1,1,0.8826142
,2783,2,2,1.0
,2783,3,0,0.50240386
,2784,0,0,0.75457835
,2784,1,2,1.0
,2784,2,0,0.7380629
,2784,3,0,0.75457835
,2785,0,0,0.75826395
,2785,1,0,0.73886305
,2785,2,2,1.0
,2785,3,0,0.75826395
,2786,0,0,0.7583077
,2786,1,2,1.0
,2786,2,0,0.7388649
,2786,3,0,0.7583077
,2787,0,0,0.75830805
,2787,1,0,0.73886496
,2787,2,2,1.0
,2787,3,0,0.75830805
,2788,0,0,0.7583003
,2788,1,2,1.0
,2788,2,0,0.7388568
,2788,3,0,0.7583003
,2789,0,0,0.75743985
,2789,1,0,0.725934
,2789,2,2,1.0
,2789,3,0,0.75743985
,2790,0,0,0.50249445
,2790,1,2,1.0
,2790,2,1,0.88260883
,2790,3,0,0.50249445
,2791,0,0,0.75456864
,2791,1,0,0.7380659
,2791,2,2,1.0
,2791,3,0,0.75456864
,2792,0,0,0.75741124
,2792,1,2,1.0
,2792,2,0,0.7592411
,2792,3,0,0.75741124
,2793,0,1,0.5108758
,2793,1,1,0.8877222
,2793,2,3,1.0
,2793,3,1,0.5108759
,2794,0,0,0.75326157
,2794,1,2,1.0
,2794,2,0,0.82066685
,2794,3,0,0.75326157
,2795,0,0,0.7582725
,2795,1,0,0.73888624
,2795,2,2,1.0
,2795,3,0,0.7582725
,2796,0,0,0.758296
,2796,1,2,1.0
,2796,2,0,0.7388577
,2796,3,0,0.758296
,2797,0,0,0.75711006
,2797,1,0,0.724651
,2797,2,2,1.0
,2797,3,0,0.75711006
,2798,0,1,0.52566034
,2798,1,2,1.0
,2798,2,1,0.9983158
,2798,3,1,0.52566034
,2799,0,0,0.7523094
,2799,1,0,0.7361239
,2799,2,3,1.0
,2799,3,0,0.752309
,2800,0,0,0.7564633
,2800,1,2,1.0
,2800,2,0,0.8108392
,2800,3,0,0.75643235
,2801,0,0,0.5025556
,2801,1,1,0.88259494
,2801,2,2,1.0
,2801,3,0,0.50092685
,2802,0,0,0.75409096
,2802,1,2,1.0
,2802,2,0,0.78213435
,2802,3,0,0.6482768
,2803,0,0,0.75354415
,2803,1,0,0.6800563
,2803,2,0,0.75386447
,2803,3,3,1.0
,2804,0,0,0.7521891
,2804,1,3,1.0
,2804,2,0,0.75164044
,2804,3,0,0.8206496
,2805,0,0,0.7570044
,2805,1,0,0.85352516
,2805,2,0,0.7092326
,2805,3,2,1.0
,2806,0,0,0.7582321
,2806,1,0,0.7118446
,2806,2,2,1.0
,2806,3,0,0.7831995
,2807,0,0,0.7582906
,2807,1,2,1.0
,2807,2,0,0.7388487
,2807,3,0,0.75857353
,2808,0,0,0.7582974
,2808,1,0,0.73885685
,2808,2,2,1.0
,2808,3,0,0.75830054
,2809,0,0,0.7572154
,2809,1,2,1.0
,2809,2,0,0.72505903
,2809,3,0,0.7572154
,2810,0,1,0.5166267
,2810,1,1,0.95517015
,2810,2,2,1.0
,2810,3,1,0.5166267
,2811,0,0,0.754285
,2811,1,2,1.0
,2811,2,0,0.73798865
,2811,3,0,0.754285
,2812,0,0,0.7573917
,2812,1,0,0.7259315
,2812,2,2,1.0
,2812,3,0,0.7573917
,2813,0,0,0.5024802
,2813,1,2,1.0
,2813,2,1,0.882615
,2813,3,0,0.5024802
,2814,0,0,0.75367934
,2814,1,0,0.72508556
,2814,2,2,1.0
,2814,3,0,0.75367934
,2815,0,0,0.5023669
,2815,1,2,1.0
,2815,2,1,0.8826217
,2815,3,0,0.5023669
,2816,0,0,0.7536528
,2816,1,0,0.725091
,2816,2,2,1.0
,2816,3,0,0.7536528
,2817,0,0,0.5011081
,2817,1,2,1.0
,2817,2,1,0.86949456
,2817,3,0,0.50110817
,2818,0,1,0.52703726
,2818,1,1,0.95623916
,2818,2,3,1.0
,2818,3,1,0.5270372
,2819,0,0,0.75194913
,2819,1,2,1.0
,2819,2,0,0.81016517
,2819,3,0,0.75194913
,2820,0,1,0.5180203
,2820,1,1,0.95795774
,2820,2,2,1.0
,2820,3,1,0.5180203
,2821,0,1,0.51081854
,2821,1,2,1.0
,2821,2,1,0.8911394
,2821,3,1,0.51081854
,2822,0,1,0.50885487
,2822,1,1,0.8843001
,2822,2,2,1.0
,2822,3,1,0.5088543
,2823,0,0,0.7534986
,2823,1,2,1.0
,2823,2,0,0.72503585
,2823,3,0,0.75352997
,2824,0,1,0.5000747
,2824,1,1,0.90775317
,2824,2,2,1.0
,2824,3,0,0.5015648
,2825,0,0,0.646029
,2825,1,3,1.0
,2825,2,0,0.779639
,2825,3,0,0.7517568
,2826,0,3,1.0
,2826,1,0,0.85357296
,2826,2,0,0.7037644
,2826,3,0,0.7518691
,2827,0,0,0.85388774
,2827,1,0,0.7104598
,2827,2,2,1.0
,2827,3,0,0.7569182
,2828,0,0,0.7584821
,2828,1,2,1.0
,2828,2,0,0.72585607
,2828,3,0,0.7562251
,2829,0,0,0.5015394
,2829,1,1,0.85557956
,2829,2,2,1.0
,2829,3,1,0.559433
,2830,0,0,0.7546632
,2830,1,0,0.7020699
,2830,2,0,0.78212655
,2830,3,2,1.0
,2831,0,0,0.7582078
,2831,1,2,1.0
,2831,2,0,0.7109409
,2831,3,0,0.78320134
,2832,0,0,0.7582925
,2832,1,0,0.738827
,2832,2,2,1.0
,2832,3,0,0.7585756
,2833,0,0,0.758008
,2833,1,2,1.0
,2833,2,0,0.6842583
,2833,3,0,0.7580112
,2834,0,0,0.7539678
,2834,1,0,0.73454636
,2834,2,3,1.0
,2834,3,0,0.7539678
,2835,0,0,0.7562719
,2835,1,2,1.0
,2835,2,0,0.83617574
,2835,3,0,0.75627154
,2836,0,1,0.5116743
,2836,1,1,0.91171825
,2836,2,3,1.0
,2836,3,1,0.5116933
,2837,0,0,0.75072956
,2837,1,3,1.0
,2837,2,0,0.8206113
,2837,3,0,0.7495035
,2838,0,0,0.7565401
,2838,1,0,0.85354346
,2838,2,2,1.0
,2838,3,0,0.65109384
,2839,0,0,0.75404185
,2839,1,0,0.7071138
,2839,2,0,0.77934575
,2839,3,3,1.0
,2840,0,0,0.75609404
,2840,1,2,1.0
,2840,2,0,0.73402655
,2840,3,0,0.8531925
,2841,0,1,0.52109396
,2841,1,1,0.96625465
,2841,2,3,0.99951303
,2841,3,1,0.51851654
,2842,0,0,0.75078773
,2842,1,3,1.0
,2842,2,0,0.8206005
,2842,3,0,0.7508177
,2843,0,0,0.7564745
,2843,1,0,0.8108408
,2843,2,2,1.0
,2843,3,0,0.75647485
,2844,0,0,0.5026043
,2844,1,2,1.0
,2844,2,1,0.8825567
,2844,3,0,0.50260425
,2845,0,0,0.7545726
,2845,1,0,0.738055
,2845,2,2,1.0
,2845,3,0,0.7545726
,2846,0,0,0.75736564
,2846,1,2,1.0
,2846,2,0,0.725905
,2846,3,0,0.75736636
,2847,0,0,0.50079477
,2847,1,1,0.88949233
,2847,2,2,1.0
,2847,3,0,0.5008344
,2848,0,1,0.5109909
,2848,1,2,1.0
,2848,2,1,0.87771
,2848,3,1,0.5094632
,2849,0,1,0.5438332
,2849,1,1,0.7010261
,2849,2,3,1.0
,2849,3,0,0.51739067
,2850,0,2,1.0
,2850,1,0,0.7025227
,2850,2,0,0.8538828
,2850,3,0,0.7535055
,2851,0,0,0.72580767
,2851,1,2,1.0
,2851,2,0,0.7570023
,2851,3,0,0.7573011
,2852,0,2,1.0
,2852,1,1,0.8571522
,2852,2,1,0.57653743
,2852,3,1,0.5004931
,2853,0,1,0.8580029
,2853,1,1,0.5967174
,2853,2,2,1.0
,2853,3,1,0.5111587
,2854,0,1,0.53969556
,2854,1,2,1.0
,2854,2,1,0.9874327
,2854,3,1,0.53046536
,2855,0,0,0.75213253
,2855,1,0,0.7361053
,2855,2,3,1.0
,2855,3,0,0.75223887
,2856,0,0,0.75726604
,2856,1,2,1.0
,2856,2,0,0.8206571
,2856,3,0,0.7572673
,2857,0,0,0.75832015
,2857,1,0,0.7388883
,2857,2,2,1.0
,2857,3,0,0.75832015
,2858,0,0,0.7583084
,2858,1,2,1.0
,2858,2,0,0.7388651
,2858,3,0,0.7583084
,2859,0,0,0.75830823
,2859,1,0,0.73886496
,2859,2,2,1.0
,2859,3,0,0.7583082
,2860,0,0,0.75830626
,2860,1,2,1.0
,2860,2,0,0.7388585
,2860,3,0,0.75830626
,2861,0,0,0.7579957
,2861,1,0,0.72841424
,2861,2,2,1.0
,2861,3,0,0.75799614
,2862,0,0,0.55585873
,2862,1,2,1.0
,2862,2,1,0.74555916
,2862,3,0,0.5558815
,2863,0,0,0.7526956
,2863,1,0,0.72434187
,2863,2,2,1.0
,2863,3,0,0.75419027
,2864,0,1,0.59489924
,2864,1,2,1.0
,2864,2,1,0.94429153
,2864,3,1,0.5187054
,2865,0,2,1.0
,2865,1,1,0.944224
,2865,2,1,0.5969799
,2865,3,1,0.5256828
,2866,0,0,0.7825829
,2866,1,0,0.7008805
,2866,2,2,1.0
,2866,3,0,0.7537558
,2867,0,0,0.7585124
,2867,1,2,1.0
,2867,2,0,0.78316534
,2867,3,0,0.71056986
,2868,0,0,0.7571726
,2868,1,0,0.7249772
,2868,2,0,0.75504625
,2868,3,2,1.0
,2869,0,1,0.5176597
,2869,1,2,1.0
,2869,2,1,0.64138496
,2869,3,1,0.94381297
,2870,0,0,0.75134283
,2870,1,0,0.7351008
,2870,2,3,1.0
,2870,3,0,0.7463988
,2871,0,0,0.7572511
,2871,1,2,1.0
,2871,2,0,0.8206553
,2871,3,0,0.7566538
,2872,0,0,0.7582805
,2872,1,0,0.78273904
,2872,2,2,1.0
,2872,3,0,0.7106634
,2873,0,0,0.7582536
,2873,1,0,0.7109538
,2873,2,0,0.78319985
,2873,3,2,1.0
,2874,0,0,0.7582885
,2874,1,2,1.0
,2874,2,0,0.75803214
,2874,3,0,0.7388435
,2875,0,0,0.7582682
,2875,1,0,0.78271836
,2875,2,0,0.71065396
,2875,3,2,1.0
,2876,0,0,0.7582533
,2876,1,0,0.71095365
,2876,2,2,1.0
,2876,3,0,0.78320545
,2877,0,0,0.7582907
,2877,1,2,1.0
,2877,2,0,0.7388485
,2877,3,0,0.75857335
,2878,0,0,0.7583079
,2878,1,0,0.7388649
,2878,2,2,1.0
,2878,3,0,0.75831115
,2879,0,0,0.7583082
,2879,1,2,1.0
,2879,2,0,0.7388649
,2879,3,0,0.7583082
,2880,0,0,0.7583003
,2880,1,0,0.73885685
,2880,2,2,1.0
,2880,3,0,0.7583003
,2881,0,0,0.75743985
,2881,1,2,1.0
,2881,2,0,0.7259339
,2881,3,0,0.75743985
,2882,0,0,0.5024947
,2882,1,1,0.88260883
,2882,2,2,1.0
,2882,3,0,0.5024947
,2883,0,0,0.7545816
,2883,1,2,1.0
,2883,2,0,0.73804146
,2883,3,0,0.7545816
,2884,0,0,0.757964
,2884,1,0,0.68425566
,2884,2,2,1.0
,2884,3,0,0.757964
,2885,0,0,0.7539779
,2885,1,3,1.0
,2885,2,0,0.73455316
,2885,3,0,0.7539779
,2886,0,0,0.75728095
,2886,1,0,0.8206571
,2886,2,2,1.0
,2886,3,0,0.75728095
,2887,0,0,0.7583203
,2887,1,2,1.0
,2887,2,0,0.7388883
,2887,3,0,0.7583203
,2888,0,0,0.75830835
,2888,1,0,0.7388651
,2888,2,2,1.0
,2888,3,0,0.75830835
,2889,0,0,0.7583003
,2889,1,2,1.0
,2889,2,0,0.7388568
,2889,3,0,0.7583003
,2890,0,0,0.75743985
,2890,1,0,0.725934
,2890,2,2,1.0
,2890,3,0,0.75743985
,2891,0,0,0.5024945
,2891,1,2,1.0
,2891,2,1,0.88260883
,2891,3,0,0.5024945
,2892,0,0,0.7545714
,2892,1,0,0.7380548
,2892,2,2,1.0
,2892,3,0,0.7545714
,2893,0,0,0.75739515
,2893,1,2,1.0
,2893,2,0,0.72593164
,2893,3,0,0.75739515
,2894,0,0,0.5024803
,2894,1,1,0.88261485
,2894,2,2,1.0
,2894,3,0,0.5024803
,2895,0,0,0.75367934
,2895,1,2,1.0
,2895,2,0,0.7250855
,2895,3,0,0.75367945
,2896,0,0,0.50236726
,2896,1,1,0.8826216
,2896,2,2,1.0
,2896,3,0,0.50236726
,2897,0,0,0.75367826
,2897,1,2,1.0
,2897,2,0,0.7250857
,2897,3,0,0.7536782
,2898,0,0,0.50238013
,2898,1,1,0.8826157
,2898,2,2,1.0
,2898,3,0,0.5023717
,2899,0,0,0.75457525
,2899,1,2,1.0
,2899,2,0,0.7380577
,2899,3,0,0.75403017
,2900,0,0,0.758213
,2900,1,0,0.7825631
,2900,2,2,1.0
,2900,3,0,0.71059024
,2901,0,0,0.75713533
,2901,1,0,0.6962291
,2901,2,0,0.7810865
,2901,3,2,1.0
,2902,0,1,0.51703316
,2902,1,2,1.0
,2902,2,1,0.57698697
,2902,3,1,0.9435807
,2903,0,0,0.7535513
,2903,1,0,0.7251456
,2903,2,2,1.0
,2903,3,0,0.7475015
,2904,0,0,0.50137466
,2904,1,2,1.0
,2904,2,1,0.8557017
,2904,3,1,0.5596905
,2905,0,0,0.7534816
,2905,1,0,0.78018767
,2905,2,0,0.68704814
,2905,3,2,1.0
,2906,0,1,0.5185413
,2906,1,1,0.5934717
,2906,2,2,1.0
,2906,3,1,0.9446024
,2907,0,1,0.5115618
,2907,1,2,1.0
,2907,2,1,0.8582847
,2907,3,1,0.6459345
,2908,0,0,0.7513647
,2908,1,0,0.779309
,2908,2,0,0.69834125
,2908,3,3,1.0
,2909,0,0,0.75602335
,2909,1,0,0.6956537
,2909,2,2,1.0
,2909,3,0,0.8533821
,2910,0,0,0.5016397
,2910,1,2,1.0
,2910,2,1,0.9078498
,2910,3,0,0.5041503
,2911,0,0,0.7524322
,2911,1,0,0.7359354
,2911,2,3,1.0
,2911,3,0,0.7524612
,2912,0,0,0.75726885
,2912,1,2,1.0
,2912,2,0,0.8206571
,2912,3,0,0.7572691
,2913,0,0,0.75832015
,2913,1,0,0.7388883
,2913,2,2,1.0
,2913,3,0,0.75832015
,2914,0,0,0.7583084
,2914,1,2,1.0
,2914,2,0,0.7388651
,2914,3,0,0.7583084
,2915,0,0,0.75830823
,2915,1,0,0.73886496
,2915,2,2,1.0
,2915,3,0,0.75830823
,2916,0,0,0.75830823
,2916,1,2,1.0
,2916,2,0,0.7388649
,2916,3,0,0.75830823
,2917,0,0,0.75830823
,2917,1,0,0.73886496
,2917,2,2,1.0
,2917,3,0,0.75830823
,2918,0,0,0.75830823
,2918,1,2,1.0
,2918,2,0,0.7388651
,2918,3,0,0.7583082
,2919,0,0,0.7583082
,2919,1,0,0.73886496
,2919,2,2,1.0
,2919,3,0,0.75830823
,2920,0,0,0.7583082
,2920,1,2,1.0
,2920,2,0,0.7388651
,2920,3,0,0.75830823
,2921,0,0,0.75830823
,2921,1,0,0.73886496
,2921,2,2,1.0
,2921,3,0,0.7583082
,2922,0,0,0.75830805
,2922,1,2,1.0
,2922,2,0,0.7388647
,2922,3,0,0.7583003
,2923,0,0,0.7582946
,2923,1,0,0.7388505
,2923,2,2,1.0
,2923,3,0,0.75760084
,2924,0,0,0.75716305
,2924,1,2,1.0
,2924,2,0,0.78220224
,2924,3,0,0.6959467
,2925,0,1,0.5166601
,2925,1,1,0.9551788
,2925,2,1,0.51601684
,2925,3,2,1.0
,2926,0,0,0.75337005
,2926,1,2,1.0
,2926,2,0,0.7522095
,2926,3,0,0.7249619
,2927,0,0,0.50139636
,2927,1,1,0.8552247
,2927,2,1,0.55954117
,2927,3,2,1.0
,2928,0,0,0.7547068
,2928,1,0,0.74995005
,2928,2,2,1.0
,2928,3,0,0.7381937
,2929,0,0,0.7573273
,2929,1,0,0.69671655
,2929,2,0,0.7813225
,2929,3,2,1.0
,2930,0,0,0.5014483
,2930,1,2,1.0
,2930,2,1,0.5588574
,2930,3,1,0.8556078
,2931,0,0,0.75466245
,2931,1,0,0.7821266
,2931,2,2,1.0
,2931,3,0,0.70206964
,2932,0,0,0.7582059
,2932,1,0,0.71093595
,2932,2,0,0.78269994
,2932,3,2,1.0
,2933,0,0,0.75825244
,2933,1,2,1.0
,2933,2,0,0.7109534
,2933,3,0,0.78320545
,2934,0,0,0.75826967
,2934,1,0,0.7388397
,2934,2,2,1.0
,2934,3,0,0.75856537
,2935,0,0,0.75626546
,2935,1,2,1.0
,2935,2,0,0.72588146
,2935,3,0,0.7574239
,2936,0,1,0.5594348
,2936,1,1,0.8552262
,2936,2,2,1.0
,2936,3,0,0.5015056
,2937,0,2,1.0
,2937,1,0,0.74855345
,2937,2,0,0.72518384
,2937,3,0,0.75377196
,2938,0,1,0.8552401
,2938,1,1,0.5597237
,2938,2,2,1.0
,2938,3,1,0.5002681
,2939,0,0,0.7501669
,2939,1,2,1.0
,2939,2,0,0.7817531
,2939,3,0,0.6482476
,2940,0,0,0.753997
,2940,1,0,0.7791009
,2940,2,0,0.70618993
,2940,3,3,1.0
,2941,0,0,0.7569677
,2941,1,0,0.7095223
,2941,2,2,1.0
,2941,3,0,0.85388744
,2942,0,0,0.7573708
,2942,1,2,1.0
,2942,2,0,0.7258818
,2942,3,0,0.75847167
,2943,0,0,0.5008628
,2943,1,1,0.8894843
,2943,2,2,1.0
,2943,3,0,0.5008721
,2944,0,1,0.50849795
,2944,1,2,1.0
,2944,2,1,0.8842806
,2944,3,1,0.50923586
,2945,0,0,0.75439286
,2945,1,0,0.78199375
,2945,2,2,1.0
,2945,3,0,0.7063069
,2946,0,0,0.7581922
,2946,1,0,0.7109245
,2946,2,0,0.7825471
,2946,3,2,1.0
,2947,0,0,0.75710255
,2947,1,2,1.0
,2947,2,0,0.6962133
,2947,3,0,0.7807752
,2948,0,1,0.5186797
,2948,1,1,0.9443882
,2948,2,2,1.0
,2948,3,1,0.59421587
,2949,0,1,0.52704954
,2949,1,1,0.61309135
,2949,2,1,0.94480634
,2949,3,2,1.0
,2950,0,1,0.51184857
,2950,1,2,1.0
,2950,2,1,0.59810287
,2950,3,1,0.85875654
,2951,0,1,0.50941867
,2951,1,1,0.85703474
,2951,2,2,1.0
,2951,3,1,0.5789591
,2952,0,0,0.75456846
,2952,1,0,0.74991375
,2952,2,0,0.73817927
,2952,3,2,1.0
,2953,0,0,0.7573329
,2953,1,0,0.69672966
,2953,2,2,1.0
,2953,3,0,0.7823864
,2954,0,0,0.5016431
,2954,1,2,1.0
,2954,2,1,0.90784955
,2954,3,0,0.50154066
,2955,0,0,0.7523547
,2955,1,0,0.7806412
,2955,2,3,1.0
,2955,3,0,0.7039681
,2956,0,0,0.7563838
,2956,1,0,0.75432765
,2956,2,0,0.8107311
,2956,3,2,1.0
,2957,0,1,0.500487
,2957,1,1,0.6254219
,2957,2,2,1.0
,2957,3,1,0.85612756
,2958,0,0,0.7515186
,2958,1,3,1.0
,2958,2,0,0.7350558
,2958,3,0,0.74668586
,2959,0,0,0.7560606
,2959,1,0,0.85337806
,2959,2,2,1.0
,2959,3,0,0.6952942
,2960,0,0,0.5023885
,2960,1,0,0.5041564
,2960,2,1,0.88263786
,2960,3,2,1.0
,2961,0,0,0.7545296
,2961,1,0,0.70646924
,2961,2,2,1.0
,2961,3,0,0.7825059
,2962,0,0,0.7579435
,2962,1,2,1.0
,2962,2,0,0.68423396
,2962,3,0,0.75826097
,2963,0,0,0.75397754
,2963,1,0,0.7345528
,2963,2,3,1.0
,2963,3,0,0.753975
,2964,0,0,0.7572782
,2964,1,2,1.0
,2964,2,0,0.8206553
,2964,3,0,0.7567374
,2965,0,0,0.7582821
,2965,1,0,0.783233
,2965,2,2,1.0
,2965,3,0,0.710669
,2966,0,0,0.75824994
,2966,1,0,0.7578662
,2966,2,0,0.73883283
,2966,3,2,1.0
,2967,0,0,0.7547261
,2967,1,0,0.69588065
,2967,2,2,1.0
,2967,3,0,0.78217775
,2968,0,1,0.6414076
,2968,1,2,1.0
,2968,2,1,0.94382155
,2968,3,1,0.5170172
,2969,0,3,1.0
,2969,1,0,0.7350777
,2969,2,0,0.7458402
,2969,3,0,0.7513467
,2970,0,0,0.8535253
,2970,1,2,1.0
,2970,2,0,0.70912904
,2970,3,0,0.7569687
,2971,0,0,0.7118286
,2971,1,0,0.78255355
,2971,2,2,1.0
,2971,3,0,0.7582207
,2972,0,2,1.0
,2972,1,0,0.6970799
,2972,2,0,0.78101146
,2972,3,0,0.7573034
,2973,0,1,0.85617775
,2973,1,2,1.0
,2973,2,1,0.5758864
,2973,3,1,0.50126
,2974,0,1,0.5189348
,2974,1,1,0.8581392
,2974,2,2,1.0
,2974,3,1,0.539047
,2975,0,1,0.5284914
,2975,1,1,0.5976813
,2975,2,1,0.94541585
,2975,3,3,1.0
,2976,0,0,0.7522982
,2976,1,2,1.0
,2976,2,0,0.63996214
,2976,3,0,0.8539284
,2977,0,0,0.7541074
,2977,1,0,0.7347447
,2977,2,3,1.0
,2977,3,0,0.7552876
,2978,0,0,0.75728303
,2978,1,2,1.0
,2978,2,0,0.8206571
,2978,3,0,0.75729644
,2979,0,0,0.75832033
,2979,1,0,0.7388883
,2979,2,2,1.0
,2979,3,0,0.75832045
,2980,0,0,0.7583084
,2980,1,2,1.0
,2980,2,0,0.7388651
,2980,3,0,0.7583084
,2981,0,0,0.75830823
,2981,1,0,0.73886496
,2981,2,2,1.0
,2981,3,0,0.75830823
,2982,0,0,0.7583082
,2982,1,2,1.0
,2982,2,0,0.7388651
,2982,3,0,0.75830823
,2983,0,0,0.7583082
,2983,1,0,0.73886496
,2983,2,2,1.0
,2983,3,0,0.75830823
,2984,0,0,0.7583021
,2984,1,2,1.0
,2984,2,0,0.7388647
,2984,3,0,0.75830823
,2985,0,0,0.7577665
,2985,1,0,0.73886013
,2985,2,2,1.0
,2985,3,0,0.75830597
,2986,0,0,0.71065533
,2986,1,2,1.0
,2986,2,0,0.78321403
,2986,3,0,0.75827026
,2987,0,2,1.0
,2987,1,0,0.7388435
,2987,2,0,0.75803214
,2987,3,0,0.7582885
,2988,0,0,0.78321964
,2988,1,2,1.0
,2988,2,0,0.71065885
,2988,3,0,0.75827
,2989,0,0,0.75857335
,2989,1,0,0.7388483
,2989,2,2,1.0
,2989,3,0,0.7582907
,2990,0,0,0.75830066
,2990,1,2,1.0
,2990,2,0,0.738857
,2990,3,0,0.7582974
,2991,0,0,0.7572155
,2991,1,0,0.72505903
,2991,2,2,1.0
,2991,3,0,0.7572155
,2992,0,1,0.5166232
,2992,1,2,1.0
,2992,2,1,0.9551759
,2992,3,1,0.5166232
,2993,0,0,0.7539268
,2993,1,0,0.6832229
,2993,2,2,1.0
,2993,3,0,0.753927
,2994,0,0,0.75390184
,2994,1,3,1.0
,2994,2,0,0.73454845
,2994,3,0,0.7539189
,2995,0,0,0.75472397
,2995,1,0,0.8101377
,2995,2,2,1.0
,2995,3,0,0.7562098
,2996,0,1,0.5948171
,2996,1,2,1.0
,2996,2,1,0.9443705
,2996,3,1,0.5186481
,2997,0,2,1.0
,2997,1,1,0.9444498
,2997,2,1,0.6138859
,2997,3,1,0.52728283
,2998,0,1,0.9585033
,2998,1,1,0.53971136
,2998,2,2,1.0
,2998,3,1,0.5270866
,2999,0,2,1.0
,2999,1,1,0.5866895
,2999,2,1,0.944271
,2999,3,1,0.5260275
,3000,0,0,0.7825758
,3000,1,2,1.0
,3000,2,0,0.7008893
,3000,3,0,0.7543036
,3001,0,0,0.7573692
,3001,1,0,0.738809
,3001,2,2,1.0
,3001,3,0,0.7582373
,3002,0,0,0.6530607
,3002,1,2,1.0
,3002,2,0,0.78178537
,3002,3,0,0.75790787
,3003,0,3,1.0
,3003,1,0,0.7784864
,3003,2,0,0.648401
,3003,3,0,0.7533921
,3004,0,0,0.85376155
,3004,1,0,0.70373535
,3004,2,3,1.0
,3004,3,0,0.75185436
,3005,0,0,0.7349594
,3005,1,2,1.0
,3005,2,0,0.8523829
,3005,3,0,0.7560539
,3006,0,3,1.0
,3006,1,1,0.9452839
,3006,2,1,0.579347
,3006,3,1,0.521234
,3007,0,0,0.85337347
,3007,1,0,0.685083
,3007,2,2,1.0
,3007,3,0,0.75196594
,3008,0,0,0.5029865
,3008,1,2,1.0
,3008,2,1,0.88987124
,3008,3,0,0.5003713
,3009,0,1,0.526315
,3009,1,1,0.9585022
,3009,2,2,1.0
,3009,3,1,0.526436
,3010,0,1,0.52698654
,3010,1,2,1.0
,3010,2,1,0.9584053
,3010,3,1,0.5289505
,3011,0,1,0.5121966
,3011,1,1,0.8581733
,3011,2,2,1.0
,3011,3,1,0.58792484
,3012,0,1,0.51022035
,3012,1,1,0.521151
,3012,2,1,0.8909945
,3012,3,2,1.0
,3013,0,1,0.51146156
,3013,1,1,0.587445
,3013,2,2,1.0
,3013,3,1,0.8580121
,3014,0,1,0.5085265
,3014,1,2,1.0
,3014,2,1,0.8841687
,3014,3,1,0.51750225
,3015,0,0,0.75444674
,3015,1,0,0.73805594
,3015,2,2,1.0
,3015,3,0,0.75433844
,3016,0,0,0.75826025
,3016,1,2,1.0
,3016,2,0,0.73885804
,3016,3,0,0.7577195
,3017,0,0,0.758268
,3017,1,0,0.78271836
,3017,2,2,1.0
,3017,3,0,0.7106501
,3018,0,0,0.7582534
,3018,1,0,0.7109534
,3018,2,0,0.78319967
,3018,3,2,1.0
,3019,0,0,0.75828844
,3019,1,2,1.0
,3019,2,0,0.75803214
,3019,3,0,0.7388435
,3020,0,0,0.7582681
,3020,1,0,0.78271836
,3020,2,0,0.71065396
,3020,3,2,1.0
,3021,0,0,0.7582472
,3021,1,0,0.7109535
,3021,2,2,1.0
,3021,3,0,0.78320545
,3022,0,0,0.7577491
,3022,1,2,1.0
,3022,2,0,0.73884356
,3022,3,0,0.7585711
,3023,0,0,0.71065503
,3023,1,0,0.78321403
,3023,2,2,1.0
,3023,3,0,0.75827324
,3024,0,2,1.0
,3024,1,0,0.7580322
,3024,2,0,0.73884356
,3024,3,0,0.7582886
,3025,0,0,0.78320724
,3025,1,0,0.7106582
,3025,2,2,1.0
,3025,3,0,0.7582702
,3026,0,0,0.7573815
,3026,1,2,1.0
,3026,2,0,0.738814
,3026,3,0,0.7582874
,3027,0,0,0.65305895
,3027,1,0,0.7817831
,3027,2,2,1.0
,3027,3,0,0.75790834
,3028,0,3,1.0
,3028,1,0,0.64820576
,3028,2,0,0.7790071
,3028,3,0,0.753393
,3029,0,0,0.8206473
,3029,1,3,1.0
,3029,2,0,0.7521293
,3029,3,0,0.75236696
,3030,0,2,1.0
,3030,1,0,0.85389507
,3030,2,0,0.7092029
,3030,3,0,0.7558043
,3031,0,0,0.7828855
,3031,1,0,0.7589667
,3031,2,2,1.0
,3031,3,0,0.65270245
,3032,0,0,0.75441813
,3032,1,0,0.75415397
,3032,2,0,0.7347138
,3032,3,3,1.0
,3033,0,0,0.7560893
,3033,1,0,0.757265
,3033,2,2,1.0
,3033,3,0,0.8206368
,3034,0,0,0.65307456
,3034,1,0,0.7567077
,3034,2,0,0.78292507
,3034,3,2,1.0
,3035,0,3,1.0
,3035,1,0,0.648039
,3035,2,0,0.75311315
,3035,3,0,0.7790098
,3036,0,0,0.8535732
,3036,1,3,1.0
,3036,2,0,0.70339245
,3036,3,0,0.75216913
,3037,0,0,0.7104659
,3037,1,0,0.85352546
,3037,2,2,1.0
,3037,3,0,0.75694287
,3038,0,2,1.0
,3038,1,0,0.7118094
,3038,2,0,0.7820924
,3038,3,0,0.75822914
,3039,0,0,0.78289455
,3039,1,2,1.0
,3039,2,0,0.6530856
,3039,3,0,0.7578842
,3040,0,0,0.7544268
,3040,1,0,0.73468953
,3040,2,3,1.0
,3040,3,0,0.7535867
,3041,0,0,0.7570016
,3041,1,2,1.0
,3041,2,0,0.85352534
,3041,3,0,0.70922554
,3042,0,0,0.75822407
,3042,1,0,0.782698
,3042,2,0,0.71183944
,3042,3,2,1.0
,3043,0,0,0.75771147
,3043,1,0,0.7109482
,3043,2,2,1.0
,3043,3,0,0.7832038
,3044,0,0,0.71063083
,3044,1,2,1.0
,3044,2,0,0.7827037
,3044,3,0,0.75853366
,3045,0,2,1.0
,3045,1,0,0.782704
,3045,2,0,0.71094835
,3045,3,0,0.75825447
,3046,0,0,0.7827042
,3046,1,0,0.71094865
,3046,2,2,1.0
,3046,3,0,0.75825137
,3047,0,0,0.7109534
,3047,1,2,1.0
,3047,2,0,0.78319985
,3047,3,0,0.7582533
,3048,0,2,1.0
,3048,1,0,0.7388437
,3048,2,0,0.75803214
,3048,3,0,0.7582885
,3049,0,0,0.78321964
,3049,1,2,1.0
,3049,2,0,0.71065885
,3049,3,0,0.7582701
,3050,0,0,0.7585734
,3050,1,0,0.7388483
,3050,2,2,1.0
,3050,3,0,0.75829077
,3051,0,0,0.75831085
,3051,1,2,1.0
,3051,2,0,0.7388649
,3051,3,0,0.7583078
,3052,0,0,0.7582843
,3052,1,0,0.7388566
,3052,2,2,1.0
,3052,3,0,0.7582977
,3053,0,0,0.7560259
,3053,1,2,1.0
,3053,2,0,0.72503567
,3053,3,0,0.7572046
,3054,0,1,0.5776062
,3054,1,1,0.9437249
,3054,2,2,1.0
,3054,3,1,0.5170021
,3055,0,2,1.0
,3055,1,0,0.70089924
,3055,2,0,0.7820913
,3055,3,0,0.75441074
,3056,0,0,0.783201
,3056,1,2,1.0
,3056,2,0,0.7109398
,3056,3,0,0.75820446
,3057,0,0,0.75857335
,3057,1,0,0.73884845
,3057,2,2,1.0
,3057,3,0,0.7582902
,3058,0,0,0.75831115
,3058,1,2,1.0
,3058,2,0,0.7388649
,3058,3,0,0.758308
,3059,0,0,0.75830823
,3059,1,0,0.73886496
,3059,2,2,1.0
,3059,3,0,0.7583082
,3060,0,0,0.75830823
,3060,1,2,1.0
,3060,2,0,0.7388651
,3060,3,0,0.75830823
,3061,0,0,0.7583082
,3061,1,0,0.73886496
,3061,2,2,1.0
,3061,3,0,0.75830823
,3062,0,0,0.7583082
,3062,1,2,1.0
,3062,2,0,0.7388651
,3062,3,0,0.75830823
,3063,0,0,0.7583082
,3063,1,0,0.73886496
,3063,2,2,1.0
,3063,3,0,0.75830823
,3064,0,0,0.75830036
,3064,1,2,1.0
,3064,2,0,0.7388647
,3064,3,0,0.7583082
,3065,0,0,0.7576098
,3065,1,0,0.7388492
,3065,2,2,1.0
,3065,3,0,0.758297
,3066,0,0,0.69670165
,3066,1,2,1.0
,3066,2,0,0.7801615
,3066,3,0,0.75733477
,3067,0,2,1.0
,3067,1,1,0.8565758
,3067,2,1,0.6249367
,3067,3,1,0.50064343
,3068,0,0,0.7794041
,3068,1,0,0.6983069
,3068,2,3,1.0
,3068,3,0,0.7514397
,3069,0,0,0.7095328
,3069,1,2,1.0
,3069,2,0,0.85389274
,3069,3,0,0.7569447
,3070,0,2,1.0
,3070,1,0,0.73884076
,3070,2,0,0.75936633
,3070,3,0,0.7582681
,3071,0,0,0.7388647
,3071,1,2,1.0
,3071,2,0,0.75831395
,3071,3,0,0.7583076
,3072,0,2,1.0
,3072,1,0,0.73886013
,3072,2,0,0.75776666
,3072,3,0,0.7583059
,3073,0,0,0.78321403
,3073,1,2,1.0
,3073,2,0,0.71065533
,3073,3,0,0.7582704
,3074,0,0,0.7580322
,3074,1,0,0.7388434
,3074,2,2,1.0
,3074,3,0,0.7582886
,3075,0,0,0.7106537
,3075,1,2,1.0
,3075,2,0,0.78271824
,3075,3,0,0.7582681
,3076,0,2,1.0
,3076,1,0,0.78258604
,3076,2,0,0.7109395
,3076,3,0,0.75823647
,3077,0,0,0.78287065
,3077,1,0,0.6996176
,3077,2,2,1.0
,3077,3,0,0.75680906
,3078,0,0,0.5526694
,3078,1,2,1.0
,3078,2,1,0.69767106
,3078,3,1,0.5089511
,3079,0,0,0.7544455
,3079,1,0,0.78189385
,3079,2,0,0.6902027
,3079,3,2,1.0
,3080,0,0,0.50156385
,3080,1,0,0.5022608
,3080,2,2,1.0
,3080,3,1,0.9078596
,3081,0,0,0.7524189
,3081,1,0,0.751725
,3081,2,0,0.73590064
,3081,3,3,1.0
,3082,0,0,0.75607395
,3082,1,0,0.69536453
,3082,2,2,1.0
,3082,3,0,0.8533876
,3083,0,0,0.50239384
,3083,1,2,1.0
,3083,2,1,0.88263494
,3083,3,0,0.50490063
,3084,0,0,0.7536639
,3084,1,0,0.7250844
,3084,2,2,1.0
,3084,3,0,0.7537066
,3085,0,0,0.5016233
,3085,1,2,1.0
,3085,2,1,0.8826244
,3085,3,0,0.5023627
,3086,0,0,0.7064603
,3086,1,0,0.78249824
,3086,2,2,1.0
,3086,3,0,0.75452745
,3087,0,2,1.0
,3087,1,0,0.7580204
,3087,2,0,0.7388397
,3087,3,0,0.7582424
,3088,0,0,0.78271824
,3088,1,0,0.7106536
,3088,2,2,1.0
,3088,3,0,0.75826764
,3089,0,0,0.7109486
,3089,1,2,1.0
,3089,2,0,0.78270406
,3089,3,0,0.7582515
,3090,0,2,1.0
,3090,1,0,0.7827042
,3090,2,0,0.71094865
,3090,3,0,0.75825137
,3091,0,0,0.78270406
,3091,1,0,0.7109486
,3091,2,2,1.0
,3091,3,0,0.75824535
,3092,0,0,0.710948
,3092,1,2,1.0
,3092,2,0,0.783198
,3092,3,0,0.7577114
,3093,0,2,1.0
,3093,1,0,0.78319746
,3093,2,0,0.757994
,3093,3,0,0.7106302
,3094,0,0,0.78320307
,3094,1,0,0.7579939
,3094,2,0,0.7106338
,3094,3,2,1.0
,3095,0,0,0.75853527
,3095,1,0,0.71063924
,3095,2,2,1.0
,3095,3,0,0.7832049
,3096,0,0,0.75829375
,3096,1,2,1.0
,3096,2,0,0.7388483
,3096,3,0,0.7585732
,3097,0,0,0.7583079
,3097,1,0,0.7388649
,3097,2,2,1.0
,3097,3,0,0.75831115
,3098,0,0,0.7583021
,3098,1,2,1.0
,3098,2,0,0.7388647
,3098,3,0,0.75830823
,3099,0,0,0.7577664
,3099,1,0,0.73886013
,3099,2,2,1.0
,3099,3,0,0.7583059
,3100,0,0,0.71064615
,3100,1,2,1.0
,3100,2,0,0.78320026
,3100,3,0,0.75826234
,3101,0,2,1.0
,3101,1,0,0.725864
,3101,2,0,0.7565323
,3101,3,0,0.75740325
,3102,0,1,0.855213
,3102,1,2,1.0
,3102,2,1,0.55942434
,3102,3,0,0.5015145
,3103,0,0,0.75031793
,3103,1,0,0.7276836
,3103,2,2,1.0
,3103,3,0,0.75438046
,3104,0,0,0.5548143
,3104,1,2,1.0
,3104,2,1,0.7928757
,3104,3,0,0.5549186
,3105,0,0,0.752249
,3105,1,0,0.7356788
,3105,2,3,1.0
,3105,3,0,0.7528017
,3106,0,0,0.709213
,3106,1,2,1.0
,3106,2,0,0.85352534
,3106,3,0,0.7569872
,3107,0,2,1.0
,3107,1,0,0.7826981
,3107,2,0,0.7118398
,3107,3,0,0.75823003
,3108,0,0,0.78320575
,3108,1,0,0.7109538
,3108,2,2,1.0
,3108,3,0,0.7582533
,3109,0,0,0.75857335
,3109,1,2,1.0
,3109,2,0,0.7388485
,3109,3,0,0.7582907
,3110,0,0,0.75831115
,3110,1,0,0.7388649
,3110,2,2,1.0
,3110,3,0,0.7583079
,3111,0,0,0.75830823
,3111,1,2,1.0
,3111,2,0,0.7388651
,3111,3,0,0.75830823
,3112,0,0,0.75830823
,3112,1,0,0.7388649
,3112,2,2,1.0
,3112,3,0,0.75830823
,3113,0,0,0.7583105
,3113,1,2,1.0
,3113,2,0,0.73884356
,3113,3,0,0.7583106
,3114,0,0,0.7580134
,3114,1,0,0.68449014
,3114,2,2,1.0
,3114,3,0,0.7580135
,3115,0,0,0.7533906
,3115,1,3,1.0
,3115,2,0,0.6798458
,3115,3,0,0.7533971
,3116,0,0,0.7516349
,3116,1,0,0.8206496
,3116,2,3,1.0
,3116,3,0,0.7521873
,3117,0,0,0.70923483
,3117,1,2,1.0
,3117,2,0,0.85388803
,3117,3,0,0.7570042
,3118,0,2,1.0
,3118,1,0,0.73883575
,3118,2,0,0.7588263
,3118,3,0,0.75826645
,3119,0,0,0.78271824
,3119,1,2,1.0
,3119,2,0,0.710664
,3119,3,0,0.75826794
,3120,0,0,0.7109534
,3120,1,0,0.7831998
,3120,2,2,1.0
,3120,3,0,0.7582534
,3121,0,2,1.0
,3121,1,0,0.75803214
,3121,2,0,0.73884356
,3121,3,0,0.7582885
,3122,0,0,0.78271836
,3122,1,0,0.71065396
,3122,2,2,1.0
,3122,3,0,0.7582682
,3123,0,0,0.7109536
,3123,1,2,1.0
,3123,2,0,0.78320545
,3123,3,0,0.7582532
,3124,0,2,1.0
,3124,1,0,0.7388266
,3124,2,0,0.7585756
,3124,3,0,0.7582792
,3125,0,0,0.6845526
,3125,1,2,1.0
,3125,2,0,0.7580108
,3125,3,0,0.7567931
,3126,0,3,1.0
,3126,1,0,0.7783285
,3126,2,0,0.7531974
,3126,3,0,0.64782745
,3127,0,0,0.8539464
,3127,1,0,0.70367295
,3127,2,0,0.75063044
,3127,3,3,1.0
,3128,0,0,0.75764734
,3128,1,2,1.0
,3128,2,0,0.65099126
,3128,3,0,0.85392046
,3129,0,0,0.75413376
,3129,1,0,0.7347093
,3129,2,3,1.0
,3129,3,0,0.7552456
,3130,0,0,0.75728047
,3130,1,2,1.0
,3130,2,0,0.8206553
,3130,3,0,0.7567523
,3131,0,0,0.75828266
,3131,1,0,0.7832347
,3131,2,2,1.0
,3131,3,0,0.7106693
,3132,0,0,0.7582888
,3132,1,0,0.7580325
,3132,2,0,0.73884356
,3132,3,2,1.0
,3133,0,0,0.7582701
,3133,1,0,0.7106588
,3133,2,2,1.0
,3133,3,0,0.78321964
,3134,0,0,0.75829077
,3134,1,2,1.0
,3134,2,0,0.7388483
,3134,3,0,0.7585734
,3135,0,0,0.7583079
,3135,1,0,0.7388649
,3135,2,2,1.0
,3135,3,0,0.75831115
,3136,0,0,0.75830823
,3136,1,2,1.0
,3136,2,0,0.7388651
,3136,3,0,0.75830823
,3137,0,0,0.75830823
,3137,1,0,0.73886496
,3137,2,2,1.0
,3137,3,0,0.75830823
,3138,0,0,0.7583082
,3138,1,2,1.0
,3138,2,0,0.7388651
,3138,3,0,0.75830823
,3139,0,0,0.7583021
,3139,1,0,0.7388648
,3139,2,2,1.0
,3139,3,0,0.7583082
,3140,0,0,0.7577666
,3140,1,2,1.0
,3140,2,0,0.73886013
,3140,3,0,0.75830597
,3141,0,0,0.7106554
,3141,1,0,0.78321403
,3141,2,2,1.0
,3141,3,0,0.75827026
,3142,0,2,1.0
,3142,1,0,0.7580322
,3142,2,0,0.73884356
,3142,3,0,0.7582885
,3143,0,0,0.7832196
,3143,1,0,0.7106588
,3143,2,2,1.0
,3143,3,0,0.75827
,3144,0,0,0.75856555
,3144,1,2,1.0
,3144,2,0,0.7388402
,3144,3,0,0.7582829
,3145,0,0,0.75744283
,3145,1,0,0.72593355
,3145,2,2,1.0
,3145,3,0,0.75743955
,3146,0,0,0.50249445
,3146,1,2,1.0
,3146,2,1,0.88262355
,3146,3,0,0.5024944
,3147,0,0,0.7542185
,3147,1,0,0.6833014
,3147,2,2,1.0
,3147,3,0,0.7542185
,3148,0,0,0.75393426
,3148,1,3,1.0
,3148,2,0,0.734553
,3148,3,0,0.7539342
,3149,0,0,0.75728047
,3149,1,0,0.82065696
,3149,2,2,1.0
,3149,3,0,0.7572743
,3150,0,0,0.758318
,3150,1,2,1.0
,3150,2,0,0.73888355
,3150,3,0,0.7577787
,3151,0,0,0.7582627
,3151,1,0,0.7832196
,3151,2,2,1.0
,3151,3,0,0.7106554
,3152,0,0,0.75759345
,3152,1,0,0.7585494
,3152,2,0,0.7388332
,3152,3,2,1.0
,3153,0,0,0.69681686
,3153,1,0,0.75621635
,3153,2,2,1.0
,3153,3,0,0.7823938
,3154,0,2,1.0
,3154,1,1,0.55949455
,3154,2,1,0.85560846
,3154,3,0,0.5020939
,3155,0,0,0.78263104
,3155,1,2,1.0
,3155,2,0,0.70205116
,3155,3,0,0.7546737
,3156,0,0,0.7582613
,3156,1,0,0.68423283
,3156,2,2,1.0
,3156,3,0,0.75794405
,3157,0,0,0.7539788
,3157,1,3,1.0
,3157,2,0,0.7345498
,3157,3,0,0.7539751
,3158,0,0,0.75702596
,3158,1,0,0.8127383
,3158,2,2,1.0
,3158,3,0,0.75702596
,3159,0,0,0.5562006
,3159,1,2,1.0
,3159,2,1,0.74552006
,3159,3,0,0.5562006
,3160,0,0,0.7544417
,3160,1,0,0.7252556
,3160,2,2,1.0
,3160,3,0,0.7544417
,3161,0,0,0.5011814
,3161,1,2,1.0
,3161,2,1,0.87128127
,3161,3,0,0.5011814
,3162,0,1,0.51502186
,3162,1,1,0.88677007
,3162,2,3,1.0
,3162,3,1,0.5150219
,3163,0,0,0.75292563
,3163,1,2,1.0
,3163,2,0,0.81272024
,3163,3,0,0.75292563
,3164,0,0,0.554132
,3164,1,1,0.7249822
,3164,2,2,1.0
,3164,3,0,0.55413204
,3165,0,1,0.51429343
,3165,1,3,1.0
,3165,2,1,0.8870134
,3165,3,1,0.51429343
,3166,0,0,0.75321984
,3166,1,0,0.8206609
,3166,2,2,1.0
,3166,3,0,0.7532195
,3167,0,0,0.75737494
,3167,1,2,1.0
,3167,2,0,0.72592753
,3167,3,0,0.757345
,3168,0,0,0.50080305
,3168,1,1,0.8895202
,3168,2,2,1.0
,3168,3,1,0.5007736
,3169,0,1,0.5093403
,3169,1,2,1.0
,3169,2,1,0.8575038
,3169,3,1,0.570104
,3170,0,0,0.7545151
,3170,1,0,0.7819617
,3170,2,0,0.7020198
,3170,3,2,1.0
,3171,0,0,0.7570986
,3171,1,0,0.69623995
,3171,2,2,1.0
,3171,3,0,0.7821839
,3172,0,1,0.51665074
,3172,1,2,1.0
,3172,2,1,0.9551763
,3172,3,1,0.51598835
,3173,0,0,0.7542818
,3173,1,0,0.73798877
,3173,2,2,1.0
,3173,3,0,0.75428945
,3174,0,0,0.7571504
,3174,1,2,1.0
,3174,2,0,0.7250471
,3174,3,0,0.757165
,3175,0,1,0.517555
,3175,1,1,0.9653646
,3175,2,2,1.0
,3175,3,1,0.5168075
,3176,0,0,0.7038696
,3176,1,3,1.0
,3176,2,0,0.7807765
,3176,3,0,0.7522776
,3177,0,2,1.0
,3177,1,0,0.8206555
,3177,2,0,0.75702685
,3177,3,0,0.7572425
,3178,0,0,0.7832402
,3178,1,2,1.0
,3178,2,0,0.7106729
,3178,3,0,0.7582821
,3179,0,0,0.75856584
,3179,1,0,0.7388481
,3179,2,2,1.0
,3179,3,0,0.7582909
,3180,0,0,0.75761414
,3180,1,2,1.0
,3180,2,0,0.7388501
,3180,3,0,0.7582967
,3181,0,0,0.69684285
,3181,1,0,0.7823559
,3181,2,2,1.0
,3181,3,0,0.7573582
,3182,0,2,1.0
,3182,1,1,0.50019205
,3182,2,1,0.8895433
,3182,3,0,0.5007396
,3183,0,1,0.8575039
,3183,1,1,0.5700891
,3183,2,2,1.0
,3183,3,1,0.50934213
,3184,0,0,0.70202595
,3184,1,2,1.0
,3184,2,0,0.7825953
,3184,3,0,0.7545201
,3185,0,2,1.0
,3185,1,0,0.7258174
,3185,2,0,0.75619906
,3185,3,0,0.757322
,3186,0,1,0.8561263
,3186,1,2,1.0
,3186,2,1,0.5764329
,3186,3,1,0.5003912
,3187,0,1,0.51738673
,3187,1,1,0.88414377
,3187,2,2,1.0
,3187,3,1,0.5081822
,3188,0,0,0.75433534
,3188,1,2,1.0
,3188,2,0,0.7380506
,3188,3,0,0.75390273
,3189,0,0,0.7575253
,3189,1,0,0.7832077
,3189,2,2,1.0
,3189,3,0,0.71058744
,3190,0,0,0.6967529
,3190,1,0,0.7576017
,3190,2,0,0.78101075
,3190,3,2,1.0
,3191,0,2,1.0
,3191,1,1,0.5004433
,3191,2,1,0.57586735
,3191,3,1,0.8561535
,3192,0,1,0.8841496
,3192,1,1,0.5082055
,3192,2,2,1.0
,3192,3,1,0.5173996
,3193,0,2,1.0
,3193,1,0,0.7523621
,3193,2,0,0.72502464
,3193,3,0,0.7534251
,3194,0,1,0.85522336
,3194,1,1,0.55957115
,3194,2,2,1.0
,3194,3,0,0.5013982
,3195,0,0,0.7497336
,3195,1,2,1.0
,3195,2,0,0.6835014
,3195,3,0,0.7543649
,3196,0,0,0.70555544
,3196,1,0,0.77879494
,3196,2,3,1.0
,3196,3,0,0.753853
,3197,0,2,1.0
,3197,1,0,0.6956389
,3197,2,0,0.85259324
,3197,3,0,0.7560499
,3198,0,1,0.8552325
,3198,1,2,1.0
,3198,2,1,0.5570242
,3198,3,0,0.50143737
,3199,0,0,0.7506637
,3199,1,0,0.7382103
,3199,2,2,1.0
,3199,3,0,0.75472003
,3200,0,0,0.7582203
,3200,1,2,1.0
,3200,2,0,0.73886365
,3200,3,0,0.7582662
,3201,0,0,0.75830716
,3201,1,0,0.73886496
,3201,2,2,1.0
,3201,3,0,0.7583076
,3202,0,0,0.7583082
,3202,1,2,1.0
,3202,2,0,0.73886436
,3202,3,0,0.7582947
,3203,0,0,0.7583046
,3203,1,0,0.73883104
,3203,2,2,1.0
,3203,3,0,0.75711185
,3204,0,0,0.7579078
,3204,1,2,1.0
,3204,2,0,0.7829088
,3204,3,0,0.652754
,3205,0,0,0.7541305
,3205,1,0,0.7347107
,3205,2,0,0.7544206
,3205,3,3,1.0
,3206,0,0,0.7562581
,3206,1,2,1.0
,3206,2,0,0.7562297
,3206,3,0,0.81015974
,3207,0,1,0.5166178
,3207,1,1,0.95516926
,3207,2,1,0.5182484
,3207,3,2,1.0
,3208,0,0,0.75378877
,3208,1,2,1.0
,3208,2,0,0.6476971
,3208,3,0,0.78154886
,3209,0,0,0.7540424
,3209,1,0,0.779613
,3209,2,3,1.0
,3209,3,0,0.7062122
,3210,0,0,0.7572619
,3210,1,0,0.7575531
,3210,2,0,0.82065725
,3210,3,2,1.0
,3211,0,0,0.75830907
,3211,1,0,0.7582956
,3211,2,2,1.0
,3211,3,0,0.7388797
,3212,0,0,0.7571725
,3212,1,0,0.75569034
,3212,2,0,0.7250212
,3212,3,2,1.0
,3213,0,1,0.5186112
,3213,1,1,0.5947958
,3213,2,2,1.0
,3213,3,1,0.9439488
,3214,0,1,0.52534395
,3214,1,2,1.0
,3214,2,1,0.95558697
,3214,3,1,0.53659356
,3215,0,0,0.7541925
,3215,1,0,0.7379957
,3215,2,2,1.0
,3215,3,0,0.75406444
,3216,0,0,0.75825155
,3216,1,2,1.0
,3216,2,0,0.73885465
,3216,3,0,0.75825
,3217,0,0,0.7574393
,3217,1,0,0.7259339
,3217,2,2,1.0
,3217,3,0,0.7574392
,3218,0,0,0.5024946
,3218,1,2,1.0
,3218,2,1,0.88260883
,3218,3,0,0.5024945
,3219,0,0,0.7545794
,3219,1,0,0.7380629
,3219,2,2,1.0
,3219,3,0,0.7545732
,3220,0,0,0.7582617
,3220,1,2,1.0
,3220,2,0,0.73885804
,3220,3,0,0.75772226
,3221,0,0,0.75826794
,3221,1,0,0.78271836
,3221,2,2,1.0
,3221,3,0,0.7106501
,3222,0,0,0.7582534
,3222,1,0,0.7109534
,3222,2,0,0.78319985
,3222,3,2,1.0
,3223,0,0,0.75828844
,3223,1,2,1.0
,3223,2,0,0.7580323
,3223,3,0,0.7388437
,3224,0,0,0.75826854
,3224,1,0,0.78321815
,3224,2,0,0.7106726
,3224,3,2,1.0
,3225,0,0,0.7584608
,3225,1,0,0.75873405
,3225,2,2,1.0
,3225,3,0,0.7833827
,3226,0,0,0.76260436
,3226,1,0,0.7617894
,3226,2,2,1.0
,3226,3,0,0.76287955
,3227,0,0,0.66062325
,3227,1,0,0.6037182
,3227,2,3,1.0
,3227,3,0,0.6606281
,3228,0,0,0.75507736
,3228,1,2,1.0
,3228,2,0,0.8108442
,3228,3,0,0.7550775
,3229,0,0,0.50254893
,3229,1,1,0.8825652
,3229,2,2,1.0
,3229,3,0,0.50254893
,3230,0,0,0.7536807
,3230,1,2,1.0
,3230,2,0,0.7250857
,3230,3,0,0.7536807
,3231,0,0,0.50238013
,3231,1,1,0.8826303
,3231,2,2,1.0
,3231,3,0,0.50238013
,3232,0,0,0.75421715
,3232,1,2,1.0
,3232,2,0,0.6833013
,3232,3,0,0.75421715
,3233,0,0,0.7539348
,3233,1,0,0.7345524
,3233,2,3,1.0
,3233,3,0,0.7539348
,3234,0,0,0.75730854
,3234,1,2,1.0
,3234,2,0,0.77840555
,3234,3,0,0.75730866
,3235,0,0,0.7536466
,3235,1,0,0.7342359
,3235,2,3,1.0
,3235,3,0,0.7536466
,3236,0,0,0.75727606
,3236,1,2,1.0
,3236,2,0,0.8206571
,3236,3,0,0.75727606
,3237,0,0,0.75832015
,3237,1,0,0.7388882
,3237,2,2,1.0
,3237,3,0,0.75832
,3238,0,0,0.7583
,3238,1,2,1.0
,3238,2,0,0.7388561
,3238,3,0,0.7582837
,3239,0,0,0.7573866
,3239,1,0,0.72583866
,3239,2,2,1.0
,3239,3,0,0.7559427
,3240,0,1,0.50042826
,3240,1,2,1.0
,3240,2,1,0.85691947
,3240,3,1,0.5765127
,3241,0,1,0.5090656
,3241,1,1,0.8574634
,3241,2,1,0.5788635
,3241,3,2,1.0
,3242,0,0,0.75361216
,3242,1,0,0.68799
,3242,2,2,1.0
,3242,3,0,0.781785
,3243,0,0,0.5023021
,3243,1,2,1.0
,3243,2,1,0.88264525
,3243,3,0,0.50302774
,3244,0,0,0.754577
,3244,1,0,0.73806286
,3244,2,2,1.0
,3244,3,0,0.75458527
,3245,0,0,0.7582638
,3245,1,2,1.0
,3245,2,0,0.73886293
,3245,3,0,0.75826377
,3246,0,0,0.75829965
,3246,1,0,0.73885626
,3246,2,2,1.0
,3246,3,0,0.75828654
,3247,0,0,0.75742114
,3247,1,2,1.0
,3247,2,0,0.72588164
,3247,3,0,0.7562661
,3248,0,0,0.50151914
,3248,1,1,0.8552163
,3248,2,2,1.0
,3248,3,1,0.5594202
,3249,0,0,0.7547084
,3249,1,0,0.74995077
,3249,2,0,0.7381942
,3249,3,2,1.0
,3250,0,0,0.7573453
,3250,1,0,0.69677186
,3250,2,2,1.0
,3250,3,0,0.78240937
,3251,0,0,0.50242764
,3251,1,2,1.0
,3251,2,1,0.8826337
,3251,3,0,0.5030733
,3252,0,0,0.7545784
,3252,1,0,0.7380629
,3252,2,2,1.0
,3252,3,0,0.7545857
,3253,0,0,0.75826395
,3253,1,2,1.0
,3253,2,0,0.73886275
,3253,3,0,0.75825787
,3254,0,0,0.75830543
,3254,1,0,0.73886013
,3254,2,2,1.0
,3254,3,0,0.75776607
,3255,0,0,0.7582704
,3255,1,2,1.0
,3255,2,0,0.78320736
,3255,3,0,0.7106549
,3256,0,0,0.75828725
,3256,1,0,0.7388144
,3256,2,0,0.757378
,3256,3,2,1.0
,3257,0,0,0.7579076
,3257,1,2,1.0
,3257,2,0,0.6527576
,3257,3,0,0.78290874
,3258,0,0,0.7541418
,3258,1,0,0.7347143
,3258,2,3,1.0
,3258,3,0,0.7544259
,3259,0,0,0.7572804
,3259,1,2,1.0
,3259,2,0,0.8206553
,3259,3,0,0.756743
,3260,0,0,0.7582615
,3260,1,0,0.783233
,3260,2,2,1.0
,3260,3,0,0.71066004
,3261,0,0,0.7562484
,3261,1,0,0.7576869
,3261,2,0,0.7258642
,3261,3,2,1.0
,3262,0,1,0.5594207
,3262,1,0,0.5015176
,3262,2,2,1.0
,3262,3,1,0.8552111
,3263,0,2,1.0
,3263,1,0,0.7541727
,3263,2,0,0.7382044
,3263,3,0,0.7506603
,3264,0,0,0.78321844
,3264,1,0,0.71060824
,3264,2,2,1.0
,3264,3,0,0.7581822
,3265,0,0,0.7585715
,3265,1,2,1.0
,3265,2,0,0.73884183
,3265,3,0,0.7582877
,3266,0,0,0.7579986
,3266,1,0,0.7284113
,3266,2,2,1.0
,3266,3,0,0.7579797
,3267,0,0,0.5558347
,3267,1,2,1.0
,3267,2,1,0.7455677
,3267,3,0,0.5549394
,3268,0,0,0.75492275
,3268,1,0,0.7822728
,3268,2,2,1.0
,3268,3,0,0.69602793
,3269,0,0,0.5530961
,3269,1,0,0.5517688
,3269,2,1,0.75874233
,3269,3,2,1.0
,3270,0,1,0.5248619
,3270,1,1,0.6001575
,3270,2,2,1.0
,3270,3,1,0.9442985
,3271,0,1,0.50907797
,3271,1,2,1.0
,3271,2,1,0.88424605
,3271,3,1,0.5199443
,3272,0,0,0.7544293
,3272,1,0,0.7380479
,3272,2,2,1.0
,3272,3,0,0.75430584
,3273,0,0,0.7571548
,3273,1,2,1.0
,3273,2,0,0.7250566
,3273,3,0,0.7571678
,3274,0,1,0.5173717
,3274,1,1,0.95517266
,3274,2,2,1.0
,3274,3,1,0.51663357
,3275,0,0,0.7061404
,3275,1,2,1.0
,3275,2,0,0.7824451
,3275,3,0,0.7542415
,3276,0,2,1.0
,3276,1,0,0.7388229
,3276,2,0,0.7585629
,3276,3,0,0.7582372
,3277,0,0,0.6842846
,3277,1,2,1.0
,3277,2,0,0.75800085
,3277,3,0,0.7574507
,3278,0,3,1.0
,3278,1,0,0.7794396
,3278,2,0,0.7531837
,3278,3,0,0.70565444
,3279,0,0,0.85242635
,3279,1,0,0.7561272
,3279,2,0,0.69440556
,3279,3,2,1.0
,3280,0,1,0.5751341
,3280,1,1,0.5170438
,3280,2,2,1.0
,3280,3,1,0.94357246
,3281,0,2,1.0
,3281,1,0,0.75446403
,3281,2,0,0.73817205
,3281,3,0,0.7496182
,3282,0,0,0.73885864
,3282,1,0,0.7577216
,3282,2,2,1.0
,3282,3,0,0.75820607
,3283,0,2,1.0
,3283,1,0,0.7106501
,3283,2,0,0.7827184
,3283,3,0,0.7582673
,3284,0,0,0.78320545
,3284,1,2,1.0
,3284,2,0,0.7109534
,3284,3,0,0.7582472
,3285,0,0,0.7585711
,3285,1,0,0.7388437
,3285,2,2,1.0
,3285,3,0,0.7577491
,3286,0,0,0.75827324
,3286,1,2,1.0
,3286,2,0,0.78321964
,3286,3,0,0.7106552
,3287,0,0,0.75829077
,3287,1,0,0.73884815
,3287,2,0,0.7585673
,3287,3,2,1.0
,3288,0,0,0.7583056
,3288,1,2,1.0
,3288,2,0,0.7577694
,3288,3,0,0.7388599
,3289,0,0,0.75825644
,3289,1,0,0.7825618
,3289,2,0,0.71064043
,3289,3,2,1.0
,3290,0,0,0.7570662
,3290,1,0,0.6959433
,3290,2,2,1.0
,3290,3,0,0.7810154
,3291,0,1,0.5230062
,3291,1,2,1.0
,3291,2,1,0.9791264
,3291,3,1,0.58281064
,3292,0,0,0.7543893
,3292,1,0,0.7381594
,3292,2,0,0.7492002
,3292,3,2,1.0
,3293,0,0,0.75826466
,3293,1,2,1.0
,3293,2,0,0.75820583
,3293,3,0,0.73884225
,3294,0,0,0.7580079
,3294,1,0,0.68425804
,3294,2,0,0.75800717
,3294,3,2,1.0
,3295,0,0,0.75397825
,3295,1,3,1.0
,3295,2,0,0.75397533
,3295,3,0,0.734553
,3296,0,0,0.75726795
,3296,1,0,0.8206605
,3296,2,0,0.7570146
,3296,3,2,1.0
,3297,0,0,0.75736797
,3297,1,2,1.0
,3297,2,0,0.73506176
,3297,3,0,0.7823861
,3298,0,1,0.52099097
,3298,1,1,0.95645773
,3298,2,3,1.0
,3298,3,1,0.520327
,3299,0,0,0.7530769
,3299,1,2,1.0
,3299,2,0,0.8206696
,3299,3,0,0.75308424
,3300,0,0,0.7574171
,3300,1,0,0.75926685
,3300,2,2,1.0
,3300,3,0,0.75739855
,3301,0,1,0.5109046
,3301,1,3,1.0
,3301,2,1,0.88774496
,3301,3,1,0.5118667
,3302,0,0,0.7516449
,3302,1,0,0.853157
,3302,2,2,1.0
,3302,3,0,0.68931973
,3303,0,1,0.5251061
,3303,1,1,0.52335143
,3303,2,1,0.9939947
,3303,3,2,1.0
,3304,0,0,0.75289
,3304,1,0,0.690856
,3304,2,2,1.0
,3304,3,0,0.7813062
,3305,0,1,0.5229629
,3305,1,2,1.0
,3305,2,1,0.9835653
,3305,3,1,0.52220714
,3306,0,0,0.7538289
,3306,1,0,0.68319464
,3306,2,2,1.0
,3306,3,0,0.75383747
,3307,0,0,0.7539297
,3307,1,3,1.0
,3307,2,0,0.734553
,3307,3,0,0.7539298
,3308,0,0,0.7572803
,3308,1,0,0.8206571
,3308,2,2,1.0
,3308,3,0,0.7572803
,3309,0,0,0.7583124
,3309,1,2,1.0
,3309,2,0,0.73888004
,3309,3,0,0.7583124
,3310,0,0,0.75743973
,3310,1,0,0.7259339
,3310,2,2,1.0
,3310,3,0,0.75743973
,3311,0,0,0.502481
,3311,1,2,1.0
,3311,2,1,0.882615
,3311,3,0,0.5024804
,3312,0,0,0.7536434
,3312,1,0,0.7250579
,3312,2,2,1.0
,3312,3,0,0.753606
,3313,0,0,0.5003878
,3313,1,2,1.0
,3313,2,1,0.8898761
,3313,3,1,0.5015682
,3314,0,1,0.52810276
,3314,1,1,0.9444005
,3314,2,2,1.0
,3314,3,1,0.6018139
,3315,0,1,0.5707677
,3315,1,1,0.5217901
,3315,2,1,0.8571359
,3315,3,2,1.0
,3316,0,2,1.0
,3316,1,0,0.6923375
,3316,2,0,0.74845004
,3316,3,0,0.78177583
,3317,0,1,0.8552505
,3317,1,2,1.0
,3317,2,1,0.55970234
,3317,3,0,0.5020619
,3318,0,0,0.75066227
,3318,1,0,0.73820925
,3318,2,2,1.0
,3318,3,0,0.7547259
,3319,0,0,0.7582203
,3319,1,2,1.0
,3319,2,0,0.7388631
,3319,3,0,0.7582528
,3320,0,0,0.7583037
,3320,1,0,0.73883075
,3320,2,2,1.0
,3320,3,0,0.75711495
,3321,0,0,0.7579021
,3321,1,2,1.0
,3321,2,0,0.78178537
,3321,3,0,0.6530576
,3322,0,0,0.7528236
,3322,1,0,0.77901185
,3322,2,0,0.64840025
,3322,3,3,1.0
,3323,0,0,0.7034068
,3323,1,0,0.75216013
,3323,2,3,1.0
,3323,3,0,0.8539415
,3324,0,2,1.0
,3324,1,0,0.7566837
,3324,2,0,0.8206557
,3324,3,0,0.7583845
,3325,0,0,0.7832402
,3325,1,0,0.7106682
,3325,2,2,1.0
,3325,3,0,0.7582888
,3326,0,0,0.7585715
,3326,1,2,1.0
,3326,2,0,0.73884356
,3326,3,0,0.7577495
,3327,0,0,0.75827324
,3327,1,0,0.78321964
,3327,2,2,1.0
,3327,3,0,0.7106552
,3328,0,0,0.75829077
,3328,1,0,0.75857335
,3328,2,0,0.7388483
,3328,3,2,1.0
,3329,0,0,0.7583078
,3329,1,0,0.7583033
,3329,2,2,1.0
,3329,3,0,0.7388646
,3330,0,0,0.75829685
,3330,1,0,0.7576105
,3330,2,0,0.73884976
,3330,3,2,1.0
,3331,0,0,0.7573353
,3331,1,0,0.69677377
,3331,2,2,1.0
,3331,3,0,0.78102535
,3332,0,1,0.50049627
,3332,1,2,1.0
,3332,2,1,0.85620123
,3332,3,1,0.5759051
,3333,0,1,0.5098486
,3333,1,1,0.8909699
,3333,2,1,0.5210306
,3333,3,2,1.0
,3334,0,1,0.51145214
,3334,1,2,1.0
,3334,2,1,0.5874429
,3334,3,1,0.85802406
,3335,0,1,0.5085604
,3335,1,1,0.884185
,3335,2,2,1.0
,3335,3,1,0.5184746
,3336,0,0,0.75347584
,3336,1,2,1.0
,3336,2,0,0.78165156
,3336,3,0,0.6922633
,3337,0,0,0.5022854
,3337,1,1,0.882652
,3337,2,0,0.50227284
,3337,3,2,1.0
,3338,0,0,0.75451833
,3338,1,2,1.0
,3338,2,0,0.7064595
,3338,3,0,0.7824965
,3339,0,0,0.75737566
,3339,1,0,0.7259126
,3339,2,2,1.0
,3339,3,0,0.7576935
,3340,0,0,0.50249285
,3340,1,2,1.0
,3340,2,1,0.88260883
,3340,3,0,0.5025011
,3341,0,0,0.7545794
,3341,1,0,0.73806304
,3341,2,2,1.0
,3341,3,0,0.7545795
,3342,0,0,0.7582638
,3342,1,2,1.0
,3342,2,0,0.73886293
,3342,3,0,0.7582638
,3343,0,0,0.75829947
,3343,1,0,0.7388567
,3343,2,2,1.0
,3343,3,0,0.75829947
,3344,0,0,0.75740564
,3344,1,2,1.0
,3344,2,0,0.72591126
,3344,3,0,0.75740564
,3345,0,0,0.50058657
,3345,1,1,0.8899418
,3345,2,2,1.0
,3345,3,0,0.50058657
,3346,0,1,0.53017056
,3346,1,2,1.0
,3346,2,1,0.98364216
,3346,3,1,0.5301705
,3347,0,0,0.7541085
,3347,1,0,0.73797345
,3347,2,2,1.0
,3347,3,0,0.7541147
,3348,0,0,0.75771666
,3348,1,2,1.0
,3348,2,0,0.73885787
,3348,3,0,0.7582561
,3349,0,0,0.71064574
,3349,1,0,0.78319424
,3349,2,2,1.0
,3349,3,0,0.7582589
,3350,0,2,1.0
,3350,1,0,0.7559735
,3350,2,0,0.7250028
,3350,3,0,0.7571592
,3351,0,1,0.94423413
,3351,1,1,0.5939457
,3351,2,2,1.0
,3351,3,1,0.5183747
,3352,0,1,0.5812912
,3352,1,2,1.0
,3352,2,1,0.85710585
,3352,3,1,0.5097476
,3353,0,2,1.0
,3353,1,0,0.7381883
,3353,2,0,0.7500708
,3353,3,0,0.7545727
,3354,0,0,0.78321844
,3354,1,2,1.0
,3354,2,0,0.7105562
,3354,3,0,0.7582265
,3355,0,0,0.7585734
,3355,1,0,0.7388483
,3355,2,2,1.0
,3355,3,0,0.75829023
,3356,0,0,0.75831115
,3356,1,2,1.0
,3356,2,0,0.7388649
,3356,3,0,0.7583078
,3357,0,0,0.75830823
,3357,1,0,0.7388648
,3357,2,2,1.0
,3357,3,0,0.758302
,3358,0,0,0.75830597
,3358,1,2,1.0
,3358,2,0,0.73885995
,3358,3,0,0.7577665
,3359,0,0,0.75826854
,3359,1,0,0.7827182
,3359,2,2,1.0
,3359,3,0,0.7106502
,3360,0,0,0.7582508
,3360,1,0,0.71091807
,3360,2,0,0.7820982
,3360,3,2,1.0
,3361,0,0,0.75789046
,3361,1,2,1.0
,3361,2,0,0.6530831
,3361,3,0,0.7828943
,3362,0,0,0.75413996
,3362,1,0,0.7347129
,3362,2,3,1.0
,3362,3,0,0.75443035
,3363,0,0,0.75728303
,3363,1,2,1.0
,3363,2,0,0.8206571
,3363,3,0,0.75728655
,3364,0,0,0.75829566
,3364,1,0,0.73887944
,3364,2,2,1.0
,3364,3,0,0.75831205
,3365,0,0,0.75594413
,3365,1,2,1.0
,3365,2,0,0.72584
,3365,3,0,0.7573874
,3366,0,1,0.57644105
,3366,1,1,0.85613877
,3366,2,2,1.0
,3366,3,1,0.50039023
,3367,0,2,1.0
,3367,1,1,0.518359
,3367,2,1,0.88416004
,3367,3,1,0.508208
,3368,0,0,0.78166467
,3368,1,0,0.69226605
,3368,2,2,1.0
,3368,3,0,0.7534804
,3369,0,0,0.5030213
,3369,1,2,1.0
,3369,2,1,0.88264334
,3369,3,0,0.50230366
,3370,0,0,0.75403744
,3370,1,0,0.73805755
,3370,2,2,1.0
,3370,3,0,0.7545742
,3371,0,0,0.71060586
,3371,1,2,1.0
,3371,2,0,0.7832178
,3371,3,0,0.7582259
,3372,0,2,1.0
,3372,1,0,0.73884016
,3372,2,0,0.7585655
,3372,3,0,0.75828236
,3373,0,0,0.7259329
,3373,1,2,1.0
,3373,2,0,0.7574285
,3373,3,0,0.7574393
,3374,0,2,1.0
,3374,1,1,0.8826178
,3374,2,0,0.50173753
,3374,3,0,0.5024762
,3375,0,0,0.78248435
,3375,1,2,1.0
,3375,2,0,0.7064524
,3375,3,0,0.7545206
,3376,0,0,0.7565204
,3376,1,0,0.72585994
,3376,2,2,1.0
,3376,3,0,0.75735694
,3377,0,1,0.5594258
,3377,1,2,1.0
,3377,2,1,0.8555797
,3377,3,0,0.50151
,3378,0,2,1.0
,3378,1,0,0.78212655
,3378,2,0,0.7020697
,3378,3,0,0.7546568
,3379,0,0,0.78319937
,3379,1,0,0.7109353
,3379,2,2,1.0
,3379,3,0,0.7576659
,3380,0,0,0.7585335
,3380,1,2,1.0
,3380,2,0,0.7827037
,3380,3,0,0.7106302
,3381,0,0,0.7582483
,3381,1,0,0.782704
,3381,2,0,0.71094835
,3381,3,2,1.0
,3382,0,0,0.75771147
,3382,1,0,0.710948
,3382,2,2,1.0
,3382,3,0,0.7832036
,3383,0,0,0.7106308
,3383,1,2,1.0
,3383,2,0,0.7827037
,3383,3,0,0.75853354
,3384,0,2,1.0
,3384,1,0,0.782704
,3384,2,0,0.71094835
,3384,3,0,0.75825447
,3385,0,0,0.78270406
,3385,1,0,0.7109484
,3385,2,2,1.0
,3385,3,0,0.75825137
,3386,0,0,0.71093833
,3386,1,2,1.0
,3386,2,0,0.7825606
,3386,3,0,0.75824296
,3387,0,2,1.0
,3387,1,0,0.7823963
,3387,2,0,0.69717956
,3387,3,0,0.7573703
,3388,0,1,0.88263345
,3388,1,0,0.5030737
,3388,2,2,1.0
,3388,3,0,0.50242907
,3389,0,2,1.0
,3389,1,0,0.7545858
,3389,2,0,0.7380629
,3389,3,0,0.7545784
,3390,0,0,0.73886275
,3390,1,0,0.75826395
,3390,2,2,1.0
,3390,3,0,0.7582578
,3391,0,2,1.0
,3391,1,0,0.7582993
,3391,2,0,0.73885995
,3391,3,0,0.75776595
,3392,0,0,0.7832105
,3392,1,0,0.7577284
,3392,2,2,1.0
,3392,3,0,0.7106498
,3393,0,0,0.75783885
,3393,1,0,0.7106198
,3393,2,0,0.78319484
,3393,3,2,1.0
,3394,0,0,0.69683
,3394,1,2,1.0
,3394,2,0,0.75761855
,3394,3,0,0.7823644
,3395,0,2,1.0
,3395,1,1,0.889864
,3395,2,0,0.50050485
,3395,3,0,0.5011844
,3396,0,1,0.95836794
,3396,1,2,1.0
,3396,2,1,0.5276948
,3396,3,1,0.5261058
,3397,0,2,1.0
,3397,1,1,0.85747933
,3397,2,1,0.5710842
,3397,3,1,0.5103618
,3398,0,0,0.7818494
,3398,1,0,0.7241974
,3398,2,2,1.0
,3398,3,0,0.75370187
,3399,0,1,0.5107083
,3399,1,3,1.0
,3399,2,1,0.8876332
,3399,3,1,0.5107018
,3400,0,0,0.70466036
,3400,1,0,0.85389435
,3400,2,2,1.0
,3400,3,0,0.7529082
,3401,0,2,1.0
,3401,1,0,0.7582532
,3401,2,0,0.7250283
,3401,3,0,0.7571236
,3402,0,1,0.95517576
,3402,1,1,0.51757497
,3402,2,2,1.0
,3402,3,1,0.5166526
,3403,0,2,1.0
,3403,1,0,0.6909712
,3403,2,0,0.7813352
,3403,3,0,0.753021
,3404,0,1,0.9835631
,3404,1,2,1.0
,3404,2,1,0.52221066
,3404,3,1,0.5229637
,3405,0,2,1.0
,3405,1,0,0.7379519
,3405,2,0,0.75420725
,3405,3,0,0.75419873
,3406,0,0,0.6842554
,3406,1,2,1.0
,3406,2,0,0.7579593
,3406,3,0,0.75795937
,3407,0,3,1.0
,3407,1,0,0.7345516
,3407,2,0,0.7539642
,3407,3,0,0.75397825
,3408,0,0,0.7786557
,3408,1,2,1.0
,3408,2,0,0.7560865
,3408,3,0,0.75729936
,3409,0,3,1.0
,3409,1,0,0.7785508
,3409,2,0,0.64737767
,3409,3,0,0.752282
,3410,0,0,0.8539413
,3410,1,0,0.7521549
,3410,2,3,1.0
,3410,3,0,0.7034018
,3411,0,0,0.7583626
,3411,1,0,0.7565273
,3411,2,0,0.82064885
,3411,3,2,1.0
,3412,0,0,0.75623906
,3412,1,0,0.6968316
,3412,2,2,1.0
,3412,3,0,0.78241503
,3413,0,1,0.55948174
,3413,1,2,1.0
,3413,2,1,0.85524356
,3413,3,0,0.5021021
,3414,0,2,1.0
,3414,1,0,0.73820406
,3414,2,0,0.7501087
,3414,3,0,0.7547238
,3415,0,0,0.78321856
,3415,1,2,1.0
,3415,2,0,0.71055347
,3415,3,0,0.7582284
,3416,0,0,0.758515
,3416,1,0,0.78318644
,3416,2,2,1.0
,3416,3,0,0.75823176
,3417,0,0,0.63647807
,3417,1,0,0.63693255
,3417,2,3,1.0
,3417,3,0,0.6364728
,3418,0,0,1.0
,3418,1,2,0.5251733
,3418,2,0,1.0
,3418,3,0,1.0
,3419,0,0,0.5549749
,3419,1,1,0.58018667
,3419,2,2,1.0
,3419,3,0,0.5549749
,3420,0,0,0.5161923
,3420,1,3,1.0
,3420,2,1,0.7495472
,3420,3,0,0.5161924
,3421,0,0,0.75286365
,3421,1,0,0.81083184
,3421,2,2,1.0
,3421,3,0,0.75286365
,3422,0,0,0.5006404
,3422,1,2,1.0
,3422,2,1,0.889793
,3422,3,0,0.5006399
,3423,0,1,0.52487767
,3423,1,1,0.95559466
,3423,2,2,1.0
,3423,3,1,0.5248959
,3424,0,0,0.7533298
,3424,1,2,1.0
,3424,2,0,0.7585456
,3424,3,0,0.75214326
,3425,0,1,0.51151866
,3425,1,1,0.8610896
,3425,2,3,1.0
,3425,3,1,0.57233363
,3426,0,0,0.75345385
,3426,1,0,0.74888283
,3426,2,0,0.77843803
,3426,3,2,1.0
,3427,0,0,0.7535167
,3427,1,0,0.7052088
,3427,2,3,1.0
,3427,3,0,0.77916163
,3428,0,0,0.7564202
,3428,1,2,1.0
,3428,2,0,0.8108218
,3428,3,0,0.75671315
,3429,0,0,0.5009251
,3429,1,1,0.88944924
,3429,2,2,1.0
,3429,3,0,0.5009327
,3430,0,1,0.51008
,3430,1,2,1.0
,3430,2,1,0.89104486
,3430,3,1,0.5100792
,3431,0,1,0.51062346
,3431,1,1,0.8914015
,3431,2,2,1.0
,3431,3,1,0.51059854
,3432,0,1,0.52613544
,3432,1,2,1.0
,3432,2,1,0.95560616
,3432,3,1,0.5251964
,3433,0,0,0.69191134
,3433,1,0,0.7793545
,3433,2,2,1.0
,3433,3,0,0.75316346
,3434,0,2,1.0
,3434,1,1,0.6247676
,3434,2,1,0.8562141
,3434,3,1,0.5007615
,3435,0,0,0.6806726
,3435,1,3,1.0
,3435,2,0,0.74625874
,3435,3,0,0.7509702
,3436,0,3,1.0
,3436,1,0,0.8539418
,3436,2,0,0.70309085
,3436,3,0,0.7516315
,3437,0,0,0.8127386
,3437,1,0,0.758132
,3437,2,2,1.0
,3437,3,0,0.7569654
,3438,0,2,1.0
,3438,1,0,0.55620253
,3438,2,1,0.7455208
,3438,3,0,0.5561972
,3439,0,0,0.72515833
,3439,1,0,0.75295174
,3439,2,2,1.0
,3439,3,0,0.7544088
,3440,0,2,1.0
,3440,1,1,0.5767458
,3440,2,1,0.8577686
,3440,3,1,0.5005896
,3441,0,1,0.8578226
,3441,1,2,1.0
,3441,2,1,0.64366245
,3441,3,1,0.5108714
,3442,0,0,0.7467086
,3442,1,0,0.73510617
,3442,2,3,1.0
,3442,3,0,0.75144756
,3443,0,0,0.69436836
,3443,1,2,1.0
,3443,2,0,0.8532324
,3443,3,0,0.7558367
,3444,0,2,1.0
,3444,1,1,0.9551737
,3444,2,1,0.5141246
,3444,3,1,0.5166962
,3445,0,0,0.76085556
,3445,1,2,1.0
,3445,2,0,0.7533829
,3445,3,0,0.75335354
,3446,0,3,0.9999343
,3446,1,1,0.9564804
,3446,2,1,0.5211759
,3446,3,1,0.52117676
,3447,0,0,0.82066184
,3447,1,2,1.0
,3447,2,0,0.7530853
,3447,3,0,0.7530856
,3448,0,2,1.0
,3448,1,0,0.7388885
,3448,2,0,0.7582465
,3448,3,0,0.7582598
,3449,0,0,0.75936353
,3449,1,2,1.0
,3449,2,0,0.75626916
,3449,3,0,0.7574429
,3450,0,3,1.0
,3450,1,1,0.8614404
,3450,2,1,0.5722542
,3450,3,1,0.5114094
,3451,0,0,0.8535327
,3451,1,0,0.700362
,3451,2,2,1.0
,3451,3,0,0.75308806
,3452,0,0,0.7118386
,3452,1,2,1.0
,3452,2,0,0.78319484
,3452,3,0,0.7581824
,3453,0,2,1.0
,3453,1,0,0.7388271
,3453,2,0,0.7585694
,3453,3,0,0.75829244
,3454,0,0,0.6842817
,3454,1,2,1.0
,3454,2,0,0.75745475
,3454,3,0,0.75800586
,3455,0,3,1.0
,3455,1,0,0.7794485
,3455,2,0,0.70568347
,3455,3,0,0.7539015
,3456,0,0,0.8308759
,3456,1,0,0.75683945
,3456,2,2,1.0
,3456,3,0,0.75654763
,3457,0,3,1.0
,3457,1,0,0.51806796
,3457,2,1,0.74990237
,3457,3,0,0.51806056
,3458,0,0,0.7784168
,3458,1,0,0.7537585
,3458,2,2,1.0
,3458,3,0,0.75375843
,3459,0,3,1.0
,3459,1,0,0.753593
,3459,2,0,0.734228
,3459,3,0,0.753593
,3460,0,0,0.8108412
,3460,1,0,0.75647104
,3460,2,2,1.0
,3460,3,0,0.75647104
,3461,0,2,1.0
,3461,1,0,0.5025886
,3461,2,1,0.8825554
,3461,3,0,0.5025887
,3462,0,0,0.7584917
,3462,1,0,0.7537266
,3462,2,2,1.0
,3462,3,0,0.75372696
,3463,0,3,1.0
,3463,1,1,0.511007
,3463,2,1,0.88772696
,3463,3,1,0.5109892
,3464,0,0,0.81081575
,3464,1,0,0.7512429
,3464,2,2,1.0
,3464,3,0,0.75239974
,3465,0,2,1.0
,3465,1,1,0.55945885
,3465,2,1,0.8551716
,3465,3,0,0.5007461
,3466,0,0,0.78263175
,3466,1,2,1.0
,3466,2,0,0.75005955
,3466,3,0,0.7066149
,3467,0,0,0.7585258
,3467,1,0,0.7832022
,3467,2,0,0.71053505
,3467,3,2,1.0
,3468,0,0,0.75829357
,3468,1,0,0.758567
,3468,2,2,1.0
,3468,3,0,0.7388481
,3469,0,0,0.7583058
,3469,1,0,0.75776947
,3469,2,0,0.73886013
,3469,3,2,1.0
,3470,0,0,0.7582704
,3470,1,0,0.7106554
,3470,2,2,1.0
,3470,3,0,0.78321403
,3471,0,0,0.7582885
,3471,1,2,1.0
,3471,2,0,0.73884356
,3471,3,0,0.7580322
,3472,0,0,0.7582701
,3472,1,0,0.78321403
,3472,2,2,1.0
,3472,3,0,0.7106586
,3473,0,0,0.7582885
,3473,1,0,0.7580322
,3473,2,0,0.7388434
,3473,3,2,1.0
,3474,0,0,0.75826985
,3474,1,0,0.7106588
,3474,2,2,1.0
,3474,3,0,0.7832196
,3475,0,0,0.75826585
,3475,1,2,1.0
,3475,2,0,0.7388393
,3475,3,0,0.758565
,3476,0,0,0.7559255
,3476,1,0,0.7258398
,3476,2,2,1.0
,3476,3,0,0.75738424
,3477,0,1,0.5773969
,3477,1,2,1.0
,3477,2,1,0.8572579
,3477,3,1,0.5006967
,3478,0,2,1.0
,3478,1,1,0.9443514
,3478,2,1,0.61070377
,3478,3,1,0.52643275
,3479,0,1,0.8842584
,3479,1,1,0.5199764
,3479,2,2,1.0
,3479,3,1,0.509149
,3480,0,2,1.0
,3480,1,0,0.75338113
,3480,2,0,0.72505313
,3480,3,0,0.7535048
,3481,0,1,0.88984644
,3481,1,0,0.5004778
,3481,2,2,1.0
,3481,3,0,0.50048095
,3482,0,2,1.0
,3482,1,1,0.5263468
,3482,2,1,0.9585004
,3482,3,1,0.52634674
,3483,0,1,0.95562685
,3483,1,1,0.52568644
,3483,2,2,1.0
,3483,3,1,0.52568644
,3484,0,2,1.0
,3484,1,0,0.754177
,3484,2,0,0.7379869
,3484,3,0,0.7541771
,3485,0,0,0.7250569
,3485,1,0,0.7571659
,3485,2,2,1.0
,3485,3,0,0.757166
,3486,0,2,1.0
,3486,1,1,0.51664287
,3486,2,1,0.9551695
,3486,3,1,0.5166427
,3487,0,0,0.7584319
,3487,1,0,0.7534246
,3487,2,2,1.0
,3487,3,0,0.7534391
,3488,0,3,1.0
,3488,1,1,0.5117376
,3488,2,1,0.88773906
,3488,3,1,0.51099306
,3489,0,0,0.8535341
,3489,1,0,0.70465237
,3489,2,2,1.0
,3489,3,0,0.75291497
,3490,0,0,0.71182364
,3490,1,2,1.0
,3490,2,0,0.78254974
,3490,3,0,0.7581705
,3491,0,2,1.0
,3491,1,0,0.7810113
,3491,2,0,0.69708
,3491,3,0,0.7573174
,3492,0,1,0.8565938
,3492,1,1,0.5758943
,3492,2,2,1.0
,3492,3,1,0.5004962
,3493,0,1,0.55165064
,3493,1,2,1.0
,3493,2,1,0.8573609
,3493,3,1,0.50973314
,3494,0,3,1.0
,3494,1,1,0.9114192
,3494,2,1,0.52772486
,3494,3,1,0.51785576
,3495,0,0,0.85344815
,3495,1,3,1.0
,3495,2,0,0.7013971
,3495,3,0,0.7501912
,3496,0,0,0.6957356
,3496,1,0,0.853223
,3496,2,2,1.0
,3496,3,0,0.7557913
,3497,0,2,1.0
,3497,1,1,0.5148509
,3497,2,1,0.95517725
,3497,3,1,0.5166853
,3498,0,0,0.78244483
,3498,1,0,0.70617235
,3498,2,2,1.0
,3498,3,0,0.75424075
,3499,0,0,0.75855243
,3499,1,2,1.0
,3499,2,0,0.73883617
,3499,3,0,0.7582326
,3500,0,0,0.75740886
,3500,1,0,0.7259073
,3500,2,2,1.0
,3500,3,0,0.7573748
,3501,0,0,0.5005948
,3501,1,2,1.0
,3501,2,1,0.8898579
,3501,3,1,0.50100845
,3502,0,1,0.5251953
,3502,1,1,0.9444209
,3502,2,2,1.0
,3502,3,1,0.5856297
,3503,0,0,0.7533021
,3503,1,0,0.6419187
,3503,2,0,0.78220856
,3503,3,2,1.0
,3504,0,0,0.705865
,3504,1,3,1.0
,3504,2,0,0.75438243
,3504,3,0,0.77962846
,3505,0,2,1.0
,3505,1,0,0.8206484
,3505,2,0,0.75656474
,3505,3,0,0.75754154
,3506,0,0,0.7801829
,3506,1,2,1.0
,3506,2,0,0.6967164
,3506,3,0,0.7573508
,3507,0,1,0.62493587
,3507,1,1,0.8565756
,3507,2,2,1.0
,3507,3,1,0.5006427
,3508,0,3,1.0
,3508,1,0,0.69830686
,3508,2,0,0.7794039
,3508,3,0,0.75143975
,3509,0,0,0.8538949
,3509,1,2,1.0
,3509,2,0,0.7095095
,3509,3,0,0.75694674
,3510,0,0,0.759059
,3510,1,0,0.6842324
,3510,2,2,1.0
,3510,3,0,0.75796664
,3511,0,0,0.7532772
,3511,1,3,1.0
,3511,2,0,0.73451674
,3511,3,0,0.75396395
,3512,0,0,0.6953282
,3512,1,0,0.8525931
,3512,2,2,1.0
,3512,3,0,0.7560723
,3513,0,2,1.0
,3513,1,1,0.557025
,3513,2,1,0.8552368
,3513,3,0,0.50143737
,3514,0,0,0.738205
,3514,1,2,1.0
,3514,2,0,0.75011
,3514,3,0,0.75471735
,3515,0,2,1.0
,3515,1,0,0.78321844
,3515,2,0,0.7105567
,3515,3,0,0.7582281
,3516,0,0,0.7388483
,3516,1,0,0.75857335
,3516,2,2,1.0
,3516,3,0,0.7582902
,3517,0,2,1.0
,3517,1,0,0.7583031
,3517,2,0,0.7388568
,3517,3,0,0.7583
,3518,0,0,0.72593254
,3518,1,0,0.75742143
,3518,2,2,1.0
,3518,3,0,0.75743914
,3519,0,2,1.0
,3519,1,0,0.5015178
,3519,2,1,0.8826267
,3519,3,0,0.5024566
,3520,0,0,0.78164977
,3520,1,0,0.6925333
,3520,2,2,1.0
,3520,3,0,0.7535863
,3521,0,0,0.5018084
,3521,1,2,1.0
,3521,2,1,0.87131244
,3521,3,0,0.5010855
,3522,0,1,0.5150009
,3522,1,1,0.8867685
,3522,2,3,1.0
,3522,3,1,0.5150198
,3523,0,0,0.75324875
,3523,1,2,1.0
,3523,2,0,0.7784182
,3523,3,0,0.7532486
,3524,0,0,0.75359523
,3524,1,0,0.7342319
,3524,2,3,1.0
,3524,3,0,0.7535952
,3525,0,0,0.75727344
,3525,1,2,1.0
,3525,2,0,0.82065237
,3525,3,0,0.75727344
,3526,0,0,0.75799966
,3526,1,0,0.7283957
,3526,2,2,1.0
,3526,3,0,0.75799966
,3527,0,0,0.5550451
,3527,1,2,1.0
,3527,2,1,0.79287326
,3527,3,0,0.5550451
,3528,0,0,0.7528062
,3528,1,0,0.7357015
,3528,2,3,1.0
,3528,3,0,0.7528062
,3529,0,0,0.75726396
,3529,1,2,1.0
,3529,2,0,0.8206512
,3529,3,0,0.75726414
,3530,0,0,0.75743484
,3530,1,0,0.7259572
,3530,2,2,1.0
,3530,3,0,0.757452
,3531,0,0,0.50156045
,3531,1,2,1.0
,3531,2,1,0.88262486
,3531,3,0,0.5024674
,3532,0,0,0.6951898
,3532,1,0,0.7821755
,3532,2,2,1.0
,3532,3,0,0.75417733
,3533,0,2,1.0
,3533,1,0,0.55522656
,3533,2,1,0.74559736
,3533,3,0,0.5554931
,3534,0,0,0.7818198
,3534,1,0,0.69343877
,3534,2,2,1.0
,3534,3,0,0.7543899
,3535,0,0,0.5030255
,3535,1,2,1.0
,3535,2,1,0.88264716
,3535,3,0,0.5023189
,3536,0,0,0.7536561
,3536,1,0,0.7250583
,3536,2,2,1.0
,3536,3,0,0.7536481
,3537,0,0,0.50072616
,3537,1,2,1.0
,3537,2,1,0.88950175
,3537,3,0,0.5007259
,3538,0,1,0.5093277
,3538,1,1,0.88997
,3538,2,2,1.0
,3538,3,1,0.5093277
,3539,0,0,0.53793454
,3539,1,2,1.0
,3539,2,1,0.746875
,3539,3,0,0.53793454
,3540,0,0,0.75423235
,3540,1,0,0.72523296
,3540,2,2,1.0
,3540,3,0,0.75423235
,3541,0,0,0.50239265
,3541,1,2,1.0
,3541,2,1,0.88261914
,3541,3,0,0.5023931
,3542,0,0,0.7542153
,3542,1,0,0.7275673
,3542,2,2,1.0
,3542,3,0,0.7542438
,3543,0,0,0.5540278
,3543,1,2,1.0
,3543,2,1,0.7456002
,3543,3,0,0.5556389
,3544,0,0,0.6490107
,3544,1,0,0.7822833
,3544,2,2,1.0
,3544,3,0,0.7548758
,3545,0,3,1.0
,3545,1,0,0.7541377
,3545,2,0,0.73471326
,3545,3,0,0.754108
,3546,0,0,0.853271
,3546,1,0,0.7310795
,3546,2,2,1.0
,3546,3,0,0.7561972
,3547,0,1,0.5088585
,3547,1,3,1.0
,3547,2,1,0.88764125
,3547,3,1,0.5106579
,3548,0,0,0.7046688
,3548,1,0,0.85389924
,3548,2,2,1.0
,3548,3,0,0.75292116
,3549,0,2,1.0
,3549,1,0,0.75850743
,3549,2,0,0.6842472
,3549,3,0,0.7579138
,3550,0,0,0.77945477
,3550,1,0,0.70570654
,3550,2,3,1.0
,3550,3,0,0.75390714
,3551,0,0,0.7575789
,3551,1,2,1.0
,3551,2,0,0.77840596
,3551,3,0,0.7572878
,3552,0,0,0.7536496
,3552,1,0,0.7342357
,3552,2,3,1.0
,3552,3,0,0.75364625
,3553,0,0,0.75727606
,3553,1,2,1.0
,3553,2,0,0.8206571
,3553,3,0,0.75727606
,3554,0,0,0.7583203
,3554,1,0,0.7388883
,3554,2,2,1.0
,3554,3,0,0.7583203
,3555,0,0,0.75830835
,3555,1,2,1.0
,3555,2,0,0.7388651
,3555,3,0,0.7583084
,3556,0,0,0.75830036
,3556,1,0,0.7388647
,3556,2,2,1.0
,3556,3,0,0.7583082
,3557,0,0,0.7576115
,3557,1,2,1.0
,3557,2,0,0.7388505
,3557,3,0,0.7582973
,3558,0,0,0.6968732
,3558,1,0,0.7824036
,3558,2,2,1.0
,3558,3,0,0.7573873
,3559,0,2,1.0
,3559,1,0,0.5026642
,3559,2,1,0.88263494
,3559,3,0,0.5024082
,3560,0,0,0.78174734
,3560,1,0,0.7284311
,3560,2,2,1.0
,3560,3,0,0.7537115
,3561,0,1,0.5099926
,3561,1,3,1.0
,3561,2,1,0.8876292
,3561,3,1,0.51072735
,3562,0,0,0.7524369
,3562,1,0,0.8108227
,3562,2,2,1.0
,3562,3,0,0.7524285
,3563,0,0,0.5017098
,3563,1,2,1.0
,3563,2,1,0.9077991
,3563,3,0,0.5017097
,3564,0,0,0.752434
,3564,1,0,0.7359351
,3564,2,3,1.0
,3564,3,0,0.7524342
,3565,0,0,0.75728625
,3565,1,2,1.0
,3565,2,0,0.77860194
,3565,3,0,0.75730073
,3566,0,0,0.75179327
,3566,1,0,0.67998576
,3566,2,3,1.0
,3566,3,0,0.7530401
,3567,0,0,0.6448633
,3567,1,3,1.0
,3567,2,0,0.85359925
,3567,3,0,0.7507981
,3568,0,3,1.0
,3568,1,0,0.85357326
,3568,2,0,0.70471185
,3568,3,0,0.75183624
,3569,0,0,0.85389274
,3569,1,0,0.71046937
,3569,2,2,1.0
,3569,3,0,0.7569394
,3570,0,0,0.7593687
,3570,1,2,1.0
,3570,2,0,0.7388196
,3570,3,0,0.75827044
,3571,0,0,0.758014
,3571,1,0,0.6842602
,3571,2,2,1.0
,3571,3,0,0.7580079
,3572,0,0,0.75342494
,3572,1,3,1.0
,3572,2,0,0.7345297
,3572,3,0,0.7539746
,3573,0,0,0.70922285
,3573,1,0,0.85352534
,3573,2,2,1.0
,3573,3,0,0.7569959
,3574,0,2,1.0
,3574,1,0,0.71183926
,3574,2,0,0.78269774
,3574,3,0,0.7582302
,3575,0,0,0.7820988
,3575,1,2,1.0
,3575,2,0,0.710918
,3575,3,0,0.75825065
,3576,0,0,0.653107
,3576,1,0,0.7823795
,3576,2,2,1.0
,3576,3,0,0.7578886
,3577,0,3,1.0
,3577,1,0,0.70620215
,3577,2,0,0.77959126
,3577,3,0,0.7540714
,3578,0,0,0.8206552
,3578,1,2,1.0
,3578,2,0,0.7570097
,3578,3,0,0.7572461
,3579,0,2,1.0
,3579,1,0,0.7832376
,3579,2,0,0.7106355
,3579,3,0,0.7570892
,3580,0,0,0.7817673
,3580,1,0,0.7581734
,3580,2,2,1.0
,3580,3,0,0.65303224
,3581,0,0,0.6482028
,3581,1,0,0.7533961
,3581,2,0,0.77901304
,3581,3,3,1.0
,3582,0,3,1.0
,3582,1,0,0.7523789
,3582,2,0,0.7526854
,3582,3,0,0.8206612
,3583,0,0,0.8538567
,3583,1,0,0.75673467
,3583,2,0,0.7572666
,3583,3,2,1.0
,3584,0,0,0.7621738
,3584,1,0,0.7151285
,3584,2,0,0.76227534
,3584,3,2,1.0
,3585,0,0,0.6528485
,3585,1,2,1.0
,3585,2,0,0.75739425
,3585,3,0,0.78290486
,3586,0,3,1.0
,3586,1,0,0.7789371
,3586,2,0,0.7058398
,3586,3,0,0.7543499
,3587,0,0,0.851745
,3587,1,0,0.6955304
,3587,2,2,1.0
,3587,3,0,0.75602627
,3588,0,1,0.62319607
,3588,1,2,1.0
,3588,2,1,0.856569
,3588,3,1,0.50066245
,3589,0,3,1.0
,3589,1,0,0.77924275
,3589,2,0,0.69828796
,3589,3,0,0.75142205
,3590,0,0,0.8524262
,3590,1,0,0.6947477
,3590,2,2,1.0
,3590,3,0,0.7558053
,3591,0,1,0.5751549
,3591,1,2,1.0
,3591,2,1,0.9437786
,3591,3,1,0.51708686
,3592,0,2,1.0
,3592,1,0,0.78154373
,3592,2,0,0.68585944
,3592,3,0,0.7520636
,3593,0,1,0.94392616
,3593,1,1,0.5163892
,3593,2,2,1.0
,3593,3,1,0.57777935
,3594,0,0,0.6419138
,3594,1,0,0.75396365
,3594,2,0,0.7822164
,3594,3,2,1.0
,3595,0,3,1.0
,3595,1,0,0.75341874
,3595,2,0,0.7544459
,3595,3,0,0.7347131
,3596,0,0,0.85259336
,3596,1,0,0.69533104
,3596,2,0,0.7560786
,3596,3,2,1.0
,3597,0,1,0.5570038
,3597,1,2,1.0
,3597,2,0,0.5014377
,3597,3,1,0.8552328
,3598,0,2,1.0
,3598,1,0,0.78284293
,3598,2,0,0.7549192
,3598,3,0,0.75086814
,3599,0,2,1.0
,3599,1,0,0.7629891
,3599,2,0,0.76269823
,3599,3,0,0.7626536
,3600,0,2,1.0
,3600,1,0,0.6774116
,3600,2,0,0.6786589
,3600,3,0,0.67865807
,3601,0,2,1.0
,3601,1,0,0.58316725
,3601,2,0,0.65520024
,3601,3,0,0.65520024
,3602,0,1,0.8831653
,3602,1,2,1.0
,3602,2,1,0.5015857
,3602,3,1,0.50158566
,3603,0,2,1.0
,3603,1,0,0.7380602
,3603,2,0,0.75453013
,3603,3,0,0.75453
,3604,0,0,0.73886293
,3604,1,2,1.0
,3604,2,0,0.7582633
,3604,3,0,0.75826347
,3605,0,2,1.0
,3605,1,0,0.7388437
,3605,2,0,0.75830996
,3605,3,0,0.75830996
,3606,0,0,0.6842583
,3606,1,2,1.0
,3606,2,0,0.75800806
,3606,3,0,0.75800836
,3607,0,3,1.0
,3607,1,0,0.73454773
,3607,2,0,0.75395304
,3607,3,0,0.75396925
,3608,0,0,0.81077915
,3608,1,2,1.0
,3608,2,0,0.7550237
,3608,3,0,0.75643545
,3609,0,2,1.0
,3609,1,1,0.8564702
,3609,2,1,0.5738226
,3609,3,0,0.5003836
,3610,0,1,0.6981569
,3610,1,1,0.5337803
,3610,2,2,1.0
,3610,3,0,0.53594303
,3611,0,0,0.7504698
,3611,1,2,1.0
,3611,2,0,0.7588241
,3611,3,0,0.7543285
,3612,0,1,0.57238424
,3612,1,1,0.8610922
,3612,2,3,1.0
,3612,3,1,0.51150674
,3613,0,2,1.0
,3613,1,0,0.74838537
,3613,2,0,0.8361158
,3613,3,0,0.75240076
,3614,0,1,0.88787746
,3614,1,1,0.5115396
,3614,2,3,1.0
,3614,3,1,0.51143426
,3615,0,2,1.0
,3615,1,0,0.7521823
,3615,2,0,0.8101692
,3615,3,0,0.75218356
,3616,0,1,0.9504664
,3616,1,1,0.51794565
,3616,2,2,1.0
,3616,3,1,0.51794565
,3617,0,3,1.0
,3617,1,1,0.5151252
,3617,2,1,0.88662225
,3617,3,1,0.5151253
,3618,0,0,0.8206609
,3618,1,0,0.75321335
,3618,2,2,1.0
,3618,3,0,0.75321335
,3619,0,2,1.0
,3619,1,0,0.7573809
,3619,2,0,0.7259547
,3619,3,0,0.7573809
,3620,0,1,0.87127525
,3620,1,0,0.5012711
,3620,2,2,1.0
,3620,3,0,0.5012711
,3621,0,3,1.0
,3621,1,1,0.51503015
,3621,2,1,0.8867721
,3621,3,1,0.5150302
,3622,0,0,0.83611715
,3622,1,0,0.7521896
,3622,2,2,1.0
,3622,3,0,0.7521896
,3623,0,3,1.0
,3623,1,1,0.5114242
,3623,2,1,0.8878754
,3623,3,1,0.5114242
,3624,0,0,0.820661
,3624,1,0,0.7532459
,3624,2,2,1.0
,3624,3,0,0.7532459
,3625,0,2,1.0
,3625,1,0,0.75738126
,3625,2,0,0.7259547
,3625,3,0,0.75738126
,3626,0,1,0.87127525
,3626,1,0,0.5012712
,3626,2,2,1.0
,3626,3,0,0.50127125
,3627,0,3,1.0
,3627,1,1,0.5150277
,3627,2,1,0.88677084
,3627,3,1,0.51502764
,3628,0,0,0.8108507
,3628,1,0,0.75239724
,3628,2,2,1.0
,3628,3,0,0.75239724
,3629,0,2,1.0
,3629,1,0,0.50246733
,3629,2,1,0.8825699
,3629,3,0,0.5024675
,3630,0,0,0.72508496
,3630,1,0,0.7536653
,3630,2,2,1.0
,3630,3,0,0.75367945
,3631,0,2,1.0
,3631,1,0,0.5016232
,3631,2,1,0.8826244
,3631,3,0,0.502362
,3632,0,0,0.7825022
,3632,1,0,0.70645344
,3632,2,2,1.0
,3632,3,0,0.7545254
,3633,0,0,0.7582498
,3633,1,2,1.0
,3633,2,0,0.7283935
,3633,3,0,0.75793254
,3634,0,0,0.55591106
,3634,1,1,0.7455491
,3634,2,2,1.0
,3634,3,0,0.5559036
,3635,0,0,0.75535446
,3635,1,2,1.0
,3635,2,0,0.7382248
,3635,3,0,0.75535446
,3636,0,0,0.75826705
,3636,1,0,0.7388632
,3636,2,2,1.0
,3636,3,0,0.75827307
,3637,0,0,0.7577661
,3637,1,2,1.0
,3637,2,0,0.73886013
,3637,3,0,0.75830555
,3638,0,0,0.71065533
,3638,1,0,0.78321403
,3638,2,2,1.0
,3638,3,0,0.75827026
,3639,0,2,1.0
,3639,1,0,0.758032
,3639,2,0,0.7388434
,3639,3,0,0.75828844
,3640,0,0,0.7825743
,3640,1,0,0.7106431
,3640,2,2,1.0
,3640,3,0,0.7582596
,3641,0,0,0.6971248
,3641,1,2,1.0
,3641,2,0,0.7813095
,3641,3,0,0.7573526
,3642,0,2,1.0
,3642,1,1,0.85523885
,3642,2,1,0.55884457
,3642,3,0,0.50145715
,3643,0,0,0.7382097
,3643,1,0,0.7506629
,3643,2,2,1.0
,3643,3,0,0.7547195
,3644,0,2,1.0
,3644,1,0,0.7582139
,3644,2,0,0.7388621
,3644,3,0,0.7582599
,3645,0,0,0.7520372
,3645,1,0,0.757726
,3645,2,2,1.0
,3645,3,0,0.75772655
,3646,0,3,1.0
,3646,1,0,0.51924
,3646,2,1,0.7497744
,3646,3,0,0.51923996
,3647,0,0,0.810169
,3647,1,0,0.7527041
,3647,2,2,1.0
,3647,3,0,0.7527045
,3648,0,2,1.0
,3648,1,1,0.5167395
,3648,2,1,0.9551608
,3648,3,1,0.5167171
,3649,0,0,0.724919
,3649,1,0,0.75187415
,3649,2,2,1.0
,3649,3,0,0.75333416
,3650,0,2,1.0
,3650,1,1,0.57660633
,3650,2,1,0.8561531
,3650,3,1,0.5005307
,3651,0,1,0.9090316
,3651,1,2,1.0
,3651,2,1,0.5188174
,3651,3,1,0.50885123
,3652,0,3,1.0
,3652,1,0,0.78066504
,3652,2,0,0.7036964
,3652,3,0,0.7522316
,3653,0,0,0.8308766
,3653,1,0,0.7568567
,3653,2,2,1.0
,3653,3,0,0.75653183
,3654,0,3,1.0
,3654,1,0,0.51805073
,3654,2,1,0.74990845
,3654,3,0,0.5180426
,3655,0,0,0.8361161
,3655,1,0,0.7527023
,3655,2,2,1.0
,3655,3,0,0.75270253
,3656,0,3,1.0
,3656,1,1,0.5114424
,3656,2,1,0.8878792
,3656,3,1,0.51142406
,3657,0,0,0.83620816
,3657,1,0,0.75101584
,3657,2,2,1.0
,3657,3,0,0.7522065
,3658,0,3,1.0
,3658,1,1,0.572746
,3658,2,1,0.8612611
,3658,3,1,0.51194173
,3659,0,0,0.82066727
,3659,1,2,1.0
,3659,2,0,0.7494134
,3659,3,0,0.75341356
,3660,0,2,1.0
,3660,1,0,0.7592676
,3660,2,0,0.75735813
,3660,3,0,0.7574218
,3661,0,1,0.8877456
,3661,1,3,1.0
,3661,2,1,0.51184803
,3661,3,1,0.51089954
,3662,0,2,1.0
,3662,1,0,0.8523842
,3662,2,0,0.69055295
,3662,3,0,0.75191593
,3663,0,1,0.8569515
,3663,1,1,0.57415867
,3663,2,2,1.0
,3663,3,1,0.50063974
,3664,0,1,0.578848
,3664,1,2,1.0
,3664,2,1,0.8570102
,3664,3,1,0.5090606
,3665,0,2,1.0
,3665,1,0,0.7251284
,3665,2,0,0.74818903
,3665,3,0,0.7536324
,3666,0,1,0.8561342
,3666,1,2,1.0
,3666,2,1,0.5766516
,3666,3,1,0.50052255
,3667,0,1,0.51740354
,3667,1,1,0.8841517
,3667,2,2,1.0
,3667,3,1,0.5089319
,3668,0,0,0.75428414
,3668,1,2,1.0
,3668,2,0,0.78247553
,3668,3,0,0.70630854
,3669,0,0,0.7571232
,3669,1,0,0.7250139
,3669,2,0,0.75628036
,3669,3,2,1.0
,3670,0,1,0.5177454
,3670,1,2,1.0
,3670,2,1,0.57760316
,3670,3,1,0.9435693
,3671,0,0,0.70633465
,3671,1,0,0.782097
,3671,2,2,1.0
,3671,3,0,0.7495636
,3672,0,2,1.0
,3672,1,0,0.710942
,3672,2,0,0.78319705
,3672,3,0,0.75815153
,3673,0,0,0.7388434
,3673,1,2,1.0
,3673,2,0,0.75803214
,3673,3,0,0.7582874
,3674,0,2,1.0
,3674,1,0,0.7827182
,3674,2,0,0.7106536
,3674,3,0,0.7582681
,3675,0,0,0.7825504
,3675,1,0,0.710938
,3675,2,2,1.0
,3675,3,0,0.75824
,3676,0,0,0.6962139
,3676,1,2,1.0
,3676,2,0,0.78077036
,3676,3,0,0.7571014
,3677,0,2,1.0
,3677,1,1,0.94441
,3677,2,1,0.5944796
,3677,3,1,0.51876366
,3678,0,1,0.979519
,3678,1,1,0.6189848
,3678,2,2,1.0
,3678,3,1,0.5324032
,3679,0,1,0.61961716
,3679,1,2,1.0
,3679,2,1,0.9793512
,3679,3,1,0.53421193
,3680,0,2,1.0
,3680,1,1,0.9440843
,3680,2,1,0.5386373
,3680,3,1,0.5864587
,3681,0,0,0.7825921
,3681,1,0,0.74899834
,3681,2,0,0.70606095
,3681,3,2,1.0
,3682,0,0,0.7585189
,3682,1,0,0.71052104
,3682,2,2,1.0
,3682,3,0,0.783202
,3683,0,0,0.7577519
,3683,1,2,1.0
,3683,2,0,0.7388432
,3683,3,0,0.7585709
,3684,0,0,0.7106503
,3684,1,0,0.78271836
,3684,2,2,1.0
,3684,3,0,0.75827146
,3685,0,2,1.0
,3685,1,0,0.71094847
,3685,2,0,0.7827039
,3685,3,0,0.7582515
,3686,0,0,0.7825601
,3686,1,2,1.0
,3686,2,0,0.7109378
,3686,3,0,0.7582428
,3687,0,0,0.6971247
,3687,1,0,0.78130955
,3687,2,2,1.0
,3687,3,0,0.7573524
,3688,0,2,1.0
,3688,1,1,0.5588448
,3688,2,1,0.8552405
,3688,3,0,0.5014538
,3689,0,0,0.73820186
,3689,1,2,1.0
,3689,2,0,0.75044876
,3689,3,0,0.75450784
,3690,0,2,1.0
,3690,1,0,0.7661471
,3690,2,0,0.73979086
,3690,3,0,0.7398391
