iter,t,j,argmax_state,max_prob
,0,0,2,0.6268224
,0,1,0,1.0
,0,2,0,1.0
,0,3,0,1.0
,1,0,0,0.6522282
,1,1,2,1.0
,1,2,0,0.77687746
,1,3,0,0.7753988
,2,0,0,0.76483536
,2,1,0,0.81964135
,2,2,0,0.7677376
,2,3,2,1.0
,3,0,0,0.767285
,3,1,0,0.7705443
,3,2,2,1.0
,3,3,0,0.8197089
,4,0,2,1.0
,4,1,0,0.76162934
,4,2,0,0.8129876
,4,3,0,0.77293414
,5,0,1,0.74955183
,5,1,2,1.0
,5,2,1,0.83642477
,5,3,1,0.5101919
,6,0,0,0.73908406
,6,1,0,0.81986123
,6,2,3,1.0
,6,3,0,0.757482
,7,0,2,1.0
,7,1,0,0.5000656
,7,2,1,0.9732292
,7,3,1,0.5002984
,8,0,0,0.607636
,8,1,2,1.0
,8,2,0,0.74355584
,8,3,0,0.75983584
,9,0,3,1.0
,9,1,1,0.7488839
,9,2,1,0.5137304
,9,3,1,0.52613485
,10,0,1,0.99457586
,10,1,1,0.5274244
,10,2,1,0.51743585
,10,3,2,1.0
,11,0,3,1.0
,11,1,0,0.7572315
,11,2,0,0.7492626
,11,3,0,0.81993264
,12,0,1,0.98601747
,12,1,0,0.54956245
,12,2,2,1.0
,12,3,0,0.552872
,13,0,3,1.0
,13,1,0,0.7499383
,13,2,0,0.81225085
,13,3,0,0.76052564
,14,0,1,0.97528297
,14,1,1,0.8367476
,14,2,2,1.0
,14,3,1,0.5103133
,15,0,1,0.5043408
,15,1,3,1.0
,15,2,0,0.8188884
,15,3,0,0.7546497
,16,0,3,0.96288204
,16,1,1,0.97546333
,16,2,1,0.5084114
,16,3,1,0.5111442
,17,0,1,0.9652228
,17,1,2,1.0
,17,2,1,0.518678
,17,3,1,0.51665336
,18,0,0,0.7422911
,18,1,0,0.8191344
,18,2,2,1.0
,18,3,0,0.7561556
,19,0,0,0.76961684
,19,1,0,0.7635994
,19,2,0,0.8214356
,19,3,2,0.9990133
,20,0,1,0.519022
,20,1,2,1.0
,20,2,0,0.5012045
,20,3,1,0.74791527
,21,0,1,0.6164606
,21,1,0,0.8176034
,21,2,0,0.7548551
,21,3,2,1.0
,22,0,3,1.0
,22,1,0,0.76037806
,22,2,0,0.76621056
,22,3,0,0.819502
,23,0,1,0.9860346
,23,1,2,1.0
,23,2,0,0.5514312
,23,3,0,0.5538153
,24,0,3,0.9999999
,24,1,0,0.6071689
,24,2,0,0.7613977
,24,3,0,0.761482
,25,0,1,0.97563636
,25,1,3,1.0
,25,2,1,0.5128762
,25,3,1,0.51287234
,26,0,2,1.0
,26,1,1,0.97388333
,26,2,1,0.5168175
,26,3,1,0.5168146
,27,0,0,0.8179612
,27,1,2,1.0
,27,2,0,0.75789696
,27,3,0,0.7579545
,28,0,2,1.0
,28,1,0,0.81964594
,28,2,0,0.76705754
,28,3,0,0.7686323
,29,0,0,0.818321
,29,1,0,0.7707178
,29,2,2,1.0
,29,3,0,0.76896626
,30,0,2,1.0
,30,1,0,0.7675149
,30,2,0,0.8196012
,30,3,0,0.7690225
,31,0,0,0.81959414
,31,1,2,1.0
,31,2,0,0.76923674
,31,3,0,0.7690072
,32,0,0,0.76923656
,32,1,0,0.81959325
,32,2,2,1.0
,32,3,0,0.76900786
,33,0,2,1.0
,33,1,0,0.7691969
,33,2,0,0.8196493
,33,3,0,0.7690264
,34,0,1,0.5215901
,34,1,2,1.0
,34,2,0,0.7692884
,34,3,0,0.7678231
,35,0,3,1.0
,35,1,0,0.81954294
,35,2,0,0.7570355
,35,3,0,0.76641756
,36,0,1,0.97351015
,36,1,0,0.5019801
,36,2,2,1.0
,36,3,1,0.50037175
,37,0,2,1.0
,37,1,0,0.75862616
,37,2,0,0.81796235
,37,3,0,0.7585407
,38,0,0,0.818328
,38,1,0,0.768629
,38,2,2,1.0
,38,3,0,0.76857036
,39,0,2,1.0
,39,1,0,0.7690087
,39,2,0,0.81964767
,39,3,0,0.76743746
,40,0,0,0.818321
,40,1,0,0.768924
,40,2,0,0.7707733
,40,3,2,1.0
,41,0,2,1.0
,41,1,0,0.7674496
,41,2,0,0.7690858
,41,3,0,0.8196476
,42,0,0,0.81831956
,42,1,2,1.0
,42,2,0,0.76897085
,42,3,0,0.77077305
,43,0,2,1.0
,43,1,0,0.8182946
,43,2,0,0.7686966
,43,3,0,0.769079
,44,0,1,0.5193538
,44,1,2,1.0
,44,2,0,0.7588082
,44,3,0,0.7678221
,45,0,3,1.0
,45,1,0,0.81789273
,45,2,0,0.507788
,45,3,0,0.7624388
,46,0,1,0.9362074
,46,1,0,0.516561
,46,2,3,1.0
,46,3,0,0.51417434
,47,0,2,1.0
,47,1,0,0.7581073
,47,2,1,0.62880856
,47,3,0,0.7596934
,48,0,1,0.52155113
,48,1,2,1.0
,48,2,0,0.7537581
,48,3,0,0.76755494
,49,0,3,1.0
,49,1,0,0.8117211
,49,2,0,0.7659238
,49,3,0,0.7664126
,50,0,1,0.9734996
,50,1,2,1.0
,50,2,1,0.50028056
,50,3,1,0.5003373
,51,0,2,1.0
,51,1,0,0.8192414
,51,2,0,0.7585801
,51,3,0,0.75696224
,52,0,0,0.81963927
,52,1,0,0.76922077
,52,2,0,0.7685786
,52,3,2,1.0
,53,0,0,0.77080196
,53,1,2,1.0
,53,2,0,0.7674164
,53,3,0,0.81926036
,54,0,0,0.76899934
,54,1,0,0.8182095
,54,2,2,1.0
,54,3,0,0.75781757
,55,0,0,0.7658467
,55,1,2,1.0
,55,2,0,0.81843466
,55,3,1,0.6011385
,56,0,0,0.76530975
,56,1,0,0.60497785
,56,2,0,0.76760036
,56,3,3,1.0
,57,0,1,0.52569115
,57,1,3,1.0
,57,2,1,0.5124379
,57,3,1,0.9743907
,58,0,2,1.0
,58,1,1,0.994543
,58,2,1,0.5171469
,58,3,1,0.54932433
,59,0,0,0.81883615
,59,1,3,1.0
,59,2,0,0.7551334
,59,3,0,0.508686
,60,0,1,0.522372
,60,1,1,0.9743003
,60,2,1,0.51191974
,60,3,3,1.0
,61,0,2,1.0
,61,1,1,0.54680705
,61,2,1,0.5133074
,61,3,1,0.9732975
,62,0,1,0.7486333
,62,1,2,1.0
,62,2,1,0.5165923
,62,3,1,0.5368441
,63,0,2,1.0
,63,1,0,0.819303
,63,2,0,0.75642353
,63,3,0,0.75732625
,64,0,0,0.81831944
,64,1,0,0.77070194
,64,2,2,1.0
,64,3,0,0.76856214
,65,0,2,1.0
,65,1,0,0.767513
,65,2,0,0.81964594
,65,3,0,0.769008
,66,0,0,0.818321
,66,1,2,1.0
,66,2,0,0.7707178
,66,3,0,0.7689797
,67,0,2,1.0
,67,1,0,0.8196498
,67,2,0,0.7675134
,67,3,0,0.7690254
,68,0,0,0.818319
,68,1,0,0.7708503
,68,2,2,1.0
,68,3,0,0.76905525
,69,0,2,1.0
,69,1,0,0.77120316
,69,2,0,0.81367916
,69,3,0,0.77107227
,70,0,1,0.7454964
,70,1,1,0.5001341
,70,2,2,1.0
,70,3,1,0.5023077
,71,0,0,0.7499501
,71,1,0,0.7570967
,71,2,0,0.81895816
,71,3,2,1.0
,72,0,0,0.76657236
,72,1,2,1.0
,72,2,0,0.7578066
,72,3,0,0.81964517
,73,0,2,1.0
,73,1,0,0.8183999
,73,2,1,0.6019326
,73,3,0,0.76761234
,74,0,0,0.81192654
,74,1,0,0.7687157
,74,2,3,1.0
,74,3,0,0.7669094
,75,0,2,1.0
,75,1,1,0.50016254
,75,2,1,0.9735003
,75,3,1,0.5002426
,76,0,0,0.81796235
,76,1,0,0.7585514
,76,2,2,1.0
,76,3,0,0.7585481
,77,0,2,1.0
,77,1,0,0.7686417
,77,2,0,0.8182969
,77,3,0,0.76862514
,78,0,1,0.5221301
,78,1,0,0.7677353
,78,2,2,1.0
,78,3,0,0.7672699
,79,0,3,1.0
,79,1,0,0.7650983
,79,2,0,0.81805503
,79,3,0,0.75198114
,80,0,2,1.0
,80,1,0,0.77189726
,80,2,0,0.7737587
,80,3,1,0.59376866
,81,0,0,0.81191
,81,1,0,0.76705307
,81,2,0,0.76713127
,81,3,3,1.0
,82,0,2,1.0
,82,1,1,0.5012538
,82,2,1,0.5008698
,82,3,1,0.9944885
,83,0,0,0.607361
,83,1,0,0.74964434
,83,2,0,0.75752157
,83,3,3,1.0
,84,0,3,1.0
,84,1,1,0.7605633
,84,2,1,0.516557
,84,3,1,0.9746613
,85,0,1,0.97543746
,85,1,3,1.0
,85,2,1,0.52280504
,85,3,1,0.54304415
,86,0,2,1.0
,86,1,1,0.9736333
,86,2,1,0.5176909
,86,3,1,0.52019024
,87,0,0,0.8179048
,87,1,0,0.7418358
,87,2,0,0.7446224
,87,3,2,1.0
,88,0,2,1.0
,88,1,0,0.76486284
,88,2,1,0.602502
,88,3,0,0.8184122
,89,0,0,0.81193554
,89,1,0,0.76674503
,89,2,3,1.0
,89,3,0,0.768723
,90,0,2,1.0
,90,1,1,0.50221777
,90,2,1,0.97323155
,90,3,0,0.50019073
,91,0,1,0.5221998
,91,1,2,1.0
,91,2,0,0.7405126
,91,3,0,0.7570195
,92,0,3,1.0
,92,1,0,0.8195411
,92,2,0,0.76545954
,92,3,0,0.75657594
,93,0,1,0.9945061
,93,1,0,0.5008689
,93,2,1,0.50105745
,93,3,2,1.0
,94,0,3,1.0
,94,1,0,0.7489637
,94,2,0,0.7585351
,94,3,0,0.8202119
,95,0,1,0.9735448
,95,1,2,1.0
,95,2,1,0.50076187
,95,3,0,0.50202435
,96,0,2,0.9981797
,96,1,0,0.8192884
,96,2,0,0.7569377
,96,3,0,0.7581891
,97,0,0,0.8173904
,97,1,0,0.7707035
,97,2,2,1.0
,97,3,0,0.75557667
,98,0,2,1.0
,98,1,0,0.7656379
,98,2,0,0.81843406
,98,3,1,0.60106575
,99,0,0,0.5980169
,99,1,0,0.7573589
,99,2,0,0.76717114
,99,3,3,1.0
,100,0,3,1.0
,100,1,1,0.7450257
,100,2,0,0.50439584
,100,3,1,0.93549514
,101,0,1,0.9741331
,101,1,3,0.9999988
,101,2,1,0.5217395
,101,3,1,0.55428505
,102,0,1,0.53466225
,102,1,1,0.9914344
,102,2,1,0.5146625
,102,3,2,1.0
,103,0,0,0.5139438
,103,1,3,1.0
,103,2,0,0.5149449
,103,3,1,0.55739063
,104,0,1,0.5171088
,104,1,1,0.97534084
,104,2,1,0.51459426
,104,3,2,1.0
,105,0,2,1.0
,105,1,1,0.63554925
,105,2,0,0.7544121
,105,3,0,0.810747
,106,0,0,0.81867087
,106,1,3,1.0
,106,2,0,0.7631464
,106,3,0,0.5244229
,107,0,1,0.50944376
,107,1,1,0.97428185
,107,2,1,0.52497673
,107,3,3,1.0
,108,0,1,0.51593184
,108,1,1,0.538638
,108,2,2,1.0
,108,3,1,0.973578
,109,0,0,0.7565529
,109,1,2,1.0
,109,2,0,0.8194105
,109,3,0,0.74200284
,110,0,2,1.0
,110,1,0,0.82148486
,110,2,0,0.7730034
,110,3,0,0.7698657
,111,0,3,1.0
,111,1,0,0.51640946
,111,2,0,0.514275
,111,3,0,0.50098646
,112,0,1,0.99457216
,112,1,1,0.51595485
,112,2,1,0.51558334
,112,3,2,1.0
,113,0,3,1.0
,113,1,0,0.7483543
,113,2,0,0.7580164
,113,3,0,0.82015026
,114,0,1,0.97324294
,114,1,2,1.0
,114,2,1,0.50035846
,114,3,0,0.50014514
,115,0,0,0.74142945
,115,1,0,0.81802344
,115,2,0,0.7587049
,115,3,2,1.0
,116,0,0,0.75495225
,116,1,2,1.0
,116,2,0,0.7685898
,116,3,0,0.8182174
,117,0,1,0.602026
,117,1,0,0.8184115
,117,2,0,0.7658186
,117,3,2,1.0
,118,0,3,1.0
,118,1,0,0.76871467
,118,2,0,0.7668467
,118,3,0,0.8119273
,119,0,1,0.97349894
,119,1,1,0.50022846
,119,2,1,0.5002288
,119,3,2,1.0
,120,0,2,1.0
,120,1,0,0.7569636
,120,2,0,0.75866187
,120,3,0,0.81907827
,121,0,0,0.82143086
,121,1,2,1.0
,121,2,0,0.7706831
,121,3,0,0.7636228
,122,0,0,0.5020644
,122,1,1,0.7455921
,122,2,1,0.502428
,122,3,2,1.0
,123,0,0,0.7587855
,123,1,0,0.7483495
,123,2,2,1.0
,123,3,0,0.819342
,124,0,0,0.7683462
,124,1,2,1.0
,124,2,0,0.81760246
,124,3,0,0.77083725
,125,0,0,0.76143175
,125,1,0,0.82157207
,125,2,2,0.9979089
,125,3,0,0.771299
,126,0,2,1.0
,126,1,1,0.5189991
,126,2,1,0.8898441
,126,3,1,0.52344465
,127,0,0,0.81799775
,127,1,0,0.7579135
,127,2,0,0.7444948
,127,3,2,1.0
,128,0,2,1.0
,128,1,0,0.7669509
,128,2,0,0.75971425
,128,3,0,0.8197193
,129,0,0,0.82084435
,129,1,2,1.0
,129,2,0,0.52950937
,129,3,0,0.7712474
,130,0,1,0.50935316
,130,1,1,0.75869876
,130,2,3,1.0
,130,3,1,0.5115185
,131,0,1,0.5340181
,131,1,2,1.0
,131,2,1,0.9980557
,131,3,1,0.5337389
,132,0,0,0.7486597
,132,1,0,0.61044014
,132,2,3,1.0
,132,3,0,0.7564626
,133,0,1,0.7659673
,133,1,3,1.0
,133,2,1,0.99065906
,133,3,1,0.5241272
,134,0,3,0.9999999
,134,1,1,0.99099237
,134,2,1,0.54359776
,134,3,1,0.52305996
,135,0,1,0.99097216
,135,1,3,0.9999989
,135,2,1,0.5345285
,135,3,1,0.5336295
,136,0,2,1.0
,136,1,1,0.994587
,136,2,1,0.51850986
,136,3,1,0.5184701
,137,0,0,0.8124093
,137,1,3,1.0
,137,2,0,0.75791174
,137,3,0,0.75791585
,138,0,2,1.0
,138,1,1,0.97349566
,138,2,1,0.50067186
,138,3,1,0.50059026
,139,0,0,0.8193067
,139,1,2,1.0
,139,2,0,0.7569083
,139,3,0,0.75859153
,140,0,0,0.7696181
,140,1,1,0.5207687
,140,2,2,1.0
,140,3,0,0.7674735
,141,0,0,0.7649653
,141,1,3,1.0
,141,2,0,0.6048136
,141,3,0,0.7652248
,142,0,1,0.52344435
,142,1,1,0.991186
,142,2,3,1.0
,142,3,1,0.512802
,143,0,1,0.766806
,143,1,3,1.0
,143,2,1,0.9744285
,143,3,1,0.52512825
,144,0,3,1.0
,144,1,1,0.9741171
,144,2,1,0.55626464
,144,3,1,0.5228443
,145,0,1,0.99052715
,145,1,1,0.55420417
,145,2,2,1.0
,145,3,1,0.53397477
,146,0,2,1.0
,146,1,0,0.74915606
,146,2,0,0.82099855
,146,3,0,0.75950867
,147,0,1,0.7455424
,147,1,2,1.0
,147,2,1,0.50023
,147,3,1,0.50070614
,148,0,0,0.74997365
,148,1,0,0.81801623
,148,2,2,1.0
,148,3,0,0.75860643
,149,0,0,0.76829535
,149,1,2,1.0
,149,2,0,0.8196493
,149,3,0,0.7670861
,150,0,0,0.76737154
,150,1,0,0.81965923
,150,2,0,0.77081984
,150,3,2,1.0
,151,0,2,1.0
,151,1,0,0.76962453
,151,2,0,0.7678899
,151,3,1,0.5215934
,152,0,0,0.81171733
,152,1,0,0.766586
,152,2,0,0.76652426
,152,3,3,1.0
,153,0,2,1.0
,153,1,0,0.5027034
,153,2,0,0.5027008
,153,3,1,0.9743067
,154,0,1,0.7488479
,154,1,1,0.5162686
,154,2,1,0.5162696
,154,3,2,1.0
,155,0,2,0.9999995
,155,1,0,0.76022255
,155,2,0,0.7602043
,155,3,0,0.8133153
,156,0,1,0.74730694
,156,1,1,0.50090104
,156,2,1,0.5014647
,156,3,2,1.0
,157,0,2,1.0
,157,1,0,0.75678027
,157,2,0,0.74514794
,157,3,0,0.8193043
,158,0,0,0.8181178
,158,1,2,1.0
,158,2,1,0.602521
,158,3,0,0.76759374
,159,0,0,0.75931346
,159,1,0,0.8197523
,159,2,3,1.0
,159,3,0,0.766916
,160,0,2,1.0
,160,1,0,0.50135624
,160,2,1,0.994506
,160,3,1,0.5009854
,161,0,0,0.8124197
,161,1,0,0.7586255
,161,2,3,1.0
,161,3,0,0.75847226
,162,0,2,1.0
,162,1,1,0.50027895
,162,2,1,0.9732297
,162,3,1,0.50245184
,163,0,0,0.8194165
,163,1,0,0.7571229
,163,2,0,0.7416911
,163,3,2,1.0
,164,0,0,0.772882
,164,1,2,1.0
,164,2,0,0.76082665
,164,3,0,0.821373
,165,0,1,0.50044376
,165,1,1,0.7454508
,165,2,2,1.0
,165,3,1,0.50019366
,166,0,0,0.75129044
,166,1,0,0.75222194
,166,2,0,0.82107043
,166,3,2,1.0
,167,0,2,1.0
,167,1,1,0.50136906
,167,2,1,0.50022167
,167,3,1,0.7454542
,168,0,0,0.8210705
,168,1,0,0.75125706
,168,2,2,0.99998856
,168,3,0,0.7522372
,169,0,1,0.50021785
,169,1,2,1.0
,169,2,1,0.74545676
,169,3,1,0.5009069
,170,0,2,0.9999969
,170,1,0,0.8133589
,170,2,0,0.75223744
,170,3,0,0.76078826
,171,0,1,0.74555534
,171,1,2,1.0
,171,2,1,0.50089306
,171,3,1,0.50276476
,172,0,0,0.74835056
,172,1,0,0.8194081
,172,2,0,0.7587753
,172,3,2,1.0
,173,0,2,1.0
,173,1,0,0.77299064
,173,2,0,0.7708542
,173,3,0,0.8136615
,174,0,1,0.7532129
,174,1,0,0.502652
,174,2,0,0.50245804
,174,3,2,1.0
,175,0,2,1.0
,175,1,1,0.5159919
,175,2,1,0.51824343
,175,3,1,0.74706066
,176,0,0,0.8192887
,176,1,0,0.75814146
,176,2,2,1.0
,176,3,0,0.7482871
,177,0,0,0.76922166
,177,1,0,0.7685622
,177,2,0,0.8196371
,177,3,2,1.0
,178,0,2,1.0
,178,1,0,0.7674222
,178,2,0,0.77074593
,178,3,0,0.8196336
,179,0,0,0.81970567
,179,1,2,1.0
,179,2,0,0.76749605
,179,3,0,0.7705494
,180,0,0,0.7729044
,180,1,0,0.8213736
,180,2,2,1.0
,180,3,0,0.76187116
,181,0,1,0.5000857
,181,1,1,0.500187
,181,2,1,0.7455931
,181,3,2,1.0
,182,0,0,0.75871956
,182,1,2,1.0
,182,2,0,0.7483503
,182,3,0,0.8193382
,183,0,0,0.7686104
,183,1,0,0.818319
,183,2,2,1.0
,183,3,0,0.7707021
,184,0,0,0.7690099
,184,1,2,1.0
,184,2,0,0.8196012
,184,3,0,0.76751435
,185,0,0,0.7690049
,185,1,0,0.81959414
,185,2,0,0.76923674
,185,3,2,1.0
,186,0,0,0.76895213
,186,1,0,0.76923764
,186,2,2,1.0
,186,3,0,0.81963927
,187,0,0,0.7674361
,187,1,2,0.9999999
,187,2,0,0.81964105
,187,3,0,0.77074593
,188,0,2,1.0
,188,1,0,0.81959397
,188,2,0,0.77079976
,188,3,0,0.7674983
,189,0,0,0.8196387
,189,1,0,0.7692332
,189,2,0,0.7690695
,189,3,2,1.0
,190,0,0,0.7707178
,190,1,2,0.99999595
,190,2,0,0.76898205
,190,3,0,0.8183211
,191,0,0,0.76751477
,191,1,0,0.819568
,191,2,0,0.7690233
,191,3,2,1.0
,192,0,2,1.0
,192,1,0,0.7681734
,192,2,0,0.76900786
,192,3,0,0.81926084
,193,0,0,0.8182085
,193,1,2,0.9971179
,193,2,0,0.76893675
,193,3,0,0.757857
,194,0,2,1.0
,194,1,0,0.8099695
,194,2,0,0.7658392
,194,3,1,0.6000551
,195,0,0,0.8185689
,195,1,0,0.5240343
,195,2,0,0.76330197
,195,3,3,1.0
,196,0,1,0.50944453
,196,1,3,1.0
,196,2,1,0.5249701
,196,3,1,0.97428185
,197,0,1,0.5158637
,197,1,1,0.97358733
,197,2,2,1.0
,197,3,1,0.53864783
,198,0,0,0.7581766
,198,1,0,0.7402421
,198,2,0,0.81929994
,198,3,2,1.0
,199,0,0,0.7686195
,199,1,2,1.0
,199,2,0,0.76921856
,199,3,0,0.8196307
,200,0,0,0.7690412
,200,1,0,0.818319
,200,2,2,1.0
,200,3,0,0.7705222
,201,0,0,0.7710697
,201,1,2,1.0
,201,2,0,0.8214395
,201,3,0,0.76188934
,202,0,1,0.50241256
,202,1,1,0.7455927
,202,2,0,0.5020636
,202,3,2,1.0
,203,0,2,1.0
,203,1,0,0.7483495
,203,2,0,0.7587952
,203,3,0,0.8193396
,204,0,0,0.81831765
,204,1,2,1.0
,204,2,0,0.7686118
,204,3,0,0.77075624
,205,0,2,1.0
,205,1,0,0.8183268
,205,2,0,0.7689818
,205,3,0,0.76905775
,206,0,0,0.8183254
,206,1,2,1.0
,206,2,0,0.7689987
,206,3,0,0.76900136
,207,0,2,1.0
,207,1,0,0.78895545
,207,2,0,0.7690097
,207,3,0,0.7690097
,208,0,0,0.81359076
,208,1,2,0.9141356
,208,2,0,0.77094185
,208,3,0,0.77094185
,209,0,2,1.0
,209,1,1,0.7667206
,209,2,1,0.50032115
,209,3,1,0.50032103
,210,0,0,0.81797945
,210,1,2,1.0
,210,2,0,0.75858736
,210,3,0,0.7585877
,211,0,2,0.99999976
,211,1,0,0.8183268
,211,2,0,0.76861435
,211,3,0,0.76862663
,212,0,0,0.81832683
,212,1,2,1.0
,212,2,0,0.7686336
,212,3,0,0.76898223
,213,0,2,1.0
,213,1,0,0.8183273
,213,2,0,0.7591417
,213,3,0,0.7689868
,214,0,0,0.81970614
,214,1,2,1.0
,214,2,1,0.5092254
,214,3,0,0.76874804
,215,0,0,0.77296114
,215,1,0,0.82119393
,215,2,3,0.75316095
,215,3,0,0.76175624
,216,0,0,0.50208145
,216,1,1,0.5072531
,216,2,1,0.9164305
,216,3,2,0.9999577
,217,0,0,0.53139305
,217,1,2,1.0
,217,2,0,0.51267046
,217,3,1,0.55434364
,218,0,0,0.75987625
,218,1,0,0.81804436
,218,2,0,0.7591518
,218,3,2,1.0
,219,0,0,0.7687794
,219,1,2,1.0
,219,2,0,0.7671016
,219,3,0,0.8197108
,220,0,0,0.7711189
,220,1,0,0.8136717
,220,2,2,1.0
,220,3,0,0.77283806
,221,0,0,0.50003964
,221,1,2,1.0
,221,2,1,0.7454173
,221,3,1,0.5022447
,222,0,0,0.76089793
,222,1,0,0.8133539
,222,2,0,0.7521612
,222,3,2,0.9999999
,223,0,1,0.5007197
,223,1,2,1.0
,223,2,1,0.5035783
,223,3,1,0.75893134
,224,0,0,0.7549014
,224,1,0,0.81789637
,224,2,2,0.999995
,224,3,1,0.62735313
,225,0,0,0.7666769
,225,1,0,0.76894087
,225,2,0,0.8119815
,225,3,3,1.0
,226,0,0,0.50188774
,226,1,0,0.50277925
,226,2,2,1.0
,226,3,1,0.97431123
,227,0,1,0.5348081
,227,1,1,0.51688594
,227,2,1,0.7491708
,227,3,2,1.0
,228,0,1,0.6172243
,228,1,0,0.7541741
,228,2,2,1.0
,228,3,0,0.81756103
,229,0,3,1.0
,229,1,0,0.7662044
,229,2,0,0.81986326
,229,3,0,0.7594001
,230,0,1,0.9729634
,230,1,1,0.5105376
,230,2,0,0.50496477
,230,3,2,1.0
,231,0,1,0.5367772
,231,1,2,1.0
,231,2,1,0.5156538
,231,3,1,0.748615
,232,0,0,0.7572936
,232,1,0,0.81797945
,232,2,0,0.75804335
,232,3,2,1.0
,233,0,0,0.768581
,233,1,2,1.0
,233,2,0,0.76860756
,233,3,0,0.81832683
,234,0,0,0.768979
,234,1,0,0.81832707
,234,2,0,0.7689818
,234,3,2,1.0
,235,0,0,0.7689405
,235,1,2,1.0
,235,2,0,0.7689963
,235,3,0,0.8183282
,236,0,0,0.76745194
,236,1,0,0.8196013
,236,2,0,0.76902384
,236,3,2,1.0
,237,0,2,1.0
,237,1,0,0.7692366
,237,2,0,0.76900715
,237,3,0,0.819594
,238,0,0,0.81964064
,238,1,2,1.0
,238,2,0,0.7690066
,238,3,0,0.76923525
,239,0,0,0.77077204
,239,1,0,0.8183198
,239,2,0,0.7689787
,239,3,2,1.0
,240,0,0,0.7690561
,240,1,2,1.0
,240,2,0,0.7689947
,240,3,0,0.81832683
,241,0,0,0.76894325
,241,1,0,0.8183282
,241,2,0,0.7689967
,241,3,2,1.0
,242,0,0,0.76745063
,242,1,2,1.0
,242,2,0,0.76902366
,242,3,0,0.81964606
,243,0,2,1.0
,243,1,0,0.818321
,243,2,0,0.7689802
,243,3,0,0.7707178
,244,0,0,0.8196012
,244,1,2,1.0
,244,2,0,0.7690229
,244,3,0,0.7675149
,245,0,0,0.7692368
,245,1,0,0.81959414
,245,2,0,0.7690053
,245,3,2,1.0
,246,0,2,1.0
,246,1,0,0.7692376
,246,2,0,0.76895213
,246,3,0,0.81964105
,247,0,0,0.81862307
,247,1,2,1.0
,247,2,0,0.7674333
,247,3,0,0.77080315
,248,0,0,0.73640877
,248,1,0,0.81941354
,248,2,2,1.0
,248,3,0,0.7691049
,249,0,2,0.91060644
,249,1,0,0.76357776
,249,2,0,0.8214111
,249,3,0,0.7710716
,250,0,1,0.7675555
,250,1,2,1.0
,250,2,0,0.50178427
,250,3,1,0.500421
,251,0,2,1.0
,251,1,0,0.8179764
,251,2,0,0.75818956
,251,3,0,0.7585851
,252,0,0,0.8182165
,252,1,2,0.9999999
,252,2,0,0.75556433
,252,3,0,0.7685806
,253,0,2,1.0
,253,1,0,0.8183455
,253,2,1,0.6020369
,253,3,0,0.76573807
,254,0,0,0.8165832
,254,1,0,0.7666034
,254,2,3,1.0
,254,3,0,0.764721
,255,0,2,1.0
,255,1,0,0.7673139
,255,2,1,0.8943135
,255,3,0,0.76724696
,256,0,0,0.817258
,256,1,0,0.7662874
,256,2,3,1.0
,256,3,0,0.766285
,257,0,2,1.0
,257,1,0,0.76938593
,257,2,1,0.62999
,257,3,0,0.76938784
,258,0,0,0.81829643
,258,1,0,0.76887745
,258,2,2,1.0
,258,3,0,0.7689332
,259,0,2,1.0
,259,1,0,0.767448
,259,2,0,0.8196475
,259,3,0,0.7690211
,260,0,0,0.81831974
,260,1,2,1.0
,260,2,0,0.77077204
,260,3,0,0.768977
,261,0,2,1.0
,261,1,0,0.818328
,261,2,0,0.7690594
,261,3,0,0.76894015
,262,0,0,0.8196012
,262,1,2,1.0
,262,2,0,0.76902896
,262,3,0,0.76745194
,263,0,0,0.7692344
,263,1,0,0.8197057
,263,2,0,0.76908565
,263,3,2,1.0
,264,0,2,1.0
,264,1,0,0.7729076
,264,2,0,0.77112365
,264,3,0,0.81366694
,265,0,1,0.74729586
,265,1,1,0.5002381
,265,2,1,0.5003955
,265,3,2,1.0
,266,0,2,1.0
,266,1,0,0.75862616
,266,2,0,0.7570037
,266,3,0,0.8193058
,267,0,0,0.8183193
,267,1,0,0.7685513
,267,2,2,1.0
,267,3,0,0.7707583
,268,0,2,1.0
,268,1,0,0.7673979
,268,2,0,0.81966585
,268,3,0,0.7691044
,269,0,1,0.5215768
,269,1,2,1.0
,269,2,0,0.76961005
,269,3,0,0.76779354
,270,0,3,1.0
,270,1,0,0.8124946
,270,2,0,0.7661252
,270,3,0,0.7654831
,271,0,1,0.9349325
,271,1,2,0.99999917
,271,2,0,0.54993093
,271,3,0,0.5320848
,272,0,2,1.0
,272,1,0,0.81789273
,272,2,0,0.7567293
,272,3,1,0.6139396
,273,0,0,0.8127883
,273,1,0,0.768345
,273,2,0,0.7662392
,273,3,3,1.0
,274,0,2,1.0
,274,1,0,0.5506698
,274,2,0,0.5527871
,274,3,1,0.9342387
,275,0,0,0.81808513
,275,1,2,1.0
,275,2,0,0.7606759
,275,3,0,0.7434622
,276,0,2,1.0
,276,1,0,0.81971717
,276,2,0,0.7671347
,276,3,0,0.7682035
,277,0,0,0.81366026
,277,1,0,0.77301824
,277,2,2,0.99993753
,277,3,0,0.77119124
,278,0,2,1.0
,278,1,0,0.5028077
,278,2,1,0.8693192
,278,3,0,0.5022619
,279,0,1,0.9596927
,279,1,1,0.53211874
,279,2,3,0.8229356
,279,3,1,0.5427131
,280,0,3,1.0
,280,1,1,0.5264531
,280,2,1,0.9346271
,280,3,1,0.76771694
,281,0,1,0.97414297
,281,1,1,0.5232884
,281,2,1,0.5541644
,281,3,3,1.0
,282,0,1,0.5363941
,282,1,1,0.51870644
,282,2,2,1.0
,282,3,1,0.97357816
,283,0,0,0.7574172
,283,1,2,1.0
,283,2,0,0.8180232
,283,3,0,0.7418869
,284,0,0,0.76858777
,284,1,0,0.8183244
,284,2,2,1.0
,284,3,0,0.76757634
,285,0,0,0.7689381
,285,1,2,1.0
,285,2,0,0.81821674
,285,3,0,0.7559108
,286,0,0,0.7658282
,286,1,0,0.81841135
,286,2,2,1.0
,286,3,1,0.6019847
,287,0,0,0.7667777
,287,1,0,0.76871514
,287,2,0,0.81193465
,287,3,3,1.0
,288,0,1,0.50213015
,288,1,0,0.5000832
,288,2,2,1.0
,288,3,1,0.9732993
,289,0,2,1.0
,289,1,0,0.7560733
,289,2,0,0.81934756
,289,3,0,0.7279
,290,0,0,0.81839806
,290,1,2,0.99768835
,290,2,0,0.7675925
,290,3,1,0.60332656
,291,0,0,0.7688328
,291,1,0,0.81086576
,291,2,0,0.76700777
,291,3,3,1.0
,292,0,0,0.50234044
,292,1,2,1.0
,292,2,0,0.5016685
,292,3,1,0.99077713
,293,0,1,0.520104
,293,1,1,0.7578388
,293,2,1,0.5335185
,293,3,3,1.0
,294,0,1,0.52508265
,294,1,1,0.85071796
,294,2,2,1.0
,294,3,1,0.97437805
,295,0,0,0.7546388
,295,1,3,0.9999988
,295,2,0,0.8182436
,295,3,0,0.73715824
,296,0,0,0.761695
,296,1,1,0.6251317
,296,2,0,0.77332604
,296,3,2,0.9999999
,297,0,2,1.0
,297,1,1,0.52126265
,297,2,1,0.50317407
,297,3,1,0.93591654
,298,0,0,0.820185
,298,1,0,0.74782014
,298,2,0,0.75828516
,298,3,3,1.0
,299,0,0,0.50499
,299,1,2,0.9998139
,299,2,0,0.5022493
,299,3,1,0.9743244
,300,0,1,0.51892394
,300,1,1,0.93638325
,300,2,1,0.5190448
,300,3,2,1.0
,301,0,0,0.75762045
,301,1,3,1.0
,301,2,0,0.7576162
,301,3,0,0.81229365
,302,0,1,0.5005101
,302,1,1,0.97349703
,302,2,1,0.50050664
,302,3,2,1.0
,303,0,0,0.76066965
,303,1,2,1.0
,303,2,0,0.76074463
,303,3,0,0.81330454
,304,0,1,0.5028656
,304,1,1,0.7454933
,304,2,1,0.50054044
,304,3,2,1.0
,305,0,2,1.0
,305,1,0,0.7482191
,305,2,0,0.7569256
,305,3,1,0.5221364
,306,0,0,0.81954676
,306,1,0,0.75592196
,306,2,0,0.7556218
,306,3,3,1.0
,307,0,1,0.50784576
,307,1,2,1.0
,307,2,1,0.8375722
,307,3,1,0.97421813
,308,0,0,0.75754404
,308,1,0,0.81191355
,308,2,3,1.0
,308,3,0,0.72992456
,309,0,1,0.5104653
,309,1,2,1.0
,309,2,1,0.9741546
,309,3,1,0.83769256
,310,0,0,0.75565565
,310,1,0,0.59398574
,310,2,0,0.73950094
,310,3,3,1.0
,311,0,0,0.5027401
,311,1,3,1.0
,311,2,0,0.5134642
,311,3,1,0.9351399
,312,0,2,1.0
,312,1,1,0.93465984
,312,2,0,0.5327507
,312,3,0,0.51032954
,313,0,0,0.8211948
,313,1,0,0.7356365
,313,2,0,0.76220775
,313,3,2,1.0
,314,0,1,0.5018172
,314,1,2,1.0
,314,2,1,0.5039415
,314,3,1,0.93594074
,315,0,0,0.74836004
,315,1,0,0.8138005
,315,2,0,0.75826025
,315,3,3,1.0
,316,0,2,1.0
,316,1,1,0.74878794
,316,2,1,0.5052339
,316,3,1,0.9747191
,317,0,1,0.749485
,317,1,3,1.0
,317,2,1,0.5265008
,317,3,1,0.78220856
,318,0,1,0.5329297
,318,1,1,0.9754283
,318,2,1,0.52309155
,318,3,3,1.0
,319,0,1,0.518129
,319,1,2,1.0
,319,2,1,0.5172301
,319,3,1,0.9738903
,320,0,0,0.75050086
,320,1,0,0.8210766
,320,2,0,0.76014435
,320,3,2,1.0
,321,0,2,1.0
,321,1,0,0.50177974
,321,2,1,0.5009356
,321,3,1,0.74739456
,322,0,1,0.5222081
,322,1,0,0.75727993
,322,2,0,0.7568063
,322,3,2,1.0
,323,0,3,0.9999974
,323,1,0,0.7659738
,323,2,0,0.7556322
,323,3,0,0.8114993
,324,0,1,0.974195
,324,1,1,0.51013064
,324,2,1,0.8371458
,324,3,2,1.0
,325,0,0,0.7316796
,325,1,0,0.75594056
,325,2,3,1.0
,325,3,0,0.606921
,326,0,1,0.7595352
,326,1,1,0.53079385
,326,2,1,0.9746826
,326,3,3,0.9999999
,327,0,3,1.0
,327,1,1,0.84825355
,327,2,1,0.5512871
,327,3,1,0.97492355
,328,0,1,0.83653486
,328,1,3,1.0
,328,2,0,0.7545303
,328,3,0,0.73944855
,329,0,3,1.0
,329,1,1,0.9752424
,329,2,1,0.5090398
,329,3,1,0.50907636
,330,0,1,0.973349
,330,1,2,1.0
,330,2,1,0.5280359
,330,3,1,0.51383907
,331,0,1,0.5365251
,331,1,1,0.7467695
,331,2,2,0.99484915
,331,3,1,0.51857257
,332,0,0,0.7596156
,332,1,0,0.7522022
,332,2,0,0.81096697
,332,3,2,1.0
,333,0,1,0.5039463
,333,1,1,0.504274
,333,2,2,1.0
,333,3,1,0.93593514
,334,0,0,0.75816214
,334,1,0,0.7581505
,334,2,0,0.812282
,334,3,3,1.0
,335,0,1,0.50124484
,335,1,1,0.50124604
,335,2,2,1.0
,335,3,1,0.9945035
,336,0,0,0.75854313
,336,1,0,0.7585281
,336,2,0,0.8123988
,336,3,3,0.9999999
,337,0,1,0.5012275
,337,1,1,0.50169116
,337,2,2,1.0
,337,3,1,0.9945034
,338,0,0,0.7584615
,338,1,0,0.74888265
,338,2,0,0.8202125
,338,3,3,0.9999982
,339,0,1,0.50258595
,339,1,2,1.0
,339,2,0,0.5023943
,339,3,1,0.97324026
,340,0,2,1.0
,340,1,0,0.8180267
,340,2,0,0.7587999
,340,3,0,0.7419253
,341,0,0,0.818329
,341,1,2,1.0
,341,2,0,0.7685819
,341,3,0,0.7680399
,342,0,2,1.0
,342,1,0,0.81960136
,342,2,0,0.7674395
,342,3,0,0.76899016
,343,0,0,0.81959414
,343,1,0,0.76923674
,343,2,2,1.0
,343,3,0,0.7690041
,344,0,0,0.7692376
,344,1,2,1.0
,344,2,0,0.8196409
,344,3,0,0.7689521
,345,0,2,1.0
,345,1,0,0.8195943
,345,2,0,0.7708002
,345,3,0,0.7674351
,346,0,0,0.819164
,346,1,0,0.7692346
,346,2,0,0.76906085
,346,3,2,1.0
,347,0,0,0.754686
,347,1,2,1.0
,347,2,0,0.76872283
,347,3,0,0.8196952
,348,0,2,0.9604236
,348,1,0,0.82149583
,348,2,0,0.7617505
,348,3,0,0.772962
,349,0,1,0.76199627
,349,1,0,0.5046093
,349,2,2,0.99999094
,349,3,0,0.502565
,350,0,2,1.0
,350,1,1,0.51815903
,350,2,1,0.74727327
,350,3,1,0.5158917
,351,0,0,0.8210657
,351,1,2,0.99999785
,351,2,0,0.7423386
,351,3,0,0.7603136
,352,0,1,0.5002165
,352,1,1,0.74553967
,352,2,2,1.0
,352,3,1,0.50073737
,353,0,2,1.0
,353,1,0,0.75001234
,353,2,0,0.8193322
,353,3,0,0.7570769
,354,0,0,0.8183179
,354,1,0,0.7683819
,354,2,0,0.7705086
,354,3,2,1.0
,355,0,2,1.0
,355,1,0,0.7711162
,355,2,0,0.76188165
,355,3,0,0.82144016
,356,0,1,0.7473364
,356,1,1,0.50042385
,356,2,2,1.0
,356,3,0,0.50180364
,357,0,2,1.0
,357,1,0,0.7585861
,357,2,0,0.8179803
,357,3,0,0.7586652
,358,0,0,0.81832683
,358,1,0,0.7686246
,358,2,2,1.0
,358,3,0,0.76862943
,359,0,2,1.0
,359,1,0,0.76892805
,359,2,0,0.8183283
,359,3,0,0.7689838
,360,0,0,0.8196013
,360,1,0,0.7674516
,360,2,2,1.0
,360,3,0,0.7690215
,361,0,0,0.7692376
,361,1,2,1.0
,361,2,0,0.8196409
,361,3,0,0.7689525
,362,0,2,1.0
,362,1,0,0.81959426
,362,2,0,0.77080035
,362,3,0,0.7674352
,363,0,0,0.81959397
,363,1,0,0.7692361
,363,2,0,0.76906985
,363,3,2,1.0
,364,0,0,0.76923525
,364,1,2,1.0
,364,2,0,0.7690088
,364,3,0,0.81964064
,365,0,2,1.0
,365,1,0,0.8183198
,365,2,0,0.7689787
,365,3,0,0.7707721
,366,0,0,0.8183268
,366,1,2,1.0
,366,2,0,0.7689945
,366,3,0,0.76905805
,367,0,2,1.0
,367,1,0,0.81832695
,367,2,0,0.7689956
,367,3,0,0.76899576
,368,0,0,0.8183282
,368,1,2,1.0
,368,2,0,0.76899946
,368,3,0,0.76894104
,369,0,2,1.0
,369,1,0,0.81971294
,369,2,0,0.7691021
,369,3,0,0.76744974
,370,0,0,0.8136668
,370,1,0,0.7729075
,370,2,0,0.7711238
,370,3,2,1.0
,371,0,2,1.0
,371,1,1,0.50024045
,371,2,1,0.500395
,371,3,1,0.7472956
,372,0,0,0.8193062
,372,1,0,0.75857234
,372,2,0,0.75700647
,372,3,2,1.0
,373,0,0,0.77078426
,373,1,0,0.76706046
,373,2,2,1.0
,373,3,0,0.81963736
,374,0,0,0.76904213
,374,1,2,1.0
,374,2,0,0.8183209
,374,3,0,0.7707172
,375,0,0,0.7690252
,375,1,0,0.8196012
,375,2,2,1.0
,375,3,0,0.76751477
,376,0,0,0.76900506
,376,1,0,0.7692354
,376,2,0,0.81964046
,376,3,2,1.0
,377,0,0,0.7689235
,377,1,2,1.0
,377,2,0,0.7707726
,377,3,0,0.81817895
,378,0,0,0.767449
,378,1,0,0.81959945
,378,2,0,0.7690852
,378,3,2,0.99958485
,379,0,2,1.0
,379,1,0,0.7691971
,379,2,0,0.76901853
,379,3,0,0.81947273
,380,0,1,0.52159274
,380,1,2,1.0
,380,2,0,0.7675238
,380,3,0,0.76960015
,381,0,3,1.0
,381,1,0,0.81925285
,381,2,0,0.75797486
,381,3,0,0.766061
,382,0,1,0.93426806
,382,1,0,0.5549007
,382,2,2,1.0
,382,3,0,0.5503079
,383,0,0,0.7418054
,383,1,0,0.7608418
,383,2,0,0.8193616
,383,3,2,1.0
,384,0,2,1.0
,384,1,0,0.76871204
,384,2,0,0.7692226
,384,3,0,0.8195919
,385,0,0,0.819594
,385,1,0,0.7689966
,385,2,2,1.0
,385,3,0,0.7692366
,386,0,0,0.7692281
,386,1,0,0.76900744
,386,2,0,0.8196438
,386,3,2,1.0
,387,0,2,1.0
,387,1,0,0.7686848
,387,2,0,0.77054
,387,3,0,0.54415524
,388,0,0,0.8084923
,388,1,0,0.76656026
,388,2,0,0.7683342
,388,3,3,0.80267197
,389,0,1,0.5994068
,389,1,2,1.0
,389,2,0,0.76592964
,389,3,1,0.5435213
,390,0,3,0.9999999
,390,1,0,0.8197439
,390,2,0,0.76685256
,390,3,0,0.74610513
,391,0,1,0.97350806
,391,1,0,0.5019301
,391,2,1,0.50033283
,391,3,2,0.9998934
,392,0,2,1.0
,392,1,0,0.75704074
,392,2,0,0.7585792
,392,3,0,0.81923974
,393,0,0,0.81831807
,393,1,2,1.0
,393,2,0,0.7686052
,393,3,0,0.7707537
,394,0,2,1.0
,394,1,0,0.8183268
,394,2,0,0.76898146
,394,3,0,0.7690576
,395,0,0,0.81832683
,395,1,2,1.0
,395,2,0,0.76899487
,395,3,0,0.7689976
,396,0,2,1.0
,396,1,0,0.81832695
,396,2,0,0.7689956
,396,3,0,0.76899356
,397,0,0,0.8183282
,397,1,2,1.0
,397,2,0,0.76899946
,397,3,0,0.768941
,398,0,2,1.0
,398,1,0,0.81943834
,398,2,0,0.7690997
,398,3,0,0.7674496
,399,0,0,0.8214327
,399,1,0,0.7636398
,399,2,0,0.7710545
,399,3,2,1.0
,400,0,0,0.5020646
,400,1,2,1.0
,400,2,1,0.5024179
,400,3,1,0.74554396
,401,0,0,0.7588436
,401,1,0,0.81799906
,401,2,2,1.0
,401,3,0,0.7496937
,402,0,0,0.7708782
,402,1,2,0.9999565
,402,2,0,0.8215754
,402,3,0,0.76075804
,403,0,1,0.5234641
,403,1,1,0.8895882
,403,2,1,0.51888496
,403,3,2,1.0
,404,0,2,1.0
,404,1,0,0.7471126
,404,2,0,0.7601855
,404,3,0,0.8133372
,405,0,1,0.74729764
,405,1,1,0.501378
,405,2,1,0.5007991
,405,3,2,1.0
,406,0,2,1.0
,406,1,0,0.75863177
,406,2,0,0.75865483
,406,3,0,0.81798005
,407,0,0,0.81367904
,407,1,0,0.7707054
,407,2,0,0.77077645
,407,3,2,1.0
,408,0,2,1.0
,408,1,1,0.50233185
,408,2,1,0.5000825
,408,3,1,0.74555683
,409,0,0,0.8193399
,409,1,2,1.0
,409,2,0,0.7587176
,409,3,0,0.7483514
,410,0,0,0.77075744
,410,1,0,0.818319
,410,2,0,0.76855457
,410,3,2,1.0
,411,0,0,0.7690838
,411,1,2,1.0
,411,2,0,0.76743656
,411,3,0,0.8196476
,412,0,0,0.76892674
,412,1,0,0.818321
,412,2,2,1.0
,412,3,0,0.7707733
,413,0,0,0.76744974
,413,1,2,1.0
,413,2,0,0.8196498
,413,3,0,0.7690889
,414,0,2,1.0
,414,1,0,0.818319
,414,2,0,0.7708503
,414,3,0,0.76905745
,415,0,0,0.813679
,415,1,2,1.0
,415,2,0,0.77120566
,415,3,0,0.77107227
,416,0,2,1.0
,416,1,1,0.74550086
,416,2,1,0.5000683
,416,3,1,0.5023223
,417,0,0,0.818016
,417,1,0,0.7499182
,417,2,0,0.7586861
,417,3,2,1.0
,418,0,2,1.0
,418,1,0,0.76677483
,418,2,0,0.7686596
,418,3,0,0.81964654
,419,0,0,0.818321
,419,1,2,1.0
,419,2,0,0.76896715
,419,3,0,0.7707178
,420,0,2,1.0
,420,1,0,0.8196012
,420,2,0,0.7690225
,420,3,0,0.7675149
,421,0,0,0.81959414
,421,1,0,0.7692366
,421,2,0,0.7690073
,421,3,2,1.0
,422,0,0,0.7692366
,422,1,2,1.0
,422,2,0,0.7690097
,422,3,0,0.81959414
,423,0,2,1.0
,423,1,0,0.8194313
,423,2,0,0.7690852
,423,3,0,0.76923436
,424,0,0,0.8213738
,424,1,0,0.7636388
,424,2,0,0.77112347
,424,3,2,1.0
,425,0,1,0.5001838
,425,1,2,1.0
,425,2,1,0.5001615
,425,3,1,0.7455918
,426,0,2,1.0
,426,1,0,0.8193383
,426,2,0,0.7587169
,426,3,0,0.7483504
,427,0,0,0.81831896
,427,1,0,0.7707021
,427,2,0,0.7686103
,427,3,2,1.0
,428,0,2,1.0
,428,1,0,0.76751435
,428,2,0,0.7690099
,428,3,0,0.8196012
,429,0,0,0.819594
,429,1,2,1.0
,429,2,0,0.7690068
,429,3,0,0.7692366
,430,0,0,0.7692354
,430,1,0,0.8196389
,430,2,0,0.7690066
,430,3,2,1.0
,431,0,2,1.0
,431,1,0,0.7707178
,431,2,0,0.76897985
,431,3,0,0.8183211
,432,0,0,0.8196475
,432,1,0,0.7675134
,432,2,0,0.7690227
,432,3,2,1.0
,433,0,0,0.77077013
,433,1,2,1.0
,433,2,0,0.7689789
,433,3,0,0.8183198
,434,0,0,0.7690037
,434,1,0,0.818328
,434,2,0,0.76899576
,434,3,2,1.0
,435,0,0,0.7674542
,435,1,2,1.0
,435,2,0,0.76902384
,435,3,0,0.8196013
,436,0,2,1.0
,436,1,0,0.81959414
,436,2,0,0.76900715
,436,3,0,0.7692366
,437,0,0,0.81959426
,437,1,0,0.76923674
,437,2,0,0.76900697
,437,3,2,1.0
,438,0,0,0.7692366
,438,1,2,1.0
,438,2,0,0.76900697
,438,3,0,0.81959426
,439,0,2,1.0
,439,1,0,0.819639
,439,2,0,0.7690066
,439,3,0,0.7692354
,440,0,0,0.81832117
,440,1,0,0.7707179
,440,2,0,0.768978
,440,3,2,1.0
,441,0,2,1.0
,441,1,0,0.7675158
,441,2,0,0.7689681
,441,3,0,0.8196501
,442,0,0,0.81970555
,442,1,2,1.0
,442,2,0,0.7674333
,442,3,0,0.77087575
,443,0,0,0.7728965
,443,1,0,0.8136716
,443,2,2,1.0
,443,3,0,0.7711186
,444,0,1,0.5003466
,444,1,2,1.0
,444,2,1,0.7454171
,444,3,1,0.5023212
,445,0,0,0.7512951
,445,1,0,0.8211295
,445,2,0,0.75216174
,445,3,2,1.0
,446,0,2,1.0
,446,1,0,0.5020296
,446,2,1,0.5032685
,446,3,1,0.7455395
,447,0,0,0.8180157
,447,1,0,0.75870246
,447,2,2,1.0
,447,3,0,0.74997276
,448,0,2,1.0
,448,1,0,0.7670897
,448,2,0,0.81965065
,448,3,0,0.76829636
,449,0,0,0.8194313
,449,1,2,1.0
,449,2,0,0.7708759
,449,3,0,0.7674092
,450,0,0,0.76363957
,450,1,0,0.8214304
,450,2,0,0.7711167
,450,3,2,1.0
,451,0,2,1.0
,451,1,0,0.50199455
,451,2,1,0.5024005
,451,3,1,0.74552935
,452,0,0,0.81929076
,452,1,0,0.7571736
,452,2,2,1.0
,452,3,0,0.75001144
,453,0,0,0.769091
,453,1,2,1.0
,453,2,0,0.80880684
,453,3,0,0.76832604
,454,0,2,1.0
,454,1,0,0.8181181
,454,2,1,0.5994939
,454,3,0,0.76542014
,455,0,0,0.819743
,455,1,0,0.7589755
,455,2,3,1.0
,455,3,0,0.7564444
,456,0,1,0.5078173
,456,1,2,1.0
,456,2,1,0.974201
,456,3,1,0.8371606
,457,0,0,0.75613487
,457,1,0,0.60690254
,457,2,0,0.7316664
,457,3,3,1.0
,458,0,1,0.5272844
,458,1,3,1.0
,458,2,1,0.7598682
,458,3,1,0.9746689
,459,0,1,0.76805574
,459,1,1,0.97451115
,459,2,3,1.0
,459,3,1,0.54759586
,460,0,3,1.0
,460,1,1,0.5428505
,460,2,1,0.9741367
,460,3,1,0.5371535
,461,0,1,0.9945585
,461,1,1,0.51815516
,461,2,1,0.5371964
,461,3,2,1.0
,462,0,3,1.0
,462,1,0,0.7566241
,462,2,0,0.75628597
,462,3,0,0.60604113
,463,0,1,0.9911875
,463,1,1,0.52362484
,463,2,1,0.51317686
,463,3,3,1.0
,464,0,3,1.0
,464,1,1,0.762736
,464,2,1,0.5248734
,464,3,1,0.97536623
,465,0,1,0.9910043
,465,1,3,1.0
,465,2,1,0.53571737
,465,3,1,0.78669775
,466,0,1,0.78250265
,466,1,1,0.974488
,466,2,1,0.5274814
,466,3,3,1.0
,467,0,3,1.0
,467,1,1,0.5425909
,467,2,1,0.5229339
,467,3,1,0.9754417
,468,0,1,0.9909139
,468,1,1,0.5155948
,468,2,1,0.5153024
,468,3,2,0.99884456
,469,0,3,1.0
,469,1,1,0.5208238
,469,2,1,0.53387845
,469,3,1,0.7476368
,470,0,1,0.9735942
,470,1,1,0.51645344
,470,2,2,1.0
,470,3,1,0.5287046
,471,0,0,0.7401952
,471,1,0,0.75786453
,471,2,0,0.8193671
,471,3,2,1.0
,472,0,2,1.0
,472,1,0,0.7588277
,472,2,0,0.7695893
,472,3,1,0.5195814
,473,0,0,0.81830287
,473,1,0,0.5207572
,473,2,0,0.7631817
,473,3,3,1.0
,474,0,1,0.509549
,474,1,3,1.0
,474,2,1,0.5119726
,474,3,1,0.991222
,475,0,1,0.52058905
,475,1,1,0.9911157
,475,2,1,0.52066845
,475,3,3,1.0
,476,0,1,0.5216456
,476,1,3,1.0
,476,2,1,0.52102846
,476,3,1,0.99111605
,477,0,1,0.5351932
,477,1,1,0.97530484
,477,2,1,0.52108437
,477,3,3,1.0
,478,0,1,0.8457561
,478,1,2,1.0
,478,2,1,0.52544534
,478,3,1,0.9744453
,479,0,3,1.0
,479,1,0,0.8199523
,479,2,0,0.75701654
,479,3,0,0.730959
,480,0,1,0.9750874
,480,1,0,0.50188047
,480,2,1,0.5008914
,480,3,2,1.0
,481,0,1,0.62716335
,481,1,0,0.7626815
,481,2,0,0.7628744
,481,3,2,1.0
,482,0,3,1.0
,482,1,0,0.7584632
,482,2,0,0.7665477
,482,3,0,0.8195101
,483,0,1,0.9348472
,483,1,2,1.0
,483,2,0,0.55054384
,483,3,0,0.55291396
,484,0,2,1.0
,484,1,0,0.8058193
,484,2,0,0.7438201
,484,3,0,0.7439079
,485,0,0,1.0
,485,1,0,1.0
,485,2,0,1.0
,485,3,2,0.59817773
,486,0,1,0.51451504
,486,1,1,0.513946
,486,2,3,1.0
,486,3,1,0.97471774
,487,0,1,0.5464119
,487,1,1,0.53346014
,487,2,1,0.9904949
,487,3,3,1.0
,488,0,2,1.0
,488,1,1,0.5192776
,488,2,1,0.5372425
,488,3,1,0.9735976
,489,0,0,0.8193512
,489,1,2,1.0
,489,2,0,0.75736445
,489,3,0,0.74024725
,490,0,0,0.77079344
,490,1,0,0.80885917
,490,2,0,0.7668831
,490,3,2,1.0
,491,0,0,0.7658811
,491,1,1,0.5977304
,491,2,2,1.0
,491,3,0,0.81126845
,492,0,0,0.7632698
,492,1,3,1.0
,492,2,0,0.81856304
,492,3,0,0.52404994
,493,0,1,0.5253732
,493,1,1,0.97424865
,493,2,1,0.50931114
,493,3,3,1.0
,494,0,2,1.0
,494,1,1,0.55364686
,494,2,1,0.5356264
,494,3,1,0.99043125
,495,0,0,0.81334835
,495,1,0,0.7589752
,495,2,2,1.0
,495,3,0,0.74349666
,496,0,2,1.0
,496,1,1,0.5006186
,496,2,1,0.7459837
,496,3,1,0.50354564
,497,0,0,0.8178942
,497,1,0,0.7582807
,497,2,0,0.7362783
,497,3,2,1.0
,498,0,2,1.0
,498,1,0,0.7565325
,498,2,1,0.6009125
,498,3,0,0.8184239
,499,0,0,0.8118041
,499,1,0,0.513538
,499,2,3,1.0
,499,3,0,0.7651151
,500,0,1,0.738796
,500,1,3,1.0
,500,2,1,0.9352916
,500,3,0,0.50597936
,501,0,3,0.9864548
,501,1,1,0.9754702
,501,2,1,0.5409035
,501,3,1,0.52147424
,502,0,1,0.9977578
,502,1,2,1.0
,502,2,1,0.5351286
,502,3,1,0.5342776
,503,0,3,1.0
,503,1,0,0.81239396
,503,2,0,0.75728804
,503,3,0,0.7573182
,504,0,1,0.97349685
,504,1,2,1.0
,504,2,1,0.5006315
,504,3,1,0.50063294
,505,0,2,1.0
,505,1,0,0.81796396
,505,2,0,0.7585358
,505,3,0,0.7584784
,506,0,0,0.8196458
,506,1,2,1.0
,506,2,0,0.7686528
,506,3,0,0.76707804
,507,0,0,0.7707178
,507,1,0,0.818321
,507,2,0,0.768967
,507,3,2,1.0
,508,0,0,0.7675149
,508,1,2,1.0
,508,2,0,0.769022
,508,3,0,0.8196012
,509,0,2,1.0
,509,1,0,0.819594
,509,2,0,0.768991
,509,3,0,0.76923645
,510,0,0,0.81964225
,510,1,0,0.76922965
,510,2,0,0.76854855
,510,3,2,1.0
,511,0,0,0.7707318
,511,1,2,1.0
,511,2,0,0.7559962
,511,3,0,0.81820893
,512,0,0,0.76592004
,512,1,0,0.8113286
,512,2,1,0.6001212
,512,3,2,1.0
,513,0,0,0.76372916
,513,1,0,0.5257169
,513,2,3,1.0
,513,3,0,0.8123205
,514,0,1,0.51538557
,514,1,3,1.0
,514,2,1,0.97457993
,514,3,1,0.75320446
,515,0,1,0.5378372
,515,1,1,0.9988202
,515,2,1,0.55788064
,515,3,3,1.0
,516,0,1,0.53432894
,516,1,3,1.0
,516,2,1,0.53518194
,516,3,1,0.99097216
,517,0,1,0.51862335
,517,1,1,0.97390425
,517,2,1,0.51810753
,517,3,2,1.0
,518,0,0,0.7446267
,518,1,2,1.0
,518,2,0,0.7561094
,518,3,0,0.8188997
,519,0,1,0.5981899
,519,1,0,0.81796414
,519,2,2,1.0
,519,3,0,0.7544851
,520,0,3,0.9968248
,520,1,0,0.7473396
,520,2,0,0.8155928
,520,3,1,0.60856813
,521,0,1,0.64785236
,521,1,1,0.60878015
,521,2,0,0.7618191
,521,3,3,1.0
,522,0,0,0.50805235
,522,1,3,1.0
,522,2,0,0.7649102
,522,3,1,0.63256305
,523,0,3,0.9999993
,523,1,1,0.99674433
,523,2,1,0.52191854
,523,3,1,0.53930724
,524,0,1,0.9967203
,524,1,3,1.0
,524,2,1,0.53333074
,524,3,1,0.53409195
,525,0,3,0.9999831
,525,1,1,0.99098635
,525,2,1,0.5338908
,525,3,1,0.5339232
,526,0,1,0.9980564
,526,1,2,1.0
,526,2,1,0.5348398
,526,3,1,0.53482
,527,0,3,1.0
,527,1,0,0.60578406
,527,2,0,0.7558737
,527,3,0,0.7563163
,528,0,1,0.97431636
,528,1,3,1.0
,528,2,1,0.52645147
,528,3,1,0.5128051
,529,0,1,0.5537627
,529,1,1,0.9904356
,529,2,2,1.0
,529,3,1,0.5357814
,530,0,0,0.75675565
,530,1,0,0.74119854
,530,2,0,0.81800586
,530,3,2,1.0
,531,0,0,0.76859957
,531,1,0,0.7664552
,531,2,2,1.0
,531,3,0,0.81965524
,532,0,0,0.76870394
,532,1,2,1.0
,532,2,1,0.52300364
,532,3,0,0.77051276
,533,0,0,0.7700351
,533,1,0,0.8132163
,533,2,3,0.9998112
,533,3,0,0.7700813
,534,0,1,0.50040746
,534,1,2,1.0
,534,2,1,0.973478
,534,3,1,0.5009682
,535,0,0,0.75678414
,535,1,0,0.8192889
,535,2,2,1.0
,535,3,0,0.745152
,536,0,2,1.0
,536,1,0,0.76725763
,536,2,0,0.8183974
,536,3,1,0.602521
,537,0,0,0.8197398
,537,1,0,0.7574562
,537,2,0,0.7687232
,537,3,3,1.0
,538,0,0,0.500878
,538,1,2,1.0
,538,2,1,0.5008971
,538,3,1,0.9945053
,539,0,0,0.7487537
,539,1,0,0.81389374
,539,2,0,0.7586535
,539,3,3,1.0
,540,0,2,1.0
,540,1,1,0.74963665
,540,2,1,0.50521874
,540,3,1,0.9736503
,541,0,1,0.89863485
,541,1,3,1.0
,541,2,1,0.5239223
,541,3,1,0.5445101
,542,0,3,1.0
,542,1,1,0.9745695
,542,2,1,0.52523816
,542,3,1,0.5257358
,543,0,1,0.62723076
,543,1,2,1.0
,543,2,0,0.75092953
,543,3,0,0.7593968
,544,0,0,0.5312917
,544,1,3,1.0
,544,2,1,0.70978445
,544,3,0,0.54800373
,545,0,1,0.52093077
,545,1,1,0.9742381
,545,2,3,1.0
,545,3,1,0.53317904
,546,0,1,0.5193405
,546,1,1,0.55468684
,546,2,1,0.97362447
,546,3,2,1.0
,547,0,2,0.99999964
,547,1,1,0.61717546
,547,2,0,0.7380411
,547,3,0,0.8179298
,548,0,0,0.60496604
,548,1,3,1.0
,548,2,0,0.76475084
,548,3,0,0.7675232
,549,0,3,1.0
,549,1,1,0.97633386
,549,2,1,0.51540124
,549,3,1,0.5177133
,550,0,1,0.6436785
,550,1,1,0.63472944
,550,2,0,0.75510275
,550,3,2,1.0
,551,0,0,0.50412035
,551,1,3,1.0
,551,2,0,0.7636482
,551,3,0,0.8124254
,552,0,3,1.0
,552,1,1,0.97559625
,552,2,1,0.5153506
,552,3,1,0.75396305
,553,0,1,0.99061996
,553,1,1,0.78783524
,553,2,1,0.5353677
,553,3,3,1.0
,554,0,1,0.54363346
,554,1,3,1.0
,554,2,1,0.52358687
,554,3,1,0.9911823
,555,0,1,0.52167326
,555,1,1,0.9752891
,555,2,1,0.5206814
,555,3,3,1.0
,556,0,1,0.53654927
,556,1,2,1.0
,556,2,1,0.5340403
,556,3,1,0.99110067
,557,0,2,1.0
,557,1,0,0.8107145
,557,2,0,0.75365114
,557,3,1,0.6363749
,558,0,0,0.81833047
,558,1,0,0.5244262
,558,2,0,0.7635377
,558,3,3,1.0
,559,0,1,0.5225508
,559,1,3,1.0
,559,2,1,0.5119608
,559,3,1,0.97427106
,560,0,2,1.0
,560,1,1,0.97362065
,560,2,1,0.5182942
,560,3,1,0.53638893
,561,0,1,0.52020276
,561,1,0,0.7312282
,561,2,2,1.0
,561,3,0,0.75602275
,562,0,3,1.0
,562,1,0,0.5195403
,562,2,0,0.81793666
,562,3,0,0.76269704
,563,0,1,0.99114454
,563,1,3,1.0
,563,2,1,0.52392465
,563,3,1,0.51236016
,564,0,3,1.0
,564,1,1,0.97480047
,564,2,1,0.8480925
,564,3,1,0.5300856
,565,0,1,0.62991416
,565,1,0,0.74204266
,565,2,3,1.0
,565,3,0,0.7476046
,566,0,1,0.5630924
,566,1,1,0.5208241
,566,2,1,0.990361
,566,3,2,1.0
,567,0,2,0.92449826
,567,1,0,0.7603789
,567,2,0,0.73310155
,567,3,0,0.82102287
,568,0,1,0.89633083
,568,1,1,0.51917547
,568,2,2,1.0
,568,3,1,0.52798194
,569,0,0,0.5130752
,569,1,0,0.5299472
,569,2,1,0.5542108
,569,3,2,1.0
,570,0,0,0.7591659
,570,1,0,0.75982165
,570,2,2,0.999984
,570,3,0,0.8180443
,571,0,0,0.76710427
,571,1,0,0.7686991
,571,2,0,0.81959414
,571,3,2,1.0
,572,0,2,1.0
,572,1,0,0.7689955
,572,2,0,0.7692349
,572,3,0,0.8196406
,573,0,0,0.81831956
,573,1,0,0.76898074
,573,2,2,1.0
,573,3,0,0.7707746
,574,0,2,1.0
,574,1,0,0.7690495
,574,2,0,0.78191787
,574,3,0,0.769113
,575,0,0,0.81448805
,575,1,0,0.77075386
,575,2,2,0.89348894
,575,3,0,0.77075607
,576,0,2,1.0
,576,1,0,0.55298954
,576,2,1,0.5969802
,576,3,0,0.55298865
,577,0,1,0.52289647
,577,1,0,0.7598151
,577,2,2,1.0
,577,3,0,0.75979453
,578,0,3,1.0
,578,1,0,0.7680008
,578,2,0,0.8124821
,578,3,0,0.7674347
,579,0,1,0.9735911
,579,1,1,0.500961
,579,2,2,1.0
,579,3,1,0.5189037
,580,0,2,1.0
,580,1,0,0.7543734
,580,2,0,0.81782645
,580,3,1,0.6165408
,581,0,0,0.8196649
,581,1,0,0.7571005
,581,2,0,0.7687806
,581,3,3,1.0
,582,0,1,0.50199705
,582,1,2,1.0
,582,2,0,0.5000924
,582,3,1,0.97324073
,583,0,2,0.9938864
,583,1,1,0.52211523
,583,2,0,0.75698644
,583,3,0,0.74051434
,584,0,0,0.8087189
,584,1,3,1.0
,584,2,0,0.75562865
,584,3,0,0.7653798
,585,0,2,1.0
,585,1,1,0.97421217
,585,2,1,0.83757824
,585,3,1,0.51016444
,586,0,0,0.8196782
,586,1,0,0.7300587
,586,2,3,1.0
,586,3,0,0.7576252
,587,0,1,0.5082032
,587,1,2,0.99648046
,587,2,1,0.9729785
,587,3,0,0.50217193
,588,0,2,1.0
,588,1,1,0.7476928
,588,2,1,0.5390707
,588,3,1,0.5155569
,589,0,0,0.8084818
,589,1,0,0.74811476
,589,2,2,0.9991435
,589,3,0,0.758157
,590,0,1,0.5996039
,590,1,2,1.0
,590,2,0,0.81801033
,590,3,0,0.765415
,591,0,3,1.0
,591,1,0,0.811927
,591,2,0,0.7685995
,591,3,0,0.7668254
,592,0,1,0.9744049
,592,1,2,1.0
,592,2,1,0.50279516
,592,3,0,0.5001897
,593,0,1,0.5024786
,593,1,0,0.82053316
,593,2,2,0.9982696
,593,3,0,0.75905883
,594,0,3,1.0
,594,1,1,0.5208195
,594,2,1,0.9605178
,594,3,1,0.52397406
,595,0,1,0.9910688
,595,1,1,0.521637
,595,2,3,1.0
,595,3,1,0.5323789
,596,0,3,1.0
,596,1,1,0.5254754
,596,2,1,0.9743664
,596,3,1,0.76693225
,597,0,1,0.9911745
,597,1,1,0.5232468
,597,2,1,0.54347193
,597,3,3,1.0
,598,0,3,1.0
,598,1,1,0.52135485
,598,2,1,0.53282744
,598,3,1,0.99105567
,599,0,1,0.97436607
,599,1,1,0.52605
,599,2,1,0.7670656
,599,3,3,1.0
,600,0,1,0.542945
,600,1,1,0.53616554
,600,2,3,1.0
,600,3,1,0.9741372
,601,0,1,0.51955503
,601,1,2,1.0
,601,2,1,0.9735846
,601,3,1,0.5363743
,602,0,2,1.0
,602,1,0,0.8193671
,602,2,0,0.7402046
,602,3,0,0.75747406
,603,0,1,0.5215981
,603,1,0,0.7696067
,603,2,2,1.0
,603,3,0,0.7674083
,604,0,3,1.0
,604,1,0,0.76657116
,604,2,0,0.8117169
,604,3,0,0.7664919
,605,0,1,0.97431034
,605,1,0,0.50223166
,605,2,2,1.0
,605,3,0,0.5021979
,606,0,2,1.0
,606,1,1,0.52730376
,606,2,1,0.74496835
,606,3,1,0.5279909
,607,0,1,0.75036085
,607,1,2,1.0
,607,2,1,0.5351833
,607,3,1,0.84551924
,608,0,0,0.73907286
,608,1,0,0.8196562
,608,2,0,0.7567394
,608,3,3,1.0
,609,0,2,1.0
,609,1,1,0.50963885
,609,2,0,0.5016867
,609,3,1,0.97438604
,610,0,1,0.750131
,610,1,1,0.84526557
,610,2,1,0.52512056
,610,3,2,1.0
,611,0,0,0.7489213
,611,1,3,1.0
,611,2,0,0.74731296
,611,3,0,0.81993705
,612,0,1,0.5030127
,612,1,1,0.97324944
,612,2,2,1.0
,612,3,0,0.502373
,613,0,2,1.0
,613,1,0,0.7402702
,613,2,0,0.8193519
,613,3,0,0.75878155
,614,0,0,0.81963646
,614,1,2,1.0
,614,2,0,0.77076745
,614,3,0,0.7670654
,615,0,0,0.7707124
,615,1,0,0.8183175
,615,2,0,0.7685819
,615,3,2,1.0
,616,0,0,0.767331
,616,1,2,1.0
,616,2,0,0.7559766
,616,3,0,0.8196531
,617,0,2,1.0
,617,1,0,0.8184002
,617,2,1,0.60201627
,617,3,0,0.76761323
,618,0,0,0.81192636
,618,1,0,0.7687174
,618,2,3,1.0
,618,3,0,0.76691115
,619,0,2,1.0
,619,1,1,0.5001493
,619,2,1,0.9735082
,619,3,1,0.50022924
,620,0,1,0.52233744
,620,1,0,0.7571513
,620,2,2,1.0
,620,3,0,0.7571511
,621,0,3,1.0
,621,1,0,0.76597553
,621,2,0,0.81172854
,621,3,0,0.7660469
,622,0,1,0.9732335
,622,1,1,0.5021773
,622,2,2,1.0
,622,3,0,0.5000723
,623,0,0,0.7419261
,623,1,2,1.0
,623,2,0,0.8180269
,623,3,0,0.7587201
,624,0,0,0.76803875
,624,1,0,0.81832784
,624,2,2,1.0
,624,3,0,0.76863164
,625,0,0,0.76896286
,625,1,2,1.0
,625,2,0,0.8182873
,625,3,0,0.7689283
,626,0,0,0.76902026
,626,1,0,0.8196476
,626,2,2,0.99988055
,626,3,0,0.7674499
,627,0,0,0.7689245
,627,1,0,0.7707733
,627,2,0,0.81826746
,627,3,2,1.0
,628,0,0,0.7674496
,628,1,0,0.76908624
,628,2,2,1.0
,628,3,0,0.8196476
,629,0,2,1.0
,629,1,0,0.7689811
,629,2,0,0.81831974
,629,3,0,0.77077204
,630,0,0,0.81832683
,630,1,0,0.7689927
,630,2,2,1.0
,630,3,0,0.7690581
,631,0,2,1.0
,631,1,0,0.76894104
,631,2,0,0.81832814
,631,3,0,0.7689989
,632,0,0,0.8196013
,632,1,0,0.76745194
,632,2,2,1.0
,632,3,0,0.769024
,633,0,0,0.76923645
,633,1,2,1.0
,633,2,0,0.8195932
,633,3,0,0.76900816
,634,0,2,1.0
,634,1,0,0.8196593
,634,2,0,0.7691969
,634,3,0,0.76902646
,635,0,1,0.52161074
,635,1,0,0.76962656
,635,2,2,1.0
,635,3,0,0.7678281
,636,0,3,1.0
,636,1,0,0.76666254
,636,2,0,0.8114219
,636,3,0,0.76659846
,637,0,1,0.99044484
,637,1,1,0.5200607
,637,2,2,1.0
,637,3,1,0.5200635
,638,0,2,1.0
,638,1,0,0.7577907
,638,2,0,0.8177461
,638,3,0,0.7577906
,639,0,0,0.81832653
,639,1,0,0.76859784
,639,2,2,0.9994299
,639,3,0,0.76859784
,640,0,2,1.0
,640,1,0,0.7689816
,640,2,0,0.818071
,640,3,0,0.7689816
,641,0,0,0.81832683
,641,1,0,0.7689949
,641,2,2,1.0
,641,3,0,0.7689949
,642,0,2,1.0
,642,1,0,0.7689956
,642,2,0,0.81832695
,642,3,0,0.7689952
,643,0,0,0.81832695
,643,1,0,0.76899827
,643,2,2,1.0
,643,3,0,0.7689865
,644,0,2,1.0
,644,1,0,0.76907426
,644,2,0,0.818326
,644,3,0,0.7687441
,645,0,0,0.8214237
,645,1,0,0.77114105
,645,2,2,0.99999976
,645,3,0,0.7618174
,646,0,0,0.5011363
,646,1,1,0.50044155
,646,2,1,0.74734825
,646,3,2,1.0
,647,0,0,0.7452067
,647,1,0,0.75851136
,647,2,2,1.0
,647,3,0,0.81786263
,648,0,1,0.6024736
,648,1,0,0.7651198
,648,2,0,0.81841123
,648,3,2,1.0
,649,0,3,1.0
,649,1,0,0.7573787
,649,2,0,0.7687239
,649,3,0,0.81975245
,650,0,1,0.994506
,650,1,2,1.0
,650,2,1,0.5009049
,650,3,0,0.50135267
,651,0,3,1.0
,651,1,0,0.8123983
,651,2,0,0.75855446
,651,3,0,0.75861853
,652,0,1,0.9945007
,652,1,2,1.0
,652,2,1,0.50121695
,652,3,1,0.5017066
,653,0,3,0.99985087
,653,1,0,0.82028425
,653,2,0,0.75870675
,653,3,0,0.748519
,654,0,1,0.9903407
,654,1,1,0.5198584
,654,2,1,0.5203133
,654,3,2,1.0
,655,0,0,0.739604
,655,1,2,1.0
,655,2,0,0.7579802
,655,3,0,0.81932974
,656,0,2,1.0
,656,1,0,0.8183185
,656,2,0,0.7685828
,656,3,0,0.77070045
,657,0,0,0.8196475
,657,1,2,1.0
,657,2,0,0.7690088
,657,3,0,0.76751286
,658,0,0,0.77077013
,658,1,0,0.81831974
,658,2,0,0.76897854
,658,3,2,1.0
,659,0,0,0.7690037
,659,1,2,1.0
,659,2,0,0.76899576
,659,3,0,0.818328
,660,0,0,0.7674528
,660,1,0,0.8196478
,660,2,0,0.7690233
,660,3,2,1.0
,661,0,2,1.0
,661,1,0,0.7707748
,661,2,0,0.76897013
,661,3,0,0.81831974
,662,0,0,0.818326
,662,1,0,0.76913685
,662,2,0,0.76874316
,662,3,2,1.0
,663,0,2,1.0
,663,1,0,0.77114326
,663,2,0,0.7618175
,663,3,0,0.8214295
,664,0,1,0.74734354
,664,1,1,0.50043046
,664,2,2,1.0
,664,3,0,0.5013729
,665,0,2,1.0
,665,1,0,0.75861716
,665,2,0,0.8179107
,665,3,0,0.7499669
,666,0,0,0.8208491
,666,1,0,0.7686934
,666,2,2,1.0
,666,3,0,0.52909213
,667,0,1,0.5095725
,667,1,1,0.52500844
,667,2,1,0.74862707
,667,3,3,1.0
,668,0,1,0.51681936
,668,1,2,1.0
,668,2,1,0.5278732
,668,3,1,0.9945762
,669,0,0,0.75815153
,669,1,0,0.820282
,669,2,0,0.7475594
,669,3,3,1.0
,670,0,1,0.5202265
,670,1,1,0.5198615
,670,2,2,1.0
,670,3,1,0.99036634
,671,0,0,0.7601533
,671,1,2,1.0
,671,2,0,0.8211211
,671,3,0,0.7335163
,672,0,1,0.500942
,672,1,1,0.74734855
,672,2,0,0.5017568
,672,3,2,1.0
,673,0,0,0.7585657
,673,1,2,1.0
,673,2,0,0.7586635
,673,3,0,0.8179804
,674,0,0,0.7685714
,674,1,0,0.81832814
,674,2,0,0.76863045
,674,3,2,1.0
,675,0,0,0.767439
,675,1,2,1.0
,675,2,0,0.7690092
,675,3,0,0.8196013
,676,0,2,1.0
,676,1,0,0.8196392
,676,2,0,0.76895195
,676,3,0,0.76923764
,677,0,0,0.81964105
,677,1,0,0.77074593
,677,2,0,0.767436
,677,3,2,1.0
,678,0,0,0.77080256
,678,1,0,0.7674983
,678,2,2,1.0
,678,3,0,0.819594
,679,0,0,0.7691456
,679,1,2,1.0
,679,2,0,0.819431
,679,3,0,0.76923376
,680,0,0,0.7710563
,680,1,0,0.82143575
,680,2,0,0.76364
,680,3,2,1.0
,681,0,1,0.5024156
,681,1,0,0.5021817
,681,2,2,1.0
,681,3,1,0.7454459
,682,0,2,1.0
,682,1,0,0.7611435
,682,2,0,0.8130363
,682,3,0,0.7523425
,683,0,1,0.8896112
,683,1,1,0.5216094
,683,2,2,1.0
,683,3,1,0.5242405
,684,0,0,0.74481845
,684,1,0,0.75788033
,684,2,0,0.8179988
,684,3,2,1.0
,685,0,0,0.7680862
,685,1,0,0.7686045
,685,2,2,1.0
,685,3,0,0.8183288
,686,0,0,0.76742035
,686,1,0,0.769008
,686,2,0,0.81964767
,686,3,2,1.0
,687,0,2,1.0
,687,1,0,0.768924
,687,2,0,0.7707731
,687,3,0,0.818321
,688,0,0,0.8196012
,688,1,0,0.767451
,688,2,0,0.76908654
,688,3,2,1.0
,689,0,0,0.7692366
,689,1,2,1.0
,689,2,0,0.76900953
,689,3,0,0.819594
,690,0,2,1.0
,690,1,0,0.81964093
,690,2,0,0.76900715
,690,3,0,0.7692352
,691,0,0,0.81829
,691,1,0,0.770778
,691,2,0,0.76898736
,691,3,2,1.0
,692,0,2,1.0
,692,1,0,0.7675123
,692,2,0,0.76752496
,692,3,1,0.5214306
,693,0,0,0.8193056
,693,1,0,0.75502896
,693,2,0,0.75718135
,693,3,3,1.0
,694,0,0,0.52692384
,694,1,1,0.81780416
,694,2,2,1.0
,694,3,1,0.9353731
,695,0,0,0.7588662
,695,1,3,1.0
,695,2,0,0.81988966
,695,3,0,0.73238075
,696,0,1,0.50034386
,696,1,1,0.97325116
,696,2,0,0.5001112
,696,3,2,1.0
,697,0,0,0.75876164
,697,1,0,0.7402262
,697,2,2,1.0
,697,3,0,0.81937075
,698,0,0,0.7674508
,698,1,2,1.0
,698,2,1,0.5216006
,698,3,0,0.76960105
,699,0,0,0.7664114
,699,1,0,0.81172657
,699,2,3,1.0
,699,3,0,0.76641387
,700,0,0,0.500097
,700,1,2,1.0
,700,2,1,0.97323227
,700,3,1,0.50223994
,701,0,0,0.757349
,701,1,1,0.52219665
,701,2,0,0.74049914
,701,3,2,1.0
,702,0,0,0.76569545
,702,1,3,1.0
,702,2,0,0.765095
,702,3,0,0.8125322
,703,0,0,0.5516222
,703,1,1,0.9348319
,703,2,0,0.5515981
,703,3,2,1.0
,704,0,0,0.760471
,704,1,2,1.0
,704,2,0,0.7605272
,704,3,0,0.81801903
,705,0,0,0.7671503
,705,1,0,0.8196012
,705,2,0,0.76872355
,705,3,2,1.0
,706,0,2,1.0
,706,1,0,0.7692366
,706,2,0,0.76899654
,706,3,0,0.8195935
,707,0,0,0.819594
,707,1,2,1.0
,707,2,0,0.76900625
,707,3,0,0.7692161
,708,0,0,0.76923496
,708,1,0,0.8196388
,708,2,0,0.76900625
,708,3,2,0.99994457
,709,0,2,1.0
,709,1,0,0.7707179
,709,2,0,0.76898
,709,3,0,0.8182963
,710,0,0,0.8196498
,710,1,0,0.7675135
,710,2,0,0.7690255
,710,3,2,1.0
,711,0,0,0.7708503
,711,1,2,1.0
,711,2,0,0.7690552
,711,3,0,0.818319
,712,0,0,0.77120316
,712,1,0,0.81367916
,712,2,0,0.7710722
,712,3,2,1.0
,713,0,1,0.50013417
,713,1,2,1.0
,713,2,1,0.50230783
,713,3,1,0.74549425
,714,0,0,0.75709975
,714,1,0,0.81929296
,714,2,2,1.0
,714,3,0,0.7500111
,715,0,2,1.0
,715,1,0,0.76922184
,715,2,0,0.8196395
,715,3,0,0.7683291
,716,0,0,0.81832117
,716,1,2,1.0
,716,2,0,0.7707733
,716,3,0,0.76890033
,717,0,2,1.0
,717,1,0,0.8196012
,717,2,0,0.7690867
,717,3,0,0.7674502
,718,0,0,0.819594
,718,1,0,0.7692366
,718,2,0,0.7690114
,718,3,2,1.0
,719,0,0,0.769234
,719,1,2,1.0
,719,2,0,0.7690614
,719,3,0,0.8196861
,720,0,2,1.0
,720,1,0,0.8136345
,720,2,0,0.77044135
,720,3,0,0.77222675
,721,0,1,0.762548
,721,1,2,1.0
,721,2,1,0.5240807
,721,3,1,0.5240021
,722,0,0,1.0
,722,1,0,1.0
,722,2,2,0.6267542
,722,3,0,1.0
,723,0,0,0.7768373
,723,1,0,0.7768373
,723,2,0,0.6520564
,723,3,2,1.0
,724,0,0,0.77351576
,724,1,0,0.77351576
,724,2,0,0.767572
,724,3,2,1.0
,725,0,0,0.7692425
,725,1,0,0.7692425
,725,2,2,1.0
,725,3,0,0.81832814
,726,0,0,0.77124804
,726,1,0,0.77124804
,726,2,0,0.81367064
,726,3,2,1.0
,727,0,0,0.5025607
,727,1,0,0.5025607
,727,2,2,1.0
,727,3,1,0.7532232
,728,0,1,0.5162144
,728,1,1,0.5162144
,728,2,1,0.7487833
,728,3,2,1.0
,729,0,0,0.75802284
,729,1,0,0.75802284
,729,2,2,1.0
,729,3,0,0.81797796
,730,0,0,0.7686892
,730,1,0,0.7686892
,730,2,0,0.8183262
,730,3,2,1.0
,731,0,0,0.7712287
,731,1,0,0.7712287
,731,2,2,1.0
,731,3,0,0.81367064
,732,0,0,0.5025568
,732,1,0,0.5025604
,732,2,1,0.7532227
,732,3,2,1.0
,733,0,1,0.5162825
,733,1,1,0.516204
,733,2,2,1.0
,733,3,1,0.7487783
,734,0,0,0.7564309
,734,1,0,0.75805527
,734,2,0,0.8193032
,734,3,2,1.0
,735,0,2,1.0
,735,1,0,0.76858664
,735,2,0,0.77075404
,735,3,0,0.8183182
,736,0,0,0.81832814
,736,1,0,0.76898193
,736,2,0,0.7690031
,736,3,2,1.0
,737,0,2,1.0
,737,1,0,0.769023
,737,2,0,0.76745284
,737,3,0,0.81964606
,738,0,0,0.818321
,738,1,0,0.7689802
,738,2,2,1.0
,738,3,0,0.7707178
,739,0,2,1.0
,739,1,0,0.76902264
,739,2,0,0.81964594
,739,3,0,0.7675135
,740,0,0,0.818321
,740,1,0,0.7689782
,740,2,0,0.7707178
,740,3,2,1.0
,741,0,2,1.0
,741,1,0,0.7689683
,741,2,0,0.76751596
,741,3,0,0.81964624
,742,0,0,0.81964093
,742,1,0,0.7674364
,742,2,2,1.0
,742,3,0,0.77074593
,743,0,0,0.7707995
,743,1,2,1.0
,743,2,0,0.81964046
,743,3,0,0.76749694
,744,0,0,0.7690416
,744,1,0,0.8183196
,744,2,0,0.77076966
,744,3,2,1.0
,745,0,0,0.7689961
,745,1,2,1.0
,745,2,0,0.7690037
,745,3,0,0.81832814
,746,0,0,0.7689692
,746,1,0,0.81964797
,746,2,0,0.76745504
,746,3,2,1.0
,747,0,0,0.7674354
,747,1,0,0.77080053
,747,2,2,1.0
,747,3,0,0.81959414
,748,0,2,1.0
,748,1,0,0.76907235
,748,2,0,0.8196426
,748,3,0,0.7692347
,749,0,0,0.81831914
,749,1,0,0.7690598
,749,2,0,0.7708505
,749,3,2,1.0
,750,0,2,1.0
,750,1,0,0.7711421
,750,2,0,0.7712051
,750,3,0,0.8136739
,751,0,1,0.7473011
,751,1,1,0.5003273
,751,2,1,0.5003245
,751,3,2,1.0
,752,0,2,1.0
,752,1,0,0.75859016
,752,2,0,0.7585902
,752,3,0,0.8179805
,753,0,0,0.8183268
,753,1,0,0.7686267
,753,2,0,0.7686268
,753,3,2,1.0
,754,0,2,1.0
,754,1,0,0.7689826
,754,2,0,0.7689826
,754,3,0,0.81832695
,755,0,0,0.81832683
,755,1,0,0.7689949
,755,2,0,0.76899505
,755,3,2,1.0
,756,0,2,1.0
,756,1,0,0.7689935
,756,2,0,0.7689954
,756,3,0,0.81832695
,757,0,0,0.8183282
,757,1,0,0.76894104
,757,2,0,0.7689967
,757,3,2,1.0
,758,0,2,1.0
,758,1,0,0.76745045
,758,2,0,0.76902366
,758,3,0,0.8196476
,759,0,0,0.81831974
,759,1,2,1.0
,759,2,0,0.7689791
,759,3,0,0.77077013
,760,0,2,1.0
,760,1,0,0.818328
,760,2,0,0.76899576
,760,3,0,0.7690037
,761,0,0,0.8196013
,761,1,2,1.0
,761,2,0,0.7690218
,761,3,0,0.7674542
,762,0,0,0.7692376
,762,1,0,0.8196409
,762,2,0,0.7689525
,762,3,2,1.0
,763,0,2,1.0
,763,1,0,0.77080005
,763,2,0,0.7674338
,763,3,0,0.819639
,764,0,0,0.8183209
,764,1,0,0.7690428
,764,2,2,1.0
,764,3,0,0.77071726
,765,0,2,1.0
,765,1,0,0.7690252
,765,2,0,0.8196012
,765,3,0,0.76751477
,766,0,0,0.819594
,766,1,0,0.7690073
,766,2,0,0.76923674
,766,3,2,1.0
,767,0,0,0.7692354
,767,1,0,0.7690066
,767,2,2,1.0
,767,3,0,0.819639
,768,0,2,1.0
,768,1,0,0.76897985
,768,2,0,0.8183211
,768,3,0,0.7707179
,769,0,0,0.8196012
,769,1,0,0.769023
,769,2,2,1.0
,769,3,0,0.7675149
,770,0,0,0.76923525
,770,1,0,0.769007
,770,2,0,0.8196387
,770,3,2,1.0
,771,0,2,1.0
,771,1,0,0.76898414
,771,2,0,0.77071637
,771,3,0,0.8183205
,772,0,0,0.8126491
,772,1,0,0.7691057
,772,2,0,0.767434
,772,3,2,1.0
,773,0,0,0.5320029
,773,1,0,0.76936245
,773,2,2,0.99999356
,773,3,0,0.8207021
,774,0,3,1.0
,774,1,1,0.51461303
,774,2,1,0.75107795
,774,3,1,0.51469857
,775,0,1,0.63835853
,775,1,0,0.76097214
,775,2,0,0.7445516
,775,3,2,1.0
,776,0,2,1.0
,776,1,1,0.50574815
,776,2,1,0.7527552
,776,3,1,0.74626863
,777,0,1,0.75029796
,777,1,1,0.52535945
,777,2,3,1.0
,777,3,1,0.5382614
,778,0,0,0.7525075
,778,1,0,0.7605035
,778,2,1,0.6380876
,778,3,2,0.9999999
,779,0,1,0.50356317
,779,1,1,0.5009612
,779,2,2,1.0
,779,3,1,0.7456544
,780,0,2,1.0
,780,1,0,0.7586517
,780,2,0,0.81801426
,780,3,0,0.74996656
,781,0,0,0.8183286
,781,1,0,0.76863146
,781,2,2,1.0
,781,3,0,0.76826805
,782,0,2,1.0
,782,1,0,0.7690108
,782,2,0,0.81964767
,782,3,0,0.76742667
,783,0,0,0.81831974
,783,1,0,0.76897854
,783,2,0,0.7707702
,783,3,2,1.0
,784,0,2,1.0
,784,1,0,0.76899576
,784,2,0,0.7690037
,784,3,0,0.818328
,785,0,0,0.8196013
,785,1,0,0.7690239
,785,2,0,0.76745415
,785,3,2,1.0
,786,0,0,0.7692366
,786,1,0,0.76901007
,786,2,2,1.0
,786,3,0,0.819594
,787,0,2,1.0
,787,1,0,0.76908517
,787,2,0,0.81943136
,787,3,0,0.76923436
,788,0,0,0.8213738
,788,1,0,0.7711234
,788,2,0,0.76363873
,788,3,2,1.0
,789,0,1,0.50019026
,789,1,1,0.5001659
,789,2,2,1.0
,789,3,1,0.74553365
,790,0,2,1.0
,790,1,0,0.7586813
,790,2,0,0.8180146
,790,3,0,0.74997437
,791,0,0,0.8183274
,791,1,0,0.7686313
,791,2,2,1.0
,791,3,0,0.7683209
,792,0,2,1.0
,792,1,0,0.76898396
,792,2,0,0.8183283
,792,3,0,0.7689173
,793,0,0,0.8196476
,793,1,0,0.7690231
,793,2,2,1.0
,793,3,0,0.7674496
,794,0,0,0.77077013
,794,1,0,0.768979
,794,2,0,0.81831974
,794,3,2,1.0
,795,0,0,0.7690037
,795,1,0,0.7689959
,795,2,2,1.0
,795,3,0,0.818328
,796,0,0,0.7674542
,796,1,0,0.7690239
,796,2,0,0.81960136
,796,3,2,1.0
,797,0,2,1.0
,797,1,0,0.7690072
,797,2,0,0.76923674
,797,3,0,0.819594
,798,0,0,0.81959426
,798,1,0,0.76900685
,798,2,2,1.0
,798,3,0,0.7692366
,799,0,0,0.7692366
,799,1,0,0.76900685
,799,2,0,0.81959414
,799,3,2,1.0
,800,0,2,1.0
,800,1,0,0.76900685
,800,2,0,0.76923674
,800,3,0,0.81959426
,801,0,0,0.81959426
,801,1,0,0.76900685
,801,2,2,1.0
,801,3,0,0.7692366
,802,0,0,0.76923525
,802,1,0,0.7690066
,802,2,0,0.81964046
,802,3,2,1.0
,803,0,2,1.0
,803,1,0,0.76897883
,803,2,0,0.7707702
,803,3,0,0.8183199
,804,0,0,0.818328
,804,1,0,0.7689986
,804,2,0,0.7690037
,804,3,2,1.0
,805,0,2,1.0
,805,1,0,0.7691022
,805,2,0,0.76745194
,805,3,0,0.8197129
,806,0,0,0.8136668
,806,1,0,0.77112633
,806,2,2,1.0
,806,3,0,0.7729051
,807,0,2,1.0
,807,1,1,0.500317
,807,2,1,0.74729586
,807,3,1,0.5003166
,808,0,0,0.8192593
,808,1,0,0.7586258
,808,2,2,1.0
,808,3,0,0.7570081
,809,0,0,0.7692193
,809,1,0,0.76863486
,809,2,0,0.81963736
,809,3,2,1.0
,810,0,2,1.0
,810,1,0,0.76896673
,810,2,0,0.7707178
,810,3,0,0.8183211
,811,0,0,0.8196475
,811,1,0,0.7690223
,811,2,0,0.7675134
,811,3,2,1.0
,812,0,0,0.77077204
,812,1,0,0.7689789
,812,2,2,1.0
,812,3,0,0.81831974
,813,0,0,0.7690581
,813,1,0,0.7689947
,813,2,0,0.8183268
,813,3,2,1.0
,814,0,0,0.7689977
,814,1,0,0.7689955
,814,2,2,1.0
,814,3,0,0.81832695
,815,0,0,0.7689956
,815,1,0,0.7689955
,815,2,0,0.81832695
,815,3,2,1.0
,816,0,0,0.7689955
,816,1,0,0.7689955
,816,2,2,1.0
,816,3,0,0.81832695
,817,0,0,0.7689955
,817,1,0,0.7689955
,817,2,0,0.81832695
,817,3,2,1.0
,818,0,0,0.7689955
,818,1,0,0.7689955
,818,2,2,1.0
,818,3,0,0.81832695
,819,0,0,0.7689955
,819,1,0,0.7689954
,819,2,0,0.81832695
,819,3,2,1.0
,820,0,0,0.7689955
,820,1,0,0.76899356
,820,2,2,1.0
,820,3,0,0.81832695
,821,0,0,0.76899475
,821,1,0,0.76894104
,821,2,0,0.81832814
,821,3,2,1.0
,822,0,0,0.7689691
,822,1,0,0.76745284
,822,2,2,1.0
,822,3,0,0.81964797
,823,0,0,0.7674341
,823,1,2,1.0
,823,2,0,0.8196389
,823,3,0,0.77080005
,824,0,2,1.0
,824,1,0,0.8183209
,824,2,0,0.77071726
,824,3,0,0.7690428
,825,0,0,0.81960106
,825,1,2,1.0
,825,2,0,0.7675149
,825,3,0,0.76902527
,826,0,0,0.76923525
,826,1,0,0.81964046
,826,2,2,1.0
,826,3,0,0.76900697
,827,0,2,1.0
,827,1,0,0.77077204
,827,2,0,0.8183199
,827,3,0,0.7689767
,828,0,0,0.818328
,828,1,0,0.7690593
,828,2,2,1.0
,828,3,0,0.7689402
,829,0,2,1.0
,829,1,0,0.7690261
,829,2,0,0.8196012
,829,3,0,0.76745194
,830,0,0,0.819594
,830,1,0,0.7690073
,830,2,0,0.76923674
,830,3,2,1.0
,831,0,0,0.7692349
,831,1,0,0.7690066
,831,2,2,1.0
,831,3,0,0.8196389
,832,0,2,0.9999988
,832,1,0,0.768978
,832,2,0,0.8183211
,832,3,0,0.7707179
,833,0,0,0.8196473
,833,1,0,0.76896816
,833,2,2,1.0
,833,3,0,0.7675158
,834,0,0,0.77080035
,834,1,0,0.7674355
,834,2,0,0.81959414
,834,3,2,1.0
,835,0,0,0.76906985
,835,1,2,1.0
,835,2,0,0.76923615
,835,3,0,0.81959397
,836,0,0,0.7690089
,836,1,0,0.819639
,836,2,2,1.0
,836,3,0,0.7692354
,837,0,0,0.7689799
,837,1,0,0.7707179
,837,2,0,0.8183211
,837,3,2,1.0
,838,0,0,0.7690231
,838,1,0,0.7675149
,838,2,2,1.0
,838,3,0,0.8196012
,839,0,0,0.7690096
,839,1,2,1.0
,839,2,0,0.8196428
,839,3,0,0.76923525
,840,0,0,0.769055
,840,1,0,0.81831914
,840,2,0,0.7708505
,840,3,2,1.0
,841,0,0,0.7710722
,841,1,2,1.0
,841,2,0,0.7712051
,841,3,0,0.813679
,842,0,1,0.5023162
,842,1,1,0.74555707
,842,2,1,0.50007725
,842,3,2,1.0
,843,0,2,1.0
,843,1,0,0.74835056
,843,2,0,0.75844646
,843,3,0,0.8194096
,844,0,0,0.82156575
,844,1,2,1.0
,844,2,0,0.7610474
,844,3,0,0.77305716
,845,0,1,0.51895195
,845,1,1,0.8905446
,845,2,2,1.0
,845,3,1,0.52108043
,846,0,0,0.76005566
,846,1,2,1.0
,846,2,0,0.8132897
,846,3,0,0.75990796
,847,0,1,0.5005624
,847,1,1,0.7454991
,847,2,2,1.0
,847,3,1,0.50281715
,848,0,0,0.758667
,848,1,0,0.74997336
,848,2,0,0.8180146
,848,3,2,1.0
,849,0,0,0.76863194
,849,1,0,0.76826835
,849,2,2,1.0
,849,3,0,0.8183286
,850,0,0,0.7690111
,850,1,0,0.76742816
,850,2,0,0.81960136
,850,3,2,1.0
,851,0,0,0.7690049
,851,1,2,1.0
,851,2,0,0.76923674
,851,3,0,0.819594
,852,0,0,0.76895094
,852,1,0,0.81964165
,852,2,2,1.0
,852,3,0,0.76923746
,853,0,0,0.76739514
,853,1,0,0.77081686
,853,2,0,0.8196551
,853,3,2,1.0
,854,0,2,1.0
,854,1,0,0.7678064
,854,2,0,0.769486
,854,3,1,0.52167356
,855,0,0,0.81771153
,855,1,0,0.7643339
,855,2,0,0.7628208
,855,3,3,1.0
,856,0,0,0.7696152
,856,1,0,0.7692846
,856,2,2,1.0
,856,3,1,0.6280386
,857,0,2,1.0
,857,1,0,0.76907325
,857,2,0,0.8196172
,857,3,0,0.75336915
,858,0,0,0.81959325
,858,1,0,0.76900685
,858,2,0,0.76923525
,858,3,2,1.0
,859,0,0,0.7692366
,859,1,0,0.76900697
,859,2,2,1.0
,859,3,0,0.81959414
,860,0,2,1.0
,860,1,0,0.7690075
,860,2,0,0.8196414
,860,3,0,0.7692351
,861,0,0,0.81829005
,861,1,0,0.7689987
,861,2,0,0.7707917
,861,3,2,1.0
,862,0,2,1.0
,862,1,0,0.76784724
,862,2,0,0.7678991
,862,3,1,0.5215761
,863,0,0,0.8097596
,863,1,0,0.7665316
,863,2,0,0.76620066
,863,3,3,1.0
,864,0,2,0.99080384
,864,1,0,0.5027932
,864,2,1,0.507722
,864,3,1,0.9743816
,865,0,1,0.8909258
,865,1,1,0.53311545
,865,2,1,0.77238333
,865,3,2,1.0
,866,0,1,0.5394725
,866,1,1,0.52372473
,866,2,3,1.0
,866,3,1,0.7578746
,867,0,1,0.5178824
,867,1,1,0.5172648
,867,2,1,0.9738734
,867,3,2,1.0
,868,0,0,0.7579513
,868,1,0,0.7563525
,868,2,2,1.0
,868,3,0,0.81923896
,869,0,0,0.7686135
,869,1,2,1.0
,869,2,0,0.8190837
,869,3,0,0.76921976
,870,0,0,0.7690598
,870,1,0,0.81970876
,870,2,0,0.75206995
,870,3,2,1.0
,871,0,0,0.770813
,871,1,0,0.77301013
,871,2,2,0.95319366
,871,3,0,0.81366295
,872,0,1,0.5105963
,872,1,0,0.50278205
,872,2,1,0.7539549
,872,3,2,1.0
,873,0,2,1.0
,873,1,1,0.5126841
,873,2,1,0.52413255
,873,3,1,0.75486183
,874,0,1,0.89024454
,874,1,1,0.5349157
,874,2,1,0.53765136
,874,3,2,1.0
,875,0,0,0.74479485
,875,1,0,0.7573476
,875,2,2,1.0
,875,3,0,0.81799823
,876,0,0,0.76816815
,876,1,0,0.7670397
,876,2,0,0.8196467
,876,3,2,1.0
,877,0,0,0.7689499
,877,1,2,1.0
,877,2,0,0.7707178
,877,3,0,0.818321
,878,0,0,0.76902145
,878,1,0,0.8196475
,878,2,0,0.7675134
,878,3,2,1.0
,879,0,0,0.7689747
,879,1,0,0.77076983
,879,2,2,1.0
,879,3,0,0.81831974
,880,0,0,0.76887333
,880,1,0,0.76899195
,880,2,0,0.8195799
,880,3,2,1.0
,881,0,0,0.77168053
,881,1,0,0.77323365
,881,2,0,0.7749515
,881,3,2,1.0
,882,0,2,1.0
,882,1,0,0.769179
,882,2,0,0.7676708
,882,3,0,0.8196033
,883,0,0,0.81959414
,883,1,0,0.7690108
,883,2,2,1.0
,883,3,0,0.7692369
,884,0,0,0.7692376
,884,1,0,0.76895195
,884,2,0,0.819643
,884,3,2,1.0
,885,0,2,1.0
,885,1,0,0.7674227
,885,2,0,0.7708672
,885,3,0,0.8194311
,886,0,0,0.8215187
,886,1,2,0.9999727
,886,2,0,0.7708742
,886,3,0,0.7636275
,887,0,0,0.5048276
,887,1,1,0.74368674
,887,2,1,0.51068926
,887,3,2,1.0
,888,0,1,0.51289475
,888,1,1,0.5369403
,888,2,2,1.0
,888,3,1,0.7447483
,889,0,1,0.5168087
,889,1,2,1.0
,889,2,1,0.74681586
,889,3,1,0.528913
,890,0,0,0.7497684
,890,1,0,0.81315196
,890,2,0,0.7521553
,890,3,2,0.9999976
,891,0,1,0.83783156
,891,1,2,1.0
,891,2,1,0.5109967
,891,3,1,0.74953437
,892,0,3,1.0
,892,1,0,0.8199193
,892,2,0,0.7573715
,892,3,0,0.7384022
,893,0,1,0.97325283
,893,1,0,0.50226766
,893,2,1,0.5027515
,893,3,2,0.997225
,894,0,0,0.741657
,894,1,0,0.7588787
,894,2,2,1.0
,894,3,0,0.8167798
,895,0,0,0.76084787
,895,1,0,0.77071387
,895,2,0,0.8214403
,895,3,2,0.99999976
,896,0,2,0.9999999
,896,1,1,0.50242907
,896,2,0,0.50206286
,896,3,1,0.745593
,897,0,0,0.81933945
,897,1,2,1.0
,897,2,0,0.7587952
,897,3,0,0.7483494
,898,0,0,0.7707543
,898,1,0,0.8183178
,898,2,0,0.7686118
,898,3,2,1.0
,899,0,0,0.7690031
,899,1,2,1.0
,899,2,0,0.76898277
,899,3,0,0.818328
,900,0,0,0.76745415
,900,1,0,0.8196013
,900,2,0,0.7690235
,900,3,2,1.0
,901,0,2,1.0
,901,1,0,0.7692366
,901,2,0,0.76900715
,901,3,0,0.819594
,902,0,0,0.81964135
,902,1,2,1.0
,902,2,0,0.7690073
,902,3,0,0.7692347
,903,0,0,0.77078897
,903,1,0,0.81829005
,903,2,0,0.76899374
,903,3,2,0.9999989
,904,0,0,0.7678251
,904,1,2,1.0
,904,2,0,0.7677076
,904,3,1,0.52166045
,905,0,0,0.7642805
,905,1,0,0.8177591
,905,2,0,0.762759
,905,3,3,1.0
,906,0,0,0.767714
,906,1,0,0.7711735
,906,2,2,1.0
,906,3,1,0.6279693
,907,0,2,1.0
,907,1,0,0.7691113
,907,2,0,0.8183435
,907,3,0,0.754918
,908,0,0,0.8192672
,908,1,0,0.7690312
,908,2,2,1.0
,908,3,0,0.76694936
,909,0,0,0.7577907
,909,1,0,0.7689364
,909,2,0,0.8182095
,909,3,2,1.0
,910,0,1,0.6019139
,910,1,0,0.7658351
,910,2,2,1.0
,910,3,0,0.8184132
,911,0,3,0.9999975
,911,1,0,0.7670247
,911,2,0,0.81163234
,911,3,0,0.7688236
,912,0,1,0.9903507
,912,1,1,0.51991767
,912,2,2,1.0
,912,3,1,0.52208424
,913,0,0,0.74120444
,913,1,0,0.7579588
,913,2,0,0.8180068
,913,3,2,1.0
,914,0,0,0.7664673
,914,1,0,0.76863515
,914,2,2,1.0
,914,3,0,0.8196021
,915,0,2,1.0
,915,1,0,0.76899606
,915,2,0,0.81963223
,915,3,0,0.7692352
,916,0,0,0.8183164
,916,1,0,0.7690588
,916,2,0,0.7704933
,916,3,2,1.0
,917,0,2,1.0
,917,1,0,0.7711368
,917,2,0,0.76101184
,917,3,0,0.8134836
,918,0,1,0.74915576
,918,1,1,0.5101593
,918,2,1,0.837591
,918,3,2,1.0
,919,0,0,0.74925345
,919,1,0,0.7577407
,919,2,3,0.9999888
,919,3,0,0.8117099
,920,0,1,0.5280405
,920,1,1,0.5275918
,920,2,1,0.9965824
,920,3,2,1.0
,921,0,0,0.75590163
,921,1,0,0.75754154
,921,2,2,1.0
,921,3,0,0.81921184
,922,0,2,1.0
,922,1,0,0.7686168
,922,2,0,0.8196577
,922,3,0,0.76917875
,923,0,1,0.52085745
,923,1,0,0.76783675
,923,2,0,0.7696339
,923,3,2,1.0
,924,0,3,1.0
,924,1,0,0.7654996
,924,2,0,0.765122
,924,3,0,0.61022353
,925,0,1,0.9965775
,925,1,1,0.5258003
,925,2,1,0.5398741
,925,3,3,1.0
,926,0,1,0.5709145
,926,1,1,0.53741175
,926,2,2,1.0
,926,3,1,0.9965264
,927,0,2,1.0
,927,1,1,0.5178666
,927,2,1,0.7487413
,927,3,1,0.53823763
,928,0,0,0.8193607
,928,1,0,0.75808406
,928,2,2,1.0
,928,3,0,0.7556505
,929,0,0,0.7725816
,929,1,0,0.7708336
,929,2,0,0.8136615
,929,3,2,1.0
,930,0,1,0.51050377
,930,1,0,0.5025469
,930,2,2,1.0
,930,3,1,0.74338484
,931,0,2,1.0
,931,1,1,0.5155521
,931,2,1,0.7471448
,931,3,1,0.52877617
,932,0,0,0.8210653
,932,1,0,0.7603265
,932,2,0,0.7423418
,932,3,2,1.0
,933,0,1,0.5002253
,933,1,1,0.500682
,933,2,2,1.0
,933,3,1,0.74560213
,934,0,2,1.0
,934,1,0,0.7583924
,934,2,0,0.8192919
,934,3,0,0.74834764
,935,0,0,0.81970894
,935,1,0,0.7601945
,935,2,0,0.7691109
,935,3,2,1.0
,936,0,0,0.7712281
,936,1,0,0.5295629
,936,2,2,1.0
,936,3,0,0.8205308
,937,0,1,0.5122187
,937,1,3,1.0
,937,2,1,0.7489545
,937,3,1,0.5215534
,938,0,0,0.5294392
,938,1,1,0.9351965
,938,2,0,0.5188624
,938,3,2,1.0
,939,0,0,0.75941694
,939,1,2,1.0
,939,2,0,0.75927514
,939,3,0,0.8180091
,940,0,0,0.7602753
,940,1,0,0.819715
,940,2,0,0.766697
,940,3,2,1.0
,941,0,0,0.53022265
,941,1,0,0.7711572
,941,2,2,0.99918664
,941,3,0,0.82077146
,942,0,3,1.0
,942,1,1,0.51631486
,942,2,1,0.9375711
,942,3,1,0.51413554
,943,0,1,0.6407906
,943,1,0,0.75842565
,943,2,3,1.0
,943,3,0,0.7585028
,944,0,2,1.0
,944,1,1,0.5008948
,944,2,1,0.9735361
,944,3,1,0.50089204
,945,0,0,0.8132994
,945,1,0,0.7607317
,945,2,2,1.0
,945,3,0,0.76071674
,946,0,2,1.0
,946,1,1,0.500674
,946,2,1,0.7473012
,946,3,1,0.5011393
,947,0,0,0.8210354
,947,1,0,0.7607808
,947,2,2,1.0
,947,3,0,0.7511765
,948,0,1,0.5003075
,948,1,1,0.50063425
,948,2,1,0.7455225
,948,3,2,1.0
,949,0,2,1.0
,949,1,0,0.7573033
,949,2,0,0.74858266
,949,3,1,0.5222487
,950,0,0,0.81142783
,950,1,0,0.76623243
,950,2,0,0.7658513
,950,3,3,1.0
,951,0,2,0.9999999
,951,1,1,0.51995474
,951,2,1,0.52221704
,951,3,1,0.99035096
,952,0,0,0.8180054
,952,1,0,0.75795585
,952,2,2,1.0
,952,3,0,0.7412628
,953,0,2,1.0
,953,1,0,0.76860654
,953,2,0,0.8183277
,953,3,0,0.76801324
,954,0,0,0.8183282
,954,1,0,0.76898587
,954,2,2,1.0
,954,3,0,0.7689064
,955,0,2,1.0
,955,1,0,0.76910186
,955,2,0,0.8197126
,955,3,0,0.7674484
,956,0,0,0.81366676
,956,1,0,0.77113
,956,2,0,0.772896
,956,3,2,1.0
,957,0,2,1.0
,957,1,1,0.5002073
,957,2,1,0.50062096
,957,3,1,0.7473013
,958,0,0,0.82117057
,958,1,0,0.76097167
,958,2,0,0.75080794
,958,3,2,0.99999964
,959,0,1,0.52126867
,959,1,1,0.52154076
,959,2,2,1.0
,959,3,1,0.8897885
,960,0,2,1.0
,960,1,0,0.76019067
,960,2,0,0.82085
,960,3,0,0.73609996
,961,0,1,0.7540943
,961,1,0,0.5017828
,961,2,1,0.50889784
,961,3,2,0.9957847
,962,0,1,0.8498251
,962,1,1,0.5219851
,962,2,2,1.0
,962,3,1,0.75046587
,963,0,3,1.0
,963,1,0,0.7582048
,963,2,0,0.82037675
,963,3,0,0.73968196
,964,0,1,0.99037504
,964,1,1,0.5206481
,964,2,1,0.52028865
,964,3,2,0.99999964
,965,0,0,0.74375176
,965,1,0,0.7603108
,965,2,2,1.0
,965,3,0,0.8130234
,966,0,1,0.5225112
,966,1,1,0.5217075
,966,2,1,0.890525
,966,3,2,1.0
,967,0,0,0.75613344
,967,1,0,0.75778466
,967,2,2,1.0
,967,3,0,0.8192717
,968,0,2,1.0
,968,1,0,0.76857793
,968,2,0,0.8183193
,968,3,0,0.77070045
,969,0,0,0.8196473
,969,1,0,0.76900864
,969,2,2,1.0
,969,3,0,0.7675128
,970,0,0,0.7707632
,970,1,0,0.7689812
,970,2,0,0.81831974
,970,3,2,1.0
,971,0,0,0.76880693
,971,1,0,0.76907086
,971,2,2,1.0
,971,3,0,0.81832606
,972,0,0,0.7618275
,972,1,0,0.771071
,972,2,0,0.82144225
,972,3,2,1.0
,973,0,2,1.0
,973,1,1,0.5024182
,973,2,0,0.5021565
,973,3,1,0.74580306
,974,0,0,0.8212152
,974,1,2,1.0
,974,2,0,0.76063764
,974,3,0,0.742386
,975,0,0,0.50444835
,975,1,1,0.7540404
,975,2,1,0.5116539
,975,3,2,1.0
,976,0,1,0.52452457
,976,1,1,0.8506727
,976,2,2,1.0
,976,3,1,0.74995345
,977,0,0,0.7473574
,977,1,3,0.9999993
,977,2,0,0.8198865
,977,3,0,0.749022
,978,0,2,1.0
,978,1,1,0.97324145
,978,2,0,0.5001261
,978,3,1,0.50083137
,979,0,0,0.819426
,979,1,0,0.7416691
,979,2,2,0.9999597
,979,3,0,0.75710386
,980,0,0,0.77323925
,980,1,0,0.7602962
,980,2,0,0.82135195
,980,3,2,1.0
,981,0,1,0.5266732
,981,1,2,1.0
,981,2,1,0.5378114
,981,3,1,0.983869
,982,0,1,0.5145064
,982,1,1,0.75463194
,982,2,2,1.0
,982,3,1,0.5348114
,983,0,1,0.516842
,983,1,2,1.0
,983,2,1,0.7470064
,983,3,1,0.5199036
,984,0,0,0.7564905
,984,1,0,0.81933457
,984,2,0,0.7499426
,984,3,2,1.0
,985,0,2,1.0
,985,1,0,0.77075946
,985,2,0,0.7682459
,985,3,0,0.8183199
,986,0,0,0.8196012
,986,1,0,0.76908606
,986,2,0,0.767427
,986,3,2,1.0
,987,0,0,0.76923525
,987,1,0,0.76900715
,987,2,2,1.0
,987,3,0,0.8196406
,988,0,2,1.0
,988,1,0,0.7689242
,988,2,0,0.8183211
,988,3,0,0.7707756
,989,0,0,0.8197159
,989,1,0,0.76744884
,989,2,2,1.0
,989,3,0,0.7691533
,990,0,0,0.7730116
,990,1,2,1.0
,990,2,0,0.8136644
,990,3,0,0.7708016
,991,0,0,0.5029
,991,1,1,0.7432108
,991,2,2,1.0
,991,3,1,0.51098996
,992,0,1,0.53411555
,992,1,1,0.54711825
,992,2,1,0.8901877
,992,3,2,1.0
,993,0,0,0.75737447
,993,1,2,1.0
,993,2,0,0.7447954
,993,3,0,0.8179977
,994,0,0,0.7670406
,994,1,0,0.8196484
,994,2,0,0.7681681
,994,3,2,1.0
,995,0,2,1.0
,995,1,0,0.7707721
,995,2,0,0.7689468
,995,3,0,0.8183198
,996,0,0,0.818328
,996,1,0,0.7690594
,996,2,0,0.76893914
,996,3,2,1.0
,997,0,2,1.0
,997,1,0,0.76902914
,997,2,0,0.76745194
,997,3,0,0.8196012
,998,0,0,0.81971025
,998,1,0,0.769091
,998,2,2,1.0
,998,3,0,0.7692349
,999,0,0,0.7730774
,999,1,0,0.7712968
,999,2,0,0.81334746
,999,3,2,1.0
,1000,0,1,0.52103925
,1000,1,1,0.5211172
,1000,2,2,1.0
,1000,3,1,0.8905295
,1001,0,0,0.76008415
,1001,1,0,0.76008147
,1001,2,0,0.8132812
,1001,3,2,1.0
,1002,0,0,0.50207245
,1002,1,0,0.5020723
,1002,2,2,1.0
,1002,3,1,0.7532234
,1003,0,1,0.5161057
,1003,1,1,0.5161058
,1003,2,1,0.74883026
,1003,3,2,1.0
,1004,0,0,0.7595589
,1004,1,0,0.7595589
,1004,2,2,0.99989986
,1004,3,0,0.6075439
,1005,0,1,0.5130126
,1005,1,1,0.5130126
,1005,2,1,0.7586785
,1005,3,3,1.0
,1006,0,1,0.5167678
,1006,1,1,0.51676786
,1006,2,2,1.0
,1006,3,1,0.9738789
,1007,0,0,0.7580362
,1007,1,0,0.7580362
,1007,2,0,0.81795925
,1007,3,2,1.0
,1008,0,0,0.7707542
,1008,1,0,0.7707542
,1008,2,2,1.0
,1008,3,0,0.8136739
,1009,0,1,0.50034386
,1009,1,1,0.50034386
,1009,2,1,0.74730104
,1009,3,2,1.0
,1010,0,0,0.7585895
,1010,1,0,0.7585895
,1010,2,2,1.0
,1010,3,0,0.8179806
,1011,0,0,0.7686248
,1011,1,0,0.7686267
,1011,2,0,0.81832653
,1011,3,2,1.0
,1012,0,0,0.76892805
,1012,1,0,0.7689838
,1012,2,2,0.9999993
,1012,3,0,0.8183282
,1013,0,0,0.7674501
,1013,1,0,0.7690231
,1013,2,0,0.81964576
,1013,3,2,1.0
,1014,0,2,1.0
,1014,1,0,0.7689801
,1014,2,0,0.7707178
,1014,3,0,0.818321
,1015,0,0,0.8196012
,1015,1,0,0.769023
,1015,2,0,0.7675149
,1015,3,2,1.0
,1016,0,0,0.7692366
,1016,1,0,0.76900715
,1016,2,2,1.0
,1016,3,0,0.819594
,1017,0,2,1.0
,1017,1,0,0.76900464
,1017,2,0,0.81964064
,1017,3,0,0.7692354
,1018,0,0,0.81832117
,1018,1,0,0.7689242
,1018,2,0,0.7707733
,1018,3,2,1.0
,1019,0,2,1.0
,1019,1,0,0.767451
,1019,2,0,0.76908654
,1019,3,0,0.81960106
,1020,0,0,0.819594
,1020,1,2,1.0
,1020,2,0,0.76900935
,1020,3,0,0.7692366
,1021,0,0,0.7692354
,1021,1,0,0.8196389
,1021,2,0,0.7690068
,1021,3,2,1.0
,1022,0,2,1.0
,1022,1,0,0.7707179
,1022,2,0,0.76898
,1022,3,0,0.8183211
,1023,0,0,0.81960106
,1023,1,0,0.7675149
,1023,2,0,0.7690257
,1023,3,2,1.0
,1024,0,0,0.7692344
,1024,1,2,1.0
,1024,2,0,0.769083
,1024,3,0,0.8194312
,1025,0,2,1.0
,1025,1,0,0.8214356
,1025,2,0,0.77105415
,1025,3,0,0.7636399
,1026,0,1,0.745449
,1026,1,0,0.5021736
,1026,2,1,0.5024172
,1026,3,2,1.0
,1027,0,0,0.752236
,1027,1,0,0.7609677
,1027,2,2,1.0
,1027,3,0,0.8133533
,1028,0,1,0.5011526
,1028,1,1,0.5007661
,1028,2,1,0.7472987
,1028,3,2,1.0
,1029,0,0,0.7586586
,1029,1,0,0.7586722
,1029,2,2,1.0
,1029,3,0,0.8179626
,1030,0,0,0.7702412
,1030,1,0,0.77023864
,1030,2,0,0.6081613
,1030,3,2,1.0
,1031,0,1,0.5123123
,1031,1,1,0.51241106
,1031,2,3,1.0
,1031,3,1,0.75895774
,1032,0,1,0.53368527
,1032,1,1,0.5359311
,1032,2,1,0.99044627
,1032,3,2,1.0
,1033,0,0,0.75754476
,1033,1,2,1.0
,1033,2,0,0.7409827
,1033,3,0,0.8180025
,1034,0,0,0.77073693
,1034,1,0,0.82144105
,1034,2,0,0.76081645
,1034,3,2,1.0
,1035,0,1,0.50044465
,1035,1,0,0.5017997
,1035,2,2,1.0
,1035,3,1,0.74733686
,1036,0,0,0.7585155
,1036,1,0,0.7585956
,1036,2,0,0.81919056
,1036,3,2,0.9999999
,1037,0,0,0.7728573
,1037,1,0,0.7728724
,1037,2,0,0.7734507
,1037,3,2,1.0
,1038,0,0,0.7688732
,1038,1,0,0.7692225
,1038,2,2,1.0
,1038,3,0,0.8183287
,1039,0,0,0.76145005
,1039,1,0,0.77131444
,1039,2,0,0.8215139
,1039,3,2,1.0
,1040,0,2,1.0
,1040,1,1,0.5210867
,1040,2,1,0.5212467
,1040,3,1,0.889585
,1041,0,0,0.8133428
,1041,1,0,0.76010954
,1041,2,2,1.0
,1041,3,0,0.7470392
,1042,0,2,1.0
,1042,1,1,0.50054634
,1042,2,1,0.7455538
,1042,3,1,0.503371
,1043,0,0,0.81933975
,1043,1,0,0.75870293
,1043,2,0,0.7483512
,1043,3,2,1.0
,1044,0,0,0.77075624
,1044,1,0,0.76860857
,1044,2,2,0.99999976
,1044,3,0,0.8183178
,1045,0,0,0.7690576
,1045,1,0,0.7689816
,1045,2,0,0.8183268
,1045,3,2,1.0
,1046,0,0,0.76899576
,1046,1,0,0.76899505
,1046,2,2,1.0
,1046,3,0,0.81832695
,1047,0,0,0.76894104
,1047,1,0,0.7689968
,1047,2,0,0.81832814
,1047,3,2,1.0
,1048,0,0,0.7674506
,1048,1,0,0.7690264
,1048,2,2,1.0
,1048,3,0,0.81964993
,1049,0,2,1.0
,1049,1,0,0.76905787
,1049,2,0,0.81831914
,1049,3,0,0.77084804
,1050,0,0,0.813679
,1050,1,0,0.7711425
,1050,2,2,1.0
,1050,3,0,0.77113533
,1051,0,2,1.0
,1051,1,1,0.50006676
,1051,2,1,0.745557
,1051,3,1,0.5023133
,1052,0,0,0.8192934
,1052,1,0,0.75872046
,1052,2,0,0.748353
,1052,3,2,1.0
,1053,0,0,0.7692209
,1053,1,0,0.7686371
,1053,2,2,1.0
,1053,3,0,0.8195921
,1054,0,2,1.0
,1054,1,0,0.768985
,1054,2,0,0.81959414
,1054,3,0,0.7692366
,1055,0,0,0.81970584
,1055,1,0,0.7687547
,1055,2,0,0.7692342
,1055,3,2,1.0
,1056,0,0,0.772905
,1056,1,0,0.7618069
,1056,2,2,1.0
,1056,3,0,0.8213738
,1057,0,1,0.5000859
,1057,1,2,1.0
,1057,2,1,0.7455931
,1057,3,1,0.50018823
,1058,0,0,0.7587197
,1058,1,0,0.8193399
,1058,2,0,0.7483503
,1058,3,2,0.99999666
,1059,0,0,0.7686091
,1059,1,0,0.77075624
,1059,2,2,1.0
,1059,3,0,0.8183162
,1060,0,0,0.76898104
,1060,1,0,0.76905763
,1060,2,0,0.8183268
,1060,3,2,1.0
,1061,0,0,0.7689787
,1061,1,0,0.7689977
,1061,2,2,1.0
,1061,3,0,0.8183268
,1062,0,0,0.7685352
,1062,1,0,0.7689954
,1062,2,0,0.8183236
,1062,3,2,1.0
,1063,0,0,0.755946
,1063,1,0,0.76894057
,1063,2,2,1.0
,1063,3,0,0.8182166
,1064,0,1,0.6019813
,1064,1,0,0.7654945
,1064,2,0,0.8184091
,1064,3,2,1.0
,1065,0,3,0.99999964
,1065,1,0,0.7574194
,1065,2,0,0.76864475
,1065,3,0,0.81974334
,1066,0,1,0.9732421
,1066,1,2,1.0
,1066,2,1,0.5021528
,1066,3,0,0.50235325
,1067,0,0,0.74192977
,1067,1,0,0.818028
,1067,2,2,1.0
,1067,3,0,0.7587447
,1068,0,0,0.7681458
,1068,1,2,1.0
,1068,2,0,0.819439
,1068,3,0,0.76708883
,1069,0,0,0.77109045
,1069,1,0,0.8214311
,1069,2,0,0.7636329
,1069,3,2,1.0
,1070,0,1,0.5004133
,1070,1,0,0.5017393
,1070,2,2,1.0
,1070,3,1,0.74732983
,1071,0,0,0.75856566
,1071,1,0,0.757082
,1071,2,0,0.8193058
,1071,3,2,1.0
,1072,0,0,0.76706165
,1072,1,2,1.0
,1072,2,0,0.7707827
,1072,3,0,0.8195927
,1073,0,2,1.0
,1073,1,0,0.819643
,1073,2,0,0.7690145
,1073,3,0,0.7692368
,1074,0,0,0.8197039
,1074,1,0,0.7708782
,1074,2,0,0.7674351
,1074,3,2,1.0
,1075,0,0,0.7728376
,1075,1,0,0.7711891
,1075,2,2,1.0
,1075,3,0,0.81367147
,1076,0,1,0.5022459
,1076,1,1,0.50007063
,1076,2,1,0.74549943
,1076,3,2,1.0
,1077,0,2,1.0
,1077,1,0,0.75868446
,1077,2,0,0.7499753
,1077,3,0,0.8180146
,1078,0,0,0.8183274
,1078,1,0,0.76863146
,1078,2,0,0.768321
,1078,3,2,1.0
,1079,0,2,1.0
,1079,1,0,0.768987
,1079,2,0,0.7689173
,1079,3,0,0.8183282
,1080,0,0,0.8197167
,1080,1,0,0.76910883
,1080,2,0,0.76744974
,1080,3,2,1.0
,1081,0,0,0.77306753
,1081,1,0,0.77135646
,1081,2,2,1.0
,1081,3,0,0.8132492
,1082,0,1,0.5300204
,1082,1,1,0.5278534
,1082,2,1,0.95732033
,1082,3,2,1.0
,1083,0,2,1.0
,1083,1,0,0.7576892
,1083,2,0,0.7407541
,1083,3,0,0.8192741
,1084,0,0,0.81941694
,1084,1,0,0.76868683
,1084,2,2,1.0
,1084,3,0,0.7692169
,1085,0,0,0.7632589
,1085,1,0,0.77137464
,1085,2,0,0.82165045
,1085,3,2,1.0
,1086,0,2,0.9999994
,1086,1,1,0.51811075
,1086,2,1,0.51580846
,1086,3,1,0.89374363
,1087,0,1,0.8903272
,1087,1,1,0.5374937
,1087,2,1,0.5351601
,1087,3,2,1.0
,1088,0,0,0.7431485
,1088,1,2,1.0
,1088,2,0,0.7573751
,1088,3,0,0.8193229
,1089,0,2,1.0
,1089,1,0,0.8196383
,1089,2,0,0.76701605
,1089,3,0,0.77078104
,1090,0,0,0.8183205
,1090,1,0,0.7707726
,1090,2,2,1.0
,1090,3,0,0.7689864
,1091,0,2,0.99999917
,1091,1,0,0.76908624
,1091,2,0,0.8196475
,1091,3,0,0.7674518
,1092,0,0,0.81831944
,1092,1,0,0.7689812
,1092,2,0,0.77077204
,1092,3,2,1.0
,1093,0,2,1.0
,1093,1,0,0.7689947
,1093,2,0,0.7690581
,1093,3,0,0.8183268
,1094,0,0,0.81832695
,1094,1,0,0.7689956
,1094,2,0,0.76899576
,1094,3,2,0.9999999
,1095,0,2,1.0
,1095,1,0,0.7689995
,1095,2,0,0.768941
,1095,3,0,0.81832814
,1096,0,0,0.81971294
,1096,1,0,0.7691022
,1096,2,0,0.76744974
,1096,3,2,1.0
,1097,0,0,0.7729076
,1097,1,0,0.7711262
,1097,2,2,1.0
,1097,3,0,0.81366664
,1098,0,1,0.50025004
,1098,1,1,0.5003318
,1098,2,1,0.7473014
,1098,3,2,1.0
,1099,0,0,0.7585973
,1099,1,0,0.7585342
,1099,2,2,1.0
,1099,3,0,0.81798196
,1100,0,0,0.76873374
,1100,1,0,0.76707923
,1100,2,0,0.8194382
,1100,3,2,1.0
,1101,0,0,0.77111113
,1101,1,2,1.0
,1101,2,0,0.76363254
,1101,3,0,0.8214331
,1102,0,1,0.5004249
,1102,1,1,0.7473356
,1102,2,2,1.0
,1102,3,0,0.5018053
,1103,0,0,0.7585304
,1103,1,2,1.0
,1103,2,0,0.81798166
,1103,3,0,0.7586668
,1104,0,0,0.7670814
,1104,1,0,0.8196012
,1104,2,2,1.0
,1104,3,0,0.76865786
,1105,0,2,1.0
,1105,1,0,0.76923525
,1105,2,0,0.81964046
,1105,3,0,0.768992
,1106,0,0,0.81832117
,1106,1,2,1.0
,1106,2,0,0.7707713
,1106,3,0,0.7689238
,1107,0,2,1.0
,1107,1,0,0.81964624
,1107,2,0,0.7690319
,1107,3,0,0.767452
,1108,0,0,0.81963927
,1108,1,0,0.7707459
,1108,2,0,0.7674386
,1108,3,2,1.0
,1109,0,0,0.7707454
,1109,1,0,0.7674992
,1109,2,2,1.0
,1109,3,0,0.81964076
,1110,0,0,0.76749843
,1110,1,2,1.0
,1110,2,0,0.81959414
,1110,3,0,0.77079785
,1111,0,2,1.0
,1111,1,0,0.81964076
,1111,2,0,0.7692369
,1111,3,0,0.769015
,1112,0,0,0.8196427
,1112,1,0,0.770803
,1112,2,2,1.0
,1112,3,0,0.7674359
,1113,0,0,0.7708389
,1113,1,0,0.76912385
,1113,2,0,0.81831896
,1113,3,2,1.0
,1114,0,0,0.7708935
,1114,1,0,0.77124006
,1114,2,2,1.0
,1114,3,0,0.8136591
,1115,0,1,0.5105692
,1115,1,0,0.5024698
,1115,2,1,0.74330527
,1115,3,2,0.9999455
,1116,0,2,1.0
,1116,1,1,0.5179044
,1116,2,1,0.5265208
,1116,3,1,0.7469473
,1117,0,0,0.8194013
,1117,1,2,1.0
,1117,2,0,0.7578527
,1117,3,0,0.7482909
,1118,0,0,0.77289176
,1118,1,0,0.8136649
,1118,2,0,0.77072316
,1118,3,2,1.0
,1119,0,1,0.5002386
,1119,1,2,1.0
,1119,2,1,0.500413
,1119,3,1,0.7472958
,1120,0,0,0.7586262
,1120,1,0,0.8193055
,1120,2,0,0.7570032
,1120,3,2,1.0
,1121,0,0,0.7685524
,1121,1,0,0.77074784
,1121,2,2,1.0
,1121,3,0,0.81831944
,1122,0,0,0.7674359
,1122,1,0,0.76881564
,1122,2,0,0.81971866
,1122,3,2,1.0
,1123,0,2,1.0
,1123,1,0,0.76131576
,1123,2,0,0.7731304
,1123,3,0,0.8215537
,1124,0,1,0.9573235
,1124,1,2,1.0
,1124,2,1,0.52778655
,1124,3,1,0.52791697
,1125,0,0,0.740753
,1125,1,0,0.81931907
,1125,2,0,0.75768846
,1125,3,2,1.0
,1126,0,2,1.0
,1126,1,0,0.7707001
,1126,2,0,0.76857567
,1126,3,0,0.81831837
,1127,0,0,0.819426
,1127,1,0,0.7675098
,1127,2,0,0.76909333
,1127,3,2,0.99999976
,1128,0,0,0.76316833
,1128,1,2,1.0
,1128,2,0,0.7712579
,1128,3,0,0.8132705
,1129,0,1,0.84506476
,1129,1,1,0.8910982
,1129,2,1,0.5242377
,1129,3,2,0.9999999
,1130,0,3,1.0
,1130,1,0,0.7439677
,1130,2,0,0.7570003
,1130,3,0,0.8121187
,1131,0,1,0.97349846
,1131,1,1,0.5012385
,1131,2,1,0.50066155
,1131,3,2,1.0
,1132,0,2,1.0
,1132,1,0,0.75851583
,1132,2,0,0.75853634
,1132,3,0,0.8179626
,1133,0,0,0.81832635
,1133,1,0,0.768708
,1133,2,0,0.7687087
,1133,3,2,1.0
,1134,0,2,1.0
,1134,1,0,0.77129465
,1134,2,0,0.77129704
,1134,3,0,0.81335455
,1135,0,1,0.8905269
,1135,1,1,0.52130854
,1135,2,1,0.52122986
,1135,3,2,0.99999905
,1136,0,2,1.0
,1136,1,0,0.75617594
,1136,2,0,0.7578043
,1136,3,0,0.8192752
,1137,0,0,0.8183173
,1137,1,2,1.0
,1137,2,0,0.7686563
,1137,3,0,0.77083313
,1138,0,2,1.0
,1138,1,0,0.8136739
,1138,2,0,0.7711279
,1138,3,0,0.77120453
,1139,0,1,0.7473011
,1139,1,2,1.0
,1139,2,1,0.50032794
,1139,3,1,0.5003245
,1140,0,2,1.0
,1140,1,0,0.8179805
,1140,2,0,0.75859004
,1140,3,0,0.7585902
,1141,0,0,0.81832683
,1141,1,2,1.0
,1141,2,0,0.7686268
,1141,3,0,0.7686267
,1142,0,2,1.0
,1142,1,0,0.81832695
,1142,2,0,0.7689826
,1142,3,0,0.76898265
,1143,0,0,0.81832695
,1143,1,2,1.0
,1143,2,0,0.76899797
,1143,3,0,0.7689979
,1144,0,2,1.0
,1144,1,0,0.8183262
,1144,2,0,0.7690779
,1144,3,0,0.76907784
,1145,0,0,0.81367064
,1145,1,2,1.0
,1145,2,0,0.7712421
,1145,3,0,0.77124214
,1146,0,2,1.0
,1146,1,1,0.7532227
,1146,2,0,0.50255734
,1146,3,0,0.5025603
,1147,0,1,0.7487783
,1147,1,2,1.0
,1147,2,1,0.51628256
,1147,3,1,0.51621747
,1148,0,2,1.0
,1148,1,0,0.8193743
,1148,2,0,0.75643057
,1148,3,0,0.7577763
,1149,0,0,0.82160753
,1149,1,0,0.77311367
,1149,2,2,1.0
,1149,3,0,0.76091087
,1150,0,1,0.52577347
,1150,1,1,0.5278233
,1150,2,1,0.9576867
,1150,3,2,1.0
,1151,0,0,0.75598496
,1151,1,0,0.7572771
,1151,2,2,1.0
,1151,3,0,0.81932974
,1152,0,2,1.0
,1152,1,0,0.76138055
,1152,2,0,0.8215202
,1152,3,0,0.7729941
,1153,0,1,0.7536859
,1153,1,2,1.0
,1153,2,0,0.5051455
,1153,3,0,0.5029969
,1154,0,2,1.0
,1154,1,1,0.9842398
,1154,2,1,0.5415868
,1154,3,1,0.54168063
,1155,0,0,0.6075779
,1155,1,2,0.99999917
,1155,2,0,0.7585389
,1155,3,0,0.7585323
,1156,0,3,0.9992284
,1156,1,1,0.75909954
,1156,2,1,0.5126778
,1156,3,1,0.512781
,1157,0,1,0.9987474
,1157,1,2,1.0
,1157,2,1,0.54204774
,1157,3,1,0.54439664
,1158,0,0,0.7331892
,1158,1,0,0.82105047
,1158,2,0,0.7593551
,1158,3,2,1.0
,1159,0,2,1.0
,1159,1,1,0.50023925
,1159,2,1,0.50071746
,1159,3,1,0.7455433
,1160,0,0,0.8180146
,1160,1,2,1.0
,1160,2,0,0.75875014
,1160,3,0,0.75006473
,1161,0,2,1.0
,1161,1,0,0.8132558
,1161,2,0,0.77100915
,1161,3,0,0.7707037
,1162,0,1,0.95768386
,1162,1,2,1.0
,1162,2,1,0.52789265
,1162,3,1,0.5279086
,1163,0,2,1.0
,1163,1,0,0.817937
,1163,2,0,0.7575006
,1163,3,0,0.75744253
,1164,0,0,0.81960106
,1164,1,2,1.0
,1164,2,0,0.76861656
,1164,3,0,0.7670425
,1165,0,0,0.7692352
,1165,1,0,0.81963307
,1165,2,0,0.7689952
,1165,3,2,1.0
,1166,0,2,1.0
,1166,1,0,0.7705222
,1166,2,0,0.7690545
,1166,3,0,0.818319
,1167,0,0,0.82142293
,1167,1,0,0.76188874
,1167,2,0,0.7710702
,1167,3,2,1.0
,1168,0,0,0.5013916
,1168,1,2,1.0
,1168,2,1,0.50244653
,1168,3,1,0.7455394
,1169,0,0,0.7453058
,1169,1,0,0.81789744
,1169,2,2,1.0
,1169,3,0,0.749912
,1170,0,1,0.60247004
,1170,1,2,1.0
,1170,2,0,0.81841475
,1170,3,0,0.76515573
,1171,0,3,0.9999988
,1171,1,0,0.81192666
,1171,2,0,0.76882017
,1171,3,0,0.7669234
,1172,0,1,0.9743037
,1172,1,2,1.0
,1172,2,0,0.5028201
,1172,3,0,0.5026369
,1173,0,2,0.99999917
,1173,1,1,0.7471258
,1173,2,1,0.5161627
,1173,3,1,0.51841086
,1174,0,0,0.81933326
,1174,1,0,0.74828535
,1174,2,0,0.75808054
,1174,3,2,1.0
,1175,0,0,0.77073
,1175,1,2,1.0
,1175,2,0,0.7670442
,1175,3,0,0.819639
,1176,0,0,0.7674962
,1176,1,0,0.81964046
,1176,2,2,1.0
,1176,3,0,0.7707994
,1177,0,2,1.0
,1177,1,0,0.77077425
,1177,2,0,0.81831956
,1177,3,0,0.7690443
,1178,0,0,0.81832606
,1178,1,0,0.76913685
,1178,2,2,1.0
,1178,3,0,0.7690731
,1179,0,2,1.0
,1179,1,0,0.77114564
,1179,2,0,0.81367916
,1179,3,0,0.7710731
,1180,0,1,0.7454989
,1180,1,1,0.50007105
,1180,2,2,1.0
,1180,3,1,0.50232244
,1181,0,0,0.74997336
,1181,1,0,0.7586844
,1181,2,0,0.8180146
,1181,3,2,1.0
,1182,0,0,0.76826835
,1182,1,0,0.7686306
,1182,2,2,1.0
,1182,3,0,0.8183286
,1183,0,0,0.7674292
,1183,1,0,0.76895636
,1183,2,0,0.8196463
,1183,3,2,1.0
,1184,0,2,1.0
,1184,1,0,0.767436
,1184,2,0,0.77074593
,1184,3,0,0.81963927
,1185,0,0,0.81964076
,1185,1,2,1.0
,1185,2,0,0.76749915
,1185,3,0,0.7707454
,1186,0,0,0.7707975
,1186,1,0,0.8196406
,1186,2,2,1.0
,1186,3,0,0.76749706
,1187,0,0,0.7689846
,1187,1,0,0.77077514
,1187,2,0,0.81831974
,1187,3,2,1.0
,1188,0,0,0.76732075
,1188,1,0,0.7690937
,1188,2,2,1.0
,1188,3,0,0.8088129
,1189,0,2,1.0
,1189,1,0,0.7657979
,1189,2,0,0.81839174
,1189,3,1,0.5995736
,1190,0,0,0.8127516
,1190,1,0,0.7664022
,1190,2,0,0.7683465
,1190,3,3,1.0
,1191,0,2,1.0
,1191,1,0,0.5505767
,1191,2,0,0.5528782
,1191,3,1,0.93423903
,1192,0,0,0.81808376
,1192,1,2,1.0
,1192,2,0,0.7607356
,1192,3,0,0.7434575
,1193,0,2,1.0
,1193,1,0,0.81832784
,1193,2,0,0.76870507
,1193,3,0,0.768093
,1194,0,0,0.81832695
,1194,1,2,1.0
,1194,2,0,0.76898533
,1194,3,0,0.7689624
,1195,0,2,1.0
,1195,1,0,0.81832695
,1195,2,0,0.7689952
,1195,3,0,0.7689592
,1196,0,0,0.81832683
,1196,1,2,1.0
,1196,2,0,0.7689989
,1196,3,0,0.76800406
,1197,0,2,1.0
,1197,1,0,0.81941193
,1197,2,0,0.76907074
,1197,3,0,0.74098176
,1198,0,0,0.82148856
,1198,1,0,0.7632154
,1198,2,0,0.77124333
,1198,3,2,0.9280483
,1199,0,1,0.52122724
,1199,1,2,1.0
,1199,2,1,0.5211772
,1199,3,1,0.8968709
,1200,0,2,1.0
,1200,1,0,0.81799835
,1200,2,0,0.7579779
,1200,3,0,0.74464816
,1201,0,0,0.8136748
,1201,1,2,1.0
,1201,2,0,0.7707573
,1201,3,0,0.77028835
,1202,0,2,1.0
,1202,1,1,0.7473005
,1202,2,1,0.50022846
,1202,3,1,0.5002492
,1203,0,0,0.8133184
,1203,1,2,1.0
,1203,2,0,0.76080143
,1203,3,0,0.7608007
,1204,0,2,1.0
,1204,1,1,0.74730074
,1204,2,1,0.50066996
,1204,3,1,0.50067097
,1205,0,0,0.8133179
,1205,1,2,1.0
,1205,2,0,0.760782
,1205,3,0,0.7607618
,1206,0,2,1.0
,1206,1,1,0.74731296
,1206,2,1,0.50081986
,1206,3,1,0.5014495
,1207,0,0,0.8178603
,1207,1,2,1.0
,1207,2,0,0.75818235
,1207,3,0,0.74518645
,1208,0,2,1.0
,1208,1,0,0.81840724
,1208,2,0,0.7563523
,1208,3,1,0.6005205
,1209,0,0,0.8182557
,1209,1,0,0.7646315
,1209,2,0,0.5087065
,1209,3,3,1.0
,1210,0,0,0.5194847
,1210,1,0,0.50410557
,1210,2,3,1.0
,1210,3,1,0.9349251
,1211,0,1,0.51646495
,1211,1,2,1.0
,1211,2,1,0.97353375
,1211,3,1,0.5341957
,1212,0,2,1.0
,1212,1,0,0.8133596
,1212,2,0,0.74432474
,1212,3,0,0.75981134
,1213,0,1,0.75321895
,1213,1,2,1.0
,1213,2,0,0.5013803
,1213,3,0,0.5020659
,1214,0,2,1.0
,1214,1,1,0.748783
,1214,2,1,0.5162656
,1214,3,1,0.51623523
,1215,0,0,0.81797796
,1215,1,2,1.0
,1215,2,0,0.75802094
,1215,3,0,0.758022
,1216,0,2,1.0
,1216,1,0,0.8183262
,1216,2,0,0.76868564
,1216,3,0,0.7686855
,1217,0,0,0.8136741
,1217,1,2,1.0
,1217,2,0,0.77112937
,1217,3,0,0.77112925
,1218,0,2,1.0
,1218,1,1,0.7473009
,1218,2,1,0.50032747
,1218,3,1,0.5003302
,1219,0,0,0.8179819
,1219,1,2,1.0
,1219,2,0,0.7585919
,1219,3,0,0.75853425
,1220,0,2,1.0
,1220,1,0,0.81964993
,1220,2,0,0.76865774
,1220,3,0,0.7670801
,1221,0,0,0.818319
,1221,1,0,0.7708504
,1221,2,0,0.76904476
,1221,3,2,1.0
,1222,0,2,1.0
,1222,1,0,0.7712065
,1222,2,0,0.77114296
,1222,3,0,0.8136685
,1223,0,1,0.7473515
,1223,1,1,0.5003116
,1223,2,1,0.50031435
,1223,3,2,0.9999764
,1224,0,2,1.0
,1224,1,0,0.7572094
,1224,2,0,0.75720936
,1224,3,1,0.5223241
,1225,0,0,0.8114235
,1225,1,0,0.7662279
,1225,2,0,0.7662279
,1225,3,3,0.9999988
,1226,0,2,1.0
,1226,1,1,0.51996756
,1226,2,1,0.51996744
,1226,3,1,0.9904447
,1227,0,0,0.8132779
,1227,1,0,0.76000506
,1227,2,0,0.7600064
,1227,3,2,1.0
,1228,0,2,1.0
,1228,1,1,0.5007441
,1228,2,1,0.50070083
,1228,3,1,0.74730104
,1229,0,0,0.81331336
,1229,1,0,0.75999075
,1229,2,0,0.7608832
,1229,3,2,1.0
,1230,0,2,1.0
,1230,1,1,0.52567476
,1230,2,0,0.50202155
,1230,3,1,0.74341416
,1231,0,1,0.7469763
,1231,1,2,0.9389732
,1231,2,1,0.5157925
,1231,3,1,0.5288797
,1232,0,0,0.7482942
,1232,1,0,0.7919065
,1232,2,0,0.7581545
,1232,3,2,1.0
,1233,0,2,1.0
,1233,1,0,0.768247
,1233,2,0,0.768618
,1233,3,0,0.8195924
,1234,0,0,0.8196414
,1234,1,2,1.0
,1234,2,0,0.76899374
,1234,3,0,0.7692351
,1235,0,0,0.77079177
,1235,1,0,0.81829005
,1235,2,0,0.76899815
,1235,3,2,1.0
,1236,0,0,0.7679043
,1236,1,2,1.0
,1236,2,0,0.76784307
,1236,3,1,0.5215812
,1237,0,0,0.7663555
,1237,1,0,0.8117273
,1237,2,0,0.76642466
,1237,3,3,1.0
,1238,0,1,0.50215787
,1238,1,2,1.0
,1238,2,0,0.5000937
,1238,3,1,0.973242
,1239,0,2,1.0
,1239,1,0,0.81942075
,1239,2,0,0.75884116
,1239,3,0,0.7402007
,1240,0,0,0.8136606
,1240,1,0,0.7729943
,1240,2,0,0.77084464
,1240,3,2,0.99982154
,1241,0,2,1.0
,1241,1,0,0.502779
,1241,2,0,0.50210416
,1241,3,1,0.7532658
,1242,0,1,0.7448732
,1242,1,1,0.51329625
,1242,2,1,0.5264265
,1242,3,2,1.0
,1243,0,1,0.52897424
,1243,1,1,0.51640546
,1243,2,2,1.0
,1243,3,1,0.74689066
,1244,0,2,1.0
,1244,1,0,0.7567236
,1244,2,1,0.5222373
,1244,3,0,0.74816084
,1245,0,0,0.8196253
,1245,1,0,0.7661284
,1245,2,3,1.0
,1245,3,0,0.75626695
,1246,0,0,0.5048632
,1246,1,0,0.5025937
,1246,2,1,0.97431344
,1246,3,2,0.99999857
,1247,0,1,0.5183205
,1247,1,1,0.51617867
,1247,2,2,1.0
,1247,3,1,0.74706894
,1248,0,2,1.0
,1248,1,0,0.7580445
,1248,2,0,0.8180111
,1248,3,0,0.7499064
,1249,0,0,0.8196467
,1249,1,0,0.7670664
,1249,2,2,1.0
,1249,3,0,0.76829416
,1250,0,0,0.7707452
,1250,1,2,1.0
,1250,2,0,0.8196438
,1250,3,0,0.7674123
,1251,0,0,0.7674738
,1251,1,0,0.81970817
,1251,2,0,0.7708935
,1251,3,2,1.0
,1252,0,2,1.0
,1252,1,0,0.7719614
,1252,2,0,0.7706434
,1252,3,0,0.60817033
,1253,0,1,0.7488954
,1253,1,1,0.5255744
,1253,2,1,0.5126337
,1253,3,3,1.0
,1254,0,1,0.5265827
,1254,1,2,1.0
,1254,2,1,0.51836747
,1254,3,1,0.9735986
,1255,0,0,0.7575342
,1255,1,0,0.81941587
,1255,2,2,1.0
,1255,3,0,0.7402064
,1256,0,0,0.7611527
,1256,1,0,0.7729029
,1256,2,0,0.8129851
,1256,3,2,0.99990535
,1257,0,2,1.0
,1257,1,1,0.5106808
,1257,2,1,0.836433
,1257,3,1,0.749217
,1258,0,0,0.81999403
,1258,1,0,0.747437
,1258,2,3,0.9999993
,1258,3,0,0.749164
,1259,0,1,0.5198696
,1259,1,2,1.0
,1259,2,1,0.99035275
,1259,3,1,0.5208085
,1260,0,2,1.0
,1260,1,0,0.81933105
,1260,2,0,0.74124104
,1260,3,0,0.75634164
,1261,0,0,0.81964225
,1261,1,0,0.77079
,1261,2,0,0.7664457
,1261,3,2,1.0
,1262,0,0,0.7708497
,1262,1,0,0.7691198
,1262,2,2,1.0
,1262,3,0,0.8183187
,1263,0,0,0.7712052
,1263,1,0,0.77114385
,1263,2,0,0.8136739
,1263,3,2,1.0
,1264,0,1,0.50032043
,1264,1,1,0.5003396
,1264,2,2,1.0
,1264,3,1,0.74730104
,1265,0,0,0.75867164
,1265,1,0,0.758331
,1265,2,0,0.81797975
,1265,3,2,1.0
,1266,0,0,0.77077764
,1266,1,0,0.7614415
,1266,2,2,1.0
,1266,3,0,0.82143193
,1267,0,1,0.5003358
,1267,1,2,1.0
,1267,2,1,0.747336
,1267,3,0,0.50149167
,1268,0,0,0.76053435
,1268,1,0,0.8208878
,1268,2,2,1.0
,1268,3,0,0.752046
,1269,0,0,0.5551575
,1269,1,0,0.55785483
,1269,2,1,0.56423295
,1269,3,2,0.99910027
,1270,0,1,0.5130019
,1270,1,1,0.5128827
,1270,2,2,1.0
,1270,3,1,0.74891263
,1271,0,0,0.76034063
,1271,1,0,0.7603448
,1271,2,0,0.8133155
,1271,3,2,0.9988652
,1272,0,1,0.5008003
,1272,1,1,0.50080013
,1272,2,2,1.0
,1272,3,1,0.7475574
,1273,0,0,0.75865483
,1273,1,0,0.75865483
,1273,2,0,0.81797993
,1273,3,2,1.0
,1274,0,0,0.7707795
,1274,1,0,0.7707795
,1274,2,2,1.0
,1274,3,0,0.81367403
,1275,0,1,0.5002279
,1275,1,1,0.5002279
,1275,2,1,0.7473007
,1275,3,2,1.0
,1276,0,0,0.76079786
,1276,1,0,0.76079786
,1276,2,2,1.0
,1276,3,0,0.8133184
,1277,0,1,0.50078493
,1277,1,1,0.50078493
,1277,2,1,0.74730104
,1277,3,2,1.0
,1278,0,0,0.75857407
,1278,1,0,0.75857407
,1278,2,2,1.0
,1278,3,0,0.8179806
,1279,0,0,0.76862615
,1279,1,0,0.76862615
,1279,2,0,0.8183268
,1279,3,2,1.0
,1280,0,0,0.7689826
,1280,1,0,0.7689826
,1280,2,2,1.0
,1280,3,0,0.81832695
,1281,0,0,0.7689949
,1281,1,0,0.76899505
,1281,2,0,0.81832695
,1281,3,2,1.0
,1282,0,0,0.7689935
,1282,1,0,0.7689955
,1282,2,2,1.0
,1282,3,0,0.81832695
,1283,0,0,0.76894
,1283,1,0,0.7689978
,1283,2,0,0.8183277
,1283,3,2,1.0
,1284,0,0,0.76739365
,1284,1,0,0.76902723
,1284,2,2,1.0
,1284,3,0,0.80877763
,1285,0,2,1.0
,1285,1,0,0.76769936
,1285,2,0,0.81915325
,1285,3,1,0.5980019
,1286,0,0,0.81263244
,1286,1,0,0.7695082
,1286,2,0,0.7712592
,1286,3,3,0.99891067
,1287,0,2,1.0
,1287,1,1,0.5206556
,1287,2,1,0.5227444
,1287,3,1,0.9902885
,1288,0,0,0.8193298
,1288,1,0,0.7563379
,1288,2,2,1.0
,1288,3,0,0.7412337
,1289,0,0,0.7708686
,1289,1,2,1.0
,1289,2,0,0.81943023
,1289,3,0,0.7664443
,1290,0,0,0.7712873
,1290,1,0,0.8215197
,1290,2,0,0.76363
,1290,3,2,1.0
,1291,0,0,0.5026639
,1291,1,0,0.5049828
,1291,2,2,1.0
,1291,3,1,0.7535647
,1292,0,1,0.53646815
,1292,1,1,0.5342083
,1292,2,1,0.8902401
,1292,3,2,1.0
,1293,0,2,1.0
,1293,1,0,0.7558395
,1293,2,0,0.7448295
,1293,3,0,0.819322
,1294,0,0,0.8183187
,1294,1,2,1.0
,1294,2,0,0.768119
,1294,3,0,0.77075744
,1295,0,2,1.0
,1295,1,0,0.8145276
,1295,2,0,0.7689395
,1295,3,0,0.7690329
,1296,0,0,0.8191091
,1296,1,2,0.9888895
,1296,2,0,0.7683518
,1296,3,0,0.7683551
,1297,0,0,0.75924075
,1297,1,2,1.0
,1297,2,0,0.7573801
,1297,3,0,0.7573803
,1298,0,2,0.6160599
,1298,1,0,1.0
,1298,2,0,1.0
,1298,3,0,1.0
,1299,0,1,0.83471394
,1299,1,2,1.0
,1299,2,0,0.5076762
,1299,3,0,0.5076761
,1300,0,2,1.0
,1300,1,0,0.81797016
,1300,2,0,0.75884837
,1300,3,0,0.75884837
,1301,0,0,0.8183268
,1301,1,2,1.0
,1301,2,0,0.76863575
,1301,3,0,0.7686357
,1302,0,2,1.0
,1302,1,0,0.81832695
,1302,2,0,0.7689809
,1302,3,0,0.76898295
,1303,0,0,0.8183282
,1303,1,2,1.0
,1303,2,0,0.76894057
,1303,3,0,0.7689963
,1304,0,2,1.0
,1304,1,0,0.8195992
,1304,2,0,0.76745045
,1304,3,0,0.7690264
,1305,0,0,0.8088054
,1305,1,0,0.7691047
,1305,2,2,1.0
,1305,3,0,0.76901484
,1306,0,1,0.5995738
,1306,1,2,1.0
,1306,2,0,0.81840265
,1306,3,0,0.76581115
,1307,0,3,1.0
,1307,1,0,0.8119068
,1307,2,0,0.7687109
,1307,3,0,0.7668404
,1308,0,1,0.99448943
,1308,1,2,1.0
,1308,2,1,0.50079244
,1308,3,1,0.5008752
,1309,0,3,1.0
,1309,1,0,0.60583323
,1309,2,0,0.7575788
,1309,3,0,0.7575759
,1310,0,1,0.9756223
,1310,1,3,1.0
,1310,2,1,0.51272804
,1310,3,1,0.5127271
,1311,0,2,0.9999863
,1311,1,1,0.9746869
,1311,2,1,0.51396894
,1311,3,1,0.51394665
,1312,0,1,0.74886245
,1312,1,2,1.0
,1312,2,1,0.5175316
,1312,3,1,0.5170269
,1313,0,2,1.0
,1313,1,0,0.8212974
,1313,2,0,0.75002056
,1313,3,0,0.76046693
,1314,0,1,0.9978549
,1314,1,1,0.5287258
,1314,2,2,1.0
,1314,3,1,0.5313746
,1315,0,2,1.0
,1315,1,0,0.756033
,1315,2,1,0.5224032
,1315,3,0,0.75593865
,1316,0,0,0.81172043
,1316,1,0,0.7660057
,1316,2,3,1.0
,1316,3,0,0.76600283
,1317,0,2,1.0
,1317,1,1,0.5002926
,1317,2,1,0.9735089
,1317,3,1,0.500276
,1318,0,1,0.5223335
,1318,1,0,0.7568039
,1318,2,2,1.0
,1318,3,0,0.75714934
,1319,0,3,1.0
,1319,1,0,0.7565895
,1319,2,0,0.8181323
,1319,3,0,0.76604486
,1320,0,1,0.9732428
,1320,1,2,1.0
,1320,2,1,0.5516755
,1320,3,1,0.5000406
,1321,0,0,0.744197
,1321,1,0,0.81335574
,1321,2,2,0.844265
,1321,3,0,0.7608988
,1322,0,1,0.50186574
,1322,1,2,1.0
,1322,2,1,0.78252923
,1322,3,1,0.5006483
,1323,0,0,0.7508944
,1323,1,0,0.81264627
,1323,2,2,1.0
,1323,3,0,0.7608046
,1324,0,2,1.0
,1324,1,1,0.836031
,1324,2,1,0.7491938
,1324,3,1,0.5107053
,1325,0,0,0.6053029
,1325,1,3,1.0
,1325,2,0,0.7474518
,1325,3,0,0.75638163
,1326,0,3,1.0
,1326,1,1,0.97441745
,1326,2,1,0.52644885
,1326,3,1,0.51292914
,1327,0,1,0.9739075
,1327,1,1,0.5550076
,1327,2,2,1.0
,1327,3,1,0.5168387
,1328,0,2,1.0
,1328,1,1,0.6175018
,1328,2,0,0.81783426
,1328,3,0,0.754146
,1329,0,0,0.60516644
,1329,1,3,1.0
,1329,2,0,0.767589
,1329,3,0,0.7653203
,1330,0,3,1.0
,1330,1,1,0.9947945
,1330,2,1,0.5159033
,1330,3,1,0.5159254
,1331,0,1,0.6312762
,1331,1,3,1.0
,1331,2,0,0.75491124
,1331,3,0,0.7565164
,1332,0,0,0.75371563
,1332,1,1,0.6279015
,1332,2,2,1.0
,1332,3,0,0.7690648
,1333,0,2,0.9999981
,1333,1,0,0.7549187
,1333,2,0,0.81834275
,1333,3,0,0.76903474
,1334,0,0,0.81960106
,1334,1,0,0.7669548
,1334,2,2,1.0
,1334,3,0,0.76902694
,1335,0,0,0.7692366
,1335,1,2,1.0
,1335,2,0,0.81959414
,1335,3,0,0.7690073
,1336,0,2,1.0
,1336,1,0,0.81959426
,1336,2,0,0.76923674
,1336,3,0,0.76900685
,1337,0,0,0.81959426
,1337,1,0,0.76923674
,1337,2,2,1.0
,1337,3,0,0.76900685
,1338,0,0,0.7692354
,1338,1,2,1.0
,1338,2,0,0.8196389
,1338,3,0,0.7690066
,1339,0,2,1.0
,1339,1,0,0.8183211
,1339,2,0,0.7707178
,1339,3,0,0.76897985
,1340,0,0,0.8196012
,1340,1,2,1.0
,1340,2,0,0.7675149
,1340,3,0,0.769023
,1341,0,0,0.7692354
,1341,1,0,0.8196388
,1341,2,2,1.0
,1341,3,0,0.76900685
,1342,0,2,1.0
,1342,1,0,0.7707178
,1342,2,0,0.8183211
,1342,3,0,0.7689799
,1343,0,0,0.81959915
,1343,1,0,0.7675135
,1343,2,2,1.0
,1343,3,0,0.7690255
,1344,0,0,0.7691047
,1344,1,2,1.0
,1344,2,0,0.8088053
,1344,3,0,0.76901484
,1345,0,2,1.0
,1345,1,0,0.8184001
,1345,2,1,0.59957844
,1345,3,0,0.7658105
,1346,0,0,0.8119287
,1346,1,0,0.7686335
,1346,2,3,1.0
,1346,3,0,0.7668339
,1347,0,2,1.0
,1347,1,1,0.5020498
,1347,2,1,0.9732411
,1347,3,0,0.500119
,1348,0,0,0.8194182
,1348,1,2,1.0
,1348,2,0,0.7402674
,1348,3,0,0.75884014
,1349,0,0,0.77289665
,1349,1,0,0.81361
,1349,2,2,0.99999976
,1349,3,0,0.7707802
,1350,0,1,0.5038569
,1350,1,2,1.0
,1350,2,1,0.9359323
,1350,3,1,0.5034525
,1351,0,0,0.7480215
,1351,1,0,0.81190455
,1351,2,3,1.0
,1351,3,0,0.75832415
,1352,0,2,1.0
,1352,1,1,0.84348744
,1352,2,1,0.9905747
,1352,3,1,0.523867
,1353,0,0,0.81212854
,1353,1,3,1.0
,1353,2,0,0.74021006
,1353,3,0,0.75703
,1354,0,2,1.0
,1354,1,1,0.9732304
,1354,2,1,0.50812435
,1354,3,1,0.5003066
,1355,0,0,0.81330055
,1355,1,0,0.74423033
,1355,2,2,0.9857062
,1355,3,0,0.76090544
,1356,0,2,1.0
,1356,1,1,0.5045746
,1356,2,1,0.93660283
,1356,3,1,0.5038375
,1357,0,0,0.60563135
,1357,1,0,0.7571189
,1357,2,3,1.0
,1357,3,0,0.75714517
,1358,0,3,1.0
,1358,1,1,0.5128839
,1358,2,1,0.97562426
,1358,3,1,0.512882
,1359,0,1,0.9945609
,1359,1,1,0.51757205
,1359,2,2,1.0
,1359,3,1,0.5175553
,1360,0,3,1.0
,1360,1,0,0.7534613
,1360,2,1,0.524617
,1360,3,0,0.7538091
,1361,0,1,0.63016236
,1361,1,0,0.7573132
,1361,2,3,1.0
,1361,3,0,0.7667443
,1362,0,1,0.51763666
,1362,1,2,1.0
,1362,2,1,0.97348315
,1362,3,1,0.5000641
,1363,0,0,0.75793266
,1363,1,0,0.8179634
,1363,2,2,1.0
,1363,3,0,0.7585568
,1364,0,0,0.7685928
,1364,1,2,1.0
,1364,2,0,0.8183268
,1364,3,0,0.7686255
,1365,0,0,0.7686831
,1365,1,0,0.818325
,1365,2,2,1.0
,1365,3,0,0.7689824
,1366,0,0,0.76053643
,1366,1,2,1.0
,1366,2,0,0.8196233
,1366,3,0,0.7689658
,1367,0,0,0.53770196
,1367,1,2,1.0
,1367,2,0,0.7765058
,1367,3,0,0.7751511
,1368,0,3,1.0
,1368,1,1,0.7591212
,1368,2,1,0.5250202
,1368,3,1,0.5116597
,1369,0,1,0.9743641
,1369,1,1,0.8507214
,1369,2,2,1.0
,1369,3,1,0.52461207
,1370,0,0,0.74048954
,1370,1,3,1.0
,1370,2,0,0.8121401
,1370,3,0,0.75707334
,1371,0,1,0.51992285
,1371,1,1,0.97357565
,1371,2,2,1.0
,1371,3,1,0.5012578
,1372,0,1,0.61661804
,1372,1,2,1.0
,1372,2,0,0.8178165
,1372,3,0,0.75468594
,1373,0,3,1.0
,1373,1,0,0.8119632
,1373,2,0,0.7687626
,1373,3,0,0.76653826
,1374,0,1,0.97350216
,1374,1,2,1.0
,1374,2,1,0.5008221
,1374,3,1,0.50027174
,1375,0,2,1.0
,1375,1,0,0.8178677
,1375,2,0,0.7450824
,1375,3,0,0.75849116
,1376,0,0,0.818616
,1376,1,2,1.0
,1376,2,1,0.6020886
,1376,3,0,0.766058
,1377,0,0,0.76746464
,1377,1,0,0.78870684
,1377,2,3,1.0
,1377,3,0,0.76553184
,1378,0,0,0.769317
,1378,1,2,0.91753703
,1378,2,1,0.6281301
,1378,3,0,0.7676818
,1379,0,0,0.76906556
,1379,1,0,0.78271043
,1379,2,0,0.75335777
,1379,3,2,1.0
,1380,0,0,0.7689247
,1380,1,0,0.7694636
,1380,2,2,1.0
,1380,3,0,0.8183204
,1381,0,0,0.76744974
,1381,1,0,0.76903784
,1381,2,0,0.8196473
,1381,3,2,1.0
,1382,0,2,1.0
,1382,1,0,0.768925
,1382,2,0,0.7707643
,1382,3,0,0.818321
,1383,0,0,0.8197129
,1383,1,0,0.76744854
,1383,2,0,0.76883465
,1383,3,2,1.0
,1384,0,0,0.7729068
,1384,1,2,1.0
,1384,2,0,0.7618026
,1384,3,0,0.8214343
,1385,0,1,0.50033367
,1385,1,1,0.7473873
,1385,2,2,1.0
,1385,3,0,0.5018149
,1386,0,0,0.75719494
,1386,1,2,1.0
,1386,2,1,0.522294
,1386,3,0,0.75728357
,1387,0,0,0.7658199
,1387,1,0,0.8116995
,1387,2,3,1.0
,1387,3,0,0.7661588
,1388,0,1,0.5086884
,1388,1,2,0.9999999
,1388,2,1,0.9907162
,1388,3,0,0.5019109
,1389,0,1,0.7651032
,1389,1,1,0.75678784
,1389,2,3,1.0
,1389,3,1,0.5245918
,1390,0,3,1.0
,1390,1,1,0.7752531
,1390,2,1,0.97456366
,1390,3,1,0.52719665
,1391,0,1,0.974136
,1391,1,3,1.0
,1391,2,1,0.555823
,1391,3,1,0.5231141
,1392,0,1,0.5373625
,1392,1,1,0.97384006
,1392,2,2,1.0
,1392,3,1,0.516782
,1393,0,0,0.7437419
,1393,1,2,1.0
,1393,2,0,0.8178432
,1393,3,0,0.757895
,1394,0,1,0.6024639
,1394,1,0,0.8181092
,1394,2,2,1.0
,1394,3,0,0.76543874
,1395,0,3,1.0
,1395,1,0,0.75838363
,1395,2,0,0.8117101
,1395,3,0,0.76676846
,1396,0,1,0.97421175
,1396,1,1,0.837469
,1396,2,2,1.0
,1396,3,1,0.51010025
,1397,0,0,0.72990996
,1397,1,3,1.0
,1397,2,0,0.8119138
,1397,3,0,0.7574639
,1398,0,1,0.8381303
,1398,1,1,0.9742051
,1398,2,2,1.0
,1398,3,1,0.5104702
,1399,0,3,1.0
,1399,1,0,0.730644
,1399,2,0,0.81142473
,1399,3,0,0.75751656
,1400,0,1,0.9742178
,1400,1,2,1.0
,1400,2,1,0.83633685
,1400,3,1,0.51062405
,1401,0,0,0.7309186
,1401,1,0,0.81994116
,1401,2,3,1.0
,1401,3,0,0.75749254
,1402,0,2,0.9999813
,1402,1,0,0.5020915
,1402,2,1,0.97408164
,1402,3,1,0.50113416
,1403,0,0,0.82105184
,1403,1,0,0.76071656
,1403,2,2,0.972875
,1403,3,0,0.751087
,1404,0,0,0.5020297
,1404,1,1,0.50288916
,1404,2,1,0.7517186
,1404,3,2,1.0
,1405,0,0,0.7587599
,1405,1,2,1.0
,1405,2,0,0.7496975
,1405,3,0,0.818016
,1406,0,0,0.76864624
,1406,1,0,0.81960166
,1406,2,0,0.7667683
,1406,3,2,1.0
,1407,0,0,0.7685337
,1407,1,0,0.7692296
,1407,2,2,1.0
,1407,3,0,0.819642
,1408,0,0,0.7559284
,1408,1,2,1.0
,1408,2,0,0.8182095
,1408,3,0,0.77072924
,1409,0,1,0.601964
,1409,1,0,0.8181196
,1409,2,2,1.0
,1409,3,0,0.7659007
,1410,0,3,1.0
,1410,1,0,0.75886256
,1410,2,0,0.8115803
,1410,3,0,0.7669962
,1411,0,1,0.9912226
,1411,1,2,1.0
,1411,2,1,0.8417675
,1411,3,1,0.5234982
,1412,0,1,0.6431151
,1412,1,0,0.8159679
,1412,2,3,1.0
,1412,3,0,0.7491908
,1413,0,3,1.0
,1413,1,0,0.76682997
,1413,2,1,0.83676964
,1413,3,0,0.76486975
,1414,0,1,0.97534215
,1414,1,1,0.5214651
,1414,2,3,1.0
,1414,3,1,0.5081338
,1415,0,1,0.8556227
,1415,1,2,1.0
,1415,2,1,0.97434205
,1415,3,1,0.524237
,1416,0,3,1.0
,1416,1,0,0.8121701
,1416,2,0,0.74104685
,1416,3,0,0.7571088
,1417,0,1,0.9732377
,1417,1,2,1.0
,1417,2,1,0.5032354
,1417,3,1,0.50027996
,1418,0,0,0.7402702
,1418,1,0,0.8193059
,1418,2,2,1.0
,1418,3,0,0.75874424
,1419,0,2,1.0
,1419,1,0,0.7692201
,1419,2,0,0.8195916
,1419,3,0,0.76863724
,1420,0,0,0.81964105
,1420,1,2,1.0
,1420,2,0,0.7692351
,1420,3,0,0.7689945
,1421,0,0,0.7707792
,1421,1,0,0.81829
,1421,2,2,1.0
,1421,3,0,0.76899827
,1422,0,0,0.7675438
,1422,1,2,1.0
,1422,2,1,0.52148944
,1422,3,0,0.7678455
,1423,0,0,0.7560427
,1423,1,0,0.8114975
,1423,2,3,1.0
,1423,3,0,0.766349
,1424,0,1,0.83653855
,1424,1,2,1.0
,1424,2,1,0.9753254
,1424,3,1,0.5100881
,1425,0,3,1.0
,1425,1,0,0.81879497
,1425,2,1,0.5131699
,1425,3,0,0.7543974
,1426,0,1,0.9912141
,1426,1,1,0.5092136
,1426,2,3,1.0
,1426,3,1,0.51204574
,1427,0,3,1.0
,1427,1,1,0.52032113
,1427,2,1,0.9909243
,1427,3,1,0.5204197
,1428,0,1,0.99671996
,1428,1,1,0.53384113
,1428,2,3,1.0
,1428,3,1,0.5332471
,1429,0,3,0.9999999
,1429,1,1,0.54759437
,1429,2,1,0.9904807
,1429,3,1,0.53390115
,1430,0,1,0.9980594
,1430,1,2,0.99999976
,1430,2,1,0.5546209
,1430,3,1,0.53462183
,1431,0,3,1.0
,1431,1,0,0.81209344
,1431,2,0,0.7567852
,1431,3,0,0.7574784
,1432,0,1,0.99804187
,1432,1,2,1.0
,1432,2,1,0.52051556
,1432,3,1,0.5209733
,1433,0,3,1.0
,1433,1,0,0.82032347
,1433,2,0,0.75790745
,1433,3,0,0.7477729
,1434,0,1,0.9903772
,1434,1,1,0.51768965
,1434,2,1,0.5225937
,1434,3,2,1.0
,1435,0,0,0.72721773
,1435,1,0,0.7562408
,1435,2,2,1.0
,1435,3,0,0.81932735
,1436,0,1,0.6033587
,1436,1,2,1.0
,1436,2,0,0.8181075
,1436,3,0,0.7675888
,1437,0,3,1.0
,1437,1,0,0.8199606
,1437,2,0,0.7589839
,1437,3,0,0.7667409
,1438,0,1,0.9907605
,1438,1,1,0.51480496
,1438,2,2,1.0
,1438,3,1,0.5312256
,1439,0,2,1.0
,1439,1,1,0.5255462
,1439,2,1,0.7590519
,1439,3,1,0.8457298
,1440,0,0,0.8198787
,1440,1,0,0.7562788
,1440,2,1,0.5019432
,1440,3,3,1.0
,1441,0,0,0.50259125
,1441,1,1,0.51323855
,1441,2,3,0.99221915
,1441,3,1,0.9731749
,1442,0,1,0.5177617
,1442,1,2,1.0
,1442,2,1,0.9718403
,1442,3,1,0.53655183
,1443,0,2,1.0
,1443,1,0,0.8193388
,1443,2,0,0.74028397
,1443,3,0,0.75736505
,1444,0,0,0.81963354
,1444,1,0,0.7707895
,1444,2,2,1.0
,1444,3,0,0.76701075
,1445,0,0,0.7703417
,1445,1,0,0.76894015
,1445,2,0,0.7297981
,1445,3,2,1.0
,1446,0,0,0.7612977
,1446,1,0,0.77057725
,1446,2,2,0.7410483
,1446,3,0,0.8212149
,1447,0,2,1.0
,1447,1,1,0.50028515
,1447,2,1,0.80606997
,1447,3,0,0.5019571
,1448,0,0,0.60815376
,1448,1,0,0.7600141
,1448,2,2,0.99892795
,1448,3,0,0.7601092
,1449,0,3,1.0
,1449,1,1,0.5179552
,1449,2,1,0.93766457
,1449,3,1,0.5174588
,1450,0,1,0.6292285
,1450,1,0,0.7483434
,1450,2,3,1.0
,1450,3,0,0.7585538
,1451,0,1,0.5553823
,1451,1,2,1.0
,1451,2,1,0.99802047
,1451,3,1,0.5206293
,1452,0,1,0.6217942
,1452,1,0,0.81642777
,1452,2,3,1.0
,1452,3,0,0.7504344
,1453,0,3,1.0
,1453,1,0,0.76705927
,1453,2,1,0.8367711
,1453,3,0,0.7647036
,1454,0,1,0.9946738
,1454,1,1,0.51147425
,1454,2,3,1.0
,1454,3,1,0.51156425
,1455,0,3,1.0
,1455,1,0,0.75320673
,1455,2,1,0.89578235
,1455,3,0,0.75348765
,1456,0,1,0.8345977
,1456,1,0,0.7588614
,1456,2,3,1.0
,1456,3,0,0.76657563
,1457,0,3,1.0
,1457,1,1,0.7578047
,1457,2,1,0.9744257
,1457,3,1,0.5128278
,1458,0,1,0.9755339
,1458,1,3,1.0
,1458,2,1,0.556267
,1458,3,1,0.52262944
,1459,0,1,0.8552783
,1459,1,1,0.97434133
,1459,2,2,1.0
,1459,3,1,0.5248764
,1460,0,3,1.0
,1460,1,0,0.7400126
,1460,2,0,0.6053833
,1460,3,0,0.7560185
,1461,0,1,0.9756204
,1461,1,1,0.5137304
,1461,2,3,1.0
,1461,3,1,0.5129274
,1462,0,2,0.9999832
,1462,1,1,0.518916
,1462,2,1,0.97364444
,1462,3,1,0.5166395
,1463,0,0,0.8192931
,1463,1,2,1.0
,1463,2,0,0.7402421
,1463,3,0,0.75815094
,1464,0,0,0.76921827
,1464,1,0,0.8196306
,1464,2,2,1.0
,1464,3,0,0.7686188
,1465,0,2,1.0
,1465,1,0,0.7705215
,1465,2,0,0.81831896
,1465,3,0,0.7690475
,1466,0,0,0.82125133
,1466,1,0,0.7618685
,1466,2,2,1.0
,1466,3,0,0.77124655
,1467,0,1,0.5062313
,1467,1,2,1.0
,1467,2,1,0.75353414
,1467,3,0,0.502273
,1468,0,1,0.7625701
,1468,1,1,0.7474752
,1468,2,2,1.0
,1468,3,1,0.5195575
,1469,0,3,1.0
,1469,1,1,0.5465252
,1469,2,1,0.7559966
,1469,3,1,0.5230658
,1470,0,1,0.97388244
,1470,1,2,1.0
,1470,2,1,0.7702826
,1470,3,1,0.5201865
,1471,0,1,0.54311144
,1471,1,1,0.7578271
,1471,2,3,1.0
,1471,3,1,0.5230394
,1472,0,1,0.51998925
,1472,1,2,1.0
,1472,2,1,0.9736238
,1472,3,1,0.51686114
,1473,0,2,1.0
,1473,1,0,0.8193397
,1473,2,0,0.7402413
,1473,3,0,0.758146
,1474,0,0,0.81831455
,1474,1,0,0.7704993
,1474,2,2,0.9999988
,1474,3,0,0.76866925
,1475,0,2,0.99999774
,1475,1,0,0.7616461
,1475,2,0,0.81299466
,1475,3,0,0.77114266
,1476,0,1,0.7492123
,1476,1,2,1.0
,1476,2,1,0.83642
,1476,3,1,0.5106893
,1477,0,0,0.7486283
,1477,1,0,0.8196438
,1477,2,3,1.0
,1477,3,0,0.7487573
,1478,0,0,0.5496684
,1478,1,0,0.5528454
,1478,2,1,0.9859784
,1478,3,2,1.0
,1479,0,0,0.7591247
,1479,1,0,0.7592378
,1479,2,3,1.0
,1479,3,0,0.59459937
,1480,0,0,0.5147603
,1480,1,0,0.51476884
,1480,2,1,0.9381303
,1480,3,3,1.0
,1481,0,1,0.51543814
,1481,1,1,0.5153593
,1481,2,2,1.0
,1481,3,1,0.973862
,1482,0,0,0.75641596
,1482,1,0,0.75804305
,1482,2,0,0.8192368
,1482,3,2,1.0
,1483,0,2,1.0
,1483,1,0,0.76862174
,1483,2,0,0.7690878
,1483,3,0,0.80880356
,1484,0,0,0.81840223
,1484,1,0,0.76579404
,1484,2,2,1.0
,1484,3,1,0.5995784
,1485,0,0,0.7687043
,1485,1,0,0.76676214
,1485,2,0,0.8119287
,1485,3,3,1.0
,1486,0,0,0.50019777
,1486,1,1,0.5021328
,1486,2,2,1.0
,1486,3,1,0.9732411
,1487,0,0,0.7587613
,1487,1,2,1.0
,1487,2,0,0.81930596
,1487,3,0,0.74027014
,1488,0,0,0.7686371
,1488,1,0,0.81963813
,1488,2,0,0.76921874
,1488,3,2,1.0
,1489,0,0,0.7689567
,1489,1,0,0.7707748
,1489,2,2,1.0
,1489,3,0,0.8183199
,1490,0,0,0.7687429
,1490,1,0,0.7691368
,1490,2,0,0.818326
,1490,3,2,1.0
,1491,0,0,0.7618239
,1491,1,0,0.77114266
,1491,2,2,1.0
,1491,3,0,0.82138073
,1492,0,2,1.0
,1492,1,1,0.50017095
,1492,2,1,0.746025
,1492,3,1,0.50020504
,1493,0,0,0.81789714
,1493,1,0,0.75862026
,1493,2,0,0.73623073
,1493,3,2,1.0
,1494,0,2,1.0
,1494,1,0,0.76549315
,1494,2,1,0.602082
,1494,3,0,0.8182106
,1495,0,0,0.60650593
,1495,1,0,0.7656618
,1495,2,3,1.0
,1495,3,0,0.759939
,1496,0,3,1.0
,1496,1,1,0.51620865
,1496,2,1,0.9757261
,1496,3,1,0.7588594
,1497,0,1,0.9745575
,1497,1,1,0.5279373
,1497,2,1,0.79121035
,1497,3,3,1.0
,1498,0,1,0.51219547
,1498,1,1,0.5052131
,1498,2,3,1.0
,1498,3,1,0.9381178
,1499,0,1,0.5360695
,1499,1,2,1.0
,1499,2,1,0.9743876
,1499,3,1,0.8538162
,1500,0,0,0.51027966
,1500,1,0,0.81877774
,1500,2,0,0.72684
,1500,3,3,1.0
,1501,0,3,1.0
,1501,1,1,0.51735157
,1501,2,1,0.84357303
,1501,3,1,0.97504604
,1502,0,1,0.6290151
,1502,1,0,0.7580886
,1502,2,3,1.0
,1502,3,0,0.73168045
,1503,0,1,0.5145129
,1503,1,0,0.50204945
,1503,2,1,0.97429234
,1503,3,2,0.9999958
,1504,0,1,0.5142252
,1504,1,1,0.5265906
,1504,2,2,1.0
,1504,3,1,0.74493337
,1505,0,1,0.51645535
,1505,1,2,1.0
,1505,2,1,0.7469569
,1505,3,1,0.5288954
,1506,0,0,0.75819236
,1506,1,0,0.8193886
,1506,2,0,0.7482873
,1506,3,2,1.0
,1507,0,0,0.7703662
,1507,1,0,0.7725224
,1507,2,2,1.0
,1507,3,0,0.81459475
,1508,0,0,0.55922943
,1508,1,0,0.5593258
,1508,2,1,0.86073416
,1508,3,2,1.0
,1509,0,0,0.7591741
,1509,1,0,0.75917757
,1509,2,3,1.0
,1509,3,0,0.60562074
,1510,0,1,0.512926
,1510,1,1,0.51292586
,1510,2,1,0.9912518
,1510,3,3,1.0
,1511,0,1,0.5205057
,1511,1,1,0.5205057
,1511,2,3,1.0
,1511,3,1,0.97525704
,1512,0,1,0.5171947
,1512,1,1,0.51719475
,1512,2,1,0.9738963
,1512,3,2,1.0
,1513,0,0,0.75654364
,1513,1,0,0.75654376
,1513,2,2,1.0
,1513,3,1,0.5223587
,1514,0,0,0.7661984
,1514,1,0,0.766201
,1514,2,0,0.8114236
,1514,3,3,1.0
,1515,0,1,0.5201561
,1515,1,1,0.5200728
,1515,2,2,1.0
,1515,3,1,0.9904445
,1516,0,0,0.75618464
,1516,1,0,0.757911
,1516,2,0,0.8193353
,1516,3,2,1.0
,1517,0,2,0.9999589
,1517,1,0,0.77083206
,1517,2,0,0.7729931
,1517,3,0,0.8136615
,1518,0,1,0.753283
,1518,1,0,0.5026856
,1518,2,0,0.5027805
,1518,3,2,1.0
,1519,0,2,0.9996739
,1519,1,1,0.513296
,1519,2,1,0.51330864
,1519,3,1,0.75473845
,1520,0,1,0.936196
,1520,1,1,0.51958454
,1520,2,1,0.519965
,1520,3,2,0.9999999
,1521,0,3,1.0
,1521,1,0,0.75652254
,1521,2,0,0.74862707
,1521,3,0,0.6071483
,1522,0,1,0.9746595
,1522,1,1,0.5165869
,1522,2,1,0.7604757
,1522,3,3,1.0
,1523,0,1,0.54311967
,1523,1,1,0.5229556
,1523,2,3,1.0
,1523,3,1,0.99118716
,1524,0,1,0.5217843
,1524,1,1,0.5208947
,1524,2,1,0.9752554
,1524,3,3,1.0
,1525,0,1,0.51780695
,1525,1,1,0.51774615
,1525,2,2,1.0
,1525,3,1,0.99456966
,1526,0,0,0.7565205
,1526,1,0,0.756967
,1526,2,0,0.6058124
,1526,3,3,1.0
,1527,0,1,0.52642894
,1527,1,1,0.5126837
,1527,2,3,1.0
,1527,3,1,0.97432685
,1528,0,2,1.0
,1528,1,1,0.5335367
,1528,2,1,0.9904387
,1528,3,1,0.55598867
,1529,0,0,0.8193943
,1529,1,0,0.75758475
,1529,2,0,0.73959017
,1529,3,2,1.0
,1530,0,0,0.772912
,1530,1,0,0.77073675
,1530,2,2,1.0
,1530,3,0,0.8136097
,1531,0,1,0.5033425
,1531,1,1,0.50343865
,1531,2,1,0.93577987
,1531,3,2,1.0
,1532,0,0,0.7573323
,1532,1,0,0.757329
,1532,2,3,1.0
,1532,3,0,0.6097547
,1533,0,1,0.5229407
,1533,1,1,0.5229374
,1533,2,1,0.9910625
,1533,3,3,1.0
,1534,0,1,0.51757836
,1534,1,1,0.51749986
,1534,2,2,1.0
,1534,3,1,0.9739051
,1535,0,0,0.7563386
,1535,1,0,0.7579635
,1535,2,0,0.81927687
,1535,3,2,1.0
,1536,0,2,1.0
,1536,1,0,0.76858145
,1536,2,0,0.77047384
,1536,3,0,0.8196103
,1537,0,2,1.0
,1537,1,0,0.7750298
,1537,2,0,0.7671892
,1537,3,0,0.77624905
,1538,0,1,0.5563842
,1538,1,0,0.5515154
,1538,2,2,1.0
,1538,3,0,0.53376096
,1539,0,2,1.0
,1539,1,0,0.7569328
,1539,2,0,0.8179618
,1539,3,1,0.6137136
,1540,0,0,0.8116631
,1540,1,0,0.76671106
,1540,2,0,0.76894814
,1540,3,3,1.0
,1541,0,2,1.0
,1541,1,1,0.52217054
,1541,2,1,0.51990706
,1541,3,1,0.9903506
,1542,0,0,0.8192839
,1542,1,2,1.0
,1542,2,0,0.75637215
,1542,3,0,0.7412991
,1543,0,0,0.7692221
,1543,1,0,0.81963986
,1543,2,2,1.0
,1543,3,0,0.7680129
,1544,0,2,1.0
,1544,1,0,0.77077514
,1544,2,0,0.81831795
,1544,3,0,0.7686522
,1545,0,0,0.81826395
,1545,1,0,0.7691165
,1545,2,2,1.0
,1545,3,0,0.7607267
,1546,0,2,1.0
,1546,1,0,0.7696523
,1546,2,0,0.8209559
,1546,3,0,0.5343925
,1547,0,1,0.89585763
,1547,1,1,0.5227037
,1547,2,1,0.5205586
,1547,3,3,1.0
,1548,0,2,1.0
,1548,1,1,0.53423357
,1548,2,1,0.5363743
,1548,3,1,0.9904512
,1549,0,0,0.81800467
,1549,1,0,0.75738776
,1549,2,2,1.0
,1549,3,0,0.74125516
,1550,0,2,1.0
,1550,1,0,0.767043
,1550,2,0,0.8196022
,1550,3,0,0.76804346
,1551,0,0,0.81959414
,1551,1,2,1.0
,1551,2,0,0.76923674
,1551,3,0,0.7689725
,1552,0,0,0.7692366
,1552,1,0,0.81959426
,1552,2,2,1.0
,1552,3,0,0.7690056
,1553,0,2,1.0
,1553,1,0,0.76923525
,1553,2,0,0.81964064
,1553,3,0,0.7690046
,1554,0,0,0.818321
,1554,1,2,0.9999999
,1554,2,0,0.77077425
,1554,3,0,0.768923
,1555,0,2,1.0
,1555,1,0,0.8196661
,1555,2,0,0.769106
,1555,3,0,0.7674111
,1556,0,1,0.5215927
,1556,1,0,0.7696217
,1556,2,0,0.76782584
,1556,3,2,1.0
,1557,0,3,1.0
,1557,1,0,0.7664881
,1557,2,0,0.7664241
,1557,3,0,0.81171936
,1558,0,1,0.9735009
,1558,1,1,0.50017226
,1558,2,1,0.5001751
,1558,3,2,1.0
,1559,0,2,1.0
,1559,1,0,0.76038843
,1559,2,0,0.7603883
,1559,3,0,0.81412995
,1560,0,1,0.55668575
,1560,1,0,0.55253947
,1560,2,0,0.5525394
,1560,3,2,1.0
,1561,0,2,1.0
,1561,1,0,0.7606415
,1561,2,0,0.76064146
,1561,3,0,0.8180503
,1562,0,0,0.8182971
,1562,1,0,0.76871955
,1562,2,0,0.76871955
,1562,3,2,1.0
,1563,0,2,1.0
,1563,1,0,0.76783717
,1563,2,0,0.76783717
,1563,3,1,0.5215787
,1564,0,0,0.8117
,1564,1,0,0.7665196
,1564,2,0,0.766523
,1564,3,3,1.0
,1565,0,2,0.99991536
,1565,1,0,0.5026117
,1565,2,0,0.5027161
,1565,3,1,0.9743045
,1566,0,1,0.7470052
,1566,1,1,0.51841724
,1566,2,1,0.51605576
,1566,3,2,1.0
,1567,0,0,0.7520954
,1567,1,2,1.0
,1567,2,0,0.76031727
,1567,3,0,0.8133536
,1568,0,1,0.5031554
,1568,1,1,0.7457651
,1568,2,1,0.5004304
,1568,3,2,1.0
,1569,0,2,1.0
,1569,1,0,0.7423815
,1569,2,0,0.76087815
,1569,3,0,0.8206684
,1570,0,1,0.7477072
,1570,1,2,1.0
,1570,2,1,0.50151193
,1570,3,1,0.51679176
,1571,0,2,1.0
,1571,1,0,0.8178561
,1571,2,0,0.7547601
,1571,3,1,0.6160512
,1572,0,0,0.6030846
,1572,1,0,0.76833344
,1572,2,0,0.7660876
,1572,3,3,1.0
,1573,0,3,0.9978512
,1573,1,1,0.50560933
,1573,2,1,0.5057085
,1573,3,1,0.97490495
,1574,0,1,0.9362774
,1574,1,0,0.53225833
,1574,2,0,0.532254
,1574,3,2,0.9998164
,1575,0,2,1.0
,1575,1,1,0.5114764
,1575,2,1,0.5114765
,1575,3,1,0.7545243
,1576,0,1,0.7487933
,1576,1,1,0.51686156
,1576,2,1,0.5168616
,1576,3,2,1.0
,1577,0,2,1.0
,1577,1,0,0.757997
,1577,2,0,0.75799686
,1577,3,0,0.81797796
,1578,0,0,0.81832683
,1578,1,0,0.768606
,1578,2,0,0.7686059
,1578,3,2,1.0
,1579,0,2,1.0
,1579,1,0,0.76898533
,1579,2,0,0.76898533
,1579,3,0,0.81832683
,1580,0,0,0.8182994
,1580,1,0,0.76908994
,1580,2,0,0.7690898
,1580,3,2,1.0
,1581,0,2,0.999972
,1581,1,0,0.77060384
,1581,2,0,0.7706006
,1581,3,0,0.6081814
,1582,0,1,0.7586558
,1582,1,1,0.51252156
,1582,2,1,0.5126262
,1582,3,3,1.0
,1583,0,2,1.0
,1583,1,1,0.51633203
,1583,2,1,0.5186973
,1583,3,1,0.9736106
,1584,0,0,0.7427739
,1584,1,0,0.76042706
,1584,2,2,1.0
,1584,3,0,0.7438646
,1585,0,2,0.66578907
,1585,1,0,0.50184083
,1585,2,1,0.7434004
,1585,3,1,0.51202077
,1586,0,1,0.8239199
,1586,1,1,0.5159004
,1586,2,1,0.52681714
,1586,3,2,1.0
,1587,0,2,1.0
,1587,1,0,0.758068
,1587,2,0,0.75605863
,1587,3,0,0.81925744
,1588,0,0,0.8195925
,1588,1,0,0.76861525
,1588,2,2,1.0
,1588,3,0,0.7692205
,1589,0,0,0.76923674
,1589,1,0,0.7689911
,1589,2,0,0.81959414
,1589,3,2,1.0
,1590,0,2,1.0
,1590,1,0,0.7689516
,1590,2,0,0.76923764
,1590,3,0,0.81964093
,1591,0,0,0.8195923
,1591,1,0,0.7674337
,1591,2,2,1.0
,1591,3,0,0.7708028
,1592,0,0,0.7691041
,1592,1,2,1.0
,1592,2,0,0.8088047
,1592,3,0,0.76907766
,1593,0,2,1.0
,1593,1,0,0.8184063
,1593,2,1,0.59959275
,1593,3,0,0.7658176
,1594,0,0,0.81162304
,1594,1,0,0.7688746
,1594,2,3,1.0
,1594,3,0,0.7670074
,1595,0,2,1.0
,1595,1,1,0.52003944
,1595,2,1,0.99044436
,1595,3,1,0.5200509
,1596,0,0,0.80846703
,1596,1,0,0.7560569
,1596,2,2,1.0
,1596,3,0,0.7575136
,1597,0,1,0.5978215
,1597,1,2,1.0
,1597,2,0,0.81841123
,1597,3,0,0.75673676
,1598,0,3,1.0
,1598,1,0,0.8182025
,1598,2,0,0.7655554
,1598,3,0,0.52140075
,1599,0,1,0.97425914
,1599,1,1,0.52296716
,1599,2,1,0.5123152
,1599,3,3,1.0
,1600,0,1,0.5563416
,1600,1,2,1.0
,1600,2,1,0.55137175
,1600,3,1,0.9904616
,1601,0,2,1.0
,1601,1,0,0.81788564
,1601,2,1,0.61622256
,1601,3,0,0.72816724
,1602,0,0,0.812438
,1602,1,0,0.76591885
,1602,2,3,1.0
,1602,3,0,0.5254769
,1603,0,1,0.7639373
,1603,1,1,0.5235256
,1603,2,1,0.9906472
,1603,3,3,1.0
,1604,0,3,1.0
,1604,1,1,0.52311105
,1604,2,1,0.54367554
,1604,3,1,0.97544086
,1605,0,1,0.97389776
,1605,1,1,0.51734173
,1605,2,1,0.5182338
,1605,3,2,1.0
,1606,0,2,1.0
,1606,1,0,0.7561873
,1606,2,0,0.756502
,1606,3,1,0.5223349
,1607,0,0,0.81907856
,1607,1,0,0.7565418
,1607,2,0,0.7660208
,1607,3,3,1.0
,1608,0,1,0.5165981
,1608,1,2,1.0
,1608,2,1,0.5010045
,1608,3,1,0.97358865
,1609,0,1,0.616467
,1609,1,0,0.81781673
,1609,2,0,0.7546937
,1609,3,2,1.0
,1610,0,3,1.0
,1610,1,0,0.7687823
,1610,2,0,0.7665352
,1610,3,0,0.8119636
,1611,0,1,0.9734988
,1611,1,1,0.50014526
,1611,2,1,0.5003232
,1611,3,2,1.0
,1612,0,2,1.0
,1612,1,0,0.75858647
,1612,2,0,0.756961
,1612,3,0,0.81928617
,1613,0,0,0.81831944
,1613,1,0,0.76860666
,1613,2,2,1.0
,1613,3,0,0.77070117
,1614,0,2,1.0
,1614,1,0,0.76901245
,1614,2,0,0.81965005
,1614,3,0,0.76751286
,1615,0,0,0.8183193
,1615,1,0,0.7690626
,1615,2,0,0.77085584
,1615,3,2,1.0
,1616,0,2,1.0
,1616,1,0,0.7713091
,1616,2,0,0.77137226
,1616,3,0,0.8133545
,1617,0,1,0.89052933
,1617,1,1,0.52123284
,1617,2,1,0.5212301
,1617,3,2,1.0
,1618,0,2,1.0
,1618,1,0,0.7577659
,1618,2,0,0.75776595
,1618,3,0,0.81794775
,1619,0,0,0.8183268
,1619,1,0,0.76859796
,1619,2,0,0.768598
,1619,3,2,1.0
,1620,0,2,1.0
,1620,1,0,0.76899165
,1620,2,0,0.76899153
,1620,3,0,0.81937367
,1621,0,2,1.0
,1621,1,0,0.7753817
,1621,2,0,0.77538157
,1621,3,0,0.7679926
,1622,0,1,0.7472935
,1622,1,1,0.5000062
,1622,2,1,0.50000846
,1622,3,2,1.0
,1623,0,2,1.0
,1623,1,0,0.76078117
,1623,2,0,0.7607338
,1623,3,0,0.81332284
,1624,0,1,0.7461127
,1624,1,1,0.50135696
,1624,2,1,0.5028275
,1624,3,2,1.0
,1625,0,0,0.7328008
,1625,1,0,0.74188346
,1625,2,2,1.0
,1625,3,0,0.80581504
,1626,0,0,1.0
,1626,1,0,1.0
,1626,2,0,1.0
,1626,3,2,0.62226653
,1627,0,0,0.77909935
,1627,1,0,0.7791
,1627,2,2,1.0
,1627,3,0,0.64231783
,1628,0,0,0.5029919
,1628,1,0,0.50301236
,1628,2,1,0.7536028
,1628,3,2,0.99691665
,1629,0,1,0.5346274
,1629,1,1,0.5341638
,1629,2,2,1.0
,1629,3,1,0.8914556
,1630,0,0,0.7498732
,1630,1,0,0.75952005
,1630,2,0,0.8210019
,1630,3,2,1.0
,1631,0,2,1.0
,1631,1,1,0.5009049
,1631,2,1,0.50065476
,1631,3,1,0.75897557
,1632,0,0,0.81789196
,1632,1,0,0.7548882
,1632,2,2,1.0
,1632,3,1,0.6273578
,1633,0,0,0.76884645
,1633,1,0,0.76660657
,1633,2,0,0.811972
,1633,3,3,1.0
,1634,0,1,0.5007905
,1634,1,1,0.50088894
,1634,2,2,1.0
,1634,3,1,0.9945046
,1635,0,0,0.7587867
,1635,1,0,0.7587965
,1635,2,0,0.8120069
,1635,3,3,1.0
,1636,0,1,0.5279255
,1636,1,1,0.5275072
,1636,2,2,1.0
,1636,3,1,0.9965838
,1637,0,0,0.7473722
,1637,1,0,0.75606376
,1637,2,1,0.520458
,1637,3,2,1.0
,1638,0,0,0.5252927
,1638,1,0,0.7629158
,1638,2,3,1.0
,1638,3,0,0.8122126
,1639,0,3,1.0
,1639,1,1,0.5234659
,1639,2,1,0.9910155
,1639,3,1,0.75995326
,1640,0,1,0.99061286
,1640,1,1,0.5355606
,1640,2,1,0.7851057
,1640,3,3,1.0
,1641,0,1,0.5546191
,1641,1,1,0.5347061
,1641,2,3,1.0
,1641,3,1,0.99102753
,1642,0,1,0.535744
,1642,1,1,0.5348719
,1642,2,1,0.99054354
,1642,3,2,1.0
,1643,0,0,0.75723445
,1643,1,0,0.7572653
,1643,2,2,1.0
,1643,3,0,0.8179412
,1644,0,0,0.7685787
,1644,1,0,0.7685798
,1644,2,0,0.8183268
,1644,3,2,1.0
,1645,0,0,0.76898086
,1645,1,0,0.7689809
,1645,2,2,1.0
,1645,3,0,0.81832695
,1646,0,0,0.76899505
,1646,1,0,0.76899505
,1646,2,0,0.81832695
,1646,3,2,1.0
,1647,0,0,0.7689964
,1647,1,0,0.7689964
,1647,2,2,1.0
,1647,3,0,0.81832683
,1648,0,0,0.769015
,1648,1,0,0.769015
,1648,2,0,0.8182971
,1648,3,2,1.0
,1649,0,0,0.76783246
,1649,1,0,0.76783246
,1649,2,2,1.0
,1649,3,1,0.5215647
,1650,0,0,0.7660696
,1650,1,0,0.7660696
,1650,2,0,0.8125094
,1650,3,3,0.9999912
,1651,0,0,0.5506696
,1651,1,0,0.5506696
,1651,2,2,1.0
,1651,3,1,0.9860187
,1652,0,0,0.76049775
,1652,1,0,0.76049775
,1652,2,0,0.81246233
,1652,3,3,1.0
,1653,0,1,0.5004895
,1653,1,1,0.5004895
,1653,2,2,1.0
,1653,3,1,0.97349703
,1654,0,0,0.75855905
,1654,1,0,0.75855905
,1654,2,0,0.81793237
,1654,3,2,1.0
,1655,0,0,0.76747227
,1655,1,0,0.76747227
,1655,2,2,1.0
,1655,3,1,0.52157843
,1656,0,0,0.7664092
,1656,1,0,0.7664092
,1656,2,0,0.81171966
,1656,3,3,1.0
,1657,0,1,0.5002718
,1657,1,1,0.5002718
,1657,2,2,1.0
,1657,3,1,0.973501
,1658,0,0,0.75854963
,1658,1,0,0.75854963
,1658,2,0,0.8179626
,1658,3,2,1.0
,1659,0,0,0.76870394
,1659,1,0,0.76870394
,1659,2,2,1.0
,1659,3,0,0.818326
,1660,0,0,0.77112955
,1660,1,0,0.77113
,1660,2,0,0.8136741
,1660,3,2,1.0
,1661,0,1,0.50034153
,1661,1,1,0.5003267
,1661,2,2,1.0
,1661,3,1,0.7473016
,1662,0,0,0.75830555
,1662,1,0,0.75861096
,1662,2,0,0.8179479
,1662,3,2,1.0
,1663,0,0,0.75908387
,1663,1,0,0.7674629
,1663,2,2,1.0
,1663,3,1,0.51969373
,1664,0,0,0.52699506
,1664,1,0,0.7634417
,1664,2,0,0.8181239
,1664,3,3,1.0
,1665,0,3,1.0
,1665,1,1,0.52595854
,1665,2,1,0.5373928
,1665,3,1,0.9967534
,1666,0,1,0.9906386
,1666,1,1,0.53704983
,1666,2,2,1.0
,1666,3,1,0.8619305
,1667,0,0,0.72989976
,1667,1,0,0.7567952
,1667,2,0,0.8117916
,1667,3,3,1.0
,1668,0,2,1.0
,1668,1,1,0.52387124
,1668,2,1,0.8425182
,1668,3,1,0.990998
,1669,0,0,0.81891024
,1669,1,0,0.7541113
,1669,2,3,1.0
,1669,3,1,0.509369
,1670,0,1,0.5195436
,1670,1,1,0.5223785
,1670,2,1,0.9910606
,1670,3,3,1.0
,1671,0,1,0.5424808
,1671,1,1,0.54260445
,1671,2,2,1.0
,1671,3,1,0.9987686
,1672,0,0,0.7569921
,1672,1,0,0.75698775
,1672,2,0,0.8179019
,1672,3,2,1.0
,1673,0,0,0.76742357
,1673,1,0,0.7674234
,1673,2,2,1.0
,1673,3,1,0.5216069
,1674,0,0,0.7666624
,1674,1,0,0.7666624
,1674,2,0,0.8113162
,1674,3,3,1.0
,1675,0,1,0.52709234
,1675,1,1,0.52709234
,1675,2,2,1.0
,1675,3,1,0.9993026
,1676,0,0,0.7575667
,1676,1,0,0.7575668
,1676,2,0,0.81237364
,1676,3,3,1.0
,1677,0,1,0.5012518
,1677,1,1,0.50125057
,1677,2,2,1.0
,1677,3,1,0.9944887
,1678,0,0,0.75753313
,1678,1,0,0.7575586
,1678,2,0,0.605841
,1678,3,3,1.0
,1679,0,1,0.51366436
,1679,1,1,0.51287603
,1679,2,3,1.0
,1679,3,1,0.97562486
,1680,0,1,0.5352745
,1680,1,1,0.51743925
,1680,2,1,0.97396255
,1680,3,2,1.0
,1681,0,1,0.61563915
,1681,1,0,0.75411296
,1681,2,2,1.0
,1681,3,0,0.8107915
,1682,0,3,1.0
,1682,1,0,0.76366675
,1682,2,0,0.8183896
,1682,3,0,0.5288996
,1683,0,1,0.99055547
,1683,1,1,0.52209127
,1683,2,1,0.5337339
,1683,3,3,1.0
,1684,0,1,0.56279576
,1684,1,1,0.5423809
,1684,2,2,1.0
,1684,3,1,0.9997483
,1685,0,0,0.7553093
,1685,1,0,0.756035
,1685,2,0,0.60576963
,1685,3,3,1.0
,1686,0,1,0.5127263
,1686,1,1,0.5126944
,1686,2,3,1.0
,1686,3,1,0.9756594
,1687,0,1,0.53385353
,1687,1,1,0.5338521
,1687,2,1,0.9980569
,1687,3,2,1.0
,1688,0,0,0.7566018
,1688,1,0,0.7566018
,1688,2,3,1.0
,1688,3,0,0.6114083
,1689,0,1,0.5261708
,1689,1,1,0.5261708
,1689,2,1,0.9988141
,1689,3,3,1.0
,1690,0,1,0.53800726
,1690,1,1,0.5380072
,1690,2,3,0.99999976
,1690,3,1,0.99881697
,1691,0,1,0.53395045
,1691,1,1,0.53394926
,1691,2,1,0.9966848
,1691,3,3,1.0
,1692,0,1,0.5403635
,1692,1,1,0.54033506
,1692,2,3,1.0
,1692,3,1,0.998811
,1693,0,1,0.5189868
,1693,1,1,0.51833856
,1693,2,1,0.97391236
,1693,3,2,1.0
,1694,0,0,0.744412
,1694,1,0,0.7578357
,1694,2,2,1.0
,1694,3,0,0.8178416
,1695,0,1,0.602488
,1695,1,0,0.76544064
,1695,2,0,0.8181239
,1695,3,2,1.0
,1696,0,3,1.0
,1696,1,0,0.767018
,1696,2,0,0.7590141
,1696,3,0,0.811437
,1697,0,1,0.9987605
,1697,1,1,0.5300818
,1697,2,1,0.8481105
,1697,3,2,1.0
,1698,0,0,0.7401554
,1698,1,0,0.7568046
,1698,2,3,0.9999993
,1698,3,0,0.8121228
,1699,0,1,0.50137985
,1699,1,1,0.5006422
,1699,2,1,0.97350496
,1699,3,2,1.0
,1700,0,0,0.7570979
,1700,1,0,0.7571374
,1700,2,2,1.0
,1700,3,1,0.5223293
,1701,0,0,0.7656849
,1701,1,0,0.76605135
,1701,2,0,0.81169796
,1701,3,3,1.0
,1702,0,1,0.5128028
,1702,1,1,0.5012803
,1702,2,2,1.0
,1702,3,1,0.99447685
,1703,0,0,0.5177628
,1703,1,0,0.75607175
,1703,2,0,0.81911516
,1703,3,3,1.0
,1704,0,3,1.0
,1704,1,1,0.52826893
,1704,2,1,0.53591
,1704,3,1,0.99994314
,1705,0,1,0.9743295
,1705,1,1,0.5254
,1705,2,1,0.7618148
,1705,3,3,1.0
,1706,0,1,0.55922514
,1706,1,1,0.5396462
,1706,2,3,1.0
,1706,3,1,0.99956536
,1707,0,1,0.542258
,1707,1,1,0.54140466
,1707,2,1,0.9998405
,1707,3,3,0.9999999
,1708,0,1,0.5184173
,1708,1,1,0.51837957
,1708,2,2,1.0
,1708,3,1,0.9739111
,1709,0,0,0.7579157
,1709,1,0,0.757917
,1709,2,0,0.81792945
,1709,3,2,1.0
,1710,0,0,0.7674571
,1710,1,0,0.76745725
,1710,2,2,1.0
,1710,3,1,0.52161354
,1711,0,0,0.7667013
,1711,1,0,0.76670176
,1711,2,0,0.8112605
,1711,3,3,1.0
,1712,0,1,0.53105426
,1712,1,1,0.53104115
,1712,2,2,1.0
,1712,3,1,0.99983525
,1713,0,0,0.75570565
,1713,1,0,0.7559783
,1713,2,1,0.5216191
,1713,3,2,1.0
,1714,0,0,0.7575509
,1714,1,0,0.7649979
,1714,2,3,1.0
,1714,3,0,0.6103675
,1715,0,1,0.76297367
,1715,1,1,0.5262824
,1715,2,1,0.9965912
,1715,3,3,0.9999999
,1716,0,3,1.0
,1716,1,1,0.5383005
,1716,2,1,0.5690022
,1716,3,1,0.9988171
,1717,0,1,0.9909564
,1717,1,1,0.53562504
,1717,2,1,0.7711165
,1717,3,3,1.0
,1718,0,1,0.78505284
,1718,1,1,0.53605545
,1718,2,3,1.0
,1718,3,1,0.9906332
,1719,0,3,1.0
,1719,1,1,0.5347854
,1719,2,1,0.99103606
,1719,3,1,0.5683186
,1720,0,1,0.9906333
,1720,1,1,0.53765213
,1720,2,2,1.0
,1720,3,1,0.85244274
,1721,0,0,0.7407979
,1721,1,0,0.75687444
,1721,2,0,0.81176007
,1721,3,3,0.99982214
,1722,0,1,0.51788026
,1722,1,1,0.5171749
,1722,2,2,0.99960047
,1722,3,1,0.9966234
,1723,0,1,0.5341392
,1723,1,1,0.53410834
,1723,2,1,0.8953775
,1723,3,3,1.0
,1724,0,1,0.5348215
,1724,1,1,0.53481925
,1724,2,2,1.0
,1724,3,1,0.998062
,1725,0,0,0.7576442
,1725,1,0,0.7576634
,1725,2,0,0.8119889
,1725,3,3,1.0
,1726,0,1,0.5247118
,1726,1,1,0.5241135
,1726,2,2,0.99999714
,1726,3,1,0.99879
,1727,0,1,0.5523072
,1727,1,1,0.5386473
,1727,2,1,0.957166
,1727,3,3,1.0
,1728,0,2,1.0
,1728,1,1,0.534697
,1728,2,1,0.55547976
,1728,3,1,0.9910962
,1729,0,0,0.81786704
,1729,1,0,0.7536108
,1729,2,2,1.0
,1729,3,1,0.63812715
,1730,0,0,0.7690673
,1730,1,0,0.76678425
,1730,2,0,0.8117053
,1730,3,3,1.0
,1731,0,1,0.51998544
,1731,1,1,0.52008545
,1731,2,2,1.0
,1731,3,1,0.9980421
,1732,0,0,0.758004
,1732,1,0,0.7580005
,1732,2,0,0.812095
,1732,3,3,1.0
,1733,0,1,0.5203944
,1733,1,1,0.5203945
,1733,2,2,1.0
,1733,3,1,0.9904465
,1734,0,0,0.75637203
,1734,1,0,0.756372
,1734,2,1,0.522397
,1734,3,2,1.0
,1735,0,0,0.7661946
,1735,1,0,0.7661921
,1735,2,3,1.0
,1735,3,0,0.8114235
,1736,0,1,0.5200771
,1736,1,1,0.5201556
,1736,2,1,0.9904446
,1736,3,2,1.0
,1737,0,0,0.7578259
,1737,1,0,0.75620055
,1737,2,2,1.0
,1737,3,0,0.81926674
,1738,0,0,0.76857835
,1738,1,2,1.0
,1738,2,0,0.81831795
,1738,3,0,0.7707524
,1739,0,0,0.7689845
,1739,1,0,0.81832814
,1739,2,2,1.0
,1739,3,0,0.76900303
,1740,0,0,0.76910275
,1740,1,2,1.0
,1740,2,0,0.8194365
,1740,3,0,0.7674513
,1741,0,0,0.7711448
,1741,1,0,0.8214536
,1741,2,0,0.7635641
,1741,3,2,0.99999917
,1742,0,1,0.5035195
,1742,1,1,0.5012956
,1742,2,2,1.0
,1742,3,1,0.9359498
,1743,0,0,0.75835174
,1743,1,0,0.75843066
,1743,2,0,0.8119931
,1743,3,3,1.0
,1744,0,1,0.5204447
,1744,1,1,0.5204413
,1744,2,2,1.0
,1744,3,1,0.998042
,1745,0,0,0.7579937
,1745,1,0,0.7579939
,1745,2,0,0.81209165
,1745,3,3,1.0
,1746,0,1,0.5204349
,1746,1,1,0.520435
,1746,2,2,1.0
,1746,3,1,0.99803686
,1747,0,0,0.75700915
,1747,1,0,0.75700915
,1747,2,0,0.6099498
,1747,3,3,1.0
,1748,0,1,0.5226612
,1748,1,1,0.5226612
,1748,2,3,1.0
,1748,3,1,0.9967528
,1749,0,1,0.5335029
,1749,1,1,0.5335029
,1749,2,1,0.99099
,1749,3,3,1.0
,1750,0,1,0.5149748
,1750,1,1,0.5149748
,1750,2,2,0.99701184
,1750,3,1,0.9746961
,1751,0,1,0.5171968
,1751,1,1,0.5171968
,1751,2,1,0.7495326
,1751,3,2,1.0
,1752,0,0,0.7579844
,1752,1,0,0.7579844
,1752,2,2,1.0
,1752,3,0,0.8179779
,1753,0,0,0.76860315
,1753,1,0,0.76860315
,1753,2,0,0.8183268
,1753,3,2,1.0
,1754,0,0,0.76891464
,1754,1,0,0.76891464
,1754,2,2,1.0
,1754,3,0,0.81953543
,1755,0,0,0.77323097
,1755,1,0,0.77323097
,1755,2,2,1.0
,1755,3,0,0.7734627
,1756,0,0,0.76915115
,1756,1,0,0.76915115
,1756,2,0,0.8183293
,1756,3,2,1.0
,1757,0,0,0.76900107
,1757,1,0,0.76900107
,1757,2,2,1.0
,1757,3,0,0.81832683
,1758,0,0,0.7689967
,1758,1,0,0.7689966
,1758,2,0,0.8183268
,1758,3,2,1.0
,1759,0,0,0.7690165
,1759,1,0,0.76901656
,1759,2,2,1.0
,1759,3,0,0.81829697
,1760,0,0,0.7678715
,1760,1,0,0.7678715
,1760,2,1,0.5208171
,1760,3,2,1.0
,1761,0,0,0.7654224
,1761,1,0,0.7654224
,1761,2,3,1.0
,1761,3,0,0.6087347
,1762,0,1,0.522382
,1762,1,1,0.5223821
,1762,2,1,0.9910772
,1762,3,3,1.0
,1763,0,1,0.5343447
,1763,1,1,0.5343447
,1763,2,2,1.0
,1763,3,1,0.9980625
,1764,0,0,0.7576121
,1764,1,0,0.7576121
,1764,2,0,0.81193197
,1764,3,3,1.0
,1765,0,1,0.5313126
,1765,1,1,0.5313126
,1765,2,2,1.0
,1765,3,1,0.9999664
,1766,0,0,0.75769126
,1766,1,0,0.75769126
,1766,2,0,0.81192654
,1766,3,3,1.0
,1767,0,1,0.53094
,1767,1,1,0.53093994
,1767,2,2,1.0
,1767,3,1,0.9999081
,1768,0,0,0.75643957
,1768,1,0,0.75643957
,1768,2,0,0.6058573
,1768,3,3,1.0
,1769,0,1,0.5126726
,1769,1,1,0.5126726
,1769,2,3,1.0
,1769,3,1,0.99095327
,1770,0,1,0.5397253
,1770,1,1,0.53972536
,1770,2,1,0.9995662
,1770,3,3,1.0
,1771,0,1,0.5439991
,1771,1,1,0.5439991
,1771,2,2,1.0
,1771,3,1,0.99990845
,1772,0,0,0.7572468
,1772,1,0,0.7572468
,1772,2,0,0.81192905
,1772,3,3,1.0
,1773,0,1,0.53098744
,1773,1,1,0.53098744
,1773,2,2,1.0
,1773,3,1,0.9999083
,1774,0,0,0.75759536
,1774,1,0,0.75759536
,1774,2,0,0.81208163
,1774,3,3,1.0
,1775,0,1,0.52045107
,1775,1,1,0.52045107
,1775,2,2,1.0
,1775,3,1,0.9980371
,1776,0,0,0.75711143
,1776,1,0,0.75711143
,1776,2,0,0.6121367
,1776,3,3,1.0
,1777,0,1,0.5279704
,1777,1,1,0.5279704
,1777,2,3,1.0
,1777,3,1,0.9998429
,1778,0,1,0.53359145
,1778,1,1,0.53359145
,1778,2,1,0.9967202
,1778,3,3,0.99998486
,1779,0,1,0.53374285
,1779,1,1,0.53374285
,1779,2,3,1.0
,1779,3,1,0.9966841
,1780,0,1,0.5401392
,1780,1,1,0.5401392
,1780,2,1,0.99881315
,1780,3,3,1.0
,1781,0,1,0.5351428
,1781,1,1,0.5351428
,1781,2,2,1.0
,1781,3,1,0.9980625
,1782,0,0,0.75746304
,1782,1,0,0.75746316
,1782,2,0,0.81209534
,1782,3,3,1.0
,1783,0,1,0.52052504
,1783,1,1,0.52052504
,1783,2,2,1.0
,1783,3,1,0.99102116
,1784,0,0,0.76218885
,1784,1,0,0.76218885
,1784,2,2,1.0
,1784,3,1,0.6279603
,1785,0,0,0.7671849
,1785,1,0,0.76718485
,1785,2,0,0.81156385
,1785,3,3,1.0
,1786,0,1,0.5295903
,1786,1,1,0.52959025
,1786,2,2,1.0
,1786,3,1,0.9997477
,1787,0,0,0.75648767
,1787,1,0,0.75648767
,1787,2,0,0.6058842
,1787,3,3,0.99999857
,1788,0,1,0.5128122
,1788,1,1,0.5128122
,1788,2,3,1.0
,1788,3,1,0.99105924
,1789,0,1,0.5329948
,1789,1,1,0.53299487
,1789,2,1,0.99098647
,1789,3,3,1.0
,1790,0,1,0.53477675
,1790,1,1,0.53477675
,1790,2,2,1.0
,1790,3,1,0.9980571
,1791,0,0,0.75649995
,1791,1,0,0.75649995
,1791,2,0,0.60995
,1791,3,3,1.0
,1792,0,1,0.5226787
,1792,1,1,0.5226777
,1792,2,3,1.0
,1792,3,1,0.99675304
,1793,0,1,0.533348
,1793,1,1,0.5333267
,1793,2,1,0.9909933
,1793,3,3,1.0
,1794,0,1,0.54342633
,1794,1,1,0.54293996
,1794,2,2,1.0
,1794,3,1,0.999749
,1795,0,0,0.74676245
,1795,1,0,0.7569271
,1795,2,0,0.8204708
,1795,3,3,0.99995553
,1796,0,2,0.9999987
,1796,1,1,0.54067105
,1796,2,1,0.5242645
,1796,3,1,0.9987369
,1797,0,1,0.89022374
,1797,1,2,1.0
,1797,2,1,0.53761345
,1797,3,1,0.5562272
,1798,0,0,0.74485314
,1798,1,0,0.81934136
,1798,2,2,1.0
,1798,3,0,0.7550165
,1799,0,0,0.7669613
,1799,1,0,0.769607
,1799,2,1,0.52159476
,1799,3,2,1.0
,1800,0,0,0.7663907
,1800,1,0,0.76648486
,1800,2,3,1.0
,1800,3,0,0.81171936
,1801,0,1,0.50026864
,1801,1,1,0.5002645
,1801,2,1,0.973501
,1801,3,2,1.0
,1802,0,0,0.7586275
,1802,1,0,0.7586276
,1802,2,2,1.0
,1802,3,0,0.8174093
,1803,0,0,0.7707759
,1803,1,0,0.7707759
,1803,2,0,0.81367314
,1803,3,2,0.998386
,1804,0,1,0.5002466
,1804,1,1,0.5002466
,1804,2,2,1.0
,1804,3,1,0.7476672
,1805,0,0,0.7604313
,1805,1,0,0.7604313
,1805,2,0,0.81414855
,1805,3,2,0.99999547
,1806,0,0,0.5525429
,1806,1,0,0.5525435
,1806,2,2,1.0
,1806,3,1,0.5566879
,1807,0,0,0.7606317
,1807,1,0,0.7606436
,1807,2,0,0.8180505
,1807,3,2,1.0
,1808,0,0,0.7684479
,1808,1,0,0.7687784
,1808,2,2,1.0
,1808,3,0,0.818326
,1809,0,0,0.7618077
,1809,1,0,0.77113044
,1809,2,0,0.8214383
,1809,3,2,1.0
,1810,0,2,1.0
,1810,1,1,0.5004108
,1810,2,0,0.50173765
,1810,3,1,0.7473306
,1811,0,0,0.8193055
,1811,1,0,0.75862145
,1811,2,0,0.7570792
,1811,3,2,1.0
,1812,0,0,0.7707561
,1812,1,0,0.7686067
,1812,2,2,1.0
,1812,3,0,0.8183182
,1813,0,0,0.7690576
,1813,1,0,0.76898146
,1813,2,0,0.8183268
,1813,3,2,1.0
,1814,0,0,0.7689978
,1814,1,0,0.7689951
,1814,2,2,1.0
,1814,3,0,0.81832695
,1815,0,0,0.7689983
,1815,1,0,0.76899827
,1815,2,0,0.81832695
,1815,3,2,1.0
,1816,0,0,0.7690743
,1816,1,0,0.7690743
,1816,2,2,1.0
,1816,3,0,0.8183262
,1817,0,0,0.7711431
,1817,1,0,0.7711425
,1817,2,0,0.8136741
,1817,3,2,1.0
,1818,0,1,0.5003232
,1818,1,1,0.5003396
,1818,2,2,1.0
,1818,3,1,0.74730104
,1819,0,0,0.75867134
,1819,1,0,0.7583312
,1819,2,0,0.81797975
,1819,3,2,1.0
,1820,0,0,0.77077395
,1820,1,0,0.7614477
,1820,2,2,1.0
,1820,3,0,0.82138073
,1821,0,1,0.50017875
,1821,1,2,1.0
,1821,2,1,0.74559253
,1821,3,1,0.5001853
,1822,0,0,0.7587163
,1822,1,0,0.8193382
,1822,2,0,0.7483503
,1822,3,2,1.0
,1823,0,0,0.76861024
,1823,1,0,0.7707021
,1823,2,2,1.0
,1823,3,0,0.81831896
,1824,0,0,0.76901
,1824,1,0,0.76751435
,1824,2,0,0.8196012
,1824,3,2,1.0
,1825,0,0,0.7690068
,1825,1,2,1.0
,1825,2,0,0.76923674
,1825,3,0,0.81959414
,1826,0,0,0.76900697
,1826,1,0,0.81959426
,1826,2,2,1.0
,1826,3,0,0.7692366
,1827,0,0,0.7690096
,1827,1,0,0.7692354
,1827,2,0,0.819643
,1827,3,2,1.0
,1828,0,0,0.7690628
,1828,1,2,1.0
,1828,2,0,0.77085584
,1828,3,0,0.81831944
,1829,0,0,0.7713067
,1829,1,0,0.8133547
,1829,2,0,0.77137226
,1829,3,2,1.0
,1830,0,1,0.52130806
,1830,1,2,1.0
,1830,2,1,0.5212269
,1830,3,1,0.8905269
,1831,0,0,0.7561762
,1831,1,0,0.81927335
,1831,2,0,0.75779957
,1831,3,2,1.0
,1832,0,2,1.0
,1832,1,0,0.770759
,1832,2,0,0.76852274
,1832,3,0,0.8183193
,1833,0,0,0.81972146
,1833,1,0,0.76917464
,1833,2,0,0.7674355
,1833,3,2,1.0
,1834,0,0,0.77323145
,1834,1,0,0.7714541
,1834,2,2,1.0
,1834,3,0,0.81324774
,1835,0,1,0.5247099
,1835,1,1,0.52478755
,1835,2,1,0.9589367
,1835,3,2,0.9999987
,1836,0,1,0.5178909
,1836,1,1,0.51789427
,1836,2,2,1.0
,1836,3,1,0.7489595
,1837,0,0,0.7580407
,1837,1,0,0.75804055
,1837,2,0,0.8179741
,1837,3,2,1.0
,1838,0,0,0.77075446
,1838,1,0,0.770752
,1838,2,2,0.99999213
,1838,3,0,0.8136742
,1839,0,1,0.5003313
,1839,1,1,0.50040984
,1839,2,1,0.7472969
,1839,3,2,1.0
,1840,0,0,0.7586253
,1840,1,0,0.75700474
,1840,2,2,1.0
,1840,3,0,0.8192593
,1841,0,0,0.7686352
,1841,1,2,1.0
,1841,2,0,0.8195926
,1841,3,0,0.76922065
,1842,0,0,0.7689935
,1842,1,0,0.81964064
,1842,2,0,0.76923525
,1842,3,2,1.0
,1843,0,0,0.7689782
,1843,1,0,0.77077204
,1843,2,2,1.0
,1843,3,0,0.8183198
,1844,0,0,0.76899457
,1844,1,0,0.7690581
,1844,2,0,0.8183268
,1844,3,2,1.0
,1845,0,0,0.7689955
,1845,1,0,0.7689977
,1845,2,2,1.0
,1845,3,0,0.81832695
,1846,0,0,0.7689956
,1846,1,0,0.7689957
,1846,2,0,0.81832695
,1846,3,2,1.0
,1847,0,0,0.76899827
,1847,1,0,0.76899827
,1847,2,2,1.0
,1847,3,0,0.81832695
,1848,0,0,0.7690743
,1848,1,0,0.7690743
,1848,2,0,0.8183262
,1848,3,2,1.0
,1849,0,0,0.7711428
,1849,1,0,0.7711429
,1849,2,2,1.0
,1849,3,0,0.81367403
,1850,0,1,0.5003296
,1850,1,1,0.5003269
,1850,2,1,0.74730086
,1850,3,2,1.0
,1851,0,0,0.75853425
,1851,1,0,0.7585918
,1851,2,2,1.0
,1851,3,0,0.81798196
,1852,0,0,0.7670801
,1852,1,0,0.76865494
,1852,2,0,0.81964767
,1852,3,2,1.0
,1853,0,2,1.0
,1853,1,0,0.7689659
,1853,2,0,0.77077186
,1853,3,0,0.81831974
,1854,0,0,0.81832683
,1854,1,0,0.76899433
,1854,2,0,0.7690561
,1854,3,2,1.0
,1855,0,2,1.0
,1855,1,0,0.76899964
,1855,2,0,0.76894313
,1855,3,0,0.8183282
,1856,0,0,0.8197173
,1856,1,0,0.76910746
,1856,2,0,0.7674501
,1856,3,2,1.0
,1857,0,0,0.77307385
,1857,1,0,0.77129334
,1857,2,2,1.0
,1857,3,0,0.8133473
,1858,0,1,0.52115613
,1858,1,1,0.5212342
,1858,2,1,0.8905294
,1858,3,2,1.0
,1859,0,0,0.7577686
,1859,1,0,0.7577638
,1859,2,2,1.0
,1859,3,0,0.81794775
,1860,0,0,0.76859874
,1860,1,0,0.7685429
,1860,2,0,0.81832814
,1860,3,2,1.0
,1861,0,0,0.7690096
,1861,1,0,0.76743644
,1861,2,2,1.0
,1861,3,0,0.81964606
,1862,0,0,0.7689797
,1862,1,2,1.0
,1862,2,0,0.8183209
,1862,3,0,0.7707178
,1863,0,0,0.7690228
,1863,1,0,0.81964594
,1863,2,2,1.0
,1863,3,0,0.7675135
,1864,0,0,0.76898295
,1864,1,0,0.77071774
,1864,2,0,0.8183211
,1864,3,2,1.0
,1865,0,0,0.7691012
,1865,1,0,0.7675127
,1865,2,2,1.0
,1865,3,0,0.81971073
,1866,0,0,0.7711243
,1866,1,2,1.0
,1866,2,0,0.81367177
,1866,3,0,0.7728381
,1867,0,1,0.5001391
,1867,1,1,0.7454948
,1867,2,2,1.0
,1867,3,1,0.5022311
,1868,0,0,0.7570981
,1868,1,0,0.7500109
,1868,2,0,0.8193396
,1868,3,2,1.0
,1869,0,2,1.0
,1869,1,0,0.7683061
,1869,2,0,0.77076155
,1869,3,0,0.8183187
,1870,0,0,0.81832635
,1870,1,0,0.7690549
,1870,2,0,0.7691419
,1870,3,2,1.0
,1871,0,2,1.0
,1871,1,0,0.7713092
,1871,2,0,0.7713121
,1871,3,0,0.8133547
,1872,0,1,0.89052933
,1872,1,1,0.52123284
,1872,2,1,0.5212327
,1872,3,2,1.0
,1873,0,2,1.0
,1873,1,0,0.7577659
,1873,2,0,0.75776577
,1873,3,0,0.81794775
,1874,0,0,0.81832683
,1874,1,0,0.7685975
,1874,2,0,0.76859546
,1874,3,2,1.0
,1875,0,2,1.0
,1875,1,0,0.76898265
,1875,2,0,0.76892704
,1875,3,0,0.8183282
,1876,0,0,0.81964606
,1876,1,0,0.7690231
,1876,2,0,0.7674501
,1876,3,2,1.0
,1877,0,0,0.7707178
,1877,1,0,0.7689801
,1877,2,2,1.0
,1877,3,0,0.818321
,1878,0,0,0.7675149
,1878,1,0,0.769023
,1878,2,0,0.8196012
,1878,3,2,1.0
,1879,0,2,1.0
,1879,1,0,0.7690072
,1879,2,0,0.76923656
,1879,3,0,0.819594
,1880,0,0,0.81964076
,1880,1,0,0.76900667
,1880,2,2,1.0
,1880,3,0,0.76923525
,1881,0,0,0.7707749
,1881,1,0,0.76898146
,1881,2,0,0.81831974
,1881,3,2,1.0
,1882,0,0,0.76913685
,1882,1,0,0.7690734
,1882,2,2,1.0
,1882,3,0,0.8183251
,1883,0,0,0.77114266
,1883,1,0,0.7711429
,1883,2,0,0.8136743
,1883,3,2,0.99999726
,1884,0,1,0.50039315
,1884,1,1,0.50031465
,1884,2,2,1.0
,1884,3,1,0.747296
,1885,0,0,0.75700384
,1885,1,0,0.7586255
,1885,2,0,0.81930405
,1885,3,2,1.0
,1886,0,2,1.0
,1886,1,0,0.7686081
,1886,2,0,0.7707018
,1886,3,0,0.81831944
,1887,0,0,0.8196476
,1887,1,0,0.7690096
,1887,2,0,0.76751286
,1887,3,2,1.0
,1888,0,0,0.7707719
,1888,1,0,0.76897854
,1888,2,2,1.0
,1888,3,0,0.81831974
,1889,0,0,0.7690562
,1889,1,0,0.76899457
,1889,2,0,0.81832695
,1889,3,2,1.0
,1890,0,0,0.76894325
,1890,1,0,0.7689967
,1890,2,2,1.0
,1890,3,0,0.8183282
,1891,0,0,0.76745063
,1891,1,0,0.76902366
,1891,2,0,0.81964594
,1891,3,2,1.0
,1892,0,2,1.0
,1892,1,0,0.7689802
,1892,2,0,0.7707178
,1892,3,0,0.818321
,1893,0,0,0.8196476
,1893,1,0,0.7690227
,1893,2,0,0.7675134
,1893,3,2,1.0
,1894,0,0,0.77077204
,1894,1,0,0.768979
,1894,2,2,1.0
,1894,3,0,0.81831974
,1895,0,0,0.7690581
,1895,1,0,0.7689947
,1895,2,0,0.8183268
,1895,3,2,1.0
,1896,0,0,0.76899743
,1896,1,0,0.7689955
,1896,2,2,1.0
,1896,3,0,0.81832695
,1897,0,0,0.7689867
,1897,1,0,0.76899827
,1897,2,0,0.8183268
,1897,3,2,1.0
,1898,0,0,0.7687416
,1898,1,0,0.76907176
,1898,2,2,1.0
,1898,3,0,0.8172304
,1899,0,0,0.76181054
,1899,1,0,0.7711331
,1899,2,0,0.8214352
,1899,3,2,0.9967978
,1900,0,2,1.0
,1900,1,1,0.50041014
,1900,2,0,0.501738
,1900,3,1,0.7480548
,1901,0,0,0.819259
,1901,1,0,0.7586219
,1901,2,0,0.7570806
,1901,3,2,1.0
,1902,0,0,0.7692193
,1902,1,0,0.7686348
,1902,2,2,1.0
,1902,3,0,0.81963736
,1903,0,2,1.0
,1903,1,0,0.7689668
,1903,2,0,0.8183211
,1903,3,0,0.7707178
,1904,0,0,0.8196496
,1904,1,0,0.76902455
,1904,2,2,1.0
,1904,3,0,0.7675134
,1905,0,0,0.7708379
,1905,1,0,0.7690452
,1905,2,0,0.81831896
,1905,3,2,1.0
,1906,0,0,0.77084774
,1906,1,0,0.7707871
,1906,2,2,1.0
,1906,3,0,0.81450397
,1907,0,0,0.5529737
,1907,1,0,0.5530486
,1907,2,1,0.55669546
,1907,3,2,1.0
,1908,0,0,0.75908154
,1908,1,0,0.7606954
,1908,2,2,1.0
,1908,3,0,0.81932825
,1909,0,2,1.0
,1909,1,0,0.7687875
,1909,2,0,0.8194298
,1909,3,0,0.7692215
,1910,0,0,0.8214333
,1910,1,0,0.77111346
,1910,2,0,0.76363254
,1910,3,2,1.0
,1911,0,0,0.5018049
,1911,1,1,0.5004225
,1911,2,2,1.0
,1911,3,1,0.74733585
,1912,0,0,0.7586653
,1912,1,0,0.75858617
,1912,2,0,0.8179803
,1912,3,2,1.0
,1913,0,0,0.7686294
,1913,1,0,0.76862663
,1913,2,2,1.0
,1913,3,0,0.81832683
,1914,0,0,0.76898265
,1914,1,0,0.7689826
,1914,2,0,0.81832695
,1914,3,2,1.0
,1915,0,0,0.76899505
,1915,1,0,0.76899505
,1915,2,2,1.0
,1915,3,0,0.81832695
,1916,0,0,0.7689954
,1916,1,0,0.7689955
,1916,2,0,0.81832695
,1916,3,2,1.0
,1917,0,0,0.76899356
,1917,1,0,0.7689955
,1917,2,2,1.0
,1917,3,0,0.81832695
,1918,0,0,0.76894104
,1918,1,0,0.7689967
,1918,2,0,0.81832814
,1918,3,2,1.0
,1919,0,0,0.76745045
,1919,1,0,0.76902354
,1919,2,2,1.0
,1919,3,0,0.8196476
,1920,0,2,1.0
,1920,1,0,0.768979
,1920,2,0,0.81831974
,1920,3,0,0.77077013
,1921,0,0,0.818328
,1921,1,0,0.7689959
,1921,2,2,1.0
,1921,3,0,0.76900375
,1922,0,2,1.0
,1922,1,0,0.7690239
,1922,2,0,0.8196012
,1922,3,0,0.76745415
,1923,0,0,0.81964046
,1923,1,0,0.76900697
,1923,2,0,0.76923525
,1923,3,2,1.0
,1924,0,0,0.7707721
,1924,1,0,0.7689787
,1924,2,2,1.0
,1924,3,0,0.8183198
,1925,0,0,0.7690582
,1925,1,0,0.7689947
,1925,2,0,0.8183268
,1925,3,2,1.0
,1926,0,0,0.76900065
,1926,1,0,0.76899844
,1926,2,2,1.0
,1926,3,0,0.81832695
,1927,0,0,0.7690769
,1927,1,0,0.76907927
,1927,2,0,0.81825554
,1927,3,2,1.0
,1928,0,0,0.7712406
,1928,1,0,0.7713102
,1928,2,2,0.9997926
,1928,3,0,0.8133561
,1929,0,1,0.5234118
,1929,1,1,0.5211647
,1929,2,1,0.88966316
,1929,3,2,1.0
,1930,0,2,1.0
,1930,1,0,0.7579339
,1930,2,0,0.74317586
,1930,3,0,0.81927705
,1931,0,0,0.81965435
,1931,1,0,0.7686253
,1931,2,2,1.0
,1931,3,0,0.7691796
,1932,0,0,0.769541
,1932,1,0,0.7677282
,1932,2,1,0.5216426
,1932,3,2,1.0
,1933,0,0,0.7643415
,1933,1,0,0.7642765
,1933,2,3,1.0
,1933,3,0,0.8164324
,1934,0,0,0.76931256
,1934,1,0,0.7693103
,1934,2,1,0.6299978
,1934,3,2,1.0
,1935,0,0,0.76892924
,1935,1,0,0.7689291
,1935,2,2,1.0
,1935,3,0,0.8182951
,1936,0,0,0.76899284
,1936,1,0,0.76899284
,1936,2,0,0.8183268
,1936,3,2,1.0
,1937,0,0,0.7689954
,1937,1,0,0.7689954
,1937,2,2,1.0
,1937,3,0,0.81832695
,1938,0,0,0.7689955
,1938,1,0,0.7689955
,1938,2,0,0.81832695
,1938,3,2,1.0
,1939,0,0,0.7689955
,1939,1,0,0.7689955
,1939,2,2,1.0
,1939,3,0,0.81832695
,1940,0,0,0.7689955
,1940,1,0,0.7689955
,1940,2,0,0.81832695
,1940,3,2,1.0
,1941,0,0,0.7689955
,1941,1,0,0.7689955
,1941,2,2,1.0
,1941,3,0,0.81832695
,1942,0,0,0.7689955
,1942,1,0,0.7689955
,1942,2,0,0.81832695
,1942,3,2,1.0
,1943,0,0,0.7689955
,1943,1,0,0.7689955
,1943,2,2,1.0
,1943,3,0,0.81832695
,1944,0,0,0.7689955
,1944,1,0,0.7689955
,1944,2,0,0.81832695
,1944,3,2,1.0
,1945,0,0,0.7689964
,1945,1,0,0.7689964
,1945,2,2,1.0
,1945,3,0,0.81832683
,1946,0,0,0.7690154
,1946,1,0,0.7690154
,1946,2,0,0.8182971
,1946,3,2,1.0
,1947,0,0,0.76784414
,1947,1,0,0.76784414
,1947,2,2,1.0
,1947,3,1,0.5215781
,1948,0,0,0.7664224
,1948,1,0,0.7664224
,1948,2,0,0.8117194
,1948,3,3,1.0
,1949,0,1,0.5002672
,1949,1,1,0.5002672
,1949,2,2,1.0
,1949,3,1,0.97350204
,1950,0,0,0.75862825
,1950,1,0,0.75862825
,1950,2,0,0.8179618
,1950,3,2,0.99994755
,1951,0,0,0.7707763
,1951,1,0,0.7707763
,1951,2,2,1.0
,1951,3,0,0.8136498
,1952,0,1,0.50032985
,1952,1,1,0.50032985
,1952,2,1,0.7473513
,1952,3,2,1.0
,1953,0,0,0.757209
,1953,1,0,0.757209
,1953,2,2,1.0
,1953,3,1,0.522315
,1954,0,0,0.7662309
,1954,1,0,0.7662309
,1954,2,0,0.8114199
,1954,3,3,1.0
,1955,0,1,0.520089
,1955,1,1,0.520089
,1955,2,2,1.0
,1955,3,1,0.9980371
,1956,0,0,0.75695574
,1956,1,0,0.75695574
,1956,2,0,0.60558784
,1956,3,3,1.0
,1957,0,1,0.51201606
,1957,1,1,0.51201606
,1957,2,3,1.0
,1957,3,1,0.99127793
,1958,0,1,0.51649886
,1958,1,1,0.51649886
,1958,2,1,0.9749134
,1958,3,3,0.99999917
,1959,0,1,0.51707566
,1959,1,1,0.51707566
,1959,2,2,1.0
,1959,3,1,0.97390264
,1960,0,0,0.76019937
,1960,1,0,0.76019937
,1960,2,0,0.81325847
,1960,3,2,1.0
,1961,0,1,0.5036501
,1961,1,1,0.50364935
,1961,2,2,1.0
,1961,3,1,0.9359212
,1962,0,0,0.7584991
,1962,1,0,0.7585155
,1962,2,0,0.8118808
,1962,3,3,1.0
,1963,0,1,0.53050965
,1963,1,1,0.52999973
,1963,2,2,1.0
,1963,3,1,0.9997483
,1964,0,0,0.7467892
,1964,1,0,0.75739306
,1964,2,0,0.812173
,1964,3,3,1.0
,1965,0,1,0.83768827
,1965,1,1,0.51048005
,1965,2,2,1.0
,1965,3,1,0.9753447
,1966,0,3,1.0
,1966,1,0,0.7573746
,1966,2,0,0.8195859
,1966,3,1,0.51394224
,1967,0,1,0.97310454
,1967,1,0,0.500679
,1967,2,1,0.5097983
,1967,3,3,0.99806935
,1968,0,1,0.5393869
,1968,1,1,0.5184723
,1968,2,2,1.0
,1968,3,1,0.9944905
,1969,0,0,0.75411433
,1969,1,0,0.7548622
,1969,2,1,0.52451146
,1969,3,3,1.0
,1970,0,0,0.7683211
,1970,1,0,0.76834756
,1970,2,3,0.99958307
,1970,3,1,0.8314436
,1971,0,1,0.52144897
,1971,1,1,0.52144784
,1971,2,1,0.99096566
,1971,3,3,1.0
,1972,0,1,0.5178758
,1972,1,1,0.51787573
,1972,2,2,1.0
,1972,3,1,0.9945719
,1973,0,0,0.7569747
,1973,1,0,0.7569747
,1973,2,0,0.6058433
,1973,3,3,1.0
,1974,0,1,0.51290584
,1974,1,1,0.51290584
,1974,2,3,1.0
,1974,3,1,0.97562283
,1975,0,1,0.5169355
,1975,1,1,0.5169355
,1975,2,1,0.97389424
,1975,3,2,0.9999999
,1976,0,0,0.7579683
,1976,1,0,0.7579683
,1976,2,2,1.0
,1976,3,0,0.8179295
,1977,0,0,0.76745653
,1977,1,0,0.76745653
,1977,2,1,0.5215949
,1977,3,2,1.0
,1978,0,0,0.7665911
,1978,1,0,0.7665911
,1978,2,3,0.9999957
,1978,3,0,0.8114188
,1979,0,1,0.5201223
,1979,1,1,0.5201223
,1979,2,1,0.99804187
,1979,3,2,1.0
,1980,0,0,0.75745463
,1980,1,0,0.75745463
,1980,2,3,1.0
,1980,3,0,0.81320363
,1981,0,0,0.55135936
,1981,1,0,0.55135936
,1981,2,1,0.9348281
,1981,3,2,1.0
,1982,0,0,0.7605176
,1982,1,0,0.7605176
,1982,2,2,1.0
,1982,3,0,0.8180178
,1983,0,0,0.7686949
,1983,1,0,0.7686949
,1983,2,0,0.8183268
,1983,3,2,1.0
,1984,0,0,0.76898485
,1984,1,0,0.768985
,1984,2,2,1.0
,1984,3,0,0.81832695
,1985,0,0,0.7689932
,1985,1,0,0.7689951
,1985,2,0,0.81832695
,1985,3,2,1.0
,1986,0,0,0.76894104
,1986,1,0,0.7689967
,1986,2,2,1.0
,1986,3,0,0.8183282
,1987,0,0,0.7674506
,1987,1,0,0.76902366
,1987,2,0,0.81964594
,1987,3,2,1.0
,1988,0,2,1.0
,1988,1,0,0.7689802
,1988,2,0,0.7707178
,1988,3,0,0.818321
,1989,0,0,0.81964767
,1989,1,0,0.7690228
,1989,2,0,0.7675134
,1989,3,2,1.0
,1990,0,0,0.77077496
,1990,1,0,0.76898193
,1990,2,2,1.0
,1990,3,0,0.8183198
,1991,0,0,0.76914227
,1991,1,0,0.76907885
,1991,2,0,0.81832635
,1991,3,2,1.0
,1992,0,0,0.7713135
,1992,1,0,0.7713113
,1992,2,2,1.0
,1992,3,0,0.81335455
,1993,0,1,0.52120066
,1993,1,1,0.5212007
,1993,2,1,0.89055467
,1993,3,2,1.0
,1994,0,0,0.756385
,1994,1,0,0.756385
,1994,2,2,1.0
,1994,3,1,0.5215413
,1995,0,0,0.76483345
,1995,1,0,0.76483345
,1995,2,0,0.6045676
,1995,3,3,1.0
,1996,0,1,0.51218975
,1996,1,1,0.51218975
,1996,2,3,1.0
,1996,3,1,0.9756767
,1997,0,1,0.54203856
,1997,1,1,0.5420386
,1997,2,1,0.9987684
,1997,3,2,1.0
,1998,0,0,0.75937647
,1998,1,0,0.75937647
,1998,2,2,1.0
,1998,3,0,0.81294966
,1999,0,1,0.52175546
,1999,1,1,0.5217554
,1999,2,1,0.8905292
,1999,3,2,1.0
,2000,0,0,0.75774735
,2000,1,0,0.7577474
,2000,2,2,1.0
,2000,3,0,0.81793606
,2001,0,0,0.76859665
,2001,1,0,0.76859677
,2001,2,0,0.8183268
,2001,3,2,0.9999658
,2002,0,0,0.7689814
,2002,1,0,0.76898146
,2002,2,2,1.0
,2002,3,0,0.8183115
,2003,0,0,0.76899296
,2003,1,0,0.76899505
,2003,2,0,0.81832695
,2003,3,2,1.0
,2004,0,0,0.76893985
,2004,1,0,0.7689976
,2004,2,2,1.0
,2004,3,0,0.818328
,2005,0,0,0.76741195
,2005,1,0,0.7690436
,2005,2,0,0.8196557
,2005,3,2,1.0
,2006,0,2,1.0
,2006,1,0,0.7678308
,2006,2,0,0.7692672
,2006,3,1,0.52162206
,2007,0,0,0.81975794
,2007,1,0,0.7667052
,2007,2,0,0.75651675
,2007,3,3,1.0
,2008,0,1,0.5282676
,2008,1,1,0.5305784
,2008,2,2,1.0
,2008,3,1,0.9999083
,2009,0,0,0.7576853
,2009,1,0,0.75760335
,2009,2,0,0.81208473
,2009,3,3,1.0
,2010,0,1,0.52041054
,2010,1,1,0.5204141
,2010,2,2,1.0
,2010,3,1,0.9904465
,2011,0,0,0.7563204
,2011,1,0,0.7563203
,2011,2,1,0.52095145
,2011,3,2,1.0
,2012,0,0,0.76158136
,2012,1,0,0.76158136
,2012,2,3,0.9998417
,2012,3,1,0.52601933
,2013,0,0,0.76726127
,2013,1,0,0.76726127
,2013,2,1,0.642733
,2013,3,3,1.0
,2014,0,1,0.52711594
,2014,1,1,0.52711594
,2014,2,2,1.0
,2014,3,1,0.999303
,2015,0,0,0.757737
,2015,1,0,0.757737
,2015,2,0,0.8120884
,2015,3,3,1.0
,2016,0,1,0.52032405
,2016,1,1,0.5203241
,2016,2,2,1.0
,2016,3,1,0.99044377
,2017,0,0,0.75999033
,2017,1,0,0.75999033
,2017,2,0,0.8132779
,2017,3,2,1.0
,2018,0,1,0.50082135
,2018,1,1,0.5008213
,2018,2,2,1.0
,2018,3,1,0.7473014
,2019,0,0,0.7585758
,2019,1,0,0.7585758
,2019,2,0,0.8179807
,2019,3,2,1.0
,2020,0,0,0.7687104
,2020,1,0,0.7687104
,2020,2,2,1.0
,2020,3,0,0.8183265
,2021,0,0,0.77129716
,2021,1,0,0.77129716
,2021,2,0,0.8133547
,2021,3,2,1.0
,2022,0,1,0.52123344
,2022,1,1,0.5212334
,2022,2,2,1.0
,2022,3,1,0.8905292
,2023,0,0,0.75776577
,2023,1,0,0.75776577
,2023,2,0,0.81794775
,2023,3,2,1.0
,2024,0,0,0.7685975
,2024,1,0,0.76859754
,2024,2,2,1.0
,2024,3,0,0.81832683
,2025,0,0,0.7689843
,2025,1,0,0.7689843
,2025,2,0,0.81832695
,2025,3,2,1.0
,2026,0,0,0.7690738
,2026,1,0,0.7690739
,2026,2,2,1.0
,2026,3,0,0.8183262
,2027,0,0,0.7711429
,2027,1,0,0.7711429
,2027,2,0,0.8136741
,2027,3,2,1.0
,2028,0,1,0.5003272
,2028,1,1,0.5003272
,2028,2,2,1.0
,2028,3,1,0.7473011
,2029,0,0,0.75859016
,2029,1,0,0.75859016
,2029,2,0,0.8179805
,2029,3,2,1.0
,2030,0,0,0.7686267
,2030,1,0,0.7686267
,2030,2,2,1.0
,2030,3,0,0.81832683
,2031,0,0,0.7689826
,2031,1,0,0.7689826
,2031,2,0,0.81832695
,2031,3,2,1.0
,2032,0,0,0.76899505
,2032,1,0,0.76899505
,2032,2,2,1.0
,2032,3,0,0.81832695
,2033,0,0,0.7689955
,2033,1,0,0.7689955
,2033,2,0,0.81832695
,2033,3,2,1.0
,2034,0,0,0.7689955
,2034,1,0,0.7689955
,2034,2,2,1.0
,2034,3,0,0.81832695
,2035,0,0,0.7689955
,2035,1,0,0.7689955
,2035,2,0,0.81832695
,2035,3,2,1.0
,2036,0,0,0.7689955
,2036,1,0,0.7689955
,2036,2,2,1.0
,2036,3,0,0.81832695
,2037,0,0,0.7689955
,2037,1,0,0.7689955
,2037,2,0,0.81832695
,2037,3,2,1.0
,2038,0,0,0.7689964
,2038,1,0,0.7689964
,2038,2,2,1.0
,2038,3,0,0.81832665
,2039,0,0,0.76901567
,2039,1,0,0.76901567
,2039,2,0,0.8182971
,2039,3,2,0.99999964
,2040,0,0,0.76785165
,2040,1,0,0.76785165
,2040,2,2,1.0
,2040,3,1,0.52161264
,2041,0,0,0.7667105
,2041,1,0,0.7667104
,2041,2,0,0.8112655
,2041,3,3,1.0
,2042,0,1,0.5307358
,2042,1,1,0.5307358
,2042,2,2,1.0
,2042,3,1,0.99955
,2043,0,0,0.7573859
,2043,1,0,0.7573859
,2043,2,0,0.8179296
,2043,3,2,1.0
,2044,0,0,0.7686638
,2044,1,0,0.7686638
,2044,2,2,1.0
,2044,3,0,0.81832284
,2045,0,0,0.7711493
,2045,1,0,0.7711493
,2045,2,0,0.81362
,2045,3,2,0.9999914
,2046,0,1,0.50344306
,2046,1,1,0.50344306
,2046,2,2,1.0
,2046,3,1,0.9359368
,2047,0,0,0.7581756
,2047,1,0,0.75817573
,2047,2,0,0.8122952
,2047,3,3,1.0
,2048,0,1,0.5005196
,2048,1,1,0.5005196
,2048,2,2,1.0
,2048,3,1,0.9784116
,2049,0,0,0.7606632
,2049,1,0,0.7606632
,2049,2,0,0.81320673
,2049,3,2,0.7663264
,2050,0,1,0.5037716
,2050,1,1,0.5037716
,2050,2,2,1.0
,2050,3,1,0.94962287
,2051,0,0,0.7582872
,2051,1,0,0.75828725
,2051,2,0,0.8122867
,2051,3,3,1.0
,2052,0,0,0.5019375
,2052,1,0,0.5019375
,2052,2,2,0.99998903
,2052,3,1,0.99078125
,2053,0,1,0.5197925
,2053,1,1,0.5197925
,2053,2,1,0.7570151
,2053,3,3,1.0
,2054,0,1,0.51705384
,2054,1,1,0.51705384
,2054,2,2,1.0
,2054,3,1,0.9738773
,2055,0,0,0.75794536
,2055,1,0,0.75794536
,2055,2,0,0.8179602
,2055,3,2,1.0
,2056,0,0,0.76860464
,2056,1,0,0.7686047
,2056,2,2,1.0
,2056,3,0,0.8183268
,2057,0,0,0.7690012
,2057,1,0,0.7690012
,2057,2,0,0.81936187
,2057,3,2,1.0
,2058,0,0,0.7756446
,2058,1,0,0.7756446
,2058,2,0,0.76759595
,2058,3,2,1.0
,2059,0,1,0.51849645
,2059,1,1,0.5184964
,2059,2,2,1.0
,2059,3,1,0.95882446
,2060,0,1,0.5345
,2060,1,1,0.5345
,2060,2,1,0.8952426
,2060,3,3,1.0
,2061,0,1,0.51792586
,2061,1,1,0.51792586
,2061,2,2,1.0
,2061,3,1,0.9738975
,2062,0,0,0.75791436
,2062,1,0,0.75791436
,2062,2,0,0.81795967
,2062,3,2,1.0
,2063,0,0,0.7686227
,2063,1,0,0.7686227
,2063,2,2,1.0
,2063,3,0,0.8181432
,2064,0,0,0.76783025
,2064,1,0,0.76783025
,2064,2,1,0.5215781
,2064,3,2,0.99954903
,2065,0,0,0.7664232
,2065,1,0,0.7664232
,2065,2,3,1.0
,2065,3,0,0.81151396
,2066,0,1,0.5002566
,2066,1,1,0.50025654
,2066,2,1,0.9735089
,2066,3,2,1.0
,2067,0,0,0.75717604
,2067,1,0,0.75717676
,2067,2,2,1.0
,2067,3,1,0.52151024
,2068,0,0,0.7648433
,2068,1,0,0.76486164
,2068,2,0,0.6047394
,2068,3,3,1.0
,2069,0,1,0.51326114
,2069,1,1,0.51268363
,2069,2,3,1.0
,2069,3,1,0.99125206
,2070,0,1,0.53359854
,2070,1,1,0.5205084
,2070,2,1,0.9739655
,2070,3,3,1.0
,2071,0,2,1.0
,2071,1,1,0.516309
,2071,2,1,0.53859055
,2071,3,1,0.9735833
,2072,0,0,0.8193465
,2072,1,0,0.75816053
,2072,2,2,1.0
,2072,3,0,0.74024093
,2073,0,0,0.7707554
,2073,1,0,0.76858824
,2073,2,0,0.8183172
,2073,3,2,1.0
,2074,0,0,0.7690576
,2074,1,0,0.76898086
,2074,2,2,1.0
,2074,3,0,0.8183268
,2075,0,0,0.7689978
,2075,1,0,0.7689951
,2075,2,0,0.81832695
,2075,3,2,1.0
,2076,0,0,0.7689983
,2076,1,0,0.76899827
,2076,2,2,1.0
,2076,3,0,0.81832695
,2077,0,0,0.76907444
,2077,1,0,0.76907444
,2077,2,0,0.8183262
,2077,3,2,1.0
,2078,0,0,0.7711472
,2078,1,0,0.7711472
,2078,2,2,1.0
,2078,3,0,0.8136739
,2079,0,1,0.50020295
,2079,1,1,0.50020295
,2079,2,1,0.74733007
,2079,3,2,1.0
,2080,0,0,0.76002836
,2080,1,0,0.7600283
,2080,2,2,0.99999857
,2080,3,0,0.6073891
,2081,0,1,0.51565826
,2081,1,1,0.51565826
,2081,2,1,0.752815
,2081,3,3,1.0
,2082,0,0,0.7562095
,2082,1,0,0.7562096
,2082,2,2,1.0
,2082,3,1,0.894819
,2083,0,0,0.76801956
,2083,1,0,0.76801956
,2083,2,0,0.8125584
,2083,3,3,1.0
,2084,0,1,0.50004774
,2084,1,1,0.50004774
,2084,2,2,1.0
,2084,3,1,0.973503
,2085,0,0,0.7597385
,2085,1,0,0.7597385
,2085,2,0,0.5958792
,2085,3,2,1.0
,2086,0,0,0.5154359
,2086,1,0,0.5154359
,2086,2,3,1.0
,2086,3,1,0.55453175
,2087,0,1,0.51489013
,2087,1,1,0.51489013
,2087,2,1,0.97965735
,2087,3,2,1.0
,2088,0,0,0.7603826
,2088,1,0,0.76038253
,2088,2,2,0.71935743
,2088,3,0,0.8129698
,2089,0,1,0.52169245
,2089,1,1,0.52169245
,2089,2,1,0.91858804
,2089,3,2,1.0
,2090,0,0,0.7578311
,2090,1,0,0.757831
,2090,2,2,1.0
,2090,3,0,0.8179471
,2091,0,0,0.77075064
,2091,1,0,0.77075064
,2091,2,0,0.8136739
,2091,3,2,1.0
,2092,0,1,0.500221
,2092,1,1,0.50022036
,2092,2,2,1.0
,2092,3,1,0.74729997
,2093,0,0,0.7609713
,2093,1,0,0.7609835
,2093,2,0,0.8129803
,2093,3,2,1.0
,2094,0,1,0.52304614
,2094,1,1,0.5226603
,2094,2,2,1.0
,2094,3,1,0.9757031
,2095,0,0,0.74968064
,2095,1,0,0.75768536
,2095,2,0,0.8121842
,2095,3,3,1.0
,2096,0,1,0.7520822
,2096,1,1,0.5051595
,2096,2,2,1.0
,2096,3,1,0.9736417
,2097,0,3,1.0
,2097,1,1,0.5225233
,2097,2,1,0.75788087
,2097,3,1,0.5432488
,2098,0,1,0.9736145
,2098,1,1,0.51682985
,2098,2,2,1.0
,2098,3,1,0.52007824
,2099,0,0,0.7404339
,2099,1,0,0.7566969
,2099,2,1,0.5208407
,2099,3,2,1.0
,2100,0,0,0.7610054
,2100,1,0,0.76159126
,2100,2,3,1.0
,2100,3,1,0.5259924
,2101,0,0,0.76699543
,2101,1,0,0.76701623
,2101,2,1,0.6422257
,2101,3,3,1.0
,2102,0,1,0.5006613
,2102,1,1,0.50066036
,2102,2,2,1.0
,2102,3,1,0.97354186
,2103,0,0,0.75821584
,2103,1,0,0.75821596
,2103,2,1,0.52228874
,2103,3,2,1.0
,2104,0,0,0.76944923
,2104,1,0,0.76944923
,2104,2,3,0.9964812
,2104,3,0,0.60443103
,2105,0,1,0.5044563
,2105,1,1,0.50445634
,2105,2,1,0.97417456
,2105,3,3,0.99999523
,2106,0,1,0.516557
,2106,1,1,0.51655686
,2106,2,2,1.0
,2106,3,1,0.9738925
,2107,0,0,0.757987
,2107,1,0,0.75798905
,2107,2,0,0.8179706
,2107,3,2,1.0
,2108,0,0,0.76855105
,2108,1,0,0.76860684
,2108,2,2,1.0
,2108,3,0,0.81832814
,2109,0,0,0.76743823
,2109,1,0,0.76901317
,2109,2,0,0.81960136
,2109,3,2,1.0
,2110,0,2,1.0
,2110,1,0,0.76909083
,2110,2,0,0.76923454
,2110,3,0,0.8194189
,2111,0,0,0.8215751
,2111,1,0,0.7712997
,2111,2,2,1.0
,2111,3,0,0.76323545
,2112,0,1,0.52004194
,2112,1,1,0.52224284
,2112,2,1,0.97571146
,2112,3,2,1.0
,2113,0,0,0.7577133
,2113,1,0,0.7576352
,2113,2,3,1.0
,2113,3,0,0.81234807
,2114,0,1,0.5006018
,2114,1,1,0.50060534
,2114,2,1,0.9735052
,2114,3,2,1.0
,2115,0,0,0.7571451
,2115,1,0,0.757145
,2115,2,2,1.0
,2115,3,1,0.52236277
,2116,0,0,0.7662958
,2116,1,0,0.7662958
,2116,2,0,0.81131816
,2116,3,3,1.0
,2117,0,1,0.5271885
,2117,1,1,0.5271885
,2117,2,2,1.0
,2117,3,1,0.9965838
,2118,0,0,0.7561009
,2118,1,0,0.7561009
,2118,2,1,0.5223946
,2118,3,2,1.0
,2119,0,0,0.7660074
,2119,1,0,0.7660074
,2119,2,3,1.0
,2119,3,0,0.8117209
,2120,0,1,0.500289
,2120,1,1,0.500289
,2120,2,1,0.973501
,2120,3,2,1.0
,2121,0,0,0.7585491
,2121,1,0,0.7585491
,2121,2,2,1.0
,2121,3,0,0.81796247
,2122,0,0,0.76870394
,2122,1,0,0.76870394
,2122,2,0,0.818326
,2122,3,2,1.0
,2123,0,0,0.7711299
,2123,1,0,0.77113
,2123,2,2,1.0
,2123,3,0,0.8136741
,2124,0,1,0.50033015
,2124,1,1,0.5003273
,2124,2,1,0.74730086
,2124,3,2,1.0
,2125,0,0,0.75853425
,2125,1,0,0.7585946
,2125,2,2,1.0
,2125,3,0,0.81798196
,2126,0,0,0.7670793
,2126,1,0,0.7687336
,2126,2,0,0.8197108
,2126,3,2,1.0
,2127,0,2,1.0
,2127,1,0,0.77111393
,2127,2,0,0.7728381
,2127,3,0,0.8136717
,2128,0,1,0.7454993
,2128,1,1,0.5000739
,2128,2,1,0.5022459
,2128,3,2,1.0
,2129,0,0,0.7499755
,2129,1,0,0.75868446
,2129,2,2,1.0
,2129,3,0,0.8180146
,2130,0,0,0.7683257
,2130,1,0,0.76863414
,2130,2,0,0.8183273
,2130,3,2,1.0
,2131,0,0,0.7690507
,2131,1,0,0.7690616
,2131,2,2,1.0
,2131,3,0,0.81832606
,2132,0,0,0.7711421
,2132,1,0,0.7711425
,2132,2,0,0.8136741
,2132,3,2,0.99999964
,2133,0,1,0.5003265
,2133,1,1,0.5003265
,2133,2,2,1.0
,2133,3,1,0.7473013
,2134,0,0,0.7586017
,2134,1,0,0.7586017
,2134,2,0,0.8179649
,2134,3,2,1.0
,2135,0,0,0.7680658
,2135,1,0,0.7680658
,2135,2,2,1.0
,2135,3,1,0.5226241
,2136,0,0,0.76892513
,2136,1,0,0.76892513
,2136,2,0,0.8127603
,2136,3,3,0.99999714
,2137,0,1,0.50031394
,2137,1,1,0.50031394
,2137,2,2,1.0
,2137,3,1,0.9735144
,2138,0,0,0.7585857
,2138,1,0,0.7585857
,2138,2,0,0.81794053
,2138,3,2,1.0
,2139,0,0,0.76747334
,2139,1,0,0.76747334
,2139,2,2,1.0
,2139,3,1,0.5215784
,2140,0,0,0.7664092
,2140,1,0,0.7664092
,2140,2,0,0.81171966
,2140,3,3,1.0
,2141,0,1,0.50027126
,2141,1,1,0.50027126
,2141,2,2,1.0
,2141,3,1,0.973501
,2142,0,0,0.7585566
,2142,1,0,0.7585566
,2142,2,0,0.8190107
,2142,3,2,1.0
,2143,0,0,0.77501506
,2143,1,0,0.77501506
,2143,2,0,0.7679796
,2143,3,2,1.0
,2144,0,1,0.5001357
,2144,1,1,0.5001357
,2144,2,2,1.0
,2144,3,1,0.7472937
,2145,0,0,0.7585998
,2145,1,0,0.7585998
,2145,2,0,0.8179805
,2145,3,2,1.0
,2146,0,0,0.76870596
,2146,1,0,0.76870596
,2146,2,2,1.0
,2146,3,0,0.81832606
,2147,0,0,0.7711301
,2147,1,0,0.7711301
,2147,2,0,0.8136741
,2147,3,2,1.0
,2148,0,1,0.50032765
,2148,1,1,0.5003276
,2148,2,2,1.0
,2148,3,1,0.7473011
,2149,0,0,0.758593
,2149,1,0,0.758593
,2149,2,0,0.8179805
,2149,3,2,1.0
,2150,0,0,0.76870567
,2150,1,0,0.76870567
,2150,2,2,1.0
,2150,3,0,0.81832606
,2151,0,0,0.7711301
,2151,1,0,0.7711301
,2151,2,0,0.8136741
,2151,3,2,1.0
,2152,0,1,0.50032777
,2152,1,1,0.50032777
,2152,2,2,1.0
,2152,3,1,0.7473011
,2153,0,0,0.7585898
,2153,1,0,0.7585902
,2153,2,0,0.8179805
,2153,3,2,1.0
,2154,0,0,0.768617
,2154,1,0,0.7686297
,2154,2,2,1.0
,2154,3,0,0.81832665
,2155,0,0,0.7686988
,2155,1,0,0.76905864
,2155,2,0,0.81626534
,2155,3,2,1.0
,2156,0,0,0.7609665
,2156,1,0,0.7711256
,2156,2,2,0.99398357
,2156,3,0,0.8134761
,2157,0,1,0.8366358
,2157,1,1,0.51019186
,2157,2,1,0.75911075
,2157,3,2,1.0
,2158,0,3,1.0
,2158,1,0,0.7546001
,2158,2,0,0.5018647
,2158,3,0,0.8185444
,2159,0,1,0.99058336
,2159,1,1,0.5225028
,2159,2,3,1.0
,2159,3,1,0.53372145
,2160,0,1,0.57234144
,2160,1,1,0.53424174
,2160,2,1,0.9905485
,2160,3,2,0.99873394
,2161,0,1,0.61747116
,2161,1,0,0.7534398
,2161,2,2,1.0
,2161,3,0,0.81023353
,2162,0,3,1.0
,2162,1,0,0.76374835
,2162,2,0,0.8188111
,2162,3,0,0.5305816
,2163,0,1,0.9988221
,2163,1,1,0.5258139
,2163,2,1,0.5234107
,2163,3,3,1.0
,2164,0,3,1.0
,2164,1,1,0.53342944
,2164,2,1,0.53332543
,2164,3,1,0.99669445
,2165,0,1,0.99880767
,2165,1,1,0.5382726
,2165,2,1,0.53829485
,2165,3,3,1.0
,2166,0,3,1.0
,2166,1,1,0.5386879
,2166,2,1,0.5393043
,2166,3,1,0.99884266
,2167,0,1,0.9739183
,2167,1,1,0.52128017
,2167,2,1,0.53532755
,2167,3,3,1.0
,2168,0,1,0.5620755
,2168,1,1,0.5423343
,2168,2,2,1.0
,2168,3,1,0.9997483
,2169,0,0,0.755244
,2169,1,0,0.75628126
,2169,2,0,0.61140466
,2169,3,3,1.0
,2170,0,1,0.53664374
,2170,1,1,0.5262052
,2170,2,3,1.0
,2170,3,1,0.99881303
,2171,0,1,0.7764618
,2171,1,1,0.53874475
,2171,2,1,0.9965741
,2171,3,3,1.0
,2172,0,3,1.0
,2172,1,1,0.5233236
,2172,2,1,0.5435844
,2172,3,1,0.9754796
,2173,0,1,0.99656874
,2173,1,1,0.54035753
,2173,2,1,0.54356676
,2173,3,2,1.0
,2174,0,0,0.7395924
,2174,1,0,0.7558356
,2174,2,2,1.0
,2174,3,1,0.5223013
,2175,0,0,0.7657181
,2175,1,0,0.766296
,2175,2,0,0.81126845
,2175,3,3,1.0
,2176,0,1,0.5305918
,2176,1,1,0.5305666
,2176,2,2,1.0
,2176,3,1,0.99990416
,2177,0,0,0.75645286
,2177,1,0,0.75645375
,2177,2,0,0.60576934
,2177,3,3,0.9891974
,2178,0,1,0.51267743
,2178,1,1,0.5126774
,2178,2,3,1.0
,2178,3,1,0.9733178
,2179,0,1,0.533853
,2179,1,1,0.5338522
,2179,2,1,0.99805665
,2179,3,2,1.0
,2180,0,0,0.75651354
,2180,1,0,0.75652975
,2180,2,3,1.0
,2180,3,0,0.60991466
,2181,0,1,0.52315766
,2181,1,1,0.5226553
,2181,2,1,0.9910843
,2181,3,3,1.0
,2182,0,1,0.5547252
,2182,1,1,0.54325455
,2182,2,2,1.0
,2182,3,1,0.9995507
,2183,0,0,0.51748794
,2183,1,0,0.7572625
,2183,2,0,0.82015634
,2183,3,2,0.9999975
,2184,0,3,1.0
,2184,1,1,0.52364194
,2184,2,1,0.5313584
,2184,3,1,0.9602164
,2185,0,1,0.97436935
,2185,1,1,0.5256343
,2185,2,1,0.7636278
,2185,3,3,1.0
,2186,0,1,0.5540186
,2186,1,1,0.5343837
,2186,2,3,1.0
,2186,3,1,0.9968071
,2187,0,1,0.521781
,2187,1,1,0.5209156
,2187,2,1,0.97530866
,2187,3,3,1.0
,2188,0,1,0.5394823
,2188,1,1,0.53944457
,2188,2,2,1.0
,2188,3,1,0.99880624
,2189,0,1,0.51858294
,2189,1,1,0.5185813
,2189,2,1,0.7489731
,2189,3,2,1.0
,2190,0,0,0.7579558
,2190,1,0,0.75795585
,2190,2,2,1.0
,2190,3,0,0.8179474
,2191,0,0,0.7674773
,2191,1,0,0.7674773
,2191,2,1,0.52075386
,2191,3,2,1.0
,2192,0,0,0.76522607
,2192,1,0,0.76522607
,2192,2,3,1.0
,2192,3,0,0.6045653
,2193,0,1,0.5121731
,2193,1,1,0.5121731
,2193,2,1,0.97567683
,2193,3,3,1.0
,2194,0,1,0.542045
,2194,1,1,0.542045
,2194,2,2,1.0
,2194,3,1,0.9987685
,2195,0,0,0.75920236
,2195,1,0,0.75920236
,2195,2,0,0.813268
,2195,3,2,1.0
,2196,0,1,0.5008414
,2196,1,1,0.50084144
,2196,2,2,1.0
,2196,3,1,0.7473515
,2197,0,0,0.7572139
,2197,1,0,0.7572138
,2197,2,1,0.52153665
,2197,3,2,1.0
,2198,0,0,0.7650535
,2198,1,0,0.7650535
,2198,2,3,1.0
,2198,3,0,0.6087578
,2199,0,1,0.5222143
,2199,1,1,0.5222143
,2199,2,1,0.99671453
,2199,3,3,1.0
,2200,0,1,0.5402486
,2200,1,1,0.5402486
,2200,2,3,1.0
,2200,3,1,0.99956584
,2201,0,1,0.53514284
,2201,1,1,0.53514284
,2201,2,1,0.99054545
,2201,3,2,1.0
,2202,0,0,0.75733674
,2202,1,0,0.7573368
,2202,2,2,1.0
,2202,3,0,0.8168269
,2203,0,0,0.77074647
,2203,1,0,0.77074647
,2203,2,0,0.81361824
,2203,3,2,0.99674684
,2204,0,1,0.5034501
,2204,1,1,0.5034501
,2204,2,2,1.0
,2204,3,1,0.93613034
,2205,0,0,0.7583491
,2205,1,0,0.7583492
,2205,2,0,0.811997
,2205,3,3,1.0
,2206,0,1,0.52041084
,2206,1,1,0.5204109
,2206,2,2,1.0
,2206,3,1,0.990444
,2207,0,0,0.7577796
,2207,1,0,0.7577797
,2207,2,0,0.8179411
,2207,3,2,1.0
,2208,0,0,0.7686181
,2208,1,0,0.7686181
,2208,2,2,1.0
,2208,3,0,0.81829697
,2209,0,0,0.7678376
,2209,1,0,0.7678376
,2209,2,1,0.5216108
,2209,3,2,1.0
,2210,0,0,0.76670486
,2210,1,0,0.76670486
,2210,2,3,1.0
,2210,3,0,0.81127906
,2211,0,1,0.5296362
,2211,1,1,0.5296362
,2211,2,1,0.9997485
,2211,3,2,1.0
,2212,0,0,0.7577385
,2212,1,0,0.7577385
,2212,2,3,1.0
,2212,3,0,0.8119416
,2213,0,1,0.5301423
,2213,1,1,0.5301423
,2213,2,1,0.9987655
,2213,3,2,1.0
,2214,0,0,0.7560158
,2214,1,0,0.7560158
,2214,2,2,1.0
,2214,3,1,0.5216768
,2215,0,0,0.76510805
,2215,1,0,0.76510805
,2215,2,0,0.61076516
,2215,3,3,1.0
,2216,0,1,0.5272
,2216,1,1,0.5272
,2216,2,3,1.0
,2216,3,1,0.99881625
,2217,0,1,0.532888
,2217,1,1,0.53288704
,2217,2,1,0.990441
,2217,3,2,1.0
,2218,0,0,0.5558516
,2218,1,0,0.5558729
,2218,2,0,0.5217237
,2218,3,3,1.0
,2219,0,1,0.53087175
,2219,1,1,0.5303803
,2219,2,2,1.0
,2219,3,1,0.99805546
,2220,0,0,0.74741036
,2220,1,0,0.75763
,2220,2,0,0.8202655
,2220,3,3,1.0
,2221,0,2,1.0
,2221,1,1,0.5203323
,2221,2,1,0.51992494
,2221,3,1,0.9903519
,2222,0,1,0.52226865
,2222,1,0,0.7565736
,2222,2,2,1.0
,2222,3,0,0.73983693
,2223,0,3,1.0
,2223,1,0,0.76620823
,2223,2,0,0.8114286
,2223,3,0,0.7655418
,2224,0,1,0.99035096
,2224,1,1,0.51995575
,2224,2,2,1.0
,2224,3,1,0.52223045
,2225,0,0,0.741263
,2225,1,0,0.75795585
,2225,2,0,0.8180055
,2225,3,2,1.0
,2226,0,0,0.7680153
,2226,1,0,0.76860654
,2226,2,2,1.0
,2226,3,0,0.81832755
,2227,0,0,0.76895523
,2227,1,0,0.7689763
,2227,2,0,0.8153039
,2227,3,2,1.0
,2228,0,0,0.76897687
,2228,1,0,0.76897764
,2228,2,2,0.9911639
,2228,3,0,0.8183199
,2229,0,0,0.7689973
,2229,1,0,0.76899743
,2229,2,0,0.8143615
,2229,3,2,1.0
,2230,0,0,0.7689944
,2230,1,0,0.7689944
,2230,2,2,1.0
,2230,3,0,0.8183268
,2231,0,0,0.7689733
,2231,1,0,0.7689733
,2231,2,0,0.81832653
,2231,3,2,1.0
,2232,0,0,0.76836115
,2232,1,0,0.7683612
,2232,2,2,1.0
,2232,3,0,0.8191126
,2233,0,0,0.75736535
,2233,1,0,0.75736535
,2233,2,2,1.0
,2233,3,0,0.7592256
,2234,0,2,0.6258966
,2234,1,0,1.0
,2234,2,0,1.0
,2234,3,0,1.0
,2235,0,0,0.65021354
,2235,1,0,0.77691674
,2235,2,2,1.0
,2235,3,0,0.7769148
,2236,0,2,1.0
,2236,1,0,0.7692446
,2236,2,0,0.81831485
,2236,3,0,0.7691889
,2237,0,0,0.8196476
,2237,1,0,0.76903224
,2237,2,2,1.0
,2237,3,0,0.76745915
,2238,0,0,0.77077204
,2238,1,0,0.76897925
,2238,2,0,0.81831974
,2238,3,2,1.0
,2239,0,0,0.7690581
,2239,1,0,0.7689947
,2239,2,2,1.0
,2239,3,0,0.8183268
,2240,0,0,0.7689977
,2240,1,0,0.7689955
,2240,2,0,0.81832695
,2240,3,2,1.0
,2241,0,0,0.7689956
,2241,1,0,0.7689955
,2241,2,2,1.0
,2241,3,0,0.81832695
,2242,0,0,0.7689956
,2242,1,0,0.7689956
,2242,2,0,0.81832695
,2242,3,2,1.0
,2243,0,0,0.76899827
,2243,1,0,0.76899827
,2243,2,2,1.0
,2243,3,0,0.81832695
,2244,0,0,0.7690743
,2244,1,0,0.7690743
,2244,2,0,0.818326
,2244,3,2,1.0
,2245,0,0,0.7711429
,2245,1,0,0.7711429
,2245,2,2,0.9999993
,2245,3,0,0.81367403
,2246,0,1,0.50032717
,2246,1,1,0.50032717
,2246,2,1,0.7473012
,2246,3,2,1.0
,2247,0,0,0.7585911
,2247,1,0,0.7585911
,2247,2,2,1.0
,2247,3,0,0.8179804
,2248,0,0,0.7686468
,2248,1,0,0.7686468
,2248,2,0,0.8182971
,2248,3,2,1.0
,2249,0,0,0.76783115
,2249,1,0,0.76783115
,2249,2,2,1.0
,2249,3,1,0.52157795
,2250,0,0,0.76642174
,2250,1,0,0.76642185
,2250,2,0,0.8117194
,2250,3,3,1.0
,2251,0,1,0.50027376
,2251,1,1,0.500271
,2251,2,2,1.0
,2251,3,1,0.9735009
,2252,0,0,0.75849104
,2252,1,0,0.7585484
,2252,2,0,0.81796396
,2252,3,2,1.0
,2253,0,0,0.76707983
,2253,1,0,0.7686536
,2253,2,2,1.0
,2253,3,0,0.8196012
,2254,0,2,1.0
,2254,1,0,0.76899505
,2254,2,0,0.8195932
,2254,3,0,0.76923645
,2255,0,0,0.81965923
,2255,1,0,0.7690259
,2255,2,0,0.7691969
,2255,3,2,1.0
,2256,0,0,0.76962215
,2256,1,0,0.76782364
,2256,2,2,1.0
,2256,3,1,0.5215904
,2257,0,0,0.76649237
,2257,1,0,0.7664283
,2257,2,0,0.8117053
,2257,3,3,1.0
,2258,0,1,0.5009143
,2258,1,1,0.50091714
,2258,2,2,1.0
,2258,3,1,0.99450433
,2259,0,0,0.75854665
,2259,1,0,0.7585466
,2259,2,0,0.8124124
,2259,3,3,1.0
,2260,0,1,0.5005769
,2260,1,1,0.50057685
,2260,2,2,1.0
,2260,3,1,0.9734969
,2261,0,0,0.7585342
,2261,1,0,0.75853616
,2261,2,0,0.8179626
,2261,3,2,1.0
,2262,0,0,0.76857007
,2262,1,0,0.76862586
,2262,2,2,1.0
,2262,3,0,0.818328
,2263,0,0,0.76743746
,2263,1,0,0.76901054
,2263,2,0,0.8196461
,2263,3,2,1.0
,2264,0,2,1.0
,2264,1,0,0.76897985
,2264,2,0,0.7707178
,2264,3,0,0.818321
,2265,0,0,0.81964976
,2265,1,0,0.7690255
,2265,2,0,0.7675134
,2265,3,2,1.0
,2266,0,0,0.7708479
,2266,1,0,0.76905787
,2266,2,2,1.0
,2266,3,0,0.81831914
,2267,0,0,0.77113533
,2267,1,0,0.7711426
,2267,2,0,0.813679
,2267,3,2,1.0
,2268,0,1,0.50232005
,2268,1,1,0.50006986
,2268,2,2,1.0
,2268,3,1,0.7454978
,2269,0,2,1.0
,2269,1,0,0.75870436
,2269,2,0,0.8179844
,2269,3,0,0.7499957
,2270,0,1,0.52158034
,2270,1,0,0.7674792
,2270,2,2,1.0
,2270,3,0,0.76716727
,2271,0,3,1.0
,2271,1,0,0.76641536
,2271,2,0,0.81172734
,2271,3,0,0.7663294
,2272,0,1,0.97322196
,2272,1,0,0.50020045
,2272,2,2,1.0
,2272,3,1,0.502162
,2273,0,0,0.7442368
,2273,1,0,0.7609294
,2273,2,0,0.8133663
,2273,3,2,1.0
,2274,0,1,0.501507
,2274,1,1,0.5007681
,2274,2,2,1.0
,2274,3,1,0.7472969
,2275,0,0,0.75854856
,2275,1,0,0.7585748
,2275,2,0,0.8179807
,2275,3,2,1.0
,2276,0,0,0.76862496
,2276,1,0,0.76862633
,2276,2,2,1.0
,2276,3,0,0.81832683
,2277,0,0,0.7689736
,2277,1,0,0.76898533
,2277,2,0,0.81832695
,2277,3,2,1.0
,2278,0,0,0.7687438
,2278,1,0,0.7690737
,2278,2,2,1.0
,2278,3,0,0.81832606
,2279,0,0,0.7618243
,2279,1,0,0.7711403
,2279,2,0,0.8213809
,2279,3,2,0.9999999
,2280,0,2,1.0
,2280,1,1,0.50016236
,2280,2,1,0.5001852
,2280,3,1,0.7455925
,2281,0,0,0.8193399
,2281,1,0,0.75871694
,2281,2,2,1.0
,2281,3,0,0.7483503
,2282,0,0,0.77075624
,2282,1,0,0.76860905
,2282,2,0,0.8183178
,2282,3,2,1.0
,2283,0,0,0.7690576
,2283,1,0,0.7689816
,2283,2,2,1.0
,2283,3,0,0.81832683
,2284,0,0,0.7689977
,2284,1,0,0.76899505
,2284,2,0,0.81832695
,2284,3,2,1.0
,2285,0,0,0.7689957
,2285,1,0,0.7689952
,2285,2,2,1.0
,2285,3,0,0.81832695
,2286,0,0,0.76899815
,2286,1,0,0.7689866
,2286,2,0,0.81832695
,2286,3,2,1.0
,2287,0,0,0.76907176
,2287,1,0,0.7687443
,2287,2,2,1.0
,2287,3,0,0.8183262
,2288,0,0,0.7710711
,2288,1,0,0.7618256
,2288,2,0,0.8214377
,2288,3,2,1.0
,2289,0,1,0.50240403
,2289,1,2,1.0
,2289,2,0,0.5019934
,2289,3,1,0.7455321
,2290,0,2,1.0
,2290,1,0,0.8193396
,2290,2,0,0.75717616
,2290,3,0,0.74995166
,2291,0,0,0.8196397
,2291,1,0,0.7707868
,2291,2,2,1.0
,2291,3,0,0.7667549
,2292,0,0,0.7707741
,2292,1,0,0.7690438
,2292,2,0,0.81831956
,2292,3,2,1.0
,2293,0,0,0.76913685
,2293,1,0,0.7690755
,2293,2,2,1.0
,2293,3,0,0.81825584
,2294,0,0,0.77114487
,2294,1,0,0.7711428
,2294,2,0,0.8136739
,2294,3,2,0.9997947
,2295,0,1,0.50032717
,2295,1,1,0.5003272
,2295,2,2,1.0
,2295,3,1,0.74734765
,2296,0,0,0.75859016
,2296,1,0,0.75859016
,2296,2,0,0.8179805
,2296,3,2,1.0
,2297,0,0,0.7686265
,2297,1,0,0.7686265
,2297,2,2,1.0
,2297,3,0,0.8182804
,2298,0,0,0.76898175
,2298,1,0,0.76898175
,2298,2,0,0.81832653
,2298,3,2,0.9998647
,2299,0,0,0.7689951
,2299,1,0,0.7689951
,2299,2,2,1.0
,2299,3,0,0.8182663
,2300,0,0,0.7689955
,2300,1,0,0.7689955
,2300,2,0,0.81832695
,2300,3,2,1.0
,2301,0,0,0.7689955
,2301,1,0,0.7689955
,2301,2,2,1.0
,2301,3,0,0.81832695
,2302,0,0,0.7689955
,2302,1,0,0.7689955
,2302,2,0,0.81832695
,2302,3,2,1.0
,2303,0,0,0.7689955
,2303,1,0,0.7689955
,2303,2,2,1.0
,2303,3,0,0.81832695
,2304,0,0,0.7689955
,2304,1,0,0.7689955
,2304,2,0,0.81832695
,2304,3,2,1.0
,2305,0,0,0.7689955
,2305,1,0,0.7689955
,2305,2,2,1.0
,2305,3,0,0.81832695
,2306,0,0,0.7689955
,2306,1,0,0.7689955
,2306,2,0,0.81832695
,2306,3,2,1.0
,2307,0,0,0.7689955
,2307,1,0,0.7689955
,2307,2,2,1.0
,2307,3,0,0.81832695
,2308,0,0,0.7689955
,2308,1,0,0.7689955
,2308,2,0,0.81832695
,2308,3,2,1.0
,2309,0,0,0.76899606
,2309,1,0,0.7689964
,2309,2,2,1.0
,2309,3,0,0.81832683
,2310,0,0,0.76900357
,2310,1,0,0.7690155
,2310,2,0,0.8182971
,2310,3,2,1.0
,2311,0,0,0.7675092
,2311,1,0,0.7678438
,2311,2,2,1.0
,2311,3,1,0.52157766
,2312,0,0,0.756981
,2312,1,0,0.7664191
,2312,2,0,0.81948316
,2312,3,3,1.0
,2313,0,2,1.0
,2313,1,1,0.500011
,2313,2,0,0.5000932
,2313,3,1,0.97325104
,2314,0,0,0.8193546
,2314,1,0,0.75875646
,2314,2,2,1.0
,2314,3,0,0.74026835
,2315,0,0,0.77083397
,2315,1,0,0.76868784
,2315,2,0,0.8183166
,2315,3,2,1.0
,2316,0,0,0.77120453
,2316,1,0,0.77111953
,2316,2,2,1.0
,2316,3,0,0.8136738
,2317,0,1,0.50032735
,2317,1,1,0.5006372
,2317,2,1,0.747303
,2317,3,2,1.0
,2318,0,0,0.7585816
,2318,1,0,0.7522561
,2318,2,2,1.0
,2318,3,0,0.81796366
,2319,0,0,0.7682559
,2319,1,0,0.594788
,2319,2,0,0.819246
,2319,3,2,1.0
,2320,0,0,0.77017707
,2320,1,2,0.5322
,2320,2,0,0.7627915
,2320,3,0,0.81277484
,2321,0,1,0.5223118
,2321,1,1,0.8544725
,2321,2,2,1.0
,2321,3,1,0.83551574
,2322,0,0,0.5086627
,2322,1,0,0.7420697
,2322,2,0,0.8184487
,2322,3,3,1.0
,2323,0,3,1.0
,2323,1,1,0.5127303
,2323,2,1,0.5223722
,2323,3,1,0.97425586
,2324,0,1,0.9735863
,2324,1,1,0.51823914
,2324,2,2,1.0
,2324,3,1,0.53640044
,2325,0,0,0.7402469
,2325,1,2,1.0
,2325,2,0,0.819347
,2325,3,0,0.757453
,2326,0,2,1.0
,2326,1,0,0.81831855
,2326,2,0,0.7707013
,2326,3,0,0.768554
,2327,0,0,0.81965095
,2327,1,2,1.0
,2327,2,0,0.7675094
,2327,3,0,0.76871043
,2328,0,0,0.770827
,2328,1,0,0.8182545
,2328,2,2,1.0
,2328,3,0,0.7605447
,2329,0,0,0.76954144
,2329,1,2,1.0
,2329,2,0,0.82049745
,2329,3,0,0.5295873
,2330,0,1,0.51163155
,2330,1,1,0.74846345
,2330,2,1,0.523124
,2330,3,3,1.0
,2331,0,1,0.5341206
,2331,1,1,0.5440466
,2331,2,2,1.0
,2331,3,1,0.9980593
,2332,0,0,0.7476149
,2332,1,0,0.7565949
,2332,2,0,0.8202064
,2332,3,3,1.0
,2333,0,2,1.0
,2333,1,1,0.5136273
,2333,2,0,0.5010272
,2333,3,1,0.99447566
,2334,0,0,0.8191796
,2334,1,0,0.51042384
,2334,2,0,0.75578684
,2334,3,3,1.0
,2335,0,1,0.5093347
,2335,1,3,1.0
,2335,2,1,0.51202464
,2335,3,1,0.9755427
,2336,0,1,0.51871574
,2336,1,1,0.9736355
,2336,2,1,0.51659137
,2336,3,2,1.0
,2337,0,2,1.0
,2337,1,0,0.74189925
,2337,2,0,0.7581162
,2337,3,0,0.81802154
,2338,0,0,0.81829786
,2338,1,0,0.7680579
,2338,2,0,0.76861763
,2338,3,2,1.0
,2339,0,2,1.0
,2339,1,0,0.7678135
,2339,2,0,0.7674221
,2339,3,1,0.5215581
,2340,0,0,0.81961435
,2340,1,0,0.7664882
,2340,2,0,0.754874
,2340,3,3,1.0
,2341,0,0,0.5047556
,2341,1,0,0.5024035
,2341,2,2,0.9913298
,2341,3,1,0.9743325
,2342,0,1,0.5162933
,2342,1,1,0.51639724
,2342,2,1,0.7507997
,2342,3,2,1.0
,2343,0,0,0.758017
,2343,1,0,0.7580133
,2343,2,2,1.0
,2343,3,0,0.8179775
,2344,0,0,0.7686265
,2344,1,0,0.76862633
,2344,2,0,0.8182971
,2344,3,2,1.0
,2345,0,0,0.7678306
,2345,1,0,0.7678306
,2345,2,2,1.0
,2345,3,1,0.5215781
,2346,0,0,0.7664252
,2346,1,0,0.7664253
,2346,2,0,0.8117194
,2346,3,3,1.0
,2347,0,1,0.50016505
,2347,1,1,0.50016135
,2347,2,2,1.0
,2347,3,1,0.97359073
,2348,0,0,0.76066893
,2348,1,0,0.76074547
,2348,2,0,0.8132992
,2348,3,2,0.9957413
,2349,0,1,0.5027813
,2349,1,1,0.5004072
,2349,2,2,1.0
,2349,3,1,0.74675196
,2350,0,2,1.0
,2350,1,0,0.76104224
,2350,2,0,0.81300354
,2350,3,0,0.7418709
,2351,0,1,0.89110297
,2351,1,1,0.5246879
,2351,2,1,0.84357864
,2351,3,2,1.0
,2352,0,0,0.74284655
,2352,1,0,0.75589633
,2352,2,3,1.0
,2352,3,0,0.6053069
,2353,0,1,0.51350486
,2353,1,1,0.51293105
,2353,2,1,0.9756238
,2353,3,3,1.0
,2354,0,1,0.5174809
,2354,1,1,0.5174563
,2354,2,2,1.0
,2354,3,1,0.9945856
,2355,0,0,0.75813097
,2355,1,0,0.7581168
,2355,2,0,0.8121099
,2355,3,3,1.0
,2356,0,1,0.52030545
,2356,1,1,0.52077466
,2356,2,2,1.0
,2356,3,1,0.9904439
,2357,0,0,0.7600081
,2357,1,0,0.75028527
,2357,2,0,0.82106453
,2357,3,2,1.0
,2358,0,1,0.50404006
,2358,1,2,1.0
,2358,2,1,0.50180894
,2358,3,1,0.9359479
,2359,0,0,0.7581502
,2359,1,0,0.82010263
,2359,2,0,0.748573
,2359,3,3,1.0
,2360,0,1,0.5006019
,2360,1,0,0.5021407
,2360,2,2,1.0
,2360,3,1,0.97350794
,2361,0,0,0.7607402
,2361,1,0,0.7608369
,2361,2,0,0.813299
,2361,3,2,1.0
,2362,0,1,0.50077546
,2362,1,1,0.5007712
,2362,2,2,1.0
,2362,3,1,0.7473517
,2363,0,0,0.7571884
,2363,1,0,0.7571886
,2363,2,1,0.5222951
,2363,3,2,1.0
,2364,0,0,0.76605344
,2364,1,0,0.76605344
,2364,2,3,1.0
,2364,3,0,0.81170696
,2365,0,1,0.5009326
,2365,1,1,0.5009325
,2365,2,1,0.99450433
,2365,3,2,1.0
,2366,0,0,0.75855404
,2366,1,0,0.75855404
,2366,2,3,1.0
,2366,3,0,0.81239873
,2367,0,1,0.50122297
,2367,1,1,0.50122297
,2367,2,1,0.9945034
,2367,3,2,1.0
,2368,0,0,0.7585452
,2368,1,0,0.7585452
,2368,2,3,1.0
,2368,3,0,0.81239843
,2369,0,1,0.50120735
,2369,1,1,0.50120735
,2369,2,1,0.9944887
,2369,3,2,1.0
,2370,0,0,0.7575603
,2370,1,0,0.7575603
,2370,2,3,1.0
,2370,3,0,0.6058362
,2371,0,1,0.5128602
,2371,1,1,0.5128602
,2371,2,1,0.975624
,2371,3,3,1.0
,2372,0,1,0.5174603
,2372,1,1,0.51746035
,2372,2,2,1.0
,2372,3,1,0.99458534
,2373,0,0,0.757953
,2373,1,0,0.757953
,2373,2,0,0.8124085
,2373,3,3,1.0
,2374,0,1,0.500588
,2374,1,1,0.500588
,2374,2,2,1.0
,2374,3,1,0.97350496
,2375,0,0,0.75716114
,2375,1,0,0.75716126
,2375,2,1,0.5215094
,2375,3,2,1.0
,2376,0,0,0.7647516
,2376,1,0,0.7647516
,2376,2,3,1.0
,2376,3,0,0.6045729
,2377,0,1,0.51560384
,2377,1,1,0.51560384
,2377,2,1,0.97486204
,2377,3,3,0.9999999
,2378,0,0,0.7585758
,2378,1,0,0.7585758
,2378,2,2,1.0
,2378,3,1,0.63102
,2379,0,0,0.7674028
,2379,1,0,0.7674028
,2379,2,1,0.5208193
,2379,3,2,1.0
,2380,0,0,0.76521486
,2380,1,0,0.76521486
,2380,2,3,1.0
,2380,3,0,0.6046034
,2381,0,1,0.5125421
,2381,1,1,0.5125422
,2381,2,1,0.97562283
,2381,3,3,1.0
,2382,0,1,0.5169223
,2382,1,1,0.5169223
,2382,2,2,1.0
,2382,3,1,0.9738946
,2383,0,0,0.7579696
,2383,1,0,0.7579696
,2383,2,0,0.81792945
,2383,3,2,1.0
,2384,0,0,0.767474
,2384,1,0,0.767474
,2384,2,2,1.0
,2384,3,1,0.520753
,2385,0,0,0.76512456
,2385,1,0,0.76512456
,2385,2,0,0.6048402
,2385,3,3,1.0
,2386,0,1,0.51581997
,2386,1,1,0.51581997
,2386,2,3,0.99944824
,2386,3,1,0.99479306
,2387,0,0,0.75869304
,2387,1,0,0.75869304
,2387,2,1,0.6402611
,2387,3,3,1.0
,2388,0,1,0.5011303
,2388,1,1,0.5011303
,2388,2,2,1.0
,2388,3,1,0.9945079
,2389,0,0,0.7581581
,2389,1,0,0.7581581
,2389,2,0,0.81777966
,2389,3,3,0.99930716
,2390,0,0,0.7673906
,2390,1,0,0.7673906
,2390,2,2,1.0
,2390,3,1,0.89355135
,2391,0,0,0.7668328
,2391,1,0,0.7668328
,2391,2,0,0.8118979
,2391,3,3,1.0
,2392,0,1,0.5002447
,2392,1,1,0.5002447
,2392,2,2,1.0
,2392,3,1,0.9735003
,2393,0,0,0.7585675
,2393,1,0,0.7585675
,2393,2,0,0.81793237
,2393,3,2,1.0
,2394,0,0,0.767473
,2394,1,0,0.767473
,2394,2,2,1.0
,2394,3,1,0.5215766
,2395,0,0,0.76641643
,2395,1,0,0.76641655
,2395,2,0,0.8117057
,2395,3,3,1.0
,2396,0,1,0.5009175
,2396,1,1,0.5009175
,2396,2,2,1.0
,2396,3,1,0.99450433
,2397,0,0,0.7585479
,2397,1,0,0.758548
,2397,2,0,0.81241196
,2397,3,3,1.0
,2398,0,1,0.500562
,2398,1,1,0.500562
,2398,2,2,1.0
,2398,3,1,0.97350496
,2399,0,0,0.75716573
,2399,1,0,0.75716573
,2399,2,1,0.5215103
,2399,3,2,1.0
,2400,0,0,0.7648529
,2400,1,0,0.7648529
,2400,2,3,1.0
,2400,3,0,0.6046057
,2401,0,1,0.51255774
,2401,1,1,0.51255774
,2401,2,1,0.97562283
,2401,3,3,1.0
,2402,0,1,0.51692426
,2402,1,1,0.51692426
,2402,2,2,1.0
,2402,3,1,0.9738946
,2403,0,0,0.7579497
,2403,1,0,0.7579497
,2403,2,0,0.81795967
,2403,3,2,1.0
,2404,0,0,0.76862395
,2404,1,0,0.76862395
,2404,2,2,1.0
,2404,3,0,0.81829697
,2405,0,0,0.76783043
,2405,1,0,0.76783043
,2405,2,1,0.52157795
,2405,3,2,1.0
,2406,0,0,0.7664231
,2406,1,0,0.7664231
,2406,2,3,1.0
,2406,3,0,0.81171906
,2407,0,1,0.500258
,2407,1,1,0.500258
,2407,2,1,0.9735089
,2407,3,2,1.0
,2408,0,0,0.75715023
,2408,1,0,0.75715023
,2408,2,2,1.0
,2408,3,1,0.5223345
,2409,0,0,0.76604575
,2409,1,0,0.76604575
,2409,2,0,0.81172043
,2409,3,3,1.0
,2410,0,1,0.50027835
,2410,1,1,0.5002783
,2410,2,2,1.0
,2410,3,1,0.9735089
,2411,0,0,0.75706583
,2411,1,0,0.75706583
,2411,2,1,0.52238476
,2411,3,2,1.0
,2412,0,0,0.763898
,2412,1,0,0.763898
,2412,2,3,1.0
,2412,3,0,0.8164339
,2413,0,0,0.769297
,2413,1,0,0.769297
,2413,2,1,0.6299976
,2413,3,2,1.0
,2414,0,0,0.76892877
,2414,1,0,0.76892877
,2414,2,2,1.0
,2414,3,0,0.8182951
,2415,0,0,0.7689937
,2415,1,0,0.7689937
,2415,2,0,0.81832653
,2415,3,2,1.0
,2416,0,0,0.76901245
,2416,1,0,0.76901245
,2416,2,2,1.0
,2416,3,0,0.8182971
,2417,0,0,0.76776314
,2417,1,0,0.76776314
,2417,2,1,0.5216283
,2417,3,2,1.0
,2418,0,0,0.7642791
,2418,1,0,0.7642791
,2418,2,3,1.0
,2418,3,0,0.81643254
,2419,0,0,0.7693306
,2419,1,0,0.7693306
,2419,2,1,0.6300473
,2419,3,2,1.0
,2420,0,0,0.7677599
,2420,1,0,0.7677599
,2420,2,2,1.0
,2420,3,1,0.5216416
,2421,0,0,0.7664275
,2421,1,0,0.7664275
,2421,2,0,0.8117051
,2421,3,3,1.0
,2422,0,1,0.50090027
,2422,1,1,0.50090027
,2422,2,2,1.0
,2422,3,1,0.99448955
,2423,0,0,0.75757504
,2423,1,0,0.75757504
,2423,2,0,0.6058332
,2423,3,3,1.0
,2424,0,1,0.5127273
,2424,1,1,0.5127273
,2424,2,3,1.0
,2424,3,1,0.9756288
,2425,0,1,0.51395035
,2425,1,1,0.51395035
,2425,2,1,0.9746913
,2425,3,2,0.9995729
,2426,0,1,0.517032
,2426,1,1,0.51703197
,2426,2,2,0.9997545
,2426,3,1,0.7489568
,2427,0,0,0.7603187
,2427,1,0,0.7603187
,2427,2,0,0.8004077
,2427,3,2,0.99999964
,2428,0,1,0.5002478
,2428,1,1,0.5002478
,2428,2,2,0.9393461
,2428,3,1,0.8964555
,2429,0,1,0.5210889
,2429,1,1,0.52108884
,2429,2,1,0.7706787
,2429,3,3,1.0
,2430,0,1,0.5177153
,2430,1,1,0.5177153
,2430,2,2,1.0
,2430,3,1,0.994582
,2431,0,0,0.7558175
,2431,1,0,0.7558175
,2431,2,0,0.81710124
,2431,3,3,1.0
,2432,0,0,0.7711381
,2432,1,0,0.7711382
,2432,2,2,1.0
,2432,3,1,0.6372472
,2433,0,1,0.50073564
,2433,1,1,0.5007356
,2433,2,1,0.7475072
,2433,3,2,1.0
,2434,0,0,0.757193
,2434,1,0,0.7571929
,2434,2,2,1.0
,2434,3,1,0.52231646
,2435,0,0,0.76622504
,2435,1,0,0.76622504
,2435,2,0,0.8114232
,2435,3,3,1.0
,2436,0,1,0.5200484
,2436,1,1,0.5200484
,2436,2,2,1.0
,2436,3,1,0.9904474
,2437,0,0,0.75640684
,2437,1,0,0.75640684
,2437,2,1,0.5216181
,2437,3,2,1.0
,2438,0,0,0.7650109
,2438,1,0,0.7650109
,2438,2,3,1.0
,2438,3,0,0.60874474
,2439,0,1,0.5226045
,2439,1,1,0.5226045
,2439,2,1,0.99106276
,2439,3,3,1.0
,2440,0,1,0.517496
,2440,1,1,0.51749593
,2440,2,2,1.0
,2440,3,1,0.9739062
,2441,0,0,0.7579282
,2441,1,0,0.7579282
,2441,2,0,0.81795967
,2441,3,2,1.0
,2442,0,0,0.76860327
,2442,1,0,0.76860327
,2442,2,2,1.0
,2442,3,0,0.8183268
,2443,0,0,0.76898175
,2443,1,0,0.76898175
,2443,2,0,0.81832695
,2443,3,2,1.0
,2444,0,0,0.76899505
,2444,1,0,0.76899505
,2444,2,2,1.0
,2444,3,0,0.81832695
,2445,0,0,0.7689955
,2445,1,0,0.7689955
,2445,2,0,0.81832695
,2445,3,2,1.0
,2446,0,0,0.7689956
,2446,1,0,0.7689956
,2446,2,2,1.0
,2446,3,0,0.81832695
,2447,0,0,0.76899827
,2447,1,0,0.76899827
,2447,2,0,0.81832695
,2447,3,2,1.0
,2448,0,0,0.7690743
,2448,1,0,0.7690743
,2448,2,2,1.0
,2448,3,0,0.8183262
,2449,0,0,0.7711429
,2449,1,0,0.7711429
,2449,2,0,0.8136741
,2449,3,2,1.0
,2450,0,1,0.5003272
,2450,1,1,0.5003272
,2450,2,2,1.0
,2450,3,1,0.7473011
,2451,0,0,0.75859016
,2451,1,0,0.75859016
,2451,2,0,0.8179805
,2451,3,2,1.0
,2452,0,0,0.7686267
,2452,1,0,0.7686267
,2452,2,2,1.0
,2452,3,0,0.81832683
,2453,0,0,0.7689826
,2453,1,0,0.7689826
,2453,2,0,0.81832695
,2453,3,2,1.0
,2454,0,0,0.76899505
,2454,1,0,0.76899505
,2454,2,2,1.0
,2454,3,0,0.81832695
,2455,0,0,0.7689955
,2455,1,0,0.7689955
,2455,2,0,0.81832695
,2455,3,2,1.0
,2456,0,0,0.7689956
,2456,1,0,0.7689956
,2456,2,2,1.0
,2456,3,0,0.81832695
,2457,0,0,0.76899654
,2457,1,0,0.76899654
,2457,2,0,0.8183268
,2457,3,2,1.0
,2458,0,0,0.7690165
,2458,1,0,0.7690165
,2458,2,2,1.0
,2458,3,0,0.8182971
,2459,0,0,0.76787025
,2459,1,0,0.76787025
,2459,2,1,0.52075315
,2459,3,2,1.0
,2460,0,0,0.76524055
,2460,1,0,0.76524055
,2460,2,3,1.0
,2460,3,0,0.60473776
,2461,0,1,0.5126494
,2461,1,1,0.5126494
,2461,2,1,0.99124753
,2461,3,3,1.0
,2462,0,1,0.52046186
,2462,1,1,0.52046186
,2462,2,3,1.0
,2462,3,1,0.99092597
,2463,0,1,0.5333211
,2463,1,1,0.5333211
,2463,2,1,0.9909853
,2463,3,3,1.0
,2464,0,1,0.5347793
,2464,1,1,0.5347793
,2464,2,2,1.0
,2464,3,1,0.9905461
,2465,0,0,0.75588083
,2465,1,0,0.75588083
,2465,2,1,0.5215547
,2465,3,2,1.0
,2466,0,0,0.76480794
,2466,1,0,0.7648078
,2466,2,3,1.0
,2466,3,0,0.6046078
,2467,0,1,0.5125491
,2467,1,1,0.51254916
,2467,2,1,0.975625
,2467,3,3,1.0
,2468,0,1,0.5174275
,2468,1,1,0.51742846
,2468,2,2,1.0
,2468,3,1,0.9945706
,2469,0,0,0.75698227
,2469,1,0,0.75696313
,2469,2,0,0.60596204
,2469,3,3,1.0
,2470,0,1,0.5130162
,2470,1,1,0.5136077
,2470,2,3,1.0
,2470,3,1,0.99125016
,2471,0,1,0.52053666
,2471,1,1,0.5339449
,2471,2,1,0.9753554
,2471,3,3,1.0
,2472,0,1,0.52478707
,2472,1,2,1.0
,2472,2,1,0.8556231
,2472,3,1,0.9743887
,2473,0,0,0.75708705
,2473,1,0,0.819908
,2473,2,3,1.0
,2473,3,0,0.7310126
,2474,0,1,0.5004681
,2474,1,1,0.5001564
,2474,2,1,0.9750552
,2474,3,2,1.0
,2475,0,0,0.7549367
,2475,1,2,1.0
,2475,2,1,0.6372464
,2475,3,0,0.8176235
,2476,0,0,0.76674443
,2476,1,0,0.81990296
,2476,2,3,1.0
,2476,3,0,0.7594991
,2477,0,0,0.5026183
,2477,1,0,0.504972
,2477,2,1,0.9743248
,2477,3,2,1.0
,2478,0,1,0.5190285
,2478,1,1,0.5189246
,2478,2,2,1.0
,2478,3,1,0.93637204
,2479,0,0,0.75762117
,2479,1,0,0.75762486
,2479,2,0,0.8122797
,2479,3,3,1.0
,2480,0,1,0.5012682
,2480,1,1,0.501268
,2480,2,2,1.0
,2480,3,1,0.9945035
,2481,0,0,0.75854367
,2481,1,0,0.75854367
,2481,2,0,0.81239843
,2481,3,3,1.0
,2482,0,1,0.5012073
,2482,1,1,0.5012073
,2482,2,2,1.0
,2482,3,1,0.9944887
,2483,0,0,0.75756174
,2483,1,0,0.75756174
,2483,2,0,0.60590065
,2483,3,3,1.0
,2484,0,1,0.5129948
,2484,1,1,0.5129948
,2484,2,3,1.0
,2484,3,1,0.9912552
,2485,0,1,0.5202157
,2485,1,1,0.5202157
,2485,2,1,0.97419894
,2485,3,3,0.99744457
,2486,0,0,0.76031137
,2486,1,0,0.76031137
,2486,2,2,1.0
,2486,3,1,0.63736004
,2487,0,1,0.5008928
,2487,1,1,0.5008928
,2487,2,1,0.74737513
,2487,3,2,1.0
,2488,0,0,0.7607754
,2488,1,0,0.7607754
,2488,2,2,1.0
,2488,3,0,0.8133177
,2489,0,1,0.500773
,2489,1,1,0.500773
,2489,2,1,0.7473513
,2489,3,2,1.0
,2490,0,0,0.7571885
,2490,1,0,0.7571885
,2490,2,2,1.0
,2490,3,1,0.52229524
,2491,0,0,0.7660534
,2491,1,0,0.7660534
,2491,2,0,0.81170684
,2491,3,3,1.0
,2492,0,1,0.5009331
,2492,1,1,0.5009331
,2492,2,2,1.0
,2492,3,1,0.99450433
,2493,0,0,0.758546
,2493,1,0,0.758546
,2493,2,0,0.8124124
,2493,3,3,1.0
,2494,0,1,0.5005769
,2494,1,1,0.5005769
,2494,2,2,1.0
,2494,3,1,0.9734969
,2495,0,0,0.75853616
,2495,1,0,0.75853616
,2495,2,0,0.8179626
,2495,3,2,1.0
,2496,0,0,0.76862466
,2496,1,0,0.76862466
,2496,2,2,1.0
,2496,3,0,0.8183268
,2497,0,0,0.76898247
,2497,1,0,0.7689824
,2497,2,0,0.81832695
,2497,3,2,1.0
,2498,0,0,0.7689951
,2498,1,0,0.76899314
,2498,2,2,1.0
,2498,3,0,0.81832695
,2499,0,0,0.76899946
,2499,1,0,0.768941
,2499,2,0,0.81832814
,2499,3,2,1.0
,2500,0,0,0.7691022
,2500,1,0,0.76744986
,2500,2,2,1.0
,2500,3,0,0.8197108
,2501,0,0,0.77112824
,2501,1,2,1.0
,2501,2,0,0.8136712
,2501,3,0,0.77283657
,2502,0,1,0.50006145
,2502,1,1,0.7454794
,2502,2,2,1.0
,2502,3,1,0.5023272
,2503,0,0,0.75734466
,2503,1,0,0.74860823
,2503,2,1,0.5214044
,2503,3,2,1.0
,2504,0,0,0.76486236
,2504,1,0,0.7645497
,2504,2,3,1.0
,2504,3,0,0.60460943
,2505,0,1,0.51254815
,2505,1,1,0.51258284
,2505,2,1,0.97562474
,2505,3,3,1.0
,2506,0,1,0.51744205
,2506,1,1,0.51791507
,2506,2,2,1.0
,2506,3,1,0.9945852
,2507,0,0,0.75805753
,2507,1,0,0.74827075
,2507,2,0,0.8202971
,2507,3,3,1.0
,2508,0,0,0.50251937
,2508,1,2,0.99999905
,2508,2,0,0.50529146
,2508,3,1,0.97435504
,2509,0,1,0.5355042
,2509,1,1,0.975782
,2509,2,1,0.53501415
,2509,3,2,1.0
,2510,0,0,0.748587
,2510,1,3,1.0
,2510,2,0,0.75629115
,2510,3,0,0.6103446
,2511,0,1,0.76254594
,2511,1,1,0.99065787
,2511,2,1,0.52412796
,2511,3,3,1.0
,2512,0,3,1.0
,2512,1,1,0.5580241
,2512,2,1,0.5375541
,2512,3,1,0.9907333
,2513,0,1,0.6289377
,2513,1,0,0.7553967
,2513,2,0,0.7576865
,2513,3,2,1.0
,2514,0,0,0.7549755
,2514,1,2,1.0
,2514,2,0,0.7669533
,2514,3,0,0.80884975
,2515,0,0,0.76534057
,2515,1,0,0.81842667
,2515,2,2,1.0
,2515,3,1,0.5988126
,2516,0,0,0.7656937
,2516,1,0,0.76759017
,2516,2,0,0.60493684
,2516,3,3,1.0
,2517,0,1,0.5123869
,2517,1,1,0.512195
,2517,2,3,1.0
,2517,3,1,0.9756589
,2518,0,1,0.5361671
,2518,1,1,0.53369284
,2518,2,1,0.9911022
,2518,3,2,1.0
,2519,0,2,1.0
,2519,1,0,0.7536636
,2519,2,1,0.6363756
,2519,3,0,0.8107146
,2520,0,0,0.8186744
,2520,1,0,0.7635433
,2520,2,3,1.0
,2520,3,0,0.52443165
,2521,0,1,0.50941736
,2521,1,1,0.51184285
,2521,2,1,0.9755603
,2521,3,3,1.0
,2522,0,1,0.51728195
,2522,1,1,0.5173891
,2522,2,2,1.0
,2522,3,1,0.9945705
,2523,0,0,0.75698733
,2523,1,0,0.75698364
,2523,2,0,0.60596144
,2523,3,3,1.0
,2524,0,1,0.51301926
,2524,1,1,0.5130194
,2524,2,3,1.0
,2524,3,1,0.9912517
,2525,0,1,0.52050644
,2525,1,1,0.52050644
,2525,2,1,0.97525704
,2525,3,3,1.0
,2526,0,1,0.51709795
,2526,1,1,0.51709795
,2526,2,2,1.0
,2526,3,1,0.9738887
,2527,0,0,0.760152
,2527,1,0,0.76015204
,2527,2,0,0.8132965
,2527,3,2,1.0
,2528,0,1,0.50080574
,2528,1,1,0.50080574
,2528,2,2,1.0
,2528,3,1,0.74735135
,2529,0,0,0.7570931
,2529,1,0,0.7570931
,2529,2,1,0.52302444
,2529,3,2,1.0
,2530,0,0,0.7651543
,2530,1,0,0.7651543
,2530,2,3,1.0
,2530,3,0,0.81117463
,2531,0,0,0.77094936
,2531,1,0,0.77094936
,2531,2,3,1.0
,2531,3,0,0.53422683
,2532,0,1,0.51152974
,2532,1,1,0.51152974
,2532,2,1,0.9755589
,2532,3,3,1.0
,2533,0,1,0.51675653
,2533,1,1,0.51675653
,2533,2,2,1.0
,2533,3,1,0.9738937
,2534,0,0,0.7601626
,2534,1,0,0.7601626
,2534,2,0,0.81329685
,2534,3,2,1.0
,2535,0,1,0.5008132
,2535,1,1,0.5008132
,2535,2,2,1.0
,2535,3,1,0.74730104
,2536,0,0,0.75857306
,2536,1,0,0.75857306
,2536,2,0,0.8179805
,2536,3,2,1.0
,2537,0,0,0.76862615
,2537,1,0,0.76862615
,2537,2,2,1.0
,2537,3,0,0.81832683
,2538,0,0,0.76898247
,2538,1,0,0.7689826
,2538,2,0,0.81832695
,2538,3,2,1.0
,2539,0,0,0.76899505
,2539,1,0,0.76899505
,2539,2,2,1.0
,2539,3,0,0.81832683
,2540,0,0,0.7689955
,2540,1,0,0.7689955
,2540,2,0,0.81832695
,2540,3,2,1.0
,2541,0,0,0.7689955
,2541,1,0,0.7689955
,2541,2,2,1.0
,2541,3,0,0.81832695
,2542,0,0,0.7689954
,2542,1,0,0.7689955
,2542,2,0,0.81832695
,2542,3,2,1.0
,2543,0,0,0.76899356
,2543,1,0,0.7689955
,2543,2,2,1.0
,2543,3,0,0.81832695
,2544,0,0,0.76894104
,2544,1,0,0.7689966
,2544,2,0,0.81832814
,2544,3,2,1.0
,2545,0,0,0.7674506
,2545,1,0,0.76902163
,2545,2,2,1.0
,2545,3,0,0.81964767
,2546,0,2,1.0
,2546,1,0,0.7689245
,2546,2,0,0.8183209
,2546,3,0,0.7707731
,2547,0,0,0.8196475
,2547,1,0,0.76744974
,2547,2,2,1.0
,2547,3,0,0.7690842
,2548,0,0,0.77077323
,2548,1,2,1.0
,2548,2,0,0.8183209
,2548,3,0,0.7689267
,2549,0,0,0.76908624
,2549,1,0,0.8196476
,2549,2,2,1.0
,2549,3,0,0.76744974
,2550,0,0,0.7689812
,2550,1,0,0.77077204
,2550,2,0,0.81831974
,2550,3,2,1.0
,2551,0,0,0.76899475
,2551,1,0,0.7690581
,2551,2,2,1.0
,2551,3,0,0.8183268
,2552,0,0,0.7689955
,2552,1,0,0.7689977
,2552,2,0,0.81832695
,2552,3,2,1.0
,2553,0,0,0.7689956
,2553,1,0,0.7689957
,2553,2,2,1.0
,2553,3,0,0.81832695
,2554,0,0,0.7689983
,2554,1,0,0.7689983
,2554,2,0,0.81832695
,2554,3,2,1.0
,2555,0,0,0.76907545
,2555,1,0,0.76907545
,2555,2,2,1.0
,2555,3,0,0.818326
,2556,0,0,0.77116364
,2556,1,0,0.77116364
,2556,2,0,0.81362
,2556,3,2,1.0
,2557,0,1,0.50343645
,2557,1,1,0.50343645
,2557,2,2,1.0
,2557,3,1,0.93546045
,2558,0,0,0.7581777
,2558,1,0,0.7581777
,2558,2,0,0.8122981
,2558,3,3,0.99745977
,2559,0,1,0.5005985
,2559,1,1,0.50059855
,2559,2,2,1.0
,2559,3,1,0.9729227
,2560,0,0,0.7585356
,2560,1,0,0.7585356
,2560,2,0,0.8179626
,2560,3,2,1.0
,2561,0,0,0.76862746
,2561,1,0,0.76862746
,2561,2,2,1.0
,2561,3,0,0.8183268
,2562,0,0,0.7690613
,2562,1,0,0.7690613
,2562,2,0,0.81832284
,2562,3,2,1.0
,2563,0,0,0.7711425
,2563,1,0,0.7711424
,2563,2,2,0.99999046
,2563,3,0,0.81367403
,2564,0,1,0.5003271
,2564,1,1,0.5003271
,2564,2,1,0.74730337
,2564,3,2,1.0
,2565,0,0,0.7585926
,2565,1,0,0.7585926
,2565,2,2,1.0
,2565,3,0,0.8179805
,2566,0,0,0.76869315
,2566,1,0,0.76869315
,2566,2,0,0.818326
,2566,3,2,1.0
,2567,0,0,0.77077514
,2567,1,0,0.7707751
,2567,2,2,1.0
,2567,3,0,0.8145035
,2568,0,0,0.5530112
,2568,1,0,0.55300844
,2568,2,1,0.55668736
,2568,3,2,1.0
,2569,0,0,0.76065874
,2569,1,0,0.76060164
,2569,2,2,1.0
,2569,3,0,0.8180517
,2570,0,0,0.7687285
,2570,1,0,0.76715523
,2570,2,0,0.8196012
,2570,3,2,1.0
,2571,0,0,0.7689968
,2571,1,2,1.0
,2571,2,0,0.76923656
,2571,3,0,0.819594
,2572,0,0,0.7690063
,2572,1,0,0.81964064
,2572,2,2,1.0
,2572,3,0,0.76923525
,2573,0,0,0.76898164
,2573,1,0,0.7707751
,2573,2,0,0.8183199
,2573,3,2,1.0
,2574,0,0,0.76907873
,2574,1,0,0.76914227
,2574,2,2,1.0
,2574,3,0,0.81832635
,2575,0,0,0.7713099
,2575,1,0,0.77131224
,2575,2,0,0.8133547
,2575,3,2,1.0
,2576,0,1,0.52123284
,2576,1,1,0.5212327
,2576,2,2,1.0
,2576,3,1,0.8905292
,2577,0,0,0.7577668
,2577,1,0,0.7577663
,2577,2,0,0.81794757
,2577,3,2,1.0
,2578,0,0,0.76861745
,2578,1,0,0.7686049
,2578,2,2,1.0
,2578,3,0,0.81829697
,2579,0,0,0.7678299
,2579,1,0,0.7674771
,2579,2,1,0.521575
,2579,3,2,1.0
,2580,0,0,0.7664169
,2580,1,0,0.75646645
,2580,2,3,1.0
,2580,3,0,0.81954265
,2581,0,1,0.50038
,2581,1,2,0.99788535
,2581,2,1,0.973511
,2581,3,0,0.5019712
,2582,0,0,0.75854546
,2582,1,0,0.81701165
,2582,2,2,1.0
,2582,3,0,0.7586169
,2583,0,0,0.76870376
,2583,1,2,1.0
,2583,2,0,0.818326
,2583,3,0,0.76837605
,2584,0,0,0.77112925
,2584,1,0,0.8214415
,2584,2,2,1.0
,2584,3,0,0.7618043
,2585,0,1,0.5004105
,2585,1,0,0.5018165
,2585,2,1,0.74738675
,2585,3,2,1.0
,2586,0,0,0.7572005
,2586,1,0,0.7572799
,2586,2,2,1.0
,2586,3,1,0.5222958
,2587,0,0,0.7660538
,2587,1,0,0.76605666
,2587,2,0,0.81170684
,2587,3,3,1.0
,2588,0,1,0.5009325
,2588,1,1,0.50093246
,2588,2,2,1.0
,2588,3,1,0.9945042
,2589,0,0,0.75855404
,2589,1,0,0.75855404
,2589,2,0,0.8123986
,2589,3,3,1.0
,2590,0,1,0.50122344
,2590,1,1,0.5012235
,2590,2,2,1.0
,2590,3,1,0.9945035
,2591,0,0,0.75853735
,2591,1,0,0.75853735
,2591,2,0,0.81241196
,2591,3,3,1.0
,2592,0,1,0.500564
,2592,1,1,0.500564
,2592,2,2,1.0
,2592,3,1,0.97350496
,2593,0,0,0.7571399
,2593,1,0,0.7571399
,2593,2,1,0.5223323
,2593,3,2,1.0
,2594,0,0,0.76605153
,2594,1,0,0.766051
,2594,2,3,1.0
,2594,3,0,0.81170684
,2595,0,1,0.5009328
,2595,1,1,0.50095135
,2595,2,1,0.9945041
,2595,3,2,1.0
,2596,0,0,0.7585547
,2596,1,0,0.7581706
,2596,2,3,1.0
,2596,3,0,0.81238824
,2597,0,1,0.50158685
,2597,1,1,0.51343775
,2597,2,1,0.9944735
,2597,3,2,0.999992
,2598,0,0,0.7556977
,2598,1,0,0.510565
,2598,2,3,1.0
,2598,3,0,0.81881416
,2599,0,1,0.51226664
,2599,1,3,1.0
,2599,2,1,0.97559077
,2599,3,1,0.52359056
,2600,0,1,0.52556777
,2600,1,1,0.97440207
,2600,2,2,1.0
,2600,3,1,0.8455114
,2601,0,0,0.74732846
,2601,1,0,0.7411897
,2601,2,0,0.82002985
,2601,3,3,1.0
,2602,0,2,1.0
,2602,1,0,0.50192195
,2602,2,0,0.50483835
,2602,3,1,0.97435135
,2603,0,1,0.88910645
,2603,1,1,0.5313517
,2603,2,1,0.544286
,2603,3,2,1.0
,2604,0,1,0.5332843
,2604,1,1,0.5174744
,2604,2,2,1.0
,2604,3,1,0.74873716
,2605,0,0,0.75963175
,2605,1,0,0.7601893
,2605,2,0,0.8133168
,2605,3,2,1.0
,2606,0,1,0.50072056
,2606,1,1,0.5006958
,2606,2,2,1.0
,2606,3,1,0.7473004
,2607,0,0,0.76078427
,2607,1,0,0.7607851
,2607,2,0,0.8133184
,2607,3,2,1.0
,2608,0,1,0.50066906
,2608,1,1,0.50066906
,2608,2,2,1.0
,2608,3,1,0.74730104
,2609,0,0,0.7608027
,2609,1,0,0.7608028
,2609,2,0,0.8132637
,2609,3,2,0.99999976
,2610,0,1,0.50389975
,2610,1,1,0.5038998
,2610,2,2,1.0
,2610,3,1,0.9359359
,2611,0,0,0.7581638
,2611,1,0,0.7581637
,2611,2,0,0.812282
,2611,3,3,1.0
,2612,0,1,0.5012447
,2612,1,1,0.50124466
,2612,2,2,1.0
,2612,3,1,0.9945035
,2613,0,0,0.7585445
,2613,1,0,0.7585445
,2613,2,0,0.81239843
,2613,3,3,1.0
,2614,0,1,0.50120735
,2614,1,1,0.50120735
,2614,2,2,1.0
,2614,3,1,0.9944887
,2615,0,0,0.75755984
,2615,1,0,0.75755984
,2615,2,0,0.60583436
,2615,3,3,1.0
,2616,0,1,0.5128693
,2616,1,1,0.5128693
,2616,2,3,1.0
,2616,3,1,0.97562194
,2617,0,1,0.51693755
,2617,1,1,0.51693755
,2617,2,1,0.9738945
,2617,3,2,1.0
,2618,0,0,0.7579483
,2618,1,0,0.7579483
,2618,2,2,1.0
,2618,3,0,0.81795967
,2619,0,0,0.768604
,2619,1,0,0.768604
,2619,2,0,0.8183268
,2619,3,2,1.0
,2620,0,0,0.76898175
,2620,1,0,0.76898175
,2620,2,2,1.0
,2620,3,0,0.81832695
,2621,0,0,0.76899433
,2621,1,0,0.76899433
,2621,2,0,0.81832695
,2621,3,2,1.0
,2622,0,0,0.76897544
,2622,1,0,0.76897544
,2622,2,2,1.0
,2622,3,0,0.81832665
,2623,0,0,0.768426
,2623,1,0,0.768426
,2623,2,0,0.81831855
,2623,3,2,1.0
,2624,0,0,0.7527403
,2624,1,0,0.7527403
,2624,2,2,1.0
,2624,3,0,0.8061621
,2625,0,0,1.0
,2625,1,0,1.0
,2625,2,0,1.0
,2625,3,2,0.6139743
,2626,0,1,0.50805956
,2626,1,1,0.52200675
,2626,2,2,0.9999993
,2626,3,1,0.9277623
,2627,0,1,0.53166926
,2627,1,2,0.9999827
,2627,2,1,0.8941434
,2627,3,1,0.55005586
,2628,0,1,0.5179484
,2628,1,1,0.74891335
,2628,2,2,1.0
,2628,3,1,0.5187617
,2629,0,0,0.76027894
,2629,1,2,1.0
,2629,2,0,0.8133137
,2629,3,0,0.76023155
,2630,0,0,0.502502
,2630,1,1,0.75353706
,2630,2,2,1.0
,2630,3,0,0.50191885
,2631,0,1,0.53113323
,2631,1,2,1.0
,2631,2,1,0.8892738
,2631,3,1,0.5443658
,2632,0,1,0.5147656
,2632,1,1,0.7547201
,2632,2,1,0.5448135
,2632,3,2,1.0
,2633,0,1,0.51939905
,2633,1,2,1.0
,2633,2,1,0.8431464
,2633,3,1,0.747937
,2634,0,0,0.7591922
,2634,1,0,0.8138678
,2634,2,3,0.9986286
,2634,3,0,0.7511125
,2635,0,0,0.55525076
,2635,1,2,1.0
,2635,2,1,0.9361659
,2635,3,0,0.5548897
,2636,0,1,0.5102922
,2636,1,1,0.75442284
,2636,2,2,1.0
,2636,3,1,0.51030815
,2637,0,1,0.5168117
,2637,1,2,1.0
,2637,2,1,0.7487931
,2637,3,1,0.5168125
,2638,0,0,0.75792605
,2638,1,0,0.8192304
,2638,2,2,1.0
,2638,3,0,0.75792605
,2639,0,0,0.77277845
,2639,1,0,0.7748699
,2639,2,2,1.0
,2639,3,0,0.77277845
,2640,0,0,0.77345216
,2640,1,0,0.7718946
,2640,2,2,1.0
,2640,3,0,0.77345216
,2641,0,0,0.7714015
,2641,1,2,1.0
,2641,2,0,0.8136727
,2641,3,0,0.7714015
,2642,0,0,0.50256747
,2642,1,1,0.7532232
,2642,2,2,1.0
,2642,3,0,0.50256747
,2643,0,1,0.51620996
,2643,1,2,1.0
,2643,2,1,0.7487833
,2643,3,1,0.51621
,2644,0,0,0.75810516
,2644,1,0,0.8179773
,2644,2,2,1.0
,2644,3,0,0.75810516
,2645,0,0,0.7708605
,2645,1,2,1.0
,2645,2,0,0.81367064
,2645,3,0,0.7708605
,2646,0,0,0.50268716
,2646,1,1,0.7532255
,2646,2,2,0.99999976
,2646,3,0,0.50268716
,2647,0,1,0.51329935
,2647,1,2,1.0
,2647,2,1,0.7546719
,2647,3,1,0.51329935
,2648,0,1,0.5169466
,2648,1,1,0.74879485
,2648,2,2,1.0
,2648,3,1,0.5169466
,2649,0,0,0.7579939
,2649,1,2,1.0
,2649,2,0,0.81797796
,2649,3,0,0.7579939
,2650,0,0,0.7686059
,2650,1,0,0.81832695
,2650,2,2,1.0
,2650,3,0,0.7686037
,2651,0,0,0.768986
,2651,1,2,1.0
,2651,2,0,0.8183283
,2651,3,0,0.7689243
,2652,0,0,0.7691065
,2652,1,0,0.819715
,2652,2,2,1.0
,2652,3,0,0.7673641
,2653,0,0,0.7712942
,2653,1,0,0.77300525
,2653,2,0,0.8133488
,2653,3,2,0.99976826
,2654,0,1,0.5211671
,2654,1,1,0.5233384
,2654,2,2,1.0
,2654,3,1,0.889636
,2655,0,0,0.7578991
,2655,1,2,1.0
,2655,2,0,0.81799865
,2655,3,0,0.7448091
,2656,0,0,0.7686846
,2656,1,0,0.8183241
,2656,2,2,1.0
,2656,3,0,0.7678598
,2657,0,0,0.7711242
,2657,1,2,1.0
,2657,2,0,0.81348383
,2657,3,0,0.76091707
,2658,0,1,0.51015776
,2658,1,1,0.7495289
,2658,2,2,1.0
,2658,3,1,0.83759004
,2659,0,0,0.75776815
,2659,1,0,0.7387191
,2659,2,0,0.8201405
,2659,3,3,1.0
,2660,0,1,0.51719916
,2660,1,2,1.0
,2660,2,1,0.51448435
,2660,3,1,0.9907554
,2661,0,1,0.5351698
,2661,1,1,0.8912128
,2661,2,1,0.5355452
,2661,3,2,1.0
,2662,0,0,0.7597584
,2662,1,2,1.0
,2662,2,0,0.7494538
,2662,3,0,0.8212809
,2663,0,1,0.51860565
,2663,1,1,0.8935895
,2663,2,2,1.0
,2663,3,1,0.51590854
,2664,0,1,0.51458675
,2664,1,2,1.0
,2664,2,1,0.75486463
,2664,3,1,0.5144675
,2665,0,1,0.5196614
,2665,1,1,0.9363577
,2665,2,2,1.0
,2665,3,1,0.51965624
,2666,0,0,0.7575914
,2666,1,3,1.0
,2666,2,0,0.81229365
,2666,3,0,0.7575917
,2667,0,1,0.5006214
,2667,1,1,0.9734973
,2667,2,2,1.0
,2667,3,1,0.50062066
,2668,0,0,0.7585699
,2668,1,2,1.0
,2668,2,0,0.81797
,2668,3,0,0.75858474
,2669,0,0,0.7699956
,2669,1,0,0.8209786
,2669,2,2,1.0
,2669,3,0,0.7704013
,2670,0,0,0.61904997
,2670,1,0,0.63352334
,2670,2,2,1.0
,2670,3,0,0.6313238
,2671,0,2,1.0
,2671,1,1,0.5085515
,2671,2,1,0.7480893
,2671,3,1,0.508646
,2672,0,0,0.81798005
,2672,1,0,0.7582377
,2672,2,2,1.0
,2672,3,0,0.7582921
,2673,0,2,1.0
,2673,1,0,0.76706725
,2673,2,0,0.819406
,2673,3,0,0.7686483
,2674,0,0,0.81825674
,2674,1,2,1.0
,2674,2,0,0.7625491
,2674,3,0,0.7690203
,2675,0,2,0.9999993
,2675,1,0,0.8208726
,2675,2,0,0.53446925
,2675,3,0,0.76954556
,2676,0,1,0.89273006
,2676,1,1,0.5237482
,2676,2,3,1.0
,2676,3,1,0.525973
,2677,0,2,1.0
,2677,1,0,0.7579825
,2677,2,1,0.6309816
,2677,3,0,0.7582636
,2678,0,0,0.8215402
,2678,1,0,0.76097375
,2678,2,2,0.99999976
,2678,3,0,0.77084774
,2679,0,1,0.5190771
,2679,1,2,1.0
,2679,2,1,0.8905447
,2679,3,1,0.5212813
,2680,0,0,0.75758266
,2680,1,0,0.8179467
,2680,2,2,1.0
,2680,3,0,0.75784516
,2681,0,0,0.76141375
,2681,1,2,0.9999999
,2681,2,0,0.8214344
,2681,3,0,0.77074987
,2682,0,2,1.0
,2682,1,1,0.7474586
,2682,2,0,0.5015586
,2682,3,1,0.5003166
,2683,0,0,0.6122927
,2683,1,2,0.9995233
,2683,2,0,0.75270265
,2683,3,0,0.7602349
,2684,0,3,1.0
,2684,1,1,0.8914898
,2684,2,1,0.76280624
,2684,3,1,0.5243754
,2685,0,1,0.99053764
,2685,1,1,0.5635593
,2685,2,3,1.0
,2685,3,1,0.53450495
,2686,0,1,0.5382774
,2686,1,2,1.0
,2686,2,1,0.99457765
,2686,3,1,0.5180504
,2687,0,0,0.7534389
,2687,1,0,0.81842273
,2687,2,3,1.0
,2687,3,0,0.75577486
,2688,0,2,1.0
,2688,1,0,0.7712138
,2688,2,1,0.63001144
,2688,3,0,0.7689977
,2689,0,0,0.8182951
,2689,1,0,0.7689944
,2689,2,2,1.0
,2689,3,0,0.76891786
,2690,0,2,1.0
,2690,1,0,0.76894075
,2690,2,0,0.81832814
,2690,3,0,0.7689937
,2691,0,0,0.8196013
,2691,1,0,0.76745194
,2691,2,2,1.0
,2691,3,0,0.76902384
,2692,0,0,0.76923525
,2692,1,2,1.0
,2692,2,0,0.81964046
,2692,3,0,0.76900697
,2693,0,2,1.0
,2693,1,0,0.8183198
,2693,2,0,0.7707717
,2693,3,0,0.76897883
,2694,0,0,0.81832683
,2694,1,2,1.0
,2694,2,0,0.7690491
,2694,3,0,0.76899743
,2695,0,2,1.0
,2695,1,0,0.8183259
,2695,2,0,0.7687443
,2695,3,0,0.76907533
,2696,0,0,0.8214607
,2696,1,2,1.0
,2696,2,0,0.7617492
,2696,3,0,0.7711614
,2697,0,1,0.50129664
,2697,1,1,0.93595046
,2697,2,2,1.0
,2697,3,1,0.50352365
,2698,0,0,0.7584305
,2698,1,3,1.0
,2698,2,0,0.8120001
,2698,3,0,0.7582756
,2699,0,1,0.5201718
,2699,1,1,0.9903636
,2699,2,2,1.0
,2699,3,1,0.52253604
,2700,0,0,0.7601544
,2700,1,0,0.73352283
,2700,2,0,0.8210616
,2700,3,2,1.0
,2701,0,1,0.5006823
,2701,1,2,1.0
,2701,2,1,0.5002324
,2701,3,1,0.74560475
,2702,0,0,0.7586888
,2702,1,0,0.81934243
,2702,2,2,1.0
,2702,3,0,0.74834967
,2703,0,0,0.7683428
,2703,1,0,0.77083975
,2703,2,0,0.8183172
,2703,3,2,0.99999964
,2704,0,0,0.7614306
,2704,1,0,0.7713678
,2704,2,2,1.0
,2704,3,0,0.8215137
,2705,0,2,1.0
,2705,1,1,0.52119017
,2705,2,1,0.88968563
,2705,3,1,0.5212433
,2706,0,0,0.8193933
,2706,1,0,0.75801647
,2706,2,0,0.74165946
,2706,3,2,0.9999993
,2707,0,0,0.7730434
,2707,1,0,0.7708842
,2707,2,2,0.9959558
,2707,3,0,0.8133437
,2708,0,1,0.52153695
,2708,1,1,0.52163005
,2708,2,1,0.8921156
,2708,3,2,1.0
,2709,0,0,0.74981683
,2709,1,0,0.749844
,2709,2,2,0.98611665
,2709,3,0,0.821188
,2710,0,2,1.0
,2710,1,1,0.84538275
,2710,2,1,0.89248914
,2710,3,1,0.5220699
,2711,0,0,0.81182337
,2711,1,3,1.0
,2711,2,0,0.7440288
,2711,3,0,0.7572594
,2712,0,2,1.0
,2712,1,1,0.9903499
,2712,2,1,0.5232224
,2712,3,1,0.52030563
,2713,0,1,0.5222481
,2713,1,0,0.7394721
,2713,2,2,1.0
,2713,3,0,0.75656855
,2714,0,3,1.0
,2714,1,0,0.7559633
,2714,2,0,0.8194861
,2714,3,0,0.7660284
,2715,0,1,0.9732309
,2715,1,2,1.0
,2715,2,0,0.5000912
,2715,3,0,0.50009006
,2716,0,0,0.7443457
,2716,1,0,0.8130493
,2716,2,2,1.0
,2716,3,0,0.7611014
,2717,0,1,0.5245888
,2717,1,2,1.0
,2717,2,1,0.8896114
,2717,3,1,0.5216096
,2718,0,2,1.0
,2718,1,0,0.81800014
,2718,2,0,0.7447625
,2718,3,0,0.7578819
,2719,0,0,0.81964827
,2719,1,2,1.0
,2719,2,0,0.7665919
,2719,3,0,0.7686316
,2720,0,0,0.77077
,2720,1,0,0.81831974
,2720,2,2,1.0
,2720,3,0,0.76896507
,2721,0,0,0.76900357
,2721,1,2,1.0
,2721,2,0,0.81832814
,2721,3,0,0.76899815
,2722,0,0,0.76745176
,2722,1,0,0.81943834
,2722,2,2,1.0
,2722,3,0,0.7691021
,2723,0,2,1.0
,2723,1,0,0.76363873
,2723,2,0,0.8213737
,2723,3,0,0.7711238
,2724,0,1,0.7455431
,2724,1,2,1.0
,2724,2,1,0.5001901
,2724,3,1,0.5001619
,2725,0,0,0.7497093
,2725,1,0,0.81801397
,2725,2,2,0.99999976
,2725,3,0,0.75876254
,2726,0,0,0.7611373
,2726,1,2,1.0
,2726,2,0,0.82138115
,2726,3,0,0.7707785
,2727,0,2,1.0
,2727,1,1,0.74559253
,2727,2,1,0.50018555
,2727,3,1,0.50017864
,2728,0,0,0.8193423
,2728,1,0,0.7483503
,2728,2,2,1.0
,2728,3,0,0.7587194
,2729,0,0,0.7708381
,2729,1,2,1.0
,2729,2,0,0.8183109
,2729,3,0,0.7686915
,2730,0,0,0.7713006
,2730,1,0,0.8136708
,2730,2,2,0.9999819
,2730,3,0,0.77122843
,2731,0,0,0.5024791
,2731,1,2,1.0
,2731,2,1,0.7532166
,2731,3,0,0.50258017
,2732,0,1,0.5182478
,2732,1,1,0.7472697
,2732,2,2,1.0
,2732,3,1,0.51588607
,2733,0,2,1.0
,2733,1,0,0.742332
,2733,2,0,0.82112306
,2733,3,0,0.7603166
,2734,0,1,0.74733996
,2734,1,2,1.0
,2734,2,0,0.50169826
,2734,3,1,0.5009147
,2735,0,2,1.0
,2735,1,0,0.819259
,2735,2,0,0.75707936
,2735,3,0,0.758607
,2736,0,0,0.81970435
,2736,1,0,0.7692185
,2736,2,2,1.0
,2736,3,0,0.76871294
,2737,0,0,0.77291065
,2737,1,2,1.0
,2737,2,0,0.81366676
,2737,3,0,0.771116
,2738,0,1,0.50014883
,2738,1,1,0.7473018
,2738,2,2,1.0
,2738,3,1,0.50022835
,2739,0,0,0.7605428
,2739,1,2,1.0
,2739,2,0,0.8141462
,2739,3,0,0.76054
,2740,0,0,0.5556064
,2740,1,1,0.5643126
,2740,2,2,1.0
,2740,3,0,0.55560637
,2741,0,1,0.5096417
,2741,1,2,0.99997985
,2741,2,1,0.7547944
,2741,3,1,0.5096408
,2742,0,1,0.5370955
,2742,1,1,0.95915884
,2742,2,2,0.9999988
,2742,3,1,0.53707415
,2743,0,1,0.53915834
,2743,1,2,1.0
,2743,2,1,0.9851379
,2743,3,1,0.5386705
,2744,0,1,0.5332583
,2744,1,1,0.7574225
,2744,2,3,1.0
,2744,3,1,0.5221419
,2745,0,1,0.77342963
,2745,1,2,0.9999987
,2745,2,1,0.9739746
,2745,3,1,0.521129
,2746,0,3,1.0
,2746,1,1,0.55652803
,2746,2,1,0.51070386
,2746,3,0,0.50946945
,2747,0,1,0.99052393
,2747,1,2,1.0
,2747,2,1,0.533514
,2747,3,1,0.53261274
,2748,0,2,1.0
,2748,1,0,0.81794083
,2748,2,0,0.75703984
,2748,3,0,0.7574366
,2749,0,0,0.8216611
,2749,1,2,1.0
,2749,2,0,0.76101893
,2749,3,0,0.77100354
,2750,0,1,0.5156652
,2750,1,1,0.8937462
,2750,2,2,1.0
,2750,3,1,0.51788616
,2751,0,1,0.5319613
,2751,1,2,1.0
,2751,2,1,0.8943856
,2751,3,1,0.53205866
,2752,0,1,0.53580356
,2752,1,1,0.89120334
,2752,2,2,1.0
,2752,3,1,0.5358078
,2753,0,0,0.7595641
,2753,1,2,1.0
,2753,2,0,0.81328154
,2753,3,0,0.759564
,2754,0,0,0.50204873
,2754,1,1,0.7532229
,2754,2,2,1.0
,2754,3,0,0.5020486
,2755,0,1,0.51612216
,2755,1,2,1.0
,2755,2,1,0.74878275
,2755,3,1,0.5161257
,2756,0,0,0.7602318
,2756,1,0,0.813321
,2756,2,2,1.0
,2756,3,0,0.7601592
,2757,0,1,0.5005491
,2757,1,2,1.0
,2757,2,1,0.74555683
,2757,3,1,0.5027985
,2758,0,0,0.75870335
,2758,1,0,0.8192934
,2758,2,0,0.748353
,2758,3,2,1.0
,2759,0,0,0.7686366
,2759,1,0,0.76921946
,2759,2,2,1.0
,2759,3,0,0.8196385
,2760,0,0,0.7689656
,2760,1,2,1.0
,2760,2,0,0.81831974
,2760,3,0,0.77077204
,2761,0,0,0.76899415
,2761,1,0,0.8183268
,2761,2,2,1.0
,2761,3,0,0.7690581
,2762,0,0,0.7689955
,2762,1,2,1.0
,2762,2,0,0.81832695
,2762,3,0,0.7689977
,2763,0,0,0.7689955
,2763,1,0,0.81832695
,2763,2,2,1.0
,2763,3,0,0.7689956
,2764,0,0,0.7689955
,2764,1,2,1.0
,2764,2,0,0.81832695
,2764,3,0,0.7689955
,2765,0,0,0.7689951
,2765,1,0,0.81813216
,2765,2,2,1.0
,2765,3,0,0.7689955
,2766,0,0,0.7689864
,2766,1,2,0.9994305
,2766,2,0,0.81832695
,2766,3,0,0.7689981
,2767,0,0,0.7687441
,2767,1,0,0.8180704
,2767,2,2,1.0
,2767,3,0,0.76907426
,2768,0,0,0.761818
,2768,1,2,1.0
,2768,2,0,0.8214403
,2768,3,0,0.7711409
,2769,0,2,1.0
,2769,1,1,0.7473364
,2769,2,0,0.50180364
,2769,3,1,0.5004228
,2770,0,0,0.8179803
,2770,1,2,1.0
,2770,2,0,0.75866514
,2770,3,0,0.75858617
,2771,0,2,1.0
,2771,1,0,0.818321
,2771,2,0,0.7686275
,2771,3,0,0.76862663
,2772,0,0,0.8183282
,2772,1,2,0.99998283
,2772,2,0,0.7689281
,2772,3,0,0.76898366
,2773,0,2,1.0
,2773,1,0,0.81959355
,2773,2,0,0.7674516
,2773,3,0,0.7690235
,2774,0,0,0.8196406
,2774,1,0,0.76923496
,2774,2,2,1.0
,2774,3,0,0.769007
,2775,0,0,0.7707747
,2775,1,2,1.0
,2775,2,0,0.8183199
,2775,3,0,0.76898146
,2776,0,0,0.7691344
,2776,1,0,0.8183262
,2776,2,2,1.0
,2776,3,0,0.7690734
,2777,0,0,0.7710753
,2777,1,2,1.0
,2777,2,0,0.81367916
,2777,3,0,0.77114344
,2778,0,1,0.50231594
,2778,1,1,0.745557
,2778,2,2,1.0
,2778,3,1,0.5000633
,2779,0,2,1.0
,2779,1,0,0.7483504
,2779,2,0,0.81915927
,2779,3,0,0.75878847
,2780,0,0,0.8211432
,2780,1,2,1.0
,2780,2,0,0.764605
,2780,3,0,0.77041066
,2781,0,0,0.5551572
,2781,1,1,0.556636
,2781,2,2,1.0
,2781,3,0,0.55288756
,2782,0,0,0.76292443
,2782,1,2,0.9999999
,2782,2,0,0.81338954
,2782,3,0,0.76284444
,2783,0,1,0.50069046
,2783,1,1,0.7473009
,2783,2,2,1.0
,2783,3,1,0.500694
,2784,0,0,0.7585774
,2784,1,2,1.0
,2784,2,0,0.8179807
,2784,3,0,0.7585772
,2785,0,0,0.76862633
,2785,1,0,0.81832665
,2785,2,2,1.0
,2785,3,0,0.76862633
,2786,0,0,0.7689826
,2786,1,2,0.9999995
,2786,2,0,0.8178803
,2786,3,0,0.7689826
,2787,0,0,0.7690124
,2787,1,0,0.81829584
,2787,2,2,0.99869454
,2787,3,0,0.7690124
,2788,0,0,0.76784384
,2788,1,2,1.0
,2788,2,1,0.5220649
,2788,3,0,0.76784384
,2789,0,0,0.7664253
,2789,1,0,0.81171983
,2789,2,3,1.0
,2789,3,0,0.7664253
,2790,0,1,0.5002579
,2790,1,2,1.0
,2790,2,1,0.9735089
,2790,3,1,0.5002579
,2791,0,0,0.7571501
,2791,1,1,0.5223346
,2791,2,2,1.0
,2791,3,0,0.7571501
,2792,0,0,0.7660446
,2792,1,3,1.0
,2792,2,0,0.8117208
,2792,3,0,0.7660446
,2793,0,1,0.5002875
,2793,1,1,0.9735009
,2793,2,2,1.0
,2793,3,1,0.5002874
,2794,0,0,0.7585472
,2794,1,2,1.0
,2794,2,0,0.81796235
,2794,3,0,0.7585472
,2795,0,0,0.7686453
,2795,1,0,0.81829697
,2795,2,2,1.0
,2795,3,0,0.7686452
,2796,0,0,0.76783866
,2796,1,2,1.0
,2796,2,1,0.5216125
,2796,3,0,0.76783866
,2797,0,0,0.76671016
,2797,1,0,0.8112655
,2797,2,3,1.0
,2797,3,0,0.76671016
,2798,0,1,0.53073215
,2798,1,2,1.0
,2798,2,1,0.99955
,2798,3,1,0.53073215
,2799,0,0,0.75746465
,2799,1,0,0.8179289
,2799,2,2,1.0
,2799,3,0,0.7574646
,2800,0,0,0.7707339
,2800,1,2,1.0
,2800,2,0,0.8136741
,2800,3,0,0.77073145
,2801,0,1,0.5003322
,2801,1,1,0.74729514
,2801,2,2,1.0
,2801,3,1,0.50041074
,2802,0,0,0.75862485
,2802,1,2,1.0
,2802,2,0,0.8193056
,2802,3,0,0.7570032
,2803,0,0,0.7686069
,2803,1,0,0.8183182
,2803,2,0,0.7707542
,2803,3,2,1.0
,2804,0,0,0.76898265
,2804,1,2,1.0
,2804,2,0,0.7690031
,2804,3,0,0.81832814
,2805,0,0,0.7690235
,2805,1,0,0.8196013
,2805,2,0,0.76745415
,2805,3,2,1.0
,2806,0,0,0.769007
,2806,1,0,0.76923525
,2806,2,2,1.0
,2806,3,0,0.8196406
,2807,0,0,0.76898164
,2807,1,2,1.0
,2807,2,0,0.8183199
,2807,3,0,0.77077496
,2808,0,0,0.76907873
,2808,1,0,0.81832635
,2808,2,2,1.0
,2808,3,0,0.76914227
,2809,0,0,0.7713101
,2809,1,2,1.0
,2809,2,0,0.8133547
,2809,3,0,0.7713123
,2810,0,1,0.52122885
,2810,1,1,0.8905292
,2810,2,2,1.0
,2810,3,1,0.52122873
,2811,0,0,0.7578457
,2811,1,2,0.9999999
,2811,2,0,0.8170369
,2811,3,0,0.7578457
,2812,0,0,0.77074623
,2812,1,0,0.81361145
,2812,2,2,0.9973416
,2812,3,0,0.77074623
,2813,0,1,0.5002319
,2813,1,2,0.9997131
,2813,2,1,0.7479029
,2813,3,1,0.50023186
,2814,0,0,0.7608015
,2814,1,0,0.8131888
,2814,2,2,1.0
,2814,3,0,0.7608015
,2815,0,1,0.50066453
,2815,1,2,1.0
,2815,2,1,0.74730724
,2815,3,1,0.50066453
,2816,0,0,0.76089084
,2816,1,0,0.8132959
,2816,2,2,0.9999654
,2816,3,0,0.76089084
,2817,0,0,0.50238335
,2817,1,2,0.9999031
,2817,2,1,0.7535462
,2817,3,0,0.50238335
,2818,0,1,0.5341789
,2818,1,1,0.8912143
,2818,2,2,1.0
,2818,3,1,0.5341789
,2819,0,0,0.75979656
,2819,1,2,0.9993386
,2819,2,0,0.8129578
,2819,3,0,0.75979656
,2820,0,1,0.51856565
,2820,1,1,0.8936348
,2820,2,2,0.99996924
,2820,3,1,0.5185657
,2821,0,1,0.5145807
,2821,1,2,1.0
,2821,2,1,0.7548047
,2821,3,1,0.51458067
,2822,0,1,0.51689243
,2822,1,1,0.74879605
,2822,2,2,1.0
,2822,3,1,0.5168923
,2823,0,0,0.7602013
,2823,1,2,1.0
,2823,2,0,0.81331605
,2823,3,0,0.7602038
,2824,0,1,0.50087714
,2824,1,1,0.74729526
,2824,2,2,1.0
,2824,3,1,0.5007976
,2825,0,0,0.75696534
,2825,1,2,1.0
,2825,2,0,0.8084658
,2825,3,0,0.7586075
,2826,0,2,1.0
,2826,1,0,0.81939507
,2826,2,1,0.59516823
,2826,3,0,0.7681422
,2827,0,0,0.81945896
,2827,1,0,0.76862526
,2827,2,3,0.99263155
,2827,3,0,0.76844656
,2828,0,0,0.7729853
,2828,1,2,1.0
,2828,2,1,0.6343556
,2828,3,0,0.7711201
,2829,0,1,0.5000618
,2829,1,1,0.74558544
,2829,2,2,1.0
,2829,3,1,0.5023907
,2830,0,0,0.75872046
,2830,1,0,0.74835163
,2830,2,0,0.81929326
,2830,3,2,1.0
,2831,0,0,0.7686371
,2831,1,2,1.0
,2831,2,0,0.7692193
,2831,3,0,0.8196385
,2832,0,0,0.76896656
,2832,1,0,0.81831974
,2832,2,2,1.0
,2832,3,0,0.77077305
,2833,0,0,0.7690141
,2833,1,2,1.0
,2833,2,0,0.8182969
,2833,3,0,0.7690781
,2834,0,0,0.76784414
,2834,1,1,0.5215781
,2834,2,2,1.0
,2834,3,0,0.76784635
,2835,0,0,0.7664223
,2835,1,3,1.0
,2835,2,0,0.8117194
,2835,3,0,0.7664223
,2836,0,1,0.50027096
,2836,1,1,0.9735009
,2836,2,2,1.0
,2836,3,1,0.5002737
,2837,0,0,0.75854844
,2837,1,2,1.0
,2837,2,0,0.81796396
,2837,3,0,0.75849104
,2838,0,0,0.76865655
,2838,1,0,0.81960106
,2838,2,2,1.0
,2838,3,0,0.76707983
,2839,0,0,0.7690777
,2839,1,0,0.7692346
,2839,2,0,0.8194195
,2839,3,2,1.0
,2840,0,0,0.7712885
,2840,1,2,1.0
,2840,2,0,0.7632594
,2840,3,0,0.82156503
,2841,0,1,0.521261
,2841,1,1,0.89054406
,2841,2,2,1.0
,2841,3,1,0.5190586
,2842,0,0,0.7578459
,2842,1,2,1.0
,2842,2,0,0.8179468
,2842,3,0,0.7579241
,2843,0,0,0.7707488
,2843,1,0,0.81367344
,2843,2,2,1.0
,2843,3,0,0.77075154
,2844,0,1,0.5003299
,2844,1,2,1.0
,2844,2,1,0.7473513
,2844,3,1,0.50032973
,2845,0,0,0.7572293
,2845,1,1,0.52147305
,2845,2,2,1.0
,2845,3,0,0.75723004
,2846,0,0,0.7648388
,2846,1,3,1.0
,2846,2,0,0.6046107
,2846,3,0,0.76485956
,2847,0,1,0.51308876
,2847,1,1,0.97565275
,2847,2,3,1.0
,2847,3,1,0.5124337
,2848,0,1,0.5297089
,2848,1,2,0.99828976
,2848,2,1,0.9746917
,2848,3,1,0.51488817
,2849,0,1,0.8265434
,2849,1,1,0.564353
,2849,2,2,1.0
,2849,3,0,0.5063553
,2850,0,3,1.0
,2850,1,1,0.6249311
,2850,2,0,0.8157373
,2850,3,0,0.75028276
,2851,0,1,0.6418834
,2851,1,3,1.0
,2851,2,0,0.76183313
,2851,3,0,0.7672354
,2852,0,2,1.0
,2852,1,1,0.97373474
,2852,2,1,0.751967
,2852,3,1,0.50507385
,2853,0,1,0.74789286
,2853,1,1,0.5567091
,2853,2,3,1.0
,2853,3,1,0.5222176
,2854,0,1,0.55016655
,2854,1,2,1.0
,2854,2,1,0.99659926
,2854,3,1,0.5403183
,2855,0,0,0.7567237
,2855,1,0,0.81790483
,2855,2,2,1.0
,2855,3,0,0.7570732
,2856,0,0,0.76732624
,2856,1,2,1.0
,2856,2,1,0.5216287
,2856,3,0,0.7673386
,2857,0,0,0.76426286
,2857,1,0,0.8164327
,2857,2,3,1.0
,2857,3,0,0.7642632
,2858,0,0,0.7693099
,2858,1,2,1.0
,2858,2,1,0.6299978
,2858,3,0,0.7693099
,2859,0,0,0.7689315
,2859,1,0,0.81829524
,2859,2,2,1.0
,2859,3,0,0.7689315
,2860,0,0,0.7690593
,2860,1,2,1.0
,2860,2,0,0.818326
,2860,3,0,0.7690593
,2861,0,0,0.7707912
,2861,1,0,0.81450355
,2861,2,2,1.0
,2861,3,0,0.7707919
,2862,0,0,0.5531243
,2862,1,2,1.0
,2862,2,1,0.5566916
,2862,3,0,0.5531454
,2863,0,0,0.7626953
,2863,1,0,0.8129286
,2863,2,2,1.0
,2863,3,0,0.76313263
,2864,0,1,0.53213555
,2864,1,2,0.9993006
,2864,2,1,0.88840836
,2864,3,1,0.5183565
,2865,0,2,1.0
,2865,1,1,0.8903181
,2865,2,1,0.5535295
,2865,3,1,0.5351076
,2866,0,0,0.81932443
,2866,1,0,0.74314636
,2866,2,2,1.0
,2866,3,0,0.7573746
,2867,0,0,0.7708664
,2867,1,2,1.0
,2867,2,0,0.8197059
,2867,3,0,0.7670156
,2868,0,0,0.7713563
,2868,1,0,0.813349
,2868,2,0,0.77300507
,2868,3,2,1.0
,2869,0,1,0.52116483
,2869,1,2,1.0
,2869,2,1,0.5233387
,2869,3,1,0.88961256
,2870,0,0,0.75789624
,2870,1,0,0.8179988
,2870,2,2,1.0
,2870,3,0,0.74481845
,2871,0,0,0.7686052
,2871,1,2,1.0
,2871,2,0,0.8183289
,2871,3,0,0.7680862
,2872,0,0,0.76901025
,2872,1,0,0.81960136
,2872,2,2,1.0
,2872,3,0,0.7674217
,2873,0,0,0.76900643
,2873,1,0,0.76923525
,2873,2,0,0.8196387
,2873,3,2,1.0
,2874,0,0,0.76897985
,2874,1,2,1.0
,2874,2,0,0.7707178
,2874,3,0,0.8183211
,2875,0,0,0.769023
,2875,1,0,0.8196012
,2875,2,0,0.7675149
,2875,3,2,1.0
,2876,0,0,0.76900685
,2876,1,0,0.76923525
,2876,2,2,1.0
,2876,3,0,0.81964046
,2877,0,0,0.7689787
,2877,1,2,1.0
,2877,2,0,0.8183199
,2877,3,0,0.7707721
,2878,0,0,0.7689947
,2878,1,0,0.8183268
,2878,2,2,1.0
,2878,3,0,0.7690582
,2879,0,0,0.76899827
,2879,1,2,1.0
,2879,2,0,0.81832695
,2879,3,0,0.7690005
,2880,0,0,0.7690743
,2880,1,0,0.8183262
,2880,2,2,1.0
,2880,3,0,0.76907444
,2881,0,0,0.7711429
,2881,1,2,1.0
,2881,2,0,0.8136741
,2881,3,0,0.7711429
,2882,0,1,0.5003272
,2882,1,1,0.7473011
,2882,2,2,1.0
,2882,3,1,0.5003272
,2883,0,0,0.75859016
,2883,1,2,1.0
,2883,2,0,0.8179805
,2883,3,0,0.75859016
,2884,0,0,0.7686267
,2884,1,0,0.81832683
,2884,2,2,1.0
,2884,3,0,0.7686267
,2885,0,0,0.7689826
,2885,1,2,1.0
,2885,2,0,0.81832695
,2885,3,0,0.7689826
,2886,0,0,0.7689951
,2886,1,0,0.81832695
,2886,2,2,1.0
,2886,3,0,0.7689951
,2887,0,0,0.7689964
,2887,1,2,1.0
,2887,2,0,0.8183268
,2887,3,0,0.7689964
,2888,0,0,0.7690155
,2888,1,0,0.8182971
,2888,2,2,1.0
,2888,3,0,0.7690155
,2889,0,0,0.7678448
,2889,1,2,1.0
,2889,2,1,0.5215567
,2889,3,0,0.7678448
,2890,0,0,0.76639086
,2890,1,0,0.8067202
,2890,2,3,0.99999857
,2890,3,0,0.76639086
,2891,0,1,0.50081235
,2891,1,2,0.97655046
,2891,2,1,0.97355044
,2891,3,1,0.50081235
,2892,0,0,0.75862324
,2892,1,0,0.80742586
,2892,2,2,1.0
,2892,3,0,0.75862336
,2893,0,0,0.7707763
,2893,1,2,1.0
,2893,2,0,0.81367314
,2893,3,0,0.7707763
,2894,0,1,0.5002279
,2894,1,1,0.7473007
,2894,2,2,1.0
,2894,3,1,0.500228
,2895,0,0,0.76080143
,2895,1,2,1.0
,2895,2,0,0.8133184
,2895,3,0,0.76080143
,2896,0,1,0.50066996
,2896,1,1,0.74730074
,2896,2,2,1.0
,2896,3,1,0.50067097
,2897,0,0,0.76078254
,2897,1,2,1.0
,2897,2,0,0.813318
,2897,3,0,0.7607617
,2898,0,1,0.50080377
,2898,1,1,0.7473127
,2898,2,2,1.0
,2898,3,1,0.5014529
,2899,0,0,0.75851166
,2899,1,2,1.0
,2899,2,0,0.8178629
,2899,3,0,0.7451114
,2900,0,0,0.76546174
,2900,1,0,0.81812054
,2900,2,2,1.0
,2900,3,1,0.60249597
,2901,0,0,0.76701
,2901,1,0,0.7589941
,2901,2,0,0.81981754
,2901,3,3,1.0
,2902,0,1,0.5198385
,2902,1,2,1.0
,2902,2,1,0.5198917
,2902,3,1,0.99036807
,2903,0,0,0.760148
,2903,1,0,0.8131473
,2903,2,2,0.99999976
,2903,3,0,0.7325631
,2904,0,1,0.51061696
,2904,1,2,1.0
,2904,2,1,0.7495199
,2904,3,1,0.8382373
,2905,0,0,0.75774825
,2905,1,0,0.8197971
,2905,2,0,0.73872113
,2905,3,3,1.0
,2906,0,1,0.5174404
,2906,1,1,0.52782613
,2906,2,2,0.9999993
,2906,3,1,0.99024886
,2907,0,1,0.5166647
,2907,1,2,1.0
,2907,2,1,0.74698234
,2907,3,1,0.5398021
,2908,0,0,0.7581971
,2908,1,0,0.81912416
,2908,2,0,0.7482839
,2908,3,2,1.0
,2909,0,0,0.77073556
,2909,1,0,0.76361614
,2909,2,2,0.99999976
,2909,3,0,0.82143116
,2910,0,1,0.500439
,2910,1,2,1.0
,2910,2,1,0.7473358
,2910,3,0,0.501805
,2911,0,0,0.75858563
,2911,1,0,0.81798023
,2911,2,2,1.0
,2911,3,0,0.7586653
,2912,0,0,0.76862663
,2912,1,2,0.99999964
,2912,2,0,0.8183268
,2912,3,0,0.7686294
,2913,0,0,0.7689826
,2913,1,0,0.8183268
,2913,2,2,1.0
,2913,3,0,0.76898265
,2914,0,0,0.76899505
,2914,1,2,1.0
,2914,2,0,0.81832695
,2914,3,0,0.76899505
,2915,0,0,0.7689955
,2915,1,0,0.81832695
,2915,2,2,1.0
,2915,3,0,0.7689955
,2916,0,0,0.7689955
,2916,1,2,1.0
,2916,2,0,0.81832695
,2916,3,0,0.7689955
,2917,0,0,0.7689955
,2917,1,0,0.81832695
,2917,2,2,1.0
,2917,3,0,0.7689955
,2918,0,0,0.7689955
,2918,1,2,1.0
,2918,2,0,0.81832695
,2918,3,0,0.7689955
,2919,0,0,0.7689955
,2919,1,0,0.81832695
,2919,2,2,1.0
,2919,3,0,0.7689955
,2920,0,0,0.7689955
,2920,1,2,1.0
,2920,2,0,0.81832695
,2920,3,0,0.7689951
,2921,0,0,0.7689956
,2921,1,0,0.81832683
,2921,2,2,1.0
,2921,3,0,0.7689852
,2922,0,0,0.7689985
,2922,1,2,1.0
,2922,2,0,0.818325
,2922,3,0,0.76870406
,2923,0,0,0.76905024
,2923,1,0,0.8179192
,2923,2,2,1.0
,2923,3,0,0.760737
,2924,0,0,0.76955456
,2924,1,2,0.99898833
,2924,2,0,0.8208802
,2924,3,0,0.53462946
,2925,0,1,0.5264142
,2925,1,1,0.97624284
,2925,2,1,0.5241764
,2925,3,3,1.0
,2926,0,0,0.758208
,2926,1,3,1.0
,2926,2,0,0.7582141
,2926,3,1,0.64061826
,2927,0,1,0.50065774
,2927,1,1,0.97327065
,2927,2,1,0.50290793
,2927,3,2,1.0
,2928,0,0,0.7587742
,2928,1,0,0.741653
,2928,2,2,1.0
,2928,3,0,0.81802565
,2929,0,0,0.77077985
,2929,1,0,0.76084703
,2929,2,0,0.82138175
,2929,3,2,1.0
,2930,0,1,0.50017893
,2930,1,2,1.0
,2930,2,1,0.50018567
,2930,3,1,0.74559265
,2931,0,0,0.75871676
,2931,1,0,0.8192935
,2931,2,2,1.0
,2931,3,0,0.74835193
,2932,0,0,0.7686374
,2932,1,0,0.7692209
,2932,2,0,0.819592
,2932,3,2,1.0
,2933,0,0,0.76899624
,2933,1,2,1.0
,2933,2,0,0.76923525
,2933,3,0,0.8196429
,2934,0,0,0.76905453
,2934,1,0,0.81831914
,2934,2,2,1.0
,2934,3,0,0.7708506
,2935,0,0,0.7710721
,2935,1,2,0.9999999
,2935,2,0,0.813679
,2935,3,0,0.77120906
,2936,0,1,0.50232136
,2936,1,1,0.7454166
,2936,2,2,1.0
,2936,3,0,0.5000447
,2937,0,2,0.9999999
,2937,1,0,0.75216436
,2937,2,0,0.8133589
,2937,3,0,0.7608914
,2938,0,1,0.74548954
,2938,1,1,0.5031414
,2938,2,2,1.0
,2938,3,1,0.5005886
,2939,0,0,0.75001013
,2939,1,2,1.0
,2939,2,0,0.8084856
,2939,3,0,0.75694066
,2940,0,0,0.7650489
,2940,1,0,0.81828624
,2940,2,1,0.5996712
,2940,3,2,1.0
,2941,0,0,0.7647964
,2941,1,0,0.7650511
,2941,2,3,1.0
,2941,3,0,0.8180206
,2942,0,0,0.7715283
,2942,1,2,0.99999416
,2942,2,1,0.63727856
,2942,3,0,0.77339876
,2943,0,0,0.5021531
,2943,1,1,0.75337696
,2943,2,2,1.0
,2943,3,0,0.50223243
,2944,0,1,0.51622677
,2944,1,2,1.0
,2944,2,1,0.7487801
,2944,3,1,0.5163017
,2945,0,0,0.7580581
,2945,1,0,0.8192568
,2945,2,2,1.0
,2945,3,0,0.7564318
,2946,0,0,0.7687024
,2946,1,0,0.76921856
,2946,2,0,0.8194177
,2946,3,2,1.0
,2947,0,0,0.7713826
,2947,1,2,1.0
,2947,2,0,0.76325846
,2947,3,0,0.8212957
,2948,0,1,0.51788276
,2948,1,1,0.8885582
,2948,2,2,1.0
,2948,3,1,0.52961195
,2949,0,1,0.5319792
,2949,1,1,0.5613514
,2949,2,1,0.88923055
,2949,3,2,1.0
,2950,0,1,0.5147217
,2950,1,2,0.99999964
,2950,2,1,0.543576
,2950,3,1,0.7448295
,2951,0,1,0.51648885
,2951,1,1,0.7469114
,2951,2,2,1.0
,2951,3,1,0.52890486
,2952,0,0,0.75816995
,2952,1,0,0.74964684
,2952,2,0,0.8180086
,2952,3,2,1.0
,2953,0,0,0.7707583
,2953,1,0,0.7611291
,2953,2,2,1.0
,2953,3,0,0.8214386
,2954,0,1,0.50042355
,2954,1,2,1.0
,2954,2,1,0.7473308
,2954,3,0,0.5017373
,2955,0,0,0.7587019
,2955,1,0,0.8193688
,2955,2,2,1.0
,2955,3,0,0.75707847
,2956,0,0,0.77075714
,2956,1,0,0.77282226
,2956,2,0,0.81367004
,2956,3,2,1.0
,2957,0,1,0.5000854
,2957,1,1,0.50224614
,2957,2,2,1.0
,2957,3,1,0.74550873
,2958,0,0,0.75876504
,2958,1,2,1.0
,2958,2,0,0.81801015
,2958,3,0,0.7497102
,2959,0,0,0.77077895
,2959,1,0,0.8214386
,2959,2,2,0.99998903
,2959,3,0,0.76113135
,2960,0,1,0.50042665
,2960,1,0,0.5017373
,2960,2,1,0.7473333
,2960,3,2,1.0
,2961,0,0,0.758621
,2961,1,0,0.7570791
,2961,2,2,1.0
,2961,3,0,0.8193055
,2962,0,0,0.7686067
,2962,1,2,1.0
,2962,2,0,0.8183182
,2962,3,0,0.77075607
,2963,0,0,0.76898146
,2963,1,0,0.81832683
,2963,2,2,1.0
,2963,3,0,0.76905566
,2964,0,0,0.7689963
,2964,1,2,1.0
,2964,2,0,0.81832814
,2964,3,0,0.76894313
,2965,0,0,0.76902646
,2965,1,0,0.81963986
,2965,2,2,1.0
,2965,3,0,0.76745063
,2966,0,0,0.7690605
,2966,1,0,0.77050817
,2966,2,0,0.8183193
,2966,3,2,1.0
,2967,0,0,0.77123654
,2967,1,0,0.76150995
,2967,2,2,1.0
,2967,3,0,0.8215722
,2968,0,1,0.52344733
,2968,1,2,1.0
,2968,2,1,0.88962877
,2968,3,1,0.5189961
,2969,0,2,1.0
,2969,1,0,0.81799895
,2969,2,0,0.74475896
,2969,3,0,0.7579769
,2970,0,0,0.8088698
,2970,1,2,1.0
,2970,2,0,0.76645976
,2970,3,0,0.76864547
,2971,0,1,0.59772944
,2971,1,0,0.81126934
,2971,2,2,1.0
,2971,3,0,0.7658198
,2972,0,3,1.0
,2972,1,0,0.52407247
,2972,2,0,0.8182181
,2972,3,0,0.76368415
,2973,0,1,0.974257
,2973,1,3,1.0
,2973,2,1,0.5225741
,2973,3,1,0.5123211
,2974,0,1,0.533496
,2974,1,1,0.9732823
,2974,2,2,1.0
,2974,3,1,0.52683353
,2975,0,1,0.5356781
,2975,1,1,0.5571544
,2975,2,1,0.8902046
,2975,3,2,1.0
,2976,0,0,0.75741005
,2976,1,2,1.0
,2976,2,0,0.7431474
,2976,3,0,0.8193214
,2977,0,0,0.7685619
,2977,1,0,0.81831735
,2977,2,2,1.0
,2977,3,0,0.77075475
,2978,0,0,0.7689799
,2978,1,2,1.0
,2978,2,0,0.8183268
,2978,3,0,0.7690576
,2979,0,0,0.7689949
,2979,1,0,0.81832695
,2979,2,2,1.0
,2979,3,0,0.7689977
,2980,0,0,0.7689955
,2980,1,2,1.0
,2980,2,0,0.81832695
,2980,3,0,0.7689956
,2981,0,0,0.7689955
,2981,1,0,0.81832695
,2981,2,2,1.0
,2981,3,0,0.7689955
,2982,0,0,0.7689955
,2982,1,2,1.0
,2982,2,0,0.81832695
,2982,3,0,0.7689955
,2983,0,0,0.7689955
,2983,1,0,0.81832695
,2983,2,2,1.0
,2983,3,0,0.7689955
,2984,0,0,0.7689935
,2984,1,2,1.0
,2984,2,0,0.81832695
,2984,3,0,0.7689955
,2985,0,0,0.76894104
,2985,1,0,0.8183282
,2985,2,2,1.0
,2985,3,0,0.7689967
,2986,0,0,0.7674506
,2986,1,2,1.0
,2986,2,0,0.8196461
,2986,3,0,0.76902366
,2987,0,2,1.0
,2987,1,0,0.818321
,2987,2,0,0.7707178
,2987,3,0,0.7689802
,2988,0,0,0.8196476
,2988,1,2,1.0
,2988,2,0,0.7675134
,2988,3,0,0.7690228
,2989,0,0,0.77077496
,2989,1,0,0.8183198
,2989,2,2,1.0
,2989,3,0,0.76898193
,2990,0,0,0.76914227
,2990,1,2,1.0
,2990,2,0,0.81832635
,2990,3,0,0.76907873
,2991,0,0,0.77131224
,2991,1,0,0.8133547
,2991,2,2,1.0
,2991,3,0,0.77131003
,2992,0,1,0.52123153
,2992,1,2,1.0
,2992,2,1,0.8905294
,2992,3,1,0.5212316
,2993,0,0,0.7577842
,2993,1,0,0.8179195
,2993,2,2,1.0
,2993,3,0,0.7577847
,2994,0,0,0.76751643
,2994,1,2,1.0
,2994,2,1,0.52176565
,2994,3,0,0.7675319
,2995,0,0,0.76664335
,2995,1,0,0.8115801
,2995,2,3,1.0
,2995,3,0,0.76708084
,2996,0,1,0.5306751
,2996,1,2,1.0
,2996,2,1,0.9902585
,2996,3,1,0.5167375
,2997,0,2,1.0
,2997,1,1,0.8889058
,2997,2,1,0.56620514
,2997,3,1,0.53169304
,2998,0,1,0.89431214
,2998,1,1,0.5482606
,2998,2,2,1.0
,2998,3,1,0.53251326
,2999,0,2,1.0
,2999,1,1,0.53880924
,2999,2,1,0.8903269
,2999,3,1,0.53588516
,3000,0,0,0.81932056
,3000,1,2,1.0
,3000,2,0,0.7430738
,3000,3,0,0.7574048
,3001,0,0,0.77070016
,3001,1,0,0.8183185
,3001,2,2,0.99980927
,3001,3,0,0.7685625
,3002,0,0,0.76751435
,3002,1,2,0.9999999
,3002,2,0,0.8195158
,3002,3,0,0.7690084
,3003,0,2,1.0
,3003,1,0,0.819594
,3003,2,0,0.7692336
,3003,3,0,0.7690097
,3004,0,0,0.81941956
,3004,1,0,0.7692347
,3004,2,2,1.0
,3004,3,0,0.7690906
,3005,0,0,0.7632615
,3005,1,2,1.0
,3005,2,0,0.82150394
,3005,3,0,0.77129275
,3006,0,2,1.0
,3006,1,1,0.8897663
,3006,2,1,0.5213666
,3006,3,1,0.5210816
,3007,0,0,0.82120585
,3007,1,0,0.73713815
,3007,2,2,0.9996281
,3007,3,0,0.76021904
,3008,0,0,0.50502956
,3008,1,2,1.0
,3008,2,1,0.7607229
,3008,3,0,0.5023091
,3009,0,1,0.53157204
,3009,1,1,0.9590251
,3009,2,2,0.9500559
,3009,3,1,0.53215337
,3010,0,1,0.5353909
,3010,1,3,1.0
,3010,2,1,0.96187705
,3010,3,1,0.54597354
,3011,0,1,0.5263895
,3011,1,1,0.97443867
,3011,2,3,1.0
,3011,3,1,0.76754016
,3012,0,1,0.5234038
,3012,1,1,0.55368483
,3012,2,1,0.991123
,3012,3,3,1.0
,3013,0,1,0.52527267
,3013,1,1,0.76742285
,3013,2,3,1.0
,3013,3,1,0.97434086
,3014,0,1,0.52615815
,3014,1,3,1.0
,3014,2,1,0.9746687
,3014,3,1,0.5459185
,3015,0,0,0.758195
,3015,1,1,0.63095295
,3015,2,2,1.0
,3015,3,0,0.75749236
,3016,0,0,0.7685366
,3016,1,2,1.0
,3016,2,0,0.8182965
,3016,3,0,0.76845604
,3017,0,0,0.76900744
,3017,1,0,0.8196012
,3017,2,2,1.0
,3017,3,0,0.7674345
,3018,0,0,0.7690063
,3018,1,0,0.76923525
,3018,2,0,0.8196389
,3018,3,2,1.0
,3019,0,0,0.76897985
,3019,1,2,1.0
,3019,2,0,0.7707178
,3019,3,0,0.8183211
,3020,0,0,0.769023
,3020,1,0,0.81960106
,3020,2,0,0.7675149
,3020,3,2,1.0
,3021,0,0,0.76900494
,3021,1,0,0.7692354
,3021,2,2,1.0
,3021,3,0,0.81964046
,3022,0,0,0.7689242
,3022,1,2,1.0
,3022,2,0,0.8183211
,3022,3,0,0.7707733
,3023,0,0,0.76744974
,3023,1,0,0.8196458
,3023,2,2,1.0
,3023,3,0,0.76908624
,3024,0,2,1.0
,3024,1,0,0.7707178
,3024,2,0,0.8183209
,3024,3,0,0.7689824
,3025,0,0,0.81964594
,3025,1,0,0.7675135
,3025,2,2,1.0
,3025,3,0,0.7690228
,3026,0,0,0.7707178
,3026,1,2,1.0
,3026,2,0,0.8183211
,3026,3,0,0.7689802
,3027,0,0,0.7675149
,3027,1,0,0.8196012
,3027,2,2,1.0
,3027,3,0,0.769023
,3028,0,2,1.0
,3028,1,0,0.76923525
,3028,2,0,0.8196389
,3028,3,0,0.7690068
,3029,0,0,0.81832117
,3029,1,2,1.0
,3029,2,0,0.77071804
,3029,3,0,0.7689779
,3030,0,2,1.0
,3030,1,0,0.8196479
,3030,2,0,0.7675158
,3030,3,0,0.76896816
,3031,0,0,0.8196406
,3031,1,0,0.77080005
,3031,2,2,1.0
,3031,3,0,0.767434
,3032,0,0,0.77076954
,3032,1,0,0.76904154
,3032,2,0,0.81831974
,3032,3,2,1.0
,3033,0,0,0.7690037
,3033,1,0,0.76899606
,3033,2,2,1.0
,3033,3,0,0.81832814
,3034,0,0,0.7674552
,3034,1,0,0.7689693
,3034,2,0,0.8196463
,3034,3,2,1.0
,3035,0,2,1.0
,3035,1,0,0.7674364
,3035,2,0,0.77074593
,3035,3,0,0.81964093
,3036,0,0,0.819594
,3036,1,2,1.0
,3036,2,0,0.76749843
,3036,3,0,0.77079976
,3037,0,0,0.7692361
,3037,1,0,0.81959397
,3037,2,2,1.0
,3037,3,0,0.76906985
,3038,0,2,1.0
,3038,1,0,0.7692366
,3038,2,0,0.81959414
,3038,3,0,0.76900905
,3039,0,0,0.8196406
,3039,1,2,1.0
,3039,2,0,0.76923525
,3039,3,0,0.76900476
,3040,0,0,0.7707733
,3040,1,0,0.8183211
,3040,2,2,1.0
,3040,3,0,0.7689242
,3041,0,0,0.7690864
,3041,1,2,1.0
,3041,2,0,0.8196012
,3041,3,0,0.7674511
,3042,0,0,0.7690075
,3042,1,0,0.81959414
,3042,2,0,0.76923674
,3042,3,2,1.0
,3043,0,0,0.76895225
,3043,1,0,0.7692376
,3043,2,2,1.0
,3043,3,0,0.81964093
,3044,0,0,0.7674351
,3044,1,2,1.0
,3044,2,0,0.8195943
,3044,3,0,0.7708004
,3045,0,2,1.0
,3045,1,0,0.81959397
,3045,2,0,0.76923615
,3045,3,0,0.76906985
,3046,0,0,0.81959414
,3046,1,0,0.7692366
,3046,2,2,1.0
,3046,3,0,0.7690092
,3047,0,0,0.7692354
,3047,1,2,1.0
,3047,2,0,0.8196389
,3047,3,0,0.76900667
,3048,0,2,1.0
,3048,1,0,0.8183211
,3048,2,0,0.7707178
,3048,3,0,0.7689799
,3049,0,0,0.8196476
,3049,1,2,1.0
,3049,2,0,0.7675134
,3049,3,0,0.7690227
,3050,0,0,0.7707721
,3050,1,0,0.81831974
,3050,2,2,1.0
,3050,3,0,0.7689791
,3051,0,0,0.76906097
,3051,1,2,1.0
,3051,2,0,0.8183268
,3051,3,0,0.7689976
,3052,0,0,0.7690794
,3052,1,0,0.81832653
,3052,2,2,1.0
,3052,3,0,0.7690797
,3053,0,0,0.7712418
,3053,1,2,1.0
,3053,2,0,0.8133566
,3053,3,0,0.7713113
,3054,0,1,0.5234122
,3054,1,1,0.8896426
,3054,2,2,1.0
,3054,3,1,0.5211652
,3055,0,2,1.0
,3055,1,0,0.7431769
,3055,2,0,0.81927806
,3055,3,0,0.757933
,3056,0,0,0.8196382
,3056,1,2,1.0
,3056,2,0,0.769218
,3056,3,0,0.7686084
,3057,0,0,0.77077204
,3057,1,0,0.8183198
,3057,2,2,1.0
,3057,3,0,0.7689646
,3058,0,0,0.7690581
,3058,1,2,1.0
,3058,2,0,0.8183268
,3058,3,0,0.76899415
,3059,0,0,0.7689977
,3059,1,0,0.81832695
,3059,2,2,1.0
,3059,3,0,0.7689955
,3060,0,0,0.7689956
,3060,1,2,1.0
,3060,2,0,0.81832695
,3060,3,0,0.7689955
,3061,0,0,0.7689955
,3061,1,0,0.81832695
,3061,2,2,1.0
,3061,3,0,0.7689955
,3062,0,0,0.7689955
,3062,1,2,1.0
,3062,2,0,0.81832695
,3062,3,0,0.7689955
,3063,0,0,0.7689952
,3063,1,0,0.81832695
,3063,2,2,1.0
,3063,3,0,0.7689956
,3064,0,0,0.7689866
,3064,1,2,1.0
,3064,2,0,0.81832695
,3064,3,0,0.76899827
,3065,0,0,0.7687443
,3065,1,0,0.81832606
,3065,2,2,1.0
,3065,3,0,0.76907414
,3066,0,0,0.7618243
,3066,1,2,1.0
,3066,2,0,0.8213809
,3066,3,0,0.7711403
,3067,0,2,1.0
,3067,1,1,0.7455925
,3067,2,1,0.5001852
,3067,3,1,0.5001624
,3068,0,0,0.8192935
,3068,1,0,0.74835193
,3068,2,2,1.0
,3068,3,0,0.7587174
,3069,0,0,0.76921946
,3069,1,2,1.0
,3069,2,0,0.8196385
,3069,3,0,0.76863706
,3070,0,2,1.0
,3070,1,0,0.8183198
,3070,2,0,0.77077186
,3070,3,0,0.7689656
,3071,0,0,0.81832683
,3071,1,2,1.0
,3071,2,0,0.7690561
,3071,3,0,0.76899415
,3072,0,2,1.0
,3072,1,0,0.8183282
,3072,2,0,0.76894313
,3072,3,0,0.7689967
,3073,0,0,0.81964606
,3073,1,2,1.0
,3073,2,0,0.76745063
,3073,3,0,0.76902366
,3074,0,0,0.7707178
,3074,1,0,0.818321
,3074,2,2,1.0
,3074,3,0,0.76897985
,3075,0,0,0.7675147
,3075,1,2,1.0
,3075,2,0,0.819601
,3075,3,0,0.769012
,3076,0,2,1.0
,3076,1,0,0.81944627
,3076,2,0,0.7692283
,3076,3,0,0.7686944
,3077,0,0,0.821234
,3077,1,0,0.7639948
,3077,2,2,1.0
,3077,3,0,0.759967
,3078,0,0,0.52875584
,3078,1,2,1.0
,3078,2,1,0.5482049
,3078,3,1,0.81659985
,3079,0,0,0.75884384
,3079,1,0,0.8199146
,3079,2,0,0.74639934
,3079,3,3,1.0
,3080,0,1,0.5007163
,3080,1,0,0.50197065
,3080,2,2,1.0
,3080,3,1,0.97351134
,3081,0,0,0.75861186
,3081,1,0,0.75836736
,3081,2,0,0.8179614
,3081,3,2,1.0
,3082,0,0,0.77077574
,3082,1,0,0.7614426
,3082,2,2,1.0
,3082,3,0,0.821443
,3083,0,1,0.5003244
,3083,1,2,1.0
,3083,2,1,0.74733615
,3083,3,0,0.5019185
,3084,0,0,0.76079136
,3084,1,0,0.8133183
,3084,2,2,1.0
,3084,3,0,0.76087296
,3085,0,1,0.50085115
,3085,1,2,0.99999976
,3085,2,1,0.7472953
,3085,3,1,0.5007691
,3086,0,0,0.7569877
,3086,1,0,0.81930405
,3086,2,2,1.0
,3086,3,0,0.7586095
,3087,0,2,1.0
,3087,1,0,0.77070194
,3087,2,0,0.8183193
,3087,3,0,0.76860756
,3088,0,0,0.8196012
,3088,1,0,0.76751435
,3088,2,2,1.0
,3088,3,0,0.7690098
,3089,0,0,0.7692366
,3089,1,2,1.0
,3089,2,0,0.81959414
,3089,3,0,0.76900667
,3090,0,2,1.0
,3090,1,0,0.81959426
,3090,2,0,0.76923674
,3090,3,0,0.7690068
,3091,0,0,0.81959426
,3091,1,0,0.76923674
,3091,2,2,1.0
,3091,3,0,0.76900494
,3092,0,0,0.76923764
,3092,1,2,1.0
,3092,2,0,0.81963927
,3092,3,0,0.76895213
,3093,0,2,0.9999999
,3093,1,0,0.8196394
,3093,2,0,0.77074593
,3093,3,0,0.7674361
,3094,0,0,0.81964064
,3094,1,0,0.7707453
,3094,2,0,0.7674993
,3094,3,2,1.0
,3095,0,0,0.7707995
,3095,1,0,0.76749694
,3095,2,2,1.0
,3095,3,0,0.81964046
,3096,0,0,0.7690416
,3096,1,2,1.0
,3096,2,0,0.81831956
,3096,3,0,0.7707715
,3097,0,0,0.7689968
,3097,1,0,0.8183268
,3097,2,2,1.0
,3097,3,0,0.7690581
,3098,0,0,0.76899356
,3098,1,2,1.0
,3098,2,0,0.81832695
,3098,3,0,0.7689978
,3099,0,0,0.768941
,3099,1,0,0.8183282
,3099,2,2,1.0
,3099,3,0,0.76899964
,3100,0,0,0.76744986
,3100,1,2,1.0
,3100,2,0,0.8197108
,3100,3,0,0.76910233
,3101,0,2,1.0
,3101,1,0,0.8136716
,3101,2,0,0.7728381
,3101,3,0,0.77112985
,3102,0,1,0.745428
,3102,1,2,1.0
,3102,2,1,0.502246
,3102,3,0,0.5000215
,3103,0,0,0.7518622
,3103,1,0,0.8141838
,3103,2,2,1.0
,3103,3,0,0.7605264
,3104,0,0,0.55217224
,3104,1,2,1.0
,3104,2,1,0.55668974
,3104,3,0,0.55256265
,3105,0,0,0.7605722
,3105,1,0,0.8180518
,3105,2,2,1.0
,3105,3,0,0.760643
,3106,0,0,0.7671542
,3106,1,2,1.0
,3106,2,0,0.8196012
,3106,3,0,0.76872796
,3107,0,2,1.0
,3107,1,0,0.819594
,3107,2,0,0.76923674
,3107,3,0,0.7689967
,3108,0,0,0.8196406
,3108,1,0,0.76923525
,3108,2,2,1.0
,3108,3,0,0.76900625
,3109,0,0,0.7707721
,3109,1,2,1.0
,3109,2,0,0.8183199
,3109,3,0,0.76897866
,3110,0,0,0.7690581
,3110,1,0,0.8183268
,3110,2,2,1.0
,3110,3,0,0.76899457
,3111,0,0,0.7689977
,3111,1,2,1.0
,3111,2,0,0.81832695
,3111,3,0,0.7689955
,3112,0,0,0.7689956
,3112,1,0,0.81832695
,3112,2,2,1.0
,3112,3,0,0.7689955
,3113,0,0,0.7689955
,3113,1,2,1.0
,3113,2,0,0.81832695
,3113,3,0,0.7689955
,3114,0,0,0.7689954
,3114,1,0,0.81832695
,3114,2,2,1.0
,3114,3,0,0.7689955
,3115,0,0,0.7689935
,3115,1,2,1.0
,3115,2,0,0.81832695
,3115,3,0,0.7689955
,3116,0,0,0.76894104
,3116,1,0,0.8183282
,3116,2,2,1.0
,3116,3,0,0.7689967
,3117,0,0,0.7674506
,3117,1,2,1.0
,3117,2,0,0.8196461
,3117,3,0,0.76902366
,3118,0,2,1.0
,3118,1,0,0.818321
,3118,2,0,0.7707178
,3118,3,0,0.7689802
,3119,0,0,0.8196012
,3119,1,2,1.0
,3119,2,0,0.7675149
,3119,3,0,0.769023
,3120,0,0,0.7692354
,3120,1,0,0.8196388
,3120,2,2,1.0
,3120,3,0,0.76900685
,3121,0,2,1.0
,3121,1,0,0.7707178
,3121,2,0,0.8183211
,3121,3,0,0.76897985
,3122,0,0,0.8196012
,3122,1,0,0.7675149
,3122,2,2,1.0
,3122,3,0,0.769023
,3123,0,0,0.76923525
,3123,1,2,1.0
,3123,2,0,0.81964046
,3123,3,0,0.76900685
,3124,0,2,1.0
,3124,1,0,0.8183199
,3124,2,0,0.77077204
,3124,3,0,0.7689767
,3125,0,0,0.818328
,3125,1,2,1.0
,3125,2,0,0.76905924
,3125,3,0,0.76894015
,3126,0,2,1.0
,3126,1,0,0.8196013
,3126,2,0,0.7690242
,3126,3,0,0.767452
,3127,0,0,0.81964076
,3127,1,0,0.7692376
,3127,2,0,0.7689525
,3127,3,2,1.0
,3128,0,0,0.7708002
,3128,1,2,1.0
,3128,2,0,0.76743364
,3128,3,0,0.81964064
,3129,0,0,0.7690416
,3129,1,0,0.8183196
,3129,2,2,1.0
,3129,3,0,0.77076954
,3130,0,0,0.7689981
,3130,1,2,1.0
,3130,2,0,0.81832814
,3130,3,0,0.7690037
,3131,0,0,0.76902366
,3131,1,0,0.81964606
,3131,2,2,1.0
,3131,3,0,0.7674528
,3132,0,0,0.7689802
,3132,1,0,0.7707178
,3132,2,0,0.8183209
,3132,3,2,1.0
,3133,0,0,0.7690227
,3133,1,0,0.7675134
,3133,2,2,1.0
,3133,3,0,0.8196476
,3134,0,0,0.768979
,3134,1,2,1.0
,3134,2,0,0.81831974
,3134,3,0,0.77077204
,3135,0,0,0.7689947
,3135,1,0,0.8183268
,3135,2,2,1.0
,3135,3,0,0.7690581
,3136,0,0,0.7689955
,3136,1,2,1.0
,3136,2,0,0.81832695
,3136,3,0,0.7689977
,3137,0,0,0.7689955
,3137,1,0,0.81832695
,3137,2,2,1.0
,3137,3,0,0.7689956
,3138,0,0,0.7689955
,3138,1,2,1.0
,3138,2,0,0.81832695
,3138,3,0,0.7689955
,3139,0,0,0.76899356
,3139,1,0,0.81832695
,3139,2,2,1.0
,3139,3,0,0.7689955
,3140,0,0,0.76894104
,3140,1,2,1.0
,3140,2,0,0.81832814
,3140,3,0,0.7689967
,3141,0,0,0.7674506
,3141,1,0,0.81964606
,3141,2,2,1.0
,3141,3,0,0.76902366
,3142,0,2,1.0
,3142,1,0,0.7707178
,3142,2,0,0.8183209
,3142,3,0,0.76898026
,3143,0,0,0.8196498
,3143,1,0,0.7675134
,3143,2,2,1.0
,3143,3,0,0.7690255
,3144,0,0,0.7708504
,3144,1,2,1.0
,3144,2,0,0.81831896
,3144,3,0,0.76905775
,3145,0,0,0.7712051
,3145,1,0,0.8136739
,3145,2,2,1.0
,3145,3,0,0.77114207
,3146,0,1,0.50032455
,3146,1,2,1.0
,3146,2,1,0.7473012
,3146,3,1,0.5003273
,3147,0,0,0.7585902
,3147,1,0,0.8179805
,3147,2,2,1.0
,3147,3,0,0.75859016
,3148,0,0,0.7686267
,3148,1,2,1.0
,3148,2,0,0.8183268
,3148,3,0,0.7686267
,3149,0,0,0.7689826
,3149,1,0,0.81832695
,3149,2,2,1.0
,3149,3,0,0.7689806
,3150,0,0,0.76899594
,3150,1,2,1.0
,3150,2,0,0.81832814
,3150,3,0,0.76894057
,3151,0,0,0.76901466
,3151,1,0,0.81964993
,3151,2,2,1.0
,3151,3,0,0.76745045
,3152,0,0,0.7687278
,3152,1,0,0.77084786
,3152,2,0,0.81831896
,3152,3,2,1.0
,3153,0,0,0.7618245
,3153,1,0,0.7711333
,3153,2,2,1.0
,3153,3,0,0.82143956
,3154,0,2,1.0
,3154,1,1,0.50240993
,3154,2,1,0.7455927
,3154,3,0,0.50206345
,3155,0,0,0.8193397
,3155,1,2,1.0
,3155,2,0,0.7483494
,3155,3,0,0.7587952
,3156,0,0,0.7707585
,3156,1,0,0.8183178
,3156,2,2,1.0
,3156,3,0,0.76861405
,3157,0,0,0.76912266
,3157,1,2,1.0
,3157,2,0,0.8183262
,3157,3,0,0.76904666
,3158,0,0,0.7707737
,3158,1,0,0.81460416
,3158,2,2,1.0
,3158,3,0,0.770771
,3159,0,0,0.55925024
,3159,1,2,1.0
,3159,2,1,0.86073476
,3159,3,0,0.5592502
,3160,0,0,0.7591664
,3160,1,0,0.6054871
,3160,2,3,1.0
,3160,3,0,0.7591664
,3161,0,1,0.512796
,3161,1,3,1.0
,3161,2,1,0.9756222
,3161,3,1,0.512796
,3162,0,1,0.51682454
,3162,1,1,0.9738968
,3162,2,2,1.0
,3162,3,1,0.51682454
,3163,0,0,0.7595376
,3163,1,2,1.0
,3163,2,0,0.587668
,3163,3,0,0.7595376
,3164,0,0,0.5364754
,3164,1,1,0.5596708
,3164,2,3,0.999641
,3164,3,0,0.5364754
,3165,0,1,0.51403195
,3165,1,2,1.0
,3165,2,1,0.97374797
,3165,3,1,0.51403195
,3166,0,0,0.75816226
,3166,1,0,0.8179693
,3166,2,2,1.0
,3166,3,0,0.7581621
,3167,0,0,0.77085793
,3167,1,2,1.0
,3167,2,0,0.8136551
,3167,3,0,0.77085483
,3168,0,0,0.50255924
,3168,1,1,0.7532124
,3168,2,2,0.9999256
,3168,3,0,0.5024597
,3169,0,1,0.51599157
,3169,1,2,1.0
,3169,2,1,0.74707764
,3169,3,1,0.5182432
,3170,0,0,0.7582295
,3170,1,0,0.8191138
,3170,2,0,0.7482843
,3170,3,2,1.0
,3171,0,0,0.7709017
,3171,1,0,0.7632429
,3171,2,2,1.0
,3171,3,0,0.821563
,3172,0,1,0.5212776
,3172,1,2,1.0
,3172,2,1,0.89054406
,3172,3,1,0.51905835
,3173,0,0,0.7578507
,3173,1,0,0.81794727
,3173,2,2,1.0
,3173,3,0,0.75792956
,3174,0,0,0.7709123
,3174,1,2,1.0
,3174,2,0,0.8133547
,3174,3,0,0.7709175
,3175,0,1,0.52132505
,3175,1,1,0.8905268
,3175,2,2,1.0
,3175,3,1,0.52124655
,3176,0,0,0.7561754
,3176,1,2,1.0
,3176,2,0,0.8192716
,3176,3,0,0.7578008
,3177,0,2,1.0
,3177,1,0,0.8183193
,3177,2,0,0.7707004
,3177,3,0,0.7685786
,3178,0,0,0.8196389
,3178,1,2,1.0
,3178,2,0,0.7675127
,3178,3,0,0.7690088
,3179,0,0,0.7704762
,3179,1,0,0.8183178
,3179,2,2,1.0
,3179,3,0,0.76898146
,3180,0,0,0.7606317
,3180,1,2,1.0
,3180,2,0,0.81826156
,3180,3,0,0.76905006
,3181,0,0,0.5297329
,3181,1,0,0.82048744
,3181,2,2,1.0
,3181,3,0,0.7694785
,3182,0,3,1.0
,3182,1,1,0.52392364
,3182,2,1,0.7586577
,3182,3,1,0.5120466
,3183,0,1,0.97441125
,3183,1,1,0.84549826
,3183,2,2,1.0
,3183,3,1,0.525084
,3184,0,0,0.7371342
,3184,1,3,1.0
,3184,2,0,0.8182249
,3184,3,0,0.7549653
,3185,0,2,1.0
,3185,1,1,0.6372804
,3185,2,0,0.7729968
,3185,3,0,0.7711812
,3186,0,1,0.7434667
,3186,1,2,0.9999999
,3186,2,1,0.51091886
,3186,3,0,0.5021318
,3187,0,1,0.5267576
,3187,1,1,0.7486608
,3187,2,2,1.0
,3187,3,1,0.51590556
,3188,0,0,0.7576401
,3188,1,2,1.0
,3188,2,0,0.8179803
,3188,3,0,0.75797707
,3189,0,0,0.7683696
,3189,1,0,0.8197159
,3189,2,2,1.0
,3189,3,0,0.7670594
,3190,0,0,0.761782
,3190,1,0,0.773004
,3190,2,0,0.82117397
,3190,3,2,1.0
,3191,0,2,1.0
,3191,1,0,0.5025418
,3191,2,1,0.5084649
,3191,3,1,0.7433419
,3192,0,1,0.7486586
,3192,1,1,0.5157683
,3192,2,2,1.0
,3192,3,1,0.52663195
,3193,0,2,1.0
,3193,1,0,0.760174
,3193,2,0,0.8133217
,3193,3,0,0.7598633
,3194,0,1,0.74550056
,3194,1,1,0.50280374
,3194,2,2,1.0
,3194,3,1,0.50056934
,3195,0,0,0.7499182
,3195,1,2,1.0
,3195,2,0,0.818016
,3195,3,0,0.75867116
,3196,0,0,0.76677394
,3196,1,0,0.8194388
,3196,2,2,1.0
,3196,3,0,0.76873755
,3197,0,2,1.0
,3197,1,0,0.7636381
,3197,2,0,0.82137233
,3197,3,0,0.77111197
,3198,0,1,0.74551797
,3198,1,2,1.0
,3198,2,1,0.5002716
,3198,3,1,0.50016016
,3199,0,0,0.7484947
,3199,1,1,0.52227837
,3199,2,2,1.0
,3199,3,0,0.75723153
,3200,0,0,0.763593
,3200,1,3,1.0
,3200,2,0,0.8164347
,3200,3,0,0.7639061
,3201,0,0,0.7692863
,3201,1,1,0.6299975
,3201,2,2,1.0
,3201,3,0,0.76929724
,3202,0,0,0.7689283
,3202,1,2,1.0
,3202,2,0,0.8182951
,3202,3,0,0.76892674
,3203,0,0,0.76899415
,3203,1,0,0.818328
,3203,2,2,1.0
,3203,3,0,0.76893836
,3204,0,0,0.76902646
,3204,1,2,1.0
,3204,2,0,0.81965023
,3204,3,0,0.76745045
,3205,0,0,0.7690632
,3205,1,0,0.8183193
,3205,2,0,0.77085567
,3205,3,2,1.0
,3206,0,0,0.7713091
,3206,1,2,1.0
,3206,2,0,0.7713697
,3206,3,0,0.8133547
,3207,0,1,0.5212296
,3207,1,1,0.8905269
,3207,2,1,0.5213052
,3207,3,2,1.0
,3208,0,0,0.7578019
,3208,1,2,0.9999999
,3208,2,0,0.7561776
,3208,3,0,0.81922686
,3209,0,0,0.76860553
,3209,1,0,0.8196388
,3209,2,2,1.0
,3209,3,0,0.7692177
,3210,0,0,0.76896757
,3210,1,0,0.77077407
,3210,2,0,0.8183199
,3210,3,2,1.0
,3211,0,0,0.76908195
,3211,1,0,0.7691167
,3211,2,2,1.0
,3211,3,0,0.81832635
,3212,0,0,0.77141243
,3212,1,0,0.7705896
,3212,2,0,0.813312
,3212,3,2,1.0
,3213,0,1,0.51805073
,3213,1,1,0.54470086
,3213,2,2,0.9997995
,3213,3,1,0.88839734
,3214,0,1,0.53522235
,3214,1,2,0.94330055
,3214,2,1,0.89118063
,3214,3,1,0.5514332
,3215,0,0,0.75728744
,3215,1,0,0.7924634
,3215,2,2,1.0
,3215,3,0,0.7567121
,3216,0,0,0.76865786
,3216,1,2,1.0
,3216,2,0,0.8183254
,3216,3,0,0.76863754
,3217,0,0,0.7711284
,3217,1,0,0.8136741
,3217,2,2,1.0
,3217,3,0,0.7711277
,3218,0,1,0.5003278
,3218,1,2,1.0
,3218,2,1,0.74730104
,3218,3,1,0.50032794
,3219,0,0,0.75859016
,3219,1,0,0.8179806
,3219,2,2,1.0
,3219,3,0,0.75858814
,3220,0,0,0.768628
,3220,1,2,1.0
,3220,2,0,0.81832814
,3220,3,0,0.7685722
,3221,0,0,0.769011
,3221,1,0,0.8196013
,3221,2,2,1.0
,3221,3,0,0.76743895
,3222,0,0,0.76900643
,3222,1,0,0.76923525
,3222,2,0,0.8196387
,3222,3,2,1.0
,3223,0,0,0.7689797
,3223,1,2,1.0
,3223,2,0,0.7707178
,3223,3,0,0.8183211
,3224,0,0,0.7690203
,3224,1,0,0.8196455
,3224,2,0,0.7675132
,3224,3,2,1.0
,3225,0,0,0.76890916
,3225,1,0,0.7707006
,3225,2,2,1.0
,3225,3,0,0.81957215
,3226,0,0,0.77316314
,3226,1,0,0.77316886
,3226,2,2,1.0
,3226,3,0,0.7749386
,3227,0,0,0.7734623
,3227,1,0,0.7718347
,3227,2,2,1.0
,3227,3,0,0.7735244
,3228,0,0,0.7713062
,3228,1,2,1.0
,3228,2,0,0.81367606
,3228,3,0,0.7713084
,3229,0,1,0.50022334
,3229,1,1,0.7476827
,3229,2,2,1.0
,3229,3,1,0.5002232
,3230,0,0,0.76078737
,3230,1,2,0.9980127
,3230,2,0,0.81331396
,3230,3,0,0.76078737
,3231,0,1,0.5007835
,3231,1,1,0.74775
,3231,2,2,1.0
,3231,3,1,0.5007835
,3232,0,0,0.7585739
,3232,1,2,1.0
,3232,2,0,0.8179805
,3232,3,0,0.7585739
,3233,0,0,0.76862615
,3233,1,0,0.81832683
,3233,2,2,1.0
,3233,3,0,0.76862615
,3234,0,0,0.7689826
,3234,1,2,1.0
,3234,2,0,0.81832695
,3234,3,0,0.7689826
,3235,0,0,0.76899505
,3235,1,0,0.81832695
,3235,2,2,1.0
,3235,3,0,0.76899505
,3236,0,0,0.7689956
,3236,1,2,1.0
,3236,2,0,0.81832695
,3236,3,0,0.7689956
,3237,0,0,0.76899844
,3237,1,0,0.81832695
,3237,2,2,1.0
,3237,3,0,0.7689979
,3238,0,0,0.76907784
,3238,1,2,1.0
,3238,2,0,0.8183262
,3238,3,0,0.76906335
,3239,0,0,0.77124196
,3239,1,0,0.81367064
,3239,2,2,1.0
,3239,3,0,0.7708312
,3240,0,0,0.5025662
,3240,1,2,0.99999976
,3240,2,1,0.7433974
,3240,3,1,0.51058006
,3241,0,1,0.5155541
,3241,1,1,0.7471461
,3241,2,1,0.5291646
,3241,3,2,1.0
,3242,0,0,0.7603266
,3242,1,0,0.74233425
,3242,2,2,0.9987893
,3242,3,0,0.82112455
,3243,0,1,0.5009268
,3243,1,2,1.0
,3243,2,1,0.7476197
,3243,3,0,0.50176424
,3244,0,0,0.75856847
,3244,1,0,0.8179803
,3244,2,2,0.99999976
,3244,3,0,0.75866395
,3245,0,0,0.76862884
,3245,1,2,1.0
,3245,2,0,0.8183268
,3245,3,0,0.768632
,3246,0,0,0.7690613
,3246,1,0,0.81832623
,3246,2,2,1.0
,3246,3,0,0.76905894
,3247,0,0,0.77114314
,3247,1,2,1.0
,3247,2,0,0.81367916
,3247,3,0,0.7710726
,3248,0,1,0.50006706
,3248,1,1,0.7455082
,3248,2,2,1.0
,3248,3,1,0.5023224
,3249,0,0,0.7587657
,3249,1,0,0.74971014
,3249,2,0,0.81801385
,3249,3,2,1.0
,3250,0,0,0.77077913
,3250,1,0,0.761131
,3250,2,2,1.0
,3250,3,0,0.82144076
,3251,0,1,0.50043917
,3251,1,2,1.0
,3251,2,1,0.7473365
,3251,3,0,0.5018032
,3252,0,0,0.75858563
,3252,1,0,0.8179803
,3252,2,2,1.0
,3252,3,0,0.75866514
,3253,0,0,0.76862663
,3253,1,2,1.0
,3253,2,0,0.81832695
,3253,3,0,0.76862746
,3254,0,0,0.7689838
,3254,1,0,0.8183282
,3254,2,2,1.0
,3254,3,0,0.7689281
,3255,0,0,0.7690231
,3255,1,2,1.0
,3255,2,0,0.81964594
,3255,3,0,0.7674501
,3256,0,0,0.7689802
,3256,1,0,0.818321
,3256,2,0,0.7707178
,3256,3,2,1.0
,3257,0,0,0.7690227
,3257,1,2,1.0
,3257,2,0,0.7675134
,3257,3,0,0.8196475
,3258,0,0,0.7689791
,3258,1,0,0.81831974
,3258,2,2,1.0
,3258,3,0,0.77077013
,3259,0,0,0.7689985
,3259,1,2,1.0
,3259,2,0,0.81832814
,3259,3,0,0.76900357
,3260,0,0,0.76909965
,3260,1,0,0.8197129
,3260,2,2,1.0
,3260,3,0,0.767452
,3261,0,0,0.7710565
,3261,1,0,0.77290803
,3261,2,0,0.8136716
,3261,3,2,1.0
,3262,0,1,0.50232416
,3262,1,0,0.5000031
,3262,2,2,1.0
,3262,3,1,0.74549925
,3263,0,2,1.0
,3263,1,0,0.7586313
,3263,2,0,0.818016
,3263,3,0,0.74997705
,3264,0,0,0.81965005
,3264,1,0,0.7670849
,3264,2,2,1.0
,3264,3,0,0.768353
,3265,0,0,0.7708384
,3265,1,2,1.0
,3265,2,0,0.8183187
,3265,3,0,0.769008
,3266,0,0,0.77085775
,3266,1,0,0.814483
,3266,2,2,1.0
,3266,3,0,0.7704
,3267,0,0,0.55200875
,3267,1,2,1.0
,3267,2,1,0.55648655
,3267,3,0,0.53968596
,3268,0,0,0.760413
,3268,1,0,0.8201951
,3268,2,2,0.99999976
,3268,3,0,0.5044813
,3269,0,0,0.5183992
,3269,1,0,0.52048564
,3269,2,1,0.555615
,3269,3,3,1.0
,3270,0,1,0.5292066
,3270,1,1,0.5421784
,3270,2,2,1.0
,3270,3,1,0.99032474
,3271,0,1,0.51742166
,3271,1,2,0.9999999
,3271,2,1,0.7487119
,3271,3,1,0.5377997
,3272,0,0,0.758067
,3272,1,0,0.81797886
,3272,2,2,1.0
,3272,3,0,0.75734395
,3273,0,0,0.7709203
,3273,1,2,1.0
,3273,2,0,0.81335485
,3273,3,0,0.7708972
,3274,0,1,0.5213248
,3274,1,1,0.8905268
,3274,2,2,1.0
,3274,3,1,0.52124745
,3275,0,0,0.75617534
,3275,1,2,1.0
,3275,2,0,0.8192732
,3275,3,0,0.75780076
,3276,0,2,1.0
,3276,1,0,0.81831807
,3276,2,0,0.7707542
,3276,3,0,0.7685754
,3277,0,0,0.818328
,3277,1,2,1.0
,3277,2,0,0.7690493
,3277,3,0,0.7689259
,3278,0,2,1.0
,3278,1,0,0.8197173
,3278,2,0,0.7687602
,3278,3,0,0.7674492
,3279,0,0,0.82150686
,3279,1,0,0.7730698
,3279,2,0,0.7614278
,3279,3,2,1.0
,3280,0,1,0.5212468
,3280,1,1,0.5211214
,3280,2,2,1.0
,3280,3,1,0.88962775
,3281,0,2,1.0
,3281,1,0,0.7578961
,3281,2,0,0.81799906
,3281,3,0,0.7448204
,3282,0,0,0.8183288
,3282,1,0,0.76854944
,3282,2,2,1.0
,3282,3,0,0.76814204
,3283,0,2,1.0
,3283,1,0,0.76743823
,3283,2,0,0.81960136
,3283,3,0,0.76899374
,3284,0,0,0.81964046
,3284,1,2,1.0
,3284,2,0,0.76923525
,3284,3,0,0.7690039
,3285,0,0,0.7707733
,3285,1,0,0.8183211
,3285,2,2,1.0
,3285,3,0,0.7689242
,3286,0,0,0.76908624
,3286,1,2,1.0
,3286,2,0,0.8196475
,3286,3,0,0.7674496
,3287,0,0,0.7689813
,3287,1,0,0.81831974
,3287,2,0,0.77077
,3287,3,2,1.0
,3288,0,0,0.768999
,3288,1,2,1.0
,3288,2,0,0.7690037
,3288,3,0,0.818328
,3289,0,0,0.7691091
,3289,1,0,0.8194229
,3289,2,0,0.7674525
,3289,3,2,1.0
,3290,0,0,0.77135044
,3290,1,0,0.76314765
,3290,2,2,1.0
,3290,3,0,0.8215537
,3291,0,1,0.5278635
,3291,1,2,1.0
,3291,2,1,0.95731074
,3291,3,1,0.5279183
,3292,0,0,0.7576489
,3292,1,0,0.81799495
,3292,2,0,0.74240816
,3292,3,2,1.0
,3293,0,0,0.7685954
,3293,1,2,1.0
,3293,2,0,0.7680556
,3293,3,0,0.8183276
,3294,0,0,0.7689816
,3294,1,0,0.81832707
,3294,2,0,0.768962
,3294,3,2,1.0
,3295,0,0,0.76899797
,3295,1,2,1.0
,3295,2,0,0.768985
,3295,3,0,0.81832695
,3296,0,0,0.7690795
,3296,1,0,0.81832635
,3296,2,0,0.76873016
,3296,3,2,1.0
,3297,0,0,0.7713058
,3297,1,2,1.0
,3297,2,0,0.7614427
,3297,3,0,0.82157207
,3298,0,1,0.52126074
,3298,1,1,0.8905444
,3298,2,2,1.0
,3298,3,1,0.5190588
,3299,0,0,0.757846
,3299,1,2,1.0
,3299,2,0,0.8179427
,3299,3,0,0.7579236
,3300,0,0,0.7707512
,3300,1,0,0.81367403
,3300,2,2,0.9999876
,3300,3,0,0.7707378
,3301,0,1,0.50021905
,3301,1,2,1.0
,3301,2,1,0.747303
,3301,3,1,0.50073457
,3302,0,0,0.7610563
,3302,1,0,0.82128125
,3302,2,2,1.0
,3302,3,0,0.7504128
,3303,0,1,0.53031707
,3303,1,1,0.5281922
,3303,2,1,0.98421437
,3303,3,2,0.99894816
,3304,0,0,0.75984746
,3304,1,0,0.7495638
,3304,2,2,1.0
,3304,3,0,0.8207561
,3305,0,1,0.52839214
,3305,1,2,1.0
,3305,2,1,0.95768785
,3305,3,1,0.5257348
,3306,0,0,0.75748104
,3306,1,0,0.8179356
,3306,2,2,1.0
,3306,3,0,0.7575754
,3307,0,0,0.7685878
,3307,1,2,1.0
,3307,2,0,0.8183268
,3307,3,0,0.76859117
,3308,0,0,0.76899266
,3308,1,0,0.8183115
,3308,2,2,1.0
,3308,3,0,0.76899284
,3309,0,0,0.7684356
,3309,1,2,1.0
,3309,2,1,0.5226259
,3309,3,0,0.7684355
,3310,0,0,0.7689448
,3310,1,0,0.8127616
,3310,2,3,1.0
,3310,3,0,0.76894474
,3311,0,1,0.5001956
,3311,1,2,1.0
,3311,2,1,0.97351515
,3311,3,1,0.5001965
,3312,0,0,0.76089865
,3312,1,0,0.81326574
,3312,2,2,0.99999833
,3312,3,0,0.76088035
,3313,0,0,0.50010824
,3313,1,2,1.0
,3313,2,1,0.8943796
,3313,3,1,0.5004609
,3314,0,1,0.53395176
,3314,1,1,0.890286
,3314,2,3,1.0
,3314,3,1,0.5469036
,3315,0,1,0.51936686
,3315,1,1,0.533226
,3315,2,1,0.97358435
,3315,3,2,1.0
,3316,0,2,1.0
,3316,1,0,0.7501259
,3316,2,0,0.74413615
,3316,3,0,0.82113785
,3317,0,1,0.7455373
,3317,1,2,1.0
,3317,2,1,0.50362116
,3317,3,0,0.50203705
,3318,0,0,0.74999064
,3318,1,0,0.8179842
,3318,2,2,1.0
,3318,3,0,0.7587753
,3319,0,0,0.76708865
,3319,1,2,1.0
,3319,2,1,0.52162915
,3319,3,0,0.7673987
,3320,0,0,0.7642571
,3320,1,0,0.8164337
,3320,2,3,1.0
,3320,3,0,0.7642121
,3321,0,0,0.7692969
,3321,1,2,1.0
,3321,2,1,0.6280187
,3321,3,0,0.76773095
,3322,0,0,0.7690187
,3322,1,0,0.8196638
,3322,2,0,0.7533705
,3322,3,2,1.0
,3323,0,0,0.7674338
,3323,1,0,0.77079666
,3323,2,2,1.0
,3323,3,0,0.8196398
,3324,0,2,1.0
,3324,1,0,0.76898706
,3324,2,0,0.8183209
,3324,3,0,0.7707726
,3325,0,0,0.8196475
,3325,1,0,0.76745194
,3325,2,2,1.0
,3325,3,0,0.7690842
,3326,0,0,0.77077323
,3326,1,2,1.0
,3326,2,0,0.8183211
,3326,3,0,0.76892674
,3327,0,0,0.76908624
,3327,1,0,0.8196475
,3327,2,2,1.0
,3327,3,0,0.76744974
,3328,0,0,0.7689813
,3328,1,0,0.77077174
,3328,2,0,0.81831974
,3328,3,2,1.0
,3329,0,0,0.7689976
,3329,1,0,0.7690492
,3329,2,2,1.0
,3329,3,0,0.81832683
,3330,0,0,0.76907784
,3330,1,0,0.7687461
,3330,2,0,0.818326
,3330,3,2,1.0
,3331,0,0,0.7712443
,3331,1,0,0.7618138
,3331,2,2,1.0
,3331,3,0,0.82118094
,3332,0,0,0.50260764
,3332,1,2,1.0
,3332,2,1,0.74325275
,3332,3,1,0.50846726
,3333,0,1,0.5128276
,3333,1,1,0.75455326
,3333,2,1,0.5242754
,3333,3,2,1.0
,3334,0,1,0.5140101
,3334,1,2,1.0
,3334,2,1,0.52762383
,3334,3,1,0.744817
,3335,0,1,0.51655257
,3335,1,1,0.7486796
,3335,2,2,1.0
,3335,3,1,0.52721655
,3336,0,0,0.7602153
,3336,1,2,0.9999999
,3336,2,0,0.8210923
,3336,3,0,0.75022167
,3337,0,1,0.5009098
,3337,1,1,0.74733794
,3337,2,0,0.5017025
,3337,3,2,1.0
,3338,0,0,0.7586848
,3338,1,2,1.0
,3338,2,0,0.7570772
,3338,3,0,0.8193709
,3339,0,0,0.7707559
,3339,1,0,0.813665
,3339,2,2,1.0
,3339,3,0,0.77289176
,3340,0,1,0.5003457
,3340,1,2,1.0
,3340,2,1,0.7473016
,3340,3,1,0.5002511
,3341,0,0,0.7585895
,3341,1,0,0.8179805
,3341,2,2,1.0
,3341,3,0,0.75859296
,3342,0,0,0.7686296
,3342,1,2,1.0
,3342,2,0,0.8183268
,3342,3,0,0.7686297
,3343,0,0,0.7690652
,3343,1,0,0.81832623
,3343,2,2,1.0
,3343,3,0,0.7690652
,3344,0,0,0.7712492
,3344,1,2,1.0
,3344,2,0,0.81367314
,3344,3,0,0.7712492
,3345,0,0,0.50296193
,3345,1,1,0.75362605
,3345,2,2,1.0
,3345,3,0,0.50296193
,3346,0,1,0.54000545
,3346,1,2,1.0
,3346,2,1,0.95781803
,3346,3,1,0.5400053
,3347,0,0,0.7570697
,3347,1,0,0.8179367
,3347,2,2,1.0
,3347,3,0,0.7570719
,3348,0,0,0.7685183
,3348,1,2,1.0
,3348,2,0,0.81832814
,3348,3,0,0.7685772
,3349,0,0,0.7674352
,3349,1,0,0.8197083
,3349,2,2,1.0
,3349,3,0,0.7690961
,3350,0,2,1.0
,3350,1,0,0.77276665
,3350,2,0,0.81334615
,3350,3,0,0.7713902
,3351,0,1,0.8884956
,3351,1,1,0.53124696
,3351,2,2,1.0
,3351,3,1,0.5182079
,3352,0,1,0.53538
,3352,1,2,1.0
,3352,2,1,0.7469515
,3352,3,1,0.51677495
,3353,0,2,1.0
,3353,1,0,0.81801015
,3353,2,0,0.74985176
,3353,3,0,0.7580786
,3354,0,0,0.8196481
,3354,1,2,1.0
,3354,2,0,0.7667725
,3354,3,0,0.7686381
,3355,0,0,0.77077204
,3355,1,0,0.81831926
,3355,2,2,1.0
,3355,3,0,0.76896524
,3356,0,0,0.7690581
,3356,1,2,0.9999987
,3356,2,0,0.8183268
,3356,3,0,0.76899403
,3357,0,0,0.7689977
,3357,1,0,0.81832635
,3357,2,2,1.0
,3357,3,0,0.7689935
,3358,0,0,0.7689968
,3358,1,2,1.0
,3358,2,0,0.81832814
,3358,3,0,0.76894104
,3359,0,0,0.7690239
,3359,1,0,0.8196013
,3359,2,2,1.0
,3359,3,0,0.76745194
,3360,0,0,0.7690072
,3360,1,0,0.7692366
,3360,2,0,0.81959414
,3360,3,2,1.0
,3361,0,0,0.76900744
,3361,1,2,1.0
,3361,2,0,0.7692351
,3361,3,0,0.81964135
,3362,0,0,0.7689959
,3362,1,0,0.81829005
,3362,2,2,1.0
,3362,3,0,0.7707892
,3363,0,0,0.76776564
,3363,1,2,1.0
,3363,2,1,0.5216227
,3363,3,0,0.7678299
,3364,0,0,0.76436216
,3364,1,0,0.8162635
,3364,2,3,1.0
,3364,3,0,0.7643791
,3365,0,0,0.7697266
,3365,1,2,0.9996156
,3365,2,1,0.83348495
,3365,3,0,0.77013665
,3366,0,1,0.52130544
,3366,1,1,0.74737597
,3366,2,3,1.0
,3366,3,1,0.50816816
,3367,0,2,1.0
,3367,1,1,0.52710366
,3367,2,1,0.9739653
,3367,3,1,0.51606715
,3368,0,0,0.821075
,3368,1,0,0.7501755
,3368,2,2,0.9941765
,3368,3,0,0.7601837
,3369,0,0,0.5017649
,3369,1,2,1.0
,3369,2,1,0.7486608
,3369,3,1,0.50092757
,3370,0,0,0.758608
,3370,1,0,0.81798166
,3370,2,2,1.0
,3370,3,0,0.7585699
,3371,0,0,0.76708275
,3371,1,2,1.0
,3371,2,0,0.8196498
,3371,3,0,0.76865697
,3372,0,2,1.0
,3372,1,0,0.81831896
,3372,2,0,0.7708503
,3372,3,0,0.76904476
,3373,0,0,0.8136742
,3373,1,2,1.0
,3373,2,0,0.77120274
,3373,3,0,0.77114165
,3374,0,2,1.0
,3374,1,1,0.74729526
,3374,2,1,0.50039047
,3374,3,1,0.5003107
,3375,0,0,0.81936896
,3375,1,2,1.0
,3375,2,0,0.7570032
,3375,3,0,0.75870657
,3376,0,0,0.77282226
,3376,1,0,0.81367016
,3376,2,2,1.0
,3376,3,0,0.77075714
,3377,0,1,0.50223994
,3377,1,2,1.0
,3377,2,1,0.74555755
,3377,3,1,0.50008523
,3378,0,2,1.0
,3378,1,0,0.8192935
,3378,2,0,0.748353
,3378,3,0,0.75871795
,3379,0,0,0.8196388
,3379,1,0,0.7692218
,3379,2,2,1.0
,3379,3,0,0.76858264
,3380,0,0,0.77080023
,3380,1,2,1.0
,3380,2,0,0.8195943
,3380,3,0,0.767422
,3381,0,0,0.7690678
,3381,1,0,0.81959397
,3381,2,0,0.76923615
,3381,3,2,1.0
,3382,0,0,0.7689518
,3382,1,0,0.76923615
,3382,2,2,1.0
,3382,3,0,0.8196429
,3383,0,0,0.7673026
,3383,1,2,1.0
,3383,2,0,0.8088034
,3383,3,0,0.770805
,3384,0,2,1.0
,3384,1,0,0.8182879
,3384,2,1,0.5996499
,3384,3,0,0.7657923
,3385,0,0,0.81790525
,3385,1,0,0.7650553
,3385,2,3,0.99999475
,3385,3,0,0.7647431
,3386,0,0,0.7696206
,3386,1,2,1.0
,3386,2,1,0.62829286
,3386,3,0,0.7693781
,3387,0,2,1.0
,3387,1,0,0.82145596
,3387,2,0,0.74750614
,3387,3,0,0.77118975
,3388,0,1,0.7473407
,3388,1,0,0.5017927
,3388,2,2,1.0
,3388,3,1,0.5004322
,3389,0,2,1.0
,3389,1,0,0.7586648
,3389,2,0,0.8179803
,3389,3,0,0.7585857
,3390,0,0,0.81832683
,3390,1,0,0.7686294
,3390,2,2,1.0
,3390,3,0,0.76862466
,3391,0,2,1.0
,3391,1,0,0.7689818
,3391,2,0,0.8183283
,3391,3,0,0.76892805
,3392,0,0,0.8196406
,3392,1,0,0.76896864
,3392,2,2,1.0
,3392,3,0,0.76745236
,3393,0,0,0.7705497
,3393,1,0,0.7674329
,3393,2,0,0.81970906
,3393,3,2,1.0
,3394,0,0,0.76186264
,3394,1,2,1.0
,3394,2,0,0.7730132
,3394,3,0,0.8215234
,3395,0,2,1.0
,3395,1,1,0.75357187
,3395,2,0,0.50295925
,3395,3,0,0.5051115
,3396,0,1,0.8941652
,3396,1,2,1.0
,3396,2,1,0.531344
,3396,3,1,0.53114575
,3397,0,2,1.0
,3397,1,1,0.7474012
,3397,2,1,0.52009577
,3397,3,1,0.51773036
,3398,0,0,0.82112265
,3398,1,0,0.742326
,3398,2,2,1.0
,3398,3,0,0.7602506
,3399,0,0,0.50169826
,3399,1,2,1.0
,3399,2,1,0.7473399
,3399,3,1,0.5009135
,3400,0,0,0.75707746
,3400,1,0,0.8193749
,3400,2,2,1.0
,3400,3,0,0.75869024
,3401,0,2,1.0
,3401,1,0,0.77304626
,3401,2,0,0.81334573
,3401,3,0,0.77092695
,3402,0,1,0.89052933
,3402,1,1,0.5215359
,3402,2,2,1.0
,3402,3,1,0.52112895
,3403,0,2,1.0
,3403,1,0,0.7498473
,3403,2,0,0.8212431
,3403,3,0,0.7602121
,3404,0,1,0.95768785
,3404,1,2,1.0
,3404,2,1,0.5257135
,3404,3,1,0.5283762
,3405,0,2,1.0
,3405,1,0,0.81793547
,3405,2,0,0.7575761
,3405,3,0,0.7574816
,3406,0,0,0.8183268
,3406,1,2,1.0
,3406,2,0,0.7685905
,3406,3,0,0.7685873
,3407,0,2,1.0
,3407,1,0,0.81832707
,3407,2,0,0.76897925
,3407,3,0,0.7689811
,3408,0,0,0.8183282
,3408,1,2,1.0
,3408,2,0,0.76894057
,3408,3,0,0.76899433
,3409,0,2,1.0
,3409,1,0,0.8196478
,3409,2,0,0.76745284
,3409,3,0,0.7689691
,3410,0,0,0.8196428
,3410,1,0,0.77079123
,3410,2,2,1.0
,3410,3,0,0.767434
,3411,0,0,0.77084726
,3411,1,0,0.76879036
,3411,2,0,0.8183187
,3411,3,2,1.0
,3412,0,0,0.7711333
,3412,1,0,0.7618266
,3412,2,2,1.0
,3412,3,0,0.8214397
,3413,0,1,0.502416
,3413,1,2,1.0
,3413,2,1,0.74553657
,3413,3,0,0.5020591
,3414,0,2,1.0
,3414,1,0,0.8180157
,3414,2,0,0.7499163
,3414,3,0,0.7587603
,3415,0,0,0.8196298
,3415,1,2,1.0
,3415,2,0,0.7667743
,3415,3,0,0.7686401
,3416,0,0,0.77014107
,3416,1,0,0.8191054
,3416,2,2,1.0
,3416,3,0,0.7683317
,3417,0,0,0.75743043
,3417,1,0,0.75922525
,3417,2,2,1.0
,3417,3,0,0.75736415
,3418,0,0,0.998589
,3418,1,0,1.0
,3418,2,0,0.99576634
,3418,3,0,0.998589
,3419,0,0,0.51276654
,3419,1,1,0.747726
,3419,2,3,1.0
,3419,3,0,0.51276654
,3420,0,0,0.53029346
,3420,1,2,1.0
,3420,2,1,0.9578132
,3420,3,0,0.53029346
,3421,0,0,0.76125884
,3421,1,0,0.60755825
,3421,2,2,0.5562747
,3421,3,0,0.76125884
,3422,0,1,0.51269835
,3422,1,3,1.0
,3422,2,1,0.8551253
,3422,3,1,0.51269853
,3423,0,1,0.5338243
,3423,1,1,0.9980608
,3423,2,2,1.0
,3423,3,1,0.5338278
,3424,0,0,0.75733733
,3424,1,3,1.0
,3424,2,0,0.8124019
,3424,3,0,0.7572638
,3425,0,1,0.5002686
,3425,1,1,0.97329676
,3425,2,2,1.0
,3425,3,1,0.5025276
,3426,0,0,0.75864613
,3426,1,0,0.72789776
,3426,2,0,0.81790894
,3426,3,2,0.9999999
,3427,0,0,0.76549375
,3427,1,1,0.6025159
,3427,2,2,1.0
,3427,3,0,0.81843543
,3428,0,0,0.7657288
,3428,1,3,1.0
,3428,2,0,0.605104
,3428,3,0,0.7676166
,3429,0,1,0.51262563
,3429,1,1,0.9912569
,3429,2,3,1.0
,3429,3,1,0.51254267
,3430,0,1,0.51998603
,3430,1,3,1.0
,3430,2,1,0.9752266
,3430,3,1,0.5199815
,3431,0,1,0.5140218
,3431,1,1,0.97472924
,3431,2,2,0.9999752
,3431,3,1,0.5140012
,3432,0,1,0.53636366
,3432,1,2,1.0
,3432,2,1,0.97584826
,3432,3,1,0.53589875
,3433,0,0,0.74745953
,3433,1,0,0.820092
,3433,2,3,1.0
,3433,3,0,0.7571483
,3434,0,2,1.0
,3434,1,0,0.5001401
,3434,2,1,0.9732434
,3434,3,1,0.5003997
,3435,0,0,0.8180279
,3435,1,2,1.0
,3435,2,0,0.74141073
,3435,3,0,0.75870734
,3436,0,2,1.0
,3436,1,0,0.81969804
,3436,2,0,0.7544765
,3436,3,0,0.7687136
,3437,0,0,0.8144884
,3437,1,0,0.77254146
,3437,2,2,0.9673681
,3437,3,0,0.77074575
,3438,0,2,1.0
,3438,1,0,0.5531745
,3438,2,1,0.56904876
,3438,3,0,0.55311424
,3439,0,0,0.60767496
,3439,1,0,0.7617927
,3439,2,2,1.0
,3439,3,0,0.7622083
,3440,0,3,1.0
,3440,1,1,0.52601534
,3440,2,1,0.74896806
,3440,3,1,0.5129003
,3441,0,1,0.97359234
,3441,1,2,1.0
,3441,2,1,0.5288194
,3441,3,1,0.51614
,3442,0,0,0.7416126
,3442,1,0,0.8180209
,3442,2,2,1.0
,3442,3,0,0.7582184
,3443,0,0,0.7604395
,3443,1,2,1.0
,3443,2,0,0.8215831
,3443,3,0,0.7709367
,3444,0,2,1.0
,3444,1,1,0.975713
,3444,2,1,0.5200354
,3444,3,1,0.52225256
,3445,0,0,0.81204945
,3445,1,3,1.0
,3445,2,0,0.75788915
,3445,3,0,0.7578106
,3446,0,2,1.0
,3446,1,1,0.9904439
,3446,2,1,0.5204287
,3446,3,1,0.5204322
,3447,0,0,0.81791097
,3447,1,2,1.0
,3447,2,0,0.7577978
,3447,3,0,0.75779766
,3448,0,2,1.0
,3448,1,1,0.5215814
,3448,2,0,0.7674426
,3448,3,0,0.7674451
,3449,0,0,0.81172734
,3449,1,3,1.0
,3449,2,0,0.7663392
,3449,3,0,0.7664105
,3450,0,2,1.0
,3450,1,1,0.9732418
,3450,2,1,0.50215876
,3450,3,0,0.5000888
,3451,0,0,0.8193059
,3451,1,0,0.74027014
,3451,2,2,1.0
,3451,3,0,0.7587575
,3452,0,0,0.7692187
,3452,1,2,1.0
,3452,2,0,0.81962466
,3452,3,0,0.76863754
,3453,0,2,1.0
,3453,1,0,0.8183165
,3453,2,0,0.7703142
,3453,3,0,0.7689659
,3454,0,0,0.8182165
,3454,1,2,1.0
,3454,2,0,0.75601137
,3454,3,0,0.76895076
,3455,0,2,1.0
,3455,1,0,0.8184017
,3455,2,1,0.60196775
,3455,3,0,0.7658193
,3456,0,0,0.81271654
,3456,1,0,0.7683637
,3456,2,3,1.0
,3456,3,0,0.7664917
,3457,0,2,1.0
,3457,1,0,0.55067044
,3457,2,1,0.9860219
,3457,3,0,0.5505867
,3458,0,0,0.81715435
,3458,1,0,0.7583074
,3458,2,3,1.0
,3458,3,0,0.7583044
,3459,0,2,1.0
,3459,1,0,0.76918584
,3459,2,1,0.6299894
,3459,3,0,0.7691857
,3460,0,0,0.8136415
,3460,1,0,0.7710728
,3460,2,2,1.0
,3460,3,0,0.7710728
,3461,0,2,1.0
,3461,1,1,0.500217
,3461,2,1,0.74839884
,3461,3,1,0.500217
,3462,0,0,0.81326324
,3462,1,0,0.7608172
,3462,2,2,0.9941855
,3462,3,0,0.7608173
,3463,0,2,1.0
,3463,1,1,0.50390166
,3463,2,1,0.9362775
,3463,3,1,0.50389826
,3464,0,0,0.8123036
,3464,1,0,0.7580847
,3464,2,3,1.0
,3464,3,0,0.7581551
,3465,0,2,1.0
,3465,1,1,0.50247335
,3465,2,1,0.9732292
,3465,3,1,0.5003042
,3466,0,0,0.819352
,3466,1,2,1.0
,3466,2,0,0.7419037
,3466,3,0,0.7571257
,3467,0,0,0.7707882
,3467,1,0,0.81964
,3467,2,0,0.7664694
,3467,3,2,1.0
,3468,0,0,0.76904106
,3468,1,0,0.77076936
,3468,2,2,1.0
,3468,3,0,0.8183196
,3469,0,0,0.7689981
,3469,1,0,0.76900357
,3469,2,0,0.81832814
,3469,3,2,1.0
,3470,0,0,0.76902366
,3470,1,0,0.7674528
,3470,2,2,1.0
,3470,3,0,0.81964606
,3471,0,0,0.7689802
,3471,1,2,1.0
,3471,2,0,0.8183209
,3471,3,0,0.7707178
,3472,0,0,0.7690227
,3472,1,0,0.8196458
,3472,2,2,1.0
,3472,3,0,0.7675135
,3473,0,0,0.7689811
,3473,1,0,0.7707167
,3473,2,0,0.8183209
,3473,3,2,1.0
,3474,0,0,0.7690421
,3474,1,0,0.7674749
,3474,2,2,1.0
,3474,3,0,0.81966627
,3475,0,0,0.7678117
,3475,1,2,1.0
,3475,2,1,0.5215931
,3475,3,0,0.76962554
,3476,0,0,0.7660893
,3476,1,0,0.81171846
,3476,2,3,1.0
,3476,3,0,0.7665956
,3477,0,1,0.51086056
,3477,1,2,1.0
,3477,2,1,0.97297454
,3477,3,0,0.5030938
,3478,0,2,1.0
,3478,1,1,0.8890047
,3478,2,1,0.5649304
,3478,3,1,0.5310914
,3479,0,1,0.7487698
,3479,1,1,0.5332748
,3479,2,2,1.0
,3479,3,1,0.517458
,3480,0,2,1.0
,3480,1,0,0.7589745
,3480,2,0,0.6080159
,3480,3,0,0.7595333
,3481,0,1,0.8970565
,3481,1,1,0.51385057
,3481,2,3,1.0
,3481,3,1,0.513826
,3482,0,3,1.0
,3482,1,1,0.5333992
,3482,2,1,0.9910068
,3482,3,1,0.53339815
,3483,0,1,0.9905462
,3483,1,1,0.53478557
,3483,2,2,1.0
,3483,3,1,0.5347855
,3484,0,2,1.0
,3484,1,0,0.7558596
,3484,2,1,0.52239656
,3484,3,0,0.7558596
,3485,0,0,0.8114201
,3485,1,0,0.76618207
,3485,2,3,1.0
,3485,3,0,0.7661821
,3486,0,2,1.0
,3486,1,1,0.5201227
,3486,2,1,0.9980421
,3486,3,1,0.5201225
,3487,0,0,0.81239456
,3487,1,0,0.75781846
,3487,2,3,1.0
,3487,3,0,0.75782126
,3488,0,2,1.0
,3488,1,1,0.500679
,3488,2,1,0.9734959
,3488,3,1,0.5005933
,3489,0,0,0.80849046
,3489,1,0,0.75680524
,3489,2,2,1.0
,3489,3,0,0.7585743
,3490,0,1,0.5977347
,3490,1,2,1.0
,3490,2,0,0.8113185
,3490,3,0,0.7654566
,3491,0,3,1.0
,3491,1,0,0.8121881
,3491,2,0,0.5257617
,3491,3,0,0.76368815
,3492,0,1,0.97467
,3492,1,1,0.75819343
,3492,2,3,1.0
,3492,3,1,0.51574004
,3493,0,1,0.5559914
,3493,1,3,1.0
,3493,2,1,0.9741486
,3493,3,1,0.522777
,3494,0,2,1.0
,3494,1,1,0.9738369
,3494,2,1,0.53678876
,3494,3,1,0.5167399
,3495,0,0,0.8190653
,3495,1,2,1.0
,3495,2,0,0.75533056
,3495,3,0,0.7580809
,3496,0,0,0.76324177
,3496,1,0,0.82156104
,3496,2,2,0.99911803
,3496,3,0,0.7708968
,3497,0,2,1.0
,3497,1,1,0.5191375
,3497,2,1,0.8906298
,3497,3,1,0.5212783
,3498,0,0,0.819276
,3498,1,0,0.7562529
,3498,2,2,1.0
,3498,3,0,0.7578029
,3499,0,0,0.7708492
,3499,1,2,1.0
,3499,2,0,0.8183
,3499,3,0,0.76867235
,3500,0,0,0.7706707
,3500,1,0,0.60816145
,3500,2,2,1.0
,3500,3,0,0.77059096
,3501,0,1,0.51229405
,3501,1,3,1.0
,3501,2,1,0.75895786
,3501,3,1,0.51239586
,3502,0,1,0.53369135
,3502,1,1,0.99044883
,3502,2,2,1.0
,3502,3,1,0.53592855
,3503,0,0,0.75744283
,3503,1,0,0.73959666
,3503,2,0,0.81933
,3503,3,2,1.0
,3504,0,0,0.76697934
,3504,1,2,1.0
,3504,2,0,0.7707906
,3504,3,0,0.8196566
,3505,0,2,1.0
,3505,1,1,0.5216082
,3505,2,0,0.76755494
,3505,3,0,0.7696249
,3506,0,0,0.8194963
,3506,1,3,1.0
,3506,2,0,0.75701475
,3506,3,0,0.7665144
,3507,0,0,0.50006413
,3507,1,1,0.9732537
,3507,2,2,1.0
,3507,3,1,0.50003654
,3508,0,2,1.0
,3508,1,0,0.74026966
,3508,2,0,0.81930596
,3508,3,0,0.75875306
,3509,0,0,0.81963784
,3509,1,2,1.0
,3509,2,0,0.76921874
,3509,3,0,0.76863736
,3510,0,0,0.7707631
,3510,1,0,0.8183198
,3510,2,2,1.0
,3510,3,0,0.76896834
,3511,0,0,0.7688069
,3511,1,2,1.0
,3511,2,0,0.818326
,3511,3,0,0.7690728
,3512,0,0,0.7618264
,3512,1,0,0.82138085
,3512,2,2,1.0
,3512,3,0,0.7711403
,3513,0,2,1.0
,3513,1,1,0.5001913
,3513,2,1,0.7455362
,3513,3,1,0.50016665
,3514,0,0,0.8180161
,3514,1,2,1.0
,3514,2,0,0.7499172
,3514,3,0,0.75868285
,3515,0,2,1.0
,3515,1,0,0.8196482
,3515,2,0,0.76677483
,3515,3,0,0.7686596
,3516,0,0,0.81831974
,3516,1,0,0.7707748
,3516,2,2,1.0
,3516,3,0,0.7689688
,3517,0,2,1.0
,3517,1,0,0.7691365
,3517,2,0,0.8183152
,3517,3,0,0.76907307
,3518,0,0,0.8136741
,3518,1,0,0.771134
,3518,2,2,0.9999685
,3518,3,0,0.7711465
,3519,0,2,1.0
,3519,1,1,0.5006786
,3519,2,1,0.7473249
,3519,3,1,0.500208
,3520,0,0,0.8211784
,3520,1,0,0.7511824
,3520,2,2,0.999912
,3520,3,0,0.76089764
,3521,0,0,0.5046574
,3521,1,2,1.0
,3521,2,1,0.7532841
,3521,3,0,0.5019886
,3522,0,1,0.5161242
,3522,1,1,0.7487842
,3522,2,2,1.0
,3522,3,1,0.51624215
,3523,0,0,0.7580231
,3523,1,2,1.0
,3523,2,0,0.81797796
,3523,3,0,0.7580189
,3524,0,0,0.7686091
,3524,1,0,0.81832683
,3524,2,2,1.0
,3524,3,0,0.7686089
,3525,0,0,0.7690481
,3525,1,2,1.0
,3525,2,0,0.818326
,3525,3,0,0.7690481
,3526,0,0,0.77078766
,3526,1,0,0.8145034
,3526,2,2,1.0
,3526,3,0,0.77078766
,3527,0,0,0.5530117
,3527,1,2,1.0
,3527,2,1,0.5566872
,3527,3,0,0.5530117
,3528,0,0,0.7606771
,3528,1,0,0.8180203
,3528,2,2,1.0
,3528,3,0,0.7606771
,3529,0,0,0.7675477
,3529,1,2,1.0
,3529,2,1,0.5215768
,3529,3,0,0.7675482
,3530,0,0,0.7664049
,3530,1,0,0.81170964
,3530,2,3,1.0
,3530,3,0,0.7664176
,3531,0,1,0.5011133
,3531,1,2,1.0
,3531,2,1,0.9945072
,3531,3,1,0.50071317
,3532,0,0,0.7505244
,3532,1,0,0.82014793
,3532,2,3,1.0
,3532,3,0,0.7587881
,3533,0,2,1.0
,3533,1,0,0.55485815
,3533,2,1,0.98599607
,3533,3,0,0.55257577
,3534,0,0,0.82021147
,3534,1,0,0.750888
,3534,2,3,1.0
,3534,3,0,0.7604253
,3535,0,0,0.50139606
,3535,1,2,1.0
,3535,2,1,0.99450576
,3535,3,1,0.50124973
,3536,0,0,0.75873476
,3536,1,0,0.8124099
,3536,2,3,1.0
,3536,3,0,0.75864094
,3537,0,0,0.502516
,3537,1,2,0.9999988
,3537,2,1,0.9745181
,3537,3,0,0.5025118
,3538,0,1,0.5139636
,3538,1,1,0.7538588
,3538,2,2,0.9870319
,3538,3,1,0.51396376
,3539,0,0,0.5298785
,3539,1,2,1.0
,3539,2,1,0.5590485
,3539,3,0,0.5298785
,3540,0,0,0.7620322
,3540,1,0,0.81332666
,3540,2,2,1.0
,3540,3,0,0.76203233
,3541,0,1,0.50385743
,3541,1,2,1.0
,3541,2,1,0.93593407
,3541,3,1,0.5038573
,3542,0,0,0.75778764
,3542,1,0,0.8128832
,3542,2,3,1.0
,3542,3,0,0.7577903
,3543,0,0,0.5513028
,3543,1,2,0.9990517
,3543,2,1,0.93482745
,3543,3,0,0.5513833
,3544,0,0,0.7588997
,3544,1,0,0.81892556
,3544,2,2,1.0
,3544,3,0,0.7605724
,3545,0,2,1.0
,3545,1,0,0.7692582
,3545,2,1,0.5215932
,3545,3,0,0.76751834
,3546,0,0,0.8195409
,3546,1,0,0.7570348
,3546,2,3,1.0
,3546,3,0,0.7664068
,3547,0,0,0.50191414
,3547,1,2,1.0
,3547,2,1,0.9735089
,3547,3,1,0.50035954
,3548,0,0,0.7570402
,3548,1,0,0.8192859
,3548,2,2,1.0
,3548,3,0,0.75857824
,3549,0,2,1.0
,3549,1,0,0.7707011
,3549,2,0,0.8183193
,3549,3,0,0.76860625
,3550,0,0,0.8196476
,3550,1,0,0.76751286
,3550,2,2,1.0
,3550,3,0,0.76900953
,3551,0,0,0.77077204
,3551,1,2,1.0
,3551,2,0,0.81831974
,3551,3,0,0.76897854
,3552,0,0,0.7690581
,3552,1,0,0.8183268
,3552,2,2,1.0
,3552,3,0,0.76899457
,3553,0,0,0.7689977
,3553,1,2,1.0
,3553,2,0,0.81832695
,3553,3,0,0.7689955
,3554,0,0,0.7689956
,3554,1,0,0.81832683
,3554,2,2,1.0
,3554,3,0,0.7689955
,3555,0,0,0.76899606
,3555,1,2,1.0
,3555,2,0,0.8183268
,3555,3,0,0.7689964
,3556,0,0,0.76900357
,3556,1,0,0.8182971
,3556,2,2,1.0
,3556,3,0,0.7690155
,3557,0,0,0.7675092
,3557,1,2,1.0
,3557,2,1,0.52157694
,3557,3,0,0.7678443
,3558,0,0,0.7569731
,3558,1,0,0.8195348
,3558,2,3,1.0
,3558,3,0,0.7664244
,3559,0,2,1.0
,3559,1,0,0.50162315
,3559,2,1,0.9735112
,3559,3,1,0.50026274
,3560,0,0,0.8210807
,3560,1,0,0.7512229
,3560,2,2,0.99996734
,3560,3,0,0.7607516
,3561,0,0,0.5018717
,3561,1,2,1.0
,3561,2,1,0.7481468
,3561,3,1,0.50079864
,3562,0,0,0.7608642
,3562,1,0,0.8133151
,3562,2,2,0.99580216
,3562,3,0,0.76077
,3563,0,1,0.5007812
,3563,1,2,1.0
,3563,2,1,0.74825037
,3563,3,1,0.5007853
,3564,0,0,0.75857395
,3564,1,0,0.8179805
,3564,2,2,1.0
,3564,3,0,0.7585739
,3565,0,0,0.76862425
,3565,1,2,1.0
,3565,2,0,0.8183268
,3565,3,0,0.76862615
,3566,0,0,0.76892793
,3566,1,0,0.8183282
,3566,2,2,1.0
,3566,3,0,0.7689838
,3567,0,0,0.7674482
,3567,1,2,1.0
,3567,2,0,0.8191911
,3567,3,0,0.76902336
,3568,0,2,1.0
,3568,1,0,0.8195631
,3568,2,0,0.75530475
,3568,3,0,0.7689296
,3569,0,0,0.8196022
,3569,1,0,0.7691404
,3569,2,2,0.96223164
,3569,3,0,0.76890963
,3570,0,0,0.7707858
,3570,1,2,1.0
,3570,2,0,0.80137235
,3570,3,0,0.76899046
,3571,0,0,0.7690543
,3571,1,0,0.8183259
,3571,2,2,1.0
,3571,3,0,0.76899284
,3572,0,0,0.7689407
,3572,1,2,1.0
,3572,2,0,0.8183271
,3572,3,0,0.7689989
,3573,0,0,0.76731944
,3573,1,0,0.8088107
,3573,2,2,1.0
,3573,3,0,0.7690288
,3574,0,2,1.0
,3574,1,1,0.59965086
,3574,2,0,0.81828815
,3574,3,0,0.76572925
,3575,0,0,0.8179053
,3575,1,3,1.0
,3575,2,0,0.7650554
,3575,3,0,0.764738
,3576,0,0,0.769624
,3576,1,1,0.6280363
,3576,2,2,1.0
,3576,3,0,0.7693008
,3577,0,2,1.0
,3577,1,0,0.7533679
,3577,2,0,0.819662
,3577,3,0,0.76907355
,3578,0,0,0.8183202
,3578,1,2,1.0
,3578,2,0,0.77071637
,3578,3,0,0.7689779
,3579,0,2,1.0
,3579,1,0,0.8196479
,3579,2,0,0.7675158
,3579,3,0,0.7689683
,3580,0,0,0.81959414
,3580,1,0,0.7708004
,3580,2,2,1.0
,3580,3,0,0.7674355
,3581,0,0,0.7692347
,3581,1,0,0.7690694
,3581,2,0,0.8196403
,3581,3,2,1.0
,3582,0,2,1.0
,3582,1,0,0.7689767
,3582,2,0,0.77076983
,3582,3,0,0.8183198
,3583,0,0,0.8195799
,3583,1,0,0.7688734
,3583,2,0,0.76899177
,3583,3,2,1.0
,3584,0,0,0.7749515
,3584,1,0,0.77168053
,3584,2,0,0.7732316
,3584,3,2,1.0
,3585,0,0,0.7676718
,3585,1,2,1.0
,3585,2,0,0.7691243
,3585,3,0,0.8196524
,3586,0,2,1.0
,3586,1,0,0.8194313
,3586,2,0,0.7674386
,3586,3,0,0.77087826
,3587,0,0,0.8213736
,3587,1,0,0.76363826
,3587,2,2,1.0
,3587,3,0,0.771186
,3588,0,1,0.5001838
,3588,1,2,1.0
,3588,2,1,0.7455918
,3588,3,1,0.5001545
,3589,0,2,1.0
,3589,1,0,0.8191187
,3589,2,0,0.7483498
,3589,3,0,0.75880367
,3590,0,0,0.8215046
,3590,1,0,0.7632454
,3590,2,2,0.99999976
,3590,3,0,0.7709256
,3591,0,1,0.5212542
,3591,1,2,1.0
,3591,2,1,0.88977367
,3591,3,1,0.52109915
,3592,0,2,0.99997485
,3592,1,0,0.8212473
,3592,2,0,0.7367473
,3592,3,0,0.7602072
,3593,0,1,0.8896652
,3593,1,1,0.51901966
,3593,2,2,1.0
,3593,3,1,0.52393705
,3594,0,0,0.7431738
,3594,1,0,0.75799906
,3594,2,0,0.81932646
,3594,3,2,1.0
,3595,0,2,1.0
,3595,1,0,0.7683315
,3595,2,0,0.7708331
,3595,3,0,0.8183165
,3596,0,0,0.82138073
,3596,1,0,0.761809
,3596,2,0,0.77120197
,3596,3,2,1.0
,3597,0,1,0.5001919
,3597,1,2,1.0
,3597,2,1,0.5001652
,3597,3,1,0.7455351
,3598,0,2,1.0
,3598,1,0,0.8193062
,3598,2,0,0.75865626
,3598,3,0,0.7499487
,3599,0,2,1.0
,3599,1,0,0.77628803
,3599,2,0,0.77418846
,3599,3,0,0.7738846
,3600,0,2,1.0
,3600,1,0,0.6534654
,3600,2,0,0.6538956
,3600,3,0,0.6538827
,3601,0,2,1.0
,3601,1,0,0.6082754
,3601,2,0,0.6206822
,3601,3,0,0.6206816
,3602,0,1,0.74811536
,3602,1,2,1.0
,3602,2,1,0.5091869
,3602,3,1,0.5091869
,3603,0,2,1.0
,3603,1,0,0.8179787
,3603,2,0,0.7582709
,3603,3,0,0.758271
,3604,0,0,0.81832683
,3604,1,2,1.0
,3604,2,0,0.7686154
,3604,3,0,0.76861554
,3605,0,2,1.0
,3605,1,0,0.81832695
,3605,2,0,0.76898223
,3605,3,0,0.7689823
,3606,0,0,0.8183251
,3606,1,2,1.0
,3606,2,0,0.7689985
,3606,3,0,0.768999
,3607,0,2,1.0
,3607,1,0,0.75500214
,3607,2,0,0.7689862
,3607,3,0,0.7689999
,3608,0,0,0.8135617
,3608,1,2,0.81477284
,3608,2,0,0.7706098
,3608,3,0,0.7709946
,3609,0,2,1.0
,3609,1,1,0.7955924
,3609,2,1,0.5104682
,3609,3,0,0.50183845
,3610,0,1,0.5464077
,3610,1,1,0.83454865
,3610,2,2,1.0
,3610,3,0,0.50820035
,3611,0,0,0.7517867
,3611,1,3,1.0
,3611,2,0,0.8121248
,3611,3,0,0.7581891
,3612,0,1,0.63794386
,3612,1,1,0.97328925
,3612,2,2,1.0
,3612,3,1,0.50089127
,3613,0,2,0.5922295
,3613,1,0,0.7440704
,3613,2,0,0.81329995
,3613,3,0,0.7607333
,3614,0,1,0.83955914
,3614,1,1,0.50136644
,3614,2,2,1.0
,3614,3,1,0.5006289
,3615,0,2,1.0
,3615,1,0,0.760234
,3615,2,0,0.6118539
,3615,3,0,0.76026
,3616,0,1,0.89581233
,3616,1,1,0.5235426
,3616,2,3,1.0
,3616,3,1,0.52354145
,3617,0,2,1.0
,3617,1,1,0.51745266
,3617,2,1,0.9739077
,3617,3,1,0.5174526
,3618,0,1,0.52151644
,3618,1,0,0.7565553
,3618,2,2,1.0
,3618,3,0,0.7565553
,3619,0,3,1.0
,3619,1,0,0.7648317
,3619,2,0,0.6046077
,3619,3,0,0.7648317
,3620,0,1,0.97562486
,3620,1,1,0.5125497
,3620,2,3,1.0
,3620,3,1,0.5125497
,3621,0,2,1.0
,3621,1,1,0.51744705
,3621,2,1,0.9945852
,3621,3,1,0.51744705
,3622,0,0,0.8124085
,3622,1,0,0.7579534
,3622,2,3,1.0
,3622,3,0,0.7579535
,3623,0,2,1.0
,3623,1,1,0.5005878
,3623,2,1,0.97350496
,3623,3,1,0.5005878
,3624,0,1,0.52151227
,3624,1,0,0.7571643
,3624,2,2,1.0
,3624,3,0,0.7571643
,3625,0,3,1.0
,3625,1,0,0.76485527
,3625,2,0,0.6045862
,3625,3,0,0.76485527
,3626,0,1,0.9756183
,3626,1,1,0.5125004
,3626,2,3,1.0
,3626,3,1,0.5125004
,3627,0,2,1.0
,3627,1,1,0.5168186
,3627,2,1,0.9741376
,3627,3,1,0.5168185
,3628,0,0,0.8132413
,3628,1,0,0.76017743
,3628,2,2,0.9883129
,3628,3,0,0.76017845
,3629,0,2,1.0
,3629,1,1,0.5039536
,3629,2,1,0.93662
,3629,3,1,0.5039254
,3630,0,0,0.8122817
,3630,1,0,0.75757223
,3630,2,3,1.0
,3630,3,0,0.7581551
,3631,0,2,1.0
,3631,1,1,0.5191728
,3631,2,1,0.97357595
,3631,3,1,0.5012145
,3632,0,0,0.81780696
,3632,1,1,0.6165772
,3632,2,2,1.0
,3632,3,0,0.7546748
,3633,0,0,0.7684262
,3633,1,3,1.0
,3633,2,0,0.8127729
,3633,3,0,0.766179
,3634,0,0,0.5517648
,3634,1,1,0.93483126
,3634,2,2,1.0
,3634,3,0,0.5516643
,3635,0,0,0.7605315
,3635,1,2,1.0
,3635,2,0,0.8180178
,3635,3,0,0.760528
,3636,0,0,0.7686934
,3636,1,0,0.81832683
,3636,2,2,1.0
,3636,3,0,0.76869524
,3637,0,0,0.76893044
,3637,1,2,1.0
,3637,2,0,0.81832814
,3637,3,0,0.76898634
,3638,0,0,0.76744616
,3638,1,0,0.8192665
,3638,2,2,1.0
,3638,3,0,0.7690251
,3639,0,2,1.0
,3639,1,0,0.75779146
,3639,2,0,0.8182095
,3639,3,0,0.7689361
,3640,0,0,0.8181325
,3640,1,1,0.60189575
,3640,2,2,1.0
,3640,3,0,0.7658299
,3641,0,0,0.7593389
,3641,1,3,1.0
,3641,2,0,0.8196837
,3641,3,0,0.76684326
,3642,0,2,1.0
,3642,1,1,0.9732419
,3642,2,0,0.5001099
,3642,3,0,0.5000177
,3643,0,0,0.8180269
,3643,1,0,0.74192864
,3643,2,2,1.0
,3643,3,0,0.75872093
,3644,0,2,1.0
,3644,1,0,0.7681053
,3644,2,0,0.8183268
,3644,3,0,0.7687
,3645,0,0,0.8145038
,3645,1,0,0.7707583
,3645,2,2,1.0
,3645,3,0,0.7707792
,3646,0,2,1.0
,3646,1,0,0.55313915
,3646,2,1,0.5566916
,3646,3,0,0.55314004
,3647,0,0,0.813052
,3647,1,0,0.7630384
,3647,2,2,1.0
,3647,3,0,0.76303905
,3648,0,2,1.0
,3648,1,1,0.522567
,3648,2,1,0.9756419
,3648,3,1,0.52254647
,3649,0,0,0.6057255
,3649,1,0,0.75619686
,3649,2,3,1.0
,3649,3,0,0.756623
,3650,0,3,1.0
,3650,1,1,0.5260662
,3650,2,1,0.9744175
,3650,3,1,0.5129191
,3651,0,1,0.9739075
,3651,1,2,1.0
,3651,2,1,0.55504346
,3651,3,1,0.51684093
,3652,0,2,1.0
,3652,1,0,0.8178042
,3652,2,1,0.61823213
,3652,3,0,0.7541076
,3653,0,0,0.81275666
,3653,1,0,0.76844126
,3653,2,3,1.0
,3653,3,0,0.7661742
,3654,0,2,1.0
,3654,1,0,0.55079913
,3654,2,1,0.98601955
,3654,3,0,0.55069774
,3655,0,0,0.81244886
,3655,1,0,0.76051015
,3655,2,3,1.0
,3655,3,0,0.7605067
,3656,0,2,1.0
,3656,1,1,0.50113094
,3656,2,1,0.9945034
,3656,3,1,0.5011276
,3657,0,0,0.81242156
,3657,1,0,0.75847304
,3657,2,3,1.0
,3657,3,0,0.7585462
,3658,0,2,1.0
,3658,1,1,0.5024882
,3658,2,1,0.97323114
,3658,3,1,0.50023466
,3659,0,0,0.8180261
,3659,1,2,1.0
,3659,2,0,0.7420109
,3659,3,0,0.75879055
,3660,0,2,1.0
,3660,1,0,0.813675
,3660,2,0,0.7701815
,3660,3,0,0.77078664
,3661,0,1,0.7473007
,3661,1,2,1.0
,3661,2,1,0.50071937
,3661,3,1,0.5002225
,3662,0,2,1.0
,3662,1,0,0.8208365
,3662,2,0,0.7511815
,3662,3,0,0.7608974
,3663,0,1,0.7434269
,3663,1,1,0.5084837
,3663,2,2,1.0
,3663,3,0,0.50199467
,3664,0,1,0.52877694
,3664,1,2,1.0
,3664,2,1,0.74680465
,3664,3,1,0.51557064
,3665,0,2,1.0
,3665,1,0,0.8133446
,3665,2,0,0.7518464
,3665,3,0,0.7604313
,3666,0,1,0.7433071
,3666,1,2,1.0
,3666,2,1,0.5114258
,3666,3,0,0.50208
,3667,0,1,0.5267307
,3667,1,1,0.748654
,3667,2,2,1.0
,3667,3,1,0.51596814
,3668,0,0,0.75777036
,3668,1,2,1.0
,3668,2,0,0.8193718
,3668,3,0,0.7564441
,3669,0,0,0.77088976
,3669,1,0,0.8133477
,3669,2,0,0.77299
,3669,3,2,1.0
,3670,0,1,0.5212601
,3670,1,2,1.0
,3670,2,1,0.5233339
,3670,3,1,0.8896109
,3671,0,0,0.7563071
,3671,1,0,0.81927735
,3671,2,2,1.0
,3671,3,0,0.74485695
,3672,0,2,1.0
,3672,1,0,0.7692215
,3672,2,0,0.8196379
,3672,3,0,0.7681487
,3673,0,0,0.81832117
,3673,1,2,1.0
,3673,2,0,0.77071804
,3673,3,0,0.7689497
,3674,0,2,1.0
,3674,1,0,0.81960106
,3674,2,0,0.7675149
,3674,3,0,0.769025
,3675,0,0,0.8194195
,3675,1,0,0.7692346
,3675,2,2,1.0
,3675,3,0,0.7690946
,3676,0,0,0.76325893
,3676,1,2,1.0
,3676,2,0,0.82129186
,3676,3,0,0.7713985
,3677,0,2,1.0
,3677,1,1,0.8885348
,3677,2,1,0.52974147
,3677,3,1,0.51779133
,3678,0,1,0.9569716
,3678,1,1,0.56756294
,3678,2,2,1.0
,3678,3,1,0.5374236
,3679,0,1,0.57040024
,3679,1,2,1.0
,3679,2,1,0.95691115
,3679,3,1,0.5385925
,3680,0,2,1.0
,3680,1,1,0.8902283
,3680,2,1,0.5544011
,3680,3,1,0.53824645
,3681,0,0,0.81932324
,3681,1,0,0.74477434
,3681,2,0,0.75512457
,3681,3,2,1.0
,3682,0,0,0.7707843
,3682,1,0,0.766571
,3682,2,2,1.0
,3682,3,0,0.81963956
,3683,0,0,0.7689865
,3683,1,2,1.0
,3683,2,0,0.8183209
,3683,3,0,0.7707725
,3684,0,0,0.7674532
,3684,1,0,0.8196012
,3684,2,2,1.0
,3684,3,0,0.7690866
,3685,0,2,0.9999999
,3685,1,0,0.7692366
,3685,2,0,0.81959414
,3685,3,0,0.7690122
,3686,0,0,0.8194312
,3686,1,2,1.0
,3686,2,0,0.76923436
,3686,3,0,0.7690852
,3687,0,0,0.76363873
,3687,1,0,0.8213738
,3687,2,2,1.0
,3687,3,0,0.7711226
,3688,0,2,1.0
,3688,1,1,0.50019157
,3688,2,1,0.7455552
,3688,3,1,0.50019497
,3689,0,0,0.81800586
,3689,1,2,1.0
,3689,2,0,0.7493721
,3689,3,0,0.75809324
,3690,0,2,1.0
,3690,1,0,0.8061625
,3690,2,0,0.7520353
,3690,3,0,0.75235844
,0,0,2,0.614798
,0,1,0,1.0
,0,2,0,1.0
,0,3,0,1.0
,1,0,0,0.64702624
,1,1,2,1.0
,1,2,0,0.7768982
,1,3,0,0.7753899
,2,0,0,0.76464355
,2,1,0,0.8196762
,2,2,0,0.76771015
,2,3,2,1.0
,3,0,0,0.76724875
,3,1,0,0.7705579
,3,2,2,1.0
,3,3,0,0.81974167
,4,0,2,1.0
,4,1,0,0.7618168
,4,2,0,0.81291944
,4,3,0,0.772881
,5,0,1,0.74965376
,5,1,2,1.0
,5,2,1,0.8362481
,5,3,1,0.5100506
,6,0,0,0.7392294
,6,1,0,0.8198431
,6,2,3,1.0
,6,3,0,0.75740784
,7,0,2,1.0
,7,1,0,0.5001875
,7,2,1,0.9730388
,7,3,1,0.500156
,8,0,0,0.6076167
,8,1,2,1.0
,8,2,0,0.74343675
,8,3,0,0.75976294
,9,0,3,1.0
,9,1,1,0.74905556
,9,2,1,0.5136725
,9,3,1,0.5257397
,10,0,1,0.99453247
,10,1,1,0.5274245
,10,2,1,0.51735526
,10,3,2,1.0
,11,0,3,1.0
,11,1,0,0.757165
,11,2,0,0.7493921
,11,3,0,0.8199283
,12,0,1,0.98592037
,12,1,0,0.5497118
,12,2,2,1.0
,12,3,0,0.5530429
,13,0,3,1.0
,13,1,0,0.74979836
,13,2,0,0.81243736
,13,3,0,0.7604515
,14,0,1,0.9750942
,14,1,1,0.8365898
,14,2,2,1.0
,14,3,1,0.5101738
,15,0,1,0.5020439
,15,1,3,1.0
,15,2,0,0.8188752
,15,3,0,0.75459635
,16,0,3,0.95281994
,16,1,1,0.97525066
,16,2,1,0.50823843
,16,3,1,0.5109878
,17,0,1,0.96276516
,17,1,2,1.0
,17,2,1,0.5186251
,17,3,1,0.51655835
,18,0,0,0.7423238
,18,1,0,0.81917393
,18,2,2,1.0
,18,3,0,0.7561516
,19,0,0,0.7695561
,19,1,0,0.7637843
,19,2,0,0.82142127
,19,3,2,0.99912906
,20,0,1,0.5189145
,20,1,2,1.0
,20,2,0,0.50135964
,20,3,1,0.7480204
,21,0,1,0.6163131
,21,1,0,0.8176427
,21,2,0,0.75485075
,21,3,2,1.0
,22,0,3,1.0
,22,1,0,0.7605351
,22,2,0,0.7661742
,22,3,0,0.8194997
,23,0,1,0.9859406
,23,1,2,1.0
,23,2,0,0.5516028
,23,3,0,0.55400085
,24,0,3,0.99999905
,24,1,0,0.6072107
,24,2,0,0.76141095
,24,3,0,0.7614959
,25,0,1,0.9754328
,25,1,3,1.0
,25,2,1,0.51281846
,25,3,1,0.51281464
,26,0,2,1.0
,26,1,1,0.9736983
,26,2,1,0.5167235
,26,3,1,0.5167204
,27,0,0,0.81797135
,27,1,2,1.0
,27,2,0,0.75788575
,27,3,0,0.7579446
,28,0,2,1.0
,28,1,0,0.8196802
,28,2,0,0.7670266
,28,3,0,0.7686332
,29,0,0,0.8183293
,29,1,0,0.77072436
,29,2,2,1.0
,29,3,0,0.768969
,30,0,2,1.0
,30,1,0,0.7674856
,30,2,0,0.8196346
,30,3,0,0.7690247
,31,0,0,0.8196276
,31,1,2,1.0
,31,2,0,0.7692127
,31,3,0,0.7690098
,32,0,0,0.7692126
,32,1,0,0.8196268
,32,2,2,1.0
,32,3,0,0.7690104
,33,0,2,1.0
,33,1,0,0.7691742
,33,2,0,0.81968385
,33,3,0,0.7690288
,34,0,1,0.5213749
,34,1,2,1.0
,34,2,0,0.7693
,34,3,0,0.76782197
,35,0,3,1.0
,35,1,0,0.8195276
,35,2,0,0.75722396
,35,3,0,0.766367
,36,0,1,0.97332555
,36,1,0,0.50214475
,36,2,2,1.0
,36,3,1,0.50022256
,37,0,2,1.0
,37,1,0,0.75861996
,37,2,0,0.8179723
,37,3,0,0.75853384
,38,0,0,0.8183361
,38,1,0,0.76863027
,38,2,2,1.0
,38,3,0,0.76857024
,39,0,2,1.0
,39,1,0,0.7690108
,39,2,0,0.81968206
,39,3,0,0.76740783
,40,0,0,0.8183293
,40,1,0,0.7689255
,40,2,0,0.77078104
,40,3,2,1.0
,41,0,2,1.0
,41,1,0,0.7674201
,41,2,0,0.7690884
,41,3,0,0.819682
,42,0,0,0.81832784
,42,1,2,1.0
,42,2,0,0.7689736
,42,3,0,0.77078074
,43,0,2,1.0
,43,1,0,0.81830364
,43,2,0,0.7686974
,43,3,0,0.7690814
,44,0,1,0.519142
,44,1,2,1.0
,44,2,0,0.7587849
,44,3,0,0.76782
,45,0,3,1.0
,45,1,0,0.8178781
,45,2,0,0.5077339
,45,3,0,0.762392
,46,0,1,0.93579894
,46,1,0,0.5167415
,46,2,3,1.0
,46,3,0,0.5143411
,47,0,2,1.0
,47,1,0,0.75806206
,47,2,1,0.62837994
,47,3,0,0.7596787
,48,0,1,0.521335
,48,1,2,1.0
,48,2,0,0.75374043
,48,3,0,0.76755214
,49,0,3,1.0
,49,1,0,0.8119038
,49,2,0,0.76586956
,49,3,0,0.76636
,50,0,1,0.97331524
,50,1,2,1.0
,50,2,1,0.50013506
,50,3,1,0.50019336
,51,0,2,1.0
,51,1,0,0.81927675
,51,2,0,0.7585729
,51,3,0,0.75692225
,52,0,0,0.8196739
,52,1,0,0.7691969
,52,2,0,0.76857877
,52,3,2,1.0
,53,0,0,0.77080953
,53,1,2,1.0
,53,2,0,0.76738733
,53,3,0,0.8192934
,54,0,0,0.76900184
,54,1,0,0.8182203
,54,2,2,1.0
,54,3,0,0.7578019
,55,0,0,0.765849
,55,1,2,1.0
,55,2,0,0.8184655
,55,3,1,0.6009758
,56,0,0,0.76525456
,56,1,0,0.6049526
,56,2,0,0.7675429
,56,3,3,1.0
,57,0,1,0.5252881
,57,1,3,1.0
,57,2,1,0.5123658
,57,3,1,0.9742097
,58,0,2,1.0
,58,1,1,0.9944994
,58,2,1,0.51707965
,58,3,1,0.54940057
,59,0,0,0.8188171
,59,1,3,1.0
,59,2,0,0.75504386
,59,3,0,0.50857145
,60,0,1,0.5219529
,60,1,1,0.97411776
,60,2,1,0.51185423
,60,3,3,1.0
,61,0,2,1.0
,61,1,1,0.5466002
,61,2,1,0.51331294
,61,3,1,0.9731143
,62,0,1,0.7487727
,62,1,2,1.0
,62,2,1,0.516532
,62,3,1,0.53689456
,63,0,2,1.0
,63,1,0,0.8193386
,63,2,0,0.7563776
,63,3,0,0.7573076
,64,0,0,0.8183277
,64,1,0,0.77070856
,64,2,2,1.0
,64,3,0,0.76856333
,65,0,2,1.0
,65,1,0,0.7674838
,65,2,0,0.81968033
,65,3,0,0.76901007
,66,0,0,0.8183293
,66,1,2,1.0
,66,2,0,0.77072424
,66,3,0,0.7689824
,67,0,2,1.0
,67,1,0,0.81968415
,67,2,0,0.7674841
,67,3,0,0.7690275
,68,0,0,0.8183274
,68,1,0,0.7708561
,68,2,2,1.0
,68,3,0,0.769056
,69,0,2,1.0
,69,1,0,0.771147
,69,2,0,0.8138617
,69,3,0,0.771014
,70,0,1,0.74560094
,70,1,0,0.5000011
,70,2,2,1.0
,70,3,1,0.5022141
,71,0,0,0.7499102
,71,1,0,0.75705266
,71,2,0,0.81899154
,71,3,2,1.0
,72,0,0,0.7665434
,72,1,2,1.0
,72,2,0,0.7577907
,72,3,0,0.81967926
,73,0,2,1.0
,73,1,0,0.81843144
,73,2,1,0.60176957
,73,3,0,0.7676206
,74,0,0,0.8121092
,74,1,0,0.76866794
,74,2,3,1.0
,74,3,0,0.76685655
,75,0,2,1.0
,75,1,1,0.50001603
,75,2,1,0.973316
,75,3,1,0.5000967
,76,0,0,0.8179724
,76,1,0,0.75854456
,76,2,2,1.0
,76,3,0,0.75854117
,77,0,2,1.0
,77,1,0,0.7686427
,77,2,0,0.8183061
,77,3,0,0.76862603
,78,0,1,0.5219133
,78,1,0,0.7677356
,78,2,2,1.0
,78,3,0,0.7672684
,79,0,3,1.0
,79,1,0,0.765105
,79,2,0,0.81808877
,79,3,0,0.75196606
,80,0,2,1.0
,80,1,0,0.77191436
,80,2,0,0.77378064
,80,3,1,0.59358585
,81,0,0,0.812093
,81,1,0,0.76700056
,81,2,0,0.7670793
,81,3,3,1.0
,82,0,2,1.0
,82,1,1,0.5011168
,82,2,1,0.5007294
,82,3,1,0.9944446
,83,0,0,0.60733443
,83,1,0,0.7495054
,83,2,0,0.75743306
,83,3,3,1.0
,84,0,3,1.0
,84,1,1,0.7605063
,84,2,1,0.5165034
,84,3,1,0.9744815
,85,0,1,0.97523427
,85,1,3,1.0
,85,2,1,0.5228292
,85,3,1,0.5431872
,86,0,2,1.0
,86,1,1,0.9734424
,86,2,1,0.5176081
,86,3,1,0.52015847
,87,0,0,0.81791586
,87,1,0,0.74178934
,87,2,0,0.74458283
,87,3,2,1.0
,88,0,2,1.0
,88,1,0,0.7648613
,88,2,1,0.6023426
,88,3,0,0.8184434
,89,0,0,0.81211793
,89,1,0,0.76669
,89,2,3,1.0
,89,3,0,0.76867545
,90,0,2,1.0
,90,1,1,0.50211436
,90,2,1,0.9730413
,90,3,0,0.5003364
,91,0,1,0.5219841
,91,1,2,1.0
,91,2,0,0.74046206
,91,3,0,0.7570125
,92,0,3,1.0
,92,1,0,0.81952566
,92,2,0,0.76540464
,92,3,0,0.75676346
,93,0,1,0.9944624
,93,1,0,0.5010398
,93,2,1,0.50091326
,93,3,2,1.0
,94,0,3,1.0
,94,1,0,0.7491339
,94,2,0,0.75846094
,94,3,0,0.8201953
,95,0,1,0.97336036
,95,1,2,1.0
,95,2,1,0.5006174
,95,3,0,0.50218904
,96,0,2,0.9981804
,96,1,0,0.81932473
,96,2,0,0.756898
,96,3,0,0.758181
,97,0,0,0.81740236
,97,1,0,0.77071065
,97,2,2,1.0
,97,3,0,0.7555545
,98,0,2,1.0
,98,1,0,0.76563793
,98,2,0,0.8184651
,98,3,1,0.6009035
,99,0,0,0.5979994
,99,1,0,0.75725234
,99,2,0,0.7671179
,99,3,3,1.0
,100,0,3,1.0
,100,1,1,0.7449591
,100,2,0,0.5044626
,100,3,1,0.93507725
,101,0,1,0.97395265
,101,1,3,0.9999988
,101,2,1,0.5217523
,101,3,1,0.5540685
,102,0,1,0.5347865
,102,1,1,0.99137294
,102,2,1,0.5146761
,102,3,2,1.0
,103,0,0,0.51387703
,103,1,3,1.0
,103,2,0,0.51489043
,103,3,1,0.55726576
,104,0,1,0.51706564
,104,1,1,0.9751666
,104,2,1,0.5145132
,104,3,2,1.0
,105,0,2,1.0
,105,1,1,0.63545686
,105,2,0,0.7543965
,105,3,0,0.8107619
,106,0,0,0.81864744
,106,1,3,1.0
,106,2,0,0.7630933
,106,3,0,0.524362
,107,0,1,0.5093555
,107,1,1,0.97410023
,107,2,1,0.52457523
,107,3,3,1.0
,108,0,1,0.5158594
,108,1,1,0.5387247
,108,2,2,1.0
,108,3,1,0.9733888
,109,0,0,0.75650525
,109,1,2,1.0
,109,2,0,0.8194439
,109,3,0,0.74195516
,110,0,2,1.0
,110,1,0,0.82147104
,110,2,0,0.7729531
,110,3,0,0.7698143
,111,0,3,1.0
,111,1,0,0.51657057
,111,2,0,0.5144218
,111,3,0,0.5014645
,112,0,1,0.99452865
,112,1,1,0.5158556
,112,2,1,0.5154961
,112,3,2,1.0
,113,0,3,1.0
,113,1,0,0.7485206
,113,2,0,0.7579392
,113,3,0,0.8201324
,114,0,1,0.9730523
,114,1,2,1.0
,114,2,1,0.50021356
,114,3,0,0.5002658
,115,0,0,0.74138147
,115,1,0,0.8180321
,115,2,0,0.7586939
,115,3,2,1.0
,116,0,0,0.75492674
,116,1,2,1.0
,116,2,0,0.76859015
,116,3,0,0.8182281
,117,0,1,0.60186476
,117,1,0,0.81844276
,117,2,0,0.765821
,117,3,2,1.0
,118,0,3,1.0
,118,1,0,0.7686669
,118,2,0,0.76679367
,118,3,0,0.8121099
,119,0,1,0.97331464
,119,1,1,0.50008357
,119,2,1,0.50008297
,119,3,2,1.0
,120,0,2,1.0
,120,1,0,0.7569238
,120,2,0,0.7586526
,120,3,0,0.81911933
,121,0,0,0.821417
,121,1,2,1.0
,121,2,0,0.77062523
,121,3,0,0.76380724
,122,0,0,0.50221944
,122,1,1,0.7456967
,122,2,1,0.5023312
,122,3,2,1.0
,123,0,0,0.7587752
,123,1,0,0.74827707
,123,2,2,1.0
,123,3,0,0.81937677
,124,0,0,0.768354
,124,1,2,1.0
,124,2,0,0.8176112
,124,3,0,0.77084297
,125,0,0,0.76162595
,125,1,0,0.82155234
,125,2,2,0.99790865
,125,3,0,0.77123547
,126,0,2,1.0
,126,1,1,0.5188425
,126,2,1,0.8899033
,126,3,1,0.5233466
,127,0,0,0.81800646
,127,1,0,0.75790036
,127,2,0,0.74444526
,127,3,2,1.0
,128,0,2,1.0
,128,1,0,0.7669217
,128,2,0,0.75969124
,128,3,0,0.8197517
,129,0,0,0.8208227
,129,1,2,1.0
,129,2,0,0.5294387
,129,3,0,0.7711896
,130,0,1,0.5092829
,130,1,1,0.75861174
,130,2,3,1.0
,130,3,1,0.5114629
,131,0,1,0.5339502
,131,1,2,1.0
,131,2,1,0.99803925
,131,3,1,0.533669
,132,0,0,0.7485125
,132,1,0,0.6104117
,132,2,3,1.0
,132,3,0,0.7563661
,133,0,1,0.7659149
,133,1,3,1.0
,133,2,1,0.9905905
,133,3,1,0.5240801
,134,0,3,0.9999999
,134,1,1,0.99092823
,134,2,1,0.5437615
,134,3,1,0.52309996
,135,0,1,0.99089456
,135,1,3,0.9999989
,135,2,1,0.5345661
,135,3,1,0.53365606
,136,0,2,1.0
,136,1,1,0.99454325
,136,2,1,0.5184326
,136,3,1,0.51839215
,137,0,0,0.8125902
,137,1,3,1.0
,137,2,0,0.7578323
,137,3,0,0.7578364
,138,0,2,1.0
,138,1,1,0.9733114
,138,2,1,0.50053173
,138,3,1,0.5004484
,139,0,0,0.8193429
,139,1,2,1.0
,139,2,0,0.7568695
,139,3,0,0.758584
,140,0,0,0.7696217
,140,1,1,0.52055174
,140,2,2,1.0
,140,3,0,0.76747096
,141,0,0,0.76489854
,141,1,3,1.0
,141,2,0,0.6047915
,141,3,0,0.76516175
,142,0,1,0.52345425
,142,1,1,0.99112207
,142,2,3,1.0
,142,3,1,0.51274794
,143,0,1,0.7668101
,143,1,3,1.0
,143,2,1,0.97424865
,143,3,1,0.5251559
,144,0,3,1.0
,144,1,1,0.9739371
,144,2,1,0.5560538
,144,3,1,0.5228745
,145,0,1,0.9904569
,145,1,1,0.5542467
,145,2,2,1.0
,145,3,1,0.5339147
,146,0,2,1.0
,146,1,0,0.7493215
,146,2,0,0.8209851
,146,3,0,0.75943685
,147,0,1,0.7456455
,147,1,2,1.0
,147,2,1,0.50011766
,147,3,1,0.5005695
,148,0,0,0.7499349
,148,1,0,0.81802475
,148,2,2,1.0
,148,3,0,0.758594
,149,0,0,0.7682933
,149,1,2,1.0
,149,2,0,0.81968343
,149,3,0,0.7670553
,150,0,0,0.76734346
,150,1,0,0.8196936
,150,2,0,0.77082735
,150,3,2,1.0
,151,0,2,1.0
,151,1,0,0.7696284
,151,2,0,0.767889
,151,3,1,0.52137697
,152,0,0,0.8119
,152,1,0,0.76653165
,152,2,0,0.7664696
,152,3,3,1.0
,153,0,2,1.0
,153,1,0,0.5027587
,153,2,0,0.5027558
,153,3,1,0.974099
,154,0,1,0.74898005
,154,1,1,0.5161822
,154,2,1,0.5161832
,154,3,2,1.0
,155,0,2,0.9999995
,155,1,0,0.7601498
,155,2,0,0.7601315
,155,3,0,0.8134995
,156,0,1,0.7474433
,156,1,1,0.5007689
,156,2,1,0.5013335
,156,3,2,1.0
,157,0,2,1.0
,157,1,0,0.75674134
,157,2,0,0.74511343
,157,3,0,0.8193394
,158,0,0,0.81815577
,158,1,2,1.0
,158,2,1,0.6023611
,158,3,0,0.76760215
,159,0,0,0.7595054
,159,1,0,0.8197367
,159,2,3,1.0
,159,3,0,0.7668646
,160,0,2,1.0
,160,1,0,0.50151575
,160,2,1,0.9944624
,160,3,1,0.5008414
,161,0,0,0.8126005
,161,1,0,0.75855064
,161,2,3,1.0
,161,3,0,0.75839484
,162,0,2,1.0
,162,1,1,0.5001395
,162,2,1,0.97303945
,162,3,1,0.50235397
,163,0,0,0.8194498
,163,1,0,0.7570788
,163,2,0,0.7416512
,163,3,2,1.0
,164,0,0,0.7728326
,164,1,2,1.0
,164,2,0,0.7610033
,164,3,0,0.82135755
,165,0,1,0.5002945
,165,1,1,0.745556
,165,2,2,1.0
,165,3,1,0.50008124
,166,0,0,0.751462
,166,1,0,0.75212306
,166,2,0,0.82105535
,166,3,2,1.0
,167,0,2,1.0
,167,1,1,0.50122726
,167,2,1,0.5001092
,167,3,1,0.7455594
,168,0,0,0.8210554
,168,1,0,0.7514282
,168,2,2,0.99998856
,168,3,0,0.7521379
,169,0,1,0.50010586
,169,1,2,1.0
,169,2,1,0.74556214
,169,3,1,0.50077635
,170,0,2,0.99999726
,170,1,0,0.8135421
,170,2,0,0.752137
,170,3,0,0.76071465
,171,0,1,0.7456612
,171,1,2,1.0
,171,2,1,0.50076365
,171,3,1,0.50267506
,172,0,0,0.7482782
,172,1,0,0.81944144
,172,2,0,0.7587617
,172,3,2,1.0
,173,0,2,1.0
,173,1,0,0.77293783
,173,2,0,0.77079463
,173,3,0,0.81384444
,174,0,1,0.7531324
,174,1,0,0.50270295
,174,2,0,0.5025057
,174,3,2,1.0
,175,0,2,1.0
,175,1,1,0.51591015
,175,2,1,0.518205
,175,3,1,0.74716467
,176,0,0,0.8193226
,176,1,0,0.7581271
,176,2,2,1.0
,176,3,0,0.7482147
,177,0,0,0.7691978
,177,1,0,0.7685622
,177,2,0,0.81967175
,177,3,2,1.0
,178,0,2,1.0
,178,1,0,0.76739293
,178,2,0,0.7707522
,178,3,0,0.8196683
,179,0,0,0.8197387
,179,1,2,1.0
,179,2,0,0.76746714
,179,3,0,0.77056277
,180,0,0,0.7728547
,180,1,0,0.82135814
,180,2,2,1.0
,180,3,0,0.76205146
,181,0,0,0.50005513
,181,1,1,0.500075
,181,2,1,0.74569744
,181,3,2,1.0
,182,0,0,0.75870854
,182,1,2,1.0
,182,2,0,0.74827784
,182,3,0,0.8193731
,183,0,0,0.76861197
,183,1,0,0.8183273
,183,2,2,1.0
,183,3,0,0.77070874
,184,0,0,0.769012
,184,1,2,1.0
,184,2,0,0.8196344
,184,3,0,0.76748514
,185,0,0,0.7690073
,185,1,0,0.8196276
,185,2,0,0.7692129
,185,3,2,1.0
,186,0,0,0.7689535
,186,1,0,0.7692136
,186,2,2,1.0
,186,3,0,0.8196738
,187,0,0,0.7674068
,187,1,2,0.9999999
,187,2,0,0.81967545
,187,3,0,0.77075225
,188,0,2,1.0
,188,1,0,0.81962746
,188,2,0,0.7708075
,188,3,0,0.7674695
,189,0,0,0.8196732
,189,1,0,0.7692094
,189,2,0,0.7690724
,189,3,2,1.0
,190,0,0,0.77072436
,190,1,2,0.99999595
,190,2,0,0.7689848
,190,3,0,0.8183294
,191,0,0,0.7674855
,191,1,0,0.81959933
,191,2,0,0.7690255
,191,3,2,1.0
,192,0,2,1.0
,192,1,0,0.76808196
,192,2,0,0.7690104
,192,3,0,0.81929386
,193,0,0,0.81821936
,193,1,2,0.9969321
,193,2,0,0.7689388
,193,3,0,0.7578412
,194,0,2,1.0
,194,1,0,0.8099011
,194,2,0,0.76584125
,194,3,1,0.5998963
,195,0,0,0.8185454
,195,1,0,0.5239696
,195,2,0,0.7632508
,195,3,3,1.0
,196,0,1,0.5093562
,196,1,3,1.0
,196,2,1,0.5245684
,196,3,1,0.97410023
,197,0,1,0.51578945
,197,1,1,0.9733983
,197,2,2,1.0
,197,3,1,0.5387346
,198,0,0,0.7581619
,198,1,0,0.74016184
,198,2,0,0.8193339
,198,3,2,1.0
,199,0,0,0.7686207
,199,1,2,1.0
,199,2,0,0.7691947
,199,3,0,0.8196654
,200,0,0,0.7690418
,200,1,0,0.8183274
,200,2,2,1.0
,200,3,0,0.7705356
,201,0,0,0.7710124
,201,1,2,1.0
,201,2,0,0.8214254
,201,3,0,0.7620693
,202,0,1,0.50231576
,202,1,1,0.74569726
,202,2,0,0.5022187
,202,3,2,1.0
,203,0,2,1.0
,203,1,0,0.74827707
,203,2,0,0.7587847
,203,3,0,0.81937456
,204,0,0,0.81832606
,204,1,2,1.0
,204,2,0,0.7686134
,204,3,0,0.7707641
,205,0,2,1.0
,205,1,0,0.81833494
,205,2,0,0.768984
,205,3,0,0.7690603
,206,0,0,0.81833357
,206,1,2,1.0
,206,2,0,0.7690009
,206,3,0,0.76900357
,207,0,2,1.0
,207,1,0,0.7906132
,207,2,0,0.7690099
,207,3,0,0.76901007
,208,0,0,0.81377345
,208,1,2,0.9189116
,208,2,0,0.7708856
,208,3,0,0.7708855
,209,0,2,1.0
,209,1,1,0.7657502
,209,2,1,0.5001829
,209,3,1,0.5001828
,210,0,0,0.8179889
,210,1,2,1.0
,210,2,0,0.7585783
,210,3,0,0.75857884
,211,0,2,0.99999976
,211,1,0,0.81833494
,211,2,0,0.76861525
,211,3,0,0.7686277
,212,0,0,0.81833506
,212,1,2,1.0
,212,2,0,0.7686343
,212,3,0,0.76898444
,213,0,2,1.0
,213,1,0,0.81833535
,213,2,0,0.7591263
,213,3,0,0.76898926
,214,0,0,0.81973827
,214,1,2,1.0
,214,2,1,0.5091182
,214,3,0,0.76875436
,215,0,0,0.772908
,215,1,0,0.82118297
,215,2,3,0.75318015
,215,3,0,0.7619341
,216,0,0,0.50216424
,216,1,1,0.5068896
,216,2,1,0.91633236
,216,3,2,0.99995494
,217,0,0,0.53147054
,217,1,2,1.0
,217,2,0,0.51264966
,217,3,1,0.5545049
,218,0,0,0.7598658
,218,1,0,0.81805325
,218,2,0,0.75913537
,218,3,2,1.0
,219,0,0,0.76877844
,219,1,2,1.0
,219,2,0,0.7670707
,219,3,0,0.8197436
,220,0,0,0.7710628
,220,1,0,0.81385434
,220,2,2,1.0
,220,3,0,0.7727856
,221,0,0,0.5001737
,221,1,2,1.0
,221,2,1,0.74552375
,221,3,1,0.50215036
,222,0,0,0.7608262
,222,1,0,0.81353724
,222,2,0,0.75205886
,222,3,2,0.9999999
,223,0,1,0.5005882
,223,1,2,1.0
,223,2,1,0.50348765
,223,3,1,0.75905657
,224,0,0,0.75488865
,224,1,0,0.81792736
,224,2,2,0.999995
,224,3,1,0.6272486
,225,0,0,0.7666189
,225,1,0,0.76889026
,225,2,0,0.8121639
,225,3,3,1.0
,226,0,0,0.5019377
,226,1,0,0.5028362
,226,2,2,1.0
,226,3,1,0.9741034
,227,0,1,0.5347531
,227,1,1,0.5167986
,227,2,1,0.7492996
,227,3,2,1.0
,228,0,1,0.6170825
,228,1,0,0.75416386
,228,2,2,1.0
,228,3,0,0.8176006
,229,0,3,1.0
,229,1,0,0.76615745
,229,2,0,0.8198461
,229,3,0,0.75959164
,230,0,1,0.97277874
,230,1,1,0.5101358
,230,2,0,0.5050513
,230,3,2,1.0
,231,0,1,0.5368281
,231,1,2,1.0
,231,2,1,0.51558334
,231,3,1,0.74875456
,232,0,0,0.757275
,232,1,0,0.8179888
,232,2,0,0.75803065
,232,3,2,1.0
,233,0,0,0.7685815
,233,1,2,1.0
,233,2,0,0.76860845
,233,3,0,0.81833506
,234,0,0,0.7689811
,234,1,0,0.8183351
,234,2,0,0.768984
,234,3,2,1.0
,235,0,0,0.7689416
,235,1,2,1.0
,235,2,0,0.7689985
,235,3,0,0.8183363
,236,0,0,0.7674224
,236,1,0,0.8196346
,236,2,0,0.76902604
,236,3,2,1.0
,237,0,2,1.0
,237,1,0,0.7692127
,237,2,0,0.7690099
,237,3,0,0.8196276
,238,0,0,0.81967515
,238,1,2,1.0
,238,2,0,0.7690092
,238,3,0,0.76921135
,239,0,0,0.7707797
,239,1,0,0.81832814
,239,2,0,0.7689813
,239,3,2,1.0
,240,0,0,0.76905876
,240,1,2,1.0
,240,2,0,0.7689969
,240,3,0,0.81833494
,241,0,0,0.76894426
,241,1,0,0.8183363
,241,2,0,0.7689991
,241,3,2,1.0
,242,0,0,0.7674211
,242,1,2,1.0
,242,2,0,0.76902586
,242,3,0,0.81968033
,243,0,2,1.0
,243,1,0,0.8183293
,243,2,0,0.76898295
,243,3,0,0.77072436
,244,0,0,0.8196345
,244,1,2,1.0
,244,2,0,0.7690251
,244,3,0,0.7674856
,245,0,0,0.7692128
,245,1,0,0.8196276
,245,2,0,0.7690077
,245,3,2,1.0
,246,0,2,1.0
,246,1,0,0.7692136
,246,2,0,0.76895344
,246,3,0,0.81967556
,247,0,0,0.8187091
,247,1,2,1.0
,247,2,0,0.7674042
,247,3,0,0.7708107
,248,0,0,0.73821795
,248,1,0,0.8194529
,248,2,2,1.0
,248,3,0,0.7691059
,249,0,2,0.91556054
,249,1,0,0.7637623
,249,2,0,0.821397
,249,3,0,0.7710166
,250,0,1,0.7665431
,250,1,2,1.0
,250,2,0,0.5019402
,250,3,1,0.50027984
,251,0,2,1.0
,251,1,0,0.8179859
,251,2,0,0.75817925
,251,3,0,0.75857615
,252,0,0,0.8182272
,252,1,2,0.9999999
,252,2,0,0.75554144
,252,3,0,0.76858115
,253,0,2,1.0
,253,1,0,0.8183783
,253,2,1,0.6018757
,253,3,0,0.76574236
,254,0,0,0.8165915
,254,1,0,0.7666149
,254,2,3,1.0
,254,3,0,0.76472735
,255,0,2,1.0
,255,1,0,0.7673171
,255,2,1,0.8940724
,255,3,0,0.7672499
,256,0,0,0.8172639
,256,1,0,0.7662902
,256,2,3,1.0
,256,3,0,0.7662878
,257,0,2,1.0
,257,1,0,0.76938015
,257,2,1,0.62961274
,257,3,0,0.76938206
,258,0,0,0.8183057
,258,1,0,0.7688812
,258,2,2,1.0
,258,3,0,0.7689382
,259,0,2,1.0
,259,1,0,0.76741844
,259,2,0,0.8196819
,259,3,0,0.7690233
,260,0,0,0.81832814
,260,1,2,1.0
,260,2,0,0.7707797
,260,3,0,0.76897955
,261,0,2,1.0
,261,1,0,0.8183362
,261,2,0,0.769062
,261,3,0,0.7689412
,262,0,0,0.8196346
,262,1,2,1.0
,262,2,0,0.769031
,262,3,0,0.7674224
,263,0,0,0.7692105
,263,1,0,0.8197387
,263,2,0,0.7690862
,263,3,2,1.0
,264,0,2,1.0
,264,1,0,0.77285683
,264,2,0,0.7710674
,264,3,0,0.8138498
,265,0,1,0.7474322
,265,1,1,0.50009954
,265,2,1,0.50025934
,265,3,2,1.0
,266,0,2,1.0
,266,1,0,0.7586169
,266,2,0,0.7569619
,266,3,0,0.8193414
,267,0,0,0.8183276
,267,1,0,0.76855165
,267,2,2,1.0
,267,3,0,0.7707661
,268,0,2,1.0
,268,1,0,0.7673695
,268,2,0,0.81970006
,268,3,0,0.7691066
,269,0,1,0.52136064
,269,1,2,1.0
,269,2,0,0.76961446
,269,3,0,0.76779264
,270,0,3,1.0
,270,1,0,0.81264776
,270,2,0,0.7660881
,270,3,0,0.76544166
,271,0,1,0.9345547
,271,1,2,0.99999917
,271,2,0,0.55006206
,271,3,0,0.5321848
,272,0,2,1.0
,272,1,0,0.8179273
,272,2,0,0.75672877
,272,3,1,0.61378443
,273,0,0,0.8129396
,273,1,0,0.7683114
,273,2,0,0.76620084
,273,3,3,1.0
,274,0,2,1.0
,274,1,0,0.5507585
,274,2,0,0.5529179
,274,3,1,0.93385106
,275,0,0,0.81809366
,275,1,2,1.0
,275,2,0,0.76066667
,275,3,0,0.7434257
,276,0,2,1.0
,276,1,0,0.81974983
,276,2,0,0.76710105
,276,3,0,0.7682003
,277,0,0,0.8138432
,277,1,0,0.7729649
,277,2,2,0.9999292
,277,3,0,0.7711321
,278,0,2,1.0
,278,1,0,0.50284505
,278,2,1,0.8693822
,278,3,0,0.50229275
,279,0,1,0.9597273
,279,1,1,0.53213966
,279,2,3,0.823016
,279,3,1,0.5427977
,280,0,3,1.0
,280,1,1,0.5264923
,280,2,1,0.9345288
,280,3,1,0.76773
,281,0,1,0.97396207
,281,1,1,0.5233119
,281,2,1,0.55396086
,281,3,3,1.0
,282,0,1,0.5364378
,282,1,1,0.5186838
,282,2,2,1.0
,282,3,1,0.973389
,283,0,0,0.75739676
,283,1,2,1.0
,283,2,0,0.8180318
,283,3,0,0.7418409
,284,0,0,0.7685883
,284,1,0,0.8183326
,284,2,2,1.0
,284,3,0,0.767573
,285,0,0,0.7689397
,285,1,2,1.0
,285,2,0,0.81822747
,285,3,0,0.7558891
,286,0,0,0.7658306
,286,1,0,0.8184425
,286,2,2,1.0
,286,3,1,0.60182315
,287,0,0,0.76672274
,287,1,0,0.7686676
,287,2,0,0.8121172
,287,3,3,1.0
,288,0,1,0.5020285
,288,1,0,0.50022703
,288,2,2,1.0
,288,3,1,0.97310966
,289,0,2,1.0
,289,1,0,0.7560333
,289,2,0,0.8193818
,289,3,0,0.72782654
,290,0,0,0.81842947
,290,1,2,0.99768907
,290,2,0,0.7676007
,290,3,1,0.6031693
,291,0,0,0.76878256
,291,1,0,0.8110502
,291,2,0,0.7669526
,291,3,3,1.0
,292,0,0,0.5023881
,292,1,2,1.0
,292,2,0,0.5017271
,292,3,1,0.9907129
,293,0,1,0.5201258
,293,1,1,0.7580744
,293,2,1,0.53319865
,293,3,3,1.0
,294,0,1,0.525013
,294,1,1,0.85063326
,294,2,2,1.0
,294,3,1,0.9741906
,295,0,0,0.7546263
,295,1,3,0.9999988
,295,2,0,0.8182741
,295,3,0,0.7370728
,296,0,0,0.7618673
,296,1,1,0.62478787
,296,2,0,0.7732674
,296,3,2,0.9999999
,297,0,2,1.0
,297,1,1,0.52120924
,297,2,1,0.5030448
,297,3,1,0.93591154
,298,0,0,0.82016677
,298,1,0,0.74798554
,298,2,0,0.7582089
,298,3,3,1.0
,299,0,0,0.50506294
,299,1,2,0.9998139
,299,2,0,0.5023034
,299,3,1,0.97411615
,300,0,1,0.51883996
,300,1,1,0.9363764
,300,2,1,0.5189625
,300,3,2,1.0
,301,0,0,0.7575418
,301,1,3,1.0
,301,2,0,0.7575374
,301,3,0,0.8124747
,302,0,1,0.50037134
,302,1,1,0.9733128
,302,2,1,0.50036776
,302,3,2,1.0
,303,0,0,0.76060027
,303,1,2,1.0
,303,2,0,0.760677
,303,3,0,0.81348926
,304,0,1,0.50277346
,304,1,1,0.7455978
,304,2,1,0.5004074
,304,3,2,1.0
,305,0,2,1.0
,305,1,0,0.74818456
,305,2,0,0.75690705
,305,3,1,0.52192026
,306,0,0,0.8195284
,306,1,0,0.75611395
,306,2,0,0.7555025
,306,3,3,1.0
,307,0,1,0.5076846
,307,1,2,1.0
,307,2,1,0.83740133
,307,3,1,0.97403055
,308,0,0,0.75746447
,308,1,0,0.81209993
,308,2,3,1.0
,308,3,0,0.729737
,309,0,1,0.51032585
,309,1,2,1.0
,309,2,1,0.9739665
,309,3,1,0.8375283
,310,0,0,0.75558424
,310,1,0,0.5939649
,310,2,0,0.7393848
,310,3,3,1.0
,311,0,0,0.5031129
,311,1,3,1.0
,311,2,0,0.5135656
,311,3,1,0.9347277
,312,0,2,1.0
,312,1,1,0.934263
,312,2,0,0.5328239
,312,3,0,0.51027024
,313,0,0,0.82118034
,313,1,0,0.73579276
,313,2,0,0.76213634
,313,3,2,1.0
,314,0,1,0.5016542
,314,1,2,1.0
,314,2,1,0.5038079
,314,3,1,0.9359347
,315,0,0,0.74853617
,315,1,0,0.81374115
,315,2,0,0.7581812
,315,3,3,1.0
,316,0,2,1.0
,316,1,1,0.74871904
,316,2,1,0.50518656
,316,3,1,0.9745514
,317,0,1,0.7496706
,317,1,3,1.0
,317,2,1,0.526531
,317,3,1,0.7822959
,318,0,1,0.53302324
,318,1,1,0.97522473
,318,2,1,0.523119
,318,3,3,1.0
,319,0,1,0.5180404
,319,1,2,1.0
,319,2,1,0.51714677
,319,3,1,0.9737054
,320,0,0,0.7506735
,320,1,0,0.82106435
,320,2,0,0.76007456
,320,3,2,1.0
,321,0,2,1.0
,321,1,0,0.5019357
,321,2,1,0.5007983
,321,3,1,0.7475281
,322,0,1,0.52198935
,322,1,0,0.757268
,322,2,0,0.75679046
,322,3,2,1.0
,323,0,3,0.99999714
,323,1,0,0.76591605
,323,2,0,0.75551116
,323,3,0,0.8116876
,324,0,1,0.9740075
,324,1,1,0.50998867
,324,2,1,0.8369754
,324,3,2,1.0
,325,0,0,0.7314982
,325,1,0,0.7558453
,325,2,3,1.0
,325,3,0,0.606894
,326,0,1,0.7594879
,326,1,1,0.530825
,326,2,1,0.9745033
,326,3,3,0.9999999
,327,0,3,1.0
,327,1,1,0.84813416
,327,2,1,0.5513434
,327,3,1,0.9747382
,328,0,1,0.8363072
,328,1,3,1.0
,328,2,0,0.75443244
,328,3,0,0.73932207
,329,0,3,1.0
,329,1,1,0.97503746
,329,2,1,0.5089796
,329,3,1,0.5090324
,330,0,1,0.97316414
,330,1,2,1.0
,330,2,1,0.5276922
,330,3,1,0.51382697
,331,0,1,0.53657913
,331,1,1,0.74687916
,331,2,2,0.99485105
,331,3,1,0.51855373
,332,0,0,0.7595331
,332,1,0,0.7521004
,332,2,0,0.8111557
,332,3,2,1.0
,333,0,1,0.5038179
,333,1,1,0.5041485
,333,2,2,1.0
,333,3,1,0.9359295
,334,0,0,0.75808614
,334,1,0,0.75807434
,334,2,0,0.8124637
,334,3,3,1.0
,335,0,1,0.50110763
,335,1,1,0.5011089
,335,2,2,1.0
,335,3,1,0.99445987
,336,0,0,0.7584669
,336,1,0,0.75845206
,336,2,0,0.8125801
,336,3,3,0.9999999
,337,0,1,0.5010899
,337,1,1,0.5015427
,337,2,2,1.0
,337,3,1,0.99445975
,338,0,0,0.7583854
,338,1,0,0.74905163
,338,2,0,0.82019603
,338,3,3,0.9999982
,339,0,1,0.5024839
,339,1,2,1.0
,339,2,0,0.5025584
,339,3,1,0.9730496
,340,0,2,1.0
,340,1,0,0.81803524
,340,2,0,0.7587896
,340,3,0,0.7418794
,341,0,0,0.8183371
,341,1,2,1.0
,341,2,0,0.7685817
,341,3,0,0.7680384
,342,0,2,1.0
,342,1,0,0.8196347
,342,2,0,0.7674097
,342,3,0,0.7689921
,343,0,0,0.81962764
,343,1,0,0.7692128
,343,2,2,1.0
,343,3,0,0.7690066
,344,0,0,0.7692136
,344,1,2,1.0
,344,2,0,0.81967545
,344,3,0,0.76895344
,345,0,2,1.0
,345,1,0,0.81962776
,345,2,0,0.7708077
,345,3,0,0.7674059
,346,0,0,0.81917036
,346,1,0,0.76921076
,346,2,0,0.769064
,346,3,2,1.0
,347,0,0,0.75377685
,347,1,2,1.0
,347,2,0,0.76873106
,347,3,0,0.819728
,348,0,2,0.95798665
,348,1,0,0.8214799
,348,2,0,0.76193106
,348,3,0,0.77291006
,349,0,1,0.76244813
,349,1,0,0.50467545
,349,2,2,0.99999094
,349,3,0,0.50261927
,350,0,2,1.0
,350,1,1,0.5181188
,350,2,1,0.7473698
,350,3,1,0.51581234
,351,0,0,0.82105076
,351,1,2,0.99999774
,351,2,0,0.74248624
,351,3,0,0.76024
,352,0,1,0.5001041
,352,1,1,0.7456428
,352,2,2,1.0
,352,3,1,0.50060207
,353,0,2,1.0
,353,1,0,0.74997354
,353,2,0,0.8193671
,353,3,0,0.7570329
,354,0,0,0.81832623
,354,1,0,0.7683799
,354,2,0,0.77052194
,354,3,2,1.0
,355,0,2,1.0
,355,1,0,0.7710606
,355,2,0,0.76206166
,355,3,0,0.821426
,356,0,1,0.7474716
,356,1,1,0.5002828
,356,2,2,1.0
,356,3,0,0.5019597
,357,0,2,1.0
,357,1,0,0.7585771
,357,2,0,0.8179897
,357,3,0,0.758657
,358,0,0,0.81833506
,358,1,0,0.7686257
,358,2,2,1.0
,358,3,0,0.76863056
,359,0,2,1.0
,359,1,0,0.76892906
,359,2,0,0.8183363
,359,3,0,0.768986
,360,0,0,0.8196346
,360,1,0,0.767422
,360,2,2,1.0
,360,3,0,0.76902366
,361,0,0,0.7692136
,361,1,2,1.0
,361,2,0,0.81967527
,361,3,0,0.7689538
,362,0,2,1.0
,362,1,0,0.8196279
,362,2,0,0.77080804
,362,3,0,0.7674059
,363,0,0,0.81962746
,363,1,0,0.7692121
,363,2,0,0.7690728
,363,3,2,1.0
,364,0,0,0.76921135
,364,1,2,1.0
,364,2,0,0.76901156
,364,3,0,0.81967515
,365,0,2,1.0
,365,1,0,0.81832814
,365,2,0,0.76898146
,365,3,0,0.77077985
,366,0,0,0.81833494
,366,1,2,1.0
,366,2,0,0.7689969
,366,3,0,0.7690607
,367,0,2,1.0
,367,1,0,0.81833506
,367,2,0,0.76899797
,367,3,0,0.76899797
,368,0,0,0.8183363
,368,1,2,1.0
,368,2,0,0.76900166
,368,3,0,0.76894206
,369,0,2,1.0
,369,1,0,0.8197457
,369,2,0,0.76910233
,369,3,0,0.7674201
,370,0,0,0.8138497
,370,1,0,0.77285665
,370,2,0,0.77106756
,370,3,2,1.0
,371,0,2,1.0
,371,1,1,0.500102
,371,2,1,0.50025886
,371,3,1,0.74743193
,372,0,0,0.81934184
,372,1,0,0.75856185
,372,2,0,0.75696456
,372,3,2,1.0
,373,0,0,0.77079195
,373,1,0,0.7670301
,373,2,2,1.0
,373,3,0,0.8196719
,374,0,0,0.7690452
,374,1,2,1.0
,374,2,0,0.8183291
,374,3,0,0.7707237
,375,0,0,0.7690273
,375,1,0,0.8196345
,375,2,2,1.0
,375,3,0,0.7674856
,376,0,0,0.7690076
,376,1,0,0.7692114
,376,2,0,0.819675
,376,3,2,1.0
,377,0,0,0.768925
,377,1,2,1.0
,377,2,0,0.7707805
,377,3,0,0.8181958
,378,0,0,0.76741946
,378,1,0,0.8196328
,378,2,0,0.7690878
,378,3,2,0.99961
,379,0,2,1.0
,379,1,0,0.7691744
,379,2,0,0.7690211
,379,3,0,0.8195185
,380,0,1,0.52137744
,380,1,2,1.0
,380,2,0,0.76752913
,380,3,0,0.769605
,381,0,3,1.0
,381,1,0,0.8192505
,381,2,0,0.75812554
,381,3,0,0.7660246
,382,0,1,0.93388045
,382,1,0,0.5550534
,382,2,2,1.0
,382,3,0,0.55040413
,383,0,0,0.7417348
,383,1,0,0.7608347
,383,2,0,0.8193954
,383,3,2,1.0
,384,0,2,1.0
,384,1,0,0.7687138
,384,2,0,0.76919895
,384,3,0,0.81962544
,385,0,0,0.8196276
,385,1,0,0.7689991
,385,2,2,1.0
,385,3,0,0.7692126
,386,0,0,0.7692044
,386,1,0,0.7690099
,386,2,0,0.8196782
,386,3,2,1.0
,387,0,2,1.0
,387,1,0,0.76868606
,387,2,0,0.77054733
,387,3,0,0.5443323
,388,0,0,0.8085079
,388,1,0,0.7665342
,388,2,0,0.76833695
,388,3,3,0.8026846
,389,0,1,0.59924114
,389,1,2,1.0
,389,2,0,0.7659302
,389,3,1,0.54315543
,390,0,3,0.9999999
,390,1,0,0.8197285
,390,2,0,0.7668008
,390,3,0,0.7462854
,391,0,1,0.97332346
,391,1,0,0.5020931
,391,2,1,0.5001835
,391,3,2,0.9998934
,392,0,2,1.0
,392,1,0,0.75700176
,392,2,0,0.75857216
,392,3,0,0.8192762
,393,0,0,0.8183265
,393,1,2,1.0
,393,2,0,0.76860684
,393,3,0,0.7707615
,394,0,2,1.0
,394,1,0,0.81833494
,394,2,0,0.76898366
,394,3,0,0.76906013
,395,0,0,0.81833506
,395,1,2,1.0
,395,2,0,0.76899725
,395,3,0,0.7689999
,396,0,2,1.0
,396,1,0,0.8183351
,396,2,0,0.7689978
,396,3,0,0.7689959
,397,0,0,0.8183363
,397,1,2,1.0
,397,2,0,0.76900166
,397,3,0,0.76894194
,398,0,2,1.0
,398,1,0,0.8194775
,398,2,0,0.76909995
,398,3,0,0.7674202
,399,0,0,0.82141876
,399,1,0,0.763824
,399,2,0,0.7709977
,399,3,2,1.0
,400,0,0,0.5022195
,400,1,2,1.0
,400,2,1,0.5023209
,400,3,1,0.745647
,401,0,0,0.758831
,401,1,0,0.8180077
,401,2,2,1.0
,401,3,0,0.74966156
,402,0,0,0.770813
,402,1,2,0.9999565
,402,2,0,0.8215556
,402,3,0,0.7609498
,403,0,1,0.5233662
,403,1,1,0.8896486
,403,2,1,0.5187312
,403,3,2,1.0
,404,0,2,1.0
,404,1,0,0.7470017
,404,2,0,0.760113
,404,3,0,0.8135205
,405,0,1,0.74743426
,405,1,1,0.5012495
,405,2,1,0.5006656
,405,3,2,1.0
,406,0,2,1.0
,406,1,0,0.7586202
,406,2,0,0.75864357
,406,3,0,0.81798947
,407,0,0,0.81386155
,407,1,0,0.770646
,407,2,0,0.77071875
,407,3,2,1.0
,408,0,2,1.0
,408,1,1,0.50223845
,408,2,0,0.50005424
,408,3,1,0.7456625
,409,0,0,0.81937474
,409,1,2,1.0
,409,2,0,0.75870615
,409,3,0,0.74827904
,410,0,0,0.7707653
,410,1,0,0.8183273
,410,2,0,0.768555
,410,3,2,1.0
,411,0,0,0.7690862
,411,1,2,1.0
,411,2,0,0.7674071
,411,3,0,0.819682
,412,0,0,0.76892823
,412,1,0,0.8183293
,412,2,2,1.0
,412,3,0,0.77078116
,413,0,0,0.7674202
,413,1,2,1.0
,413,2,0,0.81968427
,413,3,0,0.7690913
,414,0,2,1.0
,414,1,0,0.8183273
,414,2,0,0.7708562
,414,3,0,0.7690582
,415,0,0,0.8138614
,415,1,2,1.0
,415,2,0,0.7711496
,415,3,0,0.7710141
,416,0,2,1.0
,416,1,1,0.7456053
,416,2,0,0.50006866
,416,3,1,0.5022286
,417,0,0,0.8180246
,417,1,0,0.74987835
,417,2,0,0.75867504
,417,3,2,1.0
,418,0,2,1.0
,418,1,0,0.7667423
,418,2,0,0.7686603
,418,3,0,0.8196808
,419,0,0,0.8183293
,419,1,2,1.0
,419,2,0,0.76896995
,419,3,0,0.77072424
,420,0,2,1.0
,420,1,0,0.8196345
,420,2,0,0.7690247
,420,3,0,0.7674856
,421,0,0,0.8196276
,421,1,0,0.7692127
,421,2,0,0.7690099
,421,3,2,1.0
,422,0,0,0.7692127
,422,1,2,1.0
,422,2,0,0.7690123
,422,3,0,0.81962764
,423,0,2,1.0
,423,1,0,0.8194706
,423,2,0,0.7690858
,423,3,0,0.7692105
,424,0,0,0.8213583
,424,1,0,0.7638231
,424,2,0,0.77106833
,424,3,2,1.0
,425,0,1,0.500072
,425,1,2,1.0
,425,2,1,0.50002146
,425,3,1,0.7456965
,426,0,2,1.0
,426,1,0,0.8193731
,426,2,0,0.7587058
,426,3,0,0.74827796
,427,0,0,0.8183273
,427,1,0,0.7707086
,427,2,0,0.7686118
,427,3,2,1.0
,428,0,2,1.0
,428,1,0,0.767485
,428,2,0,0.7690121
,428,3,0,0.8196345
,429,0,0,0.8196276
,429,1,2,1.0
,429,2,0,0.76900935
,429,3,0,0.7692127
,430,0,0,0.7692114
,430,1,0,0.8196734
,430,2,0,0.7690092
,430,3,2,1.0
,431,0,2,1.0
,431,1,0,0.77072436
,431,2,0,0.7689826
,431,3,0,0.8183294
,432,0,0,0.8196819
,432,1,0,0.76748425
,432,2,0,0.7690249
,432,3,2,1.0
,433,0,0,0.7707778
,433,1,2,1.0
,433,2,0,0.76898164
,433,3,0,0.81832814
,434,0,0,0.76900506
,434,1,0,0.8183361
,434,2,0,0.76899815
,434,3,2,1.0
,435,0,0,0.7674246
,435,1,2,1.0
,435,2,0,0.76902604
,435,3,0,0.8196346
,436,0,2,1.0
,436,1,0,0.8196276
,436,2,0,0.7690099
,436,3,0,0.7692127
,437,0,0,0.81962764
,437,1,0,0.7692127
,437,2,0,0.76900953
,437,3,2,1.0
,438,0,0,0.7692127
,438,1,2,1.0
,438,2,0,0.76900953
,438,3,0,0.81962764
,439,0,2,1.0
,439,1,0,0.8196735
,439,2,0,0.7690092
,439,3,0,0.7692114
,440,0,0,0.81832945
,440,1,0,0.7707244
,440,2,0,0.76898056
,440,3,2,1.0
,441,0,2,1.0
,441,1,0,0.7674865
,441,2,0,0.7689692
,441,3,0,0.81968445
,442,0,0,0.81973845
,442,1,2,1.0
,442,2,0,0.7674042
,442,3,0,0.77088135
,443,0,0,0.77284604
,443,1,0,0.81385416
,443,2,2,1.0
,443,3,0,0.77106124
,444,0,1,0.5002006
,444,1,2,1.0
,444,2,1,0.7455236
,444,3,1,0.50222707
,445,0,0,0.75146645
,445,1,0,0.8211159
,445,2,0,0.75206083
,445,3,2,1.0
,446,0,2,1.0
,446,1,0,0.50218475
,446,2,1,0.5031784
,446,3,1,0.7456426
,447,0,0,0.8180244
,447,1,0,0.7586909
,447,2,2,1.0
,447,3,0,0.74993414
,448,0,2,1.0
,448,1,0,0.7670588
,448,2,0,0.81968504
,448,3,0,0.76829433
,449,0,0,0.8194706
,449,1,2,1.0
,449,2,0,0.7708816
,449,3,0,0.76738
,450,0,0,0.7638238
,450,1,0,0.8214164
,450,2,0,0.7710602
,450,3,2,1.0
,451,0,2,1.0
,451,1,0,0.5021479
,451,2,1,0.5023038
,451,3,1,0.74563265
,452,0,0,0.8193246
,452,1,0,0.75713044
,452,2,2,1.0
,452,3,0,0.74997264
,453,0,0,0.7690702
,453,1,2,1.0
,453,2,0,0.8088229
,453,3,0,0.76832503
,454,0,2,1.0
,454,1,0,0.81815624
,454,2,1,0.5993249
,454,3,0,0.76542
,455,0,0,0.8197247
,455,1,0,0.7591733
,455,2,3,1.0
,455,3,0,0.7563261
,456,0,1,0.5076568
,456,1,2,1.0
,456,2,1,0.9740134
,456,3,1,0.8369886
,457,0,0,0.7560418
,457,1,0,0.6068756
,457,2,0,0.731485
,457,3,3,1.0
,458,0,1,0.5272985
,458,1,3,1.0
,458,2,1,0.75981945
,458,3,1,0.97448945
,459,0,1,0.76806045
,459,1,1,0.9743323
,459,2,3,1.0
,459,3,1,0.5477306
,460,0,3,1.0
,460,1,1,0.5429843
,460,2,1,0.9739563
,460,3,1,0.536857
,461,0,1,0.994515
,461,1,1,0.5181045
,461,2,1,0.5372452
,461,3,2,1.0
,462,0,3,1.0
,462,1,0,0.75652826
,462,2,0,0.7561891
,462,3,0,0.6060173
,463,0,1,0.9911236
,463,1,1,0.52363753
,463,2,1,0.5131269
,463,3,3,1.0
,464,0,3,1.0
,464,1,1,0.76274574
,464,2,1,0.52490765
,464,3,1,0.9752008
,465,0,1,0.9909412
,465,1,3,1.0
,465,2,1,0.53575134
,465,3,1,0.78678215
,466,0,1,0.78259265
,466,1,1,0.97430927
,466,2,1,0.5275187
,466,3,3,1.0
,467,0,3,1.0
,467,1,1,0.54273444
,467,2,1,0.52296746
,467,3,1,0.97523844
,468,0,1,0.99084944
,468,1,1,0.5156166
,468,2,1,0.5153032
,468,3,2,0.99884385
,469,0,3,1.0
,469,1,1,0.5208491
,469,2,1,0.5335737
,469,3,1,0.74781454
,470,0,1,0.97340494
,470,1,1,0.516384
,470,2,2,1.0
,470,3,1,0.52874464
,471,0,0,0.74011636
,471,1,0,0.7578479
,471,2,0,0.8194017
,471,3,2,1.0
,472,0,2,1.0
,472,1,0,0.7588044
,472,2,0,0.7695926
,472,3,1,0.51936847
,473,0,0,0.81827885
,473,1,0,0.5206935
,473,2,0,0.7631231
,473,3,3,1.0
,474,0,1,0.5094758
,474,1,3,1.0
,474,2,1,0.5119156
,474,3,1,0.99115837
,475,0,1,0.52061874
,475,1,1,0.9910524
,475,2,1,0.52069914
,475,3,3,1.0
,476,0,1,0.5216901
,476,1,3,1.0
,476,2,1,0.5210657
,476,3,1,0.99105275
,477,0,1,0.5353119
,477,1,1,0.9751007
,477,2,1,0.52111965
,477,3,3,1.0
,478,0,1,0.8456287
,478,1,2,1.0
,478,2,1,0.5253684
,478,3,1,0.9742562
,479,0,3,1.0
,479,1,0,0.8199357
,479,2,0,0.75693876
,479,3,0,0.73110104
,480,0,1,0.97491205
,480,1,0,0.5020463
,480,2,1,0.5007451
,480,3,2,1.0
,481,0,1,0.6270139
,481,1,0,0.7627173
,481,2,0,0.76290333
,481,3,2,1.0
,482,0,3,1.0
,482,1,0,0.7586143
,482,2,0,0.76651186
,482,3,0,0.8195074
,483,0,1,0.93447137
,483,1,2,1.0
,483,2,0,0.5506834
,483,3,0,0.55306727
,484,0,2,1.0
,484,1,0,0.80585366
,484,2,0,0.7438119
,484,3,0,0.7439006
,485,0,0,1.0
,485,1,0,1.0
,485,2,0,1.0
,485,3,2,0.58587646
,486,0,1,0.5143792
,486,1,1,0.51382124
,486,2,3,1.0
,486,3,1,0.97518134
,487,0,1,0.54609466
,487,1,1,0.5334735
,487,2,1,0.99042547
,487,3,3,1.0
,488,0,2,1.0
,488,1,1,0.5192575
,488,2,1,0.53729594
,488,3,1,0.97340864
,489,0,0,0.81938595
,489,1,2,1.0
,489,2,0,0.7573424
,489,3,0,0.7401669
,490,0,0,0.7708007
,490,1,0,0.8088754
,490,2,0,0.76685566
,490,3,2,1.0
,491,0,0,0.7658843
,491,1,1,0.59756374
,491,2,2,1.0
,491,3,0,0.8112835
,492,0,0,0.7632189
,492,1,3,1.0
,492,2,0,0.81853926
,492,3,0,0.5239894
,493,0,1,0.5249548
,493,1,1,0.9740673
,493,2,1,0.5092332
,493,3,3,1.0
,494,0,2,1.0
,494,1,1,0.5537004
,494,2,1,0.53559846
,494,3,1,0.99035877
,495,0,0,0.8135315
,495,1,0,0.7588926
,495,2,2,1.0
,495,3,0,0.7433803
,496,0,2,1.0
,496,1,1,0.5004869
,496,2,1,0.7460903
,496,3,1,0.50346226
,497,0,0,0.8179054
,497,1,0,0.7582672
,497,2,0,0.736213
,497,3,2,1.0
,498,0,2,1.0
,498,1,0,0.75651217
,498,2,1,0.6007587
,498,3,0,0.81845456
,499,0,0,0.81174594
,499,1,0,0.513479
,499,2,3,1.0
,499,3,0,0.7650666
,500,0,1,0.7387092
,500,1,3,1.0
,500,2,1,0.93487716
,500,3,0,0.50604576
,501,0,3,0.9864521
,501,1,1,0.97526574
,501,2,1,0.5410306
,501,3,1,0.521499
,502,0,1,0.99774176
,502,1,2,1.0
,502,2,1,0.53507185
,502,3,1,0.53421104
,503,0,3,1.0
,503,1,0,0.8125749
,503,2,0,0.75720644
,503,3,0,0.7572371
,504,0,1,0.97331256
,504,1,2,1.0
,504,2,1,0.50048995
,504,3,1,0.5004914
,505,0,2,1.0
,505,1,0,0.8179741
,505,2,0,0.75852877
,505,3,0,0.75847006
,506,0,0,0.8196802
,506,1,2,1.0
,506,2,0,0.7686539
,506,3,0,0.7670473
,507,0,0,0.77072436
,507,1,0,0.8183293
,507,2,0,0.7689697
,507,3,2,1.0
,508,0,0,0.7674856
,508,1,2,1.0
,508,2,0,0.7690242
,508,3,0,0.8196345
,509,0,2,1.0
,509,1,0,0.8196276
,509,2,0,0.76899356
,509,3,0,0.76921254
,510,0,0,0.8196767
,510,1,0,0.7692058
,510,2,0,0.76854944
,510,3,2,1.0
,511,0,0,0.77073896
,511,1,2,1.0
,511,2,0,0.7559751
,511,3,0,0.8182197
,512,0,0,0.76592195
,512,1,0,0.8113436
,512,2,1,0.59996265
,512,3,2,1.0
,513,0,0,0.76366776
,513,1,0,0.525657
,513,2,3,1.0
,513,3,0,0.8122561
,514,0,1,0.5153365
,514,1,3,1.0
,514,2,1,0.9744006
,514,3,1,0.7531408
,515,0,1,0.537867
,515,1,1,0.99881136
,515,2,1,0.55803055
,515,3,3,1.0
,516,0,1,0.5343589
,516,1,3,1.0
,516,2,1,0.53522253
,516,3,1,0.99089456
,517,0,1,0.5185432
,517,1,1,0.9737193
,517,2,1,0.518027
,517,3,2,1.0
,518,0,0,0.744591
,518,1,2,1.0
,518,2,0,0.75606924
,518,3,0,0.818934
,519,0,1,0.5980384
,519,1,0,0.81799483
,519,2,2,1.0
,519,3,0,0.7544701
,520,0,3,0.9968253
,520,1,0,0.74733347
,520,2,0,0.8156242
,520,3,1,0.6083925
,521,0,1,0.6474242
,521,1,1,0.60862565
,521,2,0,0.76181495
,521,3,3,1.0
,522,0,0,0.50793517
,522,1,3,1.0
,522,2,0,0.7648271
,522,3,1,0.63220775
,523,0,3,0.9999993
,523,1,1,0.9967202
,523,2,1,0.5218751
,523,3,1,0.5393528
,524,0,1,0.99669623
,524,1,3,1.0
,524,2,1,0.53336537
,524,3,1,0.5341351
,525,0,3,0.9999831
,525,1,1,0.99090827
,525,2,1,0.5339273
,525,3,1,0.53396034
,526,0,1,0.9980401
,526,1,2,1.0
,526,2,1,0.5347772
,526,3,1,0.5347578
,527,0,3,1.0
,527,1,0,0.60575706
,527,2,0,0.75579005
,527,3,0,0.75622386
,528,0,1,0.97413534
,528,1,3,1.0
,528,2,1,0.526037
,528,3,1,0.51274735
,529,0,1,0.5538136
,529,1,1,0.9903631
,529,2,2,1.0
,529,3,1,0.5357553
,530,0,0,0.7567337
,530,1,0,0.741146
,530,2,0,0.81801444
,530,3,2,1.0
,531,0,0,0.7685995
,531,1,0,0.76642275
,531,2,2,1.0
,531,3,0,0.8196891
,532,0,0,0.7687339
,532,1,2,1.0
,532,2,1,0.522763
,532,3,0,0.7705478
,533,0,0,0.7700814
,533,1,0,0.8134413
,533,2,3,0.9996472
,533,3,0,0.7701277
,534,0,1,0.50027
,534,1,2,1.0
,534,2,1,0.973258
,534,3,1,0.5008318
,535,0,0,0.7567471
,535,1,0,0.8193249
,535,2,2,1.0
,535,3,0,0.7451196
,536,0,2,1.0
,536,1,0,0.7672739
,536,2,0,0.818429
,536,3,1,0.60236096
,537,0,0,0.8197246
,537,1,0,0.7576441
,537,2,0,0.768677
,537,3,3,1.0
,538,0,0,0.50104916
,538,1,2,1.0
,538,2,1,0.5007519
,538,3,1,0.99446154
,539,0,0,0.74892926
,539,1,0,0.8138341
,539,2,0,0.75857466
,539,3,3,1.0
,540,0,2,1.0
,540,1,1,0.74956536
,540,2,1,0.5051697
,540,3,1,0.9734687
,541,0,1,0.89871633
,541,1,3,1.0
,541,2,1,0.523953
,541,3,1,0.54466015
,542,0,3,1.0
,542,1,1,0.97438824
,542,2,1,0.52518255
,542,3,1,0.52568775
,543,0,1,0.62686133
,543,1,2,1.0
,543,2,0,0.75081015
,543,3,0,0.7593244
,544,0,0,0.5313184
,544,1,3,1.0
,544,2,1,0.7096872
,544,3,0,0.5481129
,545,0,1,0.5209317
,545,1,1,0.9740581
,545,2,3,1.0
,545,3,1,0.53283983
,546,0,1,0.5193122
,546,1,1,0.5547638
,546,2,1,0.9734356
,546,3,2,1.0
,547,0,2,0.99999964
,547,1,1,0.617045
,547,2,0,0.7379938
,547,3,0,0.8179611
,548,0,0,0.60494214
,548,1,3,1.0
,548,2,0,0.7646856
,548,3,0,0.767466
,549,0,3,1.0
,549,1,1,0.97616136
,549,2,1,0.5152488
,549,3,1,0.51759845
,550,0,1,0.643273
,550,1,1,0.63465255
,550,2,0,0.75507575
,550,3,2,1.0
,551,0,0,0.5040274
,551,1,3,1.0
,551,2,0,0.763583
,551,3,0,0.81236047
,552,0,3,1.0
,552,1,1,0.9754301
,552,2,1,0.51530045
,552,3,1,0.7538981
,553,0,1,0.9905517
,553,1,1,0.7879167
,553,2,1,0.53539354
,553,3,3,1.0
,554,0,1,0.5437907
,554,1,3,1.0
,554,2,1,0.52362657
,554,3,1,0.99111927
,555,0,1,0.52172476
,555,1,1,0.9750842
,555,2,1,0.5207201
,555,3,3,1.0
,556,0,1,0.53651786
,556,1,2,1.0
,556,2,1,0.53397125
,556,3,1,0.9910339
,557,0,2,1.0
,557,1,0,0.8107294
,557,2,0,0.7536333
,557,3,1,0.6362888
,558,0,0,0.8183135
,558,1,0,0.52436537
,558,2,0,0.7634763
,558,3,3,1.0
,559,0,1,0.52213264
,559,1,3,1.0
,559,2,1,0.5118913
,559,3,1,0.9740891
,560,0,2,1.0
,560,1,1,0.97343194
,560,2,1,0.51826257
,560,3,1,0.5364333
,561,0,1,0.5199895
,561,1,0,0.73115414
,561,2,2,1.0
,561,3,0,0.7559973
,562,0,3,1.0
,562,1,0,0.51947135
,562,2,0,0.81790817
,562,3,0,0.7626361
,563,0,1,0.9910806
,563,1,3,1.0
,563,2,1,0.52393603
,563,3,1,0.5123042
,564,0,3,1.0
,564,1,1,0.9746148
,564,2,1,0.84796834
,564,3,1,0.5300096
,565,0,1,0.6295748
,565,1,0,0.7419105
,565,2,3,1.0
,565,3,0,0.74777055
,566,0,1,0.56307137
,566,1,1,0.5206967
,566,2,1,0.9902878
,566,3,2,1.0
,567,0,2,0.92451483
,567,1,0,0.76029867
,567,2,0,0.73325676
,567,3,0,0.82100767
,568,0,1,0.896402
,568,1,1,0.51910055
,568,2,2,1.0
,568,3,1,0.52762187
,569,0,0,0.51304674
,569,1,0,0.53001475
,569,2,1,0.55437016
,569,3,2,1.0
,570,0,0,0.759149
,570,1,0,0.75981086
,570,2,2,0.999984
,570,3,0,0.81805307
,571,0,0,0.76707333
,571,1,0,0.7687002
,571,2,0,0.8196276
,571,3,2,1.0
,572,0,2,1.0
,572,1,0,0.7689981
,572,2,0,0.76921105
,572,3,0,0.819675
,573,0,0,0.8183279
,573,1,0,0.7689834
,573,2,2,1.0
,573,3,0,0.77078223
,574,0,2,1.0
,574,1,0,0.7690504
,574,2,0,0.7839294
,574,3,0,0.7691142
,575,0,0,0.8146395
,575,1,0,0.770713
,575,2,2,0.8992864
,575,3,0,0.7707152
,576,0,2,1.0
,576,1,0,0.5531198
,576,2,1,0.5948875
,576,3,0,0.5531188
,577,0,1,0.5226754
,577,1,0,0.7598053
,577,2,2,1.0
,577,3,0,0.7597845
,578,0,3,1.0
,578,1,0,0.76794523
,578,2,0,0.81266516
,578,3,0,0.7673747
,579,0,1,0.9734068
,579,1,1,0.5008198
,579,2,2,1.0
,579,3,1,0.518795
,580,0,2,1.0
,580,1,0,0.7543762
,580,2,0,0.8178602
,580,3,1,0.61639225
,581,0,0,0.8196512
,581,1,0,0.7572862
,581,2,0,0.76873475
,581,3,3,1.0
,582,0,1,0.5017509
,582,1,2,1.0
,582,2,0,0.5002411
,582,3,1,0.9730501
,583,0,2,0.9942591
,583,1,1,0.52189815
,583,2,0,0.7569682
,583,3,0,0.7404636
,584,0,0,0.8090795
,584,1,3,1.0
,584,2,0,0.7555074
,584,3,0,0.7653192
,585,0,2,1.0
,585,1,1,0.9740233
,585,2,1,0.8374095
,585,3,1,0.5100218
,586,0,0,0.8196664
,586,1,0,0.7302002
,586,2,3,1.0
,586,3,0,0.7575489
,587,0,1,0.50778383
,587,1,2,0.9964812
,587,2,1,0.9727943
,587,3,0,0.50224185
,588,0,2,1.0
,588,1,1,0.7478006
,588,2,1,0.5391822
,588,3,1,0.5154887
,589,0,0,0.80849826
,589,1,0,0.74804556
,589,2,2,0.9990882
,589,3,0,0.75814176
,590,0,1,0.5994337
,590,1,2,1.0
,590,2,0,0.81801736
,590,3,0,0.76541704
,591,0,3,1.0
,591,1,0,0.8121095
,591,2,0,0.76854926
,591,3,0,0.7667722
,592,0,1,0.9742254
,592,1,2,1.0
,592,2,1,0.50268894
,592,3,0,0.50033194
,593,0,1,0.5026192
,593,1,0,0.8205085
,593,2,2,0.99827033
,593,3,0,0.758975
,594,0,3,1.0
,594,1,1,0.5207526
,594,2,1,0.96055126
,594,3,1,0.52393216
,595,0,1,0.99100524
,595,1,1,0.52167124
,595,2,3,1.0
,595,3,1,0.5324783
,596,0,3,1.0
,596,1,1,0.52550966
,596,2,1,0.9741873
,596,3,1,0.7669387
,597,0,1,0.99111134
,597,1,1,0.5232846
,597,2,1,0.543626
,597,3,3,1.0
,598,0,3,1.0
,598,1,1,0.52139604
,598,2,1,0.53294283
,598,3,1,0.9909921
,599,0,1,0.974187
,599,1,1,0.52607286
,599,2,1,0.7670749
,599,3,3,1.0
,600,0,1,0.54308045
,600,1,1,0.535859
,600,2,3,1.0
,600,3,1,0.97395647
,601,0,1,0.51954293
,601,1,2,1.0
,601,2,1,0.97339565
,601,3,1,0.5364185
,602,0,2,1.0
,602,1,0,0.8194018
,602,2,0,0.7401253
,602,3,0,0.75745326
,603,0,1,0.52138156
,603,1,0,0.7696109
,603,2,2,1.0
,603,3,0,0.76740557
,604,0,3,1.0
,604,1,0,0.76651704
,604,2,0,0.8118996
,604,3,0,0.7664368
,605,0,1,0.97410256
,605,1,0,0.50229543
,605,2,2,1.0
,605,3,0,0.50224245
,606,0,2,1.0
,606,1,1,0.52695817
,606,2,1,0.74513584
,606,3,1,0.528071
,607,0,1,0.750465
,607,1,2,1.0
,607,2,1,0.5351888
,607,3,1,0.8453985
,608,0,0,0.7392189
,608,1,0,0.81963325
,608,2,0,0.7566557
,608,3,3,1.0
,609,0,2,1.0
,609,1,1,0.5096548
,609,2,0,0.50173545
,609,3,1,0.97417784
,610,0,1,0.7502392
,610,1,1,0.8451345
,610,2,1,0.5250278
,610,3,2,1.0
,611,0,0,0.7488163
,611,1,3,1.0
,611,2,0,0.74747974
,611,3,0,0.81992054
,612,0,1,0.5029147
,612,1,1,0.97305894
,612,2,2,1.0
,612,3,0,0.50253665
,613,0,2,1.0
,613,1,0,0.74018985
,613,2,0,0.81938684
,613,3,0,0.7587699
,614,0,0,0.81967103
,614,1,2,1.0
,614,2,0,0.7707753
,614,3,0,0.76703525
,615,0,0,0.770719
,615,1,0,0.8183259
,615,2,0,0.768583
,615,3,2,1.0
,616,0,0,0.76730484
,616,1,2,1.0
,616,2,0,0.755955
,616,3,0,0.81968695
,617,0,2,1.0
,617,1,0,0.81843174
,617,2,1,0.60185367
,617,3,0,0.76762146
,618,0,0,0.81210893
,618,1,0,0.7686698
,618,2,3,1.0
,618,3,0,0.76685834
,619,0,2,1.0
,619,1,1,0.5000032
,619,2,1,0.9733237
,619,3,1,0.5000837
,620,0,1,0.52211756
,620,1,0,0.7571413
,620,2,2,1.0
,620,3,0,0.757141
,621,0,3,1.0
,621,1,0,0.7659202
,621,2,0,0.81191105
,621,3,0,0.76599336
,622,0,1,0.9730432
,622,1,1,0.5020761
,622,2,2,1.0
,622,3,0,0.5002169
,623,0,0,0.7418802
,623,1,2,1.0
,623,2,0,0.8180353
,623,3,0,0.7587091
,624,0,0,0.7680373
,624,1,0,0.8183359
,624,2,2,1.0
,624,3,0,0.7686326
,625,0,0,0.7689649
,625,1,2,1.0
,625,2,0,0.81829554
,625,3,0,0.76892924
,626,0,0,0.76902235
,626,1,0,0.819682
,626,2,2,0.99988055
,626,3,0,0.76742035
,627,0,0,0.7689259
,627,1,0,0.77078104
,627,2,0,0.81827563
,627,3,2,1.0
,628,0,0,0.7674201
,628,1,0,0.76908875
,628,2,2,1.0
,628,3,0,0.819682
,629,0,2,1.0
,629,1,0,0.76898384
,629,2,0,0.8183279
,629,3,0,0.7707797
,630,0,0,0.81833494
,630,1,0,0.7689949
,630,2,2,1.0
,630,3,0,0.7690608
,631,0,2,1.0
,631,1,0,0.76894206
,631,2,0,0.8183363
,631,3,0,0.7690012
,632,0,0,0.8196346
,632,1,0,0.7674224
,632,2,2,1.0
,632,3,0,0.7690262
,633,0,0,0.76921254
,633,1,2,1.0
,633,2,0,0.8196268
,633,3,0,0.7690107
,634,0,2,1.0
,634,1,0,0.8196936
,634,2,0,0.7691742
,634,3,0,0.76902884
,635,0,1,0.5213943
,635,1,0,0.7696302
,635,2,2,1.0
,635,3,0,0.7678267
,636,0,3,1.0
,636,1,0,0.76660395
,636,2,0,0.8116161
,636,3,0,0.76653963
,637,0,1,0.9903741
,637,1,1,0.519919
,637,2,2,1.0
,637,3,1,0.5199218
,638,0,2,1.0
,638,1,0,0.7577823
,638,2,0,0.817768
,638,3,0,0.7577822
,639,0,0,0.81833476
,639,1,0,0.76859885
,639,2,2,0.9994644
,639,3,0,0.76859885
,640,0,2,1.0
,640,1,0,0.7689838
,640,2,0,0.8180948
,640,3,0,0.7689838
,641,0,0,0.81833506
,641,1,0,0.76899725
,641,2,2,1.0
,641,3,0,0.76899725
,642,0,2,1.0
,642,1,0,0.7689978
,642,2,0,0.81833494
,642,3,0,0.76899743
,643,0,0,0.81833506
,643,1,0,0.76900053
,643,2,2,1.0
,643,3,0,0.7689891
,644,0,2,1.0
,644,1,0,0.76907474
,644,2,0,0.81833416
,644,3,0,0.76875204
,645,0,0,0.82140934
,645,1,0,0.7710855
,645,2,2,0.99999976
,645,3,0,0.7619973
,646,0,0,0.5012896
,646,1,1,0.5003006
,646,2,1,0.74748313
,646,3,2,1.0
,647,0,0,0.7451735
,647,1,0,0.75850207
,647,2,2,1.0
,647,3,0,0.8178747
,648,0,1,0.6023147
,648,1,0,0.76512885
,648,2,0,0.81844246
,648,3,2,1.0
,649,0,3,1.0
,649,1,0,0.7575661
,649,2,0,0.7686778
,649,3,0,0.8197369
,650,0,1,0.99446225
,650,1,2,1.0
,650,2,1,0.50075984
,650,3,0,0.5015124
,651,0,3,1.0
,651,1,0,0.81257975
,651,2,0,0.75847846
,651,3,0,0.75854355
,652,0,1,0.99445695
,652,1,2,1.0
,652,2,1,0.50107956
,652,3,1,0.5015574
,653,0,3,0.99985075
,653,1,0,0.82026106
,653,2,0,0.75862604
,653,3,0,0.7487022
,654,0,1,0.99026763
,654,1,1,0.5197426
,654,2,1,0.52017355
,654,3,2,1.0
,655,0,0,0.73951805
,655,1,2,1.0
,655,2,0,0.7579676
,655,3,0,0.8193645
,656,0,2,1.0
,656,1,0,0.8183268
,656,2,0,0.7685843
,656,3,0,0.7707071
,657,0,0,0.8196819
,657,1,2,1.0
,657,2,0,0.7690108
,657,3,0,0.7674836
,658,0,0,0.7707778
,658,1,0,0.81832814
,658,2,0,0.7689811
,658,3,2,1.0
,659,0,0,0.76900506
,659,1,2,1.0
,659,2,0,0.76899815
,659,3,0,0.8183361
,660,0,0,0.7674232
,660,1,0,0.81968206
,660,2,0,0.7690255
,660,3,2,1.0
,661,0,2,1.0
,661,1,0,0.77078253
,661,2,0,0.76897305
,661,3,0,0.818328
,662,0,0,0.81833416
,662,1,0,0.7691376
,662,2,0,0.76875126
,662,3,2,1.0
,663,0,2,1.0
,663,1,0,0.7710877
,663,2,0,0.76199734
,663,3,0,0.8214152
,664,0,1,0.7474786
,664,1,1,0.50028956
,664,2,2,1.0
,664,3,0,0.50152683
,665,0,2,1.0
,665,1,0,0.75860596
,665,2,0,0.8179214
,665,3,0,0.74993634
,666,0,0,0.8208275
,666,1,0,0.76863635
,666,2,2,1.0
,666,3,0,0.5290171
,667,0,1,0.5094894
,667,1,1,0.5246097
,667,2,1,0.7487981
,667,3,3,1.0
,668,0,1,0.516746
,668,1,2,1.0
,668,2,1,0.5278624
,668,3,1,0.9945328
,669,0,0,0.75806725
,669,1,0,0.8202588
,669,2,0,0.7477361
,669,3,3,1.0
,670,0,1,0.52008975
,670,1,1,0.51974565
,670,2,2,1.0
,670,3,1,0.9902929
,671,0,0,0.7600812
,671,1,2,1.0
,671,2,0,0.8211074
,671,3,0,0.73365545
,672,0,1,0.50080377
,672,1,1,0.7474833
,672,2,0,0.5019135
,672,3,2,1.0
,673,0,0,0.7585566
,673,1,2,1.0
,673,2,0,0.75865537
,673,3,0,0.81798977
,674,0,0,0.76857126
,674,1,0,0.8183362
,674,2,0,0.7686316
,674,3,2,1.0
,675,0,0,0.7674093
,675,1,2,1.0
,675,2,0,0.7690112
,675,3,0,0.8196347
,676,0,2,1.0
,676,1,0,0.8196736
,676,2,0,0.76895344
,676,3,0,0.76921374
,677,0,0,0.8196756
,677,1,0,0.77075225
,677,2,0,0.76740694
,677,3,2,1.0
,678,0,0,0.77081007
,678,1,0,0.7674695
,678,2,2,1.0
,678,3,0,0.81962746
,679,0,0,0.7691465
,679,1,2,1.0
,679,2,0,0.8194703
,679,3,0,0.76921004
,680,0,0,0.7709995
,680,1,0,0.8214217
,680,2,0,0.7638241
,680,3,2,1.0
,681,0,1,0.5023188
,681,1,0,0.50233364
,681,2,2,1.0
,681,3,1,0.7455516
,682,0,2,1.0
,682,1,0,0.7610657
,682,2,0,0.81323195
,682,3,0,0.75223315
,683,0,1,0.8896711
,683,1,1,0.5214729
,683,2,2,1.0
,683,3,1,0.5241507
,684,0,0,0.7447702
,684,1,0,0.7578676
,684,2,0,0.8180074
,684,3,2,1.0
,685,0,0,0.7680836
,685,1,0,0.76860535
,685,2,2,1.0
,685,3,0,0.8183369
,686,0,0,0.76739055
,686,1,0,0.76901
,686,2,0,0.81968206
,686,3,2,1.0
,687,0,2,1.0
,687,1,0,0.7689255
,687,2,0,0.77078086
,687,3,0,0.8183293
,688,0,0,0.8196345
,688,1,0,0.7674215
,688,2,0,0.7690889
,688,3,2,1.0
,689,0,0,0.7692127
,689,1,2,1.0
,689,2,0,0.7690121
,689,3,0,0.8196276
,690,0,2,1.0
,690,1,0,0.81967556
,690,2,0,0.7690099
,690,3,0,0.7692111
,691,0,0,0.81829923
,691,1,0,0.77078545
,691,2,0,0.7689901
,691,3,2,1.0
,692,0,2,1.0
,692,1,0,0.7675081
,692,2,0,0.76753044
,692,3,1,0.52121556
,693,0,0,0.819296
,693,1,0,0.75492376
,693,2,0,0.7573518
,693,3,3,1.0
,694,0,0,0.52708805
,694,1,1,0.8176152
,694,2,2,1.0
,694,3,1,0.9349584
,695,0,0,0.758796
,695,1,3,1.0
,695,2,0,0.8198715
,695,3,0,0.7325331
,696,0,1,0.5001979
,696,1,1,0.97306067
,696,2,0,0.5002324
,696,3,2,1.0
,697,0,0,0.7587502
,697,1,0,0.74014705
,697,2,2,1.0
,697,3,0,0.8194053
,698,0,0,0.76744866
,698,1,2,1.0
,698,2,1,0.5213841
,698,3,0,0.76960516
,699,0,0,0.7663591
,699,1,0,0.81190914
,699,2,3,1.0
,699,3,0,0.76636016
,700,0,0,0.50024146
,700,1,2,1.0
,700,2,1,0.973042
,700,3,1,0.5021365
,701,0,0,0.7573345
,701,1,1,0.5219799
,701,2,0,0.740449
,701,3,2,1.0
,702,0,0,0.7656573
,702,1,3,1.0
,702,2,0,0.76505417
,702,3,0,0.8126842
,703,0,0,0.55175537
,703,1,1,0.93445677
,703,2,0,0.55173105
,703,3,2,1.0
,704,0,0,0.76046604
,704,1,2,1.0
,704,2,0,0.7605234
,704,3,0,0.81802917
,705,0,0,0.7671198
,705,1,0,0.8196345
,705,2,0,0.76872504
,705,3,2,1.0
,706,0,2,1.0
,706,1,0,0.7692127
,706,2,0,0.7689991
,706,3,0,0.819627
,707,0,0,0.8196276
,707,1,2,1.0
,707,2,0,0.7690088
,707,3,0,0.76919216
,708,0,0,0.76921105
,708,1,0,0.8196733
,708,2,0,0.7690088
,708,3,2,0.99994457
,709,0,2,1.0
,709,1,0,0.7707244
,709,2,0,0.76898277
,709,3,0,0.8183045
,710,0,0,0.81968415
,710,1,0,0.76748425
,710,2,0,0.7690275
,710,3,2,1.0
,711,0,0,0.7708561
,711,1,2,1.0
,711,2,0,0.7690561
,711,3,0,0.8183274
,712,0,0,0.771147
,712,1,0,0.8138616
,712,2,0,0.7710141
,712,3,2,1.0
,713,0,0,0.500001
,713,1,2,1.0
,713,2,1,0.5022143
,713,3,1,0.7455987
,714,0,0,0.75705576
,714,1,0,0.8193269
,714,2,2,1.0
,714,3,0,0.7499724
,715,0,2,1.0
,715,1,0,0.76919806
,715,2,0,0.8196741
,715,3,0,0.7683288
,716,0,0,0.8183294
,716,1,2,1.0
,716,2,0,0.77078104
,716,3,0,0.76890165
,717,0,2,1.0
,717,1,0,0.8196345
,717,2,0,0.7690891
,717,3,0,0.76742065
,718,0,0,0.8196276
,718,1,0,0.7692127
,718,2,0,0.76901394
,718,3,2,1.0
,719,0,0,0.76921004
,719,1,2,1.0
,719,2,0,0.769062
,719,3,0,0.81971884
,720,0,2,1.0
,720,1,0,0.81381834
,720,2,0,0.7703803
,720,3,0,0.77217096
,721,0,1,0.762653
,721,1,2,1.0
,721,2,1,0.523949
,721,3,1,0.52386963
,722,0,0,1.0
,722,1,0,1.0
,722,2,2,0.61472845
,722,3,0,1.0
,723,0,0,0.77685976
,723,1,0,0.77685976
,723,2,0,0.646852
,723,3,2,1.0
,724,0,0,0.77354294
,724,1,0,0.77354294
,724,2,0,0.76737416
,724,3,2,1.0
,725,0,0,0.7692445
,725,1,0,0.76924443
,725,2,2,1.0
,725,3,0,0.8183364
,726,0,0,0.7711894
,726,1,0,0.77118945
,726,2,0,0.8138534
,726,3,2,1.0
,727,0,0,0.50261086
,727,1,0,0.50261086
,727,2,2,1.0
,727,3,1,0.75314254
,728,0,1,0.5161321
,728,1,1,0.5161321
,728,2,1,0.7489179
,728,3,2,1.0
,729,0,0,0.7580105
,729,1,0,0.7580105
,729,2,2,1.0
,729,3,0,0.8179873
,730,0,0,0.768688
,730,1,0,0.7686881
,730,2,0,0.81833434
,730,3,2,1.0
,731,0,0,0.7711698
,731,1,0,0.7711699
,731,2,2,1.0
,731,3,0,0.8138534
,732,0,0,0.5026069
,732,1,0,0.5026105
,732,2,1,0.75314206
,732,3,2,1.0
,733,0,1,0.51620203
,733,1,1,0.5161218
,733,2,2,1.0
,733,3,1,0.7489128
,734,0,0,0.75638574
,734,1,0,0.7580428
,734,2,0,0.8193388
,734,3,2,1.0
,735,0,2,1.0
,735,1,0,0.7685881
,735,2,0,0.7707617
,735,3,0,0.81832653
,736,0,0,0.8183361
,736,1,0,0.7689842
,736,2,0,0.7690044
,736,3,2,1.0
,737,0,2,1.0
,737,1,0,0.7690252
,737,2,0,0.7674232
,737,3,0,0.81968033
,738,0,0,0.8183293
,738,1,0,0.76898295
,738,2,2,1.0
,738,3,0,0.77072436
,739,0,2,1.0
,739,1,0,0.76902485
,739,2,0,0.81968033
,739,3,0,0.76748425
,740,0,0,0.8183293
,740,1,0,0.7689809
,740,2,0,0.7707244
,740,3,2,1.0
,741,0,2,1.0
,741,1,0,0.7689692
,741,2,0,0.7674865
,741,3,0,0.8196805
,742,0,0,0.81967545
,742,1,0,0.7674071
,742,2,2,1.0
,742,3,0,0.77075225
,743,0,0,0.77080715
,743,1,2,1.0
,743,2,0,0.81967485
,743,3,0,0.7674681
,744,0,0,0.7690445
,744,1,0,0.8183279
,744,2,0,0.77077717
,744,3,2,1.0
,745,0,0,0.7689983
,745,1,2,1.0
,745,2,0,0.7690051
,745,3,0,0.8183362
,746,0,0,0.76897013
,746,1,0,0.81968236
,746,2,0,0.7674256
,746,3,2,1.0
,747,0,0,0.7674063
,747,1,0,0.77080816
,747,2,2,1.0
,747,3,0,0.81962776
,748,0,2,1.0
,748,1,0,0.76907516
,748,2,0,0.8196772
,748,3,0,0.76921076
,749,0,0,0.8183274
,749,1,0,0.7690605
,749,2,0,0.7708564
,749,3,2,1.0
,750,0,2,1.0
,750,1,0,0.7710856
,750,2,0,0.77114904
,750,3,0,0.8138566
,751,0,1,0.74743736
,751,1,1,0.5001896
,751,2,1,0.50018674
,751,3,2,1.0
,752,0,2,1.0
,752,1,0,0.7585811
,752,2,0,0.7585812
,752,3,0,0.81798995
,753,0,0,0.81833494
,753,1,0,0.7686278
,753,2,0,0.7686279
,753,3,2,1.0
,754,0,2,1.0
,754,1,0,0.7689848
,754,2,0,0.7689848
,754,3,0,0.81833506
,755,0,0,0.81833506
,755,1,0,0.76899725
,755,2,0,0.76899725
,755,3,2,1.0
,756,0,2,1.0
,756,1,0,0.76899576
,756,2,0,0.7689978
,756,3,0,0.8183351
,757,0,0,0.8183363
,757,1,0,0.76894206
,757,2,0,0.7689989
,757,3,2,1.0
,758,0,2,1.0
,758,1,0,0.7674209
,758,2,0,0.76902586
,758,3,0,0.819682
,759,0,0,0.81832814
,759,1,2,1.0
,759,2,0,0.76898164
,759,3,0,0.7707777
,760,0,2,1.0
,760,1,0,0.8183362
,760,2,0,0.76899815
,760,3,0,0.76900506
,761,0,0,0.8196346
,761,1,2,1.0
,761,2,0,0.769024
,761,3,0,0.76742464
,762,0,0,0.7692136
,762,1,0,0.8196753
,762,2,0,0.7689538
,762,3,2,1.0
,763,0,2,1.0
,763,1,0,0.7708077
,763,2,0,0.76740474
,763,3,0,0.8196736
,764,0,0,0.8183292
,764,1,0,0.7690458
,764,2,2,1.0
,764,3,0,0.7707238
,765,0,2,1.0
,765,1,0,0.7690274
,765,2,0,0.8196344
,765,3,0,0.7674856
,766,0,0,0.8196276
,766,1,0,0.7690099
,766,2,0,0.7692127
,766,3,2,1.0
,767,0,0,0.7692114
,767,1,0,0.7690092
,767,2,2,1.0
,767,3,0,0.8196735
,768,0,2,1.0
,768,1,0,0.7689826
,768,2,0,0.8183293
,768,3,0,0.77072436
,769,0,0,0.8196345
,769,1,0,0.7690252
,769,2,2,1.0
,769,3,0,0.7674856
,770,0,0,0.7692114
,770,1,0,0.7690096
,770,2,0,0.8196733
,770,3,2,1.0
,771,0,2,1.0
,771,1,0,0.7689868
,771,2,0,0.770723
,771,3,0,0.8183288
,772,0,0,0.81266665
,772,1,0,0.7691056
,772,2,0,0.7674066
,772,3,2,1.0
,773,0,0,0.5319393
,773,1,0,0.7693015
,773,2,2,0.99999356
,773,3,0,0.82068104
,774,0,3,1.0
,774,1,1,0.51446724
,774,2,1,0.7511904
,774,3,1,0.5145785
,775,0,1,0.63770473
,775,1,0,0.76088685
,775,2,0,0.7443863
,775,3,2,1.0
,776,0,2,1.0
,776,1,1,0.5056932
,776,2,1,0.7527005
,776,3,1,0.7464433
,777,0,1,0.75041336
,777,1,1,0.5252988
,777,2,3,1.0
,777,3,1,0.53831655
,778,0,0,0.7523969
,778,1,0,0.7604196
,778,2,1,0.63744026
,778,3,2,0.9999999
,779,0,1,0.5034608
,779,1,1,0.5008124
,779,2,2,1.0
,779,3,1,0.7457531
,780,0,2,1.0
,780,1,0,0.75864094
,780,2,0,0.81802285
,780,3,0,0.74992824
,781,0,0,0.8183367
,781,1,0,0.7686325
,781,2,2,1.0
,781,3,0,0.76826614
,782,0,2,1.0
,782,1,0,0.7690129
,782,2,0,0.81968206
,782,3,0,0.7673969
,783,0,0,0.81832814
,783,1,0,0.7689812
,783,2,0,0.7707777
,783,3,2,1.0
,784,0,2,1.0
,784,1,0,0.7689981
,784,2,0,0.76900494
,784,3,0,0.8183361
,785,0,0,0.8196346
,785,1,0,0.7690261
,785,2,0,0.76742464
,785,3,2,1.0
,786,0,0,0.7692127
,786,1,0,0.7690126
,786,2,2,1.0
,786,3,0,0.8196276
,787,0,2,1.0
,787,1,0,0.7690858
,787,2,0,0.81947064
,787,3,0,0.7692105
,788,0,0,0.8213583
,788,1,0,0.7710684
,788,2,0,0.763823
,788,3,2,1.0
,789,0,1,0.5000783
,789,1,1,0.50002587
,789,2,2,1.0
,789,3,1,0.7456369
,790,0,2,1.0
,790,1,0,0.7586703
,790,2,0,0.81802344
,790,3,0,0.74993575
,791,0,0,0.81833553
,791,1,0,0.7686323
,791,2,2,1.0
,791,3,0,0.76832026
,792,0,2,1.0
,792,1,0,0.76898617
,792,2,0,0.8183363
,792,3,0,0.76891816
,793,0,0,0.819682
,793,1,0,0.76902527
,793,2,2,1.0
,793,3,0,0.7674201
,794,0,0,0.7707777
,794,1,0,0.76898164
,794,2,0,0.81832814
,794,3,2,1.0
,795,0,0,0.76900506
,795,1,0,0.76899815
,795,2,2,1.0
,795,3,0,0.8183361
,796,0,0,0.76742464
,796,1,0,0.76902604
,796,2,0,0.8196346
,796,3,2,1.0
,797,0,2,1.0
,797,1,0,0.7690099
,797,2,0,0.7692127
,797,3,0,0.8196276
,798,0,0,0.81962764
,798,1,0,0.76900953
,798,2,2,1.0
,798,3,0,0.7692127
,799,0,0,0.7692127
,799,1,0,0.76900953
,799,2,0,0.81962776
,799,3,2,1.0
,800,0,2,1.0
,800,1,0,0.76900953
,800,2,0,0.7692127
,800,3,0,0.81962764
,801,0,0,0.81962764
,801,1,0,0.76900953
,801,2,2,1.0
,801,3,0,0.7692127
,802,0,0,0.76921135
,802,1,0,0.76900923
,802,2,0,0.819675
,802,3,2,1.0
,803,0,2,1.0
,803,1,0,0.76898146
,803,2,0,0.7707777
,803,3,0,0.8183282
,804,0,0,0.8183361
,804,1,0,0.7690008
,804,2,0,0.76900494
,804,3,2,1.0
,805,0,2,1.0
,805,1,0,0.7691024
,805,2,0,0.7674223
,805,3,0,0.8197457
,806,0,0,0.8138497
,806,1,0,0.7710702
,806,2,2,1.0
,806,3,0,0.77285427
,807,0,2,1.0
,807,1,1,0.5001791
,807,2,1,0.7474322
,807,3,1,0.5001798
,808,0,0,0.819294
,808,1,0,0.7586166
,808,2,2,1.0
,808,3,0,0.7569661
,809,0,0,0.76919556
,809,1,0,0.76863635
,809,2,0,0.81967175
,809,3,2,1.0
,810,0,2,1.0
,810,1,0,0.76896936
,810,2,0,0.7707244
,810,3,0,0.8183294
,811,0,0,0.8196819
,811,1,0,0.7690245
,811,2,0,0.7674841
,811,3,2,1.0
,812,0,0,0.7707797
,812,1,0,0.76898164
,812,2,2,1.0
,812,3,0,0.818328
,813,0,0,0.7690607
,813,1,0,0.7689969
,813,2,0,0.81833494
,813,3,2,1.0
,814,0,0,0.769
,814,1,0,0.7689977
,814,2,2,1.0
,814,3,0,0.81833506
,815,0,0,0.7689979
,815,1,0,0.7689978
,815,2,0,0.81833494
,815,3,2,1.0
,816,0,0,0.7689978
,816,1,0,0.7689978
,816,2,2,1.0
,816,3,0,0.81833506
,817,0,0,0.7689978
,817,1,0,0.7689978
,817,2,0,0.81833494
,817,3,2,1.0
,818,0,0,0.7689978
,818,1,0,0.7689978
,818,2,2,1.0
,818,3,0,0.81833506
,819,0,0,0.7689978
,819,1,0,0.7689977
,819,2,0,0.81833494
,819,3,2,1.0
,820,0,0,0.7689977
,820,1,0,0.76899576
,820,2,2,1.0
,820,3,0,0.8183351
,821,0,0,0.76899695
,821,1,0,0.7689422
,821,2,0,0.8183363
,821,3,2,1.0
,822,0,0,0.76897
,822,1,0,0.7674233
,822,2,2,1.0
,822,3,0,0.81968236
,823,0,0,0.7674049
,823,1,2,1.0
,823,2,0,0.8196735
,823,3,0,0.7708077
,824,0,2,1.0
,824,1,0,0.8183292
,824,2,0,0.7707239
,824,3,0,0.7690458
,825,0,0,0.8196345
,825,1,2,1.0
,825,2,0,0.7674856
,825,3,0,0.7690275
,826,0,0,0.76921135
,826,1,0,0.819675
,826,2,2,1.0
,826,3,0,0.76900953
,827,0,2,1.0
,827,1,0,0.77077985
,827,2,0,0.81832814
,827,3,0,0.7689794
,828,0,0,0.8183361
,828,1,0,0.769062
,828,2,2,1.0
,828,3,0,0.7689412
,829,0,2,1.0
,829,1,0,0.7690283
,829,2,0,0.8196346
,829,3,0,0.7674223
,830,0,0,0.8196276
,830,1,0,0.7690099
,830,2,0,0.7692127
,830,3,2,1.0
,831,0,0,0.76921093
,831,1,0,0.7690092
,831,2,2,1.0
,831,3,0,0.8196734
,832,0,2,0.9999989
,832,1,0,0.7689806
,832,2,0,0.81832945
,832,3,0,0.7707244
,833,0,0,0.8196818
,833,1,0,0.7689692
,833,2,2,1.0
,833,3,0,0.7674865
,834,0,0,0.770808
,834,1,0,0.7674063
,834,2,0,0.81962776
,834,3,2,1.0
,835,0,0,0.7690728
,835,1,2,1.0
,835,2,0,0.7692121
,835,3,0,0.81962746
,836,0,0,0.76901144
,836,1,0,0.8196735
,836,2,2,1.0
,836,3,0,0.76921135
,837,0,0,0.76898265
,837,1,0,0.77072436
,837,2,0,0.8183293
,837,3,2,1.0
,838,0,0,0.76902527
,838,1,0,0.7674856
,838,2,2,1.0
,838,3,0,0.8196345
,839,0,0,0.7690122
,839,1,2,1.0
,839,2,0,0.8196774
,839,3,0,0.76921135
,840,0,0,0.7690557
,840,1,0,0.8183274
,840,2,0,0.7708562
,840,3,2,1.0
,841,0,0,0.771014
,841,1,2,1.0
,841,2,0,0.77114904
,841,3,0,0.8138614
,842,0,1,0.50222254
,842,1,1,0.74566275
,842,2,0,0.50005996
,842,3,2,1.0
,843,0,2,1.0
,843,1,0,0.7482782
,843,2,0,0.75844175
,843,3,0,0.81944275
,844,0,0,0.82154626
,844,1,2,1.0
,844,2,0,0.76124126
,844,3,0,0.77300084
,845,0,1,0.5187979
,845,1,1,0.8906202
,845,2,2,1.0
,845,3,1,0.52094126
,846,0,0,0.75998634
,846,1,2,1.0
,846,2,0,0.8134741
,846,3,0,0.75983614
,847,0,1,0.5004294
,847,1,1,0.74560356
,847,2,2,1.0
,847,3,1,0.5027274
,848,0,0,0.7586557
,848,1,0,0.7499347
,848,2,0,0.81802344
,848,3,2,1.0
,849,0,0,0.76863295
,849,1,0,0.76826644
,849,2,2,1.0
,849,3,0,0.8183367
,850,0,0,0.7690131
,850,1,0,0.7673984
,850,2,0,0.8196348
,850,3,2,1.0
,851,0,0,0.7690073
,851,1,2,1.0
,851,2,0,0.7692127
,851,3,0,0.81962764
,852,0,0,0.7689523
,852,1,0,0.8196761
,852,2,2,1.0
,852,3,0,0.7692135
,853,0,0,0.76736724
,853,1,0,0.7708243
,853,2,0,0.8196895
,853,3,2,1.0
,854,0,2,1.0
,854,1,0,0.76780754
,854,2,0,0.7694906
,854,3,1,0.5214572
,855,0,0,0.81774396
,855,1,0,0.7643412
,855,2,0,0.7627955
,855,3,3,1.0
,856,0,0,0.7695835
,856,1,0,0.76927966
,856,2,2,1.0
,856,3,1,0.6276199
,857,0,2,1.0
,857,1,0,0.7690753
,857,2,0,0.81965065
,857,3,0,0.75332266
,858,0,0,0.8196268
,858,1,0,0.76900953
,858,2,0,0.76921123
,858,3,2,1.0
,859,0,0,0.7692127
,859,1,0,0.76900953
,859,2,2,1.0
,859,3,0,0.81962764
,860,0,2,1.0
,860,1,0,0.7690102
,860,2,0,0.81967586
,860,3,0,0.7692111
,861,0,0,0.81829935
,861,1,0,0.7690012
,861,2,0,0.77079904
,861,3,2,1.0
,862,0,2,1.0
,862,1,0,0.7678455
,862,2,0,0.7678974
,862,3,1,0.52136004
,863,0,0,0.81005865
,863,1,0,0.7664766
,863,2,0,0.7661415
,863,3,3,1.0
,864,0,2,0.9913591
,864,1,0,0.502834
,864,2,1,0.50774574
,864,3,1,0.9741727
,865,0,1,0.8909639
,865,1,1,0.53313154
,865,2,1,0.77237654
,865,3,2,1.0
,866,0,1,0.5396032
,866,1,1,0.5237588
,866,2,3,1.0
,866,3,1,0.75780505
,867,0,1,0.51781213
,867,1,1,0.51718783
,867,2,1,0.973689
,867,3,2,1.0
,868,0,0,0.75794023
,868,1,0,0.75630885
,868,2,2,1.0
,868,3,0,0.8192743
,869,0,0,0.76861477
,869,1,2,1.0
,869,2,0,0.8190853
,869,3,0,0.7691959
,870,0,0,0.7690605
,870,1,0,0.81974167
,870,2,0,0.75100166
,870,3,2,1.0
,871,0,0,0.77076274
,871,1,0,0.77295715
,871,2,2,0.95031977
,871,3,0,0.813846
,872,0,1,0.51020616
,872,1,0,0.50283843
,872,2,1,0.7547676
,872,3,2,1.0
,873,0,2,1.0
,873,1,1,0.5127077
,873,2,1,0.52426493
,873,3,1,0.7547713
,874,0,1,0.8903032
,874,1,1,0.53484815
,874,2,1,0.5376346
,874,3,2,1.0
,875,0,0,0.74474686
,875,1,0,0.75733006
,875,2,2,1.0
,875,3,0,0.81800693
,876,0,0,0.7681666
,876,1,0,0.7670086
,876,2,0,0.8196809
,876,3,2,1.0
,877,0,0,0.7689524
,877,1,2,1.0
,877,2,0,0.7707244
,877,3,0,0.8183293
,878,0,0,0.7690237
,878,1,0,0.8196819
,878,2,0,0.7674841
,878,3,2,1.0
,879,0,0,0.76897734
,879,1,0,0.7707775
,879,2,2,1.0
,879,3,0,0.818328
,880,0,0,0.7688746
,880,1,0,0.76899475
,880,2,0,0.81961447
,880,3,2,1.0
,881,0,0,0.7716752
,881,1,0,0.77325964
,881,2,0,0.7749809
,881,3,2,1.0
,882,0,2,1.0
,882,1,0,0.76918274
,882,2,0,0.76764315
,882,3,0,0.8196368
,883,0,0,0.8196276
,883,1,0,0.7690134
,883,2,2,1.0
,883,3,0,0.7692129
,884,0,0,0.76921374
,884,1,0,0.7689533
,884,2,0,0.8196774
,884,3,2,1.0
,885,0,2,1.0
,885,1,0,0.7673942
,885,2,0,0.7708731
,885,3,0,0.81947035
,886,0,0,0.82150286
,886,1,2,0.99997437
,886,2,0,0.7708253
,886,3,0,0.76381236
,887,0,0,0.5049018
,887,1,1,0.74384606
,887,2,1,0.5102955
,887,3,2,1.0
,888,0,1,0.5129011
,888,1,1,0.5366927
,888,2,2,1.0
,888,3,1,0.7449196
,889,0,1,0.5167512
,889,1,2,1.0
,889,2,1,0.74692446
,889,3,1,0.52895963
,890,0,0,0.74962425
,890,1,0,0.81334096
,890,2,0,0.75205076
,890,3,2,0.9999976
,891,0,1,0.8376679
,891,1,2,1.0
,891,2,1,0.51086587
,891,3,1,0.7496386
,892,0,3,1.0
,892,1,0,0.81990266
,892,2,0,0.75729513
,892,3,0,0.7385034
,893,0,1,0.9730621
,893,1,0,0.50243175
,893,2,1,0.5026496
,893,3,2,0.99704665
,894,0,0,0.7416172
,894,1,0,0.7588665
,894,2,2,1.0
,894,3,0,0.8167094
,895,0,0,0.7610241
,895,1,0,0.77065533
,895,2,0,0.82142615
,895,3,2,0.99999976
,896,0,2,0.9999999
,896,1,1,0.5023322
,896,2,0,0.5022181
,896,3,1,0.7456976
,897,0,0,0.8193743
,897,1,2,1.0
,897,2,0,0.75878453
,897,3,0,0.74827707
,898,0,0,0.7707621
,898,1,0,0.81832606
,898,2,0,0.7686134
,898,3,2,1.0
,899,0,0,0.76900446
,899,1,2,1.0
,899,2,0,0.768985
,899,3,0,0.8183362
,900,0,0,0.7674246
,900,1,0,0.8196346
,900,2,0,0.7690255
,900,3,2,1.0
,901,0,2,1.0
,901,1,0,0.7692127
,901,2,0,0.7690099
,901,3,0,0.8196276
,902,0,0,0.81967586
,902,1,2,1.0
,902,2,0,0.7690099
,902,3,0,0.76921076
,903,0,0,0.77079654
,903,1,0,0.8182994
,903,2,0,0.7689963
,903,3,2,0.9999989
,904,0,0,0.76782566
,904,1,2,1.0
,904,2,0,0.7677065
,904,3,1,0.5214444
,905,0,0,0.7642865
,905,1,0,0.81779265
,905,2,0,0.7627333
,905,3,3,1.0
,906,0,0,0.7676771
,906,1,0,0.7711735
,906,2,2,1.0
,906,3,1,0.627549
,907,0,2,1.0
,907,1,0,0.7691138
,907,2,0,0.8183515
,907,3,0,0.7549034
,908,0,0,0.8193
,908,1,0,0.76903343
,908,2,2,1.0
,908,3,0,0.7669182
,909,0,0,0.7577749
,909,1,0,0.7689386
,909,2,0,0.81822044
,909,3,2,1.0
,910,0,1,0.6017518
,910,1,0,0.7658373
,910,2,2,1.0
,910,3,0,0.8184442
,911,0,3,0.9999975
,911,1,0,0.7669651
,911,2,0,0.81182647
,911,3,0,0.7687677
,912,0,1,0.99027765
,912,1,1,0.51977605
,912,2,2,1.0
,912,3,1,0.52198505
,913,0,0,0.74115187
,913,1,0,0.75794625
,913,2,0,0.8180154
,913,3,2,1.0
,914,0,0,0.76643354
,914,1,0,0.768636
,914,2,2,1.0
,914,3,0,0.8196354
,915,0,2,1.0
,915,1,0,0.76899844
,915,2,0,0.8196666
,915,3,0,0.7692111
,916,0,0,0.8183248
,916,1,0,0.7690595
,916,2,0,0.7704961
,916,3,2,1.0
,917,0,2,1.0
,917,1,0,0.7710767
,917,2,0,0.7608896
,917,3,0,0.8136719
,918,0,1,0.74926686
,918,1,1,0.5100216
,918,2,1,0.8374243
,918,3,2,1.0
,919,0,0,0.74913883
,919,1,0,0.7576555
,919,2,3,0.9999888
,919,3,0,0.8119066
,920,0,1,0.5279091
,920,1,1,0.52745503
,920,2,1,0.9965565
,920,3,2,1.0
,921,0,0,0.75585926
,921,1,0,0.75753224
,921,2,2,1.0
,921,3,0,0.8192473
,922,0,2,1.0
,922,1,0,0.7686181
,922,2,0,0.8196921
,922,3,0,0.7691561
,923,0,1,0.52064043
,923,1,0,0.767835
,923,2,0,0.76963776
,923,3,2,1.0
,924,0,3,1.0
,924,1,0,0.76543224
,924,2,0,0.7650638
,924,3,0,0.61019653
,925,0,1,0.9965521
,925,1,1,0.52575624
,925,2,1,0.5394652
,925,3,3,1.0
,926,0,1,0.57073724
,926,1,1,0.5374307
,926,2,2,1.0
,926,3,1,0.9965008
,927,0,2,1.0
,927,1,1,0.51781154
,927,2,1,0.74888074
,927,3,1,0.538303
,928,0,0,0.8193949
,928,1,0,0.75806856
,928,2,2,1.0
,928,3,0,0.75559837
,929,0,0,0.77253675
,929,1,0,0.77077407
,929,2,0,0.8138446
,929,3,2,1.0
,930,0,1,0.51011306
,930,1,0,0.5026059
,930,2,2,1.0
,930,3,1,0.7435538
,931,0,2,1.0
,931,1,1,0.5154835
,931,2,1,0.74724525
,931,3,1,0.5288225
,932,0,0,0.8210502
,932,1,0,0.7602527
,932,2,0,0.7424896
,932,3,2,1.0
,933,0,1,0.50011295
,933,1,1,0.50054497
,933,2,2,1.0
,933,3,1,0.7457066
,934,0,2,1.0
,934,1,0,0.75837964
,934,2,0,0.8193257
,934,3,0,0.7482752
,935,0,0,0.8197415
,935,1,0,0.76017445
,935,2,0,0.7690889
,935,3,2,1.0
,936,0,0,0.7711709
,936,1,0,0.52949023
,936,2,2,1.0
,936,3,0,0.8205149
,937,0,1,0.512131
,937,1,3,1.0
,937,2,1,0.74911076
,937,3,1,0.52118295
,938,0,0,0.5295168
,938,1,1,0.93481266
,938,2,0,0.518873
,938,3,2,1.0
,939,0,0,0.75940806
,939,1,2,1.0
,939,2,0,0.75926316
,939,3,0,0.81801915
,940,0,0,0.7602551
,940,1,0,0.8197474
,940,2,0,0.76666826
,940,3,2,1.0
,941,0,0,0.53015125
,941,1,0,0.7711011
,941,2,2,0.9991869
,941,3,0,0.8207513
,942,0,3,1.0
,942,1,1,0.5161699
,942,2,1,0.9375653
,942,3,1,0.5139756
,943,0,1,0.6401387
,943,1,0,0.75833905
,943,2,3,1.0
,943,3,0,0.758417
,944,0,2,1.0
,944,1,1,0.5007398
,944,2,1,0.9733504
,944,3,1,0.500737
,945,0,0,0.8134843
,945,1,0,0.7606644
,945,2,2,1.0
,945,3,0,0.7606498
,946,0,2,1.0
,946,1,1,0.5005422
,946,2,1,0.74743736
,946,3,1,0.5009968
,947,0,0,0.8210211
,947,1,0,0.76071227
,947,2,2,1.0
,947,3,0,0.7513499
,948,0,1,0.5001933
,948,1,1,0.50049734
,948,2,1,0.745626
,948,3,2,1.0
,949,0,2,1.0
,949,1,0,0.757288
,949,2,0,0.74853945
,949,3,1,0.52203166
,950,0,0,0.811622
,950,1,0,0.7661722
,950,2,0,0.76578754
,950,3,3,1.0
,951,0,2,0.9999999
,951,1,1,0.51981336
,951,2,1,0.5221189
,951,3,1,0.9902779
,952,0,0,0.81801397
,952,1,0,0.7579434
,952,2,2,1.0
,952,3,0,0.7412116
,953,0,2,1.0
,953,1,0,0.76860744
,953,2,0,0.8183359
,953,3,0,0.7680115
,954,0,0,0.8183364
,954,1,0,0.7689881
,954,2,2,1.0
,954,3,0,0.76890725
,955,0,2,1.0
,955,1,0,0.7691021
,955,2,0,0.8197454
,955,3,0,0.7674188
,956,0,0,0.8138495
,956,1,0,0.7710738
,956,2,0,0.7728453
,956,3,2,1.0
,957,0,2,1.0
,957,1,1,0.50007224
,957,2,1,0.5004735
,957,3,1,0.74743736
,958,0,0,0.82115066
,958,1,0,0.76089644
,958,2,0,0.7509965
,958,3,2,0.99999964
,959,0,1,0.521155
,959,1,1,0.5214058
,959,2,2,1.0
,959,3,1,0.88984454
,960,0,2,1.0
,960,1,0,0.76011616
,960,2,0,0.820841
,960,3,0,0.73624015
,961,0,1,0.75431985
,961,1,0,0.5018385
,961,2,1,0.5084835
,961,3,2,0.99578553
,962,0,1,0.84974265
,962,1,1,0.5219153
,962,2,2,1.0
,962,3,1,0.75056696
,963,0,3,1.0
,963,1,0,0.758122
,963,2,0,0.82035446
,963,3,0,0.73984313
,964,0,1,0.9903021
,964,1,1,0.5205124
,964,2,1,0.52017355
,964,3,2,0.99999964
,965,0,0,0.7436299
,965,1,0,0.7602304
,965,2,2,1.0
,965,3,0,0.813219
,966,0,1,0.5223831
,966,1,1,0.5215712
,966,2,1,0.89060116
,966,3,2,1.0
,967,0,0,0.7560904
,967,1,0,0.7577749
,967,2,2,1.0
,967,3,0,0.81930774
,968,0,2,1.0
,968,1,0,0.76857954
,968,2,0,0.81832755
,968,3,0,0.7707071
,969,0,0,0.8196817
,969,1,0,0.7690107
,969,2,2,1.0
,969,3,0,0.7674836
,970,0,0,0.7707711
,970,1,0,0.7689838
,970,2,0,0.81832814
,970,3,2,1.0
,971,0,0,0.7688153
,971,1,0,0.76907116
,971,2,2,1.0
,971,3,0,0.8183343
,972,0,0,0.7620072
,972,1,0,0.77101374
,972,2,0,0.82142794
,972,3,2,1.0
,973,0,2,1.0
,973,1,1,0.5023211
,973,2,0,0.50230926
,973,3,1,0.74590003
,974,0,0,0.8211996
,974,1,2,1.0
,974,2,0,0.760574
,974,3,0,0.7425344
,975,0,0,0.50452155
,975,1,1,0.7542671
,975,2,1,0.5112562
,975,3,2,1.0
,976,0,1,0.5244419
,976,1,1,0.8505906
,976,2,2,1.0
,976,3,1,0.75006574
,977,0,0,0.74752396
,977,1,3,0.9999993
,977,2,0,0.81986856
,977,3,0,0.7489187
,978,0,2,1.0
,978,1,1,0.9730507
,978,2,0,0.5002466
,978,3,1,0.5006917
,979,0,0,0.81945896
,979,1,0,0.74162996
,979,2,2,0.9999597
,979,3,0,0.7570598
,980,0,0,0.77317816
,980,1,0,0.76049393
,980,2,0,0.8213349
,980,3,2,1.0
,981,0,1,0.5266178
,981,1,2,1.0
,981,2,1,0.53740865
,981,3,1,0.9838846
,982,0,1,0.5145324
,982,1,1,0.7545553
,982,2,2,1.0
,982,3,1,0.53496313
,983,0,1,0.5167706
,983,1,2,1.0
,983,2,1,0.74710935
,983,3,1,0.5198845
,984,0,0,0.756443
,984,1,0,0.81936944
,984,2,0,0.7499038
,984,3,2,1.0
,985,0,2,1.0
,985,1,0,0.7707673
,985,2,0,0.7682446
,985,3,0,0.8183282
,986,0,0,0.8196345
,986,1,0,0.76908857
,986,2,0,0.7673972
,986,3,2,1.0
,987,0,0,0.7692114
,987,1,0,0.7690097
,987,2,2,1.0
,987,3,0,0.819675
,988,0,2,1.0
,988,1,0,0.76892567
,988,2,0,0.8183293
,988,3,0,0.77078325
,989,0,0,0.81974864
,989,1,0,0.7674193
,989,2,2,1.0
,989,3,0,0.769154
,990,0,0,0.7729586
,990,1,2,1.0
,990,2,0,0.81384736
,990,3,0,0.7707517
,991,0,0,0.5029516
,991,1,1,0.74338615
,991,2,2,1.0
,991,3,1,0.51058215
,992,0,1,0.53404385
,992,1,1,0.54716617
,992,2,1,0.8902477
,992,3,2,1.0
,993,0,0,0.7573573
,993,1,2,1.0
,993,2,0,0.7447474
,993,3,0,0.81800646
,994,0,0,0.76700944
,994,1,0,0.81968266
,994,2,0,0.7681666
,994,3,2,1.0
,995,0,2,1.0
,995,1,0,0.77077985
,995,2,0,0.7689492
,995,3,0,0.81832814
,996,0,0,0.8183361
,996,1,0,0.76906204
,996,2,0,0.7689402
,996,3,2,1.0
,997,0,2,1.0
,997,1,0,0.7690312
,997,2,0,0.7674223
,997,3,0,0.8196346
,998,0,0,0.81974304
,998,1,0,0.7690915
,998,2,2,1.0
,998,3,0,0.76921093
,999,0,0,0.7730199
,999,1,0,0.77123386
,999,2,0,0.8135426
,999,3,2,1.0
,1000,0,1,0.5209012
,1000,1,1,0.5209799
,1000,2,2,1.0
,1000,3,1,0.8906055
,1001,0,0,0.7600118
,1001,1,0,0.760009
,1001,2,0,0.8134658
,1001,3,2,1.0
,1002,0,0,0.50211865
,1002,1,0,0.5021185
,1002,2,2,1.0
,1002,3,1,0.7531428
,1003,0,1,0.51602715
,1003,1,1,0.51602715
,1003,2,1,0.74896646
,1003,3,2,1.0
,1004,0,0,0.75947696
,1004,1,0,0.75947696
,1004,2,2,0.9998865
,1004,3,0,0.6075279
,1005,0,1,0.5129532
,1005,1,1,0.5129532
,1005,2,1,0.7586067
,1005,3,3,1.0
,1006,0,1,0.5166816
,1006,1,1,0.5166816
,1006,2,2,1.0
,1006,3,1,0.9736946
,1007,0,0,0.7580238
,1007,1,0,0.7580238
,1007,2,0,0.8179692
,1007,3,2,1.0
,1008,0,0,0.77069634
,1008,1,0,0.77069634
,1008,2,2,1.0
,1008,3,0,0.8138566
,1009,0,1,0.5002063
,1009,1,1,0.5002063
,1009,2,1,0.7474372
,1009,3,2,1.0
,1010,0,0,0.7585804
,1010,1,0,0.75858045
,1010,2,2,1.0
,1010,3,0,0.81798995
,1011,0,0,0.7686258
,1011,1,0,0.7686278
,1011,2,0,0.81833476
,1011,3,2,1.0
,1012,0,0,0.76892906
,1012,1,0,0.768986
,1012,2,2,0.9999993
,1012,3,0,0.8183363
,1013,0,0,0.76742053
,1013,1,0,0.76902527
,1013,2,0,0.81968015
,1013,3,2,1.0
,1014,0,2,1.0
,1014,1,0,0.7689828
,1014,2,0,0.77072424
,1014,3,0,0.8183293
,1015,0,0,0.8196345
,1015,1,0,0.7690252
,1015,2,0,0.7674856
,1015,3,2,1.0
,1016,0,0,0.7692127
,1016,1,0,0.7690097
,1016,2,2,1.0
,1016,3,0,0.8196276
,1017,0,2,1.0
,1017,1,0,0.7690072
,1017,2,0,0.819675
,1017,3,0,0.7692114
,1018,0,0,0.8183294
,1018,1,0,0.76892567
,1018,2,0,0.77078104
,1018,3,2,1.0
,1019,0,2,1.0
,1019,1,0,0.7674215
,1019,2,0,0.7690889
,1019,3,0,0.8196345
,1020,0,0,0.81962764
,1020,1,2,1.0
,1020,2,0,0.7690121
,1020,3,0,0.7692127
,1021,0,0,0.76921135
,1021,1,0,0.8196734
,1021,2,0,0.76900935
,1021,3,2,1.0
,1022,0,2,1.0
,1022,1,0,0.77072436
,1022,2,0,0.7689826
,1022,3,0,0.8183294
,1023,0,0,0.8196345
,1023,1,0,0.7674856
,1023,2,0,0.7690279
,1023,3,2,1.0
,1024,0,0,0.7692106
,1024,1,2,1.0
,1024,2,0,0.7690836
,1024,3,0,0.81947047
,1025,0,2,1.0
,1025,1,0,0.82142156
,1025,2,0,0.77099735
,1025,3,0,0.7638241
,1026,0,1,0.74555445
,1026,1,0,0.50232583
,1026,2,1,0.5023203
,1026,3,2,1.0
,1027,0,0,0.7521355
,1027,1,0,0.76089686
,1027,2,2,1.0
,1027,3,0,0.8135366
,1028,0,1,0.5010223
,1028,1,1,0.50063217
,1028,2,1,0.7474352
,1028,3,2,1.0
,1029,0,0,0.75864697
,1029,1,0,0.7586607
,1029,2,2,1.0
,1029,3,0,0.81797254
,1030,0,0,0.7701744
,1030,1,0,0.77017164
,1030,2,0,0.6081433
,1030,3,2,1.0
,1031,0,1,0.51225704
,1031,1,1,0.51235837
,1031,2,3,1.0
,1031,3,1,0.75887156
,1032,0,1,0.5336113
,1032,1,1,0.5359
,1032,2,1,0.9903735
,1032,3,2,1.0
,1033,0,0,0.7575269
,1033,1,2,1.0
,1033,2,0,0.74093765
,1033,3,0,0.8180112
,1034,0,0,0.7706799
,1034,1,0,0.82142687
,1034,2,0,0.76099265
,1034,3,2,1.0
,1035,0,1,0.5003038
,1035,1,0,0.5019557
,1035,2,2,1.0
,1035,3,1,0.7474719
,1036,0,0,0.7585068
,1036,1,0,0.75858754
,1036,2,0,0.8192253
,1036,3,2,0.9999999
,1037,0,0,0.77288234
,1037,1,0,0.77289706
,1037,2,0,0.7734503
,1037,3,2,1.0
,1038,0,0,0.7688832
,1038,1,0,0.76922417
,1038,2,2,1.0
,1038,3,0,0.8183371
,1039,0,0,0.7616444
,1039,1,0,0.7712524
,1039,2,0,0.8214928
,1039,3,2,1.0
,1040,0,2,1.0
,1040,1,1,0.5209483
,1040,2,1,0.5211332
,1040,3,1,0.8896456
,1041,0,0,0.8135259
,1041,1,0,0.76003635
,1041,2,2,1.0
,1041,3,0,0.74692655
,1042,0,2,1.0
,1042,1,1,0.50041366
,1042,2,1,0.7456596
,1042,3,1,0.50328666
,1043,0,0,0.81937474
,1043,1,0,0.7586916
,1043,2,0,0.74827874
,1043,3,2,1.0
,1044,0,0,0.7707641
,1044,1,0,0.7686101
,1044,2,2,0.99999976
,1044,3,0,0.81832606
,1045,0,0,0.76906013
,1045,1,0,0.7689838
,1045,2,0,0.81833494
,1045,3,2,1.0
,1046,0,0,0.76899797
,1046,1,0,0.7689973
,1046,2,2,1.0
,1046,3,0,0.8183351
,1047,0,0,0.7689422
,1047,1,0,0.7689991
,1047,2,0,0.8183363
,1047,3,2,1.0
,1048,0,0,0.7674209
,1048,1,0,0.7690285
,1048,2,2,1.0
,1048,3,0,0.81968427
,1049,0,2,1.0
,1049,1,0,0.7690586
,1049,2,0,0.8183273
,1049,3,0,0.7708537
,1050,0,0,0.8138614
,1050,1,0,0.77108616
,1050,2,2,1.0
,1050,3,0,0.7710775
,1051,0,2,1.0
,1051,1,0,0.50007004
,1051,2,1,0.74566275
,1051,3,1,0.50221974
,1052,0,0,0.8193273
,1052,1,0,0.75870925
,1052,2,0,0.7482805
,1052,3,2,1.0
,1053,0,0,0.76919705
,1053,1,0,0.76863855
,1053,2,2,1.0
,1053,3,0,0.81962574
,1054,0,2,1.0
,1054,1,0,0.7689876
,1054,2,0,0.81962776
,1054,3,0,0.7692127
,1055,0,0,0.81973875
,1055,1,0,0.76876307
,1055,2,0,0.7692105
,1055,3,2,1.0
,1056,0,0,0.7728553
,1056,1,0,0.7619869
,1056,2,2,1.0
,1056,3,0,0.8213583
,1057,0,0,0.5000551
,1057,1,2,1.0
,1057,2,1,0.7456976
,1057,3,1,0.50007635
,1058,0,0,0.7587084
,1058,1,0,0.81937486
,1058,2,0,0.74827784
,1058,3,2,0.9999964
,1059,0,0,0.76861066
,1059,1,0,0.7707641
,1059,2,2,1.0
,1059,3,0,0.8183245
,1060,0,0,0.76898324
,1060,1,0,0.7690602
,1060,2,0,0.81833494
,1060,3,2,1.0
,1061,0,0,0.7689809
,1061,1,0,0.7690001
,1061,2,2,1.0
,1061,3,0,0.81833494
,1062,0,0,0.76853555
,1062,1,0,0.7689977
,1062,2,0,0.81833184
,1062,3,2,1.0
,1063,0,0,0.75592434
,1063,1,0,0.76894253
,1063,2,2,1.0
,1063,3,0,0.81822735
,1064,0,1,0.6018207
,1064,1,0,0.7655047
,1064,2,0,0.8184403
,1064,3,2,1.0
,1065,0,3,0.99999964
,1065,1,0,0.75760615
,1065,2,0,0.7685973
,1065,3,0,0.8197282
,1066,0,1,0.97305155
,1066,1,2,1.0
,1066,2,1,0.50204706
,1066,3,0,0.50251687
,1067,0,0,0.7418838
,1067,1,0,0.81803656
,1067,2,2,1.0
,1067,3,0,0.75873315
,1068,0,0,0.7681422
,1068,1,2,1.0
,1068,2,0,0.8194783
,1068,3,0,0.7670581
,1069,0,0,0.77103513
,1069,1,0,0.821417
,1069,2,0,0.76381737
,1069,3,2,1.0
,1070,0,1,0.5002724
,1070,1,0,0.5018935
,1070,2,2,1.0
,1070,3,1,0.74746495
,1071,0,0,0.75855523
,1071,1,0,0.75704086
,1071,2,0,0.81934154
,1071,3,2,1.0
,1072,0,0,0.7670313
,1072,1,2,1.0
,1072,2,0,0.7707904
,1072,3,0,0.8196262
,1073,0,2,1.0
,1073,1,0,0.8196774
,1073,2,0,0.76901615
,1073,3,0,0.7692129
,1074,0,0,0.8197367
,1074,1,0,0.77088386
,1074,2,0,0.767406
,1074,3,2,1.0
,1075,0,0,0.7727851
,1075,1,0,0.7711334
,1075,2,2,1.0
,1075,3,0,0.81385416
,1076,0,1,0.5021515
,1076,1,0,0.50006634
,1076,2,1,0.74560374
,1076,3,2,1.0
,1077,0,2,1.0
,1077,1,0,0.75867337
,1077,2,0,0.7499367
,1077,3,0,0.8180232
,1078,0,0,0.81833553
,1078,1,0,0.7686325
,1078,2,0,0.76832026
,1078,3,2,1.0
,1079,0,2,1.0
,1079,1,0,0.7689891
,1079,2,0,0.7689182
,1079,3,0,0.8183363
,1080,0,0,0.8197491
,1080,1,0,0.7691087
,1080,2,0,0.7674201
,1080,3,2,1.0
,1081,0,0,0.7730062
,1081,1,0,0.77129155
,1081,2,2,1.0
,1081,3,0,0.81344813
,1082,0,1,0.5299219
,1082,1,1,0.52771246
,1082,2,1,0.9573463
,1082,3,2,1.0
,1083,0,2,1.0
,1083,1,0,0.7576759
,1083,2,0,0.74066746
,1083,3,0,0.8193079
,1084,0,0,0.8194567
,1084,1,0,0.7686859
,1084,2,2,1.0
,1084,3,0,0.7691933
,1085,0,0,0.76345766
,1085,1,0,0.77131057
,1085,2,0,0.8216291
,1085,3,2,1.0
,1086,0,2,0.9999994
,1086,1,1,0.51806533
,1086,2,1,0.51574504
,1086,3,1,0.89370084
,1087,0,1,0.8903859
,1087,1,1,0.53746605
,1087,2,1,0.5350883
,1087,3,2,1.0
,1088,0,0,0.74306613
,1088,1,2,1.0
,1088,2,0,0.7573578
,1088,3,0,0.8193578
,1089,0,2,1.0
,1089,1,0,0.8196729
,1089,2,0,0.7669853
,1089,3,0,0.77078867
,1090,0,0,0.8183288
,1090,1,0,0.7707803
,1090,2,2,1.0
,1090,3,0,0.7689882
,1091,0,2,0.99999917
,1091,1,0,0.76908875
,1091,2,0,0.8196819
,1091,3,0,0.7674223
,1092,0,0,0.8183276
,1092,1,0,0.76898396
,1092,2,0,0.7707797
,1092,3,2,1.0
,1093,0,2,1.0
,1093,1,0,0.76899695
,1093,2,0,0.7690607
,1093,3,0,0.8183348
,1094,0,0,0.81833506
,1094,1,0,0.7689979
,1094,2,0,0.76899797
,1094,3,2,0.9999999
,1095,0,2,1.0
,1095,1,0,0.7690017
,1095,2,0,0.76894206
,1095,3,0,0.8183362
,1096,0,0,0.8197458
,1096,1,0,0.7691025
,1096,2,0,0.7674201
,1096,3,2,1.0
,1097,0,0,0.77285683
,1097,1,0,0.7710702
,1097,2,2,1.0
,1097,3,0,0.8138494
,1098,0,1,0.5001115
,1098,1,1,0.5001941
,1098,2,1,0.7474377
,1098,3,2,1.0
,1099,0,0,0.75858825
,1099,1,0,0.75852376
,1099,2,2,1.0
,1099,3,0,0.8179913
,1100,0,0,0.76873285
,1100,1,0,0.7670484
,1100,2,0,0.8194773
,1100,3,2,1.0
,1101,0,0,0.771056
,1101,1,2,1.0
,1101,2,0,0.763817
,1101,3,0,0.821419
,1102,0,1,0.5002841
,1102,1,1,0.74747074
,1102,2,2,1.0
,1102,3,0,0.5019612
,1103,0,0,0.7585202
,1103,1,2,1.0
,1103,2,0,0.81799126
,1103,3,0,0.7586586
,1104,0,0,0.76705056
,1104,1,0,0.8196346
,1104,2,2,1.0
,1104,3,0,0.7686589
,1105,0,2,1.0
,1105,1,0,0.7692114
,1105,2,0,0.819675
,1105,3,0,0.7689944
,1106,0,0,0.8183294
,1106,1,2,1.0
,1106,2,0,0.770779
,1106,3,0,0.7689253
,1107,0,2,1.0
,1107,1,0,0.8196805
,1107,2,0,0.769033
,1107,3,0,0.7674225
,1108,0,0,0.8196738
,1108,1,0,0.77075225
,1108,2,0,0.7674095
,1108,3,2,1.0
,1109,0,0,0.7707517
,1109,1,0,0.7674704
,1109,2,2,1.0
,1109,3,0,0.81967527
,1110,0,0,0.7674696
,1110,1,2,1.0
,1110,2,0,0.8196276
,1110,3,0,0.77080536
,1111,0,2,1.0
,1111,1,0,0.8196753
,1111,2,0,0.7692131
,1111,3,0,0.7690167
,1112,0,0,0.8196772
,1112,1,0,0.77081054
,1112,2,2,1.0
,1112,3,0,0.76740676
,1113,0,0,0.770845
,1113,1,0,0.76912487
,1113,2,0,0.8183271
,1113,3,2,1.0
,1114,0,0,0.7708431
,1114,1,0,0.7711813
,1114,2,2,1.0
,1114,3,0,0.813842
,1115,0,1,0.5101791
,1115,1,0,0.50252646
,1115,2,1,0.7434726
,1115,3,2,0.9999455
,1116,0,2,1.0
,1116,1,1,0.5178764
,1116,2,1,0.5265243
,1116,3,1,0.7470551
,1117,0,0,0.8194347
,1117,1,2,1.0
,1117,2,0,0.75783265
,1117,3,0,0.7482185
,1118,0,0,0.77284116
,1118,1,0,0.8138477
,1118,2,0,0.77066547
,1118,3,2,1.0
,1119,0,1,0.5001001
,1119,1,2,1.0
,1119,2,1,0.5002771
,1119,3,1,0.7474321
,1120,0,0,0.7586169
,1120,1,0,0.8193411
,1120,2,0,0.75696117
,1120,3,2,1.0
,1121,0,0,0.7685528
,1121,1,0,0.7707559
,1121,2,2,1.0
,1121,3,0,0.8183277
,1122,0,0,0.76740646
,1122,1,0,0.7688246
,1122,2,0,0.8197511
,1122,3,2,1.0
,1123,0,2,1.0
,1123,1,0,0.7615151
,1123,2,0,0.773072
,1123,3,0,0.8215309
,1124,0,1,0.95734966
,1124,1,2,1.0
,1124,2,1,0.5276444
,1124,3,1,0.527803
,1125,0,0,0.7406663
,1125,1,0,0.8193538
,1125,2,0,0.7576753
,1125,3,2,1.0
,1126,0,2,1.0
,1126,1,0,0.7707068
,1126,2,0,0.768577
,1126,3,0,0.8183268
,1127,0,0,0.8194561
,1127,1,0,0.76748055
,1127,2,0,0.76909316
,1127,3,2,0.99999976
,1128,0,0,0.76304686
,1128,1,2,1.0
,1128,2,0,0.7711935
,1128,3,0,0.8134673
,1129,0,1,0.8449038
,1129,1,1,0.89115936
,1129,2,1,0.5240997
,1129,3,2,0.9999999
,1130,0,3,1.0
,1130,1,0,0.7438517
,1130,2,0,0.7569227
,1130,3,0,0.81229955
,1131,0,1,0.97331417
,1131,1,1,0.50110227
,1131,2,1,0.5005203
,1131,3,2,1.0
,1132,0,2,1.0
,1132,1,0,0.7585084
,1132,2,0,0.7585291
,1132,3,0,0.8179727
,1133,0,0,0.8183346
,1133,1,0,0.768707
,1133,2,0,0.7687078
,1133,3,2,1.0
,1134,0,2,1.0
,1134,1,0,0.7712313
,1134,2,0,0.7712338
,1134,3,0,0.81354946
,1135,0,1,0.8906029
,1135,1,1,0.52117014
,1135,2,1,0.52108985
,1135,3,2,0.9999989
,1136,0,2,1.0
,1136,1,0,0.7561336
,1136,2,0,0.7577945
,1136,3,0,0.81931114
,1137,0,0,0.8183257
,1137,1,2,1.0
,1137,2,0,0.76865596
,1137,3,0,0.7708389
,1138,0,2,1.0
,1138,1,0,0.8138566
,1138,2,0,0.77107126
,1138,3,0,0.7711484
,1139,0,1,0.74743736
,1139,1,2,1.0
,1139,2,1,0.5001902
,1139,3,1,0.5001868
,1140,0,2,1.0
,1140,1,0,0.81798995
,1140,2,0,0.75858104
,1140,3,0,0.7585812
,1141,0,0,0.81833494
,1141,1,2,1.0
,1141,2,0,0.7686279
,1141,3,0,0.7686278
,1142,0,2,1.0
,1142,1,0,0.81833506
,1142,2,0,0.768985
,1142,3,0,0.76898485
,1143,0,0,0.81833506
,1143,1,2,1.0
,1143,2,0,0.7690002
,1143,3,0,0.7690002
,1144,0,2,1.0
,1144,1,0,0.81833434
,1144,2,0,0.7690781
,1144,3,0,0.7690781
,1145,0,0,0.81385326
,1145,1,2,1.0
,1145,2,0,0.77118343
,1145,3,0,0.7711836
,1146,0,2,1.0
,1146,1,1,0.75314206
,1146,2,0,0.50260746
,1146,3,0,0.50261056
,1147,0,1,0.7489127
,1147,1,2,1.0
,1147,2,1,0.5162019
,1147,3,1,0.51613486
,1148,0,2,1.0
,1148,1,0,0.8194081
,1148,2,0,0.7563855
,1148,3,0,0.75777054
,1149,0,0,0.8215862
,1149,1,0,0.7730553
,1149,2,2,1.0
,1149,3,0,0.76110923
,1150,0,1,0.5256181
,1150,1,1,0.52768093
,1150,2,1,0.95771915
,1150,3,2,1.0
,1151,0,0,0.7559434
,1151,1,0,0.75727344
,1151,2,2,1.0
,1151,3,0,0.81936437
,1152,0,2,1.0
,1152,1,0,0.7615597
,1152,2,0,0.8215041
,1152,3,0,0.77294207
,1153,0,1,0.75358635
,1153,1,2,1.0
,1153,2,0,0.5052014
,1153,3,0,0.5030386
,1154,0,2,1.0
,1154,1,1,0.98425233
,1154,2,1,0.54151654
,1154,3,1,0.54161155
,1155,0,0,0.6075636
,1155,1,2,0.99999917
,1155,2,0,0.75845623
,1155,3,0,0.75844944
,1156,0,3,0.9992282
,1156,1,1,0.7590077
,1156,2,1,0.5126307
,1156,3,1,0.5127364
,1157,0,1,0.99873763
,1157,1,2,1.0
,1157,2,1,0.54198205
,1157,3,1,0.544371
,1158,0,0,0.7333255
,1158,1,0,0.8210354
,1158,2,0,0.7592789
,1158,3,2,1.0
,1159,0,2,1.0
,1159,1,1,0.50012666
,1159,2,1,0.50058067
,1159,3,1,0.7456464
,1160,0,0,0.8180232
,1160,1,2,1.0
,1160,2,0,0.7587367
,1160,3,0,0.7500237
,1161,0,2,1.0
,1161,1,0,0.8134546
,1161,2,0,0.7709424
,1161,3,0,0.77063525
,1162,0,1,0.9577164
,1162,1,2,1.0
,1162,2,1,0.5277517
,1162,3,1,0.527768
,1163,0,2,1.0
,1163,1,0,0.817947
,1163,2,0,0.75749123
,1163,3,0,0.7574318
,1164,0,0,0.8196345
,1164,1,2,1.0
,1164,2,0,0.76861745
,1164,3,0,0.76701164
,1165,0,0,0.76921135
,1165,1,0,0.8196678
,1165,2,0,0.7689976
,1165,3,2,1.0
,1166,0,2,1.0
,1166,1,0,0.77053565
,1166,2,0,0.7690552
,1166,3,0,0.8183274
,1167,0,0,0.8214086
,1167,1,0,0.7620687
,1167,2,0,0.7710128
,1167,3,2,1.0
,1168,0,0,0.50154406
,1168,1,2,1.0
,1168,2,1,0.5023495
,1168,3,1,0.74564266
,1169,0,0,0.7452705
,1169,1,0,0.81790864
,1169,2,2,1.0
,1169,3,0,0.7498728
,1170,0,1,0.60231036
,1170,1,2,1.0
,1170,2,0,0.81844574
,1170,3,0,0.76515514
,1171,0,3,0.9999988
,1171,1,0,0.8121092
,1171,2,0,0.7687703
,1171,3,0,0.7668678
,1172,0,1,0.97409594
,1172,1,2,1.0
,1172,2,0,0.5028764
,1172,3,0,0.50269
,1173,0,2,0.99999917
,1173,1,1,0.74722743
,1173,2,1,0.5160738
,1173,3,1,0.51836526
,1174,0,0,0.8193682
,1174,1,0,0.7482131
,1174,2,0,0.7580654
,1174,3,2,1.0
,1175,0,0,0.7707366
,1175,1,2,1.0
,1175,2,0,0.76701367
,1175,3,0,0.8196736
,1176,0,0,0.7674675
,1176,1,0,0.819675
,1176,2,2,1.0
,1176,3,0,0.770807
,1177,0,2,1.0
,1177,1,0,0.77078193
,1177,2,0,0.8183279
,1177,3,0,0.7690472
,1178,0,0,0.8183343
,1178,1,0,0.7691376
,1178,2,2,1.0
,1178,3,0,0.7690734
,1179,0,2,1.0
,1179,1,0,0.7710892
,1179,2,0,0.81386155
,1179,3,0,0.7710149
,1180,0,1,0.7456032
,1180,1,0,0.50006586
,1180,2,2,1.0
,1180,3,1,0.5022288
,1181,0,0,0.74993473
,1181,1,0,0.75867337
,1181,2,0,0.81802344
,1181,3,2,1.0
,1182,0,0,0.76826644
,1182,1,0,0.7686316
,1182,2,2,1.0
,1182,3,0,0.8183368
,1183,0,0,0.7673993
,1183,1,0,0.76895726
,1183,2,0,0.8196807
,1183,3,2,1.0
,1184,0,2,1.0
,1184,1,0,0.7674068
,1184,2,0,0.7707524
,1184,3,0,0.8196738
,1185,0,0,0.81967527
,1185,1,2,1.0
,1185,2,0,0.7674704
,1185,3,0,0.7707517
,1186,0,0,0.7708051
,1186,1,0,0.819675
,1186,2,2,1.0
,1186,3,0,0.7674682
,1187,0,0,0.7689865
,1187,1,0,0.7707829
,1187,2,0,0.81832814
,1187,3,2,1.0
,1188,0,0,0.7672943
,1188,1,0,0.7690956
,1188,2,2,1.0
,1188,3,0,0.8088287
,1189,0,2,1.0
,1189,1,0,0.7658016
,1189,2,0,0.81842375
,1189,3,1,0.59940386
,1190,0,0,0.81290287
,1190,1,0,0.7663632
,1190,2,0,0.7683146
,1190,3,3,1.0
,1191,0,2,1.0
,1191,1,0,0.55066466
,1191,2,0,0.5530099
,1191,3,1,0.9338513
,1192,0,0,0.8180923
,1192,1,2,1.0
,1192,2,0,0.76072776
,1192,3,0,0.74342114
,1193,0,2,1.0
,1193,1,0,0.8183359
,1193,2,0,0.7687063
,1193,3,0,0.768092
,1194,0,0,0.8183351
,1194,1,2,1.0
,1194,2,0,0.76898754
,1194,3,0,0.7689645
,1195,0,2,1.0
,1195,1,0,0.81833506
,1195,2,0,0.7689976
,1195,3,0,0.7689614
,1196,0,0,0.81833494
,1196,1,2,1.0
,1196,2,0,0.76900107
,1196,3,0,0.7680035
,1197,0,2,1.0
,1197,1,0,0.8194515
,1197,2,0,0.76907074
,1197,3,0,0.74096566
,1198,0,0,0.8214675
,1198,1,0,0.7634144
,1198,2,0,0.77118176
,1198,3,2,0.92804694
,1199,0,1,0.52111375
,1199,1,2,1.0
,1199,2,1,0.52103615
,1199,3,1,0.896921
,1200,0,2,1.0
,1200,1,0,0.81800693
,1200,2,0,0.75796324
,1200,3,0,0.74459773
,1201,0,0,0.81385744
,1201,1,2,1.0
,1201,2,0,0.77069944
,1201,3,0,0.7702279
,1202,0,2,1.0
,1202,1,1,0.7474368
,1202,2,1,0.5000937
,1202,3,1,0.50011474
,1203,0,0,0.81350255
,1203,1,2,1.0
,1203,2,0,0.76073176
,1203,3,0,0.76073086
,1204,0,2,1.0
,1204,1,1,0.7474372
,1204,2,1,0.50053865
,1204,3,1,0.5005398
,1205,0,0,0.8135021
,1205,1,2,1.0
,1205,2,0,0.7607122
,1205,3,0,0.7606917
,1206,0,2,1.0
,1206,1,1,0.7474493
,1206,2,1,0.50068605
,1206,3,1,0.5013181
,1207,0,0,0.8178723
,1207,1,2,1.0
,1207,2,0,0.75817096
,1207,3,0,0.7451522
,1208,0,2,1.0
,1208,1,0,0.81843823
,1208,2,0,0.75633174
,1208,3,1,0.6003645
,1209,0,0,0.81823933
,1209,1,0,0.76459545
,1209,2,0,0.5086465
,1209,3,3,1.0
,1210,0,0,0.5195906
,1210,1,0,0.5045294
,1210,2,3,1.0
,1210,3,1,0.9345183
,1211,0,1,0.516425
,1211,1,2,1.0
,1211,2,1,0.97334456
,1211,3,1,0.53422153
,1212,0,2,1.0
,1212,1,0,0.81354296
,1212,2,0,0.74421334
,1212,3,0,0.7597287
,1213,0,1,0.7531385
,1213,1,2,1.0
,1213,2,0,0.5014204
,1213,3,0,0.5021114
,1214,0,2,1.0
,1214,1,1,0.74891746
,1214,2,1,0.5161841
,1214,3,1,0.51615334
,1215,0,0,0.81798744
,1215,1,2,1.0
,1215,2,0,0.75800866
,1215,3,0,0.75800973
,1216,0,2,1.0
,1216,1,0,0.8183343
,1216,2,0,0.7686845
,1216,3,0,0.7686845
,1217,0,0,0.8138568
,1217,1,2,1.0
,1217,2,0,0.77107275
,1217,3,0,0.7710726
,1218,0,2,1.0
,1218,1,1,0.7474372
,1218,2,1,0.5001897
,1218,3,1,0.50019246
,1219,0,0,0.8179913
,1219,1,2,1.0
,1219,2,0,0.75858283
,1219,3,0,0.75852394
,1220,0,2,1.0
,1220,1,0,0.81968427
,1220,2,0,0.7686587
,1220,3,0,0.7670493
,1221,0,0,0.81832725
,1221,1,0,0.7708563
,1221,2,0,0.7690455
,1221,3,2,1.0
,1222,0,2,1.0
,1222,1,0,0.7711503
,1222,2,0,0.7710865
,1222,3,0,0.8138511
,1223,0,1,0.74748635
,1223,1,1,0.5001741
,1223,2,1,0.50017697
,1223,3,2,0.9999764
,1224,0,2,1.0
,1224,1,0,0.7571966
,1224,2,0,0.75719655
,1224,3,1,0.52210546
,1225,0,0,0.81161773
,1225,1,0,0.7661675
,1225,2,0,0.7661676
,1225,3,3,0.9999988
,1226,0,2,1.0
,1226,1,1,0.5198287
,1226,2,1,0.5198286
,1226,3,1,0.99037385
,1227,0,0,0.81346285
,1227,1,0,0.75993586
,1227,2,0,0.7599372
,1227,3,2,1.0
,1228,0,2,1.0
,1228,1,1,0.5006105
,1228,2,1,0.5005699
,1228,3,1,0.7474374
,1229,0,0,0.81349796
,1229,1,0,0.75997585
,1229,2,0,0.76081103
,1229,3,2,1.0
,1230,0,2,1.0
,1230,1,1,0.52367973
,1230,2,0,0.5020862
,1230,3,1,0.74357986
,1231,0,1,0.7470795
,1231,1,2,0.94575524
,1231,2,1,0.5157086
,1231,3,1,0.52891386
,1232,0,0,0.74822116
,1232,1,0,0.79500514
,1232,2,0,0.75813967
,1232,3,2,1.0
,1233,0,2,1.0
,1233,1,0,0.7683303
,1233,2,0,0.7686193
,1233,3,0,0.8196259
,1234,0,0,0.8196759
,1234,1,2,1.0
,1234,2,0,0.7689963
,1234,3,0,0.7692111
,1235,0,0,0.77079934
,1235,1,0,0.81829935
,1235,2,0,0.76900053
,1235,3,2,1.0
,1236,0,0,0.7679029
,1236,1,2,1.0
,1236,2,0,0.7678414
,1236,3,1,0.52136517
,1237,0,0,0.76630133
,1237,1,0,0.8119098
,1237,2,0,0.7663724
,1237,3,3,1.0
,1238,0,1,0.5020564
,1238,1,2,1.0
,1238,2,0,0.5002385
,1238,3,1,0.9730519
,1239,0,2,1.0
,1239,1,0,0.81945384
,1239,2,0,0.7588279
,1239,3,0,0.7401203
,1240,0,0,0.81384367
,1240,1,0,0.7729415
,1240,2,0,0.77078545
,1240,3,2,0.99982154
,1241,0,2,1.0
,1241,1,0,0.5028274
,1241,2,0,0.5021627
,1241,3,1,0.7531846
,1242,0,1,0.74504054
,1242,1,1,0.5132934
,1242,2,1,0.52609354
,1242,3,2,1.0
,1243,0,1,0.5290187
,1243,1,1,0.5163408
,1243,2,2,1.0
,1243,3,1,0.7469971
,1244,0,2,1.0
,1244,1,0,0.75670487
,1244,2,1,0.52202135
,1244,3,0,0.7481261
,1245,0,0,0.81960815
,1245,1,0,0.76607406
,1245,2,3,1.0
,1245,3,0,0.7564522
,1246,0,0,0.5049351
,1246,1,0,0.5026525
,1246,2,1,0.97410536
,1246,3,2,0.99999857
,1247,0,1,0.5182733
,1247,1,1,0.5160897
,1247,2,2,1.0
,1247,3,1,0.74716914
,1248,0,2,1.0
,1248,1,0,0.75802934
,1248,2,0,0.8180197
,1248,3,0,0.749868
,1249,0,0,0.8196811
,1249,1,0,0.7670353
,1249,2,2,1.0
,1249,3,0,0.7682921
,1250,0,0,0.77075154
,1250,1,2,1.0
,1250,2,0,0.8196782
,1250,3,0,0.767383
,1251,0,0,0.7674457
,1251,1,0,0.81974113
,1251,2,0,0.7708988
,1251,3,2,1.0
,1252,0,2,1.0
,1252,1,0,0.77190965
,1252,2,0,0.77057874
,1252,3,0,0.60815084
,1253,0,1,0.74906653
,1253,1,1,0.5251756
,1253,2,1,0.512568
,1253,3,3,1.0
,1254,0,1,0.5265795
,1254,1,2,1.0
,1254,2,1,0.518335
,1254,3,1,0.9734095
,1255,0,0,0.75752217
,1255,1,0,0.81944895
,1255,2,2,1.0
,1255,3,0,0.7401263
,1256,0,0,0.7613386
,1256,1,0,0.7728502
,1256,2,0,0.81291693
,1256,3,2,0.99990535
,1257,0,2,1.0
,1257,1,1,0.51052785
,1257,2,1,0.8362563
,1257,3,1,0.74932706
,1258,0,0,0.8199708
,1258,1,0,0.747621
,1258,2,3,0.9999993
,1258,3,0,0.7490539
,1259,0,1,0.519754
,1259,1,2,1.0
,1259,2,1,0.99027956
,1259,3,1,0.52067447
,1260,0,2,1.0
,1260,1,0,0.8193659
,1260,2,0,0.7411882
,1260,3,0,0.75629586
,1261,0,0,0.8196767
,1261,1,0,0.77079755
,1261,2,0,0.7664126
,1261,3,2,1.0
,1262,0,0,0.77085555
,1262,1,0,0.76912093
,1262,2,2,1.0
,1262,3,0,0.8183271
,1263,0,0,0.77114904
,1263,1,0,0.77108735
,1263,2,0,0.8138565
,1263,3,2,1.0
,1264,0,1,0.5001827
,1264,1,1,0.5002015
,1264,2,2,1.0
,1264,3,1,0.74743724
,1265,0,0,0.7586606
,1265,1,0,0.75832784
,1265,2,0,0.8179893
,1265,3,2,1.0
,1266,0,0,0.7707208
,1266,1,0,0.7616203
,1266,2,2,1.0
,1266,3,0,0.82141787
,1267,0,1,0.5001968
,1267,1,2,1.0
,1267,2,1,0.74747086
,1267,3,0,0.5016542
,1268,0,0,0.7604797
,1268,1,0,0.820886
,1268,2,2,1.0
,1268,3,0,0.75218195
,1269,0,0,0.55518657
,1269,1,0,0.55790025
,1269,2,1,0.5640973
,1269,3,2,0.9991004
,1270,0,1,0.5129141
,1270,1,1,0.5127935
,1270,2,2,1.0
,1270,3,1,0.74906164
,1271,0,0,0.76026833
,1271,1,0,0.76027256
,1271,2,0,0.81349975
,1271,3,2,0.9987922
,1272,0,1,0.50066644
,1272,1,1,0.50066626
,1272,2,2,1.0
,1272,3,1,0.7477099
,1273,0,0,0.75864357
,1273,1,0,0.75864357
,1273,2,0,0.8179893
,1273,3,2,1.0
,1274,0,0,0.7707216
,1274,1,0,0.7707216
,1274,2,2,1.0
,1274,3,0,0.81385666
,1275,0,1,0.5000932
,1275,1,1,0.50009316
,1275,2,1,0.747437
,1275,3,2,1.0
,1276,0,0,0.7607281
,1276,1,0,0.7607281
,1276,2,2,1.0
,1276,3,0,0.81350243
,1277,0,1,0.50065076
,1277,1,1,0.50065076
,1277,2,1,0.74743736
,1277,3,2,1.0
,1278,0,0,0.75856483
,1278,1,0,0.75856483
,1278,2,2,1.0
,1278,3,0,0.81798995
,1279,0,0,0.7686272
,1279,1,0,0.7686272
,1279,2,0,0.81833494
,1279,3,2,1.0
,1280,0,0,0.7689847
,1280,1,0,0.7689848
,1280,2,2,1.0
,1280,3,0,0.81833506
,1281,0,0,0.76899725
,1281,1,0,0.7689973
,1281,2,0,0.8183351
,1281,3,2,1.0
,1282,0,0,0.76899576
,1282,1,0,0.7689979
,1282,2,2,1.0
,1282,3,0,0.8183351
,1283,0,0,0.76894104
,1283,1,0,0.7690001
,1283,2,0,0.8183359
,1283,3,2,1.0
,1284,0,0,0.7673654
,1284,1,0,0.7690291
,1284,2,2,1.0
,1284,3,0,0.8087942
,1285,0,2,1.0
,1285,1,0,0.7677009
,1285,2,0,0.81918544
,1285,3,1,0.5978315
,1286,0,0,0.812827
,1286,1,0,0.76944673
,1286,2,0,0.77120143
,1286,3,3,0.99891067
,1287,0,2,1.0
,1287,1,1,0.5205166
,1287,2,1,0.5226461
,1287,3,1,0.9902159
,1288,0,0,0.8193646
,1288,1,0,0.75629234
,1288,2,2,1.0
,1288,3,0,0.74118096
,1289,0,0,0.7708742
,1289,1,2,1.0
,1289,2,0,0.8194697
,1289,3,0,0.7664111
,1290,0,0,0.7712301
,1290,1,0,0.82150364
,1290,2,0,0.7638143
,1290,3,2,1.0
,1291,0,0,0.50270617
,1291,1,0,0.5050425
,1291,2,2,1.0
,1291,3,1,0.7534705
,1292,0,1,0.5364362
,1292,1,1,0.5341338
,1292,2,1,0.89029866
,1292,3,2,1.0
,1293,0,2,1.0
,1293,1,0,0.7557907
,1293,2,0,0.7447813
,1293,3,0,0.81935686
,1294,0,0,0.81832707
,1294,1,2,1.0
,1294,2,0,0.7681181
,1294,3,0,0.77076524
,1295,0,2,1.0
,1295,1,0,0.81454104
,1295,2,0,0.7689415
,1295,3,0,0.7690354
,1296,0,0,0.8191426
,1296,1,2,0.9888984
,1296,2,0,0.76835287
,1296,3,0,0.76835626
,1297,0,0,0.7592694
,1297,1,2,1.0
,1297,2,0,0.75740397
,1297,3,0,0.7574041
,1298,0,2,0.6039144
,1298,1,0,1.0
,1298,2,0,1.0
,1298,3,0,1.0
,1299,0,1,0.8374621
,1299,1,2,1.0
,1299,2,0,0.50788695
,1299,3,0,0.5078869
,1300,0,2,1.0
,1300,1,0,0.81797963
,1300,2,0,0.7588426
,1300,3,0,0.7588426
,1301,0,0,0.8183348
,1301,1,2,1.0
,1301,2,0,0.7686369
,1301,3,0,0.76863694
,1302,0,2,1.0
,1302,1,0,0.8183351
,1302,2,0,0.7689831
,1302,3,0,0.76898503
,1303,0,0,0.8183363
,1303,1,2,1.0
,1303,2,0,0.7689415
,1303,3,0,0.7689986
,1304,0,2,1.0
,1304,1,0,0.81963265
,1304,2,0,0.767421
,1304,3,0,0.7690285
,1305,0,0,0.8088215
,1305,1,0,0.76908386
,1305,2,2,1.0
,1305,3,0,0.76901686
,1306,0,1,0.59940404
,1306,1,2,1.0
,1306,2,0,0.81843424
,1306,3,0,0.7658143
,1307,0,3,1.0
,1307,1,0,0.81208986
,1307,2,0,0.76866287
,1307,3,0,0.76678693
,1308,0,1,0.99444556
,1308,1,2,1.0
,1308,2,1,0.5006512
,1308,3,1,0.50073475
,1309,0,3,1.0
,1309,1,0,0.6058085
,1309,2,0,0.7574923
,1309,3,0,0.7574893
,1310,0,1,0.9754181
,1310,1,3,1.0
,1310,2,1,0.5126691
,1310,3,1,0.5126683
,1311,0,2,0.9999863
,1311,1,1,0.97447896
,1311,2,1,0.51396513
,1311,3,1,0.51394325
,1312,0,1,0.7489945
,1312,1,2,1.0
,1312,2,1,0.51744014
,1312,3,1,0.51694757
,1313,0,2,1.0
,1313,1,0,0.82127637
,1313,2,0,0.7502132
,1313,3,0,0.76038516
,1314,0,1,0.9978567
,1314,1,1,0.52856916
,1314,2,2,1.0
,1314,3,1,0.5312374
,1315,0,2,1.0
,1315,1,0,0.7560213
,1315,2,1,0.5221834
,1315,3,0,0.755926
,1316,0,0,0.81190324
,1316,1,0,0.76595193
,1316,2,3,1.0
,1316,3,0,0.765949
,1317,0,2,1.0
,1317,1,1,0.50014704
,1317,2,1,0.9733244
,1317,3,1,0.50013083
,1318,0,1,0.52211475
,1318,1,0,0.7568019
,1318,2,2,1.0
,1318,3,0,0.7571393
,1319,0,3,1.0
,1319,1,0,0.75677645
,1319,2,0,0.8181783
,1319,3,0,0.7659931
,1320,0,1,0.9730523
,1320,1,2,1.0
,1320,2,1,0.54886484
,1320,3,0,0.50010467
,1321,0,0,0.74408805
,1321,1,0,0.813539
,1321,2,2,0.8523502
,1321,3,0,0.7608272
,1322,0,1,0.5017293
,1322,1,2,1.0
,1322,2,1,0.7807892
,1322,3,1,0.5005171
,1323,0,0,0.75107485
,1323,1,0,0.8125793
,1323,2,2,1.0
,1323,3,0,0.7607325
,1324,0,2,1.0
,1324,1,1,0.835853
,1324,2,1,0.7493039
,1324,3,1,0.51056856
,1325,0,0,0.6052752
,1325,1,3,1.0
,1325,2,0,0.7473434
,1325,3,0,0.7562944
,1326,0,3,1.0
,1326,1,1,0.9742368
,1326,2,1,0.5260539
,1326,3,1,0.5128613
,1327,0,1,0.97372395
,1327,1,1,0.55508393
,1327,2,2,1.0
,1327,3,1,0.51676744
,1328,0,2,1.0
,1328,1,1,0.6173631
,1328,2,0,0.8178682
,1328,3,0,0.7541374
,1329,0,0,0.60514295
,1329,1,3,1.0
,1329,2,0,0.76753336
,1329,3,0,0.76525766
,1330,0,3,1.0
,1330,1,1,0.99475145
,1330,2,1,0.51575255
,1330,3,1,0.5157739
,1331,0,1,0.63084954
,1331,1,3,1.0
,1331,2,0,0.7548504
,1331,3,0,0.7564894
,1332,0,0,0.75366163
,1332,1,1,0.6274817
,1332,2,2,1.0
,1332,3,0,0.76905775
,1333,0,2,0.9999981
,1333,1,0,0.75490415
,1333,2,0,0.818351
,1333,3,0,0.7690368
,1334,0,0,0.8196344
,1334,1,0,0.7669235
,1334,2,2,1.0
,1334,3,0,0.76902914
,1335,0,0,0.7692127
,1335,1,2,1.0
,1335,2,0,0.8196276
,1335,3,0,0.7690099
,1336,0,2,1.0
,1336,1,0,0.81962776
,1336,2,0,0.7692127
,1336,3,0,0.76900953
,1337,0,0,0.81962764
,1337,1,0,0.7692127
,1337,2,2,1.0
,1337,3,0,0.76900953
,1338,0,0,0.7692114
,1338,1,2,1.0
,1338,2,0,0.8196735
,1338,3,0,0.7690092
,1339,0,2,1.0
,1339,1,0,0.8183294
,1339,2,0,0.7707244
,1339,3,0,0.7689826
,1340,0,0,0.8196345
,1340,1,2,1.0
,1340,2,0,0.7674856
,1340,3,0,0.7690252
,1341,0,0,0.7692114
,1341,1,0,0.8196733
,1341,2,2,1.0
,1341,3,0,0.76900953
,1342,0,2,1.0
,1342,1,0,0.77072436
,1342,2,0,0.8183293
,1342,3,0,0.76898265
,1343,0,0,0.81963253
,1343,1,0,0.7674843
,1343,2,2,1.0
,1343,3,0,0.7690276
,1344,0,0,0.76908386
,1344,1,2,1.0
,1344,2,0,0.8088213
,1344,3,0,0.76901686
,1345,0,2,1.0
,1345,1,0,0.8184315
,1345,2,1,0.5994083
,1345,3,0,0.76581377
,1346,0,0,0.812111
,1346,1,0,0.7685842
,1346,2,3,1.0
,1346,3,0,0.7667809
,1347,0,2,1.0
,1347,1,1,0.5019475
,1347,2,1,0.97305083
,1347,3,0,0.5002637
,1348,0,0,0.8194514
,1348,1,2,1.0
,1348,2,0,0.7401869
,1348,3,0,0.7588269
,1349,0,0,0.7728452
,1349,1,0,0.8137947
,1349,2,2,0.99999976
,1349,3,0,0.7707218
,1350,0,1,0.5037113
,1350,1,2,1.0
,1350,2,1,0.9359267
,1350,3,1,0.50331956
,1351,0,0,0.74820787
,1351,1,0,0.8118297
,1351,2,3,1.0
,1351,3,0,0.75824237
,1352,0,2,1.0
,1352,1,1,0.843316
,1352,2,1,0.9905029
,1352,3,1,0.5237305
,1353,0,0,0.81230927
,1353,1,3,1.0
,1353,2,0,0.74007714
,1353,3,0,0.7569522
,1354,0,2,1.0
,1354,1,1,0.9730403
,1354,2,1,0.508328
,1354,3,1,0.50016826
,1355,0,0,0.8134857
,1355,1,0,0.74412006
,1355,2,2,0.98480797
,1355,3,0,0.76083255
,1356,0,2,1.0
,1356,1,1,0.5044522
,1356,2,1,0.93664926
,1356,3,1,0.50370914
,1357,0,0,0.6056068
,1357,1,0,0.75703216
,1357,2,3,1.0
,1357,3,0,0.75705874
,1358,0,3,1.0
,1358,1,1,0.51282245
,1358,2,1,0.97542006
,1358,3,1,0.51282054
,1359,0,1,0.994517
,1359,1,1,0.5174815
,1359,2,2,1.0
,1359,3,1,0.51746494
,1360,0,3,1.0
,1360,1,0,0.75344616
,1360,2,1,0.52439857
,1360,3,0,0.75378597
,1361,0,1,0.6297976
,1361,1,0,0.7574838
,1361,2,3,1.0
,1361,3,0,0.76667744
,1362,0,1,0.51758087
,1362,1,2,1.0
,1362,2,1,0.9732993
,1362,3,0,0.5000761
,1363,0,0,0.75792116
,1363,1,0,0.8179736
,1363,2,2,1.0
,1363,3,0,0.75854963
,1364,0,0,0.7685937
,1364,1,2,1.0
,1364,2,0,0.81833476
,1364,3,0,0.76862663
,1365,0,0,0.7686839
,1365,1,0,0.8183332
,1365,2,2,1.0
,1365,3,0,0.7689845
,1366,0,0,0.7605188
,1366,1,2,1.0
,1366,2,0,0.8196561
,1366,3,0,0.7689659
,1367,0,0,0.53767496
,1367,1,2,1.0
,1367,2,0,0.77648824
,1367,3,0,0.7751206
,1368,0,3,1.0
,1368,1,1,0.7593515
,1368,2,1,0.524611
,1368,3,1,0.51159364
,1369,0,1,0.97417665
,1369,1,1,0.8506367
,1369,2,2,1.0
,1369,3,1,0.5245394
,1370,0,0,0.74037045
,1370,1,3,1.0
,1370,2,0,0.81232136
,1370,3,0,0.7569933
,1371,0,1,0.51982117
,1371,1,1,0.9733911
,1371,2,2,1.0
,1371,3,1,0.5011183
,1372,0,1,0.6164678
,1372,1,2,1.0
,1372,2,0,0.81785065
,1372,3,0,0.7546815
,1373,0,3,1.0
,1373,1,0,0.81214577
,1373,2,0,0.7687146
,1373,3,0,0.7664838
,1374,0,1,0.9733179
,1374,1,2,1.0
,1374,2,1,0.5006783
,1374,3,1,0.5001262
,1375,0,2,1.0
,1375,1,0,0.8178799
,1375,2,0,0.7450507
,1375,3,0,0.7584838
,1376,0,0,0.8186491
,1376,1,2,1.0
,1376,2,1,0.60192853
,1376,3,0,0.76606065
,1377,0,0,0.76747555
,1377,1,0,0.7887292
,1377,2,3,1.0
,1377,3,0,0.7655363
,1378,0,0,0.7693132
,1378,1,2,0.91752964
,1378,2,1,0.62771016
,1378,3,0,0.76764584
,1379,0,0,0.76906747
,1379,1,0,0.78277415
,1379,2,0,0.7533112
,1379,3,2,1.0
,1380,0,0,0.7689263
,1380,1,0,0.76946956
,1380,2,2,1.0
,1380,3,0,0.8183288
,1381,0,0,0.7674202
,1381,1,0,0.7690402
,1381,2,0,0.8196817
,1381,3,2,1.0
,1382,0,2,1.0
,1382,1,0,0.7689265
,1382,2,0,0.7707724
,1382,3,0,0.8183293
,1383,0,0,0.8197457
,1383,1,0,0.76741916
,1383,2,0,0.7688429
,1383,3,2,1.0
,1384,0,0,0.772857
,1384,1,2,1.0
,1384,2,0,0.7619828
,1384,3,0,0.8214202
,1385,0,1,0.5001923
,1385,1,1,0.74752104
,1385,2,2,1.0
,1385,3,0,0.5019706
,1386,0,0,0.75718206
,1386,1,2,1.0
,1386,2,1,0.5220755
,1386,3,0,0.7572717
,1387,0,0,0.7657593
,1387,1,0,0.8118827
,1387,2,3,1.0
,1387,3,0,0.7661023
,1388,0,1,0.50871044
,1388,1,2,0.9999999
,1388,2,1,0.9906515
,1388,3,0,0.50195247
,1389,0,1,0.7651107
,1389,1,1,0.75701845
,1389,2,3,1.0
,1389,3,1,0.52462447
,1390,0,3,1.0
,1390,1,1,0.77530766
,1390,2,1,0.97438407
,1390,3,1,0.5272287
,1391,0,1,0.97395545
,1391,1,3,1.0
,1391,2,1,0.5556283
,1391,3,1,0.52313685
,1392,0,1,0.537408
,1392,1,1,0.9736569
,1392,2,2,1.0
,1392,3,1,0.5167152
,1393,0,0,0.7437002
,1393,1,2,1.0
,1393,2,0,0.8178559
,1393,3,0,0.75788337
,1394,0,1,0.6023042
,1394,1,0,0.8181378
,1394,2,2,1.0
,1394,3,0,0.7654396
,1395,0,3,1.0
,1395,1,0,0.75826937
,1395,2,0,0.81189847
,1395,3,0,0.76671124
,1396,0,1,0.9740244
,1396,1,1,0.8372988
,1396,2,2,1.0
,1396,3,1,0.50995713
,1397,0,0,0.7297222
,1397,1,3,1.0
,1397,2,0,0.8121
,1397,3,0,0.7573834
,1398,0,1,0.8379672
,1398,1,1,0.9740162
,1398,2,2,1.0
,1398,3,1,0.5103311
,1399,0,3,1.0
,1399,1,0,0.73079294
,1399,2,0,0.81135315
,1399,3,0,0.7574385
,1400,0,1,0.9740286
,1400,1,2,1.0
,1400,2,1,0.83615685
,1400,3,1,0.5104816
,1401,0,0,0.73106027
,1401,1,0,0.81992435
,1401,2,3,1.0
,1401,3,0,0.75741833
,1402,0,2,0.9999813
,1402,1,0,0.5022542
,1402,2,1,0.9739003
,1402,3,1,0.50097954
,1403,0,0,0.8210397
,1403,1,0,0.76064926
,1403,2,2,0.97288847
,1403,3,0,0.7512627
,1404,0,0,0.5021854
,1404,1,1,0.5027949
,1404,2,1,0.7518107
,1404,3,2,1.0
,1405,0,0,0.7587496
,1405,1,2,1.0
,1405,2,0,0.7496575
,1405,3,0,0.8180246
,1406,0,0,0.7686471
,1406,1,0,0.819635
,1406,2,0,0.76673555
,1406,3,2,1.0
,1407,0,0,0.76853436
,1407,1,0,0.76920575
,1407,2,2,1.0
,1407,3,0,0.8196765
,1408,0,0,0.7559073
,1408,1,2,1.0
,1408,2,0,0.81822044
,1408,3,0,0.7707363
,1409,0,1,0.6018032
,1409,1,0,0.81815773
,1409,2,2,1.0
,1409,3,0,0.76590323
,1410,0,3,1.0
,1410,1,0,0.75906986
,1410,2,0,0.81150657
,1410,3,0,0.766937
,1411,0,1,0.9911567
,1411,1,2,1.0
,1411,2,1,0.8415975
,1411,3,1,0.52335674
,1412,0,1,0.64303374
,1412,1,0,0.8159942
,1412,2,3,1.0
,1412,3,0,0.7491714
,1413,0,3,1.0
,1413,1,0,0.76678014
,1413,2,1,0.83653945
,1413,3,0,0.7648043
,1414,0,1,0.975178
,1414,1,1,0.5210611
,1414,2,3,1.0
,1414,3,1,0.508073
,1415,0,1,0.8555639
,1415,1,2,1.0
,1415,2,1,0.97415483
,1415,3,1,0.5241663
,1416,0,3,1.0
,1416,1,0,0.81235087
,1416,2,0,0.74093115
,1416,3,0,0.7570292
,1417,0,1,0.9730477
,1417,1,2,1.0
,1417,2,1,0.5031441
,1417,3,1,0.5001396
,1418,0,0,0.74018973
,1418,1,0,0.8193397
,1418,2,2,1.0
,1418,3,0,0.758733
,1419,0,2,1.0
,1419,1,0,0.7691964
,1419,2,0,0.8196252
,1419,3,0,0.76863873
,1420,0,0,0.81967556
,1420,1,2,1.0
,1420,2,0,0.76921105
,1420,3,0,0.76899695
,1421,0,0,0.7707865
,1421,1,0,0.81829923
,1421,2,2,1.0
,1421,3,0,0.7690007
,1422,0,0,0.7675392
,1422,1,2,1.0
,1422,2,1,0.521273
,1422,3,0,0.76784366
,1423,0,0,0.7559233
,1423,1,0,0.81168574
,1423,2,3,1.0
,1423,3,0,0.7662926
,1424,0,1,0.83636916
,1424,1,2,1.0
,1424,2,1,0.9751482
,1424,3,1,0.509946
,1425,0,3,1.0
,1425,1,0,0.8187685
,1425,2,1,0.5133154
,1425,3,0,0.7543106
,1426,0,1,0.99115056
,1426,1,1,0.5091405
,1426,2,3,1.0
,1426,3,1,0.5119925
,1427,0,3,1.0
,1427,1,1,0.52035606
,1427,2,1,0.99086004
,1427,3,1,0.5204566
,1428,0,1,0.9966959
,1428,1,1,0.53386694
,1428,2,3,1.0
,1428,3,1,0.5332847
,1429,0,3,0.9999999
,1429,1,1,0.54727507
,1429,2,1,0.9904115
,1429,3,1,0.5339346
,1430,0,1,0.9980432
,1430,1,2,0.99999976
,1430,2,1,0.55468506
,1430,3,1,0.5345665
,1431,0,3,1.0
,1431,1,0,0.812286
,1431,2,0,0.75669086
,1431,3,0,0.75739026
,1432,0,1,0.9980257
,1432,1,2,1.0
,1432,2,1,0.5203824
,1432,3,1,0.52082783
,1433,0,3,1.0
,1433,1,0,0.8203017
,1433,2,0,0.7578232
,1433,3,0,0.74795485
,1434,0,1,0.99030435
,1434,1,1,0.5175322
,1434,2,1,0.52249724
,1434,3,2,1.0
,1435,0,0,0.72713864
,1435,1,0,0.7561991
,1435,2,2,1.0
,1435,3,0,0.81936175
,1436,0,1,0.6032027
,1436,1,2,1.0
,1436,2,0,0.81814593
,1436,3,0,0.7675966
,1437,0,3,1.0
,1437,1,0,0.81993836
,1437,2,0,0.75918895
,1437,3,0,0.7666759
,1438,0,1,0.990681
,1438,1,1,0.51473755
,1438,2,2,1.0
,1438,3,1,0.5312576
,1439,0,2,1.0
,1439,1,1,0.525468
,1439,2,1,0.75917757
,1439,3,1,0.8456028
,1440,0,0,0.81985927
,1440,1,0,0.75620633
,1440,2,1,0.5020669
,1440,3,3,1.0
,1441,0,0,0.5026773
,1441,1,1,0.5128391
,1441,2,3,0.9922175
,1441,3,1,0.97299063
,1442,0,1,0.5177346
,1442,1,2,1.0
,1442,2,1,0.97165406
,1442,3,1,0.5366025
,1443,0,2,1.0
,1443,1,0,0.81937367
,1443,2,0,0.74020386
,1443,3,0,0.7573431
,1444,0,0,0.81966853
,1444,1,0,0.7707974
,1444,2,2,1.0
,1444,3,0,0.7669795
,1445,0,0,0.77033496
,1445,1,0,0.7689211
,1445,2,0,0.7170249
,1445,3,2,1.0
,1446,0,0,0.7614116
,1446,1,0,0.77045673
,1446,2,2,0.7034319
,1446,3,0,0.8211741
,1447,0,2,1.0
,1447,1,1,0.50014514
,1447,2,1,0.8146105
,1447,3,0,0.5021139
,1448,0,0,0.60813653
,1448,1,0,0.75993687
,1448,2,2,0.9989201
,1448,3,0,0.76003236
,1449,0,3,1.0
,1449,1,1,0.51780266
,1449,2,1,0.9376592
,1449,3,1,0.5173179
,1450,0,1,0.6288881
,1450,1,0,0.74851364
,1450,2,3,1.0
,1450,3,0,0.7584601
,1451,0,1,0.555367
,1451,1,2,1.0
,1451,2,1,0.99800426
,1451,3,1,0.5204956
,1452,0,1,0.6216661
,1452,1,0,0.816455
,1452,2,3,1.0
,1452,3,0,0.75041616
,1453,0,3,1.0
,1453,1,0,0.7670033
,1453,2,1,0.83653945
,1453,3,0,0.7646402
,1454,0,1,0.9946305
,1454,1,1,0.51133054
,1454,2,3,1.0
,1454,3,1,0.51142144
,1455,0,3,1.0
,1455,1,0,0.75318706
,1455,2,1,0.8955353
,1455,3,0,0.7534705
,1456,0,1,0.8343729
,1456,1,0,0.7587418
,1456,2,3,1.0
,1456,3,0,0.7665047
,1457,0,3,1.0
,1457,1,1,0.7577512
,1457,2,1,0.97424495
,1457,3,1,0.5127772
,1458,0,1,0.9753711
,1458,1,3,1.0
,1458,2,1,0.5560652
,1458,3,1,0.52264935
,1459,0,1,0.8552188
,1459,1,1,0.9741541
,1459,2,2,1.0
,1459,3,1,0.52481323
,1460,0,3,1.0
,1460,1,0,0.7398868
,1460,2,0,0.6053583
,1460,3,0,0.75592756
,1461,0,1,0.9754162
,1461,1,1,0.5136775
,1461,2,3,1.0
,1461,3,1,0.512866
,1462,0,2,0.999982
,1462,1,1,0.5188673
,1462,2,1,0.97345364
,1462,3,1,0.51654696
,1463,0,0,0.81932646
,1463,1,2,1.0
,1463,2,0,0.74016184
,1463,3,0,0.75813675
,1464,0,0,0.76919454
,1464,1,0,0.8196654
,1464,2,2,1.0
,1464,3,0,0.76862013
,1465,0,2,1.0
,1465,1,0,0.770535
,1465,2,0,0.8183273
,1465,3,0,0.7690482
,1466,0,0,0.8212317
,1466,1,0,0.76204884
,1466,2,2,1.0
,1466,3,0,0.7711887
,1467,0,1,0.50623524
,1467,1,2,1.0
,1467,2,1,0.753449
,1467,3,0,0.5023181
,1468,0,1,0.7625632
,1468,1,1,0.7476444
,1468,2,2,1.0
,1468,3,1,0.5195727
,1469,0,3,1.0
,1469,1,1,0.5462823
,1469,2,1,0.7562209
,1469,3,1,0.523096
,1470,0,1,0.97370166
,1470,1,2,1.0
,1470,2,1,0.77033037
,1470,3,1,0.5202128
,1471,0,1,0.54325724
,1471,1,1,0.7577577
,1471,2,3,1.0
,1471,3,1,0.5230706
,1472,0,1,0.5199644
,1472,1,2,1.0
,1472,2,1,0.9734337
,1472,3,1,0.5167827
,1473,0,2,1.0
,1473,1,0,0.81937474
,1473,2,0,0.740161
,1473,3,0,0.75813127
,1474,0,0,0.818323
,1474,1,0,0.7705132
,1474,2,2,0.9999988
,1474,3,0,0.76866865
,1475,0,2,0.99999774
,1475,1,0,0.76183313
,1475,2,0,0.8129264
,1475,3,0,0.77108395
,1476,0,1,0.7493218
,1476,1,2,1.0
,1476,2,1,0.83624315
,1476,3,1,0.5105395
,1477,0,0,0.7485403
,1477,1,0,0.81963927
,1477,2,3,1.0
,1477,3,0,0.74889094
,1478,0,0,0.549819
,1478,1,0,0.5530163
,1478,2,1,0.9858811
,1478,3,2,1.0
,1479,0,0,0.75905186
,1479,1,0,0.75916594
,1479,2,3,1.0
,1479,3,0,0.5945862
,1480,0,0,0.51483196
,1480,1,0,0.5148406
,1480,2,1,0.937663
,1480,3,3,1.0
,1481,0,1,0.5153388
,1481,1,1,0.51525813
,1481,2,2,1.0
,1481,3,1,0.973677
,1482,0,0,0.7563733
,1482,1,0,0.7580333
,1482,2,0,0.8192724
,1482,3,2,1.0
,1483,0,2,1.0
,1483,1,0,0.7686226
,1483,2,0,0.7690671
,1483,3,0,0.80881965
,1484,0,0,0.81843376
,1484,1,0,0.76579714
,1484,2,2,1.0
,1484,3,1,0.5994083
,1485,0,0,0.76865673
,1485,1,0,0.7667073
,1485,2,0,0.812111
,1485,3,3,1.0
,1486,0,0,0.50034326
,1486,1,1,0.50203127
,1486,2,2,1.0
,1486,3,1,0.97305095
,1487,0,0,0.75875014
,1487,1,2,1.0
,1487,2,0,0.81933975
,1487,3,0,0.7401897
,1488,0,0,0.76863873
,1488,1,0,0.8196727
,1488,2,0,0.7691951
,1488,3,2,1.0
,1489,0,0,0.76895946
,1489,1,0,0.7707824
,1489,2,2,1.0
,1489,3,0,0.81832814
,1490,0,0,0.76875085
,1490,1,0,0.7691375
,1490,2,0,0.81833416
,1490,3,2,1.0
,1491,0,0,0.76200354
,1491,1,0,0.7710872
,1491,2,2,1.0
,1491,3,0,0.8213652
,1492,0,2,1.0
,1492,1,1,0.5000309
,1492,2,1,0.7461301
,1492,3,1,0.50009304
,1493,0,0,0.8179083
,1493,1,0,0.7586086
,1493,2,0,0.73616546
,1493,3,2,1.0
,1494,0,2,1.0
,1494,1,0,0.76549375
,1494,2,1,0.6019237
,1494,3,0,0.81823945
,1495,0,0,0.6064814
,1495,1,0,0.7655965
,1495,2,3,1.0
,1495,3,0,0.75983125
,1496,0,3,1.0
,1496,1,1,0.51615334
,1496,2,1,0.9755603
,1496,3,1,0.75880206
,1497,0,1,0.9743777
,1497,1,1,0.52793974
,1497,2,1,0.7912792
,1497,3,3,1.0
,1498,0,1,0.51233274
,1498,1,1,0.5048995
,1498,2,3,1.0
,1498,3,1,0.93775564
,1499,0,1,0.5360373
,1499,1,2,1.0
,1499,2,1,0.97420126
,1499,3,1,0.8537482
,1500,0,0,0.5101713
,1500,1,0,0.81875277
,1500,2,0,0.72664684
,1500,3,3,1.0
,1501,0,3,1.0
,1501,1,1,0.517181
,1501,2,1,0.84340394
,1501,3,1,0.97485834
,1502,0,1,0.6286633
,1502,1,0,0.7579985
,1502,2,3,1.0
,1502,3,0,0.73180604
,1503,0,1,0.51455057
,1503,1,0,0.5021042
,1503,2,1,0.9740849
,1503,3,2,0.9999956
,1504,0,1,0.5142241
,1504,1,1,0.5262513
,1504,2,2,1.0
,1504,3,1,0.7450985
,1505,0,1,0.5163906
,1505,1,2,1.0
,1505,2,1,0.74706465
,1505,3,1,0.5289417
,1506,0,0,0.75817597
,1506,1,0,0.8194224
,1506,2,0,0.7482149
,1506,3,2,1.0
,1507,0,0,0.77032596
,1507,1,0,0.77248895
,1507,2,2,1.0
,1507,3,0,0.81474245
,1508,0,0,0.5593303
,1508,1,0,0.55942756
,1508,2,1,0.8607042
,1508,3,2,1.0
,1509,0,0,0.75909287
,1509,1,0,0.7590964
,1509,2,3,1.0
,1509,3,0,0.60559714
,1510,0,1,0.5128707
,1510,1,1,0.5128706
,1510,2,1,0.9911882
,1510,3,3,1.0
,1511,0,1,0.5205288
,1511,1,1,0.5205288
,1511,2,3,1.0
,1511,3,1,0.97505325
,1512,0,1,0.51710826
,1512,1,1,0.51710826
,1512,2,1,0.9737113
,1512,3,2,1.0
,1513,0,0,0.7565299
,1513,1,0,0.75653005
,1513,2,2,1.0
,1513,3,1,0.52213866
,1514,0,0,0.766138
,1514,1,0,0.76614064
,1514,2,0,0.81161785
,1514,3,3,1.0
,1515,0,1,0.5200163
,1515,1,1,0.51993126
,1515,2,2,1.0
,1515,3,1,0.99037373
,1516,0,0,0.75614214
,1516,1,0,0.7579003
,1516,2,0,0.81937003
,1516,3,2,1.0
,1517,0,2,0.99995625
,1517,1,0,0.7707725
,1517,2,0,0.7729404
,1517,3,0,0.81384444
,1518,0,1,0.753203
,1518,1,0,0.5027324
,1518,2,0,0.50282824
,1518,3,2,1.0
,1519,0,2,0.9996739
,1519,1,1,0.5133024
,1519,2,1,0.51331514
,1519,3,1,0.7546549
,1520,0,1,0.9361897
,1520,1,1,0.519516
,1520,2,1,0.5198998
,1520,3,2,0.9999999
,1521,0,3,1.0
,1521,1,0,0.7564305
,1521,2,0,0.7484845
,1521,3,0,0.6071219
,1522,0,1,0.9744798
,1522,1,1,0.51653427
,1522,2,1,0.7604186
,1522,3,3,1.0
,1523,0,1,0.5432678
,1523,1,1,0.5229869
,1523,2,3,1.0
,1523,3,1,0.9911241
,1524,0,1,0.5218254
,1524,1,1,0.52092516
,1524,2,1,0.9750515
,1524,3,3,1.0
,1525,0,1,0.5177266
,1525,1,1,0.51766545
,1525,2,2,1.0
,1525,3,1,0.9945258
,1526,0,0,0.756439
,1526,1,0,0.75687677
,1526,2,0,0.60578525
,1526,3,3,1.0
,1527,0,1,0.5260144
,1527,1,1,0.51262313
,1527,2,3,1.0
,1527,3,1,0.974146
,1528,0,2,1.0
,1528,1,1,0.5334676
,1528,2,1,0.9903662
,1528,3,1,0.55608225
,1529,0,0,0.8194276
,1529,1,0,0.75756663
,1529,2,0,0.73950446
,1529,3,2,1.0
,1530,0,0,0.77286035
,1530,1,0,0.77067816
,1530,2,2,1.0
,1530,3,0,0.8137945
,1531,0,1,0.5032094
,1531,1,1,0.5033065
,1531,2,1,0.93577385
,1531,3,2,1.0
,1532,0,0,0.7572427
,1532,1,0,0.75723934
,1532,2,3,1.0
,1532,3,0,0.60972744
,1533,0,1,0.5228856
,1533,1,1,0.52288216
,1533,2,1,0.99098504
,1533,3,3,1.0
,1534,0,1,0.5174902
,1534,1,1,0.5174099
,1534,2,2,1.0
,1534,3,1,0.97372013
,1535,0,0,0.75629544
,1535,1,0,0.75795305
,1535,2,0,0.8193132
,1535,3,2,1.0
,1536,0,2,1.0
,1536,1,0,0.7685817
,1536,2,0,0.77048635
,1536,3,0,0.8196437
,1537,0,2,1.0
,1537,1,0,0.775013
,1537,2,0,0.76735514
,1537,3,0,0.77623355
,1538,0,1,0.55653495
,1538,1,0,0.55165195
,1538,2,2,1.0
,1538,3,0,0.5338672
,1539,0,2,1.0
,1539,1,0,0.7569268
,1539,2,0,0.81799376
,1539,3,1,0.6135643
,1540,0,0,0.81185716
,1540,1,0,0.76664853
,1540,2,0,0.76889384
,1540,3,3,1.0
,1541,0,2,1.0
,1541,1,1,0.5220722
,1541,2,1,0.5197664
,1541,3,1,0.9902775
,1542,0,0,0.8193177
,1542,1,2,1.0
,1542,2,0,0.7563267
,1542,3,0,0.74124765
,1543,0,0,0.7691981
,1543,1,0,0.8196745
,1543,2,2,1.0
,1543,3,0,0.7680115
,1544,0,2,1.0
,1544,1,0,0.7707829
,1544,2,0,0.8183262
,1544,3,0,0.7686533
,1545,0,0,0.8182735
,1545,1,0,0.7691165
,1545,2,2,1.0
,1545,3,0,0.76070786
,1546,0,2,1.0
,1546,1,0,0.7695849
,1546,2,0,0.82093126
,1546,3,0,0.5343165
,1547,0,1,0.8958165
,1547,1,1,0.5226527
,1547,2,1,0.52049434
,1547,3,3,1.0
,1548,0,2,1.0
,1548,1,1,0.5341612
,1548,2,1,0.5363436
,1548,3,1,0.9903784
,1549,0,0,0.81801325
,1549,1,0,0.7573704
,1549,2,2,1.0
,1549,3,0,0.741204
,1550,0,2,1.0
,1550,1,0,0.7670118
,1550,2,0,0.8196354
,1550,3,0,0.7680416
,1551,0,0,0.8196276
,1551,1,2,1.0
,1551,2,0,0.7692129
,1551,3,0,0.7689749
,1552,0,0,0.7692127
,1552,1,0,0.81962764
,1552,2,2,1.0
,1552,3,0,0.7690082
,1553,0,2,1.0
,1553,1,0,0.76921135
,1553,2,0,0.81967527
,1553,3,0,0.76900715
,1554,0,0,0.8183293
,1554,1,2,0.9999999
,1554,2,0,0.77078193
,1554,3,0,0.76892453
,1555,0,2,1.0
,1555,1,0,0.81970024
,1555,2,0,0.76910836
,1555,3,0,0.76738274
,1556,0,1,0.5213762
,1556,1,0,0.7696256
,1556,2,0,0.76782477
,1556,3,2,1.0
,1557,0,3,1.0
,1557,1,0,0.7664359
,1557,2,0,0.76637167
,1557,3,0,0.81190205
,1558,0,1,0.9733165
,1558,1,1,0.50002867
,1558,2,1,0.5000315
,1558,3,2,1.0
,1559,0,2,1.0
,1559,1,0,0.7603371
,1559,2,0,0.760337
,1559,3,0,0.81428355
,1560,0,1,0.55683905
,1560,1,0,0.5526666
,1560,2,0,0.55266654
,1560,3,2,1.0
,1561,0,2,1.0
,1561,1,0,0.76063466
,1561,2,0,0.76063454
,1561,3,0,0.8180592
,1562,0,0,0.81830627
,1562,1,0,0.7687206
,1562,2,0,0.7687206
,1562,3,2,1.0
,1563,0,2,1.0
,1563,1,0,0.7678354
,1563,2,0,0.76783556
,1563,3,1,0.52136254
,1564,0,0,0.8118826
,1564,1,0,0.7664649
,1564,2,0,0.76646817
,1564,3,3,1.0
,1565,0,2,0.9999155
,1565,1,0,0.50266457
,1565,2,0,0.5027714
,1565,3,1,0.9740969
,1566,0,1,0.74710757
,1566,1,1,0.51837164
,1566,2,1,0.5159699
,1566,3,2,1.0
,1567,0,0,0.75199324
,1567,1,2,1.0
,1567,2,0,0.76024276
,1567,3,0,0.8135369
,1568,0,1,0.5030691
,1568,1,1,0.74586344
,1568,2,1,0.50030035
,1568,3,2,1.0
,1569,0,2,1.0
,1569,1,0,0.7425298
,1569,2,0,0.7608072
,1569,3,0,0.82065094
,1570,0,1,0.74783885
,1570,1,2,1.0
,1570,2,1,0.5013753
,1570,3,1,0.51666844
,1571,0,2,1.0
,1571,1,0,0.8178893
,1571,2,0,0.7547525
,1571,3,1,0.61589223
,1572,0,0,0.60304683
,1572,1,0,0.7682619
,1572,2,0,0.7660091
,1572,3,3,1.0
,1573,0,3,0.9983251
,1573,1,1,0.5057525
,1573,2,1,0.5058526
,1573,3,1,0.97472167
,1574,0,1,0.93601257
,1574,1,0,0.53224546
,1574,2,0,0.532241
,1574,3,2,0.9998164
,1575,0,2,1.0
,1575,1,1,0.51148015
,1575,2,1,0.51148045
,1575,3,1,0.7544436
,1576,0,1,0.7489279
,1576,1,1,0.5167857
,1576,2,1,0.51678574
,1576,3,2,1.0
,1577,0,2,1.0
,1577,1,0,0.7579844
,1577,2,0,0.7579844
,1577,3,0,0.81798744
,1578,0,0,0.81833506
,1578,1,0,0.7686069
,1578,2,0,0.76860684
,1578,3,2,1.0
,1579,0,2,1.0
,1579,1,0,0.7689874
,1579,2,0,0.76898736
,1579,3,0,0.81833506
,1580,0,0,0.8183081
,1580,1,0,0.76908994
,1580,2,0,0.7690898
,1580,3,2,1.0
,1581,0,2,0.999972
,1581,1,0,0.77053833
,1581,2,0,0.770535
,1581,3,0,0.6081633
,1582,0,1,0.7585812
,1582,1,1,0.5124582
,1582,2,1,0.5125652
,1582,3,3,1.0
,1583,0,2,1.0
,1583,1,1,0.5162488
,1583,2,1,0.5186545
,1583,3,1,0.9734204
,1584,0,0,0.7458186
,1584,1,0,0.76035047
,1584,2,2,1.0
,1584,3,0,0.74376225
,1585,0,2,0.67963105
,1585,1,0,0.50191075
,1585,2,1,0.7435624
,1585,3,1,0.5116256
,1586,0,1,0.82083815
,1586,1,1,0.515828
,1586,2,1,0.5268214
,1586,3,2,1.0
,1587,0,2,1.0
,1587,1,0,0.7580553
,1587,2,0,0.7560096
,1587,3,0,0.8192921
,1588,0,0,0.8196261
,1588,1,0,0.76861656
,1588,2,2,1.0
,1588,3,0,0.7691966
,1589,0,0,0.7692128
,1589,1,0,0.76899356
,1589,2,0,0.81962776
,1589,3,2,1.0
,1590,0,2,1.0
,1590,1,0,0.76895297
,1590,2,0,0.7692136
,1590,3,0,0.81967556
,1591,0,0,0.8196259
,1591,1,0,0.7674046
,1591,2,2,1.0
,1591,3,0,0.7708104
,1592,0,0,0.7690833
,1592,1,2,1.0
,1592,2,0,0.8088207
,1592,3,0,0.7690799
,1593,0,2,1.0
,1593,1,0,0.81843746
,1593,2,1,0.59942263
,1593,3,0,0.7658206
,1594,0,0,0.8118173
,1594,1,0,0.7688204
,1594,2,3,1.0
,1594,3,0,0.76694775
,1595,0,2,1.0
,1595,1,1,0.51989836
,1595,2,1,0.99037373
,1595,3,1,0.5199092
,1596,0,0,0.80848503
,1596,1,0,0.75601876
,1596,2,2,1.0
,1596,3,0,0.757503
,1597,0,1,0.59765446
,1597,1,2,1.0
,1597,2,0,0.8184423
,1597,3,0,0.756718
,1598,0,3,1.0
,1598,1,0,0.8181857
,1598,2,0,0.76550096
,1598,3,0,0.5213323
,1599,0,1,0.97407806
,1599,1,1,0.5225321
,1599,2,1,0.5122566
,1599,3,3,1.0
,1600,0,1,0.5564301
,1600,1,2,1.0
,1600,2,1,0.55133533
,1600,3,1,0.99038947
,1601,0,2,1.0
,1601,1,0,0.81791675
,1601,2,1,0.61608934
,1601,3,0,0.72809184
,1602,0,0,0.8123707
,1602,1,0,0.7658603
,1602,2,3,1.0
,1602,3,0,0.5254005
,1603,0,1,0.76387036
,1603,1,1,0.52347356
,1603,2,1,0.9905787
,1603,3,3,1.0
,1604,0,3,1.0
,1604,1,1,0.52313745
,1604,2,1,0.5438259
,1604,3,1,0.9752377
,1605,0,1,0.9737127
,1605,1,1,0.5172561
,1605,2,1,0.5181593
,1605,3,2,1.0
,1606,0,2,1.0
,1606,1,0,0.7561819
,1606,2,0,0.7564881
,1606,3,1,0.52211595
,1607,0,0,0.8190593
,1607,1,0,0.7567293
,1607,2,0,0.7659685
,1607,3,3,1.0
,1608,0,1,0.5164675
,1608,1,2,1.0
,1608,2,1,0.50085735
,1608,3,1,0.9734039
,1609,0,1,0.61631507
,1609,1,0,0.81785095
,1609,2,0,0.7546897
,1609,3,2,1.0
,1610,0,3,1.0
,1610,1,0,0.7687346
,1610,2,0,0.76648074
,1610,3,0,0.8121462
,1611,0,1,0.9733144
,1611,1,0,0.5000014
,1611,2,1,0.50017935
,1611,3,2,1.0
,1612,0,2,1.0
,1612,1,0,0.7585794
,1612,2,0,0.7569213
,1612,3,0,0.81932247
,1613,0,0,0.8183276
,1613,1,0,0.7686084
,1613,2,2,1.0
,1613,3,0,0.7707078
,1614,0,2,1.0
,1614,1,0,0.7690146
,1614,2,0,0.81968445
,1614,3,0,0.76748365
,1615,0,0,0.8183276
,1615,1,0,0.76906323
,1615,2,0,0.7708613
,1615,3,2,1.0
,1616,0,2,1.0
,1616,1,0,0.77124596
,1616,2,0,0.7713094
,1616,3,0,0.81354946
,1617,0,1,0.89060533
,1617,1,1,0.52109283
,1617,2,1,0.52109
,1617,3,2,1.0
,1618,0,2,1.0
,1618,1,0,0.75775635
,1618,2,0,0.7577566
,1618,3,0,0.8179575
,1619,0,0,0.8183348
,1619,1,0,0.7685989
,1619,2,0,0.7685989
,1619,3,2,1.0
,1620,0,2,1.0
,1620,1,0,0.7689921
,1620,2,0,0.7689921
,1620,3,0,0.819413
,1621,0,2,1.0
,1621,1,0,0.77535015
,1621,2,0,0.77535
,1621,3,0,0.76819783
,1622,0,1,0.7474288
,1622,1,0,0.5001334
,1622,2,0,0.500131
,1622,3,2,1.0
,1623,0,2,1.0
,1623,1,0,0.7607116
,1623,2,0,0.7606627
,1623,3,0,0.8135069
,1624,0,1,0.7462186
,1624,1,1,0.5012257
,1624,2,1,0.5027371
,1624,3,2,1.0
,1625,0,0,0.73275554
,1625,1,0,0.7418669
,1625,2,2,1.0
,1625,3,0,0.8058478
,1626,0,0,1.0
,1626,1,0,1.0
,1626,2,0,1.0
,1626,3,2,0.6102947
,1627,0,0,0.7790621
,1627,1,0,0.77906275
,1627,2,2,1.0
,1627,3,0,0.6372743
,1628,0,0,0.5030383
,1628,1,0,0.5030583
,1628,2,1,0.7535092
,1628,3,2,0.9968987
,1629,0,1,0.5345441
,1629,1,1,0.5340912
,1629,2,2,1.0
,1629,3,1,0.8915316
,1630,0,0,0.7500439
,1630,1,0,0.7594478
,1630,2,0,0.820988
,1630,3,2,1.0
,1631,0,2,1.0
,1631,1,1,0.5007694
,1631,2,1,0.5005378
,1631,3,1,0.75909936
,1632,0,0,0.81792355
,1632,1,0,0.7548767
,1632,2,2,1.0
,1632,3,1,0.62725204
,1633,0,0,0.7687984
,1633,1,0,0.7665517
,1633,2,0,0.8121552
,1633,3,3,1.0
,1634,0,1,0.5006492
,1634,1,1,0.50074863
,1634,2,2,1.0
,1634,3,1,0.99446094
,1635,0,0,0.75870174
,1635,1,0,0.7587118
,1635,2,0,0.8122036
,1635,3,3,1.0
,1636,0,1,0.52779067
,1636,1,1,0.5273705
,1636,2,2,1.0
,1636,3,1,0.99655795
,1637,0,0,0.7473385
,1637,1,0,0.75605047
,1637,2,1,0.52024114
,1637,3,2,1.0
,1638,0,0,0.52522206
,1638,1,0,0.76285106
,1638,2,3,1.0
,1638,3,0,0.8121456
,1639,0,3,1.0
,1639,1,1,0.5234214
,1639,2,1,0.9909522
,1639,3,1,0.7598931
,1640,0,1,0.99054474
,1640,1,1,0.5355942
,1640,2,1,0.7852004
,1640,3,3,1.0
,1641,0,1,0.55477506
,1641,1,1,0.5347427
,1641,2,3,1.0
,1641,3,1,0.9909497
,1642,0,1,0.53568846
,1642,1,1,0.5348056
,1642,2,1,0.9904729
,1642,3,2,1.0
,1643,0,0,0.75722164
,1643,1,0,0.75725305
,1643,2,2,1.0
,1643,3,0,0.8179514
,1644,0,0,0.76857954
,1644,1,0,0.7685806
,1644,2,0,0.81833494
,1644,3,2,1.0
,1645,0,0,0.768983
,1645,1,0,0.7689831
,1645,2,2,1.0
,1645,3,0,0.8183351
,1646,0,0,0.76899725
,1646,1,0,0.76899725
,1646,2,0,0.81833494
,1646,3,2,1.0
,1647,0,0,0.7689987
,1647,1,0,0.7689987
,1647,2,2,1.0
,1647,3,0,0.81833494
,1648,0,0,0.76901716
,1648,1,0,0.76901704
,1648,2,0,0.81830627
,1648,3,2,1.0
,1649,0,0,0.76783127
,1649,1,0,0.76783127
,1649,2,2,1.0
,1649,3,1,0.52134913
,1650,0,0,0.76603234
,1650,1,0,0.76603234
,1650,2,0,0.8126625
,1650,3,3,0.9999918
,1651,0,0,0.5508187
,1651,1,0,0.5508187
,1651,2,2,1.0
,1651,3,1,0.98592186
,1652,0,0,0.7604267
,1652,1,0,0.7604267
,1652,2,0,0.8126433
,1652,3,3,1.0
,1653,0,1,0.50034654
,1653,1,1,0.50034654
,1653,2,2,1.0
,1653,3,1,0.9733128
,1654,0,0,0.7585517
,1654,1,0,0.7585517
,1654,2,0,0.81794345
,1654,3,2,1.0
,1655,0,0,0.7674694
,1655,1,0,0.7674694
,1655,2,2,1.0
,1655,3,1,0.5213625
,1656,0,0,0.7663567
,1656,1,0,0.7663567
,1656,2,0,0.81190234
,1656,3,3,1.0
,1657,0,1,0.50012606
,1657,1,1,0.50012606
,1657,2,2,1.0
,1657,3,1,0.9733166
,1658,0,0,0.75854266
,1658,1,0,0.75854266
,1658,2,0,0.81797254
,1658,3,2,1.0
,1659,0,0,0.7687032
,1659,1,0,0.7687032
,1659,2,2,1.0
,1659,3,0,0.81833416
,1660,0,0,0.771073
,1660,1,0,0.77107346
,1660,2,0,0.81385666
,1660,3,2,1.0
,1661,0,1,0.5002039
,1661,1,1,0.500189
,1661,2,2,1.0
,1661,3,1,0.7474377
,1662,0,0,0.75829476
,1662,1,0,0.75860155
,1662,2,0,0.8179585
,1662,3,2,1.0
,1663,0,0,0.75906044
,1663,1,0,0.7674591
,1663,2,2,1.0
,1663,3,1,0.51948094
,1664,0,0,0.5269257
,1664,1,0,0.76337796
,1664,2,0,0.8181032
,1664,3,3,1.0
,1665,0,3,1.0
,1665,1,1,0.52591056
,1665,2,1,0.5369705
,1665,3,1,0.99673045
,1666,0,1,0.9905668
,1666,1,1,0.536988
,1666,2,2,1.0
,1666,3,1,0.8618834
,1667,0,0,0.7300536
,1667,1,0,0.7567079
,1667,2,0,0.81171656
,1667,3,3,1.0
,1668,0,2,1.0
,1668,1,1,0.5237363
,1668,2,1,0.8423465
,1668,3,1,0.9909303
,1669,0,0,0.81888074
,1669,1,0,0.75401914
,1669,2,3,1.0
,1669,3,1,0.50952566
,1670,0,1,0.51948035
,1670,1,1,0.52233577
,1670,2,1,0.9909822
,1670,3,3,1.0
,1671,0,1,0.54241335
,1671,1,1,0.5425386
,1671,2,2,1.0
,1671,3,1,0.9987592
,1672,0,0,0.7569791
,1672,1,0,0.7569746
,1672,2,0,0.81791306
,1672,3,2,1.0
,1673,0,0,0.7674201
,1673,1,0,0.76741993
,1673,2,2,1.0
,1673,3,1,0.5213906
,1674,0,0,0.7666009
,1674,1,0,0.7666009
,1674,2,0,0.81151474
,1674,3,3,1.0
,1675,0,1,0.52695507
,1675,1,1,0.526955
,1675,2,2,1.0
,1675,3,1,0.99929667
,1676,0,0,0.75748825
,1676,1,0,0.7574883
,1676,2,0,0.81255496
,1676,3,3,1.0
,1677,0,1,0.50111544
,1677,1,1,0.50111425
,1677,2,2,1.0
,1677,3,1,0.99444485
,1678,0,0,0.757446
,1678,1,0,0.7574718
,1678,2,0,0.6058163
,1678,3,3,1.0
,1679,0,1,0.51360893
,1679,1,1,0.51281446
,1679,2,3,1.0
,1679,3,1,0.97542065
,1680,0,1,0.5352158
,1680,1,1,0.51734847
,1680,2,1,0.9737775
,1680,3,2,1.0
,1681,0,1,0.6154953
,1681,1,0,0.7541046
,1681,2,2,1.0
,1681,3,0,0.8108096
,1682,0,3,1.0
,1682,1,0,0.76360214
,1682,2,0,0.81837004
,1682,3,0,0.5288371
,1683,0,1,0.9904865
,1683,1,1,0.52204216
,1683,2,1,0.5333023
,1683,3,3,1.0
,1684,0,1,0.5628622
,1684,1,1,0.5423192
,1684,2,2,1.0
,1684,3,1,0.99974614
,1685,0,0,0.7552098
,1685,1,0,0.7559419
,1685,2,0,0.6057451
,1685,3,3,1.0
,1686,0,1,0.5126737
,1686,1,1,0.5126413
,1686,2,3,1.0
,1686,3,1,0.975454
,1687,0,1,0.53378165
,1687,1,1,0.5337803
,1687,2,1,0.9980407
,1687,3,2,1.0
,1688,0,0,0.7565051
,1688,1,0,0.75650513
,1688,2,3,1.0
,1688,3,0,0.61137986
,1689,0,1,0.52613235
,1689,1,1,0.52613235
,1689,2,1,0.99880505
,1689,3,3,1.0
,1690,0,1,0.538041
,1690,1,1,0.53804094
,1690,2,3,0.99999976
,1690,3,1,0.99880815
,1691,0,1,0.53399557
,1691,1,1,0.53399426
,1691,2,1,0.9966606
,1691,3,3,1.0
,1692,0,1,0.54039055
,1692,1,1,0.5403617
,1692,2,3,1.0
,1692,3,1,0.9988005
,1693,0,1,0.5189082
,1693,1,1,0.5182573
,1693,2,1,0.9737276
,1693,3,2,1.0
,1694,0,0,0.7443764
,1694,1,0,0.7578246
,1694,2,2,1.0
,1694,3,0,0.8178542
,1695,0,1,0.6023279
,1695,1,0,0.7654414
,1695,2,0,0.81815237
,1695,3,2,1.0
,1696,0,3,1.0
,1696,1,0,0.76695424
,1696,2,0,0.7588927
,1696,3,0,0.8116369
,1697,0,1,0.99875087
,1697,1,1,0.52994454
,1697,2,1,0.84795237
,1697,3,2,1.0
,1698,0,0,0.7400326
,1698,1,0,0.7567263
,1698,2,3,0.9999993
,1698,3,0,0.8123036
,1699,0,1,0.50124526
,1699,1,1,0.50050116
,1699,2,1,0.9733204
,1699,3,2,1.0
,1700,0,0,0.7570871
,1700,1,0,0.7571272
,1700,2,2,1.0
,1700,3,1,0.5221094
,1701,0,0,0.76562774
,1701,1,0,0.7659972
,1701,2,0,0.8118814
,1701,3,3,1.0
,1702,0,1,0.5126901
,1702,1,1,0.5011414
,1702,2,2,1.0
,1702,3,1,0.994433
,1703,0,0,0.5176589
,1703,1,0,0.75598085
,1703,2,0,0.8190818
,1703,3,3,1.0
,1704,0,3,1.0
,1704,1,1,0.5282255
,1704,2,1,0.53590894
,1704,3,1,0.99994266
,1705,0,1,0.9741511
,1705,1,1,0.5254406
,1705,2,1,0.76182896
,1705,3,3,1.0
,1706,0,1,0.5593776
,1706,1,1,0.5396849
,1706,2,3,1.0
,1706,3,1,0.99956214
,1707,0,1,0.5422959
,1707,1,1,0.54143214
,1707,2,1,0.99983907
,1707,3,3,0.9999999
,1708,0,1,0.518337
,1708,1,1,0.5182986
,1708,2,2,1.0
,1708,3,1,0.9737263
,1709,0,0,0.7579048
,1709,1,0,0.75790614
,1709,2,0,0.81794053
,1709,3,2,1.0
,1710,0,0,0.76745385
,1710,1,0,0.76745397
,1710,2,2,1.0
,1710,3,1,0.5213972
,1711,0,0,0.7666386
,1711,1,0,0.76663905
,1711,2,0,0.8114613
,1711,3,3,1.0
,1712,0,1,0.5309148
,1712,1,1,0.53090155
,1712,2,2,1.0
,1712,3,1,0.99983394
,1713,0,0,0.75569016
,1713,1,0,0.75596535
,1713,2,1,0.5213982
,1713,3,2,1.0
,1714,0,0,0.757433
,1714,1,0,0.7649282
,1714,2,3,1.0
,1714,3,0,0.6103401
,1715,0,1,0.76292866
,1715,1,1,0.52624065
,1715,2,1,0.99656624
,1715,3,3,0.9999999
,1716,0,3,1.0
,1716,1,1,0.53833497
,1716,2,1,0.56922776
,1716,3,1,0.99880826
,1717,0,1,0.9908931
,1717,1,1,0.535667
,1717,2,1,0.77113944
,1717,3,3,1.0
,1718,0,1,0.7851474
,1718,1,1,0.53609616
,1718,2,3,1.0
,1718,3,1,0.99056536
,1719,0,3,1.0
,1719,1,1,0.5348244
,1719,2,1,0.9909581
,1719,3,1,0.568558
,1720,0,1,0.9905616
,1720,1,1,0.5375915
,1720,2,2,1.0
,1720,3,1,0.8523326
,1721,0,0,0.74066865
,1721,1,0,0.75678396
,1721,2,0,0.8119525
,1721,3,3,0.999822
,1722,0,1,0.51784885
,1722,1,1,0.51713747
,1722,2,2,0.99960047
,1722,3,1,0.9965988
,1723,0,1,0.5341689
,1723,1,1,0.53413755
,1723,2,1,0.89533865
,1723,3,3,1.0
,1724,0,1,0.5347601
,1724,1,1,0.5347578
,1724,2,2,1.0
,1724,3,1,0.9980457
,1725,0,0,0.75755143
,1725,1,0,0.7575705
,1725,2,0,0.8121854
,1725,3,3,1.0
,1726,0,1,0.52466303
,1726,1,1,0.5240764
,1726,2,2,0.99999714
,1726,3,1,0.9987811
,1727,0,1,0.5519832
,1727,1,1,0.538675
,1727,2,1,0.95720804
,1727,3,3,1.0
,1728,0,2,1.0
,1728,1,1,0.5346395
,1728,2,1,0.55557317
,1728,3,1,0.9910297
,1729,0,0,0.8178982
,1729,1,0,0.75359327
,1729,2,2,1.0
,1729,3,1,0.6380378
,1730,0,0,0.7690129
,1730,1,0,0.7667227
,1730,2,0,0.8118996
,1730,3,3,1.0
,1731,0,1,0.5198469
,1731,1,1,0.519948
,1731,2,2,1.0
,1731,3,1,0.99802583
,1732,0,0,0.7579199
,1732,1,0,0.7579164
,1732,2,0,0.81228745
,1732,3,3,1.0
,1733,0,1,0.5202565
,1733,1,1,0.5202567
,1733,2,2,1.0
,1733,3,1,0.99037564
,1734,0,0,0.75636005
,1734,1,0,0.75636
,1734,2,1,0.52217704
,1734,3,2,1.0
,1735,0,0,0.76613426
,1735,1,0,0.7661317
,1735,2,3,1.0
,1735,3,0,0.81161773
,1736,0,1,0.51993555
,1736,1,1,0.5200157
,1736,2,1,0.99037373
,1736,3,2,1.0
,1737,0,0,0.75781727
,1737,1,0,0.7561591
,1737,2,2,1.0
,1737,3,0,0.81930315
,1738,0,0,0.7685799
,1738,1,2,1.0
,1738,2,0,0.81832635
,1738,3,0,0.7707602
,1739,0,0,0.7689866
,1739,1,0,0.8183362
,1739,2,2,1.0
,1739,3,0,0.7690044
,1740,0,0,0.76910293
,1740,1,2,1.0
,1740,2,0,0.81947577
,1740,3,0,0.7674217
,1741,0,0,0.77108854
,1741,1,0,0.8214386
,1741,2,0,0.76375073
,1741,3,2,0.99999917
,1742,0,1,0.50338393
,1742,1,1,0.5011451
,1742,2,2,1.0
,1742,3,1,0.93594366
,1743,0,0,0.75826967
,1743,1,0,0.7583492
,1743,2,0,0.812186
,1743,3,3,1.0
,1744,0,1,0.5203105
,1744,1,1,0.52030706
,1744,2,2,1.0
,1744,3,1,0.9980257
,1745,0,0,0.7579094
,1745,1,0,0.75790954
,1745,2,0,0.81228435
,1745,3,3,1.0
,1746,0,1,0.5203013
,1746,1,1,0.5203013
,1746,2,2,1.0
,1746,3,1,0.9980206
,1747,0,0,0.75691706
,1747,1,0,0.75691706
,1747,2,0,0.60992277
,1747,3,3,1.0
,1748,0,1,0.5226184
,1748,1,1,0.5226185
,1748,2,3,1.0
,1748,3,1,0.9967288
,1749,0,1,0.5335282
,1749,1,1,0.53352815
,1749,2,1,0.9909125
,1749,3,3,1.0
,1750,0,1,0.514981
,1750,1,1,0.514981
,1750,2,2,0.9970102
,1750,3,1,0.97448826
,1751,0,1,0.5171152
,1751,1,1,0.5171152
,1751,2,1,0.74966425
,1751,3,2,1.0
,1752,0,0,0.7579721
,1752,1,0,0.7579721
,1752,2,2,1.0
,1752,3,0,0.81798714
,1753,0,0,0.7686041
,1753,1,0,0.7686041
,1753,2,0,0.81833494
,1753,3,2,1.0
,1754,0,0,0.768917
,1754,1,0,0.768917
,1754,2,2,1.0
,1754,3,0,0.81956905
,1755,0,0,0.7732569
,1755,1,0,0.7732569
,1755,2,2,1.0
,1755,3,0,0.77346236
,1756,0,0,0.76915514
,1756,1,0,0.76915514
,1756,2,0,0.8183375
,1756,3,2,1.0
,1757,0,0,0.7690034
,1757,1,0,0.7690034
,1757,2,2,1.0
,1757,3,0,0.81833506
,1758,0,0,0.768999
,1758,1,0,0.768999
,1758,2,0,0.81833494
,1758,3,2,1.0
,1759,0,0,0.7690186
,1759,1,0,0.7690186
,1759,2,2,1.0
,1759,3,0,0.81830615
,1760,0,0,0.7678694
,1760,1,0,0.7678694
,1760,2,1,0.5206003
,1760,3,2,1.0
,1761,0,0,0.76535624
,1761,1,0,0.76535624
,1761,2,3,1.0
,1761,3,0,0.60870916
,1762,0,1,0.5223314
,1762,1,1,0.5223314
,1762,2,1,0.9909992
,1762,3,3,1.0
,1763,0,1,0.53427535
,1763,1,1,0.5342753
,1763,2,2,1.0
,1763,3,1,0.99804616
,1764,0,0,0.75752056
,1764,1,0,0.75752056
,1764,2,0,0.812131
,1764,3,3,1.0
,1765,0,1,0.53117967
,1765,1,1,0.5311798
,1765,2,2,1.0
,1765,3,1,0.99996614
,1766,0,0,0.7576023
,1766,1,0,0.7576023
,1766,2,0,0.81212556
,1766,3,3,1.0
,1767,0,1,0.5308069
,1767,1,1,0.5308069
,1767,2,2,1.0
,1767,3,1,0.99990726
,1768,0,0,0.7563497
,1768,1,0,0.7563497
,1768,2,0,0.60583335
,1768,3,3,1.0
,1769,0,1,0.51262826
,1769,1,1,0.51262826
,1769,2,3,1.0
,1769,3,1,0.9908882
,1770,0,1,0.5397537
,1770,1,1,0.5397537
,1770,2,1,0.9995624
,1770,3,3,1.0
,1771,0,1,0.54394513
,1771,1,1,0.54394513
,1771,2,2,1.0
,1771,3,1,0.99990773
,1772,0,0,0.7571539
,1772,1,0,0.7571539
,1772,2,0,0.8121279
,1772,3,3,1.0
,1773,0,1,0.5308545
,1773,1,1,0.5308546
,1773,2,2,1.0
,1773,3,1,0.9999076
,1774,0,0,0.75751
,1774,1,0,0.75751
,1774,2,0,0.8122743
,1774,3,3,1.0
,1775,0,1,0.52031773
,1775,1,1,0.52031773
,1775,2,2,1.0
,1775,3,1,0.9980208
,1776,0,0,0.7570175
,1776,1,0,0.7570175
,1776,2,0,0.61210763
,1776,3,3,1.0
,1777,0,1,0.52793026
,1777,1,1,0.52793026
,1777,2,3,1.0
,1777,3,1,0.9998418
,1778,0,1,0.5336279
,1778,1,1,0.533628
,1778,2,1,0.996696
,1778,3,3,0.99998486
,1779,0,1,0.53378713
,1779,1,1,0.5337872
,1779,2,3,1.0
,1779,3,1,0.9966599
,1780,0,1,0.5401735
,1780,1,1,0.5401735
,1780,2,1,0.99880266
,1780,3,3,1.0
,1781,0,1,0.535082
,1781,1,1,0.535082
,1781,2,2,1.0
,1781,3,1,0.9980463
,1782,0,0,0.757375
,1782,1,0,0.757375
,1782,2,0,0.8122878
,1782,3,3,1.0
,1783,0,1,0.52038723
,1783,1,1,0.52038723
,1783,2,2,1.0
,1783,3,1,0.9909542
,1784,0,0,0.7622155
,1784,1,0,0.7622155
,1784,2,2,1.0
,1784,3,1,0.6278162
,1785,0,0,0.76712257
,1785,1,0,0.76712257
,1785,2,0,0.81176376
,1785,3,3,1.0
,1786,0,1,0.5294534
,1786,1,1,0.5294534
,1786,2,2,1.0
,1786,3,1,0.99974555
,1787,0,0,0.7563981
,1787,1,0,0.7563981
,1787,2,0,0.60586005
,1787,3,3,0.99999857
,1788,0,1,0.5127644
,1788,1,1,0.5127644
,1788,2,3,1.0
,1788,3,1,0.9909947
,1789,0,1,0.5330221
,1789,1,1,0.5330221
,1789,2,1,0.9909085
,1789,3,3,1.0
,1790,0,1,0.53471404
,1790,1,1,0.53471404
,1790,2,2,1.0
,1790,3,1,0.9980409
,1791,0,0,0.75640404
,1791,1,0,0.75640404
,1791,2,0,0.60992277
,1791,3,3,1.0
,1792,0,1,0.5226364
,1792,1,1,0.5226355
,1792,2,3,1.0
,1792,3,1,0.996729
,1793,0,1,0.5333815
,1793,1,1,0.53336066
,1793,2,1,0.9909149
,1793,3,3,1.0
,1794,0,1,0.54335827
,1794,1,1,0.54288375
,1794,2,2,1.0
,1794,3,1,0.99974686
,1795,0,0,0.74694735
,1795,1,0,0.75684315
,1795,2,0,0.8204446
,1795,3,3,0.9999583
,1796,0,2,0.9999987
,1796,1,1,0.5402719
,1796,2,1,0.52420217
,1796,3,1,0.9987277
,1797,0,1,0.89028454
,1797,1,2,1.0
,1797,2,1,0.5375927
,1797,3,1,0.5562966
,1798,0,0,0.7448047
,1798,1,0,0.819376
,1798,2,2,1.0
,1798,3,0,0.7549621
,1799,0,0,0.7669565
,1799,1,0,0.76961106
,1799,2,1,0.5213784
,1799,3,2,1.0
,1800,0,0,0.766338
,1800,1,0,0.7664328
,1800,2,3,1.0
,1800,3,0,0.81190217
,1801,0,1,0.50012314
,1801,1,1,0.5001189
,1801,2,1,0.9733167
,1801,3,2,1.0
,1802,0,0,0.75861853
,1802,1,0,0.7586187
,1802,2,2,1.0
,1802,3,0,0.8174198
,1803,0,0,0.7707182
,1803,1,0,0.7707182
,1803,2,0,0.8138557
,1803,3,2,0.9983859
,1804,0,1,0.5001111
,1804,1,1,0.5001111
,1804,2,2,1.0
,1804,3,1,0.7478029
,1805,0,0,0.7603777
,1805,1,0,0.7603777
,1805,2,0,0.81430155
,1805,3,2,0.99999547
,1806,0,0,0.5526697
,1806,1,0,0.5526703
,1806,2,2,1.0
,1806,3,1,0.5568413
,1807,0,0,0.7606249
,1807,1,0,0.76063657
,1807,2,0,0.8180593
,1807,3,2,1.0
,1808,0,0,0.7684549
,1808,1,0,0.7687777
,1808,2,2,1.0
,1808,3,0,0.8183343
,1809,0,0,0.7619873
,1809,1,0,0.77107483
,1809,2,0,0.821424
,1809,3,2,1.0
,1810,0,2,1.0
,1810,1,1,0.5002697
,1810,2,0,0.50189185
,1810,3,1,0.7474658
,1811,0,0,0.8193411
,1811,1,0,0.7586124
,1811,2,0,0.75703806
,1811,3,2,1.0
,1812,0,0,0.77076393
,1812,1,0,0.7686084
,1812,2,2,1.0
,1812,3,0,0.81832653
,1813,0,0,0.7690602
,1813,1,0,0.76898366
,1813,2,0,0.81833494
,1813,3,2,1.0
,1814,0,0,0.7690001
,1814,1,0,0.7689973
,1814,2,2,1.0
,1814,3,0,0.81833506
,1815,0,0,0.76900053
,1815,1,0,0.7690005
,1815,2,0,0.8183351
,1815,3,2,1.0
,1816,0,0,0.76907474
,1816,1,0,0.76907474
,1816,2,2,1.0
,1816,3,0,0.81833434
,1817,0,0,0.7710865
,1817,1,0,0.771086
,1817,2,0,0.81385666
,1817,3,2,1.0
,1818,0,1,0.50018543
,1818,1,1,0.5002016
,1818,2,2,1.0
,1818,3,1,0.74743736
,1819,0,0,0.7586603
,1819,1,0,0.75832814
,1819,2,0,0.8179893
,1819,3,2,1.0
,1820,0,0,0.77071726
,1820,1,0,0.7616263
,1820,2,2,1.0
,1820,3,0,0.82136506
,1821,0,1,0.5000387
,1821,1,2,1.0
,1821,2,1,0.7456971
,1821,3,1,0.50007343
,1822,0,0,0.7587052
,1822,1,0,0.8193732
,1822,2,0,0.748278
,1822,3,2,1.0
,1823,0,0,0.7686118
,1823,1,0,0.77070874
,1823,2,2,1.0
,1823,3,0,0.8183273
,1824,0,0,0.769012
,1824,1,0,0.767485
,1824,2,0,0.8196346
,1824,3,2,1.0
,1825,0,0,0.76900935
,1825,1,2,1.0
,1825,2,0,0.7692127
,1825,3,0,0.81962764
,1826,0,0,0.7690096
,1826,1,0,0.81962764
,1826,2,2,1.0
,1826,3,0,0.7692127
,1827,0,0,0.7690121
,1827,1,0,0.76921135
,1827,2,0,0.8196776
,1827,3,2,1.0
,1828,0,0,0.76906323
,1828,1,2,1.0
,1828,2,0,0.7708613
,1828,3,0,0.81832784
,1829,0,0,0.77124345
,1829,1,0,0.81354946
,1829,2,0,0.7713094
,1829,3,2,1.0
,1830,0,1,0.52116966
,1830,1,2,1.0
,1830,2,1,0.52108675
,1830,3,1,0.8906029
,1831,0,0,0.7561336
,1831,1,0,0.8193095
,1831,2,0,0.7577898
,1831,3,2,1.0
,1832,0,2,1.0
,1832,1,0,0.7707668
,1832,2,0,0.7685231
,1832,3,0,0.8183276
,1833,0,0,0.8197539
,1833,1,0,0.7691748
,1833,2,0,0.7674058
,1833,3,2,1.0
,1834,0,0,0.7731699
,1834,1,0,0.77138716
,1834,2,2,1.0
,1834,3,0,0.8134467
,1835,0,1,0.52465296
,1835,1,1,0.52473134
,1835,2,1,0.95892256
,1835,3,2,0.9999987
,1836,0,1,0.5178105
,1836,1,1,0.517814
,1836,2,2,1.0
,1836,3,1,0.74909234
,1837,0,0,0.75802636
,1837,1,0,0.75802606
,1837,2,0,0.8179836
,1837,3,2,1.0
,1838,0,0,0.7706965
,1838,1,0,0.770694
,1838,2,2,0.99999213
,1838,3,0,0.81385684
,1839,0,1,0.5001937
,1839,1,1,0.500274
,1839,2,1,0.74743307
,1839,3,2,1.0
,1840,0,0,0.7586161
,1840,1,0,0.7569628
,1840,2,2,1.0
,1840,3,0,0.819294
,1841,0,0,0.7686367
,1841,1,2,1.0
,1841,2,0,0.8196262
,1841,3,0,0.76919687
,1842,0,0,0.76899606
,1842,1,0,0.81967515
,1842,2,0,0.76921123
,1842,3,2,1.0
,1843,0,0,0.7689809
,1843,1,0,0.77077985
,1843,2,2,1.0
,1843,3,0,0.81832814
,1844,0,0,0.7689969
,1844,1,0,0.7690607
,1844,2,0,0.81833494
,1844,3,2,1.0
,1845,0,0,0.7689977
,1845,1,0,0.769
,1845,2,2,1.0
,1845,3,0,0.81833506
,1846,0,0,0.7689979
,1846,1,0,0.76899797
,1846,2,0,0.81833494
,1846,3,2,1.0
,1847,0,0,0.7690005
,1847,1,0,0.7690005
,1847,2,2,1.0
,1847,3,0,0.81833506
,1848,0,0,0.76907474
,1848,1,0,0.76907474
,1848,2,0,0.81833434
,1848,3,2,1.0
,1849,0,0,0.77108634
,1849,1,0,0.77108645
,1849,2,2,1.0
,1849,3,0,0.81385666
,1850,0,1,0.50019187
,1850,1,1,0.50018907
,1850,2,1,0.7474372
,1850,3,2,1.0
,1851,0,0,0.75852394
,1851,1,0,0.7585827
,1851,2,2,1.0
,1851,3,0,0.8179913
,1852,0,0,0.7670493
,1852,1,0,0.76865596
,1852,2,0,0.8196819
,1852,3,2,1.0
,1853,0,2,1.0
,1853,1,0,0.7689685
,1853,2,0,0.77077955
,1853,3,0,0.818328
,1854,0,0,0.81833506
,1854,1,0,0.76899654
,1854,2,0,0.76905864
,1854,3,2,1.0
,1855,0,2,1.0
,1855,1,0,0.76900184
,1855,2,0,0.76894426
,1855,3,0,0.8183363
,1856,0,0,0.8197499
,1856,1,0,0.7691075
,1856,2,0,0.76742065
,1856,3,2,1.0
,1857,0,0,0.7730164
,1857,1,0,0.77123064
,1857,2,2,1.0
,1857,3,0,0.81354237
,1858,0,1,0.5210152
,1858,1,1,0.5210941
,1858,2,1,0.8906056
,1858,3,2,1.0
,1859,0,0,0.75775915
,1859,1,0,0.7577543
,1859,2,2,1.0
,1859,3,0,0.8179576
,1860,0,0,0.76859975
,1860,1,0,0.7685427
,1860,2,0,0.8183361
,1860,3,2,1.0
,1861,0,0,0.76901174
,1861,1,0,0.76740694
,1861,2,2,1.0
,1861,3,0,0.81968045
,1862,0,0,0.7689824
,1862,1,2,1.0
,1862,2,0,0.8183293
,1862,3,0,0.77072436
,1863,0,0,0.769025
,1863,1,0,0.8196802
,1863,2,2,1.0
,1863,3,0,0.7674843
,1864,0,0,0.7689856
,1864,1,0,0.77072436
,1864,2,0,0.8183293
,1864,3,2,1.0
,1865,0,0,0.7691015
,1865,1,0,0.7674835
,1865,2,2,1.0
,1865,3,0,0.81974345
,1866,0,0,0.7710682
,1866,1,2,1.0
,1866,2,0,0.8138545
,1866,3,0,0.7727857
,1867,0,1,0.500004
,1867,1,1,0.7455992
,1867,2,2,1.0
,1867,3,1,0.5021368
,1868,0,0,0.75705403
,1868,1,0,0.7499721
,1868,2,0,0.8193743
,1868,3,2,1.0
,1869,0,2,1.0
,1869,1,0,0.7683058
,1869,2,0,0.7707693
,1869,3,0,0.81832707
,1870,0,0,0.8183346
,1870,1,0,0.7690549
,1870,2,0,0.76914227
,1870,3,2,1.0
,1871,0,2,1.0
,1871,1,0,0.77124596
,1871,2,0,0.77124906
,1871,3,0,0.8135496
,1872,0,1,0.89060533
,1872,1,1,0.5210928
,1872,2,1,0.5210927
,1872,3,2,1.0
,1873,0,2,1.0
,1873,1,0,0.75775635
,1873,2,0,0.75775635
,1873,3,0,0.8179575
,1874,0,0,0.81833494
,1874,1,0,0.7685985
,1874,2,0,0.76859653
,1874,3,2,1.0
,1875,0,2,1.0
,1875,1,0,0.768985
,1875,2,0,0.76892793
,1875,3,0,0.8183363
,1876,0,0,0.81968033
,1876,1,0,0.76902527
,1876,2,0,0.7674205
,1876,3,2,1.0
,1877,0,0,0.77072436
,1877,1,0,0.7689828
,1877,2,2,1.0
,1877,3,0,0.8183293
,1878,0,0,0.7674856
,1878,1,0,0.7690252
,1878,2,0,0.8196346
,1878,3,2,1.0
,1879,0,2,1.0
,1879,1,0,0.7690098
,1879,2,0,0.7692127
,1879,3,0,0.8196276
,1880,0,0,0.81967527
,1880,1,0,0.76900923
,1880,2,2,1.0
,1880,3,0,0.76921135
,1881,0,0,0.77078253
,1881,1,0,0.768984
,1881,2,0,0.81832814
,1881,3,2,1.0
,1882,0,0,0.7691376
,1882,1,0,0.7690739
,1882,2,2,1.0
,1882,3,0,0.81833327
,1883,0,0,0.77108604
,1883,1,0,0.77108634
,1883,2,0,0.81385684
,1883,3,2,0.99999726
,1884,0,1,0.5002571
,1884,1,1,0.50017685
,1884,2,2,1.0
,1884,3,1,0.7474322
,1885,0,0,0.7569619
,1885,1,0,0.75861627
,1885,2,0,0.81933975
,1885,3,2,1.0
,1886,0,2,1.0
,1886,1,0,0.76860964
,1886,2,0,0.7707086
,1886,3,0,0.8183277
,1887,0,0,0.8196819
,1887,1,0,0.7690116
,1887,2,0,0.7674838
,1887,3,2,1.0
,1888,0,0,0.77077967
,1888,1,0,0.7689812
,1888,2,2,1.0
,1888,3,0,0.818328
,1889,0,0,0.76905876
,1889,1,0,0.7689969
,1889,2,0,0.81833494
,1889,3,2,1.0
,1890,0,0,0.76894426
,1890,1,0,0.768999
,1890,2,2,1.0
,1890,3,0,0.8183363
,1891,0,0,0.7674211
,1891,1,0,0.76902574
,1891,2,0,0.81968033
,1891,3,2,1.0
,1892,0,2,1.0
,1892,1,0,0.76898295
,1892,2,0,0.7707244
,1892,3,0,0.8183293
,1893,0,0,0.8196819
,1893,1,0,0.7690249
,1893,2,0,0.7674841
,1893,3,2,1.0
,1894,0,0,0.7707797
,1894,1,0,0.76898164
,1894,2,2,1.0
,1894,3,0,0.818328
,1895,0,0,0.7690607
,1895,1,0,0.7689969
,1895,2,0,0.81833494
,1895,3,2,1.0
,1896,0,0,0.76899964
,1896,1,0,0.7689978
,1896,2,2,1.0
,1896,3,0,0.81833506
,1897,0,0,0.7689892
,1897,1,0,0.76900053
,1897,2,0,0.81833494
,1897,3,2,1.0
,1898,0,0,0.7687498
,1898,1,0,0.76907235
,1898,2,2,1.0
,1898,3,0,0.8172393
,1899,0,0,0.7619907
,1899,1,0,0.77107817
,1899,2,0,0.8214211
,1899,3,2,0.9967977
,1900,0,2,1.0
,1900,1,1,0.500269
,1900,2,0,0.5018922
,1900,3,1,0.7481889
,1901,0,0,0.8192937
,1901,1,0,0.75861275
,1901,2,0,0.7570395
,1901,3,2,1.0
,1902,0,0,0.76919556
,1902,1,0,0.7686362
,1902,2,2,1.0
,1902,3,0,0.8196718
,1903,0,2,1.0
,1903,1,0,0.7689695
,1903,2,0,0.81832945
,1903,3,0,0.77072436
,1904,0,0,0.81968373
,1904,1,0,0.76902676
,1904,2,2,1.0
,1904,3,0,0.76748425
,1905,0,0,0.7708443
,1905,1,0,0.76904655
,1905,2,0,0.8183271
,1905,3,2,1.0
,1906,0,0,0.77080715
,1906,1,0,0.7707463
,1906,2,2,1.0
,1906,3,0,0.81465536
,1907,0,0,0.55310255
,1907,1,0,0.5531791
,1907,2,1,0.556849
,1907,3,2,1.0
,1908,0,0,0.7590421
,1908,1,0,0.7606883
,1908,2,2,1.0
,1908,3,0,0.81936234
,1909,0,2,1.0
,1909,1,0,0.76878726
,1909,2,0,0.8194691
,1909,3,0,0.76919776
,1910,0,0,0.82141924
,1910,1,0,0.7710583
,1910,2,0,0.763817
,1910,3,2,1.0
,1911,0,0,0.5019609
,1911,1,1,0.50028145
,1911,2,2,1.0
,1911,3,1,0.7474709
,1912,0,0,0.7586571
,1912,1,0,0.7585773
,1912,2,0,0.8179897
,1912,3,2,1.0
,1913,0,0,0.76863056
,1913,1,0,0.7686277
,1913,2,2,1.0
,1913,3,0,0.81833494
,1914,0,0,0.76898485
,1914,1,0,0.7689848
,1914,2,0,0.8183351
,1914,3,2,1.0
,1915,0,0,0.7689973
,1915,1,0,0.7689973
,1915,2,2,1.0
,1915,3,0,0.81833506
,1916,0,0,0.7689977
,1916,1,0,0.7689978
,1916,2,0,0.81833494
,1916,3,2,1.0
,1917,0,0,0.76899576
,1917,1,0,0.7689978
,1917,2,2,1.0
,1917,3,0,0.8183351
,1918,0,0,0.76894194
,1918,1,0,0.768999
,1918,2,0,0.8183363
,1918,3,2,1.0
,1919,0,0,0.7674209
,1919,1,0,0.76902574
,1919,2,2,1.0
,1919,3,0,0.819682
,1920,0,2,1.0
,1920,1,0,0.76898164
,1920,2,0,0.81832814
,1920,3,0,0.7707777
,1921,0,0,0.8183361
,1921,1,0,0.76899815
,1921,2,2,1.0
,1921,3,0,0.76900506
,1922,0,2,1.0
,1922,1,0,0.7690261
,1922,2,0,0.8196346
,1922,3,0,0.7674246
,1923,0,0,0.819675
,1923,1,0,0.76900953
,1923,2,0,0.76921123
,1923,3,2,1.0
,1924,0,0,0.7707797
,1924,1,0,0.7689814
,1924,2,2,1.0
,1924,3,0,0.81832814
,1925,0,0,0.76906085
,1925,1,0,0.76899695
,1925,2,0,0.81833494
,1925,3,2,1.0
,1926,0,0,0.76900285
,1926,1,0,0.7690007
,1926,2,2,1.0
,1926,3,0,0.81833506
,1927,0,0,0.769077
,1927,1,0,0.7690794
,1927,2,0,0.8182637
,1927,3,2,1.0
,1928,0,0,0.7711757
,1928,1,0,0.771247
,1928,2,2,0.9997926
,1928,3,0,0.813551
,1929,0,1,0.523315
,1929,1,1,0.5210247
,1929,2,1,0.88972384
,1929,3,2,1.0
,1930,0,2,1.0
,1930,1,0,0.75792116
,1930,2,0,0.7430935
,1930,3,0,0.81931096
,1931,0,0,0.81968886
,1931,1,0,0.7686265
,1931,2,2,1.0
,1931,3,0,0.76915705
,1932,0,0,0.7695469
,1932,1,0,0.7677288
,1932,2,1,0.5214264
,1932,3,2,1.0
,1933,0,0,0.7643493
,1933,1,0,0.7642841
,1933,2,3,1.0
,1933,3,0,0.81643885
,1934,0,0,0.7693069
,1934,1,0,0.7693046
,1934,2,1,0.62962055
,1934,3,2,1.0
,1935,0,0,0.76893425
,1935,1,0,0.7689342
,1935,2,2,1.0
,1935,3,0,0.8183045
,1936,0,0,0.76899534
,1936,1,0,0.76899534
,1936,2,0,0.81833494
,1936,3,2,1.0
,1937,0,0,0.7689977
,1937,1,0,0.7689977
,1937,2,2,1.0
,1937,3,0,0.81833506
,1938,0,0,0.7689978
,1938,1,0,0.7689978
,1938,2,0,0.81833494
,1938,3,2,1.0
,1939,0,0,0.7689978
,1939,1,0,0.7689978
,1939,2,2,1.0
,1939,3,0,0.81833506
,1940,0,0,0.7689978
,1940,1,0,0.7689978
,1940,2,0,0.81833494
,1940,3,2,1.0
,1941,0,0,0.7689978
,1941,1,0,0.7689978
,1941,2,2,1.0
,1941,3,0,0.81833506
,1942,0,0,0.7689978
,1942,1,0,0.7689978
,1942,2,0,0.81833494
,1942,3,2,1.0
,1943,0,0,0.7689978
,1943,1,0,0.7689978
,1943,2,2,1.0
,1943,3,0,0.81833506
,1944,0,0,0.7689978
,1944,1,0,0.7689978
,1944,2,0,0.8183351
,1944,3,2,1.0
,1945,0,0,0.7689987
,1945,1,0,0.7689987
,1945,2,2,1.0
,1945,3,0,0.81833494
,1946,0,0,0.7690175
,1946,1,0,0.7690175
,1946,2,0,0.81830627
,1946,3,2,1.0
,1947,0,0,0.7678425
,1947,1,0,0.7678425
,1947,2,2,1.0
,1947,3,1,0.521362
,1948,0,0,0.76636994
,1948,1,0,0.76636994
,1948,2,0,0.81190217
,1948,3,3,1.0
,1949,0,1,0.5001216
,1949,1,1,0.5001216
,1949,2,2,1.0
,1949,3,1,0.9733178
,1950,0,0,0.75861937
,1950,1,0,0.75861937
,1950,2,0,0.81797194
,1950,3,2,0.99994755
,1951,0,0,0.7707186
,1951,1,0,0.7707186
,1951,2,2,1.0
,1951,3,0,0.8138324
,1952,0,1,0.5001926
,1952,1,1,0.50019264
,1952,2,1,0.747486
,1952,3,2,1.0
,1953,0,0,0.7571962
,1953,1,0,0.7571962
,1953,2,2,1.0
,1953,3,1,0.52209663
,1954,0,0,0.76617056
,1954,1,0,0.76617056
,1954,2,0,0.81161433
,1954,3,3,1.0
,1955,0,1,0.51995176
,1955,1,1,0.51995176
,1955,2,2,1.0
,1955,3,1,0.9980208
,1956,0,0,0.7568797
,1956,1,0,0.75687957
,1956,2,0,0.60553265
,1956,3,3,1.0
,1957,0,1,0.5118611
,1957,1,1,0.5118611
,1957,2,3,1.0
,1957,3,1,0.9912119
,1958,0,1,0.516505
,1958,1,1,0.516505
,1958,2,1,0.9747073
,1958,3,3,0.99999917
,1959,0,1,0.5169939
,1959,1,1,0.5169939
,1959,2,2,1.0
,1959,3,1,0.97371805
,1960,0,0,0.76012605
,1960,1,0,0.76012605
,1960,2,0,0.8134446
,1960,3,2,1.0
,1961,0,1,0.50352085
,1961,1,1,0.50352
,1961,2,2,1.0
,1961,3,1,0.9359154
,1962,0,0,0.7584142
,1962,1,0,0.75843084
,1962,2,0,0.81207967
,1962,3,3,1.0
,1963,0,1,0.5303804
,1963,1,1,0.5298662
,1963,2,2,1.0
,1963,3,1,0.99974614
,1964,0,0,0.7466409
,1964,1,0,0.75731045
,1964,2,0,0.8123593
,1964,3,3,1.0
,1965,0,1,0.837526
,1965,1,1,0.510341
,1965,2,2,1.0
,1965,3,1,0.97516716
,1966,0,3,1.0
,1966,1,0,0.7573109
,1966,2,0,0.8195785
,1966,3,1,0.51395595
,1967,0,1,0.9729128
,1967,1,0,0.5008277
,1967,2,1,0.50929666
,1967,3,3,0.9975208
,1968,0,1,0.53944886
,1968,1,1,0.5184109
,1968,2,2,1.0
,1968,3,1,0.99441487
,1969,0,0,0.754027
,1969,1,0,0.754781
,1969,2,1,0.5243033
,1969,3,3,1.0
,1970,0,0,0.7681023
,1970,1,0,0.76812917
,1970,2,3,0.99974734
,1970,3,1,0.83132887
,1971,0,1,0.5213739
,1971,1,1,0.5213728
,1971,2,1,0.9909021
,1971,3,3,1.0
,1972,0,1,0.5177932
,1972,1,1,0.5177931
,1972,2,2,1.0
,1972,3,1,0.9945282
,1973,0,0,0.75688547
,1973,1,0,0.7568855
,1973,2,0,0.60581934
,1973,3,3,1.0
,1974,0,1,0.5128446
,1974,1,1,0.5128447
,1974,2,3,1.0
,1974,3,1,0.9754186
,1975,0,1,0.51684254
,1975,1,1,0.51684254
,1975,2,1,0.97370946
,1975,3,2,0.9999999
,1976,0,0,0.7579581
,1976,1,0,0.75795805
,1976,2,2,1.0
,1976,3,0,0.81794053
,1977,0,0,0.7674533
,1977,1,0,0.7674534
,1977,2,1,0.52137876
,1977,3,2,1.0
,1978,0,0,0.76653194
,1978,1,0,0.76653194
,1978,2,3,0.99999595
,1978,3,0,0.8116131
,1979,0,1,0.51998365
,1979,1,1,0.5199837
,1979,2,1,0.9980257
,1979,3,2,1.0
,1980,0,0,0.75739306
,1980,1,0,0.75739306
,1980,2,3,1.0
,1980,3,0,0.8133539
,1981,0,0,0.5514881
,1981,1,0,0.5514881
,1981,2,1,0.93445307
,1981,3,2,1.0
,1982,0,0,0.7605137
,1982,1,0,0.7605137
,1982,2,2,1.0
,1982,3,0,0.8180279
,1983,0,0,0.76869625
,1983,1,0,0.76869637
,1983,2,0,0.81833494
,1983,3,2,1.0
,1984,0,0,0.76898706
,1984,1,0,0.7689872
,1984,2,2,1.0
,1984,3,0,0.81833506
,1985,0,0,0.7689954
,1985,1,0,0.76899743
,1985,2,0,0.8183351
,1985,3,2,1.0
,1986,0,0,0.76894206
,1986,1,0,0.768999
,1986,2,2,1.0
,1986,3,0,0.8183363
,1987,0,0,0.767421
,1987,1,0,0.76902574
,1987,2,0,0.81968033
,1987,3,2,1.0
,1988,0,2,1.0
,1988,1,0,0.76898295
,1988,2,0,0.7707244
,1988,3,0,0.8183293
,1989,0,0,0.819682
,1989,1,0,0.769025
,1989,2,0,0.7674841
,1989,3,2,1.0
,1990,0,0,0.7707827
,1990,1,0,0.7689846
,1990,2,2,1.0
,1990,3,0,0.818328
,1991,0,0,0.76914275
,1991,1,0,0.7690789
,1991,2,0,0.8183346
,1991,3,2,1.0
,1992,0,0,0.77125037
,1992,1,0,0.77124804
,1992,2,2,1.0
,1992,3,0,0.8135494
,1993,0,1,0.5210609
,1993,1,1,0.521061
,1993,2,1,0.8906298
,1993,3,2,1.0
,1994,0,0,0.75637186
,1994,1,0,0.75637186
,1994,2,2,1.0
,1994,3,1,0.5213215
,1995,0,0,0.7647692
,1995,1,0,0.7647692
,1995,2,0,0.6045447
,1995,3,3,1.0
,1996,0,1,0.5121368
,1996,1,1,0.5121368
,1996,2,3,1.0
,1996,3,1,0.9754707
,1997,0,1,0.5419725
,1997,1,1,0.5419725
,1997,2,1,0.9987591
,1997,3,2,1.0
,1998,0,0,0.75929594
,1998,1,0,0.75929594
,1998,2,2,1.0
,1998,3,0,0.8131468
,1999,0,1,0.5216194
,1999,1,1,0.5216194
,1999,2,1,0.8906052
,1999,3,2,1.0
,2000,0,0,0.75773776
,2000,1,0,0.75773776
,2000,2,2,1.0
,2000,3,0,0.8179459
,2001,0,0,0.76859766
,2001,1,0,0.7685977
,2001,2,0,0.81833494
,2001,3,2,0.9999658
,2002,0,0,0.7689836
,2002,1,0,0.76898366
,2002,2,2,1.0
,2002,3,0,0.81831974
,2003,0,0,0.7689952
,2003,1,0,0.7689973
,2003,2,0,0.8183351
,2003,3,2,1.0
,2004,0,0,0.768941
,2004,1,0,0.7689999
,2004,2,2,1.0
,2004,3,0,0.8183362
,2005,0,0,0.7673836
,2005,1,0,0.76904565
,2005,2,0,0.8196901
,2005,3,2,1.0
,2006,0,2,1.0
,2006,1,0,0.7678294
,2006,2,0,0.76927966
,2006,3,1,0.52140665
,2007,0,0,0.81973445
,2007,1,0,0.7666448
,2007,2,0,0.7567264
,2007,3,3,1.0
,2008,0,1,0.5281143
,2008,1,1,0.53044134
,2008,2,2,1.0
,2008,3,1,0.9999076
,2009,0,0,0.75760114
,2009,1,0,0.7575184
,2009,2,0,0.8122772
,2009,3,3,1.0
,2010,0,1,0.5202727
,2010,1,1,0.52027637
,2010,2,2,1.0
,2010,3,1,0.99037564
,2011,0,0,0.7563103
,2011,1,0,0.7563101
,2011,2,1,0.52073276
,2011,3,2,1.0
,2012,0,0,0.76158327
,2012,1,0,0.76158327
,2012,2,3,0.9998417
,2012,3,1,0.5257993
,2013,0,0,0.76718795
,2013,1,0,0.76718795
,2013,2,1,0.64205
,2013,3,3,1.0
,2014,0,1,0.5269771
,2014,1,1,0.5269771
,2014,2,2,1.0
,2014,3,1,0.99929714
,2015,0,0,0.7576522
,2015,1,0,0.75765234
,2015,2,0,0.8122809
,2015,3,3,1.0
,2016,0,1,0.52018875
,2016,1,1,0.52018887
,2016,2,2,1.0
,2016,3,1,0.990373
,2017,0,0,0.75992084
,2017,1,0,0.75992084
,2017,2,0,0.81346285
,2017,3,2,1.0
,2018,0,1,0.50068736
,2018,1,1,0.5006874
,2018,2,2,1.0
,2018,3,1,0.7474377
,2019,0,0,0.75856656
,2019,1,0,0.75856656
,2019,2,0,0.81799006
,2019,3,2,1.0
,2020,0,0,0.76870924
,2020,1,0,0.76870924
,2020,2,2,1.0
,2020,3,0,0.81833464
,2021,0,0,0.7712338
,2021,1,0,0.7712338
,2021,2,0,0.8135496
,2021,3,2,1.0
,2022,0,1,0.5210933
,2022,1,1,0.5210933
,2022,2,2,1.0
,2022,3,1,0.89060533
,2023,0,0,0.75775635
,2023,1,0,0.75775635
,2023,2,0,0.8179575
,2023,3,2,1.0
,2024,0,0,0.7685985
,2024,1,0,0.7685985
,2024,2,2,1.0
,2024,3,0,0.8183348
,2025,0,0,0.7689864
,2025,1,0,0.7689864
,2025,2,0,0.8183351
,2025,3,2,1.0
,2026,0,0,0.76907414
,2026,1,0,0.76907414
,2026,2,2,1.0
,2026,3,0,0.81833434
,2027,0,0,0.77108645
,2027,1,0,0.77108645
,2027,2,0,0.81385666
,2027,3,2,1.0
,2028,0,1,0.5001894
,2028,1,1,0.5001894
,2028,2,2,1.0
,2028,3,1,0.74743736
,2029,0,0,0.7585811
,2029,1,0,0.7585811
,2029,2,0,0.8179899
,2029,3,2,1.0
,2030,0,0,0.7686279
,2030,1,0,0.7686279
,2030,2,2,1.0
,2030,3,0,0.81833494
,2031,0,0,0.7689848
,2031,1,0,0.7689848
,2031,2,0,0.8183351
,2031,3,2,1.0
,2032,0,0,0.7689973
,2032,1,0,0.7689973
,2032,2,2,1.0
,2032,3,0,0.81833506
,2033,0,0,0.7689978
,2033,1,0,0.7689978
,2033,2,0,0.8183351
,2033,3,2,1.0
,2034,0,0,0.7689978
,2034,1,0,0.7689978
,2034,2,2,1.0
,2034,3,0,0.81833506
,2035,0,0,0.7689978
,2035,1,0,0.7689978
,2035,2,0,0.8183351
,2035,3,2,1.0
,2036,0,0,0.7689978
,2036,1,0,0.7689978
,2036,2,2,1.0
,2036,3,0,0.81833506
,2037,0,0,0.7689978
,2037,1,0,0.7689978
,2037,2,0,0.8183351
,2037,3,2,1.0
,2038,0,0,0.7689987
,2038,1,0,0.7689987
,2038,2,2,1.0
,2038,3,0,0.8183348
,2039,0,0,0.76901776
,2039,1,0,0.76901776
,2039,2,0,0.81830627
,2039,3,2,0.99999964
,2040,0,0,0.7678496
,2040,1,0,0.7678496
,2040,2,2,1.0
,2040,3,1,0.5213964
,2041,0,0,0.7666479
,2041,1,0,0.7666479
,2041,2,0,0.81146616
,2041,3,3,1.0
,2042,0,1,0.53059584
,2042,1,1,0.53059584
,2042,2,2,1.0
,2042,3,1,0.9995465
,2043,0,0,0.75737655
,2043,1,0,0.75737655
,2043,2,0,0.81793976
,2043,3,2,1.0
,2044,0,0,0.76866287
,2044,1,0,0.7686628
,2044,2,2,1.0
,2044,3,0,0.8183311
,2045,0,0,0.77109164
,2045,1,0,0.77109164
,2045,2,0,0.8138045
,2045,3,2,0.9999914
,2046,0,1,0.5033101
,2046,1,1,0.5033101
,2046,2,2,1.0
,2046,3,1,0.935931
,2047,0,0,0.7581001
,2047,1,0,0.7581001
,2047,2,0,0.8124763
,2047,3,3,1.0
,2048,0,1,0.5003805
,2048,1,1,0.5003805
,2048,2,2,1.0
,2048,3,1,0.9782572
,2049,0,0,0.7605942
,2049,1,0,0.7605942
,2049,2,0,0.81339324
,2049,3,2,0.76647174
,2050,0,1,0.503642
,2050,1,1,0.503642
,2050,2,2,1.0
,2050,3,1,0.9495998
,2051,0,0,0.7582089
,2051,1,0,0.7582089
,2051,2,0,0.8124682
,2051,3,3,1.0
,2052,0,0,0.5019803
,2052,1,0,0.5019803
,2052,2,2,0.99998903
,2052,3,1,0.9907169
,2053,0,1,0.5198197
,2053,1,1,0.5198197
,2053,2,1,0.7569458
,2053,3,3,1.0
,2054,0,1,0.5169734
,2054,1,1,0.5169734
,2054,2,2,1.0
,2054,3,1,0.97369295
,2055,0,0,0.7579348
,2055,1,0,0.7579348
,2055,2,0,0.81797016
,2055,3,2,1.0
,2056,0,0,0.76860553
,2056,1,0,0.76860553
,2056,2,2,1.0
,2056,3,0,0.81833494
,2057,0,0,0.76900136
,2057,1,0,0.76900136
,2057,2,0,0.8194015
,2057,3,2,1.0
,2058,0,0,0.77560383
,2058,1,0,0.7756039
,2058,2,0,0.76781595
,2058,3,2,1.0
,2059,0,1,0.51845175
,2059,1,1,0.51845175
,2059,2,2,1.0
,2059,3,1,0.9588608
,2060,0,1,0.53452086
,2060,1,1,0.53452086
,2060,2,1,0.8952095
,2060,3,3,1.0
,2061,0,1,0.51784545
,2061,1,1,0.51784545
,2061,2,2,1.0
,2061,3,1,0.9737129
,2062,0,0,0.75790375
,2062,1,0,0.75790375
,2062,2,0,0.8179698
,2062,3,2,1.0
,2063,0,0,0.7686235
,2063,1,0,0.7686235
,2063,2,2,1.0
,2063,3,0,0.8181705
,2064,0,0,0.7678284
,2064,1,0,0.7678284
,2064,2,1,0.521362
,2064,3,2,0.99960214
,2065,0,0,0.7663708
,2065,1,0,0.7663708
,2065,2,3,1.0
,2065,3,0,0.81172097
,2066,0,1,0.5001112
,2066,1,1,0.5001112
,2066,2,1,0.9733244
,2066,3,2,1.0
,2067,0,0,0.7571657
,2067,1,0,0.75716627
,2067,2,2,1.0
,2067,3,1,0.52128977
,2068,0,0,0.7647795
,2068,1,0,0.76479757
,2068,2,0,0.60471684
,2068,3,3,1.0
,2069,0,1,0.5131921
,2069,1,1,0.51262575
,2069,2,3,1.0
,2069,3,1,0.9911886
,2070,0,1,0.5332841
,2070,1,1,0.520523
,2070,2,1,0.9737847
,2070,3,3,1.0
,2071,0,2,1.0
,2071,1,1,0.51624244
,2071,2,1,0.53867733
,2071,3,1,0.97339433
,2072,0,0,0.81938136
,2072,1,0,0.7581455
,2072,2,2,1.0
,2072,3,0,0.7401607
,2073,0,0,0.7707633
,2073,1,0,0.7685897
,2073,2,0,0.8183256
,2073,3,2,1.0
,2074,0,0,0.76906013
,2074,1,0,0.768983
,2074,2,2,1.0
,2074,3,0,0.81833494
,2075,0,0,0.7690001
,2075,1,0,0.7689973
,2075,2,0,0.81833494
,2075,3,2,1.0
,2076,0,0,0.76900053
,2076,1,0,0.7690005
,2076,2,2,1.0
,2076,3,0,0.81833506
,2077,0,0,0.7690748
,2077,1,0,0.7690748
,2077,2,0,0.81833434
,2077,3,2,1.0
,2078,0,0,0.7710907
,2078,1,0,0.7710907
,2078,2,2,1.0
,2078,3,0,0.8138566
,2079,0,1,0.5000684
,2079,1,1,0.5000684
,2079,2,1,0.7474655
,2079,3,2,1.0
,2080,0,0,0.759952
,2080,1,0,0.759952
,2080,2,2,0.99999833
,2080,3,0,0.6073806
,2081,0,1,0.5155327
,2081,1,1,0.5155327
,2081,2,1,0.75295985
,2081,3,3,1.0
,2082,0,0,0.7561984
,2082,1,0,0.7561984
,2082,2,2,1.0
,2082,3,1,0.8945741
,2083,0,0,0.767963
,2083,1,0,0.767963
,2083,2,0,0.81274074
,2083,3,3,1.0
,2084,0,0,0.5000952
,2084,1,0,0.5000951
,2084,2,2,1.0
,2084,3,1,0.9733186
,2085,0,0,0.7596714
,2085,1,0,0.7596714
,2085,2,0,0.5958776
,2085,3,2,1.0
,2086,0,0,0.5155016
,2086,1,0,0.5155016
,2086,2,3,1.0
,2086,3,1,0.5544263
,2087,0,1,0.5148047
,2087,1,1,0.5148047
,2087,2,1,0.9792508
,2087,3,2,1.0
,2088,0,0,0.76030487
,2088,1,0,0.76030475
,2088,2,2,0.73190016
,2088,3,0,0.813167
,2089,0,1,0.5215561
,2089,1,1,0.5215561
,2089,2,1,0.9173705
,2089,3,2,1.0
,2090,0,0,0.7578194
,2090,1,0,0.7578194
,2090,2,2,1.0
,2090,3,0,0.8179568
,2091,0,0,0.77069265
,2091,1,0,0.77069265
,2091,2,0,0.81385666
,2091,3,2,1.0
,2092,0,1,0.50008667
,2092,1,1,0.50008607
,2092,2,2,1.0
,2092,3,1,0.74743634
,2093,0,0,0.760894
,2093,1,0,0.7609065
,2093,2,0,0.8131774
,2093,3,2,1.0
,2094,0,1,0.52291566
,2094,1,1,0.52252656
,2094,2,2,1.0
,2094,3,1,0.9757019
,2095,0,0,0.749548
,2095,1,0,0.7576024
,2095,2,0,0.8123696
,2095,3,3,1.0
,2096,0,1,0.75202817
,2096,1,1,0.50511307
,2096,2,2,1.0
,2096,3,1,0.9734605
,2097,0,3,1.0
,2097,1,1,0.52254766
,2097,2,1,0.75781167
,2097,3,1,0.54339486
,2098,0,1,0.9734242
,2098,1,1,0.51675135
,2098,2,2,1.0
,2098,3,1,0.52005136
,2099,0,0,0.7403851
,2099,1,0,0.75668
,2099,2,1,0.520625
,2099,3,2,1.0
,2100,0,0,0.76100487
,2100,1,0,0.7615932
,2100,2,3,1.0
,2100,3,1,0.5257724
,2101,0,0,0.76693046
,2101,1,0,0.7669514
,2101,2,1,0.64156467
,2101,3,3,1.0
,2102,0,1,0.5004999
,2102,1,1,0.50049895
,2102,2,2,1.0
,2102,3,1,0.97335607
,2103,0,0,0.7582074
,2103,1,0,0.7582074
,2103,2,1,0.5220548
,2103,3,2,1.0
,2104,0,0,0.7693755
,2104,1,0,0.7693755
,2104,2,3,0.99648046
,2104,3,0,0.6045019
,2105,0,1,0.5046243
,2105,1,1,0.5046243
,2105,2,1,0.973989
,2105,3,3,0.9999968
,2106,0,1,0.5164802
,2106,1,1,0.5164801
,2106,2,2,1.0
,2106,3,1,0.97370875
,2107,0,0,0.75797457
,2107,1,0,0.75797665
,2107,2,0,0.8179801
,2107,3,2,1.0
,2108,0,0,0.76855063
,2108,1,0,0.76860774
,2108,2,2,1.0
,2108,3,0,0.8183362
,2109,0,0,0.7674085
,2109,1,0,0.7690152
,2109,2,0,0.8196346
,2109,3,2,1.0
,2110,0,2,1.0
,2110,1,0,0.7690913
,2110,2,0,0.7692107
,2110,3,0,0.81945854
,2111,0,0,0.82155526
,2111,1,0,0.77123755
,2111,2,2,1.0
,2111,3,0,0.7634351
,2112,0,1,0.5198879
,2112,1,1,0.52210444
,2112,2,1,0.9757101
,2112,3,2,1.0
,2113,0,0,0.7576366
,2113,1,0,0.75755787
,2113,2,3,1.0
,2113,3,0,0.8125291
,2114,0,1,0.5004604
,2114,1,1,0.5004639
,2114,2,1,0.97332066
,2114,3,2,1.0
,2115,0,0,0.7571345
,2115,1,0,0.75713444
,2115,2,2,1.0
,2115,3,1,0.5221428
,2116,0,0,0.76623327
,2116,1,0,0.7662332
,2116,2,0,0.81151646
,2116,3,3,1.0
,2117,0,1,0.5270485
,2117,1,1,0.5270485
,2117,2,2,1.0
,2117,3,1,0.99655807
,2118,0,0,0.7560886
,2118,1,0,0.7560886
,2118,2,1,0.5221747
,2118,3,2,1.0
,2119,0,0,0.76595354
,2119,1,0,0.76595354
,2119,2,3,1.0
,2119,3,0,0.8119036
,2120,0,1,0.50014347
,2120,1,1,0.5001435
,2120,2,1,0.9733165
,2120,3,2,1.0
,2121,0,0,0.75854206
,2121,1,0,0.75854206
,2121,2,2,1.0
,2121,3,0,0.81797254
,2122,0,0,0.7687031
,2122,1,0,0.7687031
,2122,2,0,0.81833416
,2122,3,2,1.0
,2123,0,0,0.7710733
,2123,1,0,0.77107346
,2123,2,2,1.0
,2123,3,0,0.81385666
,2124,0,1,0.50019246
,2124,1,1,0.5001895
,2124,2,1,0.7474372
,2124,3,2,1.0
,2125,0,0,0.7585239
,2125,1,0,0.75858545
,2125,2,2,1.0
,2125,3,0,0.8179913
,2126,0,0,0.7670486
,2126,1,0,0.7687326
,2126,2,0,0.81974345
,2126,3,2,1.0
,2127,0,2,1.0
,2127,1,0,0.77105784
,2127,2,0,0.7727856
,2127,3,0,0.8138543
,2128,0,1,0.7456037
,2128,1,0,0.500063
,2128,2,1,0.5021514
,2128,3,2,1.0
,2129,0,0,0.749937
,2129,1,0,0.75867337
,2129,2,2,1.0
,2129,3,0,0.8180232
,2130,0,0,0.76832503
,2130,1,0,0.76863515
,2130,2,0,0.81833553
,2130,3,2,1.0
,2131,0,0,0.7690509
,2131,1,0,0.76906186
,2131,2,2,1.0
,2131,3,0,0.8183343
,2132,0,0,0.7710856
,2132,1,0,0.771086
,2132,2,0,0.81385666
,2132,3,2,0.9999995
,2133,0,1,0.5001888
,2133,1,1,0.50018877
,2133,2,2,1.0
,2133,3,1,0.74743754
,2134,0,0,0.7585925
,2134,1,0,0.7585925
,2134,2,0,0.81797487
,2134,3,2,1.0
,2135,0,0,0.76806396
,2135,1,0,0.76806396
,2135,2,2,1.0
,2135,3,1,0.52240306
,2136,0,0,0.7688702
,2136,1,0,0.7688702
,2136,2,0,0.81294286
,2136,3,3,0.99999714
,2137,0,1,0.50017226
,2137,1,1,0.5001722
,2137,2,2,1.0
,2137,3,1,0.97333056
,2138,0,0,0.7585776
,2138,1,0,0.7585776
,2138,2,0,0.81795126
,2138,3,2,1.0
,2139,0,0,0.7674705
,2139,1,0,0.7674705
,2139,2,2,1.0
,2139,3,1,0.52136236
,2140,0,0,0.7663567
,2140,1,0,0.7663567
,2140,2,0,0.81190234
,2140,3,3,1.0
,2141,0,1,0.50012565
,2141,1,1,0.50012565
,2141,2,2,1.0
,2141,3,1,0.9733166
,2142,0,0,0.7585479
,2142,1,0,0.7585479
,2142,2,0,0.81905186
,2142,3,2,1.0
,2143,0,0,0.77498245
,2143,1,0,0.77498245
,2143,2,0,0.7681847
,2143,3,2,1.0
,2144,0,0,0.5000066
,2144,1,0,0.5000066
,2144,2,2,1.0
,2144,3,1,0.7474291
,2145,0,0,0.7585909
,2145,1,0,0.7585909
,2145,2,0,0.81799006
,2145,3,2,1.0
,2146,0,0,0.76870507
,2146,1,0,0.76870507
,2146,2,2,1.0
,2146,3,0,0.8183343
,2147,0,0,0.77107346
,2147,1,0,0.77107346
,2147,2,0,0.81385666
,2147,3,2,1.0
,2148,0,1,0.50018984
,2148,1,1,0.5001899
,2148,2,2,1.0
,2148,3,1,0.74743736
,2149,0,0,0.7585839
,2149,1,0,0.7585839
,2149,2,0,0.81799006
,2149,3,2,1.0
,2150,0,0,0.7687049
,2150,1,0,0.7687049
,2150,2,2,1.0
,2150,3,0,0.8183343
,2151,0,0,0.77107346
,2151,1,0,0.77107346
,2151,2,0,0.81385666
,2151,3,2,1.0
,2152,0,1,0.50019
,2152,1,1,0.50019
,2152,2,2,1.0
,2152,3,1,0.74743736
,2153,0,0,0.75858074
,2153,1,0,0.7585812
,2153,2,0,0.8179899
,2153,3,2,1.0
,2154,0,0,0.7686179
,2154,1,0,0.76863074
,2154,2,2,1.0
,2154,3,0,0.81833476
,2155,0,0,0.76869595
,2155,1,0,0.76905876
,2155,2,0,0.81639844
,2155,3,2,1.0
,2156,0,0,0.76084405
,2156,1,0,0.7710655
,2156,2,2,0.99434596
,2156,3,0,0.8136644
,2157,0,1,0.8364693
,2157,1,1,0.510055
,2157,2,1,0.7591589
,2157,3,2,1.0
,2158,0,3,1.0
,2158,1,0,0.7545104
,2158,2,0,0.5017277
,2158,3,0,0.81852233
,2159,0,1,0.99051464
,2159,1,1,0.5224532
,2159,2,3,1.0
,2159,3,1,0.53329813
,2160,0,1,0.5724337
,2160,1,1,0.5341768
,2160,2,1,0.9904781
,2160,3,2,0.9987338
,2161,0,1,0.6173382
,2161,1,0,0.75342906
,2161,2,2,1.0
,2161,3,0,0.8102522
,2162,0,3,1.0
,2162,1,0,0.7636821
,2162,2,0,0.81878364
,2162,3,0,0.5305188
,2163,0,1,0.9988133
,2163,1,1,0.5257701
,2163,2,1,0.52335
,2163,3,3,1.0
,2164,0,3,1.0
,2164,1,1,0.5334674
,2164,2,1,0.5333619
,2164,3,1,0.9966702
,2165,0,1,0.9987987
,2165,1,1,0.53831357
,2165,2,1,0.53833556
,2165,3,3,1.0
,2166,0,3,1.0
,2166,1,1,0.53872246
,2166,2,1,0.5393264
,2166,3,1,0.99883395
,2167,0,1,0.9737384
,2167,1,1,0.5213179
,2167,2,1,0.5349994
,2167,3,3,1.0
,2168,0,1,0.56213295
,2168,1,1,0.5422763
,2168,2,2,1.0
,2168,3,1,0.99974614
,2169,0,0,0.7551358
,2169,1,0,0.75618327
,2169,2,0,0.61137635
,2169,3,3,1.0
,2170,0,1,0.5366706
,2170,1,1,0.52616715
,2170,2,3,1.0
,2170,3,1,0.9988041
,2171,0,1,0.7764637
,2171,1,1,0.53877276
,2171,2,1,0.9965489
,2171,3,3,1.0
,2172,0,3,1.0
,2172,1,1,0.52336824
,2172,2,1,0.54375124
,2172,3,1,0.9752747
,2173,0,1,0.99654216
,2173,1,1,0.5402943
,2173,2,1,0.543555
,2173,3,2,1.0
,2174,0,0,0.73953396
,2174,1,0,0.7558144
,2174,2,2,1.0
,2174,3,1,0.5220842
,2175,0,0,0.7656511
,2175,1,0,0.7662317
,2175,2,0,0.811469
,2175,3,3,1.0
,2176,0,1,0.5304555
,2176,1,1,0.5304301
,2176,2,2,1.0
,2176,3,1,0.99990344
,2177,0,0,0.7563635
,2177,1,0,0.7563644
,2177,2,0,0.60574496
,2177,3,3,0.9891911
,2178,0,1,0.512624
,2178,1,1,0.5126239
,2178,2,3,1.0
,2178,3,1,0.9731122
,2179,0,1,0.53378105
,2179,1,1,0.5337802
,2179,2,1,0.99804044
,2179,3,2,1.0
,2180,0,0,0.75641775
,2180,1,0,0.75643426
,2180,2,3,1.0
,2180,3,0,0.6098873
,2181,0,1,0.5231192
,2181,1,1,0.5226126
,2181,2,1,0.9910061
,2181,3,3,1.0
,2182,0,1,0.5546893
,2182,1,1,0.54319304
,2182,2,2,1.0
,2182,3,1,0.99954724
,2183,0,0,0.51739264
,2183,1,0,0.7571782
,2183,2,0,0.82013035
,2183,3,2,0.9999975
,2184,0,3,1.0
,2184,1,1,0.5235971
,2184,2,1,0.53135663
,2184,3,1,0.96025085
,2185,0,1,0.9741907
,2185,1,1,0.5256696
,2185,2,1,0.7636365
,2185,3,3,1.0
,2186,0,1,0.5541644
,2186,1,1,0.5344167
,2186,2,3,1.0
,2186,3,1,0.99678344
,2187,0,1,0.5218395
,2187,1,1,0.52096385
,2187,2,1,0.97510314
,2187,3,3,1.0
,2188,0,1,0.5395051
,2188,1,1,0.5394667
,2188,2,2,1.0
,2188,3,1,0.99879575
,2189,0,1,0.5185092
,2189,1,1,0.5185075
,2189,2,1,0.7491056
,2189,3,2,1.0
,2190,0,0,0.75794286
,2190,1,0,0.7579429
,2190,2,2,1.0
,2190,3,0,0.8179579
,2191,0,0,0.7674738
,2191,1,0,0.7674737
,2191,2,1,0.52053714
,2191,3,2,1.0
,2192,0,0,0.7651631
,2192,1,0,0.76516306
,2192,2,3,1.0
,2192,3,0,0.6045426
,2193,0,1,0.5121199
,2193,1,1,0.5121199
,2193,2,1,0.9754707
,2193,3,3,1.0
,2194,0,1,0.5419786
,2194,1,1,0.5419786
,2194,2,2,1.0
,2194,3,1,0.9987591
,2195,0,0,0.75912875
,2195,1,0,0.75912875
,2195,2,0,0.81345296
,2195,3,2,1.0
,2196,0,1,0.5007082
,2196,1,1,0.5007082
,2196,2,2,1.0
,2196,3,1,0.7474865
,2197,0,0,0.7572006
,2197,1,0,0.7572005
,2197,2,1,0.52131736
,2197,3,2,1.0
,2198,0,0,0.76498586
,2198,1,0,0.76498586
,2198,2,3,1.0
,2198,3,0,0.6087324
,2199,0,1,0.5221715
,2199,1,1,0.52217156
,2199,2,1,0.9966903
,2199,3,3,1.0
,2200,0,1,0.5402754
,2200,1,1,0.5402754
,2200,2,3,1.0
,2200,3,1,0.999562
,2201,0,1,0.53507763
,2201,1,1,0.5350777
,2201,2,1,0.9904748
,2201,3,2,1.0
,2202,0,0,0.7573225
,2202,1,0,0.7573225
,2202,2,2,1.0
,2202,3,0,0.8169052
,2203,0,0,0.7706877
,2203,1,0,0.7706877
,2203,2,0,0.8138027
,2203,3,2,0.9969442
,2204,0,1,0.5033178
,2204,1,1,0.5033178
,2204,2,2,1.0
,2204,3,1,0.93611294
,2205,0,0,0.75826705
,2205,1,0,0.75826705
,2205,2,0,0.81218964
,2205,3,3,1.0
,2206,0,1,0.5202725
,2206,1,1,0.5202725
,2206,2,2,1.0
,2206,3,1,0.99037313
,2207,0,0,0.757771
,2207,1,0,0.757771
,2207,2,0,0.81795126
,2207,3,2,1.0
,2208,0,0,0.7686188
,2208,1,0,0.7686188
,2208,2,2,1.0
,2208,3,0,0.81830615
,2209,0,0,0.76783556
,2209,1,0,0.76783556
,2209,2,1,0.52139455
,2209,3,2,1.0
,2210,0,0,0.76664263
,2210,1,0,0.76664263
,2210,2,3,1.0
,2210,3,0,0.8114791
,2211,0,1,0.5294995
,2211,1,1,0.5294995
,2211,2,1,0.9997464
,2211,3,2,1.0
,2212,0,0,0.75765026
,2212,1,0,0.75765026
,2212,2,3,1.0
,2212,3,0,0.81213987
,2213,0,1,0.53000623
,2213,1,1,0.53000623
,2213,2,1,0.99875623
,2213,3,2,1.0
,2214,0,0,0.7560027
,2214,1,0,0.7560027
,2214,2,2,1.0
,2214,3,1,0.5214559
,2215,0,0,0.7650387
,2215,1,0,0.7650387
,2215,2,0,0.6107381
,2215,3,3,1.0
,2216,0,1,0.5271544
,2216,1,1,0.5271543
,2216,2,3,1.0
,2216,3,1,0.99880576
,2217,0,1,0.5328767
,2217,1,1,0.5328757
,2217,2,1,0.99036974
,2217,3,2,1.0
,2218,0,0,0.5558746
,2218,1,0,0.5558955
,2218,2,0,0.52200156
,2218,3,3,1.0
,2219,0,1,0.53077465
,2219,1,1,0.5302949
,2219,2,2,1.0
,2219,3,1,0.99803925
,2220,0,0,0.7475899
,2220,1,0,0.75754505
,2220,2,0,0.82024235
,2220,3,3,1.0
,2221,0,2,1.0
,2221,1,1,0.5201933
,2221,2,1,0.51980704
,2221,3,1,0.99027884
,2222,0,1,0.52205175
,2222,1,0,0.75655663
,2222,2,2,1.0
,2222,3,0,0.73978066
,2223,0,3,1.0
,2223,1,0,0.76614785
,2223,2,0,0.8116227
,2223,3,0,0.7654767
,2224,0,1,0.9902779
,2224,1,1,0.5198144
,2224,2,2,1.0
,2224,3,1,0.52213264
,2225,0,0,0.7412116
,2225,1,0,0.7579432
,2225,2,0,0.8180141
,2225,3,2,1.0
,2226,0,0,0.7680136
,2226,1,0,0.76860744
,2226,2,2,1.0
,2226,3,0,0.8183357
,2227,0,0,0.7689574
,2227,1,0,0.7689785
,2227,2,0,0.81512064
,2227,3,2,1.0
,2228,0,0,0.7689791
,2228,1,0,0.7689799
,2228,2,2,0.99059784
,2228,3,0,0.818328
,2229,0,0,0.76899964
,2229,1,0,0.76899964
,2229,2,0,0.8141193
,2229,3,2,1.0
,2230,0,0,0.7689967
,2230,1,0,0.7689967
,2230,2,2,1.0
,2230,3,0,0.8183348
,2231,0,0,0.7689755
,2231,1,0,0.7689755
,2231,2,0,0.81833476
,2231,3,2,1.0
,2232,0,0,0.7683623
,2232,1,0,0.7683623
,2232,2,2,1.0
,2232,3,0,0.8191461
,2233,0,0,0.7573894
,2233,1,0,0.7573894
,2233,2,2,1.0
,2233,3,0,0.75925475
,2234,0,2,0.61384267
,2234,1,0,1.0
,2234,2,0,1.0
,2234,3,0,1.0
,2235,0,0,0.6449574
,2235,1,0,0.7769392
,2235,2,2,1.0
,2235,3,0,0.7769373
,2236,0,2,1.0
,2236,1,0,0.76924837
,2236,2,0,0.818323
,2236,3,0,0.76919144
,2237,0,0,0.819682
,2237,1,0,0.76903445
,2237,2,2,1.0
,2237,3,0,0.7674297
,2238,0,0,0.7707797
,2238,1,0,0.76898193
,2238,2,0,0.8183279
,2238,3,2,1.0
,2239,0,0,0.7690607
,2239,1,0,0.7689969
,2239,2,2,1.0
,2239,3,0,0.81833494
,2240,0,0,0.769
,2240,1,0,0.7689977
,2240,2,0,0.8183351
,2240,3,2,1.0
,2241,0,0,0.7689979
,2241,1,0,0.7689978
,2241,2,2,1.0
,2241,3,0,0.81833506
,2242,0,0,0.7689979
,2242,1,0,0.7689979
,2242,2,0,0.81833494
,2242,3,2,1.0
,2243,0,0,0.7690005
,2243,1,0,0.7690005
,2243,2,2,1.0
,2243,3,0,0.81833506
,2244,0,0,0.76907474
,2244,1,0,0.76907474
,2244,2,0,0.81833416
,2244,3,2,1.0
,2245,0,0,0.77108645
,2245,1,0,0.77108645
,2245,2,2,0.9999993
,2245,3,0,0.81385666
,2246,0,1,0.5001894
,2246,1,1,0.5001894
,2246,2,1,0.74743754
,2246,3,2,1.0
,2247,0,0,0.758582
,2247,1,0,0.758582
,2247,2,2,1.0
,2247,3,0,0.8179899
,2248,0,0,0.7686476
,2248,1,0,0.7686476
,2248,2,0,0.81830627
,2248,3,2,1.0
,2249,0,0,0.7678294
,2249,1,0,0.7678294
,2249,2,2,1.0
,2249,3,1,0.52136195
,2250,0,0,0.7663692
,2250,1,0,0.7663693
,2250,2,0,0.81190217
,2250,3,3,1.0
,2251,0,1,0.5001281
,2251,1,1,0.5001253
,2251,2,2,1.0
,2251,3,1,0.9733166
,2252,0,0,0.75848275
,2252,1,0,0.7585414
,2252,2,0,0.81797385
,2252,3,2,1.0
,2253,0,0,0.76704913
,2253,1,0,0.76865464
,2253,2,2,1.0
,2253,3,0,0.8196345
,2254,0,2,1.0
,2254,1,0,0.7689975
,2254,2,0,0.81962657
,2254,3,0,0.76921254
,2255,0,0,0.8196935
,2255,1,0,0.7690283
,2255,2,0,0.7691742
,2255,3,2,1.0
,2256,0,0,0.769626
,2256,1,0,0.76782244
,2256,2,2,1.0
,2256,3,1,0.5213741
,2257,0,0,0.7664399
,2257,1,0,0.7663756
,2257,2,0,0.8118884
,2257,3,3,1.0
,2258,0,1,0.50077343
,2258,1,1,0.5007763
,2258,2,2,1.0
,2258,3,1,0.9944606
,2259,0,0,0.7584709
,2259,1,0,0.7584708
,2259,2,0,0.8125933
,2259,3,3,1.0
,2260,0,1,0.50043476
,2260,1,1,0.50043464
,2260,2,2,1.0
,2260,3,1,0.9733127
,2261,0,0,0.75852704
,2261,1,0,0.7585291
,2261,2,0,0.8179727
,2261,3,2,1.0
,2262,0,0,0.76857007
,2262,1,0,0.76862705
,2262,2,2,1.0
,2262,3,0,0.8183361
,2263,0,0,0.76740783
,2263,1,0,0.76901263
,2263,2,0,0.81968033
,2263,3,2,1.0
,2264,0,2,1.0
,2264,1,0,0.7689826
,2264,2,0,0.77072424
,2264,3,0,0.8183293
,2265,0,0,0.819684
,2265,1,0,0.7690276
,2265,2,0,0.7674841
,2265,3,2,1.0
,2266,0,0,0.7708537
,2266,1,0,0.7690586
,2266,2,2,1.0
,2266,3,0,0.8183273
,2267,0,0,0.7710774
,2267,1,0,0.7710863
,2267,2,0,0.8138613
,2267,3,2,1.0
,2268,0,1,0.5022263
,2268,1,0,0.50006694
,2268,2,2,1.0
,2268,3,1,0.74560225
,2269,0,2,1.0
,2269,1,0,0.75869304
,2269,2,0,0.8179942
,2269,3,0,0.7499569
,2270,0,1,0.52136415
,2270,1,0,0.76747626
,2270,2,2,1.0
,2270,3,0,0.7671626
,2271,0,3,1.0
,2271,1,0,0.7663629
,2271,2,0,0.8119099
,2271,3,0,0.7662752
,2272,0,1,0.9730318
,2272,1,0,0.5003423
,2272,2,2,1.0
,2272,3,1,0.50206065
,2273,0,0,0.7441277
,2273,1,0,0.76085776
,2273,2,0,0.8135496
,2273,3,2,1.0
,2274,0,1,0.50137925
,2274,1,1,0.5006343
,2274,2,2,1.0
,2274,3,1,0.7474334
,2275,0,0,0.75853896
,2275,1,0,0.75856555
,2275,2,0,0.81799006
,2275,3,2,1.0
,2276,0,0,0.76862603
,2276,1,0,0.76862746
,2276,2,2,1.0
,2276,3,0,0.81833494
,2277,0,0,0.768976
,2277,1,0,0.7689874
,2277,2,0,0.8183351
,2277,3,2,1.0
,2278,0,0,0.7687518
,2278,1,0,0.76907414
,2278,2,2,1.0
,2278,3,0,0.8183343
,2279,0,0,0.7620039
,2279,1,0,0.7710848
,2279,2,0,0.8213653
,2279,3,2,0.9999999
,2280,0,2,1.0
,2280,1,1,0.50002223
,2280,2,1,0.5000732
,2280,3,1,0.7456971
,2281,0,0,0.81937486
,2281,1,0,0.75870574
,2281,2,2,1.0
,2281,3,0,0.74827784
,2282,0,0,0.7707641
,2282,1,0,0.7686106
,2282,2,0,0.8183262
,2282,3,2,1.0
,2283,0,0,0.7690602
,2283,1,0,0.7689838
,2283,2,2,1.0
,2283,3,0,0.81833494
,2284,0,0,0.769
,2284,1,0,0.76899725
,2284,2,0,0.8183351
,2284,3,2,1.0
,2285,0,0,0.76899797
,2285,1,0,0.76899743
,2285,2,2,1.0
,2285,3,0,0.81833506
,2286,0,0,0.76900035
,2286,1,0,0.7689891
,2286,2,0,0.8183351
,2286,3,2,1.0
,2287,0,0,0.76907206
,2287,1,0,0.76875234
,2287,2,2,1.0
,2287,3,0,0.81833434
,2288,0,0,0.7710138
,2288,1,0,0.76200515
,2288,2,0,0.8214234
,2288,3,2,1.0
,2289,0,1,0.5023071
,2289,1,2,1.0
,2289,2,0,0.5021468
,2289,3,1,0.7456355
,2290,0,2,1.0
,2290,1,0,0.81937456
,2290,2,0,0.757133
,2290,3,0,0.74991167
,2291,0,0,0.81967425
,2291,1,0,0.7707946
,2291,2,2,1.0
,2291,3,0,0.76672286
,2292,0,0,0.77078176
,2292,1,0,0.7690467
,2292,2,0,0.8183279
,2292,3,2,1.0
,2293,0,0,0.7691375
,2293,1,0,0.76907593
,2293,2,2,1.0
,2293,3,0,0.818264
,2294,0,0,0.7710885
,2294,1,0,0.7710863
,2294,2,0,0.8138565
,2294,3,2,0.9997946
,2295,0,1,0.50018936
,2295,1,1,0.5001894
,2295,2,2,1.0
,2295,3,1,0.7474838
,2296,0,0,0.7585811
,2296,1,0,0.7585811
,2296,2,0,0.8179899
,2296,3,2,1.0
,2297,0,0,0.7686275
,2297,1,0,0.76862764
,2297,2,2,1.0
,2297,3,0,0.8182885
,2298,0,0,0.76898396
,2298,1,0,0.76898396
,2298,2,0,0.81833476
,2298,3,2,0.9998646
,2299,0,0,0.76899743
,2299,1,0,0.76899743
,2299,2,2,1.0
,2299,3,0,0.8182744
,2300,0,0,0.7689978
,2300,1,0,0.7689977
,2300,2,0,0.81833494
,2300,3,2,1.0
,2301,0,0,0.7689978
,2301,1,0,0.7689978
,2301,2,2,1.0
,2301,3,0,0.81833506
,2302,0,0,0.7689978
,2302,1,0,0.7689978
,2302,2,0,0.81833494
,2302,3,2,1.0
,2303,0,0,0.7689978
,2303,1,0,0.7689978
,2303,2,2,1.0
,2303,3,0,0.81833506
,2304,0,0,0.7689978
,2304,1,0,0.7689978
,2304,2,0,0.81833494
,2304,3,2,1.0
,2305,0,0,0.7689978
,2305,1,0,0.7689978
,2305,2,2,1.0
,2305,3,0,0.81833506
,2306,0,0,0.7689978
,2306,1,0,0.7689978
,2306,2,0,0.81833494
,2306,3,2,1.0
,2307,0,0,0.7689978
,2307,1,0,0.7689978
,2307,2,2,1.0
,2307,3,0,0.81833506
,2308,0,0,0.7689978
,2308,1,0,0.7689978
,2308,2,0,0.8183351
,2308,3,2,1.0
,2309,0,0,0.76899827
,2309,1,0,0.7689987
,2309,2,2,1.0
,2309,3,0,0.81833494
,2310,0,0,0.76900595
,2310,1,0,0.7690175
,2310,2,0,0.81830627
,2310,3,2,1.0
,2311,0,0,0.76751524
,2311,1,0,0.76784223
,2311,2,2,1.0
,2311,3,1,0.52136266
,2312,0,0,0.7571689
,2312,1,0,0.7663687
,2312,2,0,0.81946653
,2312,3,3,1.0
,2313,0,2,1.0
,2313,1,0,0.50013727
,2313,2,0,0.5002137
,2313,3,1,0.97306055
,2314,0,0,0.81938946
,2314,1,0,0.75874543
,2314,2,2,1.0
,2314,3,0,0.740188
,2315,0,0,0.77084005
,2315,1,0,0.76868755
,2315,2,0,0.818325
,2315,3,2,1.0
,2316,0,0,0.7711485
,2316,1,0,0.77106315
,2316,2,2,1.0
,2316,3,0,0.8138565
,2317,0,1,0.50018936
,2317,1,1,0.5004903
,2317,2,1,0.74743915
,2317,3,2,1.0
,2318,0,0,0.758573
,2318,1,0,0.7524441
,2318,2,2,1.0
,2318,3,0,0.81797427
,2319,0,0,0.7682795
,2319,1,0,0.6005752
,2319,2,0,0.81929505
,2319,3,2,1.0
,2320,0,0,0.7701471
,2320,1,2,0.54774594
,2320,2,0,0.7630154
,2320,3,0,0.81271946
,2321,0,1,0.5222001
,2321,1,1,0.8509514
,2321,2,2,1.0
,2321,3,1,0.83533937
,2322,0,0,0.5085607
,2322,1,0,0.7420746
,2322,2,0,0.8184292
,2322,3,3,1.0
,2323,0,3,1.0
,2323,1,1,0.5126637
,2323,2,1,0.521954
,2323,3,1,0.9740739
,2324,0,1,0.9733974
,2324,1,1,0.51821005
,2324,2,2,1.0
,2324,3,1,0.5364443
,2325,0,0,0.74016654
,2325,1,2,1.0
,2325,2,0,0.81938195
,2325,3,0,0.75743246
,2326,0,2,1.0
,2326,1,0,0.81832683
,2326,2,0,0.7707079
,2326,3,0,0.76855505
,2327,0,0,0.8196852
,2327,1,2,1.0
,2327,2,0,0.7674803
,2327,3,0,0.7687111
,2328,0,0,0.77083224
,2328,1,0,0.8182641
,2328,2,2,1.0
,2328,3,0,0.76052594
,2329,0,0,0.76947784
,2329,1,2,1.0
,2329,2,0,0.82048273
,2329,3,0,0.52951396
,2330,0,1,0.51157117
,2330,1,1,0.7486403
,2330,2,1,0.52269334
,2330,3,3,1.0
,2331,0,1,0.53404266
,2331,1,1,0.5440543
,2331,2,2,1.0
,2331,3,1,0.99804306
,2332,0,0,0.7477804
,2332,1,0,0.7565081
,2332,2,0,0.82018936
,2332,3,3,1.0
,2333,0,2,1.0
,2333,1,1,0.51351553
,2333,2,0,0.50118554
,2333,3,1,0.9944317
,2334,0,0,0.81915414
,2334,1,0,0.5103252
,2334,2,0,0.7557027
,2334,3,3,1.0
,2335,0,1,0.5092557
,2335,1,3,1.0
,2335,2,1,0.5119627
,2335,3,1,0.9753383
,2336,0,1,0.5186646
,2336,1,1,0.9734446
,2336,2,1,0.5164986
,2336,3,2,1.0
,2337,0,2,1.0
,2337,1,0,0.7418535
,2337,2,0,0.75810224
,2337,3,0,0.8180301
,2338,0,0,0.81830704
,2338,1,0,0.7680563
,2338,2,0,0.7686185
,2338,3,2,1.0
,2339,0,2,1.0
,2339,1,0,0.76781166
,2339,2,0,0.7674278
,2339,3,1,0.5213431
,2340,0,0,0.8195973
,2340,1,0,0.76643544
,2340,2,0,0.7550606
,2340,3,3,1.0
,2341,0,0,0.50483
,2341,1,0,0.5024624
,2341,2,2,0.9913317
,2341,3,1,0.9741246
,2342,0,1,0.51620245
,2342,1,1,0.5163077
,2342,2,1,0.75092864
,2342,3,2,1.0
,2343,0,0,0.7580051
,2343,1,0,0.7580013
,2343,2,2,1.0
,2343,3,0,0.81798685
,2344,0,0,0.7686272
,2344,1,0,0.76862705
,2344,2,0,0.81830627
,2344,3,2,1.0
,2345,0,0,0.7678289
,2345,1,0,0.7678289
,2345,2,2,1.0
,2345,3,1,0.52136207
,2346,0,0,0.7663728
,2346,1,0,0.76637286
,2346,2,0,0.81190217
,2346,3,3,1.0
,2347,0,1,0.50002235
,2347,1,1,0.5000186
,2347,2,2,1.0
,2347,3,1,0.97340703
,2348,0,0,0.76059955
,2348,1,0,0.7606779
,2348,2,0,0.81348383
,2348,3,2,0.9957434
,2349,0,1,0.502691
,2349,1,1,0.50027674
,2349,2,2,1.0
,2349,3,1,0.7468479
,2350,0,2,1.0
,2350,1,0,0.76096344
,2350,2,0,0.81293166
,2350,3,0,0.7420361
,2351,0,1,0.89116406
,2351,1,1,0.5245529
,2351,2,1,0.84340775
,2351,3,2,1.0
,2352,0,0,0.7427187
,2352,1,0,0.75580746
,2352,2,3,1.0
,2352,3,0,0.60528165
,2353,0,1,0.51344925
,2353,1,1,0.51287013
,2353,2,1,0.9754196
,2353,3,3,1.0
,2354,0,1,0.5173938
,2354,1,1,0.51736885
,2354,2,2,1.0
,2354,3,1,0.9945418
,2355,0,0,0.7580453
,2355,1,0,0.7580313
,2355,2,0,0.81230235
,2355,3,3,1.0
,2356,0,1,0.52016985
,2356,1,1,0.5206283
,2356,2,2,1.0
,2356,3,1,0.990373
,2357,0,0,0.75993884
,2357,1,0,0.75046223
,2357,2,0,0.8210516
,2357,3,2,1.0
,2358,0,1,0.5039071
,2358,1,2,1.0
,2358,2,1,0.50164646
,2358,3,1,0.93594205
,2359,0,0,0.7580763
,2359,1,0,0.82008624
,2359,2,0,0.74874383
,2359,3,3,1.0
,2360,0,1,0.5004587
,2360,1,0,0.50230265
,2360,2,2,1.0
,2360,3,1,0.97332335
,2361,0,0,0.76067257
,2361,1,0,0.7607702
,2361,2,0,0.813484
,2361,3,2,1.0
,2362,0,1,0.5006416
,2362,1,1,0.50063723
,2362,2,2,1.0
,2362,3,1,0.74748653
,2363,0,0,0.7571757
,2363,1,0,0.75717574
,2363,2,1,0.5220767
,2363,3,2,1.0
,2364,0,0,0.7659993
,2364,1,0,0.7659994
,2364,2,3,1.0
,2364,3,0,0.81189007
,2365,0,1,0.50079185
,2365,1,1,0.50079185
,2365,2,1,0.99446046
,2365,3,2,1.0
,2366,0,0,0.7584779
,2366,1,0,0.7584779
,2366,2,3,1.0
,2366,3,0,0.81258005
,2367,0,1,0.5010857
,2367,1,1,0.5010857
,2367,2,1,0.99445975
,2367,3,2,1.0
,2368,0,0,0.758469
,2368,1,0,0.758469
,2368,2,3,1.0
,2368,3,0,0.8125798
,2369,0,1,0.50107056
,2369,1,1,0.50107056
,2369,2,1,0.99444485
,2369,3,2,1.0
,2370,0,0,0.7574736
,2370,1,0,0.7574736
,2370,2,3,1.0
,2370,3,0,0.6058116
,2371,0,1,0.51279867
,2371,1,1,0.51279867
,2371,2,1,0.9754198
,2371,3,3,1.0
,2372,0,1,0.51737255
,2372,1,1,0.51737255
,2372,2,2,1.0
,2372,3,1,0.9945416
,2373,0,0,0.7578739
,2373,1,0,0.7578739
,2373,2,0,0.8125894
,2373,3,3,1.0
,2374,0,1,0.5004465
,2374,1,1,0.50044656
,2374,2,2,1.0
,2374,3,1,0.9733204
,2375,0,0,0.75715065
,2375,1,0,0.75715065
,2375,2,1,0.52128893
,2375,3,2,1.0
,2376,0,0,0.76468986
,2376,1,0,0.76468986
,2376,2,3,1.0
,2376,3,0,0.6045488
,2377,0,1,0.5154512
,2377,1,1,0.5154512
,2377,2,1,0.97468007
,2377,3,3,0.9999999
,2378,0,0,0.75855803
,2378,1,0,0.75855803
,2378,2,2,1.0
,2378,3,1,0.6306318
,2379,0,0,0.7674029
,2379,1,0,0.7674029
,2379,2,1,0.5206003
,2379,3,2,1.0
,2380,0,0,0.7651523
,2380,1,0,0.7651523
,2380,2,3,1.0
,2380,3,0,0.60458046
,2381,0,1,0.51247686
,2381,1,1,0.51247686
,2381,2,1,0.9754184
,2381,3,3,1.0
,2382,0,1,0.516829
,2382,1,1,0.516829
,2382,2,2,1.0
,2382,3,1,0.9737097
,2383,0,0,0.7579593
,2383,1,0,0.7579593
,2383,2,0,0.81794053
,2383,3,2,1.0
,2384,0,0,0.76747066
,2384,1,0,0.76747066
,2384,2,2,1.0
,2384,3,1,0.5205363
,2385,0,0,0.7650639
,2385,1,0,0.7650638
,2385,2,0,0.6048098
,2385,3,3,1.0
,2386,0,1,0.5156713
,2386,1,1,0.5156713
,2386,2,3,0.9994813
,2386,3,1,0.99475014
,2387,0,0,0.75860626
,2387,1,0,0.75860626
,2387,2,1,0.6396255
,2387,3,3,1.0
,2388,0,1,0.50095934
,2388,1,1,0.50095934
,2388,2,2,1.0
,2388,3,1,0.9944497
,2389,0,0,0.7581883
,2389,1,0,0.7581883
,2389,2,0,0.8178054
,2389,3,3,0.99862134
,2390,0,0,0.76739615
,2390,1,0,0.76739615
,2390,2,2,1.0
,2390,3,1,0.8930451
,2391,0,0,0.76673913
,2391,1,0,0.76673913
,2391,2,0,0.8120634
,2391,3,3,1.0
,2392,0,1,0.5001014
,2392,1,1,0.5001014
,2392,2,2,1.0
,2392,3,1,0.973316
,2393,0,0,0.7585603
,2393,1,0,0.7585603
,2393,2,0,0.81794345
,2393,3,2,1.0
,2394,0,0,0.76747024
,2394,1,0,0.7674701
,2394,2,2,1.0
,2394,3,1,0.5213606
,2395,0,0,0.76636374
,2395,1,0,0.76636374
,2395,2,0,0.8118888
,2395,3,3,1.0
,2396,0,1,0.5007767
,2396,1,1,0.5007767
,2396,2,2,1.0
,2396,3,1,0.9944606
,2397,0,0,0.75847226
,2397,1,0,0.75847226
,2397,2,0,0.8125929
,2397,3,3,1.0
,2398,0,1,0.50042033
,2398,1,1,0.5004203
,2398,2,2,1.0
,2398,3,1,0.97332054
,2399,0,0,0.7571552
,2399,1,0,0.7571552
,2399,2,1,0.5212899
,2399,3,2,1.0
,2400,0,0,0.764789
,2400,1,0,0.76478904
,2400,2,3,1.0
,2400,3,0,0.60458267
,2401,0,1,0.5124928
,2401,1,1,0.5124928
,2401,2,1,0.9754184
,2401,3,3,1.0
,2402,0,1,0.51683104
,2402,1,1,0.51683104
,2402,2,2,1.0
,2402,3,1,0.9737097
,2403,0,0,0.7579397
,2403,1,0,0.7579397
,2403,2,0,0.8179698
,2403,3,2,1.0
,2404,0,0,0.7686248
,2404,1,0,0.7686248
,2404,2,2,1.0
,2404,3,0,0.81830615
,2405,0,0,0.7678287
,2405,1,0,0.7678287
,2405,2,1,0.521362
,2405,3,2,1.0
,2406,0,0,0.76637065
,2406,1,0,0.76637065
,2406,2,3,1.0
,2406,3,0,0.81190175
,2407,0,1,0.50011265
,2407,1,1,0.5001127
,2407,2,1,0.9733244
,2407,3,2,1.0
,2408,0,0,0.7571401
,2408,1,0,0.7571401
,2408,2,2,1.0
,2408,3,1,0.5221146
,2409,0,0,0.7659921
,2409,1,0,0.7659921
,2409,2,0,0.8119031
,2409,3,3,1.0
,2410,0,1,0.50013304
,2410,1,1,0.50013304
,2410,2,2,1.0
,2410,3,1,0.9733244
,2411,0,0,0.7570578
,2411,1,0,0.7570578
,2411,2,1,0.5221651
,2411,3,2,1.0
,2412,0,0,0.76390433
,2412,1,0,0.76390433
,2412,2,3,1.0
,2412,3,0,0.8164402
,2413,0,0,0.7692912
,2413,1,0,0.7692912
,2413,2,1,0.62962043
,2413,3,2,1.0
,2414,0,0,0.7689337
,2414,1,0,0.7689337
,2414,2,2,1.0
,2414,3,0,0.8183044
,2415,0,0,0.76899606
,2415,1,0,0.76899606
,2415,2,0,0.81833476
,2415,3,2,1.0
,2416,0,0,0.76901466
,2416,1,0,0.76901466
,2416,2,2,1.0
,2416,3,0,0.81830627
,2417,0,0,0.76776344
,2417,1,0,0.76776344
,2417,2,1,0.52141243
,2417,3,2,1.0
,2418,0,0,0.7642867
,2418,1,0,0.7642867
,2418,2,3,1.0
,2418,3,0,0.816439
,2419,0,0,0.7693248
,2419,1,0,0.7693248
,2419,2,1,0.6296685
,2419,3,2,1.0
,2420,0,0,0.7677617
,2420,1,0,0.7677617
,2420,2,2,1.0
,2420,3,1,0.52142316
,2421,0,0,0.7663749
,2421,1,0,0.7663749
,2421,2,0,0.8118884
,2421,3,3,1.0
,2422,0,1,0.50076
,2422,1,1,0.50075996
,2422,2,2,1.0
,2422,3,1,0.9944457
,2423,0,0,0.7574884
,2423,1,0,0.7574884
,2423,2,0,0.6058086
,2423,3,3,1.0
,2424,0,1,0.5126685
,2424,1,1,0.5126685
,2424,2,3,1.0
,2424,3,1,0.9754247
,2425,0,1,0.51394695
,2425,1,1,0.51394695
,2425,2,1,0.9744833
,2425,3,2,0.99957263
,2426,0,1,0.5169527
,2426,1,1,0.5169527
,2426,2,2,0.9997545
,2426,3,1,0.7490889
,2427,0,0,0.7602426
,2427,1,0,0.7602425
,2427,2,0,0.8005894
,2427,3,2,0.99999964
,2428,0,1,0.5002133
,2428,1,1,0.5002133
,2428,2,2,0.93937993
,2428,3,1,0.8965334
,2429,0,1,0.5211098
,2429,1,1,0.5211099
,2429,2,1,0.7705916
,2429,3,3,1.0
,2430,0,1,0.5176373
,2430,1,1,0.5176373
,2430,2,2,1.0
,2430,3,1,0.99453837
,2431,0,0,0.75579727
,2431,1,0,0.75579727
,2431,2,0,0.8171065
,2431,3,3,1.0
,2432,0,0,0.7710732
,2432,1,0,0.7710732
,2432,2,2,1.0
,2432,3,1,0.6366048
,2433,0,1,0.5005825
,2433,1,1,0.50058246
,2433,2,1,0.7476361
,2433,3,2,1.0
,2434,0,0,0.75718075
,2434,1,0,0.75718075
,2434,2,2,1.0
,2434,3,1,0.52209795
,2435,0,0,0.7661648
,2435,1,0,0.7661648
,2435,2,0,0.81161743
,2435,3,3,1.0
,2436,0,1,0.5199071
,2436,1,1,0.5199071
,2436,2,2,1.0
,2436,3,1,0.9903766
,2437,0,0,0.7563948
,2437,1,0,0.7563948
,2437,2,1,0.5213974
,2437,3,2,1.0
,2438,0,0,0.7649436
,2438,1,0,0.7649436
,2438,2,3,1.0
,2438,3,0,0.60871905
,2439,0,1,0.5225462
,2439,1,1,0.5225462
,2439,2,1,0.9909853
,2439,3,3,1.0
,2440,0,1,0.5174058
,2440,1,1,0.5174058
,2440,2,2,1.0
,2440,3,1,0.97372127
,2441,0,0,0.757918
,2441,1,0,0.757918
,2441,2,0,0.8179696
,2441,3,2,1.0
,2442,0,0,0.7686043
,2442,1,0,0.7686043
,2442,2,2,1.0
,2442,3,0,0.81833494
,2443,0,0,0.76898396
,2443,1,0,0.76898384
,2443,2,0,0.8183351
,2443,3,2,1.0
,2444,0,0,0.7689973
,2444,1,0,0.7689973
,2444,2,2,1.0
,2444,3,0,0.81833506
,2445,0,0,0.7689977
,2445,1,0,0.7689977
,2445,2,0,0.81833494
,2445,3,2,1.0
,2446,0,0,0.7689979
,2446,1,0,0.7689979
,2446,2,2,1.0
,2446,3,0,0.81833506
,2447,0,0,0.7690005
,2447,1,0,0.7690005
,2447,2,0,0.81833494
,2447,3,2,1.0
,2448,0,0,0.76907474
,2448,1,0,0.76907474
,2448,2,2,1.0
,2448,3,0,0.81833434
,2449,0,0,0.77108645
,2449,1,0,0.77108645
,2449,2,0,0.81385666
,2449,3,2,1.0
,2450,0,1,0.5001895
,2450,1,1,0.5001894
,2450,2,2,1.0
,2450,3,1,0.74743736
,2451,0,0,0.7585811
,2451,1,0,0.7585811
,2451,2,0,0.8179899
,2451,3,2,1.0
,2452,0,0,0.7686278
,2452,1,0,0.7686278
,2452,2,2,1.0
,2452,3,0,0.81833494
,2453,0,0,0.7689848
,2453,1,0,0.7689848
,2453,2,0,0.8183351
,2453,3,2,1.0
,2454,0,0,0.7689973
,2454,1,0,0.7689973
,2454,2,2,1.0
,2454,3,0,0.81833506
,2455,0,0,0.7689977
,2455,1,0,0.7689978
,2455,2,0,0.81833494
,2455,3,2,1.0
,2456,0,0,0.7689978
,2456,1,0,0.7689978
,2456,2,2,1.0
,2456,3,0,0.81833506
,2457,0,0,0.7689987
,2457,1,0,0.7689987
,2457,2,0,0.81833494
,2457,3,2,1.0
,2458,0,0,0.76901853
,2458,1,0,0.76901853
,2458,2,2,1.0
,2458,3,0,0.81830615
,2459,0,0,0.7678682
,2459,1,0,0.7678682
,2459,2,1,0.52053654
,2459,3,2,1.0
,2460,0,0,0.7651777
,2460,1,0,0.7651777
,2460,2,3,1.0
,2460,3,0,0.6047153
,2461,0,1,0.51259214
,2461,1,1,0.51259214
,2461,2,1,0.99118376
,2461,3,3,1.0
,2462,0,1,0.52049863
,2462,1,1,0.5204987
,2462,2,3,1.0
,2462,3,1,0.9908617
,2463,0,1,0.53335416
,2463,1,1,0.53335416
,2463,2,1,0.9909073
,2463,3,3,1.0
,2464,0,1,0.5347128
,2464,1,1,0.5347128
,2464,2,2,1.0
,2464,3,1,0.9904754
,2465,0,0,0.75586504
,2465,1,0,0.75586504
,2465,2,1,0.5213342
,2465,3,2,1.0
,2466,0,0,0.7647437
,2466,1,0,0.7647437
,2466,2,3,1.0
,2466,3,0,0.6045848
,2467,0,1,0.51248443
,2467,1,1,0.51248443
,2467,2,1,0.97542053
,2467,3,3,1.0
,2468,0,1,0.51734
,2468,1,1,0.51734084
,2468,2,2,1.0
,2468,3,1,0.99452674
,2469,0,0,0.7568923
,2469,1,0,0.75687337
,2469,2,0,0.6059379
,2469,3,3,1.0
,2470,0,1,0.5129619
,2470,1,1,0.5135418
,2470,2,3,1.0
,2470,3,1,0.9911867
,2471,0,1,0.5205557
,2471,1,1,0.5336226
,2471,2,1,0.97519237
,2471,3,3,1.0
,2472,0,1,0.52472323
,2472,1,2,1.0
,2472,2,1,0.8555648
,2472,3,1,0.97420067
,2473,0,0,0.75700897
,2473,1,0,0.81989014
,2473,2,3,1.0
,2473,3,0,0.7311545
,2474,0,1,0.5003237
,2474,1,1,0.5000304
,2474,2,1,0.9748802
,2474,3,2,1.0
,2475,0,0,0.75492465
,2475,1,2,1.0
,2475,2,1,0.63715184
,2475,3,0,0.8176612
,2476,0,0,0.7666891
,2476,1,0,0.81988597
,2476,2,3,1.0
,2476,3,0,0.75969005
,2477,0,0,0.50267535
,2477,1,0,0.50504464
,2477,2,1,0.97411674
,2477,3,2,1.0
,2478,0,1,0.5189459
,2478,1,1,0.51884073
,2478,2,2,1.0
,2478,3,1,0.93636525
,2479,0,0,0.75754225
,2479,1,0,0.757546
,2479,2,0,0.8124614
,2479,3,3,1.0
,2480,0,1,0.50113124
,2480,1,1,0.50113106
,2480,2,2,1.0
,2480,3,1,0.99445987
,2481,0,0,0.7584674
,2481,1,0,0.7584674
,2481,2,0,0.81257993
,2481,3,3,1.0
,2482,0,1,0.50107056
,2482,1,1,0.50107056
,2482,2,2,1.0
,2482,3,1,0.99444485
,2483,0,0,0.75747496
,2483,1,0,0.7574751
,2483,2,0,0.60587823
,2483,3,3,1.0
,2484,0,1,0.5129392
,2484,1,1,0.5129392
,2484,2,3,1.0
,2484,3,1,0.99119747
,2485,0,1,0.52023864
,2485,1,1,0.52023864
,2485,2,1,0.9740248
,2485,3,3,0.99788094
,2486,0,0,0.76024
,2486,1,0,0.76024014
,2486,2,2,1.0
,2486,3,1,0.63689256
,2487,0,1,0.50075984
,2487,1,1,0.50075984
,2487,2,1,0.74751097
,2487,3,2,1.0
,2488,0,0,0.7607056
,2488,1,0,0.7607056
,2488,2,2,1.0
,2488,3,0,0.81350183
,2489,0,1,0.50063926
,2489,1,1,0.50063926
,2489,2,1,0.7474862
,2489,3,2,1.0
,2490,0,0,0.75717574
,2490,1,0,0.75717574
,2490,2,2,1.0
,2490,3,1,0.5220767
,2491,0,0,0.7659993
,2491,1,0,0.7659993
,2491,2,0,0.8118901
,2491,3,3,1.0
,2492,0,1,0.5007925
,2492,1,1,0.50079244
,2492,2,2,1.0
,2492,3,1,0.9944606
,2493,0,0,0.75847024
,2493,1,0,0.75847024
,2493,2,0,0.8125933
,2493,3,3,1.0
,2494,0,1,0.5004347
,2494,1,1,0.5004347
,2494,2,2,1.0
,2494,3,1,0.9733127
,2495,0,0,0.7585291
,2495,1,0,0.7585291
,2495,2,0,0.8179727
,2495,3,2,1.0
,2496,0,0,0.76862586
,2496,1,0,0.76862586
,2496,2,2,1.0
,2496,3,0,0.8183348
,2497,0,0,0.7689847
,2497,1,0,0.7689846
,2497,2,0,0.8183351
,2497,3,2,1.0
,2498,0,0,0.76899743
,2498,1,0,0.76899534
,2498,2,2,1.0
,2498,3,0,0.8183351
,2499,0,0,0.7690017
,2499,1,0,0.76894194
,2499,2,0,0.8183363
,2499,3,2,1.0
,2500,0,0,0.7691025
,2500,1,0,0.7674202
,2500,2,2,1.0
,2500,3,0,0.81974345
,2501,0,0,0.77107227
,2501,1,2,1.0
,2501,2,0,0.81385374
,2501,3,0,0.77278423
,2502,0,0,0.5000752
,2502,1,1,0.74558413
,2502,2,2,1.0
,2502,3,1,0.5022308
,2503,0,0,0.7573292
,2503,1,0,0.7485649
,2503,2,1,0.5211871
,2503,3,2,1.0
,2504,0,0,0.76479834
,2504,1,0,0.764484
,2504,2,3,1.0
,2504,3,0,0.60458624
,2505,0,1,0.5124836
,2505,1,1,0.5125179
,2505,2,1,0.97542053
,2505,3,3,1.0
,2506,0,1,0.5173538
,2506,1,1,0.5178159
,2506,2,2,1.0
,2506,3,1,0.9945416
,2507,0,0,0.75797784
,2507,1,0,0.74843705
,2507,2,0,0.8202785
,2507,3,3,1.0
,2508,0,0,0.5025651
,2508,1,2,0.99999905
,2508,2,0,0.50535655
,2508,3,1,0.97414565
,2509,0,1,0.53543425
,2509,1,1,0.97578037
,2509,2,1,0.5349394
,2509,3,2,1.0
,2510,0,0,0.74844056
,2510,1,3,1.0
,2510,2,0,0.7561949
,2510,3,0,0.6103162
,2511,0,1,0.7625002
,2511,1,1,0.9905895
,2511,2,1,0.5240827
,2511,3,3,1.0
,2512,0,3,1.0
,2512,1,1,0.55808926
,2512,2,1,0.5374912
,2512,3,1,0.99066424
,2513,0,1,0.6285083
,2513,1,0,0.75533557
,2513,2,0,0.7576632
,2513,3,2,1.0
,2514,0,0,0.7549617
,2514,1,2,1.0
,2514,2,0,0.76692516
,2514,3,0,0.80886585
,2515,0,0,0.76534176
,2515,1,0,0.81845784
,2515,2,2,1.0
,2515,3,1,0.59864193
,2516,0,0,0.76563
,2516,1,0,0.76753235
,2516,2,0,0.60491407
,2516,3,3,1.0
,2517,0,1,0.5123317
,2517,1,1,0.51213676
,2517,2,3,1.0
,2517,3,1,0.97545356
,2518,0,1,0.5361283
,2518,1,1,0.533617
,2518,2,1,0.99103534
,2518,3,2,1.0
,2519,0,2,1.0
,2519,1,0,0.7536462
,2519,2,1,0.6362895
,2519,3,0,0.81072956
,2520,0,0,0.8186509
,2520,1,0,0.7634821
,2520,2,3,1.0
,2520,3,0,0.5243733
,2521,0,1,0.5093364
,2521,1,1,0.5117784
,2521,2,1,0.97535586
,2521,3,3,1.0
,2522,0,1,0.51719284
,2522,1,1,0.5173014
,2522,2,2,1.0
,2522,3,1,0.9945266
,2523,0,0,0.7568974
,2523,1,0,0.75689346
,2523,2,0,0.60593736
,2523,3,3,1.0
,2524,0,1,0.512965
,2524,1,1,0.51296526
,2524,2,3,1.0
,2524,3,1,0.9911882
,2525,0,1,0.5205296
,2525,1,1,0.5205296
,2525,2,1,0.97505313
,2525,3,3,1.0
,2526,0,1,0.51701397
,2526,1,1,0.51701397
,2526,2,2,1.0
,2526,3,1,0.97370374
,2527,0,0,0.76008093
,2527,1,0,0.76008093
,2527,2,0,0.8134815
,2527,3,2,1.0
,2528,0,1,0.500672
,2528,1,1,0.500672
,2528,2,2,1.0
,2528,3,1,0.74748635
,2529,0,0,0.75708264
,2529,1,0,0.75708264
,2529,2,1,0.52280366
,2529,3,2,1.0
,2530,0,0,0.76516014
,2530,1,0,0.76516014
,2530,2,3,1.0
,2530,3,0,0.81119245
,2531,0,0,0.7705764
,2531,1,0,0.7705764
,2531,2,3,1.0
,2531,3,0,0.53372425
,2532,0,1,0.5114755
,2532,1,1,0.5114755
,2532,2,1,0.97535425
,2532,3,3,1.0
,2533,0,1,0.5166663
,2533,1,1,0.51666623
,2533,2,2,1.0
,2533,3,1,0.97370875
,2534,0,0,0.7600918
,2534,1,0,0.7600918
,2534,2,0,0.8134817
,2534,3,2,1.0
,2535,0,1,0.50067925
,2535,1,1,0.50067925
,2535,2,2,1.0
,2535,3,1,0.7474374
,2536,0,0,0.7585638
,2536,1,0,0.7585638
,2536,2,0,0.81799006
,2536,3,2,1.0
,2537,0,0,0.7686272
,2537,1,0,0.7686272
,2537,2,2,1.0
,2537,3,0,0.81833494
,2538,0,0,0.7689847
,2538,1,0,0.7689847
,2538,2,0,0.8183351
,2538,3,2,1.0
,2539,0,0,0.7689973
,2539,1,0,0.7689973
,2539,2,2,1.0
,2539,3,0,0.81833506
,2540,0,0,0.7689978
,2540,1,0,0.7689978
,2540,2,0,0.8183351
,2540,3,2,1.0
,2541,0,0,0.7689978
,2541,1,0,0.7689978
,2541,2,2,1.0
,2541,3,0,0.81833506
,2542,0,0,0.7689977
,2542,1,0,0.7689978
,2542,2,0,0.8183351
,2542,3,2,1.0
,2543,0,0,0.76899576
,2543,1,0,0.7689978
,2543,2,2,1.0
,2543,3,0,0.8183351
,2544,0,0,0.76894206
,2544,1,0,0.7689989
,2544,2,0,0.8183363
,2544,3,2,1.0
,2545,0,0,0.7674211
,2545,1,0,0.76902384
,2545,2,2,1.0
,2545,3,0,0.819682
,2546,0,2,1.0
,2546,1,0,0.7689259
,2546,2,0,0.8183293
,2546,3,0,0.7707809
,2547,0,0,0.8196819
,2547,1,0,0.7674202
,2547,2,2,1.0
,2547,3,0,0.7690867
,2548,0,0,0.7707809
,2548,1,2,1.0
,2548,2,0,0.8183293
,2548,3,0,0.76892823
,2549,0,0,0.76908875
,2549,1,0,0.819682
,2549,2,2,1.0
,2549,3,0,0.7674202
,2550,0,0,0.76898396
,2550,1,0,0.7707797
,2550,2,0,0.8183279
,2550,3,2,1.0
,2551,0,0,0.76899695
,2551,1,0,0.7690607
,2551,2,2,1.0
,2551,3,0,0.81833494
,2552,0,0,0.7689977
,2552,1,0,0.769
,2552,2,0,0.8183351
,2552,3,2,1.0
,2553,0,0,0.7689979
,2553,1,0,0.76899797
,2553,2,2,1.0
,2553,3,0,0.81833506
,2554,0,0,0.76900053
,2554,1,0,0.76900053
,2554,2,0,0.8183351
,2554,3,2,1.0
,2555,0,0,0.7690757
,2555,1,0,0.7690757
,2555,2,2,1.0
,2555,3,0,0.81833416
,2556,0,0,0.7711061
,2556,1,0,0.7711061
,2556,2,0,0.8138045
,2556,3,2,1.0
,2557,0,1,0.50330347
,2557,1,1,0.50330347
,2557,2,2,1.0
,2557,3,1,0.93545496
,2558,0,0,0.7581022
,2558,1,0,0.75810224
,2558,2,0,0.8124792
,2558,3,3,0.99745953
,2559,0,1,0.5004564
,2559,1,1,0.50045645
,2559,2,2,1.0
,2559,3,1,0.9727391
,2560,0,0,0.7585285
,2560,1,0,0.7585285
,2560,2,0,0.8179727
,2560,3,2,1.0
,2561,0,0,0.76862854
,2561,1,0,0.76862854
,2561,2,2,1.0
,2561,3,0,0.81833494
,2562,0,0,0.7690615
,2562,1,0,0.7690616
,2562,2,0,0.81833124
,2562,3,2,1.0
,2563,0,0,0.771086
,2563,1,0,0.771086
,2563,2,2,0.99999094
,2563,3,0,0.81385666
,2564,0,1,0.50018936
,2564,1,1,0.50018936
,2564,2,1,0.7474393
,2564,3,2,1.0
,2565,0,0,0.7585835
,2565,1,0,0.7585835
,2565,2,2,1.0
,2565,3,0,0.8179899
,2566,0,0,0.7686928
,2566,1,0,0.7686928
,2566,2,0,0.81833416
,2566,3,2,1.0
,2567,0,0,0.77073425
,2567,1,0,0.7707342
,2567,2,2,1.0
,2567,3,0,0.8146548
,2568,0,0,0.5531417
,2568,1,0,0.553139
,2568,2,1,0.5568411
,2568,3,2,1.0
,2569,0,0,0.76065195
,2569,1,0,0.7605936
,2569,2,2,1.0
,2569,3,0,0.8180607
,2570,0,0,0.7687298
,2570,1,0,0.76712465
,2570,2,0,0.8196346
,2570,3,2,1.0
,2571,0,0,0.7689993
,2571,1,2,1.0
,2571,2,0,0.7692127
,2571,3,0,0.8196276
,2572,0,0,0.769009
,2572,1,0,0.81967527
,2572,2,2,1.0
,2572,3,0,0.76921135
,2573,0,0,0.7689842
,2573,1,0,0.7707827
,2573,2,0,0.81832814
,2573,3,2,1.0
,2574,0,0,0.7690789
,2574,1,0,0.76914275
,2574,2,2,1.0
,2574,3,0,0.8183346
,2575,0,0,0.77124673
,2575,1,0,0.77124906
,2575,2,0,0.8135496
,2575,3,2,1.0
,2576,0,1,0.5210927
,2576,1,1,0.52109265
,2576,2,2,1.0
,2576,3,1,0.89060533
,2577,0,0,0.7577573
,2577,1,0,0.7577568
,2577,2,0,0.8179575
,2577,3,2,1.0
,2578,0,0,0.76861817
,2578,1,0,0.7686059
,2578,2,2,1.0
,2578,3,0,0.81830615
,2579,0,0,0.7678282
,2579,1,0,0.76748306
,2579,2,1,0.52136
,2579,3,2,1.0
,2580,0,0,0.7663665
,2580,1,0,0.75665426
,2580,2,3,1.0
,2580,3,0,0.8195273
,2581,0,1,0.5002309
,2581,1,2,0.9978856
,2581,2,1,0.97332627
,2581,3,0,0.5021357
,2582,0,0,0.7585386
,2582,1,0,0.81702274
,2582,2,2,1.0
,2582,3,0,0.75861096
,2583,0,0,0.76870304
,2583,1,2,1.0
,2583,2,0,0.81833416
,2583,3,0,0.768383
,2584,0,0,0.77107364
,2584,1,0,0.8214272
,2584,2,2,1.0
,2584,3,0,0.761984
,2585,0,1,0.5002697
,2585,1,0,0.5019722
,2585,2,1,0.7475204
,2585,3,2,1.0
,2586,0,0,0.757188
,2586,1,0,0.75726813
,2586,2,2,1.0
,2586,3,1,0.52207726
,2587,0,0,0.76599973
,2587,1,0,0.7660026
,2587,2,0,0.8118901
,2587,3,3,1.0
,2588,0,1,0.5007918
,2588,1,1,0.5007917
,2588,2,2,1.0
,2588,3,1,0.9944606
,2589,0,0,0.7584779
,2589,1,0,0.7584779
,2589,2,0,0.8125801
,2589,3,3,1.0
,2590,0,1,0.5010862
,2590,1,1,0.50108624
,2590,2,2,1.0
,2590,3,1,0.99445975
,2591,0,0,0.7584614
,2591,1,0,0.7584614
,2591,2,0,0.8125931
,2591,3,3,1.0
,2592,0,1,0.5004222
,2592,1,1,0.5004222
,2592,2,2,1.0
,2592,3,1,0.97332054
,2593,0,0,0.7571297
,2593,1,0,0.7571297
,2593,2,1,0.52211255
,2593,3,2,1.0
,2594,0,0,0.76599747
,2594,1,0,0.76599693
,2594,2,3,1.0
,2594,3,0,0.81189007
,2595,0,1,0.5007921
,2595,1,1,0.5008109
,2595,2,1,0.99446046
,2595,3,2,1.0
,2596,0,0,0.7584784
,2596,1,0,0.75809103
,2596,2,3,1.0
,2596,3,0,0.81256974
,2597,0,1,0.50145113
,2597,1,1,0.513329
,2597,2,1,0.9944294
,2597,3,2,0.999992
,2598,0,0,0.75561213
,2598,1,0,0.51046664
,2598,2,3,1.0
,2598,3,0,0.818784
,2599,0,1,0.51221025
,2599,1,3,1.0
,2599,2,1,0.97538584
,2599,3,1,0.5235986
,2600,0,1,0.52547324
,2600,1,1,0.9742136
,2600,2,2,1.0
,2600,3,1,0.84537923
,2601,0,0,0.7474951
,2601,1,0,0.74107504
,2601,2,0,0.82001144
,2601,3,3,1.0
,2602,0,2,1.0
,2602,1,0,0.5019598
,2602,2,0,0.5049119
,2602,3,1,0.97414196
,2603,0,1,0.88919693
,2603,1,1,0.5313574
,2603,2,1,0.54396075
,2603,3,2,1.0
,2604,0,1,0.5333266
,2604,1,1,0.5174188
,2604,2,2,1.0
,2604,3,1,0.7488761
,2605,0,0,0.759553
,2605,1,0,0.7601153
,2605,2,0,0.8135009
,2605,3,2,1.0
,2606,0,1,0.50059
,2606,1,1,0.50056493
,2606,2,2,1.0
,2606,3,1,0.7474368
,2607,0,0,0.76071435
,2607,1,0,0.76071525
,2607,2,0,0.8135026
,2607,3,2,1.0
,2608,0,1,0.50053793
,2608,1,1,0.50053793
,2608,2,2,1.0
,2608,3,1,0.7474374
,2609,0,0,0.76073176
,2609,1,0,0.76073176
,2609,2,0,0.8134497
,2609,3,2,0.99999976
,2610,0,1,0.5037704
,2610,1,1,0.5037704
,2610,2,2,1.0
,2610,3,1,0.93593013
,2611,0,0,0.7580877
,2611,1,0,0.7580877
,2611,2,0,0.8124637
,2611,3,3,1.0
,2612,0,1,0.5011076
,2612,1,1,0.5011075
,2612,2,2,1.0
,2612,3,1,0.99445987
,2613,0,0,0.75846815
,2613,1,0,0.75846815
,2613,2,0,0.81257993
,2613,3,3,1.0
,2614,0,1,0.5010707
,2614,1,1,0.5010707
,2614,2,2,1.0
,2614,3,1,0.99444485
,2615,0,0,0.7574732
,2615,1,0,0.7574732
,2615,2,0,0.6058096
,2615,3,3,1.0
,2616,0,1,0.5128074
,2616,1,1,0.51280737
,2616,2,3,1.0
,2616,3,1,0.97541773
,2617,0,1,0.5168446
,2617,1,1,0.5168446
,2617,2,1,0.9737097
,2617,3,2,1.0
,2618,0,0,0.75793827
,2618,1,0,0.75793815
,2618,2,2,1.0
,2618,3,0,0.8179698
,2619,0,0,0.768605
,2619,1,0,0.768605
,2619,2,0,0.81833494
,2619,3,2,1.0
,2620,0,0,0.76898396
,2620,1,0,0.76898384
,2620,2,2,1.0
,2620,3,0,0.8183351
,2621,0,0,0.7689966
,2621,1,0,0.7689966
,2621,2,0,0.81833494
,2621,3,2,1.0
,2622,0,0,0.76897764
,2622,1,0,0.76897764
,2622,2,2,1.0
,2622,3,0,0.8183348
,2623,0,0,0.7684269
,2623,1,0,0.7684269
,2623,2,0,0.8183268
,2623,3,2,1.0
,2624,0,0,0.752738
,2624,1,0,0.752738
,2624,2,2,1.0
,2624,3,0,0.8061944
,2625,0,0,1.0
,2625,1,0,1.0
,2625,2,0,1.0
,2625,3,2,0.6018059
,2626,0,1,0.5079296
,2626,1,1,0.52151763
,2626,2,2,0.9999993
,2626,3,1,0.92902744
,2627,0,1,0.5316823
,2627,1,2,0.9999827
,2627,2,1,0.89410824
,2627,3,1,0.5502444
,2628,0,1,0.517878
,2628,1,1,0.7490468
,2628,2,2,1.0
,2628,3,1,0.51870394
,2629,0,0,0.76020306
,2629,1,2,1.0
,2629,2,0,0.81349796
,2629,3,0,0.7601554
,2630,0,0,0.5025369
,2630,1,1,0.7534438
,2630,2,2,1.0
,2630,3,0,0.5019648
,2631,0,1,0.5311443
,2631,1,2,1.0
,2631,2,1,0.8893694
,2631,3,1,0.5440443
,2632,0,1,0.514791
,2632,1,1,0.754637
,2632,2,1,0.5450166
,2632,3,2,1.0
,2633,0,1,0.51921344
,2633,1,2,1.0
,2633,2,1,0.8428495
,2633,3,1,0.7480007
,2634,0,0,0.75916857
,2634,1,0,0.81403375
,2634,2,3,0.99823844
,2634,3,0,0.75106204
,2635,0,0,0.55528283
,2635,1,2,1.0
,2635,2,1,0.93558776
,2635,3,0,0.55491865
,2636,0,1,0.5102812
,2636,1,1,0.7543396
,2636,2,2,1.0
,2636,3,1,0.51029736
,2637,0,1,0.5167348
,2637,1,2,1.0
,2637,2,1,0.7489277
,2637,3,1,0.5167355
,2638,0,0,0.7579138
,2638,1,0,0.8192662
,2638,2,2,1.0
,2638,3,0,0.75791377
,2639,0,0,0.7728033
,2639,1,0,0.77489966
,2639,2,2,1.0
,2639,3,0,0.7728033
,2640,0,0,0.77347714
,2640,1,0,0.7718907
,2640,2,2,1.0
,2640,3,0,0.77347714
,2641,0,0,0.7713446
,2641,1,2,1.0
,2641,2,0,0.8138557
,2641,3,0,0.7713446
,2642,0,0,0.5026179
,2642,1,1,0.75314254
,2642,2,2,1.0
,2642,3,0,0.5026179
,2643,0,1,0.5161278
,2643,1,2,1.0
,2643,2,1,0.7489177
,2643,3,1,0.5161278
,2644,0,0,0.7580908
,2644,1,0,0.8179867
,2644,2,2,1.0
,2644,3,0,0.75809085
,2645,0,0,0.77080035
,2645,1,2,1.0
,2645,2,0,0.8138534
,2645,3,0,0.77080035
,2646,0,0,0.5027339
,2646,1,1,0.75314486
,2646,2,2,0.99999976
,2646,3,0,0.5027339
,2647,0,1,0.5133042
,2647,1,2,1.0
,2647,2,1,0.75459003
,2647,3,1,0.5133042
,2648,0,1,0.5168713
,2648,1,1,0.7489295
,2648,2,2,1.0
,2648,3,1,0.5168713
,2649,0,0,0.75798136
,2649,1,2,1.0
,2649,2,0,0.8179873
,2649,3,0,0.75798124
,2650,0,0,0.7686067
,2650,1,0,0.81833506
,2650,2,2,1.0
,2650,3,0,0.7686045
,2651,0,0,0.7689881
,2651,1,2,1.0
,2651,2,0,0.8183363
,2651,3,0,0.7689252
,2652,0,0,0.7691066
,2652,1,0,0.81974757
,2652,2,2,1.0
,2652,3,0,0.76733464
,2653,0,0,0.7712314
,2653,1,0,0.7729461
,2653,2,0,0.813544
,2653,3,2,0.99976826
,2654,0,1,0.52102715
,2654,1,1,0.5232408
,2654,2,2,1.0
,2654,3,1,0.8896958
,2655,0,0,0.75788647
,2655,1,2,1.0
,2655,2,0,0.8180074
,2655,3,0,0.74476075
,2656,0,0,0.76868343
,2656,1,0,0.8183323
,2656,2,2,1.0
,2656,3,0,0.7678534
,2657,0,0,0.771064
,2657,1,2,1.0
,2657,2,0,0.8136722
,2657,3,0,0.7607943
,2658,0,1,0.5100199
,2658,1,1,0.7496309
,2658,2,2,1.0
,2658,3,1,0.83742386
,2659,0,0,0.7576851
,2659,1,0,0.7388791
,2659,2,0,0.8201168
,2659,3,3,1.0
,2660,0,1,0.51715446
,2660,1,2,1.0
,2660,2,1,0.51441985
,2660,3,1,0.99067557
,2661,0,1,0.5351012
,2661,1,1,0.89128643
,2661,2,1,0.5354632
,2661,3,2,1.0
,2662,0,0,0.75967693
,2662,1,2,1.0
,2662,2,0,0.7496393
,2662,3,0,0.821261
,2663,0,1,0.51855636
,2663,1,1,0.89355284
,2663,2,2,1.0
,2663,3,1,0.51583993
,2664,0,1,0.514595
,2664,1,2,1.0
,2664,2,1,0.75478005
,2664,3,1,0.51447415
,2665,0,1,0.5195927
,2665,1,1,0.93635166
,2665,2,2,1.0
,2665,3,1,0.5195873
,2666,0,0,0.7575123
,2666,1,3,1.0
,2666,2,0,0.81247497
,2666,3,0,0.7575125
,2667,0,1,0.5004797
,2667,1,1,0.97331303
,2667,2,2,1.0
,2667,3,1,0.50047904
,2668,0,0,0.7585617
,2668,1,2,1.0
,2668,2,0,0.81797993
,2668,3,0,0.75857615
,2669,0,0,0.7699708
,2669,1,0,0.82098174
,2669,2,2,1.0
,2669,3,0,0.7703673
,2670,0,0,0.6214857
,2670,1,0,0.6356279
,2670,2,2,1.0
,2670,3,0,0.6334209
,2671,0,2,1.0
,2671,1,1,0.50832325
,2671,2,1,0.74821526
,2671,3,1,0.5084185
,2672,0,0,0.81798947
,2672,1,0,0.75823003
,2672,2,2,1.0
,2672,3,0,0.7582855
,2673,0,2,1.0
,2673,1,0,0.7670365
,2673,2,0,0.81943923
,2673,3,0,0.7686492
,2674,0,0,0.8182664
,2674,1,2,1.0
,2674,2,0,0.76253587
,2674,3,0,0.76902056
,2675,0,2,0.9999993
,2675,1,0,0.8208497
,2675,2,0,0.5343937
,2675,3,0,0.76948035
,2676,0,1,0.89280564
,2676,1,1,0.5235884
,2676,2,3,1.0
,2676,3,1,0.5258295
,2677,0,2,1.0
,2677,1,0,0.7579704
,2677,2,1,0.63059556
,2677,3,0,0.7582421
,2678,0,0,0.8215216
,2678,1,0,0.7611699
,2678,2,2,0.99999976
,2678,3,0,0.77078694
,2679,0,1,0.51892006
,2679,1,2,1.0
,2679,2,1,0.8906201
,2679,3,1,0.52114016
,2680,0,0,0.75758
,2680,1,0,0.8179566
,2680,2,2,1.0
,2680,3,0,0.7578338
,2681,0,0,0.7615925
,2681,1,2,0.9999999
,2681,2,0,0.8214199
,2681,3,0,0.77069294
,2682,0,2,1.0
,2682,1,1,0.74759287
,2682,2,0,0.50170773
,2682,3,1,0.50017947
,2683,0,0,0.61227214
,2683,1,2,0.9995234
,2683,2,0,0.75257075
,2683,3,0,0.7601517
,2684,0,3,1.0
,2684,1,1,0.8915834
,2684,2,1,0.76276094
,2684,3,1,0.5243328
,2685,0,1,0.99046856
,2685,1,1,0.56335765
,2685,2,3,1.0
,2685,3,1,0.5345247
,2686,0,1,0.5383335
,2686,1,2,1.0
,2686,2,1,0.99453425
,2686,3,1,0.5179883
,2687,0,0,0.75338006
,2687,1,0,0.8184549
,2687,2,3,1.0
,2687,3,0,0.75575584
,2688,0,2,1.0
,2688,1,0,0.77121365
,2688,2,1,0.6296338
,2688,3,0,0.7689908
,2689,0,0,0.8183044
,2689,1,0,0.7689997
,2689,2,2,1.0
,2689,3,0,0.7689228
,2690,0,2,1.0
,2690,1,0,0.7689419
,2690,2,0,0.8183361
,2690,3,0,0.76899606
,2691,0,0,0.8196346
,2691,1,0,0.7674224
,2691,2,2,1.0
,2691,3,0,0.76902604
,2692,0,0,0.76921135
,2692,1,2,1.0
,2692,2,0,0.819675
,2692,3,0,0.76900953
,2693,0,2,1.0
,2693,1,0,0.81832814
,2693,2,0,0.7707794
,2693,3,0,0.76898146
,2694,0,0,0.81833494
,2694,1,2,1.0
,2694,2,0,0.7690519
,2694,3,0,0.7689997
,2695,0,2,1.0
,2695,1,0,0.81833404
,2695,2,0,0.76875234
,2695,3,0,0.76907563
,2696,0,0,0.8214456
,2696,1,2,1.0
,2696,2,0,0.76193124
,2696,3,0,0.7711047
,2697,0,1,0.501146
,2697,1,1,0.9359443
,2697,2,2,1.0
,2697,3,1,0.5033882
,2698,0,0,0.7583492
,2698,1,3,1.0
,2698,2,0,0.81219274
,2698,3,0,0.7581918
,2699,0,1,0.52003646
,2699,1,1,0.9902904
,2699,2,2,1.0
,2699,3,1,0.52244097
,2700,0,0,0.76008236
,2700,1,0,0.7336618
,2700,2,0,0.82104635
,2700,3,2,1.0
,2701,0,1,0.50054485
,2701,1,2,1.0
,2701,2,1,0.5001197
,2701,3,1,0.74570906
,2702,0,0,0.7586777
,2702,1,0,0.8193773
,2702,2,2,1.0
,2702,3,0,0.7482773
,2703,0,0,0.7683506
,2703,1,0,0.77084553
,2703,2,0,0.8183256
,2703,3,2,0.99999964
,2704,0,0,0.7616248
,2704,1,0,0.771306
,2704,2,2,1.0
,2704,3,0,0.82149255
,2705,0,2,1.0
,2705,1,1,0.5210491
,2705,2,1,0.88974565
,2705,3,1,0.5211298
,2706,0,0,0.8194263
,2706,1,0,0.7580014
,2706,2,0,0.7415776
,2706,3,2,0.9999993
,2707,0,0,0.7729862
,2707,1,0,0.7708197
,2707,2,2,0.99595535
,2707,3,0,0.8135388
,2708,0,1,0.5213872
,2708,1,1,0.5214973
,2708,2,1,0.8921896
,2708,3,2,1.0
,2709,0,0,0.7500075
,2709,1,0,0.74970144
,2709,2,2,0.98612064
,2709,3,0,0.8211688
,2710,0,2,1.0
,2710,1,1,0.84522384
,2710,2,1,0.8925479
,2710,3,1,0.52191556
,2711,0,0,0.8120158
,2711,1,3,1.0
,2711,2,0,0.7439043
,2711,3,0,0.75717616
,2712,0,2,1.0
,2712,1,1,0.9902768
,2712,2,1,0.5231312
,2712,3,1,0.52016824
,2713,0,1,0.5220323
,2713,1,0,0.7394244
,2713,2,2,1.0
,2713,3,0,0.75655186
,2714,0,3,1.0
,2714,1,0,0.7561475
,2714,2,0,0.8194693
,2714,3,0,0.76597637
,2715,0,1,0.9730404
,2715,1,2,1.0
,2715,2,0,0.50021166
,2715,3,0,0.500235
,2716,0,0,0.7442274
,2716,1,0,0.8132448
,2716,2,2,1.0
,2716,3,0,0.76102304
,2717,0,1,0.5245018
,2717,1,2,1.0
,2717,2,1,0.88967144
,2717,3,1,0.52147317
,2718,0,2,1.0
,2718,1,0,0.8180088
,2718,2,0,0.74471295
,2718,3,0,0.7578691
,2719,0,0,0.81968266
,2719,1,2,1.0
,2719,2,0,0.76655865
,2719,3,0,0.7686324
,2720,0,0,0.7707777
,2720,1,0,0.818328
,2720,2,2,1.0
,2720,3,0,0.76896775
,2721,0,0,0.76900494
,2721,1,2,1.0
,2721,2,0,0.8183361
,2721,3,0,0.76900035
,2722,0,0,0.7674224
,2722,1,0,0.8194775
,2722,2,2,1.0
,2722,3,0,0.76910233
,2723,0,2,1.0
,2723,1,0,0.763823
,2723,2,0,0.8213582
,2723,3,0,0.7710689
,2724,0,1,0.7456462
,2724,1,2,1.0
,2724,2,1,0.5000782
,2724,3,1,0.5000219
,2725,0,0,0.7496767
,2725,1,0,0.8180226
,2725,2,2,0.99999976
,2725,3,0,0.7587495
,2726,0,0,0.7613142
,2726,1,2,1.0
,2726,2,0,0.8213655
,2726,3,0,0.7707216
,2727,0,2,1.0
,2727,1,1,0.7456972
,2727,2,1,0.5000737
,2727,3,1,0.5000386
,2728,0,0,0.8193772
,2728,1,0,0.74827796
,2728,2,2,1.0
,2728,3,0,0.7587082
,2729,0,0,0.770844
,2729,1,2,1.0
,2729,2,0,0.81831914
,2729,3,0,0.768691
,2730,0,0,0.77124226
,2730,1,0,0.81385356
,2730,2,2,0.9999819
,2730,3,0,0.7711697
,2731,0,0,0.50252694
,2731,1,2,1.0
,2731,2,1,0.753136
,2731,3,0,0.5026305
,2732,0,1,0.5182091
,2732,1,1,0.74736625
,2732,2,2,1.0
,2732,3,1,0.51580715
,2733,0,2,1.0
,2733,1,0,0.7424799
,2733,2,0,0.82110935
,2733,3,0,0.76024306
,2734,0,1,0.74747497
,2734,1,2,1.0
,2734,2,0,0.5018529
,2734,3,1,0.5007767
,2735,0,2,1.0
,2735,1,0,0.8192937
,2735,2,0,0.75703824
,2735,3,0,0.7585977
,2736,0,0,0.8197373
,2736,1,0,0.76919466
,2736,2,2,1.0
,2736,3,0,0.76871246
,2737,0,0,0.7728599
,2737,1,2,1.0
,2737,2,0,0.8138497
,2737,3,0,0.7710599
,2738,0,1,0.5000126
,2738,1,1,0.74743813
,2738,2,2,1.0
,2738,3,1,0.5000927
,2739,0,0,0.76048696
,2739,1,2,1.0
,2739,2,0,0.8142988
,2739,3,0,0.76048416
,2740,0,0,0.55562186
,2740,1,1,0.56417394
,2740,2,2,1.0
,2740,3,0,0.5556218
,2741,0,1,0.5096538
,2741,1,2,0.99998105
,2741,2,1,0.75469744
,2741,3,1,0.5096528
,2742,0,1,0.53712696
,2742,1,1,0.95914114
,2742,2,2,0.9999988
,2742,3,1,0.53710526
,2743,0,1,0.5391956
,2743,1,2,1.0
,2743,2,1,0.9851508
,2743,3,1,0.53870195
,2744,0,1,0.5333686
,2744,1,1,0.75734794
,2744,2,3,1.0
,2744,3,1,0.5221864
,2745,0,1,0.7734037
,2745,1,2,0.9999987
,2745,2,1,0.9737921
,2745,3,1,0.52113414
,2746,0,3,1.0
,2746,1,1,0.5563903
,2746,2,1,0.5108706
,2746,3,0,0.5094078
,2747,0,1,0.9904534
,2747,1,2,1.0
,2747,2,1,0.5334512
,2747,3,1,0.53254014
,2748,0,2,1.0
,2748,1,0,0.8179511
,2748,2,0,0.7570339
,2748,3,0,0.7574224
,2749,0,0,0.8216395
,2749,1,2,1.0
,2749,2,0,0.761212
,2749,3,0,0.7709376
,2750,0,1,0.51560503
,2750,1,1,0.8937034
,2750,2,2,1.0
,2750,3,1,0.5178417
,2751,0,1,0.5319824
,2751,1,2,1.0
,2751,2,1,0.8943419
,2751,3,1,0.532081
,2752,0,1,0.5357427
,2752,1,1,0.8912776
,2752,2,2,1.0
,2752,3,1,0.535747
,2753,0,0,0.75948775
,2753,1,2,1.0
,2753,2,0,0.8134662
,2753,3,0,0.75948757
,2754,0,0,0.5020947
,2754,1,1,0.75314236
,2754,2,2,1.0
,2754,3,0,0.5020945
,2755,0,1,0.5160432
,2755,1,2,1.0
,2755,2,1,0.74891734
,2755,3,1,0.51604676
,2756,0,0,0.76015896
,2756,1,0,0.81350493
,2756,2,2,1.0
,2756,3,0,0.76008445
,2757,0,1,0.5004161
,2757,1,2,1.0
,2757,2,1,0.74566257
,2757,3,1,0.5027088
,2758,0,0,0.75869197
,2758,1,0,0.8193273
,2758,2,0,0.74828035
,2758,3,2,1.0
,2759,0,0,0.76863796
,2759,1,0,0.76919556
,2759,2,2,1.0
,2759,3,0,0.8196731
,2760,0,0,0.7689683
,2760,1,2,1.0
,2760,2,0,0.81832814
,2760,3,0,0.7707797
,2761,0,0,0.7689964
,2761,1,0,0.81833494
,2761,2,2,1.0
,2761,3,0,0.7690607
,2762,0,0,0.7689977
,2762,1,2,1.0
,2762,2,0,0.81833494
,2762,3,0,0.769
,2763,0,0,0.7689978
,2763,1,0,0.81833506
,2763,2,2,1.0
,2763,3,0,0.7689979
,2764,0,0,0.7689978
,2764,1,2,1.0
,2764,2,0,0.81833494
,2764,3,0,0.7689978
,2765,0,0,0.76899743
,2765,1,0,0.8181403
,2765,2,2,1.0
,2765,3,0,0.7689978
,2766,0,0,0.7689888
,2766,1,2,0.99943036
,2766,2,0,0.81833494
,2766,3,0,0.7690003
,2767,0,0,0.76875216
,2767,1,0,0.8180788
,2767,2,2,1.0
,2767,3,0,0.76907474
,2768,0,0,0.7619978
,2768,1,2,1.0
,2768,2,0,0.821426
,2768,3,0,0.7710853
,2769,0,2,1.0
,2769,1,1,0.7474716
,2769,2,0,0.50195956
,2769,3,1,0.5002818
,2770,0,0,0.8179897
,2770,1,2,1.0
,2770,2,0,0.7586568
,2770,3,0,0.7585772
,2771,0,2,1.0
,2771,1,0,0.81833017
,2771,2,0,0.7686284
,2771,3,0,0.7686277
,2772,0,0,0.8183363
,2772,1,2,0.9999858
,2772,2,0,0.76892906
,2772,3,0,0.768986
,2773,0,2,1.0
,2773,1,0,0.81962824
,2773,2,0,0.7674219
,2773,3,0,0.7690257
,2774,0,0,0.819675
,2774,1,0,0.76921105
,2774,2,2,1.0
,2774,3,0,0.7690096
,2775,0,0,0.7707824
,2775,1,2,1.0
,2775,2,0,0.81832814
,2775,3,0,0.76898414
,2776,0,0,0.76913506
,2776,1,0,0.8183343
,2776,2,2,1.0
,2776,3,0,0.7690738
,2777,0,0,0.77101713
,2777,1,2,1.0
,2777,2,0,0.8138617
,2777,3,0,0.77108705
,2778,0,1,0.50222236
,2778,1,1,0.74566275
,2778,2,2,1.0
,2778,3,0,0.5000735
,2779,0,2,1.0
,2779,1,0,0.748278
,2779,2,0,0.81919795
,2779,3,0,0.75877583
,2780,0,0,0.8211421
,2780,1,2,1.0
,2780,2,0,0.7647527
,2780,3,0,0.7703697
,2781,0,0,0.5553058
,2781,1,1,0.5567914
,2781,2,2,1.0
,2781,3,0,0.55302256
,2782,0,0,0.76285833
,2782,1,2,0.9999999
,2782,2,0,0.81357324
,2782,3,0,0.7627777
,2783,0,1,0.5005556
,2783,1,1,0.74743736
,2783,2,2,1.0
,2783,3,1,0.50055915
,2784,0,0,0.75856817
,2784,1,2,1.0
,2784,2,0,0.8179899
,2784,3,0,0.7585681
,2785,0,0,0.76862746
,2785,1,0,0.81833476
,2785,2,2,1.0
,2785,3,0,0.76862746
,2786,0,0,0.76898485
,2786,1,2,0.9999995
,2786,2,0,0.81788886
,2786,3,0,0.76898485
,2787,0,0,0.76901466
,2787,1,0,0.818305
,2787,2,2,0.99869525
,2787,3,0,0.76901466
,2788,0,0,0.76784223
,2788,1,2,1.0
,2788,2,1,0.5218485
,2788,3,0,0.76784223
,2789,0,0,0.7663727
,2789,1,0,0.81190246
,2789,2,3,1.0
,2789,3,0,0.7663727
,2790,0,1,0.5001126
,2790,1,2,1.0
,2790,2,1,0.9733244
,2790,3,1,0.5001126
,2791,0,0,0.7571401
,2791,1,1,0.5221147
,2791,2,2,1.0
,2791,3,0,0.7571401
,2792,0,0,0.7659909
,2792,1,3,1.0
,2792,2,0,0.8119035
,2792,3,0,0.7659909
,2793,0,1,0.5001419
,2793,1,1,0.9733166
,2793,2,2,1.0
,2793,3,1,0.5001419
,2794,0,0,0.7585402
,2794,1,2,1.0
,2794,2,0,0.81797254
,2794,3,0,0.7585402
,2795,0,0,0.76864624
,2795,1,0,0.81830615
,2795,2,2,1.0
,2795,3,0,0.76864624
,2796,0,0,0.7678366
,2796,1,2,1.0
,2796,2,1,0.52139616
,2796,3,0,0.7678366
,2797,0,0,0.7666475
,2797,1,0,0.81146604
,2797,2,3,1.0
,2797,3,0,0.7666475
,2798,0,1,0.5305922
,2798,1,2,1.0
,2798,2,1,0.99954665
,2798,3,1,0.5305922
,2799,0,0,0.7574534
,2799,1,0,0.81793904
,2799,2,2,1.0
,2799,3,0,0.75745326
,2800,0,0,0.770676
,2800,1,2,1.0
,2800,2,0,0.81385666
,2800,3,0,0.7706735
,2801,0,1,0.5001946
,2801,1,1,0.7474314
,2801,2,2,1.0
,2801,3,1,0.5002749
,2802,0,0,0.7586157
,2802,1,2,1.0
,2802,2,0,0.81934136
,2802,3,0,0.7569612
,2803,0,0,0.76860845
,2803,1,0,0.81832653
,2803,2,0,0.7707619
,2803,3,2,1.0
,2804,0,0,0.76898485
,2804,1,2,1.0
,2804,2,0,0.7690046
,2804,3,0,0.8183361
,2805,0,0,0.76902556
,2805,1,0,0.8196346
,2805,2,0,0.76742464
,2805,3,2,1.0
,2806,0,0,0.7690096
,2806,1,0,0.76921135
,2806,2,2,1.0
,2806,3,0,0.81967515
,2807,0,0,0.7689843
,2807,1,2,1.0
,2807,2,0,0.81832814
,2807,3,0,0.7707827
,2808,0,0,0.7690789
,2808,1,0,0.8183346
,2808,2,2,1.0
,2808,3,0,0.76914275
,2809,0,0,0.77124685
,2809,1,2,1.0
,2809,2,0,0.8135496
,2809,3,0,0.7712492
,2810,0,1,0.5210888
,2810,1,1,0.89060533
,2810,2,2,1.0
,2810,3,1,0.5210887
,2811,0,0,0.75783426
,2811,1,2,0.9999999
,2811,2,0,0.8170473
,2811,3,0,0.75783426
,2812,0,0,0.77068835
,2812,1,0,0.81379
,2812,2,2,0.99734133
,2812,3,0,0.77068835
,2813,0,1,0.50009716
,2813,1,2,0.9996949
,2813,2,1,0.7480385
,2813,3,1,0.50009716
,2814,0,0,0.76073176
,2814,1,0,0.81336474
,2814,2,2,1.0
,2814,3,0,0.76073176
,2815,0,1,0.5005334
,2815,1,2,1.0
,2815,2,1,0.74744356
,2815,3,1,0.5005334
,2816,0,0,0.76081854
,2816,1,0,0.81348
,2816,2,2,0.9999654
,2816,3,0,0.76081854
,2817,0,0,0.5024211
,2817,1,2,0.9999031
,2817,2,1,0.75345314
,2817,3,0,0.5024211
,2818,0,1,0.5341075
,2818,1,1,0.8912889
,2818,2,2,1.0
,2818,3,1,0.53410757
,2819,0,0,0.75971377
,2819,1,2,0.99933887
,2819,2,0,0.81315476
,2819,3,0,0.75971377
,2820,0,1,0.51851785
,2820,1,1,0.8935988
,2820,2,2,0.99996924
,2820,3,1,0.5185178
,2821,0,1,0.5145877
,2821,1,2,1.0
,2821,2,1,0.75472194
,2821,3,1,0.5145877
,2822,0,1,0.51682043
,2822,1,1,0.7489307
,2822,2,2,1.0
,2822,3,1,0.5168203
,2823,0,0,0.76012784
,2823,1,2,1.0
,2823,2,0,0.8135001
,2823,3,0,0.7601306
,2824,0,1,0.50074506
,2824,1,1,0.74743164
,2824,2,2,1.0
,2824,3,1,0.5006638
,2825,0,0,0.7569247
,2825,1,2,1.0
,2825,2,0,0.8084941
,2825,3,0,0.758598
,2826,0,2,1.0
,2826,1,0,0.8194387
,2826,2,1,0.594623
,2826,3,0,0.7681697
,2827,0,0,0.8195047
,2827,1,0,0.76863366
,2827,2,3,0.99165463
,2827,3,0,0.7684803
,2828,0,0,0.77292955
,2828,1,2,1.0
,2828,2,1,0.6332735
,2828,3,0,0.77105796
,2829,0,0,0.5000821
,2829,1,1,0.7456888
,2829,2,2,1.0
,2829,3,1,0.50229067
,2830,0,0,0.75870943
,2830,1,0,0.7482794
,2830,2,0,0.8193273
,2830,3,2,1.0
,2831,0,0,0.7686386
,2831,1,2,1.0
,2831,2,0,0.7691957
,2831,3,0,0.8196731
,2832,0,0,0.7689692
,2832,1,0,0.818328
,2832,2,2,1.0
,2832,3,0,0.7707807
,2833,0,0,0.7690162
,2833,1,2,1.0
,2833,2,0,0.8183061
,2833,3,0,0.76908046
,2834,0,0,0.7678424
,2834,1,1,0.521362
,2834,2,2,1.0
,2834,3,0,0.7678447
,2835,0,0,0.76636976
,2835,1,3,1.0
,2835,2,0,0.81190217
,2835,3,0,0.76636976
,2836,0,1,0.5001252
,2836,1,1,0.9733166
,2836,2,2,1.0
,2836,3,1,0.5001281
,2837,0,0,0.7585415
,2837,1,2,1.0
,2837,2,0,0.81797385
,2837,3,0,0.75848275
,2838,0,0,0.76865757
,2838,1,0,0.8196345
,2838,2,2,1.0
,2838,3,0,0.76704913
,2839,0,0,0.7690781
,2839,1,0,0.76921076
,2839,2,0,0.81945914
,2839,3,2,1.0
,2840,0,0,0.7712268
,2840,1,2,1.0
,2840,2,0,0.76345813
,2840,3,0,0.82154554
,2841,0,1,0.5211198
,2841,1,1,0.89061964
,2841,2,2,1.0
,2841,3,1,0.5189019
,2842,0,0,0.7578345
,2842,1,2,1.0
,2842,2,0,0.81795675
,2842,3,0,0.7579134
,2843,0,0,0.770691
,2843,1,0,0.81385607
,2843,2,2,1.0
,2843,3,0,0.7706938
,2844,0,1,0.50019264
,2844,1,2,1.0
,2844,2,1,0.7474862
,2844,3,1,0.5001925
,2845,0,0,0.7572163
,2845,1,1,0.521254
,2845,2,2,1.0
,2845,3,0,0.75721705
,2846,0,0,0.7647745
,2846,1,3,1.0
,2846,2,0,0.6045879
,2846,3,0,0.76479554
,2847,0,1,0.51303446
,2847,1,1,0.9754488
,2847,2,3,1.0
,2847,3,1,0.51237184
,2848,0,1,0.52977884
,2848,1,2,0.9982889
,2848,2,1,0.9744858
,2848,3,1,0.51487654
,2849,0,1,0.82639295
,2849,1,1,0.56452614
,2849,2,2,1.0
,2849,3,0,0.5064582
,2850,0,3,1.0
,2850,1,1,0.6248038
,2850,2,0,0.8157634
,2850,3,0,0.75026846
,2851,0,1,0.6412187
,2851,1,3,1.0
,2851,2,0,0.7617207
,2851,3,0,0.76716363
,2852,0,2,1.0
,2852,1,1,0.97355163
,2852,2,1,0.751902
,2852,3,1,0.5050123
,2853,0,1,0.74807817
,2853,1,1,0.556498
,2853,2,3,1.0
,2853,3,1,0.5222472
,2854,0,1,0.55017304
,2854,1,2,1.0
,2854,2,1,0.9965736
,2854,3,1,0.54025596
,2855,0,0,0.7567074
,2855,1,0,0.817916
,2855,2,2,1.0
,2855,3,0,0.7570602
,2856,0,0,0.76732486
,2856,1,2,1.0
,2856,2,1,0.52141285
,2856,3,0,0.7673375
,2857,0,0,0.7642702
,2857,1,0,0.81643915
,2857,2,3,1.0
,2857,3,0,0.76427066
,2858,0,0,0.76930416
,2858,1,2,1.0
,2858,2,1,0.62962043
,2858,3,0,0.76930416
,2859,0,0,0.76893646
,2859,1,0,0.8183045
,2859,2,2,1.0
,2859,3,0,0.76893646
,2860,0,0,0.7690602
,2860,1,2,1.0
,2860,2,0,0.81833416
,2860,3,0,0.7690602
,2861,0,0,0.7707503
,2861,1,0,0.81465507
,2861,2,2,1.0
,2861,3,0,0.770751
,2862,0,0,0.55325156
,2862,1,2,1.0
,2862,2,1,0.5568449
,2862,3,0,0.5532723
,2863,0,0,0.76262766
,2863,1,0,0.81312454
,2863,2,2,1.0
,2863,3,0,0.76305646
,2864,0,1,0.53173333
,2864,1,2,0.99930084
,2864,2,1,0.8885056
,2864,3,1,0.5183098
,2865,0,2,1.0
,2865,1,1,0.89037913
,2865,2,1,0.55361414
,2865,3,1,0.5350425
,2866,0,0,0.8193593
,2866,1,0,0.743064
,2866,2,2,1.0
,2866,3,0,0.75735694
,2867,0,0,0.770872
,2867,1,2,1.0
,2867,2,0,0.81973857
,2867,3,0,0.76698494
,2868,0,0,0.7712938
,2868,1,0,0.813544
,2868,2,0,0.77294594
,2868,3,2,1.0
,2869,0,1,0.52102476
,2869,1,2,1.0
,2869,2,1,0.5232411
,2869,3,1,0.8896724
,2870,0,0,0.75788367
,2870,1,0,0.8180074
,2870,2,2,1.0
,2870,3,0,0.74477035
,2871,0,0,0.768606
,2871,1,2,1.0
,2871,2,0,0.8183369
,2871,3,0,0.7680836
,2872,0,0,0.7690123
,2872,1,0,0.8196347
,2872,2,2,1.0
,2872,3,0,0.7673919
,2873,0,0,0.769009
,2873,1,0,0.76921135
,2873,2,0,0.8196733
,2873,3,2,1.0
,2874,0,0,0.7689826
,2874,1,2,1.0
,2874,2,0,0.7707244
,2874,3,0,0.8183294
,2875,0,0,0.7690252
,2875,1,0,0.8196345
,2875,2,0,0.7674856
,2875,3,2,1.0
,2876,0,0,0.76900953
,2876,1,0,0.76921135
,2876,2,2,1.0
,2876,3,0,0.819675
,2877,0,0,0.7689814
,2877,1,2,1.0
,2877,2,0,0.81832814
,2877,3,0,0.7707797
,2878,0,0,0.76899695
,2878,1,0,0.81833494
,2878,2,2,1.0
,2878,3,0,0.76906085
,2879,0,0,0.7690005
,2879,1,2,1.0
,2879,2,0,0.81833494
,2879,3,0,0.76900274
,2880,0,0,0.76907474
,2880,1,0,0.81833434
,2880,2,2,1.0
,2880,3,0,0.76907474
,2881,0,0,0.77108645
,2881,1,2,1.0
,2881,2,0,0.81385666
,2881,3,0,0.77108645
,2882,0,1,0.5001895
,2882,1,1,0.74743736
,2882,2,2,1.0
,2882,3,1,0.5001894
,2883,0,0,0.7585811
,2883,1,2,1.0
,2883,2,0,0.81799006
,2883,3,0,0.7585811
,2884,0,0,0.7686278
,2884,1,0,0.81833494
,2884,2,2,1.0
,2884,3,0,0.7686278
,2885,0,0,0.7689848
,2885,1,2,1.0
,2885,2,0,0.8183351
,2885,3,0,0.7689848
,2886,0,0,0.7689973
,2886,1,0,0.81833506
,2886,2,2,1.0
,2886,3,0,0.7689973
,2887,0,0,0.7689987
,2887,1,2,1.0
,2887,2,0,0.81833494
,2887,3,0,0.7689987
,2888,0,0,0.7690175
,2888,1,0,0.81830627
,2888,2,2,1.0
,2888,3,0,0.7690176
,2889,0,0,0.7678431
,2889,1,2,1.0
,2889,2,1,0.5213407
,2889,3,0,0.7678431
,2890,0,0,0.76633817
,2890,1,0,0.8065867
,2890,2,3,0.99999857
,2890,3,0,0.76633817
,2891,0,1,0.5006661
,2891,1,2,0.97508174
,2891,2,1,0.97336614
,2891,3,1,0.50066614
,2892,0,0,0.7586141
,2892,1,0,0.8067853
,2892,2,2,1.0
,2892,3,0,0.7586141
,2893,0,0,0.7707186
,2893,1,2,1.0
,2893,2,0,0.8138559
,2893,3,0,0.7707186
,2894,0,1,0.5000932
,2894,1,1,0.747437
,2894,2,2,1.0
,2894,3,1,0.5000932
,2895,0,0,0.7607317
,2895,1,2,1.0
,2895,2,0,0.8135026
,2895,3,0,0.7607317
,2896,0,1,0.5005387
,2896,1,1,0.7474372
,2896,2,2,1.0
,2896,3,1,0.5005397
,2897,0,0,0.76071274
,2897,1,2,1.0
,2897,2,0,0.8135021
,2897,3,0,0.7606916
,2898,0,1,0.50066966
,2898,1,1,0.74744904
,2898,2,2,1.0
,2898,3,1,0.50132143
,2899,0,0,0.7585018
,2899,1,2,1.0
,2899,2,0,0.817875
,2899,3,0,0.7450772
,2900,0,0,0.76546276
,2900,1,0,0.8181587
,2900,2,2,1.0
,2900,3,1,0.6023372
,2901,0,0,0.7669523
,2901,1,0,0.7591991
,2901,2,0,0.81979567
,2901,3,3,1.0
,2902,0,1,0.51969844
,2902,1,2,1.0
,2902,2,1,0.5197758
,2902,3,1,0.99029535
,2903,0,0,0.76007086
,2903,1,0,0.81333625
,2903,2,2,0.99999976
,2903,3,0,0.73237574
,2904,0,1,0.5104831
,2904,1,2,1.0
,2904,2,1,0.7496221
,2904,3,1,0.8380772
,2905,0,0,0.75766534
,2905,1,0,0.81978
,2905,2,0,0.73888147
,2905,3,3,1.0
,2906,0,1,0.5173822
,2906,1,1,0.5274186
,2906,2,2,0.9999993
,2906,3,1,0.99017817
,2907,0,1,0.51660216
,2907,1,2,1.0
,2907,2,1,0.74709153
,2907,3,1,0.5399063
,2908,0,0,0.75818014
,2908,1,0,0.81916386
,2908,2,0,0.7482117
,2908,3,2,1.0
,2909,0,0,0.77067906
,2909,1,0,0.7638008
,2909,2,2,0.99999976
,2909,3,0,0.82141715
,2910,0,1,0.5002982
,2910,1,2,1.0
,2910,2,1,0.74747086
,2910,3,0,0.50196093
,2911,0,0,0.7585767
,2911,1,0,0.8179896
,2911,2,2,1.0
,2911,3,0,0.7586571
,2912,0,0,0.7686277
,2912,1,2,0.99999964
,2912,2,0,0.81833494
,2912,3,0,0.76863056
,2913,0,0,0.7689848
,2913,1,0,0.81833494
,2913,2,2,1.0
,2913,3,0,0.76898485
,2914,0,0,0.7689973
,2914,1,2,1.0
,2914,2,0,0.81833494
,2914,3,0,0.7689973
,2915,0,0,0.7689978
,2915,1,0,0.81833506
,2915,2,2,1.0
,2915,3,0,0.7689978
,2916,0,0,0.7689978
,2916,1,2,1.0
,2916,2,0,0.81833494
,2916,3,0,0.7689978
,2917,0,0,0.7689978
,2917,1,0,0.81833506
,2917,2,2,1.0
,2917,3,0,0.7689978
,2918,0,0,0.7689978
,2918,1,2,1.0
,2918,2,0,0.81833494
,2918,3,0,0.7689978
,2919,0,0,0.7689978
,2919,1,0,0.81833506
,2919,2,2,1.0
,2919,3,0,0.7689978
,2920,0,0,0.7689978
,2920,1,2,1.0
,2920,2,0,0.81833494
,2920,3,0,0.76899743
,2921,0,0,0.7689979
,2921,1,0,0.81833494
,2921,2,2,1.0
,2921,3,0,0.7689874
,2922,0,0,0.7690007
,2922,1,2,1.0
,2922,2,0,0.81833297
,2922,3,0,0.76870495
,2923,0,0,0.76904994
,2923,1,0,0.8179289
,2923,2,2,1.0
,2923,3,0,0.76071805
,2924,0,0,0.76948905
,2924,1,2,0.99898845
,2924,2,0,0.82085705
,2924,3,0,0.5345531
,2925,0,1,0.5262738
,2925,1,1,0.9762411
,2925,2,1,0.52402014
,2925,3,3,1.0
,2926,0,0,0.7581203
,2926,1,3,1.0
,2926,2,0,0.75812554
,2926,3,1,0.6399676
,2927,0,1,0.5005009
,2927,1,1,0.9730789
,2927,2,1,0.50279415
,2927,3,2,1.0
,2928,0,0,0.75876164
,2928,1,0,0.7416133
,2928,2,2,1.0
,2928,3,0,0.81803435
,2929,0,0,0.77072304
,2929,1,0,0.7610233
,2929,2,0,0.8213661
,2929,3,2,1.0
,2930,0,1,0.50003886
,2930,1,2,1.0
,2930,2,1,0.5000738
,2930,3,1,0.74569726
,2931,0,0,0.7587056
,2931,1,0,0.81932735
,2931,2,2,1.0
,2931,3,0,0.74827945
,2932,0,0,0.7686389
,2932,1,0,0.76919705
,2932,2,0,0.8196256
,2932,3,2,1.0
,2933,0,0,0.7689987
,2933,1,2,1.0
,2933,2,0,0.76921123
,2933,3,0,0.8196774
,2934,0,0,0.7690552
,2934,1,0,0.8183274
,2934,2,2,1.0
,2934,3,0,0.7708564
,2935,0,0,0.7710139
,2935,1,2,0.9999999
,2935,2,0,0.8138613
,2935,3,0,0.7711529
,2936,0,1,0.50222784
,2936,1,1,0.7455232
,2936,2,2,1.0
,2936,3,0,0.5001788
,2937,0,2,0.9999999
,2937,1,0,0.75206196
,2937,2,0,0.813542
,2937,3,0,0.7608197
,2938,0,1,0.74559414
,2938,1,1,0.5030551
,2938,2,2,1.0
,2938,3,1,0.5004571
,2939,0,0,0.7499708
,2939,1,2,1.0
,2939,2,0,0.80850184
,2939,3,0,0.7568996
,2940,0,0,0.7650513
,2940,1,0,0.8183185
,2940,2,1,0.59950095
,2940,3,2,1.0
,2941,0,0,0.76480055
,2941,1,0,0.7650301
,2941,2,3,1.0
,2941,3,0,0.81805235
,2942,0,0,0.77146333
,2942,1,2,0.99999416
,2942,2,1,0.6366356
,2942,3,0,0.7733391
,2943,0,0,0.50221914
,2943,1,1,0.7532908
,2943,2,2,1.0
,2943,3,0,0.50229913
,2944,0,1,0.51614374
,2944,1,2,1.0
,2944,2,1,0.7489145
,2944,3,1,0.51622045
,2945,0,0,0.7580456
,2945,1,0,0.8192914
,2945,2,2,1.0
,2945,3,0,0.75638664
,2946,0,0,0.7687015
,2946,1,0,0.76919484
,2946,2,0,0.8194576
,2946,3,2,1.0
,2947,0,0,0.7713185
,2947,1,2,1.0
,2947,2,0,0.7634576
,2947,3,0,0.82128125
,2948,0,1,0.5178351
,2948,1,1,0.8886506
,2948,2,2,1.0
,2948,3,1,0.52918994
,2949,0,1,0.53199923
,2949,1,1,0.5611477
,2949,2,1,0.88932085
,2949,3,2,1.0
,2950,0,1,0.51474315
,2950,1,2,0.99999976
,2950,2,1,0.54336554
,2950,3,1,0.74500126
,2951,0,1,0.51642513
,2951,1,1,0.74701744
,2951,2,2,1.0
,2951,3,1,0.5289514
,2952,0,0,0.75815314
,2952,1,0,0.74961424
,2952,2,0,0.81801736
,2952,3,2,1.0
,2953,0,0,0.77070117
,2953,1,0,0.7613062
,2953,2,2,1.0
,2953,3,0,0.8214244
,2954,0,1,0.50028276
,2954,1,2,1.0
,2954,2,1,0.74746585
,2954,3,0,0.50189155
,2955,0,0,0.75869083
,2955,1,0,0.81940275
,2955,2,2,1.0
,2955,3,0,0.75703734
,2956,0,0,0.7706999
,2956,1,0,0.7727699
,2956,2,0,0.8138528
,2956,3,2,1.0
,2957,0,0,0.5000512
,2957,1,1,0.5021517
,2957,2,2,1.0
,2957,3,1,0.7456129
,2958,0,0,0.7587519
,2958,1,2,1.0
,2958,2,0,0.81801856
,2958,3,0,0.7496776
,2959,0,0,0.77072215
,2959,1,0,0.8214243
,2959,2,2,0.9999883
,2959,3,0,0.7613085
,2960,0,1,0.5002858
,2960,1,0,0.5018915
,2960,2,1,0.74746853
,2960,3,2,1.0
,2961,0,0,0.75861186
,2961,1,0,0.75703806
,2961,2,2,1.0
,2961,3,0,0.8193411
,2962,0,0,0.7686083
,2962,1,2,1.0
,2962,2,0,0.81832653
,2962,3,0,0.77076393
,2963,0,0,0.7689838
,2963,1,0,0.81833494
,2963,2,2,1.0
,2963,3,0,0.7690582
,2964,0,0,0.7689985
,2964,1,2,1.0
,2964,2,0,0.8183363
,2964,3,0,0.76894426
,2965,0,0,0.7690286
,2965,1,0,0.8196744
,2965,2,2,1.0
,2965,3,0,0.767421
,2966,0,0,0.769061
,2966,1,0,0.7705222
,2966,2,0,0.81832755
,2966,3,2,1.0
,2967,0,0,0.77117264
,2967,1,0,0.76170456
,2967,2,2,1.0
,2967,3,0,0.8215525
,2968,0,1,0.52334934
,2968,1,2,1.0
,2968,2,1,0.8896882
,2968,3,1,0.51883954
,2969,0,2,1.0
,2969,1,0,0.81800765
,2969,2,0,0.7447096
,2969,3,0,0.7579651
,2970,0,0,0.8088858
,2970,1,2,1.0
,2970,2,0,0.7664296
,2970,3,0,0.76864564
,2971,0,1,0.5975627
,2971,1,0,0.8112844
,2971,2,2,1.0
,2971,3,0,0.76582223
,2972,0,3,1.0
,2972,1,0,0.52401173
,2972,2,0,0.8182011
,2972,3,0,0.7636251
,2973,0,1,0.97407526
,2973,1,3,1.0
,2973,2,1,0.52215517
,2973,3,1,0.51224005
,2974,0,1,0.53362584
,2974,1,1,0.9731001
,2974,2,2,1.0
,2974,3,1,0.52649087
,2975,0,1,0.53562534
,2975,1,1,0.5572501
,2975,2,1,0.8902662
,2975,3,2,1.0
,2976,0,0,0.75739324
,2976,1,2,1.0
,2976,2,0,0.74306494
,2976,3,0,0.8193564
,2977,0,0,0.7685632
,2977,1,0,0.81832576
,2977,2,2,1.0
,2977,3,0,0.77076274
,2978,0,0,0.7689821
,2978,1,2,1.0
,2978,2,0,0.81833494
,2978,3,0,0.76906013
,2979,0,0,0.76899713
,2979,1,0,0.81833506
,2979,2,2,1.0
,2979,3,0,0.769
,2980,0,0,0.7689977
,2980,1,2,1.0
,2980,2,0,0.81833494
,2980,3,0,0.7689979
,2981,0,0,0.7689978
,2981,1,0,0.81833506
,2981,2,2,1.0
,2981,3,0,0.7689978
,2982,0,0,0.7689978
,2982,1,2,1.0
,2982,2,0,0.81833494
,2982,3,0,0.7689978
,2983,0,0,0.7689977
,2983,1,0,0.81833506
,2983,2,2,1.0
,2983,3,0,0.7689978
,2984,0,0,0.76899576
,2984,1,2,1.0
,2984,2,0,0.8183351
,2984,3,0,0.7689978
,2985,0,0,0.76894206
,2985,1,0,0.8183363
,2985,2,2,1.0
,2985,3,0,0.768999
,2986,0,0,0.7674211
,2986,1,2,1.0
,2986,2,0,0.81968033
,2986,3,0,0.76902586
,2987,0,2,1.0
,2987,1,0,0.8183293
,2987,2,0,0.77072424
,2987,3,0,0.76898295
,2988,0,0,0.819682
,2988,1,2,1.0
,2988,2,0,0.7674841
,2988,3,0,0.769025
,2989,0,0,0.7707827
,2989,1,0,0.818328
,2989,2,2,1.0
,2989,3,0,0.7689846
,2990,0,0,0.76914275
,2990,1,2,1.0
,2990,2,0,0.8183346
,2990,3,0,0.7690789
,2991,0,0,0.77124906
,2991,1,0,0.8135496
,2991,2,2,1.0
,2991,3,0,0.77124673
,2992,0,1,0.52109146
,2992,1,2,1.0
,2992,2,1,0.89060545
,2992,3,1,0.5210915
,2993,0,0,0.75777453
,2993,1,0,0.8179302
,2993,2,2,1.0
,2993,3,0,0.75777507
,2994,0,0,0.7675136
,2994,1,2,1.0
,2994,2,1,0.5215486
,2994,3,0,0.7675289
,2995,0,0,0.76659024
,2995,1,0,0.8117745
,2995,2,3,1.0
,2995,3,0,0.76701915
,2996,0,1,0.53026783
,2996,1,2,1.0
,2996,2,1,0.9901877
,2996,3,1,0.5166892
,2997,0,2,1.0
,2997,1,1,0.88900435
,2997,2,1,0.56600606
,2997,3,1,0.5317215
,2998,0,1,0.8942708
,2998,1,1,0.5483975
,2998,2,2,1.0
,2998,3,1,0.5325476
,2999,0,2,1.0
,2999,1,1,0.5387981
,2999,2,1,0.8903857
,2999,3,1,0.53582233
,3000,0,0,0.8193555
,3000,1,2,1.0
,3000,2,0,0.7429916
,3000,3,0,0.7573883
,3001,0,0,0.7707068
,3001,1,0,0.8183268
,3001,2,2,0.99980927
,3001,3,0,0.76856387
,3002,0,0,0.76748514
,3002,1,2,0.9999999
,3002,2,0,0.8195492
,3002,3,0,0.76901054
,3003,0,2,1.0
,3003,1,0,0.8196276
,3003,2,0,0.76920974
,3003,3,0,0.7690122
,3004,0,0,0.8194593
,3004,1,0,0.7692109
,3004,2,2,1.0
,3004,3,0,0.769091
,3005,0,0,0.76346034
,3005,1,2,1.0
,3005,2,0,0.8214828
,3005,3,0,0.77123106
,3006,0,2,1.0
,3006,1,1,0.88982236
,3006,2,1,0.5212529
,3006,3,1,0.52094334
,3007,0,0,0.82119024
,3007,1,0,0.73727876
,3007,2,2,0.99962837
,3007,3,0,0.7601444
,3008,0,0,0.5050823
,3008,1,2,1.0
,3008,2,1,0.76064056
,3008,3,0,0.502343
,3009,0,1,0.5315991
,3009,1,1,0.9590619
,3009,2,2,0.9500373
,3009,3,1,0.5321876
,3010,0,1,0.5354267
,3010,1,3,1.0
,3010,2,1,0.96191007
,3010,3,1,0.5460726
,3011,0,1,0.5264256
,3011,1,1,0.9742604
,3011,2,3,1.0
,3011,3,1,0.7675455
,3012,0,1,0.5234506
,3012,1,1,0.55390304
,3012,2,1,0.9910585
,3012,3,3,1.0
,3013,0,1,0.5253905
,3013,1,1,0.7675009
,3013,2,3,1.0
,3013,3,1,0.9741693
,3014,0,1,0.5261012
,3014,1,3,1.0
,3014,2,1,0.9744877
,3014,3,1,0.54596895
,3015,0,0,0.7581723
,3015,1,1,0.63056743
,3015,2,2,1.0
,3015,3,0,0.7574644
,3016,0,0,0.7685402
,3016,1,2,1.0
,3016,2,0,0.8183057
,3016,3,0,0.7684581
,3017,0,0,0.7690096
,3017,1,0,0.8196345
,3017,2,2,1.0
,3017,3,0,0.7674049
,3018,0,0,0.7690089
,3018,1,0,0.76921135
,3018,2,0,0.8196733
,3018,3,2,1.0
,3019,0,0,0.7689826
,3019,1,2,1.0
,3019,2,0,0.7707244
,3019,3,0,0.8183294
,3020,0,0,0.7690251
,3020,1,0,0.8196345
,3020,2,0,0.7674856
,3020,3,2,1.0
,3021,0,0,0.7690075
,3021,1,0,0.7692114
,3021,2,2,1.0
,3021,3,0,0.81967497
,3022,0,0,0.76892567
,3022,1,2,1.0
,3022,2,0,0.8183293
,3022,3,0,0.7707809
,3023,0,0,0.7674202
,3023,1,0,0.8196802
,3023,2,2,1.0
,3023,3,0,0.76908875
,3024,0,2,1.0
,3024,1,0,0.77072436
,3024,2,0,0.8183293
,3024,3,0,0.76898515
,3025,0,0,0.8196802
,3025,1,0,0.76748425
,3025,2,2,1.0
,3025,3,0,0.769025
,3026,0,0,0.77072436
,3026,1,2,1.0
,3026,2,0,0.8183293
,3026,3,0,0.7689828
,3027,0,0,0.7674856
,3027,1,0,0.8196345
,3027,2,2,1.0
,3027,3,0,0.7690252
,3028,0,2,1.0
,3028,1,0,0.76921135
,3028,2,0,0.8196733
,3028,3,0,0.7690094
,3029,0,0,0.8183294
,3029,1,2,1.0
,3029,2,0,0.7707244
,3029,3,0,0.7689806
,3030,0,2,1.0
,3030,1,0,0.8196823
,3030,2,0,0.7674865
,3030,3,0,0.7689692
,3031,0,0,0.819675
,3031,1,0,0.7708078
,3031,2,2,1.0
,3031,3,0,0.7674048
,3032,0,0,0.7707773
,3032,1,0,0.76904464
,3032,2,0,0.8183279
,3032,3,2,1.0
,3033,0,0,0.76900506
,3033,1,0,0.7689983
,3033,2,2,1.0
,3033,3,0,0.8183362
,3034,0,0,0.7674256
,3034,1,0,0.76897013
,3034,2,0,0.8196807
,3034,3,2,1.0
,3035,0,2,1.0
,3035,1,0,0.7674072
,3035,2,0,0.7707522
,3035,3,0,0.81967545
,3036,0,0,0.8196276
,3036,1,2,1.0
,3036,2,0,0.7674695
,3036,3,0,0.7708075
,3037,0,0,0.7692121
,3037,1,0,0.81962746
,3037,2,2,1.0
,3037,3,0,0.7690728
,3038,0,2,1.0
,3038,1,0,0.7692127
,3038,2,0,0.81962776
,3038,3,0,0.76901174
,3039,0,0,0.81967515
,3039,1,2,1.0
,3039,2,0,0.7692114
,3039,3,0,0.7690073
,3040,0,0,0.7707809
,3040,1,0,0.8183294
,3040,2,2,1.0
,3040,3,0,0.76892567
,3041,0,0,0.7690889
,3041,1,2,1.0
,3041,2,0,0.8196344
,3041,3,0,0.7674215
,3042,0,0,0.76901
,3042,1,0,0.8196276
,3042,2,0,0.7692127
,3042,3,2,1.0
,3043,0,0,0.7689535
,3043,1,0,0.7692136
,3043,2,2,1.0
,3043,3,0,0.81967545
,3044,0,0,0.7674059
,3044,1,2,1.0
,3044,2,0,0.81962776
,3044,3,0,0.77080804
,3045,0,2,1.0
,3045,1,0,0.81962746
,3045,2,0,0.7692121
,3045,3,0,0.7690728
,3046,0,0,0.81962764
,3046,1,0,0.7692127
,3046,2,2,1.0
,3046,3,0,0.76901174
,3047,0,0,0.7692114
,3047,1,2,1.0
,3047,2,0,0.8196735
,3047,3,0,0.76900923
,3048,0,2,1.0
,3048,1,0,0.8183294
,3048,2,0,0.77072424
,3048,3,0,0.7689826
,3049,0,0,0.819682
,3049,1,2,1.0
,3049,2,0,0.7674841
,3049,3,0,0.7690249
,3050,0,0,0.77077985
,3050,1,0,0.818328
,3050,2,2,1.0
,3050,3,0,0.76898175
,3051,0,0,0.76906353
,3051,1,2,1.0
,3051,2,0,0.81833494
,3051,3,0,0.7689998
,3052,0,0,0.7690795
,3052,1,0,0.81833476
,3052,2,2,1.0
,3052,3,0,0.76907974
,3053,0,0,0.7711768
,3053,1,2,1.0
,3053,2,0,0.8135515
,3053,3,0,0.77124816
,3054,0,1,0.52331537
,3054,1,1,0.88970304
,3054,2,2,1.0
,3054,3,1,0.5210252
,3055,0,2,1.0
,3055,1,0,0.7430944
,3055,2,0,0.81931186
,3055,3,0,0.75792027
,3056,0,0,0.8196728
,3056,1,2,1.0
,3056,2,0,0.7691942
,3056,3,0,0.76860976
,3057,0,0,0.7707797
,3057,1,0,0.81832814
,3057,2,2,1.0
,3057,3,0,0.7689673
,3058,0,0,0.7690608
,3058,1,2,1.0
,3058,2,0,0.81833494
,3058,3,0,0.7689964
,3059,0,0,0.769
,3059,1,0,0.81833506
,3059,2,2,1.0
,3059,3,0,0.7689977
,3060,0,0,0.7689979
,3060,1,2,1.0
,3060,2,0,0.81833494
,3060,3,0,0.7689978
,3061,0,0,0.7689978
,3061,1,0,0.81833506
,3061,2,2,1.0
,3061,3,0,0.7689978
,3062,0,0,0.7689978
,3062,1,2,1.0
,3062,2,0,0.81833494
,3062,3,0,0.7689978
,3063,0,0,0.76899743
,3063,1,0,0.81833506
,3063,2,2,1.0
,3063,3,0,0.7689979
,3064,0,0,0.7689891
,3064,1,2,1.0
,3064,2,0,0.81833494
,3064,3,0,0.76900053
,3065,0,0,0.7687522
,3065,1,0,0.8183343
,3065,2,2,1.0
,3065,3,0,0.7690745
,3066,0,0,0.7620039
,3066,1,2,1.0
,3066,2,0,0.8213653
,3066,3,0,0.77108485
,3067,0,2,1.0
,3067,1,1,0.745697
,3067,2,1,0.5000732
,3067,3,1,0.50002223
,3068,0,0,0.81932735
,3068,1,0,0.74827945
,3068,2,2,1.0
,3068,3,0,0.75870615
,3069,0,0,0.7691957
,3069,1,2,1.0
,3069,2,0,0.8196731
,3069,3,0,0.76863855
,3070,0,2,1.0
,3070,1,0,0.81832814
,3070,2,0,0.77077955
,3070,3,0,0.7689683
,3071,0,0,0.81833494
,3071,1,2,1.0
,3071,2,0,0.76905864
,3071,3,0,0.76899654
,3072,0,2,1.0
,3072,1,0,0.8183363
,3072,2,0,0.76894426
,3072,3,0,0.768999
,3073,0,0,0.81968033
,3073,1,2,1.0
,3073,2,0,0.7674212
,3073,3,0,0.76902574
,3074,0,0,0.77072436
,3074,1,0,0.8183293
,3074,2,2,1.0
,3074,3,0,0.76898247
,3075,0,0,0.76748544
,3075,1,2,1.0
,3075,2,0,0.8196344
,3075,3,0,0.769014
,3076,0,2,1.0
,3076,1,0,0.819485
,3076,2,0,0.76920444
,3076,3,0,0.7686923
,3077,0,0,0.8212261
,3077,1,0,0.76416105
,3077,2,2,1.0
,3077,3,0,0.7598583
,3078,0,0,0.52893966
,3078,1,2,1.0
,3078,2,1,0.5483335
,3078,3,1,0.8163982
,3079,0,0,0.7587752
,3079,1,0,0.8198982
,3079,2,0,0.74655735
,3079,3,3,1.0
,3080,0,1,0.5005707
,3080,1,0,0.5021349
,3080,2,2,1.0
,3080,3,1,0.9733268
,3081,0,0,0.758603
,3081,1,0,0.7583672
,3081,2,0,0.8179717
,3081,3,2,1.0
,3082,0,0,0.77071893
,3082,1,0,0.76162153
,3082,2,2,1.0
,3082,3,0,0.8214287
,3083,0,1,0.50018644
,3083,1,2,1.0
,3083,2,1,0.7474714
,3083,3,0,0.5020716
,3084,0,0,0.7607217
,3084,1,0,0.81350243
,3084,2,2,1.0
,3084,3,0,0.7608041
,3085,0,1,0.5007188
,3085,1,2,0.99999976
,3085,2,1,0.74743164
,3085,3,1,0.50063485
,3086,0,0,0.75694555
,3086,1,0,0.8193397
,3086,2,2,1.0
,3086,3,0,0.7586002
,3087,0,2,1.0
,3087,1,0,0.77070856
,3087,2,0,0.8183277
,3087,3,0,0.7686091
,3088,0,0,0.8196345
,3088,1,0,0.767485
,3088,2,2,1.0
,3088,3,0,0.7690119
,3089,0,0,0.7692127
,3089,1,2,1.0
,3089,2,0,0.8196276
,3089,3,0,0.76900935
,3090,0,2,1.0
,3090,1,0,0.81962764
,3090,2,0,0.7692127
,3090,3,0,0.7690094
,3091,0,0,0.81962776
,3091,1,0,0.7692128
,3091,2,2,1.0
,3091,3,0,0.7690075
,3092,0,0,0.7692136
,3092,1,2,1.0
,3092,2,0,0.81967366
,3092,3,0,0.7689535
,3093,0,2,0.9999999
,3093,1,0,0.8196739
,3093,2,0,0.7707524
,3093,3,0,0.76740694
,3094,0,0,0.81967527
,3094,1,0,0.7707517
,3094,2,0,0.7674704
,3094,3,2,1.0
,3095,0,0,0.77080715
,3095,1,0,0.76746804
,3095,2,2,1.0
,3095,3,0,0.81967497
,3096,0,0,0.76904464
,3096,1,2,1.0
,3096,2,0,0.8183279
,3096,3,0,0.7707793
,3097,0,0,0.7689991
,3097,1,0,0.81833494
,3097,2,2,1.0
,3097,3,0,0.7690608
,3098,0,0,0.7689959
,3098,1,2,1.0
,3098,2,0,0.8183351
,3098,3,0,0.7690002
,3099,0,0,0.76894194
,3099,1,0,0.8183363
,3099,2,2,1.0
,3099,3,0,0.76900184
,3100,0,0,0.7674202
,3100,1,2,1.0
,3100,2,0,0.81974345
,3100,3,0,0.7691025
,3101,0,2,1.0
,3101,1,0,0.81385434
,3101,2,0,0.7727856
,3101,3,0,0.77107376
,3102,0,1,0.745534
,3102,1,2,1.0
,3102,2,1,0.5021518
,3102,3,0,0.50015634
,3103,0,0,0.7517782
,3103,1,0,0.8143359
,3103,2,2,1.0
,3103,3,0,0.7604708
,3104,0,0,0.5522955
,3104,1,2,1.0
,3104,2,1,0.55684316
,3104,3,0,0.55268925
,3105,0,0,0.76056373
,3105,1,0,0.8180607
,3105,2,2,1.0
,3105,3,0,0.76063603
,3106,0,0,0.7671236
,3106,1,2,1.0
,3106,2,0,0.8196346
,3106,3,0,0.76872927
,3107,0,2,1.0
,3107,1,0,0.8196276
,3107,2,0,0.7692127
,3107,3,0,0.7689993
,3108,0,0,0.81967515
,3108,1,0,0.76921135
,3108,2,2,1.0
,3108,3,0,0.7690088
,3109,0,0,0.77077985
,3109,1,2,1.0
,3109,2,0,0.81832814
,3109,3,0,0.7689814
,3110,0,0,0.7690607
,3110,1,0,0.81833494
,3110,2,2,1.0
,3110,3,0,0.7689969
,3111,0,0,0.769
,3111,1,2,1.0
,3111,2,0,0.8183351
,3111,3,0,0.7689977
,3112,0,0,0.7689979
,3112,1,0,0.81833506
,3112,2,2,1.0
,3112,3,0,0.7689978
,3113,0,0,0.7689978
,3113,1,2,1.0
,3113,2,0,0.81833494
,3113,3,0,0.7689978
,3114,0,0,0.7689977
,3114,1,0,0.81833506
,3114,2,2,1.0
,3114,3,0,0.7689978
,3115,0,0,0.76899576
,3115,1,2,1.0
,3115,2,0,0.8183351
,3115,3,0,0.7689978
,3116,0,0,0.76894206
,3116,1,0,0.8183363
,3116,2,2,1.0
,3116,3,0,0.768999
,3117,0,0,0.767421
,3117,1,2,1.0
,3117,2,0,0.81968033
,3117,3,0,0.76902586
,3118,0,2,1.0
,3118,1,0,0.8183293
,3118,2,0,0.7707244
,3118,3,0,0.76898295
,3119,0,0,0.8196345
,3119,1,2,1.0
,3119,2,0,0.7674856
,3119,3,0,0.7690252
,3120,0,0,0.76921135
,3120,1,0,0.8196733
,3120,2,2,1.0
,3120,3,0,0.7690094
,3121,0,2,1.0
,3121,1,0,0.77072436
,3121,2,0,0.81832945
,3121,3,0,0.7689826
,3122,0,0,0.8196345
,3122,1,0,0.7674856
,3122,2,2,1.0
,3122,3,0,0.7690252
,3123,0,0,0.76921135
,3123,1,2,1.0
,3123,2,0,0.819675
,3123,3,0,0.7690094
,3124,0,2,1.0
,3124,1,0,0.8183282
,3124,2,0,0.7707797
,3124,3,0,0.7689794
,3125,0,0,0.8183361
,3125,1,2,1.0
,3125,2,0,0.7690618
,3125,3,0,0.7689412
,3126,0,2,1.0
,3126,1,0,0.8196346
,3126,2,0,0.7690262
,3126,3,0,0.7674224
,3127,0,0,0.8196753
,3127,1,0,0.7692136
,3127,2,0,0.7689538
,3127,3,2,1.0
,3128,0,0,0.7708078
,3128,1,2,1.0
,3128,2,0,0.76740456
,3128,3,0,0.81967515
,3129,0,0,0.76904464
,3129,1,0,0.8183279
,3129,2,2,1.0
,3129,3,0,0.7707773
,3130,0,0,0.76900035
,3130,1,2,1.0
,3130,2,0,0.8183361
,3130,3,0,0.76900494
,3131,0,0,0.76902574
,3131,1,0,0.81968033
,3131,2,2,1.0
,3131,3,0,0.7674233
,3132,0,0,0.76898295
,3132,1,0,0.77072436
,3132,2,0,0.8183293
,3132,3,2,1.0
,3133,0,0,0.7690249
,3133,1,0,0.76748425
,3133,2,2,1.0
,3133,3,0,0.819682
,3134,0,0,0.76898164
,3134,1,2,1.0
,3134,2,0,0.8183279
,3134,3,0,0.7707797
,3135,0,0,0.7689969
,3135,1,0,0.81833494
,3135,2,2,1.0
,3135,3,0,0.7690607
,3136,0,0,0.7689977
,3136,1,2,1.0
,3136,2,0,0.81833494
,3136,3,0,0.769
,3137,0,0,0.7689978
,3137,1,0,0.81833506
,3137,2,2,1.0
,3137,3,0,0.7689979
,3138,0,0,0.7689977
,3138,1,2,1.0
,3138,2,0,0.8183351
,3138,3,0,0.7689978
,3139,0,0,0.76899576
,3139,1,0,0.8183351
,3139,2,2,1.0
,3139,3,0,0.7689978
,3140,0,0,0.76894206
,3140,1,2,1.0
,3140,2,0,0.8183363
,3140,3,0,0.768999
,3141,0,0,0.7674211
,3141,1,0,0.81968033
,3141,2,2,1.0
,3141,3,0,0.76902586
,3142,0,2,1.0
,3142,1,0,0.77072436
,3142,2,0,0.8183293
,3142,3,0,0.768983
,3143,0,0,0.81968415
,3143,1,0,0.76748425
,3143,2,2,1.0
,3143,3,0,0.7690276
,3144,0,0,0.7708563
,3144,1,2,1.0
,3144,2,0,0.8183273
,3144,3,0,0.7690586
,3145,0,0,0.7711489
,3145,1,0,0.8138566
,3145,2,2,1.0
,3145,3,0,0.7710855
,3146,0,1,0.50018674
,3146,1,2,1.0
,3146,2,1,0.74743736
,3146,3,1,0.50018954
,3147,0,0,0.7585812
,3147,1,0,0.81798995
,3147,2,2,1.0
,3147,3,0,0.7585811
,3148,0,0,0.7686278
,3148,1,2,1.0
,3148,2,0,0.81833494
,3148,3,0,0.7686277
,3149,0,0,0.7689848
,3149,1,0,0.8183351
,3149,2,2,1.0
,3149,3,0,0.76898277
,3150,0,0,0.76899827
,3150,1,2,1.0
,3150,2,0,0.8183363
,3150,3,0,0.7689415
,3151,0,0,0.76901704
,3151,1,0,0.81968427
,3151,2,2,1.0
,3151,3,0,0.7674209
,3152,0,0,0.7687362
,3152,1,0,0.77085364
,3152,2,0,0.8183273
,3152,3,2,1.0
,3153,0,0,0.7620041
,3153,1,0,0.77107644
,3153,2,2,1.0
,3153,3,0,0.8214255
,3154,0,2,1.0
,3154,1,1,0.50231296
,3154,2,1,0.74569726
,3154,3,0,0.50221854
,3155,0,0,0.8193746
,3155,1,2,1.0
,3155,2,0,0.7482771
,3155,3,0,0.7587848
,3156,0,0,0.7707663
,3156,1,0,0.81832606
,3156,2,2,1.0
,3156,3,0,0.7686156
,3157,0,0,0.76912385
,3157,1,2,1.0
,3157,2,0,0.81833434
,3157,3,0,0.7690475
,3158,0,0,0.77073455
,3158,1,0,0.8147517
,3158,2,2,1.0
,3158,3,0,0.7707318
,3159,0,0,0.5593513
,3159,1,2,1.0
,3159,2,1,0.86070484
,3159,3,0,0.55935115
,3160,0,0,0.7590854
,3160,1,0,0.6054631
,3160,2,3,1.0
,3160,3,0,0.7590854
,3161,0,1,0.5127334
,3161,1,3,1.0
,3161,2,1,0.975418
,3161,3,1,0.51273346
,3162,0,1,0.51673406
,3162,1,1,0.9737119
,3162,2,2,1.0
,3162,3,1,0.51673406
,3163,0,0,0.7594747
,3163,1,2,1.0
,3163,2,0,0.5876826
,3163,3,0,0.7594747
,3164,0,0,0.5365213
,3164,1,1,0.5595492
,3164,2,3,0.9996627
,3164,3,0,0.5365213
,3165,0,1,0.5139422
,3165,1,2,1.0
,3165,2,1,0.97356945
,3165,3,1,0.5139422
,3166,0,0,0.75814927
,3166,1,0,0.81797904
,3166,2,2,1.0
,3166,3,0,0.7581491
,3167,0,0,0.77079797
,3167,1,2,1.0
,3167,2,0,0.81383884
,3167,3,0,0.77079475
,3168,0,0,0.5026095
,3168,1,1,0.75313175
,3168,2,2,0.99993014
,3168,3,0,0.5025073
,3169,0,1,0.51591
,3169,1,2,1.0
,3169,2,1,0.7471804
,3169,3,1,0.51820475
,3170,0,0,0.758213
,3170,1,0,0.8191539
,3170,2,0,0.74821204
,3170,3,2,1.0
,3171,0,0,0.77083874
,3171,1,0,0.76344204
,3171,2,2,1.0
,3171,3,0,0.8215436
,3172,0,1,0.52113664
,3172,1,2,1.0
,3172,2,1,0.89061964
,3172,3,1,0.51890165
,3173,0,0,0.757839
,3173,1,0,0.8179571
,3173,2,2,1.0
,3173,3,0,0.75791854
,3174,0,0,0.7708477
,3174,1,2,1.0
,3174,2,0,0.8135496
,3174,3,0,0.770853
,3175,0,1,0.5211868
,3175,1,1,0.89060277
,3175,2,2,1.0
,3175,3,1,0.52110654
,3176,0,0,0.75613296
,3176,1,2,1.0
,3176,2,0,0.81930774
,3176,3,0,0.75779116
,3177,0,2,1.0
,3177,1,0,0.8183276
,3177,2,0,0.770707
,3177,3,0,0.7685801
,3178,0,0,0.8196732
,3178,1,2,1.0
,3178,2,0,0.7674836
,3178,3,0,0.7690108
,3179,0,0,0.77048254
,3179,1,0,0.818326
,3179,2,2,1.0
,3179,3,0,0.768984
,3180,0,0,0.7606129
,3180,1,2,1.0
,3180,2,0,0.81827116
,3180,3,0,0.76904994
,3181,0,0,0.52966195
,3181,1,0,0.8204612
,3181,2,2,1.0
,3181,3,0,0.76941454
,3182,0,3,1.0
,3182,1,1,0.52393425
,3182,2,1,0.7585774
,3182,3,1,0.5119891
,3183,0,1,0.9742233
,3183,1,1,0.84536827
,3183,2,2,1.0
,3183,3,1,0.52500206
,3184,0,0,0.73704857
,3184,1,3,1.0
,3184,2,0,0.81825536
,3184,3,0,0.754945
,3185,0,2,1.0
,3185,1,1,0.63663685
,3185,2,0,0.772945
,3185,3,0,0.77111465
,3186,0,1,0.7436281
,3186,1,2,0.9999999
,3186,2,1,0.5105121
,3186,3,0,0.50220644
,3187,0,1,0.52676004
,3187,1,1,0.7487991
,3187,2,2,1.0
,3187,3,1,0.51583296
,3188,0,0,0.7576242
,3188,1,2,1.0
,3188,2,0,0.8179897
,3188,3,0,0.7579632
,3189,0,0,0.76837605
,3189,1,0,0.81974864
,3189,2,2,1.0
,3189,3,0,0.76702845
,3190,0,0,0.7619625
,3190,1,0,0.7729521
,3190,2,0,0.82116455
,3190,3,2,1.0
,3191,0,2,1.0
,3191,1,0,0.5026047
,3191,2,1,0.50805646
,3191,3,1,0.7435081
,3192,0,1,0.7487968
,3192,1,1,0.5156991
,3192,2,2,1.0
,3192,3,1,0.5266375
,3193,0,2,1.0
,3193,1,0,0.76009893
,3193,2,0,0.8135057
,3193,3,0,0.7597866
,3194,0,1,0.7456051
,3194,1,1,0.502714
,3194,2,2,1.0
,3194,3,1,0.50043666
,3195,0,0,0.7498782
,3195,1,2,1.0
,3195,2,0,0.8180246
,3195,3,0,0.7586598
,3196,0,0,0.7667415
,3196,1,0,0.8194779
,3196,2,2,1.0
,3196,3,0,0.7687366
,3197,0,2,1.0
,3197,1,0,0.7638224
,3197,2,0,0.8213571
,3197,3,0,0.77105695
,3198,0,1,0.7456213
,3198,1,2,1.0
,3198,2,1,0.5001577
,3198,3,1,0.50002027
,3199,0,0,0.7484538
,3199,1,1,0.5220617
,3199,2,2,1.0
,3199,3,0,0.75721866
,3200,0,0,0.7635976
,3200,1,3,1.0
,3200,2,0,0.8164411
,3200,3,0,0.76391226
,3201,0,0,0.7692804
,3201,1,1,0.6296204
,3201,2,2,1.0
,3201,3,0,0.76929146
,3202,0,0,0.76893336
,3202,1,2,1.0
,3202,2,0,0.8183045
,3202,3,0,0.7689317
,3203,0,0,0.76899654
,3203,1,0,0.8183361
,3203,2,2,1.0
,3203,3,0,0.7689395
,3204,0,0,0.7690286
,3204,1,2,1.0
,3204,2,0,0.81968445
,3204,3,0,0.7674209
,3205,0,0,0.7690636
,3205,1,0,0.8183276
,3205,2,0,0.77086115
,3205,3,2,1.0
,3206,0,0,0.77124596
,3206,1,2,1.0
,3206,2,0,0.7713068
,3206,3,0,0.81354946
,3207,0,1,0.5210895
,3207,1,1,0.8906029
,3207,2,1,0.52116686
,3207,3,2,1.0
,3208,0,0,0.75779223
,3208,1,2,0.9999999
,3208,2,0,0.7561352
,3208,3,0,0.8192619
,3209,0,0,0.76860684
,3209,1,0,0.8196734
,3209,2,2,1.0
,3209,3,0,0.769194
,3210,0,0,0.7689702
,3210,1,0,0.7707817
,3210,2,0,0.81832814
,3210,3,2,1.0
,3211,0,0,0.76908195
,3211,1,0,0.76911634
,3211,2,2,1.0
,3211,3,0,0.8183346
,3212,0,0,0.771347
,3212,1,0,0.7705049
,3212,2,0,0.81350416
,3212,3,2,1.0
,3213,0,1,0.5180049
,3213,1,1,0.5451025
,3213,2,2,0.9997866
,3213,3,1,0.8884954
,3214,0,1,0.5351619
,3214,1,2,0.939855
,3214,2,1,0.8912609
,3214,3,1,0.55148
,3215,0,0,0.7572746
,3215,1,0,0.790948
,3215,2,2,1.0
,3215,3,0,0.7566941
,3216,0,0,0.76865673
,3216,1,2,1.0
,3216,2,0,0.81833357
,3216,3,0,0.76863617
,3217,0,0,0.7710718
,3217,1,0,0.81385666
,3217,2,2,1.0
,3217,3,0,0.7710711
,3218,0,1,0.5001901
,3218,1,2,1.0
,3218,2,1,0.74743736
,3218,3,1,0.5001902
,3219,0,0,0.7585811
,3219,1,0,0.81798995
,3219,2,2,1.0
,3219,3,0,0.758579
,3220,0,0,0.7686291
,3220,1,2,1.0
,3220,2,0,0.8183361
,3220,3,0,0.7685721
,3221,0,0,0.769013
,3221,1,0,0.8196346
,3221,2,2,1.0
,3221,3,0,0.7674093
,3222,0,0,0.76900905
,3222,1,0,0.76921135
,3222,2,0,0.8196733
,3222,3,2,1.0
,3223,0,0,0.76898247
,3223,1,2,1.0
,3223,2,0,0.77072424
,3223,3,0,0.8183294
,3224,0,0,0.7690225
,3224,1,0,0.8196799
,3224,2,0,0.76748395
,3224,3,2,1.0
,3225,0,0,0.7689121
,3225,1,0,0.77070844
,3225,2,2,1.0
,3225,3,0,0.81960696
,3226,0,0,0.7731893
,3226,1,0,0.7731942
,3226,2,2,1.0
,3226,3,0,0.77496946
,3227,0,0,0.7734874
,3227,1,0,0.7718305
,3227,2,2,1.0
,3227,3,0,0.77354985
,3228,0,0,0.7712514
,3228,1,2,1.0
,3228,2,0,0.8138588
,3228,3,0,0.7712536
,3229,0,1,0.5000883
,3229,1,1,0.74781865
,3229,2,2,1.0
,3229,3,1,0.50008816
,3230,0,0,0.76071763
,3230,1,2,0.9980131
,3230,2,0,0.8134982
,3230,3,0,0.76071763
,3231,0,1,0.50064933
,3231,1,1,0.74788564
,3231,2,2,1.0
,3231,3,1,0.50064933
,3232,0,0,0.75856465
,3232,1,2,1.0
,3232,2,0,0.8179899
,3232,3,0,0.75856465
,3233,0,0,0.7686272
,3233,1,0,0.81833494
,3233,2,2,1.0
,3233,3,0,0.7686272
,3234,0,0,0.7689847
,3234,1,2,1.0
,3234,2,0,0.8183351
,3234,3,0,0.7689847
,3235,0,0,0.7689973
,3235,1,0,0.81833506
,3235,2,2,1.0
,3235,3,0,0.7689973
,3236,0,0,0.7689979
,3236,1,2,1.0
,3236,2,0,0.81833494
,3236,3,0,0.7689978
,3237,0,0,0.76900065
,3237,1,0,0.81833506
,3237,2,2,1.0
,3237,3,0,0.7690001
,3238,0,0,0.7690782
,3238,1,2,1.0
,3238,2,0,0.81833434
,3238,3,0,0.7690639
,3239,0,0,0.77118343
,3239,1,0,0.8138535
,3239,2,2,1.0
,3239,3,0,0.77078056
,3240,0,0,0.50262535
,3240,1,2,0.99999976
,3240,2,1,0.7435656
,3240,3,1,0.51019007
,3241,0,1,0.5154854
,3241,1,1,0.7472465
,3241,2,1,0.52918744
,3241,3,2,1.0
,3242,0,0,0.7602527
,3242,1,0,0.7424822
,3242,2,2,0.9988627
,3242,3,0,0.8211109
,3243,0,1,0.5007889
,3243,1,2,1.0
,3243,2,1,0.7477377
,3243,3,0,0.5019208
,3244,0,0,0.7585593
,3244,1,0,0.8179897
,3244,2,2,0.99999976
,3244,3,0,0.7586557
,3245,0,0,0.7686297
,3245,1,2,1.0
,3245,2,0,0.81833494
,3245,3,0,0.7686331
,3246,0,0,0.7690616
,3246,1,0,0.81833446
,3246,2,2,1.0
,3246,3,0,0.7690591
,3247,0,0,0.7710867
,3247,1,2,1.0
,3247,2,0,0.81386155
,3247,3,0,0.77101445
,3248,0,0,0.50006974
,3248,1,1,0.74561244
,3248,2,2,1.0
,3248,3,1,0.5022287
,3249,0,0,0.75875264
,3249,1,0,0.7496775
,3249,2,0,0.81802243
,3249,3,2,1.0
,3250,0,0,0.7707222
,3250,1,0,0.7613082
,3250,2,2,1.0
,3250,3,0,0.8214266
,3251,0,1,0.5002983
,3251,1,2,1.0
,3251,2,1,0.74747175
,3251,3,0,0.50195926
,3252,0,0,0.7585767
,3252,1,0,0.8179897
,3252,2,2,1.0
,3252,3,0,0.7586569
,3253,0,0,0.7686277
,3253,1,2,1.0
,3253,2,0,0.81833494
,3253,3,0,0.76862854
,3254,0,0,0.768986
,3254,1,0,0.8183363
,3254,2,2,1.0
,3254,3,0,0.76892906
,3255,0,0,0.76902527
,3255,1,2,1.0
,3255,2,0,0.81968033
,3255,3,0,0.76742053
,3256,0,0,0.76898295
,3256,1,0,0.8183293
,3256,2,0,0.77072424
,3256,3,2,1.0
,3257,0,0,0.7690249
,3257,1,2,1.0
,3257,2,0,0.7674843
,3257,3,0,0.8196819
,3258,0,0,0.76898175
,3258,1,0,0.81832814
,3258,2,2,1.0
,3258,3,0,0.7707777
,3259,0,0,0.7690007
,3259,1,2,1.0
,3259,2,0,0.8183361
,3259,3,0,0.76900494
,3260,0,0,0.76909983
,3260,1,0,0.8197457
,3260,2,2,1.0
,3260,3,0,0.7674225
,3261,0,0,0.77099866
,3261,1,0,0.7728573
,3261,2,0,0.81385434
,3261,3,2,1.0
,3262,0,1,0.5022305
,3262,1,0,0.50014067
,3262,2,2,1.0
,3262,3,1,0.74560356
,3263,0,2,1.0
,3263,1,0,0.7586189
,3263,2,0,0.8180246
,3263,3,0,0.7499384
,3264,0,0,0.81968445
,3264,1,0,0.76705396
,3264,2,2,1.0
,3264,3,0,0.76835215
,3265,0,0,0.7708447
,3265,1,2,1.0
,3265,2,0,0.8183271
,3265,3,0,0.769009
,3266,0,0,0.77081686
,3266,1,0,0.81463504
,3266,2,2,1.0
,3266,3,0,0.7703558
,3267,0,0,0.55213463
,3267,1,2,1.0
,3267,2,1,0.55663705
,3267,3,0,0.5397852
,3268,0,0,0.7603481
,3268,1,0,0.82018185
,3268,2,2,0.99999976
,3268,3,0,0.504413
,3269,0,0,0.51845324
,3269,1,0,0.52056825
,3269,2,1,0.55549157
,3269,3,3,1.0
,3270,0,1,0.5292077
,3270,1,1,0.54184914
,3270,2,2,1.0
,3270,3,1,0.9902543
,3271,0,1,0.51736397
,3271,1,2,0.9999999
,3271,2,1,0.7488515
,3271,3,1,0.5378602
,3272,0,0,0.7580516
,3272,1,0,0.81798834
,3272,2,2,1.0
,3272,3,0,0.7573227
,3273,0,0,0.7708555
,3273,1,2,1.0
,3273,2,0,0.8135496
,3273,3,0,0.7708323
,3274,0,1,0.5211866
,3274,1,1,0.89060277
,3274,2,2,1.0
,3274,3,1,0.5211075
,3275,0,0,0.7561329
,3275,1,2,1.0
,3275,2,0,0.8193093
,3275,3,0,0.75779104
,3276,0,2,1.0
,3276,1,0,0.8183265
,3276,2,0,0.77076226
,3276,3,0,0.76857686
,3277,0,0,0.8183362
,3277,1,2,1.0
,3277,2,0,0.76905227
,3277,3,0,0.7689269
,3278,0,2,1.0
,3278,1,0,0.8197499
,3278,2,0,0.76876867
,3278,3,0,0.7674198
,3279,0,0,0.8214858
,3279,1,0,0.7730135
,3279,2,0,0.76162267
,3279,3,2,1.0
,3280,0,1,0.52113324
,3280,1,1,0.5209796
,3280,2,2,1.0
,3280,3,1,0.8896871
,3281,0,2,1.0
,3281,1,0,0.7578835
,3281,2,0,0.81800765
,3281,3,0,0.74477226
,3282,0,0,0.8183369
,3282,1,0,0.7685491
,3282,2,2,1.0
,3282,3,0,0.7681407
,3283,0,2,1.0
,3283,1,0,0.76740855
,3283,2,0,0.8196346
,3283,3,0,0.7689957
,3284,0,0,0.819675
,3284,1,2,1.0
,3284,2,0,0.7692114
,3284,3,0,0.76900643
,3285,0,0,0.7707809
,3285,1,0,0.8183294
,3285,2,2,1.0
,3285,3,0,0.76892555
,3286,0,0,0.76908875
,3286,1,2,1.0
,3286,2,0,0.8196819
,3286,3,0,0.7674201
,3287,0,0,0.768984
,3287,1,0,0.81832814
,3287,2,0,0.7707777
,3287,3,2,1.0
,3288,0,0,0.7690012
,3288,1,2,1.0
,3288,2,0,0.76900494
,3288,3,0,0.8183362
,3289,0,0,0.7691091
,3289,1,0,0.81946254
,3289,2,0,0.76742303
,3289,3,2,1.0
,3290,0,0,0.77128667
,3290,1,0,0.7633512
,3290,2,2,1.0
,3290,3,0,0.8215309
,3291,0,1,0.5277222
,3291,1,2,1.0
,3291,2,1,0.9573363
,3291,3,1,0.52780443
,3292,0,0,0.7576357
,3292,1,0,0.81800354
,3292,2,0,0.74235594
,3292,3,2,1.0
,3293,0,0,0.7685962
,3293,1,2,1.0
,3293,2,0,0.76805395
,3293,3,0,0.8183357
,3294,0,0,0.7689838
,3294,1,0,0.8183351
,3294,2,0,0.76896423
,3294,3,2,1.0
,3295,0,0,0.7690002
,3295,1,2,1.0
,3295,2,0,0.76898736
,3295,3,0,0.81833506
,3296,0,0,0.7690797
,3296,1,0,0.81833446
,3296,2,0,0.76873857
,3296,3,2,1.0
,3297,0,0,0.77124375
,3297,1,2,1.0
,3297,2,0,0.761637
,3297,3,0,0.8215524
,3298,0,1,0.52111953
,3298,1,1,0.8906199
,3298,2,2,1.0
,3298,3,1,0.51890206
,3299,0,0,0.7578346
,3299,1,2,1.0
,3299,2,0,0.8179528
,3299,3,0,0.7579129
,3300,0,0,0.7706933
,3300,1,0,0.8138566
,3300,2,2,0.9999883
,3300,3,0,0.7706801
,3301,0,1,0.5000843
,3301,1,2,1.0
,3301,2,1,0.7474388
,3301,3,1,0.5005893
,3302,0,0,0.7609781
,3302,1,0,0.82126063
,3302,2,2,1.0
,3302,3,0,0.7505757
,3303,0,1,0.53018236
,3303,1,1,0.52802634
,3303,2,1,0.98422676
,3303,3,2,0.99880826
,3304,0,0,0.7597694
,3304,1,0,0.74975836
,3304,2,2,1.0
,3304,3,0,0.8206743
,3305,0,1,0.5282545
,3305,1,2,1.0
,3305,2,1,0.9577203
,3305,3,1,0.52558064
,3306,0,0,0.75747144
,3306,1,0,0.8179455
,3306,2,2,1.0
,3306,3,0,0.75756663
,3307,0,0,0.7685888
,3307,1,2,1.0
,3307,2,0,0.81833476
,3307,3,0,0.7685922
,3308,0,0,0.7689949
,3308,1,0,0.81831974
,3308,2,2,1.0
,3308,3,0,0.7689951
,3309,0,0,0.76841617
,3309,1,2,1.0
,3309,2,1,0.5223763
,3309,3,0,0.7684161
,3310,0,0,0.7688178
,3310,1,0,0.8129143
,3310,2,3,1.0
,3310,3,0,0.7688178
,3311,0,1,0.5000571
,3311,1,2,1.0
,3311,2,1,0.9733309
,3311,3,1,0.500058
,3312,0,0,0.7608262
,3312,1,0,0.8134514
,3312,2,2,0.99999833
,3312,3,0,0.76080805
,3313,0,0,0.5001371
,3313,1,2,1.0
,3313,2,1,0.894463
,3313,3,1,0.50042105
,3314,0,1,0.53396815
,3314,1,1,0.89038014
,3314,2,3,1.0
,3314,3,1,0.5465893
,3315,0,1,0.5193451
,3315,1,1,0.53325045
,3315,2,1,0.97339517
,3315,3,2,1.0
,3316,0,2,1.0
,3316,1,0,0.75028896
,3316,2,0,0.7440265
,3316,3,0,0.82112426
,3317,0,1,0.74564046
,3317,1,2,1.0
,3317,2,1,0.50353336
,3317,3,0,0.50219214
,3318,0,0,0.74995184
,3318,1,0,0.8179939
,3318,2,2,1.0
,3318,3,0,0.75876486
,3319,0,0,0.76708597
,3319,1,2,1.0
,3319,2,1,0.52141345
,3319,3,0,0.7673977
,3320,0,0,0.76426446
,3320,1,0,0.8164401
,3320,2,3,1.0
,3320,3,0,0.7642182
,3321,0,0,0.76929146
,3321,1,2,1.0
,3321,2,1,0.6276006
,3321,3,0,0.7676937
,3322,0,0,0.7690194
,3322,1,0,0.8196982
,3322,2,0,0.753324
,3322,3,2,1.0
,3323,0,0,0.76740474
,3323,1,0,0.7708043
,3323,2,2,1.0
,3323,3,0,0.81967425
,3324,0,2,1.0
,3324,1,0,0.7689889
,3324,2,0,0.8183291
,3324,3,0,0.7707804
,3325,0,0,0.819682
,3325,1,0,0.7674225
,3325,2,2,1.0
,3325,3,0,0.7690867
,3326,0,0,0.7707809
,3326,1,2,1.0
,3326,2,0,0.8183293
,3326,3,0,0.76892823
,3327,0,0,0.76908875
,3327,1,0,0.8196819
,3327,2,2,1.0
,3327,3,0,0.7674202
,3328,0,0,0.768984
,3328,1,0,0.7707795
,3328,2,0,0.8183279
,3328,3,2,1.0
,3329,0,0,0.7689999
,3329,1,0,0.7690521
,3329,2,2,1.0
,3329,3,0,0.81833494
,3330,0,0,0.7690782
,3330,1,0,0.7687542
,3330,2,0,0.81833416
,3330,3,2,1.0
,3331,0,0,0.77118653
,3331,1,0,0.7619939
,3331,2,2,1.0
,3331,3,0,0.8211715
,3332,0,0,0.5026667
,3332,1,2,1.0
,3332,2,1,0.74342114
,3332,3,1,0.5080588
,3333,0,1,0.51284534
,3333,1,1,0.7544747
,3333,2,1,0.5243568
,3333,3,2,1.0
,3334,0,1,0.5140149
,3334,1,2,1.0
,3334,2,1,0.5273044
,3334,3,1,0.74498266
,3335,0,1,0.5164899
,3335,1,1,0.7488176
,3335,2,2,1.0
,3335,3,1,0.52721107
,3336,0,0,0.760143
,3336,1,2,0.9999999
,3336,2,0,0.8210792
,3336,3,0,0.7503887
,3337,0,1,0.5007721
,3337,1,1,0.747473
,3337,2,0,0.5018569
,3337,3,2,1.0
,3338,0,0,0.75867355
,3338,1,2,1.0
,3338,2,0,0.75703603
,3338,3,0,0.819405
,3339,0,0,0.7706986
,3339,1,0,0.81384784
,3339,2,2,1.0
,3339,3,0,0.7728411
,3340,0,1,0.500208
,3340,1,2,1.0
,3340,2,1,0.7474379
,3340,3,1,0.50011253
,3341,0,0,0.75858057
,3341,1,0,0.81798995
,3341,2,2,1.0
,3341,3,0,0.7585839
,3342,0,0,0.7686306
,3342,1,2,1.0
,3342,2,0,0.81833494
,3342,3,0,0.7686308
,3343,0,0,0.7690654
,3343,1,0,0.81833434
,3343,2,2,1.0
,3343,3,0,0.7690654
,3344,0,0,0.7711902
,3344,1,2,1.0
,3344,2,0,0.8138557
,3344,3,0,0.7711902
,3345,0,0,0.5030005
,3345,1,1,0.7535289
,3345,2,2,1.0
,3345,3,0,0.5030005
,3346,0,1,0.5399327
,3346,1,2,1.0
,3346,2,1,0.9578502
,3346,3,1,0.5399326
,3347,0,0,0.7570569
,3347,1,0,0.8179468
,3347,2,2,1.0
,3347,3,0,0.75705916
,3348,0,0,0.768518
,3348,1,2,1.0
,3348,2,0,0.8183361
,3348,3,0,0.76857805
,3349,0,0,0.7674056
,3349,1,0,0.819741
,3349,2,2,1.0
,3349,3,0,0.76909596
,3350,0,2,1.0
,3350,1,0,0.77271485
,3350,2,0,0.8135414
,3350,3,0,0.77132535
,3351,0,1,0.88858944
,3351,1,1,0.5308586
,3351,2,2,1.0
,3351,3,1,0.51815003
,3352,0,1,0.53546315
,3352,1,2,1.0
,3352,2,1,0.7470589
,3352,3,1,0.5167111
,3353,0,2,1.0
,3353,1,0,0.81801885
,3353,2,0,0.74981195
,3353,3,0,0.75806385
,3354,0,0,0.8196825
,3354,1,2,1.0
,3354,2,0,0.76673996
,3354,3,0,0.7686388
,3355,0,0,0.77077967
,3355,1,0,0.81832755
,3355,2,2,1.0
,3355,3,0,0.7689679
,3356,0,0,0.7690607
,3356,1,2,0.9999987
,3356,2,0,0.81833494
,3356,3,0,0.7689963
,3357,0,0,0.7690001
,3357,1,0,0.81833446
,3357,2,2,1.0
,3357,3,0,0.76899576
,3358,0,0,0.7689991
,3358,1,2,1.0
,3358,2,0,0.8183363
,3358,3,0,0.76894206
,3359,0,0,0.7690261
,3359,1,0,0.8196346
,3359,2,2,1.0
,3359,3,0,0.7674224
,3360,0,0,0.7690099
,3360,1,0,0.7692127
,3360,2,0,0.8196276
,3360,3,2,1.0
,3361,0,0,0.76901
,3361,1,2,1.0
,3361,2,0,0.76921123
,3361,3,0,0.81967586
,3362,0,0,0.76899844
,3362,1,0,0.81829935
,3362,2,2,1.0
,3362,3,0,0.7707968
,3363,0,0,0.7677659
,3363,1,2,1.0
,3363,2,1,0.5214067
,3363,3,0,0.76783043
,3364,0,0,0.7643675
,3364,1,0,0.8162713
,3364,2,3,1.0
,3364,3,0,0.76438427
,3365,0,0,0.7696691
,3365,1,2,0.9996156
,3365,2,1,0.833267
,3365,3,0,0.7700714
,3366,0,1,0.52091473
,3366,1,1,0.74754757
,3366,2,3,1.0
,3366,3,1,0.50810814
,3367,0,2,1.0
,3367,1,1,0.5270914
,3367,2,1,0.9737754
,3367,3,1,0.5159924
,3368,0,0,0.82106274
,3368,1,0,0.7503447
,3368,2,2,0.99452996
,3368,3,0,0.7601137
,3369,0,0,0.50192124
,3369,1,2,1.0
,3369,2,1,0.7487142
,3369,3,1,0.5007897
,3370,0,0,0.75859845
,3370,1,0,0.817991
,3370,2,2,1.0
,3370,3,0,0.7585608
,3371,0,0,0.76705194
,3371,1,2,1.0
,3371,2,0,0.81968427
,3371,3,0,0.76865786
,3372,0,2,1.0
,3372,1,0,0.81832725
,3372,2,0,0.7708562
,3372,3,0,0.7690455
,3373,0,0,0.8138568
,3373,1,2,1.0
,3373,2,0,0.7711465
,3373,3,0,0.77108514
,3374,0,2,1.0
,3374,1,1,0.7474316
,3374,2,1,0.50025445
,3374,3,1,0.5001731
,3375,0,0,0.819403
,3375,1,2,1.0
,3375,2,0,0.75696117
,3375,3,0,0.7586953
,3376,0,0,0.7727699
,3376,1,0,0.8138528
,3376,2,2,1.0
,3376,3,0,0.7707
,3377,0,1,0.5021456
,3377,1,2,1.0
,3377,2,1,0.7456631
,3377,3,0,0.50005156
,3378,0,2,1.0
,3378,1,0,0.81932735
,3378,2,0,0.7482805
,3378,3,0,0.7587066
,3379,0,0,0.8196734
,3379,1,0,0.76919794
,3379,2,2,1.0
,3379,3,0,0.7685828
,3380,0,0,0.77080786
,3380,1,2,1.0
,3380,2,0,0.81962776
,3380,3,0,0.76739275
,3381,0,0,0.7690707
,3381,1,0,0.81962746
,3381,2,0,0.7692121
,3381,3,2,1.0
,3382,0,0,0.76895326
,3382,1,0,0.76921225
,3382,2,2,1.0
,3382,3,0,0.8196775
,3383,0,0,0.76727647
,3383,1,2,1.0
,3383,2,0,0.80881935
,3383,3,0,0.7708121
,3384,0,2,1.0
,3384,1,0,0.81832004
,3384,2,1,0.5994799
,3384,3,0,0.7657979
,3385,0,0,0.81793773
,3385,1,0,0.7650344
,3385,2,3,0.99999475
,3385,3,0,0.76474947
,3386,0,0,0.7695892
,3386,1,2,1.0
,3386,2,1,0.6278651
,3386,3,0,0.76937133
,3387,0,2,1.0
,3387,1,0,0.82144177
,3387,2,0,0.7476771
,3387,3,0,0.771134
,3388,0,1,0.7474757
,3388,1,0,0.5019492
,3388,2,2,1.0
,3388,3,1,0.5002907
,3389,0,2,1.0
,3389,1,0,0.7586566
,3389,2,0,0.8179897
,3389,3,0,0.75857687
,3390,0,0,0.81833506
,3390,1,0,0.76863045
,3390,2,2,1.0
,3390,3,0,0.7686257
,3391,0,2,1.0
,3391,1,0,0.768984
,3391,2,0,0.8183365
,3391,3,0,0.76892906
,3392,0,0,0.819675
,3392,1,0,0.76896954
,3392,2,2,1.0
,3392,3,0,0.76742285
,3393,0,0,0.770563
,3393,1,0,0.7674039
,3393,2,0,0.8197419
,3393,3,2,1.0
,3394,0,0,0.76204324
,3394,1,2,1.0
,3394,2,0,0.772961
,3394,3,0,0.82150733
,3395,0,2,1.0
,3395,1,1,0.7534777
,3395,2,0,0.5030014
,3395,3,0,0.50516814
,3396,0,1,0.8941284
,3396,1,2,1.0
,3396,2,1,0.53135604
,3396,3,1,0.5311543
,3397,0,2,1.0
,3397,1,1,0.74749666
,3397,2,1,0.52006537
,3397,3,1,0.51765954
,3398,0,0,0.821109
,3398,1,0,0.7424741
,3398,2,2,1.0
,3398,3,0,0.7601766
,3399,0,0,0.5018529
,3399,1,2,1.0
,3399,2,1,0.74747497
,3399,3,1,0.50077564
,3400,0,0,0.7570363
,3400,1,0,0.81940883
,3400,2,2,1.0
,3400,3,0,0.7586788
,3401,0,2,1.0
,3401,1,0,0.77298915
,3401,2,0,0.8135408
,3401,3,0,0.77086294
,3402,0,1,0.89060533
,3402,1,1,0.521386
,3402,2,2,1.0
,3402,3,1,0.520992
,3403,0,2,1.0
,3403,1,0,0.7500409
,3403,2,0,0.8212233
,3403,3,0,0.7601342
,3404,0,1,0.9577203
,3404,1,2,1.0
,3404,2,1,0.5255563
,3404,3,1,0.5282385
,3405,0,2,1.0
,3405,1,0,0.8179455
,3405,2,0,0.7575674
,3405,3,0,0.757472
,3406,0,0,0.81833494
,3406,1,2,1.0
,3406,2,0,0.7685916
,3406,3,0,0.7685883
,3407,0,2,1.0
,3407,1,0,0.8183351
,3407,2,0,0.76898146
,3407,3,0,0.7689833
,3408,0,0,0.8183363
,3408,1,2,1.0
,3408,2,0,0.7689415
,3408,3,0,0.76899654
,3409,0,2,1.0
,3409,1,0,0.81968206
,3409,2,0,0.7674232
,3409,3,0,0.76897
,3410,0,0,0.8196773
,3410,1,0,0.77079904
,3410,2,2,1.0
,3410,3,0,0.7674049
,3411,0,0,0.7708531
,3411,1,0,0.7687992
,3411,2,0,0.8183271
,3411,3,2,1.0
,3412,0,0,0.77107644
,3412,1,0,0.7620062
,3412,2,2,1.0
,3412,3,0,0.8214255
,3413,0,1,0.50231904
,3413,1,2,1.0
,3413,2,1,0.74563986
,3413,3,0,0.5022143
,3414,0,2,1.0
,3414,1,0,0.8180244
,3414,2,0,0.74987644
,3414,3,0,0.75874996
,3415,0,0,0.8196641
,3415,1,2,1.0
,3415,2,0,0.76674175
,3415,3,0,0.76864094
,3416,0,0,0.7701477
,3416,1,0,0.81913906
,3416,2,2,1.0
,3416,3,0,0.7683332
,3417,0,0,0.75745493
,3417,1,0,0.7592544
,3417,2,2,1.0
,3417,3,0,0.7573883
,3418,0,0,1.0
,3418,1,2,0.60414165
,3418,2,0,1.0
,3418,3,0,1.0
,3419,0,0,0.51472175
,3419,1,1,0.7038679
,3419,2,3,1.0
,3419,3,0,0.5147217
,3420,0,0,0.53066427
,3420,1,2,1.0
,3420,2,1,0.9552009
,3420,3,0,0.53066427
,3421,0,0,0.76119316
,3421,1,0,0.6075439
,3421,2,2,0.6021631
,3421,3,0,0.76119316
,3422,0,1,0.5126459
,3422,1,3,1.0
,3422,2,1,0.8450472
,3422,3,1,0.512646
,3423,0,1,0.533754
,3423,1,1,0.9980446
,3423,2,2,1.0
,3423,3,1,0.5337576
,3424,0,0,0.7572564
,3424,1,3,1.0
,3424,2,0,0.8125827
,3424,3,0,0.757181
,3425,0,1,0.50012803
,3425,1,1,0.9731072
,3425,2,2,1.0
,3425,3,1,0.50243014
,3426,0,0,0.7586342
,3426,1,0,0.72782457
,3426,2,0,0.81792
,3426,3,2,0.9999999
,3427,0,0,0.7654944
,3427,1,1,0.6023591
,3427,2,2,1.0
,3427,3,0,0.81846625
,3428,0,0,0.7656652
,3428,1,3,1.0
,3428,2,0,0.6050779
,3428,3,0,0.76755863
,3429,0,1,0.5125597
,3429,1,1,0.9911957
,3429,2,3,1.0
,3429,3,1,0.5124759
,3430,0,1,0.5198385
,3430,1,3,1.0
,3430,2,1,0.9750076
,3430,3,1,0.5198339
,3431,0,1,0.5140353
,3431,1,1,0.9745208
,3431,2,2,0.99997663
,3431,3,1,0.514015
,3432,0,1,0.5362849
,3432,1,2,1.0
,3432,2,1,0.97584665
,3432,3,1,0.53583074
,3433,0,0,0.7476242
,3433,1,0,0.82007414
,3433,2,3,1.0
,3433,3,0,0.7570691
,3434,0,2,1.0
,3434,1,0,0.5002607
,3434,2,1,0.97305244
,3434,3,1,0.50025505
,3435,0,0,0.8180365
,3435,1,2,1.0
,3435,2,0,0.7413895
,3435,3,0,0.75869626
,3436,0,2,1.0
,3436,1,0,0.81973124
,3436,2,0,0.75515246
,3436,3,0,0.7687131
,3437,0,0,0.81464
,3437,1,0,0.7725062
,3437,2,2,0.969282
,3437,3,0,0.77070504
,3438,0,2,1.0
,3438,1,0,0.55330235
,3438,2,1,0.5684615
,3438,3,0,0.5532412
,3439,0,0,0.6076562
,3439,1,0,0.7617246
,3439,2,2,1.0
,3439,3,0,0.7621322
,3440,0,3,1.0
,3440,1,1,0.52562004
,3440,2,1,0.7491409
,3440,3,1,0.5128349
,3441,0,1,0.97340286
,3441,1,2,1.0
,3441,2,1,0.5288595
,3441,3,1,0.51606447
,3442,0,0,0.74157345
,3442,1,0,0.8180296
,3442,2,2,1.0
,3442,3,0,0.75820166
,3443,0,0,0.7606313
,3443,1,2,1.0
,3443,2,0,0.82156307
,3443,3,0,0.77087265
,3444,0,2,1.0
,3444,1,1,0.9757117
,3444,2,1,0.51988167
,3444,3,1,0.5221145
,3445,0,0,0.81224203
,3445,1,3,1.0
,3445,2,0,0.75780606
,3445,3,0,0.75772667
,3446,0,2,1.0
,3446,1,1,0.99037313
,3446,2,1,0.5202906
,3446,3,1,0.520294
,3447,0,0,0.8179221
,3447,1,2,1.0
,3447,2,0,0.7577889
,3447,3,0,0.75778884
,3448,0,2,1.0
,3448,1,1,0.52136534
,3448,2,0,0.7674395
,3448,3,0,0.7674422
,3449,0,0,0.8119099
,3449,1,3,1.0
,3449,2,0,0.76628506
,3449,3,0,0.76635814
,3450,0,2,1.0
,3450,1,1,0.97305167
,3450,2,1,0.5020575
,3450,3,0,0.5002336
,3451,0,0,0.8193397
,3451,1,0,0.7401897
,3451,2,2,1.0
,3451,3,0,0.75874627
,3452,0,0,0.76919484
,3452,1,2,1.0
,3452,2,0,0.81965923
,3452,3,0,0.76863897
,3453,0,2,1.0
,3453,1,0,0.8183249
,3453,2,0,0.77031994
,3453,3,0,0.76896846
,3454,0,0,0.8182272
,3454,1,2,1.0
,3454,2,0,0.7559901
,3454,3,0,0.7689525
,3455,0,2,1.0
,3455,1,0,0.8184334
,3455,2,1,0.6018063
,3455,3,0,0.76582235
,3456,0,0,0.81286955
,3456,1,0,0.7683313
,3456,2,3,1.0
,3456,3,0,0.7664538
,3457,0,2,1.0
,3457,1,0,0.5508236
,3457,2,1,0.9859251
,3457,3,0,0.5507392
,3458,0,0,0.8171596
,3458,1,0,0.7582973
,3458,2,3,1.0
,3458,3,0,0.75829434
,3459,0,2,1.0
,3459,1,0,0.76917714
,3459,2,1,0.62961215
,3459,3,0,0.769177
,3460,0,0,0.8138253
,3460,1,0,0.771019
,3460,2,2,1.0
,3460,3,0,0.771019
,3461,0,2,1.0
,3461,1,1,0.50008196
,3461,2,1,0.7485337
,3461,3,1,0.50008196
,3462,0,0,0.8134493
,3462,1,0,0.76074654
,3462,2,2,0.9941883
,3462,3,0,0.76074666
,3463,0,2,1.0
,3463,1,1,0.5037725
,3463,2,1,0.9362715
,3463,3,1,0.503769
,3464,0,0,0.8124846
,3464,1,0,0.7580073
,3464,2,3,1.0
,3464,3,0,0.7580796
,3465,0,2,1.0
,3465,1,1,0.50237554
,3465,2,1,0.9730388
,3465,3,1,0.5001648
,3466,0,0,0.81938684
,3466,1,2,1.0
,3466,2,0,0.7418563
,3466,3,0,0.75708157
,3467,0,0,0.7707958
,3467,1,0,0.8196745
,3467,2,0,0.7664365
,3467,3,2,1.0
,3468,0,0,0.7690441
,3468,1,0,0.7707771
,3468,2,2,1.0
,3468,3,0,0.8183279
,3469,0,0,0.76900035
,3469,1,0,0.76900494
,3469,2,0,0.8183361
,3469,3,2,1.0
,3470,0,0,0.76902586
,3470,1,0,0.7674233
,3470,2,2,1.0
,3470,3,0,0.81968033
,3471,0,0,0.76898295
,3471,1,2,1.0
,3471,2,0,0.8183293
,3471,3,0,0.77072436
,3472,0,0,0.7690249
,3472,1,0,0.8196802
,3472,2,2,1.0
,3472,3,0,0.7674843
,3473,0,0,0.7689838
,3473,1,0,0.7707232
,3473,2,0,0.8183291
,3473,3,2,1.0
,3474,0,0,0.7690441
,3474,1,0,0.7674469
,3474,2,2,1.0
,3474,3,0,0.8197005
,3475,0,0,0.76781076
,3475,1,2,1.0
,3475,2,1,0.5213769
,3475,3,0,0.7696294
,3476,0,0,0.7660434
,3476,1,0,0.8119014
,3476,2,3,1.0
,3476,3,0,0.7665412
,3477,0,1,0.51044405
,3477,1,2,1.0
,3477,2,1,0.97279036
,3477,3,0,0.5031505
,3478,0,2,1.0
,3478,1,1,0.8890987
,3478,2,1,0.56473863
,3478,3,1,0.53110284
,3479,0,1,0.7489079
,3479,1,1,0.5333174
,3479,2,2,1.0
,3479,3,1,0.5174027
,3480,0,2,1.0
,3480,1,0,0.7588861
,3480,2,0,0.60800064
,3480,3,0,0.75944954
,3481,0,1,0.8971393
,3481,1,1,0.51380754
,3481,2,3,1.0
,3481,3,1,0.5137826
,3482,0,3,1.0
,3482,1,1,0.53342545
,3482,2,1,0.99092877
,3482,3,1,0.5334244
,3483,0,1,0.99047554
,3483,1,1,0.5347188
,3483,2,2,1.0
,3483,3,1,0.53471875
,3484,0,2,1.0
,3484,1,0,0.75584406
,3484,2,1,0.52217656
,3484,3,0,0.75584406
,3485,0,0,0.81161445
,3485,1,0,0.7661215
,3485,2,3,1.0
,3485,3,0,0.7661215
,3486,0,2,1.0
,3486,1,1,0.51998496
,3486,2,1,0.9980257
,3486,3,1,0.51998484
,3487,0,0,0.8125754
,3487,1,0,0.7577409
,3487,2,3,1.0
,3487,3,0,0.75774384
,3488,0,2,1.0
,3488,1,1,0.5005387
,3488,2,1,0.9733116
,3488,3,1,0.5004514
,3489,0,0,0.8085084
,3489,1,0,0.7567685
,3489,2,2,1.0
,3489,3,0,0.75856644
,3490,0,1,0.5975675
,3490,1,2,1.0
,3490,2,0,0.81133384
,3490,3,0,0.765458
,3491,0,3,1.0
,3491,1,0,0.81212306
,3491,2,0,0.5257017
,3491,3,0,0.7636269
,3492,0,1,0.97448945
,3492,1,1,0.7581239
,3492,2,3,1.0
,3492,3,1,0.51568353
,3493,0,1,0.55579746
,3493,1,3,1.0
,3493,2,1,0.9739681
,3493,3,1,0.5227935
,3494,0,2,1.0
,3494,1,1,0.97365373
,3494,2,1,0.5368334
,3494,3,1,0.5166729
,3495,0,0,0.8191069
,3495,1,2,1.0
,3495,2,0,0.7552812
,3495,3,0,0.75806755
,3496,0,0,0.7634407
,3496,1,0,0.8215414
,3496,2,2,0.99911803
,3496,3,0,0.77083385
,3497,0,2,1.0
,3497,1,1,0.5189825
,3497,2,1,0.8907052
,3497,3,1,0.52113724
,3498,0,0,0.81931204
,3498,1,0,0.7562112
,3498,2,2,1.0
,3498,3,0,0.75779325
,3499,0,0,0.77085483
,3499,1,2,1.0
,3499,2,0,0.818309
,3499,3,0,0.76867163
,3500,0,0,0.77060544
,3500,1,0,0.6081434
,3500,2,2,1.0
,3500,3,0,0.77052516
,3501,0,1,0.5122386
,3501,1,3,1.0
,3501,2,1,0.75887173
,3501,3,1,0.5123429
,3502,0,1,0.5336174
,3502,1,1,0.9903761
,3502,2,2,1.0
,3502,3,1,0.5358976
,3503,0,0,0.75742555
,3503,1,0,0.7395109
,3503,2,0,0.81936496
,3503,3,2,1.0
,3504,0,0,0.76695013
,3504,1,2,1.0
,3504,2,0,0.7707983
,3504,3,0,0.81969106
,3505,0,2,1.0
,3505,1,1,0.5213963
,3505,2,0,0.76756316
,3505,3,0,0.76963
,3506,0,0,0.81948256
,3506,1,3,1.0
,3506,2,0,0.75721025
,3506,3,0,0.7664719
,3507,0,0,0.5001805
,3507,1,1,0.9730637
,3507,2,2,1.0
,3507,3,0,0.5001079
,3508,0,2,1.0
,3508,1,0,0.74018914
,3508,2,0,0.81933975
,3508,3,0,0.7587418
,3509,0,0,0.8196724
,3509,1,2,1.0
,3509,2,0,0.7691949
,3509,3,0,0.7686388
,3510,0,0,0.770771
,3510,1,0,0.8183282
,3510,2,2,1.0
,3510,3,0,0.7689709
,3511,0,0,0.7688153
,3511,1,2,1.0
,3511,2,0,0.81833416
,3511,3,0,0.76907325
,3512,0,0,0.76200604
,3512,1,0,0.8213652
,3512,2,2,1.0
,3512,3,0,0.77108485
,3513,0,2,1.0
,3513,1,1,0.5000793
,3513,2,1,0.7456397
,3513,3,1,0.5000265
,3514,0,0,0.8180247
,3514,1,2,1.0
,3514,2,0,0.74987733
,3514,3,0,0.7586718
,3515,0,2,1.0
,3515,1,0,0.8196826
,3515,2,0,0.7667421
,3515,3,0,0.7686604
,3516,0,0,0.818328
,3516,1,0,0.7707824
,3516,2,2,1.0
,3516,3,0,0.7689714
,3517,0,2,1.0
,3517,1,0,0.76913726
,3517,2,0,0.81832206
,3517,3,0,0.76907355
,3518,0,0,0.8138568
,3518,1,0,0.7710777
,3518,2,2,0.99996424
,3518,3,0,0.7710899
,3519,0,2,1.0
,3519,1,1,0.50053257
,3519,2,1,0.74746317
,3519,3,1,0.5000728
,3520,0,0,0.8211636
,3520,1,0,0.7513561
,3520,2,2,0.9999063
,3520,3,0,0.760827
,3521,0,0,0.50472593
,3521,1,2,1.0
,3521,2,1,0.7532035
,3521,3,0,0.5020391
,3522,0,1,0.5160405
,3522,1,1,0.7489187
,3522,2,2,1.0
,3522,3,1,0.5161599
,3523,0,0,0.75801086
,3523,1,2,1.0
,3523,2,0,0.8179873
,3523,3,0,0.75800663
,3524,0,0,0.76861
,3524,1,0,0.81833506
,3524,2,2,1.0
,3524,3,0,0.7686098
,3525,0,0,0.7690489
,3525,1,2,1.0
,3525,2,0,0.81833416
,3525,3,0,0.7690489
,3526,0,0,0.77074677
,3526,1,0,0.8146548
,3526,2,2,1.0
,3526,3,0,0.77074677
,3527,0,0,0.5531423
,3527,1,2,1.0
,3527,2,1,0.5568408
,3527,3,0,0.5531423
,3528,0,0,0.76067
,3528,1,0,0.8180301
,3528,2,2,1.0
,3528,3,0,0.76067
,3529,0,0,0.76754504
,3529,1,2,1.0
,3529,2,1,0.52136075
,3529,3,0,0.7675455
,3530,0,0,0.7663523
,3530,1,0,0.81189287
,3530,2,3,1.0
,3530,3,0,0.7663648
,3531,0,1,0.5009544
,3531,1,2,1.0
,3531,2,1,0.9944638
,3531,3,1,0.50056267
,3532,0,0,0.7506864
,3532,1,0,0.82015574
,3532,2,3,1.0
,3532,3,0,0.7587585
,3533,0,2,1.0
,3533,1,0,0.5551089
,3533,2,1,0.98589873
,3533,3,0,0.55280006
,3534,0,0,0.8201922
,3534,1,0,0.7510589
,3534,2,3,1.0
,3534,3,0,0.7603523
,3535,0,0,0.50155556
,3535,1,2,1.0
,3535,2,1,0.9944619
,3535,3,1,0.5011082
,3536,0,0,0.75865763
,3536,1,0,0.8125908
,3536,2,3,1.0
,3536,3,0,0.7585629
,3537,0,0,0.50256526
,3537,1,2,0.9999988
,3537,2,1,0.9743123
,3537,3,0,0.5025611
,3538,0,1,0.51394105
,3538,1,1,0.75380665
,3538,2,2,0.98702526
,3538,3,1,0.51394117
,3539,0,0,0.5299726
,3539,1,2,1.0
,3539,2,1,0.5592107
,3539,3,0,0.5299726
,3540,0,0,0.76196104
,3540,1,0,0.813512
,3540,2,2,1.0
,3540,3,0,0.76196104
,3541,0,1,0.50372744
,3541,1,2,1.0
,3541,2,1,0.93592846
,3541,3,1,0.5037273
,3542,0,0,0.75772786
,3542,1,0,0.8130336
,3542,2,3,1.0
,3542,3,0,0.75773066
,3543,0,0,0.5514286
,3543,1,2,0.9990519
,3543,2,1,0.9344524
,3543,3,0,0.5515109
,3544,0,0,0.7588642
,3544,1,0,0.81896245
,3544,2,2,1.0
,3544,3,0,0.760568
,3545,0,2,1.0
,3545,1,0,0.76926994
,3545,2,1,0.5213779
,3545,3,0,0.76751643
,3546,0,0,0.8195255
,3546,1,0,0.75722337
,3546,2,3,1.0
,3546,3,0,0.76635617
,3547,0,0,0.50207704
,3547,1,2,1.0
,3547,2,1,0.9733242
,3547,3,1,0.50021034
,3548,0,0,0.7570012
,3548,1,0,0.81932217
,3548,2,2,1.0
,3548,3,0,0.75857127
,3549,0,2,1.0
,3549,1,0,0.7707078
,3549,2,0,0.8183277
,3549,3,0,0.7686079
,3550,0,0,0.8196819
,3550,1,0,0.7674836
,3550,2,2,1.0
,3550,3,0,0.7690116
,3551,0,0,0.7707797
,3551,1,2,1.0
,3551,2,0,0.81832814
,3551,3,0,0.7689812
,3552,0,0,0.7690607
,3552,1,0,0.81833494
,3552,2,2,1.0
,3552,3,0,0.7689969
,3553,0,0,0.769
,3553,1,2,1.0
,3553,2,0,0.81833494
,3553,3,0,0.7689977
,3554,0,0,0.7689979
,3554,1,0,0.81833506
,3554,2,2,1.0
,3554,3,0,0.7689978
,3555,0,0,0.76899827
,3555,1,2,1.0
,3555,2,0,0.81833494
,3555,3,0,0.7689987
,3556,0,0,0.76900584
,3556,1,0,0.81830627
,3556,2,2,1.0
,3556,3,0,0.7690175
,3557,0,0,0.76751524
,3557,1,2,1.0
,3557,2,1,0.521362
,3557,3,0,0.7678426
,3558,0,0,0.75716126
,3558,1,0,0.8195195
,3558,2,3,1.0
,3558,3,0,0.76637375
,3559,0,2,1.0
,3559,1,0,0.5017962
,3559,2,1,0.9733267
,3559,3,1,0.50011593
,3560,0,0,0.82106847
,3560,1,0,0.75139976
,3560,2,2,0.9999652
,3560,3,0,0.7606853
,3561,0,0,0.5020251
,3561,1,2,1.0
,3561,2,1,0.7482816
,3561,3,1,0.50066346
,3562,0,0,0.76079535
,3562,1,0,0.81349933
,3562,2,2,0.99580264
,3562,3,0,0.7607003
,3563,0,1,0.50064695
,3563,1,2,1.0
,3563,2,1,0.74838525
,3563,3,1,0.5006512
,3564,0,0,0.7585647
,3564,1,0,0.81798995
,3564,2,2,1.0
,3564,3,0,0.75856465
,3565,0,0,0.76862526
,3565,1,2,1.0
,3565,2,0,0.81833494
,3565,3,0,0.7686272
,3566,0,0,0.76892895
,3566,1,0,0.8183363
,3566,2,2,1.0
,3566,3,0,0.768986
,3567,0,0,0.7674184
,3567,1,2,1.0
,3567,2,0,0.81919837
,3567,3,0,0.7690255
,3568,0,2,1.0
,3568,1,0,0.81959456
,3568,2,0,0.7544236
,3568,3,0,0.7689273
,3569,0,0,0.8196342
,3569,1,0,0.7691106
,3569,2,2,0.9598862
,3569,3,0,0.7689061
,3570,0,0,0.7707941
,3570,1,2,1.0
,3570,2,0,0.8003436
,3570,3,0,0.76899356
,3571,0,0,0.76905686
,3571,1,0,0.818334
,3571,2,2,1.0
,3571,3,0,0.76899505
,3572,0,0,0.76894176
,3572,1,2,1.0
,3572,2,0,0.81833535
,3572,3,0,0.7690012
,3573,0,0,0.76729304
,3573,1,0,0.8088266
,3573,2,2,1.0
,3573,3,0,0.76903045
,3574,0,2,1.0
,3574,1,1,0.5994809
,3574,2,0,0.8183201
,3574,3,0,0.76573443
,3575,0,0,0.81793773
,3575,1,3,1.0
,3575,2,0,0.76503426
,3575,3,0,0.76474446
,3576,0,0,0.76959234
,3576,1,1,0.6276177
,3576,2,2,1.0
,3576,3,0,0.7692958
,3577,0,2,1.0
,3577,1,0,0.7533214
,3577,2,0,0.81969637
,3577,3,0,0.76907545
,3578,0,0,0.8183285
,3578,1,2,1.0
,3578,2,0,0.770723
,3578,3,0,0.7689806
,3579,0,2,1.0
,3579,1,0,0.8196823
,3579,2,0,0.7674865
,3579,3,0,0.7689692
,3580,0,0,0.81962764
,3580,1,0,0.770808
,3580,2,2,1.0
,3580,3,0,0.76740617
,3581,0,0,0.76921076
,3581,1,0,0.76907235
,3581,2,0,0.81967485
,3581,3,2,1.0
,3582,0,2,1.0
,3582,1,0,0.7689794
,3582,2,0,0.7707775
,3582,3,0,0.81832814
,3583,0,0,0.81961447
,3583,1,0,0.7688747
,3583,2,0,0.7689947
,3583,3,2,1.0
,3584,0,0,0.77498096
,3584,1,0,0.7716753
,3584,2,0,0.7732576
,3584,3,2,1.0
,3585,0,0,0.76764417
,3585,1,2,1.0
,3585,2,0,0.7691267
,3585,3,0,0.8196869
,3586,0,2,1.0
,3586,1,0,0.8194706
,3586,2,0,0.7674097
,3586,3,0,0.77088404
,3587,0,0,0.82135814
,3587,1,0,0.76382256
,3587,2,2,1.0
,3587,3,0,0.7711314
,3588,0,1,0.50007194
,3588,1,2,1.0
,3588,2,1,0.74569654
,3588,3,1,0.5000144
,3589,0,2,1.0
,3589,1,0,0.81915873
,3589,2,0,0.7482773
,3589,3,0,0.7587903
,3590,0,0,0.8214837
,3590,1,0,0.7634443
,3590,2,2,0.99999976
,3590,3,0,0.7708627
,3591,0,1,0.5211405
,3591,1,2,1.0
,3591,2,1,0.8898297
,3591,3,1,0.5209612
,3592,0,2,0.99997485
,3592,1,0,0.8212281
,3592,2,0,0.7369033
,3592,3,0,0.7601266
,3593,0,1,0.8897251
,3593,1,1,0.5188629
,3593,2,2,1.0
,3593,3,1,0.52384263
,3594,0,0,0.74309146
,3594,1,0,0.7579872
,3594,2,0,0.81936127
,3594,3,2,1.0
,3595,0,2,1.0
,3595,1,0,0.7683388
,3595,2,0,0.7708391
,3595,3,0,0.818325
,3596,0,0,0.82136506
,3596,1,0,0.7619885
,3596,2,0,0.77114683
,3596,3,2,1.0
,3597,0,1,0.50007993
,3597,1,2,1.0
,3597,2,1,0.50002515
,3597,3,1,0.7456383
,3598,0,2,1.0
,3598,1,0,0.8193403
,3598,2,0,0.75864434
,3598,3,0,0.7499091
,3599,0,2,1.0
,3599,1,0,0.7762845
,3599,2,0,0.7741785
,3599,3,0,0.773873
,3600,0,2,1.0
,3600,1,0,0.6554816
,3600,2,0,0.6558983
,3600,3,0,0.6558852
,3601,0,2,1.0
,3601,1,0,0.6108883
,3601,2,0,0.6229533
,3601,3,0,0.6229527
,3602,0,1,0.748241
,3602,1,2,1.0
,3602,2,1,0.5089534
,3602,3,1,0.50895345
,3603,0,2,1.0
,3603,1,0,0.8179881
,3603,2,0,0.7582646
,3603,3,0,0.75826466
,3604,0,0,0.81833494
,3604,1,2,1.0
,3604,2,0,0.76861674
,3604,3,0,0.7686166
,3605,0,2,1.0
,3605,1,0,0.81833506
,3605,2,0,0.76898444
,3605,3,0,0.7689845
,3606,0,0,0.81833327
,3606,1,2,1.0
,3606,2,0,0.7690007
,3606,3,0,0.7690012
,3607,0,2,1.0
,3607,1,0,0.7550431
,3607,2,0,0.7689866
,3607,3,0,0.7690001
,3608,0,0,0.81374484
,3608,1,2,0.8147511
,3608,2,0,0.77055854
,3608,3,0,0.77093613
,3609,0,2,1.0
,3609,1,1,0.79574186
,3609,2,1,0.5101009
,3609,3,0,0.5019073
,3610,0,1,0.5465529
,3610,1,1,0.83445716
,3610,2,2,1.0
,3610,3,0,0.5082777
,3611,0,0,0.7515067
,3611,1,3,1.0
,3611,2,0,0.81230545
,3611,3,0,0.75811267
,3612,0,1,0.64284164
,3612,1,1,0.9731034
,3612,2,2,1.0
,3612,3,1,0.5007978
,3613,0,2,0.5771117
,3613,1,0,0.7439506
,3613,2,0,0.81347895
,3613,3,0,0.7606498
,3614,0,1,0.8429793
,3614,1,1,0.5012413
,3614,2,2,1.0
,3614,3,1,0.5004977
,3615,0,2,1.0
,3615,1,0,0.76015115
,3615,2,0,0.61183393
,3615,3,0,0.7601775
,3616,0,1,0.8957772
,3616,1,1,0.5234873
,3616,2,3,1.0
,3616,3,1,0.52348614
,3617,0,2,1.0
,3617,1,1,0.51736605
,3617,2,1,0.97372293
,3617,3,1,0.517366
,3618,0,1,0.5212959
,3618,1,0,0.7565415
,3618,2,2,1.0
,3618,3,0,0.7565415
,3619,0,3,1.0
,3619,1,0,0.7647677
,3619,2,0,0.60458475
,3619,3,0,0.7647677
,3620,0,1,0.97542053
,3620,1,1,0.5124851
,3620,2,3,1.0
,3620,3,1,0.512485
,3621,0,2,1.0
,3621,1,1,0.51735896
,3621,2,1,0.9945416
,3621,3,1,0.51735896
,3622,0,0,0.8125895
,3622,1,0,0.75787437
,3622,2,3,1.0
,3622,3,0,0.75787437
,3623,0,2,1.0
,3623,1,1,0.5004463
,3623,2,1,0.9733204
,3623,3,1,0.5004463
,3624,0,1,0.52129185
,3624,1,0,0.75715375
,3624,2,2,1.0
,3624,3,0,0.75715363
,3625,0,3,1.0
,3625,1,0,0.7647914
,3625,2,0,0.6045633
,3625,3,0,0.7647914
,3626,0,1,0.9754141
,3626,1,1,0.51243544
,3626,2,3,1.0
,3626,3,1,0.51243544
,3627,0,2,1.0
,3627,1,1,0.5167283
,3627,2,1,0.97395414
,3627,3,1,0.5167283
,3628,0,0,0.81342816
,3628,1,0,0.76010567
,3628,2,2,0.9883221
,3628,3,0,0.76010656
,3629,0,2,1.0
,3629,1,1,0.50382495
,3629,2,1,0.9366133
,3629,3,1,0.5037965
,3630,0,0,0.8124632
,3630,1,0,0.7574916
,3630,2,3,1.0
,3630,3,0,0.7580791
,3631,0,2,1.0
,3631,1,1,0.51906466
,3631,2,1,0.9733915
,3631,3,1,0.50107414
,3632,0,0,0.8178416
,3632,1,1,0.6164266
,3632,2,2,1.0
,3632,3,0,0.7546709
,3633,0,0,0.768394
,3633,1,3,1.0
,3633,2,0,0.81292504
,3633,3,0,0.7661402
,3634,0,0,0.5518989
,3634,1,1,0.9344561
,3634,2,2,1.0
,3634,3,0,0.55179757
,3635,0,0,0.76052785
,3635,1,2,1.0
,3635,2,0,0.81802773
,3635,3,0,0.76052433
,3636,0,0,0.76869476
,3636,1,0,0.81833494
,3636,2,2,1.0
,3636,3,0,0.7686967
,3637,0,0,0.76893145
,3637,1,2,1.0
,3637,2,0,0.8183363
,3637,3,0,0.76898855
,3638,0,0,0.7674167
,3638,1,0,0.81929946
,3638,2,2,1.0
,3638,3,0,0.7690273
,3639,0,2,1.0
,3639,1,0,0.75777555
,3639,2,0,0.81822044
,3639,3,0,0.7689382
,3640,0,0,0.8181702
,3640,1,1,0.6017347
,3640,2,2,1.0
,3640,3,0,0.7658325
,3641,0,0,0.75953007
,3641,1,3,1.0
,3641,2,0,0.81966686
,3641,3,0,0.76679194
,3642,0,2,1.0
,3642,1,1,0.9730513
,3642,2,0,0.5002304
,3642,3,0,0.5001659
,3643,0,0,0.8180356
,3643,1,0,0.7418827
,3643,2,2,1.0
,3643,3,0,0.7587099
,3644,0,2,1.0
,3644,1,0,0.7681025
,3644,2,0,0.81833494
,3644,3,0,0.7686995
,3645,0,0,0.81465507
,3645,1,0,0.7707172
,3645,2,2,1.0
,3645,3,0,0.7707383
,3646,0,2,1.0
,3646,1,0,0.55326605
,3646,2,1,0.5568449
,3646,3,0,0.553267
,3647,0,0,0.8132485
,3647,1,0,0.762964
,3647,2,2,1.0
,3647,3,0,0.7629647
,3648,0,2,1.0
,3648,1,1,0.5224324
,3648,2,1,0.9756408
,3648,3,1,0.52241224
,3649,0,0,0.6056984
,3649,1,0,0.75611675
,3649,2,3,1.0
,3649,3,0,0.7565348
,3650,0,3,1.0
,3650,1,1,0.52566737
,3650,2,1,0.974237
,3650,3,1,0.51285124
,3651,0,1,0.97372407
,3651,1,2,1.0
,3651,2,1,0.55511993
,3651,3,1,0.51676965
,3652,0,2,1.0
,3652,1,0,0.8178387
,3652,2,1,0.6180942
,3652,3,0,0.7540998
,3653,0,0,0.81290954
,3653,1,0,0.76840866
,3653,2,3,1.0
,3653,3,0,0.76613474
,3654,0,2,1.0
,3654,1,0,0.55094904
,3654,2,1,0.9859227
,3654,3,0,0.55084676
,3655,0,0,0.8126303
,3655,1,0,0.7604389
,3655,2,3,1.0
,3655,3,0,0.7604354
,3656,0,2,1.0
,3656,1,1,0.500993
,3656,2,1,0.99445975
,3656,3,1,0.5009895
,3657,0,0,0.8126023
,3657,1,0,0.7583954
,3657,2,3,1.0
,3657,3,0,0.7584704
,3658,0,2,1.0
,3658,1,1,0.5023903
,3658,2,1,0.9730409
,3658,3,1,0.5000936
,3659,0,0,0.8180347
,3659,1,2,1.0
,3659,2,0,0.7419628
,3659,3,0,0.7587774
,3660,0,2,1.0
,3660,1,0,0.8138577
,3660,2,0,0.77012104
,3660,3,0,0.77072865
,3661,0,1,0.7474368
,3661,1,2,1.0
,3661,2,1,0.5005736
,3661,3,1,0.5000873
,3662,0,2,1.0
,3662,1,0,0.8208284
,3662,2,0,0.7513554
,3662,3,0,0.7608267
,3663,0,1,0.7435946
,3663,1,1,0.5080751
,3663,2,2,1.0
,3663,3,0,0.502054
,3664,0,1,0.5288235
,3664,1,2,1.0
,3664,2,1,0.7469131
,3664,3,1,0.51550245
,3665,0,2,1.0
,3665,1,0,0.81352824
,3665,2,0,0.7517519
,3665,3,0,0.760354
,3666,0,1,0.7434745
,3666,1,2,1.0
,3666,2,1,0.51104295
,3666,3,0,0.50213486
,3667,0,1,0.5267336
,3667,1,1,0.7487924
,3667,2,2,1.0
,3667,3,1,0.5158983
,3668,0,0,0.7577519
,3668,1,2,1.0
,3668,2,0,0.8194056
,3668,3,0,0.7563985
,3669,0,0,0.77082545
,3669,1,0,0.81354266
,3669,2,0,0.772931
,3669,3,2,1.0
,3670,0,1,0.521122
,3670,1,2,1.0
,3670,2,1,0.52323633
,3670,3,1,0.88967067
,3671,0,0,0.7562616
,3671,1,0,0.81931114
,3671,2,2,1.0
,3671,3,0,0.7448087
,3672,0,2,1.0
,3672,1,0,0.76919764
,3672,2,0,0.81967235
,3672,3,0,0.7681477
,3673,0,0,0.8183294
,3673,1,2,1.0
,3673,2,0,0.7707244
,3673,3,0,0.76895225
,3674,0,2,1.0
,3674,1,0,0.8196345
,3674,2,0,0.7674856
,3674,3,0,0.7690271
,3675,0,0,0.81945914
,3675,1,0,0.76921076
,3675,2,2,1.0
,3675,3,0,0.76909494
,3676,0,0,0.7634579
,3676,1,2,1.0
,3676,2,0,0.82127756
,3676,3,0,0.7713344
,3677,0,2,1.0
,3677,1,1,0.8886279
,3677,2,1,0.52931386
,3677,3,1,0.5177467
,3678,0,1,0.957012
,3678,1,1,0.5673391
,3678,2,2,1.0
,3678,3,1,0.5374549
,3679,0,1,0.57019866
,3679,1,2,1.0
,3679,2,1,0.95695245
,3679,3,1,0.5386291
,3680,0,2,1.0
,3680,1,1,0.890289
,3680,2,1,0.55446094
,3680,3,1,0.53823346
,3681,0,0,0.8193581
,3681,1,0,0.7447247
,3681,2,0,0.75506943
,3681,3,2,1.0
,3682,0,0,0.77079195
,3682,1,0,0.76653814
,3682,2,2,1.0
,3682,3,0,0.8196742
,3683,0,0,0.76898825
,3683,1,2,1.0
,3683,2,0,0.8183291
,3683,3,0,0.7707802
,3684,0,0,0.7674237
,3684,1,0,0.8196345
,3684,2,2,1.0
,3684,3,0,0.7690891
,3685,0,2,0.9999999
,3685,1,0,0.7692127
,3685,2,0,0.8196276
,3685,3,0,0.7690148
,3686,0,0,0.8194706
,3686,1,2,1.0
,3686,2,0,0.7692105
,3686,3,0,0.7690859
,3687,0,0,0.7638229
,3687,1,0,0.8213583
,3687,2,2,1.0
,3687,3,0,0.7710675
,3688,0,2,1.0
,3688,1,1,0.50007975
,3688,2,1,0.7456585
,3688,3,1,0.500055
,3689,0,0,0.8180146
,3689,1,2,1.0
,3689,2,0,0.7493319
,3689,3,0,0.75808066
,3690,0,2,1.0
,3690,1,0,0.80619466
,3690,2,0,0.75202996
,3690,3,0,0.75235486
