iter,t,j,argmax_state,max_prob
,0,0,2,0.5262367
,0,1,0,1.0
,0,2,0,1.0
,0,3,0,1.0
,1,0,0,0.81390345
,1,1,3,1.0
,1,2,1,0.7321859
,1,3,0,0.7563965
,2,0,1,0.76617235
,2,1,0,0.79440725
,2,2,0,0.5262521
,2,3,3,1.0
,3,0,0,0.51562476
,3,1,1,0.7430508
,3,2,3,1.0
,3,3,0,0.7709249
,4,0,3,1.0
,4,1,0,0.63853437
,4,2,0,0.8634734
,4,3,1,0.8781015
,5,0,0,0.68094873
,5,1,2,1.0
,5,2,0,0.6989504
,5,3,1,0.94550884
,6,0,0,0.659083
,6,1,0,0.89571375
,6,2,3,1.0
,6,3,1,0.9521187
,7,0,3,1.0
,7,1,0,0.70922285
,7,2,0,0.50534713
,7,3,1,0.948609
,8,0,0,0.98371005
,8,1,3,1.0
,8,2,1,0.9053185
,8,3,1,0.9121082
,9,0,3,1.0
,9,1,1,0.505861
,9,2,1,0.9458708
,9,3,1,0.5351522
,10,0,0,0.9472444
,10,1,1,0.90841293
,10,2,1,0.9075494
,10,3,3,1.0
,11,0,3,1.0
,11,1,1,0.9481447
,11,2,1,0.52507854
,11,3,0,0.7614566
,12,0,0,0.9781511
,12,1,1,0.9482235
,12,2,3,1.0
,12,3,1,0.8818775
,13,0,3,1.0
,13,1,1,0.9126198
,13,2,0,0.99009943
,13,3,1,0.9460377
,14,0,0,0.6821728
,14,1,1,0.53931195
,14,2,2,1.0
,14,3,1,0.9522904
,15,0,0,0.6595455
,15,1,3,1.0
,15,2,0,0.8258585
,15,3,1,0.95307904
,16,0,3,1.0
,16,1,0,0.9481236
,16,2,1,0.7919998
,16,3,1,0.9508261
,17,0,0,0.5067563
,17,1,3,1.0
,17,2,1,0.50203437
,17,3,1,0.90878975
,18,0,1,0.900516
,18,1,0,0.8736121
,18,2,3,1.0
,18,3,1,0.5292408
,19,0,1,0.94311434
,19,1,0,0.7197181
,19,2,0,0.7618199
,19,3,3,1.0
,20,0,1,0.907581
,20,1,3,1.0
,20,2,1,0.88147265
,20,3,0,0.94737345
,21,0,1,0.5288938
,21,1,0,0.8739276
,21,2,1,0.9434123
,21,3,3,1.0
,22,0,3,1.0
,22,1,0,0.71970314
,22,2,1,0.9522567
,22,3,0,0.76205283
,23,0,0,0.97815794
,23,1,3,1.0
,23,2,1,0.9529006
,23,3,1,0.88186044
,24,0,3,1.0
,24,1,0,0.9837727
,24,2,1,0.9535492
,24,3,1,0.9462467
,25,0,0,0.9482048
,25,1,3,1.0
,25,2,1,0.9546852
,25,3,1,0.9544293
,26,0,3,1.0
,26,1,0,0.9530378
,26,2,1,0.94862497
,26,3,1,0.95322174
,27,0,0,0.98514545
,27,1,2,1.0
,27,2,1,0.9059969
,27,3,1,0.9513081
,28,0,3,1.0
,28,1,0,0.8360353
,28,2,1,0.5285335
,28,3,1,0.9509048
,29,0,0,0.98541677
,29,1,1,0.7649568
,29,2,3,1.0
,29,3,1,0.95111394
,30,0,2,1.0
,30,1,0,0.5145741
,30,2,0,0.8859061
,30,3,1,0.9510324
,31,0,0,0.9036284
,31,1,3,1.0
,31,2,0,0.7201708
,31,3,1,0.9507496
,32,0,0,0.72592926
,32,1,0,0.8737552
,32,2,3,1.0
,32,3,1,0.95068026
,33,0,3,1.0
,33,1,0,0.7167899
,33,2,0,0.78908384
,33,3,1,0.9507677
,34,0,0,0.9836472
,34,1,3,1.0
,34,2,1,0.7704171
,34,3,1,0.95100147
,35,0,3,1.0
,35,1,0,0.76318395
,35,2,0,0.5178853
,35,3,1,0.953108
,36,0,0,0.9530947
,36,1,1,0.8821176
,36,2,3,1.0
,36,3,1,0.95259005
,37,0,2,1.0
,37,1,1,0.94362915
,37,2,0,0.9851398
,37,3,1,0.9463806
,38,0,0,0.9876097
,38,1,1,0.9494504
,38,2,3,1.0
,38,3,1,0.9050057
,39,0,3,1.0
,39,1,1,0.9457091
,39,2,0,0.772931
,39,3,1,0.5279661
,40,0,0,0.9836471
,40,1,1,0.90486866
,40,2,1,0.8723567
,40,3,3,1.0
,41,0,3,1.0
,41,1,1,0.52792
,41,2,1,0.9422124
,41,3,0,0.7728101
,42,0,0,0.98365146
,42,1,3,1.0
,42,2,1,0.9494252
,42,3,1,0.87268287
,43,0,3,1.0
,43,1,0,0.98576146
,43,2,1,0.94622356
,43,3,1,0.9428513
,44,0,0,0.9855281
,44,1,2,1.0
,44,2,1,0.9052734
,44,3,1,0.95049995
,45,0,3,1.0
,45,1,0,0.8289368
,45,2,1,0.524749
,45,3,1,0.95305544
,46,0,0,0.9801411
,46,1,1,0.77263945
,46,2,3,1.0
,46,3,1,0.9529259
,47,0,2,1.0
,47,1,0,0.5365347
,47,2,0,0.7861657
,47,3,1,0.95136124
,48,0,0,0.98765284
,48,1,2,1.0
,48,2,1,0.8723925
,48,3,1,0.9508127
,49,0,3,1.0
,49,1,0,0.98780066
,49,2,1,0.94500816
,49,3,1,0.9486913
,50,0,0,0.9524247
,50,1,3,1.0
,50,2,1,0.95171696
,50,3,1,0.9069226
,51,0,2,1.0
,51,1,0,0.88259315
,51,2,1,0.9464106
,51,3,1,0.50641936
,52,0,0,0.8224107
,52,1,0,0.71809113
,52,2,1,0.90535927
,52,3,2,1.0
,53,0,1,0.86702794
,53,1,3,1.0
,53,2,1,0.5282673
,53,3,0,0.83603394
,54,0,1,0.94152
,54,1,0,0.9853027
,54,2,3,1.0
,54,3,1,0.7646815
,55,0,1,0.9457724
,55,1,2,1.0
,55,2,0,0.7895801
,55,3,0,0.5148565
,56,0,1,0.9116499
,56,1,0,0.9877932
,56,2,1,0.87675315
,56,3,3,1.0
,57,0,1,0.5350161
,57,1,3,1.0
,57,2,1,0.94774556
,57,3,0,0.5179821
,58,0,3,1.0
,58,1,0,0.94724697
,58,2,1,0.9524515
,58,3,1,0.82889277
,59,0,0,0.86356163
,59,1,3,1.0
,59,2,1,0.9534407
,59,3,1,0.50044143
,60,0,0,0.7022601
,60,1,0,0.6903003
,60,2,1,0.9548325
,60,3,3,1.0
,61,0,3,1.0
,61,1,0,0.7454953
,61,2,1,0.95106596
,61,3,1,0.507696
,62,0,0,0.94783574
,62,1,2,1.0
,62,2,1,0.90906334
,62,3,1,0.90844566
,63,0,3,1.0
,63,1,0,0.83707416
,63,2,1,0.5293508
,63,3,1,0.9462023
,64,0,0,0.98362553
,64,1,1,0.7566875
,64,2,3,1.0
,64,3,1,0.950278
,65,0,3,1.0
,65,1,0,0.54297346
,65,2,0,0.78907686
,65,3,1,0.9509219
,66,0,0,0.9847224
,66,1,2,1.0
,66,2,1,0.7727871
,66,3,1,0.95094544
,67,0,3,1.0
,67,1,0,0.82201713
,67,2,0,0.51330364
,67,3,1,0.95039785
,68,0,0,0.9836384
,68,1,1,0.8667464
,68,2,3,1.0
,68,3,1,0.94669664
,69,0,3,1.0
,69,1,1,0.93949014
,69,2,0,0.9902219
,69,3,1,0.91239136
,70,0,0,0.537675
,70,1,1,0.9070762
,70,2,2,1.0
,70,3,1,0.53920597
,71,0,1,0.81669086
,71,1,1,0.5288204
,71,2,0,0.83654386
,71,3,3,1.0
,72,0,1,0.5002803
,72,1,3,1.0
,72,2,1,0.7620024
,72,3,0,0.77189493
,73,0,3,1.0
,73,1,0,0.7707269
,73,2,0,0.51703507
,73,3,1,0.8729478
,74,0,0,0.9901983
,74,1,1,0.87839645
,74,2,3,1.0
,74,3,1,0.94513106
,75,0,2,1.0
,75,1,1,0.94541585
,75,2,0,0.94803685
,75,3,1,0.9520459
,76,0,0,0.9891733
,76,1,1,0.95060533
,76,2,3,1.0
,76,3,1,0.9512671
,77,0,2,1.0
,77,1,1,0.9511138
,77,2,0,0.9855493
,77,3,1,0.95069975
,78,0,0,0.98761034
,78,1,1,0.95100653
,78,2,3,1.0
,78,3,1,0.9464552
,79,0,3,1.0
,79,1,1,0.95260435
,79,2,0,0.7665599
,79,3,1,0.91051775
,80,0,3,1.0
,80,1,1,0.9525343
,80,2,1,0.8797961
,80,3,1,0.5364137
,81,0,0,0.99014556
,81,1,1,0.9529728
,81,2,1,0.94585186
,81,3,3,1.0
,82,0,2,1.0
,82,1,1,0.94877344
,82,2,1,0.95235616
,82,3,0,0.9480409
,83,0,0,0.9877897
,83,1,1,0.9121447
,83,2,1,0.9535051
,83,3,3,1.0
,84,0,3,1.0
,84,1,1,0.53516567
,84,2,1,0.9552369
,84,3,0,0.51409626
,85,0,0,0.967752
,85,1,3,1.0
,85,2,1,0.9548152
,85,3,1,0.8419428
,86,0,2,1.0
,86,1,0,0.5118138
,86,2,1,0.94822425
,86,3,1,0.5175356
,87,0,0,0.98759955
,87,1,1,0.89971584
,87,2,1,0.90527314
,87,3,3,1.0
,88,0,3,1.0
,88,1,1,0.9407352
,88,2,1,0.52804786
,88,3,0,0.77211076
,89,0,0,0.99016047
,89,1,1,0.9113426
,89,2,3,1.0
,89,3,1,0.87707144
,90,0,2,1.0
,90,1,1,0.53886366
,90,2,0,0.5120596
,90,3,1,0.93977684
,91,0,0,0.98759943
,91,1,3,1.0
,91,2,1,0.90099084
,91,3,1,0.9033248
,92,0,3,1.0
,92,1,0,0.7803757
,92,2,1,0.9478983
,92,3,1,0.5237581
,93,0,0,0.947354
,93,1,1,0.78422314
,93,2,1,0.9519691
,93,3,3,1.0
,94,0,3,1.0
,94,1,0,0.51370627
,94,2,1,0.9488735
,94,3,0,0.7613375
,95,0,0,0.94736373
,95,1,3,1.0
,95,2,1,0.90845734
,95,3,1,0.88026464
,96,0,3,1.0
,96,1,0,0.7707603
,96,2,1,0.5289199
,96,3,1,0.9376472
,97,0,0,0.9853412
,97,1,1,0.8722726
,97,2,3,1.0
,97,3,1,0.90437466
,98,0,2,1.0
,98,1,1,0.9377655
,98,2,0,0.78979754
,98,3,1,0.5289143
,99,0,0,0.9877831
,99,1,1,0.9099008
,99,2,1,0.87647265
,99,3,3,1.0
,100,0,3,1.0
,100,1,1,0.53409743
,100,2,1,0.94778806
,100,3,0,0.8217202
,101,0,1,0.50684124
,101,1,3,1.0
,101,2,1,0.9547289
,101,3,0,0.68968123
,102,0,1,0.90590936
,102,1,0,0.94800293
,102,2,1,0.9553275
,102,3,3,1.0
,103,0,1,0.90868145
,103,1,3,1.0
,103,2,1,0.95515966
,103,3,0,0.9867581
,104,0,1,0.53807694
,104,1,0,0.68063956
,104,2,1,0.95238906
,104,3,2,1.0
,105,0,3,1.0
,105,1,0,0.655799
,105,2,1,0.9453784
,105,3,0,0.9041192
,106,0,0,0.7626381
,106,1,3,1.0
,106,2,1,0.89958125
,106,3,0,0.7292372
,107,0,1,0.8771466
,107,1,0,0.6638491
,107,2,0,0.58739233
,107,3,3,1.0
,108,0,1,0.8971816
,108,1,0,0.65786415
,108,2,2,1.0
,108,3,0,0.51204455
,109,0,1,0.5263619
,109,1,2,1.0
,109,2,0,0.82154
,109,3,1,0.89093804
,110,0,3,1.0
,110,1,0,0.815216
,110,2,1,0.8732996
,110,3,1,0.88901126
,111,0,3,1.0
,111,1,1,0.87135243
,111,2,1,0.947392
,111,3,0,0.59196955
,112,0,0,0.9478095
,112,1,1,0.8951825
,112,2,1,0.95246285
,112,3,2,1.0
,113,0,3,1.0
,113,1,1,0.5213958
,113,2,1,0.9532596
,113,3,0,0.89574367
,114,0,0,0.50935864
,114,1,3,1.0
,114,2,1,0.9527634
,114,3,0,0.7092331
,115,0,1,0.8920999
,115,1,0,0.9834711
,115,2,1,0.95106345
,115,3,3,1.0
,116,0,1,0.8961914
,116,1,3,1.0
,116,2,1,0.95114285
,116,3,0,0.9854381
,117,0,1,0.5263578
,117,1,0,0.7915765
,117,2,1,0.9512873
,117,3,2,1.0
,118,0,3,1.0
,118,1,1,0.86592525
,118,2,1,0.9531862
,118,3,0,0.9877964
,119,0,0,0.9524648
,119,1,1,0.8954834
,119,2,1,0.9525946
,119,3,3,1.0
,120,0,2,1.0
,120,1,1,0.5260433
,120,2,1,0.9470381
,120,3,0,0.88398296
,121,0,0,0.81455016
,121,1,3,1.0
,121,2,1,0.9122493
,121,3,0,0.7225474
,122,0,1,0.87435484
,122,1,0,0.6775804
,122,2,1,0.5390963
,122,3,3,1.0
,123,0,1,0.9351187
,123,1,0,0.6553263
,123,2,3,1.0
,123,3,0,0.771449
,124,0,1,0.8890659
,124,1,3,1.0
,124,2,0,0.98365414
,124,3,1,0.86230177
,125,0,0,0.60131055
,125,1,0,0.7648386
,125,2,3,1.0
,125,3,1,0.89531994
,126,0,2,1.0
,126,1,1,0.8711366
,126,2,1,0.71587753
,126,3,1,0.5112987
,127,0,0,0.9876431
,127,1,1,0.89182633
,127,2,1,0.91855735
,127,3,2,1.0
,128,0,3,1.0
,128,1,1,0.5242234
,128,2,1,0.89943755
,128,3,0,0.8213687
,129,0,0,0.76150155
,129,1,3,1.0
,129,2,1,0.5224559
,129,3,1,0.8732944
,130,0,1,0.88608664
,130,1,0,0.96809524
,130,2,3,1.0
,130,3,1,0.94752854
,131,0,1,0.94167656
,131,1,2,1.0
,131,2,0,0.8717386
,131,3,1,0.95254165
,132,0,1,0.9111526
,132,1,0,0.9877957
,132,2,3,1.0
,132,3,1,0.95360523
,133,0,1,0.5351537
,133,1,3,1.0
,133,2,1,0.7289708
,133,3,1,0.95536673
,134,0,3,1.0
,134,1,0,0.948059
,134,2,1,0.93400717
,134,3,1,0.9555222
,135,0,0,0.9193452
,135,1,3,1.0
,135,2,1,0.9532701
,135,3,1,0.9553658
,136,0,2,1.0
,136,1,0,0.94793016
,136,2,1,0.9525914
,136,3,1,0.95327574
,137,0,0,0.99258006
,137,1,3,1.0
,137,2,1,0.9488084
,137,3,1,0.9534354
,138,0,2,1.0
,138,1,0,0.94803786
,138,2,1,0.906017
,138,3,1,0.9528537
,139,0,0,0.82125354
,139,1,3,1.0
,139,2,1,0.5032523
,139,3,1,0.95125204
,140,0,1,0.8676998
,140,1,0,0.98469126
,140,2,2,1.0
,140,3,1,0.9513146
,141,0,1,0.94030726
,141,1,3,1.0
,141,2,0,0.98780054
,141,3,1,0.95346725
,142,0,1,0.91377634
,142,1,0,0.94819206
,142,2,3,1.0
,142,3,1,0.9552892
,143,0,1,0.53574675
,143,1,3,1.0
,143,2,0,0.6582629
,143,3,1,0.95540476
,144,0,3,1.0
,144,1,0,0.51613104
,144,2,0,0.639658
,144,3,1,0.95528233
,145,0,0,0.8717153
,145,1,1,0.82936865
,145,2,3,1.0
,145,3,1,0.95315814
,146,0,3,1.0
,146,1,1,0.50060743
,146,2,0,0.8630295
,146,3,1,0.95283085
,147,0,0,0.5097313
,147,1,3,1.0
,147,2,0,0.69918257
,147,3,1,0.94797593
,148,0,1,0.89109427
,148,1,0,0.9834654
,148,2,3,1.0
,148,3,1,0.9052566
,149,0,1,0.89177287
,149,1,3,1.0
,149,2,0,0.7731896
,149,3,1,0.5281886
,150,0,0,0.50136626
,150,1,0,0.7707736
,150,2,1,0.8727501
,150,3,3,1.0
,151,0,2,1.0
,151,1,1,0.8741312
,151,2,1,0.942923
,151,3,0,0.98469996
,152,0,0,0.9878008
,152,1,1,0.9454784
,152,2,1,0.9525878
,152,3,3,1.0
,153,0,3,1.0
,153,1,1,0.9543442
,153,2,1,0.95506084
,153,3,0,0.968005
,154,0,0,0.9479598
,154,1,1,0.9527218
,154,2,1,0.95319414
,154,3,2,1.0
,155,0,3,1.0
,155,1,1,0.9490273
,155,2,1,0.9529174
,155,3,0,0.9877931
,156,0,0,0.9474219
,156,1,1,0.90850097
,156,2,1,0.9479392
,156,3,3,1.0
,157,0,3,1.0
,157,1,1,0.52902305
,157,2,1,0.9051879
,157,3,0,0.7709233
,158,0,0,0.8747851
,158,1,3,1.0
,158,2,1,0.5282251
,158,3,1,0.87280256
,159,0,0,0.7200912
,159,1,0,0.761829
,159,2,3,1.0
,159,3,1,0.94449234
,160,0,3,1.0
,160,1,1,0.88108087
,160,2,0,0.9473902
,160,3,1,0.9476887
,161,0,0,0.9837577
,161,1,1,0.9410006
,161,2,3,1.0
,161,3,1,0.91052
,162,0,3,1.0
,162,1,1,0.90753824
,162,2,0,0.53244483
,162,3,1,0.52020216
,163,0,0,0.78098243
,163,1,1,0.5292076
,163,2,1,0.8177065
,163,3,2,1.0
,164,0,1,0.8636678
,164,1,3,1.0
,164,2,0,0.50278795
,164,3,0,0.895763
,165,0,1,0.87951916
,165,1,0,0.508051
,165,2,3,1.0
,165,3,0,0.7091624
,166,0,0,0.60156715
,166,1,1,0.89718586
,166,2,0,0.86244696
,166,3,3,1.0
,167,0,2,1.0
,167,1,1,0.8994817
,167,2,0,0.6987013
,167,3,0,0.50954515
,168,0,0,0.89572906
,168,1,1,0.52270484
,168,2,3,1.0
,168,3,1,0.90444636
,169,0,0,0.70923054
,169,1,3,1.0
,169,2,0,0.50518787
,169,3,1,0.94355255
,170,0,3,1.0
,170,1,0,0.9837099
,170,2,1,0.9057002
,170,3,1,0.91166717
,171,0,0,0.67795175
,171,1,3,1.0
,171,2,1,0.9479166
,171,3,1,0.53893495
,172,0,0,0.6554381
,172,1,0,0.7685954
,172,2,1,0.9502629
,172,3,3,1.0
,173,0,3,1.0
,173,1,1,0.87906015
,173,2,1,0.9492829
,173,3,0,0.9839014
,174,0,0,0.9678978
,174,1,1,0.9479706
,174,2,1,0.91363126
,174,3,3,1.0
,175,0,2,1.0
,175,1,1,0.9519126
,175,2,1,0.5179198
,175,3,0,0.6791109
,176,0,0,0.9037292
,176,1,1,0.9461081
,176,2,2,1.0
,176,3,0,0.65447164
,177,0,0,0.72574633
,177,1,1,0.9048675
,177,2,0,0.83656716
,177,3,3,1.0
,178,0,3,1.0
,178,1,1,0.52800876
,178,2,1,0.76204675
,178,3,0,0.7898856
,179,0,0,0.7709508
,179,1,3,1.0
,179,2,0,0.5169252
,179,3,1,0.76985
,180,0,1,0.87795204
,180,1,0,0.8637698
,180,2,3,1.0
,180,3,0,0.51797223
,181,0,1,0.94516164
,181,1,0,0.69921863
,181,2,0,0.6772943
,181,3,3,1.0
,182,0,1,0.9501473
,182,1,3,1.0
,182,2,0,0.65520215
,182,3,0,0.7870305
,183,0,1,0.9509757
,183,1,0,0.9854393
,183,2,3,1.0
,183,3,1,0.7738206
,184,0,1,0.9504552
,184,1,2,1.0
,184,2,0,0.88591075
,184,3,0,0.5117978
,185,0,1,0.9454696
,185,1,0,0.9037053
,185,2,0,0.7201411
,185,3,3,1.0
,186,0,1,0.90225846
,186,1,0,0.72609717
,186,2,3,1.0
,186,3,0,0.7890176
,187,0,1,0.50546074
,187,1,3,1.0
,187,2,0,0.77127314
,187,3,1,0.7720156
,188,0,2,1.0
,188,1,0,0.8804483
,188,2,1,0.8730527
,188,3,0,0.51299506
,189,0,0,0.83688676
,189,1,0,0.7185447
,189,2,1,0.9423771
,189,3,3,1.0
,190,0,1,0.758147
,190,1,3,1.0
,190,2,1,0.94987786
,190,3,0,0.9836321
,191,0,0,0.5371891
,191,1,0,0.87388605
,191,2,1,0.950778
,191,3,3,1.0
,192,0,2,1.0
,192,1,0,0.7157799
,192,2,1,0.95085967
,192,3,0,0.798352
,193,0,0,0.9889914
,193,1,3,1.0
,193,2,1,0.9506627
,193,3,1,0.77173877
,194,0,2,1.0
,194,1,0,0.8864935
,194,2,1,0.94683176
,194,3,0,0.51243526
,195,0,0,0.81353927
,195,1,0,0.7233374
,195,2,1,0.91182446
,195,3,3,1.0
,196,0,1,0.8816474
,196,1,3,1.0
,196,2,1,0.5351484
,196,3,0,0.6574888
,197,0,1,0.945528
,197,1,0,0.6763917
,197,2,3,1.0
,197,3,0,0.63595587
,198,0,1,0.9500408
,198,1,0,0.654683
,198,2,0,0.8727593
,198,3,3,1.0
,199,0,1,0.9502224
,199,1,3,1.0
,199,2,0,0.71647173
,199,3,0,0.79372483
,200,0,1,0.94655347
,200,1,0,0.98364335
,200,2,3,1.0
,200,3,1,0.74362326
,201,0,1,0.9122212
,201,1,3,1.0
,201,2,0,0.76307505
,201,3,0,0.6385214
,202,0,1,0.5391472
,202,1,0,0.68757653
,202,2,1,0.88143605
,202,3,2,1.0
,203,0,3,1.0
,203,1,0,0.68027943
,203,2,1,0.9435286
,203,3,0,0.8210409
,204,0,0,0.98485905
,204,1,2,1.0
,204,2,1,0.95023984
,204,3,1,0.86821175
,205,0,3,1.0
,205,1,0,0.987616
,205,2,1,0.95083445
,205,3,1,0.94197196
,206,0,0,0.9857703
,206,1,3,1.0
,206,2,1,0.9512474
,206,3,1,0.95029587
,207,0,2,1.0
,207,1,0,0.9855339
,207,2,1,0.95141435
,207,3,1,0.95131314
,208,0,0,0.9878003
,208,1,3,1.0
,208,2,1,0.9532339
,208,3,1,0.95322394
,209,0,3,1.0
,209,1,0,0.94744426
,209,2,1,0.9528038
,209,3,1,0.9528081
,210,0,0,0.98352796
,210,1,3,1.0
,210,2,1,0.95103014
,210,3,1,0.9510805
,211,0,3,1.0
,211,1,0,0.98577285
,211,2,1,0.95072204
,211,3,1,0.95118976
,212,0,0,0.9855332
,212,1,2,1.0
,212,2,1,0.94622946
,212,3,1,0.95061666
,213,0,3,1.0
,213,1,0,0.98760945
,213,2,1,0.9049881
,213,3,1,0.9457795
,214,0,0,0.7721277
,214,1,3,1.0
,214,2,1,0.5280608
,214,3,1,0.9044124
,215,0,1,0.8783375
,215,1,0,0.8645046
,215,2,3,1.0
,215,3,1,0.52420163
,216,0,1,0.9477592
,216,1,0,0.7025879
,216,2,1,0.5034255
,216,3,3,1.0
,217,0,1,0.9521744
,217,1,3,1.0
,217,2,1,0.89916784
,217,3,0,0.97793794
,218,0,1,0.95092356
,218,1,0,0.98353106
,218,2,1,0.8963863
,218,3,3,1.0
,219,0,1,0.9510427
,219,1,3,1.0
,219,2,1,0.525274
,219,3,0,0.78782266
,220,0,1,0.9531713
,220,1,0,0.9838792
,220,2,3,1.0
,220,3,1,0.786158
,221,0,1,0.9529944
,221,1,3,1.0
,221,2,0,0.5288907
,221,3,1,0.5002144
,222,0,1,0.95333153
,222,1,0,0.9836979
,222,2,1,0.83054316
,222,3,3,1.0
,223,0,1,0.9527175
,223,1,3,1.0
,223,2,1,0.5140247
,223,3,0,0.67793214
,224,0,1,0.95117867
,224,1,0,0.7686043
,224,2,3,1.0
,224,3,0,0.6554315
,225,0,1,0.95301783
,225,1,1,0.8790481
,225,2,0,0.9839016
,225,3,3,1.0
,226,0,1,0.9508804
,226,1,1,0.9479313
,226,2,3,1.0
,226,3,0,0.94819975
,227,0,1,0.9088916
,227,1,1,0.95176
,227,2,0,0.94729304
,227,3,3,1.0
,228,0,1,0.52930903
,228,1,1,0.94658303
,228,2,3,1.0
,228,3,0,0.8739807
,229,0,3,1.0
,229,1,1,0.9116602
,229,2,0,0.7610837
,229,3,0,0.71977395
,230,0,1,0.5063793
,230,1,1,0.5349988
,230,2,1,0.8867922
,230,3,3,1.0
,231,0,1,0.90881264
,231,1,3,1.0
,231,2,1,0.9465185
,231,3,0,0.95299405
,232,0,1,0.9465023
,232,1,0,0.9851445
,232,2,1,0.9506012
,232,3,2,1.0
,233,0,1,0.94986176
,233,1,3,1.0
,233,2,1,0.95083743
,233,3,0,0.9876165
,234,0,1,0.9458671
,234,1,0,0.98375946
,234,2,1,0.95086485
,234,3,3,1.0
,235,0,1,0.90502715
,235,1,3,1.0
,235,2,1,0.95080274
,235,3,0,0.9837539
,236,0,1,0.5281835
,236,1,0,0.8747177
,236,2,1,0.9507223
,236,3,3,1.0
,237,0,3,1.0
,237,1,0,0.7168279
,237,2,1,0.9506964
,237,3,0,0.87770236
,238,0,0,0.7703093
,238,1,3,1.0
,238,2,1,0.951002
,238,3,0,0.7394616
,239,0,1,0.8724739
,239,1,0,0.9849634
,239,2,1,0.9510521
,239,3,2,1.0
,240,0,1,0.93677825
,240,1,3,1.0
,240,2,1,0.9508773
,240,3,0,0.98761636
,241,0,1,0.9032862
,241,1,0,0.9837544
,241,2,1,0.95078576
,241,3,3,1.0
,242,0,1,0.52744025
,242,1,3,1.0
,242,2,1,0.9507658
,242,3,0,0.7903665
,243,0,3,1.0
,243,1,0,0.983638
,243,2,1,0.95071524
,243,3,1,0.77122563
,244,0,0,0.8776944
,244,1,3,1.0
,244,2,1,0.9501718
,244,3,0,0.51383907
,245,0,0,0.734701
,245,1,0,0.87275946
,245,2,1,0.9457105
,245,3,3,1.0
,246,0,2,1.0
,246,1,0,0.7152166
,246,2,1,0.90289694
,246,3,0,0.7838589
,247,0,0,0.9030926
,247,1,3,1.0
,247,2,1,0.50662786
,247,3,1,0.87159353
,248,0,0,0.72479814
,248,1,0,0.8803851
,248,2,2,1.0
,248,3,1,0.9426248
,249,0,3,1.0
,249,1,0,0.72144157
,249,2,0,0.81436795
,249,3,1,0.9522895
,250,0,0,0.94738173
,250,1,3,1.0
,250,2,1,0.8751048
,250,3,1,0.95270705
,251,0,3,1.0
,251,1,0,0.98352015
,251,2,1,0.9370502
,251,3,1,0.95103276
,252,0,0,0.9837572
,252,1,3,1.0
,252,2,1,0.9033263
,252,3,1,0.9508015
,253,0,3,1.0
,253,1,0,0.7728854
,253,2,1,0.527439
,253,3,1,0.95078075
,254,0,0,0.9836522
,254,1,1,0.87257713
,254,2,3,1.0
,254,3,1,0.9508499
,255,0,3,1.0
,255,1,1,0.9423479
,255,2,0,0.9837522
,255,3,1,0.95087236
,256,0,0,0.9837578
,256,1,1,0.949416
,256,2,3,1.0
,256,3,1,0.95087415
,257,0,3,1.0
,257,1,1,0.9458044
,257,2,0,0.98375803
,257,3,1,0.9508607
,258,0,0,0.9837537
,258,1,1,0.90491605
,258,2,3,1.0
,258,3,1,0.9507249
,259,0,3,1.0
,259,1,1,0.5279387
,259,2,0,0.77288806
,259,3,1,0.9502421
,260,0,0,0.9836518
,260,1,3,1.0
,260,2,1,0.87257224
,260,3,1,0.94589436
,261,0,3,1.0
,261,1,0,0.9837475
,261,2,1,0.9423252
,261,3,1,0.9050365
,262,0,0,0.8748706
,262,1,3,1.0
,262,2,1,0.9497576
,262,3,1,0.5282326
,263,0,0,0.71716875
,263,1,0,0.7702991
,263,2,1,0.95042855
,263,3,3,1.0
,264,0,3,1.0
,264,1,1,0.878213
,264,2,1,0.94879323
,264,3,0,0.9839009
,265,0,0,0.9474158
,265,1,1,0.94465303
,265,2,1,0.90844977
,265,3,3,1.0
,266,0,3,1.0
,266,1,1,0.94511473
,266,2,1,0.52891344
,266,3,0,0.7707422
,267,0,0,0.98365086
,267,1,1,0.90476143
,267,2,3,1.0
,267,3,1,0.87260354
,268,0,3,1.0
,268,1,1,0.52788633
,268,2,0,0.7727241
,268,3,1,0.9422724
,269,0,0,0.9836516
,269,1,3,1.0
,269,2,1,0.8731791
,269,3,1,0.9497042
,270,0,3,1.0
,270,1,0,0.98397493
,270,2,1,0.9450555
,270,3,1,0.94870555
,271,0,0,0.9803139
,271,1,3,1.0
,271,2,1,0.95215094
,271,3,1,0.90920585
,272,0,2,1.0
,272,1,0,0.8018709
,272,2,1,0.95129615
,272,3,1,0.5302413
,273,0,0,0.9924292
,273,1,1,0.7834956
,273,2,1,0.9526641
,273,3,3,1.0
,274,0,2,1.0
,274,1,0,0.5007161
,274,2,1,0.9479243
,274,3,0,0.72498536
,275,0,0,0.9875987
,275,1,3,1.0
,275,2,1,0.90521294
,275,3,1,0.87747526
,276,0,3,1.0
,276,1,0,0.77180815
,276,2,1,0.52803147
,276,3,1,0.9430985
,277,0,0,0.9838911
,277,1,1,0.878778
,277,2,3,1.0
,277,3,1,0.952243
,278,0,3,1.0
,278,1,1,0.9482316
,278,2,0,0.9482141
,278,3,1,0.9514777
,279,0,0,0.8734468
,279,1,1,0.95445555
,279,2,3,1.0
,279,3,1,0.9156019
,280,0,3,1.0
,280,1,1,0.95159334
,280,2,0,0.65820515
,280,3,1,0.53630674
,281,0,1,0.5071736
,281,1,1,0.91581506
,281,2,0,0.6395247
,281,3,3,1.0
,282,0,1,0.9082779
,282,1,1,0.53997445
,282,2,3,1.0
,282,3,0,0.50617135
,283,0,1,0.9465934
,283,1,3,1.0
,283,2,0,0.9855112
,283,3,1,0.90102607
,284,0,1,0.95061165
,284,1,0,0.9855332
,284,2,2,1.0
,284,3,1,0.94047415
,285,0,1,0.9502992
,285,1,3,1.0
,285,2,0,0.9876093
,285,3,1,0.90393007
,286,0,1,0.94660807
,286,1,0,0.7737008
,286,2,3,1.0
,286,3,1,0.5276271
,287,0,1,0.9123523
,287,1,1,0.8678376
,287,2,0,0.99016124
,287,3,3,1.0
,288,0,1,0.5391939
,288,1,1,0.8949733
,288,2,2,1.0
,288,3,0,0.53767115
,289,0,3,1.0
,289,1,1,0.5250166
,289,2,0,0.8221674
,289,3,1,0.8166678
,290,0,0,0.77062935
,290,1,3,1.0
,290,2,1,0.8665219
,290,3,1,0.5001419
,291,0,1,0.8788687
,291,1,0,0.9838853
,291,2,1,0.94016594
,291,3,3,1.0
,292,0,1,0.9481082
,292,1,3,1.0
,292,2,1,0.9137509
,292,3,0,0.9481883
,293,0,1,0.9539048
,293,1,0,0.65700346
,293,2,1,0.5357149
,293,3,3,1.0
,294,0,1,0.94654435
,294,1,0,0.635769
,294,2,3,1.0
,294,3,0,0.6766415
,295,0,1,0.8912412
,295,1,3,1.0
,295,2,0,0.7691071
,295,3,0,0.65490025
,296,0,0,0.5996905
,296,1,0,0.7791403
,296,2,1,0.87829465
,296,3,3,1.0
,297,0,2,1.0
,297,1,1,0.7849948
,297,2,1,0.9456437
,297,3,0,0.94785887
,298,0,0,0.8133903
,298,1,0,0.51319396
,298,2,1,0.9528222
,298,3,3,1.0
,299,0,1,0.8819243
,299,1,3,1.0
,299,2,1,0.95504856
,299,3,0,0.94813997
,300,0,1,0.9459209
,300,1,0,0.9473058
,300,2,1,0.9532232
,300,3,3,1.0
,301,0,1,0.9522447
,301,1,3,1.0
,301,2,1,0.95342326
,301,3,0,0.98376894
,302,0,1,0.9487153
,302,1,0,0.9474454
,302,2,1,0.9530569
,302,3,3,1.0
,303,0,1,0.9125206
,303,1,3,1.0
,303,2,1,0.95329934
,303,3,0,0.9837648
,304,0,1,0.53901774
,304,1,0,0.5331035
,304,2,1,0.9523278
,304,3,3,1.0
,305,0,3,1.0
,305,1,1,0.816988
,305,2,1,0.9467584
,305,3,0,0.9834525
,306,0,0,0.7635208
,306,1,0,0.5032284
,306,2,1,0.91210383
,306,3,3,1.0
,307,0,1,0.8816685
,307,1,3,1.0
,307,2,1,0.53886926
,307,3,0,0.52844244
,308,0,1,0.9453811
,308,1,0,0.9900391
,308,2,3,1.0
,308,3,1,0.83081526
,309,0,1,0.9466577
,309,1,2,1.0
,309,2,0,0.5107676
,309,3,1,0.5141528
,310,0,1,0.8998274
,310,1,0,0.987777
,310,2,1,0.9052738
,310,3,3,1.0
,311,0,0,0.58403516
,311,1,3,1.0
,311,2,1,0.95027244
,311,3,0,0.821015
,312,0,2,1.0
,312,1,0,0.85968
,312,2,1,0.9526432
,312,3,0,0.68650407
,313,0,0,0.8278692
,313,1,0,0.8011485
,313,2,1,0.95335895
,313,3,3,1.0
,314,0,1,0.77678263
,314,1,2,1.0
,314,2,1,0.9530823
,314,3,0,0.94791687
,315,0,0,0.5157041
,315,1,0,0.8961314
,315,2,1,0.95357466
,315,3,3,1.0
,316,0,3,1.0
,316,1,0,0.71225566
,316,2,1,0.9552583
,316,3,0,0.65844315
,317,0,1,0.50635296
,317,1,3,1.0
,317,2,1,0.95543754
,317,3,0,0.6396635
,318,0,1,0.9048593
,318,1,0,0.96790093
,318,2,1,0.9553291
,318,3,3,1.0
,319,0,1,0.9008557
,319,1,2,1.0
,319,2,1,0.9532578
,319,3,0,0.94795424
,320,0,1,0.52309096
,320,1,0,0.8140628
,320,2,1,0.9533753
,320,3,3,1.0
,321,0,3,1.0
,321,1,1,0.87715256
,321,2,1,0.9526977
,321,3,0,0.9530872
,322,0,0,0.9851391
,322,1,1,0.943454
,322,2,1,0.94718015
,322,3,2,1.0
,323,0,3,1.0
,323,1,1,0.952407
,323,2,1,0.91245663
,323,3,0,0.99255556
,324,0,0,0.5339397
,324,1,1,0.952571
,324,2,1,0.539212
,324,3,2,1.0
,325,0,1,0.82893354
,325,1,1,0.94963974
,325,2,3,1.0
,325,3,0,0.987787
,326,0,1,0.5097564
,326,1,1,0.9155244
,326,2,1,0.5054655
,326,3,3,1.0
,327,0,3,1.0
,327,1,1,0.53987676
,327,2,1,0.9077896
,327,3,0,0.5047262
,328,0,0,0.9837036
,328,1,3,1.0
,328,2,1,0.94469863
,328,3,1,0.905579
,329,0,3,1.0
,329,1,0,0.9481884
,329,2,1,0.91443974
,329,3,1,0.9466486
,330,0,1,0.5067275
,330,1,3,1.0
,330,2,1,0.5358964
,330,3,1,0.91503143
,331,0,1,0.90862805
,331,1,0,0.504606
,331,2,3,1.0
,331,3,1,0.53972155
,332,0,1,0.948824
,332,1,1,0.9059452
,332,2,0,0.99008644
,332,3,3,1.0
,333,0,1,0.95263433
,333,1,1,0.948383
,333,2,2,1.0
,333,3,0,0.9480401
,334,0,1,0.9533877
,334,1,1,0.952906
,334,2,0,0.9925802
,334,3,3,1.0
,335,0,1,0.9530408
,335,1,1,0.95258355
,335,2,2,1.0
,335,3,0,0.94804287
,336,0,1,0.95299315
,336,1,1,0.94903415
,336,2,0,0.9925802
,336,3,3,1.0
,337,0,1,0.9485569
,337,1,1,0.90835005
,337,2,2,1.0
,337,3,0,0.9480387
,338,0,1,0.91014224
,338,1,1,0.52550834
,338,2,0,0.81443703
,338,3,3,1.0
,339,0,1,0.51520693
,339,1,3,1.0
,339,2,1,0.8753625
,339,3,0,0.505747
,340,0,2,1.0
,340,1,0,0.98444986
,340,2,1,0.9372745
,340,3,1,0.9018115
,341,0,0,0.9876121
,341,1,3,1.0
,341,2,1,0.90345377
,341,3,1,0.94542235
,342,0,3,1.0
,342,1,0,0.87472796
,342,2,1,0.52769154
,342,3,1,0.9495939
,343,0,0,0.87377197
,343,1,0,0.71684366
,343,2,3,1.0
,343,3,1,0.94560826
,344,0,0,0.7167389
,344,1,3,1.0
,344,2,0,0.7718511
,344,3,1,0.90477324
,345,0,3,1.0
,345,1,0,0.8741271
,345,2,1,0.87098175
,345,3,1,0.52804816
,346,0,0,0.8737259
,346,1,0,0.71666116
,346,2,1,0.9362853
,346,3,3,1.0
,347,0,0,0.7166882
,347,1,3,1.0
,347,2,1,0.90255904
,347,3,0,0.7706473
,348,0,3,1.0
,348,1,0,0.77671117
,348,2,1,0.52345794
,348,3,1,0.8785521
,349,0,0,0.96786076
,349,1,1,0.800224
,349,2,3,1.0
,349,3,1,0.9479321
,350,0,2,1.0
,350,1,1,0.5047887
,350,2,0,0.68159825
,350,3,1,0.95203185
,351,0,0,0.8956963
,351,1,3,1.0
,351,2,0,0.65929294
,351,3,1,0.9488628
,352,0,0,0.709116
,352,1,0,0.50703007
,352,2,3,1.0
,352,3,1,0.90838003
,353,0,3,1.0
,353,1,1,0.90105957
,353,2,0,0.7926899
,353,3,1,0.52887815
,354,0,0,0.9836341
,354,1,1,0.9456399
,354,2,1,0.74364555
,354,3,3,1.0
,355,0,3,1.0
,355,1,1,0.95259106
,355,2,0,0.63928765
,355,3,0,0.7630086
,356,0,0,0.9478779
,356,1,1,0.9526994
,356,2,2,1.0
,356,3,1,0.8815316
,357,0,3,1.0
,357,1,1,0.95052034
,357,2,0,0.9876086
,357,3,1,0.94332874
,358,0,0,0.9837626
,358,1,1,0.9460473
,358,2,3,1.0
,358,3,1,0.9500288
,359,0,3,1.0
,359,1,1,0.9060548
,359,2,0,0.9855476
,359,3,1,0.9505277
,360,0,0,0.8892118
,360,1,1,0.5296413
,360,2,2,1.0
,360,3,1,0.9461578
,361,0,0,0.7398412
,361,1,3,1.0
,361,2,0,0.8213146
,361,3,1,0.9056499
,362,0,2,1.0
,362,1,0,0.88501227
,362,2,1,0.86787266
,362,3,1,0.52909607
,363,0,0,0.90605354
,363,1,0,0.7364439
,363,2,1,0.94198173
,363,3,3,1.0
,364,0,0,0.74655604
,364,1,2,1.0
,364,2,1,0.95021355
,364,3,0,0.7824534
,365,0,2,1.0
,365,1,0,0.98766273
,365,2,1,0.95096326
,365,3,1,0.87224907
,366,0,0,0.987616
,366,1,3,1.0
,366,2,1,0.9509093
,366,3,1,0.9418101
,367,0,3,1.0
,367,1,0,0.9857678
,367,2,1,0.951224
,367,3,1,0.9453811
,368,0,0,0.9855287
,368,1,2,1.0
,368,2,1,0.95112586
,368,3,1,0.9055142
,369,0,3,1.0
,369,1,0,0.8213171
,369,2,1,0.9506436
,369,3,1,0.5283672
,370,0,0,0.98387706
,370,1,1,0.8718612
,370,2,1,0.9488154
,370,3,3,1.0
,371,0,3,1.0
,371,1,1,0.9391503
,371,2,1,0.9084697
,371,3,0,0.9474156
,372,0,0,0.77108717
,372,1,1,0.90348965
,372,2,1,0.52905333
,372,3,3,1.0
,373,0,1,0.8724136
,373,1,1,0.5274464
,373,2,3,1.0
,373,3,0,0.7894544
,374,0,1,0.94221556
,374,1,3,1.0
,374,2,0,0.9836316
,374,3,1,0.7713901
,375,0,1,0.9491999
,375,1,0,0.8747631
,375,2,3,1.0
,375,3,0,0.51375437
,376,0,1,0.94543296
,376,1,0,0.7171342
,376,2,0,0.77129817
,376,3,3,1.0
,377,0,1,0.9027564
,377,1,3,1.0
,377,2,1,0.8724955
,377,3,0,0.98365706
,378,0,1,0.50786483
,378,1,0,0.8740098
,378,2,1,0.94178635
,378,3,3,1.0
,379,0,2,1.0
,379,1,0,0.7158841
,379,2,1,0.9448793
,379,3,0,0.78302276
,380,0,0,0.987606
,380,1,3,1.0
,380,2,1,0.9043199
,380,3,1,0.8613492
,381,0,3,1.0
,381,1,0,0.764134
,381,2,1,0.5243243
,381,3,1,0.89700574
,382,0,0,0.8332088
,382,1,1,0.8805687
,382,2,3,1.0
,382,3,1,0.53386366
,383,0,0,0.7040255
,383,1,1,0.94303226
,383,2,0,0.8724116
,383,3,3,1.0
,384,0,3,1.0
,384,1,1,0.9497972
,384,2,0,0.71614045
,384,3,0,0.87371206
,385,0,0,0.8738479
,385,1,1,0.9500389
,385,2,3,1.0
,385,3,0,0.71651447
,386,0,0,0.7168388
,386,1,1,0.94576925
,386,2,0,0.77135867
,386,3,3,1.0
,387,0,3,1.0
,387,1,1,0.90498173
,387,2,1,0.87259907
,387,3,0,0.98365706
,388,0,0,0.874683
,388,1,1,0.52816707
,388,2,1,0.94226474
,388,3,3,1.0
,389,0,0,0.716828
,389,1,3,1.0
,389,2,1,0.95000964
,389,3,0,0.87431806
,390,0,3,1.0
,390,1,0,0.7787139
,390,2,1,0.95300215
,390,3,0,0.719914
,391,0,0,0.94736093
,391,1,1,0.78531444
,391,2,1,0.95269454
,391,3,3,1.0
,392,0,3,1.0
,392,1,0,0.50978684
,392,2,1,0.9509576
,392,3,0,0.77056366
,393,0,0,0.9836568
,393,1,3,1.0
,393,2,1,0.9508696
,393,3,1,0.87283117
,394,0,3,1.0
,394,1,0,0.9837521
,394,2,1,0.9508739
,394,3,1,0.94237554
,395,0,0,0.9837578
,395,1,3,1.0
,395,2,1,0.9508696
,395,3,1,0.9494203
,396,0,3,1.0
,396,1,0,0.98375803
,396,2,1,0.9508161
,396,3,1,0.9458159
,397,0,0,0.9837539
,397,1,3,1.0
,397,2,1,0.95031774
,397,3,1,0.9050249
,398,0,3,1.0
,398,1,0,0.87540257
,398,2,1,0.94623554
,398,3,1,0.5282346
,399,0,0,0.76208794
,399,1,0,0.72022396
,399,2,1,0.9096745
,399,3,3,1.0
,400,0,1,0.88080686
,400,1,3,1.0
,400,2,1,0.5151608
,400,3,0,0.53130513
,401,0,1,0.9387776
,401,1,0,0.98443884
,401,2,2,1.0
,401,3,1,0.81839114
,402,0,1,0.91106063
,402,1,3,1.0
,402,2,0,0.81405675
,402,3,0,0.5026444
,403,0,1,0.5388428
,403,1,1,0.71847683
,403,2,1,0.87705773
,403,3,3,1.0
,404,0,3,1.0
,404,1,1,0.9289486
,404,2,1,0.94548506
,404,3,0,0.98371804
,405,0,0,0.94744486
,405,1,1,0.9499379
,405,2,1,0.9520597
,405,3,3,1.0
,406,0,3,1.0
,406,1,1,0.9466137
,406,2,1,0.9512118
,406,3,0,0.9835276
,407,0,0,0.9839959
,407,1,1,0.91226053
,407,2,1,0.95313346
,407,3,3,1.0
,408,0,3,1.0
,408,1,1,0.5391165
,408,2,1,0.95215815
,408,3,0,0.67794657
,409,0,0,0.7699213
,409,1,3,1.0
,409,2,1,0.9459854
,409,3,0,0.65543705
,410,0,1,0.8714466
,410,1,0,0.98365706
,410,2,1,0.904921
,410,3,3,1.0
,411,0,1,0.93653786
,411,1,3,1.0
,411,2,1,0.527935
,411,3,0,0.7728744
,412,0,1,0.9032009
,412,1,0,0.9836464
,412,2,3,1.0
,412,3,1,0.8722612
,413,0,1,0.52739614
,413,1,3,1.0
,413,2,0,0.7727219
,413,3,1,0.94174945
,414,0,3,1.0
,414,1,0,0.98365134
,414,2,1,0.87318736
,414,3,1,0.94567686
,415,0,0,0.9839856
,415,1,3,1.0
,415,2,1,0.9450837
,415,3,1,0.9120509
,416,0,3,1.0
,416,1,0,0.53285754
,416,2,1,0.95194185
,416,3,1,0.5388726
,417,0,0,0.98345286
,417,1,1,0.8177329
,417,2,1,0.9508592
,417,3,3,1.0
,418,0,3,1.0
,418,1,1,0.50056416
,418,2,1,0.95078164
,418,3,0,0.7911543
,419,0,0,0.983638
,419,1,3,1.0
,419,2,1,0.95079505
,419,3,1,0.7663665
,420,0,3,1.0
,420,1,0,0.8773948
,420,2,1,0.95092833
,420,3,0,0.535697
,421,0,0,0.8790571
,421,1,0,0.73667145
,421,2,1,0.95113605
,421,3,2,1.0
,422,0,0,0.71665704
,422,1,2,1.0
,422,2,1,0.95101017
,422,3,0,0.9038568
,423,0,3,1.0
,423,1,0,0.9040732
,423,2,1,0.9510016
,423,3,0,0.72579503
,424,0,0,0.8634032
,424,1,0,0.729069
,424,2,1,0.9530869
,424,3,3,1.0
,425,0,0,0.6991016
,425,1,3,1.0
,425,2,1,0.9526666
,425,3,0,0.6773519
,426,0,3,1.0
,426,1,0,0.78737265
,426,2,1,0.95093787
,426,3,0,0.65522635
,427,0,0,0.98364794
,427,1,1,0.77177274
,427,2,1,0.95079255
,427,3,3,1.0
,428,0,3,1.0
,428,1,0,0.513677
,428,2,1,0.9507157
,428,3,0,0.87461704
,429,0,0,0.8737816
,429,1,3,1.0
,429,2,1,0.950674
,429,3,0,0.7168109
,430,0,0,0.7167986
,430,1,0,0.7889295
,430,2,1,0.95074016
,430,3,3,1.0
,431,0,3,1.0
,431,1,1,0.77129096
,431,2,1,0.9507517
,431,3,0,0.98364735
,432,0,0,0.77473646
,432,1,0,0.5140451
,432,2,1,0.9507726
,432,3,3,1.0
,433,0,1,0.8609153
,433,1,3,1.0
,433,2,1,0.9508413
,433,3,0,0.98365206
,434,0,1,0.88959974
,434,1,0,0.9837464
,434,2,1,0.95079887
,434,3,3,1.0
,435,0,1,0.52333975
,435,1,3,1.0
,435,2,1,0.95072
,435,3,0,0.8747221
,436,0,3,1.0
,436,1,0,0.87364304
,436,2,1,0.950693
,436,3,0,0.7168782
,437,0,0,0.87682515
,437,1,0,0.7165193
,437,2,1,0.95070165
,437,3,3,1.0
,438,0,0,0.7345922
,438,1,3,1.0
,438,2,1,0.95083266
,438,3,0,0.8727938
,439,0,2,1.0
,439,1,0,0.80083287
,439,2,1,0.95037735
,439,3,0,0.71521324
,440,0,0,0.98760563
,440,1,1,0.7691063
,440,2,1,0.94577
,440,3,3,1.0
,441,0,3,1.0
,441,1,0,0.5145983
,441,2,1,0.9047331
,441,3,0,0.774823
,442,0,0,0.77276176
,442,1,3,1.0
,442,2,1,0.5278229
,442,3,1,0.86231595
,443,0,1,0.8676323
,443,1,0,0.98387957
,443,2,3,1.0
,443,3,1,0.8977354
,444,0,1,0.8941695
,444,1,3,1.0
,444,2,0,0.52950203
,444,3,1,0.534608
,445,0,1,0.52077734
,445,1,0,0.76271874
,445,2,1,0.8300071
,445,3,3,1.0
,446,0,3,1.0
,446,1,1,0.87046164
,446,2,1,0.51365423
,446,3,0,0.50982666
,447,0,0,0.98345095
,447,1,1,0.8911392
,447,2,3,1.0
,447,3,1,0.89165586
,448,0,3,1.0
,448,1,1,0.5237031
,448,2,0,0.7748778
,448,3,1,0.89498305
,449,0,0,0.8747265
,449,1,3,1.0
,449,2,1,0.8621264
,449,3,1,0.5250114
,450,0,0,0.72000116
,450,1,0,0.7787412
,450,2,1,0.8975116
,450,3,3,1.0
,451,0,3,1.0
,451,1,1,0.7852007
,451,2,1,0.5344736
,451,3,0,0.5073333
,452,0,0,0.87281066
,452,1,0,0.5096528
,452,2,3,1.0
,452,3,1,0.90079945
,453,0,0,0.71627593
,453,1,3,1.0
,453,2,0,0.873647
,453,3,1,0.94477385
,454,0,3,1.0
,454,1,0,0.87437993
,454,2,0,0.7164895
,454,3,1,0.9458221
,455,0,0,0.7621356
,455,1,0,0.7198963
,455,2,3,1.0
,455,3,1,0.9119127
,456,0,1,0.88102907
,456,1,3,1.0
,456,2,0,0.5287867
,456,3,1,0.53881556
,457,0,1,0.9416735
,457,1,0,0.98369026
,457,2,1,0.8298484
,457,3,3,1.0
,458,0,1,0.9138906
,458,1,3,1.0
,458,2,1,0.5100435
,458,3,0,0.51466304
,459,0,1,0.5357166
,459,1,1,0.50819397
,459,2,3,1.0
,459,3,1,0.8407512
,460,0,3,1.0
,460,1,1,0.91242474
,460,2,1,0.507367
,460,3,1,0.5132373
,461,0,0,0.9472683
,461,1,1,0.9485786
,461,2,1,0.9088527
,461,3,3,1.0
,462,0,3,1.0
,462,1,1,0.9492305
,462,2,1,0.9490559
,462,3,0,0.9837653
,463,0,0,0.94819385
,463,1,1,0.9151878
,463,2,1,0.9548787
,463,3,3,1.0
,464,0,3,1.0
,464,1,1,0.5360326
,464,2,1,0.9554603
,464,3,0,0.657438
,465,0,1,0.5757561
,465,1,3,1.0
,465,2,1,0.95545626
,465,3,0,0.6387803
,466,0,0,0.567921
,466,1,1,0.50859666
,466,2,1,0.9551155
,466,3,3,1.0
,467,0,3,1.0
,467,1,1,0.91302556
,467,2,1,0.95171607
,467,3,0,0.94803405
,468,0,0,0.94805866
,468,1,1,0.95141196
,468,2,1,0.91558856
,468,3,3,1.0
,469,0,3,1.0
,469,1,1,0.95478547
,469,2,1,0.5362813
,469,3,0,0.66246194
,470,0,0,0.6750947
,470,1,1,0.95249265
,470,2,3,1.0
,470,3,0,0.6539121
,471,0,0,0.653551
,471,1,1,0.9461188
,471,2,0,0.7804994
,471,3,2,1.0
,472,0,3,1.0
,472,1,1,0.9045154
,472,2,1,0.8721789
,472,3,0,0.98760587
,473,0,0,0.7624025
,473,1,1,0.5241152
,473,2,1,0.9452137
,473,3,3,1.0
,474,0,1,0.8872206
,474,1,3,1.0
,474,2,1,0.95454
,474,3,0,0.9481458
,475,0,1,0.94862664
,475,1,0,0.9480676
,475,2,1,0.9554214
,475,3,3,1.0
,476,0,1,0.9510925
,476,1,3,1.0
,476,2,1,0.95548356
,476,3,0,0.9480718
,477,0,1,0.9158636
,477,1,0,0.9480615
,477,2,1,0.95526123
,477,3,3,1.0
,478,0,1,0.54018736
,478,1,3,1.0
,478,2,1,0.9531303
,478,3,0,0.6781891
,479,0,3,1.0
,479,1,0,0.7616173
,479,2,1,0.953418
,479,3,0,0.65858895
,480,0,0,0.66439295
,480,1,1,0.87455696
,480,2,1,0.9542085
,480,3,3,1.0
,481,0,0,0.6427745
,481,1,1,0.89391935
,481,2,1,0.95230097
,481,3,3,1.0
,482,0,3,1.0
,482,1,1,0.52085584
,482,2,1,0.9522392
,482,3,0,0.76606935
,483,0,0,0.9781449
,483,1,3,1.0
,483,2,1,0.9433419
,483,3,1,0.8597163
,484,0,3,1.0
,484,1,0,0.9141081
,484,2,1,0.8617584
,484,3,1,0.84222126
,485,0,0,1.0
,485,1,0,1.0
,485,2,0,1.0
,485,3,3,0.5097935
,486,0,1,0.7641569
,486,1,1,0.8542592
,486,2,3,1.0
,486,3,0,0.84234333
,487,0,0,0.5097897
,487,1,1,0.8985205
,487,2,1,0.7255332
,487,3,3,1.0
,488,0,3,1.0
,488,1,1,0.5169704
,488,2,1,0.92316616
,488,3,0,0.67558676
,489,0,0,0.77931195
,489,1,2,1.0
,489,2,1,0.8986237
,489,3,0,0.6538269
,490,0,1,0.87061656
,490,1,0,0.9030942
,490,2,1,0.50531584
,490,3,3,1.0
,491,0,1,0.93592024
,491,1,0,0.7247989
,491,2,2,1.0
,491,3,0,0.8803734
,492,0,1,0.89757514
,492,1,3,1.0
,492,2,0,0.8260099
,492,3,0,0.72137886
,493,0,0,0.5906343
,493,1,1,0.5068448
,493,2,1,0.7923243
,493,3,3,1.0
,494,0,2,1.0
,494,1,1,0.9088537
,494,2,1,0.5024705
,494,3,1,0.6996693
,495,0,0,0.99255
,495,1,1,0.94873655
,495,2,3,1.0
,495,3,1,0.86993736
,496,0,2,1.0
,496,1,1,0.9518178
,496,2,0,0.5375993
,496,3,1,0.5261624
,497,0,0,0.9875992
,497,1,1,0.9458827
,497,2,1,0.81684434
,497,3,3,1.0
,498,0,3,1.0
,498,1,1,0.9044666
,498,2,1,0.5003655
,498,3,0,0.7721255
,499,0,0,0.86539215
,499,1,1,0.52452075
,499,2,3,1.0
,499,3,1,0.87798357
,500,0,0,0.70412767
,500,1,3,1.0
,500,2,0,0.6889192
,500,3,1,0.94790286
,501,0,3,1.0
,501,1,0,0.94804466
,501,2,1,0.89387697
,501,3,1,0.9546086
,502,0,0,0.87175906
,502,1,3,1.0
,502,2,1,0.9471901
,502,3,1,0.9531571
,503,0,3,1.0
,503,1,0,0.98376083
,503,2,1,0.95277196
,503,3,1,0.9529267
,504,0,0,0.94744587
,504,1,3,1.0
,504,2,1,0.9527515
,504,3,1,0.948039
,505,0,3,1.0
,505,1,0,0.98352295
,505,2,1,0.95095783
,505,3,1,0.9052767
,506,0,0,0.7904067
,506,1,3,1.0
,506,2,1,0.9507905
,506,3,1,0.528068
,507,0,1,0.77121156
,507,1,0,0.98363787
,507,2,1,0.95076895
,507,3,3,1.0
,508,0,0,0.51385325
,508,1,3,1.0
,508,2,1,0.95065516
,508,3,0,0.8746167
,509,0,3,1.0
,509,1,0,0.87379605
,509,2,1,0.95013195
,509,3,0,0.7168068
,510,0,0,0.7713485
,510,1,0,0.71682245
,510,2,1,0.9457804
,510,3,3,1.0
,511,0,1,0.8726653
,511,1,3,1.0
,511,2,1,0.9049851
,511,3,0,0.98365706
,512,0,1,0.9425631
,512,1,0,0.8752422
,512,2,1,0.52817625
,512,3,3,1.0
,513,0,1,0.9524606
,513,1,0,0.72001666
,513,2,3,1.0
,513,3,0,0.8640898
,514,0,1,0.9552503
,514,1,3,1.0
,514,2,1,0.50806785
,514,3,0,0.7026677
,515,0,1,0.9555063
,515,1,0,0.71873593
,515,2,1,0.9124005
,515,3,3,1.0
,516,0,1,0.9548539
,516,1,3,1.0
,516,2,1,0.94649297
,516,3,0,0.87347245
,517,0,1,0.94819033
,517,1,0,0.94728154
,517,2,1,0.90588593
,517,3,3,1.0
,518,0,1,0.9056832
,518,1,3,1.0
,518,2,1,0.50785446
,518,3,0,0.7877709
,519,0,1,0.5288021
,519,1,0,0.79914445
,519,2,2,1.0
,519,3,1,0.7723081
,520,0,3,1.0
,520,1,1,0.76938283
,520,2,0,0.82203627
,520,3,0,0.51344305
,521,0,0,0.8745831
,521,1,0,0.51445746
,521,2,1,0.8674387
,521,3,3,1.0
,522,0,0,0.7200764
,522,1,3,1.0
,522,2,1,0.94474304
,522,3,0,0.7605562
,523,0,3,1.0
,523,1,0,0.87350005
,523,2,1,0.9545614
,523,3,1,0.88769144
,524,0,0,0.8735022
,524,1,3,1.0
,524,2,1,0.9554373
,524,3,1,0.9491283
,525,0,3,1.0
,525,1,0,0.8735022
,525,2,1,0.9549586
,525,3,1,0.9547225
,526,0,0,0.8717593
,526,1,3,1.0
,526,2,1,0.9489889
,526,3,1,0.95281285
,527,0,3,1.0
,527,1,0,0.9837572
,527,2,1,0.91217846
,527,3,1,0.9494831
,528,0,1,0.5061238
,528,1,3,1.0
,528,2,1,0.5351078
,528,3,1,0.9135046
,529,0,1,0.9086608
,529,1,1,0.69617873
,529,2,3,1.0
,529,3,1,0.51632434
,530,0,1,0.9464289
,530,1,1,0.85648894
,530,2,0,0.9844699
,530,3,2,1.0
,531,0,1,0.95053554
,531,1,0,0.511841
,531,2,3,1.0
,531,3,0,0.8212264
,532,0,1,0.9507454
,532,1,2,1.0
,532,2,0,0.98469526
,532,3,1,0.8685484
,533,0,1,0.9488367
,533,1,0,0.98780066
,533,2,3,1.0
,533,3,1,0.9440869
,534,0,1,0.90848345
,534,1,3,1.0
,534,2,0,0.94742024
,534,3,1,0.94697714
,535,0,1,0.52907515
,535,1,0,0.7889115
,535,2,3,1.0
,535,3,1,0.90492445
,536,0,3,1.0
,536,1,1,0.76988727
,536,2,0,0.7712448
,536,3,1,0.5280182
,537,0,0,0.7792102
,537,1,0,0.51810634
,537,2,1,0.8779896
,537,3,3,1.0
,538,0,1,0.78459114
,538,1,3,1.0
,538,2,1,0.94553417
,538,3,0,0.94735825
,539,0,0,0.51341474
,539,1,0,0.863598
,539,2,1,0.95274746
,539,3,3,1.0
,540,0,3,1.0
,540,1,0,0.7024355
,540,2,1,0.9551583
,540,3,1,0.5078167
,541,0,0,0.94803673
,541,1,3,1.0
,541,2,1,0.95482796
,541,3,1,0.9124697
,542,0,3,1.0
,542,1,0,0.9472823
,542,2,1,0.948579
,542,3,1,0.94836783
,543,0,0,0.76430666
,543,1,3,1.0
,543,2,1,0.9096459
,543,3,1,0.9481269
,544,0,1,0.8755079
,544,1,3,1.0
,544,2,1,0.5315462
,544,3,1,0.913952
,545,0,1,0.9036939
,545,1,0,0.51736146
,545,2,3,1.0
,545,3,1,0.5357633
,546,0,1,0.5363665
,546,1,1,0.82930756
,546,2,0,0.506313
,546,3,3,1.0
,547,0,3,1.0
,547,1,1,0.504018
,547,2,1,0.90155596
,547,3,0,0.7850694
,548,0,0,0.98388004
,548,1,3,1.0
,548,2,1,0.94801676
,548,3,1,0.7867191
,549,0,3,1.0
,549,1,0,0.6776425
,549,2,1,0.9522086
,549,3,1,0.5005267
,550,0,0,0.87316877
,550,1,0,0.655106
,550,2,1,0.95111156
,550,3,3,1.0
,551,0,0,0.71937436
,551,1,3,1.0
,551,2,1,0.953358
,551,3,0,0.8640901
,552,0,3,1.0
,552,1,0,0.65772325
,552,2,1,0.9553257
,552,3,0,0.7025604
,553,0,1,0.72730607
,553,1,0,0.6389361
,553,2,1,0.95552206
,553,3,3,1.0
,554,0,1,0.9285678
,554,1,3,1.0
,554,2,1,0.9554963
,554,3,0,0.9480473
,555,0,1,0.9124814
,555,1,0,0.94808334
,555,2,1,0.9553077
,555,3,3,1.0
,556,0,1,0.53936255
,556,1,3,1.0
,556,2,1,0.9529451
,556,3,1,0.5553526
,557,0,3,1.0
,557,1,0,0.87339634
,557,2,1,0.95077896
,557,3,0,0.58186835
,558,0,0,0.8802019
,558,1,0,0.71940166
,558,2,1,0.94942546
,558,3,3,1.0
,559,0,0,0.79505193
,559,1,3,1.0
,559,2,1,0.91563684
,559,3,1,0.5066986
,560,0,2,1.0
,560,1,0,0.5364126
,560,2,1,0.54012644
,560,3,1,0.9083139
,561,0,0,0.9875991
,561,1,1,0.8163555
,561,2,3,1.0
,561,3,1,0.9463532
,562,0,3,1.0
,562,1,0,0.50348204
,562,2,0,0.77762944
,562,3,1,0.9523248
,563,0,0,0.94812673
,563,1,3,1.0
,563,2,1,0.79968894
,563,3,1,0.94946986
,564,0,3,1.0
,564,1,0,0.5051905
,564,2,1,0.5044073
,564,3,1,0.8952755
,565,0,0,0.8621879
,565,1,1,0.90575826
,565,2,3,1.0
,565,3,0,0.599694
,566,0,0,0.6982966
,566,1,1,0.9483813
,566,2,1,0.5545104
,566,3,2,1.0
,567,0,3,1.0
,567,1,1,0.9531254
,567,2,0,0.58543974
,567,3,0,0.89585495
,568,0,1,0.72532225
,568,1,1,0.954987
,568,2,3,1.0
,568,3,0,0.7116575
,569,0,1,0.9232683
,569,1,1,0.95289737
,569,2,0,0.97796315
,569,3,3,1.0
,570,0,1,0.9008722
,570,1,1,0.9509913
,570,2,3,1.0
,570,3,0,0.98353386
,571,0,1,0.5269269
,571,1,1,0.9507233
,571,2,0,0.87489575
,571,3,3,1.0
,572,0,3,1.0
,572,1,1,0.95075613
,572,2,0,0.7171762
,572,3,0,0.7712333
,573,0,0,0.983662
,573,1,1,0.9508748
,573,2,3,1.0
,573,3,1,0.8728383
,574,0,3,1.0
,574,1,1,0.9511176
,574,2,0,0.98375195
,574,3,1,0.94271934
,575,0,0,0.9839809
,575,1,1,0.95315844
,575,2,3,1.0
,575,3,1,0.9522827
,576,0,3,1.0
,576,1,1,0.95307314
,576,2,0,0.9807314
,576,3,1,0.9529449
,577,0,0,0.9852269
,577,1,1,0.9514963
,577,2,2,1.0
,577,3,1,0.95108455
,578,0,3,1.0
,578,1,1,0.9526263
,578,2,0,0.98780054
,578,3,1,0.9488731
,579,0,0,0.94741964
,579,1,1,0.9464853
,579,2,3,1.0
,579,3,1,0.9084752
,580,0,3,1.0
,580,1,1,0.8914775
,580,2,0,0.7700318
,580,3,1,0.5290265
,581,0,0,0.86366487
,581,1,0,0.598241
,581,2,1,0.878043
,581,3,3,1.0
,582,0,0,0.6990882
,582,1,2,1.0
,582,2,1,0.94480336
,582,3,0,0.51043344
,583,0,3,1.0
,583,1,0,0.9876066
,583,2,1,0.94600344
,583,3,1,0.9013407
,584,0,0,0.98399323
,584,1,3,1.0
,584,2,1,0.9121508
,584,3,1,0.9480406
,585,0,3,1.0
,585,1,0,0.6787588
,585,2,1,0.5390425
,585,3,1,0.95245665
,586,0,0,0.8791319
,586,1,0,0.6586192
,586,2,3,1.0
,586,3,1,0.9534522
,587,0,0,0.79487556
,587,1,3,1.0
,587,2,0,0.6567851
,587,3,1,0.95506734
,588,0,2,1.0
,588,1,0,0.6798268
,588,2,0,0.63551897
,588,3,1,0.95294875
,589,0,0,0.9036897
,589,1,0,0.65554726
,589,2,3,1.0
,589,3,1,0.9509512
,590,0,0,0.72620857
,590,1,3,1.0
,590,2,0,0.78617543
,590,3,1,0.9510261
,591,0,3,1.0
,591,1,0,0.9838894
,591,2,1,0.78654873
,591,3,1,0.9531728
,592,0,0,0.6789855
,592,1,3,1.0
,592,2,1,0.5005192
,592,3,1,0.9529091
,593,0,0,0.6589437
,593,1,0,0.7590189
,593,2,3,1.0
,593,3,1,0.95320266
,594,0,3,1.0
,594,1,1,0.8877335
,594,2,0,0.8734697
,594,3,1,0.9515508
,595,0,0,0.94804794
,595,1,1,0.9490206
,595,2,3,1.0
,595,3,1,0.9155176
,596,0,3,1.0
,596,1,1,0.95482814
,596,2,1,0.5061458
,596,3,1,0.53615123
,597,0,0,0.94803214
,597,1,1,0.9550861
,597,2,1,0.9059341
,597,3,3,1.0
,598,0,3,1.0
,598,1,1,0.95165753
,598,2,1,0.9082347
,598,3,0,0.94805497
,599,0,0,0.513419
,599,1,1,0.91547215
,599,2,1,0.53400344
,599,3,3,1.0
,600,0,1,0.8416518
,600,1,1,0.53617567
,600,2,3,1.0
,600,3,1,0.50696
,601,0,1,0.5173797
,601,1,3,1.0
,601,2,0,0.6768575
,601,3,1,0.9080741
,602,0,3,1.0
,602,1,0,0.76971024
,602,2,0,0.6550951
,602,3,1,0.9461271
,603,0,0,0.9836619
,603,1,1,0.87259305
,603,2,3,1.0
,603,3,1,0.9505855
,604,0,3,1.0
,604,1,1,0.9408549
,604,2,0,0.9839889
,604,3,1,0.9530285
,605,0,0,0.94818765
,605,1,1,0.9138229
,605,2,3,1.0
,605,3,1,0.9514919
,606,0,3,1.0
,606,1,1,0.5356844
,606,2,1,0.5067472
,606,3,1,0.9158593
,607,0,0,0.6779511
,607,1,3,1.0
,607,2,1,0.90845233
,607,3,1,0.5401722
,608,0,0,0.6585577
,608,1,0,0.77449816
,608,2,1,0.948444
,608,3,3,1.0
,609,0,3,1.0
,609,1,1,0.8002056
,609,2,1,0.9503021
,609,3,0,0.9481327
,610,0,0,0.5284029
,610,1,1,0.5046071
,610,2,1,0.90820724
,610,3,3,1.0
,611,0,1,0.83028597
,611,1,3,1.0
,611,2,1,0.525156
,611,3,0,0.76273173
,612,0,1,0.51392704
,612,1,0,0.6775351
,612,2,3,1.0
,612,3,1,0.87024623
,613,0,3,1.0
,613,1,0,0.65519804
,613,2,0,0.7702038
,613,3,1,0.89088756
,614,0,0,0.7895277
,614,1,3,1.0
,614,2,1,0.87126404
,614,3,1,0.52348965
,615,0,1,0.7711981
,615,1,0,0.98363084
,615,2,1,0.9364825
,615,3,3,1.0
,616,0,0,0.5139429
,616,1,3,1.0
,616,2,1,0.90303904
,616,3,0,0.77300084
,617,0,3,1.0
,617,1,0,0.7709481
,617,2,1,0.52729
,617,3,1,0.8728235
,618,0,0,0.9838854
,618,1,1,0.8781748
,618,2,3,1.0
,618,3,1,0.94507635
,619,0,3,1.0
,619,1,1,0.94483966
,619,2,0,0.9474399
,619,3,1,0.95201916
,620,0,0,0.9835272
,620,1,1,0.9460176
,620,2,3,1.0
,620,3,1,0.9512121
,621,0,3,1.0
,621,1,1,0.91210794
,621,2,0,0.9839959
,621,3,1,0.9531753
,622,0,0,0.50737464
,622,1,1,0.53888476
,622,2,3,1.0
,622,3,1,0.9526994
,623,0,1,0.90120816
,623,1,3,1.0
,623,2,0,0.98346394
,623,3,1,0.9504715
,624,0,1,0.9454389
,624,1,0,0.98375875
,624,2,3,1.0
,624,3,1,0.9456251
,625,0,1,0.9496833
,625,1,3,1.0
,625,2,0,0.98375314
,625,3,1,0.9020984
,626,0,1,0.9460122
,626,1,0,0.7718928
,626,2,3,1.0
,626,3,1,0.501844
,627,0,1,0.9054061
,627,1,1,0.8733307
,627,2,0,0.9847014
,627,3,2,1.0
,628,0,1,0.52834606
,628,1,1,0.94241965
,628,2,3,1.0
,628,3,0,0.8218462
,629,0,3,1.0
,629,1,1,0.9497696
,629,2,0,0.985659
,629,3,1,0.86813176
,630,0,0,0.98552424
,630,1,1,0.9461268
,630,2,2,1.0
,630,3,1,0.94228023
,631,0,3,1.0
,631,1,1,0.905058
,631,2,0,0.9876114
,631,3,1,0.9498638
,632,0,0,0.87473255
,632,1,1,0.5281958
,632,2,3,1.0
,632,3,1,0.95061743
,633,0,0,0.71684426
,633,1,3,1.0
,633,2,0,0.873789
,633,3,1,0.95066434
,634,0,3,1.0
,634,1,0,0.77122957
,634,2,0,0.71681964
,634,3,1,0.95077556
,635,0,0,0.9836619
,635,1,1,0.87337506
,635,2,3,1.0
,635,3,1,0.95110416
,636,0,3,1.0
,636,1,1,0.9451924
,636,2,0,0.9839947
,636,3,1,0.95324653
,637,0,0,0.87175626
,637,1,1,0.95203245
,637,2,3,1.0
,637,3,1,0.95283365
,638,0,3,1.0
,638,1,1,0.9509728
,638,2,0,0.98352027
,638,3,1,0.9510594
,639,0,0,0.98376274
,639,1,1,0.9509205
,639,2,3,1.0
,639,3,1,0.95092905
,640,0,3,1.0
,640,1,1,0.9512337
,640,2,0,0.9857699
,640,3,1,0.9512269
,641,0,0,0.98553413
,641,1,1,0.95119727
,641,2,2,1.0
,641,3,1,0.9511235
,642,0,3,1.0
,642,1,1,0.95125383
,642,2,0,0.9891776
,642,3,1,0.95056677
,643,0,0,0.9855442
,643,1,1,0.9511857
,643,2,2,1.0
,643,3,1,0.9447404
,644,0,3,1.0
,644,1,1,0.95105225
,644,2,0,0.98760885
,644,3,1,0.89112103
,645,0,0,0.76509136
,645,1,1,0.953113
,645,2,3,1.0
,645,3,0,0.5996951
,646,0,1,0.87069386
,646,1,1,0.9523153
,646,2,0,0.9478678
,646,3,2,1.0
,647,0,1,0.89224946
,647,1,1,0.94635636
,647,2,3,1.0
,647,3,0,0.9889125
,648,0,1,0.5251476
,648,1,1,0.90505755
,648,2,0,0.7900697
,648,3,2,1.0
,649,0,3,1.0
,649,1,1,0.5244681
,649,2,1,0.8762639
,649,3,0,0.8142894
,650,0,0,0.9473723
,650,1,3,1.0
,650,2,1,0.9454102
,650,3,1,0.875823
,651,0,3,1.0
,651,1,0,0.9837604
,651,2,1,0.9526064
,651,3,1,0.9403784
,652,0,0,0.9474269
,652,1,3,1.0
,652,2,1,0.9529278
,652,3,1,0.90668887
,653,0,3,1.0
,653,1,0,0.86272365
,653,2,1,0.9533503
,653,3,1,0.5246989
,654,0,1,0.55511945
,654,1,0,0.69846785
,654,2,1,0.9527511
,654,3,3,1.0
,655,0,0,0.5821407
,655,1,3,1.0
,655,2,1,0.95094967
,655,3,0,0.78777045
,656,0,3,1.0
,656,1,0,0.9836448
,656,2,1,0.9507742
,656,3,1,0.7714993
,657,0,0,0.77474153
,657,1,3,1.0
,657,2,1,0.9507742
,657,3,0,0.51397955
,658,0,1,0.86089075
,658,1,0,0.98365206
,658,2,1,0.95083356
,658,3,3,1.0
,659,0,1,0.88948363
,659,1,3,1.0
,659,2,1,0.95072
,659,3,0,0.9837462
,660,0,1,0.5230901
,660,1,0,0.7728626
,660,2,1,0.9502353
,660,3,3,1.0
,661,0,3,1.0
,661,1,1,0.87263566
,661,2,1,0.94583744
,661,3,0,0.98365194
,662,0,0,0.98374736
,662,1,1,0.94259834
,662,2,1,0.90450406
,662,3,3,1.0
,663,0,3,1.0
,663,1,1,0.95224285
,663,2,1,0.52411693
,663,3,0,0.7652367
,664,0,0,0.9530854
,664,1,1,0.9525765
,664,2,3,1.0
,664,3,1,0.8711966
,665,0,2,1.0
,665,1,1,0.94709176
,665,2,0,0.9851337
,665,3,1,0.8916178
,666,0,0,0.81363773
,666,1,1,0.91187084
,666,2,3,1.0
,666,3,1,0.52040267
,667,0,1,0.8817442
,667,1,1,0.5350639
,667,2,0,0.5240872
,667,3,3,1.0
,668,0,1,0.9458837
,668,1,3,1.0
,668,2,1,0.80696964
,668,3,0,0.9472405
,669,0,1,0.95265865
,669,1,0,0.8625181
,669,2,0,0.62331754
,669,3,3,1.0
,670,0,1,0.95299166
,670,1,0,0.69839525
,670,2,2,1.0
,670,3,1,0.5545182
,671,0,1,0.9533017
,671,1,3,1.0
,671,2,0,0.81414664
,671,3,0,0.58538926
,672,0,1,0.9522979
,672,1,0,0.9473801
,672,2,1,0.8763381
,672,3,3,1.0
,673,0,1,0.94611776
,673,1,3,1.0
,673,2,1,0.9427018
,673,3,0,0.98352027
,674,0,1,0.9050787
,674,1,0,0.98375744
,674,2,1,0.949375
,674,3,3,1.0
,675,0,1,0.5282393
,675,1,3,1.0
,675,2,1,0.9455993
,675,3,0,0.87483287
,676,0,3,1.0
,676,1,0,0.79008627
,676,2,1,0.9046835
,676,3,0,0.717025
,677,0,0,0.7723044
,677,1,1,0.7659298
,677,2,1,0.52790684
,677,3,3,1.0
,678,0,1,0.87159103
,678,1,0,0.5361226
,678,2,3,1.0
,678,3,0,0.8730965
,679,0,1,0.93760645
,679,1,2,1.0
,679,2,0,0.8806742
,679,3,0,0.71534103
,680,0,1,0.910584
,680,1,0,0.8142557
,680,2,0,0.72147954
,680,3,3,1.0
,681,0,1,0.5384013
,681,1,1,0.87676746
,681,2,3,1.0
,681,3,0,0.52960694
,682,0,3,1.0
,682,1,1,0.9455283
,682,2,0,0.99011475
,682,3,1,0.8269105
,683,0,1,0.7157968
,683,1,1,0.9522455
,683,2,2,1.0
,683,3,0,0.50950485
,684,0,1,0.9182204
,684,1,1,0.95105046
,684,2,0,0.9876451
,684,3,2,1.0
,685,0,1,0.8969994
,685,1,1,0.95028955
,685,2,3,1.0
,685,3,0,0.9876098
,686,0,1,0.5002758
,686,1,1,0.9460852
,686,2,0,0.77190137
,686,3,3,1.0
,687,0,2,1.0
,687,1,1,0.9054371
,687,2,1,0.8733192
,687,3,0,0.98470193
,688,0,0,0.90367603
,688,1,1,0.52846193
,688,2,1,0.9423472
,688,3,3,1.0
,689,0,0,0.72593904
,689,1,3,1.0
,689,2,1,0.9497107
,689,3,0,0.87761813
,690,0,3,1.0
,690,1,0,0.770286
,690,2,1,0.9502172
,690,3,0,0.7394306
,691,0,0,0.9849627
,691,1,1,0.87264097
,691,2,1,0.9446554
,691,3,2,1.0
,692,0,3,1.0
,692,1,1,0.93753445
,692,2,1,0.891618
,692,3,0,0.98760885
,693,0,0,0.763494
,693,1,1,0.91041493
,693,2,0,0.59482896
,693,3,3,1.0
,694,0,1,0.8815976
,694,1,1,0.53827
,694,2,2,1.0
,694,3,0,0.8423733
,695,0,1,0.9458692
,695,1,3,1.0
,695,2,0,0.8956369
,695,3,0,0.70969445
,696,0,1,0.95194626
,696,1,0,0.6773279
,696,2,0,0.709
,696,3,3,1.0
,697,0,1,0.9508934
,697,1,0,0.6552339
,697,2,3,1.0
,697,3,0,0.77145207
,698,0,1,0.95110816
,698,1,3,1.0
,698,2,0,0.9836612
,698,3,1,0.8630841
,699,0,1,0.9531706
,699,1,0,0.98398453
,699,2,3,1.0
,699,3,1,0.8978826
,700,0,1,0.95277745
,700,1,3,1.0
,700,2,0,0.5072238
,700,3,1,0.53451633
,701,0,1,0.95122904
,701,1,0,0.9834642
,701,2,1,0.901683
,701,3,3,1.0
,702,0,1,0.95266956
,702,1,3,1.0
,702,2,1,0.9479921
,702,3,0,0.9839821
,703,0,1,0.94795233
,703,1,0,0.978255
,703,2,1,0.95221287
,703,3,3,1.0
,704,0,1,0.90535337
,704,1,3,1.0
,704,2,1,0.9509186
,704,3,0,0.98353386
,705,0,1,0.5282908
,705,1,0,0.87475675
,705,2,1,0.9507331
,705,3,3,1.0
,706,0,3,1.0
,706,1,0,0.71688867
,706,2,1,0.95069075
,706,3,0,0.8736393
,707,0,0,0.87383527
,707,1,3,1.0
,707,2,1,0.95067173
,707,3,0,0.71649534
,708,0,0,0.71681553
,708,1,0,0.78892857
,708,2,1,0.9507343
,708,3,3,1.0
,709,0,3,1.0
,709,1,1,0.77128935
,709,2,1,0.95070004
,709,3,0,0.9836472
,710,0,0,0.77282244
,710,1,0,0.514047
,710,2,1,0.95029736
,710,3,3,1.0
,711,0,1,0.8720201
,711,1,3,1.0
,711,2,1,0.9464528
,711,3,0,0.98365295
,712,0,1,0.93975896
,712,1,0,0.9839851
,712,2,1,0.9102154
,712,3,3,1.0
,713,0,1,0.9049222
,713,1,3,1.0
,713,2,1,0.51871264
,713,3,0,0.50691134
,714,0,1,0.5052207
,714,1,0,0.8780683
,714,2,2,1.0
,714,3,1,0.9008194
,715,0,2,1.0
,715,1,0,0.7166707
,715,2,0,0.8223885
,715,3,1,0.94022095
,716,0,0,0.9876079
,716,1,3,1.0
,716,2,1,0.8670208
,716,3,1,0.9039573
,717,0,3,1.0
,717,1,0,0.8746874
,717,2,1,0.9416191
,717,3,1,0.5278458
,718,0,0,0.8737831
,718,1,0,0.71683127
,718,2,1,0.94961065
,718,3,3,1.0
,719,0,0,0.71681416
,719,1,3,1.0
,719,2,1,0.9499657
,719,3,0,0.7738748
,720,0,3,1.0
,720,1,0,0.9838974
,720,2,1,0.94461375
,720,3,1,0.85813147
,721,0,0,0.7635945
,721,1,3,1.0
,721,2,1,0.86640584
,721,3,1,0.8474794
,722,0,0,1.0
,722,1,0,1.0
,722,2,2,0.5317157
,722,3,0,1.0
,723,0,1,0.8517471
,723,1,1,0.8517471
,723,2,0,0.8834023
,723,3,3,1.0
,724,0,1,0.941795
,724,1,1,0.941795
,724,2,0,0.7104473
,724,3,3,1.0
,725,0,1,0.950151
,725,1,1,0.950151
,725,2,3,1.0
,725,3,0,0.9836014
,726,0,1,0.95334107
,726,1,1,0.95334107
,726,2,0,0.98399824
,726,3,3,1.0
,727,0,1,0.9551147
,727,1,1,0.95511484
,727,2,3,1.0
,727,3,0,0.96800476
,728,0,1,0.953012
,728,1,1,0.9530126
,728,2,0,0.94796
,728,3,2,1.0
,729,0,1,0.951096
,729,1,1,0.9511011
,729,2,3,1.0
,729,3,0,0.98760897
,730,0,1,0.9511275
,730,1,1,0.9511746
,730,2,0,0.9837637
,730,3,3,1.0
,731,0,1,0.9530077
,731,1,1,0.95344305
,731,2,3,1.0
,731,3,0,0.98399556
,732,0,1,0.9506995
,732,1,1,0.95510626
,732,2,0,0.9482028
,732,3,3,1.0
,733,0,1,0.9069901
,733,1,1,0.95318747
,733,2,3,1.0
,733,3,0,0.95198166
,734,0,1,0.5048747
,734,1,1,0.9514004
,734,2,0,0.78765213
,734,3,2,1.0
,735,0,2,1.0
,735,1,1,0.9510382
,735,2,1,0.8600537
,735,3,0,0.9876518
,736,0,0,0.9876099
,736,1,1,0.95079774
,736,2,1,0.8893266
,736,3,3,1.0
,737,0,3,1.0
,737,1,1,0.9507956
,737,2,1,0.5230619
,737,3,0,0.79006875
,738,0,0,0.98533696
,738,1,1,0.95101845
,738,2,3,1.0
,738,3,1,0.77303815
,739,0,2,1.0
,739,1,1,0.95052534
,739,2,0,0.80687386
,739,3,0,0.51220715
,740,0,0,0.9889159
,740,1,1,0.94620645
,740,2,1,0.7699475
,740,3,3,1.0
,741,0,2,1.0
,741,1,1,0.90544975
,741,2,0,0.5131613
,741,3,0,0.80731547
,742,0,0,0.8222105
,742,1,1,0.528413
,742,2,3,1.0
,742,3,1,0.76769036
,743,0,1,0.86673063
,743,1,3,1.0
,743,2,0,0.7736194
,743,3,0,0.51525116
,744,0,1,0.94113195
,744,1,0,0.98364514
,744,2,1,0.86101985
,744,3,3,1.0
,745,0,1,0.94472194
,745,1,3,1.0
,745,2,1,0.8895189
,745,3,0,0.9837453
,746,0,1,0.9046481
,746,1,0,0.7731622
,746,2,1,0.5231927
,746,3,3,1.0
,747,0,1,0.5280473
,747,1,1,0.87208086
,747,2,3,1.0
,747,3,0,0.874218
,748,0,3,1.0
,748,1,1,0.9422479
,748,2,0,0.7710821
,748,3,0,0.71696883
,749,0,0,0.9836614
,749,1,1,0.950185
,749,2,1,0.8733883
,749,3,3,1.0
,750,0,3,1.0
,750,1,1,0.9531444
,750,2,1,0.9451857
,750,3,0,0.98398924
,751,0,0,0.9531628
,751,1,1,0.9531019
,751,2,1,0.9523137
,751,3,3,1.0
,752,0,2,1.0
,752,1,1,0.95130694
,752,2,1,0.95122313
,752,3,0,0.98514944
,753,0,0,0.9876166
,753,1,1,0.95091224
,753,2,1,0.9509093
,753,3,3,1.0
,754,0,3,1.0
,754,1,1,0.9508569
,754,2,1,0.9509127
,754,3,0,0.9837598
,755,0,0,0.98576933
,755,1,1,0.95070267
,755,2,1,0.9512281
,755,3,3,1.0
,756,0,2,1.0
,756,1,1,0.9462264
,756,2,1,0.95115554
,756,3,0,0.9855333
,757,0,0,0.98760945
,757,1,1,0.9049783
,757,2,1,0.95080817
,757,3,3,1.0
,758,0,3,1.0
,758,1,1,0.5279685
,758,2,1,0.95080817
,758,3,0,0.7747507
,759,0,0,0.98566866
,759,1,3,1.0
,759,2,1,0.95114213
,759,3,1,0.86195534
,760,0,2,1.0
,760,1,0,0.98551893
,760,2,1,0.9506069
,760,3,1,0.89056236
,761,0,0,0.9062927
,761,1,3,1.0
,761,2,1,0.9458411
,761,3,1,0.52383643
,762,0,0,0.74447346
,762,1,0,0.77039635
,762,2,1,0.90541583
,762,3,3,1.0
,763,0,2,1.0
,763,1,1,0.873259
,763,2,1,0.5288838
,763,3,0,0.8018088
,764,0,0,0.9876072
,764,1,1,0.9423678
,764,2,3,1.0
,764,3,1,0.76907766
,765,0,3,1.0
,765,1,1,0.94980174
,765,2,0,0.87462
,765,3,0,0.5145231
,766,0,0,0.8737812
,766,1,1,0.95057493
,766,2,0,0.71681195
,766,3,3,1.0
,767,0,0,0.7167978
,767,1,1,0.95073086
,767,2,3,1.0
,767,3,0,0.78889424
,768,0,3,1.0
,768,1,1,0.95076895
,768,2,0,0.9836476
,768,3,1,0.7715069
,769,0,0,0.8747514
,769,1,1,0.9506987
,769,2,3,1.0
,769,3,0,0.51372206
,770,0,0,0.7171106
,770,1,1,0.95074654
,770,2,0,0.788819
,770,3,3,1.0
,771,0,3,1.0
,771,1,1,0.9507998
,771,2,1,0.77151203
,771,3,0,0.9836477
,772,0,0,0.8751757
,772,1,1,0.9509731
,772,2,0,0.513751
,772,3,3,1.0
,773,0,0,0.71999836
,773,1,1,0.9531069
,773,2,3,1.0
,773,3,0,0.8635118
,774,0,3,1.0
,774,1,1,0.95300734
,774,2,0,0.52844733
,774,3,0,0.6993194
,775,0,0,0.9837043
,775,1,1,0.9535595
,775,2,1,0.8299703
,775,3,3,1.0
,776,0,3,1.0
,776,1,1,0.9550507
,776,2,1,0.51012313
,776,3,0,0.6580022
,777,0,0,0.52728575
,777,1,1,0.9531763
,777,2,3,1.0
,777,3,0,0.6362704
,778,0,1,0.8310228
,778,1,1,0.95340073
,778,2,0,0.99004704
,778,3,3,1.0
,779,0,1,0.5142161
,779,1,1,0.95281696
,779,2,2,1.0
,779,3,0,0.5149656
,780,0,3,1.0
,780,1,1,0.95106095
,780,2,0,0.987606
,780,3,1,0.8914218
,781,0,0,0.9854404
,781,1,1,0.95112026
,781,2,3,1.0
,781,3,1,0.896072
,782,0,2,1.0
,782,1,1,0.9510707
,782,2,0,0.79268175
,782,3,1,0.52633065
,783,0,0,0.9891686
,783,1,1,0.951221
,783,2,1,0.85924023
,783,3,3,1.0
,784,0,2,1.0
,784,1,1,0.9511594
,784,2,1,0.8874834
,784,3,0,0.98552966
,785,0,0,0.90310913
,785,1,1,0.950973
,785,2,1,0.5018508
,785,3,3,1.0
,786,0,0,0.72479737
,786,1,1,0.9509204
,786,2,2,1.0
,786,3,0,0.8799123
,787,0,3,1.0
,787,1,1,0.9509985
,787,2,0,0.91597414
,787,3,0,0.71825176
,788,0,0,0.8667764
,788,1,1,0.9531514
,788,2,0,0.8155398
,788,3,3,1.0
,789,0,0,0.7200391
,789,1,1,0.95300597
,789,2,2,1.0
,789,3,0,0.5101219
,790,0,2,1.0
,790,1,1,0.951222
,790,2,0,0.98765266
,790,3,1,0.90047425
,791,0,0,0.98761684
,791,1,1,0.9508969
,791,2,3,1.0
,791,3,1,0.9400607
,792,0,3,1.0
,792,1,1,0.95078653
,792,2,0,0.9837545
,792,3,1,0.9038735
,793,0,0,0.7748978
,793,1,1,0.95077837
,793,2,3,1.0
,793,3,1,0.5276123
,794,0,1,0.8608957
,794,1,1,0.9508417
,794,2,0,0.98365086
,794,3,3,1.0
,795,0,1,0.8895961
,795,1,1,0.95079875
,795,2,3,1.0
,795,3,0,0.9837464
,796,0,1,0.52333856
,796,1,1,0.95071965
,796,2,0,0.8747218
,796,3,3,1.0
,797,0,3,1.0
,797,1,1,0.95069087
,797,2,0,0.71687704
,797,3,0,0.8736476
,798,0,0,0.8737072
,798,1,1,0.95068896
,798,2,3,1.0
,798,3,0,0.71653014
,799,0,0,0.71654904
,799,1,1,0.9506886
,799,2,0,0.87370634
,799,3,3,1.0
,800,0,3,1.0
,800,1,1,0.9506876
,800,2,0,0.71654946
,800,3,0,0.87369823
,801,0,0,0.8738458
,801,1,1,0.9506745
,801,2,3,1.0
,801,3,0,0.7165104
,802,0,0,0.7168291
,802,1,1,0.9507853
,802,2,0,0.77315253
,802,3,3,1.0
,803,0,3,1.0
,803,1,1,0.9512289
,803,2,1,0.86237866
,803,3,0,0.985657
,804,0,0,0.98722064
,804,1,1,0.9515078
,804,2,1,0.8917579
,804,3,2,1.0
,805,0,2,1.0
,805,1,1,0.9513924
,805,2,1,0.5253039
,805,3,0,0.8234904
,806,0,0,0.98779595
,806,1,1,0.9532093
,806,2,3,1.0
,806,3,1,0.8621427
,807,0,3,1.0
,807,1,1,0.95273566
,807,2,0,0.9474229
,807,3,1,0.89389515
,808,0,0,0.87341714
,808,1,1,0.95088506
,808,2,3,1.0
,808,3,1,0.52458525
,809,0,0,0.7166892
,809,1,1,0.9507624
,809,2,0,0.7888794
,809,3,3,1.0
,810,0,3,1.0
,810,1,1,0.9507541
,810,2,1,0.77129835
,810,3,0,0.98364735
,811,0,0,0.7727216
,811,1,1,0.95077384
,811,2,0,0.5140443
,811,3,3,1.0
,812,0,1,0.87261015
,812,1,1,0.9508495
,812,2,3,1.0
,812,3,0,0.9836532
,813,0,1,0.9424176
,813,1,1,0.9508729
,813,2,0,0.9837522
,813,3,3,1.0
,814,0,1,0.94996583
,814,1,1,0.9508796
,814,2,3,1.0
,814,3,0,0.9837579
,815,0,1,0.9508108
,815,1,1,0.95090944
,815,2,0,0.9837585
,815,3,3,1.0
,816,0,1,0.95121825
,816,1,1,0.9512283
,816,2,3,1.0
,816,3,0,0.9857697
,817,0,1,0.9511627
,817,1,1,0.9511583
,817,2,0,0.9855338
,817,3,2,1.0
,818,0,1,0.9508914
,818,1,1,0.95084035
,818,2,3,1.0
,818,3,0,0.98761624
,819,0,1,0.95081604
,819,1,1,0.95034266
,819,2,0,0.98375994
,819,3,3,1.0
,820,0,1,0.95029485
,820,1,1,0.9459148
,820,2,3,1.0
,820,3,0,0.98375803
,821,0,1,0.9454865
,821,1,1,0.9049531
,821,2,0,0.9837533
,821,3,3,1.0
,822,0,1,0.9019236
,822,1,1,0.52808803
,822,2,3,1.0
,822,3,0,0.7731905
,823,0,1,0.50191516
,823,1,3,1.0
,823,2,0,0.7883311
,823,3,1,0.87267643
,824,0,2,1.0
,824,1,0,0.9846819
,824,2,1,0.77293193
,824,3,1,0.94256616
,825,0,0,0.9068506
,825,1,3,1.0
,825,2,0,0.51309466
,825,3,1,0.94979936
,826,0,0,0.7485149
,826,1,0,0.7698754
,826,2,3,1.0
,826,3,1,0.9503539
,827,0,2,1.0
,827,1,1,0.8737603
,827,2,0,0.9849789
,827,3,1,0.94584996
,828,0,0,0.9876113
,828,1,1,0.94246584
,828,2,3,1.0
,828,3,1,0.90267116
,829,0,3,1.0
,829,1,1,0.9499978
,829,2,0,0.87388694
,829,3,1,0.5062727
,830,0,0,0.88003063
,830,1,1,0.95073664
,830,2,0,0.7156141
,830,3,2,1.0
,831,0,0,0.7183988
,831,1,1,0.9502575
,831,2,3,1.0
,831,3,0,0.8362666
,832,0,3,1.0
,832,1,1,0.9457716
,832,2,0,0.9836323
,832,3,1,0.7626884
,833,0,0,0.77299774
,833,1,1,0.90483004
,833,2,3,1.0
,833,3,0,0.5166604
,834,0,1,0.8721313
,834,1,1,0.5280609
,834,2,0,0.8740762
,834,3,3,1.0
,835,0,1,0.9421368
,835,1,3,1.0
,835,2,0,0.71664786
,835,3,0,0.87373704
,836,0,1,0.9498143
,836,1,0,0.788889
,836,2,3,1.0
,836,3,0,0.7167844
,837,0,1,0.9506642
,837,1,1,0.7715092
,837,2,0,0.9836476
,837,3,3,1.0
,838,0,1,0.9506364
,838,1,0,0.5137167
,838,2,3,1.0
,838,3,0,0.8747657
,839,0,1,0.950297
,839,1,3,1.0
,839,2,0,0.77117366
,839,3,0,0.7171343
,840,0,1,0.9466731
,840,1,0,0.98366165
,840,2,1,0.87323964
,840,3,3,1.0
,841,0,1,0.91226804
,841,1,3,1.0
,841,2,1,0.94454616
,841,3,0,0.9839855
,842,0,1,0.53911793
,842,1,0,0.6778989
,842,2,1,0.94693017
,842,3,3,1.0
,843,0,3,1.0
,843,1,0,0.6552991
,843,2,1,0.90445554
,843,3,0,0.7692337
,844,0,0,0.762309
,844,1,3,1.0
,844,2,1,0.52398425
,844,3,1,0.8773125
,845,0,1,0.88219017
,845,1,0,0.8717564
,845,2,3,1.0
,845,3,1,0.94074756
,846,0,1,0.9459783
,846,1,3,1.0
,846,2,0,0.9837496
,846,3,1,0.911146
,847,0,1,0.9520718
,847,1,0,0.51001656
,847,2,3,1.0
,847,3,1,0.53859836
,848,0,1,0.95130384
,848,1,1,0.8926833
,848,2,0,0.98551023
,848,3,3,1.0
,849,0,1,0.9510898
,849,1,1,0.8960739
,849,2,2,1.0
,849,3,0,0.98552835
,850,0,1,0.95020777
,850,1,1,0.52551806
,850,2,0,0.9036778
,850,3,3,1.0
,851,0,1,0.9453664
,851,1,3,1.0
,851,2,0,0.72595173
,851,3,0,0.8736839
,852,0,1,0.90186995
,852,1,0,0.7716473
,852,2,3,1.0
,852,3,0,0.7166735
,853,0,1,0.50190496
,853,1,1,0.87284976
,853,2,0,0.78841853
,853,3,3,1.0
,854,0,2,1.0
,854,1,1,0.9425909
,854,2,1,0.77290154
,854,3,0,0.9846818
,855,0,0,0.9036826
,855,1,1,0.9498576
,855,2,0,0.51315373
,855,3,3,1.0
,856,0,0,0.72598714
,856,1,1,0.9505958
,856,2,3,1.0
,856,3,0,0.87357134
,857,0,3,1.0
,857,1,1,0.9506789
,857,2,0,0.8737115
,857,3,0,0.7165056
,858,0,0,0.87369215
,858,1,1,0.9506896
,858,2,0,0.7165524
,858,3,3,1.0
,859,0,0,0.71649635
,859,1,1,0.9506945
,859,2,3,1.0
,859,3,0,0.8777604
,860,0,3,1.0
,860,1,1,0.9510051
,860,2,0,0.770095
,860,3,0,0.7394805
,861,0,0,0.98496354
,861,1,1,0.9510833
,861,2,1,0.873703
,861,3,2,1.0
,862,0,3,1.0
,862,1,1,0.9511653
,862,2,1,0.942358
,862,3,0,0.98761636
,863,0,0,0.98399603
,863,1,1,0.9534635
,863,2,1,0.94859827
,863,3,3,1.0
,864,0,3,1.0
,864,1,1,0.9553257
,864,2,1,0.91530704
,864,3,0,0.94821525
,865,0,1,0.7288606
,865,1,1,0.955116
,865,2,1,0.53641057
,865,3,3,1.0
,866,0,1,0.93366486
,866,1,1,0.95117
,866,2,3,1.0
,866,3,0,0.9480444
,867,0,1,0.95107245
,867,1,1,0.90978736
,867,2,0,0.9523491
,867,3,3,1.0
,868,0,1,0.95092565
,868,1,1,0.53052086
,868,2,2,1.0
,868,3,0,0.8834773
,869,0,1,0.9502673
,869,1,3,1.0
,869,2,0,0.903736
,869,3,0,0.7193645
,870,0,1,0.946522
,870,1,0,0.77015585
,870,2,0,0.7262419
,870,3,3,1.0
,871,0,1,0.91179556
,871,1,1,0.87884325
,871,2,3,1.0
,871,3,0,0.9838981
,872,0,1,0.53506005
,872,1,1,0.9481206
,872,2,0,0.5140229
,872,3,3,1.0
,873,0,3,1.0
,873,1,1,0.9541282
,873,2,1,0.84207
,873,3,0,0.94804025
,874,0,1,0.71737397
,874,1,1,0.94789773
,874,2,1,0.517663
,874,3,3,1.0
,875,0,1,0.9254624
,875,1,1,0.90250707
,875,2,3,1.0
,875,3,0,0.9834793
,876,0,1,0.948267
,876,1,1,0.50239277
,876,2,0,0.7889629
,876,3,3,1.0
,877,0,1,0.95098805
,877,1,2,1.0
,877,2,1,0.77485025
,877,3,0,0.9864908
,878,0,1,0.95060444
,878,1,0,0.8227784
,878,2,0,0.51129156
,878,3,2,1.0
,879,0,1,0.94630647
,879,1,1,0.86728317
,879,2,3,1.0
,879,3,0,0.9876039
,880,0,1,0.9096727
,880,1,1,0.9434427
,880,2,0,0.78372794
,880,3,3,1.0
,881,0,1,0.53526956
,881,1,1,0.95108443
,881,2,1,0.7756414
,881,3,3,1.0
,882,0,3,1.0
,882,1,1,0.9503904
,882,2,0,0.53323895
,882,3,0,0.8727247
,883,0,0,0.880218
,883,1,1,0.9459369
,883,2,2,1.0
,883,3,0,0.7152168
,884,0,0,0.7183865
,884,1,1,0.90491956
,884,2,0,0.823534
,884,3,3,1.0
,885,0,3,1.0
,885,1,1,0.5281357
,885,2,1,0.85636353
,885,3,0,0.8747202
,886,0,0,0.760865
,886,1,3,1.0
,886,2,1,0.89612454
,886,3,0,0.72003293
,887,0,1,0.88710916
,887,1,0,0.6586313
,887,2,1,0.53034705
,887,3,3,1.0
,888,0,1,0.948229
,888,1,0,0.6395778
,888,2,3,1.0
,888,3,0,0.65668
,889,0,1,0.94824654
,889,1,3,1.0
,889,2,0,0.50462717
,889,3,0,0.6358716
,890,0,1,0.91260934
,890,1,0,0.990062
,890,2,1,0.90513074
,890,3,3,1.0
,891,0,1,0.5393086
,891,1,2,1.0
,891,2,1,0.9436528
,891,3,0,0.6821493
,892,0,3,1.0
,892,1,0,0.8144161
,892,2,1,0.91158575
,892,3,0,0.6594823
,893,0,0,0.532624
,893,1,1,0.87508893
,893,2,1,0.5387115
,893,3,3,1.0
,894,0,1,0.817065
,894,1,1,0.9377906
,894,2,3,1.0
,894,3,0,0.9834452
,895,0,0,0.50322485
,895,1,1,0.9106127
,895,2,0,0.7635566
,895,3,3,1.0
,896,0,3,1.0
,896,1,1,0.5386024
,896,2,1,0.8811131
,896,3,0,0.68514556
,897,0,0,0.7705869
,897,1,3,1.0
,897,2,1,0.9434328
,897,3,0,0.6799727
,898,0,1,0.8616551
,898,1,0,0.98487544
,898,2,1,0.95022213
,898,3,2,1.0
,899,0,1,0.887103
,899,1,3,1.0
,899,2,1,0.95074016
,899,3,0,0.9876114
,900,0,1,0.5014528
,900,1,0,0.8738783
,900,2,1,0.95089364
,900,3,3,1.0
,901,0,2,1.0
,901,1,0,0.7156084
,901,2,1,0.95083994
,901,3,0,0.8800472
,902,0,0,0.8219511
,902,1,3,1.0
,902,2,1,0.95032704
,902,3,0,0.71839917
,903,0,1,0.8668424
,903,1,0,0.9856653
,903,2,1,0.9463542
,903,3,3,1.0
,904,0,1,0.9364897
,904,1,2,1.0
,904,2,1,0.90570194
,904,3,0,0.98551893
,905,0,1,0.9031387
,905,1,0,0.82222533
,905,2,1,0.52855635
,905,3,3,1.0
,906,0,1,0.52732503
,906,1,1,0.8668662
,906,2,3,1.0
,906,3,0,0.78932565
,907,0,3,1.0
,907,1,1,0.941666
,907,2,0,0.98363096
,907,3,1,0.7712201
,908,0,0,0.7902401
,908,1,1,0.9497825
,908,2,3,1.0
,908,3,0,0.514055
,909,0,1,0.7710606
,909,1,1,0.95067716
,909,2,0,0.98363864
,909,3,3,1.0
,910,0,0,0.5141039
,910,1,1,0.9510212
,910,2,3,1.0
,910,3,0,0.7884199
,911,0,3,1.0
,911,1,1,0.9532398
,911,2,0,0.98388565
,911,3,1,0.7816627
,912,0,1,0.6974841
,912,1,1,0.9530107
,912,2,3,1.0
,912,3,0,0.5236254
,913,0,1,0.86049736
,913,1,1,0.9511813
,913,2,0,0.9845021
,913,3,2,1.0
,914,0,1,0.51440275
,914,1,1,0.95077556
,914,2,3,1.0
,914,3,0,0.9037863
,915,0,3,1.0
,915,1,1,0.95078427
,915,2,0,0.7728317
,915,3,0,0.72626406
,916,0,0,0.98366153
,916,1,1,0.95109886
,916,2,1,0.86292475
,916,3,3,1.0
,917,0,3,1.0
,917,1,1,0.953192
,917,2,1,0.8978553
,917,3,0,0.98398453
,918,0,0,0.5085029
,918,1,1,0.95300597
,918,2,1,0.53450865
,918,3,3,1.0
,919,0,1,0.8974843
,919,1,1,0.95341766
,919,2,3,1.0
,919,3,0,0.98371315
,920,0,1,0.899957
,920,1,1,0.95279866
,920,2,0,0.715322
,920,3,3,1.0
,921,0,1,0.5264949
,921,1,1,0.9509152
,921,2,3,1.0
,921,3,0,0.8772508
,922,0,3,1.0
,922,1,1,0.95105517
,922,2,0,0.7717446
,922,3,0,0.7393187
,923,0,0,0.9849621
,923,1,1,0.9513398
,923,2,1,0.8639176
,923,3,2,1.0
,924,0,3,1.0
,924,1,1,0.9535362
,924,2,1,0.8979142
,924,3,0,0.98780525
,925,0,1,0.76185566
,925,1,1,0.9554206
,925,2,1,0.5310836
,925,3,3,1.0
,926,0,0,0.62507683
,926,1,1,0.9553471
,926,2,3,1.0
,926,3,1,0.86845005
,927,0,2,1.0
,927,1,1,0.95304143
,927,2,0,0.94780976
,927,3,1,0.8951162
,928,0,0,0.83775896
,928,1,1,0.9513111
,928,2,3,1.0
,928,3,1,0.5249757
,929,0,1,0.7517508
,929,1,1,0.95340925
,929,2,0,0.98386526
,929,3,3,1.0
,930,0,0,0.6272152
,930,1,1,0.95508844
,930,2,3,1.0
,930,3,0,0.6573683
,931,0,2,1.0
,931,1,1,0.9531906
,931,2,0,0.7114923
,931,3,0,0.6357075
,932,0,0,0.89824563
,932,1,1,0.9533454
,932,2,0,0.7606995
,932,3,3,1.0
,933,0,0,0.72848964
,933,1,1,0.95251566
,933,2,2,1.0
,933,3,0,0.6851551
,934,0,2,1.0
,934,1,1,0.9464663
,934,2,0,0.903103
,934,3,0,0.67663515
,935,0,0,0.82161605
,935,1,1,0.9050153
,935,2,0,0.7243418
,935,3,2,1.0
,936,0,1,0.8733417
,936,1,1,0.5245452
,936,2,3,1.0
,936,3,0,0.8962038
,937,0,1,0.94722235
,937,1,3,1.0
,937,2,1,0.50349796
,937,3,0,0.71230197
,938,0,1,0.9515915
,938,1,0,0.9779384
,938,2,1,0.8991775
,938,3,3,1.0
,939,0,1,0.94586134
,939,1,3,1.0
,939,2,1,0.8963972
,939,3,0,0.9835307
,940,0,1,0.90433574
,940,1,0,0.77233213
,940,2,1,0.52540636
,940,3,3,1.0
,941,0,1,0.52400243
,941,1,1,0.8778861
,941,2,3,1.0
,941,3,0,0.76235735
,942,0,3,1.0
,942,1,1,0.9455724
,942,2,0,0.9473814
,942,3,1,0.882064
,943,0,0,0.9837614
,943,1,1,0.9526291
,943,2,3,1.0
,943,3,1,0.94598603
,944,0,3,1.0
,944,1,1,0.9529885
,944,2,0,0.9474453
,944,3,1,0.95186675
,945,0,0,0.98376834
,945,1,1,0.95339346
,945,2,3,1.0
,945,3,1,0.94890386
,946,0,3,1.0
,946,1,1,0.9529992
,946,2,0,0.94742745
,946,3,1,0.9081517
,947,0,0,0.8631393
,947,1,1,0.9532865
,947,2,3,1.0
,947,3,1,0.52529365
,948,0,0,0.6992157
,948,1,1,0.9527906
,948,2,0,0.50901955
,948,3,3,1.0
,949,0,3,1.0
,949,1,1,0.95129526
,949,2,1,0.893431
,949,3,0,0.98347074
,950,0,0,0.9839974
,950,1,1,0.9532657
,950,2,1,0.9033347
,950,3,3,1.0
,951,0,3,1.0
,951,1,1,0.95282865
,951,2,1,0.5364763
,951,3,1,0.7171622
,952,0,0,0.9834839
,952,1,1,0.9510525
,952,2,3,1.0
,952,3,1,0.92478997
,953,0,3,1.0
,953,1,1,0.9509187
,953,2,0,0.98376083
,953,3,1,0.9430238
,954,0,0,0.9854387
,954,1,1,0.951128
,954,2,3,1.0
,954,3,1,0.90537745
,955,0,2,1.0
,955,1,1,0.95129
,955,2,0,0.7916385
,955,3,1,0.5292362
,956,0,0,0.98779655
,956,1,1,0.95322573
,956,2,1,0.8656167
,956,3,3,1.0
,957,0,3,1.0
,957,1,1,0.9529919
,957,2,1,0.8940027
,957,3,0,0.9474218
,958,0,0,0.86271954
,958,1,1,0.9533846
,958,2,1,0.5207252
,958,3,3,1.0
,959,0,0,0.6984908
,959,1,1,0.9530369
,959,2,3,1.0
,959,3,1,0.55412287
,960,0,3,1.0
,960,1,1,0.9535134
,960,2,0,0.8632165
,960,3,0,0.5856569
,961,0,0,0.65726775
,961,1,1,0.9550479
,961,2,0,0.7021929
,961,3,3,1.0
,962,0,0,0.6358765
,962,1,1,0.9531238
,962,2,3,1.0
,962,3,0,0.67760134
,963,0,3,1.0
,963,1,1,0.95339143
,963,2,0,0.8620496
,963,3,0,0.6583775
,964,0,1,0.7164204
,964,1,1,0.95309174
,964,2,0,0.6983715
,964,3,3,1.0
,965,0,1,0.9224297
,965,1,1,0.9534621
,965,2,3,1.0
,965,3,0,0.9901404
,966,0,1,0.9024577
,966,1,1,0.95312995
,966,2,0,0.8835165
,966,3,2,1.0
,967,0,1,0.50396824
,967,1,1,0.9514337
,967,2,2,1.0
,967,3,0,0.8361647
,968,0,2,1.0
,968,1,1,0.95102495
,968,2,0,0.98764956
,968,3,1,0.7641553
,969,0,0,0.82362765
,969,1,1,0.9508015
,969,2,3,1.0
,969,3,0,0.51601255
,970,0,1,0.8550408
,970,1,1,0.9503924
,970,2,0,0.9836375
,970,3,3,1.0
,971,0,1,0.8879571
,971,1,1,0.9465838
,971,2,3,1.0
,971,3,0,0.9837454
,972,0,1,0.5189813
,972,1,1,0.91212416
,972,2,0,0.7652515
,972,3,3,1.0
,973,0,3,1.0
,973,1,1,0.5390642
,973,2,1,0.8716075
,973,3,0,0.6786588
,974,0,0,0.761071
,974,1,3,1.0
,974,2,1,0.89871496
,974,3,0,0.6587521
,975,0,1,0.8769283
,975,1,0,0.6576644
,975,2,1,0.5311596
,975,3,3,1.0
,976,0,1,0.8958036
,976,1,0,0.63609266
,976,2,3,1.0
,976,3,0,0.5072817
,977,0,1,0.5213884
,977,1,3,1.0
,977,2,0,0.8627266
,977,3,1,0.8972143
,978,0,3,1.0
,978,1,0,0.5328597
,978,2,0,0.6989742
,978,3,1,0.89962435
,979,0,0,0.7693153
,979,1,1,0.81672263
,979,2,3,1.0
,979,3,1,0.5262088
,980,0,1,0.87888044
,980,1,0,0.5034537
,980,2,0,0.86392725
,980,3,3,1.0
,981,0,1,0.94782746
,981,1,3,1.0
,981,2,0,0.70180494
,981,3,1,0.9477834
,982,0,1,0.9503191
,982,1,0,0.9480477
,982,2,3,1.0
,982,3,1,0.9135043
,983,0,1,0.9090963
,983,1,3,1.0
,983,2,0,0.50869703
,983,3,1,0.5209819
,984,0,1,0.5296842
,984,1,0,0.7797333
,984,2,1,0.89215857
,984,3,2,1.0
,985,0,3,1.0
,985,1,1,0.8715059
,985,2,1,0.8952308
,985,3,0,0.98760813
,986,0,0,0.8748351
,986,1,1,0.9414815
,986,2,1,0.5251492
,986,3,3,1.0
,987,0,0,0.7171588
,987,1,1,0.94475055
,987,2,3,1.0
,987,3,0,0.77145964
,988,0,3,1.0
,988,1,1,0.904696
,988,2,0,0.9836567
,988,3,1,0.8714669
,989,0,0,0.7717902
,989,1,1,0.52786565
,989,2,3,1.0
,989,3,1,0.93738693
,990,0,1,0.87855405
,990,1,3,1.0
,990,2,0,0.9838873
,990,3,1,0.91024554
,991,0,1,0.9474375
,991,1,0,0.6572308
,991,2,3,1.0
,991,3,1,0.53455925
,992,0,1,0.9474608
,992,1,0,0.63554496
,992,2,1,0.71733475
,992,3,3,1.0
,993,0,1,0.9051509
,993,1,3,1.0
,993,2,1,0.9253396
,993,3,0,0.98348343
,994,0,1,0.52801394
,994,1,0,0.7728999
,994,2,1,0.94744486
,994,3,3,1.0
,995,0,3,1.0
,995,1,1,0.87265015
,995,2,1,0.94539195
,995,3,0,0.9836516
,996,0,0,0.9855234
,996,1,1,0.9427366
,996,2,1,0.903401
,996,3,3,1.0
,997,0,2,1.0
,997,1,1,0.9503614
,997,2,1,0.505658
,997,3,0,0.8851834
,998,0,0,0.8215345
,998,1,1,0.9511494
,998,2,2,1.0
,998,3,0,0.71892244
,999,0,1,0.87318987
,999,1,1,0.95327246
,999,2,0,0.9926091
,999,3,3,1.0
,1000,0,1,0.94518244
,1000,1,1,0.9531061
,1000,2,2,1.0
,1000,3,0,0.8717368
,1001,0,1,0.9527879
,1001,1,1,0.9536075
,1001,2,0,0.98779273
,1001,3,3,1.0
,1002,0,1,0.9550503
,1002,1,1,0.9551285
,1002,2,3,1.0
,1002,3,0,0.94820595
,1003,0,1,0.9532445
,1003,1,1,0.9532523
,1003,2,0,0.94731045
,1003,3,3,1.0
,1004,0,1,0.95362514
,1004,1,1,0.9536259
,1004,2,3,1.0
,1004,3,0,0.98376954
,1005,0,1,0.9551075
,1005,1,1,0.9551076
,1005,2,0,0.9482055
,1005,3,3,1.0
,1006,0,1,0.95301384
,1006,1,1,0.95301384
,1006,2,3,1.0
,1006,3,0,0.94731045
,1007,0,1,0.9513306
,1007,1,1,0.9513312
,1007,2,0,0.9835289
,1007,3,3,1.0
,1008,0,1,0.9532686
,1008,1,1,0.9532739
,1008,2,3,1.0
,1008,3,0,0.990268
,1009,0,1,0.9528074
,1009,1,1,0.95286137
,1009,2,0,0.9480387
,1009,3,2,1.0
,1010,0,1,0.95089114
,1010,1,1,0.9514073
,1010,2,3,1.0
,1010,3,0,0.98917353
,1011,0,1,0.94635093
,1011,1,1,0.9512058
,1011,2,0,0.9855493
,1011,3,2,1.0
,1012,0,1,0.90598136
,1012,1,1,0.9511282
,1012,2,3,1.0
,1012,3,0,0.9889306
,1013,0,1,0.5294521
,1013,1,1,0.9510364
,1013,2,0,0.80828905
,1013,3,2,1.0
,1014,0,3,1.0
,1014,1,1,0.95080423
,1014,2,1,0.7630587
,1014,3,0,0.9876067
,1015,0,0,0.8737544
,1015,1,1,0.95085216
,1015,2,0,0.537002
,1015,3,3,1.0
,1016,0,0,0.7155399
,1016,1,1,0.95036125
,1016,2,2,1.0
,1016,3,0,0.8802284
,1017,0,3,1.0
,1017,1,1,0.9458568
,1017,2,0,0.8218989
,1017,3,0,0.71846426
,1018,0,0,0.98364264
,1018,1,1,0.90499383
,1018,2,1,0.8671103
,1018,3,3,1.0
,1019,0,3,1.0
,1019,1,1,0.52817065
,1019,2,1,0.9416382
,1019,3,0,0.87468135
,1020,0,0,0.8737699
,1020,1,3,1.0
,1020,2,1,0.9496908
,1020,3,0,0.71683276
,1021,0,0,0.7167883
,1021,1,0,0.78856
,1021,2,1,0.95066106
,1021,3,3,1.0
,1022,0,3,1.0
,1022,1,1,0.7735444
,1022,2,1,0.95104307
,1022,3,0,0.98543894
,1023,0,0,0.88590837
,1023,1,0,0.51188445
,1023,2,1,0.9505747
,1023,3,2,1.0
,1024,0,0,0.7201306
,1024,1,3,1.0
,1024,2,1,0.946523
,1024,3,0,0.9041528
,1025,0,3,1.0
,1025,1,0,0.7618616
,1025,2,1,0.91202706
,1025,3,0,0.72923267
,1026,0,0,0.5056047
,1026,1,1,0.881951
,1026,2,1,0.5388447
,1026,3,3,1.0
,1027,0,1,0.90573126
,1027,1,1,0.94598514
,1027,2,3,1.0
,1027,3,0,0.98369974
,1028,0,1,0.9481057
,1028,1,1,0.95206684
,1028,2,0,0.9474437
,1028,3,3,1.0
,1029,0,1,0.9508206
,1029,1,1,0.9508099
,1029,2,3,1.0
,1029,3,0,0.9835277
,1030,0,1,0.95341414
,1030,1,1,0.9493571
,1030,2,0,0.98399943
,1030,3,3,1.0
,1031,0,1,0.9551599
,1031,1,1,0.913633
,1031,2,3,1.0
,1031,3,0,0.9681293
,1032,0,1,0.95322526
,1032,1,1,0.5167898
,1032,2,1,0.69723874
,1032,3,2,1.0
,1033,0,1,0.9514514
,1033,1,2,1.0
,1033,2,1,0.85983396
,1033,3,0,0.9876431
,1034,0,1,0.9532306
,1034,1,0,0.81424195
,1034,2,1,0.5103921
,1034,3,3,1.0
,1035,0,1,0.9528306
,1035,1,1,0.876539
,1035,2,3,1.0
,1035,3,0,0.9473563
,1036,0,1,0.951974
,1036,1,1,0.94440365
,1036,2,0,0.86604214
,1036,3,3,1.0
,1037,0,1,0.94722486
,1037,1,1,0.95130455
,1037,2,0,0.7050271
,1037,3,3,1.0
,1038,0,1,0.9047971
,1038,1,1,0.95109105
,1038,2,3,1.0
,1038,3,0,0.9835973
,1039,0,1,0.52424717
,1039,1,1,0.9532195
,1039,2,0,0.86427915
,1039,3,3,1.0
,1040,0,3,1.0
,1040,1,1,0.95306665
,1040,2,0,0.6990551
,1040,3,1,0.69971275
,1041,0,0,0.9900726
,1041,1,1,0.9533963
,1041,2,3,1.0
,1041,3,1,0.8699978
,1042,0,2,1.0
,1042,1,1,0.95279825
,1042,2,0,0.68111837
,1042,3,1,0.52623063
,1043,0,0,0.8218231
,1043,1,1,0.95100313
,1043,2,0,0.6560961
,1043,3,3,1.0
,1044,0,1,0.8671555
,1044,1,1,0.95087314
,1044,2,3,1.0
,1044,3,0,0.9836477
,1045,0,1,0.94121397
,1045,1,1,0.9508739
,1045,2,0,0.9837515
,1045,3,3,1.0
,1046,0,1,0.9448435
,1046,1,1,0.9508671
,1046,2,3,1.0
,1046,3,0,0.98375744
,1047,0,1,0.9047422
,1047,1,1,0.9507862
,1047,2,0,0.98375356
,1047,3,3,1.0
,1048,0,1,0.527885
,1048,1,1,0.95080566
,1048,2,3,1.0
,1048,3,0,0.77458316
,1049,0,3,1.0
,1049,1,1,0.95109725
,1049,2,0,0.9836511
,1049,3,1,0.8627259
,1050,0,0,0.98398477
,1050,1,1,0.95317155
,1050,2,3,1.0
,1050,3,1,0.89787287
,1051,0,3,1.0
,1051,1,1,0.95268613
,1051,2,0,0.6776955
,1051,3,1,0.5346585
,1052,0,0,0.8726026
,1052,1,1,0.95080787
,1052,2,0,0.65512997
,1052,3,3,1.0
,1053,0,0,0.71620196
,1053,1,1,0.9500033
,1053,2,3,1.0
,1053,3,0,0.87370217
,1054,0,3,1.0
,1054,1,1,0.9441775
,1054,2,0,0.8738305
,1054,3,0,0.7165117
,1055,0,0,0.7706334
,1055,1,1,0.89099354
,1055,2,0,0.7167499
,1055,3,3,1.0
,1056,0,1,0.8780988
,1056,1,0,0.59873927
,1056,2,3,1.0
,1056,3,0,0.86365604
,1057,0,1,0.94528306
,1057,1,2,1.0
,1057,2,0,0.6798795
,1057,3,0,0.69900995
,1058,0,1,0.9501888
,1058,1,0,0.8218071
,1058,2,0,0.6557
,1058,3,3,1.0
,1059,0,1,0.95077896
,1059,1,1,0.86729604
,1059,2,3,1.0
,1059,3,0,0.98364747
,1060,0,1,0.9508075
,1060,1,1,0.94183534
,1060,2,0,0.9837515
,1060,3,3,1.0
,1061,0,1,0.95033896
,1061,1,1,0.9498391
,1061,2,3,1.0
,1061,3,0,0.9837578
,1062,0,1,0.9459152
,1062,1,1,0.95021635
,1062,2,0,0.98375803
,1062,3,3,1.0
,1063,0,1,0.9049624
,1063,1,1,0.9457373
,1063,2,3,1.0
,1063,3,0,0.9837533
,1064,0,1,0.5281073
,1064,1,1,0.9043213
,1064,2,0,0.7882157
,1064,3,3,1.0
,1065,0,3,1.0
,1065,1,1,0.5240648
,1065,2,1,0.78559124
,1065,3,0,0.76448596
,1066,0,0,0.5068748
,1066,1,3,1.0
,1066,2,1,0.5000129
,1066,3,1,0.8702899
,1067,0,1,0.90117484
,1067,1,0,0.9834526
,1067,2,3,1.0
,1067,3,1,0.89121324
,1068,0,1,0.9455362
,1068,1,3,1.0
,1068,2,0,0.8753963
,1068,3,1,0.5238918
,1069,0,1,0.9520661
,1069,1,0,0.7794669
,1069,2,0,0.7202601
,1069,3,3,1.0
,1070,0,1,0.94789773
,1070,1,1,0.78048784
,1070,2,3,1.0
,1070,3,0,0.9473598
,1071,0,1,0.9057432
,1071,1,0,0.5325543
,1071,2,0,0.77193743
,1071,3,3,1.0
,1072,0,1,0.5289745
,1072,1,2,1.0
,1072,2,1,0.8615363
,1072,3,0,0.8807614
,1073,0,3,1.0
,1073,1,0,0.8220628
,1073,2,1,0.889453
,1073,3,0,0.7185409
,1074,0,0,0.7867879
,1074,1,1,0.8675134
,1074,2,1,0.5230303
,1074,3,3,1.0
,1075,0,1,0.78632176
,1075,1,1,0.94447184
,1075,2,3,1.0
,1075,3,0,0.98387253
,1076,0,1,0.5002576
,1076,1,1,0.95188963
,1076,2,0,0.50760514
,1076,3,3,1.0
,1077,0,3,1.0
,1077,1,1,0.9509478
,1077,2,1,0.9002288
,1077,3,0,0.9834648
,1078,0,0,0.9837586
,1078,1,1,0.95090747
,1078,2,1,0.940152
,1078,3,3,1.0
,1079,0,3,1.0
,1079,1,1,0.95113117
,1079,2,1,0.90487224
,1079,3,0,0.9854491
,1080,0,0,0.80554247
,1080,1,1,0.95129704
,1080,2,1,0.5290956
,1080,3,2,1.0
,1081,0,1,0.779435
,1081,1,1,0.9532769
,1081,2,3,1.0
,1081,3,0,0.987801
,1082,0,0,0.5210857
,1082,1,1,0.9529588
,1082,2,1,0.773067
,1082,3,3,1.0
,1083,0,2,1.0
,1083,1,1,0.9510773
,1083,2,0,0.51279235
,1083,3,0,0.87934154
,1084,0,0,0.9041733
,1084,1,1,0.9506017
,1084,2,3,1.0
,1084,3,0,0.7180482
,1085,0,0,0.72934276
,1085,1,1,0.9494996
,1085,2,0,0.7608618
,1085,3,3,1.0
,1086,0,3,1.0
,1086,1,1,0.915908
,1086,2,1,0.886032
,1086,3,0,0.9196561
,1087,0,1,0.5557559
,1087,1,1,0.54041743
,1087,2,1,0.9404847
,1087,3,2,1.0
,1088,0,0,0.5815277
,1088,1,3,1.0
,1088,2,1,0.900993
,1088,3,0,0.8237024
,1089,0,3,1.0
,1089,1,0,0.770827
,1089,2,1,0.50152653
,1089,3,1,0.85540134
,1090,0,0,0.9846915
,1090,1,1,0.8734438
,1090,2,2,0.9999995
,1090,3,1,0.889052
,1091,0,3,1.0
,1091,1,1,0.94245875
,1091,2,0,0.82196707
,1091,3,1,0.52320254
,1092,0,0,0.98363703
,1092,1,1,0.94995147
,1092,2,1,0.8671448
,1092,3,3,1.0
,1093,0,3,1.0
,1093,1,1,0.95080805
,1093,2,1,0.9412647
,1093,3,0,0.9837516
,1094,0,0,0.98576665
,1094,1,1,0.9512179
,1094,2,1,0.9453173
,1094,3,3,1.0
,1095,0,2,1.0
,1095,1,1,0.9511705
,1095,2,1,0.9055026
,1095,3,0,0.9855287
,1096,0,0,0.82114154
,1096,1,1,0.95107037
,1096,2,1,0.5283634
,1096,3,3,1.0
,1097,0,1,0.87313575
,1097,1,1,0.95276314
,1097,2,3,1.0
,1097,3,0,0.98387754
,1098,0,1,0.9451756
,1098,1,1,0.9484265
,1098,2,0,0.9531514
,1098,3,3,1.0
,1099,0,1,0.9504571
,1099,1,1,0.9059848
,1099,2,2,1.0
,1099,3,0,0.98514366
,1100,0,1,0.95089173
,1100,1,1,0.52868533
,1100,2,0,0.9042128
,1100,3,3,1.0
,1101,0,1,0.95263034
,1101,1,3,1.0
,1101,2,0,0.7293154
,1101,3,0,0.76168203
,1102,0,1,0.9480125
,1102,1,0,0.9473911
,1102,2,3,1.0
,1102,3,1,0.8815528
,1103,0,1,0.90536577
,1103,1,3,1.0
,1103,2,0,0.9835165
,1103,3,1,0.94319326
,1104,0,1,0.52833784
,1104,1,0,0.87489384
,1104,2,3,1.0
,1104,3,1,0.949346
,1105,0,3,1.0
,1105,1,0,0.71716905
,1105,2,0,0.7731612
,1105,3,1,0.94577724
,1106,0,0,0.9853575
,1106,1,3,1.0
,1106,2,1,0.86177665
,1106,3,1,0.90585846
,1107,0,2,1.0
,1107,1,0,0.8081484
,1107,2,1,0.8902316
,1107,3,1,0.5294126
,1108,0,0,0.8364258
,1108,1,1,0.76259845
,1108,2,1,0.5236398
,1108,3,3,1.0
,1109,0,1,0.7634087
,1109,1,0,0.53781444
,1109,2,3,1.0
,1109,3,0,0.77288455
,1110,0,0,0.5156742
,1110,1,2,1.0
,1110,2,0,0.8806074
,1110,3,1,0.8614085
,1111,0,3,1.0
,1111,1,0,0.8221603
,1111,2,0,0.71848804
,1111,3,1,0.8894217
,1112,0,0,0.77355367
,1112,1,1,0.8668546
,1112,2,3,1.0
,1112,3,1,0.52300894
,1113,0,1,0.8627347
,1113,1,1,0.9415998
,1113,2,0,0.9836443
,1113,3,3,1.0
,1114,0,1,0.89740425
,1114,1,1,0.94847775
,1114,2,3,1.0
,1114,3,0,0.9839838
,1115,0,1,0.5307018
,1115,1,1,0.9153931
,1115,2,1,0.5055589
,1115,3,3,1.0
,1116,0,3,1.0
,1116,1,1,0.5400272
,1116,2,1,0.9078896
,1116,3,0,0.67688924
,1117,0,0,0.7686847
,1117,1,3,1.0
,1117,2,1,0.94585186
,1117,3,0,0.65510577
,1118,0,1,0.8784443
,1118,1,0,0.9839009
,1118,2,1,0.9483638
,1118,3,3,1.0
,1119,0,1,0.9449907
,1119,1,3,1.0
,1119,2,1,0.9092088
,1119,3,0,0.95214444
,1120,0,1,0.9453746
,1120,1,0,0.7892925
,1120,2,1,0.5301688
,1120,3,2,1.0
,1121,0,1,0.9048044
,1121,1,1,0.85535574
,1121,2,3,1.0
,1121,3,0,0.98760563
,1122,0,1,0.52800333
,1122,1,1,0.8729156
,1122,2,0,0.77209884
,1122,3,3,1.0
,1123,0,3,1.0
,1123,1,0,0.60630375
,1123,2,1,0.8780857
,1123,3,0,0.8633209
,1124,0,1,0.7723933
,1124,1,2,1.0
,1124,2,1,0.94535816
,1124,3,0,0.69855124
,1125,0,0,0.51358634
,1125,1,0,0.83623886
,1125,2,1,0.9501997
,1125,3,3,1.0
,1126,0,3,1.0
,1126,1,1,0.76268303
,1126,2,1,0.9507205
,1126,3,0,0.9836275
,1127,0,0,0.78754455
,1127,1,0,0.516737
,1127,2,1,0.95102626
,1127,3,3,1.0
,1128,0,1,0.78667504
,1128,1,3,1.0
,1128,2,1,0.9532462
,1128,3,0,0.9838861
,1129,0,1,0.5006838
,1129,1,1,0.71850777
,1129,2,1,0.95306736
,1129,3,3,1.0
,1130,0,3,1.0
,1130,1,1,0.9290199
,1130,2,1,0.95338213
,1130,3,0,0.98372614
,1131,0,0,0.94744384
,1131,1,1,0.95042527
,1131,2,1,0.9528558
,1131,3,3,1.0
,1132,0,3,1.0
,1132,1,1,0.95112354
,1132,2,1,0.9514345
,1132,3,0,0.9855719
,1133,0,0,0.9855389
,1133,1,1,0.95094126
,1133,2,1,0.9514381
,1133,3,2,0.99999917
,1134,0,3,1.0
,1134,1,1,0.9489
,1134,2,1,0.9532651
,1134,3,0,0.98780334
,1135,0,0,0.8716962
,1135,1,1,0.9085142
,1135,2,1,0.9527545
,1135,3,3,1.0
,1136,0,3,1.0
,1136,1,1,0.52893084
,1136,2,1,0.95099294
,1136,3,0,0.7705329
,1137,0,0,0.9836561
,1137,1,3,1.0
,1137,2,1,0.95113194
,1137,3,1,0.8734587
,1138,0,3,1.0
,1138,1,0,0.99026114
,1138,2,1,0.953278
,1138,3,1,0.9452344
,1139,0,0,0.9536175
,1139,1,2,1.0
,1139,2,1,0.95313096
,1139,3,1,0.9523352
,1140,0,2,1.0
,1140,1,0,0.9876708
,1140,2,1,0.9513032
,1140,3,1,0.9512179
,1141,0,0,0.9876166
,1141,1,3,1.0
,1141,2,1,0.9509184
,1141,3,1,0.9509093
,1142,0,3,1.0
,1142,1,0,0.9837598
,1142,2,1,0.9509165
,1142,3,1,0.950916
,1143,0,0,0.9857697
,1143,1,3,1.0
,1143,2,1,0.9512542
,1143,3,1,0.95125806
,1144,0,2,1.0
,1144,1,0,0.9855339
,1144,2,1,0.9513955
,1144,3,1,0.95143336
,1145,0,0,0.9878003
,1145,1,3,1.0
,1145,2,1,0.9530512
,1145,3,1,0.95340335
,1146,0,3,1.0
,1146,1,0,0.94820356
,1146,2,1,0.9509535
,1146,3,1,0.9545206
,1147,0,0,0.9520138
,1147,1,3,1.0
,1147,2,1,0.9096327
,1147,3,1,0.9470285
,1148,0,2,1.0
,1148,1,0,0.7859753
,1148,2,1,0.53031975
,1148,3,1,0.8918282
,1149,0,0,0.8275503
,1149,1,1,0.8757108
,1149,2,3,1.0
,1149,3,0,0.6009374
,1150,0,1,0.7791594
,1150,1,1,0.93999773
,1150,2,0,0.73482645
,1150,3,2,1.0
,1151,0,0,0.510564
,1151,1,1,0.90380764
,1151,2,2,1.0
,1151,3,0,0.8215715
,1152,0,3,1.0
,1152,1,1,0.52407473
,1152,2,0,0.81340957
,1152,3,1,0.87350804
,1153,0,0,0.9681887
,1153,1,3,1.0
,1153,2,1,0.88211447
,1153,3,1,0.947522
,1154,0,2,1.0
,1154,1,1,0.52041674
,1154,2,1,0.9460765
,1154,3,1,0.95214117
,1155,0,0,0.987792
,1155,1,3,1.0
,1155,2,1,0.9528842
,1155,3,1,0.94968516
,1156,0,3,1.0
,1156,1,0,0.94822955
,1156,2,1,0.9551226
,1156,3,1,0.91594815
,1157,0,1,0.888003
,1157,1,3,1.0
,1157,2,1,0.95321935
,1157,3,1,0.54055244
,1158,0,0,0.5992594
,1158,1,0,0.862719
,1158,2,1,0.9533496
,1158,3,3,1.0
,1159,0,2,1.0
,1159,1,0,0.69879776
,1159,2,1,0.9528247
,1159,3,0,0.51045865
,1160,0,0,0.98760694
,1160,1,3,1.0
,1160,2,1,0.9513009
,1160,3,1,0.9012655
,1161,0,3,1.0
,1161,1,0,0.9903217
,1161,2,1,0.9532946
,1161,3,1,0.9476049
,1162,0,0,0.7148355
,1162,1,2,1.0
,1162,2,1,0.95284194
,1162,3,1,0.9475142
,1163,0,3,1.0
,1163,1,0,0.98760366
,1163,2,1,0.95097166
,1163,3,1,0.90526474
,1164,0,0,0.87489265
,1164,1,3,1.0
,1164,2,1,0.9506711
,1164,3,1,0.5283027
,1165,0,0,0.71715665
,1165,1,0,0.78898925
,1165,2,1,0.95026135
,1165,3,3,1.0
,1166,0,3,1.0
,1166,1,1,0.77045256
,1166,2,1,0.9462928
,1166,3,0,0.9836471
,1167,0,0,0.7653163
,1167,1,0,0.517805
,1167,2,1,0.9097056
,1167,3,3,1.0
,1168,0,1,0.8707455
,1168,1,3,1.0
,1168,2,1,0.5151065
,1168,3,0,0.5058141
,1169,0,1,0.89174086
,1169,1,0,0.9844454
,1169,2,2,1.0
,1169,3,1,0.9017731
,1170,0,1,0.5240531
,1170,1,3,1.0
,1170,2,0,0.82109916
,1170,3,1,0.9453684
,1171,0,3,1.0
,1171,1,0,0.9838767
,1171,2,1,0.8734937
,1171,3,1,0.94892997
,1172,0,0,0.9481891
,1172,1,3,1.0
,1172,2,1,0.94686675
,1172,3,1,0.9155288
,1173,0,3,1.0
,1173,1,0,0.6831009
,1173,2,1,0.94700897
,1173,3,1,0.5400808
,1174,0,0,0.7874361
,1174,1,0,0.6747347
,1174,2,1,0.9029342
,1174,3,3,1.0
,1175,0,1,0.7682197
,1175,1,2,1.0
,1175,2,1,0.50445694
,1175,3,0,0.7827588
,1176,0,0,0.53778845
,1176,1,0,0.82173216
,1176,2,2,1.0
,1176,3,1,0.8723846
,1177,0,2,1.0
,1177,1,1,0.8680379
,1177,2,0,0.9876522
,1177,3,1,0.94201654
,1178,0,0,0.9876165
,1178,1,1,0.94219726
,1178,2,3,1.0
,1178,3,1,0.94546354
,1179,0,3,1.0
,1179,1,1,0.95226014
,1179,2,0,0.98399216
,1179,3,1,0.90971965
,1180,0,0,0.50886935
,1180,1,1,0.9528247
,1180,2,3,1.0
,1180,3,1,0.51532364
,1181,0,1,0.89327353
,1181,1,1,0.95099634
,1181,2,0,0.98633885
,1181,3,2,1.0
,1182,0,1,0.89615357
,1182,1,1,0.9462287
,1182,2,2,1.0
,1182,3,0,0.98768467
,1183,0,1,0.52556103
,1183,1,1,0.9049242
,1183,2,0,0.8372917
,1183,3,3,1.0
,1184,0,3,1.0
,1184,1,1,0.52802473
,1184,2,1,0.7572691
,1184,3,0,0.7904668
,1185,0,0,0.77306527
,1185,1,3,1.0
,1185,2,0,0.5377191
,1185,3,1,0.7660155
,1186,0,1,0.8619763
,1186,1,0,0.78125644
,1186,2,2,1.0
,1186,3,0,0.53888696
,1187,0,1,0.89025366
,1187,1,1,0.8721549
,1187,2,0,0.9876522
,1187,3,2,1.0
,1188,0,1,0.52374077
,1188,1,1,0.9416524
,1188,2,3,1.0
,1188,3,0,0.9037863
,1189,0,3,1.0
,1189,1,1,0.94524795
,1189,2,0,0.7702206
,1189,3,0,0.72626805
,1190,0,0,0.98388356
,1190,1,1,0.90912133
,1190,2,1,0.87790716
,1190,3,3,1.0
,1191,0,3,1.0
,1191,1,1,0.5143134
,1191,2,1,0.94528127
,1191,3,0,0.70402616
,1192,0,0,0.984447
,1192,1,2,1.0
,1192,2,1,0.9503667
,1192,3,1,0.8804963
,1193,0,3,1.0
,1193,1,0,0.98761636
,1193,2,1,0.9508465
,1193,3,1,0.9432342
,1194,0,0,0.9857699
,1194,1,3,1.0
,1194,2,1,0.95122176
,1194,3,1,0.9498775
,1195,0,2,1.0
,1195,1,0,0.9855333
,1195,2,1,0.9511592
,1195,3,1,0.946141
,1196,0,0,0.98761153
,1196,1,3,1.0
,1196,2,1,0.950854
,1196,3,1,0.9050619
,1197,0,3,1.0
,1197,1,0,0.8753099
,1197,2,1,0.95099026
,1197,3,1,0.52820474
,1198,0,0,0.8668921
,1198,1,0,0.72014385
,1198,2,1,0.95318913
,1198,3,3,1.0
,1199,0,0,0.72042394
,1199,1,3,1.0
,1199,2,1,0.95307416
,1199,3,1,0.71856993
,1200,0,2,1.0
,1200,1,0,0.98472285
,1200,2,1,0.95149165
,1200,3,1,0.92641854
,1201,0,0,0.9878009
,1201,1,3,1.0
,1201,2,1,0.953268
,1201,3,1,0.95066845
,1202,0,3,1.0
,1202,1,0,0.94744384
,1202,2,1,0.9530526
,1202,3,1,0.9527944
,1203,0,0,0.9837687
,1203,1,3,1.0
,1203,2,1,0.95340645
,1203,3,1,0.9533754
,1204,0,3,1.0
,1204,1,0,0.94744635
,1204,2,1,0.9530644
,1204,3,1,0.953018
,1205,0,0,0.9901262
,1205,1,3,1.0
,1205,2,1,0.95336753
,1205,3,1,0.9529495
,1206,0,2,1.0
,1206,1,0,0.9480416
,1206,2,1,0.9523114
,1206,3,1,0.9480633
,1207,0,0,0.98760223
,1207,1,3,1.0
,1207,2,1,0.94594884
,1207,3,1,0.9052884
,1208,0,3,1.0
,1208,1,0,0.7885803
,1208,2,1,0.9044033
,1208,3,1,0.5282077
,1209,0,0,0.7776835
,1209,1,1,0.78365433
,1209,2,1,0.5243955
,1209,3,3,1.0
,1210,0,1,0.7984882
,1210,1,0,0.50488
,1210,2,3,1.0
,1210,3,0,0.6912454
,1211,0,1,0.503928
,1211,1,3,1.0
,1211,2,0,0.5043896
,1211,3,1,0.8889817
,1212,0,3,1.0
,1212,1,0,0.98370284
,1212,2,1,0.90627646
,1212,3,1,0.9469708
,1213,0,0,0.9482032
,1213,1,3,1.0
,1213,2,1,0.95061666
,1213,3,1,0.9544987
,1214,0,3,1.0
,1214,1,0,0.9530442
,1214,2,1,0.9528488
,1214,3,1,0.95323277
,1215,0,0,0.9851502
,1215,1,2,1.0
,1215,2,1,0.9513075
,1215,3,1,0.95134324
,1216,0,3,1.0
,1216,1,0,0.9876167
,1216,2,1,0.95116985
,1216,3,1,0.95112336
,1217,0,0,0.9902663
,1217,1,3,1.0
,1217,2,1,0.9532528
,1217,3,1,0.9527822
,1218,0,2,1.0
,1218,1,0,0.9480405
,1218,2,1,0.952819
,1218,3,1,0.9480425
,1219,0,0,0.987602
,1219,1,3,1.0
,1219,2,1,0.95096123
,1219,3,1,0.9052589
,1220,0,3,1.0
,1220,1,0,0.7728291
,1220,2,1,0.95082587
,1220,3,1,0.5280492
,1221,0,0,0.9836522
,1221,1,1,0.87318736
,1221,2,1,0.9511043
,1221,3,3,1.0
,1222,0,3,1.0
,1222,1,1,0.9451341
,1222,2,1,0.9532128
,1222,3,0,0.9839895
,1223,0,0,0.94744307
,1223,1,1,0.95202684
,1223,2,1,0.95283127
,1223,3,3,1.0
,1224,0,3,1.0
,1224,1,1,0.95122916
,1224,2,1,0.95131636
,1224,3,0,0.9835281
,1225,0,0,0.9903052
,1225,1,1,0.95329857
,1225,2,1,0.95331186
,1225,3,3,1.0
,1226,0,2,1.0
,1226,1,1,0.9530438
,1226,2,1,0.9530892
,1226,3,0,0.8717368
,1227,0,0,0.98779273
,1227,1,1,0.95298064
,1227,2,1,0.95340663
,1227,3,3,1.0
,1228,0,3,1.0
,1228,1,1,0.94875795
,1228,2,1,0.95308346
,1228,3,0,0.947446
,1229,0,0,0.98376495
,1229,1,1,0.9121877
,1229,2,1,0.95357394
,1229,3,3,1.0
,1230,0,3,1.0
,1230,1,1,0.5352783
,1230,2,1,0.9550349
,1230,3,0,0.6578912
,1231,0,0,0.67642486
,1231,1,3,1.0
,1231,2,1,0.9528715
,1231,3,0,0.636078
,1232,0,0,0.65471673
,1232,1,0,0.8757501
,1232,2,1,0.95092267
,1232,3,3,1.0
,1233,0,3,1.0
,1233,1,0,0.7341127
,1233,2,1,0.95091134
,1233,3,0,0.8728174
,1234,0,0,0.78407454
,1234,1,2,1.0
,1234,2,1,0.95092994
,1234,3,0,0.71524674
,1235,0,1,0.8702345
,1235,1,0,0.98761296
,1235,2,1,0.9508873
,1235,3,3,1.0
,1236,0,1,0.9371738
,1236,1,3,1.0
,1236,2,1,0.95113105
,1236,3,0,0.9837528
,1237,0,1,0.908594
,1237,1,0,0.99023503
,1237,2,1,0.95324504
,1237,3,3,1.0
,1238,0,1,0.5165063
,1238,1,2,1.0
,1238,2,1,0.9529287
,1238,3,0,0.67964196
,1239,0,2,1.0
,1239,1,0,0.8213914
,1239,2,1,0.95087165
,1239,3,0,0.65467614
,1240,0,0,0.98779684
,1240,1,1,0.8736078
,1240,2,1,0.9483522
,1240,3,3,1.0
,1241,0,3,1.0
,1241,1,1,0.94767576
,1241,2,1,0.90352684
,1241,3,0,0.9481882
,1242,0,0,0.65667415
,1242,1,1,0.9545043
,1242,2,0,0.5864732
,1242,3,3,1.0
,1243,0,0,0.6355824
,1243,1,1,0.9529267
,1243,2,2,1.0
,1243,3,0,0.5357158
,1244,0,3,1.0
,1244,1,1,0.95122904
,1244,2,0,0.98759943
,1244,3,1,0.8164896
,1245,0,0,0.77763504
,1245,1,1,0.95332927
,1245,2,3,1.0
,1245,3,0,0.50344
,1246,0,1,0.7996692
,1246,1,1,0.9545771
,1246,2,0,0.94812703
,1246,3,3,1.0
,1247,0,1,0.5043057
,1247,1,1,0.9481613
,1247,2,3,1.0
,1247,3,0,0.50918245
,1248,0,3,1.0
,1248,1,1,0.9052984
,1248,2,0,0.9834602
,1248,3,1,0.891726
,1249,0,0,0.7908233
,1249,1,1,0.52820873
,1249,2,3,1.0
,1249,3,1,0.8949035
,1250,0,1,0.77037877
,1250,1,3,1.0
,1250,2,0,0.7722351
,1250,3,1,0.5248624
,1251,0,0,0.51438546
,1251,1,0,0.7868275
,1251,2,1,0.87195915
,1251,3,3,1.0
,1252,0,3,1.0
,1252,1,1,0.7855445
,1252,2,1,0.94074935
,1252,3,0,0.9838738
,1253,0,1,0.5029498
,1253,1,0,0.50355536
,1253,2,1,0.9141594
,1253,3,3,1.0
,1254,0,1,0.89898103
,1254,1,3,1.0
,1254,2,1,0.5396476
,1254,3,0,0.67685616
,1255,0,1,0.8957767
,1255,1,0,0.77078754
,1255,2,3,1.0
,1255,3,0,0.6550093
,1256,0,1,0.52149904
,1256,1,1,0.8676257
,1256,2,0,0.8640004
,1256,3,3,1.0
,1257,0,3,1.0
,1257,1,1,0.8942226
,1257,2,0,0.6994053
,1257,3,0,0.50807023
,1258,0,0,0.8623461
,1258,1,1,0.52076024
,1258,2,3,1.0
,1258,3,1,0.8973147
,1259,0,0,0.6983544
,1259,1,3,1.0
,1259,2,1,0.6958861
,1259,3,1,0.8997916
,1260,0,3,1.0
,1260,1,0,0.7707154
,1260,2,1,0.8590721
,1260,3,1,0.5263094
,1261,0,0,0.77178
,1261,1,1,0.87252647
,1261,2,1,0.5134761
,1261,3,3,1.0
,1262,0,1,0.8732961
,1262,1,1,0.9425966
,1262,2,3,1.0
,1262,3,0,0.98364615
,1263,0,1,0.9451442
,1263,1,1,0.9517095
,1263,2,0,0.9839889
,1263,3,3,1.0
,1264,0,1,0.95201814
,1264,1,1,0.94647574
,1264,2,3,1.0
,1264,3,0,0.94744307
,1265,0,1,0.9511305
,1265,1,1,0.8914349
,1265,2,0,0.9835219
,1265,3,3,1.0
,1266,0,1,0.9531953
,1266,1,0,0.59958965
,1266,2,3,1.0
,1266,3,0,0.7800474
,1267,0,1,0.95305437
,1267,1,2,1.0
,1267,2,0,0.9478608
,1267,3,1,0.78486896
,1268,0,1,0.95350033
,1268,1,0,0.8136928
,1268,2,3,1.0
,1268,3,0,0.5130949
,1269,0,1,0.95504916
,1269,1,1,0.88159674
,1269,2,0,0.97845966
,1269,3,3,1.0
,1270,0,1,0.95322144
,1270,1,1,0.9459354
,1270,2,3,1.0
,1270,3,0,0.9473122
,1271,0,1,0.9534029
,1271,1,1,0.9526464
,1271,2,0,0.9837688
,1271,3,3,1.0
,1272,0,1,0.95285004
,1272,1,1,0.9527747
,1272,2,3,1.0
,1272,3,0,0.94744575
,1273,0,1,0.95131564
,1273,1,1,0.9513075
,1273,2,0,0.9835282
,1273,3,3,1.0
,1274,0,1,0.95329314
,1274,1,1,0.9532923
,1274,2,3,1.0
,1274,3,0,0.990268
,1275,0,1,0.95307505
,1275,1,1,0.95307505
,1275,2,0,0.94804025
,1275,3,2,1.0
,1276,0,1,0.95340997
,1276,1,1,0.95340997
,1276,2,3,1.0
,1276,3,0,0.98779297
,1277,0,1,0.95312834
,1277,1,1,0.95312834
,1277,2,0,0.9531657
,1277,3,3,1.0
,1278,0,1,0.95130974
,1278,1,1,0.95131034
,1278,2,2,1.0
,1278,3,0,0.98514944
,1279,0,1,0.9509126
,1279,1,1,0.9509187
,1279,2,0,0.9876166
,1279,3,3,1.0
,1280,0,1,0.95085704
,1280,1,1,0.95091385
,1280,2,3,1.0
,1280,3,0,0.9837598
,1281,0,1,0.9507038
,1281,1,1,0.95122844
,1281,2,0,0.98576945
,1281,3,3,1.0
,1282,0,1,0.9462372
,1282,1,1,0.95115644
,1282,2,2,1.0
,1282,3,0,0.9855334
,1283,0,1,0.9050838
,1283,1,1,0.9508211
,1283,2,0,0.98761165
,1283,3,3,1.0
,1284,0,1,0.5282443
,1284,1,1,0.95068395
,1284,2,3,1.0
,1284,3,0,0.8748714
,1285,0,3,1.0
,1285,1,1,0.9505416
,1285,2,0,0.78610647
,1285,3,0,0.7171547
,1286,0,0,0.9902367
,1286,1,1,0.94889075
,1286,2,1,0.7870537
,1286,3,3,1.0
,1287,0,2,1.0
,1287,1,1,0.9087241
,1287,2,1,0.50089496
,1287,3,1,0.6963051
,1288,0,0,0.8221183
,1288,1,1,0.52930754
,1288,2,3,1.0
,1288,3,1,0.8594547
,1289,0,1,0.866396
,1289,1,3,1.0
,1289,2,0,0.8746682
,1289,3,1,0.5138475
,1290,0,1,0.9401051
,1290,1,0,0.76249474
,1290,2,0,0.72005475
,1290,3,3,1.0
,1291,0,1,0.9143253
,1291,1,1,0.8772146
,1291,2,3,1.0
,1291,3,0,0.9481631
,1292,0,1,0.539962
,1292,1,1,0.89637303
,1292,2,1,0.7170382
,1292,3,3,1.0
,1293,0,3,1.0
,1293,1,1,0.5251035
,1293,2,1,0.92539537
,1293,3,0,0.7702121
,1294,0,0,0.98567665
,1294,1,3,1.0
,1294,2,1,0.94837916
,1294,3,1,0.8734913
,1295,0,2,1.0
,1295,1,0,0.98552614
,1295,2,1,0.95003414
,1295,3,1,0.9419223
,1296,0,0,0.8425773
,1296,1,3,1.0
,1296,2,1,0.9434033
,1296,3,1,0.94241583
,1297,0,1,0.6885932
,1297,1,3,1.0
,1297,2,1,0.8646275
,1297,3,1,0.8644064
,1298,0,2,0.5071365
,1298,1,0,1.0
,1298,2,0,1.0
,1298,3,0,1.0
,1299,0,0,0.93981016
,1299,1,2,0.9997378
,1299,2,1,0.858725
,1299,3,1,0.858741
,1300,0,2,1.0
,1300,1,0,0.9876683
,1300,2,1,0.9411139
,1300,3,1,0.94118243
,1301,0,0,0.9876166
,1301,1,3,1.0
,1301,2,1,0.94927406
,1301,3,1,0.9498193
,1302,0,3,1.0
,1302,1,0,0.98375934
,1302,2,1,0.94579864
,1302,3,1,0.950755
,1303,0,0,0.9837539
,1303,1,3,1.0
,1303,2,1,0.9050183
,1303,3,1,0.9507939
,1304,0,3,1.0
,1304,1,0,0.8778014
,1304,2,1,0.52819186
,1304,3,1,0.9507409
,1305,0,0,0.87275565
,1305,1,0,0.734748
,1305,2,3,1.0
,1305,3,1,0.95091736
,1306,0,0,0.71522707
,1306,1,2,1.0
,1306,2,0,0.7829375
,1306,3,1,0.95118266
,1307,0,3,1.0
,1307,1,0,0.99258256
,1307,2,1,0.8771496
,1307,3,1,0.9532586
,1308,0,0,0.94804025
,1308,1,2,1.0
,1308,2,1,0.94555426
,1308,3,1,0.95309407
,1309,0,3,1.0
,1309,1,0,0.98779297
,1309,2,1,0.95280695
,1309,3,1,0.9536264
,1310,0,0,0.9482064
,1310,1,3,1.0
,1310,2,1,0.9548489
,1310,3,1,0.9553272
,1311,0,3,1.0
,1311,1,0,0.96792364
,1311,2,1,0.95108026
,1311,3,1,0.95532113
,1312,0,0,0.9479557
,1312,1,2,1.0
,1312,2,1,0.90867007
,1312,3,1,0.9532671
,1313,0,3,1.0
,1313,1,0,0.81388956
,1313,2,1,0.52541876
,1313,3,1,0.9534714
,1314,0,1,0.8814165
,1314,1,1,0.87687576
,1314,2,3,1.0
,1314,3,1,0.9529834
,1315,0,2,1.0
,1315,1,1,0.94313806
,1315,2,0,0.98394614
,1315,3,1,0.95137465
,1316,0,0,0.9878014
,1316,1,1,0.95194095
,1316,2,3,1.0
,1316,3,1,0.9532657
,1317,0,3,1.0
,1317,1,1,0.94829524
,1317,2,0,0.9531569
,1317,3,1,0.95313746
,1318,0,0,0.9851446
,1318,1,1,0.9055448
,1318,2,2,1.0
,1318,3,1,0.95154476
,1319,0,3,1.0
,1319,1,1,0.5247755
,1319,2,0,0.89580303
,1319,3,1,0.95321494
,1320,0,0,0.50768256
,1320,1,3,1.0
,1320,2,0,0.7092558
,1320,3,1,0.95300555
,1321,0,1,0.8974875
,1321,1,0,0.990092
,1321,2,3,1.0
,1321,3,1,0.95342827
,1322,0,1,0.8996293
,1322,1,2,1.0
,1322,2,0,0.94803643
,1322,3,1,0.9530737
,1323,0,1,0.52278584
,1323,1,0,0.8957395
,1323,2,3,1.0
,1323,3,1,0.95334935
,1324,0,3,1.0
,1324,1,0,0.7092233
,1324,2,0,0.5283712
,1324,3,1,0.95303
,1325,0,0,0.9837048
,1325,1,3,1.0
,1325,2,1,0.82991767
,1325,3,1,0.9535535
,1326,0,3,1.0
,1326,1,0,0.51781416
,1326,2,1,0.5099884
,1326,3,1,0.95506084
,1327,0,0,0.947242
,1327,1,1,0.82944906
,1327,2,3,1.0
,1327,3,1,0.95292205
,1328,0,3,1.0
,1328,1,1,0.5040876
,1328,2,0,0.771556
,1328,3,1,0.9512314
,1329,0,0,0.98389477
,1329,1,3,1.0
,1329,2,1,0.8675175
,1329,3,1,0.95320517
,1330,0,3,1.0
,1330,1,0,0.9474216
,1330,2,1,0.8924406
,1330,3,1,0.952751
,1331,0,0,0.87258834
,1331,1,3,1.0
,1331,2,1,0.5043146
,1331,3,1,0.95106316
,1332,0,0,0.7153992
,1332,1,0,0.7981088
,1332,2,2,1.0
,1332,3,1,0.95093524
,1333,0,3,1.0
,1333,1,1,0.77178156
,1333,2,0,0.98899126
,1333,3,1,0.9511154
,1334,0,0,0.8859883
,1334,1,0,0.5124273
,1334,2,2,1.0
,1334,3,1,0.9510344
,1335,0,0,0.72019637
,1335,1,3,1.0
,1335,2,0,0.9036339
,1335,3,1,0.9507507
,1336,0,3,1.0
,1336,1,0,0.87362
,1336,2,0,0.72596353
,1336,3,1,0.9506926
,1337,0,0,0.8738376
,1337,1,0,0.716489
,1337,2,3,1.0
,1337,3,1,0.9506731
,1338,0,0,0.71681494
,1338,1,3,1.0
,1338,2,0,0.78967893
,1338,3,1,0.9507437
,1339,0,3,1.0
,1339,1,0,0.9836471
,1339,2,1,0.76696116
,1339,3,1,0.9507896
,1340,0,0,0.8777077
,1340,1,3,1.0
,1340,2,0,0.5341699
,1340,3,1,0.9509
,1341,0,0,0.7378854
,1341,1,0,0.7972683
,1341,2,2,1.0
,1341,3,1,0.95113784
,1342,0,2,1.0
,1342,1,1,0.7715102
,1342,2,0,0.9876609
,1342,3,1,0.95103276
,1343,0,0,0.9036761
,1343,1,0,0.51359344
,1343,2,3,1.0
,1343,3,1,0.9507733
,1344,0,0,0.72595245
,1344,1,3,1.0
,1344,2,0,0.873702
,1344,3,1,0.95070606
,1345,0,3,1.0
,1345,1,0,0.786299
,1345,2,0,0.716774
,1345,3,1,0.95099884
,1346,0,0,0.9838888
,1346,1,1,0.78652567
,1346,2,3,1.0
,1346,3,1,0.95314974
,1347,0,3,1.0
,1347,1,1,0.5005067
,1347,2,0,0.677893
,1347,3,1,0.9527023
,1348,0,0,0.77049094
,1348,1,3,1.0
,1348,2,0,0.655421
,1348,3,1,0.95120597
,1349,0,1,0.86817586
,1349,1,0,0.9902067
,1349,2,3,1.0
,1349,3,1,0.95326746
,1350,0,1,0.8946495
,1350,1,2,1.0
,1350,2,0,0.94803417
,1350,3,1,0.9530654
,1351,0,1,0.52109146
,1351,1,0,0.89544785
,1351,2,3,1.0
,1351,3,1,0.9534278
,1352,0,3,1.0
,1352,1,0,0.70861685
,1352,2,1,0.6996179
,1352,3,1,0.9530819
,1353,0,0,0.98372614
,1353,1,3,1.0
,1353,2,1,0.8697247
,1353,3,1,0.9533629
,1354,0,3,1.0
,1354,1,0,0.5059944
,1354,2,1,0.52587116
,1354,3,1,0.9530205
,1355,0,0,0.98370636
,1355,1,1,0.90573615
,1355,2,3,1.0
,1355,3,1,0.953397
,1356,0,3,1.0
,1356,1,1,0.94835514
,1356,2,0,0.94744396
,1356,3,1,0.9530861
,1357,0,0,0.98376834
,1357,1,1,0.953061
,1357,2,3,1.0
,1357,3,1,0.9536085
,1358,0,3,1.0
,1358,1,1,0.95446414
,1358,2,0,0.9482055
,1358,3,1,0.955105
,1359,0,0,0.94731045
,1359,1,1,0.9467732
,1359,2,3,1.0
,1359,3,1,0.95300394
,1360,0,3,1.0
,1360,1,1,0.8914827
,1360,2,0,0.9835226
,1360,3,1,0.95123154
,1361,0,0,0.7632412
,1361,1,0,0.5995981
,1361,2,3,1.0
,1361,3,1,0.9531802
,1362,0,1,0.88149554
,1362,1,2,1.0
,1362,2,0,0.9478696
,1362,3,1,0.9528122
,1363,0,1,0.9432715
,1363,1,0,0.98760873
,1363,2,3,1.0
,1363,3,1,0.9510527
,1364,0,1,0.9495799
,1364,1,3,1.0
,1364,2,0,0.983763
,1364,3,1,0.95093095
,1365,0,1,0.9464201
,1365,1,0,0.9854051
,1365,2,3,1.0
,1365,3,1,0.95123184
,1366,0,1,0.9083875
,1366,1,2,1.0
,1366,2,0,0.79985577
,1366,3,1,0.9523735
,1367,0,1,0.52951306
,1367,1,3,1.0
,1367,2,1,0.788904
,1367,3,1,0.95426834
,1368,0,3,1.0
,1368,1,0,0.6575111
,1368,2,0,0.50247574
,1368,3,1,0.9551131
,1369,0,0,0.50689554
,1369,1,0,0.6361278
,1369,2,3,1.0
,1369,3,1,0.9531851
,1370,0,1,0.8976449
,1370,1,3,1.0
,1370,2,0,0.9900909
,1370,3,1,0.9534255
,1371,0,1,0.9000646
,1371,1,0,0.9480362
,1371,2,2,1.0
,1371,3,1,0.952858
,1372,0,1,0.52652466
,1372,1,3,1.0
,1372,2,0,0.8212102
,1372,3,1,0.95127493
,1373,0,3,1.0
,1373,1,0,0.9838808
,1373,2,1,0.871998
,1373,3,1,0.9532369
,1374,0,0,0.95315176
,1374,1,3,1.0
,1374,2,1,0.9397493
,1374,3,1,0.9530542
,1375,0,2,1.0
,1375,1,0,0.98514354
,1375,2,1,0.9043973
,1375,3,1,0.950761
,1376,0,0,0.8219935
,1376,1,3,1.0
,1376,2,1,0.5280199
,1376,3,1,0.9459253
,1377,0,1,0.8669478
,1377,1,0,0.9836329
,1377,2,3,1.0
,1377,3,1,0.90501
,1378,0,1,0.9409821
,1378,1,3,1.0
,1378,2,0,0.8748313
,1378,3,1,0.5282203
,1379,0,1,0.944692
,1379,1,0,0.771492
,1379,2,0,0.7171577
,1379,3,3,1.0
,1380,0,1,0.90468675
,1380,1,1,0.87127584
,1380,2,3,1.0
,1380,3,0,0.9836568
,1381,0,1,0.5278628
,1381,1,1,0.93651986
,1381,2,0,0.7749016
,1381,3,3,1.0
,1382,0,3,1.0
,1382,1,1,0.9032143
,1382,2,1,0.8604892
,1382,3,0,0.98364526
,1383,0,0,0.772242
,1383,1,1,0.5275421
,1383,2,1,0.8887219
,1383,3,3,1.0
,1384,0,1,0.8778339
,1384,1,3,1.0
,1384,2,1,0.5191113
,1384,3,0,0.76242876
,1385,0,1,0.9452733
,1385,1,0,0.9473816
,1385,2,3,1.0
,1385,3,1,0.8815735
,1386,0,1,0.9500885
,1386,1,3,1.0
,1386,2,0,0.9835207
,1386,3,1,0.9436547
,1387,0,1,0.94943285
,1387,1,0,0.98399884
,1387,2,3,1.0
,1387,3,1,0.95268536
,1388,0,1,0.9152322
,1388,1,3,1.0
,1388,2,0,0.9481917
,1388,3,1,0.95521706
,1389,0,1,0.53616816
,1389,1,0,0.65808654
,1389,2,3,1.0
,1389,3,1,0.9554231
,1390,0,3,1.0
,1390,1,0,0.6393893
,1390,2,0,0.68964654
,1390,3,1,0.95541114
,1391,0,1,0.50511694
,1391,1,3,1.0
,1391,2,0,0.7453235
,1391,3,1,0.9552625
,1392,0,1,0.8998403
,1392,1,0,0.9478384
,1392,2,2,1.0
,1392,3,1,0.95304054
,1393,0,1,0.89753085
,1393,1,3,1.0
,1393,2,0,0.9889234
,1393,3,1,0.9513254
,1394,0,1,0.52680534
,1394,1,0,0.80509675
,1394,2,2,1.0
,1394,3,1,0.951311
,1395,0,3,1.0
,1395,1,1,0.7831304
,1395,2,0,0.98779297
,1395,3,1,0.9531915
,1396,0,0,0.5288075
,1396,1,0,0.5007183
,1396,2,3,1.0
,1396,3,1,0.9530063
,1397,0,1,0.8307936
,1397,1,3,1.0
,1397,2,0,0.99005526
,1397,3,1,0.9534095
,1398,0,1,0.5141986
,1398,1,0,0.6821306
,1398,2,2,1.0
,1398,3,1,0.95303655
,1399,0,3,1.0
,1399,1,0,0.6594794
,1399,2,0,0.8956465
,1399,3,1,0.9532874
,1400,0,0,0.6783981
,1400,1,3,1.0
,1400,2,0,0.708999
,1400,3,1,0.9524666
,1401,0,0,0.6587013
,1401,1,0,0.7619307
,1401,2,3,1.0
,1401,3,1,0.9488798
,1402,0,3,1.0
,1402,1,1,0.87220055
,1402,2,0,0.94736534
,1402,3,1,0.9080616
,1403,0,0,0.7613591
,1403,1,1,0.89922154
,1403,2,3,1.0
,1403,3,1,0.52516097
,1404,0,1,0.8814903
,1404,1,1,0.53492403
,1404,2,0,0.5332495
,1404,3,3,1.0
,1405,0,1,0.9435638
,1405,1,3,1.0
,1405,2,1,0.81520677
,1405,3,0,0.985253
,1406,0,1,0.94989246
,1406,1,0,0.88511586
,1406,2,0,0.5215387
,1406,3,2,1.0
,1407,0,1,0.94594526
,1407,1,0,0.7188837
,1407,2,2,1.0
,1407,3,0,0.82237667
,1408,0,1,0.9049991
,1408,1,3,1.0
,1408,2,0,0.9876079
,1408,3,1,0.86709446
,1409,0,1,0.52818215
,1409,1,0,0.8752691
,1409,2,3,1.0
,1409,3,1,0.94193906
,1410,0,3,1.0
,1410,1,0,0.72013736
,1410,2,0,0.86309326
,1410,3,1,0.9522174
,1411,0,1,0.5551229
,1411,1,3,1.0
,1411,2,0,0.69858104
,1411,3,1,0.9526677
,1412,0,0,0.58213574
,1412,1,0,0.78960884
,1412,2,3,1.0
,1412,3,1,0.95121974
,1413,0,3,1.0
,1413,1,1,0.76095307
,1413,2,0,0.9838831
,1413,3,1,0.95340157
,1414,0,0,0.65746886
,1414,1,0,0.62435335
,1414,2,3,1.0
,1414,3,1,0.95508045
,1415,0,0,0.63582087
,1415,1,2,1.0
,1415,2,0,0.53273386
,1415,3,1,0.9532033
,1416,0,3,1.0
,1416,1,0,0.98778826
,1416,2,1,0.8265209
,1416,3,1,0.9533645
,1417,0,0,0.67625195
,1417,1,3,1.0
,1417,2,0,0.50642407
,1417,3,1,0.9528866
,1418,0,0,0.65382415
,1418,1,0,0.8815941
,1418,2,2,1.0
,1418,3,1,0.9510934
,1419,0,3,1.0
,1419,1,0,0.73536515
,1419,2,0,0.90605956
,1419,3,1,0.95097744
,1420,0,0,0.7826034
,1420,1,2,1.0
,1420,2,0,0.7465586
,1420,3,1,0.9511813
,1421,0,1,0.8713059
,1421,1,0,0.98766273
,1421,2,2,1.0
,1421,3,1,0.95109105
,1422,0,1,0.9375549
,1422,1,3,1.0
,1422,2,0,0.9876166
,1422,3,1,0.9511465
,1423,0,1,0.91084605
,1423,1,0,0.9902368
,1423,2,3,1.0
,1423,3,1,0.95325947
,1424,0,1,0.5387675
,1424,1,2,1.0
,1424,2,0,0.6821674
,1424,3,1,0.9530527
,1425,0,3,1.0
,1425,1,0,0.8133913
,1425,2,0,0.65954477
,1425,3,1,0.9535981
,1426,0,0,0.94814324
,1426,1,1,0.88160086
,1426,2,3,1.0
,1426,3,1,0.95534074
,1427,0,3,1.0
,1427,1,1,0.94429725
,1427,2,0,0.9480814
,1427,3,1,0.9555394
,1428,0,0,0.8735019
,1428,1,1,0.9146566
,1428,2,3,1.0
,1428,3,1,0.9555641
,1429,0,3,1.0
,1429,1,1,0.53614396
,1429,2,1,0.7281221
,1429,3,1,0.9553306
,1430,0,0,0.8717597
,1430,1,3,1.0
,1430,2,1,0.9307177
,1430,3,1,0.9528272
,1431,0,3,1.0
,1431,1,0,0.9837648
,1431,2,1,0.95068395
,1431,3,1,0.9490466
,1432,0,0,0.87169534
,1432,1,3,1.0
,1432,2,1,0.948501
,1432,3,1,0.9081367
,1433,0,3,1.0
,1433,1,0,0.7778469
,1433,2,1,0.9126085
,1433,3,1,0.5250645
,1434,0,1,0.6959153
,1434,1,1,0.7856401
,1434,2,1,0.5394473
,1434,3,3,1.0
,1435,0,1,0.8592091
,1435,1,0,0.50962317
,1435,2,3,1.0
,1435,3,0,0.7704833
,1436,0,1,0.51377994
,1436,1,3,1.0
,1436,2,0,0.8747735
,1436,3,1,0.8720331
,1437,0,3,1.0
,1437,1,0,0.76083905
,1437,2,0,0.72013646
,1437,3,1,0.9407598
,1438,0,0,0.8734463
,1438,1,1,0.8860335
,1438,2,3,1.0
,1438,3,1,0.9142706
,1439,0,3,1.0
,1439,1,1,0.9414208
,1439,2,0,0.67811024
,1439,3,1,0.5396924
,1440,0,0,0.7753669
,1440,1,1,0.91074157
,1440,2,0,0.6585437
,1440,3,3,1.0
,1441,0,1,0.79631644
,1441,1,1,0.53477055
,1441,2,3,1.0
,1441,3,1,0.5033005
,1442,0,0,0.51412404
,1442,1,3,1.0
,1442,2,0,0.67541486
,1442,3,1,0.8989594
,1443,0,2,1.0
,1443,1,0,0.77922213
,1443,2,0,0.6537524
,1443,3,1,0.8936824
,1444,0,0,0.83566886
,1444,1,1,0.87230754
,1444,2,3,1.0
,1444,3,0,0.50022674
,1445,0,1,0.763465
,1445,1,1,0.94282085
,1445,2,0,0.98466426
,1445,3,2,1.0
,1446,0,0,0.5197827
,1446,1,1,0.95230746
,1446,2,3,1.0
,1446,3,0,0.8141785
,1447,0,3,1.0
,1447,1,1,0.95249367
,1447,2,0,0.94737643
,1447,3,1,0.8769323
,1448,0,0,0.9837611
,1448,1,1,0.94896483
,1448,2,3,1.0
,1448,3,1,0.9454956
,1449,0,3,1.0
,1449,1,1,0.90807873
,1449,2,0,0.94742113
,1449,3,1,0.95220083
,1450,0,0,0.777946
,1450,1,1,0.52505237
,1450,2,3,1.0
,1450,3,1,0.9532631
,1451,0,1,0.785639
,1451,1,3,1.0
,1451,2,0,0.87169576
,1451,3,1,0.9527737
,1452,0,0,0.50968987
,1452,1,0,0.76953316
,1452,2,3,1.0
,1452,3,1,0.9512145
,1453,0,3,1.0
,1453,1,1,0.87832785
,1453,2,0,0.98389643
,1453,3,1,0.95321155
,1454,0,0,0.9474401
,1454,1,1,0.9448508
,1454,2,3,1.0
,1454,3,1,0.9528321
,1455,0,3,1.0
,1455,1,1,0.94598246
,1455,2,0,0.9835273
,1455,3,1,0.95132756
,1456,0,0,0.9839959
,1456,1,1,0.9117721
,1456,2,3,1.0
,1456,3,1,0.95344746
,1457,0,3,1.0
,1457,1,1,0.5351651
,1457,2,0,0.6904262
,1457,3,1,0.95524645
,1458,0,0,0.656143
,1458,1,3,1.0
,1458,2,0,0.7444685
,1458,3,1,0.95524997
,1459,0,0,0.63540053
,1459,1,0,0.5112945
,1459,2,2,1.0
,1459,3,1,0.95324814
,1460,0,3,1.0
,1460,1,1,0.8979653
,1460,2,0,0.9877909
,1460,3,1,0.9536105
,1461,0,0,0.94819283
,1461,1,1,0.9053755
,1461,2,3,1.0
,1461,3,1,0.9550807
,1462,0,3,1.0
,1462,1,1,0.51746356
,1462,2,0,0.67545336
,1462,3,1,0.9530488
,1463,0,0,0.8823534
,1463,1,2,1.0
,1463,2,0,0.65357965
,1463,3,1,0.9511211
,1464,0,0,0.7403043
,1464,1,0,0.8354565
,1464,2,3,1.0
,1464,3,1,0.95111775
,1465,0,2,1.0
,1465,1,1,0.76379657
,1465,2,0,0.9849294
,1465,3,1,0.95132077
,1466,0,0,0.8260897
,1466,1,0,0.5196809
,1466,2,3,1.0
,1466,3,1,0.95345336
,1467,0,1,0.79126036
,1467,1,3,1.0
,1467,2,0,0.9481214
,1467,3,1,0.9552863
,1468,0,0,0.5017946
,1468,1,0,0.6580425
,1468,2,3,1.0
,1468,3,1,0.9554284
,1469,0,3,1.0
,1469,1,0,0.63939434
,1469,2,0,0.65778834
,1469,3,1,0.9554297
,1470,0,0,0.5124746
,1470,1,3,1.0
,1470,2,0,0.6394567
,1470,3,1,0.95545065
,1471,0,1,0.8422402
,1471,1,0,0.96779686
,1471,2,3,1.0
,1471,3,1,0.95528936
,1472,0,1,0.51768494
,1472,1,2,1.0
,1472,2,0,0.68059796
,1472,3,1,0.9529785
,1473,0,3,1.0
,1473,1,0,0.8400632
,1473,2,0,0.65592796
,1473,3,1,0.9509893
,1474,0,0,0.98362964
,1474,1,1,0.73464274
,1474,2,3,1.0
,1474,3,1,0.95057654
,1475,0,3,1.0
,1475,1,0,0.64039516
,1475,2,0,0.86418456
,1475,3,1,0.94874257
,1476,0,0,0.50940925
,1476,1,2,1.0
,1476,2,0,0.69922626
,1476,3,1,0.90822315
,1477,0,1,0.90515643
,1477,1,0,0.8143657
,1477,2,3,1.0
,1477,3,1,0.52550334
,1478,0,1,0.94816196
,1478,1,1,0.8766283
,1478,2,0,0.978131
,1478,3,3,1.0
,1479,0,1,0.95260775
,1479,1,1,0.9456126
,1479,2,3,1.0
,1479,3,0,0.9837579
,1480,0,1,0.95083153
,1480,1,1,0.9543134
,1480,2,0,0.98695284
,1480,3,3,1.0
,1481,0,1,0.90905327
,1481,1,1,0.9529056
,1481,2,2,1.0
,1481,3,0,0.9479702
,1482,0,1,0.52946323
,1482,1,1,0.9508964
,1482,2,0,0.903624
,1482,3,3,1.0
,1483,0,3,1.0
,1483,1,1,0.95021784
,1483,2,0,0.7259299
,1483,3,0,0.87373006
,1484,0,0,0.77037793
,1484,1,1,0.9463507
,1484,2,3,1.0
,1484,3,0,0.71680117
,1485,0,1,0.87829363
,1485,1,1,0.91023535
,1485,2,0,0.98389715
,1485,3,3,1.0
,1486,0,1,0.94540334
,1486,1,1,0.5189948
,1486,2,3,1.0
,1486,3,0,0.6762646
,1487,0,1,0.95022315
,1487,1,2,1.0
,1487,2,0,0.8823116
,1487,3,0,0.6538366
,1488,0,1,0.9503591
,1488,1,0,0.8209569
,1488,2,0,0.74014807
,1488,3,3,1.0
,1489,0,1,0.9451089
,1489,1,1,0.86915237
,1489,2,2,1.0
,1489,3,0,0.9867568
,1490,0,1,0.8921011
,1490,1,1,0.9426498
,1490,2,0,0.9876837
,1490,3,2,1.0
,1491,0,0,0.597896
,1491,1,1,0.952309
,1491,2,3,1.0
,1491,3,0,0.89562964
,1492,0,2,1.0
,1492,1,1,0.95268726
,1492,2,0,0.53599596
,1492,3,0,0.7088955
,1493,0,0,0.9875998
,1493,1,1,0.9509615
,1493,2,1,0.8171387
,1493,3,3,1.0
,1494,0,3,1.0
,1494,1,1,0.9510297
,1494,2,1,0.5003768
,1494,3,0,0.7878735
,1495,0,0,0.9838798
,1495,1,1,0.9530205
,1495,2,3,1.0
,1495,3,1,0.7854485
,1496,0,3,1.0
,1496,1,1,0.9513813
,1496,2,0,0.65896666
,1496,3,0,0.5035068
,1497,0,1,0.50522465
,1497,1,1,0.9150165
,1497,2,0,0.6395582
,1497,3,3,1.0
,1498,0,1,0.9040402
,1498,1,1,0.5355406
,1498,2,3,1.0
,1498,3,0,0.8176358
,1499,0,1,0.9003286
,1499,1,3,1.0
,1499,2,0,0.5277716
,1499,3,0,0.68519163
,1500,0,1,0.5226894
,1500,1,0,0.7608953
,1500,2,1,0.83039844
,1500,3,3,1.0
,1501,0,3,1.0
,1501,1,1,0.88099545
,1501,2,1,0.51396847
,1501,3,0,0.67865896
,1502,0,0,0.75911915
,1502,1,1,0.94163257
,1502,2,3,1.0
,1502,3,0,0.6587959
,1503,0,1,0.88748056
,1503,1,1,0.9139818
,1503,2,0,0.9481404
,1503,3,3,1.0
,1504,0,1,0.948722
,1504,1,1,0.53578794
,1504,2,3,1.0
,1504,3,0,0.6624316
,1505,0,1,0.95242846
,1505,1,3,1.0
,1505,2,0,0.6750926
,1505,3,0,0.6538976
,1506,0,1,0.9512959
,1506,1,0,0.77964044
,1506,2,0,0.65354615
,1506,3,2,1.0
,1507,0,1,0.9532256
,1507,1,1,0.87738353
,1507,2,3,1.0
,1507,3,0,0.9925184
,1508,0,1,0.95305884
,1508,1,1,0.9455379
,1508,2,0,0.9793666
,1508,3,2,1.0
,1509,0,1,0.9536229
,1509,1,1,0.95284534
,1509,2,3,1.0
,1509,3,0,0.9877932
,1510,0,1,0.95531946
,1510,1,1,0.9552459
,1510,2,0,0.9482057
,1510,3,3,1.0
,1511,0,1,0.9552593
,1511,1,1,0.9552568
,1511,2,3,1.0
,1511,3,0,0.9480718
,1512,0,1,0.95298177
,1512,1,1,0.9530293
,1512,2,0,0.9473109
,1512,3,3,1.0
,1513,0,1,0.95087606
,1513,1,1,0.9513381
,1513,2,3,1.0
,1513,3,0,0.9835289
,1514,0,1,0.94902694
,1514,1,1,0.95331776
,1514,2,0,0.9903046
,1514,3,3,1.0
,1515,0,1,0.90958
,1515,1,1,0.9531292
,1515,2,2,1.0
,1515,3,0,0.88361454
,1516,0,1,0.53051704
,1516,1,1,0.9515198
,1516,2,0,0.8216806
,1516,3,2,1.0
,1517,0,3,1.0
,1517,1,1,0.9534749
,1517,2,1,0.87356764
,1517,3,0,0.9877963
,1518,0,0,0.9482004
,1518,1,1,0.9553076
,1518,2,1,0.94766784
,1518,3,3,1.0
,1519,0,3,1.0
,1519,1,1,0.95528495
,1519,2,1,0.95414364
,1519,3,0,0.94807136
,1520,0,0,0.9473107
,1520,1,1,0.95326596
,1520,2,1,0.9488722
,1520,3,3,1.0
,1521,0,3,1.0
,1521,1,1,0.953609
,1521,2,1,0.9121669
,1521,3,0,0.98376566
,1522,0,1,0.50715727
,1522,1,1,0.95530725
,1522,2,1,0.535171
,1522,3,3,1.0
,1523,0,1,0.91278005
,1523,1,1,0.9554799
,1523,2,3,1.0
,1523,3,0,0.9480323
,1524,0,1,0.95069814
,1524,1,1,0.95533776
,1524,2,0,0.9679229
,1524,3,3,1.0
,1525,0,1,0.9472486
,1525,1,1,0.9532914
,1525,2,2,1.0
,1525,3,0,0.9479598
,1526,0,1,0.8997876
,1526,1,1,0.95359945
,1526,2,0,0.9877904
,1526,3,3,1.0
,1527,0,0,0.5899647
,1527,1,1,0.955131
,1527,2,3,1.0
,1527,3,0,0.6570796
,1528,0,2,1.0
,1528,1,1,0.95302474
,1528,2,1,0.5557047
,1528,3,0,0.63538384
,1529,0,0,0.8210249
,1529,1,1,0.9512855
,1529,2,0,0.58166945
,1529,3,3,1.0
,1530,0,1,0.873134
,1530,1,1,0.95324093
,1530,2,3,1.0
,1530,3,0,0.9838842
,1531,0,1,0.9450837
,1531,1,1,0.95307475
,1531,2,0,0.9474399
,1531,3,3,1.0
,1532,0,1,0.9523878
,1532,1,1,0.95364636
,1532,2,3,1.0
,1532,3,0,0.98377365
,1533,0,1,0.95070004
,1533,1,1,0.9551674
,1533,2,0,0.91934216
,1533,3,3,1.0
,1534,0,1,0.90696126
,1534,1,1,0.9530212
,1534,2,2,1.0
,1534,3,0,0.9479257
,1535,0,1,0.509401
,1535,1,1,0.9512503
,1535,2,0,0.8350758
,1535,3,3,1.0
,1536,0,2,1.0
,1536,1,1,0.95222527
,1536,2,1,0.7698093
,1536,3,0,0.7778061
,1537,0,3,1.0
,1537,1,1,0.95392984
,1537,2,0,0.5133492
,1537,3,1,0.87081015
,1538,0,0,0.9781091
,1538,1,1,0.952292
,1538,2,3,1.0
,1538,3,1,0.8950912
,1539,0,3,1.0
,1539,1,1,0.9468163
,1539,2,0,0.77162224
,1539,3,1,0.524725
,1540,0,0,0.9838961
,1540,1,1,0.912456
,1540,2,1,0.8681032
,1540,3,3,1.0
,1541,0,3,1.0
,1541,1,1,0.5393612
,1541,2,1,0.8949444
,1541,3,1,0.71707517
,1542,0,0,0.8731622
,1542,1,3,1.0
,1542,2,1,0.52489364
,1542,3,1,0.9251793
,1543,0,0,0.7166289
,1543,1,0,0.7712613
,1543,2,3,1.0
,1543,3,1,0.94741875
,1544,0,3,1.0
,1544,1,1,0.8728218
,1544,2,0,0.9836614
,1544,3,1,0.9455085
,1545,0,0,0.9837471
,1545,1,1,0.94265056
,1545,2,3,1.0
,1545,3,1,0.90444505
,1546,0,3,1.0
,1546,1,1,0.9524898
,1546,2,0,0.77825564
,1546,3,1,0.5240453
,1547,0,0,0.8734997
,1547,1,1,0.9546329
,1547,2,1,0.79562753
,1547,3,3,1.0
,1548,0,3,1.0
,1548,1,1,0.94849783
,1548,2,0,0.51944965
,1548,3,1,0.71824956
,1549,0,0,0.9845035
,1549,1,1,0.90582705
,1549,2,2,1.0
,1549,3,1,0.92592794
,1550,0,3,1.0
,1550,1,1,0.52860016
,1550,2,0,0.9062985
,1550,3,1,0.9480711
,1551,0,0,0.8724806
,1551,1,3,1.0
,1551,2,0,0.7449051
,1551,3,1,0.9505789
,1552,0,0,0.7148807
,1552,1,0,0.88179255
,1552,2,2,1.0
,1552,3,1,0.9503634
,1553,0,3,1.0
,1553,1,0,0.71896064
,1553,2,0,0.82190126
,1553,3,1,0.94584614
,1554,0,0,0.9836425
,1554,1,3,1.0
,1554,2,1,0.86706996
,1554,3,1,0.9048921
,1555,0,3,1.0
,1555,1,0,0.7727142
,1555,2,1,0.94173133
,1555,3,1,0.52792704
,1556,0,0,0.9836516
,1556,1,1,0.87320477
,1556,2,1,0.95012724
,1556,3,3,1.0
,1557,0,3,1.0
,1557,1,1,0.94516015
,1557,2,1,0.95313257
,1557,3,0,0.98398936
,1558,0,0,0.9474431
,1558,1,1,0.9522457
,1558,2,1,0.9530362
,1558,3,3,1.0
,1559,0,3,1.0
,1559,1,1,0.9532894
,1559,2,1,0.9533714
,1559,3,0,0.9900358
,1560,0,0,0.9793687
,1560,1,1,0.95279914
,1560,2,1,0.9528079
,1560,3,2,1.0
,1561,0,3,1.0
,1561,1,1,0.9510476
,1561,2,1,0.9510535
,1561,3,0,0.9876092
,1562,0,0,0.98376346
,1562,1,1,0.9508803
,1562,2,1,0.9509258
,1562,3,3,1.0
,1563,0,3,1.0
,1563,1,1,0.950735
,1563,2,1,0.9511553
,1563,3,0,0.9837584
,1564,0,0,0.9839953
,1564,1,1,0.9495551
,1564,2,1,0.9534442
,1564,3,3,1.0
,1565,0,3,1.0
,1565,1,1,0.91575044
,1565,2,1,0.95512396
,1565,3,0,0.9678653
,1566,0,0,0.533062
,1566,1,1,0.5401951
,1566,2,1,0.9532191
,1566,3,2,1.0
,1567,0,1,0.8298015
,1567,1,3,1.0
,1567,2,1,0.95337164
,1567,3,0,0.98778814
,1568,0,1,0.5137981
,1568,1,0,0.6789863
,1568,2,1,0.9529406
,1568,3,3,1.0
,1569,0,3,1.0
,1569,1,0,0.65887773
,1569,2,1,0.95329005
,1569,3,0,0.7770908
,1570,0,0,0.9473612
,1570,1,3,1.0
,1570,2,1,0.95275176
,1570,3,1,0.78558797
,1571,0,3,1.0
,1571,1,0,0.76948947
,1571,2,1,0.95123833
,1571,3,0,0.509701
,1572,0,0,0.98389643
,1572,1,1,0.87899876
,1572,2,1,0.9534485
,1572,3,3,1.0
,1573,0,3,1.0
,1573,1,1,0.94814795
,1573,2,1,0.95523417
,1573,3,0,0.94816595
,1574,0,0,0.9783309
,1574,1,1,0.9547328
,1574,2,1,0.9554089
,1574,3,3,1.0
,1575,0,3,1.0
,1575,1,1,0.9552708
,1575,2,1,0.95533526
,1575,3,0,0.96792644
,1576,0,0,0.95354736
,1576,1,1,0.95332855
,1576,2,1,0.9533348
,1576,3,2,1.0
,1577,0,2,1.0
,1577,1,1,0.95135957
,1577,2,1,0.9513596
,1577,3,0,0.9876703
,1578,0,0,0.98916215
,1578,1,1,0.9513026
,1578,2,1,0.95129794
,1578,3,3,1.0
,1579,0,2,1.0
,1579,1,1,0.9515416
,1579,2,1,0.95149714
,1579,3,0,0.9872824
,1580,0,0,0.9876849
,1580,1,1,0.95145607
,1580,2,1,0.95103806
,1580,3,2,1.0
,1581,0,3,1.0
,1581,1,1,0.9534668
,1581,2,1,0.9495792
,1581,3,0,0.98780054
,1582,0,0,0.9678669
,1582,1,1,0.95512813
,1582,2,1,0.9157549
,1582,3,3,1.0
,1583,0,2,1.0
,1583,1,1,0.95324004
,1583,2,1,0.54019743
,1583,3,0,0.53977734
,1584,0,0,0.987787
,1584,1,1,0.95357156
,1584,2,3,1.0
,1584,3,1,0.80766904
,1585,0,3,1.0
,1585,1,1,0.9550936
,1585,2,0,0.5174345
,1585,3,0,0.613277
,1586,0,0,0.9477931
,1586,1,1,0.9529736
,1586,2,1,0.8299883
,1586,3,2,1.0
,1587,0,3,1.0
,1587,1,1,0.9508973
,1587,2,1,0.50462705
,1587,3,0,0.9036279
,1588,0,0,0.8735826
,1588,1,1,0.95017165
,1588,2,3,1.0
,1588,3,0,0.7259674
,1589,0,0,0.7164737
,1589,1,1,0.9456777
,1589,2,0,0.8738361
,1589,3,3,1.0
,1590,0,3,1.0
,1590,1,1,0.9047858
,1590,2,0,0.7167593
,1590,3,0,0.77162313
,1591,0,0,0.8741273
,1591,1,1,0.52805203
,1591,2,3,1.0
,1591,3,1,0.8722919
,1592,0,0,0.7166602
,1592,1,3,1.0
,1592,2,0,0.8737505
,1592,3,1,0.9421833
,1593,0,3,1.0
,1593,1,0,0.7721099
,1593,2,0,0.7168073
,1593,3,1,0.95008206
,1594,0,0,0.9839056
,1594,1,1,0.86823606
,1594,2,3,1.0
,1594,3,1,0.95309633
,1595,0,3,1.0
,1595,1,1,0.89583474
,1595,2,0,0.8825468
,1595,3,1,0.9524977
,1596,0,0,0.88241273
,1596,1,1,0.52603847
,1596,2,2,0.9999995
,1596,3,1,0.94618577
,1597,0,0,0.71908903
,1597,1,3,1.0
,1597,2,0,0.82133514
,1597,3,1,0.90454596
,1598,0,3,1.0
,1598,1,0,0.8807473
,1598,2,1,0.87231386
,1598,3,1,0.52423865
,1599,0,0,0.66304475
,1599,1,0,0.7966188
,1599,2,1,0.9426735
,1599,3,3,1.0
,1600,0,0,0.65746963
,1600,1,2,1.0
,1600,2,1,0.9082977
,1600,3,1,0.6972807
,1601,0,2,1.0
,1601,1,0,0.82152987
,1601,2,1,0.52987623
,1601,3,1,0.85978657
,1602,0,0,0.8959169
,1602,1,1,0.8736255
,1602,2,3,1.0
,1602,3,1,0.51024115
,1603,0,0,0.7118039
,1603,1,1,0.94768727
,1603,2,1,0.7288674
,1603,3,3,1.0
,1604,0,3,1.0
,1604,1,1,0.95397955
,1604,2,1,0.933681
,1604,3,0,0.9480487
,1605,0,0,0.9530354
,1605,1,1,0.94715047
,1605,2,1,0.9511925
,1605,3,3,1.0
,1606,0,2,1.0
,1606,1,1,0.8922763
,1606,2,1,0.9513406
,1606,3,0,0.985144
,1607,0,0,0.82764983
,1607,1,0,0.59910566
,1607,2,1,0.9532651
,1607,3,3,1.0
,1608,0,1,0.77947444
,1608,1,2,1.0
,1608,2,1,0.95307714
,1608,3,0,0.953283
,1609,0,0,0.5101344
,1609,1,0,0.82183176
,1609,2,1,0.9510422
,1609,3,2,1.0
,1610,0,3,1.0
,1610,1,1,0.8729344
,1610,2,1,0.94885117
,1610,3,0,0.9877963
,1611,0,0,0.9474172
,1611,1,1,0.9447137
,1611,2,1,0.90846884
,1611,3,3,1.0
,1612,0,3,0.9999974
,1612,1,1,0.9500841
,1612,2,1,0.52893287
,1612,3,0,0.78833514
,1613,0,0,0.9836414
,1613,1,1,0.9506828
,1613,2,3,1.0
,1613,3,1,0.7713914
,1614,0,3,1.0
,1614,1,1,0.95079404
,1614,2,0,0.77261555
,1614,3,0,0.51401496
,1615,0,0,0.9836534
,1615,1,1,0.95110965
,1615,2,1,0.87323153
,1615,3,3,1.0
,1616,0,3,1.0
,1616,1,1,0.95326537
,1616,2,1,0.945199
,1616,3,0,0.9902988
,1617,0,0,0.87173736
,1617,1,1,0.9528429
,1617,2,1,0.9520408
,1617,3,2,1.0
,1618,0,3,1.0
,1618,1,1,0.9510648
,1618,2,1,0.95097756
,1618,3,0,0.98760885
,1619,0,0,0.9837632
,1619,1,1,0.95100135
,1619,2,1,0.9509875
,1619,3,3,1.0
,1620,0,3,1.0
,1620,1,1,0.95253396
,1620,2,1,0.9524917
,1620,3,0,0.86808395
,1621,0,3,1.0
,1621,1,1,0.9544117
,1621,2,1,0.95400965
,1621,3,0,0.7086775
,1622,0,0,0.9473526
,1622,1,1,0.9530601
,1622,2,1,0.94890094
,1622,3,3,0.99999714
,1623,0,3,1.0
,1623,1,1,0.95243007
,1623,2,1,0.91256434
,1623,3,0,0.9837654
,1624,0,0,0.5552655
,1624,1,1,0.9433929
,1624,2,1,0.5390935
,1624,3,3,1.0
,1625,0,1,0.7452025
,1625,1,1,0.86174464
,1625,2,3,1.0
,1625,3,0,0.91374093
,1626,0,0,1.0
,1626,1,0,1.0
,1626,2,0,1.0
,1626,3,2,0.53957933
,1627,0,1,0.8534597
,1627,1,1,0.8549694
,1627,2,3,1.0
,1627,3,0,0.98588264
,1628,0,1,0.9392023
,1628,1,1,0.94575334
,1628,2,0,0.94820935
,1628,3,3,1.0
,1629,0,1,0.8937341
,1629,1,1,0.95226705
,1629,2,3,1.0
,1629,3,0,0.87171334
,1630,0,0,0.59809744
,1630,1,1,0.9532577
,1630,2,0,0.86272687
,1630,3,3,1.0
,1631,0,2,1.0
,1631,1,1,0.9528008
,1631,2,0,0.69872296
,1631,3,0,0.67990243
,1632,0,0,0.82098573
,1632,1,1,0.95126224
,1632,2,3,1.0
,1632,3,0,0.65570956
,1633,0,1,0.87322664
,1633,1,1,0.9532725
,1633,2,0,0.9901988
,1633,3,3,1.0
,1634,0,1,0.94509256
,1634,1,1,0.95307666
,1634,2,2,1.0
,1634,3,0,0.94803846
,1635,0,1,0.95213807
,1635,1,1,0.95344406
,1635,2,0,0.99262017
,1635,3,3,1.0
,1636,0,1,0.9479565
,1636,1,1,0.95288754
,1636,2,2,1.0
,1636,3,0,0.71483296
,1637,0,1,0.904901
,1637,1,1,0.9512696
,1637,2,0,0.9876032
,1637,3,3,1.0
,1638,0,1,0.5242816
,1638,1,1,0.95346487
,1638,2,3,1.0
,1638,3,0,0.86486065
,1639,0,3,1.0
,1639,1,1,0.9553896
,1639,2,1,0.57657003
,1639,3,0,0.7023534
,1640,0,1,0.72906154
,1640,1,1,0.95555305
,1640,2,0,0.5673033
,1640,3,3,1.0
,1641,0,1,0.93380946
,1641,1,1,0.95537585
,1641,2,3,1.0
,1641,3,0,0.8735023
,1642,0,1,0.9511848
,1642,1,1,0.9533195
,1642,2,0,0.8841248
,1642,3,3,1.0
,1643,0,1,0.95111066
,1643,1,1,0.95133924
,1643,2,2,1.0
,1643,3,0,0.98499185
,1644,0,1,0.95124435
,1644,1,1,0.9512689
,1644,2,0,0.9891783
,1644,3,3,1.0
,1645,0,1,0.95116824
,1645,1,1,0.95117086
,1645,2,2,1.0
,1645,3,0,0.98554456
,1646,0,1,0.9509026
,1646,1,1,0.9509028
,1646,2,0,0.98761636
,1646,3,3,1.0
,1647,0,1,0.950915
,1647,1,1,0.950915
,1647,2,3,1.0
,1647,3,0,0.98375994
,1648,0,1,0.9512552
,1648,1,1,0.9512552
,1648,2,0,0.9857697
,1648,3,3,1.0
,1649,0,1,0.9514076
,1649,1,1,0.9514076
,1649,2,2,1.0
,1649,3,0,0.985534
,1650,0,1,0.95317155
,1650,1,1,0.95317155
,1650,2,0,0.9877932
,1650,3,3,1.0
,1651,0,1,0.95297873
,1651,1,1,0.95297873
,1651,2,3,1.0
,1651,3,0,0.9782573
,1652,0,1,0.95337677
,1652,1,1,0.95337677
,1652,2,0,0.98377913
,1652,3,3,1.0
,1653,0,1,0.95282334
,1653,1,1,0.95282334
,1653,2,3,1.0
,1653,3,0,0.94744563
,1654,0,1,0.9510832
,1654,1,1,0.9510832
,1654,2,0,0.98352796
,1654,3,3,1.0
,1655,0,1,0.9511549
,1655,1,1,0.9511549
,1655,2,3,1.0
,1655,3,0,0.98376274
,1656,0,1,0.9532553
,1656,1,1,0.9532553
,1656,2,0,0.99026537
,1656,3,3,1.0
,1657,0,1,0.9528621
,1657,1,1,0.9528621
,1657,2,2,1.0
,1657,3,0,0.9480387
,1658,0,1,0.95143145
,1658,1,1,0.951432
,1658,2,0,0.98917353
,1658,3,3,1.0
,1659,0,1,0.95143425
,1659,1,1,0.95143974
,1659,2,2,1.0
,1659,3,0,0.9855496
,1660,0,1,0.953223
,1660,1,1,0.9532736
,1660,2,0,0.99258447
,1660,3,3,1.0
,1661,0,1,0.95235115
,1661,1,1,0.952864
,1661,2,2,1.0
,1661,3,0,0.9480405
,1662,0,1,0.94652694
,1662,1,1,0.95143306
,1662,2,0,0.9891719
,1662,3,3,1.0
,1663,0,1,0.9053109
,1663,1,1,0.95145607
,1663,2,2,1.0
,1663,3,0,0.98554456
,1664,0,1,0.52451617
,1664,1,1,0.9535176
,1664,2,0,0.89585984
,1664,3,3,1.0
,1665,0,3,1.0
,1665,1,1,0.9551919
,1665,2,0,0.71167266
,1665,3,1,0.7875452
,1666,0,1,0.5540698
,1666,1,1,0.9531997
,1666,2,3,1.0
,1666,3,1,0.5010321
,1667,0,0,0.58578527
,1667,1,1,0.9533967
,1667,2,0,0.862266
,1667,3,3,1.0
,1668,0,3,1.0
,1668,1,1,0.9530225
,1668,2,0,0.6983188
,1668,3,1,0.55385697
,1669,0,0,0.75953627
,1669,1,1,0.9535744
,1669,2,3,1.0
,1669,3,0,0.5859624
,1670,0,1,0.88730514
,1670,1,1,0.9551938
,1670,2,0,0.8735239
,1670,3,3,1.0
,1671,0,1,0.9463006
,1671,1,1,0.9530469
,1671,2,3,1.0
,1671,3,1,0.5199128
,1672,0,1,0.9503744
,1672,1,1,0.9511043
,1672,2,0,0.9834996
,1672,3,3,1.0
,1673,0,1,0.9510848
,1673,1,1,0.95116323
,1673,2,3,1.0
,1673,3,0,0.9837632
,1674,0,1,0.95329696
,1674,1,1,0.9533052
,1674,2,0,0.99032086
,1674,3,3,1.0
,1675,0,1,0.95309585
,1675,1,1,0.9530971
,1675,2,2,1.0
,1675,3,0,0.71483344
,1676,0,1,0.95343584
,1676,1,1,0.9534402
,1676,2,0,0.99257994
,1676,3,3,1.0
,1677,0,1,0.95306736
,1677,1,1,0.9531104
,1677,2,2,1.0
,1677,3,0,0.9480431
,1678,0,1,0.9531996
,1678,1,1,0.9536116
,1678,2,0,0.9877932
,1678,3,3,1.0
,1679,0,1,0.9509569
,1679,1,1,0.9551415
,1679,2,3,1.0
,1679,3,0,0.96800613
,1680,0,1,0.90907353
,1680,1,1,0.95302314
,1680,2,0,0.9479564
,1680,3,2,1.0
,1681,0,1,0.5294707
,1681,1,1,0.9512513
,1681,2,3,1.0
,1681,3,0,0.90406615
,1682,0,3,1.0
,1682,1,1,0.95342606
,1682,2,0,0.88010573
,1682,3,0,0.7291344
,1683,0,1,0.72830224
,1683,1,1,0.955205
,1683,2,0,0.79669243
,1683,3,3,1.0
,1684,0,1,0.9308644
,1684,1,1,0.9533046
,1684,2,2,1.0
,1684,3,1,0.520352
,1685,0,1,0.9513118
,1685,1,1,0.95363283
,1685,2,0,0.98779225
,1685,3,3,1.0
,1686,0,1,0.95496714
,1686,1,1,0.9551884
,1686,2,3,1.0
,1686,3,0,0.96813446
,1687,0,1,0.953281
,1687,1,1,0.9533029
,1687,2,0,0.87173903
,1687,3,2,1.0
,1688,0,1,0.9537066
,1688,1,1,0.9537089
,1688,2,3,1.0
,1688,3,0,0.9877973
,1689,0,1,0.9554504
,1689,1,1,0.955451
,1689,2,0,0.71860623
,1689,3,3,1.0
,1690,0,1,0.9555913
,1690,1,1,0.95559543
,1690,2,3,1.0
,1690,3,0,0.71871316
,1691,0,1,0.9555558
,1691,1,1,0.95559794
,1691,2,0,0.873526
,1691,3,3,1.0
,1692,0,1,0.95489466
,1692,1,1,0.9553401
,1692,2,3,1.0
,1692,3,1,0.5160619
,1693,0,1,0.94834125
,1693,1,1,0.95303255
,1693,2,0,0.9472919
,1693,3,3,1.0
,1694,0,1,0.9062956
,1694,1,1,0.9513297
,1694,2,3,1.0
,1694,3,0,0.98524725
,1695,0,1,0.5295444
,1695,1,1,0.9513211
,1695,2,0,0.80488735
,1695,3,2,1.0
,1696,0,3,1.0
,1696,1,1,0.9532996
,1696,2,1,0.78383535
,1696,3,0,0.98780155
,1697,0,1,0.9495743
,1697,1,1,0.95309985
,1697,2,0,0.5000627
,1697,3,3,1.0
,1698,0,1,0.9530166
,1698,1,1,0.95338756
,1698,2,3,1.0
,1698,3,0,0.9837483
,1699,0,1,0.9527613
,1699,1,1,0.95284784
,1699,2,0,0.9474462
,1699,3,3,1.0
,1700,0,1,0.9508264
,1700,1,1,0.9513086
,1700,2,3,1.0
,1700,3,0,0.9835281
,1701,0,1,0.9488121
,1701,1,1,0.9532518
,1701,2,0,0.98399943
,1701,3,3,1.0
,1702,0,1,0.90804493
,1702,1,1,0.95299995
,1702,2,3,1.0
,1702,3,0,0.94741875
,1703,0,1,0.5249833
,1703,1,1,0.9536275
,1703,2,0,0.7753723
,1703,3,3,1.0
,1704,0,3,1.0
,1704,1,1,0.95535165
,1704,2,1,0.79961705
,1704,3,1,0.8877582
,1705,0,1,0.5089937
,1705,1,1,0.9555386
,1705,2,1,0.5005252
,1705,3,3,1.0
,1706,0,1,0.9133377
,1706,1,1,0.9556208
,1706,2,3,1.0
,1706,3,1,0.5159052
,1707,0,1,0.9513337
,1707,1,1,0.95535827
,1707,2,1,0.827818
,1707,3,3,1.0
,1708,0,1,0.95261925
,1708,1,1,0.9530201
,1708,2,2,1.0
,1708,3,0,0.94756347
,1709,0,1,0.9510569
,1709,1,1,0.95110077
,1709,2,0,0.9876091
,1709,3,3,1.0
,1710,0,1,0.9511528
,1710,1,1,0.95116234
,1710,2,3,1.0
,1710,3,0,0.9837636
,1711,0,1,0.9532527
,1711,1,1,0.9532988
,1711,2,0,0.9903348
,1711,3,3,1.0
,1712,0,1,0.9525006
,1712,1,1,0.9529644
,1712,2,2,1.0
,1712,3,1,0.881553
,1713,0,1,0.9469453
,1713,1,1,0.95139855
,1713,2,0,0.98762435
,1713,3,2,1.0
,1714,0,1,0.9121772
,1714,1,1,0.95354825
,1714,2,3,1.0
,1714,3,0,0.9878063
,1715,0,1,0.53545874
,1715,1,1,0.95543975
,1715,2,1,0.8701727
,1715,3,3,1.0
,1716,0,3,1.0
,1716,1,1,0.95559317
,1716,2,1,0.902878
,1716,3,0,0.71872175
,1717,0,1,0.5765666
,1717,1,1,0.9555904
,1717,2,1,0.53254056
,1717,3,3,1.0
,1718,0,0,0.5673048
,1718,1,1,0.95557183
,1718,2,3,1.0
,1718,3,1,0.7121226
,1719,0,3,1.0
,1719,1,1,0.95537627
,1719,2,0,0.87350243
,1719,3,1,0.87814665
,1720,0,1,0.718637
,1720,1,1,0.95330507
,1720,2,3,1.0
,1720,3,1,0.52873355
,1721,0,1,0.9294401
,1721,1,1,0.95368683
,1721,2,0,0.98373157
,1721,3,3,1.0
,1722,0,1,0.9530927
,1722,1,1,0.95539725
,1722,2,3,1.0
,1722,3,0,0.8734988
,1723,0,1,0.9551081
,1723,1,1,0.9553773
,1723,2,0,0.9196611
,1723,3,3,1.0
,1724,0,1,0.9527703
,1724,1,1,0.95332074
,1724,2,2,1.0
,1724,3,0,0.87173975
,1725,0,1,0.94862956
,1725,1,1,0.95370924
,1725,2,0,0.9877972
,1725,3,3,1.0
,1726,0,1,0.9037465
,1726,1,1,0.95543665
,1726,2,3,1.0
,1726,3,0,0.718617
,1727,0,0,0.5886193
,1727,1,1,0.95538765
,1727,2,1,0.7828821
,1727,3,3,1.0
,1728,0,2,1.0
,1728,1,1,0.9532296
,1728,2,0,0.521927
,1728,3,1,0.5573845
,1729,0,0,0.82148474
,1729,1,1,0.9514403
,1729,2,2,1.0
,1729,3,0,0.5802805
,1730,0,1,0.873189
,1730,1,1,0.9533004
,1730,2,0,0.99260885
,1730,3,3,1.0
,1731,0,1,0.94516206
,1731,1,1,0.9530906
,1731,2,2,1.0
,1731,3,0,0.8717368
,1732,0,1,0.9526131
,1732,1,1,0.95343107
,1732,2,0,0.9926067
,1732,3,3,1.0
,1733,0,1,0.95280343
,1733,1,1,0.95283663
,1733,2,2,1.0
,1733,3,0,0.87173724
,1734,0,1,0.9513022
,1734,1,1,0.9508465
,1734,2,0,0.9876086
,1734,3,3,1.0
,1735,0,1,0.9532838
,1735,1,1,0.9489734
,1735,2,3,1.0
,1735,3,0,0.984006
,1736,0,1,0.9529954
,1736,1,1,0.90927243
,1736,2,0,0.88183206
,1736,3,3,1.0
,1737,0,1,0.95116824
,1737,1,1,0.53008205
,1737,2,2,1.0
,1737,3,0,0.78696364
,1738,0,1,0.9509112
,1738,1,3,1.0
,1738,2,0,0.98761237
,1738,3,1,0.8596897
,1739,0,1,0.9511711
,1739,1,0,0.985557
,1739,2,3,1.0
,1739,3,1,0.89051193
,1740,0,1,0.9513058
,1740,1,2,1.0
,1740,2,0,0.9007369
,1740,3,1,0.5247973
,1741,0,1,0.95324075
,1741,1,0,0.813983
,1741,2,0,0.81204677
,1741,3,3,1.0
,1742,0,1,0.9530688
,1742,1,1,0.8770659
,1742,2,2,1.0
,1742,3,0,0.94792914
,1743,0,1,0.9534553
,1743,1,1,0.94557226
,1743,2,0,0.99260646
,1743,3,3,1.0
,1744,0,1,0.95310915
,1744,1,1,0.9523289
,1744,2,2,1.0
,1744,3,0,0.8717368
,1745,0,1,0.95346165
,1745,1,1,0.95338076
,1745,2,0,0.9926067
,1745,3,3,1.0
,1746,0,1,0.95313156
,1746,1,1,0.95312345
,1746,2,2,1.0
,1746,3,0,0.871737
,1747,0,1,0.9536705
,1747,1,1,0.95366967
,1747,2,0,0.9877958
,1747,3,3,1.0
,1748,0,1,0.95540875
,1748,1,1,0.95540863
,1748,2,3,1.0
,1748,3,0,0.8734988
,1749,0,1,0.9555149
,1749,1,1,0.9555149
,1749,2,0,0.87347203
,1749,3,3,1.0
,1750,0,1,0.9553107
,1750,1,1,0.9553107
,1750,2,3,1.0
,1750,3,0,0.9480671
,1751,0,1,0.9533388
,1751,1,1,0.9533388
,1751,2,0,0.9529821
,1751,3,3,1.0
,1752,0,1,0.9516661
,1752,1,1,0.9516661
,1752,2,2,1.0
,1752,3,0,0.98694116
,1753,0,1,0.9511514
,1753,1,1,0.9511514
,1753,2,0,0.98768586
,1753,3,2,1.0
,1754,0,1,0.9504016
,1754,1,1,0.9504016
,1754,2,3,1.0
,1754,3,0,0.90499014
,1755,0,1,0.95045406
,1755,1,1,0.95045406
,1755,2,2,1.0
,1755,3,0,0.7288459
,1756,0,1,0.95083076
,1756,1,1,0.95083076
,1756,2,0,0.98761874
,1756,3,3,1.0
,1757,0,1,0.9508719
,1757,1,1,0.9508719
,1757,2,3,1.0
,1757,3,0,0.98375875
,1758,0,1,0.95087916
,1758,1,1,0.95087916
,1758,2,0,0.9837585
,1758,3,3,1.0
,1759,0,1,0.9509068
,1759,1,1,0.9509068
,1759,2,3,1.0
,1759,3,0,0.9837585
,1760,0,1,0.9511578
,1760,1,1,0.9511578
,1760,2,0,0.9837585
,1760,3,3,1.0
,1761,0,1,0.9534833
,1761,1,1,0.9534833
,1761,2,3,1.0
,1761,3,0,0.98400116
,1762,0,1,0.9551958
,1762,1,1,0.9551958
,1762,2,0,0.91965896
,1762,3,3,1.0
,1763,0,1,0.95328087
,1763,1,1,0.95328087
,1763,2,2,1.0
,1763,3,0,0.87173975
,1764,0,1,0.9534943
,1764,1,1,0.9534943
,1764,2,0,0.9877984
,1764,3,3,1.0
,1765,0,1,0.9531302
,1765,1,1,0.9531302
,1765,2,3,1.0
,1765,3,1,0.8892562
,1766,0,1,0.95348155
,1766,1,1,0.95348155
,1766,2,0,0.9901712
,1766,3,3,1.0
,1767,0,1,0.9531371
,1767,1,1,0.9531371
,1767,2,2,1.0
,1767,3,1,0.7470677
,1768,0,1,0.9536341
,1768,1,1,0.9536341
,1768,2,0,0.98779184
,1768,3,3,1.0
,1769,0,1,0.9554014
,1769,1,1,0.9554014
,1769,2,3,1.0
,1769,3,0,0.94823205
,1770,0,1,0.95541805
,1770,1,1,0.95541805
,1770,2,1,0.6357149
,1770,3,3,1.0
,1771,0,1,0.953312
,1771,1,1,0.953312
,1771,2,2,1.0
,1771,3,1,0.74697655
,1772,0,1,0.95349294
,1772,1,1,0.95349294
,1772,2,0,0.9926292
,1772,3,3,1.0
,1773,0,1,0.9531202
,1773,1,1,0.9531202
,1773,2,2,1.0
,1773,3,1,0.7470679
,1774,0,1,0.95345986
,1774,1,1,0.95345986
,1774,2,0,0.992606
,1774,3,3,1.0
,1775,0,1,0.9531346
,1775,1,1,0.9531346
,1775,2,2,1.0
,1775,3,0,0.871737
,1776,0,1,0.95370275
,1776,1,1,0.95370275
,1776,2,0,0.9877984
,1776,3,3,1.0
,1777,0,1,0.95544004
,1777,1,1,0.95544004
,1777,2,3,1.0
,1777,3,1,0.74394137
,1778,0,1,0.9555802
,1778,1,1,0.9555802
,1778,2,0,0.8735026
,1778,3,3,1.0
,1779,0,1,0.9556023
,1779,1,1,0.9556023
,1779,2,3,1.0
,1779,3,0,0.8735247
,1780,0,1,0.9554125
,1780,1,1,0.9554125
,1780,2,0,0.6086369
,1780,3,3,1.0
,1781,0,1,0.9533077
,1781,1,1,0.9533077
,1781,2,2,1.0
,1781,3,0,0.871744
,1782,0,1,0.9535802
,1782,1,1,0.9535802
,1782,2,0,0.9877958
,1782,3,3,1.0
,1783,0,1,0.9543112
,1783,1,1,0.9543112
,1783,2,3,1.0
,1783,3,1,0.56931996
,1784,0,1,0.9525278
,1784,1,1,0.9525278
,1784,2,3,1.0
,1784,3,0,0.57044506
,1785,0,1,0.9534323
,1785,1,1,0.9534323
,1785,2,0,0.99023587
,1785,3,3,1.0
,1786,0,1,0.95313174
,1786,1,1,0.95313174
,1786,2,2,1.0
,1786,3,1,0.52047867
,1787,0,1,0.9536309
,1787,1,1,0.9536309
,1787,2,0,0.987792
,1787,3,3,1.0
,1788,0,1,0.95536476
,1788,1,1,0.95536476
,1788,2,3,1.0
,1788,3,0,0.94822043
,1789,0,1,0.95535773
,1789,1,1,0.955358
,1789,2,0,0.873502
,1789,3,3,1.0
,1790,0,1,0.9533057
,1790,1,1,0.95330936
,1790,2,3,1.0
,1790,3,0,0.87175936
,1791,0,1,0.95365274
,1791,1,1,0.9536873
,1791,2,0,0.983767
,1791,3,3,1.0
,1792,0,1,0.95499724
,1792,1,1,0.95534897
,1792,2,3,1.0
,1792,3,0,0.8734988
,1793,0,1,0.95116776
,1793,1,1,0.9548645
,1793,2,0,0.91990566
,1793,3,3,1.0
,1794,0,1,0.90871966
,1794,1,1,0.9477481
,1794,2,2,1.0
,1794,3,1,0.52041465
,1795,0,1,0.5254194
,1795,1,1,0.90019476
,1795,2,0,0.8255514
,1795,3,3,1.0
,1796,0,3,1.0
,1796,1,0,0.5895395
,1796,2,1,0.7930243
,1796,3,1,0.94733363
,1797,0,1,0.71735466
,1797,1,2,1.0
,1797,2,1,0.5026989
,1797,3,1,0.90844446
,1798,0,1,0.9255389
,1798,1,0,0.8217526
,1798,2,3,1.0
,1798,3,1,0.5291304
,1799,0,1,0.948386
,1799,1,1,0.8679265
,1799,2,0,0.98363984
,1799,3,3,1.0
,1800,0,1,0.9529668
,1800,1,1,0.9446304
,1800,2,3,1.0
,1800,3,0,0.99026126
,1801,0,1,0.9528261
,1801,1,1,0.95199704
,1801,2,0,0.94804025
,1801,3,2,1.0
,1802,0,1,0.9513083
,1802,1,1,0.951219
,1802,2,3,1.0
,1802,3,0,0.9876091
,1803,0,1,0.9532912
,1803,1,1,0.95328265
,1803,2,0,0.9902687
,1803,3,3,1.0
,1804,0,1,0.95306176
,1804,1,1,0.9530679
,1804,2,2,1.0
,1804,3,0,0.9480395
,1805,0,1,0.95330197
,1805,1,1,0.95336837
,1805,2,0,0.9925163
,1805,3,3,1.0
,1806,0,1,0.95213413
,1806,1,1,0.95280915
,1806,2,2,1.0
,1806,3,0,0.97937185
,1807,0,1,0.94461125
,1807,1,1,0.9510681
,1807,2,0,0.9876091
,1807,3,3,1.0
,1808,0,1,0.8911258
,1808,1,1,0.95105726
,1808,2,3,1.0
,1808,3,0,0.98375756
,1809,0,0,0.5996749
,1809,1,1,0.953162
,1809,2,0,0.77987236
,1809,3,3,1.0
,1810,0,2,1.0
,1810,1,1,0.95279574
,1810,2,1,0.78566355
,1810,3,0,0.9478614
,1811,0,0,0.82183796
,1811,1,1,0.9510187
,1811,2,0,0.509413
,1811,3,3,1.0
,1812,0,1,0.8673717
,1812,1,1,0.95090705
,1812,2,3,1.0
,1812,3,0,0.98364216
,1813,0,1,0.94225407
,1813,1,1,0.9512278
,1813,2,0,0.98576313
,1813,3,3,1.0
,1814,0,1,0.950209
,1814,1,1,0.9511665
,1814,2,2,1.0
,1814,3,0,0.98553294
,1815,0,1,0.950822
,1815,1,1,0.9509199
,1815,2,0,0.98761636
,1815,3,3,1.0
,1816,0,1,0.95111996
,1816,1,1,0.9510795
,1816,2,3,1.0
,1816,3,0,0.98376006
,1817,0,1,0.95321447
,1817,1,1,0.95273745
,1817,2,0,0.98399544
,1817,3,3,1.0
,1818,0,1,0.9528236
,1818,1,1,0.94798297
,1818,2,3,1.0
,1818,3,0,0.94744325
,1819,0,1,0.95123696
,1819,1,1,0.90493375
,1819,2,0,0.9835233
,1819,3,3,1.0
,1820,0,1,0.95315117
,1820,1,1,0.5244099
,1820,2,3,1.0
,1820,3,0,0.86754954
,1821,0,1,0.95286775
,1821,1,3,1.0
,1821,2,0,0.675593
,1821,3,0,0.71657866
,1822,0,1,0.95109963
,1822,1,0,0.7984853
,1822,2,0,0.65360385
,1822,3,2,0.999902
,1823,0,1,0.950803
,1823,1,1,0.76970106
,1823,2,3,1.0
,1823,3,0,0.9876074
,1824,0,1,0.95071864
,1824,1,0,0.5143264
,1824,2,0,0.87463045
,1824,3,3,1.0
,1825,0,1,0.9506926
,1825,1,3,1.0
,1825,2,0,0.7168494
,1825,3,0,0.8736397
,1826,0,1,0.950692
,1826,1,0,0.8777616
,1826,2,3,1.0
,1826,3,0,0.7164797
,1827,0,1,0.95097876
,1827,1,0,0.73948216
,1827,2,0,0.76998574
,1827,3,3,1.0
,1828,0,1,0.95083755
,1828,1,2,1.0
,1828,2,1,0.87433106
,1828,3,0,0.98496366
,1829,0,1,0.94888884
,1829,1,0,0.98780346
,1829,2,1,0.945213
,1829,3,3,1.0
,1830,0,1,0.90851206
,1830,1,3,1.0
,1830,2,1,0.9514273
,1830,3,0,0.8716962
,1831,0,1,0.52892876
,1831,1,0,0.77066004
,1831,2,1,0.94591117
,1831,3,3,1.0
,1832,0,3,1.0
,1832,1,1,0.8726898
,1832,2,1,0.9049057
,1832,3,0,0.983651
,1833,0,0,0.77174056
,1833,1,1,0.9426306
,1833,2,1,0.52793103
,1833,3,3,1.0
,1834,0,1,0.87886
,1834,1,1,0.9525992
,1834,2,3,1.0
,1834,3,0,0.9838989
,1835,0,1,0.94802445
,1835,1,1,0.9550438
,1835,2,0,0.71852916
,1835,3,3,1.0
,1836,0,1,0.9523072
,1836,1,1,0.9529578
,1836,2,3,1.0
,1836,3,0,0.94729936
,1837,0,1,0.95124775
,1837,1,1,0.95085317
,1837,2,0,0.9835289
,1837,3,3,1.0
,1838,0,1,0.9532202
,1838,1,1,0.9488648
,1838,2,3,1.0
,1838,3,0,0.9839993
,1839,0,1,0.9527412
,1839,1,1,0.9085572
,1839,2,0,0.9474263
,1839,3,3,1.0
,1840,0,1,0.95092076
,1840,1,1,0.5291625
,1840,2,3,1.0
,1840,3,0,0.8763981
,1841,0,1,0.95091
,1841,1,3,1.0
,1841,2,0,0.87277925
,1841,3,0,0.73431855
,1842,0,1,0.95092684
,1842,1,0,0.7838893
,1842,2,0,0.7152347
,1842,3,2,1.0
,1843,0,1,0.95085967
,1843,1,1,0.87137276
,1843,2,3,1.0
,1843,3,0,0.98761296
,1844,0,1,0.9508737
,1844,1,1,0.94228363
,1844,2,0,0.98375314
,1844,3,3,1.0
,1845,0,1,0.9508763
,1845,1,1,0.9499481
,1845,2,3,1.0
,1845,3,0,0.9837578
,1846,0,1,0.9508787
,1846,1,1,0.9507791
,1846,2,0,0.9837585
,1846,3,3,1.0
,1847,0,1,0.9508985
,1847,1,1,0.9508931
,1847,2,3,1.0
,1847,3,0,0.9837585
,1848,0,1,0.95108163
,1848,1,1,0.9511304
,1848,2,0,0.9837585
,1848,3,3,1.0
,1849,0,1,0.9527805
,1849,1,1,0.953243
,1849,2,3,1.0
,1849,3,0,0.98399556
,1850,0,1,0.9484262
,1850,1,1,0.9531095
,1850,2,0,0.95315665
,1850,3,3,1.0
,1851,0,1,0.9059591
,1851,1,1,0.9512933
,1851,2,2,1.0
,1851,3,0,0.9851446
,1852,0,1,0.528511
,1852,1,1,0.9508814
,1852,2,0,0.8221311
,1852,3,3,1.0
,1853,0,3,1.0
,1853,1,1,0.95085794
,1853,2,1,0.8659548
,1853,3,0,0.98363763
,1854,0,0,0.98375124
,1854,1,1,0.9508669
,1854,2,1,0.9360251
,1854,3,3,1.0
,1855,0,3,1.0
,1855,1,1,0.95080966
,1855,2,1,0.90313804
,1855,3,0,0.983753
,1856,0,0,0.7719007
,1856,1,1,0.95103014
,1856,2,1,0.5273795
,1856,3,3,1.0
,1857,0,1,0.87826836
,1857,1,1,0.95317507
,1857,2,3,1.0
,1857,3,0,0.98389715
,1858,0,1,0.9453736
,1858,1,1,0.95231426
,1858,2,0,0.87175626
,1858,3,3,1.0
,1859,0,1,0.9502395
,1859,1,1,0.94611
,1859,2,3,1.0
,1859,3,0,0.9835193
,1860,0,1,0.9507209
,1860,1,1,0.90498334
,1860,2,0,0.98375803
,1860,3,3,1.0
,1861,0,1,0.95079297
,1861,1,1,0.52797997
,1861,2,3,1.0
,1861,3,0,0.79007196
,1862,0,1,0.9510705
,1862,1,3,1.0
,1862,2,0,0.9853366
,1862,3,1,0.7730352
,1863,0,1,0.9510202
,1863,1,0,0.8071775
,1863,2,2,0.9999018
,1863,3,0,0.5122164
,1864,0,1,0.95075005
,1864,1,1,0.7679154
,1864,2,0,0.98760486
,1864,3,3,1.0
,1865,0,1,0.9505489
,1865,1,0,0.5150924
,1865,2,3,1.0
,1865,3,0,0.78764415
,1866,0,1,0.9487504
,1866,1,3,1.0
,1866,2,0,0.98388004
,1866,3,1,0.7862101
,1867,0,1,0.9083576
,1867,1,0,0.5077832
,1867,2,3,1.0
,1867,3,1,0.5003476
,1868,0,1,0.52885175
,1868,1,1,0.90094334
,1868,2,0,0.7701216
,1868,3,3,1.0
,1869,0,3,1.0
,1869,1,1,0.94549036
,1869,2,1,0.8729549
,1869,3,0,0.9836523
,1870,0,0,0.98375183
,1870,1,1,0.9505491
,1870,2,1,0.9427441
,1870,3,3,1.0
,1871,0,3,1.0
,1871,1,1,0.95318973
,1871,2,1,0.95237523
,1871,3,0,0.9840006
,1872,0,0,0.87175626
,1872,1,1,0.9528275
,1872,2,1,0.95268774
,1872,3,3,1.0
,1873,0,3,1.0
,1873,1,1,0.9510543
,1873,2,1,0.95047885
,1873,3,0,0.98352015
,1874,0,0,0.9837624
,1874,1,1,0.9508891
,1874,2,1,0.9456289
,1874,3,3,1.0
,1875,0,3,1.0
,1875,1,1,0.9508064
,1875,2,1,0.902121
,1875,3,0,0.98375344
,1876,0,0,0.78927237
,1876,1,1,0.95097923
,1876,2,1,0.50196713
,1876,3,3,1.0
,1877,0,1,0.77275574
,1877,1,1,0.95098865
,1877,2,2,1.0
,1877,3,0,0.98468965
,1878,0,0,0.5132014
,1878,1,1,0.9507694
,1878,2,0,0.90367246
,1878,3,3,1.0
,1879,0,3,1.0
,1879,1,1,0.9507005
,1879,2,0,0.7259362
,1879,3,0,0.8776291
,1880,0,0,0.7701052
,1880,1,1,0.9510055
,1880,2,3,1.0
,1880,3,0,0.7394392
,1881,0,1,0.8736855
,1881,1,1,0.9510807
,1881,2,0,0.9849634
,1881,3,2,1.0
,1882,0,1,0.94228184
,1882,1,1,0.95114046
,1882,2,3,1.0
,1882,3,0,0.98761636
,1883,0,1,0.9479808
,1883,1,1,0.953233
,1883,2,0,0.9839959
,1883,3,3,1.0
,1884,0,1,0.9091574
,1884,1,1,0.9529945
,1884,2,3,1.0
,1884,3,0,0.9521827
,1885,0,1,0.53016996
,1885,1,1,0.9511788
,1885,2,0,0.8035348
,1885,3,2,1.0
,1886,0,3,1.0
,1886,1,1,0.95079005
,1886,2,1,0.7685671
,1886,3,0,0.9876052
,1887,0,0,0.77295154
,1887,1,1,0.9507777
,1887,2,0,0.51490134
,1887,3,3,1.0
,1888,0,1,0.8713333
,1888,1,1,0.95084864
,1888,2,3,1.0
,1888,3,0,0.98365307
,1889,0,1,0.93665653
,1889,1,1,0.9508633
,1889,2,0,0.9837517
,1889,3,3,1.0
,1890,0,1,0.9032636
,1890,1,1,0.9507845
,1890,2,3,1.0
,1890,3,0,0.983753
,1891,0,1,0.5274323
,1891,1,1,0.9507702
,1891,2,0,0.79040134
,1891,3,3,1.0
,1892,0,3,1.0
,1892,1,1,0.950754
,1892,2,1,0.77101207
,1892,3,0,0.98363763
,1893,0,0,0.77271146
,1893,1,1,0.9507775
,1893,2,0,0.5141343
,1893,3,3,1.0
,1894,0,1,0.8726743
,1894,1,1,0.95088255
,1894,2,3,1.0
,1894,3,0,0.9836532
,1895,0,1,0.9427583
,1895,1,1,0.95122516
,1895,2,0,0.98576355
,1895,3,3,1.0
,1896,0,1,0.94971913
,1896,1,1,0.95116585
,1896,2,2,1.0
,1896,3,0,0.98553306
,1897,0,1,0.94578546
,1897,1,1,0.95091635
,1897,2,0,0.98761636
,1897,3,3,1.0
,1898,0,1,0.90450525
,1898,1,1,0.9510397
,1898,2,3,1.0
,1898,3,0,0.98375523
,1899,0,1,0.52412707
,1899,1,1,0.95312935
,1899,2,0,0.780185
,1899,3,3,1.0
,1900,0,3,1.0
,1900,1,1,0.9527228
,1900,2,1,0.785256
,1900,3,0,0.9473623
,1901,0,0,0.8733243
,1901,1,1,0.9508823
,1901,2,0,0.5095574
,1901,3,3,1.0
,1902,0,0,0.7166584
,1902,1,1,0.95076466
,1902,2,3,1.0
,1902,3,0,0.7899033
,1903,0,3,1.0
,1903,1,1,0.95077586
,1903,2,0,0.98364663
,1903,3,1,0.7654255
,1904,0,0,0.7717824
,1904,1,1,0.95100886
,1904,2,3,1.0
,1904,3,0,0.5404129
,1905,0,1,0.87288547
,1905,1,1,0.95126146
,1905,2,0,0.98473614
,1905,3,2,1.0
,1906,0,1,0.9401116
,1906,1,1,0.9531555
,1906,2,3,1.0
,1906,3,0,0.9877933
,1907,0,1,0.907866
,1907,1,1,0.9529708
,1907,2,0,0.98043823
,1907,3,3,1.0
,1908,0,1,0.52997315
,1908,1,1,0.95121676
,1908,2,2,1.0
,1908,3,0,0.8839938
,1909,0,3,1.0
,1909,1,1,0.95100236
,1909,2,0,0.9161574
,1909,3,0,0.7195179
,1910,0,0,0.7614259
,1910,1,1,0.95313895
,1910,2,0,0.8164779
,1910,3,3,1.0
,1911,0,1,0.8817013
,1911,1,1,0.9528106
,1911,2,2,1.0
,1911,3,0,0.94793683
,1912,0,1,0.9433509
,1912,1,1,0.95104873
,1912,2,0,0.9876086
,1912,3,3,1.0
,1913,0,1,0.95006347
,1913,1,1,0.950896
,1913,2,3,1.0
,1913,3,0,0.983763
,1914,0,1,0.95078605
,1914,1,1,0.9508821
,1914,2,0,0.9837583
,1914,3,3,1.0
,1915,0,1,0.9508431
,1915,1,1,0.9509096
,1915,2,3,1.0
,1915,3,0,0.9837585
,1916,0,1,0.9507012
,1916,1,1,0.9512279
,1916,2,0,0.9857692
,1916,3,3,1.0
,1917,0,1,0.94622606
,1917,1,1,0.9511552
,1917,2,2,1.0
,1917,3,0,0.9855333
,1918,0,1,0.9049772
,1918,1,1,0.9508051
,1918,2,0,0.9876093
,1918,3,3,1.0
,1919,0,1,0.5279601
,1919,1,1,0.9507805
,1919,2,3,1.0
,1919,3,0,0.77491254
,1920,0,3,1.0
,1920,1,1,0.95084184
,1920,2,0,0.98365086
,1920,3,1,0.86089545
,1921,0,0,0.9837464
,1921,1,1,0.9507976
,1921,2,3,1.0
,1921,3,1,0.8896029
,1922,0,3,1.0
,1922,1,1,0.95070493
,1922,2,0,0.8748622
,1922,3,1,0.5233842
,1923,0,0,0.771125
,1923,1,1,0.95078427
,1923,2,0,0.7171588
,1923,3,3,1.0
,1924,0,1,0.8735908
,1924,1,1,0.95120066
,1924,2,3,1.0
,1924,3,0,0.9856812
,1925,0,1,0.94281745
,1925,1,1,0.951163
,1925,2,0,0.9855253
,1925,3,2,1.0
,1926,0,1,0.94954556
,1926,1,1,0.9509253
,1926,2,3,1.0
,1926,3,0,0.98761624
,1927,0,1,0.94662255
,1927,1,1,0.95113367
,1927,2,0,0.9837597
,1927,3,3,1.0
,1928,0,1,0.91244847
,1928,1,1,0.9532437
,1928,2,3,1.0
,1928,3,0,0.9839974
,1929,0,1,0.5393712
,1929,1,1,0.9527714
,1929,2,1,0.5488538
,1929,3,3,1.0
,1930,0,3,1.0
,1930,1,1,0.95106506
,1930,2,0,0.602202
,1930,3,0,0.87211007
,1931,0,0,0.78218734
,1931,1,1,0.9509255
,1931,2,2,1.0
,1931,3,0,0.71519786
,1932,0,1,0.871637
,1932,1,1,0.9508926
,1932,2,0,0.9876126
,1932,3,3,1.0
,1933,0,1,0.9427127
,1933,1,1,0.95122665
,1933,2,3,1.0
,1933,3,0,0.9857645
,1934,0,1,0.95025873
,1934,1,1,0.95116776
,1934,2,0,0.98553306
,1934,3,2,1.0
,1935,0,1,0.95083356
,1935,1,1,0.9509317
,1935,2,3,1.0
,1935,3,0,0.9876159
,1936,0,1,0.95122457
,1936,1,1,0.9512351
,1936,2,0,0.98577136
,1936,3,3,1.0
,1937,0,1,0.95119613
,1937,1,1,0.95119727
,1937,2,2,1.0
,1937,3,0,0.985534
,1938,0,1,0.95125204
,1938,1,1,0.95125216
,1938,2,0,0.98917806
,1938,3,3,1.0
,1939,0,1,0.9511687
,1939,1,1,0.9511687
,1939,2,2,1.0
,1939,3,0,0.9855448
,1940,0,1,0.95089877
,1940,1,1,0.95089877
,1940,2,0,0.98761636
,1940,3,3,1.0
,1941,0,1,0.95087904
,1941,1,1,0.95087904
,1941,2,3,1.0
,1941,3,0,0.98376006
,1942,0,1,0.95087665
,1942,1,1,0.95087665
,1942,2,0,0.9837585
,1942,3,3,1.0
,1943,0,1,0.9508764
,1943,1,1,0.9508764
,1943,2,3,1.0
,1943,3,0,0.9837585
,1944,0,1,0.9508768
,1944,1,1,0.9508768
,1944,2,0,0.9837585
,1944,3,3,1.0
,1945,0,1,0.9508794
,1945,1,1,0.9508794
,1945,2,3,1.0
,1945,3,0,0.9837585
,1946,0,1,0.95090365
,1946,1,1,0.95090365
,1946,2,0,0.9837585
,1946,3,3,1.0
,1947,0,1,0.95112866
,1947,1,1,0.95112866
,1947,2,3,1.0
,1947,3,0,0.9837585
,1948,0,1,0.9532161
,1948,1,1,0.9532161
,1948,2,0,0.9839957
,1948,3,3,1.0
,1949,0,1,0.9528305
,1949,1,1,0.9528305
,1949,2,3,1.0
,1949,3,0,0.94744337
,1950,0,1,0.951305
,1950,1,1,0.951305
,1950,2,0,0.9835282
,1950,3,3,1.0
,1951,0,1,0.95323503
,1951,1,1,0.95323503
,1951,2,3,1.0
,1951,3,0,0.98399967
,1952,0,1,0.9528334
,1952,1,1,0.9528334
,1952,2,0,0.94744325
,1952,3,3,1.0
,1953,0,1,0.9513168
,1953,1,1,0.9513168
,1953,2,3,1.0
,1953,3,0,0.9835282
,1954,0,1,0.95331424
,1954,1,1,0.95331424
,1954,2,0,0.99030507
,1954,3,3,1.0
,1955,0,1,0.9531123
,1955,1,1,0.9531123
,1955,2,2,1.0
,1955,3,0,0.87173694
,1956,0,1,0.95362765
,1956,1,1,0.95362765
,1956,2,0,0.98779273
,1956,3,3,1.0
,1957,0,1,0.95532745
,1957,1,1,0.95532745
,1957,2,3,1.0
,1957,3,0,0.9482065
,1958,0,1,0.95532197
,1958,1,1,0.95532197
,1958,2,0,0.9679241
,1958,3,3,1.0
,1959,0,1,0.9532747
,1959,1,1,0.95327514
,1959,2,2,1.0
,1959,3,0,0.9479599
,1960,0,1,0.953455
,1960,1,1,0.95345914
,1960,2,0,0.9925802
,1960,3,3,1.0
,1961,0,1,0.9530546
,1961,1,1,0.95309824
,1961,2,2,1.0
,1961,3,0,0.9480431
,1962,0,1,0.9530551
,1962,1,1,0.9534728
,1962,2,0,0.99262726
,1962,3,3,1.0
,1963,0,1,0.9488609
,1963,1,1,0.9531134
,1963,2,2,1.0
,1963,3,1,0.5204816
,1964,0,1,0.91271085
,1964,1,1,0.9534224
,1964,2,0,0.99255866
,1964,3,3,1.0
,1965,0,1,0.53933775
,1965,1,1,0.9530635
,1965,2,2,1.0
,1965,3,0,0.68214905
,1966,0,3,1.0
,1966,1,1,0.9535301
,1966,2,0,0.8961587
,1966,3,0,0.6594637
,1967,0,1,0.506619
,1967,1,1,0.95505995
,1967,2,0,0.7124096
,1967,3,3,1.0
,1968,0,1,0.9083495
,1968,1,1,0.9530093
,1968,2,3,1.0
,1968,3,0,0.94727474
,1969,0,1,0.9465424
,1969,1,1,0.9513524
,1969,2,0,0.98352516
,1969,3,3,1.0
,1970,0,1,0.95300555
,1970,1,1,0.95350176
,1970,2,3,1.0
,1970,3,0,0.98400503
,1971,0,1,0.95513064
,1971,1,1,0.9551779
,1971,2,0,0.91934305
,1971,3,3,1.0
,1972,0,1,0.95327264
,1972,1,1,0.95327735
,1972,2,2,1.0
,1972,3,0,0.9479303
,1973,0,1,0.9536233
,1973,1,1,0.9536238
,1973,2,0,0.98779297
,1973,3,3,1.0
,1974,0,1,0.9551051
,1974,1,1,0.9551051
,1974,2,3,1.0
,1974,3,0,0.94820595
,1975,0,1,0.95299
,1975,1,1,0.95299
,1975,2,0,0.94731045
,1975,3,3,1.0
,1976,0,1,0.9511015
,1976,1,1,0.9511015
,1976,2,3,1.0
,1976,3,0,0.9835289
,1977,0,1,0.9511569
,1977,1,1,0.9511569
,1977,2,0,0.98376274
,1977,3,3,1.0
,1978,0,1,0.95327586
,1978,1,1,0.95327586
,1978,2,3,1.0
,1978,3,0,0.98400104
,1979,0,1,0.9530703
,1979,1,1,0.9530703
,1979,2,0,0.87175524
,1979,3,3,1.0
,1980,0,1,0.95333105
,1980,1,1,0.9533312
,1980,2,3,1.0
,1980,3,0,0.983747
,1981,0,1,0.95309937
,1981,1,1,0.9531001
,1981,2,0,0.9807092
,1981,3,3,1.0
,1982,0,1,0.9516508
,1982,1,1,0.95165694
,1982,2,2,1.0
,1982,3,0,0.98700774
,1983,0,1,0.9511398
,1983,1,1,0.95119727
,1983,2,0,0.98768514
,1983,3,2,1.0
,1984,0,1,0.950366
,1984,1,1,0.95090115
,1984,2,3,1.0
,1984,3,0,0.98761636
,1985,0,1,0.94591707
,1985,1,1,0.9508705
,1985,2,0,0.9837597
,1985,3,3,1.0
,1986,0,1,0.9049472
,1986,1,1,0.95078856
,1986,2,3,1.0
,1986,3,0,0.9837537
,1987,0,1,0.5279685
,1987,1,1,0.9508
,1987,2,0,0.79007745
,1987,3,3,1.0
,1988,0,3,1.0
,1988,1,1,0.95106846
,1988,2,1,0.77300525
,1988,3,0,0.98532456
,1989,0,0,0.7905936
,1989,1,1,0.9510331
,1989,2,0,0.5122459
,1989,3,2,1.0
,1990,0,1,0.8707024
,1990,1,1,0.9508964
,1990,2,3,1.0
,1990,3,0,0.98761237
,1991,0,1,0.94250643
,1991,1,1,0.9511341
,1991,2,0,0.9837533
,1991,3,3,1.0
,1992,0,1,0.9523864
,1992,1,1,0.95327985
,1992,2,3,1.0
,1992,3,0,0.9840006
,1993,0,1,0.9530512
,1993,1,1,0.9531396
,1993,2,0,0.88411766
,1993,3,3,1.0
,1994,0,1,0.95155066
,1994,1,1,0.9515601
,1994,2,2,1.0
,1994,3,0,0.98499125
,1995,0,1,0.95348155
,1995,1,1,0.95348257
,1995,2,0,0.9878008
,1995,3,3,1.0
,1996,0,1,0.9551835
,1996,1,1,0.9551836
,1996,2,3,1.0
,1996,3,0,0.9482284
,1997,0,1,0.95329094
,1997,1,1,0.95329094
,1997,2,1,0.5199155
,1997,3,3,1.0
,1998,0,1,0.95345825
,1998,1,1,0.95345825
,1998,2,3,1.0
,1998,3,0,0.9901469
,1999,0,1,0.95286375
,1999,1,1,0.95286435
,1999,2,0,0.87173736
,1999,3,2,1.0
,2000,0,1,0.95108175
,2000,1,1,0.9510877
,2000,2,3,1.0
,2000,3,0,0.98760825
,2001,0,1,0.9511967
,2001,1,1,0.9512523
,2001,2,0,0.9857744
,2001,3,3,1.0
,2002,0,1,0.9506775
,2002,1,1,0.9511989
,2002,2,2,1.0
,2002,3,0,0.9855339
,2003,0,1,0.9464045
,2003,1,1,0.9512502
,2003,2,0,0.98917615
,2003,3,3,1.0
,2004,0,1,0.9057017
,2004,1,1,0.95115566
,2004,2,2,1.0
,2004,3,0,0.98553985
,2005,0,1,0.5284281
,2005,1,1,0.95088166
,2005,2,0,0.8403217
,2005,3,3,1.0
,2006,0,3,1.0
,2006,1,1,0.9510198
,2006,2,1,0.73367137
,2006,3,0,0.98361945
,2007,0,0,0.7627524
,2007,1,1,0.9532237
,2007,2,0,0.64381117
,2007,3,3,1.0
,2008,0,1,0.88226265
,2008,1,1,0.9530907
,2008,2,2,1.0
,2008,3,1,0.74703187
,2009,0,1,0.94609046
,2009,1,1,0.95344007
,2009,2,0,0.98779464
,2009,3,3,1.0
,2010,0,1,0.95240283
,2010,1,1,0.9531302
,2010,2,3,1.0
,2010,3,0,0.8841167
,2011,0,1,0.9512367
,2011,1,1,0.9513146
,2011,2,0,0.98499113
,2011,3,2,1.0
,2012,0,1,0.9511653
,2012,1,1,0.95117366
,2012,2,3,1.0
,2012,3,0,0.9876166
,2013,0,1,0.95329654
,2013,1,1,0.95329744
,2013,2,0,0.98400456
,2013,3,3,1.0
,2014,0,1,0.9530972
,2014,1,1,0.95309734
,2014,2,3,1.0
,2014,3,0,0.7153951
,2015,0,1,0.95344496
,2015,1,1,0.95344496
,2015,2,0,0.9837571
,2015,3,3,1.0
,2016,0,1,0.9530937
,2016,1,1,0.9530937
,2016,2,3,1.0
,2016,3,0,0.8717557
,2017,0,1,0.9533894
,2017,1,1,0.9533894
,2017,2,0,0.98376083
,2017,3,3,1.0
,2018,0,1,0.9528566
,2018,1,1,0.9528566
,2018,2,3,1.0
,2018,3,0,0.9474445
,2019,0,1,0.95143473
,2019,1,1,0.95143473
,2019,2,0,0.98557204
,2019,3,3,1.0
,2020,0,1,0.95144063
,2020,1,1,0.95144063
,2020,2,2,1.0
,2020,3,0,0.9855389
,2021,0,1,0.95328903
,2021,1,1,0.95328903
,2021,2,0,0.99261117
,2021,3,3,1.0
,2022,0,1,0.952844
,2022,1,1,0.952844
,2022,2,2,1.0
,2022,3,0,0.87173724
,2023,0,1,0.95105284
,2023,1,1,0.95105284
,2023,2,0,0.9876086
,2023,3,3,1.0
,2024,0,1,0.95089906
,2024,1,1,0.95089906
,2024,2,3,1.0
,2024,3,0,0.9837637
,2025,0,1,0.9509058
,2025,1,1,0.9509058
,2025,2,0,0.9837585
,2025,3,3,1.0
,2026,0,1,0.95112854
,2026,1,1,0.95112854
,2026,2,3,1.0
,2026,3,0,0.9837585
,2027,0,1,0.9532136
,2027,1,1,0.9532136
,2027,2,0,0.9839957
,2027,3,3,1.0
,2028,0,1,0.95280445
,2028,1,1,0.95280445
,2028,2,3,1.0
,2028,3,0,0.94744337
,2029,0,1,0.9510574
,2029,1,1,0.9510574
,2029,2,0,0.98352796
,2029,3,3,1.0
,2030,0,1,0.9509292
,2030,1,1,0.9509292
,2030,2,3,1.0
,2030,3,0,0.9837626
,2031,0,1,0.95123106
,2031,1,1,0.95123106
,2031,2,0,0.9857697
,2031,3,3,1.0
,2032,0,1,0.95116484
,2032,1,1,0.95116484
,2032,2,2,1.0
,2032,3,0,0.9855339
,2033,0,1,0.95089877
,2033,1,1,0.95089877
,2033,2,0,0.98761636
,2033,3,3,1.0
,2034,0,1,0.9508827
,2034,1,1,0.9508827
,2034,2,3,1.0
,2034,3,0,0.98376006
,2035,0,1,0.95090985
,2035,1,1,0.95090985
,2035,2,0,0.9837585
,2035,3,3,1.0
,2036,0,1,0.95122904
,2036,1,1,0.95122904
,2036,2,3,1.0
,2036,3,0,0.9857697
,2037,0,1,0.95116484
,2037,1,1,0.95116484
,2037,2,0,0.9855338
,2037,3,2,1.0
,2038,0,1,0.9509014
,2038,1,1,0.9509014
,2038,2,3,1.0
,2038,3,0,0.98761624
,2039,0,1,0.95090705
,2039,1,1,0.95090705
,2039,2,0,0.98375994
,2039,3,3,1.0
,2040,0,1,0.9511366
,2040,1,1,0.9511366
,2040,2,3,1.0
,2040,3,0,0.9837585
,2041,0,1,0.95328563
,2041,1,1,0.95328563
,2041,2,0,0.9840043
,2041,3,3,1.0
,2042,0,1,0.95289105
,2042,1,1,0.95289105
,2042,2,3,1.0
,2042,3,1,0.7469282
,2043,0,1,0.9514335
,2043,1,1,0.9514335
,2043,2,0,0.9855415
,2043,3,3,1.0
,2044,0,1,0.9514376
,2044,1,1,0.9514376
,2044,2,2,1.0
,2044,3,0,0.98553973
,2045,0,1,0.9532611
,2045,1,1,0.9532611
,2045,2,0,0.9878003
,2045,3,3,1.0
,2046,0,1,0.9530578
,2046,1,1,0.9530578
,2046,2,3,1.0
,2046,3,0,0.94744474
,2047,0,1,0.95344293
,2047,1,1,0.95344293
,2047,2,0,0.9901263
,2047,3,3,1.0
,2048,0,1,0.9530927
,2048,1,1,0.9530927
,2048,2,2,1.0
,2048,3,0,0.94804114
,2049,0,1,0.9534418
,2049,1,1,0.9534418
,2049,2,0,0.9925802
,2049,3,3,1.0
,2050,0,1,0.9531123
,2050,1,1,0.9531123
,2050,2,2,1.0
,2050,3,0,0.948043
,2051,0,1,0.9536282
,2051,1,1,0.9536282
,2051,2,0,0.98779297
,2051,3,3,1.0
,2052,0,1,0.95532525
,2052,1,1,0.95532525
,2052,2,3,1.0
,2052,3,0,0.9482065
,2053,0,1,0.9552986
,2053,1,1,0.9552986
,2053,2,0,0.9679241
,2053,3,3,1.0
,2054,0,1,0.95302904
,2054,1,1,0.95302904
,2054,2,2,1.0
,2054,3,0,0.94796026
,2055,0,1,0.9510863
,2055,1,1,0.9510863
,2055,2,0,0.9876091
,2055,3,3,1.0
,2056,0,1,0.95100665
,2056,1,1,0.95100665
,2056,2,3,1.0
,2056,3,0,0.9837631
,2057,0,1,0.9525622
,2057,1,1,0.9525621
,2057,2,0,0.86809075
,2057,3,3,1.0
,2058,0,1,0.95468134
,2058,1,1,0.95468134
,2058,2,0,0.7087276
,2058,3,3,1.0
,2059,0,1,0.9554855
,2059,1,1,0.9554855
,2059,2,3,1.0
,2059,3,0,0.87350094
,2060,0,1,0.95534223
,2060,1,1,0.95534223
,2060,2,0,0.91934544
,2060,3,3,1.0
,2061,0,1,0.9530625
,2061,1,1,0.9530625
,2061,2,2,1.0
,2061,3,0,0.94792897
,2062,0,1,0.95142984
,2062,1,1,0.95142984
,2062,2,0,0.98917353
,2062,3,3,1.0
,2063,0,1,0.95121574
,2063,1,1,0.95121586
,2063,2,2,1.0
,2063,3,0,0.9855495
,2064,0,1,0.9511588
,2064,1,1,0.9511593
,2064,2,0,0.98761636
,2064,3,3,1.0
,2065,0,1,0.95325106
,2065,1,1,0.9532554
,2065,2,3,1.0
,2065,3,0,0.99026644
,2066,0,1,0.9528121
,2066,1,1,0.9528565
,2066,2,0,0.94804025
,2066,3,2,1.0
,2067,0,1,0.95090294
,2067,1,1,0.9513287
,2067,2,3,1.0
,2067,3,0,0.98760885
,2068,0,1,0.94952303
,2068,1,1,0.9534754
,2068,2,0,0.9840004
,2068,3,3,1.0
,2069,0,1,0.91524655
,2069,1,1,0.95526946
,2069,2,3,1.0
,2069,3,0,0.9481917
,2070,0,1,0.5361722
,2070,1,1,0.95519006
,2070,2,0,0.6569992
,2070,3,3,1.0
,2071,0,3,1.0
,2071,1,1,0.9528897
,2071,2,0,0.6357587
,2071,3,0,0.6842553
,2072,0,0,0.7685569
,2072,1,1,0.95120555
,2072,2,3,1.0
,2072,3,0,0.6797109
,2073,0,1,0.87392205
,2073,1,1,0.95109457
,2073,2,0,0.98487747
,2073,3,2,1.0
,2074,0,1,0.94294876
,2074,1,1,0.95124197
,2074,2,3,1.0
,2074,3,0,0.9891777
,2075,0,1,0.950285
,2075,1,1,0.9511704
,2075,2,0,0.98554385
,2075,3,2,1.0
,2076,0,1,0.95083106
,2076,1,1,0.9509268
,2076,2,3,1.0
,2076,3,0,0.98761624
,2077,0,1,0.95112956
,2077,1,1,0.95113987
,2077,2,0,0.9837602
,2077,3,3,1.0
,2078,0,1,0.95327336
,2078,1,1,0.95327437
,2078,2,3,1.0
,2078,3,0,0.9902655
,2079,0,1,0.9530734
,2079,1,1,0.9530735
,2079,2,0,0.94804025
,2079,3,2,1.0
,2080,0,1,0.95341235
,2080,1,1,0.95341235
,2080,2,3,1.0
,2080,3,0,0.98779297
,2081,0,1,0.9531548
,2081,1,1,0.9531548
,2081,2,0,0.9531662
,2081,3,3,1.0
,2082,0,1,0.95156574
,2082,1,1,0.95156574
,2082,2,2,1.0
,2082,3,0,0.98514956
,2083,0,1,0.95330936
,2083,1,1,0.95330936
,2083,2,0,0.9925847
,2083,3,3,1.0
,2084,0,1,0.9530882
,2084,1,1,0.9530882
,2084,2,2,1.0
,2084,3,0,0.94804174
,2085,0,1,0.95352864
,2085,1,1,0.95352864
,2085,2,0,0.9877862
,2085,3,3,1.0
,2086,0,1,0.9550967
,2086,1,1,0.9550967
,2086,2,3,1.0
,2086,3,0,0.9869542
,2087,0,1,0.9532537
,2087,1,1,0.9532537
,2087,2,0,0.94797355
,2087,3,2,1.0
,2088,0,1,0.9534537
,2088,1,1,0.9534537
,2088,2,3,1.0
,2088,3,0,0.9926067
,2089,0,1,0.9528872
,2089,1,1,0.9528873
,2089,2,0,0.87173736
,2089,3,2,1.0
,2090,0,1,0.95131373
,2090,1,1,0.9513143
,2090,2,3,1.0
,2090,3,0,0.98760885
,2091,0,1,0.95328915
,2091,1,1,0.95329344
,2091,2,0,0.9902687
,2091,3,3,1.0
,2092,0,1,0.9530343
,2092,1,1,0.9530788
,2092,2,2,1.0
,2092,3,0,0.94804025
,2093,0,1,0.953017
,2093,1,1,0.9534427
,2093,2,0,0.98779607
,2093,3,3,1.0
,2094,0,1,0.9487858
,2094,1,1,0.9531144
,2094,2,3,1.0
,2094,3,0,0.87175584
,2095,0,1,0.91215354
,2095,1,1,0.9535909
,2095,2,0,0.9837571
,2095,3,3,1.0
,2096,0,1,0.5351717
,2096,1,1,0.95528245
,2096,2,3,1.0
,2096,3,0,0.51538074
,2097,0,3,1.0
,2097,1,1,0.9552279
,2097,2,0,0.94801337
,2097,3,1,0.83768195
,2098,0,0,0.5051141
,2098,1,1,0.953141
,2098,2,3,1.0
,2098,3,0,0.50687015
,2099,0,1,0.90196824
,2099,1,1,0.9512405
,2099,2,0,0.9844741
,2099,3,2,1.0
,2100,0,1,0.94586134
,2100,1,1,0.95116407
,2100,2,3,1.0
,2100,3,0,0.98761696
,2101,0,1,0.95270646
,2101,1,1,0.95325583
,2101,2,0,0.9902661
,2101,3,3,1.0
,2102,0,1,0.95280176
,2102,1,1,0.9528565
,2102,2,2,1.0
,2102,3,0,0.94804037
,2103,0,1,0.9513211
,2103,1,1,0.95132744
,2103,2,0,0.98760885
,2103,3,3,1.0
,2104,0,1,0.9534578
,2104,1,1,0.95346314
,2104,2,3,1.0
,2104,3,0,0.9840006
,2105,0,1,0.9550811
,2105,1,1,0.9551291
,2105,2,0,0.9680049
,2105,3,3,1.0
,2106,0,1,0.95253897
,2106,1,1,0.9530419
,2106,2,2,1.0
,2106,3,0,0.94795835
,2107,0,1,0.9465951
,2107,1,1,0.9514219
,2107,2,0,0.9891717
,2107,3,3,1.0
,2108,0,1,0.90575516
,2108,1,1,0.95116925
,2108,2,2,1.0
,2108,3,0,0.98554444
,2109,0,1,0.5285577
,2109,1,1,0.95081353
,2109,2,0,0.90367657
,2109,3,3,1.0
,2110,0,3,1.0
,2110,1,1,0.9509376
,2110,2,0,0.7259452
,2110,3,0,0.8742627
,2111,0,0,0.76165754
,2111,1,1,0.95316696
,2111,2,3,1.0
,2111,3,0,0.7199605
,2112,0,1,0.88226557
,2112,1,1,0.9530637
,2112,2,0,0.8717561
,2112,3,3,1.0
,2113,0,1,0.94603276
,2113,1,1,0.9533846
,2113,2,3,1.0
,2113,3,0,0.98375404
,2114,0,1,0.9521166
,2114,1,1,0.95284855
,2114,2,0,0.9474455
,2114,3,3,1.0
,2115,0,1,0.9512405
,2115,1,1,0.9513194
,2115,2,3,1.0
,2115,3,0,0.9835281
,2116,0,1,0.95331335
,2116,1,1,0.9533215
,2116,2,0,0.990323
,2116,3,3,1.0
,2117,0,1,0.953096
,2117,1,1,0.95309675
,2117,2,2,1.0
,2117,3,0,0.7353934
,2118,0,1,0.9514831
,2118,1,1,0.9514832
,2118,2,0,0.9876531
,2118,3,2,1.0
,2119,0,1,0.9532437
,2119,1,1,0.9532438
,2119,2,3,1.0
,2119,3,0,0.987801
,2120,0,1,0.95280945
,2120,1,1,0.95281005
,2120,2,0,0.9474442
,2120,3,3,1.0
,2121,0,1,0.95107603
,2121,1,1,0.9510815
,2121,2,3,1.0
,2121,3,0,0.9835281
,2122,0,1,0.95110124
,2122,1,1,0.95115125
,2122,2,0,0.98376274
,2122,3,3,1.0
,2123,0,1,0.9527826
,2123,1,1,0.9532454
,2123,2,3,1.0
,2123,3,0,0.98399556
,2124,0,1,0.9484265
,2124,1,1,0.9531124
,2124,2,0,0.95315665
,2124,3,3,1.0
,2125,0,1,0.9059601
,2125,1,1,0.95132005
,2125,2,2,1.0
,2125,3,0,0.9851446
,2126,0,1,0.52851516
,2126,1,1,0.9511297
,2126,2,0,0.8349128
,2126,3,3,1.0
,2127,0,3,1.0
,2127,1,1,0.9531717
,2127,2,1,0.7730418
,2127,3,0,0.9838643
,2128,0,0,0.50611126
,2128,1,1,0.95294875
,2128,2,0,0.5264279
,2128,3,3,1.0
,2129,0,1,0.90188175
,2129,1,1,0.9512292
,2129,2,2,1.0
,2129,3,0,0.9844884
,2130,0,1,0.9459846
,2130,1,1,0.9512847
,2130,2,0,0.9891783
,2130,3,3,1.0
,2131,0,1,0.9508627
,2131,1,1,0.9514261
,2131,2,2,1.0
,2131,3,0,0.9855441
,2132,0,1,0.95324004
,2132,1,1,0.95329845
,2132,2,0,0.9925842
,2132,3,3,1.0
,2133,0,1,0.9531302
,2133,1,1,0.95313585
,2133,2,2,1.0
,2133,3,0,0.9536194
,2134,0,1,0.95133007
,2134,1,1,0.9513306
,2134,2,0,0.9876708
,2134,3,2,1.0
,2135,0,1,0.9511729
,2135,1,1,0.9511729
,2135,2,3,1.0
,2135,3,0,0.9876167
,2136,0,1,0.9532573
,2136,1,1,0.95325744
,2136,2,0,0.9902663
,2136,3,3,1.0
,2137,0,1,0.95286226
,2137,1,1,0.9528622
,2137,2,2,1.0
,2137,3,0,0.9480387
,2138,0,1,0.95143133
,2138,1,1,0.95143133
,2138,2,0,0.9891712
,2138,3,3,1.0
,2139,0,1,0.9514371
,2139,1,1,0.9514371
,2139,2,2,0.9990401
,2139,3,0,0.9855477
,2140,0,1,0.9532474
,2140,1,1,0.9532474
,2140,2,0,0.98779655
,2140,3,3,1.0
,2141,0,1,0.9529168
,2141,1,1,0.9529168
,2141,2,3,1.0
,2141,3,0,0.94742554
,2142,0,1,0.95271075
,2142,1,1,0.95271075
,2142,2,0,0.8827235
,2142,3,3,1.0
,2143,0,1,0.95447093
,2143,1,1,0.95447093
,2143,2,0,0.80034316
,2143,3,3,1.0
,2144,0,1,0.9532463
,2144,1,1,0.9532463
,2144,2,2,1.0
,2144,3,0,0.9535002
,2145,0,1,0.95134264
,2145,1,1,0.95134264
,2145,2,0,0.9876708
,2145,3,2,1.0
,2146,0,1,0.95117426
,2146,1,1,0.95117426
,2146,2,3,1.0
,2146,3,0,0.9876167
,2147,0,1,0.95325756
,2147,1,1,0.95325756
,2147,2,0,0.9902663
,2147,3,3,1.0
,2148,0,1,0.95286226
,2148,1,1,0.95286226
,2148,2,2,1.0
,2148,3,0,0.9480387
,2149,0,1,0.951432
,2149,1,1,0.951432
,2149,2,0,0.98917353
,2149,3,3,1.0
,2150,0,1,0.9514394
,2150,1,1,0.9514395
,2150,2,2,1.0
,2150,3,0,0.9855496
,2151,0,1,0.9532657
,2151,1,1,0.9532662
,2151,2,0,0.9878003
,2151,3,3,1.0
,2152,0,1,0.953109
,2152,1,1,0.9531144
,2152,2,3,1.0
,2152,3,0,0.9531639
,2153,0,1,0.9512601
,2153,1,1,0.95131135
,2153,2,0,0.98514944
,2153,3,2,1.0
,2154,0,1,0.95046425
,2154,1,1,0.9509419
,2154,2,3,1.0
,2154,3,0,0.9876165
,2155,0,1,0.94670826
,2155,1,1,0.9511314
,2155,2,0,0.98375946
,2155,3,3,1.0
,2156,0,1,0.9122723
,2156,1,1,0.95320415
,2156,2,3,1.0
,2156,3,0,0.9839918
,2157,0,1,0.5390877
,2157,1,1,0.9529727
,2157,2,0,0.6788356
,2157,3,3,1.0
,2158,0,3,1.0
,2158,1,1,0.95357645
,2158,2,0,0.6587689
,2158,3,0,0.8625838
,2159,0,1,0.70906824
,2159,1,1,0.95515853
,2159,2,3,1.0
,2159,3,0,0.7016563
,2160,0,1,0.8680945
,2160,1,1,0.95298177
,2160,2,0,0.87171906
,2160,3,3,1.0
,2161,0,1,0.5164837
,2161,1,1,0.9511907
,2161,2,3,1.0
,2161,3,0,0.8739294
,2162,0,3,1.0
,2162,1,1,0.9534387
,2162,2,0,0.76058125
,2162,3,0,0.7198879
,2163,0,0,0.71862835
,2163,1,1,0.955407
,2163,2,1,0.887683
,2163,3,3,1.0
,2164,0,3,1.0
,2164,1,1,0.9555968
,2164,2,1,0.94877833
,2164,3,0,0.8735178
,2165,0,0,0.7187361
,2165,1,1,0.95561904
,2165,2,1,0.95118505
,2165,3,3,1.0
,2166,0,3,1.0
,2166,1,1,0.9555108
,2166,2,1,0.9155222
,2166,3,0,0.7185943
,2167,0,1,0.5072842
,2167,1,1,0.95533985
,2167,2,1,0.53602844
,2167,3,3,1.0
,2168,0,1,0.9082907
,2168,1,1,0.95332927
,2168,2,3,1.0
,2168,3,1,0.5198912
,2169,0,1,0.94486624
,2169,1,1,0.9537129
,2169,2,0,0.9837447
,2169,3,3,1.0
,2170,0,1,0.9148624
,2170,1,1,0.95545226
,2170,2,3,1.0
,2170,3,0,0.71861774
,2171,0,1,0.5363733
,2171,1,1,0.9555447
,2171,2,1,0.8695354
,2171,3,3,1.0
,2172,0,3,1.0
,2172,1,1,0.95537126
,2172,2,1,0.9007006
,2172,3,0,0.9681241
,2173,0,1,0.8737647
,2173,1,1,0.9532645
,2173,2,1,0.51269907
,2173,3,2,1.0
,2174,0,1,0.94296885
,2174,1,1,0.95148295
,2174,2,2,1.0
,2174,3,0,0.9876452
,2175,0,1,0.9524562
,2175,1,1,0.95333767
,2175,2,0,0.9878066
,2175,3,3,1.0
,2176,0,1,0.9530384
,2176,1,1,0.95312554
,2176,2,3,1.0
,2176,3,1,0.746923
,2177,0,1,0.95360476
,2177,1,1,0.95361423
,2177,2,0,0.9837334
,2177,3,3,1.0
,2178,0,1,0.9551631
,2178,1,1,0.9551681
,2178,2,3,1.0
,2178,3,0,0.9482201
,2179,0,1,0.95324594
,2179,1,1,0.9532895
,2179,2,0,0.8717592
,2179,3,3,1.0
,2180,0,1,0.9532573
,2180,1,1,0.9536739
,2180,2,3,1.0
,2180,3,0,0.98376685
,2181,0,1,0.9509949
,2181,1,1,0.95523256
,2181,2,0,0.91993415
,2181,3,3,1.0
,2182,0,1,0.90869755
,2182,1,1,0.9533023
,2182,2,2,1.0
,2182,3,1,0.7470552
,2183,0,1,0.5254638
,2183,1,1,0.9536673
,2183,2,0,0.8258695
,2183,3,3,1.0
,2184,0,3,1.0
,2184,1,1,0.9553289
,2184,2,1,0.7913941
,2184,3,0,0.87343484
,2185,0,1,0.5086249
,2185,1,1,0.9555024
,2185,2,0,0.501934
,2185,3,3,1.0
,2186,0,1,0.9131412
,2186,1,1,0.9555469
,2186,2,3,1.0
,2186,3,0,0.87347275
,2187,0,1,0.9515381
,2187,1,1,0.9555648
,2187,2,0,0.9480898
,2187,3,3,1.0
,2188,0,1,0.9549516
,2188,1,1,0.95533496
,2188,2,3,1.0
,2188,3,1,0.51606554
,2189,0,1,0.9529741
,2189,1,1,0.95301235
,2189,2,0,0.94729304
,2189,3,3,1.0
,2190,0,1,0.95110166
,2190,1,1,0.9511059
,2190,2,3,1.0
,2190,3,0,0.98352903
,2191,0,1,0.9511753
,2191,1,1,0.95117575
,2191,2,0,0.98376274
,2191,3,3,1.0
,2192,0,1,0.9534503
,2192,1,1,0.9534503
,2192,2,3,1.0
,2192,3,0,0.98399556
,2193,0,1,0.95517975
,2193,1,1,0.95517975
,2193,2,0,0.94822764
,2193,3,3,1.0
,2194,0,1,0.9532824
,2194,1,1,0.9532824
,2194,2,3,1.0
,2194,3,1,0.5199205
,2195,0,1,0.95340586
,2195,1,1,0.95340586
,2195,2,0,0.98374116
,2195,3,3,1.0
,2196,0,1,0.9528526
,2196,1,1,0.9528526
,2196,2,3,1.0
,2196,3,0,0.9474461
,2197,0,1,0.95133847
,2197,1,1,0.95133847
,2197,2,0,0.9835282
,2197,3,3,1.0
,2198,0,1,0.95352364
,2198,1,1,0.95352364
,2198,2,3,1.0
,2198,3,0,0.9840053
,2199,0,1,0.9554143
,2199,1,1,0.9554143
,2199,2,0,0.87352556
,2199,3,3,1.0
,2200,0,1,0.95539
,2200,1,1,0.95539
,2200,2,3,1.0
,2200,3,1,0.7439092
,2201,0,1,0.9533432
,2201,1,1,0.95334333
,2201,2,0,0.884124
,2201,3,3,1.0
,2202,0,1,0.9515628
,2202,1,1,0.9515628
,2202,2,2,1.0
,2202,3,0,0.98499197
,2203,0,1,0.9533087
,2203,1,1,0.9533087
,2203,2,0,0.9925847
,2203,3,3,1.0
,2204,0,1,0.95308053
,2204,1,1,0.9530804
,2204,2,2,1.0
,2204,3,0,0.94804204
,2205,0,1,0.9534438
,2205,1,1,0.9534438
,2205,2,0,0.98779607
,2205,3,3,1.0
,2206,0,1,0.95312804
,2206,1,1,0.95312804
,2206,2,3,1.0
,2206,3,0,0.88411695
,2207,0,1,0.9512897
,2207,1,1,0.9512897
,2207,2,0,0.98499113
,2207,3,2,1.0
,2208,0,1,0.95094126
,2208,1,1,0.95094126
,2208,2,3,1.0
,2208,3,0,0.9876167
,2209,0,1,0.9511425
,2209,1,1,0.9511425
,2209,2,0,0.98375994
,2209,3,3,1.0
,2210,0,1,0.95330405
,2210,1,1,0.95330405
,2210,2,3,1.0
,2210,3,0,0.984004
,2211,0,1,0.9531075
,2211,1,1,0.9531075
,2211,2,1,0.5200152
,2211,3,3,1.0
,2212,0,1,0.95345575
,2212,1,1,0.95345587
,2212,2,3,1.0
,2212,3,0,0.99017483
,2213,0,1,0.95289737
,2213,1,1,0.95289737
,2213,2,1,0.52047795
,2213,3,2,1.0
,2214,0,1,0.95133674
,2214,1,1,0.95133734
,2214,2,3,1.0
,2214,3,0,0.987608
,2215,0,1,0.9535367
,2215,1,1,0.9535418
,2215,2,0,0.9840095
,2215,3,3,1.0
,2216,0,1,0.9552837
,2216,1,1,0.9553356
,2216,2,3,1.0
,2216,3,1,0.5161014
,2217,0,1,0.9541324
,2217,1,1,0.9546777
,2217,2,1,0.5319212
,2217,3,3,1.0
,2218,0,1,0.9491102
,2218,1,1,0.9546518
,2218,2,0,0.69095016
,2218,3,3,1.0
,2219,0,1,0.8955495
,2219,1,1,0.9532089
,2219,2,2,1.0
,2219,3,0,0.87173223
,2220,0,0,0.5994317
,2220,1,1,0.95343316
,2220,2,0,0.8953916
,2220,3,3,1.0
,2221,0,2,1.0
,2221,1,1,0.95287555
,2221,2,0,0.7085029
,2221,3,1,0.7154625
,2222,0,0,0.98760766
,2222,1,1,0.95130795
,2222,2,3,1.0
,2222,3,1,0.9194582
,2223,0,3,1.0
,2223,1,1,0.95328575
,2223,2,0,0.99030197
,2223,3,1,0.9078473
,2224,0,1,0.71740854
,2224,1,1,0.95283705
,2224,2,2,1.0
,2224,3,1,0.5379337
,2225,0,1,0.9255551
,2225,1,1,0.9510466
,2225,2,0,0.9876074
,2225,3,3,1.0
,2226,0,1,0.9481406
,2226,1,1,0.95089525
,2226,2,3,1.0
,2226,3,0,0.98376215
,2227,0,1,0.9505806
,2227,1,1,0.95087826
,2227,2,0,0.9837583
,2227,3,3,1.0
,2228,0,1,0.95084333
,2228,1,1,0.9508755
,2228,2,3,1.0
,2228,3,0,0.9837585
,2229,0,1,0.95086247
,2229,1,1,0.950866
,2229,2,0,0.9837585
,2229,3,3,1.0
,2230,0,1,0.9507795
,2230,1,1,0.95077986
,2230,2,3,1.0
,2230,3,0,0.9837585
,2231,0,1,0.9499682
,2231,1,1,0.94996834
,2231,2,0,0.9837578
,2231,3,3,1.0
,2232,0,1,0.94335216
,2232,1,1,0.94335216
,2232,2,3,1.0
,2232,3,0,0.7972585
,2233,0,1,0.86462426
,2233,1,1,0.86462426
,2233,2,3,1.0
,2233,3,1,0.69877183
,2234,0,2,0.53895026
,2234,1,0,1.0
,2234,2,0,1.0
,2234,3,0,1.0
,2235,0,0,0.9864775
,2235,1,1,0.8491652
,2235,2,2,1.0
,2235,3,1,0.83488846
,2236,0,3,1.0
,2236,1,1,0.9397799
,2236,2,0,0.9876086
,2236,3,1,0.8815108
,2237,0,0,0.77185416
,2237,1,1,0.94979495
,2237,2,3,1.0
,2237,3,0,0.5045465
,2238,0,1,0.87345576
,2238,1,1,0.95091903
,2238,2,0,0.98470956
,2238,3,2,1.0
,2239,0,1,0.942903
,2239,1,1,0.9512268
,2239,2,3,1.0
,2239,3,0,0.98917806
,2240,0,1,0.9503096
,2240,1,1,0.9511979
,2240,2,0,0.98554385
,2240,3,2,1.0
,2241,0,1,0.95115703
,2241,1,1,0.95125246
,2241,2,3,1.0
,2241,3,0,0.98917794
,2242,0,1,0.95116156
,2242,1,1,0.95117176
,2242,2,0,0.9855448
,2242,3,2,1.0
,2243,0,1,0.9509255
,2243,1,1,0.95092666
,2243,2,3,1.0
,2243,3,0,0.98761624
,2244,0,1,0.9511372
,2244,1,1,0.9511373
,2244,2,0,0.9837602
,2244,3,3,1.0
,2245,0,1,0.95325017
,2245,1,1,0.95325017
,2245,2,3,1.0
,2245,3,0,0.9902655
,2246,0,1,0.9528275
,2246,1,1,0.95282763
,2246,2,0,0.94804025
,2246,3,2,1.0
,2247,0,1,0.95105386
,2247,1,1,0.9510545
,2247,2,3,1.0
,2247,3,0,0.98760897
,2248,0,1,0.950918
,2248,1,1,0.9509237
,2248,2,0,0.98376346
,2248,3,3,1.0
,2249,0,1,0.95108193
,2249,1,1,0.95113397
,2249,2,3,1.0
,2249,3,0,0.9837584
,2250,0,1,0.95276505
,2250,1,1,0.9532463
,2250,2,0,0.9839957
,2250,3,3,1.0
,2251,0,1,0.9482676
,2251,1,1,0.9531395
,2251,2,3,1.0
,2251,3,0,0.9530953
,2252,0,1,0.9045002
,2252,1,1,0.95164686
,2252,2,0,0.98688996
,2252,3,2,1.0
,2253,0,1,0.50650567
,2253,1,1,0.9513448
,2253,2,2,1.0
,2253,3,0,0.9062574
,2254,0,2,1.0
,2254,1,1,0.9512308
,2254,2,0,0.9060125
,2254,3,0,0.74500024
,2255,0,0,0.8215865
,2255,1,1,0.95129526
,2255,2,0,0.7459103
,2255,3,2,1.0
,2256,0,1,0.8687839
,2256,1,1,0.95132667
,2256,2,2,1.0
,2256,3,0,0.98766184
,2257,0,1,0.9447295
,2257,1,1,0.953283
,2257,2,0,0.9925847
,2257,3,3,1.0
,2258,0,1,0.95222175
,2258,1,1,0.95307416
,2258,2,2,1.0
,2258,3,0,0.94804174
,2259,0,1,0.9532716
,2259,1,1,0.95340973
,2259,2,0,0.98779297
,2259,3,3,1.0
,2260,0,1,0.9526111
,2260,1,1,0.9531273
,2260,2,3,1.0
,2260,3,0,0.9531648
,2261,0,1,0.9463857
,2261,1,1,0.9513008
,2261,2,0,0.98514897
,2261,3,2,1.0
,2262,0,1,0.90501714
,2262,1,1,0.95082384
,2262,2,3,1.0
,2262,3,0,0.9876099
,2263,0,1,0.527984
,2263,1,1,0.95077497
,2263,2,0,0.7904145
,2263,3,3,1.0
,2264,0,3,1.0
,2264,1,1,0.9507573
,2264,2,1,0.7710112
,2264,3,0,0.98363763
,2265,0,0,0.77441597
,2265,1,1,0.9508015
,2265,2,0,0.51413316
,2265,3,3,1.0
,2266,0,1,0.8627825
,2266,1,1,0.95110476
,2266,2,3,1.0
,2266,3,0,0.9836523
,2267,0,1,0.8980183
,2267,1,1,0.95322394
,2267,2,0,0.9902208
,2267,3,3,1.0
,2268,0,1,0.53477615
,2268,1,1,0.95280015
,2268,2,2,1.0
,2268,3,0,0.5124262
,2269,0,3,1.0
,2269,1,1,0.9510663
,2269,2,0,0.98760647
,2269,3,1,0.8998259
,2270,0,0,0.9837597
,2270,1,1,0.95115215
,2270,2,3,1.0
,2270,3,1,0.94086534
,2271,0,3,1.0
,2271,1,1,0.9532538
,2271,2,0,0.9902248
,2271,3,1,0.91139096
,2272,0,0,0.5107758
,2272,1,1,0.9530471
,2272,2,2,1.0
,2272,3,1,0.5388816
,2273,0,1,0.9052927
,2273,1,1,0.953432
,2273,2,0,0.99257827
,2273,3,3,1.0
,2274,0,1,0.9483788
,2274,1,1,0.9531496
,2274,2,2,1.0
,2274,3,0,0.95362
,2275,0,1,0.95075274
,2275,1,1,0.95133686
,2275,2,0,0.9876703
,2275,3,2,1.0
,2276,0,1,0.95053
,2276,1,1,0.9512703
,2276,2,3,1.0
,2276,3,0,0.98917794
,2277,0,1,0.94475764
,2277,1,1,0.9511905
,2277,2,0,0.9855441
,2277,3,2,1.0
,2278,0,1,0.89132917
,2278,1,1,0.9510853
,2278,2,3,1.0
,2278,3,0,0.98761094
,2279,0,0,0.5985722
,2279,1,1,0.9531837
,2279,2,0,0.8677402
,2279,3,3,1.0
,2280,0,2,1.0
,2280,1,1,0.9530008
,2280,2,0,0.7191473
,2280,3,0,0.68534297
,2281,0,0,0.8216335
,2281,1,1,0.9514067
,2281,2,2,1.0
,2281,3,0,0.67792016
,2282,0,1,0.86808705
,2282,1,1,0.95107025
,2282,2,0,0.987658
,2282,3,2,1.0
,2283,0,1,0.94192123
,2283,1,1,0.9508863
,2283,2,3,1.0
,2283,3,0,0.9876165
,2284,0,1,0.9499366
,2284,1,1,0.9508535
,2284,2,0,0.983759
,2284,3,3,1.0
,2285,0,1,0.95107573
,2285,1,1,0.95069754
,2285,2,3,1.0
,2285,3,0,0.9857692
,2286,0,1,0.95069283
,2286,1,1,0.9461823
,2286,2,0,0.9855333
,2286,3,2,1.0
,2287,0,1,0.94661
,2287,1,1,0.9045686
,2287,2,3,1.0
,2287,3,0,0.9876093
,2288,0,1,0.9120967
,2288,1,1,0.52421516
,2288,2,0,0.78043073
,2288,3,3,1.0
,2289,0,1,0.53899705
,2289,1,3,1.0
,2289,2,1,0.78476864
,2289,3,0,0.53295535
,2290,0,3,1.0
,2290,1,0,0.77029824
,2290,2,0,0.5098655
,2290,3,1,0.81727797
,2291,0,0,0.7717089
,2291,1,1,0.8726072
,2291,2,3,1.0
,2291,3,1,0.50035113
,2292,0,1,0.87359333
,2292,1,1,0.9428249
,2292,2,0,0.98566747
,2292,3,3,1.0
,2293,0,1,0.94315976
,2293,1,1,0.95052034
,2293,2,2,1.0
,2293,3,0,0.98552483
,2294,0,1,0.9524118
,2294,1,1,0.9531748
,2294,2,0,0.99258447
,2294,3,3,1.0
,2295,0,1,0.95274407
,2295,1,1,0.95281994
,2295,2,2,1.0
,2295,3,0,0.94804215
,2296,0,1,0.95104283
,2296,1,1,0.9510511
,2296,2,0,0.98760885
,2296,3,3,1.0
,2297,0,1,0.95089906
,2297,1,1,0.9509
,2297,2,3,1.0
,2297,3,0,0.9837636
,2298,0,1,0.95091486
,2298,1,1,0.950915
,2298,2,0,0.9837583
,2298,3,3,1.0
,2299,0,1,0.95125836
,2299,1,1,0.95125836
,2299,2,3,1.0
,2299,3,0,0.98574924
,2300,0,1,0.9515063
,2300,1,1,0.9515063
,2300,2,0,0.98727286
,2300,3,2,1.0
,2301,0,1,0.9511803
,2301,1,1,0.9511803
,2301,2,2,1.0
,2301,3,0,0.9876849
,2302,0,1,0.9509007
,2302,1,1,0.9509007
,2302,2,0,0.98761636
,2302,3,3,1.0
,2303,0,1,0.9508829
,2303,1,1,0.9508829
,2303,2,3,1.0
,2303,3,0,0.98375994
,2304,0,1,0.95090985
,2304,1,1,0.95090985
,2304,2,0,0.9837585
,2304,3,3,1.0
,2305,0,1,0.95122933
,2305,1,1,0.95122933
,2305,2,3,1.0
,2305,3,0,0.9857697
,2306,0,1,0.9511676
,2306,1,1,0.9511681
,2306,2,0,0.9855338
,2306,3,2,1.0
,2307,0,1,0.9509253
,2307,1,1,0.9509315
,2307,2,3,1.0
,2307,3,0,0.9876159
,2308,0,1,0.95117414
,2308,1,1,0.9512317
,2308,2,0,0.9857709
,2308,3,3,1.0
,2309,0,1,0.9506272
,2309,1,1,0.95116687
,2309,2,2,1.0
,2309,3,0,0.9855338
,2310,0,1,0.9459004
,2310,1,1,0.95091826
,2310,2,0,0.98761636
,2310,3,3,1.0
,2311,0,1,0.90460765
,2311,1,1,0.9510603
,2311,2,3,1.0
,2311,3,0,0.98375535
,2312,0,1,0.52430063
,2312,1,1,0.9531138
,2312,2,0,0.8645646
,2312,3,3,1.0
,2313,0,3,1.0
,2313,1,1,0.95266944
,2313,2,0,0.69945765
,2313,3,0,0.67733777
,2314,0,0,0.76962847
,2314,1,1,0.950967
,2314,2,3,1.0
,2314,3,0,0.65523875
,2315,0,1,0.8735374
,2315,1,1,0.9510702
,2315,2,0,0.9836621
,2315,3,3,1.0
,2316,0,1,0.94516623
,2316,1,1,0.9527402
,2316,2,3,1.0
,2316,3,0,0.98398924
,2317,0,1,0.95199317
,2317,1,1,0.9480294
,2317,2,0,0.94744307
,2317,3,3,1.0
,2318,0,1,0.9508748
,2318,1,1,0.9053823
,2318,2,3,1.0
,2318,3,0,0.9835234
,2319,0,1,0.95051295
,2319,1,1,0.5283324
,2319,2,0,0.8905156
,2319,3,3,1.0
,2320,0,1,0.94872105
,2320,1,3,1.0
,2320,2,0,0.8087143
,2320,3,0,0.8631098
,2321,0,1,0.9082268
,2321,1,0,0.51197886
,2321,2,2,1.0
,2321,3,0,0.69886684
,2322,0,1,0.52544534
,2322,1,1,0.89809966
,2322,2,0,0.89617
,2322,3,3,1.0
,2323,0,3,1.0
,2323,1,1,0.9073428
,2323,2,0,0.7123741
,2323,3,1,0.50641185
,2324,0,0,0.6768906
,2324,1,1,0.53755146
,2324,2,3,1.0
,2324,3,1,0.9080087
,2325,0,0,0.655089
,2325,1,3,1.0
,2325,2,0,0.7883428
,2325,3,1,0.94602317
,2326,0,3,1.0
,2326,1,0,0.98364663
,2326,2,1,0.76572275
,2326,3,1,0.9497249
,2327,0,0,0.77160925
,2327,1,3,1.0
,2327,2,0,0.54028785
,2327,3,1,0.94597965
,2328,0,1,0.8738911
,2328,1,0,0.98473144
,2328,2,2,1.0
,2328,3,1,0.9050149
,2329,0,1,0.9447696
,2329,1,3,1.0
,2329,2,0,0.89625764
,2329,3,1,0.52461207
,2330,0,1,0.94874775
,2330,1,1,0.5067189
,2330,2,0,0.71249825
,2330,3,3,1.0
,2331,0,1,0.8953205
,2331,1,1,0.9078631
,2331,2,3,1.0
,2331,3,0,0.8716956
,2332,0,0,0.5987026
,2332,1,1,0.9439325
,2332,2,0,0.76078457
,2332,3,3,1.0
,2333,0,2,1.0
,2333,1,1,0.9074616
,2333,2,1,0.88233304
,2333,3,0,0.947866
,2334,0,0,0.82590777
,2334,1,1,0.52515537
,2334,2,1,0.94626397
,2334,3,3,1.0
,2335,0,1,0.79197395
,2335,1,3,1.0
,2335,2,1,0.95435137
,2335,3,0,0.94811946
,2336,0,1,0.50195
,2336,1,0,0.5060611
,2336,2,1,0.95284355
,2336,3,3,1.0
,2337,0,3,1.0
,2337,1,1,0.902014
,2337,2,1,0.95087326
,2337,3,0,0.9855154
,2338,0,0,0.98553365
,2338,1,1,0.94593126
,2338,2,1,0.9462008
,2338,3,2,1.0
,2339,0,3,1.0
,2339,1,1,0.9505152
,2339,2,1,0.9045534
,2339,3,0,0.9876091
,2340,0,0,0.76252794
,2340,1,1,0.9533086
,2340,2,1,0.52412796
,2340,3,3,1.0
,2341,0,1,0.8868238
,2341,1,1,0.955109
,2341,2,3,1.0
,2341,3,0,0.967969
,2342,0,1,0.9462141
,2342,1,1,0.95300907
,2342,2,0,0.94795775
,2342,3,2,1.0
,2343,0,1,0.9503381
,2343,1,1,0.9510741
,2343,2,3,1.0
,2343,3,0,0.98760885
,2344,0,1,0.95084196
,2344,1,1,0.9509263
,2344,2,0,0.98376346
,2344,3,3,1.0
,2345,0,1,0.95108557
,2345,1,1,0.95113957
,2345,2,3,1.0
,2345,3,0,0.9837585
,2346,0,1,0.9528524
,2346,1,1,0.9532739
,2346,2,0,0.99026537
,2346,3,3,1.0
,2347,0,1,0.9488047
,2347,1,1,0.9530688
,2347,2,2,1.0
,2347,3,0,0.94804
,2348,0,1,0.91257066
,2348,1,1,0.95336825
,2348,2,0,0.98779064
,2348,3,3,1.0
,2349,0,1,0.53918016
,2349,1,1,0.9529682
,2349,2,3,1.0
,2349,3,0,0.6788538
,2350,0,3,1.0
,2350,1,1,0.95337576
,2350,2,0,0.86201054
,2350,3,0,0.65877485
,2351,0,1,0.7186172
,2351,1,1,0.9531026
,2351,2,0,0.69835573
,2351,3,3,1.0
,2352,0,1,0.929362
,2352,1,1,0.95360726
,2352,2,3,1.0
,2352,3,0,0.9837321
,2353,0,1,0.95285183
,2353,1,1,0.95510745
,2353,2,0,0.9680058
,2353,3,3,1.0
,2354,0,1,0.9530305
,2354,1,1,0.9526672
,2354,2,2,1.0
,2354,3,0,0.9479599
,2355,0,1,0.95342815
,2355,1,1,0.94776434
,2355,2,0,0.98779607
,2355,3,3,1.0
,2356,0,1,0.9530145
,2356,1,1,0.8951599
,2356,2,3,1.0
,2356,3,0,0.8716943
,2357,0,1,0.95336324
,2357,1,0,0.5987205
,2357,2,0,0.7823516
,2357,3,3,1.0
,2358,0,1,0.95306
,2358,1,2,1.0
,2358,2,1,0.75944984
,2358,3,0,0.94786024
,2359,0,1,0.95341486
,2359,1,0,0.81397855
,2359,2,0,0.6349204
,2359,3,3,1.0
,2360,0,1,0.953082
,2360,1,1,0.87705076
,2360,2,2,1.0
,2360,3,0,0.9478726
,2361,0,1,0.95344555
,2361,1,1,0.94555783
,2361,2,0,0.99257946
,2361,3,3,1.0
,2362,0,1,0.9531738
,2362,1,1,0.9523937
,2362,2,2,1.0
,2362,3,0,0.95362043
,2363,0,1,0.9515602
,2363,1,1,0.95147693
,2363,2,0,0.9876708
,2363,3,2,1.0
,2364,0,1,0.9533078
,2364,1,1,0.95329916
,2364,2,3,1.0
,2364,3,0,0.9925847
,2365,0,1,0.953076
,2365,1,1,0.9530752
,2365,2,0,0.94804186
,2365,3,2,1.0
,2366,0,1,0.9534045
,2366,1,1,0.95340437
,2366,2,3,1.0
,2366,3,0,0.98779297
,2367,0,1,0.9530664
,2367,1,1,0.9530664
,2367,2,0,0.9474462
,2367,3,3,1.0
,2368,0,1,0.95341015
,2368,1,1,0.95341015
,2368,2,3,1.0
,2368,3,0,0.9837687
,2369,0,1,0.9530882
,2369,1,1,0.9530882
,2369,2,0,0.94744575
,2369,3,3,1.0
,2370,0,1,0.95361614
,2370,1,1,0.95361614
,2370,2,3,1.0
,2370,3,0,0.9837687
,2371,0,1,0.955164
,2371,1,1,0.955164
,2371,2,0,0.96800625
,2371,3,3,1.0
,2372,0,1,0.9532573
,2372,1,1,0.9532573
,2372,2,2,1.0
,2372,3,0,0.9479599
,2373,0,1,0.9534314
,2373,1,1,0.9534314
,2373,2,0,0.98779297
,2373,3,3,1.0
,2374,0,1,0.9531564
,2374,1,1,0.9531564
,2374,2,3,1.0
,2374,3,0,0.95316595
,2375,0,1,0.9515636
,2375,1,1,0.9515636
,2375,2,0,0.9851496
,2375,3,2,1.0
,2376,0,1,0.95328325
,2376,1,1,0.95328325
,2376,2,3,1.0
,2376,3,0,0.98780054
,2377,0,1,0.9531471
,2377,1,1,0.9531471
,2377,2,0,0.9531012
,2377,3,3,1.0
,2378,0,1,0.95167965
,2378,1,1,0.95167965
,2378,2,2,1.0
,2378,3,0,0.9869409
,2379,0,1,0.9514725
,2379,1,1,0.9514725
,2379,2,0,0.9876854
,2379,3,2,1.0
,2380,0,1,0.9534712
,2380,1,1,0.9534712
,2380,2,3,1.0
,2380,3,0,0.98780054
,2381,0,1,0.9551555
,2381,1,1,0.9551555
,2381,2,0,0.9680033
,2381,3,3,1.0
,2382,0,1,0.9533162
,2382,1,1,0.9533162
,2382,2,2,1.0
,2382,3,0,0.95354587
,2383,0,1,0.9513497
,2383,1,1,0.9513497
,2383,2,0,0.9876708
,2383,3,2,1.0
,2384,0,1,0.951171
,2384,1,1,0.951171
,2384,2,3,1.0
,2384,3,0,0.9876165
,2385,0,1,0.9532424
,2385,1,1,0.9532424
,2385,2,0,0.98399687
,2385,3,3,1.0
,2386,0,1,0.95305383
,2386,1,1,0.9530537
,2386,2,3,1.0
,2386,3,0,0.94744384
,2387,0,1,0.95342165
,2387,1,1,0.95342165
,2387,2,0,0.9901263
,2387,3,3,1.0
,2388,0,1,0.9528788
,2388,1,1,0.9528788
,2388,2,2,1.0
,2388,3,0,0.9480398
,2389,0,1,0.9514342
,2389,1,1,0.9514342
,2389,2,0,0.98917353
,2389,3,3,1.0
,2390,0,1,0.95144314
,2390,1,1,0.95144314
,2390,2,2,1.0
,2390,3,0,0.9855496
,2391,0,1,0.9533029
,2391,1,1,0.9533029
,2391,2,0,0.9925842
,2391,3,3,1.0
,2392,0,1,0.9531638
,2392,1,1,0.9531638
,2392,2,2,1.0
,2392,3,0,0.9535487
,2393,0,1,0.95167273
,2393,1,1,0.95167273
,2393,2,0,0.9891905
,2393,3,2,1.0
,2394,0,1,0.95145404
,2394,1,1,0.95145404
,2394,2,2,1.0
,2394,3,0,0.9876856
,2395,0,1,0.95329595
,2395,1,1,0.95329595
,2395,2,0,0.9925847
,2395,3,3,1.0
,2396,0,1,0.95307565
,2396,1,1,0.95307565
,2396,2,2,1.0
,2396,3,0,0.94804186
,2397,0,1,0.95341665
,2397,1,1,0.95341665
,2397,2,0,0.9925802
,2397,3,3,1.0
,2398,0,1,0.95287263
,2398,1,1,0.95287263
,2398,2,2,1.0
,2398,3,0,0.94804317
,2399,0,1,0.95132947
,2399,1,1,0.95132947
,2399,2,0,0.98760885
,2399,3,3,1.0
,2400,0,1,0.9534659
,2400,1,1,0.9534659
,2400,2,3,1.0
,2400,3,0,0.9840006
,2401,0,1,0.95515466
,2401,1,1,0.95515466
,2401,2,0,0.9680028
,2401,3,3,1.0
,2402,0,1,0.9533136
,2402,1,1,0.9533136
,2402,2,2,1.0
,2402,3,0,0.95354587
,2403,0,1,0.9513253
,2403,1,1,0.9513253
,2403,2,0,0.9876708
,2403,3,2,1.0
,2404,0,1,0.9509444
,2404,1,1,0.9509444
,2404,2,3,1.0
,2404,3,0,0.9876166
,2405,0,1,0.95113945
,2405,1,1,0.95113945
,2405,2,0,0.98375994
,2405,3,3,1.0
,2406,0,1,0.9532529
,2406,1,1,0.9532529
,2406,2,3,1.0
,2406,3,0,0.9902655
,2407,0,1,0.9528537
,2407,1,1,0.9528537
,2407,2,0,0.94804025
,2407,3,2,1.0
,2408,0,1,0.9513026
,2408,1,1,0.9513026
,2408,2,3,1.0
,2408,3,0,0.98760885
,2409,0,1,0.95323235
,2409,1,1,0.95323235
,2409,2,0,0.9840006
,2409,3,3,1.0
,2410,0,1,0.9528064
,2410,1,1,0.9528064
,2410,2,3,1.0
,2410,3,0,0.94744337
,2411,0,1,0.9510579
,2411,1,1,0.9510579
,2411,2,0,0.98352796
,2411,3,3,1.0
,2412,0,1,0.95093256
,2412,1,1,0.95093256
,2412,2,3,1.0
,2412,3,0,0.9837626
,2413,0,1,0.9512602
,2413,1,1,0.9512602
,2413,2,0,0.98574924
,2413,3,3,1.0
,2414,0,1,0.9515067
,2414,1,1,0.9515067
,2414,2,2,1.0
,2414,3,0,0.987273
,2415,0,1,0.9511806
,2415,1,1,0.9511806
,2415,2,0,0.9876849
,2415,3,2,1.0
,2416,0,1,0.95090395
,2416,1,1,0.95090395
,2416,2,3,1.0
,2416,3,0,0.98761636
,2417,0,1,0.9509126
,2417,1,1,0.9509126
,2417,2,0,0.98375994
,2417,3,3,1.0
,2418,0,1,0.9512322
,2418,1,1,0.9512322
,2418,2,3,1.0
,2418,3,0,0.9857697
,2419,0,1,0.9511926
,2419,1,1,0.9511926
,2419,2,0,0.9855338
,2419,3,2,1.0
,2420,0,1,0.9511593
,2420,1,1,0.9511593
,2420,2,3,1.0
,2420,3,0,0.98761636
,2421,0,1,0.9532788
,2421,1,1,0.9532788
,2421,2,0,0.9902663
,2421,3,3,1.0
,2422,0,1,0.9530961
,2422,1,1,0.9530961
,2422,2,2,1.0
,2422,3,0,0.9480401
,2423,0,1,0.9536263
,2423,1,1,0.9536263
,2423,2,0,0.98779297
,2423,3,3,1.0
,2424,0,1,0.9553223
,2424,1,1,0.9553223
,2424,2,3,1.0
,2424,3,0,0.94820595
,2425,0,1,0.95528674
,2425,1,1,0.95528674
,2425,2,0,0.94807166
,2425,3,3,1.0
,2426,0,1,0.95327014
,2426,1,1,0.95327014
,2426,2,3,1.0
,2426,3,0,0.9473109
,2427,0,1,0.9536492
,2427,1,1,0.9536492
,2427,2,0,0.98376954
,2427,3,3,1.0
,2428,0,1,0.9553275
,2428,1,1,0.9553275
,2428,2,3,1.0
,2428,3,0,0.94820595
,2429,0,1,0.9553012
,2429,1,1,0.9553012
,2429,2,0,0.9679241
,2429,3,3,1.0
,2430,0,1,0.9530546
,2430,1,1,0.9530546
,2430,2,2,1.0
,2430,3,0,0.94796026
,2431,0,1,0.95133084
,2431,1,1,0.95133084
,2431,2,0,0.9876091
,2431,3,3,1.0
,2432,0,1,0.9532736
,2432,1,1,0.9532736
,2432,2,3,1.0
,2432,3,0,0.9902686
,2433,0,1,0.95285684
,2433,1,1,0.95285684
,2433,2,0,0.94804025
,2433,3,2,1.0
,2434,0,1,0.951315
,2434,1,1,0.951315
,2434,2,3,1.0
,2434,3,0,0.9876091
,2435,0,1,0.95331734
,2435,1,1,0.95331734
,2435,2,0,0.9903053
,2435,3,3,1.0
,2436,0,1,0.95314664
,2436,1,1,0.95314664
,2436,2,2,1.0
,2436,3,0,0.88391477
,2437,0,1,0.9515572
,2437,1,1,0.9515572
,2437,2,0,0.9876644
,2437,3,2,1.0
,2438,0,1,0.95351213
,2438,1,1,0.95351213
,2438,2,3,1.0
,2438,3,0,0.9878038
,2439,0,1,0.9551483
,2439,1,1,0.9551483
,2439,2,0,0.8734683
,2439,3,3,1.0
,2440,0,1,0.9532947
,2440,1,1,0.9532947
,2440,2,3,1.0
,2440,3,0,0.9530402
,2441,0,1,0.9513279
,2441,1,1,0.9513279
,2441,2,0,0.98515034
,2441,3,2,1.0
,2442,0,1,0.950917
,2442,1,1,0.950917
,2442,2,3,1.0
,2442,3,0,0.9876166
,2443,0,1,0.9508814
,2443,1,1,0.9508814
,2443,2,0,0.98375994
,2443,3,3,1.0
,2444,0,1,0.9508806
,2444,1,1,0.9508806
,2444,2,3,1.0
,2444,3,0,0.9837585
,2445,0,1,0.95090985
,2445,1,1,0.95090985
,2445,2,0,0.9837585
,2445,3,3,1.0
,2446,0,1,0.95123184
,2446,1,1,0.95123184
,2446,2,3,1.0
,2446,3,0,0.9857697
,2447,0,1,0.9511916
,2447,1,1,0.9511916
,2447,2,0,0.9855338
,2447,3,2,1.0
,2448,0,1,0.95115024
,2448,1,1,0.95115024
,2448,2,3,1.0
,2448,3,0,0.98761624
,2449,0,1,0.95321596
,2449,1,1,0.95321596
,2449,2,0,0.98399705
,2449,3,3,1.0
,2450,0,1,0.9528048
,2450,1,1,0.9528048
,2450,2,3,1.0
,2450,3,0,0.94744337
,2451,0,1,0.9510574
,2451,1,1,0.9510574
,2451,2,0,0.98352796
,2451,3,3,1.0
,2452,0,1,0.9509297
,2452,1,1,0.9509297
,2452,2,3,1.0
,2452,3,0,0.9837626
,2453,0,1,0.9512347
,2453,1,1,0.9512347
,2453,2,0,0.9857699
,2453,3,3,1.0
,2454,0,1,0.9511976
,2454,1,1,0.9511976
,2454,2,2,1.0
,2454,3,0,0.98553413
,2455,0,1,0.9512558
,2455,1,1,0.9512558
,2455,2,0,0.9891783
,2455,3,3,1.0
,2456,0,1,0.95120144
,2456,1,1,0.95120144
,2456,2,2,1.0
,2456,3,0,0.98554504
,2457,0,1,0.9512558
,2457,1,1,0.9512558
,2457,2,0,0.98917806
,2457,3,3,1.0
,2458,0,1,0.95119876
,2458,1,1,0.95119876
,2458,2,2,1.0
,2458,3,0,0.9855448
,2459,0,1,0.95117754
,2459,1,1,0.95117754
,2459,2,0,0.9876161
,2459,3,3,1.0
,2460,0,1,0.9534653
,2460,1,1,0.9534653
,2460,2,3,1.0
,2460,3,0,0.98399705
,2461,0,1,0.9553291
,2461,1,1,0.9553291
,2461,2,0,0.948203
,2461,3,3,1.0
,2462,0,1,0.9555199
,2462,1,1,0.9555199
,2462,2,3,1.0
,2462,3,0,0.94808614
,2463,0,1,0.955366
,2463,1,1,0.955366
,2463,2,0,0.9196611
,2463,3,3,1.0
,2464,0,1,0.9530768
,2464,1,1,0.95307666
,2464,2,2,1.0
,2464,3,0,0.87174004
,2465,0,1,0.9513507
,2465,1,1,0.9513503
,2465,2,0,0.9876086
,2465,3,3,1.0
,2466,0,1,0.95346767
,2466,1,1,0.95346385
,2466,2,3,1.0
,2466,3,0,0.9840007
,2467,0,1,0.95515186
,2467,1,1,0.95511264
,2467,2,0,0.96800464
,2467,3,3,1.0
,2468,0,1,0.95327777
,2468,1,1,0.9528674
,2468,2,2,1.0
,2468,3,0,0.9479599
,2469,0,1,0.9536415
,2469,1,1,0.9497024
,2469,2,0,0.98779297
,2469,3,3,1.0
,2470,0,1,0.9552876
,2470,1,1,0.9152755
,2470,2,3,1.0
,2470,3,0,0.9481946
,2471,0,1,0.9552142
,2471,1,1,0.5361821
,2471,2,0,0.6570165
,2471,3,3,1.0
,2472,0,1,0.9531329
,2472,1,3,1.0
,2472,2,0,0.6358027
,2472,3,0,0.6775345
,2473,0,1,0.9533139
,2473,1,0,0.8655559
,2473,2,3,1.0
,2473,3,0,0.6582542
,2474,0,1,0.95294124
,2474,1,0,0.717089
,2474,2,0,0.67536074
,2474,3,3,1.0
,2475,0,1,0.9513888
,2475,1,2,1.0
,2475,2,0,0.653338
,2475,3,0,0.8806217
,2476,0,1,0.9534304
,2476,1,0,0.8133989
,2476,2,3,1.0
,2476,3,0,0.7215209
,2477,0,1,0.95514387
,2477,1,1,0.882027
,2477,2,0,0.96796703
,2477,3,3,1.0
,2478,0,1,0.9532573
,2478,1,1,0.94601446
,2478,2,2,1.0
,2478,3,0,0.9479573
,2479,0,1,0.9534569
,2479,1,1,0.95270544
,2479,2,0,0.9925802
,2479,3,3,1.0
,2480,0,1,0.95309407
,2480,1,1,0.9530196
,2480,2,2,1.0
,2480,3,0,0.94804287
,2481,0,1,0.9534417
,2481,1,1,0.95343393
,2481,2,0,0.9925802
,2481,3,3,1.0
,2482,0,1,0.9531103
,2482,1,1,0.9531096
,2482,2,2,1.0
,2482,3,0,0.948043
,2483,0,1,0.95360863
,2483,1,1,0.95360863
,2483,2,0,0.98779297
,2483,3,3,1.0
,2484,0,1,0.9551271
,2484,1,1,0.9551271
,2484,2,3,1.0
,2484,3,0,0.94820595
,2485,0,1,0.9532373
,2485,1,1,0.9532373
,2485,2,0,0.94731116
,2485,3,3,1.0
,2486,0,1,0.95346135
,2486,1,1,0.95346135
,2486,2,3,1.0
,2486,3,0,0.9901268
,2487,0,1,0.953092
,2487,1,1,0.953092
,2487,2,0,0.94804114
,2487,3,2,1.0
,2488,0,1,0.95341825
,2488,1,1,0.95341825
,2488,2,3,1.0
,2488,3,0,0.9925802
,2489,0,1,0.952871
,2489,1,1,0.952871
,2489,2,0,0.94804317
,2489,3,2,1.0
,2490,0,1,0.95131326
,2490,1,1,0.95131326
,2490,2,3,1.0
,2490,3,0,0.9876091
,2491,0,1,0.953293
,2491,1,1,0.953293
,2491,2,0,0.9902687
,2491,3,3,1.0
,2492,0,1,0.9530753
,2492,1,1,0.9530753
,2492,2,2,1.0
,2492,3,0,0.94804
,2493,0,1,0.953417
,2493,1,1,0.9534169
,2493,2,0,0.9925802
,2493,3,3,1.0
,2494,0,1,0.9528758
,2494,1,1,0.95287526
,2494,2,2,1.0
,2494,3,0,0.9480415
,2495,0,1,0.95141023
,2495,1,1,0.9514042
,2495,2,0,0.98917377
,2495,3,3,1.0
,2496,0,1,0.95121825
,2496,1,1,0.9511618
,2496,2,2,1.0
,2496,3,0,0.98554975
,2497,0,1,0.95125365
,2497,1,1,0.95072806
,2497,2,0,0.9891776
,2497,3,3,1.0
,2498,0,1,0.9511627
,2498,1,1,0.94623184
,2498,2,2,0.999949
,2498,3,0,0.9855442
,2499,0,1,0.9508353
,2499,1,1,0.90498626
,2499,2,0,0.9876093
,2499,3,3,1.0
,2500,0,1,0.95103264
,2500,1,1,0.5279749
,2500,2,3,1.0
,2500,3,0,0.7886686
,2501,0,1,0.95316595
,2501,1,3,1.0
,2501,2,0,0.9838786
,2501,3,1,0.7811554
,2502,0,1,0.95297235
,2502,1,0,0.5060064
,2502,2,3,1.0
,2502,3,0,0.52395916
,2503,0,1,0.9514689
,2503,1,1,0.9022519
,2503,2,0,0.9844861
,2503,3,2,1.0
,2504,0,1,0.95347214
,2504,1,1,0.9479353
,2504,2,3,1.0
,2504,3,0,0.987801
,2505,0,1,0.9551506
,2505,1,1,0.95037496
,2505,2,0,0.96800464
,2505,3,3,1.0
,2506,0,1,0.9532611
,2506,1,1,0.9085627
,2506,2,2,1.0
,2506,3,0,0.94795537
,2507,0,1,0.9535767
,2507,1,1,0.52550346
,2507,2,0,0.81338257
,2507,3,3,1.0
,2508,0,1,0.9547564
,2508,1,3,1.0
,2508,2,1,0.8820331
,2508,3,0,0.94815373
,2509,0,1,0.94899106
,2509,1,0,0.8717589
,2509,2,1,0.946042
,2509,3,3,1.0
,2510,0,1,0.9124116
,2510,1,3,1.0
,2510,2,1,0.9528706
,2510,3,0,0.98376286
,2511,0,1,0.5354719
,2511,1,1,0.70903504
,2511,2,1,0.954616
,2511,3,3,1.0
,2512,0,3,1.0
,2512,1,1,0.8679733
,2512,2,1,0.94791913
,2512,3,0,0.8716999
,2513,0,0,0.7708484
,2513,1,1,0.51628584
,2513,2,1,0.9030229
,2513,3,3,1.0
,2514,0,1,0.87268984
,2514,1,3,1.0
,2514,2,1,0.50796866
,2514,3,0,0.87342477
,2515,0,1,0.94228935
,2515,1,0,0.780204
,2515,2,2,1.0
,2515,3,0,0.7157092
,2516,0,1,0.9486055
,2516,1,1,0.8778366
,2516,2,0,0.98779744
,2516,3,3,1.0
,2517,0,1,0.9156774
,2517,1,1,0.94790894
,2517,2,3,1.0
,2517,3,0,0.94821274
,2518,0,1,0.54034245
,2518,1,1,0.95224977
,2518,2,1,0.55537266
,2518,3,3,1.0
,2519,0,3,1.0
,2519,1,1,0.95109624
,2519,2,0,0.5818155
,2519,3,0,0.87355363
,2520,0,0,0.76090235
,2520,1,1,0.9533526
,2520,2,3,1.0
,2520,3,0,0.719697
,2521,0,1,0.8870385
,2521,1,1,0.9551386
,2521,2,0,0.9679726
,2521,3,3,1.0
,2522,0,1,0.94653326
,2522,1,1,0.95327663
,2522,2,2,1.0
,2522,3,0,0.94795763
,2523,0,1,0.9529476
,2523,1,1,0.95364493
,2523,2,0,0.98779297
,2523,3,3,1.0
,2524,0,1,0.9552576
,2524,1,1,0.9553239
,2524,2,3,1.0
,2524,3,0,0.94820595
,2525,0,1,0.9552782
,2525,1,1,0.9552845
,2525,2,0,0.9480719
,2525,3,3,1.0
,2526,0,1,0.95324415
,2526,1,1,0.9532448
,2526,2,3,1.0
,2526,3,0,0.9473109
,2527,0,1,0.95340484
,2527,1,1,0.95340496
,2527,2,0,0.98376954
,2527,3,3,1.0
,2528,0,1,0.9528447
,2528,1,1,0.9528447
,2528,2,3,1.0
,2528,3,0,0.947446
,2529,0,1,0.95125407
,2529,1,1,0.95125407
,2529,2,0,0.9835273
,2529,3,3,1.0
,2530,0,1,0.9531871
,2530,1,1,0.9531871
,2530,2,3,1.0
,2530,3,0,0.8665994
,2531,0,1,0.9551022
,2531,1,1,0.9551022
,2531,2,3,1.0
,2531,3,0,0.7045949
,2532,0,1,0.9552637
,2532,1,1,0.9552637
,2532,2,0,0.9480796
,2532,3,3,1.0
,2533,0,1,0.9532428
,2533,1,1,0.9532428
,2533,2,3,1.0
,2533,3,0,0.9473108
,2534,0,1,0.95340574
,2534,1,1,0.95340574
,2534,2,0,0.98376954
,2534,3,3,1.0
,2535,0,1,0.95285535
,2535,1,1,0.95285535
,2535,2,3,1.0
,2535,3,0,0.9474444
,2536,0,1,0.95140773
,2536,1,1,0.95140773
,2536,2,0,0.98557204
,2536,3,3,1.0
,2537,0,1,0.95118445
,2537,1,1,0.95118445
,2537,2,2,1.0
,2537,3,0,0.9855389
,2538,0,1,0.9509008
,2538,1,1,0.9509008
,2538,2,0,0.98761636
,2538,3,3,1.0
,2539,0,1,0.9508822
,2539,1,1,0.9508829
,2539,2,3,1.0
,2539,3,0,0.98376006
,2540,0,1,0.95090365
,2540,1,1,0.95090973
,2540,2,0,0.9837585
,2540,3,3,1.0
,2541,0,1,0.9511721
,2541,1,1,0.9512282
,2541,2,3,1.0
,2541,3,0,0.9857697
,2542,0,1,0.95063084
,2542,1,1,0.95115715
,2542,2,0,0.9855338
,2542,3,2,1.0
,2543,0,1,0.9459367
,2543,1,1,0.95083064
,2543,2,3,1.0
,2543,3,0,0.98761624
,2544,0,1,0.9049402
,2544,1,1,0.95024604
,2544,2,0,0.98375523
,2544,3,3,1.0
,2545,0,1,0.5279448
,2545,1,1,0.9458025
,2545,2,3,1.0
,2545,3,0,0.7731365
,2546,0,3,1.0
,2546,1,1,0.9048853
,2546,2,0,0.9836471
,2546,3,1,0.8710888
,2547,0,0,0.77285427
,2547,1,1,0.5279239
,2547,2,3,1.0
,2547,3,1,0.93649596
,2548,0,1,0.87238675
,2548,1,3,1.0
,2548,2,0,0.9836464
,2548,3,1,0.90319437
,2549,0,1,0.94231486
,2549,1,0,0.7727003
,2549,2,3,1.0
,2549,3,1,0.52740246
,2550,0,1,0.9502926
,2550,1,1,0.87343633
,2550,2,0,0.98567265
,2550,3,3,1.0
,2551,0,1,0.9510985
,2551,1,1,0.94289625
,2551,2,2,1.0
,2551,3,0,0.98552567
,2552,0,1,0.95127064
,2552,1,1,0.95038956
,2552,2,0,0.9891618
,2552,3,3,1.0
,2553,0,1,0.9515121
,2553,1,1,0.95141864
,2553,2,2,1.0
,2553,3,0,0.9872824
,2554,0,1,0.9512078
,2554,1,1,0.95119786
,2554,2,0,0.9876849
,2554,3,2,1.0
,2555,0,1,0.95115477
,2555,1,1,0.9511537
,2555,2,3,1.0
,2555,3,0,0.98761624
,2556,0,1,0.9532405
,2556,1,1,0.9532404
,2556,2,0,0.98399705
,2556,3,3,1.0
,2557,0,1,0.95305043
,2557,1,1,0.95305043
,2557,2,3,1.0
,2557,3,0,0.94744325
,2558,0,1,0.95341235
,2558,1,1,0.95341235
,2558,2,0,0.9837686
,2558,3,3,1.0
,2559,0,1,0.95313233
,2559,1,1,0.95313233
,2559,2,3,1.0
,2559,3,0,0.95316666
,2560,0,1,0.95134526
,2560,1,1,0.95134526
,2560,2,0,0.9851496
,2560,3,2,1.0
,2561,0,1,0.9512958
,2561,1,1,0.9512958
,2561,2,3,1.0
,2561,3,0,0.9891782
,2562,0,1,0.9514243
,2562,1,1,0.9514243
,2562,2,0,0.9855448
,2562,3,2,1.0
,2563,0,1,0.95326495
,2563,1,1,0.95326483
,2563,2,3,1.0
,2563,3,0,0.9878003
,2564,0,1,0.95311666
,2564,1,1,0.95311606
,2564,2,0,0.9531639
,2564,3,3,1.0
,2565,0,1,0.9513347
,2565,1,1,0.95132935
,2565,2,2,1.0
,2565,3,0,0.98514944
,2566,0,1,0.9511597
,2566,1,1,0.95110965
,2566,2,0,0.98761636
,2566,3,3,1.0
,2567,0,1,0.95316094
,2567,1,1,0.9526967
,2567,2,3,1.0
,2567,3,0,0.98398274
,2568,0,1,0.9530517
,2568,1,1,0.9483681
,2568,2,0,0.98072815
,2568,3,3,1.0
,2569,0,1,0.9512924
,2569,1,1,0.9059876
,2569,2,2,1.0
,2569,3,0,0.985222
,2570,0,1,0.9508034
,2570,1,1,0.5286335
,2570,2,0,0.90367526
,2570,3,3,1.0
,2571,0,1,0.95070404
,2571,1,3,1.0
,2571,2,0,0.7259379
,2571,3,0,0.87762344
,2572,0,1,0.951006
,2572,1,0,0.7700847
,2572,2,3,1.0
,2572,3,0,0.73943764
,2573,0,1,0.9510809
,2573,1,1,0.873805
,2573,2,0,0.9849634
,2573,3,2,1.0
,2574,0,1,0.9511427
,2574,1,1,0.94282466
,2574,2,3,1.0
,2574,3,0,0.98761636
,2575,0,1,0.95325154
,2575,1,1,0.952384
,2575,2,0,0.984002
,2575,3,3,1.0
,2576,0,1,0.9528339
,2576,1,1,0.95269156
,2576,2,3,1.0
,2576,3,0,0.87175626
,2577,0,1,0.9510577
,2577,1,1,0.95050687
,2577,2,0,0.98352027
,2577,3,3,1.0
,2578,0,1,0.95091426
,2578,1,1,0.9458876
,2578,2,3,1.0
,2578,3,0,0.9837624
,2579,0,1,0.9510374
,2579,1,1,0.9045142
,2579,2,0,0.98375356
,2579,3,3,1.0
,2580,0,1,0.95313746
,2580,1,1,0.52411866
,2580,2,3,1.0
,2580,3,0,0.76366097
,2581,0,1,0.9528273
,2581,1,3,1.0
,2581,2,0,0.94738364
,2581,3,1,0.8802946
,2582,0,1,0.9514278
,2582,1,0,0.9855632
,2582,2,3,1.0
,2582,3,1,0.93812966
,2583,0,1,0.9514214
,2583,1,2,1.0
,2583,2,0,0.98553306
,2583,3,1,0.9038028
,2584,0,1,0.95322484
,2584,1,0,0.8142537
,2584,2,3,1.0
,2584,3,1,0.5241423
,2585,0,1,0.9528273
,2585,1,1,0.8764063
,2585,2,0,0.9473762
,2585,3,3,1.0
,2586,0,1,0.9513059
,2586,1,1,0.94307125
,2586,2,3,1.0
,2586,3,0,0.98352057
,2587,0,1,0.95325685
,2587,1,1,0.9524035
,2587,2,0,0.9839992
,2587,3,3,1.0
,2588,0,1,0.95305735
,2588,1,1,0.9529727
,2588,2,3,1.0
,2588,3,0,0.94744384
,2589,0,1,0.9534426
,2589,1,1,0.9534338
,2589,2,0,0.9901263
,2589,3,3,1.0
,2590,0,1,0.9530902
,2590,1,1,0.9530893
,2590,2,2,1.0
,2590,3,0,0.94804114
,2591,0,1,0.9534179
,2591,1,1,0.9534178
,2591,2,0,0.9925802
,2591,3,3,1.0
,2592,0,1,0.95287037
,2592,1,1,0.9528699
,2592,2,2,1.0
,2592,3,0,0.94804317
,2593,0,1,0.95130694
,2593,1,1,0.95130205
,2593,2,0,0.98760885
,2593,3,3,1.0
,2594,0,1,0.95325655
,2594,1,1,0.95321095
,2594,2,3,1.0
,2594,3,0,0.9840006
,2595,0,1,0.9530503
,2595,1,1,0.95258826
,2595,2,0,0.94744307
,2595,3,3,1.0
,2596,0,1,0.9533963
,2596,1,1,0.94897693
,2596,2,3,1.0
,2596,3,0,0.98376834
,2597,0,1,0.9529618
,2597,1,1,0.9080851
,2597,2,0,0.94742113
,2597,3,3,1.0
,2598,0,1,0.95312244
,2598,1,1,0.5251113
,2598,2,3,1.0
,2598,3,0,0.77547735
,2599,0,1,0.9508746
,2599,1,3,1.0
,2599,2,0,0.96782094
,2599,3,1,0.8003776
,2600,0,1,0.9085808
,2600,1,0,0.51003057
,2600,2,2,1.0
,2600,3,1,0.5047957
,2601,0,1,0.52546906
,2601,1,1,0.90568775
,2601,2,0,0.82935554
,2601,3,3,1.0
,2602,0,3,1.0
,2602,1,1,0.95080525
,2602,2,1,0.7670237
,2602,3,0,0.9481429
,2603,0,1,0.72809076
,2603,1,1,0.95490956
,2603,2,0,0.62380934
,2603,3,3,1.0
,2604,0,1,0.93075234
,2604,1,1,0.95322776
,2604,2,2,1.0
,2604,3,0,0.94781077
,2605,0,1,0.95112187
,2605,1,1,0.9534537
,2605,2,0,0.9925802
,2605,3,3,1.0
,2606,0,1,0.9528626
,2606,1,1,0.9530936
,2606,2,2,1.0
,2606,3,0,0.94804287
,2607,0,1,0.95341563
,2607,1,1,0.9534396
,2607,2,0,0.9925802
,2607,3,3,1.0
,2608,0,1,0.9530868
,2608,1,1,0.9530892
,2608,2,2,1.0
,2608,3,0,0.948043
,2609,0,1,0.9534056
,2609,1,1,0.95340586
,2609,2,0,0.98779297
,2609,3,3,1.0
,2610,0,1,0.9530664
,2610,1,1,0.9530664
,2610,2,3,1.0
,2610,3,0,0.9474462
,2611,0,1,0.9534087
,2611,1,1,0.9534087
,2611,2,0,0.9837686
,2611,3,3,1.0
,2612,0,1,0.95307267
,2612,1,1,0.95307267
,2612,2,3,1.0
,2612,3,0,0.94744635
,2613,0,1,0.9534461
,2613,1,1,0.9534461
,2613,2,0,0.9901263
,2613,3,3,1.0
,2614,0,1,0.9531105
,2614,1,1,0.9531105
,2614,2,2,1.0
,2614,3,0,0.9480414
,2615,0,1,0.95360637
,2615,1,1,0.95360637
,2615,2,0,0.98779297
,2615,3,3,1.0
,2616,0,1,0.95510334
,2616,1,1,0.95510334
,2616,2,3,1.0
,2616,3,0,0.94820595
,2617,0,1,0.95298725
,2617,1,1,0.95298725
,2617,2,0,0.94731045
,2617,3,3,1.0
,2618,0,1,0.9510774
,2618,1,1,0.9510774
,2618,2,3,1.0
,2618,3,0,0.9835289
,2619,0,1,0.95093375
,2619,1,1,0.95093375
,2619,2,0,0.9837625
,2619,3,3,1.0
,2620,0,1,0.95125204
,2620,1,1,0.95125204
,2620,2,3,1.0
,2620,3,0,0.9857497
,2621,0,1,0.9514262
,2621,1,1,0.9514262
,2621,2,0,0.98725265
,2621,3,2,1.0
,2622,0,1,0.9505005
,2622,1,1,0.9505005
,2622,2,2,1.0
,2622,3,0,0.9891983
,2623,0,1,0.9415577
,2623,1,1,0.9415577
,2623,2,0,0.98768467
,2623,3,2,1.0
,2624,0,1,0.8614483
,2624,1,1,0.8614483
,2624,2,3,1.0
,2624,3,0,0.9349462
,2625,0,0,1.0
,2625,1,0,1.0
,2625,2,0,1.0
,2625,3,2,0.5645404
,2626,0,1,0.86493075
,2626,1,0,0.7436844
,2626,2,3,1.0
,2626,3,1,0.77695656
,2627,0,1,0.94670093
,2627,1,3,1.0
,2627,2,0,0.87347263
,2627,3,1,0.93826634
,2628,0,1,0.95241916
,2628,1,0,0.9473045
,2628,2,3,1.0
,2628,3,1,0.9511651
,2629,0,1,0.9535664
,2629,1,3,1.0
,2629,2,0,0.98376906
,2629,3,1,0.94953936
,2630,0,1,0.95537215
,2630,1,0,0.9482177
,2630,2,3,1.0
,2630,3,1,0.91545737
,2631,0,1,0.9555052
,2631,1,3,1.0
,2631,2,1,0.7118047
,2631,3,1,0.5364566
,2632,0,1,0.9552577
,2632,1,0,0.94802874
,2632,2,1,0.87766355
,2632,3,3,1.0
,2633,0,1,0.9532132
,2633,1,3,1.0
,2633,2,1,0.5282628
,2633,3,0,0.50485694
,2634,0,1,0.95355034
,2634,1,0,0.9836938
,2634,2,3,1.0
,2634,3,1,0.9061054
,2635,0,1,0.9552547
,2635,1,3,1.0
,2635,2,0,0.9785784
,2635,3,1,0.9507308
,2636,0,1,0.95528346
,2636,1,0,0.94807756
,2636,2,3,1.0
,2636,3,1,0.95485175
,2637,0,1,0.9533029
,2637,1,3,1.0
,2637,2,0,0.9519314
,2637,3,1,0.95326006
,2638,0,1,0.95240927
,2638,1,0,0.79687905
,2638,2,2,1.0
,2638,3,1,0.95240474
,2639,0,1,0.9532781
,2639,1,1,0.7850962
,2639,2,3,1.0
,2639,3,1,0.95327765
,2640,0,1,0.9524671
,2640,1,0,0.50341964
,2640,2,3,1.0
,2640,3,1,0.95246696
,2641,0,1,0.9535535
,2641,1,3,1.0
,2641,2,0,0.983835
,2641,3,1,0.9535535
,2642,0,1,0.95510095
,2642,1,0,0.9482047
,2642,2,3,1.0
,2642,3,1,0.95510095
,2643,0,1,0.9530153
,2643,1,3,1.0
,2643,2,0,0.94731045
,2643,3,1,0.9530153
,2644,0,1,0.95135105
,2644,1,0,0.9835289
,2644,2,3,1.0
,2644,3,1,0.95135105
,2645,0,1,0.9534811
,2645,1,3,1.0
,2645,2,0,0.98399967
,2645,3,1,0.9534811
,2646,0,1,0.955306
,2646,1,0,0.948203
,2646,2,3,1.0
,2646,3,1,0.95530546
,2647,0,1,0.95526
,2647,1,3,1.0
,2647,2,0,0.9480719
,2647,3,1,0.9552547
,2648,0,1,0.95300245
,2648,1,0,0.94731104
,2648,2,3,1.0
,2648,3,1,0.9529468
,2649,0,1,0.9510745
,2649,1,3,1.0
,2649,2,0,0.9835289
,2649,3,1,0.95054096
,2650,0,1,0.9508924
,2650,1,0,0.98376226
,2650,2,3,1.0
,2650,3,1,0.9459377
,2651,0,1,0.9508162
,2651,1,3,1.0
,2651,2,0,0.98375356
,2651,3,1,0.9049482
,2652,0,1,0.95104116
,2652,1,0,0.7876787
,2652,2,3,1.0
,2652,3,1,0.5279575
,2653,0,1,0.95324564
,2653,1,1,0.78677404
,2653,2,0,0.9902309
,2653,3,3,1.0
,2654,0,1,0.9528674
,2654,1,1,0.50080156
,2654,2,2,1.0
,2654,3,1,0.71734446
,2655,0,1,0.951426
,2655,1,3,1.0
,2655,2,0,0.9891712
,2655,3,1,0.9254205
,2656,0,1,0.95143384
,2656,1,0,0.98554724
,2656,2,2,1.0
,2656,3,1,0.9441149
,2657,0,1,0.95322436
,2657,1,3,1.0
,2657,2,0,0.9877979
,2657,3,1,0.91181576
,2658,0,1,0.952952
,2658,1,0,0.67904294
,2658,2,3,1.0
,2658,3,1,0.5389855
,2659,0,1,0.95356077
,2659,1,0,0.6589612
,2659,2,0,0.7608192
,2659,3,3,1.0
,2660,0,1,0.95517987
,2660,1,3,1.0
,2660,2,1,0.87743425
,2660,3,0,0.87350005
,2661,0,1,0.9532082
,2661,1,0,0.87169695
,2661,2,1,0.89597756
,2661,3,3,1.0
,2662,0,1,0.95361423
,2662,1,3,1.0
,2662,2,1,0.5212458
,2662,3,0,0.7600029
,2663,0,1,0.9553451
,2663,1,0,0.8734698
,2663,2,3,1.0
,2663,3,1,0.887603
,2664,0,1,0.9552857
,2664,1,3,1.0
,2664,2,0,0.94806284
,2664,3,1,0.94882095
,2665,0,1,0.95324004
,2665,1,0,0.94731057
,2665,2,3,1.0
,2665,3,1,0.9526036
,2666,0,1,0.95335835
,2666,1,3,1.0
,2666,2,0,0.98376954
,2666,3,1,0.95333827
,2667,0,1,0.95237225
,2667,1,0,0.9474461
,2667,2,3,1.0
,2667,3,1,0.95283675
,2668,0,1,0.9467297
,2668,1,3,1.0
,2668,2,0,0.9835266
,2668,3,1,0.9512371
,2669,0,1,0.9115765
,2669,1,0,0.76375186
,2669,2,3,1.0
,2669,3,1,0.9532913
,2670,0,1,0.53477347
,2670,1,1,0.88525635
,2670,2,3,1.0
,2670,3,1,0.955001
,2671,0,3,1.0
,2671,1,1,0.94071376
,2671,2,0,0.94730073
,2671,3,1,0.9529677
,2672,0,0,0.9835232
,2672,1,1,0.90394396
,2672,2,3,1.0
,2672,3,1,0.95098424
,2673,0,3,1.0
,2673,1,1,0.5276485
,2673,2,0,0.7905898
,2673,3,1,0.9508202
,2674,0,0,0.9836375
,2674,1,3,1.0
,2674,2,1,0.77012175
,2674,3,1,0.95101565
,2675,0,3,1.0
,2675,1,0,0.76494855
,2675,2,0,0.51803577
,2675,3,1,0.953197
,2676,0,0,0.8840639
,2676,1,1,0.8712747
,2676,2,3,1.0
,2676,3,1,0.9531244
,2677,0,2,1.0
,2677,1,1,0.8915622
,2677,2,0,0.9849759
,2677,3,1,0.9515264
,2678,0,0,0.81562006
,2678,1,1,0.5202574
,2678,2,3,1.0
,2678,3,1,0.95330155
,2679,0,1,0.8658317
,2679,1,3,1.0
,2679,2,0,0.88406056
,2679,3,1,0.9531338
,2680,0,1,0.8905847
,2680,1,0,0.9849749
,2680,2,2,1.0
,2680,3,1,0.9515225
,2681,0,1,0.5200118
,2681,1,3,1.0
,2681,2,0,0.8156131
,2681,3,1,0.9532605
,2682,0,3,1.0
,2682,1,0,0.9473752
,2682,2,1,0.8666601
,2682,3,1,0.95307416
,2683,0,0,0.9837625
,2683,1,3,1.0
,2683,2,1,0.89825547
,2683,3,1,0.95366585
,2684,0,3,1.0
,2684,1,1,0.5765946
,2684,2,1,0.53114194
,2684,3,1,0.95538515
,2685,0,1,0.7088047
,2685,1,0,0.5672351
,2685,2,3,1.0
,2685,3,1,0.9552856
,2686,0,1,0.867815
,2686,1,3,1.0
,2686,2,0,0.94725853
,2686,3,1,0.9529199
,2687,0,1,0.516145
,2687,1,0,0.77090365
,2687,2,3,1.0
,2687,3,1,0.9509834
,2688,0,3,1.0
,2688,1,1,0.8715612
,2688,2,0,0.98365605
,2688,3,1,0.9508715
,2689,0,0,0.9837516
,2689,1,1,0.9366946
,2689,2,3,1.0
,2689,3,1,0.950867
,2690,0,3,1.0
,2690,1,1,0.9033679
,2690,2,0,0.98375314
,2690,3,1,0.95080125
,2691,0,0,0.8748724
,2691,1,1,0.5277084
,2691,2,3,1.0
,2691,3,1,0.9507023
,2692,0,0,0.71716875
,2692,1,3,1.0
,2692,2,0,0.771448
,2692,3,1,0.95075494
,2693,0,3,1.0
,2693,1,0,0.9836618
,2693,2,1,0.8715973
,2693,3,1,0.9508833
,2694,0,0,0.9857611
,2694,1,3,1.0
,2694,2,1,0.93716216
,2694,3,1,0.9512449
,2695,0,2,1.0
,2695,1,0,0.985528
,2695,2,1,0.9036272
,2695,3,1,0.95135885
,2696,0,0,0.81417775
,2696,1,3,1.0
,2696,2,1,0.5240874
,2696,3,1,0.95282537
,2697,0,1,0.8769523
,2697,1,0,0.94737655
,2697,2,3,1.0
,2697,3,1,0.94880456
,2698,0,1,0.94556487
,2698,1,3,1.0
,2698,2,0,0.99015677
,2698,3,1,0.912814
,2699,0,1,0.9522903
,2699,1,1,0.5183318
,2699,2,2,1.0
,2699,3,1,0.5394862
,2700,0,1,0.9532313
,2700,1,0,0.6988942
,2700,2,0,0.8955167
,2700,3,3,1.0
,2701,0,1,0.9522548
,2701,1,2,1.0
,2701,2,0,0.7087776
,2701,3,0,0.68001395
,2702,0,1,0.94600874
,2702,1,0,0.82174176
,2702,2,3,1.0
,2702,3,0,0.65574235
,2703,0,1,0.90458167
,2703,1,1,0.86776435
,2703,2,0,0.9836429
,2703,3,3,1.0
,2704,0,1,0.5241737
,2704,1,1,0.94453245
,2704,2,3,1.0
,2704,3,0,0.8641939
,2705,0,3,1.0
,2705,1,1,0.951893
,2705,2,1,0.55509293
,2705,3,0,0.6989159
,2706,0,0,0.77094984
,2706,1,1,0.9510756
,2706,2,0,0.5821628
,2706,3,3,1.0
,2707,0,1,0.8680702
,2707,1,1,0.9528304
,2707,2,3,1.0
,2707,3,0,0.983903
,2708,0,1,0.894395
,2708,1,1,0.94872504
,2708,2,0,0.87169325
,2708,3,3,1.0
,2709,0,1,0.52074885
,2709,1,1,0.9126308
,2709,2,3,1.0
,2709,3,0,0.76089346
,2710,0,3,1.0
,2710,1,1,0.53932685
,2710,2,1,0.69970936
,2710,3,1,0.88233167
,2711,0,0,0.98371816
,2711,1,3,1.0
,2711,2,1,0.87004405
,2711,3,1,0.9460712
,2712,0,3,1.0
,2712,1,1,0.69619936
,2712,2,1,0.52626276
,2712,3,1,0.9521316
,2713,0,0,0.9834763
,2713,1,1,0.85898554
,2713,2,3,1.0
,2713,3,1,0.95115495
,2714,0,3,1.0
,2714,1,1,0.5100366
,2714,2,0,0.86464804
,2714,3,1,0.95314485
,2715,0,0,0.52804923
,2715,1,3,1.0
,2715,2,0,0.69967496
,2715,3,1,0.9529985
,2716,0,1,0.8310907
,2716,1,0,0.990124
,2716,2,3,1.0
,2716,3,1,0.953421
,2717,0,1,0.5143875
,2717,1,2,1.0
,2717,2,1,0.6963445
,2717,3,1,0.95284104
,2718,0,3,1.0
,2718,1,0,0.98760027
,2718,2,1,0.85943365
,2718,3,1,0.9509545
,2719,0,0,0.7748665
,2719,1,3,1.0
,2719,2,1,0.5136535
,2719,3,1,0.95080024
,2720,0,1,0.8611229
,2720,1,0,0.9836511
,2720,2,3,1.0
,2720,3,1,0.9508763
,2721,0,1,0.89067805
,2721,1,3,1.0
,2721,2,0,0.9844396
,2721,3,1,0.95113987
,2722,0,1,0.52474535
,2722,1,0,0.8859042
,2722,2,3,0.6038411
,2722,3,1,0.95127594
,2723,0,3,1.0
,2723,1,0,0.72313815
,2723,2,0,0.8771807
,2723,3,1,0.95314175
,2724,0,0,0.5392148
,2724,1,3,1.0
,2724,2,0,0.7035183
,2724,3,1,0.9527689
,2725,0,1,0.7945325
,2725,1,0,0.98345846
,2725,2,3,1.0
,2725,3,1,0.9512228
,2726,0,0,0.6245866
,2726,1,3,1.0
,2726,2,0,0.8677239
,2726,3,1,0.95319563
,2727,0,2,1.0
,2727,1,0,0.678065
,2727,2,0,0.719356
,2727,3,1,0.952987
,2728,0,0,0.8224287
,2728,1,0,0.6539427
,2728,2,2,1.0
,2728,3,1,0.95120984
,2729,0,1,0.8668428
,2729,1,3,1.0
,2729,2,0,0.98761237
,2729,3,1,0.9511612
,2730,0,1,0.94026726
,2730,1,0,0.98398966
,2730,2,3,1.0
,2730,3,1,0.95343757
,2731,0,1,0.9141564
,2731,1,3,1.0
,2731,2,0,0.9481926
,2731,3,1,0.9550732
,2732,0,1,0.53967494
,2732,1,0,0.7095418
,2732,2,3,1.0
,2732,3,1,0.9531071
,2733,0,3,1.0
,2733,1,0,0.7610999
,2733,2,0,0.7763568
,2733,3,1,0.9533675
,2734,0,0,0.95334995
,2734,1,2,1.0
,2734,2,1,0.7881075
,2734,3,1,0.9531146
,2735,0,2,1.0
,2735,1,0,0.9039621
,2735,2,0,0.507387
,2735,3,1,0.9512678
,2736,0,0,0.8210395
,2736,1,0,0.7259481
,2736,2,3,1.0
,2736,3,1,0.9511143
,2737,0,1,0.8732358
,2737,1,3,1.0
,2737,2,0,0.990199
,2737,3,1,0.9532582
,2738,0,1,0.9451605
,2738,1,0,0.9480381
,2738,2,2,1.0
,2738,3,1,0.95308447
,2739,0,1,0.95272225
,2739,1,3,1.0
,2739,2,0,0.98778594
,2739,3,1,0.9535432
,2740,0,1,0.95519876
,2740,1,0,0.9785826
,2740,2,3,1.0
,2740,3,1,0.9552802
,2741,0,1,0.9555159
,2741,1,3,1.0
,2741,2,0,0.94809926
,2741,3,1,0.9555574
,2742,0,1,0.9552608
,2742,1,0,0.71873105
,2742,2,3,1.0
,2742,3,1,0.9556203
,2743,0,1,0.9517754
,2743,1,3,1.0
,2743,2,0,0.71865886
,2743,3,1,0.95556355
,2744,0,1,0.91556793
,2744,1,0,0.94804627
,2744,2,3,1.0
,2744,3,1,0.9554658
,2745,0,1,0.5363232
,2745,1,3,1.0
,2745,2,1,0.50737256
,2745,3,1,0.95536625
,2746,0,3,1.0
,2746,1,0,0.97826594
,2746,2,1,0.91150427
,2746,3,1,0.95523596
,2747,0,0,0.87176
,2747,1,3,1.0
,2747,2,1,0.9435419
,2747,3,1,0.9530488
,2748,0,3,1.0
,2748,1,0,0.9835151
,2748,2,1,0.9040209
,2748,3,1,0.95126575
,2749,0,0,0.7623285
,2749,1,3,1.0
,2749,2,1,0.5239047
,2749,3,1,0.9534447
,2750,0,1,0.887484
,2750,1,0,0.8735001
,2750,2,3,1.0
,2750,3,1,0.95537287
,2751,0,1,0.9489118
,2751,1,3,1.0
,2751,2,0,0.91966134
,2751,3,1,0.95537364
,2752,0,1,0.95267236
,2752,1,0,0.8717395
,2752,2,2,1.0
,2752,3,1,0.9533078
,2753,0,1,0.9535625
,2753,1,3,1.0
,2753,2,0,0.98779273
,2753,3,1,0.9535887
,2754,0,1,0.9551215
,2754,1,0,0.94820595
,2754,2,3,1.0
,2754,3,1,0.9547229
,2755,0,1,0.95322436
,2755,1,3,1.0
,2755,2,0,0.9473102
,2755,3,1,0.9489782
,2756,0,1,0.9533639
,2756,1,0,0.9837658
,2756,2,3,1.0
,2756,3,1,0.9126077
,2757,0,1,0.9527119
,2757,1,3,1.0
,2757,2,0,0.67769974
,2757,3,1,0.5391831
,2758,0,1,0.95086837
,2758,1,0,0.8727442
,2758,2,0,0.65509343
,2758,3,3,1.0
,2759,0,1,0.95077384
,2759,1,0,0.71649086
,2759,2,3,1.0
,2759,3,0,0.771326
,2760,0,1,0.9508833
,2760,1,3,1.0
,2760,2,0,0.98366165
,2760,3,1,0.872844
,2761,0,1,0.95122504
,2761,1,0,0.98576355
,2761,2,3,1.0
,2761,3,1,0.9428417
,2762,0,1,0.95116335
,2762,1,2,1.0
,2762,2,0,0.98553306
,2762,3,1,0.9502688
,2763,0,1,0.950892
,2763,1,0,0.98761624
,2763,2,3,1.0
,2763,3,1,0.9508015
,2764,0,1,0.95082045
,2764,1,3,1.0
,2764,2,0,0.98375994
,2764,3,1,0.9508687
,2765,0,1,0.9503352
,2765,1,0,0.9837584
,2765,2,3,1.0
,2765,3,1,0.9508773
,2766,0,1,0.94586676
,2766,1,3,1.0
,2766,2,0,0.98375803
,2766,3,1,0.95089424
,2767,0,1,0.9045103
,2767,1,0,0.9837537
,2767,2,3,1.0
,2767,3,1,0.9510348
,2768,0,1,0.5241174
,2768,1,3,1.0
,2768,2,0,0.7634913
,2768,3,1,0.9531337
,2769,0,3,1.0
,2769,1,0,0.947385
,2769,2,1,0.8812749
,2769,3,1,0.95279235
,2770,0,0,0.98352116
,2770,1,3,1.0
,2770,2,1,0.9427126
,2770,3,1,0.95105046
,2771,0,3,1.0
,2771,1,0,0.98376167
,2771,2,1,0.9450307
,2771,3,1,0.95088786
,2772,0,0,0.9837538
,2772,1,3,1.0
,2772,2,1,0.90488154
,2772,3,1,0.9508035
,2773,0,3,1.0
,2773,1,0,0.8748732
,2773,2,1,0.52818394
,2773,3,1,0.95070255
,2774,0,0,0.7714299
,2774,1,0,0.7171689
,2774,2,3,1.0
,2774,3,1,0.95075387
,2775,0,1,0.87170386
,2775,1,3,1.0
,2775,2,0,0.9836619
,2775,3,1,0.9508748
,2776,0,1,0.937592
,2776,1,0,0.9837516
,2776,2,3,1.0
,2776,3,1,0.95112026
,2777,0,1,0.9107085
,2777,1,3,1.0
,2777,2,0,0.9839912
,2777,3,1,0.953178
,2778,0,1,0.538599
,2778,1,0,0.67768186
,2778,2,3,1.0
,2778,3,1,0.9527186
,2779,0,3,1.0
,2779,1,0,0.6550816
,2779,2,0,0.87327564
,2779,3,1,0.9511098
,2780,0,0,0.762127
,2780,1,3,1.0
,2780,2,0,0.71949273
,2780,3,1,0.9530579
,2781,0,1,0.8817985
,2781,1,0,0.9781578
,2781,2,3,1.0
,2781,3,1,0.9529613
,2782,0,1,0.9459846
,2782,1,3,1.0
,2782,2,0,0.9837726
,2782,3,1,0.9533738
,2783,0,1,0.9520842
,2783,1,0,0.9474454
,2783,2,3,1.0
,2783,3,1,0.9528201
,2784,0,1,0.9509757
,2784,1,3,1.0
,2784,2,0,0.98352796
,2784,3,1,0.9510554
,2785,0,1,0.950888
,2785,1,0,0.9837626
,2785,2,3,1.0
,2785,3,1,0.9508966
,2786,0,1,0.9508806
,2786,1,3,1.0
,2786,2,0,0.9837585
,2786,3,1,0.95088154
,2787,0,1,0.95090383
,2787,1,0,0.9837585
,2787,2,3,1.0
,2787,3,1,0.95090383
,2788,0,1,0.95112866
,2788,1,3,1.0
,2788,2,0,0.9837585
,2788,3,1,0.95112866
,2789,0,1,0.9532162
,2789,1,0,0.98399556
,2789,2,3,1.0
,2789,3,1,0.9532162
,2790,0,1,0.95283103
,2790,1,3,1.0
,2790,2,0,0.94744325
,2790,3,1,0.95283103
,2791,0,1,0.951311
,2791,1,0,0.9835282
,2791,2,3,1.0
,2791,3,1,0.951311
,2792,0,1,0.9532687
,2792,1,3,1.0
,2792,2,0,0.990268
,2792,3,1,0.9532687
,2793,0,1,0.9528295
,2793,1,0,0.94804037
,2793,2,2,1.0
,2793,3,1,0.9528295
,2794,0,1,0.95105475
,2794,1,3,1.0
,2794,2,0,0.98760885
,2794,3,1,0.95105475
,2795,0,1,0.9509243
,2795,1,0,0.9837636
,2795,2,3,1.0
,2795,3,1,0.95092416
,2796,0,1,0.95113957
,2796,1,3,1.0
,2796,2,0,0.9837585
,2796,3,1,0.951139
,2797,0,1,0.9532957
,2797,1,0,0.9840043
,2797,2,3,1.0
,2797,3,1,0.95329064
,2798,0,1,0.952992
,2798,1,3,1.0
,2798,2,1,0.7310108
,2798,3,1,0.9529401
,2799,0,1,0.95139176
,2799,1,0,0.9840935
,2799,2,2,1.0
,2799,3,1,0.9508924
,2800,0,1,0.95322937
,2800,1,3,1.0
,2800,2,0,0.98780125
,2800,3,1,0.94858855
,2801,0,1,0.9527435
,2801,1,0,0.94741875
,2801,2,3,1.0
,2801,3,1,0.9057444
,2802,0,1,0.9511951
,2802,1,3,1.0
,2802,2,0,0.7715952
,2802,3,1,0.50309116
,2803,0,1,0.95137393
,2803,1,0,0.9865522
,2803,2,1,0.8630167
,2803,3,2,1.0
,2804,0,1,0.95114434
,2804,1,2,1.0
,2804,2,1,0.8907252
,2804,3,0,0.9876844
,2805,0,1,0.9507668
,2805,1,0,0.9037832
,2805,2,1,0.5238836
,2805,3,3,1.0
,2806,0,1,0.9507596
,2806,1,0,0.7262646
,2806,2,3,1.0
,2806,3,0,0.77111226
,2807,0,1,0.95087653
,2807,1,3,1.0
,2807,2,0,0.9836626
,2807,3,1,0.87285477
,2808,0,1,0.9511289
,2808,1,0,0.9837521
,2808,2,3,1.0
,2808,3,1,0.9427344
,2809,0,1,0.95325243
,2809,1,3,1.0
,2809,2,0,0.9840006
,2809,3,1,0.95238274
,2810,0,1,0.9528601
,2810,1,0,0.87175626
,2810,2,3,1.0
,2810,3,1,0.9527737
,2811,0,1,0.95130944
,2811,1,3,1.0
,2811,2,0,0.98352027
,2811,3,1,0.95130014
,2812,0,1,0.95325685
,2812,1,0,0.9839998
,2812,2,3,1.0
,2812,3,1,0.95325583
,2813,0,1,0.9530517
,2813,1,3,1.0
,2813,2,0,0.94744325
,2813,3,1,0.95305157
,2814,0,1,0.9534087
,2814,1,0,0.9837687
,2814,2,3,1.0
,2814,3,1,0.9534087
,2815,0,1,0.95308834
,2815,1,3,1.0
,2815,2,0,0.94744575
,2815,3,1,0.95308834
,2816,0,1,0.9536184
,2816,1,0,0.9837687
,2816,2,3,1.0
,2816,3,1,0.9536184
,2817,0,1,0.95518667
,2817,1,3,1.0
,2817,2,0,0.9681341
,2817,3,1,0.95518667
,2818,0,1,0.95329994
,2818,1,0,0.87173903
,2818,2,2,1.0
,2818,3,1,0.95329994
,2819,0,1,0.95368195
,2819,1,3,1.0
,2819,2,0,0.9877958
,2819,3,1,0.9536823
,2820,0,1,0.95534873
,2820,1,0,0.8734686
,2820,2,3,1.0
,2820,3,1,0.955353
,2821,0,1,0.95524234
,2821,1,3,1.0
,2821,2,0,0.94806695
,2821,3,1,0.95528734
,2822,0,1,0.9527743
,2822,1,0,0.9473108
,2822,2,3,1.0
,2822,3,1,0.9532471
,2823,0,1,0.94888574
,2823,1,3,1.0
,2823,2,0,0.98376906
,2823,3,1,0.95342505
,2824,0,1,0.9069433
,2824,1,0,0.9524268
,2824,2,3,1.0
,2824,3,1,0.9530547
,2825,0,1,0.50630504
,2825,1,2,1.0
,2825,2,0,0.8825815
,2825,3,1,0.9513336
,2826,0,2,1.0
,2826,1,0,0.9038015
,2826,2,0,0.71805686
,2826,3,1,0.95052713
,2827,0,0,0.8210883
,2827,1,0,0.7258777
,2827,2,3,1.0
,2827,3,1,0.946647
,2828,0,1,0.87298286
,2828,1,3,1.0
,2828,2,0,0.98388374
,2828,3,1,0.9122342
,2829,0,1,0.944684
,2829,1,0,0.67766416
,2829,2,3,1.0
,2829,3,1,0.53906673
,2830,0,1,0.9499954
,2830,1,0,0.65508276
,2830,2,0,0.87274075
,2830,3,3,1.0
,2831,0,1,0.9506794
,2831,1,3,1.0
,2831,2,0,0.71648985
,2831,3,0,0.77132463
,2832,0,1,0.95087606
,2832,1,0,0.9836618
,2832,2,3,1.0
,2832,3,1,0.8728496
,2833,0,1,0.95125145
,2833,1,3,1.0
,2833,2,0,0.9857638
,2833,3,1,0.94286716
,2834,0,1,0.9514208
,2834,1,0,0.9855332
,2834,2,2,1.0
,2834,3,1,0.95047706
,2835,0,1,0.95329756
,2835,1,3,1.0
,2835,2,0,0.9925842
,2835,3,1,0.9527184
,2836,0,1,0.9531322
,2836,1,0,0.953613
,2836,2,2,1.0
,2836,3,1,0.94819397
,2837,0,1,0.95130193
,2837,1,2,1.0
,2837,2,0,0.9876696
,2837,3,1,0.9035877
,2838,0,1,0.95102096
,2838,1,0,0.9030914
,2838,2,3,1.0
,2838,3,1,0.5065503
,2839,0,1,0.95116436
,2839,1,0,0.7247476
,2839,2,0,0.8953173
,2839,3,2,1.0
,2840,0,1,0.9532557
,2840,1,3,1.0
,2840,2,0,0.81099284
,2840,3,0,0.8139058
,2841,0,1,0.95313346
,2841,1,0,0.88388
,2841,2,2,0.99770164
,2841,3,1,0.8772631
,2842,0,1,0.9515263
,2842,1,2,1.0
,2842,2,0,0.9876578
,2842,3,1,0.9434256
,2843,0,1,0.9532497
,2843,1,0,0.9878008
,2843,2,3,1.0
,2843,3,1,0.95240986
,2844,0,1,0.9528324
,2844,1,3,1.0
,2844,2,0,0.9474442
,2844,3,1,0.9527529
,2845,0,1,0.95129174
,2845,1,0,0.9835281
,2845,2,3,1.0
,2845,3,1,0.9513227
,2846,0,1,0.95310825
,2846,1,3,1.0
,2846,2,0,0.98399967
,2846,3,1,0.9534778
,2847,0,1,0.95154953
,2847,1,0,0.9482032
,2847,2,3,1.0
,2847,3,1,0.955302
,2848,0,1,0.91586345
,2848,1,3,1.0
,2848,2,0,0.9673584
,2848,3,1,0.9552073
,2849,0,1,0.54000765
,2849,1,0,0.84336066
,2849,2,2,1.0
,2849,3,1,0.95294076
,2850,0,3,1.0
,2850,1,0,0.70708394
,2850,2,0,0.8341551
,2850,3,1,0.9512848
,2851,0,0,0.98387706
,2851,1,3,1.0
,2851,2,1,0.77748096
,2851,3,1,0.9534234
,2852,0,3,1.0
,2852,1,0,0.6590792
,2852,2,0,0.5059466
,2852,3,1,0.95523554
,2853,0,1,0.5079005
,2853,1,0,0.63994545
,2853,2,3,1.0
,2853,3,1,0.9552937
,2854,0,1,0.9089679
,2854,1,3,1.0
,2854,2,0,0.7363868
,2854,3,1,0.953267
,2855,0,1,0.9465017
,2855,1,0,0.98470175
,2855,2,2,1.0
,2855,3,1,0.95125973
,2856,0,1,0.95039636
,2856,1,3,1.0
,2856,2,0,0.98761684
,2856,3,1,0.95091075
,2857,0,1,0.950825
,2857,1,0,0.9837597
,2857,2,3,1.0
,2857,3,1,0.9508806
,2858,0,1,0.95087314
,2858,1,3,1.0
,2858,2,0,0.9837585
,2858,3,1,0.9508797
,2859,0,1,0.9508973
,2859,1,0,0.9837585
,2859,2,3,1.0
,2859,3,1,0.95090294
,2860,0,1,0.9510746
,2860,1,3,1.0
,2860,2,0,0.9837585
,2860,3,1,0.951121
,2861,0,1,0.95272505
,2861,1,0,0.9839815
,2861,2,3,1.0
,2861,3,1,0.9531529
,2862,0,1,0.94868296
,2862,1,3,1.0
,2862,2,0,0.97825533
,2862,3,1,0.95299906
,2863,0,1,0.9123629
,2863,1,0,0.98378116
,2863,2,3,1.0
,2863,3,1,0.9535943
,2864,0,1,0.53545797
,2864,1,3,1.0
,2864,2,1,0.57779175
,2864,3,1,0.95470446
,2865,0,3,1.0
,2865,1,1,0.5551305
,2865,2,0,0.5633043
,2865,3,1,0.9481352
,2866,0,0,0.7703449
,2866,1,0,0.58203316
,2866,2,3,1.0
,2866,3,1,0.9051156
,2867,0,1,0.87313193
,2867,1,3,1.0
,2867,2,0,0.787691
,2867,3,1,0.5279597
,2868,0,1,0.94516474
,2868,1,0,0.98387825
,2868,2,1,0.7817708
,2868,3,3,1.0
,2869,0,1,0.95221275
,2869,1,3,1.0
,2869,2,0,0.52364904
,2869,3,1,0.7159669
,2870,0,1,0.95111084
,2870,1,0,0.9845096
,2870,2,2,1.0
,2870,3,1,0.9187063
,2871,0,1,0.95082086
,2871,1,3,1.0
,2871,2,0,0.9876121
,2871,3,1,0.9000879
,2872,0,1,0.95070606
,2872,1,0,0.87486374
,2872,2,3,1.0
,2872,3,1,0.526674
,2873,0,1,0.95074403
,2873,1,0,0.7171468
,2873,2,0,0.78880775
,2873,3,3,1.0
,2874,0,1,0.9507702
,2874,1,3,1.0
,2874,2,1,0.7715242
,2874,3,0,0.9836477
,2875,0,1,0.9506965
,2875,1,0,0.8747656
,2875,2,0,0.51371205
,2875,3,3,1.0
,2876,0,1,0.9507506
,2876,1,0,0.7171343
,2876,2,3,1.0
,2876,3,0,0.7712548
,2877,0,1,0.9508483
,2877,1,3,1.0
,2877,2,0,0.9836619
,2877,3,1,0.87277496
,2878,0,1,0.9508753
,2878,1,0,0.98375195
,2878,2,3,1.0
,2878,3,1,0.9424383
,2879,0,1,0.95090306
,2879,1,3,1.0
,2879,2,0,0.9837578
,2879,3,1,0.94999176
,2880,0,1,0.9511283
,2880,1,0,0.9837585
,2880,2,3,1.0
,2880,3,1,0.95103025
,2881,0,1,0.9532138
,2881,1,3,1.0
,2881,2,0,0.9839957
,2881,3,1,0.9532037
,2882,0,1,0.95280766
,2882,1,0,0.94744337
,2882,2,3,1.0
,2882,3,1,0.95280665
,2883,0,1,0.9510867
,2883,1,3,1.0
,2883,2,0,0.98352796
,2883,3,1,0.9510866
,2884,0,1,0.9512485
,2884,1,0,0.9857732
,2884,2,3,1.0
,2884,3,1,0.9512485
,2885,0,1,0.9511666
,2885,1,2,1.0
,2885,2,0,0.9855338
,2885,3,1,0.9511666
,2886,0,1,0.9508989
,2886,1,0,0.98761624
,2886,2,3,1.0
,2886,3,1,0.9508989
,2887,0,1,0.95088196
,2887,1,3,1.0
,2887,2,0,0.98375994
,2887,3,1,0.95088196
,2888,0,1,0.95090395
,2888,1,0,0.9837585
,2888,2,3,1.0
,2888,3,1,0.95090395
,2889,0,1,0.95112866
,2889,1,3,1.0
,2889,2,0,0.9837585
,2889,3,1,0.95112866
,2890,0,1,0.9532161
,2890,1,0,0.98399556
,2890,2,3,1.0
,2890,3,1,0.9532161
,2891,0,1,0.95283073
,2891,1,3,1.0
,2891,2,0,0.9474435
,2891,3,1,0.95283073
,2892,0,1,0.95130736
,2892,1,0,0.9835281
,2892,2,3,1.0
,2892,3,1,0.95130736
,2893,0,1,0.95325655
,2893,1,3,1.0
,2893,2,0,0.98399967
,2893,3,1,0.95325655
,2894,0,1,0.95305145
,2894,1,0,0.9474431
,2894,2,3,1.0
,2894,3,1,0.95305085
,2895,0,1,0.9534062
,2895,1,3,1.0
,2895,2,0,0.9837686
,2895,3,1,0.95340145
,2896,0,1,0.95306385
,2896,1,0,0.94744563
,2896,2,3,1.0
,2896,3,1,0.95301473
,2897,0,1,0.95338345
,2897,1,3,1.0
,2897,2,0,0.9837686
,2897,3,1,0.95291376
,2898,0,1,0.95281684
,2898,1,0,0.94744563
,2898,2,3,1.0
,2898,3,1,0.9480467
,2899,0,1,0.9510112
,2899,1,3,1.0
,2899,2,0,0.9835233
,2899,3,1,0.9053692
,2900,0,1,0.9510065
,2900,1,0,0.87533087
,2900,2,3,1.0
,2900,3,1,0.5283044
,2901,0,1,0.95318925
,2901,1,0,0.72015613
,2901,2,0,0.8631165
,2901,3,3,1.0
,2902,0,1,0.953059
,2902,1,3,1.0
,2902,2,0,0.6986943
,2902,3,1,0.6996386
,2903,0,1,0.9533685
,2903,1,0,0.9837258
,2903,2,3,1.0
,2903,3,1,0.869792
,2904,0,1,0.9529885
,2904,1,3,1.0
,2904,2,0,0.6788367
,2904,3,1,0.5260444
,2905,0,1,0.9535725
,2905,1,0,0.8625667
,2905,2,0,0.6587691
,2905,3,3,1.0
,2906,0,1,0.9551012
,2906,1,0,0.70155036
,2906,2,3,1.0
,2906,3,1,0.57090956
,2907,0,1,0.9530838
,2907,1,3,1.0
,2907,2,0,0.6751048
,2907,3,0,0.5841734
,2908,0,1,0.9513615
,2908,1,0,0.8795896
,2908,2,0,0.65341157
,2908,3,2,1.0
,2909,0,1,0.9532266
,2909,1,0,0.7211915
,2909,2,3,1.0
,2909,3,0,0.8140937
,2910,0,1,0.9531054
,2910,1,3,1.0
,2910,2,0,0.9530907
,2910,3,1,0.87708914
,2911,0,1,0.9513059
,2911,1,0,0.9851393
,2911,2,2,1.0
,2911,3,1,0.94316584
,2912,0,1,0.9509145
,2912,1,3,1.0
,2912,2,0,0.9876166
,2912,3,1,0.95003456
,2913,0,1,0.9508807
,2913,1,0,0.9837598
,2913,2,3,1.0
,2913,3,1,0.95078564
,2914,0,1,0.9508769
,2914,1,3,1.0
,2914,2,0,0.9837585
,2914,3,1,0.9508666
,2915,0,1,0.9508764
,2915,1,0,0.9837585
,2915,2,3,1.0
,2915,3,1,0.9508753
,2916,0,1,0.9508764
,2916,1,3,1.0
,2916,2,0,0.9837585
,2916,3,1,0.9508763
,2917,0,1,0.9508764
,2917,1,0,0.9837585
,2917,2,3,1.0
,2917,3,1,0.9508763
,2918,0,1,0.9508764
,2918,1,3,1.0
,2918,2,0,0.9837585
,2918,3,1,0.95087576
,2919,0,1,0.9508764
,2919,1,0,0.9837585
,2919,2,3,1.0
,2919,3,1,0.9508701
,2920,0,1,0.95087665
,2920,1,3,1.0
,2920,2,0,0.9837585
,2920,3,1,0.9508178
,2921,0,1,0.9508783
,2921,1,0,0.9837585
,2921,2,3,1.0
,2921,3,1,0.95033485
,2922,0,1,0.950895
,2922,1,3,1.0
,2922,2,0,0.98375803
,2922,3,1,0.94586617
,2923,0,1,0.95104206
,2923,1,0,0.9837537
,2923,2,3,1.0
,2923,3,1,0.9045047
,2924,0,1,0.953196
,2924,1,3,1.0
,2924,2,0,0.7649387
,2924,3,1,0.5240553
,2925,0,1,0.9530621
,2925,1,0,0.87175626
,2925,2,1,0.8722475
,2925,3,3,1.0
,2926,0,1,0.9533432
,2926,1,3,1.0
,2926,2,1,0.89938587
,2926,3,0,0.9837494
,2927,0,1,0.952794
,2927,1,0,0.5330563
,2927,2,1,0.53498495
,2927,3,3,1.0
,2928,0,1,0.95122004
,2928,1,1,0.81713444
,2928,2,3,1.0
,2928,3,0,0.9834533
,2929,0,1,0.95313096
,2929,1,0,0.5030906
,2929,2,0,0.86453426
,2929,3,3,1.0
,2930,0,1,0.95268464
,2930,1,3,1.0
,2930,2,0,0.699482
,2930,3,0,0.6770924
,2931,0,1,0.9508773
,2931,1,0,0.8726383
,2931,2,3,1.0
,2931,3,0,0.6549349
,2932,0,1,0.9506423
,2932,1,0,0.71617645
,2932,2,0,0.8738518
,2932,3,3,1.0
,2933,0,1,0.9502981
,2933,1,3,1.0
,2933,2,0,0.71683943
,2933,3,0,0.7712326
,2934,0,1,0.9466683
,2934,1,0,0.98366153
,2934,2,3,1.0
,2934,3,1,0.87334836
,2935,0,1,0.91222054
,2935,1,3,1.0
,2935,2,0,0.9839856
,2935,3,1,0.94507384
,2936,0,1,0.53892565
,2936,1,0,0.52897763
,2936,2,3,1.0
,2936,3,1,0.9517064
,2937,0,3,1.0
,2937,1,1,0.8304582
,2937,2,0,0.9836966
,2937,3,1,0.9486375
,2938,0,0,0.5076321
,2938,1,1,0.51390266
,2938,2,3,1.0
,2938,3,1,0.9061605
,2939,0,1,0.90121394
,2939,1,3,1.0
,2939,2,0,0.8720652
,2939,3,1,0.50717103
,2940,0,1,0.9455674
,2940,1,0,0.8800316
,2940,2,0,0.71504253
,2940,3,2,1.0
,2941,0,1,0.95051855
,2941,1,0,0.71840096
,2941,2,3,1.0
,2941,3,0,0.8211458
,2942,0,1,0.9533579
,2942,1,3,1.0
,2942,2,0,0.9838871
,2942,3,1,0.8726031
,2943,0,1,0.9550733
,2943,1,0,0.9481995
,2943,2,3,1.0
,2943,3,1,0.9425924
,2944,0,1,0.95292115
,2944,1,3,1.0
,2944,2,0,0.94729286
,2944,3,1,0.9074833
,2945,0,1,0.9509532
,2945,1,0,0.8733018
,2945,2,3,1.0
,2945,3,1,0.52881676
,2946,0,1,0.9510044
,2946,1,0,0.71642023
,2946,2,0,0.8742481
,2946,3,3,1.0
,2947,0,1,0.9534165
,2947,1,3,1.0
,2947,2,0,0.7198074
,2947,3,0,0.8637496
,2948,0,1,0.9553772
,2948,1,1,0.57660866
,2948,2,3,1.0
,2948,3,0,0.70201236
,2949,0,1,0.9554688
,2949,1,0,0.56717676
,2949,2,1,0.5759056
,2949,3,3,1.0
,2950,0,1,0.95520216
,2950,1,3,1.0
,2950,2,0,0.56773955
,2950,3,0,0.6568834
,2951,0,1,0.95296556
,2951,1,0,0.5315094
,2951,2,3,1.0
,2951,3,0,0.635923
,2952,0,1,0.9512219
,2952,1,1,0.817286
,2952,2,0,0.98345906
,2952,3,3,1.0
,2953,0,1,0.95317495
,2953,1,0,0.5031887
,2953,2,3,1.0
,2953,3,0,0.7798686
,2954,0,1,0.95300823
,2954,1,3,1.0
,2954,2,0,0.952086
,2954,3,1,0.78679556
,2955,0,1,0.95143247
,2955,1,0,0.8016396
,2955,2,2,1.0
,2955,3,0,0.5081984
,2956,0,1,0.95320076
,2956,1,1,0.7788582
,2956,2,0,0.9877932
,2956,3,3,1.0
,2957,0,1,0.95297086
,2957,1,0,0.52455664
,2957,2,3,1.0
,2957,3,0,0.5315977
,2958,0,1,0.9514283
,2958,1,2,1.0
,2958,2,0,0.9844746
,2958,3,1,0.81837994
,2959,0,1,0.9532161
,2959,1,0,0.8280857
,2959,2,3,1.0
,2959,3,0,0.5025852
,2960,0,1,0.9527184
,2960,1,1,0.7769548
,2960,2,0,0.9473464
,2960,3,3,1.0
,2961,0,1,0.9509927
,2961,1,0,0.5124064
,2961,2,3,1.0
,2961,3,0,0.77064186
,2962,0,1,0.9512205
,2962,1,3,1.0
,2962,2,0,0.9856764
,2962,3,1,0.8724229
,2963,0,1,0.9511475
,2963,1,0,0.98552483
,2963,2,2,1.0
,2963,3,1,0.93716145
,2964,0,1,0.9507546
,2964,1,3,1.0
,2964,2,0,0.98760957
,2964,3,1,0.90333843
,2965,0,1,0.95029247
,2965,1,0,0.7905664
,2965,2,3,1.0
,2965,3,1,0.5274567
,2966,0,1,0.9463191
,2966,1,1,0.7701204
,2966,2,0,0.9836373
,2966,3,3,1.0
,2967,0,1,0.9099406
,2967,1,0,0.51803946
,2967,2,3,1.0
,2967,3,0,0.76305515
,2968,0,1,0.51529676
,2968,1,3,1.0
,2968,2,1,0.6974424
,2968,3,1,0.88196844
,2969,0,2,1.0
,2969,1,0,0.98446673
,2969,2,1,0.86046314
,2969,3,1,0.94352835
,2970,0,0,0.90368664
,2970,1,3,1.0
,2970,2,1,0.5143491
,2970,3,1,0.9499313
,2971,0,0,0.72598314
,2971,1,0,0.87412065
,2971,2,3,1.0
,2971,3,1,0.95032793
,2972,0,3,1.0
,2972,1,0,0.7196552
,2972,2,0,0.8641355
,2972,3,1,0.9481521
,2973,0,1,0.5076469
,2973,1,3,1.0
,2973,2,0,0.7025516
,2973,3,1,0.9031652
,2974,0,1,0.91252285
,2974,1,0,0.65596557
,2974,2,3,1.0
,2974,3,0,0.58912057
,2975,0,1,0.9487795
,2975,1,0,0.6350367
,2975,2,1,0.5474339
,2975,3,2,1.0
,2976,0,1,0.9507908
,2976,1,3,1.0
,2976,2,0,0.60753596
,2976,3,0,0.82112014
,2977,0,1,0.95100296
,2977,1,0,0.98477614
,2977,2,2,1.0
,2977,3,1,0.86813456
,2978,0,1,0.95088154
,2978,1,3,1.0
,2978,2,0,0.98761636
,2978,3,1,0.9419228
,2979,0,1,0.950877
,2979,1,0,0.9837591
,2979,2,3,1.0
,2979,3,1,0.94990885
,2980,0,1,0.95087576
,2980,1,3,1.0
,2980,2,0,0.9837585
,2980,3,1,0.9507718
,2981,0,1,0.9508701
,2981,1,0,0.9837585
,2981,2,3,1.0
,2981,3,1,0.9508651
,2982,0,1,0.95081836
,2982,1,3,1.0
,2982,2,0,0.9837585
,2982,3,1,0.95087504
,2983,0,1,0.95034
,2983,1,0,0.9837585
,2983,2,3,1.0
,2983,3,1,0.95087516
,2984,0,1,0.9459137
,2984,1,3,1.0
,2984,2,0,0.98375803
,2984,3,1,0.9508671
,2985,0,1,0.9049458
,2985,1,0,0.9837537
,2985,2,3,1.0
,2985,3,1,0.95078504
,2986,0,1,0.52796084
,2986,1,3,1.0
,2986,2,0,0.7904025
,2986,3,1,0.9507703
,2987,0,3,1.0
,2987,1,0,0.98363763
,2987,2,1,0.7710119
,2987,3,1,0.95075387
,2988,0,0,0.7727116
,2988,1,3,1.0
,2988,2,0,0.51413417
,2988,3,1,0.9507768
,2989,0,1,0.87267596
,2989,1,0,0.9836532
,2989,2,3,1.0
,2989,3,1,0.95087713
,2990,0,1,0.94271463
,2990,1,3,1.0
,2990,2,0,0.9837522
,2990,3,1,0.95112914
,2991,0,1,0.9523766
,2991,1,0,0.9840006
,2991,2,3,1.0
,2991,3,1,0.9532533
,2992,0,1,0.9527328
,2992,1,3,1.0
,2992,2,0,0.87175274
,2992,3,1,0.952869
,2993,0,1,0.95095485
,2993,1,0,0.9855651
,2993,2,3,1.0
,2993,3,1,0.9514377
,2994,0,1,0.9470116
,2994,1,2,1.0
,2994,2,0,0.98553866
,2994,3,1,0.9514656
,2995,0,1,0.9121109
,2995,1,0,0.9878032
,2995,2,3,1.0
,2995,3,1,0.95352465
,2996,0,1,0.5353809
,2996,1,3,1.0
,2996,2,1,0.5765743
,2996,3,1,0.9553968
,2997,0,3,1.0
,2997,1,1,0.71212804
,2997,2,0,0.5673025
,2997,3,1,0.9555502
,2998,0,0,0.87350255
,2998,1,1,0.8781645
,2998,2,3,1.0
,2998,3,1,0.95534074
,2999,0,3,1.0
,2999,1,1,0.5288674
,2999,2,1,0.5551096
,2999,3,1,0.95294803
,3000,0,0,0.78852624
,3000,1,3,1.0
,3000,2,0,0.5821468
,3000,3,1,0.9509742
,3001,0,1,0.7668594
,3001,1,0,0.98364466
,3001,2,3,1.0
,3001,3,1,0.95081705
,3002,0,0,0.53554386
,3002,1,3,1.0
,3002,2,0,0.8773972
,3002,3,1,0.95093346
,3003,0,2,1.0
,3003,1,0,0.87905335
,3003,2,0,0.7366865
,3003,3,1,0.95116234
,3004,0,0,0.9163512
,3004,1,0,0.7166461
,3004,2,2,1.0
,3004,3,1,0.95124865
,3005,0,0,0.81681514
,3005,1,3,1.0
,3005,2,0,0.89539075
,3005,3,1,0.95325744
,3006,0,2,1.0
,3006,1,1,0.5545218
,3006,2,0,0.7084696
,3006,3,1,0.95307994
,3007,0,0,0.8132806
,3007,1,0,0.5853879
,3007,2,3,1.0
,3007,3,1,0.95357615
,3008,0,1,0.88256454
,3008,1,3,1.0
,3008,2,0,0.94815576
,3008,3,1,0.9550194
,3009,0,1,0.9486604
,3009,1,0,0.87350214
,3009,2,3,1.0
,3009,3,1,0.9517812
,3010,0,1,0.95484966
,3010,1,3,1.0
,3010,2,0,0.87343806
,3010,3,1,0.91560787
,3011,0,1,0.95541215
,3011,1,0,0.5132858
,3011,2,3,1.0
,3011,3,1,0.5361818
,3012,0,1,0.9554378
,3012,1,1,0.8411684
,3012,2,0,0.94801426
,3012,3,3,1.0
,3013,0,1,0.95523703
,3013,1,1,0.5133795
,3013,2,3,1.0
,3013,3,1,0.5066139
,3014,0,1,0.9529969
,3014,1,3,1.0
,3014,2,0,0.9472707
,3014,3,1,0.9073691
,3015,0,1,0.9510663
,3015,1,0,0.9835247
,3015,2,3,1.0
,3015,3,1,0.94084823
,3016,0,1,0.9508235
,3016,1,3,1.0
,3016,2,0,0.9837578
,3016,3,1,0.90412253
,3017,0,1,0.9507056
,3017,1,0,0.8748582
,3017,2,3,1.0
,3017,3,1,0.5279405
,3018,0,1,0.9507377
,3018,1,0,0.7171452
,3018,2,0,0.78880775
,3018,3,3,1.0
,3019,0,1,0.9507116
,3019,1,3,1.0
,3019,2,1,0.7715242
,3019,3,0,0.9836477
,3020,0,1,0.95015556
,3020,1,0,0.87476593
,3020,2,0,0.51371205
,3020,3,3,1.0
,3021,0,1,0.9457726
,3021,1,0,0.7171356
,3021,2,3,1.0
,3021,3,0,0.771286
,3022,0,1,0.9048926
,3022,1,3,1.0
,3022,2,0,0.98365694
,3022,3,1,0.8725593
,3023,0,1,0.5279406
,3023,1,0,0.7903411
,3023,2,3,1.0
,3023,3,1,0.9422859
,3024,0,3,1.0
,3024,1,1,0.77104324
,3024,2,0,0.98363703
,3024,3,1,0.94983685
,3025,0,0,0.7909958
,3025,1,0,0.514109
,3025,2,3,1.0
,3025,3,1,0.95066845
,3026,0,1,0.7667094
,3026,1,3,1.0
,3026,2,0,0.9836384
,3026,3,1,0.95077384
,3027,0,0,0.5342475
,3027,1,0,0.87770814
,3027,2,3,1.0
,3027,3,1,0.9508382
,3028,0,2,1.0
,3028,1,0,0.73788357
,3028,2,0,0.7972691
,3028,3,1,0.9505748
,3029,0,0,0.98766065
,3029,1,2,1.0
,3029,2,1,0.7715067
,3029,3,1,0.9457771
,3030,0,3,1.0
,3030,1,0,0.8221904
,3030,2,0,0.5135706
,3030,3,1,0.90203834
,3031,0,0,0.7728882
,3031,1,1,0.86722434
,3031,2,3,1.0
,3031,3,1,0.50181556
,3032,0,1,0.8612714
,3032,1,1,0.9413602
,3032,2,0,0.984696
,3032,3,2,1.0
,3033,0,1,0.8870997
,3033,1,1,0.9444974
,3033,2,3,1.0
,3033,3,0,0.9876097
,3034,0,1,0.5026022
,3034,1,1,0.90241134
,3034,2,0,0.7896379
,3034,3,3,1.0
,3035,0,2,1.0
,3035,1,1,0.5038369
,3035,2,1,0.7731446
,3035,3,0,0.78111213
,3036,0,0,0.90381145
,3036,1,2,1.0
,3036,2,0,0.5124386
,3036,3,1,0.8721348
,3037,0,0,0.7258002
,3037,1,0,0.90362245
,3037,2,3,1.0
,3037,3,1,0.9421296
,3038,0,3,1.0
,3038,1,0,0.7259119
,3038,2,0,0.8776763
,3038,3,1,0.9492295
,3039,0,0,0.7701275
,3039,1,3,1.0
,3039,2,0,0.7394262
,3039,3,1,0.94600374
,3040,0,1,0.873549
,3040,1,0,0.98495847
,3040,2,2,1.0
,3040,3,1,0.905489
,3041,0,1,0.9417629
,3041,1,3,1.0
,3041,2,0,0.90367913
,3041,3,1,0.5284768
,3042,0,1,0.94468415
,3042,1,0,0.87368727
,3042,2,0,0.72595227
,3042,3,3,1.0
,3043,0,1,0.9046051
,3043,1,0,0.7167119
,3043,2,3,1.0
,3043,3,0,0.7716307
,3044,0,1,0.527996
,3044,1,3,1.0
,3044,2,0,0.8741354
,3044,3,1,0.87228745
,3045,0,3,1.0
,3045,1,0,0.87360126
,3045,2,0,0.7166993
,3045,3,1,0.942171
,3046,0,0,0.8738316
,3046,1,0,0.71648395
,3046,2,3,1.0
,3046,3,1,0.94974685
,3047,0,0,0.7168144
,3047,1,3,1.0
,3047,2,0,0.7889281
,3047,3,1,0.95063955
,3048,0,3,1.0
,3048,1,0,0.9836472
,3048,2,1,0.7712895
,3048,3,1,0.95074075
,3049,0,0,0.7727414
,3049,1,3,1.0
,3049,2,0,0.514047
,3049,3,1,0.9507727
,3050,0,1,0.8724947
,3050,1,0,0.9836532
,3050,2,3,1.0
,3050,3,1,0.95085216
,3051,0,1,0.94189584
,3051,1,3,1.0
,3051,2,0,0.9837522
,3051,3,1,0.9508999
,3052,0,1,0.9457372
,3052,1,0,0.98375756
,3052,2,3,1.0
,3052,3,1,0.9511305
,3053,0,1,0.9122964
,3053,1,3,1.0
,3053,2,0,0.9839973
,3053,3,1,0.95324165
,3054,0,1,0.53931916
,3054,1,1,0.5553765
,3054,2,3,1.0
,3054,3,1,0.95275474
,3055,0,3,1.0
,3055,1,0,0.58182055
,3055,2,0,0.8730017
,3055,3,1,0.9508772
,3056,0,0,0.77131325
,3056,1,3,1.0
,3056,2,0,0.71657425
,3056,3,1,0.9507709
,3057,0,1,0.87276787
,3057,1,0,0.9836618
,3057,2,3,1.0
,3057,3,1,0.95085025
,3058,0,1,0.94243413
,3058,1,3,1.0
,3058,2,0,0.98375195
,3058,3,1,0.95087254
,3059,0,1,0.9499639
,3059,1,0,0.9837579
,3059,2,3,1.0
,3059,3,1,0.9508759
,3060,0,1,0.9507771
,3060,1,3,1.0
,3060,2,0,0.9837585
,3060,3,1,0.9508763
,3061,0,1,0.9508594
,3061,1,0,0.9837585
,3061,2,3,1.0
,3061,3,1,0.9508764
,3062,0,1,0.9508168
,3062,1,3,1.0
,3062,2,0,0.9837585
,3062,3,1,0.95087665
,3063,0,1,0.95033586
,3063,1,0,0.9837585
,3063,2,3,1.0
,3063,3,1,0.95087844
,3064,0,1,0.9458765
,3064,1,3,1.0
,3064,2,0,0.98375803
,3064,3,1,0.9508966
,3065,0,1,0.9046056
,3065,1,0,0.9837539
,3065,2,3,1.0
,3065,3,1,0.9510608
,3066,0,1,0.5243051
,3066,1,3,1.0
,3066,2,0,0.86772615
,3066,3,1,0.9531351
,3067,0,3,1.0
,3067,1,0,0.67532104
,3067,2,0,0.7177498
,3067,3,1,0.95289457
,3068,0,0,0.88011456
,3068,1,0,0.6533267
,3068,2,2,1.0
,3068,3,1,0.9511092
,3069,0,0,0.7184298
,3069,1,3,1.0
,3069,2,0,0.8220559
,3069,3,1,0.9508417
,3070,0,3,1.0
,3070,1,0,0.98364735
,3070,2,1,0.8659699
,3070,3,1,0.95085466
,3071,0,0,0.983751
,3071,1,3,1.0
,3071,2,1,0.936028
,3071,3,1,0.9508637
,3072,0,3,1.0
,3072,1,0,0.983753
,3072,2,1,0.9031495
,3072,3,1,0.95078415
,3073,0,0,0.79036766
,3073,1,3,1.0
,3073,2,1,0.52739733
,3073,3,1,0.9507665
,3074,0,1,0.7712186
,3074,1,0,0.983638
,3074,2,3,1.0
,3074,3,1,0.9507232
,3075,0,0,0.51385105
,3075,1,3,1.0
,3075,2,0,0.87461567
,3075,3,1,0.95025206
,3076,0,3,1.0
,3076,1,0,0.8743004
,3076,2,0,0.716802
,3076,3,1,0.94641954
,3077,0,0,0.7625231
,3077,1,0,0.7197122
,3077,2,3,1.0
,3077,3,1,0.9116601
,3078,0,1,0.8812655
,3078,1,3,1.0
,3078,2,0,0.8341915
,3078,3,1,0.5384199
,3079,0,1,0.9458556
,3079,1,0,0.7616899
,3079,2,0,0.70754457
,3079,3,3,1.0
,3080,0,1,0.9523992
,3080,1,1,0.8715776
,3080,2,3,1.0
,3080,3,0,0.95309246
,3081,0,1,0.9514624
,3081,1,1,0.89167786
,3081,2,0,0.9851341
,3081,3,2,1.0
,3082,0,1,0.9532064
,3082,1,1,0.5203518
,3082,2,3,1.0
,3082,3,0,0.81418437
,3083,0,1,0.9525878
,3083,1,3,1.0
,3083,2,0,0.94737595
,3083,3,1,0.8769255
,3084,0,1,0.949016
,3084,1,0,0.9837611
,3084,2,3,1.0
,3084,3,1,0.94546735
,3085,0,1,0.9084975
,3085,1,3,1.0
,3085,2,0,0.947422
,3085,3,1,0.9519498
,3086,0,1,0.52894294
,3086,1,0,0.7883064
,3086,2,3,1.0
,3086,3,1,0.9508711
,3087,0,3,1.0
,3087,1,1,0.7715972
,3087,2,0,0.98364174
,3087,3,1,0.950784
,3088,0,0,0.8746247
,3088,1,0,0.5137314
,3088,2,3,1.0
,3088,3,1,0.95070994
,3089,0,0,0.7168455
,3089,1,3,1.0
,3089,2,0,0.8736538
,3089,3,1,0.9506315
,3090,0,3,1.0
,3090,1,0,0.8737002
,3090,2,0,0.7165326
,3090,3,1,0.95014435
,3091,0,0,0.8738102
,3091,1,0,0.7165159
,3091,2,3,1.0
,3091,3,1,0.94567037
,3092,0,0,0.7167001
,3092,1,3,1.0
,3092,2,0,0.7893326
,3092,3,1,0.90471345
,3093,0,3,1.0
,3093,1,0,0.7898885
,3093,2,1,0.7706853
,3093,3,1,0.5279673
,3094,0,0,0.7720377
,3094,1,1,0.77052
,3094,2,0,0.5141734
,3094,3,3,1.0
,3095,0,1,0.8723133
,3095,1,0,0.51435375
,3095,2,3,1.0
,3095,3,0,0.7717408
,3096,0,1,0.94229746
,3096,1,3,1.0
,3096,2,0,0.98364687
,3096,3,1,0.8727116
,3097,0,1,0.94940954
,3097,1,0,0.9837515
,3097,2,3,1.0
,3097,3,1,0.9424272
,3098,0,1,0.9458044
,3098,1,3,1.0
,3098,2,0,0.98375756
,3098,3,1,0.949957
,3099,0,1,0.9049247
,3099,1,0,0.9837537
,3099,2,3,1.0
,3099,3,1,0.950714
,3100,0,1,0.5279541
,3100,1,3,1.0
,3100,2,0,0.78779525
,3100,3,1,0.9510196
,3101,0,3,1.0
,3101,1,0,0.9838792
,3101,2,1,0.7861554
,3101,3,1,0.95316756
,3102,0,0,0.5062478
,3102,1,3,1.0
,3102,2,1,0.50020844
,3102,3,1,0.9529913
,3103,0,1,0.9046962
,3103,1,0,0.98369294
,3103,2,3,1.0
,3103,3,1,0.95331234
,3104,0,1,0.9431982
,3104,1,3,1.0
,3104,2,0,0.98072886
,3104,3,1,0.95306665
,3105,0,1,0.9050581
,3105,1,0,0.9852214
,3105,2,2,1.0
,3105,3,1,0.9512935
,3106,0,1,0.52834326
,3106,1,3,1.0
,3106,2,0,0.9036794
,3106,3,1,0.9507999
,3107,0,3,1.0
,3107,1,0,0.873708
,3107,2,0,0.7259511
,3107,3,1,0.95067966
,3108,0,0,0.77134156
,3108,1,0,0.7167934
,3108,2,3,1.0
,3108,3,1,0.9507498
,3109,0,1,0.87276477
,3109,1,3,1.0
,3109,2,0,0.9836619
,3109,3,1,0.950848
,3110,0,1,0.94243383
,3110,1,0,0.98375195
,3110,2,3,1.0
,3110,3,1,0.95087236
,3111,0,1,0.9499637
,3111,1,3,1.0
,3111,2,0,0.9837578
,3111,3,1,0.9508763
,3112,0,1,0.95077574
,3112,1,0,0.9837584
,3112,2,3,1.0
,3112,3,1,0.9508804
,3113,0,1,0.9508465
,3113,1,3,1.0
,3113,2,0,0.9837585
,3113,3,1,0.95091283
,3114,0,1,0.9507419
,3114,1,0,0.985749
,3114,2,3,1.0
,3114,3,1,0.9512578
,3115,0,1,0.9466788
,3115,1,2,1.0
,3115,2,0,0.9872708
,3115,3,1,0.9515038
,3116,0,1,0.9057232
,3116,1,0,0.98768383
,3116,2,2,1.0
,3116,3,1,0.95116436
,3117,0,1,0.52843606
,3117,1,3,1.0
,3117,2,0,0.83630794
,3117,3,1,0.95085716
,3118,0,3,1.0
,3118,1,0,0.98362345
,3118,2,1,0.76286626
,3118,3,1,0.9507791
,3119,0,0,0.8747437
,3119,1,3,1.0
,3119,2,0,0.51643693
,3119,3,1,0.95069927
,3120,0,0,0.7171081
,3120,1,0,0.7888182
,3120,2,3,1.0
,3120,3,1,0.95074266
,3121,0,3,1.0
,3121,1,1,0.7715223
,3121,2,0,0.9836478
,3121,3,1,0.95076364
,3122,0,0,0.8747657
,3122,1,0,0.5137126
,3122,2,3,1.0
,3122,3,1,0.95063615
,3123,0,0,0.7171343
,3123,1,3,1.0
,3123,2,0,0.7712687
,3123,3,1,0.9501946
,3124,0,3,1.0
,3124,1,0,0.98366153
,3124,2,1,0.87269205
,3124,3,1,0.9457169
,3125,0,0,0.9855229
,3125,1,3,1.0
,3125,2,1,0.942108
,3125,3,1,0.9034637
,3126,0,2,1.0
,3126,1,0,0.88518023
,3126,2,1,0.9450555
,3126,3,1,0.5057067
,3127,0,0,0.82234
,3127,1,0,0.71890736
,3127,2,1,0.9023568
,3127,3,2,1.0
,3128,0,1,0.86758953
,3128,1,3,1.0
,3128,2,1,0.502321
,3128,3,0,0.82291925
,3129,0,1,0.94203967
,3129,1,0,0.98467755
,3129,2,2,1.0
,3129,3,1,0.8559811
,3130,0,1,0.94982046
,3130,1,3,1.0
,3130,2,0,0.9876098
,3130,3,1,0.8885844
,3131,0,1,0.9506656
,3131,1,0,0.7903977
,3131,2,3,1.0
,3131,3,1,0.52282125
,3132,0,1,0.95074224
,3132,1,1,0.7710129
,3132,2,0,0.98363775
,3132,3,3,1.0
,3133,0,1,0.95077246
,3133,1,0,0.5141339
,3133,2,3,1.0
,3133,3,0,0.77272296
,3134,0,1,0.9508491
,3134,1,3,1.0
,3134,2,0,0.9836532
,3134,3,1,0.87261
,3135,0,1,0.95087177
,3135,1,0,0.9837521
,3135,2,3,1.0
,3135,3,1,0.9424172
,3136,0,1,0.9508696
,3136,1,3,1.0
,3136,2,0,0.9837578
,3136,3,1,0.9499621
,3137,0,1,0.95081836
,3137,1,0,0.9837584
,3137,2,3,1.0
,3137,3,1,0.9507775
,3138,0,1,0.95034
,3138,1,3,1.0
,3138,2,0,0.9837585
,3138,3,1,0.9508646
,3139,0,1,0.9459137
,3139,1,0,0.98375815
,3139,2,3,1.0
,3139,3,1,0.950866
,3140,0,1,0.9049458
,3140,1,3,1.0
,3140,2,0,0.9837538
,3140,3,1,0.9507849
,3141,0,1,0.52796084
,3141,1,0,0.79040253
,3141,2,3,1.0
,3141,3,1,0.95077056
,3142,0,3,1.0
,3142,1,1,0.7710117
,3142,2,0,0.98363775
,3142,3,1,0.9507565
,3143,0,0,0.772619
,3143,1,0,0.51413435
,3143,2,3,1.0
,3143,3,1,0.95080113
,3144,0,1,0.8732109
,3144,1,3,1.0
,3144,2,0,0.9836534
,3144,3,1,0.9511018
,3145,0,1,0.94513714
,3145,1,0,0.9839895
,3145,2,3,1.0
,3145,3,1,0.95321244
,3146,0,1,0.9520321
,3146,1,3,1.0
,3146,2,0,0.9474417
,3146,3,1,0.95283014
,3147,0,1,0.9513184
,3147,1,0,0.9855719
,3147,2,3,1.0
,3147,3,1,0.9513489
,3148,0,1,0.9511676
,3148,1,2,1.0
,3148,2,0,0.9855389
,3148,3,1,0.95065063
,3149,0,1,0.9508312
,3149,1,0,0.98761624
,3149,2,3,1.0
,3149,3,1,0.945939
,3150,0,1,0.9502414
,3150,1,3,1.0
,3150,2,0,0.98375523
,3150,3,1,0.90494126
,3151,0,1,0.94575703
,3151,1,0,0.7746229
,3151,2,3,1.0
,3151,3,1,0.527946
,3152,0,1,0.90446466
,3152,1,1,0.8624562
,3152,2,0,0.98364615
,3152,3,3,1.0
,3153,0,1,0.524147
,3153,1,1,0.89765817
,3153,2,3,1.0
,3153,3,0,0.76355696
,3154,0,3,1.0
,3154,1,1,0.5346165
,3154,2,0,0.6775915
,3154,3,1,0.8810714
,3155,0,0,0.76947355
,3155,1,3,1.0
,3155,2,0,0.65532225
,3155,3,1,0.9432057
,3156,0,1,0.8738408
,3156,1,0,0.9856811
,3156,2,3,1.0
,3156,3,1,0.9504118
,3157,0,1,0.94317436
,3157,1,2,1.0
,3157,2,0,0.9855253
,3157,3,1,0.9513168
,3158,0,1,0.9523188
,3158,1,0,0.9877932
,3158,2,3,1.0
,3158,3,1,0.9531644
,3159,0,1,0.95291793
,3159,1,3,1.0
,3159,2,0,0.9782572
,3159,3,1,0.95300204
,3160,0,1,0.9536
,3160,1,0,0.98377913
,3160,2,3,1.0
,3160,3,1,0.95360863
,3161,0,1,0.9551634
,3161,1,3,1.0
,3161,2,0,0.96800625
,3161,3,1,0.95516425
,3162,0,1,0.95326823
,3162,1,0,0.94795954
,3162,2,2,1.0
,3162,3,1,0.95326823
,3163,0,1,0.9535452
,3163,1,3,1.0
,3163,2,0,0.9877862
,3163,3,1,0.95354486
,3164,0,1,0.9550776
,3164,1,0,0.9869542
,3164,2,3,1.0
,3164,3,1,0.9550735
,3165,0,1,0.95303476
,3165,1,2,1.0
,3165,2,0,0.9479738
,3165,3,1,0.952991
,3166,0,1,0.9513457
,3166,1,0,0.98760885
,3166,2,3,1.0
,3166,3,1,0.9509264
,3167,0,1,0.953456
,3167,1,3,1.0
,3167,2,0,0.9840004
,3167,3,1,0.94956255
,3168,0,1,0.9550528
,3168,1,0,0.9481923
,3168,2,3,1.0
,3168,3,1,0.9156245
,3169,0,1,0.95289934
,3169,1,3,1.0
,3169,2,0,0.6768662
,3169,3,1,0.54006815
,3170,0,1,0.95114124
,3170,1,0,0.8733091
,3170,2,0,0.65482527
,3170,3,3,1.0
,3171,0,1,0.9531622
,3171,1,0,0.71966183
,3171,2,3,1.0
,3171,3,0,0.76174384
,3172,0,1,0.95280105
,3172,1,3,1.0
,3172,2,0,0.8717567
,3172,3,1,0.88176364
,3173,0,1,0.95084614
,3173,1,0,0.98351324
,3173,2,3,1.0
,3173,3,1,0.9436508
,3174,0,1,0.9489743
,3174,1,3,1.0
,3174,2,0,0.98400456
,3174,3,1,0.9524914
,3175,0,1,0.9092845
,3175,1,0,0.8819089
,3175,2,3,1.0
,3175,3,1,0.9529192
,3176,0,1,0.53010136
,3176,1,2,1.0
,3176,2,0,0.801948
,3176,3,1,0.95114905
,3177,0,3,1.0
,3177,1,0,0.9876053
,3177,2,1,0.76886046
,3177,3,1,0.9507878
,3178,0,0,0.77476925
,3178,1,3,1.0
,3178,2,0,0.5148078
,3178,3,1,0.95077974
,3179,0,1,0.8607841
,3179,1,0,0.98365206
,3179,2,3,1.0
,3179,3,1,0.9508702
,3180,0,1,0.8890066
,3180,1,3,1.0
,3180,2,0,0.9837463
,3180,3,1,0.95105726
,3181,0,1,0.5192712
,3181,1,0,0.7776469
,3181,2,3,1.0
,3181,3,1,0.9533571
,3182,0,3,1.0
,3182,1,1,0.79977435
,3182,2,0,0.9481304
,3182,3,1,0.9550391
,3183,0,0,0.67704874
,3183,1,1,0.5045265
,3183,2,3,1.0
,3183,3,1,0.9528859
,3184,0,0,0.6551369
,3184,1,3,1.0
,3184,2,0,0.7848688
,3184,3,1,0.95123255
,3185,0,3,1.0
,3185,1,0,0.98388916
,3185,2,1,0.78588516
,3185,3,1,0.95334643
,3186,0,1,0.50557715
,3186,1,3,1.0
,3186,2,0,0.5035023
,3186,3,1,0.95459443
,3187,0,1,0.9072343
,3187,1,0,0.94727015
,3187,2,3,1.0
,3187,3,1,0.9482105
,3188,0,1,0.9406528
,3188,1,3,1.0
,3188,2,0,0.98351955
,3188,3,1,0.905308
,3189,0,1,0.90347606
,3189,1,0,0.77216166
,3189,2,3,1.0
,3189,3,1,0.5281628
,3190,0,1,0.52390814
,3190,1,1,0.8782666
,3190,2,0,0.86452687
,3190,3,3,1.0
,3191,0,3,1.0
,3191,1,1,0.9474268
,3191,2,0,0.70272315
,3191,3,1,0.5067443
,3192,0,0,0.94727385
,3192,1,1,0.9481922
,3192,2,3,1.0
,3192,3,1,0.90873873
,3193,0,3,1.0
,3193,1,1,0.91243076
,3193,2,0,0.983762
,3193,3,1,0.9487398
,3194,0,0,0.5323243
,3194,1,1,0.5389978
,3194,2,3,1.0
,3194,3,1,0.95234174
,3195,0,1,0.81962466
,3195,1,3,1.0
,3195,2,0,0.9852751
,3195,3,1,0.95127594
,3196,0,1,0.5025598
,3196,1,0,0.88651186
,3196,2,2,1.0
,3196,3,1,0.9513058
,3197,0,3,1.0
,3197,1,0,0.7233137
,3197,2,0,0.8957505
,3197,3,1,0.95314264
,3198,0,0,0.5065754
,3198,1,3,1.0
,3198,2,0,0.70923364
,3198,3,1,0.9527491
,3199,0,1,0.9013113
,3199,1,0,0.98347193
,3199,2,3,1.0
,3199,3,1,0.95103276
,3200,0,1,0.94552
,3200,1,3,1.0
,3200,2,0,0.983759
,3200,3,1,0.9508324
,3201,0,1,0.9502967
,3201,1,0,0.98375803
,3201,2,3,1.0
,3201,3,1,0.95030856
,3202,0,1,0.9508068
,3202,1,3,1.0
,3202,2,0,0.98375803
,3202,3,1,0.9456055
,3203,0,1,0.95079774
,3203,1,0,0.98375344
,3203,2,3,1.0
,3203,3,1,0.90209144
,3204,0,1,0.9510086
,3204,1,3,1.0
,3204,2,0,0.77198255
,3204,3,1,0.5018086
,3205,0,1,0.9512684
,3205,1,0,0.98470604
,3205,2,1,0.8728094
,3205,3,2,1.0
,3206,0,1,0.9532512
,3206,1,3,1.0
,3206,2,1,0.9399378
,3206,3,0,0.9878036
,3207,0,1,0.9527813
,3207,1,0,0.87171346
,3207,2,1,0.9049667
,3207,3,3,1.0
,3208,0,1,0.9510593
,3208,1,3,1.0
,3208,2,1,0.50837445
,3208,3,0,0.8725698
,3209,0,1,0.9509137
,3209,1,0,0.7815432
,3209,2,2,1.0
,3209,3,0,0.71542734
,3210,0,1,0.9508887
,3210,1,1,0.8705635
,3210,2,0,0.9876131
,3210,3,3,1.0
,3211,0,1,0.9511537
,3211,1,1,0.93743545
,3211,2,3,1.0
,3211,3,0,0.98375267
,3212,0,1,0.95347804
,3212,1,1,0.91048235
,3212,2,0,0.98399687
,3212,3,3,1.0
,3213,0,1,0.9551548
,3213,1,1,0.5348815
,3213,2,3,1.0
,3213,3,1,0.72803956
,3214,0,1,0.95302236
,3214,1,3,1.0
,3214,2,0,0.87176
,3214,3,1,0.9304275
,3215,0,1,0.9511028
,3215,1,0,0.98351884
,3215,2,3,1.0
,3215,3,1,0.948658
,3216,0,1,0.9511503
,3216,1,3,1.0
,3216,2,0,0.98376274
,3216,3,1,0.95088184
,3217,0,1,0.9532156
,3217,1,0,0.98399556
,3217,2,3,1.0
,3217,3,1,0.95313746
,3218,0,1,0.95280343
,3218,1,3,1.0
,3218,2,0,0.94744325
,3218,3,1,0.9522855
,3219,0,1,0.9510459
,3219,1,0,0.9835277
,3219,2,3,1.0
,3219,3,1,0.9461177
,3220,0,1,0.95082146
,3220,1,3,1.0
,3220,2,0,0.98375803
,3220,3,1,0.90507925
,3221,0,1,0.95070595
,3221,1,0,0.87485886
,3221,2,3,1.0
,3221,3,1,0.5282411
,3222,0,1,0.95074326
,3222,1,0,0.717146
,3222,2,0,0.78883535
,3222,3,3,1.0
,3223,0,1,0.95075965
,3223,1,3,1.0
,3223,2,1,0.7713541
,3223,3,0,0.98364747
,3224,0,1,0.9508296
,3224,1,0,0.7745162
,3224,2,0,0.51386285
,3224,3,3,1.0
,3225,0,1,0.9522492
,3225,1,1,0.8646739
,3225,2,3,1.0
,3225,3,0,0.7650129
,3226,0,1,0.9516877
,3226,1,1,0.89151704
,3226,2,3,1.0
,3226,3,1,0.8775738
,3227,0,1,0.95084673
,3227,1,1,0.52223915
,3227,2,2,1.0
,3227,3,1,0.9427363
,3228,0,1,0.9532069
,3228,1,3,1.0
,3228,2,0,0.9878024
,3228,3,1,0.95236623
,3229,0,1,0.9530443
,3229,1,0,0.94744337
,3229,2,3,1.0
,3229,3,1,0.952961
,3230,0,1,0.95338506
,3230,1,3,1.0
,3230,2,0,0.9837686
,3230,3,1,0.9533764
,3231,0,1,0.9528537
,3231,1,0,0.9474444
,3231,2,3,1.0
,3231,3,1,0.95285285
,3232,0,1,0.951411
,3232,1,3,1.0
,3232,2,0,0.9855725
,3232,3,1,0.951411
,3233,0,1,0.9512169
,3233,1,0,0.98553914
,3233,2,2,1.0
,3233,3,1,0.95121676
,3234,0,1,0.9512543
,3234,1,3,1.0
,3234,2,0,0.98917806
,3234,3,1,0.9512537
,3235,0,1,0.95116925
,3235,1,0,0.9855448
,3235,2,2,1.0
,3235,3,1,0.9511636
,3236,0,1,0.9509019
,3236,1,3,1.0
,3236,2,0,0.98761636
,3236,3,1,0.95084953
,3237,0,1,0.95090836
,3237,1,0,0.98375994
,3237,2,3,1.0
,3237,3,1,0.9504235
,3238,0,1,0.9511493
,3238,1,3,1.0
,3238,2,0,0.9837583
,3238,3,1,0.94666165
,3239,0,1,0.95340645
,3239,1,0,0.9839919
,3239,2,3,1.0
,3239,3,1,0.9118802
,3240,0,1,0.95504004
,3240,1,3,1.0
,3240,2,0,0.65786064
,3240,3,1,0.5351832
,3241,0,1,0.95309323
,3241,1,0,0.6777596
,3241,2,0,0.6360272
,3241,3,3,1.0
,3242,0,1,0.9533104
,3242,1,0,0.6585033
,3242,2,3,1.0
,3242,3,0,0.7602493
,3243,0,1,0.9528106
,3243,1,3,1.0
,3243,2,0,0.9473911
,3243,3,1,0.8817149
,3244,0,1,0.9510561
,3244,1,0,0.98352116
,3244,2,3,1.0
,3244,3,1,0.94330424
,3245,0,1,0.95092267
,3245,1,3,1.0
,3245,2,0,0.983762
,3245,3,1,0.9496061
,3246,0,1,0.95112616
,3246,1,0,0.98375803
,3246,2,3,1.0
,3246,3,1,0.9466044
,3247,0,1,0.9531745
,3247,1,3,1.0
,3247,2,0,0.9839919
,3247,3,1,0.9122116
,3248,0,1,0.95277506
,3248,1,0,0.5330888
,3248,2,3,1.0
,3248,3,1,0.53892183
,3249,0,1,0.95119536
,3249,1,1,0.81697786
,3249,2,0,0.98345274
,3249,3,3,1.0
,3250,0,1,0.95314986
,3250,1,0,0.5032978
,3250,2,3,1.0
,3250,3,0,0.76343703
,3251,0,1,0.9527939
,3251,1,3,1.0
,3251,2,0,0.94738543
,3251,3,1,0.88128
,3252,0,1,0.95105046
,3252,1,0,0.98352116
,3252,2,3,1.0
,3252,3,1,0.94271195
,3253,0,1,0.9508866
,3253,1,3,1.0
,3253,2,0,0.9837618
,3253,3,1,0.9450207
,3254,0,1,0.95078754
,3254,1,0,0.98375356
,3254,2,3,1.0
,3254,3,1,0.904784
,3255,0,1,0.9507726
,3255,1,3,1.0
,3255,2,0,0.7914124
,3255,3,1,0.52791065
,3256,0,1,0.95077217
,3256,1,0,0.98363703
,3256,2,1,0.7651408
,3256,3,3,1.0
,3257,0,1,0.9509763
,3257,1,3,1.0
,3257,2,0,0.5404839
,3257,3,0,0.7737059
,3258,0,1,0.95095915
,3258,1,0,0.9847347
,3258,2,2,1.0
,3258,3,1,0.86175275
,3259,0,1,0.9503353
,3259,1,3,1.0
,3259,2,0,0.98760957
,3259,3,1,0.8896218
,3260,0,1,0.94659126
,3260,1,0,0.7721252
,3260,2,3,1.0
,3260,3,1,0.5231339
,3261,0,1,0.9121795
,3261,1,1,0.8769421
,3261,2,0,0.98388773
,3261,3,3,1.0
,3262,0,1,0.53890467
,3262,1,1,0.93975997
,3262,2,3,1.0
,3262,3,0,0.5073968
,3263,0,3,1.0
,3263,1,1,0.903742
,3263,2,0,0.9834581
,3263,3,1,0.90104187
,3264,0,0,0.7727894
,3264,1,1,0.52756995
,3264,2,3,1.0
,3264,3,1,0.94535714
,3265,0,1,0.87317115
,3265,1,3,1.0
,3265,2,0,0.9836518
,3265,3,1,0.9500254
,3266,0,1,0.94505084
,3266,1,0,0.98397493
,3266,2,3,1.0
,3266,3,1,0.9486169
,3267,0,1,0.9521043
,3267,1,3,1.0
,3267,2,0,0.9782483
,3267,3,1,0.9079265
,3268,0,1,0.95338076
,3268,1,0,0.7760506
,3268,2,3,1.0
,3268,3,1,0.52521425
,3269,0,1,0.9552676
,3269,1,1,0.79923224
,3269,2,0,0.9784699
,3269,3,3,1.0
,3270,0,1,0.95528096
,3270,1,1,0.50089335
,3270,2,3,1.0
,3270,3,1,0.72786075
,3271,0,1,0.9529809
,3271,1,3,1.0
,3271,2,0,0.94728357
,3271,3,1,0.9303802
,3272,0,1,0.95085967
,3272,1,0,0.9835273
,3272,2,3,1.0
,3272,3,1,0.94888824
,3273,0,1,0.94890124
,3273,1,3,1.0
,3273,2,0,0.9840048
,3273,3,1,0.9530047
,3274,0,1,0.9085145
,3274,1,0,0.8716963
,3274,2,3,1.0
,3274,3,1,0.95267123
,3275,0,1,0.528931
,3275,1,3,1.0
,3275,2,0,0.77085197
,3275,3,1,0.95043683
,3276,0,3,1.0
,3276,1,0,0.9836556
,3276,2,1,0.87161887
,3276,3,1,0.9460059
,3277,0,0,0.9854293
,3277,1,3,1.0
,3277,2,1,0.9369747
,3277,3,1,0.90591127
,3278,0,2,1.0
,3278,1,0,0.7899159
,3278,2,1,0.9033547
,3278,3,1,0.52941406
,3279,0,0,0.8954757
,3279,1,1,0.87619334
,3279,2,1,0.52388006
,3279,3,3,1.0
,3280,0,0,0.7086274
,3280,1,1,0.9445763
,3280,2,3,1.0
,3280,3,1,0.7174027
,3281,0,3,1.0
,3281,1,1,0.94520724
,3281,2,0,0.9834902
,3281,3,1,0.92554575
,3282,0,0,0.98375654
,3282,1,1,0.9049142
,3282,2,3,1.0
,3282,3,1,0.94800115
,3283,0,3,1.0
,3283,1,1,0.52819407
,3283,2,0,0.8748722
,3283,3,1,0.94986063
,3284,0,0,0.7712763
,3284,1,3,1.0
,3284,2,0,0.71717006
,3284,3,1,0.94573677
,3285,0,1,0.8725562
,3285,1,0,0.98365694
,3285,2,3,1.0
,3285,3,1,0.90487707
,3286,0,1,0.9422943
,3286,1,3,1.0
,3286,2,0,0.7748379
,3286,3,1,0.5279241
,3287,0,1,0.9499272
,3287,1,0,0.9836504
,3287,2,1,0.8609024
,3287,3,3,1.0
,3288,0,1,0.95072854
,3288,1,3,1.0
,3288,2,1,0.8895989
,3288,3,0,0.9837464
,3289,0,1,0.9509755
,3289,1,0,0.8753019
,3289,2,1,0.52334815
,3289,3,3,1.0
,3290,0,1,0.95318925
,3290,1,0,0.72018194
,3290,2,3,1.0
,3290,3,0,0.8629932
,3291,0,1,0.95284307
,3291,1,3,1.0
,3291,2,1,0.8730756
,3291,3,0,0.69849503
,3292,0,1,0.9510584
,3292,1,0,0.9835057
,3292,2,1,0.94241595
,3292,3,3,1.0
,3293,0,1,0.9509296
,3293,1,3,1.0
,3293,2,1,0.9499213
,3293,3,0,0.9837625
,3294,0,1,0.95123285
,3294,1,0,0.9857692
,3294,2,1,0.9504424
,3294,3,3,1.0
,3295,0,1,0.9511827
,3295,1,2,1.0
,3295,2,1,0.944711
,3295,3,0,0.9855332
,3296,0,1,0.9510602
,3296,1,0,0.98760885
,3296,2,1,0.89099795
,3296,3,3,1.0
,3297,0,1,0.9531885
,3297,1,3,1.0
,3297,2,0,0.60080594
,3297,3,0,0.76315296
,3298,0,1,0.95285606
,3298,1,0,0.8717406
,3298,2,2,1.0
,3298,3,1,0.8815422
,3299,0,1,0.95130974
,3299,1,3,1.0
,3299,2,0,0.9876086
,3299,3,1,0.9430906
,3300,0,1,0.953292
,3300,1,0,0.990268
,3300,2,3,1.0
,3300,3,1,0.9480121
,3301,0,1,0.9530696
,3301,1,2,1.0
,3301,2,0,0.94803596
,3301,3,1,0.90815794
,3302,0,1,0.9534516
,3302,1,0,0.82787037
,3302,2,3,1.0
,3302,3,1,0.5252664
,3303,0,1,0.95303226
,3303,1,1,0.7764953
,3303,2,1,0.5201119
,3303,3,3,1.0
,3304,0,1,0.95337075
,3304,1,0,0.51623446
,3304,2,3,1.0
,3304,3,0,0.7605826
,3305,0,1,0.9528881
,3305,1,3,1.0
,3305,2,0,0.71543765
,3305,3,1,0.88195294
,3306,0,1,0.9514082
,3306,1,0,0.9855505
,3306,2,3,1.0
,3306,3,1,0.9437761
,3307,0,1,0.9511873
,3307,1,2,1.0
,3307,2,0,0.9855384
,3307,3,1,0.95037234
,3308,0,1,0.9509279
,3308,1,0,0.98761624
,3308,2,3,1.0
,3308,3,1,0.95083946
,3309,0,1,0.95113355
,3309,1,3,1.0
,3309,2,0,0.98375994
,3309,3,1,0.95112014
,3310,0,1,0.9532365
,3310,1,0,0.98399556
,3310,2,3,1.0
,3310,3,1,0.9531988
,3311,0,1,0.9530345
,3311,1,3,1.0
,3311,2,0,0.94744325
,3311,3,1,0.9526625
,3312,0,1,0.953263
,3312,1,0,0.98376846
,3312,2,3,1.0
,3312,3,1,0.9497058
,3313,0,1,0.95161307
,3313,1,3,1.0
,3313,2,0,0.94821745
,3313,3,1,0.91549087
,3314,0,1,0.9159534
,3314,1,1,0.7083852
,3314,2,3,1.0
,3314,3,1,0.5365389
,3315,0,1,0.5401508
,3315,1,1,0.867055
,3315,2,0,0.52828836
,3315,3,3,1.0
,3316,0,3,1.0
,3316,1,1,0.51228064
,3316,2,1,0.8302143
,3316,3,0,0.7607961
,3317,0,0,0.5069041
,3317,1,3,1.0
,3317,2,1,0.5137184
,3317,3,1,0.8813665
,3318,0,1,0.90125656
,3318,1,0,0.983458
,3318,2,3,1.0
,3318,3,1,0.9426815
,3319,0,1,0.945446
,3319,1,3,1.0
,3319,2,0,0.98375803
,3319,3,1,0.944791
,3320,0,1,0.9497058
,3320,1,0,0.98375326
,3320,2,3,1.0
,3320,3,1,0.9027015
,3321,0,1,0.94594705
,3321,1,3,1.0
,3321,2,0,0.8777759
,3321,3,1,0.5081483
,3322,0,1,0.9059142
,3322,1,0,0.7820388
,3322,2,0,0.73752606
,3322,3,2,1.0
,3323,0,1,0.52933264
,3323,1,1,0.8607734
,3323,2,2,1.0
,3323,3,0,0.8227478
,3324,0,3,1.0
,3324,1,1,0.88939893
,3324,2,0,0.98760486
,3324,3,1,0.86561215
,3325,0,0,0.77284825
,3325,1,1,0.52305883
,3325,2,3,1.0
,3325,3,1,0.9358518
,3326,0,1,0.8723789
,3326,1,3,1.0
,3326,2,0,0.9836464
,3326,3,1,0.9030764
,3327,0,1,0.9422759
,3327,1,0,0.7730447
,3327,2,3,1.0
,3327,3,1,0.5273571
,3328,0,1,0.9499325
,3328,1,1,0.87131274
,3328,2,0,0.9836516
,3328,3,3,1.0
,3329,0,1,0.95079595
,3329,1,1,0.9366122
,3329,2,3,1.0
,3329,3,0,0.9837516
,3330,0,1,0.95107335
,3330,1,1,0.9029186
,3330,2,0,0.98375314
,3330,3,3,1.0
,3331,0,1,0.95335776
,3331,1,1,0.523795
,3331,2,3,1.0
,3331,3,0,0.86521083
,3332,0,1,0.9552731
,3332,1,3,1.0
,3332,2,0,0.513593
,3332,3,0,0.7029234
,3333,0,1,0.9554274
,3333,1,0,0.94801867
,3333,2,1,0.8411267
,3333,3,3,1.0
,3334,0,1,0.95525193
,3334,1,3,1.0
,3334,2,1,0.5133722
,3334,3,0,0.5169545
,3335,0,1,0.95315677
,3335,1,0,0.9472426
,3335,2,3,1.0
,3335,3,1,0.8289463
,3336,0,1,0.95332366
,3336,1,3,1.0
,3336,2,0,0.7780289
,3336,3,1,0.5003201
,3337,0,1,0.95275235
,3337,1,0,0.9473578
,3337,2,1,0.7854283
,3337,3,3,1.0
,3338,0,1,0.9512128
,3338,1,3,1.0
,3338,2,0,0.509751
,3338,3,0,0.7695898
,3339,0,1,0.95320857
,3339,1,0,0.9838963
,3339,2,3,1.0
,3339,3,1,0.878424
,3340,0,1,0.9528038
,3340,1,3,1.0
,3340,2,0,0.9474401
,3340,3,1,0.94535476
,3341,0,1,0.95105666
,3341,1,0,0.9835275
,3341,2,3,1.0
,3341,3,1,0.95025057
,3342,0,1,0.95092595
,3342,1,3,1.0
,3342,2,0,0.9837625
,3342,3,1,0.95083904
,3343,0,1,0.95115495
,3343,1,0,0.9837585
,3343,2,3,1.0
,3343,3,1,0.9511461
,3344,0,1,0.9534402
,3344,1,3,1.0
,3344,2,0,0.9839957
,3344,3,1,0.95344406
,3345,0,1,0.9550971
,3345,1,0,0.94822425
,3345,2,3,1.0
,3345,3,1,0.9551459
,3346,0,1,0.9525183
,3346,1,3,1.0
,3346,2,0,0.7155187
,3346,3,1,0.95303243
,3347,0,1,0.9461324
,3347,1,0,0.9835105
,3347,2,3,1.0
,3347,3,1,0.95107025
,3348,0,1,0.9049854
,3348,1,3,1.0
,3348,2,0,0.9837583
,3348,3,1,0.9508382
,3349,0,1,0.5279739
,3349,1,0,0.78784543
,3349,2,3,1.0
,3349,3,1,0.9510621
,3350,0,3,1.0
,3350,1,1,0.7858655
,3350,2,0,0.98388493
,3350,3,1,0.95344484
,3351,0,1,0.57695216
,3351,1,0,0.5031093
,3351,2,3,1.0
,3351,3,1,0.9550657
,3352,0,0,0.56409764
,3352,1,3,1.0
,3352,2,0,0.53149426
,3352,3,1,0.9529267
,3353,0,3,1.0
,3353,1,0,0.9834567
,3353,2,1,0.81796646
,3353,3,1,0.9509635
,3354,0,0,0.772831
,3354,1,3,1.0
,3354,2,1,0.50062263
,3354,3,1,0.95079166
,3355,0,1,0.8725977
,3355,1,0,0.9836527
,3355,2,3,1.0
,3355,3,1,0.95079404
,3356,0,1,0.9424148
,3356,1,3,1.0
,3356,2,0,0.9837522
,3356,3,1,0.95033735
,3357,0,1,0.94995415
,3357,1,0,0.98375756
,3357,2,3,1.0
,3357,3,1,0.94592255
,3358,0,1,0.9507043
,3358,1,3,1.0
,3358,2,0,0.9837538
,3358,3,1,0.90503716
,3359,0,1,0.9507115
,3359,1,0,0.8747177
,3359,2,3,1.0
,3359,3,1,0.5281867
,3360,0,1,0.95069474
,3360,1,0,0.7168279
,3360,2,0,0.87770265
,3360,3,3,1.0
,3361,0,1,0.9509967
,3361,1,3,1.0
,3361,2,0,0.7394627
,3361,3,0,0.7700888
,3362,0,1,0.9510041
,3362,1,0,0.98496354
,3362,2,2,1.0
,3362,3,1,0.87374777
,3363,0,1,0.9504307
,3363,1,3,1.0
,3363,2,0,0.98761636
,3363,3,1,0.94256234
,3364,0,1,0.94665885
,3364,1,0,0.983759
,3364,2,3,1.0
,3364,3,1,0.9502513
,3365,0,1,0.911843
,3365,1,3,1.0
,3365,2,0,0.9839919
,3365,3,1,0.95330685
,3366,0,1,0.5350759
,3366,1,0,0.5180428
,3366,2,3,1.0
,3366,3,1,0.9550579
,3367,0,3,1.0
,3367,1,1,0.8287486
,3367,2,0,0.9472409
,3367,3,1,0.9531355
,3368,0,0,0.76310474
,3368,1,1,0.5002483
,3368,2,3,1.0
,3368,3,1,0.95332474
,3369,0,1,0.8706065
,3369,1,3,1.0
,3369,2,0,0.9473873
,3369,3,1,0.9528028
,3370,0,1,0.89117575
,3370,1,0,0.9835151
,3370,2,3,1.0
,3370,3,1,0.9509629
,3371,0,1,0.52362406
,3371,1,3,1.0
,3371,2,0,0.77300066
,3371,3,1,0.9508255
,3372,0,3,1.0
,3372,1,0,0.9836522
,3372,2,1,0.87206227
,3372,3,1,0.95110327
,3373,0,0,0.983989
,3373,1,3,1.0
,3373,2,1,0.94004244
,3373,3,1,0.9532046
,3374,0,3,1.0
,3374,1,0,0.94741946
,3374,2,1,0.9069777
,3374,3,1,0.952747
,3375,0,0,0.7856998
,3375,1,3,1.0
,3375,2,1,0.528465
,3375,3,1,0.95120466
,3376,0,1,0.78661376
,3376,1,0,0.98388296
,3376,2,3,1.0
,3376,3,1,0.9531179
,3377,0,1,0.50049406
,3377,1,3,1.0
,3377,2,0,0.67763156
,3377,3,1,0.9521699
,3378,0,3,1.0
,3378,1,0,0.8727322
,3378,2,0,0.65507203
,3378,3,1,0.9458889
,3379,0,0,0.7718531
,3379,1,0,0.71641177
,3379,2,3,1.0
,3379,3,1,0.90482444
,3380,0,1,0.8709957
,3380,1,3,1.0
,3380,2,0,0.87412703
,3380,3,1,0.52806425
,3381,0,1,0.9363504
,3381,1,0,0.87373334
,3381,2,0,0.71666086
,3381,3,3,1.0
,3382,0,1,0.90308577
,3382,1,0,0.7167275
,3382,2,3,1.0
,3382,3,0,0.77161884
,3383,0,1,0.5275187
,3383,1,3,1.0
,3383,2,0,0.87413454
,3383,3,1,0.8722897
,3384,0,3,1.0
,3384,1,0,0.87360865
,3384,2,0,0.71669847
,3384,3,1,0.94217604
,3385,0,0,0.87369424
,3385,1,0,0.71651924
,3385,2,3,1.0
,3385,3,1,0.94979024
,3386,0,0,0.7165037
,3386,1,3,1.0
,3386,2,0,0.8743934
,3386,3,1,0.95082223
,3387,0,3,1.0
,3387,1,0,0.7618952
,3387,2,0,0.7199543
,3387,3,1,0.9530877
,3388,0,0,0.94739074
,3388,1,1,0.8815483
,3388,2,3,1.0
,3388,3,1,0.9527328
,3389,0,3,1.0
,3389,1,1,0.9432743
,3389,2,0,0.98352116
,3389,3,1,0.9505166
,3390,0,0,0.98376167
,3390,1,1,0.94950587
,3390,2,3,1.0
,3390,3,1,0.9459367
,3391,0,3,1.0
,3391,1,1,0.9457009
,3391,2,0,0.9837533
,3391,3,1,0.90496707
,3392,0,0,0.7909759
,3392,1,1,0.90474063
,3392,2,3,1.0
,3392,3,1,0.5281047
,3393,0,1,0.76948655
,3393,1,1,0.5279633
,3393,2,0,0.77128106
,3393,3,3,1.0
,3394,0,0,0.5182447
,3394,1,3,1.0
,3394,2,1,0.8776485
,3394,3,0,0.76125586
,3395,0,3,1.0
,3395,1,0,0.94815755
,3395,2,1,0.943919
,3395,3,1,0.8874415
,3396,0,0,0.8734506
,3396,1,3,1.0
,3396,2,1,0.9147793
,3396,3,1,0.9488023
,3397,0,3,1.0
,3397,1,0,0.7095179
,3397,2,1,0.5398647
,3397,3,1,0.95248026
,3398,0,0,0.77668804
,3398,1,0,0.7611046
,3398,2,3,1.0
,3398,3,1,0.953276
,3399,0,1,0.786215
,3399,1,2,1.0
,3399,2,0,0.947906
,3399,3,1,0.95283526
,3400,0,0,0.5092392
,3400,1,0,0.82253915
,3400,2,3,1.0
,3400,3,1,0.9512739
,3401,0,3,1.0
,3401,1,1,0.8622847
,3401,2,0,0.98388636
,3401,3,1,0.95326537
,3402,0,0,0.8716937
,3402,1,1,0.8934118
,3402,2,3,1.0
,3402,3,1,0.9529979
,3403,0,3,1.0
,3403,1,1,0.5204109
,3403,2,0,0.76094216
,3403,3,1,0.95336837
,3404,0,0,0.71544534
,3404,1,3,1.0
,3404,2,1,0.88183755
,3404,3,1,0.9528586
,3405,0,3,1.0
,3405,1,0,0.98350346
,3405,2,1,0.9433399
,3405,3,1,0.95108306
,3406,0,0,0.98577297
,3406,1,3,1.0
,3406,2,1,0.94986856
,3406,3,1,0.9511955
,3407,0,2,1.0
,3407,1,0,0.9855333
,3407,2,1,0.9459457
,3407,3,1,0.9506672
,3408,0,0,0.9889082
,3408,1,3,1.0
,3408,2,1,0.9032858
,3408,3,1,0.9462958
,3409,0,2,1.0
,3409,1,0,0.7918786
,3409,2,1,0.5047539
,3409,3,1,0.90604264
,3410,0,0,0.8238439
,3410,1,1,0.85932404
,3410,2,2,1.0
,3410,3,1,0.5291788
,3411,0,1,0.85668087
,3411,1,1,0.8886778
,3411,2,0,0.98760486
,3411,3,3,1.0
,3412,0,1,0.89661074
,3412,1,1,0.5192218
,3412,2,3,1.0
,3412,3,0,0.76358163
,3413,0,1,0.53411365
,3413,1,3,1.0
,3413,2,0,0.5324091
,3413,3,1,0.8811729
,3414,0,3,1.0
,3414,1,0,0.98344636
,3414,2,1,0.81781983
,3414,3,1,0.94303745
,3415,0,0,0.77735215
,3415,1,3,1.0
,3415,2,1,0.5006807
,3415,3,1,0.94873726
,3416,0,1,0.84790677
,3416,1,0,0.8068489
,3416,2,3,1.0
,3416,3,1,0.9402439
,3417,0,1,0.8384541
,3417,1,1,0.6837997
,3417,2,2,1.0
,3417,3,1,0.86026436
,3418,0,0,1.0
,3418,1,2,0.52388996
,3418,2,0,1.0
,3418,3,0,1.0
,3419,0,1,0.8635898
,3419,1,0,0.9826302
,3419,2,3,1.0
,3419,3,1,0.8635888
,3420,0,1,0.94415826
,3420,1,2,1.0
,3420,2,0,0.97923213
,3420,3,1,0.9441533
,3421,0,1,0.9526874
,3421,1,0,0.9877932
,3421,2,3,1.0
,3421,3,1,0.952647
,3422,0,1,0.95507735
,3422,1,3,1.0
,3422,2,0,0.94821995
,3422,3,1,0.9546733
,3423,0,1,0.95325595
,3423,1,0,0.8717606
,3423,2,3,1.0
,3423,3,1,0.94901854
,3424,0,1,0.953419
,3424,1,3,1.0
,3424,2,0,0.9900822
,3424,3,1,0.91273504
,3425,0,1,0.95283854
,3425,1,0,0.53711015
,3425,2,2,1.0
,3425,3,1,0.5393038
,3426,0,1,0.951291
,3426,1,1,0.81852686
,3426,2,0,0.9889076
,3426,3,3,1.0
,3427,0,1,0.951332
,3427,1,1,0.50203204
,3427,2,2,1.0
,3427,3,0,0.789862
,3428,0,1,0.95345426
,3428,1,3,1.0
,3428,2,0,0.98779655
,3428,3,1,0.8768729
,3429,0,1,0.9552862
,3429,1,0,0.94820064
,3429,2,3,1.0
,3429,3,1,0.9480478
,3430,0,1,0.95507836
,3430,1,3,1.0
,3430,2,0,0.9480714
,3430,3,1,0.95478934
,3431,0,1,0.95109546
,3431,1,0,0.9480865
,3431,2,3,1.0
,3431,3,1,0.9552663
,3432,0,1,0.9085663
,3432,1,3,1.0
,3432,2,0,0.87171614
,3432,3,1,0.95321107
,3433,0,1,0.5254225
,3433,1,0,0.866778
,3433,2,3,1.0
,3433,3,1,0.95333064
,3434,0,3,1.0
,3434,1,0,0.7203894
,3434,2,0,0.5298953
,3434,3,1,0.9530236
,3435,0,0,0.9864931
,3435,1,2,1.0
,3435,2,1,0.82123876
,3435,3,1,0.9515754
,3436,0,2,1.0
,3436,1,0,0.82218623
,3436,2,1,0.5032405
,3436,3,1,0.9513945
,3437,0,0,0.98778886
,3437,1,1,0.8717099
,3437,2,3,1.0
,3437,3,1,0.9531562
,3438,0,3,1.0
,3438,1,1,0.9399803
,3438,2,0,0.97825044
,3438,3,1,0.95299655
,3439,0,0,0.9837747
,3439,1,1,0.9106822
,3439,2,3,1.0
,3439,3,1,0.9535683
,3440,0,3,1.0
,3440,1,1,0.5348422
,3440,2,0,0.6649529
,3440,3,1,0.95505005
,3441,0,0,0.529887
,3441,1,3,1.0
,3441,2,0,0.65932846
,3441,3,1,0.9531662
,3442,0,1,0.81877524
,3442,1,0,0.984601
,3442,2,2,1.0
,3442,3,1,0.9514748
,3443,0,0,0.50252366
,3443,1,3,1.0
,3443,2,0,0.8140517
,3443,3,1,0.95329154
,3444,0,3,1.0
,3444,1,0,0.87175864
,3444,2,1,0.8770931
,3444,3,1,0.9530838
,3445,0,0,0.9901543
,3445,1,3,1.0
,3445,2,1,0.9455497
,3445,3,1,0.95343834
,3446,0,2,0.9999999
,3446,1,0,0.87173724
,3446,2,1,0.95202744
,3446,3,1,0.9528616
,3447,0,0,0.98760873
,3447,1,3,1.0
,3447,2,1,0.950521
,3447,3,1,0.9510815
,3448,0,3,1.0
,3448,1,0,0.98376346
,3448,2,1,0.9467331
,3448,3,1,0.9511519
,3449,0,0,0.99023646
,3449,1,3,1.0
,3449,2,1,0.9124166
,3449,3,1,0.95323265
,3450,0,2,1.0
,3450,1,0,0.68105483
,3450,2,1,0.53924376
,3450,3,1,0.9527739
,3451,0,0,0.9036958
,3451,1,0,0.6559354
,3451,2,3,1.0
,3451,3,1,0.9509028
,3452,0,0,0.7262264
,3452,1,3,1.0
,3452,2,0,0.7732003
,3452,3,1,0.95077497
,3453,0,3,1.0
,3453,1,0,0.9836612
,3453,2,1,0.86130834
,3453,3,1,0.95087326
,3454,0,0,0.98543024
,3454,1,3,1.0
,3454,2,1,0.8906337
,3454,3,1,0.95112085
,3455,0,2,1.0
,3455,1,0,0.78991735
,3455,2,1,0.5246185
,3455,3,1,0.951284
,3456,0,0,0.99251795
,3456,1,1,0.87624776
,3456,2,3,1.0
,3456,3,1,0.95319855
,3457,0,2,1.0
,3457,1,1,0.9451609
,3457,2,0,0.97936636
,3457,3,1,0.95282435
,3458,0,0,0.98917365
,3458,1,1,0.95060444
,3458,2,3,1.0
,3458,3,1,0.9514286
,3459,0,2,1.0
,3459,1,1,0.95135045
,3459,2,0,0.9855495
,3459,3,1,0.9514385
,3460,0,0,0.9878003
,3460,1,1,0.95324767
,3460,2,3,1.0
,3460,3,1,0.9532606
,3461,0,3,1.0
,3461,1,1,0.95301306
,3461,2,0,0.94744486
,3461,3,1,0.953053
,3462,0,0,0.9901262
,3462,1,1,0.9530226
,3462,2,3,1.0
,3462,3,1,0.95339686
,3463,0,2,1.0
,3463,1,1,0.9488198
,3463,2,0,0.94804114
,3463,3,1,0.9526254
,3464,0,0,0.9877899
,3464,1,1,0.9125439
,3464,2,3,1.0
,3464,3,1,0.9489653
,3465,0,3,1.0
,3465,1,1,0.5391526
,3465,2,0,0.5334502
,3465,3,1,0.90841067
,3466,0,0,0.7704601
,3466,1,3,1.0
,3466,2,1,0.8171963
,3466,3,1,0.52900267
,3467,0,1,0.87250245
,3467,1,0,0.77385694
,3467,2,1,0.5003183
,3467,3,3,1.0
,3468,0,1,0.94237274
,3468,1,1,0.8609917
,3468,2,3,1.0
,3468,3,0,0.98364514
,3469,0,1,0.94986427
,3469,1,1,0.8895128
,3469,2,0,0.98374563
,3469,3,3,1.0
,3470,0,1,0.95067024
,3470,1,1,0.5231123
,3470,2,3,1.0
,3470,3,0,0.79038465
,3471,0,1,0.95074415
,3471,1,3,1.0
,3471,2,0,0.98363775
,3471,3,1,0.77103513
,3472,0,1,0.95075864
,3472,1,0,0.79024875
,3472,2,3,1.0
,3472,3,0,0.5141128
,3473,0,1,0.95070344
,3473,1,1,0.77104074
,3473,2,0,0.98363864
,3473,3,3,1.0
,3474,0,1,0.9503167
,3474,1,0,0.51412517
,3474,2,3,1.0
,3474,3,0,0.77260923
,3475,0,1,0.94663066
,3475,1,3,1.0
,3475,2,0,0.98365295
,3475,3,1,0.8732665
,3476,0,1,0.9118609
,3476,1,0,0.9839857
,3476,2,3,1.0
,3476,3,1,0.94538957
,3477,0,1,0.53505486
,3477,1,3,1.0
,3477,2,0,0.6583156
,3477,3,1,0.9545532
,3478,0,3,1.0
,3478,1,1,0.72796476
,3478,2,0,0.63911813
,3478,3,1,0.95523906
,3479,0,0,0.9472857
,3479,1,1,0.9307297
,3479,2,3,1.0
,3479,3,1,0.9532645
,3480,0,3,1.0
,3480,1,1,0.9513228
,3480,2,0,0.98376787
,3480,3,1,0.9536521
,3481,0,0,0.9482196
,3481,1,1,0.9551433
,3481,2,3,1.0
,3481,3,1,0.9553645
,3482,0,3,1.0
,3482,1,1,0.95531386
,3482,2,0,0.873502
,3482,3,1,0.9553351
,3483,0,0,0.8717596
,3483,1,1,0.95306224
,3483,2,3,1.0
,3483,3,1,0.95306486
,3484,0,3,1.0
,3484,1,1,0.9513307
,3484,2,0,0.9835207
,3484,3,1,0.95133585
,3485,0,0,0.9840054
,3485,1,1,0.95325154
,3485,2,3,1.0
,3485,3,1,0.9532962
,3486,0,3,1.0
,3486,1,1,0.9526315
,3486,2,0,0.8717575
,3486,3,1,0.9530843
,3487,0,0,0.99012125
,3487,1,1,0.9490858
,3487,2,3,1.0
,3487,3,1,0.95341873
,3488,0,2,1.0
,3488,1,1,0.9087639
,3488,2,0,0.948038
,3488,3,1,0.952828
,3489,0,0,0.90362895
,3489,1,1,0.5293725
,3489,2,3,1.0
,3489,3,1,0.95097095
,3490,0,0,0.72596127
,3490,1,3,1.0
,3490,2,0,0.8741464
,3490,3,1,0.9509967
,3491,0,3,1.0
,3491,1,0,0.8640547
,3491,2,0,0.71968436
,3491,3,1,0.9533387
,3492,0,0,0.6903005
,3492,1,0,0.70241153
,3492,2,3,1.0
,3492,3,1,0.9552228
,3493,0,0,0.7454718
,3493,1,3,1.0
,3493,2,0,0.51534706
,3493,3,1,0.95527196
,3494,0,2,1.0
,3494,1,0,0.9533004
,3494,2,1,0.8318293
,3494,3,1,0.95332515
,3495,0,0,0.9043892
,3495,1,2,1.0
,3495,2,1,0.50631535
,3495,3,1,0.95151687
,3496,0,0,0.7290325
,3496,1,0,0.82786614
,3496,2,3,1.0
,3496,3,1,0.95323926
,3497,0,3,1.0
,3497,1,1,0.77719927
,3497,2,0,0.87169576
,3497,3,1,0.95274335
,3498,0,0,0.7703601
,3498,1,0,0.512343
,3498,2,3,1.0
,3498,3,1,0.9509467
,3499,0,1,0.873502
,3499,1,3,1.0
,3499,2,0,0.9836572
,3499,3,1,0.95072746
,3500,0,1,0.94537234
,3500,1,0,0.9839891
,3500,2,3,1.0
,3500,3,1,0.9495596
,3501,0,1,0.9538939
,3501,1,3,1.0
,3501,2,0,0.948215
,3501,3,1,0.9158338
,3502,0,1,0.94810593
,3502,1,1,0.5484061
,3502,2,3,1.0
,3502,3,1,0.54043525
,3503,0,1,0.9056876
,3503,1,0,0.6030464
,3503,2,0,0.77156043
,3503,3,3,1.0
,3504,0,1,0.5288291
,3504,1,2,1.0
,3504,2,1,0.8614831
,3504,3,0,0.7829741
,3505,0,3,1.0
,3505,1,0,0.9876074
,3505,2,1,0.8891727
,3505,3,1,0.8718971
,3506,0,0,0.86768264
,3506,1,3,1.0
,3506,2,1,0.51946896
,3506,3,1,0.94490373
,3507,0,0,0.7177362
,3507,1,0,0.6753194
,3507,2,3,1.0
,3507,3,1,0.9520758
,3508,0,2,1.0
,3508,1,0,0.65332633
,3508,2,0,0.88011247
,3508,3,1,0.9510247
,3509,0,0,0.8234173
,3509,1,3,1.0
,3509,2,0,0.71842194
,3509,3,1,0.950868
,3510,0,1,0.8561784
,3510,1,0,0.9856642
,3510,2,3,1.0
,3510,3,1,0.9512307
,3511,0,1,0.889055
,3511,1,2,1.0
,3511,2,0,0.985518
,3511,3,1,0.9513946
,3512,0,1,0.5196058
,3512,1,0,0.8957949
,3512,2,3,1.0
,3512,3,1,0.95317394
,3513,0,3,1.0
,3513,1,0,0.7092415
,3513,2,0,0.5320332
,3513,3,1,0.95274335
,3514,0,0,0.9834608
,3514,1,3,1.0
,3514,2,1,0.81787133
,3514,3,1,0.95094514
,3515,0,3,1.0
,3515,1,0,0.7728401
,3515,2,1,0.5005927
,3515,3,1,0.95079875
,3516,0,0,0.9836527
,3516,1,1,0.87254
,3516,2,3,1.0
,3516,3,1,0.95087916
,3517,0,3,1.0
,3517,1,1,0.94215345
,3517,2,0,0.9837522
,3517,3,1,0.95112664
,3518,0,0,0.9839947
,3518,1,1,0.94784117
,3518,2,3,1.0
,3518,3,1,0.9532312
,3519,0,3,1.0
,3519,1,1,0.9078843
,3519,2,0,0.947418
,3519,3,1,0.9529865
,3520,0,0,0.7602952
,3520,1,1,0.5250387
,3520,2,3,1.0
,3520,3,1,0.95353895
,3521,0,1,0.88704425
,3521,1,3,1.0
,3521,2,0,0.9679705
,3521,3,1,0.9551341
,3522,0,1,0.9462713
,3522,1,0,0.94795614
,3522,2,2,1.0
,3522,3,1,0.9530428
,3523,0,1,0.9506989
,3523,1,3,1.0
,3523,2,0,0.98917353
,3523,3,1,0.95142746
,3524,0,1,0.95113635
,3524,1,0,0.9855494
,3524,2,2,1.0
,3524,3,1,0.95121413
,3525,0,1,0.9511373
,3525,1,3,1.0
,3525,2,0,0.9876161
,3525,3,1,0.95114565
,3526,0,1,0.9531588
,3526,1,0,0.983983
,3526,2,3,1.0
,3526,3,1,0.95316017
,3527,0,1,0.95305187
,3527,1,3,1.0
,3527,2,0,0.9807314
,3527,3,1,0.95305735
,3528,0,1,0.95128936
,3528,1,0,0.9852269
,3528,2,2,1.0
,3528,3,1,0.95134073
,3529,0,1,0.95068973
,3529,1,3,1.0
,3529,2,0,0.98761636
,3529,3,1,0.9511686
,3530,0,1,0.94879913
,3530,1,0,0.9839966
,3530,2,3,1.0
,3530,3,1,0.9532329
,3531,0,1,0.90807027
,3531,1,3,1.0
,3531,2,0,0.94741863
,3531,3,1,0.9529574
,3532,0,1,0.525254
,3532,1,0,0.77861327
,3532,2,3,1.0
,3532,3,1,0.9532361
,3533,0,3,1.0
,3533,1,1,0.78405315
,3533,2,0,0.978135
,3533,3,1,0.9528958
,3534,0,0,0.7610946
,3534,1,0,0.5137525
,3534,2,3,1.0
,3534,3,1,0.9533271
,3535,0,1,0.88225436
,3535,1,3,1.0
,3535,2,0,0.9473877
,3535,3,1,0.9530778
,3536,0,1,0.9463057
,3536,1,0,0.983762
,3536,2,3,1.0
,3536,3,1,0.95362717
,3537,0,1,0.95461726
,3537,1,3,1.0
,3537,2,0,0.94820505
,3537,3,1,0.95531344
,3538,0,1,0.95512646
,3538,1,0,0.94803745
,3538,2,3,1.0
,3538,3,1,0.9551935
,3539,0,1,0.9531587
,3539,1,3,1.0
,3539,2,0,0.9780077
,3539,3,1,0.9531703
,3540,0,1,0.95337063
,3540,1,0,0.9837807
,3540,2,3,1.0
,3540,3,1,0.95341915
,3541,0,1,0.9525687
,3541,1,3,1.0
,3541,2,0,0.9474453
,3541,3,1,0.9530547
,3542,0,1,0.94864213
,3542,1,0,0.9837544
,3542,2,3,1.0
,3542,3,1,0.9532919
,3543,0,1,0.90563434
,3543,1,3,1.0
,3543,2,0,0.97825325
,3543,3,1,0.95269
,3544,0,1,0.5029206
,3544,1,0,0.79212683
,3544,2,3,1.0
,3544,3,1,0.9511849
,3545,0,2,1.0
,3545,1,1,0.74540865
,3545,2,0,0.9846892
,3545,3,1,0.95126677
,3546,0,0,0.8279089
,3546,1,0,0.63853586
,3546,2,3,1.0
,3546,3,1,0.95323
,3547,0,1,0.7775567
,3547,1,2,1.0
,3547,2,0,0.94786394
,3547,3,1,0.95280415
,3548,0,0,0.5119506
,3548,1,0,0.83597594
,3548,2,3,1.0
,3548,3,1,0.9510343
,3549,0,3,1.0
,3549,1,1,0.76471037
,3549,2,0,0.9853148
,3549,3,1,0.9510952
,3550,0,0,0.7904742
,3550,1,0,0.5148363
,3550,2,2,1.0
,3550,3,1,0.95106506
,3551,0,1,0.87147844
,3551,1,3,1.0
,3551,2,0,0.98917097
,3551,3,1,0.95122224
,3552,0,1,0.9426481
,3552,1,0,0.9855362
,3552,2,2,1.0
,3552,3,1,0.95116407
,3553,0,1,0.94997114
,3553,1,3,1.0
,3553,2,0,0.9876161
,3553,3,1,0.9508982
,3554,0,1,0.9507208
,3554,1,0,0.98375994
,3554,2,3,1.0
,3554,3,1,0.95087916
,3555,0,1,0.9503244
,3555,1,3,1.0
,3555,2,0,0.9837585
,3555,3,1,0.95087856
,3556,0,1,0.94586676
,3556,1,0,0.98375815
,3556,2,3,1.0
,3556,3,1,0.9508949
,3557,0,1,0.9045222
,3557,1,3,1.0
,3557,2,0,0.9837538
,3557,3,1,0.9510403
,3558,0,1,0.5241353
,3558,1,0,0.78485435
,3558,2,3,1.0
,3558,3,1,0.9531524
,3559,0,3,1.0
,3559,1,1,0.7583628
,3559,2,0,0.9473516
,3559,3,1,0.9529525
,3560,0,0,0.76072204
,3560,1,0,0.6354718
,3560,2,3,1.0
,3560,3,1,0.9533552
,3561,0,1,0.88231987
,3561,1,2,1.0
,3561,2,0,0.9478784
,3561,3,1,0.95307326
,3562,0,1,0.94605833
,3562,1,0,0.98779273
,3562,2,3,1.0
,3562,3,1,0.95340925
,3563,0,1,0.9523479
,3563,1,3,1.0
,3563,2,0,0.95316666
,3563,3,1,0.953132
,3564,0,1,0.9507257
,3564,1,0,0.98514956
,3564,2,2,1.0
,3564,3,1,0.9513454
,3565,0,1,0.94624525
,3565,1,3,1.0
,3565,2,0,0.98916084
,3565,3,1,0.9512966
,3566,0,1,0.9042068
,3566,1,0,0.98723215
,3566,2,2,1.0
,3566,3,1,0.95150644
,3567,0,1,0.50613695
,3567,1,2,1.0
,3567,2,0,0.9034488
,3567,3,1,0.951306
,3568,0,2,1.0
,3568,1,0,0.9037944
,3568,2,0,0.7246261
,3568,3,1,0.95096743
,3569,0,0,0.82203597
,3569,1,0,0.7258753
,3569,2,3,1.0
,3569,3,1,0.950829
,3570,0,1,0.8660826
,3570,1,3,1.0
,3570,2,0,0.9836478
,3570,3,1,0.95088685
,3571,0,1,0.93657255
,3571,1,0,0.9857604
,3571,2,3,1.0
,3571,3,1,0.95122224
,3572,0,1,0.9039518
,3572,1,2,1.0
,3572,2,0,0.9855279
,3572,3,1,0.9511425
,3573,0,1,0.5279925
,3573,1,0,0.90368396
,3573,2,3,1.0
,3573,3,1,0.9507845
,3574,0,3,1.0
,3574,1,0,0.72598946
,3574,2,0,0.873562
,3574,3,1,0.9506985
,3575,0,0,0.876829
,3575,1,3,1.0
,3575,2,0,0.71649325
,3575,3,1,0.9507021
,3576,0,0,0.73459345
,3576,1,0,0.8727938
,3576,2,3,1.0
,3576,3,1,0.95083004
,3577,0,2,1.0
,3577,1,0,0.71521324
,3577,2,0,0.8008351
,3577,3,1,0.95035285
,3578,0,0,0.98760563
,3578,1,3,1.0
,3578,2,1,0.76909256
,3578,3,1,0.9455449
,3579,0,3,1.0
,3579,1,0,0.77297384
,3579,2,0,0.51464444
,3579,3,1,0.9026637
,3580,0,0,0.87724847
,3580,1,1,0.8724265
,3580,2,3,1.0
,3580,3,1,0.50812745
,3581,0,0,0.73793274
,3581,1,1,0.94216096
,3581,2,0,0.77992517
,3581,3,2,1.0
,3582,0,2,1.0
,3582,1,1,0.9456167
,3582,2,1,0.8728206
,3582,3,0,0.98766005
,3583,0,0,0.83173907
,3583,1,1,0.9096278
,3583,2,1,0.9435333
,3583,3,3,1.0
,3584,0,1,0.76679933
,3584,1,1,0.53528345
,3584,2,1,0.94628155
,3584,3,3,1.0
,3585,0,0,0.53676367
,3585,1,3,1.0
,3585,2,1,0.9054648
,3585,3,0,0.77038914
,3586,0,2,1.0
,3586,1,0,0.8812986
,3586,2,1,0.5288896
,3586,3,1,0.8737738
,3587,0,0,0.8981999
,3587,1,0,0.7216906
,3587,2,3,1.0
,3587,3,1,0.9451143
,3588,0,0,0.7270493
,3588,1,3,1.0
,3588,2,0,0.6752799
,3588,3,1,0.9521213
,3589,0,2,1.0
,3589,1,0,0.8807253
,3589,2,0,0.6532993
,3589,3,1,0.95124
,3590,0,0,0.8954444
,3590,1,0,0.72159046
,3590,2,3,1.0
,3590,3,1,0.95282024
,3591,0,0,0.7085006
,3591,1,3,1.0
,3591,2,1,0.55385464
,3591,3,1,0.94871306
,3592,0,3,1.0
,3592,1,0,0.7607141
,3592,2,0,0.5859638
,3592,3,1,0.9126322
,3593,0,1,0.54676074
,3593,1,1,0.88045937
,3593,2,3,1.0
,3593,3,1,0.5394653
,3594,0,0,0.608158
,3594,1,1,0.937832
,3594,2,0,0.7688218
,3594,3,3,1.0
,3595,0,2,1.0
,3595,1,1,0.9035557
,3595,2,1,0.87430936
,3595,3,0,0.9847898
,3596,0,0,0.8957824
,3596,1,1,0.5241512
,3596,2,1,0.945179
,3596,3,3,1.0
,3597,0,0,0.70911884
,3597,1,3,1.0
,3597,2,1,0.9520424
,3597,3,0,0.5060824
,3598,0,3,1.0
,3598,1,0,0.7638545
,3598,2,1,0.95263004
,3598,3,1,0.9043794
,3599,0,3,1.0
,3599,1,1,0.87497556
,3599,2,1,0.954436
,3599,3,1,0.9496926
,3600,0,3,1.0
,3600,1,1,0.9027058
,3600,2,1,0.95512897
,3600,3,1,0.9546732
,3601,0,3,1.0
,3601,1,1,0.53202057
,3601,2,1,0.95517176
,3601,3,1,0.955128
,3602,0,0,0.9473058
,3602,1,3,1.0
,3602,2,1,0.9529935
,3602,3,1,0.95298916
,3603,0,3,1.0
,3603,1,0,0.9835289
,3603,2,1,0.9510741
,3603,3,1,0.95107424
,3604,0,0,0.9837626
,3604,1,3,1.0
,3604,2,1,0.9508968
,3604,3,1,0.9509023
,3605,0,3,1.0
,3605,1,0,0.9837584
,3605,2,1,0.9508635
,3605,3,1,0.950915
,3606,0,0,0.98576945
,3606,1,3,1.0
,3606,2,1,0.95078236
,3606,3,1,0.9512578
,3607,0,2,1.0
,3607,1,0,0.98553354
,3607,2,1,0.9469747
,3607,3,1,0.95143384
,3608,0,0,0.9877978
,3608,1,3,1.0
,3608,2,1,0.9119521
,3608,3,1,0.95340896
,3609,0,3,1.0
,3609,1,0,0.65965277
,3609,2,1,0.5355333
,3609,3,1,0.95485574
,3610,0,0,0.71721315
,3610,1,0,0.6378257
,3610,2,3,1.0
,3610,3,1,0.9530185
,3611,0,1,0.79843736
,3611,1,3,1.0
,3611,2,0,0.99004114
,3611,3,1,0.953407
,3612,0,1,0.5042166
,3612,1,0,0.5107548
,3612,2,2,1.0
,3612,3,1,0.9530619
,3613,0,3,1.0
,3613,1,1,0.9052903
,3613,2,0,0.99257874
,3613,3,1,0.9534303
,3614,0,0,0.94804215
,3614,1,1,0.9483474
,3614,2,2,1.0
,3614,3,1,0.95311326
,3615,0,3,1.0
,3615,1,1,0.9531534
,3615,2,0,0.98779607
,3615,3,1,0.95364606
,3616,0,0,0.91934294
,3616,1,1,0.9551225
,3616,2,3,1.0
,3616,3,1,0.9551695
,3617,0,2,1.0
,3617,1,1,0.95303744
,3617,2,0,0.9479304
,3617,3,1,0.9530421
,3618,0,0,0.98760885
,3618,1,1,0.9513473
,3618,2,3,1.0
,3618,3,1,0.95134777
,3619,0,3,1.0
,3619,1,1,0.95346713
,3619,2,0,0.9840006
,3619,3,1,0.95346725
,3620,0,0,0.96800476
,3620,1,1,0.95514965
,3620,2,3,1.0
,3620,3,1,0.95514965
,3621,0,2,1.0
,3621,1,1,0.95325583
,3621,2,0,0.9479598
,3621,3,1,0.95325583
,3622,0,0,0.9925802
,3622,1,1,0.9534354
,3622,2,3,1.0
,3622,3,1,0.9534354
,3623,0,2,1.0
,3623,1,1,0.9528744
,3623,2,0,0.94804317
,3623,3,1,0.9528744
,3624,0,0,0.98760885
,3624,1,1,0.9513296
,3624,2,3,1.0
,3624,3,1,0.9513296
,3625,0,3,1.0
,3625,1,1,0.9534653
,3625,2,0,0.9840006
,3625,3,1,0.9534653
,3626,0,0,0.96800476
,3626,1,1,0.955149
,3626,2,3,1.0
,3626,3,1,0.9551494
,3627,0,2,1.0
,3627,1,1,0.9532503
,3627,2,0,0.9479598
,3627,3,1,0.95325494
,3628,0,0,0.9877931
,3628,1,1,0.9533779
,3628,2,3,1.0
,3628,3,1,0.9534228
,3629,0,3,1.0
,3629,1,1,0.95260924
,3629,2,0,0.9474462
,3629,3,1,0.95306486
,3630,0,0,0.98376834
,3630,1,1,0.94901854
,3630,2,3,1.0
,3630,3,1,0.9533784
,3631,0,3,1.0
,3631,1,1,0.9084885
,3631,2,0,0.9474214
,3631,3,1,0.952762
,3632,0,0,0.769786
,3632,1,1,0.5289289
,3632,2,3,1.0
,3632,3,1,0.95120543
,3633,0,1,0.87818366
,3633,1,3,1.0
,3633,2,0,0.9838812
,3633,3,1,0.95312166
,3634,0,1,0.9451818
,3634,1,0,0.9782497
,3634,2,3,1.0
,3634,3,1,0.9527323
,3635,0,1,0.9496941
,3635,1,3,1.0
,3635,2,0,0.9835381
,3635,3,1,0.9510461
,3636,0,1,0.9458386
,3636,1,0,0.983762
,3636,2,3,1.0
,3636,3,1,0.9508862
,3637,0,1,0.9049322
,3637,1,3,1.0
,3637,2,0,0.98375356
,3637,3,1,0.95078766
,3638,0,1,0.5279573
,3638,1,0,0.7903686
,3638,2,3,1.0
,3638,3,1,0.9507752
,3639,0,3,1.0
,3639,1,1,0.7712209
,3639,2,0,0.983638
,3639,3,1,0.95080125
,3640,0,0,0.87517637
,3640,1,0,0.51384234
,3640,2,3,1.0
,3640,3,1,0.9509704
,3641,0,0,0.719997
,3641,1,3,1.0
,3641,2,0,0.8635183
,3641,3,1,0.95308006
,3642,0,3,1.0
,3642,1,0,0.5066257
,3642,2,0,0.6993309
,3642,3,1,0.95274675
,3643,0,0,0.98347145
,3643,1,1,0.9013561
,3643,2,3,1.0
,3643,3,1,0.9510661
,3644,0,3,1.0
,3644,1,1,0.94579923
,3644,2,0,0.983759
,3644,3,1,0.95114815
,3645,0,0,0.99017555
,3645,1,1,0.95267147
,3645,2,3,1.0
,3645,3,1,0.95323026
,3646,0,2,1.0
,3646,1,1,0.9529411
,3646,2,0,0.9793666
,3646,3,1,0.95304066
,3647,0,0,0.9877963
,3647,1,1,0.9530082
,3647,2,3,1.0
,3647,3,1,0.9534394
,3648,0,3,1.0
,3648,1,1,0.9487849
,3648,2,0,0.87175584
,3648,3,1,0.9531121
,3649,0,0,0.9837571
,3649,1,1,0.91215384
,3649,2,3,1.0
,3649,3,1,0.9535718
,3650,0,3,1.0
,3650,1,1,0.5351729
,3650,2,0,0.5174282
,3650,3,1,0.95508784
,3651,0,0,0.9519617
,3651,1,3,1.0
,3651,2,1,0.83087236
,3651,3,1,0.9531913
,3652,0,2,1.0
,3652,1,0,0.78570044
,3652,2,1,0.50560975
,3652,3,1,0.95145345
,3653,0,0,0.99251807
,3653,1,1,0.87673056
,3653,2,3,1.0
,3653,3,1,0.9532381
,3654,0,2,1.0
,3654,1,1,0.9454011
,3654,2,0,0.97936684
,3654,3,1,0.95304006
,3655,0,0,0.9925803
,3655,1,1,0.9522223
,3655,2,3,1.0
,3655,3,1,0.9534346
,3656,0,2,1.0
,3656,1,1,0.9487489
,3656,2,0,0.94804275
,3656,3,1,0.9530869
,3657,0,0,0.99255025
,3657,1,1,0.9126763
,3657,2,3,1.0
,3657,3,1,0.9533957
,3658,0,2,1.0
,3658,1,1,0.5392756
,3658,2,0,0.5123172
,3658,3,1,0.9528415
,3659,0,0,0.98760647
,3659,1,3,1.0
,3659,2,1,0.90026915
,3659,3,1,0.95130044
,3660,0,3,1.0
,3660,1,0,0.9902661
,3660,2,1,0.943227
,3660,3,1,0.9532918
,3661,0,0,0.9480362
,3661,1,2,1.0
,3661,2,1,0.90737003
,3661,3,1,0.95308167
,3662,0,3,1.0
,3662,1,0,0.8961371
,3662,2,1,0.5251931
,3662,3,1,0.9535555
,3663,0,0,0.6573425
,3663,1,0,0.7122619
,3663,2,3,1.0
,3663,3,1,0.9550423
,3664,0,0,0.63606244
,3664,1,3,1.0
,3664,2,0,0.5276334
,3664,3,1,0.9531485
,3665,0,3,1.0
,3665,1,0,0.9837029
,3665,2,1,0.8300372
,3665,3,1,0.9531535
,3666,0,1,0.50576806
,3666,1,3,1.0
,3666,2,1,0.51001966
,3666,3,1,0.95085025
,3667,0,1,0.9080232
,3667,1,0,0.94724655
,3667,2,3,1.0
,3667,3,1,0.90879184
,3668,0,1,0.9458779
,3668,1,3,1.0
,3668,2,0,0.78560454
,3668,3,1,0.5290339
,3669,0,1,0.94833416
,3669,1,0,0.9838881
,3669,2,1,0.7870269
,3669,3,3,1.0
,3670,0,1,0.90849674
,3670,1,3,1.0
,3670,2,1,0.50087494
,3670,3,1,0.71710503
,3671,0,1,0.52914816
,3671,1,0,0.87316126
,3671,2,3,1.0
,3671,3,1,0.9252701
,3672,0,3,1.0
,3672,1,0,0.7166096
,3672,2,0,0.7888329
,3672,3,1,0.94798386
,3673,0,0,0.98364747
,3673,1,3,1.0
,3673,2,1,0.7715071
,3673,3,1,0.9504762
,3674,0,3,1.0
,3674,1,0,0.8746221
,3674,2,0,0.51376003
,3674,3,1,0.9507139
,3675,0,0,0.8742307
,3675,1,0,0.71683776
,3675,2,3,1.0
,3675,3,1,0.95097494
,3676,0,0,0.7198019
,3676,1,3,1.0
,3676,2,0,0.8637567
,3676,3,1,0.9533827
,3677,0,3,1.0
,3677,1,1,0.5768143
,3677,2,0,0.70205164
,3677,3,1,0.9550617
,3678,0,1,0.7868608
,3678,1,0,0.56713605
,3678,2,3,1.0
,3678,3,1,0.95189565
,3679,0,0,0.5028429
,3679,1,3,1.0
,3679,2,1,0.8684363
,3679,3,1,0.9162774
,3680,0,3,1.0
,3680,1,1,0.6958794
,3680,2,1,0.894905
,3680,3,1,0.5405588
,3681,0,0,0.7726979
,3681,1,1,0.8590682
,3681,2,1,0.52477103
,3681,3,3,1.0
,3682,0,1,0.8607727
,3682,1,1,0.5134741
,3682,2,3,1.0
,3682,3,0,0.7719036
,3683,0,1,0.8895342
,3683,1,3,1.0
,3683,2,0,0.9836403
,3683,3,1,0.8725229
,3684,0,1,0.5233153
,3684,1,0,0.8746827
,3684,2,3,1.0
,3684,3,1,0.9422298
,3685,0,3,1.0
,3685,1,0,0.7168654
,3685,2,0,0.8736426
,3685,3,1,0.94979566
,3686,0,0,0.87426186
,3686,1,3,1.0
,3686,2,0,0.71652246
,3686,3,1,0.9508337
,3687,0,0,0.7197029
,3687,1,0,0.863572
,3687,2,3,1.0
,3687,3,1,0.95296735
,3688,0,3,1.0
,3688,1,0,0.69934547
,3688,2,0,0.51224536
,3688,3,1,0.9517281
,3689,0,0,0.9834677
,3689,1,3,1.0
,3689,2,1,0.88297045
,3689,3,1,0.94134426
,3690,0,3,1.0
,3690,1,0,0.91515505
,3690,2,1,0.84774256
,3690,3,1,0.86136556
