iter,t,j,argmax_state,max_prob
,0,0,2,0.50633234
,0,1,0,1.0
,0,2,0,1.0
,0,3,0,1.0
,1,0,0,0.76860607
,1,1,2,1.0
,1,2,0,0.7351881
,1,3,0,0.8877421
,2,0,0,0.7180013
,2,1,0,0.9077909
,2,2,0,0.87682027
,2,3,2,1.0
,3,0,0,0.87602895
,3,1,0,0.7292766
,3,2,2,1.0
,3,3,0,0.90731174
,4,0,2,1.0
,4,1,0,0.8761836
,4,2,0,0.8990298
,4,3,0,0.7152311
,5,0,0,0.91361755
,5,1,2,1.0
,5,2,1,0.5286066
,5,3,0,0.6993363
,6,0,0,0.88299537
,6,1,0,0.91293067
,6,2,3,1.0
,6,3,0,0.69416964
,7,0,2,1.0
,7,1,0,0.88457066
,7,2,0,0.6265989
,7,3,0,0.69849336
,8,0,0,0.7776678
,8,1,2,1.0
,8,2,0,0.69280297
,8,3,0,0.71360135
,9,0,3,1.0
,9,1,0,0.90717083
,9,2,0,0.6945624
,9,3,0,0.8733657
,10,0,1,0.62683666
,10,1,0,0.71518457
,10,2,0,0.7123123
,10,3,2,1.0
,11,0,3,1.0
,11,1,0,0.69632363
,11,2,0,0.873833
,11,3,0,0.90734756
,12,0,1,0.6264378
,12,1,0,0.69907105
,12,2,2,1.0
,12,3,0,0.71840006
,13,0,3,1.0
,13,1,0,0.7102811
,13,2,0,0.94714963
,13,3,0,0.733374
,14,0,1,0.8868072
,14,1,1,0.6738224
,14,2,2,1.0
,14,3,0,0.57885414
,15,0,0,0.5002893
,15,1,3,1.0
,15,2,0,0.92563146
,15,3,0,0.72570187
,16,0,3,0.99280584
,16,1,1,0.83348197
,16,2,0,0.6427929
,16,3,0,0.5978213
,17,0,1,0.88988113
,17,1,2,1.0
,17,2,0,0.77409375
,17,3,0,0.54732126
,18,0,0,0.6456343
,18,1,0,0.9130011
,18,2,2,1.0
,18,3,0,0.86621076
,19,0,0,0.6929779
,19,1,0,0.8845775
,19,2,0,0.9073121
,19,3,2,0.99794966
,20,0,0,0.6958325
,20,1,2,1.0
,20,2,0,0.71471924
,20,3,0,0.9674269
,21,0,0,0.68567723
,21,1,0,0.9131619
,21,2,0,0.6990137
,21,3,2,1.0
,22,0,2,0.55504537
,22,1,0,0.8845737
,22,2,0,0.69753367
,22,3,0,0.90732145
,23,0,0,0.9093714
,23,1,2,1.0
,23,2,0,0.6974118
,23,3,0,0.7149293
,24,0,2,0.9999988
,24,1,0,0.77800333
,24,2,0,0.6987806
,24,3,0,0.7002312
,25,0,0,0.96758485
,25,1,3,1.0
,25,2,0,0.69293493
,25,3,0,0.6929537
,26,0,2,1.0
,26,1,0,0.8368821
,26,2,0,0.6984393
,26,3,0,0.6972067
,27,0,0,0.96769834
,27,1,2,1.0
,27,2,0,0.7120657
,27,3,0,0.69718665
,28,0,2,1.0
,28,1,0,0.9078223
,28,2,0,0.87577957
,28,3,0,0.69759125
,29,0,0,0.96769726
,29,1,0,0.72907203
,29,2,2,1.0
,29,3,0,0.6971877
,30,0,2,1.0
,30,1,0,0.8766067
,30,2,0,0.9131557
,30,3,0,0.69753844
,31,0,0,0.91314477
,31,1,2,1.0
,31,2,0,0.88468236
,31,3,0,0.69740313
,32,0,0,0.88468033
,32,1,0,0.9131415
,32,2,2,1.0
,32,3,0,0.6974148
,33,0,2,1.0
,33,1,0,0.8845431
,33,2,0,0.9078842
,33,3,0,0.6976066
,34,0,0,0.77764356
,34,1,2,1.0
,34,2,0,0.7304778
,34,3,0,0.698448
,35,0,3,1.0
,35,1,0,0.9070343
,35,2,0,0.8744897
,35,3,0,0.69346166
,36,0,0,0.8367626
,36,1,0,0.71492594
,36,2,2,1.0
,36,3,0,0.6971977
,37,0,2,1.0
,37,1,0,0.6986886
,37,2,0,0.96767765
,37,3,0,0.6984329
,38,0,0,0.96770257
,38,1,0,0.697565
,38,2,2,1.0
,38,3,0,0.71221244
,39,0,2,1.0
,39,1,0,0.6988602
,39,2,0,0.9073279
,39,3,0,0.87578815
,40,0,0,0.9676967
,40,1,0,0.7120753
,40,2,0,0.71471465
,40,3,2,1.0
,41,0,2,1.0
,41,1,0,0.8757673
,41,2,0,0.6990537
,41,3,0,0.90733325
,42,0,0,0.9676733
,42,1,2,1.0
,42,2,0,0.6972853
,42,3,0,0.7147908
,43,0,2,1.0
,43,1,0,0.9676507
,43,2,0,0.6966017
,43,3,0,0.6993636
,44,0,0,0.7794453
,44,1,2,1.0
,44,2,0,0.687053
,44,3,0,0.70287186
,45,0,3,1.0
,45,1,0,0.9217935
,45,2,0,0.5407332
,45,3,0,0.7282661
,46,0,1,0.53996074
,46,1,0,0.60841066
,46,2,3,1.0
,46,3,0,0.5703558
,47,0,2,1.0
,47,1,0,0.86912745
,47,2,0,0.6232406
,47,3,0,0.6836212
,48,0,0,0.77774286
,48,1,2,1.0
,48,2,0,0.6951922
,48,3,0,0.7003248
,49,0,3,1.0
,49,1,0,0.9496361
,49,2,0,0.7268868
,49,3,0,0.72878003
,50,0,1,0.70424825
,50,1,2,1.0
,50,2,0,0.5847254
,50,3,0,0.6021558
,51,0,2,1.0
,51,1,0,0.91292036
,51,2,0,0.6853738
,51,3,0,0.86879903
,52,0,0,0.907295
,52,1,0,0.8846347
,52,2,0,0.7111197
,52,3,2,1.0
,53,0,0,0.7150508
,53,1,2,1.0
,53,2,0,0.8756207
,53,3,0,0.9066508
,54,0,0,0.6993144
,54,1,0,0.9676041
,54,2,2,1.0
,54,3,0,0.6950405
,55,0,0,0.70310384
,55,1,2,1.0
,55,2,0,0.9094826
,55,3,1,0.546751
,56,0,0,0.7474235
,56,1,0,0.84745455
,56,2,0,0.75718117
,56,3,3,1.0
,57,0,0,0.66732496
,57,1,3,1.0
,57,2,0,0.5979603
,57,3,1,0.87218636
,58,0,2,1.0
,58,1,1,0.9576957
,58,2,0,0.54073244
,58,3,1,0.5287896
,59,0,0,0.927067
,59,1,3,1.0
,59,2,0,0.721533
,59,3,0,0.5316883
,60,0,0,0.6932862
,60,1,1,0.85904026
,60,2,0,0.59408134
,60,3,3,1.0
,61,0,2,1.0
,61,1,0,0.74180907
,61,2,0,0.5406807
,61,3,1,0.8893376
,62,0,0,0.9676299
,62,1,2,1.0
,62,2,0,0.6965696
,62,3,0,0.6451868
,63,0,2,1.0
,63,1,0,0.9078206
,63,2,0,0.87508035
,63,3,0,0.69322824
,64,0,0,0.9676967
,64,1,0,0.72906744
,64,2,2,1.0
,64,3,0,0.696829
,65,0,2,1.0
,65,1,0,0.87652963
,65,2,0,0.90782166
,65,3,0,0.69755596
,66,0,0,0.9676967
,66,1,2,1.0
,66,2,0,0.72906727
,66,3,0,0.69720036
,67,0,2,1.0
,67,1,0,0.9073343
,67,2,0,0.87652135
,67,3,0,0.6976981
,68,0,0,0.96767664
,68,1,0,0.71483725
,68,2,2,1.0
,68,3,0,0.6984602
,69,0,2,1.0
,69,1,0,0.70002687
,69,2,0,0.9677044
,69,3,0,0.7122114
,70,0,0,0.90780044
,70,1,0,0.7125691
,70,2,2,1.0
,70,3,0,0.8758797
,71,0,0,0.72928894
,71,1,0,0.87577903
,71,2,0,0.9066268
,71,3,2,1.0
,72,0,0,0.87616843
,72,1,2,1.0
,72,2,0,0.6952285
,72,3,0,0.9075297
,73,0,2,1.0
,73,1,0,0.908876
,73,2,1,0.54775196
,73,3,0,0.7181841
,74,0,0,0.9495399
,74,1,0,0.74443996
,74,2,3,1.0
,74,3,0,0.7293678
,75,0,2,1.0
,75,1,0,0.58606374
,75,2,1,0.7053657
,75,3,0,0.58447325
,76,0,0,0.9675585
,76,1,0,0.68358994
,76,2,2,1.0
,76,3,0,0.68344283
,77,0,2,1.0
,77,1,0,0.6967128
,77,2,0,0.96765506
,77,3,0,0.69655293
,78,0,0,0.7787099
,78,1,0,0.7031714
,78,2,2,1.0
,78,3,0,0.70139456
,79,0,3,1.0
,79,1,0,0.74039716
,79,2,0,0.92529655
,79,3,0,0.7191764
,80,0,2,1.0
,80,1,0,0.5343402
,80,2,0,0.5550505
,80,3,1,0.7110853
,81,0,0,0.9478167
,81,1,0,0.7102829
,81,2,0,0.7120951
,81,3,3,1.0
,82,0,2,1.0
,82,1,0,0.5795608
,82,2,0,0.5813991
,82,3,1,0.9532279
,83,0,0,0.8484725
,83,1,0,0.71175873
,83,2,0,0.7291274
,83,3,3,1.0
,84,0,3,1.0
,84,1,1,0.5959711
,84,2,0,0.5988357
,84,3,1,0.86798805
,85,0,1,0.83889294
,85,1,3,1.0
,85,2,0,0.57326704
,85,3,0,0.54930985
,86,0,2,1.0
,86,1,1,0.893318
,86,2,0,0.5240426
,86,3,0,0.7653277
,87,0,0,0.96753407
,87,1,0,0.6453925
,87,2,0,0.6589513
,87,3,2,1.0
,88,0,2,1.0
,88,1,0,0.6989864
,88,2,1,0.55093706
,88,3,0,0.9091567
,89,0,0,0.9434032
,89,1,0,0.75595325
,89,2,3,1.0
,89,3,0,0.7522065
,90,0,2,1.0
,90,1,0,0.78711414
,90,2,1,0.95075285
,90,3,0,0.554471
,91,0,0,0.77746975
,91,1,2,1.0
,91,2,0,0.6448346
,91,3,0,0.6935346
,92,0,3,1.0
,92,1,0,0.9215916
,92,2,0,0.7261522
,92,3,0,0.80591774
,93,0,1,0.95407915
,93,1,0,0.6062196
,93,2,0,0.5776069
,93,3,2,1.0
,94,0,3,1.0
,94,1,0,0.80139
,94,2,0,0.7175085
,94,3,0,0.9204735
,95,0,1,0.7096926
,95,1,2,1.0
,95,2,0,0.59491897
,95,3,0,0.5988832
,96,0,2,0.9991604
,96,1,0,0.90708214
,96,2,0,0.8682311
,96,3,0,0.6834526
,97,0,0,0.96748966
,97,1,0,0.7147579
,97,2,2,1.0
,97,3,0,0.6756906
,98,0,2,1.0
,98,1,0,0.6983377
,98,2,0,0.90797144
,98,3,1,0.54851025
,99,0,0,0.7785571
,99,1,0,0.6742713
,99,2,0,0.7127475
,99,3,3,1.0
,100,0,3,1.0
,100,1,1,0.5568826
,100,2,0,0.69319606
,100,3,0,0.6375846
,101,0,0,0.6236422
,101,1,3,0.9999987
,101,2,0,0.6941958
,101,3,0,0.8703748
,102,0,0,0.69605273
,102,1,1,0.62666184
,102,2,0,0.70031
,102,3,2,1.0
,103,0,0,0.7465113
,103,1,3,1.0
,103,2,0,0.72784996
,103,3,0,0.95007694
,104,0,0,0.80988586
,104,1,1,0.8860783
,104,2,0,0.58736753
,104,3,2,1.0
,105,0,2,1.0
,105,1,1,0.6048895
,105,2,0,0.6912293
,105,3,0,0.90358704
,106,0,0,0.9263518
,106,1,3,1.0
,106,2,0,0.74815154
,106,3,0,0.5904766
,107,0,0,0.6104496
,107,1,1,0.9424163
,107,2,0,0.64767826
,107,3,3,1.0
,108,0,0,0.5394528
,108,1,0,0.71916103
,108,2,2,1.0
,108,3,1,0.9571675
,109,0,0,0.86562455
,109,1,2,1.0
,109,2,0,0.9082843
,109,3,0,0.6433696
,110,0,2,0.99999917
,110,1,0,0.91772413
,110,2,0,0.7392707
,110,3,0,0.7246488
,111,0,3,1.0
,111,1,0,0.687203
,111,2,0,0.66957057
,111,3,0,0.7437644
,112,0,1,0.95619947
,112,1,0,0.5686272
,112,2,0,0.5584648
,112,3,2,1.0
,113,0,3,1.0
,113,1,0,0.8002362
,113,2,0,0.71355397
,113,3,0,0.9273243
,114,0,1,0.8788988
,114,1,2,1.0
,114,2,0,0.57870966
,114,3,0,0.81957656
,115,0,0,0.64500725
,115,1,0,0.9676192
,115,2,0,0.6853205
,115,3,2,1.0
,116,0,0,0.67257446
,116,1,2,1.0
,116,2,0,0.6968309
,116,3,0,0.96761364
,117,0,1,0.5496432
,117,1,0,0.90892833
,117,2,0,0.7009005
,117,3,2,1.0
,118,0,3,1.0
,118,1,0,0.7457586
,118,2,0,0.7278812
,118,3,0,0.9496582
,119,0,1,0.70424885
,119,1,0,0.6039297
,119,2,0,0.584833
,119,3,2,0.9999999
,120,0,2,1.0
,120,1,0,0.8688778
,120,2,0,0.685381
,120,3,0,0.91292024
,121,0,0,0.9072934
,121,1,2,1.0
,121,2,0,0.7111267
,121,3,0,0.8846374
,122,0,0,0.7150332
,122,1,0,0.9131458
,122,2,0,0.87572527
,122,3,2,1.0
,123,0,0,0.70012915
,123,1,0,0.88460535
,123,2,2,1.0
,123,3,0,0.9073559
,124,0,0,0.71218455
,124,1,2,1.0
,124,2,0,0.96769726
,124,3,0,0.7159089
,125,0,0,0.87586653
,125,1,0,0.90735066
,125,2,2,0.9999912
,125,3,0,0.71385175
,126,0,2,1.0
,126,1,0,0.71617204
,126,2,0,0.90725994
,126,3,0,0.87576735
,127,0,0,0.9676918
,127,1,0,0.71346223
,127,2,0,0.7130709
,127,3,2,1.0
,128,0,2,1.0
,128,1,0,0.8755578
,128,2,0,0.6787226
,128,3,0,0.9075483
,129,0,0,0.90897167
,129,1,2,1.0
,129,2,1,0.54916996
,129,3,0,0.7184363
,130,0,0,0.7464189
,130,1,0,0.948268
,130,2,3,1.0
,130,3,0,0.7315649
,131,0,0,0.5843805
,131,1,2,1.0
,131,2,1,0.9530596
,131,3,0,0.5844498
,132,0,0,0.7122785
,132,1,0,0.8485261
,132,2,3,1.0
,132,3,0,0.72952986
,133,0,1,0.59521645
,133,1,3,1.0
,133,2,1,0.868818
,133,3,0,0.5999723
,134,0,3,1.0
,134,1,1,0.9371978
,134,2,0,0.5291356
,134,3,0,0.5802606
,135,0,1,0.8406976
,135,1,3,0.99999964
,135,2,0,0.56717324
,135,3,0,0.57274693
,136,0,2,1.0
,136,1,1,0.95912033
,136,2,0,0.52425754
,136,3,0,0.52475053
,137,0,0,0.9674606
,137,1,3,1.0
,137,2,0,0.6744026
,137,3,0,0.67316276
,138,0,2,1.0
,138,1,0,0.83693916
,138,2,0,0.7103778
,138,3,0,0.69547474
,139,0,0,0.9074206
,139,1,2,1.0
,139,2,0,0.87553596
,139,3,0,0.6975698
,140,0,0,0.716694
,140,1,0,0.7783687
,140,2,2,1.0
,140,3,0,0.6993405
,141,0,0,0.69859344
,141,1,3,1.0
,141,2,0,0.7783328
,141,3,0,0.69855154
,142,0,0,0.7235018
,142,1,1,0.5177388
,142,2,3,1.0
,142,3,0,0.7402806
,143,0,1,0.59250754
,143,1,3,1.0
,143,2,1,0.8643562
,143,3,0,0.60245425
,144,0,3,1.0
,144,1,1,0.8739092
,144,2,0,0.5996133
,144,3,0,0.57318735
,145,0,1,0.73309356
,145,1,0,0.5011383
,145,2,2,1.0
,145,3,0,0.5321506
,146,0,2,1.0
,146,1,0,0.8638017
,146,2,0,0.91287726
,146,3,0,0.6790246
,147,0,0,0.9073493
,147,1,2,1.0
,147,2,0,0.8845442
,147,3,0,0.6970272
,148,0,0,0.71590674
,148,1,0,0.967699
,148,2,2,1.0
,148,3,0,0.71193105
,149,0,0,0.7138468
,149,1,2,1.0
,149,2,0,0.90732396
,149,3,0,0.8758533
,150,0,0,0.8756876
,150,1,0,0.90748566
,150,2,0,0.7153747
,150,3,2,1.0
,151,0,2,1.0
,151,1,0,0.7187463
,151,2,0,0.7028111
,151,3,0,0.7777696
,152,0,0,0.9495166
,152,1,0,0.72887295
,152,2,0,0.7276102
,152,3,3,1.0
,153,0,2,1.0
,153,1,0,0.58441824
,153,2,0,0.584274
,153,3,1,0.70537055
,154,0,0,0.9675591
,154,1,0,0.6835085
,154,2,0,0.6833789
,154,3,2,1.0
,155,0,2,1.0
,155,1,0,0.69737613
,155,2,0,0.6959898
,155,3,0,0.96767974
,156,0,0,0.96769786
,156,1,0,0.7121191
,156,2,0,0.6955608
,156,3,2,1.0
,157,0,2,1.0
,157,1,0,0.8755062
,157,2,0,0.677201
,157,3,0,0.90744424
,158,0,0,0.9136098
,158,1,2,1.0
,158,2,1,0.549555
,158,3,0,0.715424
,159,0,0,0.8826598
,159,1,0,0.90721136
,159,2,3,1.0
,159,3,0,0.6958372
,160,0,2,1.0
,160,1,0,0.71537745
,160,2,1,0.62651354
,160,3,0,0.6988719
,161,0,0,0.96761423
,161,1,0,0.6966254
,161,2,3,1.0
,161,3,0,0.70888424
,162,0,2,1.0
,162,1,0,0.7122157
,162,2,0,0.62793076
,162,3,0,0.87576646
,163,0,0,0.9073448
,163,1,0,0.875849
,163,2,0,0.7066667
,163,3,2,1.0
,164,0,0,0.7161254
,164,1,2,1.0
,164,2,0,0.8755357
,164,3,0,0.9131458
,165,0,0,0.7137039
,165,1,0,0.907336
,165,2,2,1.0
,165,3,0,0.88468695
,166,0,0,0.8758486
,166,1,0,0.7161262
,166,2,0,0.91314584
,166,3,2,1.0
,167,0,2,1.0
,167,1,0,0.7137041
,167,2,0,0.8846861
,167,3,0,0.9072987
,168,0,0,0.9131458
,168,1,0,0.87584
,168,2,2,0.99999905
,168,3,0,0.71503437
,169,0,0,0.8846048
,169,1,2,1.0
,169,2,0,0.90731466
,169,3,0,0.7001301
,170,0,2,1.0
,170,1,0,0.9676974
,170,2,0,0.71471256
,170,3,0,0.7121875
,171,0,0,0.9131539
,171,1,2,1.0
,171,2,0,0.69901687
,171,3,0,0.8758564
,172,0,0,0.88460124
,172,1,0,0.9073193
,172,2,0,0.6976821
,172,3,2,1.0
,173,0,2,1.0
,173,1,0,0.7147415
,173,2,0,0.6984638
,173,3,0,0.9676765
,174,0,0,0.9677028
,174,1,0,0.69879985
,174,2,0,0.71221447
,174,3,2,1.0
,175,0,2,1.0
,175,1,0,0.6977842
,175,2,0,0.8758652
,175,3,0,0.9131564
,176,0,0,0.9131433
,176,1,0,0.69865227
,176,2,2,1.0
,176,3,0,0.8846888
,177,0,0,0.8846992
,177,1,0,0.7122935
,177,2,0,0.90778875
,177,3,2,1.0
,178,0,2,1.0
,178,1,0,0.87579566
,178,2,0,0.72930026
,178,3,0,0.90779144
,179,0,0,0.90729725
,179,1,2,1.0
,179,2,0,0.8765358
,179,3,0,0.72929114
,180,0,0,0.7149165
,180,1,0,0.9131466
,180,2,2,1.0
,180,3,0,0.87652564
,181,0,0,0.6988483
,181,1,0,0.88467497
,181,2,0,0.9131426
,181,3,2,1.0
,182,0,0,0.6975603
,182,1,2,1.0
,182,2,0,0.8846106
,182,3,0,0.9078105
,183,0,0,0.69719845
,183,1,0,0.9676974
,183,2,2,1.0
,183,3,0,0.72907555
,184,0,0,0.69764155
,184,1,2,1.0
,184,2,0,0.9131557
,184,3,0,0.87660766
,185,0,0,0.69864076
,185,1,0,0.91314316
,185,2,0,0.8846891
,185,3,2,1.0
,186,0,0,0.7122923
,186,1,0,0.88469803
,186,2,2,1.0
,186,3,0,0.907789
,187,0,0,0.8757894
,187,1,2,0.99999726
,187,2,0,0.90729845
,187,3,0,0.7293043
,188,0,2,1.0
,188,1,0,0.91314423
,188,2,0,0.71492136
,188,3,0,0.876524
,189,0,0,0.90780973
,189,1,0,0.8846033
,189,2,0,0.6988887
,189,3,2,1.0
,190,0,0,0.7290746
,190,1,2,0.999998
,190,2,0,0.6973011
,190,3,0,0.9676974
,191,0,0,0.8766039
,191,1,0,0.91314703
,191,2,0,0.6975593
,191,3,2,1.0
,192,0,2,1.0
,192,1,0,0.88441586
,192,2,0,0.6975099
,192,3,0,0.9066506
,193,0,0,0.96760064
,193,1,2,0.9995975
,193,2,0,0.6976368
,193,3,0,0.69512635
,194,0,2,1.0
,194,1,0,0.899508
,194,2,0,0.7000823
,194,3,1,0.54600793
,195,0,0,0.90741795
,195,1,1,0.5340356
,195,2,0,0.70839244
,195,3,3,1.0
,196,0,0,0.711428
,196,1,3,1.0
,196,2,0,0.87374985
,196,3,0,0.6392563
,197,0,0,0.6986097
,197,1,0,0.64308053
,197,2,2,1.0
,197,3,0,0.87264335
,198,0,0,0.6976277
,198,1,0,0.8727695
,198,2,0,0.913152
,198,3,2,1.0
,199,0,0,0.69755125
,199,1,2,1.0
,199,2,0,0.88460743
,199,3,0,0.9078096
,200,0,0,0.69842076
,200,1,0,0.967699
,200,2,2,1.0
,200,3,0,0.7290724
,201,0,0,0.71243525
,201,1,2,1.0
,201,2,0,0.9073071
,201,3,0,0.8766164
,202,0,0,0.87578136
,202,1,0,0.9131454
,202,2,0,0.71493345
,202,3,2,1.0
,203,0,2,1.0
,203,1,0,0.88459545
,203,2,0,0.69890004
,203,3,0,0.9073193
,204,0,0,0.9676741
,204,1,2,1.0
,204,2,0,0.69733965
,204,3,0,0.71474934
,205,0,2,1.0
,205,1,0,0.9676795
,205,2,0,0.6973784
,205,3,0,0.69883186
,206,0,0,0.9676796
,206,1,2,1.0
,206,2,0,0.69739234
,206,3,0,0.69751364
,207,0,2,1.0
,207,1,0,0.96344095
,207,2,0,0.69740516
,207,3,0,0.69741535
,208,0,0,0.96767926
,208,1,2,0.97798723
,208,2,0,0.69734764
,208,3,0,0.69734836
,209,0,2,1.0
,209,1,0,0.96480024
,209,2,0,0.697394
,209,3,0,0.6973934
,210,0,0,0.96767974
,210,1,2,1.0
,210,2,0,0.6973978
,210,3,0,0.69739
,211,0,2,0.9999999
,211,1,0,0.9676801
,211,2,0,0.69749427
,211,3,0,0.69739926
,212,0,0,0.9676824
,212,1,2,1.0
,212,2,0,0.6986244
,212,3,0,0.6974858
,213,0,2,1.0
,213,1,0,0.96770465
,213,2,0,0.71222824
,213,3,0,0.69859153
,214,0,0,0.90730786
,214,1,2,1.0
,214,2,0,0.87580734
,214,3,0,0.71245843
,215,0,0,0.7149327
,215,1,0,0.9131454
,215,2,2,0.999841
,215,3,0,0.87578195
,216,0,0,0.6988987
,216,1,0,0.88459617
,216,2,0,0.90731555
,216,3,2,1.0
,217,0,0,0.6973308
,217,1,2,1.0
,217,2,0,0.7159366
,217,3,0,0.9676765
,218,0,0,0.6973431
,218,1,0,0.96770227
,218,2,0,0.71362966
,218,3,2,1.0
,219,0,0,0.6976071
,219,1,2,1.0
,219,2,0,0.87584996
,219,3,0,0.9078223
,220,0,0,0.6971946
,220,1,0,0.9676967
,220,2,2,1.0
,220,3,0,0.72906756
,221,0,0,0.69758517
,221,1,2,1.0
,221,2,0,0.90782183
,221,3,0,0.87652963
,222,0,0,0.69718856
,222,1,0,0.96769726
,222,2,0,0.72907215
,222,3,2,1.0
,223,0,0,0.6975471
,223,1,2,1.0
,223,2,0,0.87660074
,223,3,0,0.9130466
,224,0,0,0.69744855
,224,1,0,0.9073232
,224,2,2,0.9999993
,224,3,0,0.8814578
,225,0,0,0.6970529
,225,1,0,0.7147309
,225,2,0,0.9676733
,225,3,2,0.9924632
,226,0,0,0.69567466
,226,1,0,0.6988952
,226,2,2,1.0
,226,3,0,0.9666885
,227,0,0,0.6769453
,227,1,0,0.6981108
,227,2,0,0.96761495
,227,3,2,1.0
,228,0,1,0.5494111
,228,1,0,0.7025884
,228,2,2,1.0
,228,3,0,0.91163653
,229,0,3,1.0
,229,1,0,0.7480089
,229,2,0,0.9203242
,229,3,0,0.8255646
,230,0,1,0.87814724
,230,1,0,0.80785114
,230,2,0,0.6021901
,230,3,2,1.0
,231,0,0,0.6468781
,231,1,2,1.0
,231,2,0,0.6872231
,231,3,0,0.9676236
,232,0,0,0.6931619
,232,1,0,0.9676796
,232,2,0,0.6965218
,232,3,2,1.0
,233,0,0,0.6971424
,233,1,2,1.0
,233,2,0,0.69731987
,233,3,0,0.9676801
,234,0,0,0.69859636
,234,1,0,0.9676823
,234,2,0,0.697377
,234,3,2,1.0
,235,0,0,0.71223456
,235,1,2,1.0
,235,2,0,0.6973513
,235,3,0,0.96770304
,236,0,0,0.8758658
,236,1,0,0.91315633
,236,2,0,0.6975623
,236,3,2,1.0
,237,0,2,1.0
,237,1,0,0.88468003
,237,2,0,0.69740963
,237,3,0,0.9131429
,238,0,0,0.90732366
,238,1,2,1.0
,238,2,0,0.6974509
,238,3,0,0.8846026
,239,0,0,0.7148491
,239,1,0,0.9676743
,239,2,0,0.6972181
,239,3,2,1.0
,240,0,0,0.7000614
,240,1,2,1.0
,240,2,0,0.6973591
,240,3,0,0.96768194
,241,0,0,0.7123483
,241,1,0,0.9677025
,241,2,0,0.6973546
,241,3,2,1.0
,242,0,0,0.8757936
,242,1,2,1.0
,242,2,0,0.6976089
,242,3,0,0.9078225
,243,0,2,1.0
,243,1,0,0.96769726
,243,2,0,0.6971977
,243,3,0,0.72907203
,244,0,0,0.9131558
,244,1,2,1.0
,244,2,0,0.6976415
,244,3,0,0.8766075
,245,0,0,0.88468885
,245,1,0,0.91314316
,245,2,0,0.6986412
,245,3,2,1.0
,246,0,2,1.0
,246,1,0,0.8846934
,246,2,0,0.7122965
,246,3,0,0.9072958
,247,0,0,0.91307807
,247,1,2,1.0
,247,2,0,0.87577873
,247,3,0,0.7149311
,248,0,0,0.8826473
,248,1,0,0.9131433
,248,2,2,1.0
,248,3,0,0.6988506
,249,0,2,0.9951284
,249,1,0,0.8845992
,249,2,0,0.9073149
,249,3,0,0.69756407
,250,0,0,0.96703595
,250,1,2,1.0
,250,2,0,0.71461546
,250,3,0,0.6972335
,251,0,2,1.0
,251,1,0,0.96767455
,251,2,0,0.6971461
,251,3,0,0.69740224
,252,0,0,0.9676118
,252,1,2,1.0
,252,2,0,0.6771253
,252,3,0,0.6976411
,253,0,2,1.0
,253,1,0,0.9078149
,253,2,1,0.5488873
,253,3,0,0.69828653
,254,0,0,0.96750396
,254,1,0,0.7113908
,254,2,3,1.0
,254,3,0,0.69370884
,255,0,2,1.0
,255,1,0,0.6991512
,255,2,1,0.6262845
,255,3,0,0.69766694
,256,0,0,0.9676162
,256,1,0,0.69412786
,256,2,3,1.0
,256,3,0,0.6938993
,257,0,2,1.0
,257,1,0,0.69855773
,257,2,0,0.83689415
,257,3,0,0.6973056
,258,0,0,0.9676982
,258,1,0,0.7120754
,258,2,2,1.0
,258,3,0,0.697205
,259,0,2,1.0
,259,1,0,0.87577146
,259,2,0,0.90733135
,259,3,0,0.69770527
,260,0,0,0.9676764
,260,1,2,1.0
,260,2,0,0.7147373
,260,3,0,0.6984609
,261,0,2,1.0
,261,1,0,0.9677027
,261,2,0,0.6987923
,261,3,0,0.71221393
,262,0,0,0.9131545
,262,1,2,1.0
,262,2,0,0.6976965
,262,3,0,0.8758622
,263,0,0,0.88460165
,263,1,0,0.90731966
,263,2,0,0.6975723
,263,3,2,1.0
,264,0,2,1.0
,264,1,0,0.71474963
,264,2,0,0.69845414
,264,3,0,0.9676765
,265,0,0,0.9677024
,265,1,0,0.69890004
,265,2,0,0.7122087
,265,3,2,1.0
,266,0,2,1.0
,266,1,0,0.6989705
,266,2,0,0.87578773
,266,3,0,0.9073284
,267,0,0,0.96769625
,267,1,0,0.71207905
,267,2,2,1.0
,267,3,0,0.7147302
,268,0,2,1.0
,268,1,0,0.8756891
,268,2,0,0.90740615
,268,3,0,0.6992307
,269,0,0,0.778003
,269,1,2,1.0
,269,2,0,0.71610457
,269,3,0,0.6986096
,270,0,3,1.0
,270,1,0,0.9675788
,270,2,0,0.6942905
,270,3,0,0.69108534
,271,0,0,0.8365292
,271,1,2,0.99999917
,271,2,0,0.6975879
,271,3,0,0.6768084
,272,0,2,1.0
,272,1,0,0.90827745
,272,2,0,0.6980339
,272,3,1,0.5492201
,273,0,0,0.9675976
,273,1,0,0.7256183
,273,2,0,0.6935417
,273,3,3,1.0
,274,0,2,1.0
,274,1,0,0.8764123
,274,2,0,0.69842863
,274,3,0,0.62657833
,275,0,0,0.9677012
,275,1,2,1.0
,275,2,0,0.71215415
,275,3,0,0.6913861
,276,0,2,1.0
,276,1,0,0.90733325
,276,2,0,0.87572485
,276,3,0,0.6971125
,277,0,0,0.96767306
,277,1,0,0.71477324
,277,2,2,0.99987864
,277,3,0,0.69706655
,278,0,2,1.0
,278,1,0,0.6991303
,278,2,0,0.9637872
,278,3,0,0.69588953
,279,0,0,0.77901906
,279,1,0,0.70003474
,279,2,2,0.9799917
,279,3,0,0.6786501
,280,0,3,1.0
,280,1,0,0.6981761
,280,2,0,0.9046544
,280,3,1,0.55587536
,281,0,0,0.6757275
,281,1,0,0.7614854
,281,2,0,0.7950079
,281,3,3,1.0
,282,0,0,0.5229805
,282,1,0,0.77230376
,282,2,2,1.0
,282,3,1,0.99411875
,283,0,0,0.6796606
,283,1,2,1.0
,283,2,0,0.9675999
,283,3,0,0.6359606
,284,0,0,0.6959502
,284,1,0,0.96767455
,284,2,2,1.0
,284,3,0,0.69053453
,285,0,0,0.6979797
,285,1,2,1.0
,285,2,0,0.967614
,285,3,0,0.6765317
,286,0,0,0.70386034
,286,1,0,0.9093793
,286,2,2,1.0
,286,3,1,0.54918605
,287,0,0,0.7618619
,287,1,0,0.75837404
,287,2,0,0.9390494
,287,3,3,1.0
,288,0,0,0.77279973
,288,1,0,0.54995733
,288,2,2,1.0
,288,3,1,0.9941384
,289,0,2,1.0
,289,1,0,0.8654354
,289,2,0,0.90739644
,289,3,0,0.6144523
,290,0,0,0.90921706
,290,1,2,0.9970836
,290,2,0,0.7189961
,290,3,1,0.5553157
,291,0,0,0.7535462
,291,1,0,0.9418501
,291,2,0,0.73942196
,291,3,3,1.0
,292,0,0,0.554955
,292,1,2,1.0
,292,2,0,0.5603801
,292,3,1,0.9824286
,293,0,0,0.716552
,293,1,0,0.9137242
,293,2,0,0.7893057
,293,3,3,1.0
,294,0,0,0.56786233
,294,1,1,0.6598336
,294,2,2,1.0
,294,3,1,0.89302266
,295,0,0,0.68570083
,295,1,3,0.99999964
,295,2,0,0.908257
,295,3,1,0.6074171
,296,0,0,0.80718297
,296,1,0,0.66466016
,296,2,0,0.74692535
,296,3,3,0.9806281
,297,0,2,1.0
,297,1,0,0.5810377
,297,2,0,0.58187306
,297,3,1,0.9487171
,298,0,0,0.92057425
,298,1,0,0.79943657
,298,2,0,0.71661884
,298,3,3,1.0
,299,0,0,0.59922457
,299,1,2,0.99998105
,299,2,0,0.5775488
,299,3,1,0.71104383
,300,0,0,0.6883854
,300,1,0,0.7772606
,300,2,0,0.68655276
,300,3,2,1.0
,301,0,0,0.72633606
,301,1,3,1.0
,301,2,0,0.7260668
,301,3,0,0.94951105
,302,0,0,0.5855696
,302,1,1,0.7052928
,302,2,0,0.5841088
,302,3,2,1.0
,303,0,0,0.69865376
,303,1,2,1.0
,303,2,0,0.6834173
,303,3,0,0.96758366
,304,0,0,0.87506527
,304,1,0,0.9077062
,304,2,0,0.6966799
,304,3,2,1.0
,305,0,2,1.0
,305,1,0,0.7249935
,305,2,0,0.69997
,305,3,0,0.7779605
,306,0,0,0.9218925
,306,1,0,0.8042799
,306,2,0,0.7102413
,306,3,3,1.0
,307,0,0,0.5931955
,307,1,2,1.0
,307,2,1,0.6790522
,307,3,1,0.882842
,308,0,0,0.7186769
,308,1,0,0.9469141
,308,2,3,1.0
,308,3,0,0.65690684
,309,0,0,0.57705075
,309,1,2,1.0
,309,2,1,0.88000715
,309,3,1,0.67927057
,310,0,0,0.7277259
,310,1,0,0.8344292
,310,2,0,0.68026054
,310,3,3,0.9999999
,311,0,0,0.7328161
,311,1,3,1.0
,311,2,0,0.6047957
,311,3,1,0.7366906
,312,0,2,1.0
,312,1,1,0.7743402
,312,2,0,0.5859603
,312,3,0,0.78660303
,313,0,0,0.9076035
,313,1,0,0.8530229
,313,2,0,0.687016
,313,3,2,1.0
,314,0,0,0.72487825
,314,1,2,1.0
,314,2,0,0.700904
,314,3,0,0.77790624
,315,0,0,0.8040941
,315,1,0,0.9138366
,315,2,0,0.7322192
,315,3,3,1.0
,316,0,2,1.0
,316,1,1,0.65966004
,316,2,0,0.57429755
,316,3,1,0.88836247
,317,0,0,0.92603236
,317,1,3,1.0
,317,2,0,0.7289965
,317,3,0,0.50828344
,318,0,0,0.60786635
,318,1,1,0.93338144
,318,2,0,0.5853708
,318,3,3,1.0
,319,0,0,0.5392379
,319,1,2,1.0
,319,2,0,0.5286977
,319,3,1,0.7396941
,320,0,0,0.7990489
,320,1,0,0.92063737
,320,2,0,0.71454763
,320,3,2,1.0
,321,0,2,1.0
,321,1,0,0.59911966
,321,2,0,0.5770515
,321,3,0,0.78514737
,322,0,0,0.77771723
,322,1,0,0.6907572
,322,2,0,0.6870596
,322,3,2,1.0
,323,0,3,0.9999975
,323,1,0,0.7299408
,323,2,0,0.70793754
,323,3,0,0.9471167
,324,0,1,0.88022643
,324,1,0,0.57818806
,324,2,1,0.6747242
,324,3,2,1.0
,325,0,0,0.6745603
,325,1,0,0.7269362
,325,2,3,1.0
,325,3,0,0.8485669
,326,0,1,0.59875566
,326,1,0,0.57911265
,326,2,1,0.86871254
,326,3,3,1.0
,327,0,3,1.0
,327,1,1,0.61442703
,327,2,0,0.52961755
,327,3,1,0.87122774
,328,0,1,0.93732446
,328,1,3,1.0
,328,2,0,0.5749767
,328,3,0,0.5286056
,329,0,3,1.0
,329,1,1,0.838545
,329,2,0,0.5974514
,329,3,0,0.56818014
,330,0,1,0.8933736
,330,1,2,1.0
,330,2,0,0.76965445
,330,3,0,0.5431544
,331,0,0,0.6454164
,331,1,0,0.9071812
,331,2,2,0.9998183
,331,3,0,0.86681366
,332,0,0,0.693237
,332,1,0,0.7150904
,332,2,0,0.9676304
,332,3,2,1.0
,333,0,0,0.701395
,333,1,0,0.70320624
,333,2,2,1.0
,333,3,0,0.77787787
,334,0,0,0.72945285
,334,1,0,0.72960025
,334,2,0,0.9483038
,334,3,3,1.0
,335,0,0,0.58254504
,335,1,0,0.58261365
,335,2,2,1.0
,335,3,1,0.95325434
,336,0,0,0.71701175
,336,1,0,0.71757287
,336,2,0,0.94815713
,336,3,3,0.9999999
,337,0,0,0.5826005
,337,1,0,0.58892757
,337,2,2,1.0
,337,3,1,0.9533714
,338,0,0,0.7359244
,338,1,0,0.8021926
,338,2,0,0.92023647
,338,3,3,0.9999994
,339,0,0,0.8061468
,339,1,2,1.0
,339,2,0,0.60104775
,339,3,1,0.8786852
,340,0,2,1.0
,340,1,0,0.9676253
,340,2,0,0.6883483
,340,3,0,0.6467944
,341,0,0,0.9677028
,341,1,2,1.0
,341,2,0,0.71138084
,341,3,0,0.6931147
,342,0,2,1.0
,342,1,0,0.9131565
,342,2,0,0.87582946
,342,3,0,0.6973119
,343,0,0,0.91314304
,343,1,0,0.8846888
,343,2,2,1.0
,343,3,0,0.6986135
,344,0,0,0.8846934
,344,1,2,1.0
,344,2,0,0.9072993
,344,3,0,0.71229434
,345,0,2,1.0
,345,1,0,0.9131476
,345,2,0,0.7150294
,345,3,0,0.8757803
,346,0,0,0.9128359
,346,1,0,0.88468045
,346,2,0,0.7000823
,346,3,2,1.0
,347,0,0,0.87576234
,347,1,2,1.0
,347,2,0,0.71241045
,347,3,0,0.9073006
,348,0,2,0.9785329
,348,1,0,0.90781134
,348,2,0,0.8756959
,348,3,0,0.714954
,349,0,0,0.9648881
,349,1,0,0.7290645
,349,2,2,0.99999833
,349,3,0,0.69863915
,350,0,2,1.0
,350,1,0,0.87660587
,350,2,0,0.9131552
,350,3,0,0.6977595
,351,0,0,0.91314304
,351,1,2,0.9999999
,351,2,0,0.8846887
,351,3,0,0.69865066
,352,0,0,0.8846913
,352,1,0,0.9072981
,352,2,2,1.0
,352,3,0,0.7122927
,353,0,2,1.0
,353,1,0,0.7149753
,353,2,0,0.907813
,353,3,0,0.8757016
,354,0,0,0.96769625
,354,1,0,0.6986362
,354,2,0,0.7290565
,354,3,2,1.0
,355,0,2,1.0
,355,1,0,0.6977164
,355,2,0,0.8765197
,355,3,0,0.9073314
,356,0,0,0.96767396
,356,1,0,0.69724566
,356,2,2,1.0
,356,3,0,0.7147468
,357,0,2,1.0
,357,1,0,0.6974719
,357,2,0,0.96767974
,357,3,0,0.69883084
,358,0,0,0.9676823
,358,1,0,0.69862294
,358,2,2,1.0
,358,3,0,0.69751084
,359,0,2,1.0
,359,1,0,0.71223676
,359,2,0,0.9677033
,359,3,0,0.6974646
,360,0,0,0.91315454
,360,1,0,0.87587273
,360,2,2,1.0
,360,3,0,0.69880193
,361,0,0,0.88469183
,361,1,2,1.0
,361,2,0,0.90729564
,361,3,0,0.7123055
,362,0,2,1.0
,362,1,0,0.9131476
,362,2,0,0.71493024
,362,3,0,0.8757801
,363,0,0,0.9131424
,363,1,0,0.8846746
,363,2,0,0.6988502
,363,3,2,1.0
,364,0,0,0.8846022
,364,1,2,1.0
,364,2,0,0.6975706
,364,3,0,0.9073205
,365,0,2,1.0
,365,1,0,0.9676741
,365,2,0,0.69722927
,365,3,0,0.7147583
,366,0,0,0.96767974
,366,1,2,1.0
,366,2,0,0.6973677
,366,3,0,0.69893396
,367,0,2,1.0
,367,1,0,0.9676823
,367,2,0,0.6973814
,367,3,0,0.69874436
,368,0,0,0.9677025
,368,1,2,1.0
,368,2,0,0.6973666
,368,3,0,0.7122413
,369,0,2,1.0
,369,1,0,0.907335
,369,2,0,0.69772166
,369,3,0,0.8757805
,370,0,0,0.9676765
,370,1,0,0.7148369
,370,2,0,0.69846165
,370,3,2,1.0
,371,0,2,1.0
,371,1,0,0.70002705
,371,2,0,0.7122111
,371,3,0,0.9677043
,372,0,0,0.9073099
,372,1,0,0.71257
,372,2,0,0.8758719
,372,3,2,1.0
,373,0,0,0.71497226
,373,1,0,0.8757115
,373,2,2,1.0
,373,3,0,0.9078129
,374,0,0,0.69863814
,374,1,2,1.0
,374,2,0,0.96769685
,374,3,0,0.72906154
,375,0,0,0.69776714
,375,1,0,0.9131538
,375,2,2,1.0
,375,3,0,0.8766043
,376,0,0,0.69870144
,376,1,0,0.8846103
,376,2,0,0.90731573
,376,3,2,1.0
,377,0,0,0.71207243
,377,1,2,1.0
,377,2,0,0.71472263
,377,3,0,0.9676042
,378,0,0,0.87584984
,378,1,0,0.91315216
,378,2,0,0.6991259
,378,3,2,0.99951625
,379,0,2,1.0
,379,1,0,0.8845428
,379,2,0,0.6989927
,379,3,0,0.9072882
,380,0,0,0.777616
,380,1,2,1.0
,380,2,0,0.7135204
,380,3,0,0.7171238
,381,0,3,1.0
,381,1,0,0.90703654
,381,2,0,0.87374175
,381,3,0,0.70994616
,382,0,0,0.6429534
,382,1,0,0.71481943
,382,2,2,1.0
,382,3,0,0.8757072
,383,0,0,0.87276363
,383,1,0,0.6989632
,383,2,0,0.91315347
,383,3,2,1.0
,384,0,2,1.0
,384,1,0,0.6975233
,384,2,0,0.8846794
,384,3,0,0.91314447
,385,0,0,0.91314316
,385,1,0,0.69751257
,385,2,2,1.0
,385,3,0,0.8846821
,386,0,0,0.8846096
,386,1,0,0.69868714
,386,2,0,0.90731853
,386,3,2,1.0
,387,0,2,1.0
,387,1,0,0.71208185
,387,2,0,0.71477205
,387,3,0,0.9440548
,388,0,0,0.8990329
,388,1,0,0.8754643
,388,2,0,0.69923306
,388,3,2,0.8771849
,389,0,1,0.52860856
,389,1,2,1.0
,389,2,0,0.69799465
,389,3,0,0.8804778
,390,0,3,1.0
,390,1,0,0.9075586
,390,2,0,0.6939365
,390,3,0,0.8815305
,391,0,0,0.83689034
,391,1,0,0.7292624
,391,2,0,0.6971157
,391,3,2,0.99997616
,392,0,2,1.0
,392,1,0,0.8764539
,392,2,0,0.69744736
,392,3,0,0.90731585
,393,0,0,0.9676739
,393,1,2,1.0
,393,2,0,0.69721115
,393,3,0,0.71474284
,394,0,2,1.0
,394,1,0,0.9676795
,394,2,0,0.69736725
,394,3,0,0.6988394
,395,0,0,0.9676801
,395,1,2,1.0
,395,2,0,0.697389
,395,3,0,0.6976142
,396,0,2,1.0
,396,1,0,0.9676823
,396,2,0,0.69739103
,396,3,0,0.6986354
,397,0,0,0.9677033
,397,1,2,1.0
,397,2,0,0.6974547
,397,3,0,0.7122379
,398,0,2,1.0
,398,1,0,0.91315454
,398,2,0,0.69880074
,398,3,0,0.87587273
,399,0,0,0.90730125
,399,1,0,0.8846898
,399,2,0,0.7123007
,399,3,2,1.0
,400,0,0,0.7150741
,400,1,2,1.0
,400,2,0,0.87570256
,400,3,0,0.9078128
,401,0,0,0.6998661
,401,1,0,0.96769476
,401,2,2,1.0
,401,3,0,0.72905874
,402,0,0,0.71254694
,402,1,2,0.99998
,402,2,0,0.9073097
,402,3,0,0.8766131
,403,0,0,0.8757015
,403,1,0,0.9073173
,403,2,0,0.7149824
,403,3,2,1.0
,404,0,2,1.0
,404,1,0,0.7147433
,404,2,0,0.6986683
,404,3,0,0.96767366
,405,0,0,0.96767974
,405,1,0,0.6989319
,405,2,0,0.6974871
,405,3,2,1.0
,406,0,2,1.0
,406,1,0,0.69874454
,406,2,0,0.69739085
,406,3,0,0.9676823
,407,0,0,0.96770304
,407,1,0,0.7122465
,407,2,0,0.69736123
,407,3,2,1.0
,408,0,2,1.0
,408,1,0,0.8758647
,408,2,0,0.69767094
,408,3,0,0.9131545
,409,0,0,0.907319
,409,1,2,1.0
,409,2,0,0.6986926
,409,3,0,0.8846102
,410,0,0,0.71481746
,410,1,0,0.9676971
,410,2,0,0.7120666
,410,3,2,1.0
,411,0,0,0.7002881
,411,1,2,1.0
,411,2,0,0.8757769
,411,3,0,0.90732765
,412,0,0,0.7121907
,412,1,0,0.9676967
,412,2,2,1.0
,412,3,0,0.71472263
,413,0,0,0.8757732
,413,1,2,1.0
,413,2,0,0.9073311
,413,3,0,0.699161
,414,0,2,1.0
,414,1,0,0.9676763
,414,2,0,0.7147371
,414,3,0,0.6985813
,415,0,0,0.96770227
,415,1,2,1.0
,415,2,0,0.69879645
,415,3,0,0.71221906
,416,0,2,1.0
,416,1,0,0.9078223
,416,2,0,0.69772846
,416,3,0,0.8757875
,417,0,0,0.9676967
,417,1,0,0.72906744
,417,2,0,0.69720465
,417,3,2,1.0
,418,0,2,1.0
,418,1,0,0.87652963
,418,2,0,0.69758594
,418,3,0,0.9078218
,419,0,0,0.96769726
,419,1,2,1.0
,419,2,0,0.6971877
,419,3,0,0.7290724
,420,0,2,1.0
,420,1,0,0.9131558
,420,2,0,0.6975382
,420,3,0,0.8766068
,421,0,0,0.9131449
,421,1,0,0.8846824
,421,2,0,0.69740134
,421,3,2,1.0
,422,0,0,0.8846838
,422,1,2,1.0
,422,2,0,0.69739383
,422,3,0,0.9131451
,423,0,2,1.0
,423,1,0,0.9131451
,423,2,0,0.69739336
,423,3,0,0.8846839
,424,0,0,0.9131451
,424,1,0,0.8846838
,424,2,0,0.69739366
,424,3,2,1.0
,425,0,0,0.8846819
,425,1,2,1.0
,425,2,0,0.69739884
,425,3,0,0.91314334
,426,0,2,1.0
,426,1,0,0.9078105
,426,2,0,0.69743943
,426,3,0,0.8846111
,427,0,0,0.9676974
,427,1,0,0.7290756
,427,2,0,0.6971799
,427,3,2,1.0
,428,0,2,1.0
,428,1,0,0.87660694
,428,2,0,0.6975382
,428,3,0,0.9131557
,429,0,0,0.91314316
,429,1,2,1.0
,429,2,0,0.697407
,429,3,0,0.88468033
,430,0,0,0.88461107
,430,1,0,0.9078104
,430,2,0,0.69744056
,430,3,2,1.0
,431,0,2,1.0
,431,1,0,0.7290704
,431,2,0,0.69718635
,431,3,0,0.96769685
,432,0,0,0.9073723
,432,1,0,0.87652147
,432,2,0,0.6975939
,432,3,2,1.0
,433,0,0,0.7159383
,433,1,2,1.0
,433,2,0,0.69721764
,433,3,0,0.9676764
,434,0,0,0.7136345
,434,1,0,0.9677027
,434,2,0,0.69732815
,434,3,2,1.0
,435,0,0,0.8759275
,435,1,2,1.0
,435,2,0,0.6975591
,435,3,0,0.91315633
,436,0,2,1.0
,436,1,0,0.91314477
,436,2,0,0.69740283
,436,3,0,0.88468224
,437,0,0,0.913145
,437,1,0,0.8846838
,437,2,0,0.697395
,437,3,2,1.0
,438,0,0,0.8846819
,438,1,2,1.0
,438,2,0,0.6974075
,438,3,0,0.91314334
,439,0,2,1.0
,439,1,0,0.90781015
,439,2,0,0.6975425
,439,3,0,0.8846118
,440,0,0,0.967699
,440,1,0,0.7290726
,440,2,0,0.6984198
,440,3,2,1.0
,441,0,2,1.0
,441,1,0,0.87661475
,441,2,0,0.7124305
,441,3,0,0.9073505
,442,0,0,0.907359
,442,1,2,1.0
,442,2,0,0.8757069
,442,3,0,0.71617246
,443,0,0,0.7158951
,443,1,0,0.9676987
,443,2,2,1.0
,443,3,0,0.7134756
,444,0,0,0.71385056
,444,1,2,1.0
,444,2,0,0.9078
,444,3,0,0.8759312
,445,0,0,0.87585413
,445,1,0,0.9073415
,445,2,0,0.7292961
,445,3,2,1.0
,446,0,2,1.0
,446,1,0,0.7161614
,446,2,0,0.87644947
,446,3,0,0.90735835
,447,0,0,0.9676987
,447,1,0,0.71347475
,447,2,2,1.0
,447,3,0,0.71589595
,448,0,2,1.0
,448,1,0,0.8759258
,448,2,0,0.907348
,448,3,0,0.71385515
,449,0,0,0.91314566
,449,1,2,1.0
,449,2,0,0.7161227
,449,3,0,0.8758532
,450,0,0,0.88469213
,450,1,0,0.9077881
,450,2,0,0.7136996
,450,3,2,1.0
,451,0,2,1.0
,451,1,0,0.729303
,451,2,0,0.8758512
,451,3,0,0.9072991
,452,0,0,0.9131388
,452,1,0,0.87651694
,452,2,2,1.0
,452,3,0,0.7149384
,453,0,0,0.884354
,453,1,2,1.0
,453,2,0,0.8990313
,453,3,0,0.69902915
,454,0,2,1.0
,454,1,0,0.91362584
,454,2,1,0.5284851
,454,3,0,0.6963359
,455,0,0,0.90734905
,455,1,0,0.88260055
,455,2,3,1.0
,455,3,0,0.673434
,456,0,0,0.71948355
,456,1,2,1.0
,456,2,0,0.6303489
,456,3,1,0.54929847
,457,0,0,0.7427955
,457,1,0,0.84905106
,457,2,0,0.7208672
,457,3,3,1.0
,458,0,0,0.5808619
,458,1,3,1.0
,458,2,1,0.5938427
,458,3,1,0.8683437
,459,0,1,0.6150909
,459,1,1,0.8717893
,459,2,3,1.0
,459,3,0,0.53612554
,460,0,3,1.0
,460,1,0,0.5216153
,460,2,1,0.8746192
,460,3,0,0.63780147
,461,0,1,0.95804274
,461,1,0,0.5263711
,461,2,1,0.5170449
,461,3,2,1.0
,462,0,3,1.0
,462,1,0,0.6770545
,462,2,0,0.67519975
,462,3,0,0.7779449
,463,0,1,0.5172874
,463,1,0,0.7127046
,463,2,0,0.7336551
,463,3,3,1.0
,464,0,3,1.0
,464,1,1,0.6976866
,464,2,0,0.54626155
,464,3,1,0.9015059
,465,0,0,0.60234857
,465,1,3,1.0
,465,2,0,0.67721987
,465,3,1,0.6174593
,466,0,0,0.55261856
,466,1,0,0.67519814
,466,2,0,0.7387784
,466,3,3,1.0
,467,0,3,1.0
,467,1,0,0.591595
,467,2,0,0.60039765
,467,3,1,0.83566374
,468,0,1,0.95909494
,468,1,0,0.5275748
,468,2,0,0.54665875
,468,3,2,0.99739856
,469,0,3,1.0
,469,1,0,0.67468774
,469,2,0,0.8637866
,469,3,0,0.9119328
,470,0,0,0.64282876
,470,1,0,0.6952627
,470,2,2,1.0
,470,3,0,0.8846096
,471,0,0,0.8725734
,471,1,0,0.6967374
,471,2,0,0.90756583
,471,3,2,1.0
,472,0,2,1.0
,472,1,0,0.68821114
,472,2,0,0.7205646
,472,3,0,0.77887625
,473,0,0,0.92559564
,473,1,0,0.56147784
,473,2,0,0.7423059
,473,3,3,1.0
,474,0,0,0.6238464
,474,1,3,1.0
,474,2,0,0.60411054
,474,3,1,0.93537146
,475,0,0,0.58431274
,475,1,1,0.93687695
,475,2,0,0.5824705
,475,3,3,1.0
,476,0,0,0.57625246
,476,1,3,1.0
,476,2,0,0.57887495
,476,3,1,0.93704563
,477,0,0,0.5464229
,477,1,1,0.84179205
,477,2,0,0.5726381
,477,3,3,1.0
,478,0,1,0.7186934
,478,1,2,1.0
,478,2,0,0.5225639
,478,3,1,0.8874015
,479,0,3,1.0
,479,1,0,0.9071285
,479,2,0,0.67505765
,479,3,0,0.8433631
,480,0,0,0.6092051
,480,1,0,0.7213068
,480,2,0,0.70083284
,480,3,2,1.0
,481,0,1,0.57603824
,481,1,0,0.697715
,481,2,0,0.6805126
,481,3,2,1.0
,482,0,3,1.0
,482,1,0,0.87297255
,482,2,0,0.6921375
,482,3,0,0.9071387
,483,0,0,0.8367904
,483,1,2,1.0
,483,2,0,0.7002693
,483,3,0,0.7181165
,484,0,2,1.0
,484,1,0,0.92250973
,484,2,0,0.7369422
,484,3,0,0.73831964
,485,0,0,1.0
,485,1,0,1.0
,485,2,0,1.0
,485,3,3,0.5874439
,486,0,0,0.7225271
,486,1,0,0.70894295
,486,2,3,1.0
,486,3,0,0.5295757
,487,0,0,0.8740705
,487,1,0,0.7089831
,487,2,0,0.6220688
,487,3,3,1.0
,488,0,2,1.0
,488,1,0,0.8757354
,488,2,0,0.6923798
,488,3,0,0.64306355
,489,0,0,0.9073258
,489,1,2,1.0
,489,2,0,0.71188647
,489,3,0,0.87277496
,490,0,0,0.7154235
,490,1,0,0.8990986
,490,2,0,0.8753852
,490,3,2,1.0
,491,0,0,0.7013495
,491,1,1,0.5269207
,491,2,2,1.0
,491,3,0,0.8996203
,492,0,0,0.7084217
,492,1,3,1.0
,492,2,0,0.90791404
,492,3,1,0.53410786
,493,0,0,0.87373394
,493,1,0,0.62258095
,493,2,0,0.7258955
,493,3,3,1.0
,494,0,2,1.0
,494,1,0,0.691217
,494,2,0,0.87639767
,494,3,0,0.62789834
,495,0,0,0.9677012
,495,1,0,0.69678354
,495,2,2,1.0
,495,3,0,0.7064258
,496,0,2,1.0
,496,1,0,0.69753355
,496,2,0,0.90666574
,496,3,0,0.8755029
,497,0,0,0.9675952
,497,1,0,0.6965424
,497,2,0,0.69519055
,497,3,2,1.0
,498,0,2,1.0
,498,1,0,0.6867523
,498,2,1,0.5453385
,498,3,0,0.9095764
,499,0,0,0.91738373
,499,1,0,0.5453665
,499,2,3,1.0
,499,3,0,0.75139093
,500,0,1,0.55035967
,500,1,3,1.0
,500,2,1,0.73251784
,500,3,0,0.62520117
,501,0,3,0.99951553
,501,1,1,0.8400186
,501,2,0,0.539678
,501,3,0,0.57871634
,502,0,1,0.9589653
,502,1,2,1.0
,502,2,0,0.5212914
,502,3,0,0.5256227
,503,0,3,1.0
,503,1,0,0.96745867
,503,2,0,0.6728802
,503,3,0,0.67335844
,504,0,0,0.8368372
,504,1,2,1.0
,504,2,0,0.6954583
,504,3,0,0.69673586
,505,0,2,1.0
,505,1,0,0.96769834
,505,2,0,0.69704026
,505,3,0,0.71192706
,506,0,0,0.9078223
,506,1,2,1.0
,506,2,0,0.6975789
,506,3,0,0.87577343
,507,0,0,0.729072
,507,1,0,0.96769726
,507,2,0,0.6971857
,507,3,2,1.0
,508,0,0,0.87660664
,508,1,2,1.0
,508,2,0,0.6975272
,508,3,0,0.9131557
,509,0,2,1.0
,509,1,0,0.9131427
,509,2,0,0.69726896
,509,3,0,0.88467884
,510,0,0,0.90733856
,510,1,0,0.8845833
,510,2,0,0.6957726
,510,3,2,1.0
,511,0,0,0.71508664
,511,1,2,1.0
,511,2,0,0.67694414
,511,3,0,0.9675999
,512,0,0,0.7007077
,512,1,0,0.8996713
,512,2,1,0.54763323
,512,3,2,1.0
,513,0,0,0.6980003
,513,1,1,0.533318
,513,2,3,1.0
,513,3,0,0.9035239
,514,0,0,0.74541545
,514,1,3,1.0
,514,2,0,0.6811754
,514,3,0,0.5938544
,515,0,0,0.5915172
,515,1,1,0.9908444
,515,2,0,0.5846925
,515,3,3,1.0
,516,0,0,0.56655824
,516,1,3,1.0
,516,2,0,0.5679707
,516,3,1,0.9352269
,517,0,0,0.5209214
,517,1,1,0.7398731
,517,2,0,0.54094464
,517,3,2,1.0
,518,0,0,0.65690166
,518,1,2,1.0
,518,2,0,0.86491877
,518,3,0,0.9068014
,519,0,1,0.54935837
,519,1,0,0.90878046
,519,2,2,1.0
,519,3,0,0.7054208
,520,0,3,0.9982876
,520,1,0,0.732849
,520,2,0,0.9241926
,520,3,0,0.5654422
,521,0,1,0.89710736
,521,1,1,0.69833755
,521,2,0,0.570013
,521,3,3,1.0
,522,0,0,0.50676244
,522,1,3,1.0
,522,2,0,0.72903687
,522,3,0,0.6741235
,523,0,3,0.99999976
,523,1,1,0.9748314
,523,2,0,0.5949929
,523,3,0,0.58899474
,524,0,1,0.9755684
,524,1,3,1.0
,524,2,0,0.5764514
,524,3,0,0.5757898
,525,0,3,0.9999963
,525,1,1,0.9373348
,525,2,0,0.5689438
,525,3,0,0.5688402
,526,0,1,0.9847392
,526,1,2,1.0
,526,2,0,0.5205544
,526,3,0,0.52026176
,527,0,3,1.0
,527,1,0,0.85115314
,527,2,0,0.7306659
,527,3,0,0.72773725
,528,0,1,0.9483859
,528,1,3,1.0
,528,2,0,0.64502555
,528,3,0,0.6125374
,529,0,1,0.5406607
,529,1,1,0.9570889
,529,2,2,1.0
,529,3,0,0.76428926
,530,0,0,0.6744084
,530,1,0,0.6556544
,530,2,0,0.9676276
,530,3,2,1.0
,531,0,0,0.69569206
,531,1,0,0.8732579
,531,2,2,1.0
,531,3,0,0.9073312
,532,0,0,0.69717836
,532,1,2,1.0
,532,2,0,0.93382657
,532,3,0,0.71474266
,533,0,0,0.69854856
,533,1,0,0.96768105
,533,2,2,0.82402736
,533,3,0,0.6986429
,534,0,0,0.71221876
,534,1,2,1.0
,534,2,0,0.94469166
,534,3,0,0.695788
,535,0,0,0.87551194
,535,1,0,0.9077602
,535,2,2,1.0
,535,3,0,0.67722905
,536,0,2,1.0
,536,1,0,0.7246284
,536,2,0,0.90897864
,536,3,1,0.5493949
,537,0,0,0.92181385
,537,1,0,0.80843174
,537,2,0,0.74716794
,537,3,3,1.0
,538,0,0,0.612515
,538,1,2,1.0
,538,2,0,0.5764242
,538,3,1,0.9540647
,539,0,0,0.8668612
,539,1,0,0.8985502
,539,2,0,0.68038934
,539,3,3,1.0
,540,0,2,0.9999999
,540,1,1,0.5282108
,540,2,0,0.7002053
,540,3,0,0.63124466
,541,0,0,0.8477654
,541,1,3,1.0
,541,2,0,0.73756653
,541,3,0,0.73238754
,542,0,3,1.0
,542,1,1,0.743598
,542,2,0,0.5490785
,542,3,0,0.55032915
,543,0,0,0.6488318
,543,1,2,1.0
,543,2,0,0.6876907
,543,3,0,0.7065963
,544,0,0,0.6549518
,544,1,3,1.0
,544,2,1,0.5296995
,544,3,0,0.6826473
,545,0,0,0.5513273
,545,1,1,0.8946334
,545,2,3,1.0
,545,3,0,0.77555305
,546,0,0,0.8669561
,546,1,0,0.62331825
,546,2,0,0.6245612
,546,3,2,1.0
,547,0,2,0.9999999
,547,1,1,0.55373496
,547,2,0,0.69586915
,547,3,0,0.9099828
,548,0,0,0.84707755
,548,1,3,1.0
,548,2,0,0.7362588
,548,3,0,0.77226907
,549,0,3,1.0
,549,1,1,0.9014074
,549,2,0,0.5466685
,549,3,0,0.7833582
,550,0,0,0.61190295
,550,1,1,0.60733086
,550,2,0,0.68593335
,550,3,2,1.0
,551,0,0,0.55721277
,551,1,3,1.0
,551,2,0,0.736404
,551,3,0,0.9163309
,552,0,3,1.0
,552,1,1,0.901874
,552,2,0,0.5451005
,552,3,1,0.6803418
,553,0,0,0.61530906
,553,1,1,0.6172959
,553,2,0,0.67333996
,553,3,3,1.0
,554,0,0,0.6912097
,554,1,3,1.0
,554,2,0,0.6943802
,554,3,1,0.63183874
,555,0,0,0.7566041
,555,1,0,0.73629755
,555,2,0,0.73676646
,555,3,3,1.0
,556,0,0,0.7841382
,556,1,2,1.0
,556,2,0,0.54957676
,556,3,1,0.9562712
,557,0,2,1.0
,557,1,0,0.9032583
,557,2,0,0.68630797
,557,3,1,0.6122312
,558,0,0,0.9306952
,558,1,0,0.58014715
,558,2,0,0.73575115
,558,3,3,1.0
,559,0,0,0.7987259
,559,1,3,1.0
,559,2,0,0.5649367
,559,3,1,0.8921012
,560,0,2,1.0
,560,1,0,0.6233605
,560,2,0,0.8678551
,560,3,0,0.6462317
,561,0,0,0.77887833
,561,1,0,0.6821113
,561,2,2,1.0
,561,3,0,0.69865924
,562,0,3,1.0
,562,1,0,0.5612222
,562,2,0,0.92309487
,562,3,0,0.7359752
,563,0,1,0.9583474
,563,1,3,1.0
,563,2,0,0.5431925
,563,3,0,0.5481318
,564,0,3,1.0
,564,1,0,0.61479646
,564,2,1,0.5757361
,564,3,0,0.68896586
,565,0,0,0.6391722
,565,1,0,0.6868745
,565,2,3,1.0
,565,3,0,0.8729453
,566,0,0,0.8703647
,566,1,0,0.6965696
,566,2,0,0.6430914
,566,3,2,1.0
,567,0,2,0.9946997
,567,1,0,0.6974464
,567,2,0,0.8727678
,567,3,0,0.9131516
,568,0,0,0.9058723
,568,1,0,0.6974431
,568,2,2,1.0
,568,3,0,0.88459915
,569,0,0,0.7158176
,569,1,0,0.69720966
,569,2,0,0.96767396
,569,3,2,1.0
,570,0,0,0.71362466
,570,1,0,0.6973281
,570,2,2,0.9999864
,570,3,0,0.9677027
,571,0,0,0.8759246
,571,1,0,0.69756585
,571,2,0,0.91315067
,571,3,2,1.0
,572,0,2,1.0
,572,1,0,0.69745976
,572,2,0,0.8846007
,572,3,0,0.90731996
,573,0,0,0.9676741
,573,1,0,0.6972202
,573,2,2,1.0
,573,3,0,0.71475005
,574,0,2,1.0
,574,1,0,0.697369
,574,2,0,0.9661951
,574,3,0,0.6988325
,575,0,0,0.96767986
,575,1,0,0.69738734
,575,2,2,0.9922842
,575,3,0,0.6975085
,576,0,2,1.0
,576,1,0,0.6973964
,576,2,0,0.96667
,576,3,0,0.69739383
,577,0,0,0.91033185
,577,1,0,0.69742733
,577,2,2,1.0
,577,3,0,0.6972754
,578,0,2,0.70179033
,578,1,0,0.6974498
,578,2,0,0.9676742
,578,3,0,0.6956194
,579,0,0,0.9285399
,579,1,0,0.6988744
,579,2,2,1.0
,579,3,0,0.6769527
,580,0,2,1.0
,580,1,0,0.71314085
,580,2,0,0.90772665
,580,3,1,0.54936975
,581,0,0,0.91293764
,581,1,0,0.8740013
,581,2,0,0.7117084
,581,3,3,1.0
,582,0,0,0.88454777
,582,1,2,1.0
,582,2,0,0.69858336
,582,3,0,0.62660795
,583,0,2,0.99999833
,583,1,0,0.7780764
,583,2,0,0.69716144
,583,3,0,0.69289696
,584,0,0,0.9674893
,584,1,3,1.0
,584,2,0,0.6721729
,584,3,0,0.6925122
,585,0,2,1.0
,585,1,0,0.64370465
,585,2,1,0.55019045
,585,3,0,0.6974713
,586,0,0,0.91295993
,586,1,0,0.87007177
,586,2,3,1.0
,586,3,0,0.6943188
,587,0,0,0.8847116
,587,1,2,0.99767065
,587,2,0,0.64293987
,587,3,0,0.6970619
,588,0,2,1.0
,588,1,0,0.91251755
,588,2,0,0.87262505
,588,3,0,0.69754773
,589,0,0,0.8990287
,589,1,0,0.88433236
,589,2,2,0.99968225
,589,3,0,0.697952
,590,0,1,0.52853113
,590,1,2,1.0
,590,2,0,0.909382
,590,3,0,0.7007127
,591,0,3,1.0
,591,1,0,0.95000046
,591,2,0,0.76212746
,591,3,0,0.72741
,592,0,1,0.8862059
,592,1,2,1.0
,592,2,0,0.8091002
,592,3,0,0.5865667
,593,0,1,0.60502607
,593,1,0,0.9077926
,593,2,2,0.99647456
,593,3,0,0.6864472
,594,0,3,1.0
,594,1,0,0.71323395
,594,2,0,0.7772715
,594,3,0,0.69335943
,595,0,1,0.63178766
,595,1,0,0.697228
,595,2,3,1.0
,595,3,0,0.68082607
,596,0,3,1.0
,596,1,0,0.73700315
,596,2,0,0.6713972
,596,3,0,0.5616623
,597,0,1,0.9582352
,597,1,0,0.5526691
,597,2,0,0.5436806
,597,3,3,1.0
,598,0,3,1.0
,598,1,0,0.7248624
,598,2,0,0.7059798
,598,3,1,0.52346987
,599,0,1,0.867082
,599,1,0,0.60880035
,599,2,1,0.5947531
,599,3,3,1.0
,600,0,0,0.547887
,600,1,0,0.65108025
,600,2,3,1.0
,600,3,1,0.8750322
,601,0,0,0.7720266
,601,1,2,1.0
,601,2,1,0.88309
,601,3,1,0.51475775
,602,0,2,1.0
,602,1,0,0.9072654
,602,2,0,0.8477373
,602,3,0,0.67765015
,603,0,0,0.777985
,603,1,0,0.7161017
,603,2,2,1.0
,603,3,0,0.69684637
,604,0,3,1.0
,604,1,0,0.6954941
,604,2,0,0.96758586
,604,3,0,0.69248444
,605,0,0,0.836962
,605,1,0,0.7121575
,605,2,2,1.0
,605,3,0,0.69545615
,606,0,2,1.0
,606,1,0,0.8754304
,606,2,0,0.9074336
,606,3,0,0.67703843
,607,0,0,0.913614
,607,1,2,1.0
,607,2,0,0.71537817
,607,3,1,0.5496135
,608,0,0,0.88301235
,608,1,0,0.906391
,608,2,0,0.6955578
,608,3,3,1.0
,609,0,2,1.0
,609,1,0,0.6951792
,609,2,0,0.6987731
,609,3,0,0.8364522
,610,0,0,0.908207
,610,1,1,0.54790986
,610,2,0,0.7129232
,610,3,2,1.0
,611,0,0,0.72618675
,611,1,3,1.0
,611,2,0,0.8740201
,611,3,0,0.9071149
,612,0,0,0.8764367
,612,1,0,0.6429558
,612,2,2,1.0
,612,3,0,0.71602535
,613,0,2,1.0
,613,1,0,0.87277186
,613,2,0,0.9073023
,613,3,0,0.71381617
,614,0,0,0.9078125
,614,1,2,1.0
,614,2,0,0.71483135
,614,3,0,0.87576234
,615,0,0,0.7290458
,615,1,0,0.96769166
,615,2,0,0.6969502
,615,3,2,1.0
,616,0,0,0.8762453
,616,1,2,1.0
,616,2,0,0.6773478
,616,3,0,0.90744966
,617,0,2,1.0
,617,1,0,0.9077869
,617,2,1,0.5491574
,617,3,0,0.71552867
,618,0,0,0.9675997
,618,1,0,0.7110986
,618,2,3,1.0
,618,3,0,0.6948581
,619,0,2,1.0
,619,1,0,0.69901794
,619,2,0,0.83677745
,619,3,0,0.69755924
,620,0,0,0.77795935
,620,1,0,0.6999863
,620,2,2,1.0
,620,3,0,0.6986177
,621,0,3,1.0
,621,1,0,0.7078892
,621,2,0,0.96758145
,621,3,0,0.6928676
,622,0,0,0.6265833
,622,1,0,0.87561464
,622,2,2,1.0
,622,3,0,0.6971516
,623,0,0,0.6914187
,623,1,2,1.0
,623,2,0,0.96767884
,623,3,0,0.69741374
,624,0,0,0.69689465
,624,1,0,0.9676824
,624,2,2,1.0
,624,3,0,0.69861984
,625,0,0,0.6974195
,625,1,2,1.0
,625,2,0,0.96768
,625,3,0,0.71223176
,626,0,0,0.69884807
,626,1,0,0.9073279
,626,2,2,0.9998822
,626,3,0,0.875789
,627,0,0,0.7120743
,627,1,0,0.71471584
,627,2,0,0.96768135
,627,3,2,1.0
,628,0,0,0.87576735
,628,1,0,0.69906735
,628,2,2,1.0
,628,3,0,0.90733165
,629,0,2,1.0
,629,1,0,0.69745064
,629,2,0,0.9676742
,629,3,0,0.7147445
,630,0,0,0.96768194
,630,1,0,0.69861203
,630,2,2,1.0
,630,3,0,0.69882184
,631,0,2,1.0
,631,1,0,0.7122353
,631,2,0,0.96770304
,631,3,0,0.6974713
,632,0,0,0.91315633
,632,1,0,0.8758658
,632,2,2,1.0
,632,3,0,0.6975737
,633,0,0,0.8846784
,633,1,2,1.0
,633,2,0,0.91314083
,633,3,0,0.6974273
,634,0,2,1.0
,634,1,0,0.9073944
,634,2,0,0.884529
,634,3,0,0.69763434
,635,0,0,0.77799815
,635,1,0,0.71610355
,635,2,2,1.0
,635,3,0,0.6986209
,636,0,3,1.0
,636,1,0,0.6942638
,636,2,0,0.9675838
,636,3,0,0.6927852
,637,0,0,0.83686924
,637,1,0,0.6973246
,637,2,2,1.0
,637,3,0,0.69720125
,638,0,2,1.0
,638,1,0,0.6972295
,638,2,0,0.9675275
,638,3,0,0.6972192
,639,0,0,0.96767974
,639,1,0,0.6973743
,639,2,2,0.9992307
,639,3,0,0.69737357
,640,0,2,1.0
,640,1,0,0.6973908
,640,2,0,0.9675792
,640,3,0,0.69739145
,641,0,0,0.96767986
,641,1,0,0.6973919
,641,2,2,1.0
,641,3,0,0.6974007
,642,0,2,1.0
,642,1,0,0.69739103
,642,2,0,0.96768
,642,3,0,0.6974947
,643,0,0,0.9676823
,643,1,0,0.69738346
,643,2,2,1.0
,643,3,0,0.6986251
,644,0,2,1.0
,644,1,0,0.69735944
,644,2,0,0.9677024
,644,3,0,0.7122315
,645,0,0,0.9072763
,645,1,0,0.69763184
,645,2,2,1.0
,645,3,0,0.875778
,646,0,0,0.7131093
,646,1,0,0.6973643
,646,2,0,0.9676691
,646,3,2,1.0
,647,0,0,0.6784458
,647,1,0,0.6988482
,647,2,2,1.0
,647,3,0,0.96761584
,648,0,1,0.54918176
,648,1,0,0.7131331
,648,2,0,0.9077455
,648,3,2,1.0
,649,0,3,1.0
,649,1,0,0.8736252
,649,2,0,0.7120012
,649,3,0,0.90721995
,650,0,1,0.62647015
,650,1,2,1.0
,650,2,0,0.6990074
,650,3,0,0.71541095
,651,0,3,1.0
,651,1,0,0.9675232
,651,2,0,0.69423306
,651,3,0,0.69686747
,652,0,1,0.6266112
,652,1,2,1.0
,652,2,0,0.6976032
,652,3,0,0.712761
,653,0,3,0.9999932
,653,1,0,0.91296595
,653,2,0,0.6944471
,653,3,0,0.8742482
,654,0,0,0.6429598
,654,1,0,0.884715
,654,2,0,0.6970833
,654,3,2,1.0
,655,0,0,0.87269235
,655,1,2,1.0
,655,2,0,0.69754267
,655,3,0,0.90782005
,656,0,2,1.0
,656,1,0,0.9676965
,656,2,0,0.6971847
,656,3,0,0.7290619
,657,0,0,0.90737224
,657,1,2,1.0
,657,2,0,0.69759375
,657,3,0,0.87652105
,658,0,0,0.71593785
,658,1,0,0.9676764
,658,2,0,0.69721895
,658,3,2,1.0
,659,0,0,0.71362925
,659,1,2,1.0
,659,2,0,0.6973433
,659,3,0,0.96770215
,660,0,0,0.8758417
,660,1,0,0.9073315
,660,2,0,0.69771916
,660,3,2,1.0
,661,0,2,1.0
,661,1,0,0.7147381
,661,2,0,0.69846195
,661,3,0,0.9676764
,662,0,0,0.96770215
,662,1,0,0.69879866
,662,2,0,0.7122087
,662,3,2,1.0
,663,0,2,1.0
,663,1,0,0.69775134
,663,2,0,0.87577665
,663,3,0,0.90727615
,664,0,0,0.96766925
,664,1,0,0.6973742
,664,2,2,1.0
,664,3,0,0.7131092
,665,0,2,1.0
,665,1,0,0.69884896
,665,2,0,0.96761584
,665,3,0,0.6784456
,666,0,0,0.90775436
,666,1,0,0.71313334
,666,2,2,1.0
,666,3,1,0.5491839
,667,0,0,0.71227425
,667,1,0,0.87363845
,667,2,0,0.9074851
,667,3,3,1.0
,668,0,0,0.70246166
,668,1,2,1.0
,668,2,0,0.7232117
,668,3,1,0.62672234
,669,0,0,0.7370838
,669,1,0,0.93067175
,669,2,0,0.7946105
,669,3,3,1.0
,670,0,0,0.5488611
,670,1,0,0.79972166
,670,2,2,1.0
,670,3,1,0.9485847
,671,0,0,0.68285024
,671,1,2,1.0
,671,2,0,0.90718967
,671,3,0,0.8449199
,672,0,0,0.6960083
,672,1,0,0.9676718
,672,2,0,0.71465003
,672,3,2,1.0
,673,0,0,0.6984905
,673,1,2,1.0
,673,2,0,0.69882107
,673,3,0,0.96768194
,674,0,0,0.7122255
,674,1,0,0.96770316
,674,2,0,0.6975734
,674,3,2,1.0
,675,0,0,0.8758724
,675,1,2,1.0
,675,2,0,0.6988104
,675,3,0,0.9131548
,676,0,2,1.0
,676,1,0,0.90778875
,676,2,0,0.7123019
,676,3,0,0.8846975
,677,0,0,0.90730166
,677,1,0,0.72930443
,677,2,0,0.8757898
,677,3,2,1.0
,678,0,0,0.7150153
,678,1,0,0.8765268
,678,2,2,1.0
,678,3,0,0.91314673
,679,0,0,0.7000788
,679,1,2,1.0
,679,2,0,0.9131426
,679,3,0,0.8846834
,680,0,0,0.7124081
,680,1,0,0.9072981
,680,2,0,0.884691
,680,3,2,1.0
,681,0,0,0.8757066
,681,1,0,0.71497524
,681,2,2,1.0
,681,3,0,0.907813
,682,0,2,1.0
,682,1,0,0.6986361
,682,2,0,0.96769637
,682,3,0,0.7290566
,683,0,0,0.90737224
,683,1,0,0.697715
,683,2,2,1.0
,683,3,0,0.8765204
,684,0,0,0.71593785
,684,1,0,0.69723684
,684,2,0,0.9676763
,684,3,2,1.0
,685,0,0,0.71362954
,685,1,0,0.69743806
,685,2,2,1.0
,685,3,0,0.9677024
,686,0,0,0.8758508
,686,1,0,0.6988495
,686,2,0,0.90732765
,686,3,2,1.0
,687,0,2,1.0
,687,1,0,0.7120797
,687,2,0,0.71470886
,687,3,0,0.9676974
,688,0,0,0.91315585
,688,1,0,0.8758539
,688,2,0,0.69900274
,688,3,2,1.0
,689,0,0,0.8846797
,689,1,2,1.0
,689,2,0,0.6975392
,689,3,0,0.9131428
,690,0,2,1.0
,690,1,0,0.9073209
,690,2,0,0.6975799
,690,3,0,0.8846018
,691,0,0,0.96765727
,691,1,0,0.7147645
,691,2,0,0.69863516
,691,3,2,1.0
,692,0,2,1.0
,692,1,0,0.69839483
,692,2,0,0.7136918
,692,3,0,0.7777302
,693,0,0,0.9072609
,693,1,0,0.6730058
,693,2,0,0.87331605
,693,3,3,1.0
,694,0,0,0.7179609
,694,1,1,0.5503636
,694,2,2,1.0
,694,3,0,0.6378465
,695,0,0,0.7302198
,695,1,3,1.0
,695,2,0,0.9274349
,695,3,0,0.80879855
,696,0,0,0.5817201
,696,1,1,0.8704164
,696,2,0,0.82072616
,696,3,2,1.0
,697,0,0,0.68627965
,697,1,0,0.84864485
,697,2,2,1.0
,697,3,0,0.9073359
,698,0,0,0.6975782
,698,1,2,1.0
,698,2,0,0.77796066
,698,3,0,0.71721476
,699,0,0,0.69276714
,699,1,0,0.9675803
,699,2,3,1.0
,699,3,0,0.70927626
,700,0,0,0.6973125
,700,1,2,1.0
,700,2,0,0.626781
,700,3,0,0.8756027
,701,0,0,0.69872105
,701,1,0,0.777992
,701,2,0,0.6928358
,701,3,2,1.0
,702,0,0,0.69293785
,702,1,3,1.0
,702,2,0,0.6923363
,702,3,0,0.96758527
,703,0,0,0.69844025
,703,1,0,0.8368824
,703,2,0,0.69715494
,703,3,2,1.0
,704,0,0,0.71207064
,704,1,2,1.0
,704,2,0,0.6971769
,704,3,0,0.9676988
,705,0,0,0.87585694
,705,1,0,0.9131562
,705,2,0,0.69754416
,705,3,2,1.0
,706,0,2,1.0
,706,1,0,0.88468224
,706,2,0,0.6974018
,706,3,0,0.913144
,707,0,0,0.91314334
,707,1,2,1.0
,707,2,0,0.6973995
,707,3,0,0.8846605
,708,0,0,0.88461107
,708,1,0,0.9078104
,708,2,0,0.69744074
,708,3,2,0.999949
,709,0,2,1.0
,709,1,0,0.7290704
,709,2,0,0.697195
,709,3,0,0.9676901
,710,0,0,0.9073343
,710,1,0,0.8765216
,710,2,0,0.6976977
,710,3,2,1.0
,711,0,0,0.7148373
,711,1,2,1.0
,711,2,0,0.6984601
,711,3,0,0.9676765
,712,0,0,0.70002747
,712,1,0,0.9677044
,712,2,0,0.7122111
,712,3,2,1.0
,713,0,0,0.71257454
,713,1,2,1.0
,713,2,0,0.87587416
,713,3,0,0.9073112
,714,0,0,0.87578803
,714,1,0,0.91314554
,714,2,2,1.0
,714,3,0,0.715032
,715,0,2,1.0
,715,1,0,0.8846047
,715,2,0,0.9073149
,715,3,0,0.7001298
,716,0,0,0.9676975
,716,1,2,1.0
,716,2,0,0.71471155
,716,3,0,0.7121877
,717,0,2,1.0
,717,1,0,0.91315585
,717,2,0,0.69900405
,717,3,0,0.87585884
,718,0,0,0.9131429
,718,1,0,0.8846798
,718,2,0,0.69755197
,718,3,2,1.0
,719,0,0,0.8846059
,719,1,2,1.0
,719,2,0,0.6977345
,719,3,0,0.907429
,720,0,2,1.0
,720,1,0,0.96767974
,720,2,0,0.7005286
,720,3,0,0.7179444
,721,0,0,0.9225185
,721,1,2,1.0
,721,2,0,0.7371051
,721,3,0,0.73844856
,722,0,0,1.0
,722,1,0,1.0
,722,2,2,0.51260483
,722,3,0,1.0
,723,0,0,0.7244045
,723,1,0,0.7244045
,723,2,0,0.7838266
,723,3,2,1.0
,724,0,0,0.68621755
,724,1,0,0.68621755
,724,2,0,0.8717893
,724,3,2,1.0
,725,0,0,0.69627434
,725,1,0,0.6962744
,725,2,2,1.0
,725,3,0,0.9676696
,726,0,0,0.7000581
,726,1,0,0.7000581
,726,2,0,0.96769476
,726,3,2,1.0
,727,0,0,0.73122144
,727,1,0,0.73122144
,727,2,2,1.0
,727,3,0,0.94983983
,728,0,0,0.5851696
,728,1,0,0.5851695
,728,2,0,0.7862971
,728,3,2,1.0
,729,0,0,0.6884014
,729,1,0,0.68839943
,729,2,2,1.0
,729,3,0,0.96762633
,730,0,0,0.73406804
,730,1,0,0.7340446
,730,2,0,0.950279
,730,3,2,1.0
,731,0,0,0.63926417
,731,1,0,0.63898885
,731,2,2,1.0
,731,3,0,0.68098426
,732,0,0,0.60417026
,732,1,0,0.6014706
,732,2,0,0.6728503
,732,3,2,1.0
,733,0,0,0.6131126
,733,1,0,0.5876202
,733,2,2,1.0
,733,3,0,0.67254865
,734,0,0,0.7777536
,734,1,0,0.5384724
,734,2,0,0.54525894
,734,3,2,1.0
,735,0,2,1.0
,735,1,0,0.68350947
,735,2,0,0.6856967
,735,3,0,0.9676176
,736,0,0,0.9508484
,736,1,0,0.7284655
,736,2,0,0.7475503
,736,3,2,1.0
,737,0,2,1.0
,737,1,0,0.5902089
,737,2,0,0.8129266
,737,3,0,0.5522289
,738,0,0,0.967639
,738,1,0,0.6859721
,738,2,2,1.0
,738,3,0,0.6979345
,739,0,2,1.0
,739,1,0,0.6967265
,739,2,0,0.9078199
,739,3,0,0.87513703
,740,0,0,0.96769893
,740,1,0,0.69834566
,740,2,0,0.72906816
,740,3,2,1.0
,741,0,2,1.0
,741,1,0,0.7124248
,741,2,0,0.8766223
,741,3,0,0.9077999
,742,0,0,0.90730816
,742,1,0,0.87579095
,742,2,2,1.0
,742,3,0,0.72929704
,743,0,0,0.7151891
,743,1,2,1.0
,743,2,0,0.9074603
,743,3,0,0.8764446
,744,0,0,0.7014152
,744,1,0,0.9676975
,744,2,0,0.7188086
,744,3,2,1.0
,745,0,0,0.73122686
,745,1,2,1.0
,745,2,0,0.7499415
,745,3,0,0.9509443
,746,0,0,0.6080495
,746,1,0,0.55102074
,746,2,0,0.8136898
,746,3,2,1.0
,747,0,0,0.8700676
,747,1,0,0.6864443
,747,2,2,1.0
,747,3,0,0.9110628
,748,0,2,1.0
,748,1,0,0.73507386
,748,2,0,0.9221923
,748,3,0,0.8276367
,749,0,0,0.6788758
,749,1,0,0.6341498
,749,2,0,0.6532206
,749,3,2,1.0
,750,0,2,1.0
,750,1,0,0.5948493
,750,2,0,0.59688115
,750,3,0,0.6707705
,751,0,0,0.7819537
,751,1,0,0.53622913
,751,2,0,0.53645176
,751,3,2,1.0
,752,0,2,1.0
,752,1,0,0.6805416
,752,2,0,0.6805603
,752,3,0,0.96759176
,753,0,0,0.9676786
,753,1,0,0.69593084
,753,2,0,0.6959317
,753,3,2,1.0
,754,0,2,1.0
,754,1,0,0.6972788
,754,2,0,0.69727033
,754,3,0,0.96767986
,755,0,0,0.9676801
,755,1,0,0.6974846
,755,2,0,0.697381
,755,3,2,1.0
,756,0,2,1.0
,756,1,0,0.69862425
,756,2,0,0.69738257
,756,3,0,0.9676823
,757,0,0,0.9677025
,757,1,0,0.7122315
,757,2,0,0.69735825
,757,3,2,1.0
,758,0,2,1.0
,758,1,0,0.87578
,758,2,0,0.69761866
,758,3,0,0.90737295
,759,0,0,0.9676764
,759,1,2,1.0
,759,2,0,0.6972278
,759,3,0,0.71593785
,760,0,2,1.0
,760,1,0,0.9677029
,760,2,0,0.69743127
,760,3,0,0.71363467
,761,0,0,0.9131545
,761,1,2,1.0
,761,2,0,0.6987981
,761,3,0,0.87593424
,762,0,0,0.8846898
,762,1,0,0.9072978
,762,2,0,0.71230054
,762,3,2,1.0
,763,0,2,1.0
,763,1,0,0.71497464
,763,2,0,0.8757019
,763,3,0,0.9078131
,764,0,0,0.96769696
,764,1,0,0.6986295
,764,2,2,1.0
,764,3,0,0.7290617
,765,0,2,1.0
,765,1,0,0.69765854
,765,2,0,0.9131557
,765,3,0,0.87660587
,766,0,0,0.91314316
,766,1,0,0.69741696
,766,2,0,0.88468045
,766,3,2,1.0
,767,0,0,0.88461107
,767,1,0,0.6974408
,767,2,2,1.0
,767,3,0,0.9078105
,768,0,2,1.0
,768,1,0,0.69718045
,768,2,0,0.9676975
,768,3,0,0.72907543
,769,0,0,0.913154
,769,1,0,0.6975437
,769,2,2,1.0
,769,3,0,0.87660474
,770,0,0,0.88460946
,770,1,0,0.69745046
,770,2,0,0.90780973
,770,3,2,1.0
,771,0,2,1.0
,771,1,0,0.6972147
,771,2,0,0.72905475
,771,3,0,0.9676951
,772,0,0,0.8990401
,772,1,0,0.69786614
,772,2,0,0.87626725
,772,3,2,1.0
,773,0,1,0.5285906
,773,1,0,0.697917
,773,2,2,0.9999988
,773,3,0,0.9136186
,774,0,3,1.0
,774,1,0,0.69425476
,774,2,0,0.90672994
,774,3,0,0.88301045
,775,0,0,0.83660966
,775,1,0,0.70108515
,775,2,0,0.7051646
,775,3,2,1.0
,776,0,2,1.0
,776,1,0,0.7430629
,776,2,0,0.57652
,776,3,0,0.93219805
,777,0,1,0.6881794
,777,1,0,0.5342262
,777,2,3,1.0
,777,3,0,0.78947806
,778,0,0,0.67808914
,778,1,0,0.68108684
,778,2,0,0.8352739
,778,3,2,1.0
,779,0,0,0.8741705
,779,1,0,0.69608235
,779,2,2,1.0
,779,3,0,0.9073618
,780,0,2,1.0
,780,1,0,0.6970859
,780,2,0,0.9676763
,780,3,0,0.7159313
,781,0,0,0.96770215
,781,1,0,0.6973235
,781,2,2,1.0
,781,3,0,0.71362865
,782,0,2,1.0
,782,1,0,0.69761443
,782,2,0,0.90737283
,782,3,0,0.8758416
,783,0,0,0.9676764
,783,1,0,0.69721895
,783,2,0,0.715938
,783,3,2,1.0
,784,0,2,1.0
,784,1,0,0.69732815
,784,2,0,0.71363443
,784,3,0,0.9677027
,785,0,0,0.91315633
,785,1,0,0.69755906
,785,2,0,0.87592745
,785,3,2,1.0
,786,0,0,0.88468224
,786,1,0,0.6974029
,786,2,2,1.0
,786,3,0,0.91314477
,787,0,2,1.0
,787,1,0,0.6973961
,787,2,0,0.913145
,787,3,0,0.8846838
,788,0,0,0.9131433
,788,1,0,0.6974189
,788,2,0,0.8846819
,788,3,2,1.0
,789,0,0,0.8846066
,789,1,0,0.6976784
,789,2,2,1.0
,789,3,0,0.90741503
,790,0,2,1.0
,790,1,0,0.69999075
,790,2,0,0.96768993
,790,3,0,0.7175456
,791,0,0,0.94993323
,791,1,0,0.7310417
,791,2,2,1.0
,791,3,0,0.7338835
,792,0,2,1.0
,792,1,0,0.5852248
,792,2,0,0.7866663
,792,3,0,0.6027577
,793,0,0,0.907221
,793,1,0,0.6857924
,793,2,2,1.0
,793,3,0,0.8695846
,794,0,0,0.715866
,794,1,0,0.6961688
,794,2,0,0.9676747
,794,3,2,1.0
,795,0,0,0.7136278
,795,1,0,0.69723964
,795,2,2,1.0
,795,3,0,0.9677027
,796,0,0,0.8759272
,796,1,0,0.6975517
,796,2,0,0.91315633
,796,3,2,1.0
,797,0,2,1.0
,797,1,0,0.69740206
,797,2,0,0.88468236
,797,3,0,0.9131449
,798,0,0,0.9131451
,798,1,0,0.69739383
,798,2,2,1.0
,798,3,0,0.8846838
,799,0,0,0.8846839
,799,1,0,0.69739324
,799,2,0,0.9131452
,799,3,2,1.0
,800,0,2,1.0
,800,1,0,0.6973938
,800,2,0,0.8846838
,800,3,0,0.913145
,801,0,0,0.91314316
,801,1,0,0.69739985
,801,2,2,1.0
,801,3,0,0.8846817
,802,0,0,0.88460326
,802,1,0,0.69744897
,802,2,0,0.907361
,802,3,2,1.0
,803,0,2,1.0
,803,1,0,0.6972105
,803,2,0,0.7159412
,803,3,0,0.9676765
,804,0,0,0.96770215
,804,1,0,0.69733405
,804,2,0,0.7136295
,804,3,2,1.0
,805,0,2,1.0
,805,1,0,0.6976154
,805,2,0,0.8758416
,805,3,0,0.90737283
,806,0,0,0.9676764
,806,1,0,0.69721913
,806,2,2,1.0
,806,3,0,0.715938
,807,0,2,1.0
,807,1,0,0.69732875
,807,2,0,0.9677028
,807,3,0,0.7136343
,808,0,0,0.91315454
,808,1,0,0.6975648
,808,2,2,1.0
,808,3,0,0.87592536
,809,0,0,0.88460946
,809,1,0,0.69744945
,809,2,0,0.90781015
,809,3,2,1.0
,810,0,2,1.0
,810,1,0,0.6971872
,810,2,0,0.72907025
,810,3,0,0.96769685
,811,0,0,0.9073314
,811,1,0,0.6975954
,811,2,0,0.87652075
,811,3,2,1.0
,812,0,0,0.71474683
,812,1,0,0.6972271
,812,2,2,1.0
,812,3,0,0.96767396
,813,0,0,0.6988315
,813,1,0,0.69736874
,813,2,0,0.9676795
,813,3,2,1.0
,814,0,0,0.6975136
,814,1,0,0.69739145
,814,2,2,1.0
,814,3,0,0.96767986
,815,0,0,0.6974233
,815,1,0,0.697413
,815,2,0,0.96768
,815,3,2,1.0
,816,0,0,0.6976483
,816,1,0,0.6976475
,816,2,2,1.0
,816,3,0,0.9676811
,817,0,0,0.7004871
,817,1,0,0.7004883
,817,2,0,0.96769845
,817,3,2,1.0
,818,0,0,0.7350479
,818,1,0,0.7350635
,818,2,2,1.0
,818,3,0,0.9502438
,819,0,0,0.63859755
,819,1,0,0.63878095
,819,2,0,0.68048245
,819,3,2,1.0
,820,0,0,0.59631824
,820,1,0,0.5981159
,820,2,2,1.0
,820,3,0,0.67132825
,821,0,0,0.53762794
,821,1,0,0.55458134
,821,2,0,0.782413
,821,3,2,1.0
,822,0,0,0.6912139
,822,1,0,0.86724085
,822,2,2,1.0
,822,3,0,0.90828747
,823,0,0,0.8131118
,823,1,2,1.0
,823,2,0,0.92128205
,823,3,0,0.7484155
,824,0,2,1.0
,824,1,0,0.7859836
,824,2,0,0.617272
,824,3,0,0.5818101
,825,0,0,0.91300535
,825,1,2,1.0
,825,2,0,0.87026685
,825,3,0,0.685371
,826,0,0,0.88457084
,826,1,0,0.90741354
,826,2,2,1.0
,826,3,0,0.6966759
,827,0,2,1.0
,827,1,0,0.71762615
,827,2,0,0.96769613
,827,3,0,0.7007014
,828,0,0,0.9507591
,828,1,0,0.73510826
,828,2,2,1.0
,828,3,0,0.74083334
,829,0,2,1.0
,829,1,0,0.6350875
,829,2,0,0.62211084
,829,3,0,0.7180658
,830,0,0,0.5638101
,830,1,0,0.55147713
,830,2,0,0.7846789
,830,3,2,1.0
,831,0,0,0.8676732
,831,1,0,0.6827357
,831,2,2,1.0
,831,3,0,0.9076518
,832,0,2,0.9999982
,832,1,0,0.69711006
,832,2,0,0.9676971
,832,3,0,0.72899
,833,0,0,0.9073063
,833,1,0,0.7123281
,833,2,2,1.0
,833,3,0,0.87661237
,834,0,0,0.71492743
,834,1,0,0.875779
,834,2,0,0.9131474
,834,3,2,1.0
,835,0,0,0.6988505
,835,1,2,1.0
,835,2,0,0.88467497
,835,3,0,0.9131426
,836,0,0,0.69758004
,836,1,0,0.9078104
,836,2,2,1.0
,836,3,0,0.88461083
,837,0,0,0.6974355
,837,1,0,0.7290743
,837,2,0,0.96769774
,837,3,2,1.0
,838,0,0,0.7004855
,838,1,0,0.87659806
,838,2,2,1.0
,838,3,0,0.91116107
,839,0,0,0.73258
,839,1,2,1.0
,839,2,0,0.92082834
,839,3,0,0.8266786
,840,0,0,0.5845096
,840,1,0,0.7859854
,840,2,0,0.60380614
,840,3,2,1.0
,841,0,0,0.72966015
,841,1,2,1.0
,841,2,0,0.72459036
,841,3,0,0.95055103
,842,0,0,0.715647
,842,1,0,0.6108836
,842,2,0,0.639991
,842,3,2,1.0
,843,0,2,1.0
,843,1,0,0.6744361
,843,2,0,0.6122673
,843,3,0,0.60049474
,844,0,0,0.5999329
,844,1,2,1.0
,844,2,0,0.66704714
,844,3,0,0.5949445
,845,0,0,0.5920507
,845,1,0,0.67125607
,845,2,2,1.0
,845,3,0,0.5941817
,846,0,0,0.58602417
,846,1,2,1.0
,846,2,0,0.6723577
,846,3,0,0.61120665
,847,0,0,0.541186
,847,1,0,0.54813933
,847,2,2,1.0
,847,3,0,0.77778876
,848,0,0,0.71614563
,848,1,0,0.7173793
,848,2,0,0.94974834
,848,3,2,1.0
,849,0,0,0.58691543
,849,1,0,0.5948146
,849,2,2,1.0
,849,3,0,0.7866425
,850,0,0,0.7249305
,850,1,0,0.80772114
,850,2,0,0.92429
,850,3,2,1.0
,851,0,0,0.6348992
,851,1,2,1.0
,851,2,0,0.72784686
,851,3,0,0.61020476
,852,0,0,0.6106993
,852,1,0,0.600143
,852,2,2,1.0
,852,3,0,0.67261297
,853,0,0,0.6632653
,853,1,0,0.58953404
,853,2,0,0.5964908
,853,3,2,1.0
,854,0,2,1.0
,854,1,0,0.53958803
,854,2,0,0.5483697
,854,3,1,0.6986041
,855,0,0,0.9242323
,855,1,0,0.714553
,855,2,0,0.7983048
,855,3,3,1.0
,856,0,0,0.72888446
,856,1,0,0.6241295
,856,2,2,1.0
,856,3,1,0.84370023
,857,0,2,1.0
,857,1,0,0.5521103
,857,2,0,0.56414473
,857,3,0,0.750857
,858,0,0,0.91299164
,858,1,0,0.682569
,858,2,0,0.8677365
,858,3,2,1.0
,859,0,0,0.88464046
,859,1,0,0.69609463
,859,2,2,1.0
,859,3,0,0.9131388
,860,0,2,1.0
,860,1,0,0.6973803
,860,2,0,0.9073359
,860,3,0,0.8846008
,861,0,0,0.96765566
,861,1,0,0.6976813
,861,2,0,0.7151952
,861,3,2,1.0
,862,0,2,1.0
,862,1,0,0.70234084
,862,2,0,0.7036686
,862,3,0,0.77787745
,863,0,0,0.94268036
,863,1,0,0.7364334
,863,2,0,0.73507106
,863,3,3,1.0
,864,0,2,0.9968798
,864,1,0,0.5563126
,864,2,0,0.53921074
,864,3,1,0.86957914
,865,0,0,0.92534477
,865,1,0,0.73062956
,865,2,0,0.55315983
,865,3,2,1.0
,866,0,0,0.60572547
,866,1,0,0.5862615
,866,2,3,1.0
,866,3,1,0.57314247
,867,0,0,0.5306932
,867,1,0,0.5464318
,867,2,1,0.7370608
,867,3,2,1.0
,868,0,0,0.6785702
,868,1,0,0.8657297
,868,2,2,1.0
,868,3,0,0.9128656
,869,0,0,0.69581157
,869,1,2,1.0
,869,2,0,0.91313475
,869,3,0,0.8846123
,870,0,0,0.6985402
,870,1,0,0.90731573
,870,2,0,0.8845718
,870,3,2,1.0
,871,0,0,0.7120545
,871,1,0,0.7147184
,871,2,2,0.999907
,871,3,0,0.96769696
,872,0,0,0.87577564
,872,1,0,0.6990574
,872,2,0,0.90779567
,872,3,2,1.0
,873,0,2,1.0
,873,1,0,0.69741786
,873,2,0,0.7290645
,873,3,0,0.96769685
,874,0,0,0.9073271
,874,1,0,0.69883835
,874,2,0,0.8765301
,874,3,2,1.0
,875,0,0,0.7147145
,875,1,0,0.71207446
,875,2,2,1.0
,875,3,0,0.96769685
,876,0,0,0.69904965
,876,1,0,0.87577647
,876,2,0,0.90782183
,876,3,2,1.0
,877,0,0,0.69732785
,877,1,2,1.0
,877,2,0,0.7290661
,877,3,0,0.9676966
,878,0,0,0.69775486
,878,1,0,0.90734774
,878,2,0,0.8765182
,878,3,2,1.0
,879,0,0,0.698986
,879,1,0,0.71519625
,879,2,2,1.0
,879,3,0,0.9676359
,880,0,0,0.7170366
,880,1,0,0.70301145
,880,2,0,0.9095542
,880,3,2,1.0
,881,0,0,0.86884975
,881,1,0,0.68449414
,881,2,0,0.7170779
,881,3,2,1.0
,882,0,2,1.0
,882,1,0,0.6962144
,882,2,0,0.8758817
,882,3,0,0.913134
,883,0,0,0.9131426
,883,1,0,0.6985139
,883,2,2,1.0
,883,3,0,0.8846838
,884,0,0,0.8846939
,884,1,0,0.71228546
,884,2,0,0.9073367
,884,3,2,1.0
,885,0,2,1.0
,885,1,0,0.8757786
,885,2,0,0.7161269
,885,3,0,0.91314584
,886,0,0,0.9072946
,886,1,2,0.9999825
,886,2,0,0.71370417
,886,3,0,0.8846865
,887,0,0,0.7149182
,887,1,0,0.9131428
,887,2,0,0.8758416
,887,3,2,1.0
,888,0,0,0.6987102
,888,1,0,0.8846732
,888,2,2,1.0
,888,3,0,0.91314214
,889,0,0,0.6958778
,889,1,2,1.0
,889,2,0,0.9073376
,889,3,0,0.8845833
,890,0,0,0.67678106
,890,1,0,0.967608
,890,2,0,0.7150671
,890,3,2,0.99999964
,891,0,1,0.54942137
,891,1,2,1.0
,891,2,0,0.7007578
,891,3,0,0.9135753
,892,0,3,1.0
,892,1,0,0.90708613
,892,2,0,0.7091447
,892,3,0,0.8818004
,893,0,0,0.6273364
,893,1,0,0.7151693
,893,2,0,0.87559503
,893,3,2,0.99701947
,894,0,0,0.70141715
,894,1,0,0.7024529
,894,2,2,1.0
,894,3,0,0.9673145
,895,0,0,0.81648517
,895,1,0,0.74233586
,895,2,0,0.9217698
,895,3,2,1.0
,896,0,2,1.0
,896,1,0,0.7126229
,896,2,0,0.649369
,896,3,0,0.6216694
,897,0,0,0.546067
,897,1,2,1.0
,897,2,0,0.5518069
,897,3,0,0.7833041
,898,0,0,0.682832
,898,1,0,0.96759945
,898,2,0,0.68204725
,898,3,2,1.0
,899,0,0,0.71090347
,899,1,2,1.0
,899,2,0,0.69601995
,899,3,0,0.9677019
,900,0,0,0.8758069
,900,1,0,0.91315633
,900,2,0,0.6974522
,900,3,2,1.0
,901,0,2,1.0
,901,1,0,0.88468003
,901,2,0,0.6974103
,901,3,0,0.9131428
,902,0,0,0.90732896
,902,1,2,1.0
,902,2,0,0.6975686
,902,3,0,0.88460195
,903,0,0,0.71499676
,903,1,0,0.9676583
,903,2,0,0.6986285
,903,3,2,1.0
,904,0,0,0.7012997
,904,1,2,1.0
,904,2,0,0.7136569
,904,3,0,0.77762425
,905,0,0,0.708674
,905,1,0,0.90704346
,905,2,0,0.87375486
,905,3,3,1.0
,906,0,0,0.8755663
,906,1,0,0.71487653
,906,2,2,1.0
,906,3,0,0.62777644
,907,0,2,1.0
,907,1,0,0.69905406
,907,2,0,0.96770144
,907,3,0,0.70640385
,908,0,0,0.90810525
,908,1,0,0.7014255
,908,2,2,1.0
,908,3,0,0.8755207
,909,0,0,0.7371546
,909,1,0,0.74138033
,909,2,0,0.9418796
,909,3,2,1.0
,910,0,1,0.6967144
,910,1,0,0.54642415
,910,2,2,1.0
,910,3,1,0.67319
,911,0,3,0.9999993
,911,1,0,0.6744345
,911,2,0,0.96743935
,911,3,0,0.671461
,912,0,0,0.6278704
,912,1,0,0.6955176
,912,2,2,1.0
,912,3,0,0.8739676
,913,0,0,0.7064248
,913,1,0,0.6971361
,913,2,0,0.9677017
,913,3,2,1.0
,914,0,0,0.875607
,914,1,0,0.6975731
,914,2,2,1.0
,914,3,0,0.91315454
,915,0,2,1.0
,915,1,0,0.6977126
,915,2,0,0.90736204
,915,3,0,0.8846029
,916,0,0,0.96767515
,916,1,0,0.7002841
,916,2,0,0.7159979
,916,3,2,1.0
,917,0,2,1.0
,917,1,0,0.7340417
,917,2,0,0.7142445
,917,3,0,0.947852
,918,0,0,0.5508112
,918,1,0,0.57671535
,918,2,1,0.6717128
,918,3,2,1.0
,919,0,0,0.67658865
,919,1,0,0.67752737
,919,2,3,0.999995
,919,3,0,0.9674582
,920,0,0,0.7105622
,920,1,0,0.69581056
,920,2,0,0.83694243
,920,3,2,1.0
,921,0,0,0.8757123
,921,1,0,0.6973445
,921,2,2,1.0
,921,3,0,0.9131439
,922,0,2,1.0
,922,1,0,0.69797736
,922,2,0,0.9075544
,922,3,0,0.8845229
,923,0,0,0.778372
,923,1,0,0.70289874
,923,2,0,0.72073627
,923,3,2,1.0
,924,0,3,1.0
,924,1,0,0.7407409
,924,2,0,0.74827677
,924,3,0,0.8470736
,925,0,1,0.8655845
,925,1,0,0.5999161
,925,2,0,0.67209196
,925,3,3,1.0
,926,0,0,0.6176875
,926,1,0,0.586894
,926,2,2,1.0
,926,3,1,0.86785495
,927,0,2,1.0
,927,1,0,0.53656715
,927,2,0,0.78253204
,927,3,0,0.50446403
,928,0,0,0.9085702
,928,1,0,0.6843176
,928,2,2,1.0
,928,3,0,0.86503386
,929,0,0,0.75656587
,929,1,0,0.7323663
,929,2,0,0.95072746
,929,3,2,1.0
,930,0,0,0.71939796
,930,1,0,0.6350037
,930,2,2,1.0
,930,3,0,0.62207925
,931,0,2,1.0
,931,1,0,0.5547725
,931,2,0,0.5578342
,931,3,0,0.7847361
,932,0,0,0.9272263
,932,1,0,0.7173568
,932,2,0,0.8056728
,932,3,2,1.0
,933,0,0,0.821854
,933,1,0,0.58271015
,933,2,2,1.0
,933,3,0,0.56738335
,934,0,2,1.0
,934,1,0,0.6847947
,934,2,0,0.9130196
,934,3,0,0.8681798
,935,0,0,0.9087825
,935,1,0,0.6854027
,935,2,0,0.8843732
,935,3,2,1.0
,936,0,0,0.7552805
,936,1,0,0.56359756
,936,2,2,1.0
,936,3,0,0.9307826
,937,0,0,0.5511374
,937,1,3,1.0
,937,2,0,0.5438608
,937,3,0,0.79949784
,938,0,0,0.68246275
,938,1,0,0.83515257
,938,2,0,0.68310654
,938,3,2,1.0
,939,0,0,0.69508076
,939,1,2,1.0
,939,2,0,0.7098156
,939,3,0,0.96769476
,940,0,0,0.6875102
,940,1,0,0.90892315
,940,2,0,0.8641769
,940,3,2,1.0
,941,0,0,0.57633054
,941,1,0,0.7595314
,941,2,2,0.9733112
,941,3,0,0.9250915
,942,0,3,1.0
,942,1,0,0.5362959
,942,2,1,0.8647951
,942,3,0,0.5547676
,943,0,0,0.831344
,943,1,0,0.6747639
,943,2,3,1.0
,943,3,0,0.6763526
,944,0,2,1.0
,944,1,0,0.6954707
,944,2,0,0.83672935
,944,3,0,0.6957067
,945,0,0,0.9676778
,945,1,0,0.6970611
,945,2,2,1.0
,945,3,0,0.69831544
,946,0,2,1.0
,946,1,0,0.6973237
,946,2,0,0.96770304
,946,3,0,0.71220815
,947,0,0,0.9131525
,947,1,0,0.6975848
,947,2,2,1.0
,947,3,0,0.8758606
,948,0,0,0.88452804
,948,1,0,0.69766957
,948,2,0,0.9074137
,948,3,2,1.0
,949,0,2,1.0
,949,1,0,0.69894755
,949,2,0,0.7166819
,949,3,0,0.77797997
,950,0,0,0.9675757
,950,1,0,0.69682235
,950,2,0,0.7015455
,950,3,3,1.0
,951,0,2,1.0
,951,1,0,0.74448174
,951,2,0,0.7833864
,951,3,0,0.6799034
,952,0,1,0.8481492
,952,1,0,0.53081936
,952,2,2,1.0
,952,3,0,0.5237211
,953,0,2,1.0
,953,1,0,0.6768111
,953,2,0,0.9675079
,953,3,0,0.67748606
,954,0,0,0.96769947
,954,1,0,0.6955227
,954,2,2,1.0
,954,3,0,0.71039706
,955,0,2,1.0
,955,1,0,0.69748914
,955,2,0,0.9073545
,955,3,0,0.87569815
,956,0,0,0.9676757
,956,1,0,0.69750726
,956,2,0,0.71540046
,956,3,2,1.0
,957,0,2,1.0
,957,1,0,0.7009095
,957,2,0,0.7069701
,957,3,0,0.9676934
,958,0,0,0.9309068
,958,1,0,0.740175
,958,2,0,0.7956023
,958,3,2,0.9999999
,959,0,0,0.79899955
,959,1,0,0.5485009
,959,2,2,1.0
,959,3,1,0.6542312
,960,0,2,1.0
,960,1,0,0.6824136
,960,2,0,0.91300154
,960,3,0,0.8575335
,961,0,0,0.9031357
,961,1,0,0.69606787
,961,2,0,0.884634
,961,3,2,0.9989128
,962,0,0,0.5942754
,962,1,0,0.6972835
,962,2,2,1.0
,962,3,0,0.9128562
,963,0,3,0.6991723
,963,1,0,0.6973521
,963,2,0,0.91314083
,963,3,0,0.88465035
,964,0,0,0.711077
,964,1,0,0.6974438
,964,2,0,0.8846043
,964,3,2,1.0
,965,0,0,0.69958264
,965,1,0,0.6972126
,965,2,2,1.0
,965,3,0,0.96767664
,966,0,0,0.7123008
,966,1,0,0.6973336
,966,2,0,0.96770215
,966,3,2,1.0
,967,0,0,0.8757912
,967,1,0,0.69760656
,967,2,2,1.0
,967,3,0,0.9078223
,968,0,2,1.0
,968,1,0,0.69719625
,968,2,0,0.9676966
,968,3,0,0.729067
,969,0,0,0.90737224
,969,1,0,0.6976032
,969,2,2,1.0
,969,3,0,0.87652135
,970,0,0,0.7159376
,970,1,0,0.69732076
,970,2,0,0.9676765
,970,3,2,1.0
,971,0,0,0.7136315
,971,1,0,0.698568
,971,2,2,1.0
,971,3,0,0.9677043
,972,0,0,0.87593764
,972,1,0,0.7124561
,972,2,0,0.90734863
,972,3,2,1.0
,973,0,2,1.0
,973,1,0,0.8757912
,973,2,0,0.7161223
,973,3,0,0.9131454
,974,0,0,0.9073505
,974,1,2,1.0
,974,2,0,0.71368325
,974,3,0,0.88467866
,975,0,0,0.7164526
,975,1,0,0.8990275
,975,2,0,0.8755078
,975,3,2,1.0
,976,0,0,0.71435934
,976,1,1,0.5286067
,976,2,2,1.0
,976,3,0,0.9077594
,977,0,0,0.8740372
,977,1,3,0.99999976
,977,2,0,0.9129345
,977,3,0,0.7128464
,978,0,2,1.0
,978,1,0,0.6277282
,978,2,0,0.8846646
,978,3,0,0.71334666
,979,0,0,0.9073046
,979,1,0,0.70665336
,979,2,2,0.9998901
,979,3,0,0.87590015
,980,0,0,0.714942
,980,1,0,0.87552613
,980,2,0,0.91311604
,980,3,2,1.0
,981,0,0,0.6989918
,981,1,2,1.0
,981,2,0,0.88460326
,981,3,0,0.90780944
,982,0,0,0.6985398
,982,1,0,0.967699
,982,2,2,1.0
,982,3,0,0.72907174
,983,0,0,0.7124401
,983,1,2,1.0
,983,2,0,0.9073506
,983,3,0,0.8766147
,984,0,0,0.87570673
,984,1,0,0.90731835
,984,2,0,0.71617323
,984,3,2,1.0
,985,0,2,1.0
,985,1,0,0.7147066
,985,2,0,0.7134781
,985,3,0,0.9676971
,986,0,0,0.913154
,986,1,0,0.6991087
,986,2,0,0.87591386
,986,3,2,1.0
,987,0,0,0.8846099
,987,1,0,0.6988118
,987,2,2,1.0
,987,3,0,0.907319
,988,0,2,1.0
,988,1,0,0.71207625
,988,2,0,0.9676971
,988,3,0,0.71481746
,989,0,0,0.9073274
,989,1,0,0.8757773
,989,2,2,1.0
,989,3,0,0.70028853
,990,0,0,0.71471673
,990,1,2,1.0
,990,2,0,0.96769726
,990,3,0,0.71219593
,991,0,0,0.69911015
,991,1,0,0.913154
,991,2,2,1.0
,991,3,0,0.8758575
,992,0,0,0.69881195
,992,1,0,0.88460976
,992,2,0,0.90731597
,992,3,2,1.0
,993,0,0,0.7120759
,993,1,2,1.0
,993,2,0,0.71472675
,993,3,0,0.96769696
,994,0,0,0.8757682
,994,1,0,0.9073312
,994,2,0,0.6991614
,994,3,2,1.0
,995,0,2,1.0
,995,1,0,0.71473867
,995,2,0,0.6985817
,995,3,0,0.9676764
,996,0,0,0.9677028
,996,1,0,0.69881517
,996,2,0,0.71222377
,996,3,2,1.0
,997,0,2,1.0
,997,1,0,0.6979746
,997,2,0,0.8758654
,997,3,0,0.9131549
,998,0,0,0.9086917
,998,1,0,0.7009285
,998,2,2,1.0
,998,3,0,0.88464195
,999,0,0,0.75498766
,999,1,0,0.73902875
,999,2,0,0.9437511
,999,3,2,1.0
,1000,0,0,0.5551222
,1000,1,0,0.5533755
,1000,2,2,1.0
,1000,3,0,0.6019934
,1001,0,0,0.68135464
,1001,1,0,0.68120724
,1001,2,0,0.9675706
,1001,3,2,1.0
,1002,0,0,0.69599664
,1002,1,0,0.69598436
,1002,2,2,1.0
,1002,3,0,0.96767765
,1003,0,0,0.6974519
,1003,1,0,0.6974508
,1003,2,0,0.9676546
,1003,3,2,1.0
,1004,0,0,0.6987917
,1004,1,0,0.6987916
,1004,2,2,0.9999721
,1004,3,0,0.7780034
,1005,0,0,0.69285583
,1005,1,0,0.69285583
,1005,2,0,0.9675813
,1005,3,3,1.0
,1006,0,0,0.6974361
,1006,1,0,0.697436
,1006,2,2,1.0
,1006,3,0,0.8368753
,1007,0,0,0.7000052
,1007,1,0,0.7000052
,1007,2,0,0.9676906
,1007,3,2,1.0
,1008,0,0,0.73119557
,1008,1,0,0.7311947
,1008,2,2,1.0
,1008,3,0,0.9498362
,1009,0,0,0.5848703
,1009,1,0,0.58486027
,1009,2,0,0.7862778
,1009,3,2,1.0
,1010,0,0,0.685328
,1010,1,0,0.68522197
,1010,2,2,1.0
,1010,3,0,0.96760696
,1011,0,0,0.6975642
,1011,1,0,0.6963199
,1011,2,0,0.9676807
,1011,3,2,1.0
,1012,0,0,0.7121459
,1012,1,0,0.6972684
,1012,2,2,0.9999976
,1012,3,0,0.9677025
,1013,0,0,0.8757847
,1013,1,0,0.69760114
,1013,2,0,0.90782183
,1013,3,2,1.0
,1014,0,2,1.0
,1014,1,0,0.6971893
,1014,2,0,0.729072
,1014,3,0,0.96769726
,1015,0,0,0.9131557
,1015,1,0,0.69754744
,1015,2,0,0.8766068
,1015,3,2,1.0
,1016,0,0,0.88468087
,1016,1,0,0.6975106
,1016,2,2,1.0
,1016,3,0,0.9131429
,1017,0,2,1.0
,1017,1,0,0.698684
,1017,2,0,0.90731573
,1017,3,0,0.8846118
,1018,0,0,0.9676975
,1018,1,0,0.712071
,1018,2,0,0.71471226
,1018,3,2,1.0
,1019,0,2,1.0
,1019,1,0,0.8758536
,1019,2,0,0.6990022
,1019,3,0,0.91315585
,1020,0,0,0.91314304
,1020,1,2,1.0
,1020,2,0,0.6975282
,1020,3,0,0.8846798
,1021,0,0,0.88461107
,1021,1,0,0.9078105
,1021,2,0,0.6974507
,1021,3,2,1.0
,1022,0,2,1.0
,1022,1,0,0.7290756
,1022,2,0,0.6971894
,1022,3,0,0.9676974
,1023,0,0,0.9131558
,1023,1,0,0.87660766
,1023,2,0,0.6976408
,1023,3,2,1.0
,1024,0,0,0.8846888
,1024,1,2,1.0
,1024,2,0,0.6986408
,1024,3,0,0.91314304
,1025,0,2,1.0
,1025,1,0,0.90729856
,1025,2,0,0.71229136
,1025,3,0,0.88469106
,1026,0,0,0.9073229
,1026,1,0,0.7149857
,1026,2,0,0.8756923
,1026,3,2,1.0
,1027,0,0,0.71473885
,1027,1,0,0.698673
,1027,2,2,1.0
,1027,3,0,0.96767366
,1028,0,0,0.69886893
,1028,1,0,0.6975393
,1028,2,0,0.96767926
,1028,3,2,1.0
,1029,0,0,0.69797015
,1029,1,0,0.698
,1029,2,2,1.0
,1029,3,0,0.9676622
,1030,0,0,0.70224917
,1030,1,0,0.70393825
,1030,2,0,0.7778056
,1030,3,2,1.0
,1031,0,0,0.735506
,1031,1,0,0.7558131
,1031,2,3,1.0
,1031,3,0,0.94338554
,1032,0,0,0.5517429
,1032,1,0,0.7873875
,1032,2,1,0.9506697
,1032,3,2,1.0
,1033,0,0,0.6854319
,1033,1,2,1.0
,1033,2,0,0.65080893
,1033,3,0,0.96763074
,1034,0,0,0.73144644
,1034,1,0,0.9208209
,1034,2,0,0.81048816
,1034,3,2,1.0
,1035,0,0,0.58040196
,1035,1,0,0.60047525
,1035,2,2,1.0
,1035,3,0,0.7850139
,1036,0,0,0.688752
,1036,1,0,0.6903228
,1036,2,0,0.9149503
,1036,3,2,1.0
,1037,0,0,0.6839486
,1037,1,0,0.68281853
,1037,2,0,0.8777835
,1037,3,2,1.0
,1038,0,0,0.71064717
,1038,1,0,0.6957453
,1038,2,2,1.0
,1038,3,0,0.9676921
,1039,0,0,0.87579286
,1039,1,0,0.6976434
,1039,2,0,0.91315585
,1039,3,2,1.0
,1040,0,2,1.0
,1040,1,0,0.7000832
,1040,2,0,0.8846855
,1040,3,0,0.90899366
,1041,0,0,0.9508415
,1041,1,0,0.7296481
,1041,2,2,1.0
,1041,3,0,0.76422876
,1042,0,2,1.0
,1042,1,0,0.59018177
,1042,2,0,0.568375
,1042,3,0,0.8143097
,1043,0,0,0.9071974
,1043,1,0,0.68647945
,1043,2,0,0.8681897
,1043,3,2,1.0
,1044,0,0,0.7146873
,1044,1,0,0.6962388
,1044,2,2,1.0
,1044,3,0,0.96767235
,1045,0,0,0.69892704
,1045,1,0,0.6972842
,1045,2,0,0.96767974
,1045,3,2,1.0
,1046,0,0,0.6987439
,1046,1,0,0.69737554
,1046,2,2,1.0
,1046,3,0,0.9676823
,1047,0,0,0.7122415
,1047,1,0,0.6973778
,1047,2,0,0.96770257
,1047,3,2,1.0
,1048,0,0,0.875785
,1048,1,0,0.6978639
,1048,2,2,1.0
,1048,3,0,0.90744925
,1049,0,2,1.0
,1049,1,0,0.7002086
,1049,2,0,0.96769613
,1049,3,0,0.718195
,1050,0,0,0.95075923
,1050,1,0,0.73375416
,1050,2,2,1.0
,1050,3,0,0.7421709
,1051,0,2,1.0
,1051,1,0,0.63494915
,1051,2,0,0.62211055
,1051,3,0,0.71818984
,1052,0,0,0.5638135
,1052,1,0,0.55145663
,1052,2,0,0.7846901
,1052,3,2,1.0
,1053,0,0,0.8677629
,1053,1,0,0.68269205
,1053,2,2,1.0
,1053,3,0,0.9129959
,1054,0,2,1.0
,1054,1,0,0.6973306
,1054,2,0,0.9131391
,1054,3,0,0.8846502
,1055,0,0,0.90729576
,1055,1,0,0.71218926
,1055,2,0,0.8846929
,1055,3,2,1.0
,1056,0,0,0.7149303
,1056,1,0,0.875775
,1056,2,2,1.0
,1056,3,0,0.9131476
,1057,0,0,0.6988502
,1057,1,2,1.0
,1057,2,0,0.9131424
,1057,3,0,0.88467366
,1058,0,0,0.6975705
,1058,1,0,0.9073202
,1058,2,0,0.8846022
,1058,3,2,0.99999774
,1059,0,0,0.69722843
,1059,1,0,0.7147502
,1059,2,2,1.0
,1059,3,0,0.9676738
,1060,0,0,0.6973573
,1060,1,0,0.6988328
,1060,2,0,0.9676795
,1060,3,2,1.0
,1061,0,0,0.6972491
,1061,1,0,0.6975241
,1061,2,2,1.0
,1061,3,0,0.9676795
,1062,0,0,0.6956972
,1062,1,0,0.69753784
,1062,2,0,0.96767515
,1062,3,2,1.0
,1063,0,0,0.67694753
,1063,1,0,0.6988715
,1063,2,2,1.0
,1063,3,0,0.96761656
,1064,0,1,0.5493934
,1064,1,0,0.71313363
,1064,2,0,0.9082191
,1064,3,2,1.0
,1065,0,3,0.99999964
,1065,1,0,0.8740276
,1065,2,0,0.7262019
,1065,3,0,0.9071204
,1066,0,0,0.6264038
,1066,1,2,1.0
,1066,2,0,0.87634647
,1066,3,0,0.71605974
,1067,0,0,0.6913567
,1067,1,0,0.96770155
,1067,2,2,1.0
,1067,3,0,0.7135872
,1068,0,0,0.69707626
,1068,1,2,1.0
,1068,2,0,0.91315454
,1068,3,0,0.8759241
,1069,0,0,0.69751066
,1069,1,0,0.90781
,1069,2,0,0.8846104
,1069,3,2,1.0
,1070,0,0,0.6984175
,1070,1,0,0.7290726
,1070,2,2,1.0
,1070,3,0,0.967699
,1071,0,0,0.71243525
,1071,1,0,0.8766172
,1071,2,0,0.907348
,1071,3,2,1.0
,1072,0,0,0.87579066
,1072,1,2,1.0
,1072,2,0,0.7161239
,1072,3,0,0.91314566
,1073,0,2,1.0
,1073,1,0,0.9072974
,1073,2,0,0.7136992
,1073,3,0,0.88468444
,1074,0,0,0.907813
,1074,1,0,0.71497446
,1074,2,0,0.8757635
,1074,3,2,1.0
,1075,0,0,0.7290566
,1075,1,0,0.6986361
,1075,2,2,1.0
,1075,3,0,0.96769625
,1076,0,0,0.8765198
,1076,1,0,0.69771564
,1076,2,0,0.9073348
,1076,3,2,1.0
,1077,0,2,1.0
,1077,1,0,0.6972373
,1077,2,0,0.71484584
,1077,3,0,0.9676742
,1078,0,0,0.96768194
,1078,1,0,0.69737864
,1078,2,0,0.7000611
,1078,3,2,1.0
,1079,0,2,1.0
,1079,1,0,0.6975733
,1079,2,0,0.7123527
,1079,3,0,0.9677033
,1080,0,0,0.9090057
,1080,1,0,0.7002528
,1080,2,0,0.8758746
,1080,3,2,1.0
,1081,0,0,0.7642262
,1081,1,0,0.7296561
,1081,2,2,1.0
,1081,3,0,0.9508416
,1082,0,0,0.81431764
,1082,1,0,0.59017473
,1082,2,0,0.5683789
,1082,3,2,1.0
,1083,0,2,1.0
,1083,1,0,0.6864346
,1083,2,0,0.868287
,1083,3,0,0.91302973
,1084,0,0,0.91313976
,1084,1,0,0.6965292
,1084,2,2,1.0
,1084,3,0,0.8846492
,1085,0,0,0.88461125
,1085,1,0,0.6986014
,1085,2,0,0.907319
,1085,3,2,1.0
,1086,0,2,0.99999976
,1086,1,0,0.7120644
,1086,2,0,0.71481174
,1086,3,0,0.9676976
,1087,0,0,0.913154
,1087,1,0,0.8758601
,1087,2,0,0.7002374
,1087,3,2,1.0
,1088,0,0,0.8846898
,1088,1,2,1.0
,1088,2,0,0.7124165
,1088,3,0,0.907339
,1089,0,2,1.0
,1089,1,0,0.90731853
,1089,2,0,0.87570775
,1089,3,0,0.7161755
,1090,0,0,0.96769637
,1090,1,0,0.71470433
,1090,2,2,1.0
,1090,3,0,0.7134732
,1091,0,2,0.99999964
,1091,1,0,0.6990573
,1091,2,0,0.90733194
,1091,3,0,0.875829
,1092,0,0,0.9676739
,1092,1,0,0.69734794
,1092,2,0,0.714754
,1092,3,2,1.0
,1093,0,2,1.0
,1093,1,0,0.69737744
,1093,2,0,0.69893336
,1093,3,0,0.96767974
,1094,0,0,0.9676823
,1094,1,0,0.6973816
,1094,2,0,0.6987443
,1094,3,2,0.9999999
,1095,0,2,1.0
,1095,1,0,0.69735885
,1095,2,0,0.7122411
,1095,3,0,0.9677025
,1096,0,0,0.90733206
,1096,1,0,0.6976279
,1096,2,0,0.8757798
,1096,3,2,1.0
,1097,0,0,0.7147452
,1097,1,0,0.6973312
,1097,2,2,1.0
,1097,3,0,0.9676741
,1098,0,0,0.698822
,1098,1,0,0.698602
,1098,2,0,0.96768206
,1098,3,2,1.0
,1099,0,0,0.6974725
,1099,1,0,0.71223426
,1099,2,2,1.0
,1099,3,0,0.96770304
,1100,0,0,0.6975869
,1100,1,0,0.87586343
,1100,2,0,0.91315436
,1100,3,2,1.0
,1101,0,0,0.69756323
,1101,1,2,1.0
,1101,2,0,0.88460153
,1101,3,0,0.9073193
,1102,0,0,0.6984539
,1102,1,0,0.9676765
,1102,2,2,1.0
,1102,3,0,0.71474165
,1103,0,0,0.71221346
,1103,1,2,1.0
,1103,2,0,0.9677028
,1103,3,0,0.69880044
,1104,0,0,0.8758629
,1104,1,0,0.9131545
,1104,2,2,1.0
,1104,3,0,0.6977903
,1105,0,2,1.0
,1105,1,0,0.8846107
,1105,2,0,0.90735644
,1105,3,0,0.6987022
,1106,0,0,0.9676991
,1106,1,2,1.0
,1106,2,0,0.7159095
,1106,3,0,0.7120698
,1107,0,2,1.0
,1107,1,0,0.9078
,1107,2,0,0.71385294
,1107,3,0,0.8758696
,1108,0,0,0.907791
,1108,1,0,0.72929657
,1108,2,0,0.87586206
,1108,3,2,1.0
,1109,0,0,0.72929114
,1109,1,0,0.8765363
,1109,2,2,1.0
,1109,3,0,0.90733826
,1110,0,0,0.87653244
,1110,1,2,1.0
,1110,2,0,0.91314477
,1110,3,0,0.71611303
,1111,0,2,1.0
,1111,1,0,0.907298
,1111,2,0,0.8846842
,1111,3,0,0.7136982
,1112,0,0,0.90736353
,1112,1,0,0.7149914
,1112,2,2,1.0
,1112,3,0,0.87575513
,1113,0,0,0.7159265
,1113,1,0,0.6987622
,1113,2,0,0.9676763
,1113,3,2,1.0
,1114,0,0,0.7136299
,1114,1,0,0.6986875
,1114,2,2,1.0
,1114,3,0,0.9677033
,1115,0,0,0.8759369
,1115,1,0,0.7124656
,1115,2,0,0.90730816
,1115,3,2,0.9999944
,1116,0,2,1.0
,1116,1,0,0.8757825
,1116,2,0,0.7149413
,1116,3,0,0.9131439
,1117,0,0,0.9073191
,1117,1,2,1.0
,1117,2,0,0.6990022
,1117,3,0,0.88459617
,1118,0,0,0.714749
,1118,1,0,0.9676765
,1118,2,0,0.6985727
,1118,3,2,1.0
,1119,0,0,0.6989
,1119,1,2,1.0
,1119,2,0,0.71221834
,1119,3,0,0.9677024
,1120,0,0,0.6989705
,1120,1,0,0.90736866
,1120,2,0,0.87578875
,1120,3,2,1.0
,1121,0,0,0.7120866
,1121,1,0,0.7159065
,1121,2,2,1.0
,1121,3,0,0.967699
,1122,0,0,0.875864
,1122,1,0,0.7138565
,1122,2,0,0.90730774
,1122,3,2,1.0
,1123,0,2,1.0
,1123,1,0,0.8758463
,1123,2,0,0.7149439
,1123,3,0,0.9131474
,1124,0,0,0.9131441
,1124,1,2,1.0
,1124,2,0,0.69906723
,1124,3,0,0.88467777
,1125,0,0,0.8846861
,1125,1,0,0.9089954
,1125,2,0,0.70021254
,1125,3,2,1.0
,1126,0,2,1.0
,1126,1,0,0.76426256
,1126,2,0,0.7297347
,1126,3,0,0.9508014
,1127,0,0,0.54877275
,1127,1,0,0.8138373
,1127,2,0,0.5902026
,1127,3,2,0.99999976
,1128,0,0,0.66166294
,1128,1,2,1.0
,1128,2,0,0.6863955
,1128,3,0,0.9675455
,1129,0,1,0.55075896
,1129,1,0,0.9088768
,1129,2,0,0.6999817
,1129,3,2,1.0
,1130,0,3,1.0
,1130,1,0,0.74447155
,1130,2,0,0.7279633
,1130,3,0,0.9495726
,1131,0,1,0.7052041
,1131,1,0,0.58624154
,1131,2,0,0.58450013
,1131,3,2,1.0
,1132,0,2,1.0
,1132,1,0,0.68382776
,1132,2,0,0.6836701
,1132,3,0,0.9675606
,1133,0,0,0.9676934
,1133,1,0,0.6990548
,1133,2,0,0.6989186
,1133,3,2,1.0
,1134,0,2,1.0
,1134,1,0,0.7324473
,1134,2,0,0.7309629
,1134,3,0,0.94993573
,1135,0,0,0.7866679
,1135,1,0,0.6026199
,1135,2,0,0.58522886
,1135,3,2,1.0
,1136,0,2,1.0
,1136,1,0,0.86957777
,1136,2,0,0.68579453
,1136,3,0,0.90718025
,1137,0,0,0.9676722
,1137,1,2,1.0
,1137,2,0,0.6961783
,1137,3,0,0.71467435
,1138,0,2,1.0
,1138,1,0,0.9676795
,1138,2,0,0.6972801
,1138,3,0,0.6988244
,1139,0,0,0.96767986
,1139,1,2,1.0
,1139,2,0,0.6973824
,1139,3,0,0.69751126
,1140,0,2,1.0
,1140,1,0,0.96767986
,1140,2,0,0.69739133
,1140,3,0,0.6974022
,1141,0,0,0.96767986
,1141,1,2,1.0
,1141,2,0,0.69739217
,1141,3,0,0.6973931
,1142,0,2,1.0
,1142,1,0,0.96767986
,1142,2,0,0.69739234
,1142,3,0,0.6973923
,1143,0,0,0.96767986
,1143,1,2,1.0
,1143,2,0,0.697393
,1143,3,0,0.6973923
,1144,0,2,1.0
,1144,1,0,0.96767986
,1144,2,0,0.6974008
,1144,3,0,0.6973928
,1145,0,0,0.9676801
,1145,1,2,1.0
,1145,2,0,0.6974946
,1145,3,0,0.69739956
,1146,0,2,1.0
,1146,1,0,0.96768254
,1146,2,0,0.69862485
,1146,3,0,0.6974858
,1147,0,0,0.96770465
,1147,1,2,1.0
,1147,2,0,0.71223384
,1147,3,0,0.6985912
,1148,0,2,1.0
,1148,1,0,0.90731335
,1148,2,0,0.8758733
,1148,3,0,0.7124539
,1149,0,0,0.90781254
,1149,1,0,0.715071
,1149,2,2,1.0
,1149,3,0,0.87570715
,1150,0,0,0.72905856
,1150,1,0,0.6998657
,1150,2,0,0.9676987
,1150,3,2,1.0
,1151,0,0,0.8766131
,1151,1,0,0.71254694
,1151,2,2,1.0
,1151,3,0,0.9073097
,1152,0,2,1.0
,1152,1,0,0.8757015
,1152,2,0,0.9073231
,1152,3,0,0.71498436
,1153,0,0,0.9676732
,1153,1,2,1.0
,1153,2,0,0.71475095
,1153,3,0,0.6986929
,1154,0,2,1.0
,1154,1,0,0.9676598
,1154,2,0,0.69900453
,1154,3,0,0.69776833
,1155,0,0,0.7781753
,1155,1,2,0.99999976
,1155,2,0,0.6989014
,1155,3,0,0.70004624
,1156,0,3,0.9989145
,1156,1,0,0.9675846
,1156,2,0,0.6929016
,1156,3,0,0.70791554
,1157,0,0,0.6434169
,1157,1,2,1.0
,1157,2,0,0.69710493
,1157,3,0,0.875709
,1158,0,0,0.8727867
,1158,1,0,0.91315204
,1158,2,0,0.69749963
,1158,3,2,1.0
,1159,0,2,1.0
,1159,1,0,0.88459826
,1159,2,0,0.6974492
,1159,3,0,0.90731984
,1160,0,0,0.9676741
,1160,1,2,1.0
,1160,2,0,0.69721895
,1160,3,0,0.714758
,1161,0,2,1.0
,1161,1,0,0.96767974
,1161,2,0,0.6973668
,1161,3,0,0.69893396
,1162,0,0,0.9676823
,1162,1,2,1.0
,1162,2,0,0.6973802
,1162,3,0,0.6987448
,1163,0,2,1.0
,1163,1,0,0.96770304
,1163,2,0,0.6973526
,1163,3,0,0.7122465
,1164,0,0,0.91315466
,1164,1,2,1.0
,1164,2,0,0.6975759
,1164,3,0,0.87586427
,1165,0,0,0.8846101
,1165,1,0,0.90781
,1165,2,0,0.69755214
,1165,3,2,1.0
,1166,0,2,0.9999999
,1166,1,0,0.72907233
,1166,2,0,0.6984205
,1166,3,0,0.967699
,1167,0,0,0.90725386
,1167,1,0,0.8766128
,1167,2,0,0.71242964
,1167,3,2,1.0
,1168,0,0,0.7133508
,1168,1,2,1.0
,1168,2,0,0.8756762
,1168,3,0,0.9073376
,1169,0,0,0.67831653
,1169,1,0,0.96760523
,1169,2,2,1.0
,1169,3,0,0.7149799
,1170,0,1,0.54883087
,1170,1,2,1.0
,1170,2,0,0.9077959
,1170,3,0,0.6997781
,1171,0,3,0.99999964
,1171,1,0,0.9676034
,1171,2,0,0.711108
,1171,3,0,0.69478106
,1172,0,0,0.8369932
,1172,1,2,1.0
,1172,2,0,0.6987931
,1172,3,0,0.71212053
,1173,0,2,0.9999999
,1173,1,0,0.9131463
,1173,2,0,0.69877076
,1173,3,0,0.8757923
,1174,0,0,0.90778834
,1174,1,0,0.88469553
,1174,2,0,0.7122955
,1174,3,2,1.0
,1175,0,0,0.7292993
,1175,1,2,1.0
,1175,2,0,0.8757871
,1175,3,0,0.90730137
,1176,0,0,0.8764391
,1176,1,0,0.9073218
,1176,2,2,1.0
,1176,3,0,0.71497965
,1177,0,2,1.0
,1177,1,0,0.7147347
,1177,2,0,0.9676738
,1177,3,0,0.6987701
,1178,0,0,0.96768194
,1178,1,0,0.698821
,1178,2,2,1.0
,1178,3,0,0.69872093
,1179,0,2,1.0
,1179,1,0,0.6974783
,1179,2,0,0.9677024
,1179,3,0,0.71223885
,1180,0,0,0.90737295
,1180,1,0,0.6976365
,1180,2,2,1.0
,1180,3,0,0.8757803
,1181,0,0,0.71593726
,1181,1,0,0.6973231
,1181,2,0,0.9676765
,1181,3,2,1.0
,1182,0,0,0.71363187
,1182,1,0,0.6985677
,1182,2,2,1.0
,1182,3,0,0.9677044
,1183,0,0,0.8759433
,1183,1,0,0.7124521
,1183,2,0,0.90780044
,1183,3,2,1.0
,1184,0,2,1.0
,1184,1,0,0.8758004
,1184,2,0,0.7292971
,1184,3,0,0.907791
,1185,0,0,0.9073407
,1185,1,2,1.0
,1185,2,0,0.87653387
,1185,3,0,0.72928613
,1186,0,0,0.7161608
,1186,1,0,0.9073189
,1186,2,2,1.0
,1186,3,0,0.8764484
,1187,0,0,0.71345586
,1187,1,0,0.7147411
,1187,2,0,0.96769476
,1187,3,2,1.0
,1188,0,0,0.8755682
,1188,1,0,0.69944763
,1188,2,2,1.0
,1188,3,0,0.89905626
,1189,0,2,1.0
,1189,1,0,0.6994148
,1189,2,0,0.9077849
,1189,3,1,0.52819484
,1190,0,0,0.9675961
,1190,1,0,0.70839655
,1190,2,0,0.71109647
,1190,3,3,1.0
,1191,0,2,1.0
,1191,1,0,0.8756394
,1191,2,0,0.6986697
,1191,3,0,0.6265887
,1192,0,0,0.9676786
,1192,1,2,1.0
,1192,2,0,0.6974384
,1192,3,0,0.6914201
,1193,0,2,1.0
,1193,1,0,0.96768
,1193,2,0,0.69739735
,1193,3,0,0.6969031
,1194,0,0,0.9676801
,1194,1,2,1.0
,1194,2,0,0.6973917
,1194,3,0,0.6974478
,1195,0,2,1.0
,1195,1,0,0.9676822
,1195,2,0,0.69738334
,1195,3,0,0.6985538
,1196,0,0,0.96770215
,1196,1,2,1.0
,1196,2,0,0.69735426
,1196,3,0,0.71141523
,1197,0,2,1.0
,1197,1,0,0.9131599
,1197,2,0,0.6975641
,1197,3,0,0.865996
,1198,0,0,0.9131413
,1198,1,0,0.88466716
,1198,2,0,0.69738287
,1198,3,2,0.9769395
,1199,0,0,0.88460314
,1199,1,2,1.0
,1199,2,0,0.6974479
,1199,3,0,0.90084434
,1200,0,2,1.0
,1200,1,0,0.9676742
,1200,2,0,0.6972209
,1200,3,0,0.7142109
,1201,0,0,0.9676795
,1201,1,2,1.0
,1201,2,0,0.6973684
,1201,3,0,0.6987869
,1202,0,2,1.0
,1202,1,0,0.96767986
,1202,2,0,0.69738966
,1202,3,0,0.697508
,1203,0,0,0.96767986
,1203,1,2,1.0
,1203,2,0,0.69739205
,1203,3,0,0.697401
,1204,0,2,1.0
,1204,1,0,0.96767986
,1204,2,0,0.6973915
,1204,3,0,0.69738156
,1205,0,0,0.9676795
,1205,1,2,1.0
,1205,2,0,0.69738454
,1205,3,0,0.6972533
,1206,0,2,1.0
,1206,1,0,0.96767455
,1206,2,0,0.6972883
,1206,3,0,0.6957142
,1207,0,0,0.9676024
,1207,1,2,1.0
,1207,2,0,0.69597846
,1207,3,0,0.67712563
,1208,0,2,1.0
,1208,1,0,0.90854895
,1208,2,0,0.6780262
,1208,3,1,0.5477248
,1209,0,0,0.9079144
,1209,1,0,0.7255443
,1209,2,1,0.5550436
,1209,3,3,1.0
,1210,0,0,0.7259231
,1210,1,0,0.8745211
,1210,2,3,1.0
,1210,3,0,0.6226141
,1211,0,0,0.8763901
,1211,1,2,1.0
,1211,2,0,0.62653226
,1211,3,0,0.69123036
,1212,0,2,1.0
,1212,1,0,0.9676787
,1212,2,0,0.6914175
,1212,3,0,0.69681996
,1213,0,0,0.96768
,1213,1,2,1.0
,1213,2,0,0.6968952
,1213,3,0,0.6973462
,1214,0,2,1.0
,1214,1,0,0.96767986
,1214,2,0,0.6973511
,1214,3,0,0.6973887
,1215,0,0,0.96767986
,1215,1,2,1.0
,1215,2,0,0.6973889
,1215,3,0,0.69739276
,1216,0,2,1.0
,1216,1,0,0.96767986
,1216,2,0,0.69739187
,1216,3,0,0.6974008
,1217,0,0,0.9676801
,1217,1,2,1.0
,1217,2,0,0.69739103
,1217,3,0,0.6974947
,1218,0,2,1.0
,1218,1,0,0.9676823
,1218,2,0,0.69738334
,1218,3,0,0.69862515
,1219,0,0,0.9677025
,1219,1,2,1.0
,1219,2,0,0.6973584
,1219,3,0,0.7122316
,1220,0,2,1.0
,1220,1,0,0.9073322
,1220,2,0,0.6976195
,1220,3,0,0.8757793
,1221,0,0,0.96767396
,1221,1,0,0.7147478
,1221,2,0,0.6972301
,1221,3,2,1.0
,1222,0,2,1.0
,1222,1,0,0.69884735
,1222,2,0,0.6973849
,1222,3,0,0.96767884
,1223,0,0,0.9676599
,1223,1,0,0.69768935
,1223,2,0,0.6975673
,1223,3,2,0.99999857
,1224,0,2,1.0
,1224,1,0,0.69881034
,1224,2,0,0.6988001
,1224,3,0,0.7780039
,1225,0,0,0.9675849
,1225,1,0,0.6928379
,1225,2,0,0.69283634
,1225,3,3,0.999998
,1226,0,2,1.0
,1226,1,0,0.6972148
,1226,2,0,0.6972063
,1226,3,0,0.8368703
,1227,0,0,0.9676757
,1227,1,0,0.697318
,1227,2,0,0.6972181
,1227,3,2,1.0
,1228,0,2,1.0
,1228,1,0,0.69856113
,1228,2,0,0.6973649
,1228,3,0,0.9676822
,1229,0,0,0.96770304
,1229,1,0,0.71167696
,1229,2,0,0.69735026
,1229,3,2,1.0
,1230,0,2,1.0
,1230,1,0,0.86917496
,1230,2,0,0.6975616
,1230,3,0,0.9131566
,1231,0,0,0.91314477
,1231,1,2,0.98434424
,1231,2,0,0.6974015
,1231,3,0,0.88468146
,1232,0,0,0.8846838
,1232,1,0,0.9089164
,1232,2,0,0.6973945
,1232,3,2,1.0
,1233,0,2,1.0
,1233,1,0,0.8844942
,1233,2,0,0.6974015
,1233,3,0,0.91314316
,1234,0,0,0.90733004
,1234,1,2,1.0
,1234,2,0,0.6974662
,1234,3,0,0.8846011
,1235,0,0,0.715021
,1235,1,0,0.96765435
,1235,2,0,0.697395
,1235,3,2,1.0
,1236,0,0,0.70147365
,1236,1,2,1.0
,1236,2,0,0.69876176
,1236,3,0,0.77797467
,1237,0,0,0.7080228
,1237,1,0,0.9675844
,1237,2,0,0.69289297
,1237,3,3,1.0
,1238,0,0,0.87571394
,1238,1,2,1.0
,1238,2,0,0.6972685
,1238,3,0,0.64312136
,1239,0,2,1.0
,1239,1,0,0.90804946
,1239,2,0,0.699482
,1239,3,0,0.87274915
,1240,0,0,0.95712155
,1240,1,0,0.73632216
,1240,2,0,0.72101986
,1240,3,2,0.9999808
,1241,0,2,1.0
,1241,1,0,0.62849176
,1241,2,0,0.6435101
,1241,3,0,0.85577697
,1242,0,0,0.9130632
,1242,1,0,0.6903321
,1242,2,0,0.87199324
,1242,3,2,1.0
,1243,0,0,0.8845155
,1243,1,0,0.6972877
,1243,2,2,1.0
,1243,3,0,0.9076594
,1244,0,2,1.0
,1244,1,0,0.70210135
,1244,2,0,0.7778017
,1244,3,0,0.72397023
,1245,0,0,0.92404014
,1245,1,0,0.73650557
,1245,2,3,1.0
,1245,3,0,0.79288197
,1246,0,0,0.58683723
,1246,1,0,0.54861253
,1246,2,1,0.8709178
,1246,3,2,0.9999975
,1247,0,0,0.86716706
,1247,1,0,0.6808353
,1247,2,2,1.0
,1247,3,0,0.9070242
,1248,0,2,1.0
,1248,1,0,0.7104794
,1248,2,0,0.9676954
,1248,3,0,0.7157479
,1249,0,0,0.9077998
,1249,1,0,0.87579775
,1249,2,2,1.0
,1249,3,0,0.71383727
,1250,0,0,0.7292916
,1250,1,2,1.0
,1250,2,0,0.9073097
,1250,3,0,0.8758514
,1251,0,0,0.87637645
,1251,1,0,0.9078852
,1251,2,0,0.71522176
,1251,3,2,1.0
,1252,0,2,1.0
,1252,1,0,0.7304484
,1252,2,0,0.701131
,1252,3,0,0.7776162
,1253,0,0,0.9070772
,1253,1,0,0.8745048
,1253,2,0,0.7086267
,1253,3,3,1.0
,1254,0,0,0.7160164
,1254,1,2,1.0
,1254,2,0,0.8756556
,1254,3,0,0.64294565
,1255,0,0,0.7137989
,1255,1,0,0.90735996
,1255,2,2,1.0
,1255,3,0,0.8727142
,1256,0,0,0.8755079
,1256,1,0,0.7164443
,1256,2,0,0.899027
,1256,3,2,0.99988246
,1257,0,2,1.0
,1257,1,0,0.7143583
,1257,2,1,0.52860683
,1257,3,0,0.9077264
,1258,0,0,0.91293603
,1258,1,0,0.8740372
,1258,2,3,0.9999988
,1258,3,0,0.7128436
,1259,0,0,0.88471025
,1259,1,2,1.0
,1259,2,0,0.6277281
,1259,3,0,0.71334636
,1260,0,2,1.0
,1260,1,0,0.90730685
,1260,2,0,0.70664835
,1260,3,0,0.87589777
,1261,0,0,0.90732276
,1261,1,0,0.71498424
,1261,2,0,0.87544054
,1261,3,2,1.0
,1262,0,0,0.7147371
,1262,1,0,0.698673
,1262,2,2,1.0
,1262,3,0,0.96767366
,1263,0,0,0.6988533
,1263,1,0,0.697545
,1263,2,0,0.96767974
,1263,3,2,1.0
,1264,0,0,0.6977997
,1264,1,0,0.69808406
,1264,2,2,1.0
,1264,3,0,0.9676816
,1265,0,0,0.7009063
,1265,1,0,0.7056437
,1265,2,0,0.96769524
,1265,3,2,1.0
,1266,0,0,0.7397812
,1266,1,0,0.79663795
,1266,2,2,1.0
,1266,3,0,0.9240342
,1267,0,0,0.55076635
,1267,1,2,1.0
,1267,2,0,0.59889454
,1267,3,0,0.58856416
,1268,0,0,0.68158776
,1268,1,0,0.9071002
,1268,2,2,1.0
,1268,3,0,0.8681648
,1269,0,0,0.695795
,1269,1,0,0.7146375
,1269,2,0,0.96767145
,1269,3,2,0.9998419
,1270,0,0,0.69724864
,1270,1,0,0.69882184
,1270,2,2,1.0
,1270,3,0,0.9674799
,1271,0,0,0.69737655
,1271,1,0,0.69750786
,1271,2,0,0.96767974
,1271,3,2,0.999072
,1272,0,0,0.6973913
,1272,1,0,0.69740224
,1272,2,2,1.0
,1272,3,0,0.9675585
,1273,0,0,0.69739205
,1273,1,0,0.69739294
,1273,2,0,0.96768
,1273,3,2,1.0
,1274,0,0,0.6973923
,1274,1,0,0.6973923
,1274,2,2,1.0
,1274,3,0,0.96767986
,1275,0,0,0.6973923
,1275,1,0,0.6973923
,1275,2,0,0.96768
,1275,3,2,1.0
,1276,0,0,0.6973923
,1276,1,0,0.6973923
,1276,2,2,1.0
,1276,3,0,0.96767986
,1277,0,0,0.6973923
,1277,1,0,0.6973923
,1277,2,0,0.96768
,1277,3,2,1.0
,1278,0,0,0.6973923
,1278,1,0,0.6973923
,1278,2,2,1.0
,1278,3,0,0.96767986
,1279,0,0,0.69739294
,1279,1,0,0.6973923
,1279,2,0,0.96768
,1279,3,2,1.0
,1280,0,0,0.6974008
,1280,1,0,0.69739217
,1280,2,2,1.0
,1280,3,0,0.96767986
,1281,0,0,0.6974947
,1281,1,0,0.6973911
,1281,2,0,0.96768
,1281,3,2,1.0
,1282,0,0,0.69862485
,1282,1,0,0.6973841
,1282,2,2,1.0
,1282,3,0,0.9676823
,1283,0,0,0.71222794
,1283,1,0,0.6973666
,1283,2,0,0.96770215
,1283,3,2,1.0
,1284,0,0,0.8757234
,1284,1,0,0.69770527
,1284,2,2,1.0
,1284,3,0,0.898937
,1285,0,2,1.0
,1285,1,0,0.69769394
,1285,2,0,0.9079628
,1285,3,1,0.5295412
,1286,0,0,0.96766627
,1286,1,0,0.6971652
,1286,2,0,0.72791904
,1286,3,3,0.999274
,1287,0,2,1.0
,1287,1,0,0.7122973
,1287,2,0,0.87659013
,1287,3,0,0.62817335
,1288,0,0,0.9073044
,1288,1,0,0.87581813
,1288,2,2,1.0
,1288,3,0,0.70662993
,1289,0,0,0.715027
,1289,1,2,1.0
,1289,2,0,0.9131452
,1289,3,0,0.8755222
,1290,0,0,0.7001286
,1290,1,0,0.9073559
,1290,2,0,0.88460535
,1290,3,2,1.0
,1291,0,0,0.71218455
,1291,1,0,0.71590877
,1291,2,2,1.0
,1291,3,0,0.9676991
,1292,0,0,0.87586594
,1292,1,0,0.7138516
,1292,2,0,0.9073101
,1292,3,2,1.0
,1293,0,2,1.0
,1293,1,0,0.8757588
,1293,2,0,0.714987
,1293,3,0,0.90732485
,1294,0,0,0.9676728
,1294,1,2,1.0
,1294,2,0,0.6987364
,1294,3,0,0.7148016
,1295,0,2,1.0
,1295,1,0,0.9676252
,1295,2,0,0.6982781
,1295,3,0,0.6996177
,1296,0,0,0.9105315
,1296,1,2,0.99993706
,1296,2,0,0.70533174
,1296,3,0,0.7054422
,1297,0,0,0.740605
,1297,1,2,1.0
,1297,2,0,0.72405106
,1297,3,0,0.7240599
,1298,0,2,0.56230867
,1298,1,0,1.0
,1298,2,0,1.0
,1298,3,0,1.0
,1299,0,0,0.90983504
,1299,1,2,1.0
,1299,2,0,0.7208975
,1299,3,0,0.7208968
,1300,0,2,1.0
,1300,1,0,0.96767604
,1300,2,0,0.6992309
,1300,3,0,0.69922215
,1301,0,0,0.96768
,1301,1,2,1.0
,1301,2,0,0.69764346
,1301,3,0,0.69753975
,1302,0,2,1.0
,1302,1,0,0.9676823
,1302,2,0,0.69863766
,1302,3,0,0.69739527
,1303,0,0,0.96770304
,1303,1,2,1.0
,1303,2,0,0.71223724
,1303,3,0,0.6973559
,1304,0,2,1.0
,1304,1,0,0.9131483
,1304,2,0,0.8758568
,1304,3,0,0.6975989
,1305,0,0,0.8990465
,1305,1,0,0.8843544
,1305,2,2,1.0
,1305,3,0,0.6977534
,1306,0,1,0.52811617
,1306,1,2,1.0
,1306,2,0,0.90782034
,1306,3,0,0.69811845
,1307,0,3,1.0
,1307,1,0,0.96750164
,1307,2,0,0.7116796
,1307,3,0,0.6939913
,1308,0,1,0.6258109
,1308,1,2,1.0
,1308,2,0,0.7034072
,1308,3,0,0.70194083
,1309,0,3,1.0
,1309,1,0,0.8478758
,1309,2,0,0.742145
,1309,3,0,0.74201906
,1310,0,1,0.83583534
,1310,1,3,1.0
,1310,2,0,0.5961709
,1310,3,0,0.5959996
,1311,0,2,0.9999994
,1311,1,1,0.7386119
,1311,2,0,0.53008926
,1311,3,0,0.52859694
,1312,0,0,0.9675549
,1312,1,2,1.0
,1312,2,0,0.6929847
,1312,3,0,0.6775634
,1313,0,2,1.0
,1313,1,0,0.9073331
,1313,2,0,0.8748764
,1313,3,0,0.6958937
,1314,0,0,0.9676538
,1314,1,0,0.71491563
,1314,2,2,1.0
,1314,3,0,0.69725853
,1315,0,2,1.0
,1315,1,0,0.70024204
,1315,2,0,0.7780039
,1315,3,0,0.6987671
,1316,0,0,0.9675846
,1316,1,0,0.6930395
,1316,2,3,1.0
,1316,3,0,0.69286555
,1317,0,2,1.0
,1317,1,0,0.69820404
,1317,2,0,0.8367906
,1317,3,0,0.69760615
,1318,0,0,0.77764255
,1318,1,0,0.70838505
,1318,2,2,1.0
,1318,3,0,0.7013505
,1319,0,3,1.0
,1319,1,0,0.8122685
,1319,2,0,0.9271778
,1319,3,0,0.72817856
,1320,0,1,0.87835205
,1320,1,2,1.0
,1320,2,0,0.81280994
,1320,3,0,0.5812646
,1321,0,0,0.64822704
,1321,1,0,0.96762705
,1321,2,2,0.9843199
,1321,3,0,0.68549347
,1322,0,0,0.7080997
,1322,1,2,1.0
,1322,2,0,0.96565044
,1322,3,0,0.69637775
,1323,0,0,0.87533003
,1323,1,0,0.899072
,1323,2,2,1.0
,1323,3,0,0.69785076
,1324,0,2,1.0
,1324,1,1,0.5278263
,1324,2,0,0.9083993
,1324,3,0,0.69829905
,1325,0,0,0.77719104
,1325,1,3,1.0
,1325,2,0,0.72676307
,1325,3,0,0.6944141
,1326,0,3,1.0
,1326,1,0,0.6200906
,1326,2,0,0.87425643
,1326,3,0,0.69294155
,1327,0,0,0.8364978
,1327,1,0,0.6706532
,1327,2,2,1.0
,1327,3,0,0.69775784
,1328,0,2,1.0
,1328,1,1,0.54958093
,1328,2,0,0.9094263
,1328,3,0,0.7020425
,1329,0,0,0.85206074
,1329,1,3,1.0
,1329,2,0,0.7577094
,1329,3,0,0.7402432
,1330,0,3,1.0
,1330,1,1,0.9846543
,1330,2,0,0.5546781
,1330,3,0,0.5346054
,1331,0,0,0.63444865
,1331,1,3,1.0
,1331,2,0,0.8641526
,1331,3,0,0.67513883
,1332,0,0,0.8722884
,1332,1,0,0.6278118
,1332,2,2,1.0
,1332,3,0,0.6955202
,1333,0,2,0.9999844
,1333,1,0,0.7064165
,1333,2,0,0.9677017
,1333,3,0,0.6971302
,1334,0,0,0.9131523
,1334,1,0,0.8756089
,1334,2,2,1.0
,1334,3,0,0.6975448
,1335,0,0,0.884682
,1335,1,2,1.0
,1335,2,0,0.91314477
,1335,3,0,0.6974012
,1336,0,2,1.0
,1336,1,0,0.913145
,1336,2,0,0.8846838
,1336,3,0,0.69739425
,1337,0,0,0.91314334
,1337,1,0,0.8846818
,1337,2,2,1.0
,1337,3,0,0.6973989
,1338,0,0,0.8846111
,1338,1,2,1.0
,1338,2,0,0.9078106
,1338,3,0,0.6974395
,1339,0,2,1.0
,1339,1,0,0.9676974
,1339,2,0,0.72907543
,1339,3,0,0.6971804
,1340,0,0,0.913154
,1340,1,2,1.0
,1340,2,0,0.87660474
,1340,3,0,0.6975435
,1341,0,0,0.8846097
,1341,1,0,0.9078103
,1341,2,2,1.0
,1341,3,0,0.6974477
,1342,0,2,1.0
,1342,1,0,0.72907484
,1342,2,0,0.96769726
,1342,3,0,0.6971836
,1343,0,0,0.9131477
,1343,1,0,0.8765978
,1343,2,2,1.0
,1343,3,0,0.6975742
,1344,0,0,0.88435566
,1344,1,2,1.0
,1344,2,0,0.8990435
,1344,3,0,0.69774354
,1345,0,2,1.0
,1345,1,0,0.9082831
,1345,2,1,0.5281896
,1345,3,0,0.6980309
,1346,0,0,0.96759856
,1346,1,0,0.7255714
,1346,2,3,1.0
,1346,3,0,0.6933777
,1347,0,2,1.0
,1347,1,0,0.87649095
,1347,2,0,0.6431214
,1347,3,0,0.6971577
,1348,0,0,0.9073577
,1348,1,2,1.0
,1348,2,0,0.8726866
,1348,3,0,0.6975961
,1349,0,0,0.7155461
,1349,1,0,0.9676559
,1349,2,2,0.9999993
,1349,3,0,0.69770044
,1350,0,0,0.7081328
,1350,1,2,1.0
,1350,2,0,0.7778913
,1350,3,0,0.7024937
,1351,0,0,0.78843796
,1351,1,0,0.91615236
,1351,2,3,1.0
,1351,3,0,0.73809654
,1352,0,2,1.0
,1352,1,1,0.6827991
,1352,2,1,0.9535135
,1352,3,0,0.5476948
,1353,0,0,0.9499005
,1353,1,3,1.0
,1353,2,0,0.69110143
,1353,3,0,0.71081746
,1354,0,2,1.0
,1354,1,1,0.8742754
,1354,2,0,0.8000099
,1354,3,0,0.5888872
,1355,0,0,0.94182765
,1355,1,0,0.69588083
,1355,2,2,0.9854515
,1355,3,0,0.7314466
,1356,0,2,1.0
,1356,1,0,0.5464297
,1356,2,1,0.8537199
,1356,3,0,0.5503524
,1357,0,0,0.8471048
,1357,1,0,0.71887594
,1357,2,3,1.0
,1357,3,0,0.71918285
,1358,0,3,1.0
,1358,1,0,0.54384404
,1358,2,1,0.7398773
,1358,3,0,0.5438389
,1359,0,1,0.6330248
,1359,1,0,0.6789771
,1359,2,2,1.0
,1359,3,0,0.67857176
,1360,0,3,1.0
,1360,1,0,0.701341
,1360,2,0,0.77725154
,1360,3,0,0.69661826
,1361,0,0,0.6703688
,1361,1,0,0.7918674
,1361,2,3,1.0
,1361,3,0,0.73593843
,1362,0,0,0.5422797
,1362,1,2,1.0
,1362,2,1,0.8704528
,1362,3,0,0.54948723
,1363,0,0,0.6782017
,1363,1,0,0.96751606
,1363,2,2,1.0
,1363,3,0,0.678826
,1364,0,0,0.6955925
,1364,1,2,1.0
,1364,2,0,0.9676754
,1364,3,0,0.6957906
,1365,0,0,0.6961938
,1365,1,0,0.9676178
,1365,2,2,1.0
,1365,3,0,0.6979529
,1366,0,0,0.68254465
,1366,1,2,1.0
,1366,2,0,0.91040075
,1366,3,0,0.70355475
,1367,0,1,0.57024413
,1367,1,2,1.0
,1367,2,0,0.7128082
,1367,3,0,0.67966855
,1368,0,3,1.0
,1368,1,0,0.8987317
,1368,2,0,0.87319845
,1368,3,0,0.6922217
,1369,0,0,0.6298814
,1369,1,1,0.5288369
,1369,2,2,1.0
,1369,3,0,0.7001578
,1370,0,0,0.72096354
,1370,1,3,1.0
,1370,2,0,0.94936776
,1370,3,0,0.7285572
,1371,0,0,0.5598906
,1371,1,1,0.7078168
,1371,2,2,1.0
,1371,3,0,0.58419377
,1372,0,1,0.5665442
,1372,1,2,1.0
,1372,2,0,0.9074518
,1372,3,0,0.6829298
,1373,0,3,1.0
,1373,1,0,0.96759313
,1373,2,0,0.710676
,1373,3,0,0.691825
,1374,0,0,0.8368775
,1374,1,2,1.0
,1374,2,0,0.69725865
,1374,3,0,0.69714314
,1375,0,2,1.0
,1375,1,0,0.9676884
,1375,2,0,0.6800205
,1375,3,0,0.6975031
,1376,0,0,0.9085505
,1376,1,2,1.0
,1376,2,1,0.50976
,1376,3,0,0.70120263
,1377,0,0,0.7496481
,1377,1,0,0.9501851
,1377,2,3,0.90271485
,1377,3,0,0.74057543
,1378,0,0,0.6362436
,1378,1,2,0.995992
,1378,2,1,0.7942374
,1378,3,0,0.7178914
,1379,0,0,0.55348784
,1379,1,0,0.54447055
,1379,2,0,0.75306576
,1379,3,2,1.0
,1380,0,0,0.69739205
,1380,1,0,0.68156016
,1380,2,2,1.0
,1380,3,0,0.967622
,1381,0,0,0.87510824
,1381,1,0,0.69748265
,1381,2,0,0.9073659
,1381,3,2,1.0
,1382,0,2,1.0
,1382,1,0,0.7119642
,1382,2,0,0.71590453
,1382,3,0,0.96769893
,1383,0,0,0.9073104
,1383,1,0,0.8758561
,1383,2,0,0.71385103
,1383,3,2,1.0
,1384,0,0,0.71499616
,1384,1,2,1.0
,1384,2,0,0.8757572
,1384,3,0,0.907329
,1385,0,0,0.69883484
,1385,1,0,0.96765345
,1385,2,2,1.0
,1385,3,0,0.7149087
,1386,0,0,0.69876486
,1386,1,2,1.0
,1386,2,0,0.77801466
,1386,3,0,0.70025027
,1387,0,0,0.69118893
,1387,1,0,0.9675629
,1387,2,3,1.0
,1387,3,0,0.6930649
,1388,0,0,0.67696446
,1388,1,2,1.0
,1388,2,1,0.62619054
,1388,3,0,0.69792837
,1389,0,1,0.54882276
,1389,1,0,0.9034732
,1389,2,3,0.997421
,1389,3,0,0.70188034
,1390,0,3,1.0
,1390,1,0,0.5807157
,1390,2,0,0.68267196
,1390,3,0,0.73991776
,1391,0,1,0.8712911
,1391,1,3,1.0
,1391,2,0,0.66610646
,1391,3,0,0.59644836
,1392,0,1,0.5156817
,1392,1,1,0.7318897
,1392,2,2,1.0
,1392,3,0,0.5376238
,1393,0,0,0.65301293
,1393,1,2,1.0
,1393,2,0,0.9674641
,1393,3,0,0.6790625
,1394,0,1,0.551312
,1394,1,0,0.90833586
,1394,2,2,1.0
,1394,3,0,0.6997275
,1395,0,3,1.0
,1395,1,0,0.7267896
,1395,2,0,0.94716996
,1395,3,0,0.7309314
,1396,0,1,0.88263136
,1396,1,1,0.67365956
,1396,2,2,1.0
,1396,3,0,0.57328033
,1397,0,0,0.6169505
,1397,1,3,1.0
,1397,2,0,0.9673822
,1397,3,0,0.6783186
,1398,0,1,0.5554612
,1398,1,0,0.64370924
,1398,2,2,1.0
,1398,3,0,0.69625723
,1399,0,3,1.0
,1399,1,0,0.8707127
,1399,2,0,0.89880025
,1399,3,0,0.69452095
,1400,0,0,0.64360535
,1400,1,2,1.0
,1400,2,1,0.5289703
,1400,3,0,0.6975498
,1401,0,0,0.8710667
,1401,1,0,0.90712833
,1401,2,3,1.0
,1401,3,0,0.69550407
,1402,0,2,0.9999995
,1402,1,0,0.71609807
,1402,2,0,0.8368247
,1402,3,0,0.7120278
,1403,0,0,0.9073003
,1403,1,0,0.7137314
,1403,2,2,0.9998386
,1403,3,0,0.87578416
,1404,0,0,0.7149661
,1404,1,0,0.875761
,1404,2,0,0.90776753
,1404,3,2,1.0
,1405,0,0,0.6986177
,1405,1,2,1.0
,1405,2,0,0.7290577
,1405,3,0,0.96769696
,1406,0,0,0.69752455
,1406,1,0,0.9131536
,1406,2,0,0.876602
,1406,3,2,1.0
,1407,0,0,0.6957759
,1407,1,0,0.8845823
,1407,2,2,1.0
,1407,3,0,0.90733415
,1408,0,0,0.6767799
,1408,1,2,1.0
,1408,2,0,0.96760756
,1408,3,0,0.7149729
,1409,0,1,0.54934555
,1409,1,0,0.9136198
,1409,2,2,1.0
,1409,3,0,0.6995763
,1410,0,3,1.0
,1410,1,0,0.88263243
,1410,2,0,0.89885145
,1410,3,0,0.6945392
,1411,0,0,0.60486346
,1411,1,2,1.0
,1411,2,1,0.52727187
,1411,3,0,0.69855505
,1412,0,1,0.56030893
,1412,1,0,0.90944844
,1412,2,3,1.0
,1412,3,0,0.6979498
,1413,0,3,1.0
,1413,1,0,0.76163465
,1413,2,1,0.51940554
,1413,3,0,0.73962146
,1414,0,1,0.8817123
,1414,1,0,0.66974175
,1414,2,3,1.0
,1414,3,0,0.5990068
,1415,0,1,0.75092226
,1415,1,2,1.0
,1415,2,1,0.88976985
,1415,3,0,0.5361875
,1416,0,3,1.0
,1416,1,0,0.9499715
,1416,2,0,0.6969894
,1416,3,0,0.7097874
,1417,0,1,0.8681239
,1417,1,2,1.0
,1417,2,0,0.8078153
,1417,3,0,0.58467126
,1418,0,0,0.8489874
,1418,1,0,0.91305435
,1418,2,2,1.0
,1418,3,0,0.6863431
,1419,0,2,1.0
,1419,1,0,0.8846436
,1419,2,0,0.91313887
,1419,3,0,0.6964107
,1420,0,0,0.90733033
,1420,1,2,1.0
,1420,2,0,0.8846005
,1420,3,0,0.69740474
,1421,0,0,0.7150333
,1421,1,0,0.96765447
,1421,2,2,1.0
,1421,3,0,0.697658
,1422,0,0,0.70162857
,1422,1,2,1.0
,1422,2,0,0.778033
,1422,3,0,0.7019971
,1423,0,0,0.7093596
,1423,1,0,0.94709796
,1423,2,3,1.0
,1423,3,0,0.73106
,1424,0,1,0.6745428
,1424,1,2,1.0
,1424,2,1,0.8866339
,1424,3,0,0.57857335
,1425,0,3,1.0
,1425,1,0,0.9261578
,1425,2,0,0.50935143
,1425,3,0,0.7299577
,1426,0,1,0.9767465
,1426,1,0,0.6084388
,1426,2,3,1.0
,1426,3,0,0.586835
,1427,0,3,1.0
,1427,1,0,0.6049306
,1427,2,1,0.85215163
,1427,3,0,0.6020695
,1428,0,1,0.99878776
,1428,1,0,0.57976824
,1428,2,3,1.0
,1428,3,0,0.5741046
,1429,0,3,1.0
,1429,1,0,0.61920774
,1429,2,1,0.94901043
,1429,3,0,0.56983185
,1430,0,1,0.99925464
,1430,1,2,0.9999999
,1430,2,1,0.5427544
,1430,3,0,0.5154739
,1431,0,3,1.0
,1431,1,0,0.9396543
,1431,2,0,0.71627736
,1431,3,0,0.7223328
,1432,0,1,0.99395806
,1432,1,2,1.0
,1432,2,0,0.5354443
,1432,3,0,0.5527445
,1433,0,3,1.0
,1433,1,0,0.9070099
,1433,2,0,0.69062096
,1433,3,0,0.86399454
,1434,0,0,0.6295847
,1434,1,0,0.72182214
,1434,2,0,0.8747385
,1434,3,2,1.0
,1435,0,0,0.7273692
,1435,1,0,0.78645664
,1435,2,2,1.0
,1435,3,0,0.92698306
,1436,0,1,0.59823513
,1436,1,2,1.0
,1436,2,1,0.81819546
,1436,3,0,0.6145238
,1437,0,3,1.0
,1437,1,1,0.6386516
,1437,2,0,0.58216625
,1437,3,0,0.57455367
,1438,0,1,0.9357292
,1438,1,0,0.54865855
,1438,2,2,1.0
,1438,3,0,0.54564106
,1439,0,2,1.0
,1439,1,0,0.5163484
,1439,2,1,0.68905044
,1439,3,1,0.72495335
,1440,0,0,0.92255086
,1440,1,0,0.7208691
,1440,2,0,0.68633443
,1440,3,3,1.0
,1441,0,0,0.66705817
,1441,1,0,0.7066799
,1441,2,2,0.6674528
,1441,3,1,0.8579669
,1442,0,0,0.78825593
,1442,1,2,1.0
,1442,2,1,0.5834335
,1442,3,1,0.50041866
,1443,0,2,1.0
,1443,1,0,0.9071545
,1443,2,0,0.861242
,1443,3,0,0.6936607
,1444,0,0,0.90764123
,1444,1,0,0.7151453
,1444,2,2,1.0
,1444,3,0,0.8748355
,1445,0,0,0.7241327
,1445,1,0,0.7015872
,1445,2,0,0.95729226
,1445,3,2,1.0
,1446,0,0,0.8149465
,1446,1,0,0.7325248
,1446,2,2,0.9460251
,1446,3,0,0.92078984
,1447,0,2,1.0
,1447,1,0,0.5803487
,1447,2,0,0.7585774
,1447,3,0,0.60026205
,1448,0,0,0.7779583
,1448,1,0,0.68692267
,1448,2,2,0.9999373
,1448,3,0,0.6880435
,1449,0,3,1.0
,1449,1,0,0.70227075
,1449,2,0,0.7771346
,1449,3,0,0.69591254
,1450,0,0,0.6620987
,1450,1,0,0.8070323
,1450,2,3,1.0
,1450,3,0,0.73013335
,1451,0,0,0.5567735
,1451,1,2,1.0
,1451,2,1,0.953456
,1451,3,0,0.5813968
,1452,0,0,0.5438409
,1452,1,0,0.92520034
,1452,2,3,1.0
,1452,3,0,0.7270138
,1453,0,3,1.0
,1453,1,0,0.6180292
,1453,2,1,0.93541473
,1453,3,0,0.5965875
,1454,0,1,0.95940423
,1454,1,0,0.5310353
,1454,2,3,1.0
,1454,3,0,0.52881026
,1455,0,3,1.0
,1455,1,0,0.7158597
,1455,2,1,0.52437466
,1455,3,0,0.7172865
,1456,0,1,0.9582676
,1456,1,0,0.53236806
,1456,2,3,1.0
,1456,3,0,0.55024725
,1457,0,3,1.0
,1457,1,0,0.53829736
,1457,2,0,0.67582834
,1457,3,0,0.7228749
,1458,0,1,0.88192594
,1458,1,3,1.0
,1458,2,0,0.6600242
,1458,3,0,0.59677637
,1459,0,1,0.74992967
,1459,1,1,0.8896866
,1459,2,2,1.0
,1459,3,0,0.5379743
,1460,0,3,1.0
,1460,1,0,0.69153744
,1460,2,0,0.8471794
,1460,3,0,0.72407705
,1461,0,1,0.83491105
,1461,1,0,0.6039989
,1461,2,3,1.0
,1461,3,0,0.5988789
,1462,0,2,0.9999441
,1462,1,0,0.65901077
,1462,2,1,0.86035806
,1462,3,0,0.5779085
,1463,0,0,0.56270087
,1463,1,2,1.0
,1463,2,0,0.7421618
,1463,3,0,0.538068
,1464,0,0,0.86748356
,1464,1,0,0.9076364
,1464,2,2,1.0
,1464,3,0,0.6812483
,1465,0,2,1.0
,1465,1,0,0.7289802
,1465,2,0,0.9676945
,1465,3,0,0.6957574
,1466,0,0,0.90665764
,1466,1,0,0.87649786
,1466,2,2,1.0
,1466,3,0,0.6975329
,1467,0,0,0.6949972
,1467,1,2,1.0
,1467,2,0,0.96760684
,1467,3,0,0.6977267
,1468,0,1,0.5473455
,1468,1,0,0.9114113
,1468,2,2,1.0
,1468,3,0,0.70141786
,1469,0,3,1.0
,1469,1,0,0.8167989
,1469,2,0,0.9137803
,1469,3,0,0.7322263
,1470,0,1,0.8828539
,1470,1,2,1.0
,1470,2,1,0.6603995
,1470,3,0,0.5691798
,1471,0,0,0.6554258
,1471,1,0,0.96747905
,1471,2,3,1.0
,1471,3,0,0.6777693
,1472,0,0,0.8733569
,1472,1,2,1.0
,1472,2,0,0.6430713
,1472,3,0,0.69580144
,1473,0,2,1.0
,1473,1,0,0.90781915
,1473,2,0,0.8726929
,1473,3,0,0.6974376
,1474,0,0,0.9676949
,1474,1,0,0.7290465
,1474,2,2,0.99999905
,1474,3,0,0.69728446
,1475,0,2,0.9999995
,1475,1,0,0.8762764
,1475,2,0,0.8990334
,1475,3,0,0.6988459
,1476,0,0,0.90849936
,1476,1,2,1.0
,1476,2,1,0.5286831
,1476,3,0,0.7097453
,1477,0,0,0.7348634
,1477,1,0,0.91637063
,1477,2,3,1.0
,1477,3,0,0.83607817
,1478,0,0,0.6311697
,1478,1,0,0.64904106
,1478,2,1,0.9138066
,1478,3,2,1.0
,1479,0,0,0.7260918
,1479,1,0,0.72734034
,1479,2,3,1.0
,1479,3,0,0.8383107
,1480,0,0,0.61026114
,1480,1,0,0.60857326
,1480,2,1,0.6549016
,1480,3,3,1.0
,1481,0,0,0.5783615
,1481,1,0,0.56061333
,1481,2,2,1.0
,1481,3,1,0.541046
,1482,0,0,0.8679012
,1482,1,0,0.68248004
,1482,2,0,0.9129347
,1482,3,2,1.0
,1483,0,2,1.0
,1483,1,0,0.6965027
,1483,2,0,0.88430506
,1483,3,0,0.8990375
,1484,0,0,0.9077844
,1484,1,0,0.69917405
,1484,2,2,1.0
,1484,3,1,0.52819204
,1485,0,0,0.7110872
,1485,1,0,0.7083784
,1485,2,0,0.9675988
,1485,3,3,1.0
,1486,0,0,0.698628
,1486,1,0,0.87573177
,1486,2,2,1.0
,1486,3,0,0.6431286
,1487,0,0,0.697635
,1487,1,2,1.0
,1487,2,0,0.91315216
,1487,3,0,0.87277395
,1488,0,0,0.6975622
,1488,1,0,0.9073191
,1488,2,0,0.88459903
,1488,3,2,1.0
,1489,0,0,0.69845366
,1489,1,0,0.7147408
,1489,2,2,1.0
,1489,3,0,0.9676765
,1490,0,0,0.71221346
,1490,1,0,0.6987923
,1490,2,0,0.9677028
,1490,3,2,1.0
,1491,0,0,0.87586164
,1491,1,0,0.697692
,1491,2,2,1.0
,1491,3,0,0.913154
,1492,0,2,1.0
,1492,1,0,0.6975117
,1492,2,0,0.9066482
,1492,3,0,0.8845831
,1493,0,0,0.96760374
,1493,1,0,0.6975323
,1493,2,0,0.6950588
,1493,3,2,1.0
,1494,0,2,1.0
,1494,1,0,0.69893205
,1494,2,1,0.5467353
,1494,3,0,0.9075934
,1495,0,0,0.77843636
,1495,1,0,0.698935
,1495,2,3,1.0
,1495,3,0,0.7021311
,1496,0,3,1.0
,1496,1,0,0.737254
,1496,2,0,0.6460567
,1496,3,0,0.56343126
,1497,0,1,0.8932538
,1497,1,0,0.56235534
,1497,2,1,0.7067744
,1497,3,3,1.0
,1498,0,0,0.6379365
,1498,1,0,0.8640442
,1498,2,3,1.0
,1498,3,0,0.5950696
,1499,0,0,0.682926
,1499,1,2,1.0
,1499,2,0,0.62970346
,1499,3,1,0.5566385
,1500,0,0,0.5707921
,1500,1,0,0.924964
,1500,2,0,0.7133631
,1500,3,3,1.0
,1501,0,3,1.0
,1501,1,0,0.5601623
,1501,2,1,0.70894796
,1501,3,1,0.95673084
,1502,0,0,0.6698228
,1502,1,0,0.72616667
,1502,2,3,1.0
,1502,3,0,0.73384386
,1503,0,0,0.52764165
,1503,1,0,0.551875
,1503,2,1,0.9524672
,1503,3,2,0.9999994
,1504,0,0,0.67715955
,1504,1,0,0.8653476
,1504,2,2,1.0
,1504,3,0,0.9128003
,1505,0,0,0.6955692
,1505,1,2,1.0
,1505,2,0,0.9131345
,1505,3,0,0.8845968
,1506,0,0,0.6973161
,1506,1,0,0.9073285
,1506,2,0,0.88459945
,1506,3,2,1.0
,1507,0,0,0.69744503
,1507,1,0,0.71498066
,1507,2,2,1.0
,1507,3,0,0.9676525
,1508,0,0,0.69944966
,1508,1,0,0.70090884
,1508,2,0,0.7783297
,1508,3,2,1.0
,1509,0,0,0.69819415
,1509,1,0,0.69831645
,1509,2,3,1.0
,1509,3,0,0.77778417
,1510,0,0,0.7394558
,1510,1,0,0.7394651
,1510,2,1,0.5064411
,1510,3,3,1.0
,1511,0,0,0.53064114
,1511,1,0,0.5306411
,1511,2,3,1.0
,1511,3,1,0.95550853
,1512,0,0,0.67800033
,1512,1,0,0.67798924
,1512,2,0,0.83301413
,1512,3,2,1.0
,1513,0,0,0.7004886
,1513,1,0,0.70035875
,1513,2,2,1.0
,1513,3,0,0.7778322
,1514,0,0,0.737198
,1514,1,0,0.73564994
,1514,2,0,0.9430999
,1514,3,3,1.0
,1515,0,0,0.56900245
,1515,1,0,0.55105036
,1515,2,2,1.0
,1515,3,1,0.8680533
,1516,0,0,0.8664039
,1516,1,0,0.67990315
,1516,2,0,0.9070006
,1516,3,2,1.0
,1517,0,2,0.99999976
,1517,1,0,0.6957774
,1517,2,0,0.7147482
,1517,3,0,0.96767145
,1518,0,0,0.9677028
,1518,1,0,0.69925535
,1518,2,0,0.70082027
,1518,3,2,1.0
,1519,0,2,0.999992
,1519,1,0,0.7224584
,1519,2,0,0.7224216
,1519,3,0,0.9579627
,1520,0,0,0.50650275
,1520,1,0,0.68070245
,1520,2,0,0.6787969
,1520,3,2,1.0
,1521,0,3,1.0
,1521,1,0,0.61265653
,1521,2,0,0.59272623
,1521,3,0,0.60189503
,1522,0,1,0.7313801
,1522,1,0,0.5883624
,1522,2,1,0.60069317
,1522,3,3,1.0
,1523,0,1,0.51380956
,1523,1,0,0.52170926
,1523,2,3,1.0
,1523,3,1,0.9599236
,1524,0,0,0.6720984
,1524,1,0,0.67497814
,1524,2,0,0.83132017
,1524,3,3,1.0
,1525,0,0,0.701083
,1525,1,0,0.6996093
,1525,2,2,1.0
,1525,3,1,0.62619406
,1526,0,0,0.7573552
,1526,1,0,0.73684746
,1526,2,0,0.8469896
,1526,3,3,1.0
,1527,0,0,0.78394324
,1527,1,0,0.5457529
,1527,2,3,1.0
,1527,3,1,0.8856302
,1528,0,2,1.0
,1528,1,0,0.6824369
,1528,2,0,0.6407395
,1528,3,0,0.84789103
,1529,0,0,0.90733254
,1529,1,0,0.6962739
,1529,2,0,0.872542
,1529,3,2,1.0
,1530,0,0,0.7149382
,1530,1,0,0.69731313
,1530,2,2,1.0
,1530,3,0,0.9676523
,1531,0,0,0.7005206
,1531,1,0,0.6990443
,1531,2,0,0.77829
,1531,3,2,1.0
,1532,0,0,0.69401336
,1532,1,0,0.69378424
,1532,2,3,1.0
,1532,3,0,0.77703446
,1533,0,0,0.6942243
,1533,1,0,0.69296587
,1533,2,0,0.8343516
,1533,3,3,1.0
,1534,0,0,0.71191925
,1534,1,0,0.6970813
,1534,2,2,1.0
,1534,3,0,0.8368943
,1535,0,0,0.8755367
,1535,1,0,0.6979316
,1535,2,0,0.9080314
,1535,3,2,1.0
,1536,0,2,1.0
,1536,1,0,0.70146334
,1536,2,0,0.73376006
,1536,3,0,0.90901405
,1537,0,2,1.0
,1537,1,0,0.68423784
,1537,2,0,0.86937267
,1537,3,0,0.70046747
,1538,0,0,0.9676019
,1538,1,0,0.6965295
,1538,2,2,1.0
,1538,3,0,0.6769377
,1539,0,2,1.0
,1539,1,0,0.7032429
,1539,2,0,0.9092025
,1539,3,1,0.5491999
,1540,0,0,0.94346553
,1540,1,0,0.7562342
,1540,2,0,0.7534889
,1540,3,3,1.0
,1541,0,2,1.0
,1541,1,0,0.78791136
,1541,2,0,0.57114863
,1541,3,1,0.95076025
,1542,0,0,0.9130108
,1542,1,2,1.0
,1542,2,0,0.86828226
,1542,3,0,0.64072675
,1543,0,0,0.88457453
,1543,1,0,0.9073188
,1543,2,2,1.0
,1543,3,0,0.69253355
,1544,0,2,1.0
,1544,1,0,0.7147826
,1544,2,0,0.9676691
,1544,3,0,0.695129
,1545,0,0,0.9676118
,1545,1,0,0.69907755
,1545,2,2,1.0
,1545,3,0,0.6769348
,1546,0,2,1.0
,1546,1,0,0.6983581
,1546,2,0,0.9082895
,1546,3,1,0.5489793
,1547,0,0,0.96759796
,1547,1,0,0.6935819
,1547,2,0,0.7256311
,1547,3,3,1.0
,1548,0,2,1.0
,1548,1,0,0.698433
,1548,2,0,0.8764129
,1548,3,0,0.626578
,1549,0,0,0.9677018
,1549,1,0,0.7121641
,1549,2,2,1.0
,1549,3,0,0.69138026
,1550,0,2,1.0
,1550,1,0,0.87586355
,1550,2,0,0.9131565
,1550,3,0,0.6970655
,1551,0,0,0.91314477
,1551,1,2,1.0
,1551,2,0,0.88468236
,1551,3,0,0.6973707
,1552,0,0,0.88468236
,1552,1,0,0.9131433
,1552,2,2,1.0
,1552,3,0,0.6974997
,1553,0,2,1.0
,1553,1,0,0.8846115
,1553,2,0,0.9073164
,1553,3,0,0.69868237
,1554,0,0,0.9676965
,1554,1,2,0.9999993
,1554,2,0,0.71473473
,1554,3,0,0.7120603
,1555,0,2,1.0
,1555,1,0,0.90740573
,1555,2,0,0.6992426
,1555,3,0,0.87568843
,1556,0,0,0.7779977
,1556,1,0,0.71609885
,1556,2,0,0.6987491
,1556,3,2,1.0
,1557,0,3,1.0
,1557,1,0,0.69426286
,1557,2,0,0.6927954
,1557,3,0,0.9675839
,1558,0,0,0.83686924
,1558,1,0,0.69732445
,1558,2,0,0.69720197
,1558,3,2,1.0
,1559,0,2,1.0
,1559,1,0,0.6972293
,1559,2,0,0.69721913
,1559,3,0,0.9676755
,1560,0,0,0.96767974
,1560,1,0,0.6973767
,1560,2,0,0.6973757
,1560,3,2,1.0
,1561,0,2,1.0
,1561,1,0,0.69740754
,1561,2,0,0.6974068
,1561,3,0,0.9676795
,1562,0,0,0.9676599
,1562,1,0,0.6975782
,1562,2,0,0.69756943
,1562,3,2,1.0
,1563,0,2,1.0
,1563,1,0,0.69890267
,1563,2,0,0.69879794
,1563,3,0,0.77800107
,1564,0,0,0.96758723
,1564,1,0,0.6940832
,1564,2,0,0.69283074
,1564,3,3,1.0
,1565,0,2,0.99999976
,1565,1,0,0.7120534
,1565,2,0,0.6971656
,1565,3,0,0.83698636
,1566,0,0,0.90781343
,1566,1,0,0.87570494
,1566,2,0,0.6974509
,1566,3,2,1.0
,1567,0,0,0.72906786
,1567,1,2,1.0
,1567,2,0,0.6971734
,1567,3,0,0.96769714
,1568,0,0,0.8766036
,1568,1,0,0.91315335
,1568,2,0,0.69754714
,1568,3,2,1.0
,1569,0,2,1.0
,1569,1,0,0.8845834
,1569,2,0,0.69749445
,1569,3,0,0.9066465
,1570,0,0,0.9676058
,1570,1,2,1.0
,1570,2,0,0.69746566
,1570,3,0,0.69501185
,1571,0,2,1.0
,1571,1,0,0.90779763
,1571,2,0,0.69821936
,1571,3,1,0.5472428
,1572,0,0,0.9582955
,1572,1,0,0.7111091
,1572,2,0,0.6934159
,1572,3,3,1.0
,1573,0,2,0.95176905
,1573,1,0,0.6987117
,1573,2,0,0.6972352
,1573,3,0,0.8368509
,1574,0,0,0.961362
,1574,1,0,0.6973479
,1574,2,0,0.6972246
,1574,3,2,0.9999814
,1575,0,2,1.0
,1575,1,0,0.69738334
,1575,2,0,0.6973731
,1575,3,0,0.96767735
,1576,0,0,0.96767986
,1576,1,0,0.69739145
,1576,2,0,0.6973905
,1576,3,2,1.0
,1577,0,2,1.0
,1577,1,0,0.6973923
,1577,2,0,0.69739217
,1577,3,0,0.96767986
,1578,0,0,0.96767986
,1578,1,0,0.6973936
,1578,2,0,0.6973944
,1578,3,2,1.0
,1579,0,2,1.0
,1579,1,0,0.6974081
,1579,2,0,0.6974168
,1579,3,0,0.9676795
,1580,0,0,0.96765864
,1580,1,0,0.6975679
,1580,2,0,0.6976727
,1580,3,2,1.0
,1581,0,2,0.9999914
,1581,1,0,0.69878626
,1581,2,0,0.7000419
,1581,3,0,0.7779756
,1582,0,0,0.9675809
,1582,1,0,0.69289243
,1582,2,0,0.7079062
,1582,3,3,1.0
,1583,0,2,1.0
,1583,1,0,0.69713676
,1583,2,0,0.87562466
,1583,3,0,0.62795144
,1584,0,0,0.96612275
,1584,1,0,0.6972799
,1584,2,2,1.0
,1584,3,0,0.70643264
,1585,0,2,0.9918037
,1585,1,0,0.69759446
,1585,2,0,0.90782183
,1585,3,0,0.87552804
,1586,0,0,0.9666249
,1586,1,0,0.6971896
,1586,2,0,0.72907287
,1586,3,2,1.0
,1587,0,2,1.0
,1587,1,0,0.69754636
,1587,2,0,0.87660664
,1587,3,0,0.9131557
,1588,0,0,0.9131449
,1588,1,0,0.69750434
,1588,2,2,1.0
,1588,3,0,0.8846831
,1589,0,0,0.8846902
,1589,1,0,0.6986337
,1589,2,0,0.9131433
,1589,3,2,1.0
,1590,0,2,1.0
,1590,1,0,0.71229535
,1590,2,0,0.8846933
,1590,3,0,0.9072977
,1591,0,0,0.91313976
,1591,1,0,0.8757707
,1591,2,2,1.0
,1591,3,0,0.71498287
,1592,0,0,0.8843562
,1592,1,2,1.0
,1592,2,0,0.8990317
,1592,3,0,0.6994091
,1593,0,2,1.0
,1593,1,0,0.90892214
,1593,2,1,0.5284491
,1593,3,0,0.7009063
,1594,0,0,0.9496488
,1594,1,0,0.7457117
,1594,2,3,1.0
,1594,3,0,0.7278143
,1595,0,2,1.0
,1595,1,0,0.60388154
,1595,2,1,0.70435107
,1595,3,0,0.5845751
,1596,0,0,0.8988461
,1596,1,0,0.86841
,1596,2,2,1.0
,1596,3,0,0.68272144
,1597,0,1,0.5270813
,1597,1,2,1.0
,1597,2,0,0.9081249
,1597,3,0,0.6765192
,1598,0,3,1.0
,1598,1,0,0.91134304
,1598,2,0,0.7133201
,1598,3,1,0.55545443
,1599,0,0,0.68307054
,1599,1,0,0.8262034
,1599,2,0,0.7272092
,1599,3,3,1.0
,1600,0,0,0.80332166
,1600,1,2,1.0
,1600,2,0,0.56042606
,1600,3,1,0.87775403
,1601,0,2,1.0
,1601,1,0,0.90946203
,1601,2,1,0.5621296
,1601,3,0,0.63589835
,1602,0,0,0.91958547
,1602,1,0,0.75769126
,1602,2,3,1.0
,1602,3,0,0.5582617
,1603,0,1,0.5726374
,1603,1,0,0.6034937
,1603,2,1,0.86863714
,1603,3,3,1.0
,1604,0,3,1.0
,1604,1,0,0.5744394
,1604,2,0,0.52264214
,1604,3,1,0.8398283
,1605,0,1,0.7395737
,1605,1,0,0.52740085
,1605,2,0,0.52017987
,1605,3,2,1.0
,1606,0,2,1.0
,1606,1,0,0.6939218
,1606,2,0,0.67778116
,1606,3,0,0.7770356
,1607,0,0,0.90634066
,1607,1,0,0.8726604
,1607,2,0,0.6914487
,1607,3,3,1.0
,1608,0,0,0.69519746
,1608,1,2,1.0
,1608,2,0,0.6971892
,1608,3,0,0.8364126
,1609,0,1,0.54746234
,1609,1,0,0.9077841
,1609,2,0,0.69809437
,1609,3,2,1.0
,1610,0,3,1.0
,1610,1,0,0.71108496
,1610,2,0,0.69462395
,1610,3,0,0.967603
,1611,0,0,0.83698946
,1611,1,0,0.6986945
,1611,2,0,0.7121029
,1611,3,2,1.0
,1612,0,2,1.0
,1612,1,0,0.69757867
,1612,2,0,0.8757069
,1612,3,0,0.9078133
,1613,0,0,0.9676966
,1613,1,0,0.69718975
,1613,2,2,1.0
,1613,3,0,0.7290629
,1614,0,2,1.0
,1614,1,0,0.69759554
,1614,2,0,0.9073315
,1614,3,0,0.87652034
,1615,0,0,0.96767396
,1615,1,0,0.6972271
,1615,2,0,0.71474683
,1615,3,2,1.0
,1616,0,2,1.0
,1616,1,0,0.6973689
,1616,2,0,0.69883174
,1616,3,0,0.9676795
,1617,0,0,0.96767986
,1617,1,0,0.69739324
,1617,2,0,0.6975154
,1617,3,2,1.0
,1618,0,2,1.0
,1618,1,0,0.6974343
,1618,2,0,0.69744456
,1618,3,0,0.9676791
,1619,0,0,0.96763927
,1619,1,0,0.6978693
,1619,2,0,0.69787085
,1619,3,2,1.0
,1620,0,2,1.0
,1620,1,0,0.70164025
,1620,2,0,0.701649
,1620,3,0,0.91509503
,1621,0,2,1.0
,1621,1,0,0.6842202
,1621,2,0,0.68432456
,1621,3,0,0.8779864
,1622,0,0,0.96767133
,1622,1,0,0.69590205
,1622,2,0,0.69712436
,1622,3,2,1.0
,1623,0,2,1.0
,1623,1,0,0.69749963
,1623,2,0,0.7121027
,1623,3,0,0.9677028
,1624,0,0,0.90864307
,1624,1,0,0.70091105
,1624,2,0,0.87579584
,1624,3,2,1.0
,1625,0,0,0.753009
,1625,1,0,0.7369756
,1625,2,2,1.0
,1625,3,0,0.9225087
,1626,0,0,1.0
,1626,1,0,1.0
,1626,2,0,1.0
,1626,3,2,0.56229764
,1627,0,0,0.72099465
,1627,1,0,0.72089577
,1627,2,2,1.0
,1627,3,0,0.9098075
,1628,0,0,0.7004514
,1628,1,0,0.69921315
,1628,2,0,0.96767837
,1628,3,2,0.9999243
,1629,0,0,0.7123808
,1629,1,0,0.6975037
,1629,2,2,1.0
,1629,3,0,0.96769303
,1630,0,0,0.87586313
,1630,1,0,0.697611
,1630,2,0,0.9131483
,1630,3,2,1.0
,1631,0,2,1.0
,1631,1,0,0.6977541
,1631,2,0,0.8843544
,1631,3,0,0.8990465
,1632,0,0,0.9078186
,1632,1,0,0.6981144
,1632,2,2,1.0
,1632,3,1,0.528117
,1633,0,0,0.71163684
,1633,1,0,0.6939479
,1633,2,0,0.9675042
,1633,3,3,1.0
,1634,0,0,0.7029646
,1634,1,0,0.70150846
,1634,2,2,1.0
,1634,3,1,0.6263839
,1635,0,0,0.7404343
,1635,1,0,0.7404437
,1635,2,0,0.94005585
,1635,3,3,1.0
,1636,0,0,0.53624755
,1636,1,0,0.5376552
,1636,2,2,1.0
,1636,3,1,0.95222604
,1637,0,0,0.6676877
,1637,1,0,0.68236095
,1637,2,0,0.77786493
,1637,3,2,1.0
,1638,0,0,0.5678005
,1638,1,0,0.7373082
,1638,2,3,1.0
,1638,3,0,0.9171277
,1639,0,3,1.0
,1639,1,0,0.53610843
,1639,2,1,0.96188575
,1639,3,1,0.6883473
,1640,0,0,0.6180824
,1640,1,0,0.67527413
,1640,2,1,0.6245372
,1640,3,3,1.0
,1641,0,0,0.73079014
,1641,1,0,0.7352183
,1641,2,3,1.0
,1641,3,0,0.73496175
,1642,0,0,0.5477484
,1642,1,0,0.54823565
,1642,2,1,0.87171054
,1642,3,2,1.0
,1643,0,0,0.6786191
,1643,1,0,0.6786604
,1643,2,2,1.0
,1643,3,0,0.9675147
,1644,0,0,0.69570947
,1644,1,0,0.69571286
,1644,2,0,0.967677
,1644,3,2,1.0
,1645,0,0,0.69725084
,1645,1,0,0.6972512
,1645,2,2,1.0
,1645,3,0,0.96767986
,1646,0,0,0.6973828
,1646,1,0,0.69738287
,1646,2,0,0.96768
,1646,3,2,1.0
,1647,0,0,0.6974183
,1647,1,0,0.6974183
,1647,2,2,1.0
,1647,3,0,0.9676795
,1648,0,0,0.6977028
,1648,1,0,0.6977028
,1648,2,0,0.9676622
,1648,3,2,1.0
,1649,0,0,0.7004726
,1649,1,0,0.7004726
,1649,2,2,1.0
,1649,3,0,0.777672
,1650,0,0,0.71558934
,1650,1,0,0.71558934
,1650,2,0,0.95738924
,1650,3,3,0.99996686
,1651,0,0,0.63369757
,1651,1,0,0.63369757
,1651,2,2,1.0
,1651,3,1,0.91528463
,1652,0,0,0.7208962
,1652,1,0,0.7208961
,1652,2,0,0.94943905
,1652,3,3,1.0
,1653,0,0,0.5834587
,1653,1,0,0.58345866
,1653,2,2,1.0
,1653,3,1,0.7055028
,1654,0,0,0.68372625
,1654,1,0,0.68372625
,1654,2,0,0.96753997
,1654,3,2,1.0
,1655,0,0,0.70029557
,1655,1,0,0.70029557
,1655,2,2,1.0
,1655,3,0,0.7777662
,1656,0,0,0.7274391
,1656,1,0,0.7274391
,1656,2,0,0.94952124
,1656,3,3,1.0
,1657,0,0,0.5842759
,1657,1,0,0.5842759
,1657,2,2,1.0
,1657,3,1,0.7053547
,1658,0,0,0.68339276
,1658,1,0,0.68339276
,1658,2,0,0.9675591
,1658,3,2,1.0
,1659,0,0,0.69613904
,1659,1,0,0.6961398
,1659,2,2,1.0
,1659,3,0,0.96767765
,1660,0,0,0.69728273
,1660,1,0,0.6972911
,1660,2,0,0.96767974
,1660,3,2,1.0
,1661,0,0,0.69733214
,1661,1,0,0.6974326
,1661,2,2,1.0
,1661,3,0,0.9676794
,1662,0,0,0.696758
,1662,1,0,0.6979604
,1662,2,0,0.96765715
,1662,3,2,1.0
,1663,0,0,0.6889912
,1663,1,0,0.7033913
,1663,2,2,1.0
,1663,3,0,0.7783672
,1664,0,0,0.5726516
,1664,1,0,0.74478024
,1664,2,0,0.92840016
,1664,3,3,1.0
,1665,0,3,1.0
,1665,1,0,0.58575517
,1665,2,0,0.65975285
,1665,3,1,0.982661
,1666,0,1,0.9564685
,1666,1,0,0.52261806
,1666,2,2,1.0
,1666,3,1,0.76987624
,1667,0,0,0.73885167
,1667,1,0,0.72039944
,1667,2,0,0.91603005
,1667,3,3,1.0
,1668,0,2,1.0
,1668,1,0,0.5477508
,1668,2,1,0.6815606
,1668,3,1,0.9566674
,1669,0,0,0.9260479
,1669,1,0,0.7263663
,1669,2,3,1.0
,1669,3,0,0.5003834
,1670,0,0,0.61099786
,1670,1,0,0.5891234
,1670,2,1,0.9362804
,1670,3,3,1.0
,1671,0,0,0.5147717
,1671,1,0,0.512323
,1671,2,2,1.0
,1671,3,1,0.9836476
,1672,0,0,0.6753861
,1672,1,0,0.6751779
,1672,2,0,0.9674703
,1672,3,2,1.0
,1673,0,0,0.7006839
,1673,1,0,0.70066667
,1673,2,2,1.0
,1673,3,0,0.77788055
,1674,0,0,0.7399295
,1674,1,0,0.7399282
,1674,2,0,0.93986607
,1674,3,3,1.0
,1675,0,0,0.54168993
,1675,1,0,0.54168993
,1675,2,2,1.0
,1675,3,1,0.9939396
,1676,0,0,0.7239332
,1676,1,0,0.7239346
,1676,2,0,0.9386552
,1676,3,3,1.0
,1677,0,0,0.5310101
,1677,1,0,0.53102505
,1677,2,2,1.0
,1677,3,1,0.9978726
,1678,0,0,0.67381907
,1678,1,0,0.67397314
,1678,2,0,0.7764697
,1678,3,3,1.0
,1679,0,0,0.689286
,1679,1,0,0.69105774
,1679,2,3,1.0
,1679,3,0,0.83412236
,1680,0,0,0.6765641
,1680,1,0,0.6975586
,1680,2,0,0.8364244
,1680,3,2,1.0
,1681,0,1,0.5485793
,1681,1,0,0.70257205
,1681,2,2,1.0
,1681,3,0,0.9037719
,1682,0,3,1.0
,1682,1,0,0.7442116
,1682,2,0,0.9279151
,1682,3,0,0.5905656
,1683,0,1,0.94753915
,1683,1,0,0.5916448
,1683,2,0,0.65964556
,1683,3,3,1.0
,1684,0,1,0.54127
,1684,1,0,0.51905686
,1684,2,2,1.0
,1684,3,1,0.9979544
,1685,0,0,0.7227725
,1685,1,0,0.72742504
,1685,2,0,0.8532773
,1685,3,3,1.0
,1686,0,0,0.58237827
,1686,1,0,0.582892
,1686,2,3,1.0
,1686,3,1,0.99119496
,1687,0,0,0.52131313
,1687,1,0,0.5213705
,1687,2,1,0.9847939
,1687,3,2,1.0
,1688,0,0,0.7276429
,1688,1,0,0.7276474
,1688,2,3,1.0
,1688,3,0,0.8527718
,1689,0,0,0.5910757
,1689,1,0,0.5910765
,1689,2,1,0.9908213
,1689,3,3,1.0
,1690,0,0,0.5745144
,1690,1,0,0.5745173
,1690,2,3,0.99999976
,1690,3,1,0.99099946
,1691,0,0,0.5751127
,1691,1,0,0.5751382
,1691,2,1,0.9753612
,1691,3,3,1.0
,1692,0,0,0.5658889
,1692,1,0,0.5661212
,1692,2,3,1.0
,1692,3,1,0.991356
,1693,0,0,0.50766057
,1693,1,0,0.5097718
,1693,2,1,0.9836741
,1693,3,2,1.0
,1694,0,0,0.6531309
,1694,1,0,0.67492473
,1694,2,2,1.0
,1694,3,0,0.9674144
,1695,0,1,0.55145925
,1695,1,0,0.7001753
,1695,2,0,0.9086679
,1695,3,2,1.0
,1696,0,3,1.0
,1696,1,0,0.7415689
,1696,2,0,0.7371553
,1696,3,0,0.9388113
,1697,0,1,0.99404496
,1697,1,0,0.5366854
,1697,2,1,0.7091405
,1697,3,2,1.0
,1698,0,0,0.68190926
,1698,1,0,0.7233494
,1698,2,3,0.9999981
,1698,3,0,0.93868667
,1699,0,0,0.5256653
,1699,1,0,0.530308
,1699,2,1,0.982956
,1699,3,2,1.0
,1700,0,0,0.67977697
,1700,1,0,0.6802945
,1700,2,2,1.0
,1700,3,0,0.7771344
,1701,0,0,0.72619444
,1701,1,0,0.7276776
,1701,2,0,0.94816864
,1701,3,3,1.0
,1702,0,0,0.5670657
,1702,1,0,0.58384794
,1702,2,2,1.0
,1702,3,1,0.9531865
,1703,0,0,0.5577647
,1703,1,0,0.7332965
,1703,2,0,0.9262419
,1703,3,3,1.0
,1704,0,3,1.0
,1704,1,0,0.5908056
,1704,2,0,0.5915577
,1704,3,1,0.9966424
,1705,0,1,0.99278134
,1705,1,0,0.5746023
,1705,2,1,0.6149142
,1705,3,3,1.0
,1706,0,0,0.5096764
,1706,1,0,0.57215303
,1706,2,3,1.0
,1706,3,1,0.99667114
,1707,0,0,0.55887717
,1707,1,0,0.5657776
,1707,2,1,0.99135673
,1707,3,3,0.99999976
,1708,0,0,0.5088813
,1708,1,0,0.5096538
,1708,2,2,1.0
,1708,3,1,0.9836613
,1709,0,0,0.6749142
,1709,1,0,0.67498
,1709,2,0,0.967471
,1709,3,2,1.0
,1710,0,0,0.7007383
,1710,1,0,0.70074475
,1710,2,2,1.0
,1710,3,0,0.7778632
,1711,0,0,0.7411809
,1711,1,0,0.7411934
,1711,2,0,0.9383851
,1711,3,3,1.0
,1712,0,0,0.52988344
,1712,1,0,0.5300235
,1712,2,2,1.0
,1712,3,1,0.9977642
,1713,0,0,0.6801546
,1713,1,0,0.6815998
,1713,2,0,0.7772599
,1713,3,2,1.0
,1714,0,0,0.7273192
,1714,1,0,0.743997
,1714,2,3,1.0
,1714,3,0,0.8532699
,1715,0,1,0.59965783
,1715,1,0,0.5927262
,1715,2,1,0.98043805
,1715,3,3,1.0
,1716,0,3,1.0
,1716,1,0,0.574703
,1716,2,1,0.5098333
,1716,3,1,0.99100274
,1717,0,1,0.95226365
,1717,1,0,0.57461286
,1717,2,1,0.6246547
,1717,3,3,1.0
,1718,0,1,0.671478
,1718,1,0,0.5736723
,1718,2,3,1.0
,1718,3,1,0.94902277
,1719,0,3,1.0
,1719,1,0,0.5682921
,1719,2,1,0.937591
,1719,3,1,0.5161513
,1720,0,1,0.9582521
,1720,1,0,0.51761895
,1720,2,2,1.0
,1720,3,1,0.73033875
,1721,0,0,0.67246544
,1721,1,0,0.7105214
,1721,2,0,0.9480583
,1721,3,3,0.9999609
,1722,0,0,0.57696766
,1722,1,0,0.58100486
,1722,2,2,0.999923
,1722,3,1,0.95328325
,1723,0,0,0.7242484
,1723,1,0,0.72454417
,1723,2,0,0.9422284
,1723,3,3,1.0
,1724,0,0,0.5531192
,1724,1,0,0.5529207
,1724,2,2,1.0
,1724,3,1,0.9824547
,1725,0,0,0.7322744
,1725,1,0,0.729864
,1725,2,0,0.85386956
,1725,3,3,1.0
,1726,0,0,0.6114077
,1726,1,0,0.58444244
,1726,2,3,0.98743063
,1726,3,1,0.9908179
,1727,0,0,0.7588228
,1727,1,0,0.5108513
,1727,2,1,0.98206395
,1727,3,3,1.0
,1728,0,2,1.0
,1728,1,0,0.6797858
,1728,2,0,0.8429116
,1728,3,0,0.60130376
,1729,0,0,0.9092217
,1729,1,0,0.7001823
,1729,2,2,1.0
,1729,3,1,0.5564382
,1730,0,0,0.7536085
,1730,1,0,0.73742956
,1730,2,0,0.94245124
,1730,3,3,1.0
,1731,0,0,0.5552259
,1731,1,0,0.55344725
,1731,2,2,1.0
,1731,3,1,0.9824427
,1732,0,0,0.7204343
,1732,1,0,0.7202953
,1732,2,0,0.94278586
,1732,3,3,1.0
,1733,0,0,0.54976183
,1733,1,0,0.5497594
,1733,2,2,1.0
,1733,3,1,0.86942315
,1734,0,0,0.68353164
,1734,1,0,0.6836645
,1734,2,0,0.7772163
,1734,3,2,1.0
,1735,0,0,0.73399544
,1735,1,0,0.7355498
,1735,2,3,1.0
,1735,3,0,0.94307756
,1736,0,0,0.5508354
,1736,1,0,0.56879085
,1736,2,1,0.8680875
,1736,3,2,1.0
,1737,0,0,0.6798691
,1737,1,0,0.8663947
,1737,2,2,1.0
,1737,3,0,0.90703607
,1738,0,0,0.69560003
,1738,1,2,1.0
,1738,2,0,0.9676726
,1738,3,0,0.7157806
,1739,0,0,0.69719285
,1739,1,0,0.9677027
,1739,2,2,0.9999995
,1739,3,0,0.7136191
,1740,0,0,0.6975717
,1740,1,2,1.0
,1740,2,0,0.9131524
,1740,3,0,0.87592065
,1741,0,0,0.6976483
,1741,1,0,0.9073967
,1741,2,0,0.8845269
,1741,3,2,0.99999523
,1742,0,0,0.6986911
,1742,1,0,0.71617067
,1742,2,2,1.0
,1742,3,0,0.77802503
,1743,0,0,0.6933793
,1743,1,0,0.69485617
,1743,2,0,0.96748805
,1743,3,3,1.0
,1744,0,0,0.70126647
,1744,1,0,0.70138896
,1744,2,2,1.0
,1744,3,1,0.62636995
,1745,0,0,0.73805535
,1745,1,0,0.7380649
,1745,2,0,0.94248223
,1745,3,3,1.0
,1746,0,0,0.55472493
,1746,1,0,0.554726
,1746,2,2,1.0
,1746,3,1,0.9823932
,1747,0,0,0.7287113
,1747,1,0,0.72871137
,1747,2,0,0.8514912
,1747,3,3,1.0
,1748,0,0,0.58718306
,1748,1,0,0.58718306
,1748,2,3,1.0
,1748,3,1,0.9750901
,1749,0,0,0.5145636
,1749,1,0,0.5145636
,1749,2,1,0.88795304
,1749,3,3,1.0
,1750,0,0,0.6765235
,1750,1,0,0.6765235
,1750,2,2,0.9986074
,1750,3,0,0.83334607
,1751,0,0,0.69537854
,1751,1,0,0.69537854
,1751,2,0,0.96749014
,1751,3,2,1.0
,1752,0,0,0.6972617
,1752,1,0,0.6972617
,1752,2,2,1.0
,1752,3,0,0.96767896
,1753,0,0,0.697855
,1753,1,0,0.697855
,1753,2,0,0.96763915
,1753,3,2,1.0
,1754,0,0,0.70163935
,1754,1,0,0.70163935
,1754,2,2,1.0
,1754,3,0,0.91509515
,1755,0,0,0.68421876
,1755,1,0,0.68421876
,1755,2,2,1.0
,1755,3,0,0.8779851
,1756,0,0,0.69588804
,1756,1,0,0.69588804
,1756,2,0,0.9676689
,1756,3,2,1.0
,1757,0,0,0.69726276
,1757,1,0,0.6972628
,1757,2,2,1.0
,1757,3,0,0.9676796
,1758,0,0,0.69742745
,1758,1,0,0.69742745
,1758,2,0,0.9676795
,1758,3,2,1.0
,1759,0,0,0.6979349
,1759,1,0,0.6979349
,1759,2,2,1.0
,1759,3,0,0.9676606
,1760,0,0,0.7031977
,1760,1,0,0.7031977
,1760,2,0,0.7781198
,1760,3,2,1.0
,1761,0,0,0.7443607
,1761,1,0,0.7443607
,1761,2,3,1.0
,1761,3,0,0.85180753
,1762,0,0,0.58976316
,1762,1,0,0.58976316
,1762,2,1,0.93593496
,1762,3,3,1.0
,1763,0,0,0.521915
,1763,1,0,0.521915
,1763,2,2,1.0
,1763,3,1,0.98476136
,1764,0,0,0.72333217
,1764,1,0,0.72333217
,1764,2,0,0.9381664
,1764,3,3,1.0
,1765,0,0,0.5328057
,1765,1,0,0.5328056
,1765,2,2,1.0
,1765,3,1,0.9997247
,1766,0,0,0.7235109
,1766,1,0,0.7235109
,1766,2,0,0.9382883
,1766,3,3,1.0
,1767,0,0,0.5298051
,1767,1,0,0.52980506
,1767,2,2,1.0
,1767,3,1,0.9992381
,1768,0,0,0.678731
,1768,1,0,0.678731
,1768,2,0,0.77712476
,1768,3,3,1.0
,1769,0,0,0.7432281
,1769,1,0,0.74322814
,1769,2,3,1.0
,1769,3,1,0.50504404
,1770,0,0,0.58529466
,1770,1,0,0.5852947
,1770,2,1,0.99680793
,1770,3,3,1.0
,1771,0,0,0.51715326
,1771,1,0,0.51715326
,1771,2,2,1.0
,1771,3,1,0.9992569
,1772,0,0,0.72269464
,1772,1,0,0.72269464
,1772,2,0,0.9382959
,1772,3,3,1.0
,1773,0,0,0.53299034
,1773,1,0,0.5329903
,1773,2,2,1.0
,1773,3,1,0.99924105
,1774,0,0,0.7192506
,1774,1,0,0.7192506
,1774,2,0,0.9421594
,1774,3,3,1.0
,1775,0,0,0.55226916
,1775,1,0,0.55226916
,1775,2,2,1.0
,1775,3,1,0.9824799
,1776,0,0,0.7310284
,1776,1,0,0.7310284
,1776,2,0,0.85348606
,1776,3,3,1.0
,1777,0,0,0.5890745
,1777,1,0,0.5890745
,1777,2,3,1.0
,1777,3,1,0.99878395
,1778,0,0,0.57634056
,1778,1,0,0.57634056
,1778,2,1,0.9756075
,1778,3,3,0.9999776
,1779,0,0,0.5754248
,1779,1,0,0.5754248
,1779,2,3,1.0
,1779,3,1,0.97534585
,1780,0,0,0.566471
,1780,1,0,0.566471
,1780,2,1,0.99132836
,1780,3,3,1.0
,1781,0,0,0.51605266
,1781,1,0,0.5160527
,1781,2,2,1.0
,1781,3,1,0.9944433
,1782,0,0,0.719074
,1782,1,0,0.719074
,1782,2,0,0.9417942
,1782,3,3,1.0
,1783,0,0,0.55751383
,1783,1,0,0.55751383
,1783,2,2,1.0
,1783,3,1,0.95559555
,1784,0,0,0.6499119
,1784,1,0,0.6499119
,1784,2,2,1.0
,1784,3,1,0.6531606
,1785,0,0,0.7362999
,1785,1,0,0.7362999
,1785,2,0,0.93883896
,1785,3,3,1.0
,1786,0,0,0.5371913
,1786,1,0,0.5371913
,1786,2,2,1.0
,1786,3,1,0.9978782
,1787,0,0,0.7291124
,1787,1,0,0.7291124
,1787,2,0,0.85326004
,1787,3,3,0.9999987
,1788,0,0,0.58857584
,1788,1,0,0.58857584
,1788,2,3,1.0
,1788,3,1,0.9966776
,1789,0,0,0.5701422
,1789,1,0,0.5701422
,1789,2,1,0.93738896
,1789,3,3,1.0
,1790,0,0,0.5202844
,1790,1,0,0.52028424
,1790,2,2,1.0
,1790,3,1,0.9847373
,1791,0,0,0.7261941
,1791,1,0,0.72619194
,1791,2,0,0.85143375
,1791,3,3,1.0
,1792,0,0,0.5931554
,1792,1,0,0.593132
,1792,2,3,1.0
,1792,3,1,0.97508013
,1793,0,0,0.5723394
,1793,1,0,0.5721245
,1793,2,1,0.9380467
,1793,3,3,1.0
,1794,0,0,0.51985675
,1794,1,0,0.51789826
,1794,2,2,1.0
,1794,3,1,0.99797183
,1795,0,0,0.76394594
,1795,1,0,0.7437663
,1795,2,0,0.9252754
,1795,3,3,0.9999676
,1796,0,2,0.9999987
,1796,1,0,0.77103364
,1796,2,0,0.5681767
,1796,3,1,0.99411416
,1797,0,0,0.90714175
,1797,1,2,1.0
,1797,2,0,0.8679687
,1797,3,0,0.6530898
,1798,0,0,0.71510464
,1798,1,0,0.9073946
,1798,2,2,1.0
,1798,3,0,0.87295896
,1799,0,0,0.7000567
,1799,1,0,0.7160842
,1799,2,0,0.777997
,1799,3,2,1.0
,1800,0,0,0.69290346
,1800,1,0,0.694259
,1800,2,3,1.0
,1800,3,0,0.9675838
,1801,0,0,0.69721097
,1801,1,0,0.6973241
,1801,2,0,0.83686924
,1801,3,2,1.0
,1802,0,0,0.69722
,1802,1,0,0.69722944
,1802,2,2,1.0
,1802,3,0,0.96761364
,1803,0,0,0.69737375
,1803,1,0,0.6973744
,1803,2,0,0.96767974
,1803,3,2,0.99967915
,1804,0,0,0.69739145
,1804,1,0,0.6973908
,1804,2,2,1.0
,1804,3,0,0.9676379
,1805,0,0,0.69740057
,1805,1,0,0.6973919
,1805,2,0,0.96768
,1805,3,2,0.9999999
,1806,0,0,0.6974947
,1806,1,0,0.69739103
,1806,2,2,1.0
,1806,3,0,0.9676801
,1807,0,0,0.69862515
,1807,1,0,0.6973833
,1807,2,0,0.9676823
,1807,3,2,1.0
,1808,0,0,0.7122322
,1808,1,0,0.69735736
,1808,2,2,1.0
,1808,3,0,0.9677025
,1809,0,0,0.87578833
,1809,1,0,0.697609
,1809,2,0,0.9078223
,1809,3,2,1.0
,1810,0,2,1.0
,1810,1,0,0.6971958
,1810,2,0,0.7290669
,1810,3,0,0.9676967
,1811,0,0,0.9073315
,1811,1,0,0.6975961
,1811,2,0,0.8765205
,1811,3,2,1.0
,1812,0,0,0.71474683
,1812,1,0,0.6972271
,1812,2,2,1.0
,1812,3,0,0.96767396
,1813,0,0,0.69883144
,1813,1,0,0.6973687
,1813,2,0,0.9676795
,1813,3,2,1.0
,1814,0,0,0.69751185
,1814,1,0,0.6973898
,1814,2,2,1.0
,1814,3,0,0.96767986
,1815,0,0,0.6974022
,1815,1,0,0.69739276
,1815,2,0,0.96768
,1815,3,2,1.0
,1816,0,0,0.69739294
,1816,1,0,0.69740075
,1816,2,2,1.0
,1816,3,0,0.96767986
,1817,0,0,0.69739103
,1817,1,0,0.6974947
,1817,2,0,0.96768
,1817,3,2,1.0
,1818,0,0,0.6973828
,1818,1,0,0.6986255
,1818,2,2,1.0
,1818,3,0,0.9676823
,1819,0,0,0.69735175
,1819,1,0,0.71223694
,1819,2,0,0.96770304
,1819,3,2,1.0
,1820,0,0,0.6975622
,1820,1,0,0.87586594
,1820,2,2,1.0
,1820,3,0,0.91315633
,1821,0,0,0.69740856
,1821,1,2,1.0
,1821,2,0,0.91314304
,1821,3,0,0.8846802
,1822,0,0,0.6974401
,1822,1,0,0.9078105
,1822,2,0,0.88461107
,1822,3,2,1.0
,1823,0,0,0.69718
,1823,1,0,0.72907555
,1823,2,2,1.0
,1823,3,0,0.9676974
,1824,0,0,0.6975378
,1824,1,0,0.87660694
,1824,2,0,0.9131557
,1824,3,2,1.0
,1825,0,0,0.697402
,1825,1,2,1.0
,1825,2,0,0.88468236
,1825,3,0,0.91314477
,1826,0,0,0.69740134
,1826,1,0,0.91314316
,1826,2,2,1.0
,1826,3,0,0.8846816
,1827,0,0,0.69745886
,1827,1,0,0.8846026
,1827,2,0,0.9073201
,1827,3,2,1.0
,1828,0,0,0.69732183
,1828,1,2,1.0
,1828,2,0,0.7147496
,1828,3,0,0.9676743
,1829,0,0,0.698601
,1829,1,0,0.96768194
,1829,2,0,0.69883126
,1829,3,2,1.0
,1830,0,0,0.7122294
,1830,1,2,1.0
,1830,2,0,0.69758046
,1830,3,0,0.96770257
,1831,0,0,0.875789
,1831,1,0,0.9073279
,1831,2,0,0.6988616
,1831,3,2,1.0
,1832,0,2,1.0
,1832,1,0,0.7147151
,1832,2,0,0.7120754
,1832,3,0,0.9676967
,1833,0,0,0.90733165
,1833,1,0,0.6990589
,1833,2,0,0.8757673
,1833,3,2,1.0
,1834,0,0,0.7147458
,1834,1,0,0.6973482
,1834,2,2,1.0
,1834,3,0,0.9676738
,1835,0,0,0.69883126
,1835,1,0,0.6973794
,1835,2,0,0.9676795
,1835,3,2,0.9999993
,1836,0,0,0.6975117
,1836,1,0,0.697399
,1836,2,2,1.0
,1836,3,0,0.96767974
,1837,0,0,0.697401
,1837,1,0,0.6974946
,1837,2,0,0.9676786
,1837,3,2,1.0
,1838,0,0,0.69738364
,1838,1,0,0.6986255
,1838,2,2,0.99999285
,1838,3,0,0.9676823
,1839,0,0,0.69735175
,1839,1,0,0.7122369
,1839,2,0,0.96770215
,1839,3,2,1.0
,1840,0,0,0.6975623
,1840,1,0,0.87586594
,1840,2,2,1.0
,1840,3,0,0.91315633
,1841,0,0,0.69740963
,1841,1,2,1.0
,1841,2,0,0.9131428
,1841,3,0,0.8846799
,1842,0,0,0.69745094
,1842,1,0,0.9073202
,1842,2,0,0.88460237
,1842,3,2,1.0
,1843,0,0,0.69721943
,1843,1,0,0.7147502
,1843,2,2,1.0
,1843,3,0,0.9676741
,1844,0,0,0.6973681
,1844,1,0,0.69883174
,1844,2,0,0.9676795
,1844,3,2,1.0
,1845,0,0,0.6973896
,1845,1,0,0.69751185
,1845,2,2,1.0
,1845,3,0,0.96767986
,1846,0,0,0.69739205
,1846,1,0,0.6974022
,1846,2,0,0.96768
,1846,3,2,1.0
,1847,0,0,0.69739294
,1847,1,0,0.6973931
,1847,2,2,1.0
,1847,3,0,0.96767986
,1848,0,0,0.6974008
,1848,1,0,0.6973923
,1848,2,0,0.96768
,1848,3,2,1.0
,1849,0,0,0.6974947
,1849,1,0,0.69739103
,1849,2,2,1.0
,1849,3,0,0.9676801
,1850,0,0,0.69862515
,1850,1,0,0.69738334
,1850,2,0,0.9676823
,1850,3,2,1.0
,1851,0,0,0.7122316
,1851,1,0,0.69735837
,1851,2,2,1.0
,1851,3,0,0.9677025
,1852,0,0,0.8757794
,1852,1,0,0.69761926
,1852,2,0,0.90733564
,1852,3,2,1.0
,1853,0,2,1.0
,1853,1,0,0.6972274
,1853,2,0,0.71484554
,1853,3,0,0.9676741
,1854,0,0,0.96768194
,1854,1,0,0.69735986
,1854,2,0,0.7000608
,1854,3,2,1.0
,1855,0,2,1.0
,1855,1,0,0.69735575
,1855,2,0,0.71234757
,1855,3,0,0.9677025
,1856,0,0,0.9073322
,1856,1,0,0.69761986
,1856,2,0,0.8757844
,1856,3,2,1.0
,1857,0,0,0.7147463
,1857,1,0,0.69723713
,1857,2,2,1.0
,1857,3,0,0.96767396
,1858,0,0,0.69883007
,1858,1,0,0.69747114
,1858,2,0,0.96767974
,1858,3,2,1.0
,1859,0,0,0.6975028
,1859,1,0,0.6986225
,1859,2,2,1.0
,1859,3,0,0.9676823
,1860,0,0,0.69736725
,1860,1,0,0.71223193
,1860,2,0,0.96770257
,1860,3,2,1.0
,1861,0,0,0.6976098
,1861,1,0,0.87578833
,1861,2,2,1.0
,1861,3,0,0.9078223
,1862,0,0,0.69719493
,1862,1,2,1.0
,1862,2,0,0.96769685
,1862,3,0,0.72906744
,1863,0,0,0.69758636
,1863,1,0,0.90782166
,1863,2,2,1.0
,1863,3,0,0.87652963
,1864,0,0,0.6972017
,1864,1,0,0.72906786
,1864,2,0,0.96769685
,1864,3,2,1.0
,1865,0,0,0.697688
,1865,1,0,0.87653035
,1865,2,2,1.0
,1865,3,0,0.9078214
,1866,0,0,0.69842756
,1866,1,2,1.0
,1866,2,0,0.96769893
,1866,3,0,0.7290695
,1867,0,0,0.7124307
,1867,1,0,0.9073097
,1867,2,2,1.0
,1867,3,0,0.87661386
,1868,0,0,0.87569636
,1868,1,0,0.7149824
,1868,2,0,0.90732265
,1868,3,2,1.0
,1869,0,2,1.0
,1869,1,0,0.6986684
,1869,2,0,0.71473557
,1869,3,0,0.96767366
,1870,0,0,0.9676795
,1870,1,0,0.6974883
,1870,2,0,0.6988299
,1870,3,2,1.0
,1871,0,2,1.0
,1871,1,0,0.6973997
,1871,2,0,0.6975124
,1871,3,0,0.96767986
,1872,0,0,0.96767986
,1872,1,0,0.6973927
,1872,2,0,0.69741064
,1872,3,2,1.0
,1873,0,2,1.0
,1873,1,0,0.6973911
,1873,2,0,0.69749564
,1873,3,0,0.9676801
,1874,0,0,0.9676823
,1874,1,0,0.6973833
,1874,2,0,0.69862515
,1874,3,2,1.0
,1875,0,2,1.0
,1875,1,0,0.6973573
,1875,2,0,0.7122321
,1875,3,0,0.9677025
,1876,0,0,0.9078225
,1876,1,0,0.6976085
,1876,2,0,0.87578857
,1876,3,2,1.0
,1877,0,0,0.72907203
,1877,1,0,0.6971892
,1877,2,2,1.0
,1877,3,0,0.96769726
,1878,0,0,0.87660664
,1878,1,0,0.69753903
,1878,2,0,0.9131557
,1878,3,2,1.0
,1879,0,2,1.0
,1879,1,0,0.69740814
,1879,2,0,0.8846802
,1879,3,0,0.9131429
,1880,0,0,0.9073205
,1880,1,0,0.6974509
,1880,2,2,1.0
,1880,3,0,0.8846025
,1881,0,0,0.71475834
,1881,1,0,0.6972193
,1881,2,0,0.9676742
,1881,3,2,1.0
,1882,0,0,0.69893396
,1882,1,0,0.6973669
,1882,2,2,1.0
,1882,3,0,0.96767974
,1883,0,0,0.6987445
,1883,1,0,0.69738054
,1883,2,0,0.9676823
,1883,3,2,1.0
,1884,0,0,0.7122419
,1884,1,0,0.6973571
,1884,2,2,1.0
,1884,3,0,0.9677025
,1885,0,0,0.87578887
,1885,1,0,0.69760895
,1885,2,0,0.9078223
,1885,3,2,1.0
,1886,0,2,1.0
,1886,1,0,0.6971958
,1886,2,0,0.7290669
,1886,3,0,0.9676967
,1887,0,0,0.90733486
,1887,1,0,0.6975959
,1887,2,0,0.8765205
,1887,3,2,1.0
,1888,0,0,0.7148458
,1888,1,0,0.69722587
,1888,2,2,1.0
,1888,3,0,0.9676742
,1889,0,0,0.70006096
,1889,1,0,0.6973597
,1889,2,0,0.96768206
,1889,3,2,1.0
,1890,0,0,0.7123483
,1890,1,0,0.6973547
,1890,2,2,1.0
,1890,3,0,0.9677025
,1891,0,0,0.8757936
,1891,1,0,0.69760877
,1891,2,0,0.9078223
,1891,3,2,1.0
,1892,0,2,1.0
,1892,1,0,0.69719577
,1892,2,0,0.7290669
,1892,3,0,0.9676967
,1893,0,0,0.9073315
,1893,1,0,0.6975961
,1893,2,0,0.8765205
,1893,3,2,1.0
,1894,0,0,0.7147475
,1894,1,0,0.6972271
,1894,2,2,1.0
,1894,3,0,0.96767396
,1895,0,0,0.6988399
,1895,1,0,0.6973685
,1895,2,0,0.9676795
,1895,3,2,1.0
,1896,0,0,0.6976142
,1896,1,0,0.69738847
,1896,2,2,1.0
,1896,3,0,0.9676801
,1897,0,0,0.6986351
,1897,1,0,0.69738305
,1897,2,0,0.9676823
,1897,3,2,1.0
,1898,0,0,0.71223336
,1898,1,0,0.6973576
,1898,2,2,1.0
,1898,3,0,0.96730113
,1899,0,0,0.8757879
,1899,1,0,0.6976072
,1899,2,0,0.9078223
,1899,3,2,0.9979151
,1900,0,2,1.0
,1900,1,0,0.6971897
,1900,2,0,0.72907215
,1900,3,0,0.9674245
,1901,0,0,0.913154
,1901,1,0,0.69754416
,1901,2,0,0.87660456
,1901,3,2,1.0
,1902,0,0,0.8846096
,1902,1,0,0.6974481
,1902,2,2,1.0
,1902,3,0,0.90781015
,1903,0,2,1.0
,1903,1,0,0.6971871
,1903,2,0,0.96769685
,1903,3,0,0.7290703
,1904,0,0,0.90733486
,1904,1,0,0.69759524
,1904,2,2,1.0
,1904,3,0,0.8765208
,1905,0,0,0.71484584
,1905,1,0,0.69722575
,1905,2,0,0.9676742
,1905,3,2,1.0
,1906,0,0,0.70006126
,1906,1,0,0.6973592
,1906,2,2,1.0
,1906,3,0,0.96768194
,1907,0,0,0.71235305
,1907,1,0,0.69734913
,1907,2,0,0.96770304
,1907,3,2,1.0
,1908,0,0,0.87587106
,1908,1,0,0.69756204
,1908,2,2,1.0
,1908,3,0,0.91315633
,1909,0,2,1.0
,1909,1,0,0.69740963
,1909,2,0,0.9131428
,1909,3,0,0.8846799
,1910,0,0,0.9073202
,1910,1,0,0.69745094
,1910,2,0,0.88460237
,1910,3,2,1.0
,1911,0,0,0.7147502
,1911,1,0,0.69721943
,1911,2,2,1.0
,1911,3,0,0.9676741
,1912,0,0,0.69883186
,1912,1,0,0.6973681
,1912,2,0,0.9676795
,1912,3,2,1.0
,1913,0,0,0.6975119
,1913,1,0,0.6973896
,1913,2,2,1.0
,1913,3,0,0.96767986
,1914,0,0,0.6974029
,1914,1,0,0.69739205
,1914,2,0,0.96768
,1914,3,2,1.0
,1915,0,0,0.6974016
,1915,1,0,0.6973921
,1915,2,2,1.0
,1915,3,0,0.96767986
,1916,0,0,0.6974948
,1916,1,0,0.69739103
,1916,2,0,0.96768
,1916,3,2,1.0
,1917,0,0,0.69862515
,1917,1,0,0.69738334
,1917,2,2,1.0
,1917,3,0,0.9676823
,1918,0,0,0.7122316
,1918,1,0,0.6973582
,1918,2,0,0.9677024
,1918,3,2,1.0
,1919,0,0,0.87578
,1919,1,0,0.69761795
,1919,2,2,1.0
,1919,3,0,0.90737295
,1920,0,2,1.0
,1920,1,0,0.6972193
,1920,2,0,0.9676763
,1920,3,0,0.715938
,1921,0,0,0.9677027
,1921,1,0,0.6973289
,1921,2,2,1.0
,1921,3,0,0.7136343
,1922,0,2,1.0
,1922,1,0,0.69756585
,1922,2,0,0.91315436
,1922,3,0,0.8759251
,1923,0,0,0.90731996
,1923,1,0,0.69745976
,1923,2,0,0.88460094
,1923,3,2,1.0
,1924,0,0,0.71475065
,1924,1,0,0.69722
,1924,2,2,1.0
,1924,3,0,0.9676741
,1925,0,0,0.69884026
,1925,1,0,0.69736797
,1925,2,0,0.9676795
,1925,3,2,1.0
,1926,0,0,0.69761425
,1926,1,0,0.69738835
,1926,2,2,1.0
,1926,3,0,0.9676801
,1927,0,0,0.6986356
,1927,1,0,0.6973826
,1927,2,0,0.9676486
,1927,3,2,1.0
,1928,0,0,0.7122373
,1928,1,0,0.69735146
,1928,2,2,0.99982524
,1928,3,0,0.96770304
,1929,0,0,0.87586594
,1929,1,0,0.6975637
,1929,2,0,0.91310906
,1929,3,2,1.0
,1930,0,2,1.0
,1930,1,0,0.69742644
,1930,2,0,0.8846762
,1930,3,0,0.91314095
,1931,0,0,0.9073944
,1931,1,0,0.6976342
,1931,2,2,1.0
,1931,3,0,0.8845289
,1932,0,0,0.71610355
,1932,1,0,0.6986209
,1932,2,0,0.77799815
,1932,3,2,1.0
,1933,0,0,0.69426376
,1933,1,0,0.6927852
,1933,2,3,1.0
,1933,3,0,0.9675839
,1934,0,0,0.6973245
,1934,1,0,0.6972012
,1934,2,0,0.83686924
,1934,3,2,1.0
,1935,0,0,0.69722915
,1935,1,0,0.69721895
,1935,2,2,1.0
,1935,3,0,0.9676755
,1936,0,0,0.6973753
,1936,1,0,0.69737446
,1936,2,0,0.96767974
,1936,3,2,1.0
,1937,0,0,0.6973908
,1937,1,0,0.6973907
,1937,2,2,1.0
,1937,3,0,0.96767986
,1938,0,0,0.6973921
,1938,1,0,0.69739217
,1938,2,0,0.96768
,1938,3,2,1.0
,1939,0,0,0.6973923
,1939,1,0,0.6973923
,1939,2,2,1.0
,1939,3,0,0.96767986
,1940,0,0,0.6973923
,1940,1,0,0.6973923
,1940,2,0,0.96768
,1940,3,2,1.0
,1941,0,0,0.6973923
,1941,1,0,0.6973923
,1941,2,2,1.0
,1941,3,0,0.96767986
,1942,0,0,0.6973923
,1942,1,0,0.6973923
,1942,2,0,0.96768
,1942,3,2,1.0
,1943,0,0,0.69739234
,1943,1,0,0.6973924
,1943,2,2,1.0
,1943,3,0,0.96767986
,1944,0,0,0.6973936
,1944,1,0,0.6973936
,1944,2,0,0.96768
,1944,3,2,1.0
,1945,0,0,0.6974083
,1945,1,0,0.6974083
,1945,2,2,1.0
,1945,3,0,0.9676795
,1946,0,0,0.69756985
,1946,1,0,0.69756985
,1946,2,0,0.9676599
,1946,3,2,1.0
,1947,0,0,0.6988003
,1947,1,0,0.6988003
,1947,2,2,1.0
,1947,3,0,0.77800417
,1948,0,0,0.69283634
,1948,1,0,0.6928364
,1948,2,0,0.9675849
,1948,3,3,1.0
,1949,0,0,0.6972067
,1949,1,0,0.6972067
,1949,2,2,1.0
,1949,3,0,0.83686954
,1950,0,0,0.6972208
,1950,1,0,0.6972208
,1950,2,0,0.9676756
,1950,3,2,0.99999905
,1951,0,0,0.6973905
,1951,1,0,0.6973905
,1951,2,2,1.0
,1951,3,0,0.96767926
,1952,0,0,0.69756854
,1952,1,0,0.69756854
,1952,2,0,0.9676599
,1952,3,2,1.0
,1953,0,0,0.69880176
,1953,1,0,0.69880176
,1953,2,2,1.0
,1953,3,0,0.77800506
,1954,0,0,0.6928456
,1954,1,0,0.6928456
,1954,2,0,0.9675817
,1954,3,3,1.0
,1955,0,0,0.69721586
,1955,1,0,0.69721586
,1955,2,2,1.0
,1955,3,1,0.5649582
,1956,0,0,0.69717246
,1956,1,0,0.69717246
,1956,2,0,0.7757516
,1956,3,3,0.8642473
,1957,0,0,0.69725114
,1957,1,0,0.69725114
,1957,2,3,0.99810994
,1957,3,0,0.8055229
,1958,0,0,0.6973871
,1958,1,0,0.6973871
,1958,2,0,0.8371199
,1958,3,2,0.8891237
,1959,0,0,0.69738406
,1959,1,0,0.6973841
,1959,2,2,1.0
,1959,3,0,0.95317596
,1960,0,0,0.69739634
,1960,1,0,0.69739735
,1960,2,0,0.96767926
,1960,3,2,1.0
,1961,0,0,0.69742954
,1961,1,0,0.69744164
,1961,2,2,1.0
,1961,3,0,0.7756186
,1962,0,0,0.69732976
,1962,1,0,0.69747543
,1962,2,0,0.96765435
,1962,3,3,0.99894506
,1963,0,0,0.6970835
,1963,1,0,0.6988271
,1963,2,2,1.0
,1963,3,1,0.62446105
,1964,0,0,0.6722245
,1964,1,0,0.69306934
,1964,2,0,0.9674908
,1964,3,3,1.0
,1965,0,1,0.550165
,1965,1,0,0.69752914
,1965,2,2,1.0
,1965,3,0,0.63953763
,1966,0,3,1.0
,1966,1,0,0.69433635
,1966,2,0,0.91296124
,1966,3,0,0.82455355
,1967,0,0,0.6265827
,1967,1,0,0.6972535
,1967,2,0,0.8845383
,1967,3,2,0.89266354
,1968,0,0,0.69287276
,1968,1,0,0.6987603
,1968,2,2,1.0
,1968,3,0,0.73477143
,1969,0,0,0.69269395
,1969,1,0,0.69319165
,1969,2,0,0.92595
,1969,3,3,1.0
,1970,0,0,0.6973833
,1970,1,0,0.6974248
,1970,2,2,0.78412753
,1970,3,1,0.62651044
,1971,0,0,0.6941152
,1971,1,0,0.6941188
,1971,2,0,0.93883294
,1971,3,3,1.0
,1972,0,0,0.69775075
,1972,1,0,0.6977511
,1972,2,2,1.0
,1972,3,1,0.62673587
,1973,0,0,0.6962435
,1973,1,0,0.6962435
,1973,2,0,0.77742076
,1973,3,3,1.0
,1974,0,0,0.6930977
,1974,1,0,0.6930977
,1974,2,3,1.0
,1974,3,0,0.83432007
,1975,0,0,0.6971431
,1975,1,0,0.6971431
,1975,2,0,0.8368038
,1975,3,2,0.9999999
,1976,0,0,0.69739205
,1976,1,0,0.6973919
,1976,2,2,1.0
,1976,3,0,0.9676553
,1977,0,0,0.69882673
,1977,1,0,0.69882673
,1977,2,0,0.7780343
,1977,3,2,1.0
,1978,0,0,0.69312346
,1978,1,0,0.69312346
,1978,2,3,0.9999993
,1978,3,0,0.96748734
,1979,0,0,0.6976151
,1979,1,0,0.6976151
,1979,2,1,0.6262809
,1979,3,2,1.0
,1980,0,0,0.6938806
,1980,1,0,0.6938806
,1980,2,3,1.0
,1980,3,0,0.96761584
,1981,0,0,0.6973144
,1981,1,0,0.69731426
,1981,2,0,0.836883
,1981,3,2,1.0
,1982,0,0,0.69722956
,1982,1,0,0.69722885
,1982,2,2,1.0
,1982,3,0,0.9676755
,1983,0,0,0.69738376
,1983,1,0,0.6973751
,1983,2,0,0.96767974
,1983,3,2,1.0
,1984,0,0,0.69749326
,1984,1,0,0.6973896
,1984,2,2,1.0
,1984,3,0,0.9676801
,1985,0,0,0.6986251
,1985,1,0,0.6973831
,1985,2,0,0.9676823
,1985,3,2,1.0
,1986,0,0,0.7122322
,1986,1,0,0.69735736
,1986,2,2,1.0
,1986,3,0,0.9677025
,1987,0,0,0.87578833
,1987,1,0,0.697609
,1987,2,0,0.9078223
,1987,3,2,1.0
,1988,0,2,1.0
,1988,1,0,0.69719577
,1988,2,0,0.7290669
,1988,3,0,0.9676967
,1989,0,0,0.9073315
,1989,1,0,0.6975961
,1989,2,0,0.8765205
,1989,3,2,1.0
,1990,0,0,0.7147469
,1990,1,0,0.69722724
,1990,2,2,1.0
,1990,3,0,0.96767396
,1991,0,0,0.698833
,1991,1,0,0.69737023
,1991,2,0,0.9676795
,1991,3,2,1.0
,1992,0,0,0.6975302
,1992,1,0,0.6974081
,1992,2,2,1.0
,1992,3,0,0.9676794
,1993,0,0,0.6976074
,1993,1,0,0.69759715
,1993,2,0,0.9676585
,1993,3,2,1.0
,1994,0,0,0.69907945
,1994,1,0,0.6990786
,1994,2,2,1.0
,1994,3,0,0.7782905
,1995,0,0,0.6937912
,1995,1,0,0.6937911
,1995,2,0,0.7770375
,1995,3,3,1.0
,1996,0,0,0.6929691
,1996,1,0,0.6929691
,1996,2,3,1.0
,1996,3,0,0.83433807
,1997,0,0,0.69707686
,1997,1,0,0.69707686
,1997,2,0,0.836781
,1997,3,2,1.0
,1998,0,0,0.6972051
,1998,1,0,0.69720507
,1998,2,2,1.0
,1998,3,0,0.9676755
,1999,0,0,0.6973732
,1999,1,0,0.69737315
,1999,2,0,0.96767974
,1999,3,2,1.0
,2000,0,0,0.69739133
,2000,1,0,0.6973906
,2000,2,2,1.0
,2000,3,0,0.9676757
,2001,0,0,0.69740057
,2001,1,0,0.69739205
,2001,2,0,0.96768
,2001,3,2,0.9999782
,2002,0,0,0.6974947
,2002,1,0,0.6973913
,2002,2,2,1.0
,2002,3,0,0.96767724
,2003,0,0,0.69862473
,2003,1,0,0.69738704
,2003,2,0,0.9676823
,2003,3,2,1.0
,2004,0,0,0.71222687
,2004,1,0,0.69740176
,2004,2,2,1.0
,2004,3,0,0.96770215
,2005,0,0,0.87571037
,2005,1,0,0.69812673
,2005,2,0,0.9076401
,2005,3,2,1.0
,2006,0,2,1.0
,2006,1,0,0.7025996
,2006,2,0,0.7229807
,2006,3,0,0.77780986
,2007,0,0,0.9253505
,2007,1,0,0.7416602
,2007,2,0,0.78063637
,2007,3,3,1.0
,2008,0,0,0.55541265
,2008,1,0,0.53485805
,2008,2,2,1.0
,2008,3,1,0.99924344
,2009,0,0,0.71981746
,2009,1,0,0.7181947
,2009,2,0,0.9427445
,2009,3,3,1.0
,2010,0,0,0.5493816
,2010,1,0,0.5492035
,2010,2,2,1.0
,2010,3,1,0.8695451
,2011,0,0,0.68046564
,2011,1,0,0.68045056
,2011,2,0,0.77766657
,2011,3,2,1.0
,2012,0,0,0.6958433
,2012,1,0,0.6958419
,2012,2,3,0.999933
,2012,3,0,0.7771403
,2013,0,0,0.73977894
,2013,1,0,0.7397788
,2013,2,0,0.724189
,2013,3,3,1.0
,2014,0,0,0.5401858
,2014,1,0,0.5401858
,2014,2,2,1.0
,2014,3,1,0.9940261
,2015,0,0,0.7187667
,2015,1,0,0.7187667
,2015,2,0,0.9427719
,2015,3,3,1.0
,2016,0,0,0.5488586
,2016,1,0,0.5488586
,2016,2,2,1.0
,2016,3,1,0.8691148
,2017,0,0,0.67879814
,2017,1,0,0.67879814
,2017,2,0,0.9675169
,2017,3,2,1.0
,2018,0,0,0.69572604
,2018,1,0,0.69572616
,2018,2,2,1.0
,2018,3,0,0.967677
,2019,0,0,0.6972521
,2019,1,0,0.6972522
,2019,2,0,0.96767974
,2019,3,2,1.0
,2020,0,0,0.6973807
,2020,1,0,0.6973807
,2020,2,2,1.0
,2020,3,0,0.96767986
,2021,0,0,0.6973913
,2021,1,0,0.6973913
,2021,2,0,0.96768
,2021,3,2,1.0
,2022,0,0,0.69739217
,2022,1,0,0.69739217
,2022,2,2,1.0
,2022,3,0,0.96767986
,2023,0,0,0.6973923
,2023,1,0,0.6973923
,2023,2,0,0.96768
,2023,3,2,1.0
,2024,0,0,0.6973923
,2024,1,0,0.6973923
,2024,2,2,1.0
,2024,3,0,0.96767986
,2025,0,0,0.6973923
,2025,1,0,0.6973923
,2025,2,0,0.96768
,2025,3,2,1.0
,2026,0,0,0.6973923
,2026,1,0,0.6973923
,2026,2,2,1.0
,2026,3,0,0.96767986
,2027,0,0,0.6973923
,2027,1,0,0.6973923
,2027,2,0,0.96768
,2027,3,2,1.0
,2028,0,0,0.6973923
,2028,1,0,0.6973923
,2028,2,2,1.0
,2028,3,0,0.96767986
,2029,0,0,0.6973923
,2029,1,0,0.6973923
,2029,2,0,0.96768
,2029,3,2,1.0
,2030,0,0,0.6973923
,2030,1,0,0.6973923
,2030,2,2,1.0
,2030,3,0,0.96767986
,2031,0,0,0.6973923
,2031,1,0,0.6973923
,2031,2,0,0.96768
,2031,3,2,1.0
,2032,0,0,0.6973923
,2032,1,0,0.6973923
,2032,2,2,1.0
,2032,3,0,0.96767986
,2033,0,0,0.6973923
,2033,1,0,0.6973923
,2033,2,0,0.96768
,2033,3,2,1.0
,2034,0,0,0.6973923
,2034,1,0,0.6973923
,2034,2,2,1.0
,2034,3,0,0.96767986
,2035,0,0,0.6973923
,2035,1,0,0.6973923
,2035,2,0,0.96768
,2035,3,2,1.0
,2036,0,0,0.6973925
,2036,1,0,0.6973925
,2036,2,2,1.0
,2036,3,0,0.96767986
,2037,0,0,0.69739586
,2037,1,0,0.69739586
,2037,2,0,0.96768
,2037,3,2,1.0
,2038,0,0,0.69743526
,2038,1,0,0.69743526
,2038,2,2,1.0
,2038,3,0,0.9676795
,2039,0,0,0.697896
,2039,1,0,0.697896
,2039,2,0,0.96766174
,2039,3,2,0.9999999
,2040,0,0,0.70276105
,2040,1,0,0.70276105
,2040,2,2,1.0
,2040,3,0,0.7778821
,2041,0,0,0.7411192
,2041,1,0,0.7411192
,2041,2,0,0.93852407
,2041,3,3,1.0
,2042,0,0,0.5297741
,2042,1,0,0.5297741
,2042,2,2,1.0
,2042,3,1,0.99383783
,2043,0,0,0.6760231
,2043,1,0,0.6760231
,2043,2,0,0.96748644
,2043,3,2,1.0
,2044,0,0,0.69548833
,2044,1,0,0.69548833
,2044,2,2,1.0
,2044,3,0,0.9676758
,2045,0,0,0.6974083
,2045,1,0,0.6974083
,2045,2,0,0.9676599
,2045,3,2,0.9999993
,2046,0,0,0.69878733
,2046,1,0,0.69878733
,2046,2,2,1.0
,2046,3,0,0.778004
,2047,0,0,0.6928385
,2047,1,0,0.69283855
,2047,2,0,0.96758425
,2047,3,3,1.0
,2048,0,0,0.6972234
,2048,1,0,0.6972234
,2048,2,2,1.0
,2048,3,0,0.828443
,2049,0,0,0.69738096
,2049,1,0,0.69738096
,2049,2,0,0.9676548
,2049,3,2,0.98190737
,2050,0,0,0.6987766
,2050,1,0,0.6987766
,2050,2,2,1.0
,2050,3,0,0.7707082
,2051,0,0,0.6928574
,2051,1,0,0.6928574
,2051,2,0,0.9675794
,2051,3,3,1.0
,2052,0,0,0.6972131
,2052,1,0,0.6972131
,2052,2,2,0.99999404
,2052,3,0,0.57717437
,2053,0,0,0.69709927
,2053,1,0,0.69709927
,2053,2,0,0.96767354
,2053,3,3,0.5584935
,2054,0,0,0.69738287
,2054,1,0,0.69738287
,2054,2,2,1.0
,2054,3,0,0.89462584
,2055,0,0,0.6974247
,2055,1,0,0.6974247
,2055,2,0,0.96767884
,2055,3,2,1.0
,2056,0,0,0.6978706
,2056,1,0,0.6978706
,2056,2,2,1.0
,2056,3,0,0.96763915
,2057,0,0,0.7016655
,2057,1,0,0.7016655
,2057,2,0,0.9150962
,2057,3,2,1.0
,2058,0,0,0.6843895
,2058,1,0,0.6843895
,2058,2,0,0.8778875
,2058,3,2,1.0
,2059,0,0,0.6972704
,2059,1,0,0.6972704
,2059,2,2,1.0
,2059,3,0,0.77796054
,2060,0,0,0.6926787
,2060,1,0,0.6926787
,2060,2,0,0.96758425
,2060,3,3,1.0
,2061,0,0,0.69719577
,2061,1,0,0.69719577
,2061,2,2,1.0
,2061,3,0,0.8368697
,2062,0,0,0.69725287
,2062,1,0,0.69725287
,2062,2,0,0.96767515
,2062,3,2,1.0
,2063,0,0,0.69777685
,2063,1,0,0.69777685
,2063,2,2,1.0
,2063,3,0,0.96765286
,2064,0,0,0.70155835
,2064,1,0,0.7015583
,2064,2,0,0.77777857
,2064,3,2,0.9999534
,2065,0,0,0.72763515
,2065,1,0,0.7276349
,2065,2,3,1.0
,2065,3,0,0.94949305
,2066,0,0,0.5849863
,2066,1,0,0.58498245
,2066,2,1,0.70592815
,2066,3,2,1.0
,2067,0,0,0.689077
,2067,1,0,0.68903637
,2067,2,2,1.0
,2067,3,0,0.7779488
,2068,0,0,0.74097866
,2068,1,0,0.74050325
,2068,2,0,0.8477205
,2068,3,3,1.0
,2069,0,0,0.6118998
,2069,1,0,0.6064139
,2069,2,3,1.0
,2069,3,1,0.93367577
,2070,0,0,0.6203097
,2070,1,0,0.56928724
,2070,2,1,0.99214435
,2070,3,3,1.0
,2071,0,2,1.0
,2071,1,0,0.50886345
,2071,2,0,0.70791733
,2071,3,1,0.993935
,2072,0,0,0.90715647
,2072,1,0,0.67893314
,2072,2,2,1.0
,2072,3,0,0.84252745
,2073,0,0,0.7146349
,2073,1,0,0.6955654
,2073,2,0,0.9676712
,2073,3,2,1.0
,2074,0,0,0.6988205
,2074,1,0,0.69722843
,2074,2,2,1.0
,2074,3,0,0.9676795
,2075,0,0,0.6975109
,2075,1,0,0.697378
,2075,2,0,0.96767974
,2075,3,2,1.0
,2076,0,0,0.69740206
,2076,1,0,0.69739103
,2076,2,2,1.0
,2076,3,0,0.96767986
,2077,0,0,0.6973932
,2077,1,0,0.6973923
,2077,2,0,0.96767974
,2077,3,2,1.0
,2078,0,0,0.69739336
,2078,1,0,0.69739336
,2078,2,2,1.0
,2078,3,0,0.96767986
,2079,0,0,0.6974037
,2079,1,0,0.6974037
,2079,2,0,0.9676786
,2079,3,2,1.0
,2080,0,0,0.6974806
,2080,1,0,0.6974806
,2080,2,2,1.0
,2080,3,0,0.84895957
,2081,0,0,0.69734365
,2081,1,0,0.69734365
,2081,2,0,0.9676495
,2081,3,3,0.61766416
,2082,0,0,0.6987078
,2082,1,0,0.6987078
,2082,2,2,1.0
,2082,3,0,0.5290142
,2083,0,0,0.69296896
,2083,1,0,0.69296896
,2083,2,0,0.96758795
,2083,3,3,1.0
,2084,0,0,0.697401
,2084,1,0,0.697401
,2084,2,2,1.0
,2084,3,0,0.83677477
,2085,0,0,0.69861853
,2085,1,0,0.69861853
,2085,2,0,0.7779879
,2085,3,2,1.0
,2086,0,0,0.69280857
,2086,1,0,0.69280857
,2086,2,3,1.0
,2086,3,0,0.9675846
,2087,0,0,0.697204
,2087,1,0,0.697204
,2087,2,0,0.83558744
,2087,3,2,1.0
,2088,0,0,0.6972186
,2088,1,0,0.6972186
,2088,2,2,0.9972429
,2088,3,0,0.9676755
,2089,0,0,0.69737446
,2089,1,0,0.69737446
,2089,2,0,0.9673192
,2089,3,2,1.0
,2090,0,0,0.6973907
,2090,1,0,0.69739085
,2090,2,2,1.0
,2090,3,0,0.96767986
,2091,0,0,0.6973925
,2091,1,0,0.6973936
,2091,2,0,0.96768
,2091,3,2,1.0
,2092,0,0,0.69739693
,2092,1,0,0.69740915
,2092,2,2,1.0
,2092,3,0,0.9676794
,2093,0,0,0.6974326
,2093,1,0,0.697578
,2093,2,0,0.96765924
,2093,3,2,1.0
,2094,0,0,0.6971319
,2094,1,0,0.698874
,2094,2,2,1.0
,2094,3,0,0.7780891
,2095,0,0,0.6722063
,2095,1,0,0.6930344
,2095,2,0,0.96748483
,2095,3,3,1.0
,2096,0,1,0.54982376
,2096,1,0,0.69764346
,2096,2,2,1.0
,2096,3,0,0.62856054
,2097,0,3,1.0
,2097,1,0,0.6938073
,2097,2,0,0.9676087
,2097,3,0,0.702993
,2098,0,0,0.6268357
,2098,1,0,0.6974488
,2098,2,2,1.0
,2098,3,0,0.875331
,2099,0,0,0.6931191
,2099,1,0,0.69899964
,2099,2,0,0.7782783
,2099,3,2,1.0
,2100,0,0,0.693293
,2100,1,0,0.6937898
,2100,2,3,1.0
,2100,3,0,0.7770373
,2101,0,0,0.69292915
,2101,1,0,0.69297105
,2101,2,0,0.8343391
,2101,3,3,1.0
,2102,0,0,0.69707876
,2102,1,0,0.6970822
,2102,2,2,1.0
,2102,3,0,0.83677775
,2103,0,0,0.6972407
,2103,1,0,0.69724095
,2103,2,0,0.9152197
,2103,3,2,1.0
,2104,0,0,0.6972602
,2104,1,0,0.6972594
,2104,2,2,0.72724545
,2104,3,0,0.9519569
,2105,0,0,0.69738054
,2105,1,0,0.69737184
,2105,2,0,0.9319987
,2105,3,2,0.9182758
,2106,0,0,0.69748765
,2106,1,0,0.6973839
,2106,2,2,1.0
,2106,3,0,0.9569895
,2107,0,0,0.6986234
,2107,1,0,0.6973806
,2107,2,0,0.9676823
,2107,3,2,1.0
,2108,0,0,0.71223676
,2108,1,0,0.69735163
,2108,2,2,1.0
,2108,3,0,0.96770304
,2109,0,0,0.8758658
,2109,1,0,0.6975637
,2109,2,0,0.91315633
,2109,3,2,1.0
,2110,0,2,1.0
,2110,1,0,0.69742644
,2110,2,0,0.8846783
,2110,3,0,0.91314095
,2111,0,0,0.90739447
,2111,1,0,0.6976346
,2111,2,2,1.0
,2111,3,0,0.8845289
,2112,0,0,0.71610695
,2112,1,0,0.6986245
,2112,2,0,0.77799815
,2112,3,2,1.0
,2113,0,0,0.6943066
,2113,1,0,0.6928282
,2113,2,3,1.0
,2113,3,0,0.96758354
,2114,0,0,0.6978222
,2114,1,0,0.69769895
,2114,2,0,0.83678085
,2114,3,2,1.0
,2115,0,0,0.7024597
,2115,1,0,0.70244944
,2115,2,2,1.0
,2115,3,0,0.77787435
,2116,0,0,0.739464
,2116,1,0,0.7394632
,2116,2,0,0.94000053
,2116,3,3,1.0
,2117,0,0,0.5370327
,2117,1,0,0.5370326
,2117,2,2,1.0
,2117,3,1,0.9522186
,2118,0,0,0.67799276
,2118,1,0,0.67799276
,2118,2,0,0.7772823
,2118,3,2,1.0
,2119,0,0,0.6906041
,2119,1,0,0.69060415
,2119,2,3,1.0
,2119,3,0,0.9675724
,2120,0,0,0.69701296
,2120,1,0,0.69701284
,2120,2,0,0.8368654
,2120,3,2,1.0
,2121,0,0,0.69720393
,2121,1,0,0.69720316
,2121,2,2,1.0
,2121,3,0,0.9676755
,2122,0,0,0.69738173
,2122,1,0,0.697373
,2122,2,0,0.96767974
,2122,3,2,1.0
,2123,0,0,0.69749314
,2123,1,0,0.69738936
,2123,2,2,1.0
,2123,3,0,0.9676801
,2124,0,0,0.6986251
,2124,1,0,0.6973832
,2124,2,0,0.9676823
,2124,3,2,1.0
,2125,0,0,0.7122321
,2125,1,0,0.6973573
,2125,2,2,1.0
,2125,3,0,0.9677025
,2126,0,0,0.87578845
,2126,1,0,0.697609
,2126,2,0,0.9078223
,2126,3,2,1.0
,2127,0,2,1.0
,2127,1,0,0.6971958
,2127,2,0,0.7290669
,2127,3,0,0.9676967
,2128,0,0,0.9073315
,2128,1,0,0.6975961
,2128,2,0,0.8765205
,2128,3,2,1.0
,2129,0,0,0.71474683
,2129,1,0,0.6972271
,2129,2,2,1.0
,2129,3,0,0.96767396
,2130,0,0,0.69883144
,2130,1,0,0.69736856
,2130,2,0,0.9676795
,2130,3,2,1.0
,2131,0,0,0.69751185
,2131,1,0,0.69738966
,2131,2,2,1.0
,2131,3,0,0.96767974
,2132,0,0,0.69740224
,2132,1,0,0.6973921
,2132,2,0,0.96768
,2132,3,2,0.99999917
,2133,0,0,0.69739366
,2133,1,0,0.6973928
,2133,2,2,1.0
,2133,3,0,0.96767974
,2134,0,0,0.69739836
,2134,1,0,0.69739825
,2134,2,0,0.9676791
,2134,3,2,1.0
,2135,0,0,0.69743484
,2135,1,0,0.69743484
,2135,2,2,1.0
,2135,3,0,0.8825769
,2136,0,0,0.6972499
,2136,1,0,0.6972499
,2136,2,0,0.9676779
,2136,3,2,0.5573778
,2137,0,0,0.6974111
,2137,1,0,0.6974111
,2137,2,2,1.0
,2137,3,0,0.9097821
,2138,0,0,0.6975612
,2138,1,0,0.6975612
,2138,2,0,0.96765965
,2138,3,2,1.0
,2139,0,0,0.69880307
,2139,1,0,0.69880307
,2139,2,2,1.0
,2139,3,0,0.7780042
,2140,0,0,0.6928797
,2140,1,0,0.6928797
,2140,2,0,0.967584
,2140,3,3,1.0
,2141,0,0,0.69769394
,2141,1,0,0.69769394
,2141,2,2,1.0
,2141,3,0,0.8366732
,2142,0,0,0.70145
,2142,1,0,0.70145
,2142,2,0,0.9150877
,2142,3,2,1.0
,2143,0,0,0.6841737
,2143,1,0,0.6841737
,2143,2,0,0.87797034
,2143,3,2,1.0
,2144,0,0,0.69588333
,2144,1,0,0.69588333
,2144,2,2,1.0
,2144,3,0,0.9676688
,2145,0,0,0.69725853
,2145,1,0,0.69725853
,2145,2,0,0.96767974
,2145,3,2,1.0
,2146,0,0,0.697381
,2146,1,0,0.697381
,2146,2,2,1.0
,2146,3,0,0.96767986
,2147,0,0,0.69739133
,2147,1,0,0.69739133
,2147,2,0,0.96768
,2147,3,2,1.0
,2148,0,0,0.69739217
,2148,1,0,0.69739217
,2148,2,2,1.0
,2148,3,0,0.96767986
,2149,0,0,0.6973923
,2149,1,0,0.6973923
,2149,2,0,0.96768
,2149,3,2,1.0
,2150,0,0,0.6973923
,2150,1,0,0.6973923
,2150,2,2,1.0
,2150,3,0,0.96767986
,2151,0,0,0.69739217
,2151,1,0,0.6973923
,2151,2,0,0.96768
,2151,3,2,1.0
,2152,0,0,0.6973913
,2152,1,0,0.69739234
,2152,2,2,1.0
,2152,3,0,0.96767986
,2153,0,0,0.6973806
,2153,1,0,0.6973928
,2153,2,0,0.96767974
,2153,3,2,1.0
,2154,0,0,0.6972527
,2154,1,0,0.69739884
,2154,2,2,1.0
,2154,3,0,0.9676795
,2155,0,0,0.69570863
,2155,1,0,0.69745934
,2155,2,0,0.9667834
,2155,3,2,1.0
,2156,0,0,0.67705333
,2156,1,0,0.6980221
,2156,2,2,0.9953659
,2156,3,0,0.9676098
,2157,0,1,0.54829866
,2157,1,0,0.7027954
,2157,2,0,0.9024519
,2157,3,2,1.0
,2158,0,3,1.0
,2158,1,0,0.7440173
,2158,2,0,0.5904468
,2158,3,0,0.92809075
,2159,0,1,0.9486019
,2159,1,0,0.58907104
,2159,2,3,1.0
,2159,3,0,0.6652642
,2160,0,1,0.56316125
,2160,1,0,0.5210681
,2160,2,1,0.8851361
,2160,3,2,0.99939233
,2161,0,1,0.5803946
,2161,1,0,0.6799572
,2161,2,2,1.0
,2161,3,0,0.9031866
,2162,0,3,1.0
,2162,1,0,0.7438799
,2162,2,0,0.92695415
,2162,3,0,0.5935359
,2163,0,1,0.9908593
,2163,1,0,0.5924325
,2163,2,0,0.61255234
,2163,3,3,1.0
,2164,0,3,1.0
,2164,1,0,0.5775525
,2164,2,0,0.5798243
,2164,3,1,0.9754246
,2165,0,1,0.99093646
,2165,1,0,0.57373905
,2165,2,0,0.5745865
,2165,3,3,1.0
,2166,0,3,1.0
,2166,1,0,0.5729263
,2166,2,0,0.5784564
,2166,3,1,0.99091697
,2167,0,1,0.99295425
,2167,1,0,0.56646454
,2167,2,0,0.6164946
,2167,3,3,1.0
,2168,0,1,0.5465281
,2168,1,0,0.5162472
,2168,2,2,1.0
,2168,3,1,0.9979567
,2169,0,0,0.7206506
,2169,1,0,0.72737086
,2169,2,0,0.8527931
,2169,3,3,1.0
,2170,0,0,0.56973356
,2170,1,0,0.59105897
,2170,2,3,1.0
,2170,3,1,0.9908231
,2171,0,1,0.61653787
,2171,1,0,0.5745983
,2171,2,1,0.98028564
,2171,3,3,1.0
,2172,0,3,1.0
,2172,1,0,0.56555486
,2172,2,0,0.53202724
,2172,3,1,0.9913216
,2173,0,1,0.98467636
,2173,1,0,0.51006925
,2173,2,0,0.7517817
,2173,3,2,1.0
,2174,0,0,0.64247507
,2174,1,0,0.68378943
,2174,2,2,1.0
,2174,3,0,0.7774868
,2175,0,0,0.73690236
,2175,1,0,0.74007326
,2175,2,0,0.93851334
,2175,3,3,1.0
,2176,0,0,0.53515965
,2176,1,0,0.5355144
,2176,2,2,1.0
,2176,3,1,0.9992295
,2177,0,0,0.7216558
,2177,1,0,0.72168374
,2177,2,0,0.85126364
,2177,3,3,0.9982025
,2178,0,0,0.5338051
,2178,1,0,0.5338101
,2178,2,3,1.0
,2178,3,1,0.886134
,2179,0,0,0.6805724
,2179,1,0,0.6805925
,2179,2,1,0.6344704
,2179,3,2,1.0
,2180,0,0,0.74463886
,2180,1,0,0.74486756
,2180,2,3,1.0
,2180,3,0,0.8537995
,2181,0,0,0.5827737
,2181,1,0,0.58541936
,2181,2,1,0.9913104
,2181,3,3,1.0
,2182,0,1,0.51163626
,2182,1,0,0.5126839
,2182,2,2,1.0
,2182,3,1,0.9940318
,2183,0,1,0.5764878
,2183,1,0,0.67387813
,2183,2,0,0.9067487
,2183,3,2,0.9999943
,2184,0,3,1.0
,2184,1,0,0.6926449
,2184,2,0,0.69210905
,2184,3,0,0.7786531
,2185,0,0,0.62127364
,2185,1,0,0.69194335
,2185,2,1,0.5538186
,2185,3,3,1.0
,2186,0,0,0.68649036
,2186,1,0,0.6924699
,2186,2,3,1.0
,2186,3,1,0.63174087
,2187,0,0,0.6934319
,2187,1,0,0.69393533
,2187,2,0,0.83501965
,2187,3,3,1.0
,2188,0,0,0.69714
,2188,1,0,0.69718206
,2188,2,2,1.0
,2188,3,0,0.8367954
,2189,0,0,0.69722915
,2189,1,0,0.6972327
,2189,2,0,0.9676749
,2189,3,2,1.0
,2190,0,0,0.6975788
,2190,1,0,0.6975791
,2190,2,2,1.0
,2190,3,0,0.9676584
,2191,0,0,0.69907707
,2191,1,0,0.69907707
,2191,2,0,0.77829033
,2191,3,2,1.0
,2192,0,0,0.69379103
,2192,1,0,0.69379103
,2192,2,3,1.0
,2192,3,0,0.7770375
,2193,0,0,0.6929694
,2193,1,0,0.6929694
,2193,2,0,0.83433807
,2193,3,3,1.0
,2194,0,0,0.69708073
,2194,1,0,0.69708073
,2194,2,2,1.0
,2194,3,0,0.836781
,2195,0,0,0.69725186
,2195,1,0,0.69725186
,2195,2,0,0.96767515
,2195,3,2,1.0
,2196,0,0,0.6979206
,2196,1,0,0.6979206
,2196,2,2,1.0
,2196,3,0,0.9676605
,2197,0,0,0.70324296
,2197,1,0,0.70324296
,2197,2,0,0.7781176
,2197,3,2,1.0
,2198,0,0,0.74493706
,2198,1,0,0.74493706
,2198,2,3,1.0
,2198,3,0,0.8518183
,2199,0,0,0.5963021
,2199,1,0,0.59630203
,2199,2,1,0.9747612
,2199,3,3,1.0
,2200,0,0,0.5669513
,2200,1,0,0.5669513
,2200,2,3,1.0
,2200,3,1,0.9967706
,2201,0,0,0.5136835
,2201,1,0,0.5136835
,2201,2,1,0.8873544
,2201,3,2,1.0
,2202,0,0,0.6753531
,2202,1,0,0.6753531
,2202,2,2,1.0
,2202,3,0,0.96734214
,2203,0,0,0.6956058
,2203,1,0,0.6956058
,2203,2,0,0.9676567
,2203,3,2,0.9991615
,2204,0,0,0.69863474
,2204,1,0,0.69863474
,2204,2,2,1.0
,2204,3,0,0.77766496
,2205,0,0,0.6928244
,2205,1,0,0.6928244
,2205,2,0,0.9675849
,2205,3,3,1.0
,2206,0,0,0.6972091
,2206,1,0,0.69720906
,2206,2,2,1.0
,2206,3,0,0.83687
,2207,0,0,0.6972624
,2207,1,0,0.6972624
,2207,2,0,0.96767515
,2207,3,2,1.0
,2208,0,0,0.697879
,2208,1,0,0.697879
,2208,2,2,1.0
,2208,3,0,0.9676615
,2209,0,0,0.7027694
,2209,1,0,0.7027694
,2209,2,0,0.7778859
,2209,3,2,1.0
,2210,0,0,0.7412058
,2210,1,0,0.7412058
,2210,2,3,1.0
,2210,3,0,0.9388843
,2211,0,0,0.53712946
,2211,1,0,0.53712946
,2211,2,1,0.9978789
,2211,3,2,1.0
,2212,0,0,0.72334284
,2212,1,0,0.72334284
,2212,2,3,1.0
,2212,3,0,0.9386793
,2213,0,0,0.5303916
,2213,1,0,0.5303916
,2213,2,1,0.98296463
,2213,3,2,1.0
,2214,0,0,0.6813501
,2214,1,0,0.6813501
,2214,2,2,1.0
,2214,3,0,0.77719563
,2215,0,0,0.7394765
,2215,1,0,0.7394761
,2215,2,0,0.85369974
,2215,3,3,1.0
,2216,0,0,0.53465307
,2216,1,0,0.5346482
,2216,2,3,1.0
,2216,3,1,0.9840589
,2217,0,0,0.6983774
,2217,1,0,0.6983276
,2217,2,0,0.648871
,2217,3,2,1.0
,2218,0,0,0.67184126
,2218,1,0,0.6712849
,2218,2,0,0.7223828
,2218,3,3,1.0
,2219,0,0,0.54435164
,2219,1,0,0.53869396
,2219,2,2,1.0
,2219,3,1,0.9835872
,2220,0,0,0.77774686
,2220,1,0,0.7193773
,2220,2,0,0.93045276
,2220,3,3,1.0
,2221,0,2,1.0
,2221,1,0,0.5465615
,2221,2,0,0.79853076
,2221,3,1,0.95223194
,2222,0,0,0.777634
,2222,1,0,0.6832022
,2222,2,2,1.0
,2222,3,0,0.64268345
,2223,0,3,1.0
,2223,1,0,0.6914747
,2223,2,0,0.9675794
,2223,3,0,0.70308244
,2224,0,0,0.6265843
,2224,1,0,0.6970278
,2224,2,2,1.0
,2224,3,0,0.8754019
,2225,0,0,0.69141924
,2225,1,0,0.6973015
,2225,2,0,0.9676786
,2225,3,2,1.0
,2226,0,0,0.69689536
,2226,1,0,0.69738644
,2226,2,2,1.0
,2226,3,0,0.96767986
,2227,0,0,0.6973531
,2227,1,0,0.6973941
,2227,2,0,0.9673245
,2227,3,2,1.0
,2228,0,0,0.69738245
,2228,1,0,0.69738585
,2228,2,2,0.99815637
,2228,3,0,0.96767974
,2229,0,0,0.69739795
,2229,1,0,0.6973982
,2229,2,0,0.9674387
,2229,3,2,1.0
,2230,0,0,0.6974602
,2230,1,0,0.6974602
,2230,2,2,1.0
,2230,3,0,0.9676791
,2231,0,0,0.69818217
,2231,1,0,0.69818217
,2231,2,0,0.9676378
,2231,3,2,1.0
,2232,0,0,0.7053242
,2232,1,0,0.7053241
,2232,2,2,1.0
,2232,3,0,0.9105313
,2233,0,0,0.7240524
,2233,1,0,0.7240524
,2233,2,2,1.0
,2233,3,0,0.74060696
,2234,0,2,0.56231064
,2234,1,0,1.0
,2234,2,0,1.0
,2234,3,0,1.0
,2235,0,0,0.90984255
,2235,1,0,0.72088933
,2235,2,2,1.0
,2235,3,0,0.72207355
,2236,0,2,1.0
,2236,1,0,0.6991898
,2236,2,0,0.9676987
,2236,3,0,0.7140101
,2237,0,0,0.90733194
,2237,1,0,0.69776845
,2237,2,2,1.0
,2237,3,0,0.8758561
,2238,0,0,0.7147464
,2238,1,0,0.69724107
,2238,2,0,0.96767396
,2238,3,2,1.0
,2239,0,0,0.6988313
,2239,1,0,0.6973698
,2239,2,2,1.0
,2239,3,0,0.9676795
,2240,0,0,0.69751185
,2240,1,0,0.6973898
,2240,2,0,0.96767974
,2240,3,2,1.0
,2241,0,0,0.6974022
,2241,1,0,0.69739205
,2241,2,2,1.0
,2241,3,0,0.96767986
,2242,0,0,0.6973931
,2242,1,0,0.6973923
,2242,2,0,0.96768
,2242,3,2,1.0
,2243,0,0,0.6973923
,2243,1,0,0.6973923
,2243,2,2,1.0
,2243,3,0,0.96767986
,2244,0,0,0.6973923
,2244,1,0,0.6973923
,2244,2,0,0.96767974
,2244,3,2,1.0
,2245,0,0,0.6973925
,2245,1,0,0.6973925
,2245,2,2,1.0
,2245,3,0,0.96767986
,2246,0,0,0.6973952
,2246,1,0,0.6973952
,2246,2,0,0.96768
,2246,3,2,1.0
,2247,0,0,0.69742686
,2247,1,0,0.6974268
,2247,2,2,1.0
,2247,3,0,0.9676796
,2248,0,0,0.6977947
,2248,1,0,0.69779384
,2248,2,0,0.967662
,2248,3,2,1.0
,2249,0,0,0.7015597
,2249,1,0,0.70154923
,2249,2,2,1.0
,2249,3,0,0.77777624
,2250,0,0,0.7276521
,2250,1,0,0.7275274
,2250,2,0,0.94953007
,2250,3,3,1.0
,2251,0,0,0.5857518
,2251,1,0,0.5843022
,2251,2,2,1.0
,2251,3,1,0.7052565
,2252,0,0,0.6986802
,2252,1,0,0.68340164
,2252,2,0,0.9675847
,2252,3,2,1.0
,2253,0,0,0.875226
,2253,1,0,0.6963275
,2253,2,2,1.0
,2253,3,0,0.913152
,2254,0,2,1.0
,2254,1,0,0.6973413
,2254,2,0,0.91314083
,2254,3,0,0.8846776
,2255,0,0,0.9074911
,2255,1,0,0.6978687
,2255,2,0,0.8845345
,2255,3,2,1.0
,2256,0,0,0.7189699
,2256,1,0,0.7015896
,2256,2,2,1.0
,2256,3,0,0.7778769
,2257,0,0,0.7305722
,2257,1,0,0.7292008
,2257,2,0,0.94825387
,2257,3,3,1.0
,2258,0,0,0.5789983
,2258,1,0,0.5788516
,2258,2,2,1.0
,2258,3,1,0.9532434
,2259,0,0,0.6790976
,2259,1,0,0.6790762
,2259,2,0,0.96749103
,2259,3,3,1.0
,2260,0,0,0.69610685
,2260,1,0,0.6960018
,2260,2,2,1.0
,2260,3,0,0.8368371
,2261,0,0,0.6983524
,2261,1,0,0.69710976
,2261,2,0,0.9676779
,2261,3,2,1.0
,2262,0,0,0.71220684
,2262,1,0,0.69733125
,2262,2,2,1.0
,2262,3,0,0.9677025
,2263,0,0,0.8757873
,2263,1,0,0.6976068
,2263,2,0,0.9078223
,2263,3,2,1.0
,2264,0,2,1.0
,2264,1,0,0.69719553
,2264,2,0,0.7290669
,2264,3,0,0.9676967
,2265,0,0,0.90737224
,2265,1,0,0.6975947
,2265,2,0,0.87652135
,2265,3,2,1.0
,2266,0,0,0.71593785
,2266,1,0,0.6972185
,2266,2,2,1.0
,2266,3,0,0.9676764
,2267,0,0,0.71362907
,2267,1,0,0.69733614
,2267,2,0,0.96770215
,2267,3,2,1.0
,2268,0,0,0.8758394
,2268,1,0,0.69763273
,2268,2,2,1.0
,2268,3,0,0.907342
,2269,0,2,1.0
,2269,1,0,0.69740415
,2269,2,0,0.96765417
,2269,3,0,0.7150175
,2270,0,0,0.7779755
,2270,1,0,0.6987627
,2270,2,2,1.0
,2270,3,0,0.70147365
,2271,0,3,1.0
,2271,1,0,0.6928893
,2271,2,0,0.9675817
,2271,3,0,0.70802164
,2272,0,0,0.6265836
,2272,1,0,0.69714504
,2272,2,2,1.0
,2272,3,0,0.8756205
,2273,0,0,0.69141936
,2273,1,0,0.69731146
,2273,2,0,0.9676786
,2273,3,2,1.0
,2274,0,0,0.6968958
,2274,1,0,0.6973869
,2274,2,2,1.0
,2274,3,0,0.96768
,2275,0,0,0.6973595
,2275,1,0,0.6973919
,2275,2,0,0.96768
,2275,3,2,1.0
,2276,0,0,0.6974913
,2276,1,0,0.69739103
,2276,2,2,1.0
,2276,3,0,0.9676801
,2277,0,0,0.69862527
,2277,1,0,0.6973828
,2277,2,0,0.9676823
,2277,3,2,1.0
,2278,0,0,0.7122369
,2278,1,0,0.6973517
,2278,2,2,1.0
,2278,3,0,0.96770304
,2279,0,0,0.87586594
,2279,1,0,0.6975623
,2279,2,0,0.91315633
,2279,3,2,0.9999999
,2280,0,2,1.0
,2280,1,0,0.69740975
,2280,2,0,0.88468003
,2280,3,0,0.9131428
,2281,0,0,0.9073202
,2281,1,0,0.69745094
,2281,2,2,1.0
,2281,3,0,0.8846025
,2282,0,0,0.7147502
,2282,1,0,0.69721955
,2282,2,0,0.96767396
,2282,3,2,1.0
,2283,0,0,0.69883186
,2283,1,0,0.6973688
,2283,2,2,1.0
,2283,3,0,0.9676795
,2284,0,0,0.6975124
,2284,1,0,0.6973982
,2284,2,0,0.96768
,2284,3,2,1.0
,2285,0,0,0.69740945
,2285,1,0,0.6974944
,2285,2,2,1.0
,2285,3,0,0.9676801
,2286,0,0,0.69748664
,2286,1,0,0.69862485
,2286,2,0,0.96768254
,2286,3,2,1.0
,2287,0,0,0.6985911
,2287,1,0,0.71223426
,2287,2,2,1.0
,2287,3,0,0.9677048
,2288,0,0,0.7124546
,2288,1,0,0.8758818
,2288,2,0,0.90780044
,2288,3,2,1.0
,2289,0,0,0.8758005
,2289,1,2,1.0
,2289,2,0,0.7292971
,2289,3,0,0.907791
,2290,0,2,1.0
,2290,1,0,0.90730006
,2290,2,0,0.87653327
,2290,3,0,0.729286
,2291,0,0,0.9073218
,2291,1,0,0.71497154
,2291,2,2,1.0
,2291,3,0,0.8764387
,2292,0,0,0.71473587
,2292,1,0,0.6986679
,2292,2,0,0.96767354
,2292,3,2,1.0
,2293,0,0,0.6988298
,2293,1,0,0.6974882
,2293,2,2,1.0
,2293,3,0,0.9676734
,2294,0,0,0.69751155
,2294,1,0,0.69739956
,2294,2,0,0.96767974
,2294,3,2,0.9999682
,2295,0,0,0.69740224
,2295,1,0,0.6973928
,2295,2,2,1.0
,2295,3,0,0.9676757
,2296,0,0,0.6973931
,2296,1,0,0.69739234
,2296,2,0,0.96768
,2296,3,2,1.0
,2297,0,0,0.6973925
,2297,1,0,0.6973924
,2297,2,2,1.0
,2297,3,0,0.9676374
,2298,0,0,0.6973917
,2298,1,0,0.6973917
,2298,2,0,0.96768
,2298,3,2,0.99977946
,2299,0,0,0.6973923
,2299,1,0,0.6973923
,2299,2,2,1.0
,2299,3,0,0.967651
,2300,0,0,0.6973923
,2300,1,0,0.6973923
,2300,2,0,0.96768
,2300,3,2,1.0
,2301,0,0,0.6973923
,2301,1,0,0.6973923
,2301,2,2,1.0
,2301,3,0,0.96767986
,2302,0,0,0.6973923
,2302,1,0,0.6973923
,2302,2,0,0.96768
,2302,3,2,1.0
,2303,0,0,0.6973923
,2303,1,0,0.6973923
,2303,2,2,1.0
,2303,3,0,0.96767986
,2304,0,0,0.6973923
,2304,1,0,0.6973923
,2304,2,0,0.96768
,2304,3,2,1.0
,2305,0,0,0.6973923
,2305,1,0,0.6973923
,2305,2,2,1.0
,2305,3,0,0.96767986
,2306,0,0,0.69739234
,2306,1,0,0.6973923
,2306,2,0,0.96768
,2306,3,2,1.0
,2307,0,0,0.6973931
,2307,1,0,0.69739234
,2307,2,2,1.0
,2307,3,0,0.96767986
,2308,0,0,0.69740206
,2308,1,0,0.69739336
,2308,2,0,0.96768
,2308,3,2,1.0
,2309,0,0,0.69751066
,2309,1,0,0.69740564
,2309,2,2,1.0
,2309,3,0,0.96767974
,2310,0,0,0.6988028
,2310,1,0,0.6975445
,2310,2,0,0.9676638
,2310,3,2,1.0
,2311,0,0,0.71369517
,2311,1,0,0.6986244
,2311,2,2,1.0
,2311,3,0,0.77764904
,2312,0,0,0.8737399
,2312,1,0,0.6935048
,2312,2,0,0.91290486
,2312,3,3,1.0
,2313,0,2,1.0
,2313,1,0,0.6969831
,2313,2,0,0.88470113
,2313,3,0,0.64293396
,2314,0,0,0.9073299
,2314,1,0,0.6975445
,2314,2,2,1.0
,2314,3,0,0.8726817
,2315,0,0,0.71474105
,2315,1,0,0.69722134
,2315,2,0,0.9676738
,2315,3,2,1.0
,2316,0,0,0.6988299
,2316,1,0,0.6974205
,2316,2,2,1.0
,2316,3,0,0.9676796
,2317,0,0,0.69750535
,2317,1,0,0.6980258
,2317,2,0,0.9676816
,2317,3,2,1.0
,2318,0,0,0.69737786
,2318,1,0,0.705064
,2318,2,2,1.0
,2318,3,0,0.96769565
,2319,0,0,0.697543
,2319,1,0,0.7897314
,2319,2,0,0.9131748
,2319,3,2,1.0
,2320,0,0,0.69666564
,2320,1,2,0.7986207
,2320,2,0,0.88423425
,2320,3,0,0.8990729
,2321,0,0,0.6872858
,2321,1,0,0.85374486
,2321,2,2,1.0
,2321,3,1,0.52717745
,2322,0,0,0.55943894
,2322,1,0,0.7534871
,2322,2,0,0.9273569
,2322,3,3,1.0
,2323,0,3,1.0
,2323,1,0,0.62286395
,2323,2,0,0.69332
,2323,3,1,0.87131596
,2324,0,1,0.88225263
,2324,1,0,0.77940756
,2324,2,2,1.0
,2324,3,1,0.512144
,2325,0,0,0.847921
,2325,1,2,1.0
,2325,2,0,0.90768117
,2325,3,0,0.6777177
,2326,0,2,0.9999999
,2326,1,0,0.96769416
,2326,2,0,0.7289797
,2326,3,0,0.69531274
,2327,0,0,0.9073545
,2327,1,2,1.0
,2327,2,0,0.8764967
,2327,3,0,0.6957584
,2328,0,0,0.7152284
,2328,1,0,0.9676073
,2328,2,2,1.0
,2328,3,0,0.6767864
,2329,0,0,0.70276606
,2329,1,2,1.0
,2329,2,0,0.91150403
,2329,3,1,0.5492041
,2330,0,0,0.73190796
,2330,1,0,0.921353
,2330,2,0,0.8203067
,2330,3,3,1.0
,2331,0,0,0.5860756
,2331,1,0,0.59884375
,2331,2,2,1.0
,2331,3,1,0.9539743
,2332,0,0,0.79532105
,2332,1,0,0.7183628
,2332,2,0,0.9213947
,2332,3,3,1.0
,2333,0,2,1.0
,2333,1,0,0.5597535
,2333,2,0,0.5989025
,2333,3,1,0.953941
,2334,0,0,0.92569286
,2334,1,0,0.54231787
,2334,2,0,0.72739965
,2334,3,3,1.0
,2335,0,0,0.64231974
,2335,1,3,1.0
,2335,2,0,0.5956546
,2335,3,1,0.8339592
,2336,0,0,0.7734711
,2336,1,1,0.89305884
,2336,2,0,0.52931035
,2336,3,2,1.0
,2337,0,2,1.0
,2337,1,0,0.6448412
,2337,2,0,0.680433
,2337,3,0,0.967604
,2338,0,0,0.9676626
,2338,1,0,0.6933779
,2338,2,0,0.6968904
,2338,3,2,1.0
,2339,0,2,1.0
,2339,1,0,0.7012771
,2339,2,0,0.7080532
,2339,3,0,0.77772105
,2340,0,0,0.92067796
,2340,1,0,0.7289978
,2340,2,0,0.8070946
,2340,3,3,1.0
,2341,0,0,0.59931886
,2341,1,0,0.57896143
,2341,2,2,0.9881989
,2341,3,1,0.71002114
,2342,0,0,0.68447924
,2342,1,0,0.68275774
,2342,2,0,0.9659772
,2342,3,2,1.0
,2343,0,0,0.6962594
,2343,1,0,0.6961156
,2343,2,2,1.0
,2343,3,0,0.96767724
,2344,0,0,0.6976966
,2344,1,0,0.6976837
,2344,2,0,0.967662
,2344,3,2,1.0
,2345,0,0,0.70155317
,2345,1,0,0.7015418
,2345,2,2,1.0
,2345,3,0,0.77777696
,2346,0,0,0.7276642
,2346,1,0,0.7275393
,2346,2,0,0.9495205
,2346,3,3,1.0
,2347,0,0,0.5857082
,2347,1,0,0.58425903
,2347,2,2,1.0
,2347,3,1,0.70837474
,2348,0,0,0.6986559
,2348,1,0,0.6833828
,2348,2,0,0.96758425
,2348,3,2,0.98763347
,2349,0,0,0.8752162
,2349,1,0,0.69638854
,2349,2,2,1.0
,2349,3,0,0.90980434
,2350,0,2,1.0
,2350,1,0,0.6980079
,2350,2,0,0.8990658
,2350,3,0,0.8842004
,2351,0,0,0.9095003
,2351,1,0,0.70234966
,2351,2,1,0.52760863
,2351,3,2,1.0
,2352,0,0,0.7575305
,2352,1,0,0.7416349
,2352,2,3,1.0
,2352,3,0,0.84794295
,2353,0,0,0.59841454
,2353,1,0,0.59670806
,2353,2,1,0.8370446
,2353,3,3,1.0
,2354,0,0,0.53141403
,2354,1,0,0.531375
,2354,2,2,1.0
,2354,3,1,0.9591125
,2355,0,0,0.7097519
,2355,1,0,0.711298
,2355,2,0,0.9493519
,2355,3,3,1.0
,2356,0,0,0.5821948
,2356,1,0,0.5996749
,2356,2,2,1.0
,2356,3,1,0.7048294
,2357,0,0,0.684349
,2357,1,0,0.86849385
,2357,2,0,0.9074741
,2357,3,2,1.0
,2358,0,0,0.70022154
,2358,1,2,1.0
,2358,2,0,0.725294
,2358,3,0,0.7776936
,2359,0,0,0.7288146
,2359,1,0,0.9206482
,2359,2,0,0.8115149
,2359,3,3,1.0
,2360,0,0,0.5792511
,2360,1,0,0.5996169
,2360,2,2,1.0
,2360,3,1,0.70976985
,2361,0,0,0.6828198
,2361,1,0,0.6845418
,2361,2,0,0.96755356
,2361,3,2,1.0
,2362,0,0,0.69650793
,2362,1,0,0.6966516
,2362,2,2,1.0
,2362,3,0,0.96765924
,2363,0,0,0.7016749
,2363,1,0,0.70168674
,2363,2,0,0.7778779
,2363,3,2,1.0
,2364,0,0,0.72947806
,2364,1,0,0.729479
,2364,2,3,1.0
,2364,3,0,0.94830316
,2365,0,0,0.5825475
,2365,1,0,0.58254755
,2365,2,1,0.9532523
,2365,3,2,1.0
,2366,0,0,0.71695584
,2366,1,0,0.71695584
,2366,2,3,1.0
,2366,3,0,0.94809234
,2367,0,0,0.5807981
,2367,1,0,0.5807981
,2367,2,1,0.9533278
,2367,3,2,1.0
,2368,0,0,0.7170108
,2368,1,0,0.7170108
,2368,2,3,1.0
,2368,3,0,0.9480511
,2369,0,0,0.5823373
,2369,1,0,0.5823373
,2369,2,1,0.9531539
,2369,3,2,1.0
,2370,0,0,0.7282326
,2370,1,0,0.7282326
,2370,2,3,1.0
,2370,3,0,0.84756035
,2371,0,0,0.5947521
,2371,1,0,0.59475213
,2371,2,1,0.8372003
,2371,3,3,1.0
,2372,0,0,0.52779245
,2372,1,0,0.5277925
,2372,2,2,1.0
,2372,3,1,0.95903057
,2373,0,0,0.6734765
,2373,1,0,0.6734765
,2373,2,0,0.96745783
,2373,3,3,1.0
,2374,0,0,0.696062
,2374,1,0,0.696062
,2374,2,2,1.0
,2374,3,0,0.83672357
,2375,0,0,0.70280164
,2375,1,0,0.70280164
,2375,2,0,0.77840316
,2375,3,2,1.0
,2376,0,0,0.7409534
,2376,1,0,0.7409534
,2376,2,3,1.0
,2376,3,0,0.8477788
,2377,0,0,0.59591067
,2377,1,0,0.59591067
,2377,2,1,0.83591443
,2377,3,3,1.0
,2378,0,0,0.5294052
,2378,1,0,0.5294052
,2378,2,2,1.0
,2378,3,1,0.7392506
,2379,0,0,0.68308896
,2379,1,0,0.683089
,2379,2,0,0.7778351
,2379,3,2,1.0
,2380,0,0,0.73906785
,2380,1,0,0.73906785
,2380,2,3,1.0
,2380,3,0,0.84774286
,2381,0,0,0.59560007
,2381,1,0,0.59560007
,2381,2,1,0.83590287
,2381,3,3,1.0
,2382,0,0,0.5286189
,2382,1,0,0.5286189
,2382,2,2,1.0
,2382,3,1,0.73870516
,2383,0,0,0.6780989
,2383,1,0,0.6780989
,2383,2,0,0.9675067
,2383,3,2,1.0
,2384,0,0,0.70146406
,2384,1,0,0.70146406
,2384,2,2,1.0
,2384,3,0,0.77842385
,2385,0,0,0.74178326
,2385,1,0,0.74178326
,2385,2,0,0.84833336
,2385,3,3,1.0
,2386,0,0,0.6016482
,2386,1,0,0.6016482
,2386,2,3,0.99976754
,2386,3,1,0.9358339
,2387,0,0,0.574906
,2387,1,0,0.574906
,2387,2,1,0.8393438
,2387,3,3,1.0
,2388,0,0,0.52559805
,2388,1,0,0.52559805
,2388,2,2,1.0
,2388,3,1,0.8751826
,2389,0,0,0.6775463
,2389,1,0,0.6775463
,2389,2,0,0.96750444
,2389,3,3,0.6174942
,2390,0,0,0.69973093
,2390,1,0,0.69973093
,2390,2,2,1.0
,2390,3,0,0.52880305
,2391,0,0,0.7274418
,2391,1,0,0.7274418
,2391,2,0,0.94952506
,2391,3,3,1.0
,2392,0,0,0.58433163
,2392,1,0,0.58433163
,2392,2,2,1.0
,2392,3,1,0.705352
,2393,0,0,0.68382275
,2393,1,0,0.6838229
,2393,2,0,0.9675395
,2393,3,2,1.0
,2394,0,0,0.7005185
,2394,1,0,0.7005185
,2394,2,2,1.0
,2394,3,0,0.77787226
,2395,0,0,0.7291435
,2395,1,0,0.7291435
,2395,2,0,0.94825816
,2395,3,3,1.0
,2396,0,0,0.57886606
,2396,1,0,0.578866
,2396,2,2,1.0
,2396,3,1,0.95324063
,2397,0,0,0.6791267
,2397,1,0,0.6791267
,2397,2,0,0.9674908
,2397,3,3,1.0
,2398,0,0,0.69655186
,2398,1,0,0.69655186
,2398,2,2,1.0
,2398,3,0,0.83673507
,2399,0,0,0.70284146
,2399,1,0,0.70284146
,2399,2,0,0.778403
,2399,3,2,1.0
,2400,0,0,0.7409468
,2400,1,0,0.7409468
,2400,2,3,1.0
,2400,3,0,0.8477776
,2401,0,0,0.59581226
,2401,1,0,0.59581226
,2401,2,1,0.8358945
,2401,3,3,1.0
,2402,0,0,0.5285856
,2402,1,0,0.5285856
,2402,2,2,1.0
,2402,3,1,0.73869675
,2403,0,0,0.6775524
,2403,1,0,0.6775524
,2403,2,0,0.9675289
,2403,3,2,1.0
,2404,0,0,0.6958099
,2404,1,0,0.6958099
,2404,2,2,1.0
,2404,3,0,0.96765727
,2405,0,0,0.69865435
,2405,1,0,0.69865435
,2405,2,0,0.7780039
,2405,3,2,1.0
,2406,0,0,0.6928409
,2406,1,0,0.6928409
,2406,2,3,1.0
,2406,3,0,0.9675845
,2407,0,0,0.6973881
,2407,1,0,0.6973881
,2407,2,0,0.8367733
,2407,3,2,1.0
,2408,0,0,0.69861877
,2408,1,0,0.6986188
,2408,2,2,1.0
,2408,3,0,0.7779879
,2409,0,0,0.692825
,2409,1,0,0.692825
,2409,2,0,0.96758425
,2409,3,3,1.0
,2410,0,0,0.69738644
,2410,1,0,0.69738644
,2410,2,2,1.0
,2410,3,0,0.83677316
,2411,0,0,0.6986173
,2411,1,0,0.6986173
,2411,2,0,0.7779879
,2411,3,2,1.0
,2412,0,0,0.6928085
,2412,1,0,0.6928085
,2412,2,3,1.0
,2412,3,0,0.9675846
,2413,0,0,0.69720405
,2413,1,0,0.69720405
,2413,2,0,0.83686984
,2413,3,2,1.0
,2414,0,0,0.6972206
,2414,1,0,0.6972206
,2414,2,2,1.0
,2414,3,0,0.9676755
,2415,0,0,0.6973905
,2415,1,0,0.6973905
,2415,2,0,0.96767926
,2415,3,2,1.0
,2416,0,0,0.69756854
,2416,1,0,0.6975685
,2416,2,2,1.0
,2416,3,0,0.9676599
,2417,0,0,0.6988017
,2417,1,0,0.6988017
,2417,2,0,0.77800405
,2417,3,2,1.0
,2418,0,0,0.69285333
,2418,1,0,0.69285333
,2418,2,3,1.0
,2418,3,0,0.9675845
,2419,0,0,0.69739354
,2419,1,0,0.69739354
,2419,2,0,0.8367727
,2419,3,2,1.0
,2420,0,0,0.6986649
,2420,1,0,0.6986649
,2420,2,2,1.0
,2420,3,0,0.77801853
,2421,0,0,0.69312215
,2421,1,0,0.6931221
,2421,2,0,0.9674857
,2421,3,3,1.0
,2422,0,0,0.6978613
,2422,1,0,0.6978613
,2422,2,2,1.0
,2422,3,1,0.62596905
,2423,0,0,0.69489807
,2423,1,0,0.69489807
,2423,2,0,0.7771605
,2423,3,3,1.0
,2424,0,0,0.6931399
,2424,1,0,0.6931399
,2424,2,3,1.0
,2424,3,0,0.83434975
,2425,0,0,0.69709545
,2425,1,0,0.69709545
,2425,2,0,0.83664596
,2425,3,2,0.99992096
,2426,0,0,0.6972423
,2426,1,0,0.6972423
,2426,2,2,0.9997085
,2426,3,0,0.9676648
,2427,0,0,0.6977951
,2427,1,0,0.6977951
,2427,2,0,0.9674906
,2427,3,2,0.99999976
,2428,0,0,0.7017641
,2428,1,0,0.7017641
,2428,2,2,0.9993117
,2428,3,0,0.77788275
,2429,0,0,0.72924495
,2429,1,0,0.72924495
,2429,2,0,0.9481246
,2429,3,3,1.0
,2430,0,0,0.578868
,2430,1,0,0.578868
,2430,2,2,1.0
,2430,3,1,0.9532414
,2431,0,0,0.6790815
,2431,1,0,0.6790815
,2431,2,0,0.96749103
,2431,3,3,1.0
,2432,0,0,0.69603795
,2432,1,0,0.69603795
,2432,2,2,1.0
,2432,3,0,0.8368347
,2433,0,0,0.6975212
,2433,1,0,0.6975212
,2433,2,0,0.9676576
,2433,3,2,1.0
,2434,0,0,0.7015337
,2434,1,0,0.7015337
,2434,2,2,1.0
,2434,3,0,0.7777781
,2435,0,0,0.7276324
,2435,1,0,0.7276324
,2435,2,0,0.94950175
,2435,3,3,1.0
,2436,0,0,0.5849752
,2436,1,0,0.58497524
,2436,2,2,1.0
,2436,3,1,0.70593
,2437,0,0,0.6889612
,2437,1,0,0.6889612
,2437,2,0,0.7779551
,2437,3,2,1.0
,2438,0,0,0.73958653
,2438,1,0,0.73958653
,2438,2,3,1.0
,2438,3,0,0.8477497
,2439,0,0,0.5956517
,2439,1,0,0.59565175
,2439,2,1,0.8359021
,2439,3,3,1.0
,2440,0,0,0.5285654
,2440,1,0,0.52856547
,2440,2,2,1.0
,2440,3,1,0.73869723
,2441,0,0,0.6775343
,2441,1,0,0.6775343
,2441,2,0,0.96752936
,2441,3,2,1.0
,2442,0,0,0.6956316
,2442,1,0,0.6956316
,2442,2,2,1.0
,2442,3,0,0.96767724
,2443,0,0,0.6972445
,2443,1,0,0.6972445
,2443,2,0,0.96768
,2443,3,2,1.0
,2444,0,0,0.69738007
,2444,1,0,0.69738007
,2444,2,2,1.0
,2444,3,0,0.96767986
,2445,0,0,0.6973913
,2445,1,0,0.6973913
,2445,2,0,0.96768
,2445,3,2,1.0
,2446,0,0,0.69739217
,2446,1,0,0.69739217
,2446,2,2,1.0
,2446,3,0,0.96767986
,2447,0,0,0.6973923
,2447,1,0,0.6973923
,2447,2,0,0.96768
,2447,3,2,1.0
,2448,0,0,0.6973923
,2448,1,0,0.6973923
,2448,2,2,1.0
,2448,3,0,0.96767986
,2449,0,0,0.6973923
,2449,1,0,0.6973923
,2449,2,0,0.96768
,2449,3,2,1.0
,2450,0,0,0.6973923
,2450,1,0,0.6973923
,2450,2,2,1.0
,2450,3,0,0.96767986
,2451,0,0,0.6973923
,2451,1,0,0.6973923
,2451,2,0,0.96768
,2451,3,2,1.0
,2452,0,0,0.6973923
,2452,1,0,0.6973923
,2452,2,2,1.0
,2452,3,0,0.96767986
,2453,0,0,0.6973923
,2453,1,0,0.6973923
,2453,2,0,0.96768
,2453,3,2,1.0
,2454,0,0,0.6973923
,2454,1,0,0.6973923
,2454,2,2,1.0
,2454,3,0,0.96767986
,2455,0,0,0.6973924
,2455,1,0,0.6973924
,2455,2,0,0.96768
,2455,3,2,1.0
,2456,0,0,0.6973941
,2456,1,0,0.6973941
,2456,2,2,1.0
,2456,3,0,0.96767986
,2457,0,0,0.69741386
,2457,1,0,0.69741386
,2457,2,0,0.9676795
,2457,3,2,1.0
,2458,0,0,0.6976359
,2458,1,0,0.6976359
,2458,2,2,1.0
,2458,3,0,0.9676583
,2459,0,0,0.69952905
,2459,1,0,0.6995291
,2459,2,0,0.7783653
,2459,3,2,1.0
,2460,0,0,0.69854856
,2460,1,0,0.6985486
,2460,2,3,1.0
,2460,3,0,0.77826566
,2461,0,0,0.7400539
,2461,1,0,0.7400539
,2461,2,1,0.5187009
,2461,3,3,1.0
,2462,0,0,0.6041784
,2462,1,0,0.6041783
,2462,2,3,1.0
,2462,3,1,0.9352083
,2463,0,0,0.57550204
,2463,1,0,0.57550204
,2463,2,1,0.83928096
,2463,3,3,1.0
,2464,0,0,0.52650285
,2464,1,0,0.5265028
,2464,2,2,1.0
,2464,3,1,0.7397353
,2465,0,0,0.6828512
,2465,1,0,0.68285125
,2465,2,0,0.77783805
,2465,3,2,1.0
,2466,0,0,0.7391905
,2466,1,0,0.73919094
,2466,2,3,1.0
,2466,3,0,0.8478521
,2467,0,0,0.59621227
,2467,1,0,0.5962177
,2467,2,1,0.8371374
,2467,3,3,1.0
,2468,0,0,0.528945
,2468,1,0,0.5289959
,2468,2,2,1.0
,2468,3,1,0.9588991
,2469,0,0,0.6788852
,2469,1,0,0.67940867
,2469,2,0,0.7777255
,2469,3,3,1.0
,2470,0,0,0.7370616
,2470,1,0,0.7430748
,2470,2,3,1.0
,2470,3,1,0.52073264
,2471,0,0,0.59873784
,2471,1,0,0.6678598
,2471,2,1,0.88171893
,2471,3,3,1.0
,2472,0,0,0.5363473
,2472,1,2,1.0
,2472,2,1,0.7509478
,2472,3,1,0.8871516
,2473,0,0,0.7119499
,2473,1,0,0.92741925
,2473,2,3,0.99999976
,2473,3,0,0.7705642
,2474,0,0,0.5777974
,2474,1,0,0.8180317
,2474,2,1,0.88901603
,2474,3,2,1.0
,2475,0,0,0.6851229
,2475,1,2,1.0
,2475,2,1,0.6062921
,2475,3,0,0.913446
,2476,0,0,0.69293565
,2476,1,0,0.9070842
,2476,2,3,1.0
,2476,3,0,0.88303494
,2477,0,0,0.6974971
,2477,1,0,0.71536165
,2477,2,0,0.8366849
,2477,3,2,1.0
,2478,0,0,0.7015819
,2478,1,0,0.70306295
,2478,2,2,1.0
,2478,3,0,0.7778617
,2479,0,0,0.7294601
,2479,1,0,0.72957695
,2479,2,0,0.9483018
,2479,3,3,1.0
,2480,0,0,0.58256525
,2480,1,0,0.5825777
,2480,2,2,1.0
,2480,3,1,0.9532519
,2481,0,0,0.71716654
,2481,1,0,0.7171675
,2481,2,0,0.9480502
,2481,3,3,1.0
,2482,0,0,0.582382
,2482,1,0,0.58238214
,2482,2,2,1.0
,2482,3,1,0.9531499
,2483,0,0,0.72842944
,2483,1,0,0.72842956
,2483,2,0,0.84785736
,2483,3,3,1.0
,2484,0,0,0.59430975
,2484,1,0,0.59430975
,2484,2,3,1.0
,2484,3,1,0.9360929
,2485,0,0,0.5242346
,2485,1,0,0.5242346
,2485,2,1,0.7411172
,2485,3,3,0.9999504
,2486,0,0,0.67781585
,2486,1,0,0.67781585
,2486,2,2,1.0
,2486,3,0,0.8336813
,2487,0,0,0.69554377
,2487,1,0,0.69554377
,2487,2,0,0.9676742
,2487,3,2,1.0
,2488,0,0,0.6972512
,2488,1,0,0.69725114
,2488,2,2,1.0
,2488,3,0,0.9676794
,2489,0,0,0.69756246
,2489,1,0,0.69756246
,2489,2,0,0.9676599
,2489,3,2,1.0
,2490,0,0,0.69886255
,2490,1,0,0.69886255
,2490,2,2,1.0
,2490,3,0,0.77803284
,2491,0,0,0.69335407
,2491,1,0,0.69335407
,2491,2,0,0.96748966
,2491,3,3,1.0
,2492,0,0,0.7003847
,2492,1,0,0.7003847
,2492,2,2,1.0
,2492,3,1,0.626517
,2493,0,0,0.7283927
,2493,1,0,0.7283927
,2493,2,0,0.9496046
,2493,3,3,1.0
,2494,0,0,0.5846154
,2494,1,0,0.58461547
,2494,2,2,1.0
,2494,3,1,0.7051517
,2495,0,0,0.68342817
,2495,1,0,0.6834289
,2495,2,0,0.9675591
,2495,3,2,1.0
,2496,0,0,0.69614226
,2496,1,0,0.696151
,2496,2,2,1.0
,2496,3,0,0.96767765
,2497,0,0,0.69728595
,2497,1,0,0.69738966
,2497,2,0,0.96768
,2497,3,2,1.0
,2498,0,0,0.69737464
,2498,1,0,0.6986165
,2498,2,2,1.0
,2498,3,0,0.9676823
,2499,0,0,0.69735676
,2499,1,0,0.71223146
,2499,2,0,0.96770257
,2499,3,2,1.0
,2500,0,0,0.6976106
,2500,1,0,0.87578833
,2500,2,2,1.0
,2500,3,0,0.9078222
,2501,0,0,0.69721496
,2501,1,2,1.0
,2501,2,0,0.96769613
,2501,3,0,0.72906166
,2502,0,0,0.69780815
,2502,1,0,0.9074174
,2502,2,2,1.0
,2502,3,0,0.87643695
,2503,0,0,0.6989115
,2503,1,0,0.71638197
,2503,2,0,0.77828735
,2503,3,2,1.0
,2504,0,0,0.6937806
,2504,1,0,0.6953624
,2504,2,3,1.0
,2504,3,0,0.7770627
,2505,0,0,0.6932492
,2505,1,0,0.69464046
,2505,2,0,0.833863
,2505,3,3,1.0
,2506,0,0,0.6972933
,2506,1,0,0.71235925
,2506,2,2,1.0
,2506,3,1,0.6268493
,2507,0,0,0.69442105
,2507,1,0,0.87423146
,2507,2,0,0.90711004
,2507,3,3,1.0
,2508,0,0,0.6973411
,2508,1,2,0.9999981
,2508,2,0,0.7151926
,2508,3,0,0.83666813
,2509,0,0,0.698065
,2509,1,0,0.7783821
,2509,2,0,0.7007877
,2509,3,2,1.0
,2510,0,0,0.6830868
,2510,1,3,1.0
,2510,2,0,0.6980922
,2510,3,0,0.77820843
,2511,0,0,0.5583384
,2511,1,0,0.670507
,2511,2,0,0.73465127
,2511,3,3,1.0
,2512,0,3,1.0
,2512,1,0,0.5583472
,2512,2,0,0.5490381
,2512,3,1,0.73489493
,2513,0,0,0.6216672
,2513,1,0,0.8664117
,2513,2,0,0.6954482
,2513,3,2,1.0
,2514,0,0,0.6918155
,2514,1,2,1.0
,2514,2,0,0.87468594
,2514,3,0,0.8990677
,2515,0,0,0.701979
,2515,1,0,0.9094862
,2515,2,2,1.0
,2515,3,1,0.5276383
,2516,0,0,0.74352056
,2516,1,0,0.7572589
,2516,2,0,0.84766555
,2516,3,3,1.0
,2517,0,0,0.62155366
,2517,1,0,0.59766257
,2517,2,3,1.0
,2517,3,1,0.8349479
,2518,0,0,0.7703935
,2518,1,0,0.5303332
,2518,2,1,0.9017705
,2518,3,2,1.0
,2519,0,2,1.0
,2519,1,0,0.684842
,2519,2,1,0.60724545
,2519,3,0,0.9033267
,2520,0,0,0.92530847
,2520,1,0,0.7393681
,2520,2,3,1.0
,2520,3,0,0.5821378
,2521,0,0,0.6181782
,2521,1,0,0.598072
,2521,2,1,0.83627546
,2521,3,3,1.0
,2522,0,0,0.53593284
,2522,1,0,0.53371054
,2522,2,2,1.0
,2522,3,1,0.9588455
,2523,0,0,0.7236537
,2523,1,0,0.72348005
,2523,2,0,0.84788364
,2523,3,3,1.0
,2524,0,0,0.59372705
,2524,1,0,0.5937082
,2524,2,3,1.0
,2524,3,1,0.93597543
,2525,0,0,0.5227516
,2525,1,0,0.5227495
,2525,2,1,0.74189943
,2525,3,3,1.0
,2526,0,0,0.6779477
,2526,1,0,0.6779476
,2526,2,2,1.0
,2526,3,0,0.8337913
,2527,0,0,0.6955367
,2527,1,0,0.69553655
,2527,2,0,0.9676726
,2527,3,2,1.0
,2528,0,0,0.69754475
,2528,1,0,0.69754475
,2528,2,2,1.0
,2528,3,0,0.9676649
,2529,0,0,0.70059407
,2529,1,0,0.70059407
,2529,2,0,0.7771179
,2529,3,2,1.0
,2530,0,0,0.7217451
,2530,1,0,0.7217451
,2530,2,3,1.0
,2530,3,0,0.9114382
,2531,0,0,0.68017524
,2531,1,0,0.68017524
,2531,2,3,1.0
,2531,3,0,0.5107049
,2532,0,0,0.5869334
,2532,1,0,0.5869334
,2532,2,1,0.83730906
,2532,3,3,1.0
,2533,0,0,0.5273201
,2533,1,0,0.52732
,2533,2,2,1.0
,2533,3,1,0.7389097
,2534,0,0,0.6774236
,2534,1,0,0.6774235
,2534,2,0,0.9675291
,2534,3,2,1.0
,2535,0,0,0.6956224
,2535,1,0,0.6956223
,2535,2,2,1.0
,2535,3,0,0.96767724
,2536,0,0,0.6972438
,2536,1,0,0.6972437
,2536,2,0,0.96768
,2536,3,2,1.0
,2537,0,0,0.69737995
,2537,1,0,0.69737995
,2537,2,2,1.0
,2537,3,0,0.96767986
,2538,0,0,0.6973913
,2538,1,0,0.6973913
,2538,2,0,0.96768
,2538,3,2,1.0
,2539,0,0,0.6973923
,2539,1,0,0.69739217
,2539,2,2,1.0
,2539,3,0,0.96767986
,2540,0,0,0.69739294
,2540,1,0,0.6973923
,2540,2,0,0.96768
,2540,3,2,1.0
,2541,0,0,0.6974008
,2541,1,0,0.69739217
,2541,2,2,1.0
,2541,3,0,0.96767986
,2542,0,0,0.6974947
,2542,1,0,0.6973917
,2542,2,0,0.96768
,2542,3,2,1.0
,2543,0,0,0.6986251
,2543,1,0,0.69739187
,2543,2,2,1.0
,2543,3,0,0.9676823
,2544,0,0,0.71223193
,2544,1,0,0.6974608
,2544,2,0,0.96770257
,2544,3,2,1.0
,2545,0,0,0.8757891
,2545,1,0,0.6988516
,2545,2,2,1.0
,2545,3,0,0.90733135
,2546,0,2,1.0
,2546,1,0,0.712075
,2546,2,0,0.96769685
,2546,3,0,0.71481407
,2547,0,0,0.9073274
,2547,1,0,0.87577707
,2547,2,2,1.0
,2547,3,0,0.7002877
,2548,0,0,0.71471435
,2548,1,2,1.0
,2548,2,0,0.96769685
,2548,3,0,0.7121907
,2549,0,0,0.6990588
,2549,1,0,0.90733165
,2549,2,2,1.0
,2549,3,0,0.87577236
,2550,0,0,0.6973482
,2550,1,0,0.7147457
,2550,2,0,0.96767396
,2550,3,2,1.0
,2551,0,0,0.6973787
,2551,1,0,0.69883126
,2551,2,2,1.0
,2551,3,0,0.9676795
,2552,0,0,0.6973905
,2552,1,0,0.69751185
,2552,2,0,0.96767974
,2552,3,2,1.0
,2553,0,0,0.6973921
,2553,1,0,0.69740224
,2553,2,2,1.0
,2553,3,0,0.96767986
,2554,0,0,0.6973923
,2554,1,0,0.6973931
,2554,2,0,0.96768
,2554,3,2,1.0
,2555,0,0,0.6973924
,2555,1,0,0.6973924
,2555,2,2,1.0
,2555,3,0,0.96767986
,2556,0,0,0.69739366
,2556,1,0,0.6973936
,2556,2,0,0.96767974
,2556,3,2,1.0
,2557,0,0,0.6974019
,2557,1,0,0.6974019
,2557,2,2,1.0
,2557,3,0,0.96317613
,2558,0,0,0.6973595
,2558,1,0,0.6973595
,2558,2,0,0.9676795
,2558,3,2,0.9766031
,2559,0,0,0.6973931
,2559,1,0,0.6973931
,2559,2,2,1.0
,2559,3,0,0.9646192
,2560,0,0,0.6973902
,2560,1,0,0.6973902
,2560,2,0,0.96767974
,2560,3,2,1.0
,2561,0,0,0.69739205
,2561,1,0,0.69739205
,2561,2,2,1.0
,2561,3,0,0.96767986
,2562,0,0,0.6973923
,2562,1,0,0.6973923
,2562,2,0,0.96767974
,2562,3,2,1.0
,2563,0,0,0.6973923
,2563,1,0,0.6973923
,2563,2,2,0.99999905
,2563,3,0,0.96767986
,2564,0,0,0.6973923
,2564,1,0,0.69739234
,2564,2,0,0.96767974
,2564,3,2,1.0
,2565,0,0,0.6973923
,2565,1,0,0.69739294
,2565,2,2,1.0
,2565,3,0,0.96767986
,2566,0,0,0.69739217
,2566,1,0,0.69740075
,2566,2,0,0.96768
,2566,3,2,1.0
,2567,0,0,0.69739103
,2567,1,0,0.6974947
,2567,2,2,1.0
,2567,3,0,0.9676801
,2568,0,0,0.6973828
,2568,1,0,0.69862556
,2568,2,0,0.9676823
,2568,3,2,1.0
,2569,0,0,0.6973517
,2569,1,0,0.71223694
,2569,2,2,1.0
,2569,3,0,0.96770304
,2570,0,0,0.6975623
,2570,1,0,0.87586594
,2570,2,0,0.91315633
,2570,3,2,1.0
,2571,0,0,0.69740963
,2571,1,2,1.0
,2571,2,0,0.88468003
,2571,3,0,0.9131428
,2572,0,0,0.69745094
,2572,1,0,0.9073202
,2572,2,2,1.0
,2572,3,0,0.8846025
,2573,0,0,0.69721943
,2573,1,0,0.7147502
,2573,2,0,0.9676742
,2573,3,2,1.0
,2574,0,0,0.6973681
,2574,1,0,0.69883186
,2574,2,2,1.0
,2574,3,0,0.9676795
,2575,0,0,0.69738966
,2575,1,0,0.6975127
,2575,2,0,0.96767974
,2575,3,2,1.0
,2576,0,0,0.6973931
,2576,1,0,0.6974121
,2576,2,2,1.0
,2576,3,0,0.96767986
,2577,0,0,0.69740564
,2577,1,0,0.69751143
,2577,2,0,0.96767974
,2577,3,2,1.0
,2578,0,0,0.6975447
,2578,1,0,0.69880223
,2578,2,2,1.0
,2578,3,0,0.9676638
,2579,0,0,0.6986251
,2579,1,0,0.7136872
,2579,2,0,0.7776504
,2579,3,2,1.0
,2580,0,0,0.69350225
,2580,1,0,0.87363315
,2580,2,3,1.0
,2580,3,0,0.90704006
,2581,0,0,0.6970974
,2581,1,2,0.9997291
,2581,2,0,0.83676225
,2581,3,0,0.71502507
,2582,0,0,0.6971913
,2582,1,0,0.9676421
,2582,2,2,1.0
,2582,3,0,0.6999189
,2583,0,0,0.6973413
,2583,1,2,1.0
,2583,2,0,0.9677024
,2583,3,0,0.7123327
,2584,0,0,0.69765395
,2584,1,0,0.90734667
,2584,2,2,1.0
,2584,3,0,0.8757825
,2585,0,0,0.69765127
,2585,1,0,0.7151548
,2585,2,0,0.96765554
,2585,3,2,1.0
,2586,0,0,0.70176053
,2586,1,0,0.70321095
,2586,2,2,1.0
,2586,3,0,0.77787805
,2587,0,0,0.7294823
,2587,1,0,0.7295967
,2587,2,0,0.9483029
,2587,3,3,1.0
,2588,0,0,0.58254254
,2588,1,0,0.5825547
,2588,2,2,1.0
,2588,3,1,0.9532528
,2589,0,0,0.7169174
,2589,1,0,0.71691835
,2589,2,0,0.94810015
,2589,3,3,1.0
,2590,0,0,0.5805128
,2590,1,0,0.58051294
,2590,2,2,1.0
,2590,3,1,0.9533606
,2591,0,0,0.71498
,2591,1,0,0.71498
,2591,2,0,0.9492935
,2591,3,3,1.0
,2592,0,0,0.583011
,2592,1,0,0.5830109
,2592,2,2,1.0
,2592,3,1,0.70627
,2593,0,0,0.6874391
,2593,1,0,0.6874382
,2593,2,0,0.77739924
,2593,3,2,1.0
,2594,0,0,0.7278585
,2594,1,0,0.7278477
,2594,2,3,1.0
,2594,3,0,0.9482371
,2595,0,0,0.5787774
,2595,1,0,0.578654
,2595,2,1,0.9532369
,2595,3,2,1.0
,2596,0,0,0.6797354
,2596,1,0,0.67844266
,2596,2,3,1.0
,2596,3,0,0.967381
,2597,0,0,0.70086426
,2597,1,0,0.68583316
,2597,2,1,0.6254354
,2597,3,2,0.99998856
,2598,0,0,0.7414135
,2598,1,0,0.56234664
,2598,2,3,1.0
,2598,3,0,0.92457193
,2599,0,0,0.5990303
,2599,1,3,1.0
,2599,2,1,0.8374135
,2599,3,0,0.592252
,2600,0,0,0.53790355
,2600,1,1,0.8928925
,2600,2,2,1.0
,2600,3,1,0.71388847
,2601,0,0,0.7962964
,2601,1,0,0.67739975
,2601,2,0,0.9209871
,2601,3,3,1.0
,2602,0,2,1.0
,2602,1,0,0.5731751
,2602,2,0,0.61628866
,2602,3,1,0.70951486
,2603,0,0,0.9070707
,2603,1,0,0.68299836
,2603,2,0,0.86922467
,2603,3,2,1.0
,2604,0,0,0.7146252
,2604,1,0,0.69590235
,2604,2,2,1.0
,2604,3,0,0.9676711
,2605,0,0,0.6988196
,2605,1,0,0.6972563
,2605,2,0,0.9676795
,2605,3,2,1.0
,2606,0,0,0.6975111
,2606,1,0,0.69738054
,2606,2,2,1.0
,2606,3,0,0.96767986
,2607,0,0,0.69740516
,2607,1,0,0.69739425
,2607,2,0,0.96768
,2607,3,2,1.0
,2608,0,0,0.69742936
,2608,1,0,0.6974284
,2608,2,2,1.0
,2608,3,0,0.9676795
,2609,0,0,0.697815
,2609,1,0,0.6978149
,2609,2,0,0.9676615
,2609,3,2,0.9999999
,2610,0,0,0.7017843
,2610,1,0,0.7017843
,2610,2,2,1.0
,2610,3,0,0.7778781
,2611,0,0,0.7294887
,2611,1,0,0.7294887
,2611,2,0,0.9483029
,2611,3,3,1.0
,2612,0,0,0.5825707
,2612,1,0,0.5825707
,2612,2,2,1.0
,2612,3,1,0.9532514
,2613,0,0,0.71716046
,2613,1,0,0.71716046
,2613,2,0,0.9480518
,2613,3,3,1.0
,2614,0,0,0.5823374
,2614,1,0,0.5823374
,2614,2,2,1.0
,2614,3,1,0.95315516
,2615,0,0,0.7281036
,2615,1,0,0.7281036
,2615,2,0,0.84745395
,2615,3,3,1.0
,2616,0,0,0.5942507
,2616,1,0,0.5942507
,2616,2,3,1.0
,2616,3,1,0.83599514
,2617,0,0,0.5283979
,2617,1,0,0.5283979
,2617,2,1,0.7387062
,2617,3,2,1.0
,2618,0,0,0.67752033
,2618,1,0,0.6775204
,2618,2,2,1.0
,2618,3,0,0.96752924
,2619,0,0,0.69563067
,2619,1,0,0.69563067
,2619,2,0,0.96767724
,2619,3,2,1.0
,2620,0,0,0.6972464
,2620,1,0,0.6972464
,2620,2,2,1.0
,2620,3,0,0.96767986
,2621,0,0,0.69740266
,2621,1,0,0.6974027
,2621,2,0,0.96768
,2621,3,2,1.0
,2622,0,0,0.6976651
,2622,1,0,0.6976651
,2622,2,2,1.0
,2622,3,0,0.9676808
,2623,0,0,0.7006988
,2623,1,0,0.7006988
,2623,2,0,0.9676855
,2623,3,2,1.0
,2624,0,0,0.7371273
,2624,1,0,0.7371273
,2624,2,2,1.0
,2624,3,0,0.9225191
,2625,0,0,1.0
,2625,1,0,1.0
,2625,2,0,1.0
,2625,3,2,0.5191708
,2626,0,0,0.6483783
,2626,1,0,0.718644
,2626,2,2,0.99999976
,2626,3,1,0.6202706
,2627,0,0,0.6034769
,2627,1,2,0.9999963
,2627,2,0,0.65096486
,2627,3,0,0.5749908
,2628,0,0,0.51848406
,2628,1,1,0.8504915
,2628,2,2,1.0
,2628,3,0,0.51532966
,2629,0,0,0.7254697
,2629,1,2,1.0
,2629,2,0,0.93867356
,2629,3,0,0.72557503
,2630,0,0,0.5333872
,2630,1,1,0.84760296
,2630,2,2,1.0
,2630,3,0,0.53728664
,2631,0,0,0.7263573
,2631,1,2,1.0
,2631,2,0,0.9250837
,2631,3,0,0.7669522
,2632,0,0,0.528391
,2632,1,1,0.8480738
,2632,2,0,0.55321354
,2632,3,2,1.0
,2633,0,0,0.6774416
,2633,1,2,1.0
,2633,2,0,0.7063799
,2633,3,0,0.9069719
,2634,0,0,0.69531405
,2634,1,0,0.9676689
,2634,2,2,0.6356858
,2634,3,0,0.71449953
,2635,0,0,0.6972198
,2635,1,2,1.0
,2635,2,0,0.9200228
,2635,3,0,0.6988216
,2636,0,0,0.6974292
,2636,1,0,0.9676787
,2636,2,2,1.0
,2636,3,0,0.6975629
,2637,0,0,0.6980418
,2637,1,2,1.0
,2637,2,0,0.9676276
,2637,3,0,0.69805294
,2638,0,0,0.70331115
,2638,1,0,0.91029406
,2638,2,2,1.0
,2638,3,0,0.70331216
,2639,0,0,0.6853759
,2639,1,0,0.71881247
,2639,2,2,1.0
,2639,3,0,0.685376
,2640,0,0,0.6810049
,2640,1,0,0.8677334
,2640,2,2,1.0
,2640,3,0,0.6810049
,2641,0,0,0.6955683
,2641,1,2,1.0
,2641,2,0,0.9676675
,2641,3,0,0.6955683
,2642,0,0,0.69723135
,2642,1,0,0.9676796
,2642,2,2,1.0
,2642,3,0,0.69723135
,2643,0,0,0.6973788
,2643,1,2,1.0
,2643,2,0,0.96768
,2643,3,0,0.6973788
,2644,0,0,0.6973912
,2644,1,0,0.96767986
,2644,2,2,1.0
,2644,3,0,0.6973912
,2645,0,0,0.69739217
,2645,1,2,1.0
,2645,2,0,0.96768
,2645,3,0,0.69739217
,2646,0,0,0.6973923
,2646,1,0,0.96767986
,2646,2,2,1.0
,2646,3,0,0.6973923
,2647,0,0,0.6973923
,2647,1,2,1.0
,2647,2,0,0.96768
,2647,3,0,0.69739294
,2648,0,0,0.69739217
,2648,1,0,0.96767986
,2648,2,2,1.0
,2648,3,0,0.6974008
,2649,0,0,0.69739103
,2649,1,2,1.0
,2649,2,0,0.96768
,2649,3,0,0.6974947
,2650,0,0,0.6973833
,2650,1,0,0.9676823
,2650,2,2,1.0
,2650,3,0,0.6986246
,2651,0,0,0.69735736
,2651,1,2,1.0
,2651,2,0,0.96770257
,2651,3,0,0.7122249
,2652,0,0,0.697609
,2652,1,0,0.9078223
,2652,2,2,1.0
,2652,3,0,0.87570095
,2653,0,0,0.69719565
,2653,1,0,0.7290668
,2653,2,0,0.9676966
,2653,3,2,0.99979556
,2654,0,0,0.69759655
,2654,1,0,0.8765204
,2654,2,2,1.0
,2654,3,0,0.9072695
,2655,0,0,0.69723266
,2655,1,2,1.0
,2655,2,0,0.96767354
,2655,3,0,0.71460634
,2656,0,0,0.69742393
,2656,1,0,0.9676747
,2656,2,2,1.0
,2656,3,0,0.6971426
,2657,0,0,0.6979011
,2657,1,2,1.0
,2657,2,0,0.96761423
,2657,3,0,0.67708796
,2658,0,0,0.70148045
,2658,1,0,0.91156685
,2658,2,2,1.0
,2658,3,1,0.54925627
,2659,0,0,0.7340409
,2659,1,0,0.8226872
,2659,2,0,0.92239374
,2659,3,3,1.0
,2660,0,0,0.62724763
,2660,1,2,1.0
,2660,2,0,0.64698434
,2660,3,1,0.8138917
,2661,0,0,0.54147923
,2661,1,0,0.7817245
,2661,2,0,0.5469898
,2661,3,2,1.0
,2662,0,0,0.73475486
,2662,1,2,1.0
,2662,2,0,0.77001566
,2662,3,0,0.9269199
,2663,0,0,0.5850367
,2663,1,1,0.9145423
,2663,2,2,1.0
,2663,3,0,0.60622764
,2664,0,0,0.5121964
,2664,1,2,1.0
,2664,2,1,0.8518002
,2664,3,0,0.51456887
,2665,0,0,0.6803508
,2665,1,0,0.7771892
,2665,2,2,1.0
,2665,3,0,0.68054986
,2666,0,0,0.738598
,2666,1,3,1.0
,2666,2,0,0.93889135
,2666,3,0,0.7386021
,2667,0,0,0.5314914
,2667,1,1,0.9829041
,2667,2,2,1.0
,2667,3,0,0.5313633
,2668,0,0,0.6780743
,2668,1,2,1.0
,2668,2,0,0.96744746
,2668,3,0,0.67673355
,2669,0,0,0.7152604
,2669,1,0,0.90906596
,2669,2,2,1.0
,2669,3,0,0.6997332
,2670,0,0,0.8685775
,2670,1,0,0.70234025
,2670,2,2,1.0
,2670,3,0,0.6841145
,2671,0,2,1.0
,2671,1,0,0.69860995
,2671,2,0,0.96767074
,2671,3,0,0.69585365
,2672,0,0,0.96770215
,2672,1,0,0.7122209
,2672,2,2,1.0
,2672,3,0,0.6972255
,2673,0,2,1.0
,2673,1,0,0.87575996
,2673,2,0,0.9066588
,2673,3,0,0.69764423
,2674,0,0,0.9676057
,2674,1,2,1.0
,2674,2,0,0.69500744
,2674,3,0,0.6974728
,2675,0,2,0.9999999
,2675,1,0,0.90783757
,2675,2,1,0.5472496
,2675,3,0,0.6982157
,2676,0,0,0.9676034
,2676,1,0,0.7123073
,2676,2,3,1.0
,2676,3,0,0.693405
,2677,0,2,1.0
,2677,1,0,0.713539
,2677,2,0,0.83698934
,2677,3,0,0.69722027
,2678,0,0,0.907364
,2678,1,0,0.87576216
,2678,2,2,1.0
,2678,3,0,0.6974644
,2679,0,0,0.71593344
,2679,1,2,1.0
,2679,2,0,0.9676763
,2679,3,0,0.69720364
,2680,0,0,0.71362853
,2680,1,0,0.96770215
,2680,2,2,1.0
,2680,3,0,0.69733554
,2681,0,0,0.8758376
,2681,1,2,1.0
,2681,2,0,0.90728414
,2681,3,0,0.6976409
,2682,0,2,1.0
,2682,1,0,0.9676396
,2682,2,0,0.7133185
,2682,3,0,0.69748586
,2683,0,0,0.7790345
,2683,1,2,0.9999732
,2683,2,0,0.68015903
,2683,3,0,0.6994295
,2684,0,3,1.0
,2684,1,0,0.91328335
,2684,2,1,0.55574286
,2684,3,0,0.69240534
,2685,0,0,0.6242124
,2685,1,0,0.8826264
,2685,2,3,1.0
,2685,3,0,0.6934949
,2686,0,0,0.7067842
,2686,1,2,1.0
,2686,2,1,0.6266976
,2686,3,0,0.6974637
,2687,0,0,0.8739922
,2687,1,0,0.9071056
,2687,2,3,1.0
,2687,3,0,0.6944382
,2688,0,2,1.0
,2688,1,0,0.7150522
,2688,2,0,0.8367766
,2688,3,0,0.6971983
,2689,0,0,0.96767753
,2689,1,0,0.699922
,2689,2,2,1.0
,2689,3,0,0.69719934
,2690,0,2,1.0
,2690,1,0,0.71233827
,2690,2,0,0.96770304
,2690,3,0,0.697333
,2691,0,0,0.9131545
,2691,1,0,0.8758679
,2691,2,2,1.0
,2691,3,0,0.6975668
,2692,0,0,0.884601
,2692,1,2,1.0
,2692,2,0,0.9073233
,2692,3,0,0.6974597
,2693,0,2,1.0
,2693,1,0,0.9676743
,2693,2,0,0.71484894
,2693,3,0,0.6972192
,2694,0,0,0.96768194
,2694,1,2,1.0
,2694,2,0,0.70006096
,2694,3,0,0.6973636
,2695,0,2,1.0
,2695,1,0,0.96770215
,2695,2,0,0.71234286
,2695,3,0,0.6974073
,2696,0,0,0.9075187
,2696,1,2,1.0
,2696,2,0,0.87571484
,2696,3,0,0.6982246
,2697,0,0,0.7194485
,2697,1,0,0.7777963
,2697,2,2,1.0
,2697,3,0,0.7037679
,2698,0,0,0.7371577
,2698,1,3,1.0
,2698,2,0,0.9434062
,2698,3,0,0.7557578
,2699,0,0,0.55631346
,2699,1,1,0.94917923
,2699,2,2,1.0
,2699,3,0,0.7876239
,2700,0,0,0.73163176
,2700,1,0,0.736558
,2700,2,0,0.9325746
,2700,3,2,1.0
,2701,0,0,0.530071
,2701,1,2,1.0
,2701,2,0,0.7861959
,2701,3,1,0.94008917
,2702,0,0,0.70752186
,2702,1,0,0.9165447
,2702,2,2,1.0
,2702,3,0,0.80426127
,2703,0,0,0.67644083
,2703,1,0,0.6758175
,2703,2,0,0.80702776
,2703,3,2,1.0
,2704,0,0,0.8238451
,2704,1,0,0.6089026
,2704,2,2,1.0
,2704,3,0,0.6920669
,2705,0,2,1.0
,2705,1,0,0.6885706
,2705,2,0,0.9130455
,2705,3,0,0.8739989
,2706,0,0,0.9084487
,2706,1,0,0.6994394
,2706,2,0,0.88457584
,2706,3,2,0.9999976
,2707,0,0,0.74817795
,2707,1,0,0.73109096
,2707,2,2,0.99986196
,2707,3,0,0.9498571
,2708,0,0,0.5973995
,2708,1,0,0.5865688
,2708,2,0,0.78598785
,2708,3,2,1.0
,2709,0,0,0.7989034
,2709,1,0,0.70243686
,2709,2,2,0.9993472
,2709,3,0,0.9217056
,2710,0,2,1.0
,2710,1,1,0.6772124
,2710,2,0,0.551115
,2710,3,0,0.591884
,2711,0,0,0.9674464
,2711,1,3,1.0
,2711,2,0,0.6905447
,2711,3,0,0.6786862
,2712,0,2,1.0
,2712,1,0,0.6280641
,2712,2,0,0.87474394
,2712,3,0,0.69603294
,2713,0,0,0.7776365
,2713,1,0,0.70789367
,2713,2,2,1.0
,2713,3,0,0.69845855
,2714,0,3,1.0
,2714,1,0,0.8734771
,2714,2,0,0.9129051
,2714,3,0,0.6938316
,2715,0,0,0.63267493
,2715,1,2,1.0
,2715,2,0,0.8846558
,2715,3,0,0.7009465
,2716,0,0,0.76026917
,2716,1,0,0.9389371
,2716,2,2,1.0
,2716,3,0,0.74462044
,2717,0,0,0.7714068
,2717,1,2,1.0
,2717,2,1,0.94261414
,2717,3,0,0.52959484
,2718,0,2,1.0
,2718,1,0,0.9676221
,2718,2,0,0.6566302
,2718,3,0,0.6801258
,2719,0,0,0.90737134
,2719,1,2,1.0
,2719,2,0,0.8732992
,2719,3,0,0.69615144
,2720,0,0,0.7159352
,2720,1,0,0.9676763
,2720,2,2,1.0
,2720,3,0,0.69709396
,2721,0,0,0.71363425
,2721,1,2,1.0
,2721,2,0,0.9677028
,2721,3,0,0.69731796
,2722,0,0,0.87592745
,2722,1,0,0.91315633
,2722,2,2,1.0
,2722,3,0,0.697561
,2723,0,2,1.0
,2723,1,0,0.8846802
,2723,2,0,0.91314304
,2723,3,0,0.6974363
,2724,0,0,0.9075564
,2724,1,2,1.0
,2724,2,0,0.8846083
,2724,3,0,0.69777423
,2725,0,0,0.7216683
,2725,1,0,0.9676861
,2725,2,2,1.0
,2725,3,0,0.7011491
,2726,0,0,0.78466517
,2726,1,2,1.0
,2726,2,0,0.93268645
,2726,3,0,0.74471796
,2727,0,2,1.0
,2727,1,1,0.9391981
,2727,2,0,0.7860791
,2727,3,0,0.5291604
,2728,0,0,0.9071705
,2728,1,0,0.84510225
,2728,2,2,1.0
,2728,3,0,0.6808177
,2729,0,0,0.7147405
,2729,1,2,1.0
,2729,2,0,0.96767074
,2729,3,0,0.69572765
,2730,0,0,0.70005107
,2730,1,0,0.96768194
,2730,2,2,0.99999547
,2730,3,0,0.69723266
,2731,0,0,0.7123521
,2731,1,2,1.0
,2731,2,0,0.9677024
,2731,3,0,0.69733906
,2732,0,0,0.87586886
,2732,1,0,0.91315466
,2732,2,2,1.0
,2732,3,0,0.6975663
,2733,0,2,1.0
,2733,1,0,0.8846096
,2733,2,0,0.90781015
,2733,3,0,0.69744897
,2734,0,0,0.9676974
,2734,1,2,1.0
,2734,2,0,0.72907525
,2734,3,0,0.6971811
,2735,0,2,1.0
,2735,1,0,0.9131538
,2735,2,0,0.87660456
,2735,3,0,0.6975446
,2736,0,0,0.90731996
,2736,1,0,0.8846011
,2736,2,2,1.0
,2736,3,0,0.69745845
,2737,0,0,0.7147502
,2737,1,2,1.0
,2737,2,0,0.96767396
,2737,3,0,0.6972201
,2738,0,0,0.698834
,2738,1,0,0.9676795
,2738,2,2,1.0
,2738,3,0,0.6973704
,2739,0,0,0.6975385
,2739,1,2,1.0
,2739,2,0,0.96768
,2739,3,0,0.6974165
,2740,0,0,0.69772446
,2740,1,0,0.96767986
,2740,2,2,1.0
,2740,3,0,0.69771546
,2741,0,0,0.7012851
,2741,1,2,0.99999416
,2741,2,0,0.96768504
,2741,3,0,0.7012994
,2742,0,0,0.7441045
,2742,1,0,0.9395004
,2742,2,2,0.99999976
,2742,3,0,0.7442853
,2743,0,0,0.5330125
,2743,1,2,1.0
,2743,2,1,0.94257885
,2743,3,0,0.53513163
,2744,0,0,0.65206283
,2744,1,0,0.96733594
,2744,2,3,1.0
,2744,3,0,0.6738955
,2745,0,1,0.5519655
,2745,1,2,0.9999994
,2745,2,0,0.631319
,2745,3,0,0.6997503
,2746,0,3,1.0
,2746,1,0,0.94005966
,2746,2,0,0.73496115
,2746,3,0,0.74009585
,2747,0,1,0.9520124
,2747,1,2,1.0
,2747,2,0,0.53759855
,2747,3,0,0.5367262
,2748,0,2,1.0
,2748,1,0,0.96752393
,2748,2,0,0.69242495
,2748,3,0,0.67740023
,2749,0,0,0.9090078
,2749,1,2,1.0
,2749,2,0,0.87487304
,2749,3,0,0.7000687
,2750,0,0,0.7638833
,2750,1,0,0.9398894
,2750,2,2,1.0
,2750,3,0,0.74818647
,2751,0,0,0.5926326
,2751,1,2,1.0
,2751,2,1,0.7887554
,2751,3,0,0.59091234
,2752,0,0,0.51329154
,2752,1,1,0.6747615
,2752,2,2,1.0
,2752,3,0,0.5131
,2753,0,0,0.67618006
,2753,1,2,1.0
,2753,2,0,0.967528
,2753,3,0,0.6761728
,2754,0,0,0.69551736
,2754,1,0,0.9676775
,2754,2,2,1.0
,2754,3,0,0.6956202
,2755,0,0,0.6972257
,2755,1,2,1.0
,2755,2,0,0.9676823
,2755,3,0,0.6984687
,2756,0,0,0.6973387
,2756,1,0,0.96770304
,2756,2,2,1.0
,2756,3,0,0.7122243
,2757,0,0,0.6975612
,2757,1,2,1.0
,2757,2,0,0.91315633
,2757,3,0,0.8758653
,2758,0,0,0.6974096
,2758,1,0,0.9131428
,2758,2,0,0.88468003
,2758,3,2,1.0
,2759,0,0,0.69745094
,2759,1,0,0.8846025
,2759,2,2,1.0
,2759,3,0,0.9073202
,2760,0,0,0.69721943
,2760,1,2,1.0
,2760,2,0,0.96767396
,2760,3,0,0.7147502
,2761,0,0,0.6973681
,2761,1,0,0.9676795
,2761,2,2,1.0
,2761,3,0,0.69883174
,2762,0,0,0.69738966
,2762,1,2,1.0
,2762,2,0,0.96767974
,2762,3,0,0.69751185
,2763,0,0,0.69739276
,2763,1,0,0.96767986
,2763,2,2,1.0
,2763,3,0,0.69740224
,2764,0,0,0.69740075
,2764,1,2,1.0
,2764,2,0,0.96768
,2764,3,0,0.69739294
,2765,0,0,0.6974947
,2765,1,0,0.9676706
,2765,2,2,1.0
,2765,3,0,0.6973911
,2766,0,0,0.698625
,2766,1,2,0.99995077
,2766,2,0,0.9676823
,2766,3,0,0.6973833
,2767,0,0,0.7122316
,2767,1,0,0.967696
,2767,2,2,1.0
,2767,3,0,0.69735837
,2768,0,0,0.8757793
,2768,1,2,1.0
,2768,2,0,0.9073324
,2768,3,0,0.6976193
,2769,0,2,1.0
,2769,1,0,0.96767396
,2769,2,0,0.7147547
,2769,3,0,0.6972285
,2770,0,0,0.96767974
,2770,1,2,1.0
,2770,2,0,0.69893354
,2770,3,0,0.6973674
,2771,0,2,1.0
,2771,1,0,0.96768147
,2771,2,0,0.6987448
,2771,3,0,0.6973802
,2772,0,0,0.96770304
,2772,1,2,0.9999962
,2772,2,0,0.71224636
,2772,3,0,0.69735205
,2773,0,2,1.0
,2773,1,0,0.91315335
,2773,2,0,0.87586397
,2773,3,0,0.69756854
,2774,0,0,0.9073233
,2774,1,0,0.88460094
,2774,2,2,1.0
,2774,3,0,0.6974599
,2775,0,0,0.714849
,2775,1,2,1.0
,2775,2,0,0.9676742
,2775,3,0,0.6972188
,2776,0,0,0.7000617
,2776,1,0,0.96768194
,2776,2,2,1.0
,2776,3,0,0.69735867
,2777,0,0,0.71235305
,2777,1,2,1.0
,2777,2,0,0.96770304
,2777,3,0,0.69734913
,2778,0,0,0.87587106
,2778,1,0,0.91315633
,2778,2,2,1.0
,2778,3,0,0.69756204
,2779,0,2,1.0
,2779,1,0,0.8846799
,2779,2,0,0.9131428
,2779,3,0,0.69740963
,2780,0,0,0.9073202
,2780,1,2,1.0
,2780,2,0,0.88460237
,2780,3,0,0.69745094
,2781,0,0,0.7147502
,2781,1,0,0.9676741
,2781,2,2,1.0
,2781,3,0,0.69721943
,2782,0,0,0.69883186
,2782,1,2,1.0
,2782,2,0,0.9676795
,2782,3,0,0.69736814
,2783,0,0,0.69751185
,2783,1,0,0.96767986
,2783,2,2,1.0
,2783,3,0,0.69738966
,2784,0,0,0.6974023
,2784,1,2,1.0
,2784,2,0,0.96768
,2784,3,0,0.6973921
,2785,0,0,0.69739443
,2785,1,0,0.96767974
,2785,2,2,1.0
,2785,3,0,0.6973936
,2786,0,0,0.6974086
,2786,1,2,0.9999995
,2786,2,0,0.9676477
,2786,3,0,0.69740856
,2787,0,0,0.6975694
,2787,1,0,0.9676598
,2787,2,2,0.999835
,2787,3,0,0.6975694
,2788,0,0,0.6988024
,2788,1,2,1.0
,2788,2,0,0.7779375
,2788,3,0,0.6988024
,2789,0,0,0.692865
,2789,1,0,0.9675846
,2789,2,3,1.0
,2789,3,0,0.692865
,2790,0,0,0.69752955
,2790,1,2,1.0
,2790,2,0,0.83678263
,2790,3,0,0.69752955
,2791,0,0,0.70037204
,2791,1,0,0.7777162
,2791,2,2,1.0
,2791,3,0,0.7003721
,2792,0,0,0.71597475
,2792,1,3,0.9999999
,2792,2,0,0.956884
,2792,3,0,0.71597475
,2793,0,0,0.62637705
,2793,1,1,0.5610341
,2793,2,2,1.0
,2793,3,0,0.62637705
,2794,0,0,0.6886117
,2794,1,2,1.0
,2794,2,0,0.9676025
,2794,3,0,0.6886117
,2795,0,0,0.6967815
,2795,1,0,0.9676585
,2795,2,2,1.0
,2795,3,0,0.6967815
,2796,0,0,0.69873405
,2796,1,2,1.0
,2796,2,0,0.7780039
,2796,3,0,0.6987341
,2797,0,0,0.69283086
,2797,1,0,0.9675849
,2797,2,3,1.0
,2797,3,0,0.69283164
,2798,0,0,0.6972059
,2798,1,2,1.0
,2798,2,0,0.83687
,2798,3,0,0.69721454
,2799,0,0,0.6972181
,2799,1,0,0.9676757
,2799,2,2,1.0
,2799,3,0,0.69732183
,2800,0,0,0.6973655
,2800,1,2,1.0
,2800,2,0,0.9676823
,2800,3,0,0.6986073
,2801,0,0,0.6973567
,2801,1,0,0.9677025
,2801,2,2,1.0
,2801,3,0,0.71223015
,2802,0,0,0.6976178
,2802,1,2,1.0
,2802,2,0,0.9073731
,2802,3,0,0.87577987
,2803,0,0,0.6972193
,2803,1,0,0.9676764
,2803,2,0,0.715938
,2803,3,2,1.0
,2804,0,0,0.6973289
,2804,1,2,1.0
,2804,2,0,0.71363443
,2804,3,0,0.9677027
,2805,0,0,0.697566
,2805,1,0,0.91315436
,2805,2,0,0.8759251
,2805,3,2,1.0
,2806,0,0,0.69745976
,2806,1,0,0.88460094
,2806,2,2,1.0
,2806,3,0,0.90731996
,2807,0,0,0.6972202
,2807,1,2,1.0
,2807,2,0,0.96767396
,2807,3,0,0.71475005
,2808,0,0,0.69736975
,2808,1,0,0.9676795
,2808,2,2,1.0
,2808,3,0,0.69883335
,2809,0,0,0.6974086
,2809,1,2,1.0
,2809,2,0,0.96768
,2809,3,0,0.6975308
,2810,0,0,0.69762176
,2810,1,0,0.96768093
,2810,2,2,1.0
,2810,3,0,0.697632
,2811,0,0,0.7001768
,2811,1,2,1.0
,2811,2,0,0.967548
,2811,3,0,0.7001776
,2812,0,0,0.7312131
,2812,1,0,0.94980925
,2812,2,2,0.9992369
,2812,3,0,0.73121315
,2813,0,0,0.5848936
,2813,1,2,0.9997705
,2813,2,0,0.7859052
,2813,3,0,0.5848936
,2814,0,0,0.68555987
,2814,1,0,0.9675776
,2814,2,2,1.0
,2814,3,0,0.68555987
,2815,0,0,0.70030624
,2815,1,2,1.0
,2815,2,0,0.9676869
,2815,3,0,0.70030624
,2816,0,0,0.7450558
,2816,1,0,0.9386175
,2816,2,2,0.9999995
,2816,3,0,0.7450558
,2817,0,0,0.5297392
,2817,1,2,0.99972624
,2817,2,1,0.9394133
,2817,3,0,0.5297392
,2818,0,0,0.67651796
,2818,1,0,0.96737665
,2818,2,2,1.0
,2818,3,0,0.67651796
,2819,0,0,0.69858426
,2819,1,2,0.99958366
,2819,2,0,0.9676908
,2819,3,0,0.6985842
,2820,0,0,0.7346636
,2820,1,0,0.950052
,2820,2,2,0.99998283
,2820,3,0,0.73466253
,2821,0,0,0.6333071
,2821,1,2,1.0
,2821,2,0,0.67935467
,2821,3,0,0.63329446
,2822,0,0,0.5456505
,2822,1,0,0.78259647
,2822,2,2,1.0
,2822,3,0,0.54552746
,2823,0,0,0.6826766
,2823,1,2,1.0
,2823,2,0,0.96759623
,2823,3,0,0.6813979
,2824,0,0,0.71088827
,2824,1,0,0.9677018
,2824,2,2,1.0
,2824,3,0,0.6959644
,2825,0,0,0.8758026
,2825,1,2,1.0
,2825,2,0,0.9124416
,2825,3,0,0.69745827
,2826,0,2,1.0
,2826,1,0,0.9131464
,2826,2,0,0.86389804
,2826,3,0,0.6975037
,2827,0,0,0.9073136
,2827,1,0,0.8846006
,2827,2,2,0.9499983
,2827,3,0,0.6986561
,2828,0,0,0.71471554
,2828,1,2,1.0
,2828,2,0,0.96115583
,2828,3,0,0.7120724
,2829,0,0,0.6990008
,2829,1,0,0.9131558
,2829,2,2,1.0
,2829,3,0,0.87585264
,2830,0,0,0.6975292
,2830,1,0,0.8846796
,2830,2,0,0.9131428
,2830,3,2,1.0
,2831,0,0,0.69746226
,2831,1,2,1.0
,2831,2,0,0.88460237
,2831,3,0,0.90732074
,2832,0,0,0.6972363
,2832,1,0,0.96767366
,2832,2,2,1.0
,2832,3,0,0.71476567
,2833,0,0,0.69754577
,2833,1,2,1.0
,2833,2,0,0.96765965
,2833,3,0,0.69900966
,2834,0,0,0.6987974
,2834,1,0,0.7780039
,2834,2,2,1.0
,2834,3,0,0.69892806
,2835,0,0,0.6928349
,2835,1,3,1.0
,2835,2,0,0.96758515
,2835,3,0,0.69294983
,2836,0,0,0.69719625
,2836,1,0,0.8368822
,2836,2,2,1.0
,2836,3,0,0.6984409
,2837,0,0,0.69718033
,2837,1,2,1.0
,2837,2,0,0.96769893
,2837,3,0,0.7120707
,2838,0,0,0.697545
,2838,1,0,0.9131562
,2838,2,2,1.0
,2838,3,0,0.87585694
,2839,0,0,0.69740814
,2839,1,0,0.8846799
,2839,2,0,0.9131428
,2839,3,2,1.0
,2840,0,0,0.6974509
,2840,1,2,1.0
,2840,2,0,0.88460237
,2840,3,0,0.9073202
,2841,0,0,0.69721955
,2841,1,0,0.9676741
,2841,2,2,1.0
,2841,3,0,0.71475023
,2842,0,0,0.69736964
,2842,1,2,1.0
,2842,2,0,0.9676795
,2842,3,0,0.69883335
,2843,0,0,0.69740796
,2843,1,0,0.9676794
,2843,2,2,1.0
,2843,3,0,0.69753027
,2844,0,0,0.69759625
,2844,1,2,1.0
,2844,2,0,0.9676585
,2844,3,0,0.6976074
,2845,0,0,0.69906735
,2845,1,0,0.77829117
,2845,2,2,1.0
,2845,3,0,0.69908047
,2846,0,0,0.69365066
,2846,1,3,1.0
,2846,2,0,0.7770425
,2846,3,0,0.6937969
,2847,0,0,0.6912715
,2847,1,0,0.834154
,2847,2,3,1.0
,2847,3,0,0.6930046
,2848,0,0,0.67680484
,2848,1,2,0.9996671
,2848,2,0,0.83641005
,2848,3,0,0.6974083
,2849,0,1,0.54791635
,2849,1,0,0.8995261
,2849,2,2,1.0
,2849,3,0,0.6986249
,2850,0,3,1.0
,2850,1,1,0.53406787
,2850,2,0,0.906739
,2850,3,0,0.6931334
,2851,0,0,0.8341534
,2851,1,3,1.0
,2851,2,0,0.69157565
,2851,3,0,0.69365805
,2852,0,2,1.0
,2852,1,0,0.64360106
,2852,2,1,0.54857594
,2852,3,0,0.69737446
,2853,0,0,0.9070947
,2853,1,0,0.8710775
,2853,2,3,1.0
,2853,3,0,0.694298
,2854,0,0,0.71496195
,2854,1,2,1.0
,2854,2,0,0.83676946
,2854,3,0,0.6971973
,2855,0,0,0.6988679
,2855,1,0,0.9676552
,2855,2,2,1.0
,2855,3,0,0.6973845
,2856,0,0,0.69890416
,2856,1,2,1.0
,2856,2,0,0.7780037
,2856,3,0,0.6987806
,2857,0,0,0.69284475
,2857,1,0,0.9675849
,2857,2,3,1.0
,2857,3,0,0.6928344
,2858,0,0,0.6972072
,2858,1,2,1.0
,2858,2,0,0.83687
,2858,3,0,0.6972063
,2859,0,0,0.6972202
,2859,1,0,0.9676755
,2859,2,2,1.0
,2859,3,0,0.6972194
,2860,0,0,0.69738305
,2860,1,2,1.0
,2860,2,0,0.96767974
,2860,3,0,0.6973743
,2861,0,0,0.6974932
,2861,1,0,0.9676801
,2861,2,2,1.0
,2861,3,0,0.69738954
,2862,0,0,0.69862545
,2862,1,2,1.0
,2862,2,0,0.9676823
,2862,3,0,0.69738334
,2863,0,0,0.71223694
,2863,1,0,0.9676928
,2863,2,2,1.0
,2863,3,0,0.6973603
,2864,0,0,0.87586653
,2864,1,2,0.9999467
,2864,2,0,0.91315633
,2864,3,0,0.6976646
,2865,0,2,1.0
,2865,1,0,0.9131287
,2865,2,0,0.8846887
,2865,3,0,0.69864243
,2866,0,0,0.9072981
,2866,1,0,0.88469064
,2866,2,2,1.0
,2866,3,0,0.71229196
,2867,0,0,0.7149753
,2867,1,2,1.0
,2867,2,0,0.907813
,2867,3,0,0.8757015
,2868,0,0,0.698636
,2868,1,0,0.96769637
,2868,2,0,0.72905666
,2868,3,2,1.0
,2869,0,0,0.69771427
,2869,1,2,1.0
,2869,2,0,0.8765205
,2869,3,0,0.90737224
,2870,0,0,0.69722766
,2870,1,0,0.9676764
,2870,2,2,1.0
,2870,3,0,0.7159382
,2871,0,0,0.6973295
,2871,1,2,1.0
,2871,2,0,0.9677028
,2871,3,0,0.71363443
,2872,0,0,0.6975649
,2872,1,0,0.91315454
,2872,2,2,1.0
,2872,3,0,0.87592536
,2873,0,0,0.6974489
,2873,1,0,0.8846096
,2873,2,0,0.90781015
,2873,3,2,1.0
,2874,0,0,0.69718105
,2874,1,2,1.0
,2874,2,0,0.72907525
,2874,3,0,0.9676974
,2875,0,0,0.6975446
,2875,1,0,0.9131538
,2875,2,0,0.87660456
,2875,3,2,1.0
,2876,0,0,0.6974584
,2876,1,0,0.884601
,2876,2,2,1.0
,2876,3,0,0.90731996
,2877,0,0,0.69721997
,2877,1,2,1.0
,2877,2,0,0.9676742
,2877,3,0,0.71475
,2878,0,0,0.69736814
,2878,1,0,0.9676795
,2878,2,2,1.0
,2878,3,0,0.69883174
,2879,0,0,0.6973896
,2879,1,2,1.0
,2879,2,0,0.96767974
,2879,3,0,0.69751185
,2880,0,0,0.69739205
,2880,1,0,0.96767986
,2880,2,2,1.0
,2880,3,0,0.69740224
,2881,0,0,0.6973923
,2881,1,2,1.0
,2881,2,0,0.96768
,2881,3,0,0.6973931
,2882,0,0,0.6973923
,2882,1,0,0.96767986
,2882,2,2,1.0
,2882,3,0,0.6973923
,2883,0,0,0.6973923
,2883,1,2,1.0
,2883,2,0,0.96768
,2883,3,0,0.6973923
,2884,0,0,0.6973923
,2884,1,0,0.96767986
,2884,2,2,1.0
,2884,3,0,0.6973923
,2885,0,0,0.69739234
,2885,1,2,1.0
,2885,2,0,0.96768
,2885,3,0,0.69739234
,2886,0,0,0.6973936
,2886,1,0,0.96767986
,2886,2,2,1.0
,2886,3,0,0.6973936
,2887,0,0,0.6974084
,2887,1,2,1.0
,2887,2,0,0.9676795
,2887,3,0,0.6974084
,2888,0,0,0.69756997
,2888,1,0,0.9676599
,2888,2,2,1.0
,2888,3,0,0.69756997
,2889,0,0,0.6988017
,2889,1,2,1.0
,2889,2,0,0.7780057
,2889,3,0,0.6988017
,2890,0,0,0.69283956
,2890,1,0,0.9666193
,2890,2,3,0.9999995
,2890,3,0,0.69283956
,2891,0,0,0.69718903
,2891,1,2,0.99500716
,2891,2,0,0.83686066
,2891,3,0,0.69718903
,2892,0,0,0.6972201
,2892,1,0,0.9670219
,2892,2,2,1.0
,2892,3,0,0.6972201
,2893,0,0,0.69737333
,2893,1,2,1.0
,2893,2,0,0.96767974
,2893,3,0,0.69737333
,2894,0,0,0.6973906
,2894,1,0,0.96767986
,2894,2,2,1.0
,2894,3,0,0.6973905
,2895,0,0,0.69739217
,2895,1,2,1.0
,2895,2,0,0.96768
,2895,3,0,0.6973912
,2896,0,0,0.6973926
,2896,1,0,0.96767986
,2896,2,2,1.0
,2896,3,0,0.6973806
,2897,0,0,0.69739586
,2897,1,2,1.0
,2897,2,0,0.9676795
,2897,3,0,0.69725186
,2898,0,0,0.69742405
,2898,1,0,0.96767503
,2898,2,2,1.0
,2898,3,0,0.6956988
,2899,0,0,0.69762015
,2899,1,2,1.0
,2899,2,0,0.967614
,2899,3,0,0.67695624
,2900,0,0,0.69808275
,2900,1,0,0.91362387
,2900,2,2,1.0
,2900,3,1,0.5493642
,2901,0,0,0.6940123
,2901,1,0,0.88302505
,2901,2,0,0.9129358
,2901,3,3,1.0
,2902,0,0,0.6971307
,2902,1,2,1.0
,2902,2,0,0.8846085
,2902,3,0,0.6245386
,2903,0,0,0.69777685
,2903,1,0,0.96761334
,2903,2,2,0.9999995
,2903,3,0,0.67075765
,2904,0,0,0.7009606
,2904,1,2,1.0
,2904,2,0,0.9116464
,2904,3,1,0.5499542
,2905,0,0,0.72849536
,2905,1,0,0.9273829
,2905,2,0,0.8256063
,2905,3,3,1.0
,2906,0,0,0.5818912
,2906,1,0,0.8209503
,2906,2,2,0.99999714
,2906,3,1,0.8702563
,2907,0,0,0.68639183
,2907,1,2,1.0
,2907,2,0,0.9130494
,2907,3,0,0.8488637
,2908,0,0,0.70027167
,2908,1,0,0.91025186
,2908,2,0,0.88460684
,2908,3,2,1.0
,2909,0,0,0.74341935
,2909,1,0,0.80040413
,2909,2,2,0.99999976
,2909,3,0,0.92488897
,2910,0,0,0.5354286
,2910,1,2,1.0
,2910,2,1,0.66142625
,2910,3,0,0.5556391
,2911,0,0,0.67811203
,2911,1,0,0.967529
,2911,2,2,1.0
,2911,3,0,0.67982537
,2912,0,0,0.69567853
,2912,1,2,1.0
,2912,2,0,0.96767724
,2912,3,0,0.6958216
,2913,0,0,0.6972484
,2913,1,0,0.96767986
,2913,2,2,1.0
,2913,3,0,0.6972603
,2914,0,0,0.69738036
,2914,1,2,1.0
,2914,2,0,0.96768
,2914,3,0,0.6973814
,2915,0,0,0.6973913
,2915,1,0,0.96767986
,2915,2,2,1.0
,2915,3,0,0.69739133
,2916,0,0,0.69739217
,2916,1,2,1.0
,2916,2,0,0.96768
,2916,3,0,0.69739217
,2917,0,0,0.6973923
,2917,1,0,0.96767986
,2917,2,2,1.0
,2917,3,0,0.6973923
,2918,0,0,0.6973923
,2918,1,2,1.0
,2918,2,0,0.96768
,2918,3,0,0.69739217
,2919,0,0,0.6973923
,2919,1,0,0.96767986
,2919,2,2,1.0
,2919,3,0,0.6973913
,2920,0,0,0.6973927
,2920,1,2,1.0
,2920,2,0,0.96767974
,2920,3,0,0.6973807
,2921,0,0,0.69739616
,2921,1,0,0.9676795
,2921,2,2,1.0
,2921,3,0,0.6972524
,2922,0,0,0.69742817
,2922,1,2,1.0
,2922,2,0,0.9676749
,2922,3,0,0.6957054
,2923,0,0,0.69766665
,2923,1,0,0.96748376
,2923,2,2,1.0
,2923,3,0,0.6770328
,2924,0,0,0.69849825
,2924,1,2,0.9993421
,2924,2,0,0.9079452
,2924,3,1,0.54858536
,2925,0,0,0.6944017
,2925,1,0,0.77682227
,2925,2,0,0.71328163
,2925,3,3,1.0
,2926,0,0,0.6930977
,2926,1,3,1.0
,2926,2,0,0.70956194
,2926,3,0,0.8343611
,2927,0,0,0.6970092
,2927,1,0,0.6278006
,2927,2,0,0.87562174
,2927,3,2,1.0
,2928,0,0,0.69725794
,2928,1,0,0.70641893
,2928,2,2,1.0
,2928,3,0,0.9677018
,2929,0,0,0.6975555
,2929,1,0,0.875609
,2929,2,0,0.9131565
,2929,3,2,1.0
,2930,0,0,0.69740224
,2930,1,2,1.0
,2930,2,0,0.8846821
,2930,3,0,0.91314477
,2931,0,0,0.6973951
,2931,1,0,0.913145
,2931,2,2,1.0
,2931,3,0,0.8846838
,2932,0,0,0.69740856
,2932,1,0,0.8846817
,2932,2,0,0.91314304
,2932,3,2,1.0
,2933,0,0,0.69755274
,2933,1,2,1.0
,2933,2,0,0.88460326
,2933,3,0,0.90731966
,2934,0,0,0.69845283
,2934,1,0,0.9676765
,2934,2,2,1.0
,2934,3,0,0.7147421
,2935,0,0,0.71220887
,2935,1,2,0.9999999
,2935,2,0,0.96770215
,2935,3,0,0.69880545
,2936,0,0,0.87578785
,2936,1,0,0.9078221
,2936,2,2,1.0
,2936,3,0,0.69783086
,2937,0,2,1.0
,2937,1,0,0.7290687
,2937,2,0,0.96769893
,2937,3,0,0.69843787
,2938,0,0,0.9073209
,2938,1,0,0.87660724
,2938,2,2,1.0
,2938,3,0,0.7124159
,2939,0,0,0.71524143
,2939,1,2,1.0
,2939,2,0,0.8990306
,2939,3,0,0.8754398
,2940,0,0,0.69932586
,2940,1,0,0.91361785
,2940,2,1,0.5286066
,2940,3,2,1.0
,2941,0,0,0.69403803
,2941,1,0,0.88300204
,2941,2,3,1.0
,2941,3,0,0.90706927
,2942,0,0,0.6971615
,2942,1,2,0.99996877
,2942,2,0,0.83677447
,2942,3,0,0.715046
,2943,0,0,0.69719636
,2943,1,0,0.96767354
,2943,2,2,1.0
,2943,3,0,0.6999214
,2944,0,0,0.6973344
,2944,1,2,1.0
,2944,2,0,0.96770304
,2944,3,0,0.7123383
,2945,0,0,0.6975876
,2945,1,0,0.9131564
,2945,2,2,1.0
,2945,3,0,0.8758705
,2946,0,0,0.6977347
,2946,1,0,0.88468283
,2946,2,0,0.91314346
,2946,3,2,1.0
,2947,0,0,0.7013719
,2947,1,2,1.0
,2947,2,0,0.88464624
,2947,3,0,0.91015136
,2948,0,0,0.7445824
,2948,1,0,0.9326777
,2948,2,2,1.0
,2948,3,0,0.7973704
,2949,0,0,0.52914566
,2949,1,0,0.786095
,2949,2,1,0.93918663
,2949,3,2,1.0
,2950,0,0,0.68076926
,2950,1,2,1.0
,2950,2,0,0.845215
,2950,3,0,0.9130001
,2951,0,0,0.69596004
,2951,1,0,0.90780455
,2951,2,2,1.0
,2951,3,0,0.88456035
,2952,0,0,0.6970603
,2952,1,0,0.729069
,2952,2,0,0.96769685
,2952,3,2,1.0
,2953,0,0,0.6975745
,2953,1,0,0.8765297
,2953,2,2,1.0
,2953,3,0,0.90782166
,2954,0,0,0.6971924
,2954,1,2,1.0
,2954,2,0,0.96769685
,2954,3,0,0.7290678
,2955,0,0,0.6975854
,2955,1,0,0.90782166
,2955,2,2,1.0
,2955,3,0,0.87652963
,2956,0,0,0.69719326
,2956,1,0,0.72906786
,2956,2,0,0.96769685
,2956,3,2,1.0
,2957,0,0,0.6975855
,2957,1,0,0.87652963
,2957,2,2,1.0
,2957,3,0,0.90782166
,2958,0,0,0.69719326
,2958,1,2,1.0
,2958,2,0,0.9676959
,2958,3,0,0.72906786
,2959,0,0,0.6975856
,2959,1,0,0.90782166
,2959,2,2,0.9999962
,2959,3,0,0.87652963
,2960,0,0,0.6971943
,2960,1,0,0.72906727
,2960,2,0,0.96769613
,2960,3,2,1.0
,2961,0,0,0.69759583
,2961,1,0,0.87652063
,2961,2,2,1.0
,2961,3,0,0.90733486
,2962,0,0,0.6972259
,2962,1,2,1.0
,2962,2,0,0.9676742
,2962,3,0,0.7148458
,2963,0,0,0.69736034
,2963,1,0,0.96768194
,2963,2,2,1.0
,2963,3,0,0.70006096
,2964,0,0,0.69736326
,2964,1,2,1.0
,2964,2,0,0.96770257
,2964,3,0,0.7123483
,2965,0,0,0.6977111
,2965,1,0,0.9078221
,2965,2,2,1.0
,2965,3,0,0.8757943
,2966,0,0,0.69842917
,2966,1,0,0.7290691
,2966,2,0,0.96769893
,2966,3,2,1.0
,2967,0,0,0.71243143
,2967,1,0,0.87661415
,2967,2,2,1.0
,2967,3,0,0.90730935
,2968,0,0,0.8757055
,2968,1,2,1.0
,2968,2,0,0.9078121
,2968,3,0,0.7149755
,2969,0,2,1.0
,2969,1,0,0.9676945
,2969,2,0,0.72903895
,2969,3,0,0.6986718
,2970,0,0,0.89911026
,2970,1,2,1.0
,2970,2,0,0.8762372
,2970,3,0,0.6980824
,2971,0,1,0.5268627
,2971,1,0,0.89962864
,2971,2,2,1.0
,2971,3,0,0.698776
,2972,0,3,1.0
,2972,1,1,0.53414744
,2972,2,0,0.9133359
,2972,3,0,0.694307
,2973,0,0,0.62253904
,2973,1,3,1.0
,2973,2,0,0.8829696
,2973,3,0,0.70832074
,2974,0,0,0.69119644
,2974,1,0,0.6430875
,2974,2,2,1.0
,2974,3,0,0.8757101
,2975,0,0,0.69700843
,2975,1,0,0.8727734
,2975,2,0,0.91315216
,2975,3,2,1.0
,2976,0,0,0.6974084
,2976,1,2,1.0
,2976,2,0,0.8845984
,2976,3,0,0.90731966
,2977,0,0,0.6972156
,2977,1,0,0.9676741
,2977,2,2,1.0
,2977,3,0,0.71474993
,2978,0,0,0.6973677
,2978,1,2,1.0
,2978,2,0,0.9676795
,2978,3,0,0.69883174
,2979,0,0,0.6973896
,2979,1,0,0.96767986
,2979,2,2,1.0
,2979,3,0,0.69751185
,2980,0,0,0.6973921
,2980,1,2,1.0
,2980,2,0,0.96768
,2980,3,0,0.69740224
,2981,0,0,0.697393
,2981,1,0,0.96767986
,2981,2,2,1.0
,2981,3,0,0.6973931
,2982,0,0,0.6974008
,2982,1,2,1.0
,2982,2,0,0.96768
,2982,3,0,0.6973923
,2983,0,0,0.6974947
,2983,1,0,0.9676801
,2983,2,2,1.0
,2983,3,0,0.69739103
,2984,0,0,0.69862515
,2984,1,2,1.0
,2984,2,0,0.9676823
,2984,3,0,0.6973833
,2985,0,0,0.7122322
,2985,1,0,0.9677025
,2985,2,2,1.0
,2985,3,0,0.69735736
,2986,0,0,0.87578845
,2986,1,2,1.0
,2986,2,0,0.9078223
,2986,3,0,0.697609
,2987,0,2,1.0
,2987,1,0,0.9676967
,2987,2,0,0.7290669
,2987,3,0,0.6971958
,2988,0,0,0.9073315
,2988,1,2,1.0
,2988,2,0,0.8765205
,2988,3,0,0.6975961
,2989,0,0,0.71474683
,2989,1,0,0.96767396
,2989,2,2,1.0
,2989,3,0,0.6972272
,2990,0,0,0.69883144
,2990,1,2,1.0
,2990,2,0,0.9676795
,2990,3,0,0.6973687
,2991,0,0,0.69751275
,2991,1,0,0.96767986
,2991,2,2,1.0
,2991,3,0,0.69738984
,2992,0,0,0.6974132
,2992,1,2,1.0
,2992,2,0,0.96767974
,2992,3,0,0.6973944
,2993,0,0,0.6975226
,2993,1,0,0.9676765
,2993,2,2,1.0
,2993,3,0,0.6974178
,2994,0,0,0.69882286
,2994,1,2,1.0
,2994,2,0,0.7757275
,2994,3,0,0.697578
,2995,0,0,0.71162117
,2995,1,0,0.96768665
,2995,2,3,0.999944
,2995,3,0,0.69671595
,2996,0,0,0.87584996
,2996,1,2,1.0
,2996,2,0,0.64321697
,2996,3,0,0.6975008
,2997,0,2,1.0
,2997,1,0,0.9078128
,2997,2,0,0.8726552
,2997,3,0,0.69747657
,2998,0,0,0.96769726
,2998,1,0,0.72907317
,2998,2,2,1.0
,2998,3,0,0.6971808
,2999,0,2,1.0
,2999,1,0,0.8766046
,2999,2,0,0.9131528
,2999,3,0,0.69754344
,3000,0,0,0.9078103
,3000,1,2,1.0
,3000,2,0,0.88457817
,3000,3,0,0.6974475
,3001,0,0,0.7290752
,3001,1,0,0.9676974
,3001,2,2,0.9999242
,3001,3,0,0.69718015
,3002,0,0,0.87660694
,3002,1,2,1.0
,3002,2,0,0.9131352
,3002,3,0,0.69753766
,3003,0,2,1.0
,3003,1,0,0.9131449
,3003,2,0,0.88468146
,3003,3,0,0.6974012
,3004,0,0,0.9131451
,3004,1,0,0.8846838
,3004,2,2,1.0
,3004,3,0,0.69739383
,3005,0,0,0.8846838
,3005,1,2,1.0
,3005,2,0,0.913145
,3005,3,0,0.69739383
,3006,0,2,1.0
,3006,1,0,0.91314316
,3006,2,0,0.8846777
,3006,3,0,0.69739944
,3007,0,0,0.90732193
,3007,1,0,0.88460207
,3007,2,2,0.99999046
,3007,3,0,0.6974424
,3008,0,0,0.7147948
,3008,1,2,1.0
,3008,2,0,0.96717465
,3008,3,0,0.69712055
,3009,0,0,0.6992364
,3009,1,0,0.7813921
,3009,2,2,0.99743074
,3009,3,0,0.6960362
,3010,0,0,0.69907254
,3010,1,3,0.97068876
,3010,2,0,0.7779291
,3010,3,0,0.6781451
,3011,0,0,0.6923436
,3011,1,0,0.62756497
,3011,2,3,1.0
,3011,3,1,0.5560319
,3012,0,0,0.69370204
,3012,1,0,0.6674084
,3012,2,0,0.820615
,3012,3,3,1.0
,3013,0,0,0.6974992
,3013,1,1,0.5504849
,3013,2,2,0.9708934
,3013,3,0,0.62697184
,3014,0,0,0.6937114
,3014,1,3,1.0
,3014,2,0,0.96374446
,3014,3,0,0.68786794
,3015,0,0,0.69728917
,3015,1,0,0.83689463
,3015,2,2,1.0
,3015,3,0,0.6980374
,3016,0,0,0.6971892
,3016,1,2,1.0
,3016,2,0,0.96769893
,3016,3,0,0.7120384
,3017,0,0,0.6975509
,3017,1,0,0.9131545
,3017,2,2,1.0
,3017,3,0,0.8758534
,3018,0,0,0.6974484
,3018,1,0,0.88460946
,3018,2,0,0.90781015
,3018,3,2,1.0
,3019,0,0,0.6971895
,3019,1,2,1.0
,3019,2,0,0.72907525
,3019,3,0,0.9676974
,3020,0,0,0.697647
,3020,1,0,0.9131539
,3020,2,0,0.87660515
,3020,3,2,1.0
,3021,0,0,0.6986911
,3021,1,0,0.8846103
,3021,2,2,1.0
,3021,3,0,0.9073156
,3022,0,0,0.71206677
,3022,1,2,1.0
,3022,2,0,0.96769685
,3022,3,0,0.7147176
,3023,0,0,0.8757761
,3023,1,0,0.90782183
,3023,2,2,1.0
,3023,3,0,0.6990488
,3024,0,2,1.0
,3024,1,0,0.72906685
,3024,2,0,0.9676966
,3024,3,0,0.6973144
,3025,0,0,0.9078218
,3025,1,0,0.87652963
,3025,2,2,1.0
,3025,3,0,0.6975951
,3026,0,0,0.72907233
,3026,1,2,1.0
,3026,2,0,0.96769726
,3026,3,0,0.6971897
,3027,0,0,0.8766046
,3027,1,0,0.913154
,3027,2,2,1.0
,3027,3,0,0.6975527
,3028,0,2,1.0
,3028,1,0,0.8846103
,3028,2,0,0.90781
,3028,3,0,0.6975506
,3029,0,0,0.967699
,3029,1,2,1.0
,3029,2,0,0.7290725
,3029,3,0,0.6984204
,3030,0,2,1.0
,3030,1,0,0.9073099
,3030,2,0,0.87661415
,3030,3,0,0.7124303
,3031,0,0,0.90736336
,3031,1,0,0.71498936
,3031,2,2,1.0
,3031,3,0,0.87569714
,3032,0,0,0.71592635
,3032,1,0,0.6987619
,3032,2,0,0.9676763
,3032,3,2,1.0
,3033,0,0,0.7136303
,3033,1,0,0.6986869
,3033,2,2,1.0
,3033,3,0,0.9677044
,3034,0,0,0.87594306
,3034,1,0,0.7124614
,3034,2,0,0.9078007
,3034,3,2,1.0
,3035,0,2,1.0
,3035,1,0,0.8757946
,3035,2,0,0.72930145
,3035,3,0,0.907298
,3036,0,0,0.91314673
,3036,1,2,1.0
,3036,2,0,0.87652594
,3036,3,0,0.7149165
,3037,0,0,0.88467705
,3037,1,0,0.91314435
,3037,2,2,1.0
,3037,3,0,0.69885164
,3038,0,2,1.0
,3038,1,0,0.8846819
,3038,2,0,0.9131433
,3038,3,0,0.69762266
,3039,0,0,0.90731597
,3039,1,2,1.0
,3039,2,0,0.8846119
,3039,3,0,0.6986934
,3040,0,0,0.7147204
,3040,1,0,0.9676975
,3040,2,2,1.0
,3040,3,0,0.7120718
,3041,0,0,0.69910455
,3041,1,2,1.0
,3041,2,0,0.91315585
,3041,3,0,0.87585443
,3042,0,0,0.6987621
,3042,1,0,0.91314304
,3042,2,0,0.88468826
,3042,3,2,1.0
,3043,0,0,0.7123063
,3043,1,0,0.8846934
,3043,2,2,1.0
,3043,3,0,0.9072958
,3044,0,0,0.8757802
,3044,1,2,1.0
,3044,2,0,0.9131476
,3044,3,0,0.7149297
,3045,0,2,1.0
,3045,1,0,0.91314435
,3045,2,0,0.8846769
,3045,3,0,0.698844
,3046,0,0,0.91314334
,3046,1,0,0.8846814
,3046,2,2,1.0
,3046,3,0,0.6975193
,3047,0,0,0.88461107
,3047,1,2,1.0
,3047,2,0,0.9078104
,3047,3,0,0.69745
,3048,0,2,1.0
,3048,1,0,0.96769685
,3048,2,0,0.7290704
,3048,3,0,0.69718736
,3049,0,0,0.90733176
,3049,1,2,1.0
,3049,2,0,0.87652075
,3049,3,0,0.6975954
,3050,0,0,0.7147551
,3050,1,0,0.96767396
,3050,2,2,1.0
,3050,3,0,0.69722694
,3051,0,0,0.69893354
,3051,1,2,1.0
,3051,2,0,0.96767974
,3051,3,0,0.6973674
,3052,0,0,0.6987448
,3052,1,0,0.9676823
,3052,2,2,1.0
,3052,3,0,0.6973801
,3053,0,0,0.71224654
,3053,1,2,1.0
,3053,2,0,0.96770304
,3053,3,0,0.69735146
,3054,0,0,0.87586635
,3054,1,0,0.91315633
,3054,2,2,1.0
,3054,3,0,0.6975623
,3055,0,2,1.0
,3055,1,0,0.8846799
,3055,2,0,0.9131428
,3055,3,0,0.69740963
,3056,0,0,0.9073202
,3056,1,2,1.0
,3056,2,0,0.88460237
,3056,3,0,0.69745094
,3057,0,0,0.71475005
,3057,1,0,0.9676741
,3057,2,2,1.0
,3057,3,0,0.69721943
,3058,0,0,0.69883174
,3058,1,2,1.0
,3058,2,0,0.9676795
,3058,3,0,0.6973681
,3059,0,0,0.69751185
,3059,1,0,0.96767986
,3059,2,2,1.0
,3059,3,0,0.6973896
,3060,0,0,0.6974023
,3060,1,2,1.0
,3060,2,0,0.96768
,3060,3,0,0.69739205
,3061,0,0,0.69739383
,3061,1,0,0.96767986
,3061,2,2,1.0
,3061,3,0,0.6973923
,3062,0,0,0.6974009
,3062,1,2,1.0
,3062,2,0,0.96768
,3062,3,0,0.69739217
,3063,0,0,0.6974948
,3063,1,0,0.9676801
,3063,2,2,1.0
,3063,3,0,0.69739103
,3064,0,0,0.69862556
,3064,1,2,1.0
,3064,2,0,0.9676823
,3064,3,0,0.6973828
,3065,0,0,0.71223694
,3065,1,0,0.96770304
,3065,2,2,1.0
,3065,3,0,0.6973517
,3066,0,0,0.87586594
,3066,1,2,1.0
,3066,2,0,0.91315633
,3066,3,0,0.69756174
,3067,0,2,1.0
,3067,1,0,0.91314477
,3067,2,0,0.8846821
,3067,3,0,0.6974035
,3068,0,0,0.91314316
,3068,1,0,0.8846816
,3068,2,2,1.0
,3068,3,0,0.69740075
,3069,0,0,0.8846026
,3069,1,2,1.0
,3069,2,0,0.90732354
,3069,3,0,0.6974502
,3070,0,2,1.0
,3070,1,0,0.9676743
,3070,2,0,0.7148491
,3070,3,0,0.6972181
,3071,0,0,0.96768194
,3071,1,2,1.0
,3071,2,0,0.70006126
,3071,3,0,0.6973591
,3072,0,2,1.0
,3072,1,0,0.9677025
,3072,2,0,0.7123483
,3072,3,0,0.6973545
,3073,0,0,0.9078225
,3073,1,2,1.0
,3073,2,0,0.8757936
,3073,3,0,0.6976072
,3074,0,0,0.72907203
,3074,1,0,0.96769726
,3074,2,2,1.0
,3074,3,0,0.69717747
,3075,0,0,0.87660545
,3075,1,2,1.0
,3075,2,0,0.91315544
,3075,3,0,0.6973984
,3076,0,2,1.0
,3076,1,0,0.91314054
,3076,2,0,0.88466376
,3076,3,0,0.6957126
,3077,0,0,0.9074207
,3077,1,0,0.88437074
,3077,2,2,1.0
,3077,3,0,0.67699564
,3078,0,0,0.7153199
,3078,1,2,1.0
,3078,2,0,0.9135731
,3078,3,1,0.5498017
,3079,0,0,0.6957184
,3079,1,0,0.9071294
,3079,2,0,0.8831704
,3079,3,3,1.0
,3080,0,0,0.6972845
,3080,1,0,0.71613044
,3080,2,2,1.0
,3080,3,0,0.8367868
,3081,0,0,0.6971935
,3081,1,0,0.7135023
,3081,2,0,0.967698
,3081,3,2,1.0
,3082,0,0,0.69761044
,3082,1,0,0.87583375
,3082,2,2,1.0
,3082,3,0,0.9073319
,3083,0,0,0.6973296
,3083,1,2,1.0
,3083,2,0,0.9676742
,3083,3,0,0.7147452
,3084,0,0,0.6986016
,3084,1,0,0.9676818
,3084,2,2,1.0
,3084,3,0,0.6988223
,3085,0,0,0.71222967
,3085,1,2,0.99999976
,3085,2,0,0.96770257
,3085,3,0,0.6974768
,3086,0,0,0.87578833
,3086,1,0,0.90782243
,3086,2,2,1.0
,3086,3,0,0.69761837
,3087,0,2,1.0
,3087,1,0,0.72907203
,3087,2,0,0.96769726
,3087,3,0,0.69719005
,3088,0,0,0.9131558
,3088,1,0,0.8766067
,3088,2,2,1.0
,3088,3,0,0.6975392
,3089,0,0,0.8846824
,3089,1,2,1.0
,3089,2,0,0.91314477
,3089,3,0,0.69740987
,3090,0,2,1.0
,3090,1,0,0.9131451
,3090,2,0,0.88468444
,3090,3,0,0.6974968
,3091,0,0,0.91314346
,3091,1,0,0.88469046
,3091,2,2,1.0
,3091,3,0,0.6986328
,3092,0,0,0.8846991
,3092,1,2,1.0
,3092,2,0,0.90778875
,3092,3,0,0.7122921
,3093,0,2,0.9999993
,3093,1,0,0.90779126
,3093,2,0,0.7293001
,3093,3,0,0.8757954
,3094,0,0,0.9072999
,3094,1,0,0.7292861
,3094,2,0,0.87653327
,3094,3,2,1.0
,3095,0,0,0.71497226
,3095,1,0,0.8764387
,3095,2,2,1.0
,3095,3,0,0.9073218
,3096,0,0,0.6986764
,3096,1,2,1.0
,3096,2,0,0.96767354
,3096,3,0,0.71473575
,3097,0,0,0.69759077
,3097,1,0,0.96767974
,3097,2,2,1.0
,3097,3,0,0.6988286
,3098,0,0,0.6986324
,3098,1,2,1.0
,3098,2,0,0.9676823
,3098,3,0,0.6975026
,3099,0,0,0.7122327
,3099,1,0,0.9677025
,3099,2,2,1.0
,3099,3,0,0.69736725
,3100,0,0,0.87578845
,3100,1,2,1.0
,3100,2,0,0.9078223
,3100,3,0,0.69760984
,3101,0,2,1.0
,3101,1,0,0.9676967
,3101,2,0,0.7290669
,3101,3,0,0.69719595
,3102,0,0,0.90733486
,3102,1,2,1.0
,3102,2,0,0.8765205
,3102,3,0,0.69759595
,3103,0,0,0.7148458
,3103,1,0,0.9676742
,3103,2,2,1.0
,3103,3,0,0.69722587
,3104,0,0,0.70006126
,3104,1,2,1.0
,3104,2,0,0.96768206
,3104,3,0,0.6973591
,3105,0,0,0.71235305
,3105,1,0,0.96770304
,3105,2,2,1.0
,3105,3,0,0.69734913
,3106,0,0,0.87587094
,3106,1,2,1.0
,3106,2,0,0.91315633
,3106,3,0,0.69756204
,3107,0,2,1.0
,3107,1,0,0.9131428
,3107,2,0,0.88468003
,3107,3,0,0.69740963
,3108,0,0,0.9073202
,3108,1,0,0.8846025
,3108,2,2,1.0
,3108,3,0,0.69745094
,3109,0,0,0.71475005
,3109,1,2,1.0
,3109,2,0,0.96767396
,3109,3,0,0.69721943
,3110,0,0,0.69883174
,3110,1,0,0.9676795
,3110,2,2,1.0
,3110,3,0,0.6973681
,3111,0,0,0.6975119
,3111,1,2,1.0
,3111,2,0,0.96767974
,3111,3,0,0.6973896
,3112,0,0,0.6974029
,3112,1,0,0.96767986
,3112,2,2,1.0
,3112,3,0,0.69739205
,3113,0,0,0.6974016
,3113,1,2,1.0
,3113,2,0,0.96768
,3113,3,0,0.6973921
,3114,0,0,0.6974948
,3114,1,0,0.9676801
,3114,2,2,1.0
,3114,3,0,0.69739103
,3115,0,0,0.69862515
,3115,1,2,1.0
,3115,2,0,0.9676823
,3115,3,0,0.6973833
,3116,0,0,0.7122322
,3116,1,0,0.96770257
,3116,2,2,1.0
,3116,3,0,0.6973573
,3117,0,0,0.87578845
,3117,1,2,1.0
,3117,2,0,0.9078225
,3117,3,0,0.6976085
,3118,0,2,1.0
,3118,1,0,0.96769726
,3118,2,0,0.729072
,3118,3,0,0.6971897
,3119,0,0,0.913154
,3119,1,2,1.0
,3119,2,0,0.87660456
,3119,3,0,0.69754416
,3120,0,0,0.8846097
,3120,1,0,0.9078103
,3120,2,2,1.0
,3120,3,0,0.69744766
,3121,0,2,1.0
,3121,1,0,0.72907525
,3121,2,0,0.9676975
,3121,3,0,0.6971817
,3122,0,0,0.9131538
,3122,1,0,0.8766046
,3122,2,2,1.0
,3122,3,0,0.6975531
,3123,0,0,0.8846019
,3123,1,2,1.0
,3123,2,0,0.90731966
,3123,3,0,0.6975608
,3124,0,2,1.0
,3124,1,0,0.9676765
,3124,2,0,0.7147492
,3124,3,0,0.6984537
,3125,0,0,0.9677029
,3125,1,2,1.0
,3125,2,0,0.6988941
,3125,3,0,0.7122137
,3126,0,2,1.0
,3126,1,0,0.9131545
,3126,2,0,0.6989201
,3126,3,0,0.87587124
,3127,0,0,0.9072982
,3127,1,0,0.8846895
,3127,2,0,0.7123099
,3127,3,2,1.0
,3128,0,0,0.71498394
,3128,1,2,1.0
,3128,2,0,0.8756938
,3128,3,0,0.90736353
,3129,0,0,0.69865984
,3129,1,0,0.96767604
,3129,2,2,1.0
,3129,3,0,0.71592677
,3130,0,0,0.69745344
,3130,1,2,1.0
,3130,2,0,0.96770215
,3130,3,0,0.71362823
,3131,0,0,0.69761634
,3131,1,0,0.9078223
,3131,2,2,1.0
,3131,3,0,0.87584996
,3132,0,0,0.6971965
,3132,1,0,0.729067
,3132,2,0,0.9676966
,3132,3,2,1.0
,3133,0,0,0.69759613
,3133,1,0,0.8765205
,3133,2,2,1.0
,3133,3,0,0.9073314
,3134,0,0,0.6972271
,3134,1,2,1.0
,3134,2,0,0.96767396
,3134,3,0,0.71474683
,3135,0,0,0.6973687
,3135,1,0,0.9676795
,3135,2,2,1.0
,3135,3,0,0.69883144
,3136,0,0,0.6973904
,3136,1,2,1.0
,3136,2,0,0.96767974
,3136,3,0,0.69751185
,3137,0,0,0.6974005
,3137,1,0,0.96767986
,3137,2,2,1.0
,3137,3,0,0.69740206
,3138,0,0,0.6974947
,3138,1,2,1.0
,3138,2,0,0.96768
,3138,3,0,0.69739187
,3139,0,0,0.69862515
,3139,1,0,0.9676823
,3139,2,2,1.0
,3139,3,0,0.69738334
,3140,0,0,0.7122322
,3140,1,2,1.0
,3140,2,0,0.96770257
,3140,3,0,0.69735736
,3141,0,0,0.87578845
,3141,1,0,0.9078223
,3141,2,2,1.0
,3141,3,0,0.697609
,3142,0,2,1.0
,3142,1,0,0.7290669
,3142,2,0,0.9676966
,3142,3,0,0.6971958
,3143,0,0,0.9073315
,3143,1,0,0.8765205
,3143,2,2,1.0
,3143,3,0,0.6975961
,3144,0,0,0.71474683
,3144,1,2,1.0
,3144,2,0,0.96767396
,3144,3,0,0.6972271
,3145,0,0,0.69883144
,3145,1,0,0.9676795
,3145,2,2,1.0
,3145,3,0,0.69736874
,3146,0,0,0.69751185
,3146,1,2,1.0
,3146,2,0,0.96767974
,3146,3,0,0.6973904
,3147,0,0,0.69740206
,3147,1,0,0.96767986
,3147,2,2,1.0
,3147,3,0,0.6974005
,3148,0,0,0.6973926
,3148,1,2,1.0
,3148,2,0,0.96768
,3148,3,0,0.6974947
,3149,0,0,0.69739205
,3149,1,0,0.9676823
,3149,2,2,1.0
,3149,3,0,0.6986251
,3150,0,0,0.6974607
,3150,1,2,1.0
,3150,2,0,0.96770257
,3150,3,0,0.71223205
,3151,0,0,0.6988512
,3151,1,0,0.90736866
,3151,2,2,1.0
,3151,3,0,0.8757898
,3152,0,0,0.7120769
,3152,1,0,0.7159065
,3152,2,0,0.96769893
,3152,3,2,1.0
,3153,0,0,0.87586355
,3153,1,0,0.71385634
,3153,2,2,1.0
,3153,3,0,0.9073073
,3154,0,2,1.0
,3154,1,0,0.87584376
,3154,2,0,0.9131454
,3154,3,0,0.7149323
,3155,0,0,0.9073194
,3155,1,2,1.0
,3155,2,0,0.88459545
,3155,3,0,0.69890016
,3156,0,0,0.71475077
,3156,1,0,0.9676741
,3156,2,2,1.0
,3156,3,0,0.6973412
,3157,0,0,0.69885
,3157,1,2,1.0
,3157,2,0,0.9676791
,3157,3,0,0.6973965
,3158,0,0,0.6977169
,3158,1,0,0.9676585
,3158,2,2,1.0
,3158,3,0,0.69759554
,3159,0,0,0.6990886
,3159,1,2,1.0
,3159,2,0,0.7782905
,3159,3,0,0.69907844
,3160,0,0,0.693792
,3160,1,0,0.77703744
,3160,2,3,1.0
,3160,3,0,0.6937911
,3161,0,0,0.6929695
,3161,1,3,1.0
,3161,2,0,0.83433807
,3161,3,0,0.6929695
,3162,0,0,0.6970805
,3162,1,0,0.83677864
,3162,2,2,1.0
,3162,3,0,0.6970805
,3163,0,0,0.69722927
,3163,1,2,1.0
,3163,2,0,0.956574
,3163,3,0,0.6972293
,3164,0,0,0.6972902
,3164,1,0,0.9676786
,3164,2,2,0.94232315
,3164,3,0,0.69729096
,3165,0,0,0.6973923
,3165,1,2,1.0
,3165,2,0,0.96013504
,3165,3,0,0.6974009
,3166,0,0,0.6973856
,3166,1,0,0.96767986
,3166,2,2,1.0
,3166,3,0,0.6974894
,3167,0,0,0.6973823
,3167,1,2,1.0
,3167,2,0,0.96768135
,3167,3,0,0.698625
,3168,0,0,0.6973517
,3168,1,0,0.96770304
,3168,2,2,0.9999957
,3168,3,0,0.7122369
,3169,0,0,0.6975623
,3169,1,2,1.0
,3169,2,0,0.9131552
,3169,3,0,0.87586594
,3170,0,0,0.69740975
,3170,1,0,0.9131428
,3170,2,0,0.88468003
,3170,3,2,1.0
,3171,0,0,0.6974517
,3171,1,0,0.8846025
,3171,2,2,1.0
,3171,3,0,0.9073202
,3172,0,0,0.69722795
,3172,1,2,1.0
,3172,2,0,0.9676742
,3172,3,0,0.71475
,3173,0,0,0.6974705
,3173,1,0,0.96767974
,3173,2,2,1.0
,3173,3,0,0.6988306
,3174,0,0,0.6986224
,3174,1,2,1.0
,3174,2,0,0.9676823
,3174,3,0,0.69750285
,3175,0,0,0.71223193
,3175,1,0,0.9677025
,3175,2,2,1.0
,3175,3,0,0.6973673
,3176,0,0,0.87578833
,3176,1,2,1.0
,3176,2,0,0.9078223
,3176,3,0,0.69760984
,3177,0,2,1.0
,3177,1,0,0.9676966
,3177,2,0,0.7290669
,3177,3,0,0.6971962
,3178,0,0,0.90727574
,3178,1,2,1.0
,3178,2,0,0.87651926
,3178,3,0,0.69760007
,3179,0,0,0.71311456
,3179,1,0,0.967669
,3179,2,2,1.0
,3179,3,0,0.6972611
,3180,0,0,0.678499
,3180,1,2,1.0
,3180,2,0,0.96761125
,3180,3,0,0.6976228
,3181,0,1,0.54869413
,3181,1,0,0.90713143
,3181,2,2,1.0
,3181,3,0,0.69830745
,3182,0,3,1.0
,3182,1,0,0.6911332
,3182,2,0,0.9675065
,3182,3,0,0.69360745
,3183,0,0,0.6438087
,3183,1,1,0.5483872
,3183,2,2,1.0
,3183,3,0,0.6975709
,3184,0,0,0.8711021
,3184,1,3,1.0
,3184,2,0,0.9075862
,3184,3,0,0.6943155
,3185,0,2,1.0
,3185,1,0,0.8368887
,3185,2,0,0.729262
,3185,3,0,0.69715303
,3186,0,0,0.9073254
,3186,1,2,1.0
,3186,2,0,0.8764547
,3186,3,0,0.69755197
,3187,0,0,0.71483326
,3187,1,0,0.9676765
,3187,2,2,1.0
,3187,3,0,0.6984445
,3188,0,0,0.70002705
,3188,1,2,1.0
,3188,2,0,0.9677044
,3188,3,0,0.71220964
,3189,0,0,0.7125744
,3189,1,0,0.90730804
,3189,2,2,1.0
,3189,3,0,0.87587404
,3190,0,0,0.8757873
,3190,1,0,0.7149413
,3190,2,0,0.9131454
,3190,3,2,1.0
,3191,0,2,1.0
,3191,1,0,0.6990022
,3191,2,0,0.8845963
,3191,3,0,0.9073188
,3192,0,0,0.9676765
,3192,1,0,0.6985728
,3192,2,2,1.0
,3192,3,0,0.71474063
,3193,0,2,1.0
,3193,1,0,0.7122185
,3193,2,0,0.96770215
,3193,3,0,0.69879687
,3194,0,0,0.90782243
,3194,1,0,0.8757875
,3194,2,2,1.0
,3194,3,0,0.697728
,3195,0,0,0.72907203
,3195,1,2,1.0
,3195,2,0,0.96769726
,3195,3,0,0.6971992
,3196,0,0,0.87660664
,3196,1,0,0.9131557
,3196,2,2,1.0
,3196,3,0,0.69754124
,3197,0,2,1.0
,3197,1,0,0.88467854
,3197,2,0,0.91314083
,3197,3,0,0.69742495
,3198,0,0,0.9073944
,3198,1,2,1.0
,3198,2,0,0.884529
,3198,3,0,0.6976342
,3199,0,0,0.7161035
,3199,1,0,0.77799815
,3199,2,2,1.0
,3199,3,0,0.6986217
,3200,0,0,0.6942637
,3200,1,3,1.0
,3200,2,0,0.9675838
,3200,3,0,0.6927938
,3201,0,0,0.69732326
,3201,1,0,0.8368703
,3201,2,2,1.0
,3201,3,0,0.69730365
,3202,0,0,0.6972204
,3202,1,2,1.0
,3202,2,0,0.9676779
,3202,3,0,0.6984523
,3203,0,0,0.6973414
,3203,1,0,0.9677024
,3203,2,2,1.0
,3203,3,0,0.7122143
,3204,0,0,0.69761777
,3204,1,2,1.0
,3204,2,0,0.90733564
,3204,3,0,0.87577856
,3205,0,0,0.69722724
,3205,1,0,0.9676741
,3205,2,0,0.71484554
,3205,3,2,1.0
,3206,0,0,0.69735926
,3206,1,2,1.0
,3206,2,0,0.70006126
,3206,3,0,0.96768194
,3207,0,0,0.6973497
,3207,1,0,0.96770304
,3207,2,0,0.7123529
,3207,3,2,1.0
,3208,0,0,0.6975683
,3208,1,2,0.9999999
,3208,2,0,0.87586856
,3208,3,0,0.9131545
,3209,0,0,0.69745976
,3209,1,0,0.9073233
,3209,2,2,1.0
,3209,3,0,0.88460094
,3210,0,0,0.6972189
,3210,1,0,0.7148484
,3210,2,0,0.9676742
,3210,3,2,1.0
,3211,0,0,0.6973593
,3211,1,0,0.7000546
,3211,2,2,1.0
,3211,3,0,0.96768194
,3212,0,0,0.69735605
,3212,1,0,0.7122677
,3212,2,0,0.9676998
,3212,3,2,1.0
,3213,0,0,0.6976195
,3213,1,0,0.8748218
,3213,2,2,0.9999869
,3213,3,0,0.9073326
,3214,0,0,0.6972245
,3214,1,2,0.9977517
,3214,2,0,0.96767217
,3214,3,0,0.7147426
,3215,0,0,0.6973689
,3215,1,0,0.9673854
,3215,2,2,1.0
,3215,3,0,0.69883156
,3216,0,0,0.69738936
,3216,1,2,1.0
,3216,2,0,0.96767974
,3216,3,0,0.69751227
,3217,0,0,0.69739175
,3217,1,0,0.96767986
,3217,2,2,1.0
,3217,3,0,0.69741064
,3218,0,0,0.6973909
,3218,1,2,1.0
,3218,2,0,0.96768
,3218,3,0,0.6974955
,3219,0,0,0.69738287
,3219,1,0,0.9676823
,3219,2,2,1.0
,3219,3,0,0.69862556
,3220,0,0,0.6973523
,3220,1,2,1.0
,3220,2,0,0.96770304
,3220,3,0,0.71223676
,3221,0,0,0.6975679
,3221,1,0,0.91315466
,3221,2,2,1.0
,3221,3,0,0.87586373
,3222,0,0,0.69745463
,3222,1,0,0.88460934
,3222,2,0,0.90780973
,3222,3,2,1.0
,3223,0,0,0.6972463
,3223,1,2,1.0
,3223,2,0,0.7290572
,3223,3,0,0.96769565
,3224,0,0,0.6982628
,3224,1,0,0.9076448
,3224,2,0,0.87631744
,3224,3,2,1.0
,3225,0,0,0.70313644
,3225,1,0,0.72175324
,3225,2,2,1.0
,3225,3,0,0.90976226
,3226,0,0,0.685266
,3226,1,0,0.7027826
,3226,2,2,1.0
,3226,3,0,0.7032087
,3227,0,0,0.6809832
,3227,1,0,0.8669631
,3227,2,2,1.0
,3227,3,0,0.6825441
,3228,0,0,0.69556516
,3228,1,2,1.0
,3228,2,0,0.9676673
,3228,3,0,0.6956957
,3229,0,0,0.69723386
,3229,1,0,0.96716297
,3229,2,2,1.0
,3229,3,0,0.6972447
,3230,0,0,0.69736934
,3230,1,2,0.9973198
,3230,2,0,0.96767974
,3230,3,0,0.69737023
,3231,0,0,0.69739145
,3231,1,0,0.96732926
,3231,2,2,1.0
,3231,3,0,0.69739145
,3232,0,0,0.6973916
,3232,1,2,1.0
,3232,2,0,0.96767974
,3232,3,0,0.6973916
,3233,0,0,0.69739217
,3233,1,0,0.96767986
,3233,2,2,1.0
,3233,3,0,0.69739217
,3234,0,0,0.6973923
,3234,1,2,1.0
,3234,2,0,0.96768
,3234,3,0,0.6973923
,3235,0,0,0.6973923
,3235,1,0,0.96767986
,3235,2,2,1.0
,3235,3,0,0.69739294
,3236,0,0,0.69739217
,3236,1,2,1.0
,3236,2,0,0.96768
,3236,3,0,0.6974008
,3237,0,0,0.69739103
,3237,1,0,0.9676801
,3237,2,2,1.0
,3237,3,0,0.6974948
,3238,0,0,0.6973828
,3238,1,2,1.0
,3238,2,0,0.9676823
,3238,3,0,0.6986255
,3239,0,0,0.6973517
,3239,1,0,0.96770304
,3239,2,2,1.0
,3239,3,0,0.7122369
,3240,0,0,0.6975623
,3240,1,2,1.0
,3240,2,0,0.91315544
,3240,3,0,0.87586594
,3241,0,0,0.69740975
,3241,1,0,0.9131428
,3241,2,0,0.88465446
,3241,3,2,1.0
,3242,0,0,0.69745094
,3242,1,0,0.8846025
,3242,2,2,0.9999385
,3242,3,0,0.9073202
,3243,0,0,0.69721943
,3243,1,2,1.0
,3243,2,0,0.9676659
,3243,3,0,0.71475077
,3244,0,0,0.69736797
,3244,1,0,0.9676795
,3244,2,2,1.0
,3244,3,0,0.6988403
,3245,0,0,0.69738835
,3245,1,2,1.0
,3245,2,0,0.96768
,3245,3,0,0.69761425
,3246,0,0,0.69738305
,3246,1,0,0.9676823
,3246,2,2,1.0
,3246,3,0,0.6986351
,3247,0,0,0.6973573
,3247,1,2,1.0
,3247,2,0,0.96770257
,3247,3,0,0.71223295
,3248,0,0,0.697609
,3248,1,0,0.9078223
,3248,2,2,1.0
,3248,3,0,0.87578845
,3249,0,0,0.69719577
,3249,1,0,0.7290669
,3249,2,0,0.9676966
,3249,3,2,1.0
,3250,0,0,0.6975961
,3250,1,0,0.8765205
,3250,2,2,1.0
,3250,3,0,0.90733176
,3251,0,0,0.697227
,3251,1,2,1.0
,3251,2,0,0.96767396
,3251,3,0,0.7147551
,3252,0,0,0.6973674
,3252,1,0,0.96767974
,3252,2,2,1.0
,3252,3,0,0.69893354
,3253,0,0,0.6973806
,3253,1,2,1.0
,3253,2,0,0.9676823
,3253,3,0,0.69874436
,3254,0,0,0.6973571
,3254,1,0,0.9677025
,3254,2,2,1.0
,3254,3,0,0.71224177
,3255,0,0,0.697609
,3255,1,2,1.0
,3255,2,0,0.9078223
,3255,3,0,0.87578887
,3256,0,0,0.69719577
,3256,1,0,0.9676967
,3256,2,0,0.7290669
,3256,3,2,1.0
,3257,0,0,0.6975954
,3257,1,2,1.0
,3257,2,0,0.87652135
,3257,3,0,0.90737224
,3258,0,0,0.69722676
,3258,1,0,0.9676764
,3258,2,2,1.0
,3258,3,0,0.71593785
,3259,0,0,0.6974372
,3259,1,2,1.0
,3259,2,0,0.9677024
,3259,3,0,0.71362954
,3260,0,0,0.69884896
,3260,1,0,0.9073312
,3260,2,2,1.0
,3260,3,0,0.8758508
,3261,0,0,0.7120748
,3261,1,0,0.71481407
,3261,2,0,0.96769685
,3261,3,2,1.0
,3262,0,0,0.87577707
,3262,1,0,0.7002878
,3262,2,2,1.0
,3262,3,0,0.9073273
,3263,0,2,1.0
,3263,1,0,0.7121907
,3263,2,0,0.96769685
,3263,3,0,0.71471345
,3264,0,0,0.9073319
,3264,1,0,0.87577236
,3264,2,2,1.0
,3264,3,0,0.6990472
,3265,0,0,0.71474934
,3265,1,2,1.0
,3265,2,0,0.96767354
,3265,3,0,0.697208
,3266,0,0,0.69886446
,3266,1,0,0.9676747
,3266,2,2,1.0
,3266,3,0,0.6956884
,3267,0,0,0.6977575
,3267,1,2,1.0
,3267,2,0,0.96761215
,3267,3,0,0.67699254
,3268,0,0,0.6982403
,3268,1,0,0.9082895
,3268,2,2,1.0
,3268,3,1,0.5489727
,3269,0,0,0.69346935
,3269,1,0,0.72563064
,3269,2,0,0.96759784
,3269,3,3,1.0
,3270,0,0,0.69719934
,3270,1,0,0.8764038
,3270,2,2,1.0
,3270,3,0,0.6265889
,3271,0,0,0.69732517
,3271,1,2,1.0
,3271,2,0,0.9676786
,3271,3,0,0.6914203
,3272,0,0,0.69748986
,3272,1,0,0.9676801
,3272,2,2,1.0
,3272,3,0,0.696894
,3273,0,0,0.6986249
,3273,1,2,1.0
,3273,2,0,0.9676823
,3273,3,0,0.6973428
,3274,0,0,0.7122316
,3274,1,0,0.9677025
,3274,2,2,1.0
,3274,3,0,0.69736344
,3275,0,0,0.8757801
,3275,1,2,1.0
,3275,2,0,0.907335
,3275,3,0,0.6977215
,3276,0,2,1.0
,3276,1,0,0.9676765
,3276,2,0,0.714837
,3276,3,0,0.6984617
,3277,0,0,0.9677044
,3277,1,2,1.0
,3277,2,0,0.7000274
,3277,3,0,0.71221113
,3278,0,2,1.0
,3278,1,0,0.90730804
,3278,2,0,0.71257454
,3278,3,0,0.87587416
,3279,0,0,0.9131454
,3279,1,0,0.7149413
,3279,2,0,0.8757873
,3279,3,2,1.0
,3280,0,0,0.88459617
,3280,1,0,0.6990022
,3280,2,2,1.0
,3280,3,0,0.9073188
,3281,0,2,1.0
,3281,1,0,0.6985731
,3281,2,0,0.9676765
,3281,3,0,0.7147409
,3282,0,0,0.9677027
,3282,1,0,0.7122232
,3282,2,2,1.0
,3282,3,0,0.69880044
,3283,0,2,1.0
,3283,1,0,0.8758633
,3283,2,0,0.91315436
,3283,3,0,0.69779044
,3284,0,0,0.9073156
,3284,1,2,1.0
,3284,2,0,0.8846102
,3284,3,0,0.69870263
,3285,0,0,0.71471846
,3285,1,0,0.96769685
,3285,2,2,1.0
,3285,3,0,0.71206707
,3286,0,0,0.6990579
,3286,1,2,1.0
,3286,2,0,0.9073724
,3286,3,0,0.87576777
,3287,0,0,0.6973388
,3287,1,0,0.9676764
,3287,2,0,0.71593726
,3287,3,2,1.0
,3288,0,0,0.6973382
,3288,1,2,1.0
,3288,2,0,0.71363443
,3288,3,0,0.9677027
,3289,0,0,0.6975605
,3289,1,0,0.91315633
,3289,2,0,0.87592745
,3289,3,2,1.0
,3290,0,0,0.6974096
,3290,1,0,0.88468003
,3290,2,2,1.0
,3290,3,0,0.9131428
,3291,0,0,0.69745094
,3291,1,2,1.0
,3291,2,0,0.90732026
,3291,3,0,0.8846025
,3292,0,0,0.69721943
,3292,1,0,0.9676741
,3292,2,0,0.71475077
,3292,3,2,1.0
,3293,0,0,0.69736797
,3293,1,2,1.0
,3293,2,0,0.69884026
,3293,3,0,0.9676795
,3294,0,0,0.69738847
,3294,1,0,0.9676801
,3294,2,0,0.6976142
,3294,3,2,1.0
,3295,0,0,0.69738305
,3295,1,2,1.0
,3295,2,0,0.698635
,3295,3,0,0.9676823
,3296,0,0,0.69735837
,3296,1,0,0.9677025
,3296,2,0,0.7122325
,3296,3,2,1.0
,3297,0,0,0.6976193
,3297,1,2,1.0
,3297,2,0,0.8757794
,3297,3,0,0.90733254
,3298,0,0,0.6972285
,3298,1,0,0.96767396
,3298,2,2,1.0
,3298,3,0,0.7147547
,3299,0,0,0.6973675
,3299,1,2,1.0
,3299,2,0,0.9676791
,3299,3,0,0.69893336
,3300,0,0,0.6973807
,3300,1,0,0.9676823
,3300,2,2,0.99999666
,3300,3,0,0.6987428
,3301,0,0,0.6973571
,3301,1,2,1.0
,3301,2,0,0.96770215
,3301,3,0,0.71222204
,3302,0,0,0.697609
,3302,1,0,0.90782243
,3302,2,2,1.0
,3302,3,0,0.87555116
,3303,0,0,0.6971951
,3303,1,0,0.72906625
,3303,2,0,0.9676966
,3303,3,2,0.99944466
,3304,0,0,0.69759595
,3304,1,0,0.8765205
,3304,2,2,1.0
,3304,3,0,0.9071756
,3305,0,0,0.6972272
,3305,1,2,1.0
,3305,2,0,0.96767396
,3305,3,0,0.7147339
,3306,0,0,0.6973687
,3306,1,0,0.9676795
,3306,2,2,1.0
,3306,3,0,0.6988303
,3307,0,0,0.6973898
,3307,1,2,1.0
,3307,2,0,0.96767974
,3307,3,0,0.69751185
,3308,0,0,0.6973936
,3308,1,0,0.9676796
,3308,2,2,1.0
,3308,3,0,0.69740385
,3309,0,0,0.6974033
,3309,1,2,0.9999999
,3309,2,0,0.8796262
,3309,3,0,0.6974048
,3310,0,0,0.6973571
,3310,1,0,0.9676794
,3310,2,2,0.54213446
,3310,3,0,0.6973652
,3311,0,0,0.69741505
,3311,1,2,1.0
,3311,2,0,0.9077881
,3311,3,0,0.6975113
,3312,0,0,0.6976451
,3312,1,0,0.96766406
,3312,2,2,0.9999988
,3312,3,0,0.69879854
,3313,0,0,0.69986635
,3313,1,2,1.0
,3313,2,0,0.7776232
,3313,3,0,0.71368027
,3314,0,0,0.70855945
,3314,1,0,0.9075346
,3314,2,3,1.0
,3314,3,0,0.8737663
,3315,0,0,0.8756497
,3315,1,0,0.7291797
,3315,2,0,0.62773633
,3315,3,2,1.0
,3316,0,2,1.0
,3316,1,0,0.8765923
,3316,2,0,0.7066354
,3316,3,0,0.9073068
,3317,0,0,0.90732914
,3317,1,2,1.0
,3317,2,0,0.8754387
,3317,3,0,0.71500784
,3318,0,0,0.7149055
,3318,1,0,0.9676538
,3318,2,2,1.0
,3318,3,0,0.69894797
,3319,0,0,0.700227
,3319,1,2,1.0
,3319,2,0,0.77797455
,3319,3,0,0.70013666
,3320,0,0,0.6931063
,3320,1,0,0.9675845
,3320,2,3,1.0
,3320,3,0,0.7079129
,3321,0,0,0.69835246
,3321,1,2,1.0
,3321,2,0,0.6431199
,3321,3,0,0.87571526
,3322,0,0,0.7123881
,3322,1,0,0.9073485
,3322,2,0,0.87278444
,3322,3,2,1.0
,3323,0,0,0.8757015
,3323,1,0,0.7161675
,3323,2,2,1.0
,3323,3,0,0.9073214
,3324,0,2,1.0
,3324,1,0,0.7134727
,3324,2,0,0.9676966
,3324,3,0,0.7148031
,3325,0,0,0.9073273
,3325,1,0,0.8758387
,3325,2,2,1.0
,3325,3,0,0.7002862
,3326,0,0,0.71471435
,3326,1,2,1.0
,3326,2,0,0.96769685
,3326,3,0,0.7121906
,3327,0,0,0.6990587
,3327,1,0,0.9073351
,3327,2,2,1.0
,3327,3,0,0.8757725
,3328,0,0,0.69734687
,3328,1,0,0.71484476
,3328,2,0,0.9676742
,3328,3,2,1.0
,3329,0,0,0.69736934
,3329,1,0,0.7000611
,3329,2,2,1.0
,3329,3,0,0.96768194
,3330,0,0,0.69735044
,3330,1,0,0.7123529
,3330,2,0,0.96770304
,3330,3,2,1.0
,3331,0,0,0.6975672
,3331,1,0,0.87586886
,3331,2,2,1.0
,3331,3,0,0.91315466
,3332,0,0,0.69744956
,3332,1,2,1.0
,3332,2,0,0.90781015
,3332,3,0,0.88460946
,3333,0,0,0.69718623
,3333,1,0,0.96769685
,3333,2,0,0.7290708
,3333,3,2,1.0
,3334,0,0,0.697585
,3334,1,2,1.0
,3334,2,0,0.8765297
,3334,3,0,0.90782166
,3335,0,0,0.6971932
,3335,1,0,0.9676967
,3335,2,2,1.0
,3335,3,0,0.72906786
,3336,0,0,0.6975856
,3336,1,2,1.0
,3336,2,0,0.90782166
,3336,3,0,0.87652963
,3337,0,0,0.6971943
,3337,1,0,0.9676967
,3337,2,0,0.72906727
,3337,3,2,1.0
,3338,0,0,0.69759595
,3338,1,2,1.0
,3338,2,0,0.8765205
,3338,3,0,0.9073314
,3339,0,0,0.6972271
,3339,1,0,0.96767396
,3339,2,2,1.0
,3339,3,0,0.71474683
,3340,0,0,0.6973687
,3340,1,2,1.0
,3340,2,0,0.9676795
,3340,3,0,0.69883144
,3341,0,0,0.69738966
,3341,1,0,0.96767986
,3341,2,2,1.0
,3341,3,0,0.69751185
,3342,0,0,0.69739205
,3342,1,2,1.0
,3342,2,0,0.96768
,3342,3,0,0.69740224
,3343,0,0,0.69739234
,3343,1,0,0.96767986
,3343,2,2,1.0
,3343,3,0,0.6973931
,3344,0,0,0.697393
,3344,1,2,1.0
,3344,2,0,0.96768
,3344,3,0,0.69739234
,3345,0,0,0.6974008
,3345,1,0,0.96767986
,3345,2,2,1.0
,3345,3,0,0.69739217
,3346,0,0,0.6974947
,3346,1,2,1.0
,3346,2,0,0.96768
,3346,3,0,0.6973912
,3347,0,0,0.6986251
,3347,1,0,0.9676823
,3347,2,2,1.0
,3347,3,0,0.6973856
,3348,0,0,0.7122319
,3348,1,2,1.0
,3348,2,0,0.96770257
,3348,3,0,0.6973852
,3349,0,0,0.8757855
,3349,1,0,0.90756834
,3349,2,2,1.0
,3349,3,0,0.6979427
,3350,0,2,1.0
,3350,1,0,0.72166383
,3350,2,0,0.967686
,3350,3,0,0.7011601
,3351,0,0,0.9326765
,3351,1,0,0.7846533
,3351,2,2,1.0
,3351,3,0,0.74473935
,3352,0,0,0.7856936
,3352,1,2,1.0
,3352,2,1,0.9428468
,3352,3,0,0.52933717
,3353,0,2,1.0
,3353,1,0,0.96762323
,3353,2,0,0.6566567
,3353,3,0,0.68014634
,3354,0,0,0.9073307
,3354,1,2,1.0
,3354,2,0,0.87330025
,3354,3,0,0.69615597
,3355,0,0,0.7147436
,3355,1,0,0.96767354
,3355,2,2,1.0
,3355,3,0,0.69711214
,3356,0,0,0.6988298
,3356,1,2,0.99999785
,3356,2,0,0.96767974
,3356,3,0,0.6974608
,3357,0,0,0.69750226
,3357,1,0,0.96768194
,3357,2,2,1.0
,3357,3,0,0.698622
,3358,0,0,0.69736165
,3358,1,2,1.0
,3358,2,0,0.96770304
,3358,3,0,0.71223664
,3359,0,0,0.6975633
,3359,1,0,0.91315633
,3359,2,2,1.0
,3359,3,0,0.8758658
,3360,0,0,0.69741124
,3360,1,0,0.8846799
,3360,2,0,0.9131428
,3360,3,2,1.0
,3361,0,0,0.6974683
,3361,1,2,1.0
,3361,2,0,0.8846011
,3361,3,0,0.90732676
,3362,0,0,0.69740975
,3362,1,0,0.96765393
,3362,2,2,1.0
,3362,3,0,0.71492535
,3363,0,0,0.69892305
,3363,1,2,1.0
,3363,2,0,0.77803075
,3363,3,0,0.70027685
,3364,0,0,0.6943689
,3364,1,0,0.9674091
,3364,2,3,1.0
,3364,3,0,0.6932256
,3365,0,0,0.71253115
,3365,1,2,0.9995707
,3365,2,1,0.62664473
,3365,3,0,0.6974887
,3366,0,0,0.87425625
,3366,1,0,0.9074717
,3366,2,3,1.0
,3366,3,0,0.6944254
,3367,0,2,1.0
,3367,1,0,0.7292588
,3367,2,0,0.8367176
,3367,3,0,0.69716
,3368,0,0,0.9073631
,3368,1,0,0.87645364
,3368,2,2,0.99962646
,3368,3,0,0.69744813
,3369,0,0,0.71593404
,3369,1,2,1.0
,3369,2,0,0.9676274
,3369,3,0,0.6972028
,3370,0,0,0.7136287
,3370,1,0,0.96770215
,3370,2,2,1.0
,3370,3,0,0.6973332
,3371,0,0,0.87584084
,3371,1,2,1.0
,3371,2,0,0.90733546
,3371,3,0,0.6976165
,3372,0,2,1.0
,3372,1,0,0.9676741
,3372,2,0,0.71484554
,3372,3,0,0.6972272
,3373,0,0,0.96768194
,3373,1,2,1.0
,3373,2,0,0.70006096
,3373,3,0,0.69735974
,3374,0,2,1.0
,3374,1,0,0.9677025
,3374,2,0,0.7123483
,3374,3,0,0.6973548
,3375,0,0,0.90782243
,3375,1,2,1.0
,3375,2,0,0.8757936
,3375,3,0,0.6976089
,3376,0,0,0.72907215
,3376,1,0,0.96769726
,3376,2,2,1.0
,3376,3,0,0.6971977
,3377,0,0,0.8766075
,3377,1,2,1.0
,3377,2,0,0.9131557
,3377,3,0,0.6976414
,3378,0,2,1.0
,3378,1,0,0.91314316
,3378,2,0,0.88468885
,3378,3,0,0.69864124
,3379,0,0,0.9072992
,3379,1,0,0.8846935
,3379,2,2,1.0
,3379,3,0,0.71229655
,3380,0,0,0.71502906
,3380,1,2,1.0
,3380,2,0,0.9131476
,3380,3,0,0.8757804
,3381,0,0,0.7000785
,3381,1,0,0.9131424
,3381,2,0,0.8846832
,3381,3,2,1.0
,3382,0,0,0.71239185
,3382,1,0,0.88468456
,3382,2,2,1.0
,3382,3,0,0.9073098
,3383,0,0,0.87544096
,3383,1,2,1.0
,3383,2,0,0.89903104
,3383,3,0,0.71524435
,3384,0,2,1.0
,3384,1,0,0.9136177
,3384,2,1,0.52860457
,3384,3,0,0.69932574
,3385,0,0,0.912932
,3385,1,0,0.8830055
,3385,2,3,0.9999919
,3385,3,0,0.6940402
,3386,0,0,0.88471156
,3386,1,2,1.0
,3386,2,0,0.64295584
,3386,3,0,0.69704694
,3387,0,2,1.0
,3387,1,0,0.9073299
,3387,2,0,0.87268287
,3387,3,0,0.6975506
,3388,0,0,0.9676739
,3388,1,0,0.71474165
,3388,2,2,1.0
,3388,3,0,0.6972259
,3389,0,2,1.0
,3389,1,0,0.698838
,3389,2,0,0.96767974
,3389,3,0,0.69747007
,3390,0,0,0.9676824
,3390,1,0,0.6976053
,3390,2,2,1.0
,3390,3,0,0.69862217
,3391,0,2,1.0
,3391,1,0,0.69860095
,3391,2,0,0.96770465
,3391,3,0,0.71223396
,3392,0,0,0.90780056
,3392,1,0,0.71245486
,3392,2,2,1.0
,3392,3,0,0.8758815
,3393,0,0,0.72929645
,3393,1,0,0.8757919
,3393,2,0,0.90730405
,3393,3,2,1.0
,3394,0,0,0.87643975
,3394,1,2,1.0
,3394,2,0,0.71507037
,3394,3,0,0.9073213
,3395,0,2,1.0
,3395,1,0,0.96767604
,3395,2,0,0.6998984
,3395,3,0,0.7147268
,3396,0,0,0.9677027
,3396,1,2,1.0
,3396,2,0,0.7123301
,3396,3,0,0.69878995
,3397,0,2,1.0
,3397,1,0,0.91315454
,3397,2,0,0.8758675
,3397,3,0,0.6976868
,3398,0,0,0.9078101
,3398,1,0,0.88460946
,3398,2,2,1.0
,3398,3,0,0.69745964
,3399,0,0,0.7290703
,3399,1,2,1.0
,3399,2,0,0.96769685
,3399,3,0,0.69718796
,3400,0,0,0.87652147
,3400,1,0,0.9073723
,3400,2,2,1.0
,3400,3,0,0.69759417
,3401,0,2,1.0
,3401,1,0,0.71593785
,3401,2,0,0.9676763
,3401,3,0,0.6972183
,3402,0,0,0.96770215
,3402,1,0,0.7136291
,3402,2,2,1.0
,3402,3,0,0.69733477
,3403,0,2,1.0
,3403,1,0,0.87584096
,3403,2,0,0.9073322
,3403,3,0,0.69761676
,3404,0,0,0.96767396
,3404,1,2,1.0
,3404,2,0,0.7147472
,3404,3,0,0.6972285
,3405,0,2,1.0
,3405,1,0,0.9676795
,3405,2,0,0.6988399
,3405,3,0,0.69736934
,3406,0,0,0.9676801
,3406,1,2,1.0
,3406,2,0,0.697614
,3406,3,0,0.69739693
,3407,0,2,1.0
,3407,1,0,0.96768254
,3407,2,0,0.69863486
,3407,3,0,0.69748557
,3408,0,0,0.96770465
,3408,1,2,1.0
,3408,2,0,0.7122347
,3408,3,0,0.6985911
,3409,0,2,1.0
,3409,1,0,0.90735114
,3409,2,0,0.87587374
,3409,3,0,0.71245366
,3410,0,0,0.907359
,3410,1,0,0.71617204
,3410,2,2,1.0
,3410,3,0,0.87570775
,3411,0,0,0.7158953
,3411,1,0,0.7134751
,3411,2,0,0.9676987
,3411,3,2,1.0
,3412,0,0,0.7138504
,3412,1,0,0.8759229
,3412,2,2,1.0
,3412,3,0,0.9073096
,3413,0,0,0.8757679
,3413,1,2,1.0
,3413,2,0,0.90781236
,3413,3,0,0.7149771
,3414,0,2,1.0
,3414,1,0,0.9676954
,3414,2,0,0.72904575
,3414,3,0,0.6987053
,3415,0,0,0.9076535
,3415,1,2,1.0
,3415,2,0,0.8763546
,3415,3,0,0.6985188
,3416,0,0,0.72239727
,3416,1,0,0.9105287
,3416,2,2,1.0
,3416,3,0,0.7051635
,3417,0,0,0.72534716
,3417,1,0,0.7405281
,3417,2,2,1.0
,3417,3,0,0.7239565
,3418,0,0,1.0
,3418,1,2,0.5649606
,3418,2,0,1.0
,3418,3,0,1.0
,3419,0,0,0.7098712
,3419,1,0,0.90682626
,3419,2,3,1.0
,3419,3,0,0.7098712
,3420,0,0,0.69855404
,3420,1,2,1.0
,3420,2,0,0.835604
,3420,3,0,0.698555
,3421,0,0,0.69876045
,3421,1,0,0.77801305
,3421,2,2,0.9978563
,3421,3,0,0.6987716
,3422,0,0,0.69332594
,3422,1,3,1.0
,3422,2,0,0.96720296
,3422,3,0,0.69345933
,3423,0,0,0.7002899
,3423,1,1,0.62661433
,3423,2,2,1.0
,3423,3,0,0.7018754
,3424,0,0,0.72788495
,3424,1,3,1.0
,3424,2,0,0.95020586
,3424,3,0,0.746826
,3425,0,0,0.5905241
,3425,1,1,0.8752882
,3425,2,2,1.0
,3425,3,0,0.8111894
,3426,0,0,0.7236172
,3426,1,0,0.66404855
,3426,2,0,0.9477862
,3426,3,2,0.9999999
,3427,0,0,0.576339
,3427,1,1,0.6754514
,3427,2,2,1.0
,3427,3,0,0.55137676
,3428,0,0,0.6787507
,3428,1,3,1.0
,3428,2,0,0.7777609
,3428,3,0,0.67661345
,3429,0,0,0.6902346
,3429,1,1,0.6333989
,3429,2,3,1.0
,3429,3,0,0.69004816
,3430,0,0,0.69738376
,3430,1,3,1.0
,3430,2,0,0.83533764
,3430,3,0,0.69730955
,3431,0,0,0.73397696
,3431,1,0,0.7591009
,3431,2,2,0.99999666
,3431,3,0,0.73327285
,3432,0,0,0.59099835
,3432,1,2,1.0
,3432,2,1,0.6951276
,3432,3,0,0.5827674
,3433,0,0,0.8011958
,3433,1,0,0.92730427
,3433,2,3,1.0
,3433,3,0,0.7149971
,3434,0,2,1.0
,3434,1,0,0.8195648
,3434,2,1,0.87824357
,3434,3,0,0.57878447
,3435,0,0,0.96764874
,3435,1,2,1.0
,3435,2,0,0.6627728
,3435,3,0,0.68550396
,3436,0,2,1.0
,3436,1,0,0.90844065
,3436,2,0,0.87118423
,3436,3,0,0.6993855
,3437,0,0,0.9497963
,3437,1,0,0.74751604
,3437,2,2,0.9942727
,3437,3,0,0.73104984
,3438,0,2,1.0
,3438,1,0,0.588093
,3438,2,0,0.78322995
,3438,3,0,0.58491063
,3439,0,0,0.7773428
,3439,1,0,0.7018834
,3439,2,2,1.0
,3439,3,0,0.6863124
,3440,0,3,1.0
,3440,1,0,0.8731148
,3440,2,0,0.91289616
,3440,3,0,0.69232166
,3441,0,0,0.62775767
,3441,1,2,1.0
,3441,2,0,0.8846218
,3441,3,0,0.696908
,3442,0,0,0.706413
,3442,1,0,0.96770096
,3442,2,2,1.0
,3442,3,0,0.69729865
,3443,0,0,0.87545174
,3443,1,2,1.0
,3443,2,0,0.9074955
,3443,3,0,0.69802046
,3444,0,2,1.0
,3444,1,0,0.7777699
,3444,2,0,0.7187574
,3444,3,0,0.70138234
,3445,0,0,0.9495167
,3445,1,3,1.0
,3445,2,0,0.72887766
,3445,3,0,0.7275011
,3446,0,2,1.0
,3446,1,1,0.7053791
,3446,2,0,0.5844409
,3446,3,0,0.5842857
,3447,0,0,0.9675381
,3447,1,2,1.0
,3447,2,0,0.68368626
,3447,3,0,0.68356645
,3448,0,2,1.0
,3448,1,0,0.777964
,3448,2,0,0.69878894
,3448,3,0,0.69752836
,3449,0,0,0.9675844
,3449,1,3,1.0
,3449,2,0,0.70780134
,3449,3,0,0.69277453
,3450,0,2,1.0
,3450,1,0,0.6431237
,3450,2,0,0.875704
,3450,3,0,0.6970942
,3451,0,0,0.91315204
,3451,1,0,0.8727738
,3451,2,2,1.0
,3451,3,0,0.6974992
,3452,0,0,0.884597
,3452,1,2,1.0
,3452,2,0,0.9072638
,3452,3,0,0.697453
,3453,0,2,1.0
,3453,1,0,0.9676691
,3453,2,0,0.713117
,3453,3,0,0.6972527
,3454,0,0,0.96761155
,3454,1,2,1.0
,3454,2,0,0.678493
,3454,3,0,0.6976193
,3455,0,2,1.0
,3455,1,0,0.9078148
,3455,2,1,0.5487592
,3455,3,0,0.698284
,3456,0,0,0.9675041
,3456,1,0,0.7113926
,3456,2,3,1.0
,3456,3,0,0.6937112
,3457,0,2,1.0
,3457,1,0,0.6991683
,3457,2,1,0.6262706
,3457,3,0,0.6976928
,3458,0,0,0.96761686
,3458,1,0,0.6942401
,3458,2,3,1.0
,3458,3,0,0.6941157
,3459,0,2,1.0
,3459,1,0,0.7001257
,3459,2,0,0.8369596
,3459,3,0,0.70011526
,3460,0,0,0.9498662
,3460,1,0,0.7313046
,3460,2,2,1.0
,3460,3,0,0.7313025
,3461,0,2,1.0
,3461,1,0,0.58837754
,3461,2,0,0.7822201
,3461,3,0,0.58836293
,3462,0,0,0.94900894
,3462,1,0,0.7216452
,3462,2,2,0.9912393
,3462,3,0,0.7214918
,3463,0,2,1.0
,3463,1,0,0.58694226
,3463,2,1,0.6969326
,3463,3,0,0.58518887
,3464,0,0,0.9499379
,3464,1,0,0.73355454
,3464,2,3,1.0
,3464,3,0,0.71516585
,3465,0,2,1.0
,3465,1,0,0.8102345
,3465,2,1,0.87557334
,3465,3,0,0.6022933
,3466,0,0,0.9071926
,3466,1,2,1.0
,3466,2,0,0.663798
,3466,3,0,0.87000144
,3467,0,0,0.71494806
,3467,1,0,0.90736204
,3467,2,0,0.8735253
,3467,3,2,1.0
,3468,0,0,0.69865364
,3468,1,0,0.7159237
,3468,2,2,1.0
,3468,3,0,0.9676759
,3469,0,0,0.6974528
,3469,1,0,0.7136279
,3469,2,0,0.96770215
,3469,3,2,1.0
,3470,0,0,0.6976163
,3470,1,0,0.87584996
,3470,2,2,1.0
,3470,3,0,0.9078223
,3471,0,0,0.69719577
,3471,1,2,1.0
,3471,2,0,0.96769685
,3471,3,0,0.72906756
,3472,0,0,0.6975896
,3472,1,0,0.9078214
,3472,2,2,1.0
,3472,3,0,0.87652963
,3473,0,0,0.69723946
,3473,1,0,0.72906286
,3473,2,0,0.96769637
,3473,3,2,1.0
,3474,0,0,0.69812465
,3474,1,0,0.87645304
,3474,2,2,1.0
,3474,3,0,0.9074891
,3475,0,0,0.70286417
,3475,1,2,1.0
,3475,2,0,0.77767617
,3475,3,0,0.7186287
,3476,0,0,0.7459817
,3476,1,0,0.9501537
,3476,2,3,1.0
,3476,3,0,0.7280361
,3477,0,0,0.8113547
,3477,1,2,1.0
,3477,2,1,0.86803323
,3477,3,0,0.5868371
,3478,0,2,1.0
,3478,1,0,0.90736055
,3478,2,0,0.84889054
,3478,3,0,0.6869361
,3479,0,0,0.9676456
,3479,1,0,0.7186524
,3479,2,2,1.0
,3479,3,0,0.7003677
,3480,0,2,1.0
,3480,1,0,0.7470205
,3480,2,0,0.84839725
,3480,3,0,0.74563795
,3481,0,1,0.59185934
,3481,1,0,0.59818166
,3481,2,3,1.0
,3481,3,0,0.59803194
,3482,0,3,1.0
,3482,1,0,0.5220266
,3482,2,1,0.74310607
,3482,3,0,0.52200997
,3483,0,0,0.8336493
,3483,1,0,0.6820379
,3483,2,2,1.0
,3483,3,0,0.68203634
,3484,0,2,1.0
,3484,1,0,0.7433567
,3484,2,0,0.8476613
,3484,3,0,0.7433553
,3485,0,0,0.66480374
,3485,1,0,0.59721744
,3485,2,3,1.0
,3485,3,0,0.59720147
,3486,0,2,0.9999999
,3486,1,0,0.536764
,3486,2,1,0.9583219
,3486,3,0,0.5366134
,3487,0,0,0.9493626
,3487,1,0,0.71189773
,3487,2,3,1.0
,3487,3,0,0.7103426
,3488,0,2,1.0
,3488,1,0,0.5997552
,3488,2,1,0.7048441
,3488,3,0,0.5823228
,3489,0,0,0.89883333
,3489,1,0,0.8682491
,3489,2,2,1.0
,3489,3,0,0.6846187
,3490,0,1,0.5272075
,3490,1,2,1.0
,3490,2,0,0.9036235
,3490,3,0,0.70135885
,3491,0,3,1.0
,3491,1,0,0.9196402
,3491,2,0,0.58336216
,3491,3,0,0.7411903
,3492,0,1,0.856983
,3492,1,1,0.5676081
,3492,2,3,1.0
,3492,3,0,0.5986043
,3493,0,0,0.7219304
,3493,1,3,1.0
,3493,2,1,0.9589045
,3493,3,0,0.5151088
,3494,0,2,1.0
,3494,1,0,0.8353041
,3494,2,0,0.65595347
,3494,3,0,0.6795047
,3495,0,0,0.913145
,3495,1,2,1.0
,3495,2,0,0.87319946
,3495,3,0,0.69591135
,3496,0,0,0.8846062
,3496,1,0,0.90780973
,3496,2,2,0.99981356
,3496,3,0,0.6973058
,3497,0,2,1.0
,3497,1,0,0.72907007
,3497,2,0,0.96767235
,3497,3,0,0.69717723
,3498,0,0,0.9073379
,3498,1,0,0.87651926
,3498,2,2,1.0
,3498,3,0,0.6976192
,3499,0,0,0.7149171
,3499,1,2,1.0
,3499,2,0,0.96765417
,3499,3,0,0.6975075
,3500,0,0,0.7002287
,3500,1,0,0.77797437
,3500,2,2,1.0
,3500,3,0,0.70001763
,3501,0,0,0.69310653
,3501,1,3,1.0
,3501,2,0,0.9675845
,3501,3,0,0.7079032
,3502,0,0,0.69835216
,3502,1,0,0.6431198
,3502,2,2,1.0
,3502,3,0,0.8757148
,3503,0,0,0.7123835
,3503,1,0,0.872783
,3503,2,0,0.9073549
,3503,3,2,1.0
,3504,0,0,0.8756306
,3504,1,2,1.0
,3504,2,0,0.7163351
,3504,3,0,0.90738195
,3505,0,2,0.9999999
,3505,1,0,0.7774893
,3505,2,0,0.7148312
,3505,3,0,0.7158388
,3506,0,0,0.9129186
,3506,1,3,1.0
,3506,2,0,0.8739124
,3506,3,0,0.69518477
,3507,0,0,0.88470364
,3507,1,0,0.6429452
,3507,2,2,1.0
,3507,3,0,0.6971223
,3508,0,2,1.0
,3508,1,0,0.87276626
,3508,2,0,0.913152
,3508,3,0,0.697501
,3509,0,0,0.90736043
,3509,1,2,1.0
,3509,2,0,0.8845992
,3509,3,0,0.6974483
,3510,0,0,0.7159413
,3510,1,0,0.9676765
,3510,2,2,1.0
,3510,3,0,0.6972097
,3511,0,0,0.7136348
,3511,1,2,1.0
,3511,2,0,0.9677028
,3511,3,0,0.6973281
,3512,0,0,0.87592536
,3512,1,0,0.91315454
,3512,2,2,1.0
,3512,3,0,0.6975648
,3513,0,2,1.0
,3513,1,0,0.88460946
,3513,2,0,0.90781015
,3513,3,0,0.69744945
,3514,0,0,0.96769685
,3514,1,2,1.0
,3514,2,0,0.72907025
,3514,3,0,0.6971872
,3515,0,2,1.0
,3515,1,0,0.90733176
,3515,2,0,0.87652075
,3515,3,0,0.6975954
,3516,0,0,0.96767396
,3516,1,0,0.7147551
,3516,2,2,1.0
,3516,3,0,0.69722694
,3517,0,2,1.0
,3517,1,0,0.69893354
,3517,2,0,0.96767974
,3517,3,0,0.6973674
,3518,0,0,0.9676823
,3518,1,0,0.69874436
,3518,2,2,1.0
,3518,3,0,0.6973808
,3519,0,2,1.0
,3519,1,0,0.7122413
,3519,2,0,0.96769404
,3519,3,0,0.6973581
,3520,0,0,0.9073322
,3520,1,0,0.8757797
,3520,2,2,0.9999566
,3520,3,0,0.69761926
,3521,0,0,0.7147465
,3521,1,2,1.0
,3521,2,0,0.96766824
,3521,3,0,0.69722867
,3522,0,0,0.6988313
,3522,1,0,0.9676795
,3522,2,2,1.0
,3522,3,0,0.69736874
,3523,0,0,0.69751185
,3523,1,2,1.0
,3523,2,0,0.96767974
,3523,3,0,0.69738966
,3524,0,0,0.69740224
,3524,1,0,0.96767986
,3524,2,2,1.0
,3524,3,0,0.69739205
,3525,0,0,0.6973932
,3525,1,2,1.0
,3525,2,0,0.96768
,3525,3,0,0.69739234
,3526,0,0,0.6973938
,3526,1,0,0.96767986
,3526,2,2,1.0
,3526,3,0,0.6973936
,3527,0,0,0.697409
,3527,1,2,1.0
,3527,2,0,0.9676795
,3527,3,0,0.6974083
,3528,0,0,0.69757843
,3528,1,0,0.9676599
,3528,2,2,1.0
,3528,3,0,0.6975697
,3529,0,0,0.69890374
,3529,1,2,1.0
,3529,2,0,0.778002
,3529,3,0,0.6987991
,3530,0,0,0.6940893
,3530,1,0,0.96758485
,3530,2,3,1.0
,3530,3,0,0.6928385
,3531,0,0,0.71205264
,3531,1,2,1.0
,3531,2,0,0.508069
,3531,3,0,0.6971831
,3532,0,0,0.87559754
,3532,1,0,0.90788466
,3532,2,3,0.70702755
,3532,3,0,0.69757146
,3533,0,2,1.0
,3533,1,0,0.7304356
,3533,2,1,0.5074387
,3533,3,0,0.69847846
,3534,0,0,0.9072678
,3534,1,0,0.8741152
,3534,2,3,1.0
,3534,3,0,0.69402456
,3535,0,0,0.7179344
,3535,1,2,1.0
,3535,2,1,0.6267459
,3535,3,0,0.7002118
,3536,0,0,0.72975284
,3536,1,0,0.94960046
,3536,2,3,1.0
,3536,3,0,0.728354
,3537,0,0,0.5847431
,3537,1,2,1.0
,3537,2,1,0.7051693
,3537,3,0,0.5845957
,3538,0,0,0.68343973
,3538,1,0,0.9675591
,3538,2,2,0.9999838
,3538,3,0,0.6834273
,3539,0,0,0.69616014
,3539,1,2,1.0
,3539,2,0,0.96767515
,3539,3,0,0.6961583
,3540,0,0,0.69747216
,3540,1,0,0.96765965
,3540,2,2,1.0
,3540,3,0,0.69746333
,3541,0,0,0.6988746
,3541,1,2,1.0
,3541,2,0,0.7779703
,3541,3,0,0.6987701
,3542,0,0,0.6941354
,3542,1,0,0.96748227
,3542,2,3,1.0
,3542,3,0,0.69288665
,3543,0,0,0.7120485
,3543,1,2,0.99945194
,3543,2,0,0.8369818
,3543,3,0,0.6972017
,3544,0,0,0.8756298
,3544,1,0,0.9075612
,3544,2,2,1.0
,3544,3,0,0.6978698
,3545,0,2,1.0
,3545,1,0,0.7254192
,3545,2,0,0.7776951
,3545,3,0,0.7014267
,3546,0,0,0.921145
,3546,1,0,0.81187445
,3546,2,3,1.0
,3546,3,0,0.7287613
,3547,0,0,0.61722744
,3547,1,2,1.0
,3547,2,1,0.7087147
,3547,3,0,0.5795917
,3548,0,0,0.8692874
,3548,1,0,0.90756327
,3548,2,2,1.0
,3548,3,0,0.68354833
,3549,0,2,1.0
,3549,1,0,0.72895074
,3549,2,0,0.9676938
,3549,3,0,0.69591767
,3550,0,0,0.90733135
,3550,1,0,0.8765147
,3550,2,2,1.0
,3550,3,0,0.6974879
,3551,0,0,0.71474683
,3551,1,2,1.0
,3551,2,0,0.96767396
,3551,3,0,0.6972181
,3552,0,0,0.6988315
,3552,1,0,0.9676795
,3552,2,2,1.0
,3552,3,0,0.6973679
,3553,0,0,0.69751257
,3553,1,2,1.0
,3553,2,0,0.96767974
,3553,3,0,0.69738966
,3554,0,0,0.6974119
,3554,1,0,0.96767986
,3554,2,2,1.0
,3554,3,0,0.6973928
,3555,0,0,0.6975085
,3555,1,2,1.0
,3555,2,0,0.96767974
,3555,3,0,0.69740283
,3556,0,0,0.6987678
,3556,1,0,0.9676668
,3556,2,2,1.0
,3556,3,0,0.6975125
,3557,0,0,0.7133859
,3557,1,2,1.0
,3557,2,0,0.7771491
,3557,3,0,0.6983524
,3558,0,0,0.8741961
,3558,1,0,0.90758693
,3558,2,3,1.0
,3558,3,0,0.69434965
,3559,0,2,1.0
,3559,1,0,0.7292298
,3559,2,0,0.83687997
,3559,3,0,0.6971136
,3560,0,0,0.90732366
,3560,1,0,0.8764621
,3560,2,2,0.99999475
,3560,3,0,0.69746536
,3561,0,0,0.71474326
,3561,1,2,1.0
,3561,2,0,0.9675649
,3561,3,0,0.6972131
,3562,0,0,0.69883174
,3562,1,0,0.9676795
,3562,2,2,0.99943703
,3562,3,0,0.6973674
,3563,0,0,0.6975203
,3563,1,2,1.0
,3563,2,0,0.9676062
,3563,3,0,0.69738954
,3564,0,0,0.6975047
,3564,1,0,0.9676801
,3564,2,2,1.0
,3564,3,0,0.6973907
,3565,0,0,0.69862634
,3565,1,2,1.0
,3565,2,0,0.9676823
,3565,3,0,0.6973828
,3566,0,0,0.71223676
,3566,1,0,0.96770304
,3566,2,2,1.0
,3566,3,0,0.6973521
,3567,0,0,0.8758614
,3567,1,2,1.0
,3567,2,0,0.91302764
,3567,3,0,0.69756615
,3568,0,2,1.0
,3568,1,0,0.91314703
,3568,2,0,0.880897
,3568,3,0,0.6974111
,3569,0,0,0.90732104
,3569,1,0,0.88458914
,3569,2,2,0.9909354
,3569,3,0,0.69741786
,3570,0,0,0.714853
,3570,1,2,1.0
,3570,2,0,0.9664872
,3570,3,0,0.6972201
,3571,0,0,0.7000579
,3571,1,0,0.9676818
,3571,2,2,1.0
,3571,3,0,0.69735926
,3572,0,0,0.71233135
,3572,1,2,1.0
,3572,2,0,0.9677007
,3572,3,0,0.69738287
,3573,0,0,0.8755301
,3573,1,0,0.8990407
,3573,2,2,1.0
,3573,3,0,0.69788754
,3574,0,2,1.0
,3574,1,1,0.5285927
,3574,2,0,0.9136182
,3574,3,0,0.69788975
,3575,0,0,0.9129322
,3575,1,3,1.0
,3575,2,0,0.88300663
,3575,3,0,0.6939218
,3576,0,0,0.88471186
,3576,1,0,0.6429543
,3576,2,2,1.0
,3576,3,0,0.69704443
,3577,0,2,1.0
,3577,1,0,0.8726929
,3577,2,0,0.9078199
,3577,3,0,0.69764113
,3578,0,0,0.9676988
,3578,1,2,1.0
,3578,2,0,0.72906417
,3578,3,0,0.6984183
,3579,0,2,1.0
,3579,1,0,0.9073075
,3579,2,0,0.876616
,3579,3,0,0.7124349
,3580,0,0,0.9131454
,3580,1,0,0.7149455
,3580,2,2,1.0
,3580,3,0,0.87578136
,3581,0,0,0.8845933
,3581,1,0,0.6990485
,3581,2,0,0.9073359
,3581,3,2,1.0
,3582,0,2,1.0
,3582,1,0,0.69909686
,3582,2,0,0.7152069
,3582,3,0,0.96763605
,3583,0,0,0.9095526
,3583,1,0,0.7170423
,3583,2,0,0.7031136
,3583,3,2,1.0
,3584,0,0,0.7170831
,3584,1,0,0.8688634
,3584,2,0,0.68576443
,3584,3,2,1.0
,3585,0,0,0.8758926
,3585,1,2,1.0
,3585,2,0,0.7110541
,3585,3,0,0.90728384
,3586,0,2,1.0
,3586,1,0,0.913147
,3586,2,0,0.8757182
,3586,3,0,0.7149171
,3587,0,0,0.91314435
,3587,1,0,0.88467675
,3587,2,2,1.0
,3587,3,0,0.69884235
,3588,0,0,0.8846835
,3588,1,2,1.0
,3588,2,0,0.913145
,3588,3,0,0.6975159
,3589,0,2,1.0
,3589,1,0,0.9131451
,3589,2,0,0.884684
,3589,3,0,0.69743353
,3590,0,0,0.913145
,3590,1,0,0.88468623
,3590,2,2,0.99999976
,3590,3,0,0.6977583
,3591,0,0,0.88470393
,3591,1,2,1.0
,3591,2,0,0.9112403
,3591,3,0,0.70177674
,3592,0,2,0.9999956
,3592,1,0,0.920212
,3592,2,0,0.8296069
,3592,3,0,0.7500692
,3593,0,0,0.56760293
,3593,1,0,0.60555434
,3593,2,2,1.0
,3593,3,0,0.81019896
,3594,0,0,0.8681049
,3594,1,0,0.68890595
,3594,2,0,0.90718615
,3594,3,2,1.0
,3595,0,2,1.0
,3595,1,0,0.71121085
,3595,2,0,0.7146458
,3595,3,0,0.96769565
,3596,0,0,0.9131491
,3596,1,0,0.8758087
,3596,2,0,0.6990862
,3596,3,2,1.0
,3597,0,0,0.8844201
,3597,1,2,1.0
,3597,2,0,0.69855624
,3597,3,0,0.9077118
,3598,0,2,1.0
,3598,1,0,0.91128385
,3598,2,0,0.7069844
,3598,3,0,0.7241633
,3599,0,2,1.0
,3599,1,0,0.75094026
,3599,2,0,0.73409796
,3599,3,0,0.73545796
,3600,0,2,1.0
,3600,1,0,0.6032357
,3600,2,0,0.5935961
,3600,3,0,0.593745
,3601,0,2,1.0
,3601,1,0,0.6376583
,3601,2,0,0.56474334
,3601,3,0,0.56475973
,3602,0,0,0.7813355
,3602,1,2,1.0
,3602,2,0,0.527999
,3602,3,0,0.52800095
,3603,0,2,1.0
,3603,1,0,0.9675897
,3603,2,0,0.67976785
,3603,3,0,0.6797679
,3604,0,0,0.9676785
,3604,1,2,1.0
,3604,2,0,0.69586515
,3604,3,0,0.69586456
,3605,0,2,1.0
,3605,1,0,0.96767986
,3605,2,0,0.6972737
,3605,3,0,0.6972651
,3606,0,0,0.9676796
,3606,1,2,1.0
,3606,2,0,0.6974873
,3606,3,0,0.69738394
,3607,0,2,1.0
,3607,1,0,0.95588666
,3607,2,0,0.69864565
,3607,3,0,0.697409
,3608,0,0,0.9676988
,3608,1,2,0.9387089
,3608,2,0,0.7121447
,3608,3,0,0.6973319
,3609,0,2,1.0
,3609,1,0,0.8809721
,3609,2,0,0.87552446
,3609,3,0,0.69811267
,3610,0,0,0.90942395
,3610,1,1,0.5302524
,3610,2,2,1.0
,3610,3,0,0.70070267
,3611,0,0,0.760868
,3611,1,3,1.0
,3611,2,0,0.9501093
,3611,3,0,0.72721565
,3612,0,0,0.7960266
,3612,1,1,0.8761369
,3612,2,2,1.0
,3612,3,0,0.5865253
,3613,0,2,0.96654725
,3613,1,0,0.6471718
,3613,2,0,0.967626
,3613,3,0,0.68602157
,3614,0,0,0.96328133
,3614,1,0,0.6933589
,3614,2,2,1.0
,3614,3,0,0.6966017
,3615,0,2,1.0
,3615,1,0,0.6984521
,3615,2,0,0.77800405
,3615,3,0,0.6987223
,3616,0,0,0.9675845
,3616,1,0,0.6928265
,3616,2,3,1.0
,3616,3,0,0.6928493
,3617,0,2,1.0
,3617,1,0,0.6974151
,3617,2,0,0.8367665
,3617,3,0,0.697417
,3618,0,0,0.7782767
,3618,1,0,0.6989019
,3618,2,2,1.0
,3618,3,0,0.6989021
,3619,0,3,1.0
,3619,1,0,0.69382656
,3619,2,0,0.77706623
,3619,3,0,0.6938267
,3620,0,0,0.83385247
,3620,1,0,0.6935033
,3620,2,3,1.0
,3620,3,0,0.6935033
,3621,0,2,1.0
,3621,1,0,0.70020217
,3621,2,1,0.62672305
,3621,3,0,0.70020217
,3622,0,0,0.94958156
,3622,1,0,0.7284319
,3622,2,3,1.0
,3622,3,0,0.7284319
,3623,0,2,1.0
,3623,1,0,0.5848993
,3623,2,1,0.7057296
,3623,3,0,0.5848993
,3624,0,0,0.77762234
,3624,1,0,0.68499535
,3624,2,2,1.0
,3624,3,0,0.68499535
,3625,0,3,1.0
,3625,1,0,0.69567984
,3625,2,0,0.77541524
,3625,3,0,0.69567984
,3626,0,0,0.7237672
,3626,1,0,0.74340415
,3626,2,3,0.9999976
,3626,3,0,0.7434042
,3627,0,2,1.0
,3627,1,0,0.53432477
,3627,2,1,0.98394406
,3627,3,0,0.53432626
,3628,0,0,0.94866306
,3628,1,0,0.71353126
,3628,2,2,0.94284296
,3628,3,0,0.7135464
,3629,0,2,1.0
,3629,1,0,0.58007824
,3629,2,1,0.7088758
,3629,3,0,0.58024853
,3630,0,0,0.9674583
,3630,1,0,0.676389
,3630,2,3,1.0
,3630,3,0,0.6781712
,3631,0,2,1.0
,3631,1,0,0.675468
,3631,2,0,0.8364822
,3631,3,0,0.6961699
,3632,0,0,0.9077853
,3632,1,1,0.5493137
,3632,2,2,1.0
,3632,3,0,0.69791865
,3633,0,0,0.7110964
,3633,1,3,1.0
,3633,2,0,0.9676009
,3633,3,0,0.6933776
,3634,0,0,0.6987445
,3634,1,0,0.83687323
,3634,2,2,1.0
,3634,3,0,0.69725734
,3635,0,0,0.6974492
,3635,1,2,1.0
,3635,2,0,0.9676756
,3635,3,0,0.69722205
,3636,0,0,0.6986179
,3636,1,0,0.9676822
,3636,2,2,1.0
,3636,3,0,0.69736606
,3637,0,0,0.7122297
,3637,1,2,1.0
,3637,2,0,0.9677024
,3637,3,0,0.6973601
,3638,0,0,0.87576056
,3638,1,0,0.9066574
,3638,2,2,1.0
,3638,3,0,0.6976539
,3639,0,2,1.0
,3639,1,0,0.6949676
,3639,2,0,0.9676078
,3639,3,0,0.69745463
,3640,0,0,0.91362375
,3640,1,1,0.547673
,3640,2,2,1.0
,3640,3,0,0.69805723
,3641,0,0,0.8830245
,3641,1,3,1.0
,3641,2,0,0.9129358
,3641,3,0,0.6940007
,3642,0,2,1.0
,3642,1,0,0.62641567
,3642,2,0,0.88462645
,3642,3,0,0.69707835
,3643,0,0,0.9676787
,3643,1,0,0.6914104
,3643,2,2,0.99999976
,3643,3,0,0.697311
,3644,0,2,1.0
,3644,1,0,0.69689465
,3644,2,0,0.96768
,3644,3,0,0.6973872
,3645,0,0,0.96767986
,3645,1,0,0.69735295
,3645,2,2,1.0
,3645,3,0,0.6973938
,3646,0,2,1.0
,3646,1,0,0.6974129
,3646,2,0,0.9676795
,3646,3,0,0.6974123
,3647,0,0,0.96765876
,3647,1,0,0.697665
,3647,2,2,1.0
,3647,3,0,0.69761676
,3648,0,2,1.0
,3648,1,0,0.6999003
,3648,2,0,0.77826715
,3648,3,0,0.69931895
,3649,0,0,0.7770888
,3649,1,0,0.70379585
,3649,2,3,1.0
,3649,3,0,0.69684577
,3650,0,3,1.0
,3650,1,0,0.81075954
,3650,2,0,0.659311
,3650,3,0,0.72832906
,3651,0,1,0.71039504
,3651,1,2,1.0
,3651,2,0,0.5501546
,3651,3,0,0.58137566
,3652,0,2,1.0
,3652,1,0,0.90863603
,3652,2,1,0.5677099
,3652,3,0,0.6856608
,3653,0,0,0.9483068
,3653,1,0,0.7460781
,3653,2,3,1.0
,3653,3,0,0.7285107
,3654,0,2,1.0
,3654,1,0,0.5842526
,3654,2,1,0.9532621
,3654,3,0,0.5823721
,3655,0,0,0.9482265
,3655,1,0,0.717034
,3655,2,3,1.0
,3655,3,0,0.7167176
,3656,0,2,1.0
,3656,1,0,0.5828575
,3656,2,1,0.9532914
,3656,3,0,0.5809456
,3657,0,0,0.949956
,3657,1,0,0.734139
,3657,2,3,1.0
,3657,3,0,0.71427566
,3658,0,2,1.0
,3658,1,0,0.8099298
,3658,2,1,0.87617993
,3658,3,0,0.58505434
,3659,0,0,0.96762633
,3659,1,2,1.0
,3659,2,0,0.64726007
,3659,3,0,0.68587947
,3660,0,2,1.0
,3660,1,0,0.96768206
,3660,2,0,0.6944211
,3660,3,0,0.6964025
,3661,0,0,0.96770316
,3661,1,2,1.0
,3661,2,0,0.71189684
,3661,3,0,0.69727147
,3662,0,2,1.0
,3662,1,0,0.9131564
,3662,2,0,0.875851
,3662,3,0,0.69755584
,3663,0,0,0.91314316
,3663,1,0,0.8846802
,3663,2,2,1.0
,3663,3,0,0.6974088
,3664,0,0,0.8846111
,3664,1,2,1.0
,3664,2,0,0.9078104
,3664,3,0,0.69744915
,3665,0,2,1.0
,3665,1,0,0.96769696
,3665,2,0,0.7290708
,3665,3,0,0.69728905
,3666,0,0,0.9073274
,3666,1,2,1.0
,3666,2,0,0.8765305
,3666,3,0,0.69882774
,3667,0,0,0.71472263
,3667,1,0,0.96769685
,3667,2,2,1.0
,3667,3,0,0.7120737
,3668,0,0,0.69915074
,3668,1,2,1.0
,3668,2,0,0.90782166
,3668,3,0,0.87577707
,3669,0,0,0.6985488
,3669,1,0,0.96769893
,3669,2,0,0.7290685
,3669,3,2,1.0
,3670,0,0,0.7124456
,3670,1,2,1.0
,3670,2,0,0.87661624
,3670,3,0,0.9073071
,3671,0,0,0.8757821
,3671,1,0,0.91314566
,3671,2,2,1.0
,3671,3,0,0.7149323
,3672,0,2,1.0
,3672,1,0,0.8846041
,3672,2,0,0.90780973
,3672,3,0,0.69888914
,3673,0,0,0.9676974
,3673,1,2,1.0
,3673,2,0,0.7290748
,3673,3,0,0.69730014
,3674,0,2,1.0
,3674,1,0,0.9131558
,3674,2,0,0.8766068
,3674,3,0,0.69754773
,3675,0,0,0.9131449
,3675,1,0,0.8846824
,3675,2,2,1.0
,3675,3,0,0.69740283
,3676,0,0,0.8846839
,3676,1,2,1.0
,3676,2,0,0.9131452
,3676,3,0,0.6974024
,3677,0,2,1.0
,3677,1,0,0.9131451
,3677,2,0,0.8846846
,3677,3,0,0.6974962
,3678,0,0,0.91314346
,3678,1,0,0.88469046
,3678,2,2,1.0
,3678,3,0,0.69863266
,3679,0,0,0.8846993
,3679,1,2,1.0
,3679,2,0,0.90778875
,3679,3,0,0.7122921
,3680,0,2,1.0
,3680,1,0,0.90779126
,3680,2,0,0.72930026
,3680,3,0,0.87579554
,3681,0,0,0.9073408
,3681,1,0,0.7292863
,3681,2,0,0.8765341
,3681,3,2,1.0
,3682,0,0,0.7161624
,3682,1,0,0.8764485
,3682,2,2,1.0
,3682,3,0,0.9073173
,3683,0,0,0.71347773
,3683,1,2,1.0
,3683,2,0,0.9676971
,3683,3,0,0.7146981
,3684,0,0,0.8759153
,3684,1,0,0.91315585
,3684,2,2,1.0
,3684,3,0,0.6989998
,3685,0,2,0.9999994
,3685,1,0,0.8846819
,3685,2,0,0.91314477
,3685,3,0,0.69752246
,3686,0,0,0.9131449
,3686,1,2,1.0
,3686,2,0,0.8846838
,3686,3,0,0.6974063
,3687,0,0,0.8846818
,3687,1,0,0.9131433
,3687,2,2,1.0
,3687,3,0,0.69742364
,3688,0,2,1.0
,3688,1,0,0.884606
,3688,2,0,0.9074291
,3688,3,0,0.6977238
,3689,0,0,0.96767974
,3689,1,2,1.0
,3689,2,0,0.7179444
,3689,3,0,0.7005278
,3690,0,2,1.0
,3690,1,0,0.9225185
,3690,2,0,0.73844856
,3690,3,0,0.7371051
